time,COR_Status,Controller_Mode,EStop_State,Machine_Mode,avail,dev_asset_chg,dev_asset_rem,Block_Number,Current_Tool,Execution,Part_Count,Program_Name_Editing,Program_Name_Running,Machine_Time,Spindle_Time,energy,watt,Feed_Override,Feed_Rate,Program_Runtime_Seconds,Rapid_Override,Rapid_Speed,S_Axis_Load,Spindle_Override,Spindle_Speed,smapeak,smarms,smcrest,smdisp,smvrms,X_Axis_Load,X_Position,xmapeak,xmarms,xmcrest,xmdisp,xmvrms,Y_Axis_Load,Y_Position,ymapeak,ymarms,ymcrest,ymdisp,ymvrms,Z_Axis_Load,Z_Position,zmapeak,zmarms,zmcrest,zmdisp,zmvrms
0.0,1,AUTO,ARMED,4,AVAILABLE,UNAVAILABLE,UNAVAILABLE,0,7,ERROR,11,F1_N2-A3.NC,F1_N2-A3.NC,2077098.662,194564.758,5711.8,2337.4282,100,0.0,9,100,0,0,100,0.0,3479.38,417.987,8.32413,7.16891e-05,0.0240693,0,10.39242143,840.142,45.2234,18.5776,2.33936e-05,0.0068894,0,455.546612,576.411,47.0335,12.2553,4.9116e-05,0.0120592,7,8.56003600593725e-06,192.289,29.148,6.59699,8.91547e-05,0.0189564
0.137758,1,AUTO,ARMED,4,AVAILABLE,UNAVAILABLE,UNAVAILABLE,0,7,ERROR,11,F1_N2-A3.NC,F1_N2-A3.NC,2077098.662,194564.758,5711.8,2337.4282,100,0.0,9,100,0,0,100,0.0,3479.38,417.987,8.32413,7.16891e-05,0.0240693,0,10.39241428,840.142,45.2234,18.5776,2.33936e-05,0.0068894,0,455.5466192,576.411,47.0335,12.2553,4.9116e-05,0.0120592,7,8.56003600593725e-06,192.289,29.148,6.59699,8.91547e-05,0.0189564
0.283638,1,AUTO,ARMED,4,AVAILABLE,UNAVAILABLE,UNAVAILABLE,0,7,ERROR,11,F1_N2-A3.NC,F1_N2-A3.NC,2077098.662,194564.758,5711.8,2337.4282,100,0.0,9,100,0,0,100,0.0,3479.38,417.987,8.32413,7.16891e-05,0.0240693,0,10.39242143,840.142,45.2234,18.5776,2.33936e-05,0.0068894,0,455.5466192,576.411,47.0335,12.2553,4.9116e-05,0.0120592,7,-2.88e-06,192.289,29.148,6.59699,8.91547e-05,0.0189564
0.427256,1,AUTO,ARMED,4,AVAILABLE,UNAVAILABLE,UNAVAILABLE,0,7,ERROR,11,F1_N2-A3.NC,F1_N2-A3.NC,2077098.662,194564.758,5711.8,2337.4282,100,0.0,9,100,0,0,100,0.0,3479.38,417.987,8.32413,7.16891e-05,0.0240693,0,10.39242143,840.142,45.2234,18.5776,2.33936e-05,0.0068894,0,455.5466192,576.411,47.0335,12.2553,4.9116e-05,0.0120592,7,8.56003600593725e-06,192.289,29.148,6.59699,8.91547e-05,0.0189564
0.568058,1,AUTO,ARMED,4,AVAILABLE,UNAVAILABLE,UNAVAILABLE,0,7,ERROR,11,F1_N2-A3.NC,F1_N2-A3.NC,2077098.662,194564.758,5711.8,2337.4282,100,0.0,9,100,0,0,100,0.0,3479.38,417.987,8.32413,7.16891e-05,0.0240693,0,10.39241428,840.142,45.2234,18.5776,2.33936e-05,0.0068894,0,455.5466192,576.411,47.0335,12.2553,4.9116e-05,0.0120592,7,-2.88e-06,192.289,29.148,6.59699,8.91547e-05,0.0189564
0.715563,1,AUTO,ARMED,4,AVAILABLE,UNAVAILABLE,UNAVAILABLE,0,7,ERROR,11,F1_N2-A3.NC,F1_N2-A3.NC,2077098.662,194564.758,5711.8,2444.1936,100,0.0,9,100,0,0,100,0.0,3503.38,401.295,8.73019,4.29394e-05,0.0210197,0,10.39242143,816.139,43.8764,18.6009,2.98819e-05,0.0093038,0,455.5466192,552.394,48.4732,11.3959,6.07877e-05,0.0192192,7,8.56003600593725e-06,192.288,29.0846,6.61133,5.50398e-05,0.0153579
0.853776,1,AUTO,ARMED,4,AVAILABLE,UNAVAILABLE,UNAVAILABLE,0,7,ERROR,11,F1_N2-A3.NC,F1_N2-A3.NC,2077098.662,194564.758,5711.8,2444.1936,100,0.0,9,100,0,0,100,0.0,3503.38,401.295,8.73019,4.29394e-05,0.0210197,0,10.39242143,816.139,43.8764,18.6009,2.98819e-05,0.0093038,0,455.5466192,552.394,48.4732,11.3959,6.07877e-05,0.0192192,7,-2.88e-06,192.288,29.0846,6.61133,5.50398e-05,0.0153579
0.998739,1,AUTO,ARMED,4,AVAILABLE,UNAVAILABLE,UNAVAILABLE,0,7,ERROR,11,F1_N2-A3.NC,F1_N2-A3.NC,2077098.662,194564.758,5711.8,2444.1936,100,0.0,9,100,0,0,100,0.0,3503.38,401.295,8.73019,4.29394e-05,0.0210197,0,10.39242143,816.139,43.8764,18.6009,2.98819e-05,0.0093038,0,455.5466192,552.394,48.4732,11.3959,6.07877e-05,0.0192192,7,8.56003600593725e-06,192.288,29.0846,6.61133,5.50398e-05,0.0153579
1.143053,1,AUTO,ARMED,5,AVAILABLE,UNAVAILABLE,UNAVAILABLE,0,7,ACTIVE,11,F1_N2-A3.NC,F1_N2-A3.NC,2077098.662,194564.758,5711.8,2444.1936,100,0.0,0,100,0,0,100,0.0,3503.38,401.295,8.73019,4.29394e-05,0.0210197,0,10.39242143,816.139,43.8764,18.6009,2.98819e-05,0.0093038,0,455.5466192,552.394,48.4732,11.3959,6.07877e-05,0.0192192,7,-2.88e-06,192.288,29.0846,6.61133,5.50398e-05,0.0153579
1.295294,1,AUTO,ARMED,5,AVAILABLE,UNAVAILABLE,UNAVAILABLE,0,7,ACTIVE,11,F1_N2-A3.NC,F1_N2-A3.NC,2077098.662,194564.758,5711.8,2444.1936,100,0.0,0,100,0,0,100,0.0,3503.38,401.295,8.73019,4.29394e-05,0.0210197,0,10.39242143,816.139,43.8764,18.6009,2.98819e-05,0.0093038,0,455.5466192,552.394,48.4732,11.3959,6.07877e-05,0.0192192,7,-2.88e-06,192.288,29.0846,6.61133,5.50398e-05,0.0153579
1.447303,1,AUTO,ARMED,5,AVAILABLE,UNAVAILABLE,UNAVAILABLE,4,7,ACTIVE,11,F1_N2-A3.NC,F1_N2-A3.NC,2077098.662,194564.758,5711.8,2444.1936,100,0.0,0,100,0,0,100,0.0,3503.38,401.295,8.73019,4.29394e-05,0.0210197,0,10.39242143,816.139,43.8764,18.6009,2.98819e-05,0.0093038,0,455.5466192,552.394,48.4732,11.3959,6.07877e-05,0.0192192,7,8.56003600593725e-06,192.288,29.0846,6.61133,5.50398e-05,0.0153579
1.594873,1,AUTO,ARMED,5,AVAILABLE,UNAVAILABLE,UNAVAILABLE,6,7,ACTIVE,11,F1_N2-A3.NC,F1_N2-A3.NC,2077098.662,194564.758,5711.8,2444.1936,100,0.0,0,100,0,0,100,0.0,3503.38,401.295,8.73019,4.29394e-05,0.0210197,0,10.39242143,816.139,43.8764,18.6009,2.98819e-05,0.0093038,0,455.5466192,552.394,48.4732,11.3959,6.07877e-05,0.0192192,1,-0.062020802,192.288,29.0846,6.61133,5.50398e-05,0.0153579
1.737526,1,AUTO,ARMED,5,AVAILABLE,UNAVAILABLE,UNAVAILABLE,6,7,ACTIVE,11,F1_N2-A3.NC,F1_N2-A3.NC,2077098.662,194564.758,5711.8,2444.1936,100,364.4833,0,100,0,0,100,0.0,55142.2,750.412,73.4826,0.000189782,0.229211,0,10.39242143,117524.0,11538.5,10.1854,0.00800339,2.49721,0,455.5472507,6580.7,1082.94,6.0767,0.000132743,0.27705,1,-34.38754645,142126.0,223.625,635.555,0.000311933,0.101415
1.875911,1,AUTO,ARMED,5,AVAILABLE,UNAVAILABLE,UNAVAILABLE,6,7,ACTIVE,11,F1_N2-A3.NC,F1_N2-A3.NC,2077098.662,194564.758,5711.8,2784.957,100,101.25,0,100,0,0,100,0.0,55142.2,750.412,73.4826,0.000189782,0.229211,0,10.39241428,117524.0,11538.5,10.1854,0.00800339,2.49721,0,455.5465713,6580.7,1082.94,6.0767,0.000132743,0.27705,1,-69.25430647,142126.0,223.625,635.555,0.000311933,0.101415
2.016298,1,AUTO,ARMED,5,AVAILABLE,UNAVAILABLE,UNAVAILABLE,7,7,ACTIVE,11,F1_N2-A3.NC,F1_N2-A3.NC,2077098.662,194564.758,5711.8,2784.957,100,166.1,0,100,0,0,100,0.0,55142.2,750.412,73.4826,0.000189782,0.229211,6,23.96427029,117524.0,11538.5,10.1854,0.00800339,2.49721,2,450.6893151,6580.7,1082.94,6.0767,0.000132743,0.27705,6,-80.80536521,142126.0,223.625,635.555,0.000311933,0.101415
2.170011,1,AUTO,ARMED,5,AVAILABLE,UNAVAILABLE,UNAVAILABLE,7,7,ACTIVE,11,F1_N2-A3.NC,F1_N2-A3.NC,2077098.662,194564.758,5711.8,2784.957,100,359.8333,0,100,0,0,100,0.0,55142.2,750.412,73.4826,0.000189782,0.229211,6,55.28108449,117524.0,11538.5,10.1854,0.00800339,2.49721,2,439.4820096,6580.7,1082.94,6.0767,0.000132743,0.27705,6,-80.80720743,142126.0,223.625,635.555,0.000311933,0.101415
2.315957,1,AUTO,ARMED,5,AVAILABLE,UNAVAILABLE,UNAVAILABLE,7,7,ACTIVE,11,F1_N2-A3.NC,F1_N2-A3.NC,2077098.662,194564.758,5711.8,2784.957,100,399.75,1,100,0,0,100,0.0,55142.2,750.412,73.4826,0.000189782,0.229211,3,132.6604197,117524.0,11538.5,10.1854,0.00800339,2.49721,1,411.7908304,6580.7,1082.94,6.0767,0.000132743,0.27705,5,-80.80718455,142126.0,223.625,635.555,0.000311933,0.101415
2.464834,1,AUTO,ARMED,5,AVAILABLE,UNAVAILABLE,UNAVAILABLE,7,7,ACTIVE,11,F1_N2-A3.NC,F1_N2-A3.NC,2077098.662,194564.758,5711.8,2784.957,100,400.0,1,100,0,0,100,0.0,55142.2,750.412,73.4826,0.000189782,0.229211,1,171.3566541,117524.0,11538.5,10.1854,0.00800339,2.49721,1,397.9418995,6580.7,1082.94,6.0767,0.000132743,0.27705,6,-80.80712734,142126.0,223.625,635.555,0.000311933,0.101415
2.609801,1,AUTO,ARMED,5,AVAILABLE,UNAVAILABLE,UNAVAILABLE,7,7,ACTIVE,11,F1_N2-A3.NC,F1_N2-A3.NC,2077098.662,194564.758,5711.8,2784.957,100,400.0,1,100,0,0,100,0.0,55142.2,750.412,73.4826,0.000189782,0.229211,1,287.7287833,117524.0,11538.5,10.1854,0.00800339,2.49721,1,356.2960483,6580.7,1082.94,6.0767,0.000132743,0.27705,6,-80.80709301,142126.0,223.625,635.555,0.000311933,0.101415
2.757397,1,AUTO,ARMED,5,AVAILABLE,UNAVAILABLE,UNAVAILABLE,7,7,ACTIVE,11,F1_N2-A3.NC,F1_N2-A3.NC,2077098.662,194564.758,5711.8,2784.957,100,400.0,1,100,0,0,100,0.0,55142.2,750.412,73.4826,0.000189782,0.229211,1,326.6138763,117524.0,11538.5,10.1854,0.00800339,2.49721,1,342.3806244,6580.7,1082.94,6.0767,0.000132743,0.27705,6,-80.80702435,142126.0,223.625,635.555,0.000311933,0.101415
2.900684,1,AUTO,ARMED,5,AVAILABLE,UNAVAILABLE,UNAVAILABLE,7,7,ACTIVE,11,F1_N2-A3.NC,F1_N2-A3.NC,2077098.662,194564.758,5711.8,2273.106,100,400.0,1,100,0,0,100,0.0,4943.12,480.769,10.2817,0.0011208,0.342762,1,365.3104743,130799.0,12025.8,10.8765,0.00348972,1.56606,1,328.5313735,7133.09,2495.13,2.8588,0.000185513,0.618833,6,-80.80701291,1297.95,248.8,5.21684,0.000142491,0.0796838
3.045917,1,AUTO,ARMED,5,AVAILABLE,UNAVAILABLE,UNAVAILABLE,7,7,ACTIVE,11,F1_N2-A3.NC,F1_N2-A3.NC,2077098.662,194564.758,5711.8,2273.106,100,400.0,1,100,0,0,100,0.0,4943.12,480.769,10.2817,0.0011208,0.342762,1,423.4972479,130799.0,12025.8,10.8765,0.00348972,1.56606,0,307.708038,7133.09,2495.13,2.8588,0.000185513,0.618833,6,-80.80702435,1297.95,248.8,5.21684,0.000142491,0.0796838
3.186331,1,AUTO,ARMED,5,AVAILABLE,UNAVAILABLE,UNAVAILABLE,7,7,ACTIVE,11,F1_N2-A3.NC,F1_N2-A3.NC,2077098.662,194564.758,5711.8,2273.106,100,400.0,2,100,0,0,100,0.0,4943.12,480.769,10.2817,0.0011208,0.342762,1,462.2876026,130799.0,12025.8,10.8765,0.00348972,1.56606,0,293.826118,7133.09,2495.13,2.8588,0.000185513,0.618833,6,-80.80701291,1297.95,248.8,5.21684,0.000142491,0.0796838
3.328731,1,AUTO,ARMED,5,AVAILABLE,UNAVAILABLE,UNAVAILABLE,7,7,ACTIVE,11,F1_N2-A3.NC,F1_N2-A3.NC,2077098.662,194564.758,5711.8,2273.106,100,399.6167,2,100,0,0,100,0.0,4943.12,480.769,10.2817,0.0011208,0.342762,1,530.8615938,130799.0,12025.8,10.8765,0.00348972,1.56606,0,269.2851234,7133.09,2495.13,2.8588,0.000185513,0.618833,6,-80.80700147,1297.95,248.8,5.21684,0.000142491,0.0796838
3.473869,1,AUTO,ARMED,5,AVAILABLE,UNAVAILABLE,UNAVAILABLE,7,7,ACTIVE,11,F1_N2-A3.NC,F1_N2-A3.NC,2077098.662,194564.758,5711.8,2273.106,100,170.8333,2,100,0,0,100,0.0,4943.12,480.769,10.2817,0.0011208,0.342762,0,536.2320315,130799.0,12025.8,10.8765,0.00348972,1.56606,0,267.3643656,7133.09,2495.13,2.8588,0.000185513,0.618833,6,-80.80701291,1297.95,248.8,5.21684,0.000142491,0.0796838
3.614253,1,AUTO,ARMED,5,AVAILABLE,UNAVAILABLE,UNAVAILABLE,8,7,ACTIVE,11,F1_N2-A3.NC,F1_N2-A3.NC,2077098.662,194564.758,5711.8,2273.106,100,113.8833,2,100,0,0,100,0.0,4943.12,480.769,10.2817,0.0011208,0.342762,0,536.2615211,130799.0,12025.8,10.8765,0.00348972,1.56606,0,267.3531085,7133.09,2495.13,2.8588,0.000185513,0.618833,6,-80.82637339,1297.95,248.8,5.21684,0.000142491,0.0796838
3.755242,1,AUTO,ARMED,5,AVAILABLE,UNAVAILABLE,UNAVAILABLE,8,7,ACTIVE,11,F1_N2-A3.NC,F1_N2-A3.NC,2077098.662,194564.758,5711.8,2273.106,100,368.2,2,100,0,0,100,0.0,4943.12,480.769,10.2817,0.0011208,0.342762,0,536.2625725,130799.0,12025.8,10.8765,0.00348972,1.56606,0,267.3527652,7133.09,2495.13,2.8588,0.000185513,0.618833,3,-118.923938,1297.95,248.8,5.21684,0.000142491,0.0796838
3.900589,1,AUTO,ARMED,5,AVAILABLE,UNAVAILABLE,UNAVAILABLE,8,7,ACTIVE,11,F1_N2-A3.NC,F1_N2-A3.NC,2077098.662,194564.758,5711.8,2273.106,100,378.8,2,100,0,0,100,0.0,60661.2,5050.17,12.0117,0.000912228,0.282206,0,536.2625582,3504.6,85.0431,41.2097,0.000318076,0.0721694,0,267.3527581,840.599,56.2166,14.9529,0.000186489,0.0354803,2,-159.9982519,2187.28,41.4976,52.7086,0.000951719,0.152618
4.042036,1,AUTO,ARMED,5,AVAILABLE,UNAVAILABLE,UNAVAILABLE,8,7,ACTIVE,11,F1_N2-A3.NC,F1_N2-A3.NC,2077098.662,194564.758,5711.8,2590.2861,100,378.8,2,100,0,0,100,0.0,60661.2,5050.17,12.0117,0.000912228,0.282206,0,536.2625367,3504.6,85.0431,41.2097,0.000318076,0.0721694,0,267.3527867,840.599,56.2166,14.9529,0.000186489,0.0354803,2,-201.0956952,2187.28,41.4976,52.7086,0.000951719,0.152618
4.183624,1,AUTO,ARMED,5,AVAILABLE,UNAVAILABLE,UNAVAILABLE,8,7,ACTIVE,11,F1_N2-A3.NC,F1_N2-A3.NC,2077098.662,194564.758,5711.8,2590.2861,100,400.0,2,100,0,0,100,0.0,60661.2,5050.17,12.0117,0.000912228,0.282206,0,536.2625153,3504.6,85.0431,41.2097,0.000318076,0.0721694,0,267.352801,840.599,56.2166,14.9529,0.000186489,0.0354803,3,-283.2925169,2187.28,41.4976,52.7086,0.000951719,0.152618
4.345922,1,AUTO,ARMED,5,AVAILABLE,UNAVAILABLE,UNAVAILABLE,8,7,ACTIVE,11,F1_N2-A3.NC,F1_N2-A3.NC,2077098.662,194564.758,5711.8,2590.2861,100,248.2667,3,100,0,0,100,0.0,60661.2,5050.17,12.0117,0.000912228,0.282206,0,536.2625081,3504.6,85.0431,41.2097,0.000318076,0.0721694,0,267.3527867,840.599,56.2166,14.9529,0.000186489,0.0354803,3,-307.7886215,2187.28,41.4976,52.7086,0.000951719,0.152618
4.492916,1,AUTO,ARMED,5,AVAILABLE,UNAVAILABLE,UNAVAILABLE,9,7,ACTIVE,11,F1_N2-A3.NC,F1_N2-A3.NC,2077098.662,194564.758,5711.8,2590.2861,100,29.68333,3,100,0,0,100,0.0,60661.2,5050.17,12.0117,0.000912228,0.282206,0,536.2625153,3504.6,85.0431,41.2097,0.000318076,0.0721694,0,267.3527938,840.599,56.2166,14.9529,0.000186489,0.0354803,13,-309.5380258,2187.28,41.4976,52.7086,0.000951719,0.152618
4.64378,1,AUTO,ARMED,5,AVAILABLE,UNAVAILABLE,UNAVAILABLE,9,7,ACTIVE,11,F1_N2-A3.NC,F1_N2-A3.NC,2077098.662,194564.758,5711.8,2590.2861,100,35.98333,3,100,0,0,100,0.0,60661.2,5050.17,12.0117,0.000912228,0.282206,0,536.2625081,3504.6,85.0431,41.2097,0.000318076,0.0721694,0,267.3527938,840.599,56.2166,14.9529,0.000186489,0.0354803,5,-316.4315098,2187.28,41.4976,52.7086,0.000951719,0.152618
4.79541,1,AUTO,ARMED,5,AVAILABLE,UNAVAILABLE,UNAVAILABLE,9,7,ACTIVE,11,F1_N2-A3.NC,F1_N2-A3.NC,2077098.662,194564.758,5711.8,2590.2861,100,35.98333,3,100,0,0,100,0.0,60661.2,5050.17,12.0117,0.000912228,0.282206,0,536.262501,3504.6,85.0431,41.2097,0.000318076,0.0721694,0,267.3527938,840.599,56.2166,14.9529,0.000186489,0.0354803,5,-323.8349377,2187.28,41.4976,52.7086,0.000951719,0.152618
4.937955,1,AUTO,ARMED,5,AVAILABLE,UNAVAILABLE,UNAVAILABLE,9,7,ACTIVE,11,F1_N2-A3.NC,F1_N2-A3.NC,2077098.662,194564.758,5711.8,2590.2861,100,35.98333,3,100,0,0,100,0.0,7246.71,244.108,29.6865,0.000113345,0.0370785,0,536.262501,2976.52,41.4491,71.8115,2.86859e-05,0.0118522,0,267.352801,408.291,53.4881,7.63331,4.38875e-05,0.0144072,5,-327.5500231,216.326,35.8613,6.0323,0.000136654,0.0307803
5.084513,1,AUTO,ARMED,5,AVAILABLE,UNAVAILABLE,UNAVAILABLE,9,7,ACTIVE,11,F1_N2-A3.NC,F1_N2-A3.NC,2077098.662,194564.758,5711.8,2632.2483,100,35.98333,3,100,0,0,100,0.0,7246.71,244.108,29.6865,0.000113345,0.0370785,0,536.262501,2976.52,41.4491,71.8115,2.86859e-05,0.0118522,0,267.352801,408.291,53.4881,7.63331,4.38875e-05,0.0144072,5,-333.1097546,216.326,35.8613,6.0323,0.000136654,0.0307803
5.224139,1,AUTO,ARMED,5,AVAILABLE,UNAVAILABLE,UNAVAILABLE,9,7,ACTIVE,11,F1_N2-A3.NC,F1_N2-A3.NC,2077098.662,194564.758,5711.8,2632.2483,100,35.98333,4,100,0,0,100,0.0,7246.71,244.108,29.6865,0.000113345,0.0370785,0,536.2625081,2976.52,41.4491,71.8115,2.86859e-05,0.0118522,0,267.3527938,408.291,53.4881,7.63331,4.38875e-05,0.0144072,5,-340.5223342,216.326,35.8613,6.0323,0.000136654,0.0307803
5.366708,1,AUTO,ARMED,5,AVAILABLE,UNAVAILABLE,UNAVAILABLE,9,7,ACTIVE,11,F1_N2-A3.NC,F1_N2-A3.NC,2077098.662,194564.758,5711.8,2632.2483,100,35.98333,4,100,0,0,100,0.0,7246.71,244.108,29.6865,0.000113345,0.0370785,0,536.262501,2976.52,41.4491,71.8115,2.86859e-05,0.0118522,0,267.352801,408.291,53.4881,7.63331,4.38875e-05,0.0144072,5,-344.2284353,216.326,35.8613,6.0323,0.000136654,0.0307803
5.519572,1,AUTO,ARMED,5,AVAILABLE,UNAVAILABLE,UNAVAILABLE,9,7,ACTIVE,11,F1_N2-A3.NC,F1_N2-A3.NC,2077098.662,194564.758,5711.8,2632.2483,100,35.98333,4,100,0,0,100,0.0,7246.71,244.108,29.6865,0.000113345,0.0370785,0,536.262501,2976.52,41.4491,71.8115,2.86859e-05,0.0118522,0,267.352801,408.291,53.4881,7.63331,4.38875e-05,0.0144072,5,-347.9257814,216.326,35.8613,6.0323,0.000136654,0.0307803
5.679896,1,AUTO,ARMED,5,AVAILABLE,UNAVAILABLE,UNAVAILABLE,9,7,ACTIVE,11,F1_N2-A3.NC,F1_N2-A3.NC,2077098.662,194564.758,5711.8,2632.2483,100,35.98333,4,100,0,0,100,0.0,7246.71,244.108,29.6865,0.000113345,0.0370785,0,536.262501,2976.52,41.4491,71.8115,2.86859e-05,0.0118522,0,267.352801,408.291,53.4881,7.63331,4.38875e-05,0.0144072,5,-351.6409119,216.326,35.8613,6.0323,0.000136654,0.0307803
5.825088,1,AUTO,ARMED,5,AVAILABLE,UNAVAILABLE,UNAVAILABLE,12,7,ACTIVE,11,F1_N2-A3.NC,F1_N2-A3.NC,2077098.662,194564.758,5711.8,2632.2483,100,0.0,4,100,0,0,100,0.0,7246.71,244.108,29.6865,0.000113345,0.0370785,0,536.262501,2976.52,41.4491,71.8115,2.86859e-05,0.0118522,0,267.352801,408.291,53.4881,7.63331,4.38875e-05,0.0144072,5,-353.8566234,216.326,35.8613,6.0323,0.000136654,0.0307803
5.965717,1,AUTO,ARMED,5,AVAILABLE,UNAVAILABLE,UNAVAILABLE,12,7,ACTIVE,11,F1_N2-A3.NC,F1_N2-A3.NC,2077098.662,194564.758,5711.8,2632.2483,100,0.0,4,100,0,5,100,37.40677185,6574.83,244.363,26.906,5.50741e-05,0.0642942,0,536.2625081,3096.53,58.9289,52.5469,5.81823e-05,0.0175371,0,267.352801,504.36,104.441,4.82914,3.0496e-05,0.012338,5,-353.8571727,1538.31,268.9,5.72075,0.000164445,0.0959404
6.115703,1,AUTO,ARMED,5,AVAILABLE,UNAVAILABLE,UNAVAILABLE,12,7,ACTIVE,11,F1_N2-A3.NC,F1_N2-A3.NC,2077098.662,194564.758,5711.8,6597.6099,100,0.0,4,100,0,26,100,355.3018196,6574.83,244.363,26.906,5.50741e-05,0.0642942,0,536.262501,3096.53,58.9289,52.5469,5.81823e-05,0.0175371,0,267.3527938,504.36,104.441,4.82914,3.0496e-05,0.012338,5,-353.8571384,1538.31,268.9,5.72075,0.000164445,0.0959404
6.260972,1,AUTO,ARMED,5,AVAILABLE,UNAVAILABLE,UNAVAILABLE,12,7,ACTIVE,11,F1_N2-A3.NC,F1_N2-A3.NC,2077098.662,194564.758,5711.8,6597.6099,100,0.0,5,100,0,27,100,726.138029,6574.83,244.363,26.906,5.50741e-05,0.0642942,0,536.262501,3096.53,58.9289,52.5469,5.81823e-05,0.0175371,0,267.352801,504.36,104.441,4.82914,3.0496e-05,0.012338,6,-353.857104,1538.31,268.9,5.72075,0.000164445,0.0959404
6.402322,1,AUTO,ARMED,5,AVAILABLE,UNAVAILABLE,UNAVAILABLE,12,7,ACTIVE,11,F1_N2-A3.NC,F1_N2-A3.NC,2077098.662,194564.758,5711.8,6597.6099,100,0.0,5,100,0,30,100,1437.47336,6574.83,244.363,26.906,5.50741e-05,0.0642942,0,536.262501,3096.53,58.9289,52.5469,5.81823e-05,0.0175371,0,267.3527938,504.36,104.441,4.82914,3.0496e-05,0.012338,6,-353.8570468,1538.31,268.9,5.72075,0.000164445,0.0959404
6.547246,1,AUTO,ARMED,5,AVAILABLE,UNAVAILABLE,UNAVAILABLE,12,7,ACTIVE,11,F1_N2-A3.NC,F1_N2-A3.NC,2077098.662,194564.758,5711.8,6597.6099,100,0.0,5,100,0,27,100,2093.4084,6574.83,244.363,26.906,5.50741e-05,0.0642942,0,536.262501,3096.53,58.9289,52.5469,5.81823e-05,0.0175371,0,267.352801,504.36,104.441,4.82914,3.0496e-05,0.012338,6,-353.8570239,1538.31,268.9,5.72075,0.000164445,0.0959404
6.706084,1,AUTO,ARMED,5,AVAILABLE,UNAVAILABLE,UNAVAILABLE,12,7,ACTIVE,11,F1_N2-A3.NC,F1_N2-A3.NC,2077098.662,194564.758,5711.8,6597.6099,100,0.0,5,100,0,17,100,2374.942085,6574.83,244.363,26.906,5.50741e-05,0.0642942,0,536.262501,3096.53,58.9289,52.5469,5.81823e-05,0.0175371,0,267.352801,504.36,104.441,4.82914,3.0496e-05,0.012338,6,-353.8570125,1538.31,268.9,5.72075,0.000164445,0.0959404
6.842779,1,AUTO,ARMED,5,AVAILABLE,UNAVAILABLE,UNAVAILABLE,12,7,ACTIVE,11,F1_N2-A3.NC,F1_N2-A3.NC,2077098.662,194564.758,5711.8,6597.6099,100,0.0,5,100,0,26,100,3204.734972,6574.83,244.363,26.906,5.50741e-05,0.0642942,0,536.2625081,3096.53,58.9289,52.5469,5.81823e-05,0.0175371,0,267.3527938,504.36,104.441,4.82914,3.0496e-05,0.012338,6,-353.8570125,1538.31,268.9,5.72075,0.000164445,0.0959404
6.98227,1,AUTO,ARMED,5,AVAILABLE,UNAVAILABLE,UNAVAILABLE,12,7,ACTIVE,11,F1_N2-A3.NC,F1_N2-A3.NC,2077098.662,194564.758,5711.8,6597.6099,100,0.0,5,100,0,26,100,3529.53386,6574.83,244.363,26.906,5.50741e-05,0.0642942,0,536.262501,3096.53,58.9289,52.5469,5.81823e-05,0.0175371,0,267.352801,504.36,104.441,4.82914,3.0496e-05,0.012338,6,-353.857001,1538.31,268.9,5.72075,0.000164445,0.0959404
7.121947,1,AUTO,ARMED,5,AVAILABLE,UNAVAILABLE,UNAVAILABLE,12,7,ACTIVE,11,F1_N2-A3.NC,F1_N2-A3.NC,2077098.662,194564.758,5711.8,6597.6099,100,0.0,5,100,0,28,100,3845.771222,3335.41,237.042,14.071,0.000295707,0.119835,0,536.2625153,2952.51,79.4213,37.1753,0.000267934,0.109121,0,267.3527938,600.432,105.649,5.68327,0.000161446,0.0770339,6,-353.857001,1562.35,615.558,2.5381,0.000511629,0.310352
7.26174,1,AUTO,ARMED,5,AVAILABLE,UNAVAILABLE,UNAVAILABLE,12,7,ACTIVE,11,F1_N2-A3.NC,F1_N2-A3.NC,2077098.662,194564.758,5711.8,11938.75,100,0.0,6,100,0,31,100,4166.454612,3335.41,237.042,14.071,0.000295707,0.119835,0,536.2624938,2952.51,79.4213,37.1753,0.000267934,0.109121,0,267.3528081,600.432,105.649,5.68327,0.000161446,0.0770339,6,-353.857001,1562.35,615.558,2.5381,0.000511629,0.310352
7.408187,1,AUTO,ARMED,5,AVAILABLE,UNAVAILABLE,UNAVAILABLE,12,7,ACTIVE,11,F1_N2-A3.NC,F1_N2-A3.NC,2077098.662,194564.758,5711.8,11938.75,100,0.0,6,100,0,42,100,4826.628851,3335.41,237.042,14.071,0.000295707,0.119835,0,536.262501,2952.51,79.4213,37.1753,0.000267934,0.109121,0,267.352801,600.432,105.649,5.68327,0.000161446,0.0770339,6,-353.857001,1562.35,615.558,2.5381,0.000511629,0.310352
7.555724,1,AUTO,ARMED,5,AVAILABLE,UNAVAILABLE,UNAVAILABLE,12,7,ACTIVE,11,F1_N2-A3.NC,F1_N2-A3.NC,2077098.662,194564.758,5711.8,11938.75,100,0.0,6,100,0,49,100,5492.791083,3335.41,237.042,14.071,0.000295707,0.119835,0,536.262501,2952.51,79.4213,37.1753,0.000267934,0.109121,0,267.352801,600.432,105.649,5.68327,0.000161446,0.0770339,6,-353.857001,1562.35,615.558,2.5381,0.000511629,0.310352
7.698929,1,AUTO,ARMED,5,AVAILABLE,UNAVAILABLE,UNAVAILABLE,12,7,ACTIVE,11,F1_N2-A3.NC,F1_N2-A3.NC,2077098.662,194564.758,5711.8,11938.75,100,0.0,6,100,0,49,100,5817.552041,3335.41,237.042,14.071,0.000295707,0.119835,0,536.262501,2952.51,79.4213,37.1753,0.000267934,0.109121,0,267.3527938,600.432,105.649,5.68327,0.000161446,0.0770339,6,-353.857001,1562.35,615.558,2.5381,0.000511629,0.310352
7.853633,1,AUTO,ARMED,5,AVAILABLE,UNAVAILABLE,UNAVAILABLE,12,7,ACTIVE,11,F1_N2-A3.NC,F1_N2-A3.NC,2077098.662,194564.758,5711.8,11938.75,100,0.0,6,100,0,64,100,6448.083758,3335.41,237.042,14.071,0.000295707,0.119835,0,536.2624938,2952.51,79.4213,37.1753,0.000267934,0.109121,0,267.352801,600.432,105.649,5.68327,0.000161446,0.0770339,6,-353.857001,1562.35,615.558,2.5381,0.000511629,0.310352
8.000674,1,AUTO,ARMED,5,AVAILABLE,UNAVAILABLE,UNAVAILABLE,12,7,ACTIVE,11,F1_N2-A3.NC,F1_N2-A3.NC,2077098.662,194564.758,5711.8,11938.75,100,0.0,6,100,0,59,100,6592.546307,3335.41,237.042,14.071,0.000295707,0.119835,0,536.2625081,2952.51,79.4213,37.1753,0.000267934,0.109121,0,267.352801,600.432,105.649,5.68327,0.000161446,0.0770339,6,-353.857001,1562.35,615.558,2.5381,0.000511629,0.310352
8.143918,1,AUTO,ARMED,5,AVAILABLE,UNAVAILABLE,UNAVAILABLE,12,7,ACTIVE,11,F1_N2-A3.NC,F1_N2-A3.NC,2077098.662,194564.758,5711.8,11938.75,100,0.0,6,100,0,62,100,6866.593427,1775.68,323.64,5.48659,0.000182838,0.118231,0,536.2624867,3216.56,111.631,28.8142,0.000155493,0.0914145,0,267.3528081,648.463,174.287,3.72066,0.000130702,0.0834108,6,-353.857001,1850.78,632.733,2.92506,0.0003781,0.30679
8.281045,1,AUTO,ARMED,5,AVAILABLE,UNAVAILABLE,UNAVAILABLE,12,7,ACTIVE,11,F1_N2-A3.NC,F1_N2-A3.NC,2077098.662,194564.758,5711.8,11569.2305,100,0.0,7,100,0,59,100,7117.945556,1775.68,323.64,5.48659,0.000182838,0.118231,0,536.2625081,3216.56,111.631,28.8142,0.000155493,0.0914145,0,267.3528153,648.463,174.287,3.72066,0.000130702,0.0834108,6,-353.8570125,1850.78,632.733,2.92506,0.0003781,0.30679
8.420451,1,AUTO,ARMED,5,AVAILABLE,UNAVAILABLE,UNAVAILABLE,12,7,ACTIVE,11,F1_N2-A3.NC,F1_N2-A3.NC,2077098.662,194564.758,5711.8,11569.2305,100,0.0,7,100,0,60,100,7584.309041,1775.68,323.64,5.48659,0.000182838,0.118231,0,536.2624795,3216.56,111.631,28.8142,0.000155493,0.0914145,0,267.3528153,648.463,174.287,3.72066,0.000130702,0.0834108,6,-353.8570125,1850.78,632.733,2.92506,0.0003781,0.30679
8.570585,1,AUTO,ARMED,5,AVAILABLE,UNAVAILABLE,UNAVAILABLE,12,7,ACTIVE,11,F1_N2-A3.NC,F1_N2-A3.NC,2077098.662,194564.758,5711.8,11569.2305,100,0.0,7,100,0,57,100,7992.965798,1775.68,323.64,5.48659,0.000182838,0.118231,0,536.2624938,3216.56,111.631,28.8142,0.000155493,0.0914145,0,267.352801,648.463,174.287,3.72066,0.000130702,0.0834108,6,-353.8570125,1850.78,632.733,2.92506,0.0003781,0.30679
8.715301,1,AUTO,ARMED,5,AVAILABLE,UNAVAILABLE,UNAVAILABLE,12,7,ACTIVE,11,F1_N2-A3.NC,F1_N2-A3.NC,2077098.662,194564.758,5711.8,11569.2305,100,0.0,7,100,0,58,100,8183.478243,1775.68,323.64,5.48659,0.000182838,0.118231,0,536.2624795,3216.56,111.631,28.8142,0.000155493,0.0914145,0,267.3527938,648.463,174.287,3.72066,0.000130702,0.0834108,6,-353.857001,1850.78,632.733,2.92506,0.0003781,0.30679
8.856403,1,AUTO,ARMED,5,AVAILABLE,UNAVAILABLE,UNAVAILABLE,12,7,ACTIVE,11,F1_N2-A3.NC,F1_N2-A3.NC,2077098.662,194564.758,5711.8,11569.2305,100,0.0,7,100,0,56,100,9000.0,1775.68,323.64,5.48659,0.000182838,0.118231,0,536.2625224,3216.56,111.631,28.8142,0.000155493,0.0914145,0,267.3528081,648.463,174.287,3.72066,0.000130702,0.0834108,6,-353.8570125,1850.78,632.733,2.92506,0.0003781,0.30679
9.006099,1,AUTO,ARMED,5,AVAILABLE,UNAVAILABLE,UNAVAILABLE,12,7,ACTIVE,11,F1_N2-A3.NC,F1_N2-A3.NC,2077098.662,194564.758,5711.8,11569.2305,100,0.0,7,100,0,56,100,9000.0,1775.68,323.64,5.48659,0.000182838,0.118231,0,536.2624795,3216.56,111.631,28.8142,0.000155493,0.0914145,0,267.3527938,648.463,174.287,3.72066,0.000130702,0.0834108,6,-353.8569896,1850.78,632.733,2.92506,0.0003781,0.30679
9.161279,1,AUTO,ARMED,5,AVAILABLE,UNAVAILABLE,UNAVAILABLE,12,7,ACTIVE,11,F1_N2-A3.NC,F1_N2-A3.NC,2077098.662,194564.758,5711.8,11569.2305,100,0.0,8,100,0,56,100,9000.0,2519.55,531.425,4.74112,0.000534932,0.474115,0,536.262501,3216.55,95.9537,33.5219,0.000137991,0.0823667,0,267.3527795,960.686,173.241,5.54537,0.000124786,0.064216,6,-353.8569782,1826.75,598.36,3.05293,0.000452516,0.314491
9.305139,1,AUTO,ARMED,5,AVAILABLE,UNAVAILABLE,UNAVAILABLE,12,7,ACTIVE,11,F1_N2-A3.NC,F1_N2-A3.NC,2077098.662,194564.758,5711.8,11569.2305,100,0.0,8,100,0,53,100,9000.0,2519.55,531.425,4.74112,0.000534932,0.474115,0,536.2625081,3216.55,95.9537,33.5219,0.000137991,0.0823667,0,267.3548414,960.686,173.241,5.54537,0.000124786,0.064216,6,-353.8569553,1826.75,598.36,3.05293,0.000452516,0.314491
9.44415,1,AUTO,ARMED,5,AVAILABLE,UNAVAILABLE,UNAVAILABLE,13,7,ACTIVE,11,F1_N2-A3.NC,F1_N2-A3.NC,2077098.662,194564.758,5711.8,2770.4102,100,0.0,8,100,0,6,100,9000.0,2519.55,531.425,4.74112,0.000534932,0.474115,0,536.2624938,3216.55,95.9537,33.5219,0.000137991,0.0823667,0,267.9878044,960.686,173.241,5.54537,0.000124786,0.064216,6,-353.857001,1826.75,598.36,3.05293,0.000452516,0.314491
9.585244,1,AUTO,ARMED,5,AVAILABLE,UNAVAILABLE,UNAVAILABLE,13,7,ACTIVE,11,F1_N2-A3.NC,F1_N2-A3.NC,2077098.662,194564.758,5711.8,2770.4102,100,0.0,8,100,0,14,100,9000.0,2519.55,531.425,4.74112,0.000534932,0.474115,0,536.2625081,3216.55,95.9537,33.5219,0.000137991,0.0823667,0,267.9878187,960.686,173.241,5.54537,0.000124786,0.064216,6,-353.8570125,1826.75,598.36,3.05293,0.000452516,0.314491
9.73614,1,AUTO,ARMED,5,AVAILABLE,UNAVAILABLE,UNAVAILABLE,13,7,ACTIVE,11,F1_N2-A3.NC,F1_N2-A3.NC,2077098.662,194564.758,5711.8,2770.4102,100,0.0,8,100,0,18,100,9000.0,2519.55,531.425,4.74112,0.000534932,0.474115,0,536.2624938,3216.55,95.9537,33.5219,0.000137991,0.0823667,0,267.9878187,960.686,173.241,5.54537,0.000124786,0.064216,6,-353.857001,1826.75,598.36,3.05293,0.000452516,0.314491
9.883307,1,AUTO,ARMED,5,AVAILABLE,UNAVAILABLE,UNAVAILABLE,13,7,ACTIVE,11,F1_N2-A3.NC,F1_N2-A3.NC,2077098.662,194564.758,5711.8,2770.4102,100,0.0,8,100,0,0,100,9000.0,2519.55,531.425,4.74112,0.000534932,0.474115,0,536.2624938,3216.55,95.9537,33.5219,0.000137991,0.0823667,0,267.9878044,960.686,173.241,5.54537,0.000124786,0.064216,6,-353.8570239,1826.75,598.36,3.05293,0.000452516,0.314491
10.025771,1,AUTO,ARMED,5,AVAILABLE,UNAVAILABLE,UNAVAILABLE,13,7,ACTIVE,11,F1_N2-A3.NC,F1_N2-A3.NC,2077098.662,194564.758,5711.8,2770.4102,100,0.0,8,100,0,0,100,9000.0,2519.55,531.425,4.74112,0.000534932,0.474115,0,536.262501,3216.55,95.9537,33.5219,0.000137991,0.0823667,0,267.9877972,960.686,173.241,5.54537,0.000124786,0.064216,6,-353.8569667,1826.75,598.36,3.05293,0.000452516,0.314491
10.182438,1,AUTO,ARMED,5,AVAILABLE,UNAVAILABLE,UNAVAILABLE,13,7,ACTIVE,11,F1_N2-A3.NC,F1_N2-A3.NC,2077098.662,194564.758,5711.8,2770.4102,100,0.0,8,100,0,3,100,9000.0,6598.83,2017.0,3.27161,0.000622584,0.607461,0,536.2624938,12914.2,874.991,14.7592,0.000289664,0.277527,0,267.9878115,3410.44,1311.25,2.60091,0.000174325,0.406782,6,-353.8570239,3389.09,1148.65,2.9505,0.000452792,0.522006
10.330565,1,AUTO,ARMED,5,AVAILABLE,UNAVAILABLE,UNAVAILABLE,13,7,ACTIVE,11,F1_N2-A3.NC,F1_N2-A3.NC,2077098.662,194564.758,5711.8,2770.4102,100,0.0,9,100,0,7,100,9000.0,6598.83,2017.0,3.27161,0.000622584,0.607461,0,536.3340756,12914.2,874.991,14.7592,0.000289664,0.277527,0,267.9877901,3410.44,1311.25,2.60091,0.000174325,0.406782,6,-353.8569667,3389.09,1148.65,2.9505,0.000452792,0.522006
10.469747,1,AUTO,ARMED,5,AVAILABLE,UNAVAILABLE,UNAVAILABLE,14,7,ACTIVE,11,F1_N2-A3.NC,F1_N2-A3.NC,2077098.662,194564.758,5711.8,7477.9053,100,35.98333,9,100,0,8,100,9000.0,6598.83,2017.0,3.27161,0.000622584,0.607461,3,543.0551654,12914.2,874.991,14.7592,0.000289664,0.277527,0,267.9877257,3410.44,1311.25,2.60091,0.000174325,0.406782,6,-353.8571498,3389.09,1148.65,2.9505,0.000452792,0.522006
10.614279,1,AUTO,ARMED,5,AVAILABLE,UNAVAILABLE,UNAVAILABLE,14,7,ACTIVE,11,F1_N2-A3.NC,F1_N2-A3.NC,2077098.662,194564.758,5711.8,7477.9053,100,35.98333,9,100,0,18,100,9000.0,6598.83,2017.0,3.27161,0.000622584,0.607461,1,546.7619034,12914.2,874.991,14.7592,0.000289664,0.277527,0,267.9877686,3410.44,1311.25,2.60091,0.000174325,0.406782,6,-353.8570926,3389.09,1148.65,2.9505,0.000452792,0.522006
10.758811,1,AUTO,ARMED,5,AVAILABLE,UNAVAILABLE,UNAVAILABLE,14,7,ACTIVE,11,F1_N2-A3.NC,F1_N2-A3.NC,2077098.662,194564.758,5711.8,7477.9053,100,35.98333,9,100,0,24,100,9000.0,6598.83,2017.0,3.27161,0.000622584,0.607461,1,550.4591643,12914.2,874.991,14.7592,0.000289664,0.277527,0,267.9877615,3410.44,1311.25,2.60091,0.000174325,0.406782,6,-353.8570583,3389.09,1148.65,2.9505,0.000452792,0.522006
10.904886,1,AUTO,ARMED,5,AVAILABLE,UNAVAILABLE,UNAVAILABLE,14,7,ACTIVE,11,F1_N2-A3.NC,F1_N2-A3.NC,2077098.662,194564.758,5711.8,7477.9053,100,35.98333,9,100,0,26,100,9000.0,6598.83,2017.0,3.27161,0.000622584,0.607461,1,554.1743351,12914.2,874.991,14.7592,0.000289664,0.277527,0,267.9877758,3410.44,1311.25,2.60091,0.000174325,0.406782,6,-353.8570468,3389.09,1148.65,2.9505,0.000452792,0.522006
11.046621,1,AUTO,ARMED,5,AVAILABLE,UNAVAILABLE,UNAVAILABLE,14,7,ACTIVE,11,F1_N2-A3.NC,F1_N2-A3.NC,2077098.662,194564.758,5711.8,7477.9053,100,35.98333,10,100,0,26,100,9000.0,6598.83,2017.0,3.27161,0.000622584,0.607461,1,559.7245829,12914.2,874.991,14.7592,0.000289664,0.277527,0,267.9878115,3410.44,1311.25,2.60091,0.000174325,0.406782,6,-353.8570125,3389.09,1148.65,2.9505,0.000452792,0.522006
11.188783,1,AUTO,ARMED,5,AVAILABLE,UNAVAILABLE,UNAVAILABLE,14,7,ACTIVE,11,F1_N2-A3.NC,F1_N2-A3.NC,2077098.662,194564.758,5711.8,7477.9053,100,35.98333,10,100,0,24,100,9000.0,6742.8,2407.01,2.80132,0.000769079,0.727274,1,563.4313301,13538.3,1009.55,13.4102,0.000317603,0.367998,0,267.9877686,3194.28,1270.44,2.51431,0.000172897,0.364318,6,-353.857001,2716.08,1145.44,2.37121,0.000471249,0.484686
11.36284,1,AUTO,ARMED,5,AVAILABLE,UNAVAILABLE,UNAVAILABLE,14,7,ACTIVE,11,F1_N2-A3.NC,F1_N2-A3.NC,2077098.662,194564.758,5711.8,7477.9053,100,35.98333,10,100,0,21,100,9000.0,6742.8,2407.01,2.80132,0.000769079,0.727274,1,574.5501053,13538.3,1009.55,13.4102,0.000317603,0.367998,0,267.9877758,3194.28,1270.44,2.51431,0.000172897,0.364318,6,-353.8569782,2716.08,1145.44,2.37121,0.000471249,0.484686
11.556478,1,AUTO,ARMED,5,AVAILABLE,UNAVAILABLE,UNAVAILABLE,14,7,ACTIVE,11,F1_N2-A3.NC,F1_N2-A3.NC,2077098.662,194564.758,5711.8,7229.96,100,35.98333,10,100,0,20,100,9000.0,6742.8,2407.01,2.80132,0.000769079,0.727274,1,578.2652281,13538.3,1009.55,13.4102,0.000317603,0.367998,0,267.9878187,3194.28,1270.44,2.51431,0.000172897,0.364318,6,-353.8570239,2716.08,1145.44,2.37121,0.000471249,0.484686
11.718443,1,AUTO,ARMED,5,AVAILABLE,UNAVAILABLE,UNAVAILABLE,14,7,ACTIVE,11,F1_N2-A3.NC,F1_N2-A3.NC,2077098.662,194564.758,5711.8,7229.96,100,35.98333,10,100,0,22,100,9000.0,6742.8,2407.01,2.80132,0.000769079,0.727274,1,585.668969,13538.3,1009.55,13.4102,0.000317603,0.367998,0,267.9877758,3194.28,1270.44,2.51431,0.000172897,0.364318,6,-353.8569896,2716.08,1145.44,2.37121,0.000471249,0.484686
11.868347,1,AUTO,ARMED,5,AVAILABLE,UNAVAILABLE,UNAVAILABLE,14,7,ACTIVE,11,F1_N2-A3.NC,F1_N2-A3.NC,2077098.662,194564.758,5711.8,7229.96,100,35.98333,10,100,0,22,100,9000.0,6742.8,2407.01,2.80132,0.000769079,0.727274,1,589.3841375,13538.3,1009.55,13.4102,0.000317603,0.367998,0,267.9878473,3194.28,1270.44,2.51431,0.000172897,0.364318,6,-353.8570354,2716.08,1145.44,2.37121,0.000471249,0.484686
12.013702,1,AUTO,ARMED,5,AVAILABLE,UNAVAILABLE,UNAVAILABLE,14,7,ACTIVE,11,F1_N2-A3.NC,F1_N2-A3.NC,2077098.662,194564.758,5711.8,7229.96,100,35.98333,10,100,0,22,100,9000.0,6742.8,2407.01,2.80132,0.000769079,0.727274,1,593.0814175,13538.3,1009.55,13.4102,0.000317603,0.367998,0,267.9878258,3194.28,1270.44,2.51431,0.000172897,0.364318,6,-353.8569438,2716.08,1145.44,2.37121,0.000471249,0.484686
12.162048,1,AUTO,ARMED,5,AVAILABLE,UNAVAILABLE,UNAVAILABLE,14,7,ACTIVE,11,F1_N2-A3.NC,F1_N2-A3.NC,2077098.662,194564.758,5711.8,7229.96,100,35.98333,11,100,0,21,100,9000.0,6742.8,2407.01,2.80132,0.000769079,0.727274,1,604.2002798,13538.3,1009.55,13.4102,0.000317603,0.367998,0,267.9877972,3194.28,1270.44,2.51431,0.000172897,0.364318,6,-353.8569782,2716.08,1145.44,2.37121,0.000471249,0.484686
12.309859,1,AUTO,ARMED,5,AVAILABLE,UNAVAILABLE,UNAVAILABLE,14,7,ACTIVE,11,F1_N2-A3.NC,F1_N2-A3.NC,2077098.662,194564.758,5711.8,7229.96,100,35.98333,11,100,0,21,100,9000.0,7078.74,2407.05,2.94084,0.000727525,0.735202,1,607.9157057,13898.4,1132.46,12.2728,0.000235799,0.325427,0,267.9878044,2882.06,1266.09,2.27635,0.000178874,0.379291,6,-353.8570125,2836.26,1158.14,2.44898,0.000404399,0.495958
12.504752,1,AUTO,ARMED,5,AVAILABLE,UNAVAILABLE,UNAVAILABLE,14,7,ACTIVE,11,F1_N2-A3.NC,F1_N2-A3.NC,2077098.662,194564.758,5711.8,7229.96,100,35.98333,11,100,0,21,100,9000.0,7078.74,2407.05,2.94084,0.000727525,0.735202,1,611.6127354,13898.4,1132.46,12.2728,0.000235799,0.325427,0,267.9877972,2882.06,1266.09,2.27635,0.000178874,0.379291,6,-353.8569896,2836.26,1158.14,2.44898,0.000404399,0.495958
12.686478,1,AUTO,ARMED,5,AVAILABLE,UNAVAILABLE,UNAVAILABLE,14,7,ACTIVE,11,F1_N2-A3.NC,F1_N2-A3.NC,2077098.662,194564.758,5711.8,7216.5059,100,35.98333,11,100,0,22,100,9000.0,7078.74,2407.05,2.94084,0.000727525,0.735202,1,622.7315578,13898.4,1132.46,12.2728,0.000235799,0.325427,0,267.9877972,2882.06,1266.09,2.27635,0.000178874,0.379291,6,-353.8570239,2836.26,1158.14,2.44898,0.000404399,0.495958
12.828299,1,AUTO,ARMED,5,AVAILABLE,UNAVAILABLE,UNAVAILABLE,14,7,ACTIVE,11,F1_N2-A3.NC,F1_N2-A3.NC,2077098.662,194564.758,5711.8,7216.5059,100,35.98333,11,100,0,21,100,9000.0,7078.74,2407.05,2.94084,0.000727525,0.735202,1,626.4470276,13898.4,1132.46,12.2728,0.000235799,0.325427,0,267.9877972,2882.06,1266.09,2.27635,0.000178874,0.379291,6,-353.8569553,2836.26,1158.14,2.44898,0.000404399,0.495958
12.970574,1,AUTO,ARMED,5,AVAILABLE,UNAVAILABLE,UNAVAILABLE,14,7,ACTIVE,11,F1_N2-A3.NC,F1_N2-A3.NC,2077098.662,194564.758,5711.8,7216.5059,100,35.98333,11,100,0,22,100,9000.0,7078.74,2407.05,2.94084,0.000727525,0.735202,1,628.2909047,13898.4,1132.46,12.2728,0.000235799,0.325427,0,267.9878044,2882.06,1266.09,2.27635,0.000178874,0.379291,6,-353.857001,2836.26,1158.14,2.44898,0.000404399,0.495958
13.113432,1,AUTO,ARMED,5,AVAILABLE,UNAVAILABLE,UNAVAILABLE,14,7,ACTIVE,11,F1_N2-A3.NC,F1_N2-A3.NC,2077098.662,194564.758,5711.8,7216.5059,100,35.98333,12,100,0,22,100,9000.0,7078.74,2407.05,2.94084,0.000727525,0.735202,1,635.6948009,13898.4,1132.46,12.2728,0.000235799,0.325427,0,267.9878258,2882.06,1266.09,2.27635,0.000178874,0.379291,6,-353.8569896,2836.26,1158.14,2.44898,0.000404399,0.495958
13.254138,1,AUTO,ARMED,5,AVAILABLE,UNAVAILABLE,UNAVAILABLE,14,7,ACTIVE,11,F1_N2-A3.NC,F1_N2-A3.NC,2077098.662,194564.758,5711.8,7216.5059,100,35.98333,12,100,0,22,100,9000.0,7078.74,2407.05,2.94084,0.000727525,0.735202,1,639.4098203,13898.4,1132.46,12.2728,0.000235799,0.325427,0,267.9877972,2882.06,1266.09,2.27635,0.000178874,0.379291,6,-353.8569896,2836.26,1158.14,2.44898,0.000404399,0.495958
13.398756,1,AUTO,ARMED,5,AVAILABLE,UNAVAILABLE,UNAVAILABLE,14,7,ACTIVE,11,F1_N2-A3.NC,F1_N2-A3.NC,2077098.662,194564.758,5711.8,7216.5059,100,35.98333,12,100,0,21,100,9000.0,4271.24,577.026,7.40216,0.000597483,0.534008,1,646.8144473,11762.0,240.415,48.9237,0.000279815,0.172207,0,267.9876256,2041.46,136.769,14.9263,0.000128086,0.0735562,6,-353.8569438,2716.08,413.772,6.56419,0.000303779,0.281497
13.542012,1,AUTO,ARMED,5,AVAILABLE,UNAVAILABLE,UNAVAILABLE,14,7,ACTIVE,11,F1_N2-A3.NC,F1_N2-A3.NC,2077098.662,194564.758,5711.8,7216.5059,100,35.98333,12,100,0,6,100,9000.0,4271.24,577.026,7.40216,0.000597483,0.534008,1,650.5200901,11762.0,240.415,48.9237,0.000279815,0.172207,0,267.9878687,2041.46,136.769,14.9263,0.000128086,0.0735562,6,-353.8569667,2716.08,413.772,6.56419,0.000303779,0.281497
13.693838,1,AUTO,ARMED,5,AVAILABLE,UNAVAILABLE,UNAVAILABLE,14,7,ACTIVE,11,F1_N2-A3.NC,F1_N2-A3.NC,2077098.662,194564.758,5711.8,3508.8813,100,18.3,12,100,0,1,100,9000.0,4271.24,577.026,7.40216,0.000597483,0.534008,0,655.637293,11762.0,240.415,48.9237,0.000279815,0.172207,0,267.9878258,2041.46,136.769,14.9263,0.000128086,0.0735562,6,-353.8569782,2716.08,413.772,6.56419,0.000303779,0.281497
13.857017,1,AUTO,ARMED,5,AVAILABLE,UNAVAILABLE,UNAVAILABLE,15,7,ACTIVE,11,F1_N2-A3.NC,F1_N2-A3.NC,2077098.662,194564.758,5711.8,3508.8813,100,0.0,12,100,0,0,100,9000.0,4271.24,577.026,7.40216,0.000597483,0.534008,0,655.6423067,11762.0,240.415,48.9237,0.000279815,0.172207,0,267.9878115,2041.46,136.769,14.9263,0.000128086,0.0735562,6,-353.8570239,2716.08,413.772,6.56419,0.000303779,0.281497
14.00958,1,AUTO,ARMED,5,AVAILABLE,UNAVAILABLE,UNAVAILABLE,15,7,ACTIVE,11,F1_N2-A3.NC,F1_N2-A3.NC,2077098.662,194564.758,5711.8,3508.8813,100,0.0,12,100,0,0,100,9000.0,4271.24,577.026,7.40216,0.000597483,0.534008,0,655.6425928,11762.0,240.415,48.9237,0.000279815,0.172207,0,267.9878044,2041.46,136.769,14.9263,0.000128086,0.0735562,6,-353.8569667,2716.08,413.772,6.56419,0.000303779,0.281497
14.151292,1,AUTO,ARMED,5,AVAILABLE,UNAVAILABLE,UNAVAILABLE,15,7,ACTIVE,11,F1_N2-A3.NC,F1_N2-A3.NC,2077098.662,194564.758,5711.8,3508.8813,100,0.0,12,100,0,4,100,9000.0,4271.24,577.026,7.40216,0.000597483,0.534008,0,655.6425356,11762.0,240.415,48.9237,0.000279815,0.172207,0,267.9878044,2041.46,136.769,14.9263,0.000128086,0.0735562,6,-353.857001,2716.08,413.772,6.56419,0.000303779,0.281497
14.290788,1,AUTO,ARMED,5,AVAILABLE,UNAVAILABLE,UNAVAILABLE,15,7,ACTIVE,11,F1_N2-A3.NC,F1_N2-A3.NC,2077098.662,194564.758,5711.8,3508.8813,100,0.0,13,100,0,5,100,9000.0,4271.24,577.026,7.40216,0.000597483,0.534008,0,655.6425141,11762.0,240.415,48.9237,0.000279815,0.172207,0,267.9877972,2041.46,136.769,14.9263,0.000128086,0.0735562,6,-353.8569896,2716.08,413.772,6.56419,0.000303779,0.281497
14.437474,1,AUTO,ARMED,5,AVAILABLE,UNAVAILABLE,UNAVAILABLE,15,7,ACTIVE,11,F1_N2-A3.NC,F1_N2-A3.NC,2077098.662,194564.758,5711.8,3508.8813,100,0.0,13,100,0,5,100,9000.0,2279.59,543.171,4.19682,0.00057388,0.509586,0,655.6425213,1320.23,179.351,7.36115,0.000256104,0.111286,0,267.9878044,720.515,179.611,4.01153,0.000106161,0.0792971,6,-353.8570125,1490.24,475.04,3.13708,0.00053481,0.293754
14.59459,1,AUTO,ARMED,5,AVAILABLE,UNAVAILABLE,UNAVAILABLE,15,7,ACTIVE,11,F1_N2-A3.NC,F1_N2-A3.NC,2077098.662,194564.758,5711.8,3508.8813,100,0.0,13,100,0,5,100,9000.0,2279.59,543.171,4.19682,0.00057388,0.509586,0,655.6425141,1320.23,179.351,7.36115,0.000256104,0.111286,0,267.9878044,720.515,179.611,4.01153,0.000106161,0.0792971,6,-353.8569896,1490.24,475.04,3.13708,0.00053481,0.293754
14.736455,1,AUTO,ARMED,5,AVAILABLE,UNAVAILABLE,UNAVAILABLE,15,7,ACTIVE,11,F1_N2-A3.NC,F1_N2-A3.NC,2077098.662,194564.758,5711.8,3508.8813,100,0.0,13,100,0,4,100,9000.0,2279.59,543.171,4.19682,0.00057388,0.509586,0,655.6424998,1320.23,179.351,7.36115,0.000256104,0.111286,0,268.0114851,720.515,179.611,4.01153,0.000106161,0.0792971,6,-353.8570354,1490.24,475.04,3.13708,0.00053481,0.293754
14.891753,1,AUTO,ARMED,5,AVAILABLE,UNAVAILABLE,UNAVAILABLE,17,7,ACTIVE,11,F1_N2-A3.NC,F1_N2-A3.NC,2077098.662,194564.758,5711.8,4653.6025,100,16.35,13,100,0,3,100,9000.0,2279.59,543.171,4.19682,0.00057388,0.509586,0,655.3917327,1320.23,179.351,7.36115,0.000256104,0.111286,1,268.6217615,720.515,179.611,4.01153,0.000106161,0.0792971,6,-353.8569667,1490.24,475.04,3.13708,0.00053481,0.293754
15.048085,1,AUTO,ARMED,5,AVAILABLE,UNAVAILABLE,UNAVAILABLE,17,7,ACTIVE,11,F1_N2-A3.NC,F1_N2-A3.NC,2077098.662,194564.758,5711.8,4653.6025,100,35.98333,13,100,0,4,100,9000.0,2279.59,543.171,4.19682,0.00057388,0.509586,0,650.3155536,1320.23,179.351,7.36115,0.000256104,0.111286,0,268.6224052,720.515,179.611,4.01153,0.000106161,0.0792971,6,-353.8570125,1490.24,475.04,3.13708,0.00053481,0.293754
15.186488,1,AUTO,ARMED,5,AVAILABLE,UNAVAILABLE,UNAVAILABLE,17,7,ACTIVE,11,F1_N2-A3.NC,F1_N2-A3.NC,2077098.662,194564.758,5711.8,4653.6025,100,35.98333,14,100,0,11,100,9000.0,2279.59,543.171,4.19682,0.00057388,0.509586,0,642.9127451,1320.23,179.351,7.36115,0.000256104,0.111286,0,268.6226913,720.515,179.611,4.01153,0.000106161,0.0792971,6,-353.857001,1490.24,475.04,3.13708,0.00053481,0.293754
15.337356,1,AUTO,ARMED,5,AVAILABLE,UNAVAILABLE,UNAVAILABLE,17,7,ACTIVE,11,F1_N2-A3.NC,F1_N2-A3.NC,2077098.662,194564.758,5711.8,4653.6025,100,35.98333,14,100,0,11,100,9000.0,2279.59,543.171,4.19682,0.00057388,0.509586,0,639.1972545,1320.23,179.351,7.36115,0.000256104,0.111286,0,268.6228343,720.515,179.611,4.01153,0.000106161,0.0792971,6,-353.8570239,1490.24,475.04,3.13708,0.00053481,0.293754
15.488929,1,AUTO,ARMED,5,AVAILABLE,UNAVAILABLE,UNAVAILABLE,17,7,ACTIVE,11,F1_N2-A3.NC,F1_N2-A3.NC,2077098.662,194564.758,5711.8,4653.6025,100,35.98333,14,100,0,9,100,9000.0,3815.32,1016.84,3.75213,0.000550154,0.514733,0,631.7937667,10177.8,353.354,28.8034,0.000165562,0.150697,0,268.6227914,1801.29,582.11,3.09442,0.000148623,0.187238,6,-353.8569667,1946.93,780.112,2.49571,0.000442002,0.355625
15.644299,1,AUTO,ARMED,5,AVAILABLE,UNAVAILABLE,UNAVAILABLE,17,7,ACTIVE,11,F1_N2-A3.NC,F1_N2-A3.NC,2077098.662,194564.758,5711.8,4653.6025,100,35.98333,14,100,0,9,100,9000.0,3815.32,1016.84,3.75213,0.000550154,0.514733,0,628.0875142,10177.8,353.354,28.8034,0.000165562,0.150697,0,268.62282,1801.29,582.11,3.09442,0.000148623,0.187238,6,-353.8570468,1946.93,780.112,2.49571,0.000442002,0.355625
15.784161,1,AUTO,ARMED,5,AVAILABLE,UNAVAILABLE,UNAVAILABLE,17,7,ACTIVE,11,F1_N2-A3.NC,F1_N2-A3.NC,2077098.662,194564.758,5711.8,4653.6025,100,35.98333,14,100,0,8,100,9000.0,3815.32,1016.84,3.75213,0.000550154,0.514733,0,624.3811973,10177.8,353.354,28.8034,0.000165562,0.150697,0,268.6227842,1801.29,582.11,3.09442,0.000148623,0.187238,6,-353.8569896,1946.93,780.112,2.49571,0.000442002,0.355625
15.928462,1,AUTO,ARMED,5,AVAILABLE,UNAVAILABLE,UNAVAILABLE,17,7,ACTIVE,11,F1_N2-A3.NC,F1_N2-A3.NC,2077098.662,194564.758,5711.8,4367.9297,100,35.98333,14,100,0,8,100,9000.0,3815.32,1016.84,3.75213,0.000550154,0.514733,0,620.6750664,10177.8,353.354,28.8034,0.000165562,0.150697,0,268.6228272,1801.29,582.11,3.09442,0.000148623,0.187238,6,-353.857001,1946.93,780.112,2.49571,0.000442002,0.355625
16.090501,1,AUTO,ARMED,5,AVAILABLE,UNAVAILABLE,UNAVAILABLE,17,7,ACTIVE,11,F1_N2-A3.NC,F1_N2-A3.NC,2077098.662,194564.758,5711.8,4367.9297,100,35.98333,15,100,0,8,100,9000.0,3815.32,1016.84,3.75213,0.000550154,0.514733,0,609.5382541,10177.8,353.354,28.8034,0.000165562,0.150697,0,268.6227842,1801.29,582.11,3.09442,0.000148623,0.187238,6,-353.8569896,1946.93,780.112,2.49571,0.000442002,0.355625
16.244561,1,AUTO,ARMED,5,AVAILABLE,UNAVAILABLE,UNAVAILABLE,17,7,ACTIVE,11,F1_N2-A3.NC,F1_N2-A3.NC,2077098.662,194564.758,5711.8,4367.9297,100,35.98333,15,100,0,8,100,9000.0,3815.32,1016.84,3.75213,0.000550154,0.514733,0,605.8496256,10177.8,353.354,28.8034,0.000165562,0.150697,0,268.6227985,1801.29,582.11,3.09442,0.000148623,0.187238,6,-353.8570239,1946.93,780.112,2.49571,0.000442002,0.355625
16.390881,1,AUTO,ARMED,5,AVAILABLE,UNAVAILABLE,UNAVAILABLE,17,7,ACTIVE,11,F1_N2-A3.NC,F1_N2-A3.NC,2077098.662,194564.758,5711.8,4367.9297,100,35.98333,15,100,0,8,100,9000.0,3815.32,1016.84,3.75213,0.000550154,0.514733,0,602.1434874,10177.8,353.354,28.8034,0.000165562,0.150697,0,268.6228129,1801.29,582.11,3.09442,0.000148623,0.187238,6,-353.857001,1946.93,780.112,2.49571,0.000442002,0.355625
16.534489,1,AUTO,ARMED,5,AVAILABLE,UNAVAILABLE,UNAVAILABLE,17,7,ACTIVE,11,F1_N2-A3.NC,F1_N2-A3.NC,2077098.662,194564.758,5711.8,4367.9297,100,35.98333,15,100,0,9,100,9000.0,4127.27,1044.18,3.95264,0.000657541,0.537606,0,594.7307819,10177.8,430.418,23.6463,0.000293241,0.247138,0,268.62282,2065.48,605.933,3.40876,0.000122419,0.184874,6,-353.8570354,1970.96,820.985,2.40073,0.000373227,0.363939
16.689721,1,AUTO,ARMED,5,AVAILABLE,UNAVAILABLE,UNAVAILABLE,17,7,ACTIVE,11,F1_N2-A3.NC,F1_N2-A3.NC,2077098.662,194564.758,5711.8,4367.9297,100,35.98333,15,100,0,9,100,9000.0,4127.27,1044.18,3.95264,0.000657541,0.537606,0,587.3182982,10177.8,430.418,23.6463,0.000293241,0.247138,0,268.6228129,2065.48,605.933,3.40876,0.000122419,0.184874,6,-353.857001,1970.96,820.985,2.40073,0.000373227,0.363939
16.863921,1,AUTO,ARMED,5,AVAILABLE,UNAVAILABLE,UNAVAILABLE,17,7,ACTIVE,11,F1_N2-A3.NC,F1_N2-A3.NC,2077098.662,194564.758,5711.8,4367.9297,100,35.98333,15,100,0,8,100,9000.0,4127.27,1044.18,3.95264,0.000657541,0.537606,0,583.6119852,10177.8,430.418,23.6463,0.000293241,0.247138,0,268.6228057,2065.48,605.933,3.40876,0.000122419,0.184874,6,-353.8570239,1970.96,820.985,2.40073,0.000373227,0.363939
17.018833,1,AUTO,ARMED,5,AVAILABLE,UNAVAILABLE,UNAVAILABLE,17,7,ACTIVE,11,F1_N2-A3.NC,F1_N2-A3.NC,2077098.662,194564.758,5711.8,4353.5,100,35.98333,15,100,0,8,100,9000.0,4127.27,1044.18,3.95264,0.000657541,0.537606,0,581.7678478,10177.8,430.418,23.6463,0.000293241,0.247138,0,268.6228057,2065.48,605.933,3.40876,0.000122419,0.184874,6,-353.8570125,1970.96,820.985,2.40073,0.000373227,0.363939
17.158297,1,AUTO,ARMED,5,AVAILABLE,UNAVAILABLE,UNAVAILABLE,17,7,ACTIVE,11,F1_N2-A3.NC,F1_N2-A3.NC,2077098.662,194564.758,5711.8,4353.5,100,35.98333,15,100,0,8,100,9000.0,4127.27,1044.18,3.95264,0.000657541,0.537606,0,574.3464947,10177.8,430.418,23.6463,0.000293241,0.247138,0,268.6228343,2065.48,605.933,3.40876,0.000122419,0.184874,6,-353.8570354,1970.96,820.985,2.40073,0.000373227,0.363939
17.306411,1,AUTO,ARMED,5,AVAILABLE,UNAVAILABLE,UNAVAILABLE,17,7,ACTIVE,11,F1_N2-A3.NC,F1_N2-A3.NC,2077098.662,194564.758,5711.8,4353.5,100,35.98333,16,100,0,8,100,9000.0,4127.27,1044.18,3.95264,0.000657541,0.537606,0,566.9428299,10177.8,430.418,23.6463,0.000293241,0.247138,0,268.6227985,2065.48,605.933,3.40876,0.000122419,0.184874,6,-353.8569782,1970.96,820.985,2.40073,0.000373227,0.363939
17.459874,1,AUTO,ARMED,5,AVAILABLE,UNAVAILABLE,UNAVAILABLE,17,7,ACTIVE,11,F1_N2-A3.NC,F1_N2-A3.NC,2077098.662,194564.758,5711.8,4353.5,100,35.98333,16,100,0,8,100,9000.0,4127.27,1044.18,3.95264,0.000657541,0.537606,0,563.2275042,10177.8,430.418,23.6463,0.000293241,0.247138,0,268.6228129,2065.48,605.933,3.40876,0.000122419,0.184874,6,-353.8570239,1970.96,820.985,2.40073,0.000373227,0.363939
17.607247,1,AUTO,ARMED,5,AVAILABLE,UNAVAILABLE,UNAVAILABLE,17,7,ACTIVE,11,F1_N2-A3.NC,F1_N2-A3.NC,2077098.662,194564.758,5711.8,4353.5,100,35.98333,16,100,0,8,100,9000.0,3959.3,1058.36,3.74098,0.000589471,0.528823,0,559.5211263,9817.69,392.868,24.9898,0.000263261,0.251973,0,268.6227842,1849.32,159.565,11.5898,0.000156501,0.0761121,6,-353.8569782,2091.14,461.2,4.53413,0.000406047,0.293177
17.745876,1,AUTO,ARMED,5,AVAILABLE,UNAVAILABLE,UNAVAILABLE,17,7,ACTIVE,11,F1_N2-A3.NC,F1_N2-A3.NC,2077098.662,194564.758,5711.8,4353.5,100,35.98333,16,100,0,8,100,9000.0,3959.3,1058.36,3.74098,0.000589471,0.528823,0,552.1086688,9817.69,392.868,24.9898,0.000263261,0.251973,0,268.6227985,1849.32,159.565,11.5898,0.000156501,0.0761121,6,-353.8570125,2091.14,461.2,4.53413,0.000406047,0.293177
17.889817,1,AUTO,ARMED,5,AVAILABLE,UNAVAILABLE,UNAVAILABLE,17,7,ACTIVE,11,F1_N2-A3.NC,F1_N2-A3.NC,2077098.662,194564.758,5711.8,4353.5,100,35.98333,16,100,0,8,100,9000.0,3959.3,1058.36,3.74098,0.000589471,0.528823,0,544.7050366,9817.69,392.868,24.9898,0.000263261,0.251973,0,268.6228343,1849.32,159.565,11.5898,0.000156501,0.0761121,6,-353.8569896,2091.14,461.2,4.53413,0.000406047,0.293177
18.031087,1,AUTO,ARMED,5,AVAILABLE,UNAVAILABLE,UNAVAILABLE,17,7,ACTIVE,11,F1_N2-A3.NC,F1_N2-A3.NC,2077098.662,194564.758,5711.8,3228.7253,100,35.98333,16,100,0,9,100,9000.0,3959.3,1058.36,3.74098,0.000589471,0.528823,0,540.9901172,9817.69,392.868,24.9898,0.000263261,0.251973,0,268.6230274,1849.32,159.565,11.5898,0.000156501,0.0761121,6,-353.8570125,2091.14,461.2,4.53413,0.000406047,0.293177
18.173906,1,AUTO,ARMED,5,AVAILABLE,UNAVAILABLE,UNAVAILABLE,17,7,ACTIVE,11,F1_N2-A3.NC,F1_N2-A3.NC,2077098.662,194564.758,5711.8,3228.7253,100,35.98333,17,100,0,6,100,9000.0,3959.3,1058.36,3.74098,0.000589471,0.528823,0,537.3146579,9817.69,392.868,24.9898,0.000263261,0.251973,0,268.6228915,1849.32,159.565,11.5898,0.000156501,0.0761121,6,-353.8569782,2091.14,461.2,4.53413,0.000406047,0.293177
18.31927,1,AUTO,ARMED,5,AVAILABLE,UNAVAILABLE,UNAVAILABLE,17,7,ACTIVE,11,F1_N2-A3.NC,F1_N2-A3.NC,2077098.662,194564.758,5711.8,3228.7253,100,9.766667,17,100,0,4,100,9000.0,3959.3,1058.36,3.74098,0.000589471,0.528823,1,536.2625608,9817.69,392.868,24.9898,0.000263261,0.251973,0,268.6228129,1849.32,159.565,11.5898,0.000156501,0.0761121,6,-353.8570239,2091.14,461.2,4.53413,0.000406047,0.293177
18.480959,1,AUTO,ARMED,5,AVAILABLE,UNAVAILABLE,UNAVAILABLE,18,7,ACTIVE,11,F1_N2-A3.NC,F1_N2-A3.NC,2077098.662,194564.758,5711.8,3228.7253,100,0.0,17,100,0,2,100,9000.0,3959.3,1058.36,3.74098,0.000589471,0.528823,0,536.2624392,9817.69,392.868,24.9898,0.000263261,0.251973,0,268.6228129,1849.32,159.565,11.5898,0.000156501,0.0761121,6,-353.8570125,2091.14,461.2,4.53413,0.000406047,0.293177
18.635311,1,AUTO,ARMED,5,AVAILABLE,UNAVAILABLE,UNAVAILABLE,18,7,ACTIVE,11,F1_N2-A3.NC,F1_N2-A3.NC,2077098.662,194564.758,5711.8,3228.7253,100,0.0,17,100,0,3,100,9000.0,3959.3,1058.36,3.74098,0.000589471,0.528823,0,536.2624535,9817.69,392.868,24.9898,0.000263261,0.251973,0,268.6227985,1849.32,159.565,11.5898,0.000156501,0.0761121,6,-353.8570239,2091.14,461.2,4.53413,0.000406047,0.293177
18.785845,1,AUTO,ARMED,5,AVAILABLE,UNAVAILABLE,UNAVAILABLE,18,7,ACTIVE,11,F1_N2-A3.NC,F1_N2-A3.NC,2077098.662,194564.758,5711.8,3228.7253,100,0.0,17,100,0,3,100,9000.0,2279.6,555.846,4.10114,0.000596837,0.530832,0,536.2624821,3528.61,127.694,27.6333,0.000172786,0.128848,0,268.6228129,792.566,143.753,5.51339,0.000134243,0.0837634,6,-353.8569782,1586.38,452.212,3.50804,0.000386783,0.290771
18.927454,1,AUTO,ARMED,5,AVAILABLE,UNAVAILABLE,UNAVAILABLE,18,7,ACTIVE,11,F1_N2-A3.NC,F1_N2-A3.NC,2077098.662,194564.758,5711.8,3228.7253,100,0.0,17,100,0,4,100,9000.0,2279.6,555.846,4.10114,0.000596837,0.530832,0,536.2624893,3528.61,127.694,27.6333,0.000172786,0.128848,0,268.6228129,792.566,143.753,5.51339,0.000134243,0.0837634,6,-353.8570354,1586.38,452.212,3.50804,0.000386783,0.290771
19.075778,1,AUTO,ARMED,5,AVAILABLE,UNAVAILABLE,UNAVAILABLE,18,7,ACTIVE,11,F1_N2-A3.NC,F1_N2-A3.NC,2077098.662,194564.758,5711.8,3381.9741,100,0.0,17,100,0,4,100,9000.0,2279.6,555.846,4.10114,0.000596837,0.530832,0,536.262475,3528.61,127.694,27.6333,0.000172786,0.128848,0,268.6227914,792.566,143.753,5.51339,0.000134243,0.0837634,6,-353.857001,1586.38,452.212,3.50804,0.000386783,0.290771
19.235812,1,AUTO,ARMED,5,AVAILABLE,UNAVAILABLE,UNAVAILABLE,18,7,ACTIVE,11,F1_N2-A3.NC,F1_N2-A3.NC,2077098.662,194564.758,5711.8,3381.9741,100,0.0,18,100,0,4,100,9000.0,2279.6,555.846,4.10114,0.000596837,0.530832,0,536.2624964,3528.61,127.694,27.6333,0.000172786,0.128848,0,268.6227985,792.566,143.753,5.51339,0.000134243,0.0837634,6,-353.8569896,1586.38,452.212,3.50804,0.000386783,0.290771
19.379513,1,AUTO,ARMED,5,AVAILABLE,UNAVAILABLE,UNAVAILABLE,22,7,ACTIVE,11,F1_N2-A3.NC,F1_N2-A3.NC,2077098.662,194564.758,5711.8,3381.9741,100,0.0,18,100,0,4,100,9000.0,2279.6,555.846,4.10114,0.000596837,0.530832,0,536.2624964,3528.61,127.694,27.6333,0.000172786,0.128848,0,269.2037155,792.566,143.753,5.51339,0.000134243,0.0837634,6,-353.8569782,1586.38,452.212,3.50804,0.000386783,0.290771
19.539881,1,AUTO,ARMED,5,AVAILABLE,UNAVAILABLE,UNAVAILABLE,22,7,ACTIVE,11,F1_N2-A3.NC,F1_N2-A3.NC,2077098.662,194564.758,5711.8,3381.9741,100,0.0,18,100,0,4,100,9000.0,2279.6,555.846,4.10114,0.000596837,0.530832,0,536.2624893,3528.61,127.694,27.6333,0.000172786,0.128848,0,269.2577427,792.566,143.753,5.51339,0.000134243,0.0837634,6,-353.8570125,1586.38,452.212,3.50804,0.000386783,0.290771
19.709936,1,AUTO,ARMED,5,AVAILABLE,UNAVAILABLE,UNAVAILABLE,22,7,ACTIVE,11,F1_N2-A3.NC,F1_N2-A3.NC,2077098.662,194564.758,5711.8,3381.9741,100,0.0,18,100,0,4,100,9000.0,2279.6,555.846,4.10114,0.000596837,0.530832,0,536.2624893,3528.61,127.694,27.6333,0.000172786,0.128848,0,269.257807,792.566,143.753,5.51339,0.000134243,0.0837634,6,-353.8569896,1586.38,452.212,3.50804,0.000386783,0.290771
19.851407,1,AUTO,ARMED,5,AVAILABLE,UNAVAILABLE,UNAVAILABLE,22,7,ACTIVE,11,F1_N2-A3.NC,F1_N2-A3.NC,2077098.662,194564.758,5711.8,3381.9741,100,0.0,18,100,0,4,100,9000.0,2639.53,554.389,4.76115,0.000629626,0.521785,0,536.2625036,3432.59,131.663,26.071,0.000181876,0.132471,0,269.2578213,936.667,165.597,5.6563,9.71602e-05,0.0734635,6,-353.8570125,1562.35,553.717,2.82157,0.000288353,0.295504
19.993458,1,AUTO,ARMED,5,AVAILABLE,UNAVAILABLE,UNAVAILABLE,22,7,ACTIVE,11,F1_N2-A3.NC,F1_N2-A3.NC,2077098.662,194564.758,5711.8,3381.9741,100,0.0,18,100,0,4,100,9000.0,2639.53,554.389,4.76115,0.000629626,0.521785,0,536.2625036,3432.59,131.663,26.071,0.000181876,0.132471,0,269.257807,936.667,165.597,5.6563,9.71602e-05,0.0734635,6,-353.8569667,1562.35,553.717,2.82157,0.000288353,0.295504
20.138884,1,AUTO,ARMED,5,AVAILABLE,UNAVAILABLE,UNAVAILABLE,22,7,ACTIVE,11,F1_N2-A3.NC,F1_N2-A3.NC,2077098.662,194564.758,5711.8,3381.9741,100,0.0,19,100,0,4,100,9000.0,2639.53,554.389,4.76115,0.000629626,0.521785,0,536.2625036,3432.59,131.663,26.071,0.000181876,0.132471,0,269.2578213,936.667,165.597,5.6563,9.71602e-05,0.0734635,6,-353.8570354,1562.35,553.717,2.82157,0.000288353,0.295504
20.291545,1,AUTO,ARMED,5,AVAILABLE,UNAVAILABLE,UNAVAILABLE,22,7,ACTIVE,11,F1_N2-A3.NC,F1_N2-A3.NC,2077098.662,194564.758,5711.8,4475.3584,100,0.0,19,100,0,4,100,9000.0,2639.53,554.389,4.76115,0.000629626,0.521785,0,536.2624893,3432.59,131.663,26.071,0.000181876,0.132471,0,269.2577784,936.667,165.597,5.6563,9.71602e-05,0.0734635,6,-353.8569896,1562.35,553.717,2.82157,0.000288353,0.295504
20.434951,1,AUTO,ARMED,5,AVAILABLE,UNAVAILABLE,UNAVAILABLE,23,7,ACTIVE,11,F1_N2-A3.NC,F1_N2-A3.NC,2077098.662,194564.758,5711.8,4475.3584,100,42.33333,19,100,0,4,100,9000.0,2639.53,554.389,4.76115,0.000629626,0.521785,1,538.0972199,3432.59,131.663,26.071,0.000181876,0.132471,0,269.2578142,936.667,165.597,5.6563,9.71602e-05,0.0734635,6,-353.8570239,1562.35,553.717,2.82157,0.000288353,0.295504
20.578686,1,AUTO,ARMED,5,AVAILABLE,UNAVAILABLE,UNAVAILABLE,23,7,ACTIVE,11,F1_N2-A3.NC,F1_N2-A3.NC,2077098.662,194564.758,5711.8,4475.3584,100,42.33333,19,100,0,3,100,9000.0,2639.53,554.389,4.76115,0.000629626,0.521785,1,546.8330202,3432.59,131.663,26.071,0.000181876,0.132471,0,269.2577284,936.667,165.597,5.6563,9.71602e-05,0.0734635,6,-353.857001,1562.35,553.717,2.82157,0.000288353,0.295504
20.732044,1,AUTO,ARMED,5,AVAILABLE,UNAVAILABLE,UNAVAILABLE,23,7,ACTIVE,11,F1_N2-A3.NC,F1_N2-A3.NC,2077098.662,194564.758,5711.8,4475.3584,100,42.33333,19,100,0,10,100,9000.0,6334.88,1524.41,4.15563,0.000611884,0.578292,1,551.1723356,14114.4,851.978,16.5666,0.000473398,0.54847,0,269.2577498,2473.77,770.061,3.21243,0.000123441,0.193787,6,-353.8570239,2427.65,924.175,2.62683,0.000366312,0.386054
20.886839,1,AUTO,ARMED,5,AVAILABLE,UNAVAILABLE,UNAVAILABLE,23,7,ACTIVE,11,F1_N2-A3.NC,F1_N2-A3.NC,2077098.662,194564.758,5711.8,4475.3584,100,42.33333,19,100,0,11,100,9000.0,6334.88,1524.41,4.15563,0.000611884,0.578292,1,553.3523321,14114.4,851.978,16.5666,0.000473398,0.54847,0,269.2578142,2473.77,770.061,3.21243,0.000123441,0.193787,6,-353.8570354,2427.65,924.175,2.62683,0.000366312,0.386054
21.027065,1,AUTO,ARMED,5,AVAILABLE,UNAVAILABLE,UNAVAILABLE,23,7,ACTIVE,11,F1_N2-A3.NC,F1_N2-A3.NC,2077098.662,194564.758,5711.8,4475.3584,100,42.33333,19,100,0,11,100,9000.0,6334.88,1524.41,4.15563,0.000611884,0.578292,1,557.7236189,14114.4,851.978,16.5666,0.000473398,0.54847,0,269.2577713,2473.77,770.061,3.21243,0.000123441,0.193787,6,-353.8569667,2427.65,924.175,2.62683,0.000366312,0.386054
21.172723,1,AUTO,ARMED,5,AVAILABLE,UNAVAILABLE,UNAVAILABLE,23,7,ACTIVE,11,F1_N2-A3.NC,F1_N2-A3.NC,2077098.662,194564.758,5711.8,4475.3584,100,42.33333,20,100,0,10,100,9000.0,6334.88,1524.41,4.15563,0.000611884,0.578292,1,566.4333759,14114.4,851.978,16.5666,0.000473398,0.54847,0,269.2577856,2473.77,770.061,3.21243,0.000123441,0.193787,6,-353.8570125,2427.65,924.175,2.62683,0.000366312,0.386054
21.316436,1,AUTO,ARMED,5,AVAILABLE,UNAVAILABLE,UNAVAILABLE,23,7,ACTIVE,11,F1_N2-A3.NC,F1_N2-A3.NC,2077098.662,194564.758,5711.8,4442.1401,100,42.33333,20,100,0,8,100,9000.0,6334.88,1524.41,4.15563,0.000611884,0.578292,1,575.164821,14114.4,851.978,16.5666,0.000473398,0.54847,0,269.257807,2473.77,770.061,3.21243,0.000123441,0.193787,6,-353.8570125,2427.65,924.175,2.62683,0.000366312,0.386054
21.484156,1,AUTO,ARMED,5,AVAILABLE,UNAVAILABLE,UNAVAILABLE,23,7,ACTIVE,11,F1_N2-A3.NC,F1_N2-A3.NC,2077098.662,194564.758,5711.8,4442.1401,100,42.33333,20,100,0,8,100,9000.0,6334.88,1524.41,4.15563,0.000611884,0.578292,1,579.5144289,14114.4,851.978,16.5666,0.000473398,0.54847,0,269.2577927,2473.77,770.061,3.21243,0.000123441,0.193787,6,-353.857001,2427.65,924.175,2.62683,0.000366312,0.386054
21.631355,1,AUTO,ARMED,5,AVAILABLE,UNAVAILABLE,UNAVAILABLE,23,7,ACTIVE,11,F1_N2-A3.NC,F1_N2-A3.NC,2077098.662,194564.758,5711.8,4442.1401,100,42.33333,20,100,0,8,100,9000.0,6334.88,1524.41,4.15563,0.000611884,0.578292,1,583.8852726,14114.4,851.978,16.5666,0.000473398,0.54847,0,269.2577999,2473.77,770.061,3.21243,0.000123441,0.193787,6,-353.8569896,2427.65,924.175,2.62683,0.000366312,0.386054
21.77531,1,AUTO,ARMED,5,AVAILABLE,UNAVAILABLE,UNAVAILABLE,23,7,ACTIVE,11,F1_N2-A3.NC,F1_N2-A3.NC,2077098.662,194564.758,5711.8,4442.1401,100,42.33333,20,100,0,9,100,9000.0,6334.88,1524.41,4.15563,0.000611884,0.578292,1,596.9556359,14114.4,851.978,16.5666,0.000473398,0.54847,0,269.257807,2473.77,770.061,3.21243,0.000123441,0.193787,6,-353.8569667,2427.65,924.175,2.62683,0.000366312,0.386054
21.927516,1,AUTO,ARMED,5,AVAILABLE,UNAVAILABLE,UNAVAILABLE,23,7,ACTIVE,11,F1_N2-A3.NC,F1_N2-A3.NC,2077098.662,194564.758,5711.8,4442.1401,100,42.33333,20,100,0,9,100,9000.0,5710.98,1544.38,3.69791,0.000594737,0.559885,1,601.3267164,14042.4,612.439,22.9287,0.000273953,0.218868,0,269.2578142,2257.61,744.001,3.03442,0.000150796,0.20006,6,-353.8570354,2427.65,949.287,2.55734,0.000330351,0.392767
22.069706,1,AUTO,ARMED,5,AVAILABLE,UNAVAILABLE,UNAVAILABLE,23,7,ACTIVE,11,F1_N2-A3.NC,F1_N2-A3.NC,2077098.662,194564.758,5711.8,4442.1401,100,42.33333,20,100,0,9,100,9000.0,5710.98,1544.38,3.69791,0.000594737,0.559885,1,605.6867892,14042.4,612.439,22.9287,0.000273953,0.218868,0,269.2577713,2257.61,744.001,3.03442,0.000150796,0.20006,6,-353.8569896,2427.65,949.287,2.55734,0.000330351,0.392767
22.211702,1,AUTO,ARMED,5,AVAILABLE,UNAVAILABLE,UNAVAILABLE,23,7,ACTIVE,11,F1_N2-A3.NC,F1_N2-A3.NC,2077098.662,194564.758,5711.8,4442.1401,100,42.33333,21,100,0,9,100,9000.0,5710.98,1544.38,3.69791,0.000594737,0.559885,1,610.0367039,14042.4,612.439,22.9287,0.000273953,0.218868,0,269.2577999,2257.61,744.001,3.03442,0.000150796,0.20006,6,-353.8569782,2427.65,949.287,2.55734,0.000330351,0.392767
22.358322,1,AUTO,ARMED,5,AVAILABLE,UNAVAILABLE,UNAVAILABLE,23,7,ACTIVE,11,F1_N2-A3.NC,F1_N2-A3.NC,2077098.662,194564.758,5711.8,4442.1401,100,42.33333,21,100,0,9,100,9000.0,5710.98,1544.38,3.69791,0.000594737,0.559885,1,618.7680119,14042.4,612.439,22.9287,0.000273953,0.218868,0,269.2577784,2257.61,744.001,3.03442,0.000150796,0.20006,6,-353.8569782,2427.65,949.287,2.55734,0.000330351,0.392767
22.503343,1,AUTO,ARMED,5,AVAILABLE,UNAVAILABLE,UNAVAILABLE,23,7,ACTIVE,11,F1_N2-A3.NC,F1_N2-A3.NC,2077098.662,194564.758,5711.8,4271.3325,100,42.33333,21,100,0,8,100,9000.0,5710.98,1544.38,3.69791,0.000594737,0.559885,1,627.4992412,14042.4,612.439,22.9287,0.000273953,0.218868,0,269.2577713,2257.61,744.001,3.03442,0.000150796,0.20006,6,-353.8570125,2427.65,949.287,2.55734,0.000330351,0.392767
22.642812,1,AUTO,ARMED,5,AVAILABLE,UNAVAILABLE,UNAVAILABLE,23,7,ACTIVE,11,F1_N2-A3.NC,F1_N2-A3.NC,2077098.662,194564.758,5711.8,4271.3325,100,42.33333,21,100,0,8,100,9000.0,5710.98,1544.38,3.69791,0.000594737,0.559885,1,631.8490632,14042.4,612.439,22.9287,0.000273953,0.218868,0,269.2577999,2257.61,744.001,3.03442,0.000150796,0.20006,6,-353.8569896,2427.65,949.287,2.55734,0.000330351,0.392767
22.786731,1,AUTO,ARMED,5,AVAILABLE,UNAVAILABLE,UNAVAILABLE,23,7,ACTIVE,11,F1_N2-A3.NC,F1_N2-A3.NC,2077098.662,194564.758,5711.8,4271.3325,100,42.33333,21,100,0,8,100,9000.0,5710.98,1544.38,3.69791,0.000594737,0.559885,1,634.0397561,14042.4,612.439,22.9287,0.000273953,0.218868,0,269.2577856,2257.61,744.001,3.03442,0.000150796,0.20006,6,-353.8569667,2427.65,949.287,2.55734,0.000330351,0.392767
22.926887,1,AUTO,ARMED,5,AVAILABLE,UNAVAILABLE,UNAVAILABLE,23,7,ACTIVE,11,F1_N2-A3.NC,F1_N2-A3.NC,2077098.662,194564.758,5711.8,4271.3325,100,42.33333,21,100,0,8,100,9000.0,5878.95,541.53,10.8562,0.000579346,0.515171,1,638.3787812,13850.4,330.77,41.8732,0.000150802,0.132248,0,269.2577999,2233.6,172.537,12.9456,0.00011665,0.0836957,6,-353.8570239,2571.87,499.724,5.14658,0.000313359,0.299389
23.091982,1,AUTO,ARMED,5,AVAILABLE,UNAVAILABLE,UNAVAILABLE,23,7,ACTIVE,11,F1_N2-A3.NC,F1_N2-A3.NC,2077098.662,194564.758,5711.8,4271.3325,100,42.33333,22,100,0,6,100,9000.0,5878.95,541.53,10.8562,0.000579346,0.515171,1,651.4707022,13850.4,330.77,41.8732,0.000150802,0.132248,0,269.2580073,2233.6,172.537,12.9456,0.00011665,0.0836957,6,-353.857001,2571.87,499.724,5.14658,0.000313359,0.299389
23.233743,1,AUTO,ARMED,5,AVAILABLE,UNAVAILABLE,UNAVAILABLE,23,7,ACTIVE,11,F1_N2-A3.NC,F1_N2-A3.NC,2077098.662,194564.758,5711.8,4271.3325,100,42.33333,22,100,0,4,100,9000.0,5878.95,541.53,10.8562,0.000579346,0.515171,0,655.3635193,13850.4,330.77,41.8732,0.000150802,0.132248,0,269.2578786,2233.6,172.537,12.9456,0.00011665,0.0836957,6,-353.857001,2571.87,499.724,5.14658,0.000313359,0.299389
23.391796,1,AUTO,ARMED,5,AVAILABLE,UNAVAILABLE,UNAVAILABLE,23,7,ACTIVE,11,F1_N2-A3.NC,F1_N2-A3.NC,2077098.662,194564.758,5711.8,4271.3325,100,1.733333,22,100,0,2,100,9000.0,5878.95,541.53,10.8562,0.000579346,0.515171,0,655.6403542,13850.4,330.77,41.8732,0.000150802,0.132248,0,269.2578142,2233.6,172.537,12.9456,0.00011665,0.0836957,6,-353.8569896,2571.87,499.724,5.14658,0.000313359,0.299389
23.54256,1,AUTO,ARMED,5,AVAILABLE,UNAVAILABLE,UNAVAILABLE,24,7,ACTIVE,11,F1_N2-A3.NC,F1_N2-A3.NC,2077098.662,194564.758,5711.8,3430.6238,100,0.0,22,100,0,2,100,9000.0,5878.95,541.53,10.8562,0.000579346,0.515171,0,655.6425928,13850.4,330.77,41.8732,0.000150802,0.132248,0,269.2577927,2233.6,172.537,12.9456,0.00011665,0.0836957,6,-353.8569896,2571.87,499.724,5.14658,0.000313359,0.299389
23.704631,1,AUTO,ARMED,5,AVAILABLE,UNAVAILABLE,UNAVAILABLE,24,7,ACTIVE,11,F1_N2-A3.NC,F1_N2-A3.NC,2077098.662,194564.758,5711.8,3430.6238,100,0.0,22,100,0,3,100,9000.0,5878.95,541.53,10.8562,0.000579346,0.515171,0,655.6425642,13850.4,330.77,41.8732,0.000150802,0.132248,0,269.2578142,2233.6,172.537,12.9456,0.00011665,0.0836957,6,-353.8569782,2571.87,499.724,5.14658,0.000313359,0.299389
23.846647,1,AUTO,ARMED,5,AVAILABLE,UNAVAILABLE,UNAVAILABLE,24,7,ACTIVE,11,F1_N2-A3.NC,F1_N2-A3.NC,2077098.662,194564.758,5711.8,3430.6238,100,0.0,22,100,0,3,100,9000.0,5878.95,541.53,10.8562,0.000579346,0.515171,0,655.6425427,13850.4,330.77,41.8732,0.000150802,0.132248,0,269.2578142,2233.6,172.537,12.9456,0.00011665,0.0836957,6,-353.8570239,2571.87,499.724,5.14658,0.000313359,0.299389
23.985343,1,AUTO,ARMED,5,AVAILABLE,UNAVAILABLE,UNAVAILABLE,24,7,ACTIVE,11,F1_N2-A3.NC,F1_N2-A3.NC,2077098.662,194564.758,5711.8,3430.6238,100,0.0,22,100,0,4,100,9000.0,2471.56,550.004,4.49371,0.000617803,0.525981,0,655.6425213,10849.9,136.13,79.7025,0.000205615,0.105651,0,269.257807,888.634,198.228,4.48289,0.000137671,0.0836702,6,-353.8569896,1562.35,488.898,3.19566,0.000429533,0.294412
24.135078,1,AUTO,ARMED,5,AVAILABLE,UNAVAILABLE,UNAVAILABLE,24,7,ACTIVE,11,F1_N2-A3.NC,F1_N2-A3.NC,2077098.662,194564.758,5711.8,3430.6238,100,0.0,23,100,0,4,100,9000.0,2471.56,550.004,4.49371,0.000617803,0.525981,0,655.6425141,10849.9,136.13,79.7025,0.000205615,0.105651,0,269.2577999,888.634,198.228,4.48289,0.000137671,0.0836702,6,-353.8569667,1562.35,488.898,3.19566,0.000429533,0.294412
24.278254,1,AUTO,ARMED,5,AVAILABLE,UNAVAILABLE,UNAVAILABLE,24,7,ACTIVE,11,F1_N2-A3.NC,F1_N2-A3.NC,2077098.662,194564.758,5711.8,3430.6238,100,0.0,23,100,0,3,100,9000.0,2471.56,550.004,4.49371,0.000617803,0.525981,0,655.6424998,10849.9,136.13,79.7025,0.000205615,0.105651,0,269.257807,888.634,198.228,4.48289,0.000137671,0.0836702,6,-353.8569896,1562.35,488.898,3.19566,0.000429533,0.294412
24.427066,1,AUTO,ARMED,5,AVAILABLE,UNAVAILABLE,UNAVAILABLE,26,7,ACTIVE,11,F1_N2-A3.NC,F1_N2-A3.NC,2077098.662,194564.758,5711.8,3430.6238,100,22.3,23,100,0,3,100,9000.0,2471.56,550.004,4.49371,0.000617803,0.525981,1,654.3707264,10849.9,136.13,79.7025,0.000205615,0.105651,0,269.892086,888.634,198.228,4.48289,0.000137671,0.0836702,6,-353.8569896,1562.35,488.898,3.19566,0.000429533,0.294412
24.574843,1,AUTO,ARMED,5,AVAILABLE,UNAVAILABLE,UNAVAILABLE,26,7,ACTIVE,11,F1_N2-A3.NC,F1_N2-A3.NC,2077098.662,194564.758,5711.8,3430.6238,100,22.3,23,100,0,3,100,9000.0,2471.56,550.004,4.49371,0.000617803,0.525981,1,650.0816819,10849.9,136.13,79.7025,0.000205615,0.105651,0,269.8924293,888.634,198.228,4.48289,0.000137671,0.0836702,6,-353.857001,1562.35,488.898,3.19566,0.000429533,0.294412
24.712721,1,AUTO,ARMED,5,AVAILABLE,UNAVAILABLE,UNAVAILABLE,26,7,ACTIVE,11,F1_N2-A3.NC,F1_N2-A3.NC,2077098.662,194564.758,5711.8,4687.5298,100,32.31667,23,100,0,6,100,9000.0,2471.56,550.004,4.49371,0.000617803,0.525981,0,645.7118742,10849.9,136.13,79.7025,0.000205615,0.105651,0,269.8927225,888.634,198.228,4.48289,0.000137671,0.0836702,6,-353.8570354,1562.35,488.898,3.19566,0.000429533,0.294412
24.854555,1,AUTO,ARMED,5,AVAILABLE,UNAVAILABLE,UNAVAILABLE,26,7,ACTIVE,11,F1_N2-A3.NC,F1_N2-A3.NC,2077098.662,194564.758,5711.8,4687.5298,100,42.33333,23,100,0,9,100,9000.0,2471.56,550.004,4.49371,0.000617803,0.525981,0,643.5318445,10849.9,136.13,79.7025,0.000205615,0.105651,0,269.8927654,888.634,198.228,4.48289,0.000137671,0.0836702,6,-353.857001,1562.35,488.898,3.19566,0.000429533,0.294412
24.997537,1,AUTO,ARMED,5,AVAILABLE,UNAVAILABLE,UNAVAILABLE,26,7,ACTIVE,11,F1_N2-A3.NC,F1_N2-A3.NC,2077098.662,194564.758,5711.8,4687.5298,100,42.33333,23,100,0,10,100,9000.0,4391.22,1073.51,4.09053,0.000553593,0.52343,0,630.4505458,11113.9,396.953,27.998,0.000187425,0.159187,0,269.8928084,1897.36,667.728,2.84152,0.000127268,0.196634,6,-353.857001,2307.47,866.678,2.66243,0.000369226,0.376245
25.142783,1,AUTO,ARMED,5,AVAILABLE,UNAVAILABLE,UNAVAILABLE,26,7,ACTIVE,11,F1_N2-A3.NC,F1_N2-A3.NC,2077098.662,194564.758,5711.8,4687.5298,100,42.33333,24,100,0,10,100,9000.0,4391.22,1073.51,4.09053,0.000553593,0.52343,0,626.0905997,11113.9,396.953,27.998,0.000187425,0.159187,0,269.8927941,1897.36,667.728,2.84152,0.000127268,0.196634,6,-353.8569896,2307.47,866.678,2.66243,0.000369226,0.376245
25.281692,1,AUTO,ARMED,5,AVAILABLE,UNAVAILABLE,UNAVAILABLE,26,7,ACTIVE,11,F1_N2-A3.NC,F1_N2-A3.NC,2077098.662,194564.758,5711.8,4687.5298,100,42.33333,24,100,0,9,100,9000.0,4391.22,1073.51,4.09053,0.000553593,0.52343,0,621.7405524,11113.9,396.953,27.998,0.000187425,0.159187,0,269.8928012,1897.36,667.728,2.84152,0.000127268,0.196634,6,-353.8570125,2307.47,866.678,2.66243,0.000369226,0.376245
25.438063,1,AUTO,ARMED,5,AVAILABLE,UNAVAILABLE,UNAVAILABLE,26,7,ACTIVE,11,F1_N2-A3.NC,F1_N2-A3.NC,2077098.662,194564.758,5711.8,4687.5298,100,42.33333,24,100,0,8,100,9000.0,4391.22,1073.51,4.09053,0.000553593,0.52343,0,613.009345,11113.9,396.953,27.998,0.000187425,0.159187,0,269.8928012,1897.36,667.728,2.84152,0.000127268,0.196634,6,-353.8569667,2307.47,866.678,2.66243,0.000369226,0.376245
25.600079,1,AUTO,ARMED,5,AVAILABLE,UNAVAILABLE,UNAVAILABLE,26,7,ACTIVE,11,F1_N2-A3.NC,F1_N2-A3.NC,2077098.662,194564.758,5711.8,4687.5298,100,42.33333,24,100,0,8,100,9000.0,4391.22,1073.51,4.09053,0.000553593,0.52343,0,608.6598389,11113.9,396.953,27.998,0.000187425,0.159187,0,269.8928298,1897.36,667.728,2.84152,0.000127268,0.196634,6,-353.8570354,2307.47,866.678,2.66243,0.000369226,0.376245
25.745833,1,AUTO,ARMED,5,AVAILABLE,UNAVAILABLE,UNAVAILABLE,26,7,ACTIVE,11,F1_N2-A3.NC,F1_N2-A3.NC,2077098.662,194564.758,5711.8,4481.4673,100,42.33333,24,100,0,9,100,9000.0,4391.22,1073.51,4.09053,0.000553593,0.52343,0,604.2990915,11113.9,396.953,27.998,0.000187425,0.159187,0,269.8927869,1897.36,667.728,2.84152,0.000127268,0.196634,6,-353.857001,2307.47,866.678,2.66243,0.000369226,0.376245
25.884715,1,AUTO,ARMED,5,AVAILABLE,UNAVAILABLE,UNAVAILABLE,26,7,ACTIVE,11,F1_N2-A3.NC,F1_N2-A3.NC,2077098.662,194564.758,5711.8,4481.4673,100,42.33333,24,100,0,9,100,9000.0,4391.22,1073.51,4.09053,0.000553593,0.52343,0,595.5784336,11113.9,396.953,27.998,0.000187425,0.159187,0,269.8928155,1897.36,667.728,2.84152,0.000127268,0.196634,6,-353.8570239,2307.47,866.678,2.66243,0.000369226,0.376245
26.033383,1,AUTO,ARMED,5,AVAILABLE,UNAVAILABLE,UNAVAILABLE,26,7,ACTIVE,11,F1_N2-A3.NC,F1_N2-A3.NC,2077098.662,194564.758,5711.8,4481.4673,100,42.33333,24,100,0,9,100,9000.0,4031.28,1107.44,3.64018,0.000576715,0.520083,0,586.8474473,12074.1,506.251,23.85,0.000246588,0.280129,0,269.8928227,1873.34,630.674,2.97038,0.00018288,0.185318,6,-353.857001,2379.58,931.94,2.55336,0.000334089,0.390995
26.173769,1,AUTO,ARMED,5,AVAILABLE,UNAVAILABLE,UNAVAILABLE,26,7,ACTIVE,11,F1_N2-A3.NC,F1_N2-A3.NC,2077098.662,194564.758,5711.8,4481.4673,100,42.33333,25,100,0,9,100,9000.0,4031.28,1107.44,3.64018,0.000576715,0.520083,0,582.4976192,12074.1,506.251,23.85,0.000246588,0.280129,0,269.8927726,1873.34,630.674,2.97038,0.00018288,0.185318,6,-353.8570125,2379.58,931.94,2.55336,0.000334089,0.390995
26.317116,1,AUTO,ARMED,5,AVAILABLE,UNAVAILABLE,UNAVAILABLE,26,7,ACTIVE,11,F1_N2-A3.NC,F1_N2-A3.NC,2077098.662,194564.758,5711.8,4481.4673,100,42.33333,25,100,0,9,100,9000.0,4031.28,1107.44,3.64018,0.000576715,0.520083,0,578.1371229,12074.1,506.251,23.85,0.000246588,0.280129,0,269.8928084,1873.34,630.674,2.97038,0.00018288,0.185318,6,-353.857001,2379.58,931.94,2.55336,0.000334089,0.390995
26.463437,1,AUTO,ARMED,5,AVAILABLE,UNAVAILABLE,UNAVAILABLE,26,7,ACTIVE,11,F1_N2-A3.NC,F1_N2-A3.NC,2077098.662,194564.758,5711.8,4481.4673,100,42.33333,25,100,0,9,100,9000.0,4031.28,1107.44,3.64018,0.000576715,0.520083,0,573.7664699,12074.1,506.251,23.85,0.000246588,0.280129,0,269.8927941,1873.34,630.674,2.97038,0.00018288,0.185318,6,-353.8569896,2379.58,931.94,2.55336,0.000334089,0.390995
26.619883,1,AUTO,ARMED,5,AVAILABLE,UNAVAILABLE,UNAVAILABLE,26,7,ACTIVE,11,F1_N2-A3.NC,F1_N2-A3.NC,2077098.662,194564.758,5711.8,4481.4673,100,42.33333,25,100,0,8,100,9000.0,4031.28,1107.44,3.64018,0.000576715,0.520083,0,562.8761047,12074.1,506.251,23.85,0.000246588,0.280129,0,269.8928012,1873.34,630.674,2.97038,0.00018288,0.185318,6,-353.8569896,2379.58,931.94,2.55336,0.000334089,0.390995
26.760663,1,AUTO,ARMED,5,AVAILABLE,UNAVAILABLE,UNAVAILABLE,26,7,ACTIVE,11,F1_N2-A3.NC,F1_N2-A3.NC,2077098.662,194564.758,5711.8,4481.4673,100,42.33333,25,100,0,8,100,9000.0,4031.28,1107.44,3.64018,0.000576715,0.520083,0,558.5054216,12074.1,506.251,23.85,0.000246588,0.280129,0,269.8927941,1873.34,630.674,2.97038,0.00018288,0.185318,6,-353.8570125,2379.58,931.94,2.55336,0.000334089,0.390995
26.908437,1,AUTO,ARMED,5,AVAILABLE,UNAVAILABLE,UNAVAILABLE,26,7,ACTIVE,11,F1_N2-A3.NC,F1_N2-A3.NC,2077098.662,194564.758,5711.8,3485.6946,100,42.33333,25,100,0,9,100,9000.0,4031.28,1107.44,3.64018,0.000576715,0.520083,0,554.1553645,12074.1,506.251,23.85,0.000246588,0.280129,0,269.8928084,1873.34,630.674,2.97038,0.00018288,0.185318,6,-353.8570125,2379.58,931.94,2.55336,0.000334089,0.390995
27.047998,1,AUTO,ARMED,5,AVAILABLE,UNAVAILABLE,UNAVAILABLE,26,7,ACTIVE,11,F1_N2-A3.NC,F1_N2-A3.NC,2077098.662,194564.758,5711.8,3485.6946,100,42.33333,25,100,0,9,100,9000.0,4031.28,1107.44,3.64018,0.000576715,0.520083,0,545.4242729,12074.1,506.251,23.85,0.000246588,0.280129,0,269.8927869,1873.34,630.674,2.97038,0.00018288,0.185318,6,-353.8570239,2379.58,931.94,2.55336,0.000334089,0.390995
27.195159,1,AUTO,ARMED,5,AVAILABLE,UNAVAILABLE,UNAVAILABLE,26,7,ACTIVE,11,F1_N2-A3.NC,F1_N2-A3.NC,2077098.662,194564.758,5711.8,3485.6946,100,42.33333,26,100,0,7,100,9000.0,4271.24,549.004,7.77998,0.000602379,0.523258,0,541.0642667,12386.1,123.893,99.9742,0.000162545,0.118266,0,269.8930587,1921.37,142.288,13.5034,0.000119893,0.0727743,6,-353.8569896,2307.47,482.688,4.78046,0.000413153,0.294778
27.336894,1,AUTO,ARMED,5,AVAILABLE,UNAVAILABLE,UNAVAILABLE,26,7,ACTIVE,11,F1_N2-A3.NC,F1_N2-A3.NC,2077098.662,194564.758,5711.8,3485.6946,100,30.91667,26,100,0,4,100,9000.0,4271.24,549.004,7.77998,0.000602379,0.523258,0,536.9229324,12386.1,123.893,99.9742,0.000162545,0.118266,0,269.8929013,1921.37,142.288,13.5034,0.000119893,0.0727743,6,-353.8569667,2307.47,482.688,4.78046,0.000413153,0.294778
27.478449,1,AUTO,ARMED,5,AVAILABLE,UNAVAILABLE,UNAVAILABLE,27,7,ACTIVE,11,F1_N2-A3.NC,F1_N2-A3.NC,2077098.662,194564.758,5711.8,3485.6946,100,0.0,26,100,0,2,100,9000.0,4271.24,549.004,7.77998,0.000602379,0.523258,0,536.2624893,12386.1,123.893,99.9742,0.000162545,0.118266,0,269.8928084,1921.37,142.288,13.5034,0.000119893,0.0727743,6,-353.857001,2307.47,482.688,4.78046,0.000413153,0.294778
27.62444,1,AUTO,ARMED,5,AVAILABLE,UNAVAILABLE,UNAVAILABLE,27,7,ACTIVE,11,F1_N2-A3.NC,F1_N2-A3.NC,2077098.662,194564.758,5711.8,3485.6946,100,0.0,26,100,0,2,100,9000.0,4271.24,549.004,7.77998,0.000602379,0.523258,0,536.2624321,12386.1,123.893,99.9742,0.000162545,0.118266,0,269.8927941,1921.37,142.288,13.5034,0.000119893,0.0727743,6,-353.8570125,2307.47,482.688,4.78046,0.000413153,0.294778
27.776482,1,AUTO,ARMED,5,AVAILABLE,UNAVAILABLE,UNAVAILABLE,27,7,ACTIVE,11,F1_N2-A3.NC,F1_N2-A3.NC,2077098.662,194564.758,5711.8,3485.6946,100,0.0,26,100,0,3,100,9000.0,4271.24,549.004,7.77998,0.000602379,0.523258,0,536.2624607,12386.1,123.893,99.9742,0.000162545,0.118266,0,269.8928012,1921.37,142.288,13.5034,0.000119893,0.0727743,6,-353.8569782,2307.47,482.688,4.78046,0.000413153,0.294778
27.924234,1,AUTO,ARMED,5,AVAILABLE,UNAVAILABLE,UNAVAILABLE,27,7,ACTIVE,11,F1_N2-A3.NC,F1_N2-A3.NC,2077098.662,194564.758,5711.8,3390.7568,100,0.0,26,100,0,4,100,9000.0,4271.24,549.004,7.77998,0.000602379,0.523258,0,536.2624821,12386.1,123.893,99.9742,0.000162545,0.118266,0,269.8928012,1921.37,142.288,13.5034,0.000119893,0.0727743,6,-353.8570125,2307.47,482.688,4.78046,0.000413153,0.294778
28.065447,1,AUTO,ARMED,5,AVAILABLE,UNAVAILABLE,UNAVAILABLE,27,7,ACTIVE,11,F1_N2-A3.NC,F1_N2-A3.NC,2077098.662,194564.758,5711.8,3390.7568,100,0.0,26,100,0,4,100,9000.0,4271.24,549.004,7.77998,0.000602379,0.523258,0,536.2624821,12386.1,123.893,99.9742,0.000162545,0.118266,0,269.8928012,1921.37,142.288,13.5034,0.000119893,0.0727743,6,-353.857001,2307.47,482.688,4.78046,0.000413153,0.294778
28.209738,1,AUTO,ARMED,5,AVAILABLE,UNAVAILABLE,UNAVAILABLE,27,7,ACTIVE,11,F1_N2-A3.NC,F1_N2-A3.NC,2077098.662,194564.758,5711.8,3390.7568,100,0.0,27,100,0,4,100,9000.0,2495.56,562.007,4.44044,0.000820495,0.541821,0,536.2624821,3648.63,125.524,29.0672,0.00016014,0.122706,0,269.8928012,984.703,145.696,6.75861,0.000171963,0.0796183,6,-353.8569896,1730.6,509.222,3.39852,0.000500318,0.298087
28.356295,1,AUTO,ARMED,5,AVAILABLE,UNAVAILABLE,UNAVAILABLE,30,7,ACTIVE,11,F1_N2-A3.NC,F1_N2-A3.NC,2077098.662,194564.758,5711.8,3390.7568,100,0.0,27,100,0,3,100,9000.0,2495.56,562.007,4.44044,0.000820495,0.541821,0,536.2624893,3648.63,125.524,29.0672,0.00016014,0.122706,0,270.0748228,984.703,145.696,6.75861,0.000171963,0.0796183,6,-353.8569896,1730.6,509.222,3.39852,0.000500318,0.298087
28.49677,1,AUTO,ARMED,5,AVAILABLE,UNAVAILABLE,UNAVAILABLE,30,7,ACTIVE,11,F1_N2-A3.NC,F1_N2-A3.NC,2077098.662,194564.758,5711.8,3390.7568,100,0.0,27,100,0,3,100,9000.0,2495.56,562.007,4.44044,0.000820495,0.541821,0,536.2625107,3648.63,125.524,29.0672,0.00016014,0.122706,0,270.527166,984.703,145.696,6.75861,0.000171963,0.0796183,6,-353.8569896,1730.6,509.222,3.39852,0.000500318,0.298087
28.642441,1,AUTO,ARMED,5,AVAILABLE,UNAVAILABLE,UNAVAILABLE,31,7,ACTIVE,11,F1_N2-A3.NC,F1_N2-A3.NC,2077098.662,194564.758,5711.8,3390.7568,100,0.0,27,100,0,3,100,9000.0,2495.56,562.007,4.44044,0.000820495,0.541821,0,536.2625107,3648.63,125.524,29.0672,0.00016014,0.122706,0,270.5277668,984.703,145.696,6.75861,0.000171963,0.0796183,6,-353.857001,1730.6,509.222,3.39852,0.000500318,0.298087
28.782932,1,AUTO,ARMED,5,AVAILABLE,UNAVAILABLE,UNAVAILABLE,31,7,ACTIVE,11,F1_N2-A3.NC,F1_N2-A3.NC,2077098.662,194564.758,5711.8,3390.7568,100,0.0,27,100,0,3,100,9000.0,2495.56,562.007,4.44044,0.000820495,0.541821,0,536.2624893,3648.63,125.524,29.0672,0.00016014,0.122706,0,270.5278025,984.703,145.696,6.75861,0.000171963,0.0796183,6,-353.8569896,1730.6,509.222,3.39852,0.000500318,0.298087
28.922381,1,AUTO,ARMED,5,AVAILABLE,UNAVAILABLE,UNAVAILABLE,31,7,ACTIVE,11,F1_N2-A3.NC,F1_N2-A3.NC,2077098.662,194564.758,5711.8,3390.7568,100,0.0,27,100,0,3,100,9000.0,2495.56,562.007,4.44044,0.000820495,0.541821,0,536.2625107,3648.63,125.524,29.0672,0.00016014,0.122706,0,270.5278168,984.703,145.696,6.75861,0.000171963,0.0796183,6,-353.857001,1730.6,509.222,3.39852,0.000500318,0.298087
29.076243,1,AUTO,ARMED,5,AVAILABLE,UNAVAILABLE,UNAVAILABLE,31,7,ACTIVE,11,F1_N2-A3.NC,F1_N2-A3.NC,2077098.662,194564.758,5711.8,3544.0317,100,0.0,27,100,0,3,100,9000.0,2495.56,562.007,4.44044,0.000820495,0.541821,0,536.2624964,3648.63,125.524,29.0672,0.00016014,0.122706,0,270.5278097,984.703,145.696,6.75861,0.000171963,0.0796183,6,-353.8569782,1730.6,509.222,3.39852,0.000500318,0.298087
29.216691,1,AUTO,ARMED,5,AVAILABLE,UNAVAILABLE,UNAVAILABLE,31,7,ACTIVE,11,F1_N2-A3.NC,F1_N2-A3.NC,2077098.662,194564.758,5711.8,3544.0317,100,0.0,28,100,0,3,100,9000.0,5902.95,1724.93,3.42214,0.000581685,0.553404,0,536.2624893,16898.9,801.657,21.08,0.000310613,0.299819,0,270.5277954,2713.94,172.062,15.773,0.00015812,0.0832891,6,-353.857001,2716.08,620.444,4.37764,0.000349181,0.323772
29.361856,1,AUTO,ARMED,5,AVAILABLE,UNAVAILABLE,UNAVAILABLE,31,7,ACTIVE,11,F1_N2-A3.NC,F1_N2-A3.NC,2077098.662,194564.758,5711.8,3544.0317,100,0.0,28,100,0,3,100,9000.0,5902.95,1724.93,3.42214,0.000581685,0.553404,0,536.2625036,16898.9,801.657,21.08,0.000310613,0.299819,0,270.5278025,2713.94,172.062,15.773,0.00015812,0.0832891,6,-353.8569667,2716.08,620.444,4.37764,0.000349181,0.323772
29.500659,1,AUTO,ARMED,5,AVAILABLE,UNAVAILABLE,UNAVAILABLE,31,7,ACTIVE,11,F1_N2-A3.NC,F1_N2-A3.NC,2077098.662,194564.758,5711.8,3544.0317,100,0.0,28,100,0,3,100,9000.0,5902.95,1724.93,3.42214,0.000581685,0.553404,0,536.259361,16898.9,801.657,21.08,0.000310613,0.299819,0,270.5278097,2713.94,172.062,15.773,0.00015812,0.0832891,6,-353.8570239,2716.08,620.444,4.37764,0.000349181,0.323772
29.640501,1,AUTO,ARMED,5,AVAILABLE,UNAVAILABLE,UNAVAILABLE,32,7,ACTIVE,11,F1_N2-A3.NC,F1_N2-A3.NC,2077098.662,194564.758,5711.8,3544.0317,100,48.68333,28,100,0,3,100,9000.0,5902.95,1724.93,3.42214,0.000581685,0.553404,1,543.9013079,16898.9,801.657,21.08,0.000310613,0.299819,0,270.527638,2713.94,172.062,15.773,0.00015812,0.0832891,6,-353.8570125,2716.08,620.444,4.37764,0.000349181,0.323772
29.781189,1,AUTO,ARMED,5,AVAILABLE,UNAVAILABLE,UNAVAILABLE,32,7,ACTIVE,11,F1_N2-A3.NC,F1_N2-A3.NC,2077098.662,194564.758,5711.8,3544.0317,100,48.68333,28,100,0,8,100,9000.0,5902.95,1724.93,3.42214,0.000581685,0.553404,1,548.9035842,16898.9,801.657,21.08,0.000310613,0.299819,0,270.527731,2713.94,172.062,15.773,0.00015812,0.0832891,6,-353.8570125,2716.08,620.444,4.37764,0.000349181,0.323772
29.917358,1,AUTO,ARMED,5,AVAILABLE,UNAVAILABLE,UNAVAILABLE,32,7,ACTIVE,11,F1_N2-A3.NC,F1_N2-A3.NC,2077098.662,194564.758,5711.8,3544.0317,100,48.68333,28,100,0,11,100,9000.0,5902.95,1724.93,3.42214,0.000581685,0.553404,1,553.9299143,16898.9,801.657,21.08,0.000310613,0.299819,0,270.5277954,2713.94,172.062,15.773,0.00015812,0.0832891,6,-353.857001,2716.08,620.444,4.37764,0.000349181,0.323772
30.060666,1,AUTO,ARMED,5,AVAILABLE,UNAVAILABLE,UNAVAILABLE,32,7,ACTIVE,11,F1_N2-A3.NC,F1_N2-A3.NC,2077098.662,194564.758,5711.8,4473.2051,100,48.68333,28,100,0,11,100,9000.0,5902.95,1724.93,3.42214,0.000581685,0.553404,1,563.9468761,16898.9,801.657,21.08,0.000310613,0.299819,0,270.5277811,2713.94,172.062,15.773,0.00015812,0.0832891,6,-353.857001,2716.08,620.444,4.37764,0.000349181,0.323772
30.220973,1,AUTO,ARMED,5,AVAILABLE,UNAVAILABLE,UNAVAILABLE,32,7,ACTIVE,11,F1_N2-A3.NC,F1_N2-A3.NC,2077098.662,194564.758,5711.8,4473.2051,100,48.68333,29,100,0,10,100,9000.0,5902.95,1724.93,3.42214,0.000581685,0.553404,1,568.9733049,16898.9,801.657,21.08,0.000310613,0.299819,0,270.5278168,2713.94,172.062,15.773,0.00015812,0.0832891,6,-353.8570125,2716.08,620.444,4.37764,0.000349181,0.323772
30.359824,1,AUTO,ARMED,5,AVAILABLE,UNAVAILABLE,UNAVAILABLE,32,7,ACTIVE,11,F1_N2-A3.NC,F1_N2-A3.NC,2077098.662,194564.758,5711.8,4473.2051,100,48.68333,29,100,0,10,100,9000.0,6142.91,1708.6,3.59529,0.000618833,0.591466,1,573.9876818,16730.9,600.689,27.8528,0.000190349,0.198768,0,270.5278025,2834.02,850.106,3.33373,0.000169109,0.22336,6,-353.8569782,2908.37,1063.94,2.73358,0.00045791,0.423168
30.504766,1,AUTO,ARMED,5,AVAILABLE,UNAVAILABLE,UNAVAILABLE,32,7,ACTIVE,11,F1_N2-A3.NC,F1_N2-A3.NC,2077098.662,194564.758,5711.8,4473.2051,100,48.68333,29,100,0,9,100,9000.0,6142.91,1708.6,3.59529,0.000618833,0.591466,1,584.0041832,16730.9,600.689,27.8528,0.000190349,0.198768,0,270.5277882,2834.02,850.106,3.33373,0.000169109,0.22336,6,-353.8569782,2908.37,1063.94,2.73358,0.00045791,0.423168
30.648337,1,AUTO,ARMED,5,AVAILABLE,UNAVAILABLE,UNAVAILABLE,32,7,ACTIVE,11,F1_N2-A3.NC,F1_N2-A3.NC,2077098.662,194564.758,5711.8,4473.2051,100,48.68333,29,100,0,9,100,9000.0,6142.91,1708.6,3.59529,0.000618833,0.591466,1,591.5381674,16730.9,600.689,27.8528,0.000190349,0.198768,0,270.5277954,2834.02,850.106,3.33373,0.000169109,0.22336,6,-353.857001,2908.37,1063.94,2.73358,0.00045791,0.423168
30.792612,1,AUTO,ARMED,5,AVAILABLE,UNAVAILABLE,UNAVAILABLE,32,7,ACTIVE,11,F1_N2-A3.NC,F1_N2-A3.NC,2077098.662,194564.758,5711.8,4473.2051,100,48.68333,29,100,0,9,100,9000.0,6142.91,1708.6,3.59529,0.000618833,0.591466,1,596.5401906,16730.9,600.689,27.8528,0.000190349,0.198768,0,270.5278097,2834.02,850.106,3.33373,0.000169109,0.22336,6,-353.8570239,2908.37,1063.94,2.73358,0.00045791,0.423168
30.959385,1,AUTO,ARMED,5,AVAILABLE,UNAVAILABLE,UNAVAILABLE,32,7,ACTIVE,11,F1_N2-A3.NC,F1_N2-A3.NC,2077098.662,194564.758,5711.8,4473.2051,100,48.68333,29,100,0,9,100,9000.0,6142.91,1708.6,3.59529,0.000618833,0.591466,1,606.5810079,16730.9,600.689,27.8528,0.000190349,0.198768,0,270.5278168,2834.02,850.106,3.33373,0.000169109,0.22336,6,-353.8570239,2908.37,1063.94,2.73358,0.00045791,0.423168
31.115977,1,AUTO,ARMED,5,AVAILABLE,UNAVAILABLE,UNAVAILABLE,32,7,ACTIVE,11,F1_N2-A3.NC,F1_N2-A3.NC,2077098.662,194564.758,5711.8,4486.6069,100,48.68333,29,100,0,9,100,9000.0,6142.91,1708.6,3.59529,0.000618833,0.591466,1,611.5954049,16730.9,600.689,27.8528,0.000190349,0.198768,0,270.5277882,2834.02,850.106,3.33373,0.000169109,0.22336,6,-353.857001,2908.37,1063.94,2.73358,0.00045791,0.423168
31.277969,1,AUTO,ARMED,5,AVAILABLE,UNAVAILABLE,UNAVAILABLE,32,7,ACTIVE,11,F1_N2-A3.NC,F1_N2-A3.NC,2077098.662,194564.758,5711.8,4486.6069,100,48.68333,30,100,0,9,100,9000.0,6142.91,1708.6,3.59529,0.000618833,0.591466,1,621.6242632,16730.9,600.689,27.8528,0.000190349,0.198768,0,270.527824,2834.02,850.106,3.33373,0.000169109,0.22336,6,-353.8570354,2908.37,1063.94,2.73358,0.00045791,0.423168
31.429978,1,AUTO,ARMED,5,AVAILABLE,UNAVAILABLE,UNAVAILABLE,32,7,ACTIVE,11,F1_N2-A3.NC,F1_N2-A3.NC,2077098.662,194564.758,5711.8,4486.6069,100,48.68333,30,100,0,9,100,9000.0,5998.93,1604.91,3.73786,0.000582094,0.550645,1,626.6387638,16658.9,735.865,22.6385,0.000238704,0.269326,0,270.5277739,2569.84,275.092,9.34175,0.000133596,0.0963519,6,-353.8569782,2908.37,1148.23,2.53292,0.000455945,0.450251
31.568337,1,AUTO,ARMED,5,AVAILABLE,UNAVAILABLE,UNAVAILABLE,32,7,ACTIVE,11,F1_N2-A3.NC,F1_N2-A3.NC,2077098.662,194564.758,5711.8,4486.6069,100,48.68333,30,100,0,9,100,9000.0,5998.93,1604.91,3.73786,0.000582094,0.550645,1,636.6673776,16658.9,735.865,22.6385,0.000238704,0.269326,0,270.5277954,2569.84,275.092,9.34175,0.000133596,0.0963519,6,-353.8570239,2908.37,1148.23,2.53292,0.000455945,0.450251
31.723018,1,AUTO,ARMED,5,AVAILABLE,UNAVAILABLE,UNAVAILABLE,32,7,ACTIVE,11,F1_N2-A3.NC,F1_N2-A3.NC,2077098.662,194564.758,5711.8,4486.6069,100,48.68333,30,100,0,9,100,9000.0,5998.93,1604.91,3.73786,0.000582094,0.550645,1,641.681817,16658.9,735.865,22.6385,0.000238704,0.269326,0,270.5278025,2569.84,275.092,9.34175,0.000133596,0.0963519,6,-353.857001,2908.37,1148.23,2.53292,0.000455945,0.450251
31.870839,1,AUTO,ARMED,5,AVAILABLE,UNAVAILABLE,UNAVAILABLE,32,7,ACTIVE,11,F1_N2-A3.NC,F1_N2-A3.NC,2077098.662,194564.758,5711.8,4486.6069,100,48.68333,30,100,0,9,100,9000.0,5998.93,1604.91,3.73786,0.000582094,0.550645,1,646.6960204,16658.9,735.865,22.6385,0.000238704,0.269326,0,270.5278025,2569.84,275.092,9.34175,0.000133596,0.0963519,6,-353.8569896,2908.37,1148.23,2.53292,0.000455945,0.450251
32.010694,1,AUTO,ARMED,5,AVAILABLE,UNAVAILABLE,UNAVAILABLE,32,7,ACTIVE,11,F1_N2-A3.NC,F1_N2-A3.NC,2077098.662,194564.758,5711.8,4486.6069,100,25.06667,30,100,0,3,100,9000.0,5998.93,1604.91,3.73786,0.000582094,0.550645,0,655.6411337,16658.9,735.865,22.6385,0.000238704,0.269326,0,270.527824,2569.84,275.092,9.34175,0.000133596,0.0963519,6,-353.8569896,2908.37,1148.23,2.53292,0.000455945,0.450251
32.152312,1,AUTO,ARMED,5,AVAILABLE,UNAVAILABLE,UNAVAILABLE,32,7,ACTIVE,11,F1_N2-A3.NC,F1_N2-A3.NC,2077098.662,194564.758,5711.8,4486.6069,100,25.06667,31,100,0,3,100,9000.0,5998.93,1604.91,3.73786,0.000582094,0.550645,0,655.6425642,16658.9,735.865,22.6385,0.000238704,0.269326,0,270.5278168,2569.84,275.092,9.34175,0.000133596,0.0963519,6,-353.8570239,2908.37,1148.23,2.53292,0.000455945,0.450251
32.291058,1,AUTO,ARMED,5,AVAILABLE,UNAVAILABLE,UNAVAILABLE,33,7,ACTIVE,11,F1_N2-A3.NC,F1_N2-A3.NC,2077098.662,194564.758,5711.8,3439.1982,100,0.0,31,100,0,2,100,9000.0,5998.93,1604.91,3.73786,0.000582094,0.550645,0,655.6425857,16658.9,735.865,22.6385,0.000238704,0.269326,0,270.5278097,2569.84,275.092,9.34175,0.000133596,0.0963519,6,-353.8569667,2908.37,1148.23,2.53292,0.000455945,0.450251
32.44247,1,AUTO,ARMED,5,AVAILABLE,UNAVAILABLE,UNAVAILABLE,33,7,ACTIVE,11,F1_N2-A3.NC,F1_N2-A3.NC,2077098.662,194564.758,5711.8,3439.1982,100,0.0,31,100,0,2,100,9000.0,2639.53,574.193,4.59694,0.000592525,0.53746,0,655.642557,1416.24,133.762,10.5878,0.000187579,0.106282,0,270.5278097,840.6,166.98,5.03414,0.000121196,0.0767004,6,-353.8570239,1610.42,477.514,3.37251,0.000495014,0.300646
32.587097,1,AUTO,ARMED,5,AVAILABLE,UNAVAILABLE,UNAVAILABLE,33,7,ACTIVE,11,F1_N2-A3.NC,F1_N2-A3.NC,2077098.662,194564.758,5711.8,3439.1982,100,0.0,31,100,0,3,100,9000.0,2639.53,574.193,4.59694,0.000592525,0.53746,0,655.6425284,1416.24,133.762,10.5878,0.000187579,0.106282,0,270.5278025,840.6,166.98,5.03414,0.000121196,0.0767004,6,-353.8569782,1610.42,477.514,3.37251,0.000495014,0.300646
32.725159,1,AUTO,ARMED,5,AVAILABLE,UNAVAILABLE,UNAVAILABLE,33,7,ACTIVE,11,F1_N2-A3.NC,F1_N2-A3.NC,2077098.662,194564.758,5711.8,3439.1982,100,0.0,31,100,0,3,100,9000.0,2639.53,574.193,4.59694,0.000592525,0.53746,0,655.6425213,1416.24,133.762,10.5878,0.000187579,0.106282,0,270.5277882,840.6,166.98,5.03414,0.000121196,0.0767004,6,-353.8569667,1610.42,477.514,3.37251,0.000495014,0.300646
32.863804,1,AUTO,ARMED,5,AVAILABLE,UNAVAILABLE,UNAVAILABLE,33,7,ACTIVE,11,F1_N2-A3.NC,F1_N2-A3.NC,2077098.662,194564.758,5711.8,3439.1982,100,0.0,31,100,0,3,100,9000.0,2639.53,574.193,4.59694,0.000592525,0.53746,0,655.6425141,1416.24,133.762,10.5878,0.000187579,0.106282,0,270.5277882,840.6,166.98,5.03414,0.000121196,0.0767004,6,-353.857001,1610.42,477.514,3.37251,0.000495014,0.300646
33.003732,1,AUTO,ARMED,5,AVAILABLE,UNAVAILABLE,UNAVAILABLE,33,7,ACTIVE,11,F1_N2-A3.NC,F1_N2-A3.NC,2077098.662,194564.758,5711.8,3439.1982,100,0.0,31,100,0,3,100,9000.0,2639.53,574.193,4.59694,0.000592525,0.53746,0,655.642507,1416.24,133.762,10.5878,0.000187579,0.106282,0,270.5278097,840.6,166.98,5.03414,0.000121196,0.0767004,6,-353.8569782,1610.42,477.514,3.37251,0.000495014,0.300646
33.145062,1,AUTO,ARMED,5,AVAILABLE,UNAVAILABLE,UNAVAILABLE,34,7,ACTIVE,11,F1_N2-A3.NC,F1_N2-A3.NC,2077098.662,194564.758,5711.8,3439.1982,100,0.0,31,100,0,3,100,9000.0,2639.53,574.193,4.59694,0.000592525,0.53746,0,655.6424998,1416.24,133.762,10.5878,0.000187579,0.106282,0,270.5587712,840.6,166.98,5.03414,0.000121196,0.0767004,6,-353.8570354,1610.42,477.514,3.37251,0.000495014,0.300646
33.297412,1,AUTO,ARMED,5,AVAILABLE,UNAVAILABLE,UNAVAILABLE,35,7,ACTIVE,11,F1_N2-A3.NC,F1_N2-A3.NC,2077098.662,194564.758,5711.8,3439.1982,100,48.6,32,100,0,3,100,9000.0,2639.53,574.193,4.59694,0.000592525,0.53746,0,655.3599623,1416.24,133.762,10.5878,0.000187579,0.106282,0,271.1618884,840.6,166.98,5.03414,0.000121196,0.0767004,6,-353.8569782,1610.42,477.514,3.37251,0.000495014,0.300646
33.447031,1,AUTO,ARMED,5,AVAILABLE,UNAVAILABLE,UNAVAILABLE,35,7,ACTIVE,11,F1_N2-A3.NC,F1_N2-A3.NC,2077098.662,194564.758,5711.8,4699.5649,100,48.68333,32,100,0,8,100,9000.0,4367.22,1116.49,3.91156,0.000583054,0.524616,0,646.2558606,13130.3,546.994,24.0045,0.000253685,0.232375,0,271.1626179,1897.36,700.95,2.70684,0.000155527,0.213442,6,-353.8570239,2619.94,1075.82,2.4353,0.000359725,0.429752
33.606603,1,AUTO,ARMED,5,AVAILABLE,UNAVAILABLE,UNAVAILABLE,35,7,ACTIVE,11,F1_N2-A3.NC,F1_N2-A3.NC,2077098.662,194564.758,5711.8,4699.5649,100,48.68333,32,100,0,10,100,9000.0,4367.22,1116.49,3.91156,0.000583054,0.524616,0,636.2398317,13130.3,546.994,24.0045,0.000253685,0.232375,0,271.1628039,1897.36,700.95,2.70684,0.000155527,0.213442,6,-353.8569896,2619.94,1075.82,2.4353,0.000359725,0.429752
33.750726,1,AUTO,ARMED,5,AVAILABLE,UNAVAILABLE,UNAVAILABLE,35,7,ACTIVE,11,F1_N2-A3.NC,F1_N2-A3.NC,2077098.662,194564.758,5711.8,4699.5649,100,48.68333,32,100,0,10,100,9000.0,4367.22,1116.49,3.91156,0.000583054,0.524616,0,626.1987797,13130.3,546.994,24.0045,0.000253685,0.232375,0,271.1628039,1897.36,700.95,2.70684,0.000155527,0.213442,6,-353.857001,2619.94,1075.82,2.4353,0.000359725,0.429752
33.889475,1,AUTO,ARMED,5,AVAILABLE,UNAVAILABLE,UNAVAILABLE,35,7,ACTIVE,11,F1_N2-A3.NC,F1_N2-A3.NC,2077098.662,194564.758,5711.8,4699.5649,100,48.68333,32,100,0,10,100,9000.0,4367.22,1116.49,3.91156,0.000583054,0.524616,0,621.1965551,13130.3,546.994,24.0045,0.000253685,0.232375,0,271.1627967,1897.36,700.95,2.70684,0.000155527,0.213442,6,-353.8569667,2619.94,1075.82,2.4353,0.000359725,0.429752
34.031918,1,AUTO,ARMED,5,AVAILABLE,UNAVAILABLE,UNAVAILABLE,35,7,ACTIVE,11,F1_N2-A3.NC,F1_N2-A3.NC,2077098.662,194564.758,5711.8,4699.5649,100,48.68333,32,100,0,9,100,9000.0,4367.22,1116.49,3.91156,0.000583054,0.524616,0,616.1700338,13130.3,546.994,24.0045,0.000253685,0.232375,0,271.1628182,1897.36,700.95,2.70684,0.000155527,0.213442,6,-353.8570354,2619.94,1075.82,2.4353,0.000359725,0.429752
34.176941,1,AUTO,ARMED,5,AVAILABLE,UNAVAILABLE,UNAVAILABLE,35,7,ACTIVE,11,F1_N2-A3.NC,F1_N2-A3.NC,2077098.662,194564.758,5711.8,4699.5649,100,48.68333,33,100,0,8,100,9000.0,4367.22,1116.49,3.91156,0.000583054,0.524616,0,606.1530762,13130.3,546.994,24.0045,0.000253685,0.232375,0,271.1628182,1897.36,700.95,2.70684,0.000155527,0.213442,6,-353.8569896,2619.94,1075.82,2.4353,0.000359725,0.429752
34.32318,1,AUTO,ARMED,5,AVAILABLE,UNAVAILABLE,UNAVAILABLE,35,7,ACTIVE,11,F1_N2-A3.NC,F1_N2-A3.NC,2077098.662,194564.758,5711.8,4699.5649,100,48.68333,33,100,0,8,100,9000.0,4367.22,1116.49,3.91156,0.000583054,0.524616,0,601.1390356,13130.3,546.994,24.0045,0.000253685,0.232375,0,271.1627967,1897.36,700.95,2.70684,0.000155527,0.213442,6,-353.8570354,2619.94,1075.82,2.4353,0.000359725,0.429752
34.461123,1,AUTO,ARMED,5,AVAILABLE,UNAVAILABLE,UNAVAILABLE,35,7,ACTIVE,11,F1_N2-A3.NC,F1_N2-A3.NC,2077098.662,194564.758,5711.9,4530.7935,100,48.68333,33,100,0,9,100,9000.0,4415.21,1162.96,3.79653,0.000565757,0.531088,0,591.1102465,13538.3,606.817,22.3104,0.000226153,0.267453,0,271.1628039,2137.53,804.712,2.65627,0.000141784,0.240348,6,-353.8569896,2740.12,946.608,2.89467,0.000425707,0.402369
34.614849,1,AUTO,ARMED,5,AVAILABLE,UNAVAILABLE,UNAVAILABLE,35,7,ACTIVE,11,F1_N2-A3.NC,F1_N2-A3.NC,2077098.662,194564.758,5711.9,4530.7935,100,48.68333,33,100,0,9,100,9000.0,4415.21,1162.96,3.79653,0.000565757,0.531088,0,586.0958698,13538.3,606.817,22.3104,0.000226153,0.267453,0,271.1627896,2137.53,804.712,2.65627,0.000141784,0.240348,6,-353.857001,2740.12,946.608,2.89467,0.000425707,0.402369
34.76474,1,AUTO,ARMED,5,AVAILABLE,UNAVAILABLE,UNAVAILABLE,35,7,ACTIVE,11,F1_N2-A3.NC,F1_N2-A3.NC,2077098.662,194564.758,5711.9,4530.7935,100,48.68333,33,100,0,9,100,9000.0,4415.21,1162.96,3.79653,0.000565757,0.531088,0,583.5885175,13538.3,606.817,22.3104,0.000226153,0.267453,0,271.1627967,2137.53,804.712,2.65627,0.000141784,0.240348,6,-353.8570125,2740.12,946.608,2.89467,0.000425707,0.402369
34.926194,1,AUTO,ARMED,5,AVAILABLE,UNAVAILABLE,UNAVAILABLE,35,7,ACTIVE,11,F1_N2-A3.NC,F1_N2-A3.NC,2077098.662,194564.758,5711.9,4530.7935,100,48.68333,33,100,0,9,100,9000.0,4415.21,1162.96,3.79653,0.000565757,0.531088,0,568.5575623,13538.3,606.817,22.3104,0.000226153,0.267453,0,271.1627967,2137.53,804.712,2.65627,0.000141784,0.240348,6,-353.857001,2740.12,946.608,2.89467,0.000425707,0.402369
35.073645,1,AUTO,ARMED,5,AVAILABLE,UNAVAILABLE,UNAVAILABLE,35,7,ACTIVE,11,F1_N2-A3.NC,F1_N2-A3.NC,2077098.662,194564.758,5711.9,4530.7935,100,48.68333,34,100,0,9,100,9000.0,4415.21,1162.96,3.79653,0.000565757,0.531088,0,563.5188362,13538.3,606.817,22.3104,0.000226153,0.267453,0,271.162811,2137.53,804.712,2.65627,0.000141784,0.240348,6,-353.857001,2740.12,946.608,2.89467,0.000425707,0.402369
35.223038,1,AUTO,ARMED,5,AVAILABLE,UNAVAILABLE,UNAVAILABLE,35,7,ACTIVE,11,F1_N2-A3.NC,F1_N2-A3.NC,2077098.662,194564.758,5711.9,4530.7935,100,48.68333,34,100,0,9,100,9000.0,4415.21,1162.96,3.79653,0.000565757,0.531088,0,558.5168369,13538.3,606.817,22.3104,0.000226153,0.267453,0,271.1627967,2137.53,804.712,2.65627,0.000141784,0.240348,6,-353.8570125,2740.12,946.608,2.89467,0.000425707,0.402369
35.390894,1,AUTO,ARMED,5,AVAILABLE,UNAVAILABLE,UNAVAILABLE,35,7,ACTIVE,11,F1_N2-A3.NC,F1_N2-A3.NC,2077098.662,194564.758,5711.9,4530.7935,100,48.68333,34,100,0,9,100,9000.0,4415.21,1162.96,3.79653,0.000565757,0.531088,0,548.4877898,13538.3,606.817,22.3104,0.000226153,0.267453,0,271.1628039,2137.53,804.712,2.65627,0.000141784,0.240348,6,-353.8569896,2740.12,946.608,2.89467,0.000425707,0.402369
35.539844,1,AUTO,ARMED,5,AVAILABLE,UNAVAILABLE,UNAVAILABLE,35,7,ACTIVE,11,F1_N2-A3.NC,F1_N2-A3.NC,2077098.662,194564.758,5711.9,3297.1655,100,48.68333,34,100,0,9,100,9000.0,4103.27,564.914,7.26353,0.000606242,0.531488,0,543.4737992,13466.3,127.378,105.719,0.00018086,0.128061,0,271.1630041,2305.65,161.48,14.2782,0.000157127,0.0866646,6,-353.8570125,2379.58,439.141,5.41872,0.000404186,0.283961
35.678785,1,AUTO,ARMED,5,AVAILABLE,UNAVAILABLE,UNAVAILABLE,35,7,ACTIVE,11,F1_N2-A3.NC,F1_N2-A3.NC,2077098.662,194564.758,5711.9,3297.1655,100,26.8,34,100,0,3,100,9000.0,4103.27,564.914,7.26353,0.000606242,0.531488,1,536.2699994,13466.3,127.378,105.719,0.00018086,0.128061,0,271.1628754,2305.65,161.48,14.2782,0.000157127,0.0866646,6,-353.8569667,2379.58,439.141,5.41872,0.000404186,0.283961
35.824021,1,AUTO,ARMED,5,AVAILABLE,UNAVAILABLE,UNAVAILABLE,36,7,ACTIVE,11,F1_N2-A3.NC,F1_N2-A3.NC,2077098.662,194564.758,5711.9,3297.1655,100,2.45,34,100,0,2,100,9000.0,4103.27,564.914,7.26353,0.000606242,0.531488,1,536.2628183,13466.3,127.378,105.719,0.00018086,0.128061,0,271.1628325,2305.65,161.48,14.2782,0.000157127,0.0866646,6,-353.8570354,2379.58,439.141,5.41872,0.000404186,0.283961
35.995285,1,AUTO,ARMED,5,AVAILABLE,UNAVAILABLE,UNAVAILABLE,36,7,ACTIVE,11,F1_N2-A3.NC,F1_N2-A3.NC,2077098.662,194564.758,5711.9,3297.1655,100,0.0,34,100,0,2,100,9000.0,4103.27,564.914,7.26353,0.000606242,0.531488,0,536.2624249,13466.3,127.378,105.719,0.00018086,0.128061,0,271.162811,2305.65,161.48,14.2782,0.000157127,0.0866646,6,-353.857001,2379.58,439.141,5.41872,0.000404186,0.283961
36.155546,1,AUTO,ARMED,5,AVAILABLE,UNAVAILABLE,UNAVAILABLE,36,7,ACTIVE,11,F1_N2-A3.NC,F1_N2-A3.NC,2077098.662,194564.758,5711.9,3297.1655,100,0.0,34,100,0,3,100,9000.0,4103.27,564.914,7.26353,0.000606242,0.531488,0,536.2624464,13466.3,127.378,105.719,0.00018086,0.128061,0,271.1627896,2305.65,161.48,14.2782,0.000157127,0.0866646,6,-353.8570125,2379.58,439.141,5.41872,0.000404186,0.283961
36.320999,1,AUTO,ARMED,5,AVAILABLE,UNAVAILABLE,UNAVAILABLE,36,7,ACTIVE,11,F1_N2-A3.NC,F1_N2-A3.NC,2077098.662,194564.758,5711.9,3297.1655,100,0.0,35,100,0,3,100,9000.0,4103.27,564.914,7.26353,0.000606242,0.531488,0,536.262475,13466.3,127.378,105.719,0.00018086,0.128061,0,271.1628039,2305.65,161.48,14.2782,0.000157127,0.0866646,6,-353.857001,2379.58,439.141,5.41872,0.000404186,0.283961
36.461879,1,AUTO,ARMED,5,AVAILABLE,UNAVAILABLE,UNAVAILABLE,36,7,ACTIVE,11,F1_N2-A3.NC,F1_N2-A3.NC,2077098.662,194564.758,5711.9,3297.1655,100,0.0,35,100,0,4,100,9000.0,4103.27,564.914,7.26353,0.000606242,0.531488,0,536.2624893,13466.3,127.378,105.719,0.00018086,0.128061,0,271.1628039,2305.65,161.48,14.2782,0.000157127,0.0866646,6,-353.857001,2379.58,439.141,5.41872,0.000404186,0.283961
36.61163,1,AUTO,ARMED,5,AVAILABLE,UNAVAILABLE,UNAVAILABLE,36,7,ACTIVE,11,F1_N2-A3.NC,F1_N2-A3.NC,2077098.662,194564.758,5711.9,3389.0457,100,0.0,35,100,0,4,100,9000.0,2375.58,554.162,4.2868,0.000580357,0.525494,0,536.2624821,3504.6,119.748,29.2665,0.00018896,0.117408,0,271.1628039,912.651,142.552,6.40223,9.91603e-05,0.0789342,6,-353.857001,1538.31,537.17,2.86373,0.000345295,0.304672
36.753444,1,AUTO,ARMED,5,AVAILABLE,UNAVAILABLE,UNAVAILABLE,36,7,ACTIVE,11,F1_N2-A3.NC,F1_N2-A3.NC,2077098.662,194564.758,5711.9,3389.0457,100,0.0,35,100,0,4,100,9000.0,2375.58,554.162,4.2868,0.000580357,0.525494,0,536.2625036,3504.6,119.748,29.2665,0.00018896,0.117408,0,271.1627967,912.651,142.552,6.40223,9.91603e-05,0.0789342,6,-353.8569782,1538.31,537.17,2.86373,0.000345295,0.304672
36.892147,1,AUTO,ARMED,5,AVAILABLE,UNAVAILABLE,UNAVAILABLE,40,7,ACTIVE,11,F1_N2-A3.NC,F1_N2-A3.NC,2077098.662,194564.758,5711.9,3389.0457,100,0.0,35,100,0,4,100,9000.0,2375.58,554.162,4.2868,0.000580357,0.525494,0,536.2624964,3504.6,119.748,29.2665,0.00018896,0.117408,0,271.7973188,912.651,142.552,6.40223,9.91603e-05,0.0789342,6,-353.857001,1538.31,537.17,2.86373,0.000345295,0.304672
37.052962,1,AUTO,ARMED,5,AVAILABLE,UNAVAILABLE,UNAVAILABLE,40,7,ACTIVE,11,F1_N2-A3.NC,F1_N2-A3.NC,2077098.662,194564.758,5711.9,3389.0457,100,0.0,35,100,0,4,100,9000.0,2375.58,554.162,4.2868,0.000580357,0.525494,0,536.2624964,3504.6,119.748,29.2665,0.00018896,0.117408,0,271.7976979,912.651,142.552,6.40223,9.91603e-05,0.0789342,6,-353.8570125,1538.31,537.17,2.86373,0.000345295,0.304672
37.212583,1,AUTO,ARMED,5,AVAILABLE,UNAVAILABLE,UNAVAILABLE,40,7,ACTIVE,11,F1_N2-A3.NC,F1_N2-A3.NC,2077098.662,194564.758,5711.9,3389.0457,100,0.0,36,100,0,4,100,9000.0,2375.58,554.162,4.2868,0.000580357,0.525494,0,536.2625107,3504.6,119.748,29.2665,0.00018896,0.117408,0,271.7978052,912.651,142.552,6.40223,9.91603e-05,0.0789342,6,-353.857001,1538.31,537.17,2.86373,0.000345295,0.304672
37.352963,1,AUTO,ARMED,5,AVAILABLE,UNAVAILABLE,UNAVAILABLE,40,7,ACTIVE,11,F1_N2-A3.NC,F1_N2-A3.NC,2077098.662,194564.758,5711.9,3389.0457,100,0.0,36,100,0,4,100,9000.0,2375.58,554.162,4.2868,0.000580357,0.525494,0,536.2624893,3504.6,119.748,29.2665,0.00018896,0.117408,0,271.7978052,912.651,142.552,6.40223,9.91603e-05,0.0789342,6,-353.8570125,1538.31,537.17,2.86373,0.000345295,0.304672
37.496453,1,AUTO,ARMED,5,AVAILABLE,UNAVAILABLE,UNAVAILABLE,40,7,ACTIVE,11,F1_N2-A3.NC,F1_N2-A3.NC,2077098.662,194564.758,5711.9,3389.0457,100,0.0,36,100,0,3,100,9000.0,2375.58,554.162,4.2868,0.000580357,0.525494,0,536.2625036,3504.6,119.748,29.2665,0.00018896,0.117408,0,271.797798,912.651,142.552,6.40223,9.91603e-05,0.0789342,6,-353.8569667,1538.31,537.17,2.86373,0.000345295,0.304672
37.658276,1,AUTO,ARMED,5,AVAILABLE,UNAVAILABLE,UNAVAILABLE,40,7,ACTIVE,11,F1_N2-A3.NC,F1_N2-A3.NC,2077098.662,194564.758,5711.9,3389.0457,100,0.0,36,100,0,3,100,9000.0,6574.83,580.332,11.3294,0.000616126,0.545296,0,536.2624893,18987.3,750.266,25.3074,0.00028788,0.246565,0,271.7978052,3074.2,1002.99,3.06504,0.000149057,0.270005,6,-353.857001,3244.88,1070.83,3.03025,0.000389061,0.428056
37.797508,1,AUTO,ARMED,5,AVAILABLE,UNAVAILABLE,UNAVAILABLE,40,7,ACTIVE,11,F1_N2-A3.NC,F1_N2-A3.NC,2077098.662,194564.758,5711.9,4136.8984,100,0.0,36,100,0,3,100,9000.0,6574.83,580.332,11.3294,0.000616126,0.545296,0,536.2625036,18987.3,750.266,25.3074,0.00028788,0.246565,0,271.7978052,3074.2,1002.99,3.06504,0.000149057,0.270005,6,-353.8569667,3244.88,1070.83,3.03025,0.000389061,0.428056
37.939483,1,AUTO,ARMED,5,AVAILABLE,UNAVAILABLE,UNAVAILABLE,40,7,ACTIVE,11,F1_N2-A3.NC,F1_N2-A3.NC,2077098.662,194564.758,5711.9,4136.8984,100,0.0,36,100,0,3,100,9000.0,6574.83,580.332,11.3294,0.000616126,0.545296,2,537.1793526,18987.3,750.266,25.3074,0.00028788,0.246565,0,271.7978052,3074.2,1002.99,3.06504,0.000149057,0.270005,6,-353.8570239,3244.88,1070.83,3.03025,0.000389061,0.428056
38.080837,1,AUTO,ARMED,5,AVAILABLE,UNAVAILABLE,UNAVAILABLE,41,7,ACTIVE,11,F1_N2-A3.NC,F1_N2-A3.NC,2077098.662,194564.758,5711.9,4136.8984,100,55.03333,36,100,0,3,100,9000.0,6574.83,580.332,11.3294,0.000616126,0.545296,2,542.5572115,18987.3,750.266,25.3074,0.00028788,0.246565,0,271.7975906,3074.2,1002.99,3.06504,0.000149057,0.270005,6,-353.8569896,3244.88,1070.83,3.03025,0.000389061,0.428056
38.239739,1,AUTO,ARMED,5,AVAILABLE,UNAVAILABLE,UNAVAILABLE,41,7,ACTIVE,11,F1_N2-A3.NC,F1_N2-A3.NC,2077098.662,194564.758,5711.9,4136.8984,100,55.03333,37,100,0,12,100,9000.0,6574.83,580.332,11.3294,0.000616126,0.545296,1,559.5751454,18987.3,750.266,25.3074,0.00028788,0.246565,0,271.797798,3074.2,1002.99,3.06504,0.000149057,0.270005,6,-353.8570125,3244.88,1070.83,3.03025,0.000389061,0.428056
38.414937,1,AUTO,ARMED,5,AVAILABLE,UNAVAILABLE,UNAVAILABLE,41,7,ACTIVE,11,F1_N2-A3.NC,F1_N2-A3.NC,2077098.662,194564.758,5711.9,4136.8984,100,55.03333,37,100,0,12,100,9000.0,6574.83,580.332,11.3294,0.000616126,0.545296,1,565.2298725,18987.3,750.266,25.3074,0.00028788,0.246565,0,271.797798,3074.2,1002.99,3.06504,0.000149057,0.270005,6,-353.8569896,3244.88,1070.83,3.03025,0.000389061,0.428056
38.583782,1,AUTO,ARMED,5,AVAILABLE,UNAVAILABLE,UNAVAILABLE,41,7,ACTIVE,11,F1_N2-A3.NC,F1_N2-A3.NC,2077098.662,194564.758,5711.9,4136.8984,100,55.03333,37,100,0,10,100,9000.0,6574.83,580.332,11.3294,0.000616126,0.545296,1,573.7463488,18987.3,750.266,25.3074,0.00028788,0.246565,0,271.7978052,3074.2,1002.99,3.06504,0.000149057,0.270005,6,-353.8570125,3244.88,1070.83,3.03025,0.000389061,0.428056
38.724447,1,AUTO,ARMED,5,AVAILABLE,UNAVAILABLE,UNAVAILABLE,41,7,ACTIVE,11,F1_N2-A3.NC,F1_N2-A3.NC,2077098.662,194564.758,5711.9,4565.1372,100,55.03333,37,100,0,9,100,9000.0,6622.82,1745.34,3.79457,0.000619988,0.579239,1,579.4283055,20043.5,764.376,26.222,0.00024688,0.261888,0,271.7978195,3002.15,923.652,3.2503,0.000170311,0.273658,6,-353.8569896,3052.59,1204.71,2.53388,0.000365552,0.467197
38.860639,1,AUTO,ARMED,5,AVAILABLE,UNAVAILABLE,UNAVAILABLE,41,7,ACTIVE,11,F1_N2-A3.NC,F1_N2-A3.NC,2077098.662,194564.758,5711.9,4565.1372,100,55.03333,37,100,0,9,100,9000.0,6622.82,1745.34,3.79457,0.000619988,0.579239,1,585.0693828,20043.5,764.376,26.222,0.00024688,0.261888,0,271.797798,3002.15,923.652,3.2503,0.000170311,0.273658,6,-353.857001,3052.59,1204.71,2.53388,0.000365552,0.467197
39.024732,1,AUTO,ARMED,5,AVAILABLE,UNAVAILABLE,UNAVAILABLE,41,7,ACTIVE,11,F1_N2-A3.NC,F1_N2-A3.NC,2077098.662,194564.758,5711.9,4565.1372,100,55.03333,37,100,0,9,100,9000.0,6622.82,1745.34,3.79457,0.000619988,0.579239,1,596.4199286,20043.5,764.376,26.222,0.00024688,0.261888,0,271.7978266,3002.15,923.652,3.2503,0.000170311,0.273658,6,-353.8569782,3052.59,1204.71,2.53388,0.000365552,0.467197
39.187738,1,AUTO,ARMED,5,AVAILABLE,UNAVAILABLE,UNAVAILABLE,41,7,ACTIVE,11,F1_N2-A3.NC,F1_N2-A3.NC,2077098.662,194564.758,5711.9,4565.1372,100,55.03333,38,100,0,9,100,9000.0,6622.82,1745.34,3.79457,0.000619988,0.579239,1,602.0747668,20043.5,764.376,26.222,0.00024688,0.261888,0,271.797798,3002.15,923.652,3.2503,0.000170311,0.273658,6,-353.857001,3052.59,1204.71,2.53388,0.000365552,0.467197
39.334052,1,AUTO,ARMED,5,AVAILABLE,UNAVAILABLE,UNAVAILABLE,41,7,ACTIVE,11,F1_N2-A3.NC,F1_N2-A3.NC,2077098.662,194564.758,5711.9,4565.1372,100,55.03333,38,100,0,9,100,9000.0,6622.82,1745.34,3.79457,0.000619988,0.579239,1,613.4252345,20043.5,764.376,26.222,0.00024688,0.261888,0,271.7977766,3002.15,923.652,3.2503,0.000170311,0.273658,6,-353.8569896,3052.59,1204.71,2.53388,0.000365552,0.467197
39.478145,1,AUTO,ARMED,5,AVAILABLE,UNAVAILABLE,UNAVAILABLE,41,7,ACTIVE,11,F1_N2-A3.NC,F1_N2-A3.NC,2077098.662,194564.758,5711.9,4565.1372,100,55.03333,38,100,0,9,100,9000.0,6622.82,1745.34,3.79457,0.000619988,0.579239,1,624.748503,20043.5,764.376,26.222,0.00024688,0.261888,0,271.797798,3002.15,923.652,3.2503,0.000170311,0.273658,6,-353.8570125,3052.59,1204.71,2.53388,0.000365552,0.467197
39.618695,1,AUTO,ARMED,5,AVAILABLE,UNAVAILABLE,UNAVAILABLE,41,7,ACTIVE,11,F1_N2-A3.NC,F1_N2-A3.NC,2077098.662,194564.758,5711.9,4565.1372,100,55.03333,38,100,0,9,100,9000.0,6622.82,1745.34,3.79457,0.000619988,0.579239,1,630.4304503,20043.5,764.376,26.222,0.00024688,0.261888,0,271.7978123,3002.15,923.652,3.2503,0.000170311,0.273658,6,-353.8569667,3052.59,1204.71,2.53388,0.000365552,0.467197
39.76485,1,AUTO,ARMED,5,AVAILABLE,UNAVAILABLE,UNAVAILABLE,41,7,ACTIVE,11,F1_N2-A3.NC,F1_N2-A3.NC,2077098.662,194564.758,5711.9,4565.1372,100,55.03333,38,100,0,9,100,9000.0,6190.9,568.74,10.8853,0.000597657,0.536605,1,636.1127924,19131.3,508.715,37.6071,0.000282972,0.187536,0,271.797798,2473.77,158.376,15.6196,0.000174107,0.0825666,6,-353.8570354,3124.7,526.97,5.92956,0.000355242,0.304531
39.917249,1,AUTO,ARMED,5,AVAILABLE,UNAVAILABLE,UNAVAILABLE,41,7,ACTIVE,11,F1_N2-A3.NC,F1_N2-A3.NC,2077098.662,194564.758,5711.9,3148.7439,100,55.03333,38,100,0,9,100,9000.0,6190.9,568.74,10.8853,0.000597657,0.536605,1,647.4358201,19131.3,508.715,37.6071,0.000282972,0.187536,0,271.7978338,2473.77,158.376,15.6196,0.000174107,0.0825666,6,-353.8569896,3124.7,526.97,5.92956,0.000355242,0.304531
40.059536,1,AUTO,ARMED,5,AVAILABLE,UNAVAILABLE,UNAVAILABLE,41,7,ACTIVE,11,F1_N2-A3.NC,F1_N2-A3.NC,2077098.662,194564.758,5711.9,3148.7439,100,30.51667,38,100,0,5,100,9000.0,6190.9,568.74,10.8853,0.000597657,0.536605,1,655.6348684,19131.3,508.715,37.6071,0.000282972,0.187536,0,271.7978767,2473.77,158.376,15.6196,0.000174107,0.0825666,6,-353.8569896,3124.7,526.97,5.92956,0.000355242,0.304531
40.208926,1,AUTO,ARMED,5,AVAILABLE,UNAVAILABLE,UNAVAILABLE,41,7,ACTIVE,11,F1_N2-A3.NC,F1_N2-A3.NC,2077098.662,194564.758,5711.9,3148.7439,100,30.51667,39,100,0,2,100,9000.0,6190.9,568.74,10.8853,0.000597657,0.536605,2,655.6420421,19131.3,508.715,37.6071,0.000282972,0.187536,0,271.7978195,2473.77,158.376,15.6196,0.000174107,0.0825666,6,-353.8569896,3124.7,526.97,5.92956,0.000355242,0.304531
40.349732,1,AUTO,ARMED,5,AVAILABLE,UNAVAILABLE,UNAVAILABLE,42,7,ACTIVE,11,F1_N2-A3.NC,F1_N2-A3.NC,2077098.662,194564.758,5711.9,3148.7439,100,0.0,39,100,0,2,100,9000.0,6190.9,568.74,10.8853,0.000597657,0.536605,0,655.6425928,19131.3,508.715,37.6071,0.000282972,0.187536,0,271.7978123,2473.77,158.376,15.6196,0.000174107,0.0825666,6,-353.8570125,3124.7,526.97,5.92956,0.000355242,0.304531
40.500718,1,AUTO,ARMED,5,AVAILABLE,UNAVAILABLE,UNAVAILABLE,42,7,ACTIVE,11,F1_N2-A3.NC,F1_N2-A3.NC,2077098.662,194564.758,5711.9,3148.7439,100,0.0,39,100,0,3,100,9000.0,6190.9,568.74,10.8853,0.000597657,0.536605,0,655.6425642,19131.3,508.715,37.6071,0.000282972,0.187536,0,271.797798,2473.77,158.376,15.6196,0.000174107,0.0825666,6,-353.8569782,3124.7,526.97,5.92956,0.000355242,0.304531
40.647857,1,AUTO,ARMED,5,AVAILABLE,UNAVAILABLE,UNAVAILABLE,42,7,ACTIVE,11,F1_N2-A3.NC,F1_N2-A3.NC,2077098.662,194564.758,5711.9,3148.7439,100,0.0,39,100,0,3,100,9000.0,6190.9,568.74,10.8853,0.000597657,0.536605,0,655.6425427,19131.3,508.715,37.6071,0.000282972,0.187536,0,271.797798,2473.77,158.376,15.6196,0.000174107,0.0825666,6,-353.8570125,3124.7,526.97,5.92956,0.000355242,0.304531
40.796672,1,AUTO,ARMED,5,AVAILABLE,UNAVAILABLE,UNAVAILABLE,42,7,ACTIVE,11,F1_N2-A3.NC,F1_N2-A3.NC,2077098.662,194564.758,5711.9,3148.7439,100,0.0,39,100,0,3,100,9000.0,6190.9,568.74,10.8853,0.000597657,0.536605,0,655.6425427,19131.3,508.715,37.6071,0.000282972,0.187536,0,271.797798,2473.77,158.376,15.6196,0.000174107,0.0825666,6,-353.8569896,3124.7,526.97,5.92956,0.000355242,0.304531
40.93671,1,AUTO,ARMED,5,AVAILABLE,UNAVAILABLE,UNAVAILABLE,42,7,ACTIVE,11,F1_N2-A3.NC,F1_N2-A3.NC,2077098.662,194564.758,5711.9,4153.6177,100,0.0,39,100,0,4,100,9000.0,2423.57,572.903,4.23033,0.000612912,0.546471,0,655.6425141,1344.23,123.333,10.8992,0.000215939,0.104458,0,271.797798,912.65,169.696,5.37815,0.000117303,0.0847988,6,-353.857001,1634.46,1003.06,1.62947,0.000539627,0.444047
41.085632,1,AUTO,ARMED,5,AVAILABLE,UNAVAILABLE,UNAVAILABLE,42,7,ACTIVE,11,F1_N2-A3.NC,F1_N2-A3.NC,2077098.662,194564.758,5711.9,4153.6177,100,0.0,40,100,0,3,100,9000.0,2423.57,572.903,4.23033,0.000612912,0.546471,0,655.6425213,1344.23,123.333,10.8992,0.000215939,0.104458,0,271.7978052,912.65,169.696,5.37815,0.000117303,0.0847988,6,-353.857001,1634.46,1003.06,1.62947,0.000539627,0.444047
41.241776,1,AUTO,ARMED,5,AVAILABLE,UNAVAILABLE,UNAVAILABLE,43,7,ACTIVE,11,F1_N2-A3.NC,F1_N2-A3.NC,2077098.662,194564.758,5711.9,4153.6177,100,0.0,40,100,0,3,100,9000.0,2423.57,572.903,4.23033,0.000612912,0.546471,0,655.642507,1344.23,123.333,10.8992,0.000215939,0.104458,0,272.0820521,912.65,169.696,5.37815,0.000117303,0.0847988,6,-353.8570239,1634.46,1003.06,1.62947,0.000539627,0.444047
41.378672,1,AUTO,ARMED,5,AVAILABLE,UNAVAILABLE,UNAVAILABLE,44,7,ACTIVE,11,F1_N2-A3.NC,F1_N2-A3.NC,2077098.662,194564.758,5711.9,4153.6177,100,18.66667,40,100,0,3,100,9000.0,2423.57,572.903,4.23033,0.000612912,0.546471,3,654.5612625,1344.23,123.333,10.8992,0.000215939,0.104458,0,272.4321557,912.65,169.696,5.37815,0.000117303,0.0847988,6,-353.8569896,1634.46,1003.06,1.62947,0.000539627,0.444047
41.517469,1,AUTO,ARMED,5,AVAILABLE,UNAVAILABLE,UNAVAILABLE,44,7,ACTIVE,11,F1_N2-A3.NC,F1_N2-A3.NC,2077098.662,194564.758,5711.9,4153.6177,100,55.03333,40,100,0,4,100,9000.0,2423.57,572.903,4.23033,0.000612912,0.546471,3,649.2094212,1344.23,123.333,10.8992,0.000215939,0.104458,0,272.4323702,912.65,169.696,5.37815,0.000117303,0.0847988,6,-353.8569896,1634.46,1003.06,1.62947,0.000539627,0.444047
41.667208,1,AUTO,ARMED,5,AVAILABLE,UNAVAILABLE,UNAVAILABLE,44,7,ACTIVE,11,F1_N2-A3.NC,F1_N2-A3.NC,2077098.662,194564.758,5711.9,4153.6177,100,55.03333,40,100,0,11,100,9000.0,2423.57,572.903,4.23033,0.000612912,0.546471,0,632.1928707,1344.23,123.333,10.8992,0.000215939,0.104458,0,272.4328137,912.65,169.696,5.37815,0.000117303,0.0847988,6,-353.8569896,1634.46,1003.06,1.62947,0.000539627,0.444047
41.807311,1,AUTO,ARMED,5,AVAILABLE,UNAVAILABLE,UNAVAILABLE,44,7,ACTIVE,11,F1_N2-A3.NC,F1_N2-A3.NC,2077098.662,194564.758,5711.9,4153.6177,100,55.03333,40,100,0,11,100,9000.0,2423.57,572.903,4.23033,0.000612912,0.546471,0,626.5384401,1344.23,123.333,10.8992,0.000215939,0.104458,0,272.4327994,912.65,169.696,5.37815,0.000117303,0.0847988,6,-353.8570125,1634.46,1003.06,1.62947,0.000539627,0.444047
41.945838,1,AUTO,ARMED,5,AVAILABLE,UNAVAILABLE,UNAVAILABLE,44,7,ACTIVE,11,F1_N2-A3.NC,F1_N2-A3.NC,2077098.662,194564.758,5711.9,4498.707,100,55.03333,40,100,0,11,100,9000.0,4463.21,1231.51,3.62418,0.000578898,0.546731,0,620.8699193,15938.7,659.526,24.1669,0.000308416,0.345565,0,272.4327994,2113.51,743.358,2.84319,0.000122065,0.219601,6,-353.8570125,2860.3,1095.83,2.61017,0.000387801,0.439199
42.086073,1,AUTO,ARMED,5,AVAILABLE,UNAVAILABLE,UNAVAILABLE,44,7,ACTIVE,11,F1_N2-A3.NC,F1_N2-A3.NC,2077098.662,194564.758,5711.9,4498.707,100,55.03333,40,100,0,10,100,9000.0,4463.21,1231.51,3.62418,0.000578898,0.546731,0,615.1877159,15938.7,659.526,24.1669,0.000308416,0.345565,0,272.4327994,2113.51,743.358,2.84319,0.000122065,0.219601,6,-353.8569896,2860.3,1095.83,2.61017,0.000387801,0.439199
42.233671,1,AUTO,ARMED,5,AVAILABLE,UNAVAILABLE,UNAVAILABLE,44,7,ACTIVE,11,F1_N2-A3.NC,F1_N2-A3.NC,2077098.662,194564.758,5711.9,4498.707,100,55.03333,41,100,0,9,100,9000.0,4463.21,1231.51,3.62418,0.000578898,0.546731,0,598.1823649,15938.7,659.526,24.1669,0.000308416,0.345565,0,272.4327994,2113.51,743.358,2.84319,0.000122065,0.219601,6,-353.8569667,2860.3,1095.83,2.61017,0.000387801,0.439199
42.392829,1,AUTO,ARMED,5,AVAILABLE,UNAVAILABLE,UNAVAILABLE,44,7,ACTIVE,11,F1_N2-A3.NC,F1_N2-A3.NC,2077098.662,194564.758,5711.9,4498.707,100,55.03333,41,100,0,9,100,9000.0,4463.21,1231.51,3.62418,0.000578898,0.546731,0,592.527856,15938.7,659.526,24.1669,0.000308416,0.345565,0,272.4328065,2113.51,743.358,2.84319,0.000122065,0.219601,6,-353.8570354,2860.3,1095.83,2.61017,0.000387801,0.439199
42.540719,1,AUTO,ARMED,5,AVAILABLE,UNAVAILABLE,UNAVAILABLE,44,7,ACTIVE,11,F1_N2-A3.NC,F1_N2-A3.NC,2077098.662,194564.758,5711.9,4498.707,100,55.03333,41,100,0,9,100,9000.0,4463.21,1231.51,3.62418,0.000578898,0.546731,0,589.6795406,15938.7,659.526,24.1669,0.000308416,0.345565,0,272.4327922,2113.51,743.358,2.84319,0.000122065,0.219601,6,-353.8569782,2860.3,1095.83,2.61017,0.000387801,0.439199
42.693444,1,AUTO,ARMED,5,AVAILABLE,UNAVAILABLE,UNAVAILABLE,44,7,ACTIVE,11,F1_N2-A3.NC,F1_N2-A3.NC,2077098.662,194564.758,5711.9,4498.707,100,55.03333,41,100,0,10,100,9000.0,4463.21,1231.51,3.62418,0.000578898,0.546731,0,578.356364,15938.7,659.526,24.1669,0.000308416,0.345565,0,272.4327994,2113.51,743.358,2.84319,0.000122065,0.219601,6,-353.857001,2860.3,1095.83,2.61017,0.000387801,0.439199
42.846308,1,AUTO,ARMED,5,AVAILABLE,UNAVAILABLE,UNAVAILABLE,44,7,ACTIVE,11,F1_N2-A3.NC,F1_N2-A3.NC,2077098.662,194564.758,5711.9,4498.707,100,55.03333,41,100,0,9,100,9000.0,4463.21,1231.51,3.62418,0.000578898,0.546731,0,572.6881244,15938.7,659.526,24.1669,0.000308416,0.345565,0,272.4328208,2113.51,743.358,2.84319,0.000122065,0.219601,6,-353.8570125,2860.3,1095.83,2.61017,0.000387801,0.439199
42.986792,1,AUTO,ARMED,5,AVAILABLE,UNAVAILABLE,UNAVAILABLE,44,7,ACTIVE,11,F1_N2-A3.NC,F1_N2-A3.NC,2077098.662,194564.758,5711.9,4498.707,100,55.03333,41,100,0,9,100,9000.0,4823.14,581.608,8.29277,0.000620794,0.543703,0,567.0196845,15098.6,554.147,27.2466,0.000206336,0.204597,0,272.4327994,2353.68,778.797,3.0222,0.000139231,0.22183,6,-353.8569667,2812.23,533.959,5.26675,0.000571652,0.314417
43.128452,1,AUTO,ARMED,5,AVAILABLE,UNAVAILABLE,UNAVAILABLE,44,7,ACTIVE,11,F1_N2-A3.NC,F1_N2-A3.NC,2077098.662,194564.758,5711.9,3563.022,100,55.03333,41,100,0,9,100,9000.0,4823.14,581.608,8.29277,0.000620794,0.543703,0,555.6828422,15098.6,554.147,27.2466,0.000206336,0.204597,0,272.4327922,2353.68,778.797,3.0222,0.000139231,0.22183,6,-353.857001,2812.23,533.959,5.26675,0.000571652,0.314417
43.26604,1,AUTO,ARMED,5,AVAILABLE,UNAVAILABLE,UNAVAILABLE,44,7,ACTIVE,11,F1_N2-A3.NC,F1_N2-A3.NC,2077098.662,194564.758,5711.9,3563.022,100,55.03333,42,100,0,9,100,9000.0,4823.14,581.608,8.29277,0.000620794,0.543703,0,544.3460193,15098.6,554.147,27.2466,0.000206336,0.204597,0,272.4329353,2353.68,778.797,3.0222,0.000139231,0.22183,6,-353.8570239,2812.23,533.959,5.26675,0.000571652,0.314417
43.405049,1,AUTO,ARMED,5,AVAILABLE,UNAVAILABLE,UNAVAILABLE,44,7,ACTIVE,11,F1_N2-A3.NC,F1_N2-A3.NC,2077098.662,194564.758,5711.9,3563.022,100,55.01667,42,100,0,8,100,9000.0,4823.14,581.608,8.29277,0.000620794,0.543703,0,538.6835372,15098.6,554.147,27.2466,0.000206336,0.204597,0,272.4330282,2353.68,778.797,3.0222,0.000139231,0.22183,6,-353.8569782,2812.23,533.959,5.26675,0.000571652,0.314417
43.54385,1,AUTO,ARMED,5,AVAILABLE,UNAVAILABLE,UNAVAILABLE,45,7,ACTIVE,11,F1_N2-A3.NC,F1_N2-A3.NC,2077098.662,194564.758,5711.9,3563.022,100,20.21667,42,100,0,4,100,9000.0,4823.14,581.608,8.29277,0.000620794,0.543703,1,536.270922,15098.6,554.147,27.2466,0.000206336,0.204597,0,272.4328923,2353.68,778.797,3.0222,0.000139231,0.22183,6,-353.8569896,2812.23,533.959,5.26675,0.000571652,0.314417
43.682835,1,AUTO,ARMED,5,AVAILABLE,UNAVAILABLE,UNAVAILABLE,45,7,ACTIVE,11,F1_N2-A3.NC,F1_N2-A3.NC,2077098.662,194564.758,5711.9,3563.022,100,0.0,42,100,0,2,100,9000.0,4823.14,581.608,8.29277,0.000620794,0.543703,1,536.2628541,15098.6,554.147,27.2466,0.000206336,0.204597,0,272.432828,2353.68,778.797,3.0222,0.000139231,0.22183,6,-353.8570125,2812.23,533.959,5.26675,0.000571652,0.314417
43.834664,1,AUTO,ARMED,5,AVAILABLE,UNAVAILABLE,UNAVAILABLE,45,7,ACTIVE,11,F1_N2-A3.NC,F1_N2-A3.NC,2077098.662,194564.758,5711.9,3563.022,100,0.0,42,100,0,2,100,9000.0,4823.14,581.608,8.29277,0.000620794,0.543703,0,536.2624178,15098.6,554.147,27.2466,0.000206336,0.204597,0,272.4328065,2353.68,778.797,3.0222,0.000139231,0.22183,6,-353.8569896,2812.23,533.959,5.26675,0.000571652,0.314417
43.993789,1,AUTO,ARMED,5,AVAILABLE,UNAVAILABLE,UNAVAILABLE,45,7,ACTIVE,11,F1_N2-A3.NC,F1_N2-A3.NC,2077098.662,194564.758,5711.9,3563.022,100,0.0,42,100,0,3,100,9000.0,2327.59,558.98,4.164,0.000597921,0.53485,0,536.2624607,3648.63,122.648,29.7488,0.000199924,0.121204,0,272.4327994,888.634,174.399,5.09541,0.000110744,0.0848616,6,-353.8569896,1658.49,537.204,3.08726,0.000382791,0.312213
44.140938,1,AUTO,ARMED,5,AVAILABLE,UNAVAILABLE,UNAVAILABLE,45,7,ACTIVE,11,F1_N2-A3.NC,F1_N2-A3.NC,2077098.662,194564.758,5711.9,4218.7207,100,0.0,43,100,0,3,100,9000.0,2327.59,558.98,4.164,0.000597921,0.53485,0,536.2624821,3648.63,122.648,29.7488,0.000199924,0.121204,0,272.4327994,888.634,174.399,5.09541,0.000110744,0.0848616,6,-353.8569896,1658.49,537.204,3.08726,0.000382791,0.312213
44.282442,1,AUTO,ARMED,5,AVAILABLE,UNAVAILABLE,UNAVAILABLE,45,7,ACTIVE,11,F1_N2-A3.NC,F1_N2-A3.NC,2077098.662,194564.758,5711.9,4218.7207,100,0.0,43,100,0,3,100,9000.0,2327.59,558.98,4.164,0.000597921,0.53485,0,536.262475,3648.63,122.648,29.7488,0.000199924,0.121204,0,272.4327994,888.634,174.399,5.09541,0.000110744,0.0848616,6,-353.8570354,1658.49,537.204,3.08726,0.000382791,0.312213
44.425407,1,AUTO,ARMED,5,AVAILABLE,UNAVAILABLE,UNAVAILABLE,45,7,ACTIVE,11,F1_N2-A3.NC,F1_N2-A3.NC,2077098.662,194564.758,5711.9,4218.7207,100,0.0,43,100,0,4,100,9000.0,2327.59,558.98,4.164,0.000597921,0.53485,0,536.2624893,3648.63,122.648,29.7488,0.000199924,0.121204,0,272.4328065,888.634,174.399,5.09541,0.000110744,0.0848616,6,-353.857001,1658.49,537.204,3.08726,0.000382791,0.312213
44.561949,1,AUTO,ARMED,5,AVAILABLE,UNAVAILABLE,UNAVAILABLE,46,7,ACTIVE,11,F1_N2-A3.NC,F1_N2-A3.NC,2077098.662,194564.758,5711.9,4218.7207,100,0.0,43,100,0,4,100,9000.0,2327.59,558.98,4.164,0.000597921,0.53485,0,536.2624964,3648.63,122.648,29.7488,0.000199924,0.121204,0,272.4328065,888.634,174.399,5.09541,0.000110744,0.0848616,6,-353.8570239,1658.49,537.204,3.08726,0.000382791,0.312213
44.707425,1,AUTO,ARMED,5,AVAILABLE,UNAVAILABLE,UNAVAILABLE,48,7,ACTIVE,11,F1_N2-A3.NC,F1_N2-A3.NC,2077098.662,194564.758,5711.9,4218.7207,100,0.0,43,100,0,3,100,9034.090909,2327.59,558.98,4.164,0.000597921,0.53485,0,536.2624893,3648.63,122.648,29.7488,0.000199924,0.121204,0,272.4327922,888.634,174.399,5.09541,0.000110744,0.0848616,6,-353.8569667,1658.49,537.204,3.08726,0.000382791,0.312213
44.861233,1,AUTO,ARMED,5,AVAILABLE,UNAVAILABLE,UNAVAILABLE,48,7,ACTIVE,11,F1_N2-A3.NC,F1_N2-A3.NC,2077098.662,194564.758,5711.9,4218.7207,100,0.0,43,100,0,18,100,9048.226821,2327.59,558.98,4.164,0.000597921,0.53485,0,536.2625036,3648.63,122.648,29.7488,0.000199924,0.121204,0,272.4328065,888.634,174.399,5.09541,0.000110744,0.0848616,6,-353.8570239,1658.49,537.204,3.08726,0.000382791,0.312213
45.028152,1,AUTO,ARMED,5,AVAILABLE,UNAVAILABLE,UNAVAILABLE,48,7,ACTIVE,11,F1_N2-A3.NC,F1_N2-A3.NC,2077098.662,194564.758,5711.9,4218.7207,100,0.0,43,100,0,56,100,10000.0,2735.51,611.573,4.47291,0.00058153,0.508107,0,536.2624964,3384.58,128.648,26.3088,0.000161732,0.125811,0,272.4327994,864.616,172.551,5.01079,0.000287716,0.114846,6,-353.8570125,1995.0,850.937,2.34447,0.000381021,0.321609
45.182703,1,AUTO,ARMED,5,AVAILABLE,UNAVAILABLE,UNAVAILABLE,48,7,ACTIVE,11,F1_N2-A3.NC,F1_N2-A3.NC,2077098.662,194564.758,5711.9,4218.7207,100,0.0,44,100,0,55,100,10000.0,2735.51,611.573,4.47291,0.00058153,0.508107,0,536.2625036,3384.58,128.648,26.3088,0.000161732,0.125811,0,272.4327994,864.616,172.551,5.01079,0.000287716,0.114846,6,-353.8570125,1995.0,850.937,2.34447,0.000381021,0.321609
45.329387,1,AUTO,ARMED,5,AVAILABLE,UNAVAILABLE,UNAVAILABLE,48,7,ACTIVE,11,F1_N2-A3.NC,F1_N2-A3.NC,2077098.662,194564.758,5711.9,7607.2207,100,0.0,44,100,0,52,100,10000.0,2735.51,611.573,4.47291,0.00058153,0.508107,0,536.2624893,3384.58,128.648,26.3088,0.000161732,0.125811,0,272.4327994,864.616,172.551,5.01079,0.000287716,0.114846,6,-353.8569896,1995.0,850.937,2.34447,0.000381021,0.321609
45.473848,1,AUTO,ARMED,5,AVAILABLE,UNAVAILABLE,UNAVAILABLE,48,7,ACTIVE,11,F1_N2-A3.NC,F1_N2-A3.NC,2077098.662,194564.758,5711.9,7607.2207,100,0.0,44,100,0,51,100,10000.0,2735.51,611.573,4.47291,0.00058153,0.508107,0,536.2624964,3384.58,128.648,26.3088,0.000161732,0.125811,0,272.4327994,864.616,172.551,5.01079,0.000287716,0.114846,6,-353.857001,1995.0,850.937,2.34447,0.000381021,0.321609
45.612314,1,AUTO,ARMED,5,AVAILABLE,UNAVAILABLE,UNAVAILABLE,48,7,ACTIVE,11,F1_N2-A3.NC,F1_N2-A3.NC,2077098.662,194564.758,5711.9,7607.2207,100,0.0,44,100,0,48,100,10000.0,2735.51,611.573,4.47291,0.00058153,0.508107,0,536.2625036,3384.58,128.648,26.3088,0.000161732,0.125811,0,272.8961926,864.616,172.551,5.01079,0.000287716,0.114846,6,-353.8570125,1995.0,850.937,2.34447,0.000381021,0.321609
45.757319,1,AUTO,ARMED,5,AVAILABLE,UNAVAILABLE,UNAVAILABLE,49,7,ACTIVE,11,F1_N2-A3.NC,F1_N2-A3.NC,2077098.662,194564.758,5711.9,7607.2207,100,0.0,44,100,0,44,100,10000.0,2735.51,611.573,4.47291,0.00058153,0.508107,0,536.2625036,3384.58,128.648,26.3088,0.000161732,0.125811,0,273.0673644,864.616,172.551,5.01079,0.000287716,0.114846,6,-353.857001,1995.0,850.937,2.34447,0.000381021,0.321609
45.903037,1,AUTO,ARMED,5,AVAILABLE,UNAVAILABLE,UNAVAILABLE,49,7,ACTIVE,11,F1_N2-A3.NC,F1_N2-A3.NC,2077098.662,194564.758,5711.9,7607.2207,100,0.0,44,100,0,9,100,10000.0,2735.51,611.573,4.47291,0.00058153,0.508107,0,536.2624964,3384.58,128.648,26.3088,0.000161732,0.125811,0,273.067722,864.616,172.551,5.01079,0.000287716,0.114846,6,-353.857001,1995.0,850.937,2.34447,0.000381021,0.321609
46.047299,1,AUTO,ARMED,5,AVAILABLE,UNAVAILABLE,UNAVAILABLE,49,7,ACTIVE,11,F1_N2-A3.NC,F1_N2-A3.NC,2077098.662,194564.758,5711.9,7607.2207,100,0.0,44,100,0,14,100,10000.0,2735.51,611.573,4.47291,0.00058153,0.508107,0,536.2624964,3384.58,128.648,26.3088,0.000161732,0.125811,0,273.0678079,864.616,172.551,5.01079,0.000287716,0.114846,6,-353.857001,1995.0,850.937,2.34447,0.000381021,0.321609
46.207539,1,AUTO,ARMED,5,AVAILABLE,UNAVAILABLE,UNAVAILABLE,49,7,ACTIVE,11,F1_N2-A3.NC,F1_N2-A3.NC,2077098.662,194564.758,5711.9,7607.2207,100,0.0,45,100,0,18,100,10000.0,2999.47,609.421,4.92184,0.000580608,0.562384,0,536.2624964,3480.6,110.139,31.6019,0.000117133,0.0956588,0,273.0678079,696.497,114.786,6.06779,0.000134782,0.0850306,6,-353.8569896,1610.42,577.238,2.78987,0.000309596,0.281733
46.352294,1,AUTO,ARMED,5,AVAILABLE,UNAVAILABLE,UNAVAILABLE,49,7,ACTIVE,11,F1_N2-A3.NC,F1_N2-A3.NC,2077098.662,194564.758,5711.9,3973.6372,100,0.0,45,100,0,8,100,10000.0,2999.47,609.421,4.92184,0.000580608,0.562384,0,536.2625036,3480.6,110.139,31.6019,0.000117133,0.0956588,0,273.0678079,696.497,114.786,6.06779,0.000134782,0.0850306,6,-353.857001,1610.42,577.238,2.78987,0.000309596,0.281733
46.496964,1,AUTO,ARMED,5,AVAILABLE,UNAVAILABLE,UNAVAILABLE,49,7,ACTIVE,11,F1_N2-A3.NC,F1_N2-A3.NC,2077098.662,194564.758,5711.9,3973.6372,100,0.0,45,100,0,3,100,10000.0,2999.47,609.421,4.92184,0.000580608,0.562384,0,536.2624893,3480.6,110.139,31.6019,0.000117133,0.0956588,0,273.0678079,696.497,114.786,6.06779,0.000134782,0.0850306,6,-353.8569896,1610.42,577.238,2.78987,0.000309596,0.281733
46.639492,1,AUTO,ARMED,5,AVAILABLE,UNAVAILABLE,UNAVAILABLE,49,7,ACTIVE,11,F1_N2-A3.NC,F1_N2-A3.NC,2077098.662,194564.758,5711.9,3973.6372,100,0.0,45,100,0,6,100,10000.0,2999.47,609.421,4.92184,0.000580608,0.562384,0,536.2624964,3480.6,110.139,31.6019,0.000117133,0.0956588,0,273.0678007,696.497,114.786,6.06779,0.000134782,0.0850306,6,-353.8569896,1610.42,577.238,2.78987,0.000309596,0.281733
46.781812,1,AUTO,ARMED,5,AVAILABLE,UNAVAILABLE,UNAVAILABLE,50,7,ACTIVE,11,F1_N2-A3.NC,F1_N2-A3.NC,2077098.662,194564.758,5711.9,3973.6372,100,0.0,45,100,0,6,100,10000.0,2999.47,609.421,4.92184,0.000580608,0.562384,2,536.3266084,3480.6,110.139,31.6019,0.000117133,0.0956588,0,273.0678007,696.497,114.786,6.06779,0.000134782,0.0850306,6,-353.8570125,1610.42,577.238,2.78987,0.000309596,0.281733
46.922803,1,AUTO,ARMED,5,AVAILABLE,UNAVAILABLE,UNAVAILABLE,50,7,ACTIVE,11,F1_N2-A3.NC,F1_N2-A3.NC,2077098.662,194564.758,5711.9,3973.6372,100,35.98333,45,100,0,5,100,10000.0,2999.47,609.421,4.92184,0.000580608,0.562384,1,543.0462177,3480.6,110.139,31.6019,0.000117133,0.0956588,0,273.0675933,696.497,114.786,6.06779,0.000134782,0.0850306,6,-353.857001,1610.42,577.238,2.78987,0.000309596,0.281733
47.156248,1,AUTO,ARMED,5,AVAILABLE,UNAVAILABLE,UNAVAILABLE,50,7,ACTIVE,11,F1_N2-A3.NC,F1_N2-A3.NC,2077098.662,194564.758,5711.9,3973.6372,100,35.98333,46,100,0,8,100,10000.0,4991.12,1204.24,4.14462,0.000564715,0.557332,1,550.4503525,12338.1,570.985,21.6084,0.000319974,0.354771,0,273.0677792,2089.49,675.372,3.09384,0.000145536,0.141276,6,-353.857001,1946.93,603.057,3.22843,0.000306214,0.280383
47.301292,1,AUTO,ARMED,5,AVAILABLE,UNAVAILABLE,UNAVAILABLE,50,7,ACTIVE,11,F1_N2-A3.NC,F1_N2-A3.NC,2077098.662,194564.758,5711.9,3973.6372,100,35.98333,46,100,0,10,100,10000.0,4991.12,1204.24,4.14462,0.000564715,0.557332,1,554.1652944,12338.1,570.985,21.6084,0.000319974,0.354771,0,273.067815,2089.49,675.372,3.09384,0.000145536,0.141276,6,-353.8569782,1946.93,603.057,3.22843,0.000306214,0.280383
47.464676,1,AUTO,ARMED,5,AVAILABLE,UNAVAILABLE,UNAVAILABLE,50,7,ACTIVE,11,F1_N2-A3.NC,F1_N2-A3.NC,2077098.662,194564.758,5711.9,4559.3862,100,35.98333,46,100,0,10,100,10000.0,4991.12,1204.24,4.14462,0.000564715,0.557332,1,565.2843174,12338.1,570.985,21.6084,0.000319974,0.354771,0,273.0677935,2089.49,675.372,3.09384,0.000145536,0.141276,6,-353.857001,1946.93,603.057,3.22843,0.000306214,0.280383
47.623389,1,AUTO,ARMED,5,AVAILABLE,UNAVAILABLE,UNAVAILABLE,50,7,ACTIVE,11,F1_N2-A3.NC,F1_N2-A3.NC,2077098.662,194564.758,5711.9,4559.3862,100,35.98333,46,100,0,9,100,10000.0,4991.12,1204.24,4.14462,0.000564715,0.557332,1,568.9905282,12338.1,570.985,21.6084,0.000319974,0.354771,0,273.0678007,2089.49,675.372,3.09384,0.000145536,0.141276,6,-353.8569896,1946.93,603.057,3.22843,0.000306214,0.280383
47.767991,1,AUTO,ARMED,5,AVAILABLE,UNAVAILABLE,UNAVAILABLE,50,7,ACTIVE,11,F1_N2-A3.NC,F1_N2-A3.NC,2077098.662,194564.758,5711.9,4559.3862,100,35.98333,46,100,0,9,100,10000.0,4991.12,1204.24,4.14462,0.000564715,0.557332,0,572.6878769,12338.1,570.985,21.6084,0.000319974,0.354771,0,273.067815,2089.49,675.372,3.09384,0.000145536,0.141276,6,-353.8570239,1946.93,603.057,3.22843,0.000306214,0.280383
47.914757,1,AUTO,ARMED,5,AVAILABLE,UNAVAILABLE,UNAVAILABLE,50,7,ACTIVE,11,F1_N2-A3.NC,F1_N2-A3.NC,2077098.662,194564.758,5711.9,4559.3862,100,35.98333,46,100,0,8,100,10000.0,4991.12,1204.24,4.14462,0.000564715,0.557332,1,580.1095323,12338.1,570.985,21.6084,0.000319974,0.354771,0,273.0678079,2089.49,675.372,3.09384,0.000145536,0.141276,6,-353.8569782,1946.93,603.057,3.22843,0.000306214,0.280383
48.055238,1,AUTO,ARMED,5,AVAILABLE,UNAVAILABLE,UNAVAILABLE,50,7,ACTIVE,11,F1_N2-A3.NC,F1_N2-A3.NC,2077098.662,194564.758,5711.9,4559.3862,100,35.98333,46,100,0,8,100,10000.0,4991.12,1204.24,4.14462,0.000564715,0.557332,1,583.8156644,12338.1,570.985,21.6084,0.000319974,0.354771,0,273.0677935,2089.49,675.372,3.09384,0.000145536,0.141276,6,-353.8569896,1946.93,603.057,3.22843,0.000306214,0.280383
48.196654,1,AUTO,ARMED,5,AVAILABLE,UNAVAILABLE,UNAVAILABLE,50,7,ACTIVE,11,F1_N2-A3.NC,F1_N2-A3.NC,2077098.662,194564.758,5711.9,4559.3862,100,35.98333,47,100,0,9,100,10000.0,4487.2,1189.06,3.77374,0.000589073,0.587104,1,591.2283572,11546.0,416.264,27.7372,0.000190294,0.175612,0,273.0677935,1801.29,579.547,3.1081,0.000120926,0.124885,6,-353.857001,2043.07,633.841,3.22332,0.000262826,0.276136
48.337805,1,AUTO,ARMED,5,AVAILABLE,UNAVAILABLE,UNAVAILABLE,50,7,ACTIVE,11,F1_N2-A3.NC,F1_N2-A3.NC,2077098.662,194564.758,5711.9,4559.3862,100,35.98333,47,100,0,8,100,10000.0,4487.2,1189.06,3.77374,0.000589073,0.587104,1,594.9255086,11546.0,416.264,27.7372,0.000190294,0.175612,0,273.0678007,1801.29,579.547,3.1081,0.000120926,0.124885,6,-353.857001,2043.07,633.841,3.22332,0.000262826,0.276136
48.491635,1,AUTO,ARMED,5,AVAILABLE,UNAVAILABLE,UNAVAILABLE,50,7,ACTIVE,11,F1_N2-A3.NC,F1_N2-A3.NC,2077098.662,194564.758,5711.9,4595.3306,100,35.98333,47,100,0,9,100,10000.0,4487.2,1189.06,3.77374,0.000589073,0.587104,1,600.4847609,11546.0,416.264,27.7372,0.000190294,0.175612,0,273.0677864,1801.29,579.547,3.1081,0.000120926,0.124885,6,-353.8570125,2043.07,633.841,3.22332,0.000262826,0.276136
48.642643,1,AUTO,ARMED,5,AVAILABLE,UNAVAILABLE,UNAVAILABLE,50,7,ACTIVE,11,F1_N2-A3.NC,F1_N2-A3.NC,2077098.662,194564.758,5711.9,4595.3306,100,35.98333,47,100,0,9,100,10000.0,4487.2,1189.06,3.77374,0.000589073,0.587104,1,604.2003084,11546.0,416.264,27.7372,0.000190294,0.175612,0,273.0678007,1801.29,579.547,3.1081,0.000120926,0.124885,6,-353.8569896,2043.07,633.841,3.22332,0.000262826,0.276136
48.785767,1,AUTO,ARMED,5,AVAILABLE,UNAVAILABLE,UNAVAILABLE,50,7,ACTIVE,11,F1_N2-A3.NC,F1_N2-A3.NC,2077098.662,194564.758,5711.9,4595.3306,100,35.98333,47,100,0,9,100,10000.0,4487.2,1189.06,3.77374,0.000589073,0.587104,1,607.8976886,11546.0,416.264,27.7372,0.000190294,0.175612,0,273.0678007,1801.29,579.547,3.1081,0.000120926,0.124885,6,-353.857001,2043.07,633.841,3.22332,0.000262826,0.276136
48.933965,1,AUTO,ARMED,5,AVAILABLE,UNAVAILABLE,UNAVAILABLE,50,7,ACTIVE,11,F1_N2-A3.NC,F1_N2-A3.NC,2077098.662,194564.758,5711.9,4595.3306,100,35.98333,47,100,0,9,100,10000.0,4487.2,1189.06,3.77374,0.000589073,0.587104,1,611.6036589,11546.0,416.264,27.7372,0.000190294,0.175612,0,273.0678007,1801.29,579.547,3.1081,0.000120926,0.124885,6,-353.8570239,2043.07,633.841,3.22332,0.000262826,0.276136
49.076437,1,AUTO,ARMED,5,AVAILABLE,UNAVAILABLE,UNAVAILABLE,50,7,ACTIVE,11,F1_N2-A3.NC,F1_N2-A3.NC,2077098.662,194564.758,5711.9,4595.3306,100,35.98333,47,100,0,9,100,10000.0,4487.2,1189.06,3.77374,0.000589073,0.587104,1,619.016324,11546.0,416.264,27.7372,0.000190294,0.175612,0,273.0678007,1801.29,579.547,3.1081,0.000120926,0.124885,6,-353.8569782,2043.07,633.841,3.22332,0.000262826,0.276136
49.223433,1,AUTO,ARMED,5,AVAILABLE,UNAVAILABLE,UNAVAILABLE,50,7,ACTIVE,11,F1_N2-A3.NC,F1_N2-A3.NC,2077098.662,194564.758,5711.9,4595.3306,100,35.98333,48,100,0,8,100,10000.0,4487.2,1189.06,3.77374,0.000589073,0.587104,1,626.42007,11546.0,416.264,27.7372,0.000190294,0.175612,0,273.0677935,1801.29,579.547,3.1081,0.000120926,0.124885,6,-353.8570125,2043.07,633.841,3.22332,0.000262826,0.276136
49.368178,1,AUTO,ARMED,5,AVAILABLE,UNAVAILABLE,UNAVAILABLE,50,7,ACTIVE,11,F1_N2-A3.NC,F1_N2-A3.NC,2077098.662,194564.758,5711.9,4595.3306,100,35.98333,48,100,0,8,100,10000.0,4703.17,1177.18,3.99529,0.00060419,0.558866,1,630.1351965,12242.1,707.162,17.3116,0.000582574,0.594889,0,273.0678007,1777.27,599.161,2.96626,0.000129901,0.118805,6,-353.857001,2139.22,448.441,4.77035,0.000412774,0.238729
49.51151,1,AUTO,ARMED,5,AVAILABLE,UNAVAILABLE,UNAVAILABLE,50,7,ACTIVE,11,F1_N2-A3.NC,F1_N2-A3.NC,2077098.662,194564.758,5711.9,4595.3306,100,35.98333,48,100,0,8,100,10000.0,4703.17,1177.18,3.99529,0.00060419,0.558866,1,633.8414897,12242.1,707.162,17.3116,0.000582574,0.594889,0,273.0678007,1777.27,599.161,2.96626,0.000129901,0.118805,6,-353.857001,2139.22,448.441,4.77035,0.000412774,0.238729
49.659838,1,AUTO,ARMED,5,AVAILABLE,UNAVAILABLE,UNAVAILABLE,50,7,ACTIVE,11,F1_N2-A3.NC,F1_N2-A3.NC,2077098.662,194564.758,5711.9,3623.3818,100,35.98333,48,100,0,9,100,10000.0,4703.17,1177.18,3.99529,0.00060419,0.558866,1,641.2630244,12242.1,707.162,17.3116,0.000582574,0.594889,0,273.067815,1777.27,599.161,2.96626,0.000129901,0.118805,6,-353.857001,2139.22,448.441,4.77035,0.000412774,0.238729
49.808178,1,AUTO,ARMED,5,AVAILABLE,UNAVAILABLE,UNAVAILABLE,50,7,ACTIVE,11,F1_N2-A3.NC,F1_N2-A3.NC,2077098.662,194564.758,5711.9,3623.3818,100,35.98333,48,100,0,8,100,10000.0,4703.17,1177.18,3.99529,0.00060419,0.558866,1,648.6671149,12242.1,707.162,17.3116,0.000582574,0.594889,0,273.0678865,1777.27,599.161,2.96626,0.000129901,0.118805,6,-353.8569896,2139.22,448.441,4.77035,0.000412774,0.238729
49.962854,1,AUTO,ARMED,5,AVAILABLE,UNAVAILABLE,UNAVAILABLE,50,7,ACTIVE,11,F1_N2-A3.NC,F1_N2-A3.NC,2077098.662,194564.758,5711.9,3623.3818,100,35.98333,48,100,0,8,100,10000.0,4703.17,1177.18,3.99529,0.00060419,0.558866,0,652.3820056,12242.1,707.162,17.3116,0.000582574,0.594889,0,273.0679652,1777.27,599.161,2.96626,0.000129901,0.118805,6,-353.8570125,2139.22,448.441,4.77035,0.000412774,0.238729
50.121107,1,AUTO,ARMED,5,AVAILABLE,UNAVAILABLE,UNAVAILABLE,50,7,ACTIVE,11,F1_N2-A3.NC,F1_N2-A3.NC,2077098.662,194564.758,5711.9,3623.3818,100,35.98333,48,100,0,5,100,10000.0,4703.17,1177.18,3.99529,0.00060419,0.558866,0,655.5272557,12242.1,707.162,17.3116,0.000582574,0.594889,0,273.0678508,1777.27,599.161,2.96626,0.000129901,0.118805,6,-353.857001,2139.22,448.441,4.77035,0.000412774,0.238729
50.270546,1,AUTO,ARMED,5,AVAILABLE,UNAVAILABLE,UNAVAILABLE,51,7,ACTIVE,11,F1_N2-A3.NC,F1_N2-A3.NC,2077098.662,194564.758,5711.9,3623.3818,100,0.0,49,100,0,3,100,10000.0,4703.17,1177.18,3.99529,0.00060419,0.558866,0,655.6426,12242.1,707.162,17.3116,0.000582574,0.594889,0,273.0678079,1777.27,599.161,2.96626,0.000129901,0.118805,6,-353.857001,2139.22,448.441,4.77035,0.000412774,0.238729
50.427549,1,AUTO,ARMED,5,AVAILABLE,UNAVAILABLE,UNAVAILABLE,51,7,ACTIVE,11,F1_N2-A3.NC,F1_N2-A3.NC,2077098.662,194564.758,5711.9,3623.3818,100,0.0,49,100,0,3,100,10000.0,2543.55,603.733,4.21304,0.000590687,0.561662,0,655.6425642,3216.56,118.738,27.0896,0.000142618,0.0767823,0,273.0678007,624.447,109.9,5.68196,0.000131856,0.0779128,6,-353.857001,1610.42,507.536,3.17302,0.0003184,0.26069
50.576786,1,AUTO,ARMED,5,AVAILABLE,UNAVAILABLE,UNAVAILABLE,51,7,ACTIVE,11,F1_N2-A3.NC,F1_N2-A3.NC,2077098.662,194564.758,5711.9,3623.3818,100,0.0,49,100,0,4,100,10000.0,2543.55,603.733,4.21304,0.000590687,0.561662,0,655.6425427,3216.56,118.738,27.0896,0.000142618,0.0767823,0,273.0678007,624.447,109.9,5.68196,0.000131856,0.0779128,6,-353.8569896,1610.42,507.536,3.17302,0.0003184,0.26069
50.717917,1,AUTO,ARMED,5,AVAILABLE,UNAVAILABLE,UNAVAILABLE,51,7,ACTIVE,11,F1_N2-A3.NC,F1_N2-A3.NC,2077098.662,194564.758,5711.9,3571.5249,100,0.0,49,100,0,5,100,10000.0,2543.55,603.733,4.21304,0.000590687,0.561662,0,655.6425213,3216.56,118.738,27.0896,0.000142618,0.0767823,0,273.0678007,624.447,109.9,5.68196,0.000131856,0.0779128,6,-353.857001,1610.42,507.536,3.17302,0.0003184,0.26069
50.890799,1,AUTO,ARMED,5,AVAILABLE,UNAVAILABLE,UNAVAILABLE,51,7,ACTIVE,11,F1_N2-A3.NC,F1_N2-A3.NC,2077098.662,194564.758,5711.9,3571.5249,100,0.0,49,100,0,5,100,10000.0,2543.55,603.733,4.21304,0.000590687,0.561662,0,655.642507,3216.56,118.738,27.0896,0.000142618,0.0767823,0,273.0678007,624.447,109.9,5.68196,0.000131856,0.0779128,6,-353.857001,1610.42,507.536,3.17302,0.0003184,0.26069
51.048176,1,AUTO,ARMED,5,AVAILABLE,UNAVAILABLE,UNAVAILABLE,51,7,ACTIVE,11,F1_N2-A3.NC,F1_N2-A3.NC,2077098.662,194564.758,5711.9,3571.5249,100,0.0,49,100,0,5,100,10000.0,2543.55,603.733,4.21304,0.000590687,0.561662,0,655.6425213,3216.56,118.738,27.0896,0.000142618,0.0767823,0,273.0677935,624.447,109.9,5.68196,0.000131856,0.0779128,6,-353.857001,1610.42,507.536,3.17302,0.0003184,0.26069
51.193446,1,AUTO,ARMED,5,AVAILABLE,UNAVAILABLE,UNAVAILABLE,51,7,ACTIVE,11,F1_N2-A3.NC,F1_N2-A3.NC,2077098.662,194564.758,5711.9,3571.5249,100,0.0,50,100,0,5,100,10000.0,2543.55,603.733,4.21304,0.000590687,0.561662,0,655.3917327,3216.56,118.738,27.0896,0.000142618,0.0767823,0,273.7019795,624.447,109.9,5.68196,0.000131856,0.0779128,6,-353.8569896,1610.42,507.536,3.17302,0.0003184,0.26069
51.338205,1,AUTO,ARMED,5,AVAILABLE,UNAVAILABLE,UNAVAILABLE,53,7,ACTIVE,11,F1_N2-A3.NC,F1_N2-A3.NC,2077098.662,194564.758,5711.9,3571.5249,100,27.96667,50,100,0,5,100,10000.0,2543.55,603.733,4.21304,0.000590687,0.561662,0,652.1671086,3216.56,118.738,27.0896,0.000142618,0.0767823,0,273.7025589,624.447,109.9,5.68196,0.000131856,0.0779128,6,-353.8570125,1610.42,507.536,3.17302,0.0003184,0.26069
51.483845,1,AUTO,ARMED,5,AVAILABLE,UNAVAILABLE,UNAVAILABLE,53,7,ACTIVE,11,F1_N2-A3.NC,F1_N2-A3.NC,2077098.662,194564.758,5711.9,3571.5249,100,35.98333,50,100,0,5,100,10000.0,4271.24,840.746,5.0803,0.000507775,0.479067,0,648.4627755,10177.8,688.931,14.7733,0.00051019,0.535497,0,273.7026018,1993.43,614.165,3.24576,0.000120397,0.152232,6,-353.8570125,1970.96,826.609,2.38439,0.000370985,0.326687
51.62283,1,AUTO,ARMED,5,AVAILABLE,UNAVAILABLE,UNAVAILABLE,53,7,ACTIVE,11,F1_N2-A3.NC,F1_N2-A3.NC,2077098.662,194564.758,5711.9,3571.5249,100,35.98333,50,100,0,9,100,10000.0,4271.24,840.746,5.0803,0.000507775,0.479067,0,641.059402,10177.8,688.931,14.7733,0.00051019,0.535497,0,273.702802,1993.43,614.165,3.24576,0.000120397,0.152232,6,-353.857001,1970.96,826.609,2.38439,0.000370985,0.326687
51.766387,1,AUTO,ARMED,5,AVAILABLE,UNAVAILABLE,UNAVAILABLE,53,7,ACTIVE,11,F1_N2-A3.NC,F1_N2-A3.NC,2077098.662,194564.758,5711.9,4514.4189,100,35.98333,50,100,0,11,100,10000.0,4271.24,840.746,5.0803,0.000507775,0.479067,0,637.3443334,10177.8,688.931,14.7733,0.00051019,0.535497,0,273.7027949,1993.43,614.165,3.24576,0.000120397,0.152232,6,-353.8570125,1970.96,826.609,2.38439,0.000370985,0.326687
51.903842,1,AUTO,ARMED,5,AVAILABLE,UNAVAILABLE,UNAVAILABLE,53,7,ACTIVE,11,F1_N2-A3.NC,F1_N2-A3.NC,2077098.662,194564.758,5711.9,4514.4189,100,35.98333,50,100,0,11,100,10000.0,4271.24,840.746,5.0803,0.000507775,0.479067,0,633.6378702,10177.8,688.931,14.7733,0.00051019,0.535497,0,273.7027949,1993.43,614.165,3.24576,0.000120397,0.152232,6,-353.8569896,1970.96,826.609,2.38439,0.000370985,0.326687
52.052852,1,AUTO,ARMED,5,AVAILABLE,UNAVAILABLE,UNAVAILABLE,53,7,ACTIVE,11,F1_N2-A3.NC,F1_N2-A3.NC,2077098.662,194564.758,5711.9,4514.4189,100,35.98333,50,100,0,10,100,10000.0,4271.24,840.746,5.0803,0.000507775,0.479067,0,626.2254367,10177.8,688.931,14.7733,0.00051019,0.535497,0,273.7028092,1993.43,614.165,3.24576,0.000120397,0.152232,6,-353.8570125,1970.96,826.609,2.38439,0.000370985,0.326687
52.207952,1,AUTO,ARMED,5,AVAILABLE,UNAVAILABLE,UNAVAILABLE,53,7,ACTIVE,11,F1_N2-A3.NC,F1_N2-A3.NC,2077098.662,194564.758,5711.9,4514.4189,100,35.98333,51,100,0,8,100,10000.0,4271.24,840.746,5.0803,0.000507775,0.479067,0,618.8218221,10177.8,688.931,14.7733,0.00051019,0.535497,0,273.702802,1993.43,614.165,3.24576,0.000120397,0.152232,6,-353.8569782,1970.96,826.609,2.38439,0.000370985,0.326687
52.346529,1,AUTO,ARMED,5,AVAILABLE,UNAVAILABLE,UNAVAILABLE,53,7,ACTIVE,11,F1_N2-A3.NC,F1_N2-A3.NC,2077098.662,194564.758,5711.9,4514.4189,100,35.98333,51,100,0,8,100,10000.0,4271.24,840.746,5.0803,0.000507775,0.479067,0,616.9685564,10177.8,688.931,14.7733,0.00051019,0.535497,0,273.702802,1993.43,614.165,3.24576,0.000120397,0.152232,6,-353.857001,1970.96,826.609,2.38439,0.000370985,0.326687
52.48667,1,AUTO,ARMED,5,AVAILABLE,UNAVAILABLE,UNAVAILABLE,53,7,ACTIVE,11,F1_N2-A3.NC,F1_N2-A3.NC,2077098.662,194564.758,5711.9,4514.4189,100,35.98333,51,100,0,9,100,10000.0,3959.3,919.194,4.30736,0.000549769,0.52422,0,613.2533205,9721.68,477.327,20.3669,0.000235796,0.270373,0,273.7028163,2065.48,612.392,3.37281,0.000185254,0.14347,6,-353.8570125,1995.0,948.322,2.10372,0.000284449,0.357488
52.631683,1,AUTO,ARMED,5,AVAILABLE,UNAVAILABLE,UNAVAILABLE,53,7,ACTIVE,11,F1_N2-A3.NC,F1_N2-A3.NC,2077098.662,194564.758,5711.9,4514.4189,100,35.98333,51,100,0,8,100,10000.0,3959.3,919.194,4.30736,0.000549769,0.52422,0,609.5561571,9721.68,477.327,20.3669,0.000235796,0.270373,0,273.7028163,2065.48,612.392,3.37281,0.000185254,0.14347,6,-353.857001,1995.0,948.322,2.10372,0.000284449,0.357488
52.78791,1,AUTO,ARMED,5,AVAILABLE,UNAVAILABLE,UNAVAILABLE,53,7,ACTIVE,11,F1_N2-A3.NC,F1_N2-A3.NC,2077098.662,194564.758,5711.9,4600.6719,100,35.98333,51,100,0,9,100,10000.0,3959.3,919.194,4.30736,0.000549769,0.52422,0,605.8496041,9721.68,477.327,20.3669,0.000235796,0.270373,0,273.7028163,2065.48,612.392,3.37281,0.000185254,0.14347,6,-353.8569782,1995.0,948.322,2.10372,0.000284449,0.357488
52.93332,1,AUTO,ARMED,5,AVAILABLE,UNAVAILABLE,UNAVAILABLE,53,7,ACTIVE,11,F1_N2-A3.NC,F1_N2-A3.NC,2077098.662,194564.758,5711.9,4600.6719,100,35.98333,51,100,0,9,100,10000.0,3959.3,919.194,4.30736,0.000549769,0.52422,0,594.7307533,9721.68,477.327,20.3669,0.000235796,0.270373,0,273.702802,2065.48,612.392,3.37281,0.000185254,0.14347,6,-353.8569896,1995.0,948.322,2.10372,0.000284449,0.357488
53.07791,1,AUTO,ARMED,5,AVAILABLE,UNAVAILABLE,UNAVAILABLE,53,7,ACTIVE,11,F1_N2-A3.NC,F1_N2-A3.NC,2077098.662,194564.758,5711.9,4600.6719,100,35.98333,51,100,0,8,100,10000.0,3959.3,919.194,4.30736,0.000549769,0.52422,0,591.0335917,9721.68,477.327,20.3669,0.000235796,0.270373,0,273.702802,2065.48,612.392,3.37281,0.000185254,0.14347,6,-353.857001,1995.0,948.322,2.10372,0.000284449,0.357488
53.225328,1,AUTO,ARMED,5,AVAILABLE,UNAVAILABLE,UNAVAILABLE,53,7,ACTIVE,11,F1_N2-A3.NC,F1_N2-A3.NC,2077098.662,194564.758,5711.9,4600.6719,100,35.98333,52,100,0,8,100,10000.0,3959.3,919.194,4.30736,0.000549769,0.52422,0,583.611978,9721.68,477.327,20.3669,0.000235796,0.270373,0,273.7028163,2065.48,612.392,3.37281,0.000185254,0.14347,6,-353.857001,1995.0,948.322,2.10372,0.000284449,0.357488
53.390966,1,AUTO,ARMED,5,AVAILABLE,UNAVAILABLE,UNAVAILABLE,53,7,ACTIVE,11,F1_N2-A3.NC,F1_N2-A3.NC,2077098.662,194564.758,5711.9,4600.6719,100,35.98333,52,100,0,9,100,10000.0,3959.3,919.194,4.30736,0.000549769,0.52422,0,579.9147555,9721.68,477.327,20.3669,0.000235796,0.270373,0,273.7028163,2065.48,612.392,3.37281,0.000185254,0.14347,6,-353.8569782,1995.0,948.322,2.10372,0.000284449,0.357488
53.539409,1,AUTO,ARMED,5,AVAILABLE,UNAVAILABLE,UNAVAILABLE,53,7,ACTIVE,11,F1_N2-A3.NC,F1_N2-A3.NC,2077098.662,194564.758,5711.9,4600.6719,100,35.98333,52,100,0,9,100,10000.0,3839.32,946.331,4.05706,0.000570685,0.549707,0,576.199537,9817.69,373.437,26.2901,0.000226038,0.188755,0,273.702802,2257.61,769.033,2.93565,0.000171693,0.166067,6,-353.857001,2043.07,912.41,2.2392,0.000349099,0.363003
53.71719,1,AUTO,ARMED,5,AVAILABLE,UNAVAILABLE,UNAVAILABLE,53,7,ACTIVE,11,F1_N2-A3.NC,F1_N2-A3.NC,2077098.662,194564.758,5711.9,4600.6719,100,35.98333,52,100,0,9,100,10000.0,3839.32,946.331,4.05706,0.000570685,0.549707,0,565.0806824,9817.69,373.437,26.2901,0.000226038,0.188755,0,273.7027949,2257.61,769.033,2.93565,0.000171693,0.166067,6,-353.857001,2043.07,912.41,2.2392,0.000349099,0.363003
53.864771,1,AUTO,ARMED,5,AVAILABLE,UNAVAILABLE,UNAVAILABLE,53,7,ACTIVE,11,F1_N2-A3.NC,F1_N2-A3.NC,2077098.662,194564.758,5711.9,4478.104,100,35.98333,52,100,0,9,100,10000.0,3839.32,946.331,4.05706,0.000570685,0.549707,0,561.3743403,9817.69,373.437,26.2901,0.000226038,0.188755,0,273.7028235,2257.61,769.033,2.93565,0.000171693,0.166067,6,-353.857001,2043.07,912.41,2.2392,0.000349099,0.363003
54.014452,1,AUTO,ARMED,5,AVAILABLE,UNAVAILABLE,UNAVAILABLE,53,7,ACTIVE,11,F1_N2-A3.NC,F1_N2-A3.NC,2077098.662,194564.758,5711.9,4478.104,100,35.98333,52,100,0,9,100,10000.0,3839.32,946.331,4.05706,0.000570685,0.549707,0,557.6772105,9817.69,373.437,26.2901,0.000226038,0.188755,0,273.7028092,2257.61,769.033,2.93565,0.000171693,0.166067,6,-353.857001,2043.07,912.41,2.2392,0.000349099,0.363003
54.17663,1,AUTO,ARMED,5,AVAILABLE,UNAVAILABLE,UNAVAILABLE,53,7,ACTIVE,11,F1_N2-A3.NC,F1_N2-A3.NC,2077098.662,194564.758,5711.9,4478.104,100,35.98333,53,100,0,9,100,10000.0,3839.32,946.331,4.05706,0.000570685,0.549707,0,550.2555327,9817.69,373.437,26.2901,0.000226038,0.188755,0,273.702802,2257.61,769.033,2.93565,0.000171693,0.166067,6,-353.857001,2043.07,912.41,2.2392,0.000349099,0.363003
54.317689,1,AUTO,ARMED,5,AVAILABLE,UNAVAILABLE,UNAVAILABLE,53,7,ACTIVE,11,F1_N2-A3.NC,F1_N2-A3.NC,2077098.662,194564.758,5711.9,4478.104,100,35.98333,53,100,0,9,100,10000.0,3839.32,946.331,4.05706,0.000570685,0.549707,0,546.5583228,9817.69,373.437,26.2901,0.000226038,0.188755,0,273.7027877,2257.61,769.033,2.93565,0.000171693,0.166067,6,-353.8570125,2043.07,912.41,2.2392,0.000349099,0.363003
54.476014,1,AUTO,ARMED,5,AVAILABLE,UNAVAILABLE,UNAVAILABLE,53,7,ACTIVE,11,F1_N2-A3.NC,F1_N2-A3.NC,2077098.662,194564.758,5711.9,4478.104,100,35.98333,53,100,0,8,100,10000.0,3839.32,946.331,4.05706,0.000570685,0.549707,0,540.9992152,9817.69,373.437,26.2901,0.000226038,0.188755,0,273.7030166,2257.61,769.033,2.93565,0.000171693,0.166067,6,-353.8569896,2043.07,912.41,2.2392,0.000349099,0.363003
54.626051,1,AUTO,ARMED,5,AVAILABLE,UNAVAILABLE,UNAVAILABLE,53,7,ACTIVE,11,F1_N2-A3.NC,F1_N2-A3.NC,2077098.662,194564.758,5711.9,4478.104,100,35.98333,53,100,0,6,100,10000.0,3815.32,615.627,6.19745,0.00059064,0.570668,0,537.3227831,10369.8,126.175,82.1859,0.000181647,0.111835,0,273.7028807,2257.61,124.727,18.1004,9.67196e-05,0.0739655,6,-353.8569896,1995.0,485.779,4.10681,0.000337931,0.259799
54.766583,1,AUTO,ARMED,5,AVAILABLE,UNAVAILABLE,UNAVAILABLE,53,7,ACTIVE,11,F1_N2-A3.NC,F1_N2-A3.NC,2077098.662,194564.758,5711.9,4478.104,100,18.5,53,100,0,4,100,10000.0,3815.32,615.627,6.19745,0.00059064,0.570668,0,536.2667736,10369.8,126.175,82.1859,0.000181647,0.111835,0,273.7028306,2257.61,124.727,18.1004,9.67196e-05,0.0739655,6,-353.857001,1995.0,485.779,4.10681,0.000337931,0.259799
54.907439,1,AUTO,ARMED,5,AVAILABLE,UNAVAILABLE,UNAVAILABLE,54,7,ACTIVE,11,F1_N2-A3.NC,F1_N2-A3.NC,2077098.662,194564.758,5711.9,4478.104,100,0.0,53,100,0,3,100,10000.0,3815.32,615.627,6.19745,0.00059064,0.570668,0,536.2624035,10369.8,126.175,82.1859,0.000181647,0.111835,0,273.702802,2257.61,124.727,18.1004,9.67196e-05,0.0739655,6,-353.8569896,1995.0,485.779,4.10681,0.000337931,0.259799
55.046883,1,AUTO,ARMED,5,AVAILABLE,UNAVAILABLE,UNAVAILABLE,54,7,ACTIVE,11,F1_N2-A3.NC,F1_N2-A3.NC,2077098.662,194564.758,5711.9,3568.311,100,0.0,53,100,0,5,100,10000.0,3815.32,615.627,6.19745,0.00059064,0.570668,0,536.2624607,10369.8,126.175,82.1859,0.000181647,0.111835,0,273.702802,2257.61,124.727,18.1004,9.67196e-05,0.0739655,6,-353.857001,1995.0,485.779,4.10681,0.000337931,0.259799
55.187408,1,AUTO,ARMED,5,AVAILABLE,UNAVAILABLE,UNAVAILABLE,54,7,ACTIVE,11,F1_N2-A3.NC,F1_N2-A3.NC,2077098.662,194564.758,5711.9,3568.311,100,0.0,54,100,0,4,100,10000.0,3815.32,615.627,6.19745,0.00059064,0.570668,0,536.2624678,10369.8,126.175,82.1859,0.000181647,0.111835,0,273.7027949,2257.61,124.727,18.1004,9.67196e-05,0.0739655,6,-353.8569896,1995.0,485.779,4.10681,0.000337931,0.259799
55.331129,1,AUTO,ARMED,5,AVAILABLE,UNAVAILABLE,UNAVAILABLE,54,7,ACTIVE,11,F1_N2-A3.NC,F1_N2-A3.NC,2077098.662,194564.758,5711.9,3568.311,100,0.0,54,100,0,5,100,10000.0,3815.32,615.627,6.19745,0.00059064,0.570668,0,536.2624821,10369.8,126.175,82.1859,0.000181647,0.111835,0,273.7027949,2257.61,124.727,18.1004,9.67196e-05,0.0739655,6,-353.857001,1995.0,485.779,4.10681,0.000337931,0.259799
55.475978,1,AUTO,ARMED,5,AVAILABLE,UNAVAILABLE,UNAVAILABLE,54,7,ACTIVE,11,F1_N2-A3.NC,F1_N2-A3.NC,2077098.662,194564.758,5711.9,3568.311,100,0.0,54,100,0,5,100,10000.0,3815.32,615.627,6.19745,0.00059064,0.570668,0,536.2624893,10369.8,126.175,82.1859,0.000181647,0.111835,0,273.7027949,2257.61,124.727,18.1004,9.67196e-05,0.0739655,6,-353.857001,1995.0,485.779,4.10681,0.000337931,0.259799
55.630205,1,AUTO,ARMED,5,AVAILABLE,UNAVAILABLE,UNAVAILABLE,54,7,ACTIVE,11,F1_N2-A3.NC,F1_N2-A3.NC,2077098.662,194564.758,5711.9,3568.311,100,0.0,54,100,0,4,100,10000.0,2759.51,635.364,4.3432,0.000683492,0.579332,0,536.2624893,3408.59,123.264,27.6528,0.000162738,0.113803,0,273.7592108,696.497,130.455,5.33898,0.000130153,0.0756288,6,-353.8570125,1634.46,585.106,2.79344,0.000460477,0.283864
55.779446,1,AUTO,ARMED,5,AVAILABLE,UNAVAILABLE,UNAVAILABLE,54,7,ACTIVE,11,F1_N2-A3.NC,F1_N2-A3.NC,2077098.662,194564.758,5711.9,3568.311,100,0.0,54,100,0,4,100,10000.0,2759.51,635.364,4.3432,0.000683492,0.579332,0,536.2625036,3408.59,123.264,27.6528,0.000162738,0.113803,0,274.3370238,696.497,130.455,5.33898,0.000130153,0.0756288,6,-353.857001,1634.46,585.106,2.79344,0.000460477,0.283864
55.917437,1,AUTO,ARMED,5,AVAILABLE,UNAVAILABLE,UNAVAILABLE,58,7,ACTIVE,11,F1_N2-A3.NC,F1_N2-A3.NC,2077098.662,194564.758,5711.9,3568.311,100,0.0,54,100,0,4,100,10000.0,2759.51,635.364,4.3432,0.000683492,0.579332,0,536.2624893,3408.59,123.264,27.6528,0.000162738,0.113803,0,274.337646,696.497,130.455,5.33898,0.000130153,0.0756288,6,-353.8569896,1634.46,585.106,2.79344,0.000460477,0.283864
56.062864,1,AUTO,ARMED,5,AVAILABLE,UNAVAILABLE,UNAVAILABLE,58,7,ACTIVE,11,F1_N2-A3.NC,F1_N2-A3.NC,2077098.662,194564.758,5711.9,3547.3887,100,0.0,54,100,0,4,100,10000.0,2759.51,635.364,4.3432,0.000683492,0.579332,0,536.2624964,3408.59,123.264,27.6528,0.000162738,0.113803,0,274.3377962,696.497,130.455,5.33898,0.000130153,0.0756288,6,-353.857001,1634.46,585.106,2.79344,0.000460477,0.283864
56.203909,1,AUTO,ARMED,5,AVAILABLE,UNAVAILABLE,UNAVAILABLE,58,7,ACTIVE,11,F1_N2-A3.NC,F1_N2-A3.NC,2077098.662,194564.758,5711.9,3547.3887,100,0.0,55,100,0,4,100,10000.0,2759.51,635.364,4.3432,0.000683492,0.579332,0,536.2624964,3408.59,123.264,27.6528,0.000162738,0.113803,0,274.3378177,696.497,130.455,5.33898,0.000130153,0.0756288,6,-353.8569782,1634.46,585.106,2.79344,0.000460477,0.283864
56.347411,1,AUTO,ARMED,5,AVAILABLE,UNAVAILABLE,UNAVAILABLE,58,7,ACTIVE,11,F1_N2-A3.NC,F1_N2-A3.NC,2077098.662,194564.758,5711.9,3547.3887,100,0.0,55,100,0,4,100,10000.0,2759.51,635.364,4.3432,0.000683492,0.579332,0,536.2625036,3408.59,123.264,27.6528,0.000162738,0.113803,0,274.3378105,696.497,130.455,5.33898,0.000130153,0.0756288,6,-353.8570125,1634.46,585.106,2.79344,0.000460477,0.283864
56.487975,1,AUTO,ARMED,5,AVAILABLE,UNAVAILABLE,UNAVAILABLE,58,7,ACTIVE,11,F1_N2-A3.NC,F1_N2-A3.NC,2077098.662,194564.758,5711.9,3547.3887,100,0.0,55,100,0,4,100,10000.0,2759.51,635.364,4.3432,0.000683492,0.579332,0,536.2624964,3408.59,123.264,27.6528,0.000162738,0.113803,0,274.3378105,696.497,130.455,5.33898,0.000130153,0.0756288,6,-353.857001,1634.46,585.106,2.79344,0.000460477,0.283864
56.636535,1,AUTO,ARMED,5,AVAILABLE,UNAVAILABLE,UNAVAILABLE,58,7,ACTIVE,11,F1_N2-A3.NC,F1_N2-A3.NC,2077098.662,194564.758,5711.9,3547.3887,100,0.0,55,100,0,4,100,10000.0,2759.51,635.364,4.3432,0.000683492,0.579332,0,536.2624964,3408.59,123.264,27.6528,0.000162738,0.113803,0,274.3378034,696.497,130.455,5.33898,0.000130153,0.0756288,6,-353.8569896,1634.46,585.106,2.79344,0.000460477,0.283864
56.786196,1,AUTO,ARMED,5,AVAILABLE,UNAVAILABLE,UNAVAILABLE,59,7,ACTIVE,11,F1_N2-A3.NC,F1_N2-A3.NC,2077098.662,194564.758,5711.9,3547.3887,100,0.0,55,100,0,4,100,10000.0,5303.06,1277.21,4.15207,0.000572562,0.564771,0,538.0867273,14186.4,566.02,25.0634,0.000273533,0.241283,0,274.3378034,2617.87,967.026,2.70714,0.000120034,0.181882,6,-353.857001,2067.11,753.896,2.7419,0.000327953,0.309593
56.941165,1,AUTO,ARMED,5,AVAILABLE,UNAVAILABLE,UNAVAILABLE,59,7,ACTIVE,11,F1_N2-A3.NC,F1_N2-A3.NC,2077098.662,194564.758,5711.9,3547.3887,100,42.33333,55,100,0,5,100,10000.0,5303.06,1277.21,4.15207,0.000572562,0.564771,1,542.4514696,14186.4,566.02,25.0634,0.000273533,0.241283,0,274.3376532,2617.87,967.026,2.70714,0.000120034,0.181882,6,-353.857001,2067.11,753.896,2.7419,0.000327953,0.309593
57.08064,1,AUTO,ARMED,5,AVAILABLE,UNAVAILABLE,UNAVAILABLE,59,7,ACTIVE,11,F1_N2-A3.NC,F1_N2-A3.NC,2077098.662,194564.758,5711.9,3547.3887,100,42.33333,55,100,0,8,100,10000.0,5303.06,1277.21,4.15207,0.000572562,0.564771,1,546.8119062,14186.4,566.02,25.0634,0.000273533,0.241283,0,274.3377318,2617.87,967.026,2.70714,0.000120034,0.181882,6,-353.8570125,2067.11,753.896,2.7419,0.000327953,0.309593
57.219673,1,AUTO,ARMED,5,AVAILABLE,UNAVAILABLE,UNAVAILABLE,59,7,ACTIVE,11,F1_N2-A3.NC,F1_N2-A3.NC,2077098.662,194564.758,5711.9,4577.1206,100,42.33333,56,100,0,11,100,10000.0,5303.06,1277.21,4.15207,0.000572562,0.564771,1,551.1616927,14186.4,566.02,25.0634,0.000273533,0.241283,0,274.3377891,2617.87,967.026,2.70714,0.000120034,0.181882,6,-353.857001,2067.11,753.896,2.7419,0.000327953,0.309593
57.363876,1,AUTO,ARMED,5,AVAILABLE,UNAVAILABLE,UNAVAILABLE,59,7,ACTIVE,11,F1_N2-A3.NC,F1_N2-A3.NC,2077098.662,194564.758,5711.9,4577.1206,100,42.33333,56,100,0,11,100,10000.0,5303.06,1277.21,4.15207,0.000572562,0.564771,1,555.5326219,14186.4,566.02,25.0634,0.000273533,0.241283,0,274.3377962,2617.87,967.026,2.70714,0.000120034,0.181882,6,-353.8569782,2067.11,753.896,2.7419,0.000327953,0.309593
57.523226,1,AUTO,ARMED,5,AVAILABLE,UNAVAILABLE,UNAVAILABLE,59,7,ACTIVE,11,F1_N2-A3.NC,F1_N2-A3.NC,2077098.662,194564.758,5711.9,4577.1206,100,42.33333,56,100,0,11,100,10000.0,5303.06,1277.21,4.15207,0.000572562,0.564771,1,568.6030479,14186.4,566.02,25.0634,0.000273533,0.241283,0,274.3378105,2617.87,967.026,2.70714,0.000120034,0.181882,6,-353.857001,2067.11,753.896,2.7419,0.000327953,0.309593
57.66445,1,AUTO,ARMED,5,AVAILABLE,UNAVAILABLE,UNAVAILABLE,59,7,ACTIVE,11,F1_N2-A3.NC,F1_N2-A3.NC,2077098.662,194564.758,5711.9,4577.1206,100,42.33333,56,100,0,9,100,10000.0,5303.06,1277.21,4.15207,0.000572562,0.564771,0,572.9739918,14186.4,566.02,25.0634,0.000273533,0.241283,0,274.3378105,2617.87,967.026,2.70714,0.000120034,0.181882,6,-353.857001,2067.11,753.896,2.7419,0.000327953,0.309593
57.824448,1,AUTO,ARMED,5,AVAILABLE,UNAVAILABLE,UNAVAILABLE,59,7,ACTIVE,11,F1_N2-A3.NC,F1_N2-A3.NC,2077098.662,194564.758,5711.9,4577.1206,100,42.33333,56,100,0,8,100,10000.0,5063.1,1275.48,3.96956,0.00062185,0.57338,0,577.3235711,14426.5,604.672,23.8584,0.000273939,0.335204,0,274.3378105,2497.79,738.165,3.38378,0.000120355,0.159105,6,-353.8570125,2235.36,637.999,3.5037,0.000326312,0.28305
57.98216,1,AUTO,ARMED,5,AVAILABLE,UNAVAILABLE,UNAVAILABLE,59,7,ACTIVE,11,F1_N2-A3.NC,F1_N2-A3.NC,2077098.662,194564.758,5711.9,4577.1206,100,42.33333,56,100,0,8,100,10000.0,5063.1,1275.48,3.96956,0.00062185,0.57338,1,586.054896,14426.5,604.672,23.8584,0.000273939,0.335204,0,274.3377891,2497.79,738.165,3.38378,0.000120355,0.159105,6,-353.8569896,2235.36,637.999,3.5037,0.000326312,0.28305
58.126417,1,AUTO,ARMED,5,AVAILABLE,UNAVAILABLE,UNAVAILABLE,59,7,ACTIVE,11,F1_N2-A3.NC,F1_N2-A3.NC,2077098.662,194564.758,5711.9,4577.1206,100,42.33333,56,100,0,8,100,10000.0,5063.1,1275.48,3.96956,0.00062185,0.57338,1,590.404798,14426.5,604.672,23.8584,0.000273939,0.335204,0,274.3377891,2497.79,738.165,3.38378,0.000120355,0.159105,6,-353.857001,2235.36,637.999,3.5037,0.000326312,0.28305
58.271745,1,AUTO,ARMED,5,AVAILABLE,UNAVAILABLE,UNAVAILABLE,59,7,ACTIVE,11,F1_N2-A3.NC,F1_N2-A3.NC,2077098.662,194564.758,5711.9,4620.7227,100,42.33333,57,100,0,9,100,10000.0,5063.1,1275.48,3.96956,0.00062185,0.57338,1,594.7649208,14426.5,604.672,23.8584,0.000273939,0.335204,0,274.3377962,2497.79,738.165,3.38378,0.000120355,0.159105,6,-353.8570125,2235.36,637.999,3.5037,0.000326312,0.28305
58.40848,1,AUTO,ARMED,5,AVAILABLE,UNAVAILABLE,UNAVAILABLE,59,7,ACTIVE,11,F1_N2-A3.NC,F1_N2-A3.NC,2077098.662,194564.758,5711.9,4620.7227,100,42.33333,57,100,0,9,100,10000.0,5063.1,1275.48,3.96956,0.00062185,0.57338,1,605.6762107,14426.5,604.672,23.8584,0.000273939,0.335204,0,274.3377891,2497.79,738.165,3.38378,0.000120355,0.159105,6,-353.857001,2235.36,637.999,3.5037,0.000326312,0.28305
58.550545,1,AUTO,ARMED,5,AVAILABLE,UNAVAILABLE,UNAVAILABLE,59,7,ACTIVE,11,F1_N2-A3.NC,F1_N2-A3.NC,2077098.662,194564.758,5711.9,4620.7227,100,42.33333,57,100,0,9,100,10000.0,5063.1,1275.48,3.96956,0.00062185,0.57338,1,610.0260968,14426.5,604.672,23.8584,0.000273939,0.335204,0,274.3377962,2497.79,738.165,3.38378,0.000120355,0.159105,6,-353.8570125,2235.36,637.999,3.5037,0.000326312,0.28305
58.689948,1,AUTO,ARMED,5,AVAILABLE,UNAVAILABLE,UNAVAILABLE,59,7,ACTIVE,11,F1_N2-A3.NC,F1_N2-A3.NC,2077098.662,194564.758,5711.9,4620.7227,100,42.33333,57,100,0,9,100,10000.0,5063.1,1275.48,3.96956,0.00062185,0.57338,1,614.3972331,14426.5,604.672,23.8584,0.000273939,0.335204,0,274.3378034,2497.79,738.165,3.38378,0.000120355,0.159105,6,-353.857001,2235.36,637.999,3.5037,0.000326312,0.28305
58.843628,1,AUTO,ARMED,5,AVAILABLE,UNAVAILABLE,UNAVAILABLE,59,7,ACTIVE,11,F1_N2-A3.NC,F1_N2-A3.NC,2077098.662,194564.758,5711.9,4620.7227,100,42.33333,57,100,0,9,100,10000.0,5039.11,1285.55,3.91981,0.000578877,0.577432,1,618.7469479,14378.5,482.393,29.8066,0.000192007,0.194306,0,274.3378034,1825.3,644.311,2.83295,9.81261e-05,0.136812,6,-353.8569896,2163.25,685.465,3.15589,0.000320524,0.293329
58.98949,1,AUTO,ARMED,5,AVAILABLE,UNAVAILABLE,UNAVAILABLE,59,7,ACTIVE,11,F1_N2-A3.NC,F1_N2-A3.NC,2077098.662,194564.758,5711.9,4620.7227,100,42.33333,57,100,0,9,100,10000.0,5039.11,1285.55,3.91981,0.000578877,0.577432,1,627.4780556,14378.5,482.393,29.8066,0.000192007,0.194306,0,274.3378034,1825.3,644.311,2.83295,9.81261e-05,0.136812,6,-353.8569896,2163.25,685.465,3.15589,0.000320524,0.293329
59.132465,1,AUTO,ARMED,5,AVAILABLE,UNAVAILABLE,UNAVAILABLE,59,7,ACTIVE,11,F1_N2-A3.NC,F1_N2-A3.NC,2077098.662,194564.758,5711.9,4620.7227,100,42.33333,58,100,0,9,100,10000.0,5039.11,1285.55,3.91981,0.000578877,0.577432,1,636.1881056,14378.5,482.393,29.8066,0.000192007,0.194306,0,274.3377891,1825.3,644.311,2.83295,9.81261e-05,0.136812,6,-353.857001,2163.25,685.465,3.15589,0.000320524,0.293329
59.274871,1,AUTO,ARMED,5,AVAILABLE,UNAVAILABLE,UNAVAILABLE,59,7,ACTIVE,11,F1_N2-A3.NC,F1_N2-A3.NC,2077098.662,194564.758,5711.9,3445.1055,100,42.33333,58,100,0,9,100,10000.0,5039.11,1285.55,3.91981,0.000578877,0.577432,1,640.5378582,14378.5,482.393,29.8066,0.000192007,0.194306,0,274.3377891,1825.3,644.311,2.83295,9.81261e-05,0.136812,6,-353.8570125,2163.25,685.465,3.15589,0.000320524,0.293329
59.448747,1,AUTO,ARMED,5,AVAILABLE,UNAVAILABLE,UNAVAILABLE,59,7,ACTIVE,11,F1_N2-A3.NC,F1_N2-A3.NC,2077098.662,194564.758,5711.9,3445.1055,100,42.33333,58,100,0,9,100,10000.0,5039.11,1285.55,3.91981,0.000578877,0.577432,1,644.9088029,14378.5,482.393,29.8066,0.000192007,0.194306,0,274.3378034,1825.3,644.311,2.83295,9.81261e-05,0.136812,6,-353.857001,2163.25,685.465,3.15589,0.000320524,0.293329
59.622443,1,AUTO,ARMED,5,AVAILABLE,UNAVAILABLE,UNAVAILABLE,59,7,ACTIVE,11,F1_N2-A3.NC,F1_N2-A3.NC,2077098.662,194564.758,5711.9,3445.1055,100,42.33333,58,100,0,8,100,10000.0,5039.11,1285.55,3.91981,0.000578877,0.577432,1,653.6187505,14378.5,482.393,29.8066,0.000192007,0.194306,0,274.3379392,1825.3,644.311,2.83295,9.81261e-05,0.136812,6,-353.8570125,2163.25,685.465,3.15589,0.000320524,0.293329
59.764455,1,AUTO,ARMED,5,AVAILABLE,UNAVAILABLE,UNAVAILABLE,60,7,ACTIVE,11,F1_N2-A3.NC,F1_N2-A3.NC,2077098.662,194564.758,5711.9,3445.1055,100,0.0,58,100,0,6,100,10000.0,5039.11,1285.55,3.91981,0.000578877,0.577432,0,655.6360342,14378.5,482.393,29.8066,0.000192007,0.194306,0,274.3378463,1825.3,644.311,2.83295,9.81261e-05,0.136812,6,-353.857001,2163.25,685.465,3.15589,0.000320524,0.293329
59.908775,1,AUTO,ARMED,5,AVAILABLE,UNAVAILABLE,UNAVAILABLE,60,7,ACTIVE,11,F1_N2-A3.NC,F1_N2-A3.NC,2077098.662,194564.758,5711.9,3445.1055,100,0.0,58,100,0,3,100,10000.0,4703.16,616.069,7.63414,0.000586068,0.568725,0,655.6425857,13706.4,112.135,122.231,0.000154215,0.0729251,0,274.3378034,672.479,112.79,5.96222,0.000102945,0.0760616,6,-353.8569896,1586.38,612.023,2.59203,0.000298171,0.28421
60.05076,1,AUTO,ARMED,5,AVAILABLE,UNAVAILABLE,UNAVAILABLE,60,7,ACTIVE,11,F1_N2-A3.NC,F1_N2-A3.NC,2077098.662,194564.758,5711.9,3445.1055,100,0.0,58,100,0,3,100,10000.0,4703.16,616.069,7.63414,0.000586068,0.568725,0,655.6425499,13706.4,112.135,122.231,0.000154215,0.0729251,0,274.3378034,672.479,112.79,5.96222,0.000102945,0.0760616,6,-353.857001,1586.38,612.023,2.59203,0.000298171,0.28421
60.200339,1,AUTO,ARMED,5,AVAILABLE,UNAVAILABLE,UNAVAILABLE,60,7,ACTIVE,11,F1_N2-A3.NC,F1_N2-A3.NC,2077098.662,194564.758,5711.9,3445.1055,100,0.0,59,100,0,5,100,10000.0,4703.16,616.069,7.63414,0.000586068,0.568725,0,655.6425284,13706.4,112.135,122.231,0.000154215,0.0729251,0,274.3377962,672.479,112.79,5.96222,0.000102945,0.0760616,6,-353.8569896,1586.38,612.023,2.59203,0.000298171,0.28421
60.358441,1,AUTO,ARMED,5,AVAILABLE,UNAVAILABLE,UNAVAILABLE,60,7,ACTIVE,11,F1_N2-A3.NC,F1_N2-A3.NC,2077098.662,194564.758,5711.9,3445.1055,100,0.0,59,100,0,5,100,10000.0,4703.16,616.069,7.63414,0.000586068,0.568725,0,655.6425284,13706.4,112.135,122.231,0.000154215,0.0729251,0,274.3377962,672.479,112.79,5.96222,0.000102945,0.0760616,6,-353.8570125,1586.38,612.023,2.59203,0.000298171,0.28421
60.502294,1,AUTO,ARMED,5,AVAILABLE,UNAVAILABLE,UNAVAILABLE,60,7,ACTIVE,11,F1_N2-A3.NC,F1_N2-A3.NC,2077098.662,194564.758,5711.9,3588.186,100,0.0,59,100,0,5,100,10000.0,4703.16,616.069,7.63414,0.000586068,0.568725,0,655.6425141,13706.4,112.135,122.231,0.000154215,0.0729251,0,274.3378034,672.479,112.79,5.96222,0.000102945,0.0760616,6,-353.8569896,1586.38,612.023,2.59203,0.000298171,0.28421
60.643929,1,AUTO,ARMED,5,AVAILABLE,UNAVAILABLE,UNAVAILABLE,60,7,ACTIVE,11,F1_N2-A3.NC,F1_N2-A3.NC,2077098.662,194564.758,5711.9,3588.186,100,0.0,59,100,0,5,100,10000.0,4703.16,616.069,7.63414,0.000586068,0.568725,0,655.6425141,13706.4,112.135,122.231,0.000154215,0.0729251,0,274.3377962,672.479,112.79,5.96222,0.000102945,0.0760616,6,-353.8569896,1586.38,612.023,2.59203,0.000298171,0.28421
60.784684,1,AUTO,ARMED,5,AVAILABLE,UNAVAILABLE,UNAVAILABLE,61,7,ACTIVE,11,F1_N2-A3.NC,F1_N2-A3.NC,2077098.662,194564.758,5711.9,3588.186,100,0.0,59,100,0,5,100,10000.0,4703.16,616.069,7.63414,0.000586068,0.568725,0,655.6424998,13706.4,112.135,122.231,0.000154215,0.0729251,0,274.6918836,672.479,112.79,5.96222,0.000102945,0.0760616,6,-353.857001,1586.38,612.023,2.59203,0.000298171,0.28421
60.932386,1,AUTO,ARMED,5,AVAILABLE,UNAVAILABLE,UNAVAILABLE,62,7,ACTIVE,11,F1_N2-A3.NC,F1_N2-A3.NC,2077098.662,194564.758,5711.9,3588.186,100,41.98333,59,100,0,5,100,10000.0,3551.37,911.153,3.89767,0.000578355,0.537203,0,654.3889647,11474.0,486.818,23.5694,0.000225465,0.25035,0,274.9721467,2041.46,662.365,3.08208,0.000112371,0.141062,6,-353.8569782,2019.03,797.424,2.53194,0.000335389,0.315328
61.076676,1,AUTO,ARMED,5,AVAILABLE,UNAVAILABLE,UNAVAILABLE,62,7,ACTIVE,11,F1_N2-A3.NC,F1_N2-A3.NC,2077098.662,194564.758,5711.9,3588.186,100,42.33333,0,100,0,8,100,10000.0,3551.37,911.153,3.89767,0.000578355,0.537203,0,645.7331021,11474.0,486.818,23.5694,0.000225465,0.25035,0,274.9727117,2041.46,662.365,3.08208,0.000112371,0.141062,6,-353.8570125,2019.03,797.424,2.53194,0.000335389,0.315328
61.227506,1,AUTO,ARMED,5,AVAILABLE,UNAVAILABLE,UNAVAILABLE,62,7,ACTIVE,11,F1_N2-A3.NC,F1_N2-A3.NC,2077098.662,194564.758,5711.9,3588.186,100,42.33333,0,100,0,10,100,10000.0,3551.37,911.153,3.89767,0.000578355,0.537203,0,641.3725708,11474.0,486.818,23.5694,0.000225465,0.25035,0,274.9727975,2041.46,662.365,3.08208,0.000112371,0.141062,6,-353.857001,2019.03,797.424,2.53194,0.000335389,0.315328
61.372707,1,AUTO,ARMED,5,AVAILABLE,UNAVAILABLE,UNAVAILABLE,62,7,ACTIVE,11,F1_N2-A3.NC,F1_N2-A3.NC,2077098.662,194564.758,5711.9,3588.186,100,42.33333,0,100,0,10,100,10000.0,3551.37,911.153,3.89767,0.000578355,0.537203,0,637.0231326,11474.0,486.818,23.5694,0.000225465,0.25035,0,274.9727975,2041.46,662.365,3.08208,0.000112371,0.141062,6,-353.857001,2019.03,797.424,2.53194,0.000335389,0.315328
61.534098,1,AUTO,ARMED,5,AVAILABLE,UNAVAILABLE,UNAVAILABLE,62,7,ACTIVE,11,F1_N2-A3.NC,F1_N2-A3.NC,2077098.662,194564.758,5711.9,4597.3403,100,42.33333,0,100,0,10,100,10000.0,3551.37,911.153,3.89767,0.000578355,0.537203,0,623.9418754,11474.0,486.818,23.5694,0.000225465,0.25035,0,274.9728047,2041.46,662.365,3.08208,0.000112371,0.141062,6,-353.8569896,2019.03,797.424,2.53194,0.000335389,0.315328
61.671709,1,AUTO,ARMED,5,AVAILABLE,UNAVAILABLE,UNAVAILABLE,62,7,ACTIVE,11,F1_N2-A3.NC,F1_N2-A3.NC,2077098.662,194564.758,5711.9,4597.3403,100,42.33333,0,100,0,9,100,10000.0,3551.37,911.153,3.89767,0.000578355,0.537203,0,619.5817433,11474.0,486.818,23.5694,0.000225465,0.25035,0,274.9727975,2041.46,662.365,3.08208,0.000112371,0.141062,6,-353.8570125,2019.03,797.424,2.53194,0.000335389,0.315328
61.811671,1,AUTO,ARMED,5,AVAILABLE,UNAVAILABLE,UNAVAILABLE,62,7,ACTIVE,11,F1_N2-A3.NC,F1_N2-A3.NC,2077098.662,194564.758,5711.9,4597.3403,100,42.33333,0,100,0,9,100,10000.0,3551.37,911.153,3.89767,0.000578355,0.537203,0,615.2108611,11474.0,486.818,23.5694,0.000225465,0.25035,0,274.9728047,2041.46,662.365,3.08208,0.000112371,0.141062,6,-353.857001,2019.03,797.424,2.53194,0.000335389,0.315328
61.959572,1,AUTO,ARMED,5,AVAILABLE,UNAVAILABLE,UNAVAILABLE,62,7,ACTIVE,11,F1_N2-A3.NC,F1_N2-A3.NC,2077098.662,194564.758,5711.9,4597.3403,100,42.33333,0,100,0,9,100,10000.0,3551.37,911.153,3.89767,0.000578355,0.537203,0,610.8610499,11474.0,486.818,23.5694,0.000225465,0.25035,0,274.9728047,2041.46,662.365,3.08208,0.000112371,0.141062,6,-353.857001,2019.03,797.424,2.53194,0.000335389,0.315328
62.10447,1,AUTO,ARMED,5,AVAILABLE,UNAVAILABLE,UNAVAILABLE,62,7,ACTIVE,11,F1_N2-A3.NC,F1_N2-A3.NC,2077098.662,194564.758,5711.9,4597.3403,100,42.33333,0,100,0,9,100,10000.0,4151.26,960.045,4.32403,0.000597642,0.563242,0,602.129783,11330.0,529.599,21.3935,0.000302934,0.286292,0,274.9728047,2521.8,844.396,2.98651,0.000101278,0.166911,6,-353.8570125,2187.29,1021.08,2.14213,0.000332541,0.378126
62.244331,1,AUTO,ARMED,5,AVAILABLE,UNAVAILABLE,UNAVAILABLE,62,7,ACTIVE,11,F1_N2-A3.NC,F1_N2-A3.NC,2077098.662,194564.758,5711.9,4597.3403,100,42.33333,1,100,0,9,100,10000.0,4151.26,960.045,4.32403,0.000597642,0.563242,0,597.7798289,11330.0,529.599,21.3935,0.000302934,0.286292,0,274.972819,2521.8,844.396,2.98651,0.000101278,0.166911,6,-353.857001,2187.29,1021.08,2.14213,0.000332541,0.378126
62.381787,1,AUTO,ARMED,5,AVAILABLE,UNAVAILABLE,UNAVAILABLE,62,7,ACTIVE,11,F1_N2-A3.NC,F1_N2-A3.NC,2077098.662,194564.758,5711.9,4597.3403,100,42.33333,1,100,0,10,100,10000.0,4151.26,960.045,4.32403,0.000597642,0.563242,0,595.5890696,11330.0,529.599,21.3935,0.000302934,0.286292,0,274.9728118,2521.8,844.396,2.98651,0.000101278,0.166911,6,-353.8570125,2187.29,1021.08,2.14213,0.000332541,0.378126
62.521937,1,AUTO,ARMED,5,AVAILABLE,UNAVAILABLE,UNAVAILABLE,62,7,ACTIVE,11,F1_N2-A3.NC,F1_N2-A3.NC,2077098.662,194564.758,5711.9,4597.3403,100,42.33333,1,100,0,10,100,10000.0,4151.26,960.045,4.32403,0.000597642,0.563242,0,586.8791406,11330.0,529.599,21.3935,0.000302934,0.286292,0,274.9728118,2521.8,844.396,2.98651,0.000101278,0.166911,6,-353.8570125,2187.29,1021.08,2.14213,0.000332541,0.378126
62.67103,1,AUTO,ARMED,5,AVAILABLE,UNAVAILABLE,UNAVAILABLE,62,7,ACTIVE,11,F1_N2-A3.NC,F1_N2-A3.NC,2077098.662,194564.758,5711.9,4641.1177,100,42.33333,1,100,0,10,100,10000.0,4151.26,960.045,4.32403,0.000597642,0.563242,0,578.1583875,11330.0,529.599,21.3935,0.000302934,0.286292,0,274.9727975,2521.8,844.396,2.98651,0.000101278,0.166911,6,-353.8569782,2187.29,1021.08,2.14213,0.000332541,0.378126
62.823201,1,AUTO,ARMED,5,AVAILABLE,UNAVAILABLE,UNAVAILABLE,62,7,ACTIVE,11,F1_N2-A3.NC,F1_N2-A3.NC,2077098.662,194564.758,5711.9,4641.1177,100,42.33333,1,100,0,10,100,10000.0,4151.26,960.045,4.32403,0.000597642,0.563242,0,573.7875844,11330.0,529.599,21.3935,0.000302934,0.286292,0,274.9727975,2521.8,844.396,2.98651,0.000101278,0.166911,6,-353.857001,2187.29,1021.08,2.14213,0.000332541,0.378126
62.962131,1,AUTO,ARMED,5,AVAILABLE,UNAVAILABLE,UNAVAILABLE,62,7,ACTIVE,11,F1_N2-A3.NC,F1_N2-A3.NC,2077098.662,194564.758,5711.9,4641.1177,100,42.33333,1,100,0,10,100,10000.0,4151.26,960.045,4.32403,0.000597642,0.563242,0,569.4378384,11330.0,529.599,21.3935,0.000302934,0.286292,0,274.9727904,2521.8,844.396,2.98651,0.000101278,0.166911,6,-353.857001,2187.29,1021.08,2.14213,0.000332541,0.378126
63.10795,1,AUTO,ARMED,5,AVAILABLE,UNAVAILABLE,UNAVAILABLE,62,7,ACTIVE,11,F1_N2-A3.NC,F1_N2-A3.NC,2077098.662,194564.758,5711.9,4641.1177,100,42.33333,1,100,0,10,100,10000.0,4007.29,713.451,5.61677,0.000558422,0.534667,0,560.7170175,12122.1,521.74,23.234,0.000260377,0.301602,0,274.972819,2473.77,931.657,2.65524,0.000152968,0.183627,6,-353.857001,2259.4,791.681,2.85393,0.000320373,0.317313
63.257321,1,AUTO,ARMED,5,AVAILABLE,UNAVAILABLE,UNAVAILABLE,62,7,ACTIVE,11,F1_N2-A3.NC,F1_N2-A3.NC,2077098.662,194564.758,5711.9,4641.1177,100,42.33333,2,100,0,9,100,10000.0,4007.29,713.451,5.61677,0.000558422,0.534667,0,551.9859184,12122.1,521.74,23.234,0.000260377,0.301602,0,274.9727975,2473.77,931.657,2.65524,0.000152968,0.183627,6,-353.8569896,2259.4,791.681,2.85393,0.000320373,0.317313
63.397903,1,AUTO,ARMED,5,AVAILABLE,UNAVAILABLE,UNAVAILABLE,62,7,ACTIVE,11,F1_N2-A3.NC,F1_N2-A3.NC,2077098.662,194564.758,5711.9,4641.1177,100,42.33333,2,100,0,9,100,10000.0,4007.29,713.451,5.61677,0.000558422,0.534667,0,547.6362046,12122.1,521.74,23.234,0.000260377,0.301602,0,274.9728118,2473.77,931.657,2.65524,0.000152968,0.183627,6,-353.8569782,2259.4,791.681,2.85393,0.000320373,0.317313
63.541971,1,AUTO,ARMED,5,AVAILABLE,UNAVAILABLE,UNAVAILABLE,62,7,ACTIVE,11,F1_N2-A3.NC,F1_N2-A3.NC,2077098.662,194564.758,5711.9,4641.1177,100,42.33333,2,100,0,9,100,10000.0,4007.29,713.451,5.61677,0.000558422,0.534667,0,543.265484,12122.1,521.74,23.234,0.000260377,0.301602,0,274.9729763,2473.77,931.657,2.65524,0.000152968,0.183627,6,-353.857001,2259.4,791.681,2.85393,0.000320373,0.317313
63.684448,1,AUTO,ARMED,5,AVAILABLE,UNAVAILABLE,UNAVAILABLE,62,7,ACTIVE,11,F1_N2-A3.NC,F1_N2-A3.NC,2077098.662,194564.758,5711.9,3576.5212,100,42.33333,2,100,0,7,100,10000.0,4007.29,713.451,5.61677,0.000558422,0.534667,0,536.2786538,12122.1,521.74,23.234,0.000260377,0.301602,0,274.9728548,2473.77,931.657,2.65524,0.000152968,0.183627,6,-353.8569896,2259.4,791.681,2.85393,0.000320373,0.317313
63.842035,1,AUTO,ARMED,5,AVAILABLE,UNAVAILABLE,UNAVAILABLE,62,7,ACTIVE,11,F1_N2-A3.NC,F1_N2-A3.NC,2077098.662,194564.758,5711.9,3576.5212,100,21.16667,2,100,0,4,100,10000.0,4007.29,713.451,5.61677,0.000558422,0.534667,0,536.2630186,12122.1,521.74,23.234,0.000260377,0.301602,0,274.9728118,2473.77,931.657,2.65524,0.000152968,0.183627,6,-353.8569896,2259.4,791.681,2.85393,0.000320373,0.317313
64.005861,1,AUTO,ARMED,5,AVAILABLE,UNAVAILABLE,UNAVAILABLE,63,7,ACTIVE,11,F1_N2-A3.NC,F1_N2-A3.NC,2077098.662,194564.758,5711.9,3576.5212,100,0.0,2,100,0,2,100,10000.0,4007.29,713.451,5.61677,0.000558422,0.534667,0,536.2624178,12122.1,521.74,23.234,0.000260377,0.301602,0,274.9727975,2473.77,931.657,2.65524,0.000152968,0.183627,6,-353.857001,2259.4,791.681,2.85393,0.000320373,0.317313
64.154242,1,AUTO,ARMED,5,AVAILABLE,UNAVAILABLE,UNAVAILABLE,63,7,ACTIVE,11,F1_N2-A3.NC,F1_N2-A3.NC,2077098.662,194564.758,5711.9,3576.5212,100,0.0,2,100,0,4,100,10000.0,2663.53,613.211,4.34358,0.000609454,0.565887,0,536.2624392,3600.62,123.558,29.1411,0.000188161,0.105024,0,274.9727975,768.549,131.096,5.86249,0.000112458,0.0834068,6,-353.8569896,1754.64,516.83,3.395,0.000296513,0.260579
64.2994,1,AUTO,ARMED,5,AVAILABLE,UNAVAILABLE,UNAVAILABLE,63,7,ACTIVE,11,F1_N2-A3.NC,F1_N2-A3.NC,2077098.662,194564.758,5711.9,3576.5212,100,0.0,3,100,0,4,100,10000.0,2663.53,613.211,4.34358,0.000609454,0.565887,0,536.262475,3600.62,123.558,29.1411,0.000188161,0.105024,0,274.9727975,768.549,131.096,5.86249,0.000112458,0.0834068,6,-353.8569896,1754.64,516.83,3.395,0.000296513,0.260579
64.440474,1,AUTO,ARMED,5,AVAILABLE,UNAVAILABLE,UNAVAILABLE,63,7,ACTIVE,11,F1_N2-A3.NC,F1_N2-A3.NC,2077098.662,194564.758,5711.9,3576.5212,100,0.0,3,100,0,5,100,10000.0,2663.53,613.211,4.34358,0.000609454,0.565887,0,536.2624821,3600.62,123.558,29.1411,0.000188161,0.105024,0,274.9727975,768.549,131.096,5.86249,0.000112458,0.0834068,6,-353.8569782,1754.64,516.83,3.395,0.000296513,0.260579
64.587349,1,AUTO,ARMED,5,AVAILABLE,UNAVAILABLE,UNAVAILABLE,63,7,ACTIVE,11,F1_N2-A3.NC,F1_N2-A3.NC,2077098.662,194564.758,5711.9,3576.5212,100,0.0,3,100,0,4,100,10000.0,2663.53,613.211,4.34358,0.000609454,0.565887,0,536.2624893,3600.62,123.558,29.1411,0.000188161,0.105024,0,274.9727975,768.549,131.096,5.86249,0.000112458,0.0834068,6,-353.857001,1754.64,516.83,3.395,0.000296513,0.260579
64.724052,1,AUTO,ARMED,5,AVAILABLE,UNAVAILABLE,UNAVAILABLE,63,7,ACTIVE,11,F1_N2-A3.NC,F1_N2-A3.NC,2077098.662,194564.758,5711.9,3576.5212,100,0.0,3,100,0,5,100,10000.0,2663.53,613.211,4.34358,0.000609454,0.565887,0,536.2625036,3600.62,123.558,29.1411,0.000188161,0.105024,0,274.9727975,768.549,131.096,5.86249,0.000112458,0.0834068,6,-353.857001,1754.64,516.83,3.395,0.000296513,0.260579
64.867367,1,AUTO,ARMED,5,AVAILABLE,UNAVAILABLE,UNAVAILABLE,63,7,ACTIVE,11,F1_N2-A3.NC,F1_N2-A3.NC,2077098.662,194564.758,5711.9,3531.7681,100,0.0,3,100,0,5,100,10000.0,2663.53,613.211,4.34358,0.000609454,0.565887,0,536.2624964,3600.62,123.558,29.1411,0.000188161,0.105024,0,275.148983,768.549,131.096,5.86249,0.000112458,0.0834068,6,-353.857001,1754.64,516.83,3.395,0.000296513,0.260579
65.01001,1,AUTO,ARMED,5,AVAILABLE,UNAVAILABLE,UNAVAILABLE,66,7,ACTIVE,11,F1_N2-A3.NC,F1_N2-A3.NC,2077098.662,194564.758,5711.9,3531.7681,100,0.0,3,100,0,5,100,10000.0,2663.53,613.211,4.34358,0.000609454,0.565887,0,536.2624964,3600.62,123.558,29.1411,0.000188161,0.105024,0,275.6076844,768.549,131.096,5.86249,0.000112458,0.0834068,6,-353.857001,1754.64,516.83,3.395,0.000296513,0.260579
65.161623,1,AUTO,ARMED,5,AVAILABLE,UNAVAILABLE,UNAVAILABLE,67,7,ACTIVE,11,F1_N2-A3.NC,F1_N2-A3.NC,2077098.662,194564.758,5711.9,3531.7681,100,0.0,4,100,0,4,100,10000.0,2519.55,628.666,4.00777,0.000576941,0.566823,0,536.2624893,3360.58,116.934,28.7391,0.000132536,0.0971471,0,275.6078132,696.497,142.265,4.89577,0.000169095,0.0832428,6,-353.8569896,1778.67,570.338,3.11862,0.000277165,0.270438
65.304039,1,AUTO,ARMED,5,AVAILABLE,UNAVAILABLE,UNAVAILABLE,67,7,ACTIVE,11,F1_N2-A3.NC,F1_N2-A3.NC,2077098.662,194564.758,5711.9,3531.7681,100,0.0,4,100,0,4,100,10000.0,2519.55,628.666,4.00777,0.000576941,0.566823,0,536.2625036,3360.58,116.934,28.7391,0.000132536,0.0971471,0,275.6078132,696.497,142.265,4.89577,0.000169095,0.0832428,6,-353.8570125,1778.67,570.338,3.11862,0.000277165,0.270438
65.445668,1,AUTO,ARMED,5,AVAILABLE,UNAVAILABLE,UNAVAILABLE,67,7,ACTIVE,11,F1_N2-A3.NC,F1_N2-A3.NC,2077098.662,194564.758,5711.9,3531.7681,100,0.0,4,100,0,4,100,10000.0,2519.55,628.666,4.00777,0.000576941,0.566823,0,536.2625036,3360.58,116.934,28.7391,0.000132536,0.0971471,0,275.607806,696.497,142.265,4.89577,0.000169095,0.0832428,6,-353.857001,1778.67,570.338,3.11862,0.000277165,0.270438
65.587436,1,AUTO,ARMED,5,AVAILABLE,UNAVAILABLE,UNAVAILABLE,67,7,ACTIVE,11,F1_N2-A3.NC,F1_N2-A3.NC,2077098.662,194564.758,5711.9,3531.7681,100,0.0,4,100,0,4,100,10000.0,2519.55,628.666,4.00777,0.000576941,0.566823,0,536.2625036,3360.58,116.934,28.7391,0.000132536,0.0971471,0,275.607806,696.497,142.265,4.89577,0.000169095,0.0832428,6,-353.857001,1778.67,570.338,3.11862,0.000277165,0.270438
65.728214,1,AUTO,ARMED,5,AVAILABLE,UNAVAILABLE,UNAVAILABLE,67,7,ACTIVE,11,F1_N2-A3.NC,F1_N2-A3.NC,2077098.662,194564.758,5711.9,3531.7681,100,0.0,4,100,0,4,100,10000.0,2519.55,628.666,4.00777,0.000576941,0.566823,0,536.2624964,3360.58,116.934,28.7391,0.000132536,0.0971471,0,275.6078132,696.497,142.265,4.89577,0.000169095,0.0832428,6,-353.8570125,1778.67,570.338,3.11862,0.000277165,0.270438
65.888882,1,AUTO,ARMED,5,AVAILABLE,UNAVAILABLE,UNAVAILABLE,67,7,ACTIVE,11,F1_N2-A3.NC,F1_N2-A3.NC,2077098.662,194564.758,5711.9,4825.8936,100,0.0,4,100,0,4,100,10000.0,2519.55,628.666,4.00777,0.000576941,0.566823,0,536.2624964,3360.58,116.934,28.7391,0.000132536,0.0971471,0,275.6077989,696.497,142.265,4.89577,0.000169095,0.0832428,6,-353.8569896,1778.67,570.338,3.11862,0.000277165,0.270438
66.043475,1,AUTO,ARMED,5,AVAILABLE,UNAVAILABLE,UNAVAILABLE,68,7,ACTIVE,11,F1_N2-A3.NC,F1_N2-A3.NC,2077098.662,194564.758,5711.9,4825.8936,100,48.68333,4,100,0,6,100,10000.0,2519.55,628.666,4.00777,0.000576941,0.566823,0,546.359821,3360.58,116.934,28.7391,0.000132536,0.0971471,0,275.6076701,696.497,142.265,4.89577,0.000169095,0.0832428,6,-353.8570125,1778.67,570.338,3.11862,0.000277165,0.270438
66.196567,1,AUTO,ARMED,5,AVAILABLE,UNAVAILABLE,UNAVAILABLE,68,7,ACTIVE,11,F1_N2-A3.NC,F1_N2-A3.NC,2077098.662,194564.758,5711.9,4825.8936,100,48.68333,5,100,0,10,100,10000.0,4943.12,1354.8,3.6486,0.000605971,0.604714,0,551.3622118,16370.8,651.246,25.1377,0.000237784,0.225956,0,275.6077631,2954.11,1012.5,2.91764,0.000140556,0.19939,6,-353.8569896,2523.79,732.684,3.44458,0.000284667,0.304239
66.362743,1,AUTO,ARMED,5,AVAILABLE,UNAVAILABLE,UNAVAILABLE,68,7,ACTIVE,11,F1_N2-A3.NC,F1_N2-A3.NC,2077098.662,194564.758,5711.9,4825.8936,100,48.68333,5,100,0,11,100,10000.0,4943.12,1354.8,3.6486,0.000605971,0.604714,1,558.895814,16370.8,651.246,25.1377,0.000237784,0.225956,0,275.607806,2954.11,1012.5,2.91764,0.000140556,0.19939,6,-353.857001,2523.79,732.684,3.44458,0.000284667,0.304239
66.504876,1,AUTO,ARMED,5,AVAILABLE,UNAVAILABLE,UNAVAILABLE,68,7,ACTIVE,11,F1_N2-A3.NC,F1_N2-A3.NC,2077098.662,194564.758,5711.9,4825.8936,100,48.68333,5,100,0,11,100,10000.0,4943.12,1354.8,3.6486,0.000605971,0.604714,1,563.9104126,16370.8,651.246,25.1377,0.000237784,0.225956,0,275.607806,2954.11,1012.5,2.91764,0.000140556,0.19939,6,-353.857001,2523.79,732.684,3.44458,0.000284667,0.304239
66.650484,1,AUTO,ARMED,5,AVAILABLE,UNAVAILABLE,UNAVAILABLE,68,7,ACTIVE,11,F1_N2-A3.NC,F1_N2-A3.NC,2077098.662,194564.758,5711.9,4825.8936,100,48.68333,5,100,0,10,100,10000.0,4943.12,1354.8,3.6486,0.000605971,0.604714,1,568.9245176,16370.8,651.246,25.1377,0.000237784,0.225956,0,275.6077917,2954.11,1012.5,2.91764,0.000140556,0.19939,6,-353.8569896,2523.79,732.684,3.44458,0.000284667,0.304239
66.790985,1,AUTO,ARMED,5,AVAILABLE,UNAVAILABLE,UNAVAILABLE,68,7,ACTIVE,11,F1_N2-A3.NC,F1_N2-A3.NC,2077098.662,194564.758,5711.9,4825.8936,100,48.68333,5,100,0,10,100,10000.0,4943.12,1354.8,3.6486,0.000605971,0.604714,1,573.951254,16370.8,651.246,25.1377,0.000237784,0.225956,0,275.607806,2954.11,1012.5,2.91764,0.000140556,0.19939,6,-353.8570125,2523.79,732.684,3.44458,0.000284667,0.304239
66.935704,1,AUTO,ARMED,5,AVAILABLE,UNAVAILABLE,UNAVAILABLE,68,7,ACTIVE,11,F1_N2-A3.NC,F1_N2-A3.NC,2077098.662,194564.758,5711.9,4729.7515,100,48.68333,5,100,0,9,100,10000.0,4943.12,1354.8,3.6486,0.000605971,0.604714,1,588.9821317,16370.8,651.246,25.1377,0.000237784,0.225956,0,275.6078203,2954.11,1012.5,2.91764,0.000140556,0.19939,6,-353.8569896,2523.79,732.684,3.44458,0.000284667,0.304239
67.080166,1,AUTO,ARMED,5,AVAILABLE,UNAVAILABLE,UNAVAILABLE,68,7,ACTIVE,11,F1_N2-A3.NC,F1_N2-A3.NC,2077098.662,194564.758,5711.9,4729.7515,100,48.68333,6,100,0,9,100,10000.0,4943.12,1354.8,3.6486,0.000605971,0.604714,1,593.9964143,16370.8,651.246,25.1377,0.000237784,0.225956,0,275.607806,2954.11,1012.5,2.91764,0.000140556,0.19939,6,-353.8570125,2523.79,732.684,3.44458,0.000284667,0.304239
67.219611,1,AUTO,ARMED,5,AVAILABLE,UNAVAILABLE,UNAVAILABLE,68,7,ACTIVE,11,F1_N2-A3.NC,F1_N2-A3.NC,2077098.662,194564.758,5711.9,4729.7515,100,48.68333,6,100,0,9,100,10000.0,4943.12,1354.8,3.6486,0.000605971,0.604714,1,599.0109114,16370.8,651.246,25.1377,0.000237784,0.225956,0,275.6077846,2954.11,1012.5,2.91764,0.000140556,0.19939,6,-353.857001,2523.79,732.684,3.44458,0.000284667,0.304239
67.367375,1,AUTO,ARMED,5,AVAILABLE,UNAVAILABLE,UNAVAILABLE,68,7,ACTIVE,11,F1_N2-A3.NC,F1_N2-A3.NC,2077098.662,194564.758,5711.9,4729.7515,100,48.68333,6,100,0,9,100,10000.0,4943.12,1333.78,3.7061,0.000654361,0.59804,1,604.0374891,17042.9,611.89,27.8529,0.000277428,0.206518,0,275.607806,2329.67,776.524,3.00013,0.000109378,0.171947,6,-353.857001,2355.54,638.101,3.69148,0.000446898,0.278264
67.506257,1,AUTO,ARMED,5,AVAILABLE,UNAVAILABLE,UNAVAILABLE,68,7,ACTIVE,11,F1_N2-A3.NC,F1_N2-A3.NC,2077098.662,194564.758,5711.9,4729.7515,100,48.68333,6,100,0,10,100,10000.0,4943.12,1333.78,3.7061,0.000654361,0.59804,1,614.0540721,17042.9,611.89,27.8529,0.000277428,0.206518,0,275.607806,2329.67,776.524,3.00013,0.000109378,0.171947,6,-353.857001,2355.54,638.101,3.69148,0.000446898,0.278264
67.645818,1,AUTO,ARMED,5,AVAILABLE,UNAVAILABLE,UNAVAILABLE,68,7,ACTIVE,11,F1_N2-A3.NC,F1_N2-A3.NC,2077098.662,194564.758,5711.9,4729.7515,100,48.68333,6,100,0,9,100,10000.0,4943.12,1333.78,3.7061,0.000654361,0.59804,1,619.0562133,17042.9,611.89,27.8529,0.000277428,0.206518,0,275.607806,2329.67,776.524,3.00013,0.000109378,0.171947,6,-353.8569896,2355.54,638.101,3.69148,0.000446898,0.278264
67.788237,1,AUTO,ARMED,5,AVAILABLE,UNAVAILABLE,UNAVAILABLE,68,7,ACTIVE,11,F1_N2-A3.NC,F1_N2-A3.NC,2077098.662,194564.758,5711.9,4729.7515,100,48.68333,6,100,0,9,100,10000.0,4943.12,1333.78,3.7061,0.000654361,0.59804,1,624.0950323,17042.9,611.89,27.8529,0.000277428,0.206518,0,275.6078203,2329.67,776.524,3.00013,0.000109378,0.171947,6,-353.8569896,2355.54,638.101,3.69148,0.000446898,0.278264
67.936726,1,AUTO,ARMED,5,AVAILABLE,UNAVAILABLE,UNAVAILABLE,68,7,ACTIVE,11,F1_N2-A3.NC,F1_N2-A3.NC,2077098.662,194564.758,5711.9,4729.7515,100,48.68333,6,100,0,9,100,10000.0,4943.12,1333.78,3.7061,0.000654361,0.59804,1,639.1380851,17042.9,611.89,27.8529,0.000277428,0.206518,0,275.6077989,2329.67,776.524,3.00013,0.000109378,0.171947,6,-353.8570125,2355.54,638.101,3.69148,0.000446898,0.278264
68.093222,1,AUTO,ARMED,5,AVAILABLE,UNAVAILABLE,UNAVAILABLE,68,7,ACTIVE,11,F1_N2-A3.NC,F1_N2-A3.NC,2077098.662,194564.758,5711.9,3342.146,100,48.68333,7,100,0,10,100,10000.0,4943.12,1333.78,3.7061,0.000654361,0.59804,1,644.14038,17042.9,611.89,27.8529,0.000277428,0.206518,0,275.6077774,2329.67,776.524,3.00013,0.000109378,0.171947,6,-353.8570125,2355.54,638.101,3.69148,0.000446898,0.278264
68.239759,1,AUTO,ARMED,5,AVAILABLE,UNAVAILABLE,UNAVAILABLE,68,7,ACTIVE,11,F1_N2-A3.NC,F1_N2-A3.NC,2077098.662,194564.758,5711.9,3342.146,100,48.68333,7,100,0,9,100,10000.0,4943.12,1333.78,3.7061,0.000654361,0.59804,1,646.6473207,17042.9,611.89,27.8529,0.000277428,0.206518,0,275.6077989,2329.67,776.524,3.00013,0.000109378,0.171947,6,-353.857001,2355.54,638.101,3.69148,0.000446898,0.278264
68.376209,1,AUTO,ARMED,5,AVAILABLE,UNAVAILABLE,UNAVAILABLE,68,7,ACTIVE,11,F1_N2-A3.NC,F1_N2-A3.NC,2077098.662,194564.758,5711.9,3342.146,100,48.66667,7,100,0,7,100,10000.0,5159.08,589.131,8.7571,0.000571729,0.551295,1,651.6621964,16754.9,122.568,136.699,0.000110678,0.0793414,0,275.6079991,2161.54,130.278,16.5917,9.8275e-05,0.0741494,6,-353.857001,2379.58,557.528,4.26809,0.000241186,0.264223
68.518669,1,AUTO,ARMED,5,AVAILABLE,UNAVAILABLE,UNAVAILABLE,69,7,ACTIVE,11,F1_N2-A3.NC,F1_N2-A3.NC,2077098.662,194564.758,5711.9,3342.146,100,0.0,7,100,0,4,100,10000.0,5159.08,589.131,8.7571,0.000571729,0.551295,1,655.5382701,16754.9,122.568,136.699,0.000110678,0.0793414,0,275.6078775,2161.54,130.278,16.5917,9.8275e-05,0.0741494,6,-353.8569896,2379.58,557.528,4.26809,0.000241186,0.264223
68.662332,1,AUTO,ARMED,5,AVAILABLE,UNAVAILABLE,UNAVAILABLE,69,7,ACTIVE,11,F1_N2-A3.NC,F1_N2-A3.NC,2077098.662,194564.758,5711.9,3342.146,100,0.0,7,100,0,2,100,10000.0,5159.08,589.131,8.7571,0.000571729,0.551295,0,655.6425928,16754.9,122.568,136.699,0.000110678,0.0793414,0,275.607806,2161.54,130.278,16.5917,9.8275e-05,0.0741494,6,-353.8569896,2379.58,557.528,4.26809,0.000241186,0.264223
68.800317,1,AUTO,ARMED,5,AVAILABLE,UNAVAILABLE,UNAVAILABLE,69,7,ACTIVE,11,F1_N2-A3.NC,F1_N2-A3.NC,2077098.662,194564.758,5711.9,3342.146,100,0.0,7,100,0,2,100,10000.0,5159.08,589.131,8.7571,0.000571729,0.551295,0,655.642557,16754.9,122.568,136.699,0.000110678,0.0793414,0,275.6077989,2161.54,130.278,16.5917,9.8275e-05,0.0741494,6,-353.8569896,2379.58,557.528,4.26809,0.000241186,0.264223
68.972749,1,AUTO,ARMED,5,AVAILABLE,UNAVAILABLE,UNAVAILABLE,69,7,ACTIVE,11,F1_N2-A3.NC,F1_N2-A3.NC,2077098.662,194564.758,5711.9,3342.146,100,0.0,7,100,0,5,100,10000.0,5159.08,589.131,8.7571,0.000571729,0.551295,0,655.6425284,16754.9,122.568,136.699,0.000110678,0.0793414,0,275.6077989,2161.54,130.278,16.5917,9.8275e-05,0.0741494,6,-353.857001,2379.58,557.528,4.26809,0.000241186,0.264223
69.132727,1,AUTO,ARMED,5,AVAILABLE,UNAVAILABLE,UNAVAILABLE,69,7,ACTIVE,11,F1_N2-A3.NC,F1_N2-A3.NC,2077098.662,194564.758,5711.9,3741.8445,100,0.0,8,100,0,5,100,10000.0,5159.08,589.131,8.7571,0.000571729,0.551295,0,655.6425213,16754.9,122.568,136.699,0.000110678,0.0793414,0,275.6077989,2161.54,130.278,16.5917,9.8275e-05,0.0741494,6,-353.857001,2379.58,557.528,4.26809,0.000241186,0.264223
69.275629,1,AUTO,ARMED,5,AVAILABLE,UNAVAILABLE,UNAVAILABLE,69,7,ACTIVE,11,F1_N2-A3.NC,F1_N2-A3.NC,2077098.662,194564.758,5711.9,3741.8445,100,0.0,8,100,0,5,100,10000.0,5159.08,589.131,8.7571,0.000571729,0.551295,0,655.6425141,16754.9,122.568,136.699,0.000110678,0.0793414,0,275.6077989,2161.54,130.278,16.5917,9.8275e-05,0.0741494,6,-353.8570125,2379.58,557.528,4.26809,0.000241186,0.264223
69.421418,1,AUTO,ARMED,5,AVAILABLE,UNAVAILABLE,UNAVAILABLE,70,7,ACTIVE,11,F1_N2-A3.NC,F1_N2-A3.NC,2077098.662,194564.758,5711.9,3741.8445,100,0.0,8,100,0,4,100,10000.0,4247.25,991.18,4.28504,0.000587686,0.508423,0,655.642507,13034.2,481.598,27.0645,0.000238895,0.216632,0,275.6077989,1777.27,136.001,13.0681,0.000126588,0.0826617,6,-353.8570125,2067.11,1076.41,1.92037,0.000361836,0.395519
69.558145,1,AUTO,ARMED,5,AVAILABLE,UNAVAILABLE,UNAVAILABLE,71,7,ACTIVE,11,F1_N2-A3.NC,F1_N2-A3.NC,2077098.662,194564.758,5711.9,3741.8445,100,18.43333,8,100,0,4,100,10000.0,4247.25,991.18,4.28504,0.000587686,0.508423,0,655.6465461,13034.2,481.598,27.0645,0.000238895,0.216632,0,276.1097278,1777.27,136.001,13.0681,0.000126588,0.0826617,6,-353.8569896,2067.11,1076.41,1.92037,0.000361836,0.395519
69.69952,1,AUTO,ARMED,5,AVAILABLE,UNAVAILABLE,UNAVAILABLE,71,7,ACTIVE,11,F1_N2-A3.NC,F1_N2-A3.NC,2077098.662,194564.758,5711.9,3741.8445,100,18.43333,8,100,0,4,100,10000.0,4247.25,991.18,4.28504,0.000587686,0.508423,2,648.7988101,13034.2,481.598,27.0645,0.000238895,0.216632,0,276.2424783,1777.27,136.001,13.0681,0.000126588,0.0826617,6,-353.8570125,2067.11,1076.41,1.92037,0.000361836,0.395519
69.838783,1,AUTO,ARMED,5,AVAILABLE,UNAVAILABLE,UNAVAILABLE,71,7,ACTIVE,11,F1_N2-A3.NC,F1_N2-A3.NC,2077098.662,194564.758,5711.9,3741.8445,100,28.51667,8,100,0,7,100,10000.0,4247.25,991.18,4.28504,0.000587686,0.508423,2,643.7979586,13034.2,481.598,27.0645,0.000238895,0.216632,0,276.2427358,1777.27,136.001,13.0681,0.000126588,0.0826617,6,-353.8570125,2067.11,1076.41,1.92037,0.000361836,0.395519
69.981931,1,AUTO,ARMED,5,AVAILABLE,UNAVAILABLE,UNAVAILABLE,71,7,ACTIVE,11,F1_N2-A3.NC,F1_N2-A3.NC,2077098.662,194564.758,5711.9,3741.8445,100,48.68333,8,100,0,10,100,10000.0,4247.25,991.18,4.28504,0.000587686,0.508423,0,638.7833962,13034.2,481.598,27.0645,0.000238895,0.216632,0,276.2428002,1777.27,136.001,13.0681,0.000126588,0.0826617,6,-353.8570239,2067.11,1076.41,1.92037,0.000361836,0.395519
70.137793,1,AUTO,ARMED,5,AVAILABLE,UNAVAILABLE,UNAVAILABLE,71,7,ACTIVE,11,F1_N2-A3.NC,F1_N2-A3.NC,2077098.662,194564.758,5711.9,4684.3354,100,48.68333,9,100,0,11,100,10000.0,4247.25,991.18,4.28504,0.000587686,0.508423,0,628.7544756,13034.2,481.598,27.0645,0.000238895,0.216632,0,276.242793,1777.27,136.001,13.0681,0.000126588,0.0826617,6,-353.8569896,2067.11,1076.41,1.92037,0.000361836,0.395519
70.295772,1,AUTO,ARMED,5,AVAILABLE,UNAVAILABLE,UNAVAILABLE,71,7,ACTIVE,11,F1_N2-A3.NC,F1_N2-A3.NC,2077098.662,194564.758,5711.9,4684.3354,100,48.68333,9,100,0,11,100,10000.0,4247.25,991.18,4.28504,0.000587686,0.508423,0,626.2475949,13034.2,481.598,27.0645,0.000238895,0.216632,0,276.2428073,1777.27,136.001,13.0681,0.000126588,0.0826617,6,-353.8569896,2067.11,1076.41,1.92037,0.000361836,0.395519
70.46344,1,AUTO,ARMED,5,AVAILABLE,UNAVAILABLE,UNAVAILABLE,71,7,ACTIVE,11,F1_N2-A3.NC,F1_N2-A3.NC,2077098.662,194564.758,5711.9,4684.3354,100,48.68333,9,100,0,9,100,10000.0,4319.23,1063.94,4.05966,0.000569642,0.544835,0,616.230822,12914.2,498.245,25.9194,0.000205006,0.199771,0,276.2428002,2521.8,877.859,2.87267,0.000197287,0.184545,6,-353.8570239,2307.47,914.686,2.52269,0.000337136,0.364141
70.62365,1,AUTO,ARMED,5,AVAILABLE,UNAVAILABLE,UNAVAILABLE,71,7,ACTIVE,11,F1_N2-A3.NC,F1_N2-A3.NC,2077098.662,194564.758,5711.9,4684.3354,100,48.68333,9,100,0,9,100,10000.0,4319.23,1063.94,4.05966,0.000569642,0.544835,0,606.2017784,12914.2,498.245,25.9194,0.000205006,0.199771,0,276.2428145,2521.8,877.859,2.87267,0.000197287,0.184545,6,-353.8569896,2307.47,914.686,2.52269,0.000337136,0.364141
70.76689,1,AUTO,ARMED,5,AVAILABLE,UNAVAILABLE,UNAVAILABLE,71,7,ACTIVE,11,F1_N2-A3.NC,F1_N2-A3.NC,2077098.662,194564.758,5711.9,4684.3354,100,48.68333,9,100,0,9,100,10000.0,4319.23,1063.94,4.05966,0.000569642,0.544835,0,596.1609729,12914.2,498.245,25.9194,0.000205006,0.199771,0,276.2428002,2521.8,877.859,2.87267,0.000197287,0.184545,6,-353.857001,2307.47,914.686,2.52269,0.000337136,0.364141
70.938241,1,AUTO,ARMED,5,AVAILABLE,UNAVAILABLE,UNAVAILABLE,71,7,ACTIVE,11,F1_N2-A3.NC,F1_N2-A3.NC,2077098.662,194564.758,5711.9,4684.3354,100,48.68333,9,100,0,10,100,10000.0,4319.23,1063.94,4.05966,0.000569642,0.544835,0,591.1467393,12914.2,498.245,25.9194,0.000205006,0.199771,0,276.242793,2521.8,877.859,2.87267,0.000197287,0.184545,6,-353.857001,2307.47,914.686,2.52269,0.000337136,0.364141
71.076815,1,AUTO,ARMED,5,AVAILABLE,UNAVAILABLE,UNAVAILABLE,71,7,ACTIVE,11,F1_N2-A3.NC,F1_N2-A3.NC,2077098.662,194564.758,5711.9,4684.3354,100,48.68333,9,100,0,9,100,10000.0,4319.23,1063.94,4.05966,0.000569642,0.544835,0,586.1446436,12914.2,498.245,25.9194,0.000205006,0.199771,0,276.242793,2521.8,877.859,2.87267,0.000197287,0.184545,6,-353.8570125,2307.47,914.686,2.52269,0.000337136,0.364141
71.221617,1,AUTO,ARMED,5,AVAILABLE,UNAVAILABLE,UNAVAILABLE,71,7,ACTIVE,11,F1_N2-A3.NC,F1_N2-A3.NC,2077098.662,194564.758,5711.9,4684.3354,100,48.68333,10,100,0,9,100,10000.0,4319.23,1063.94,4.05966,0.000569642,0.544835,0,581.1179923,12914.2,498.245,25.9194,0.000205006,0.199771,0,276.2428073,2521.8,877.859,2.87267,0.000197287,0.184545,6,-353.8570125,2307.47,914.686,2.52269,0.000337136,0.364141
71.377291,1,AUTO,ARMED,5,AVAILABLE,UNAVAILABLE,UNAVAILABLE,71,7,ACTIVE,11,F1_N2-A3.NC,F1_N2-A3.NC,2077098.662,194564.758,5711.9,4717.124,100,48.68333,10,100,0,10,100,10000.0,4319.23,1063.94,4.05966,0.000569642,0.544835,0,566.0869298,12914.2,498.245,25.9194,0.000205006,0.199771,0,276.2428145,2521.8,877.859,2.87267,0.000197287,0.184545,6,-353.857001,2307.47,914.686,2.52269,0.000337136,0.364141
71.538343,1,AUTO,ARMED,5,AVAILABLE,UNAVAILABLE,UNAVAILABLE,71,7,ACTIVE,11,F1_N2-A3.NC,F1_N2-A3.NC,2077098.662,194564.758,5711.9,4717.124,100,48.68333,10,100,0,9,100,10000.0,4271.24,1071.07,3.98783,0.000588985,0.560454,0,561.0723437,13442.3,641.545,20.953,0.000228849,0.256318,0,276.2428002,2593.85,164.924,15.7275,9.84601e-05,0.0803789,6,-353.8569896,2331.5,607.579,3.83736,0.000277602,0.283546
71.681993,1,AUTO,ARMED,5,AVAILABLE,UNAVAILABLE,UNAVAILABLE,71,7,ACTIVE,11,F1_N2-A3.NC,F1_N2-A3.NC,2077098.662,194564.758,5711.9,4717.124,100,48.68333,10,100,0,9,100,10000.0,4271.24,1071.07,3.98783,0.000588985,0.560454,0,556.05821,13442.3,641.545,20.953,0.000228849,0.256318,0,276.242793,2593.85,164.924,15.7275,9.84601e-05,0.0803789,6,-353.8569896,2331.5,607.579,3.83736,0.000277602,0.283546
71.822258,1,AUTO,ARMED,5,AVAILABLE,UNAVAILABLE,UNAVAILABLE,71,7,ACTIVE,11,F1_N2-A3.NC,F1_N2-A3.NC,2077098.662,194564.758,5711.9,4717.124,100,48.68333,10,100,0,10,100,10000.0,4271.24,1071.07,3.98783,0.000588985,0.560454,0,546.0172327,13442.3,641.545,20.953,0.000228849,0.256318,0,276.2428002,2593.85,164.924,15.7275,9.84601e-05,0.0803789,6,-353.857001,2331.5,607.579,3.83736,0.000277602,0.283546
71.966772,1,AUTO,ARMED,5,AVAILABLE,UNAVAILABLE,UNAVAILABLE,71,7,ACTIVE,11,F1_N2-A3.NC,F1_N2-A3.NC,2077098.662,194564.758,5711.9,4717.124,100,48.68333,10,100,0,9,100,10000.0,4271.24,1071.07,3.98783,0.000588985,0.560454,0,541.0154441,13442.3,641.545,20.953,0.000228849,0.256318,0,276.2430577,2593.85,164.924,15.7275,9.84601e-05,0.0803789,6,-353.8569896,2331.5,607.579,3.83736,0.000277602,0.283546
72.107545,1,AUTO,ARMED,5,AVAILABLE,UNAVAILABLE,UNAVAILABLE,71,7,ACTIVE,11,F1_N2-A3.NC,F1_N2-A3.NC,2077098.662,194564.758,5711.9,4717.124,100,43.15,10,100,0,4,100,10000.0,4271.24,1071.07,3.98783,0.000588985,0.560454,1,536.2702783,13442.3,641.545,20.953,0.000228849,0.256318,0,276.2428574,2593.85,164.924,15.7275,9.84601e-05,0.0803789,6,-353.857001,2331.5,607.579,3.83736,0.000277602,0.283546
72.243633,1,AUTO,ARMED,5,AVAILABLE,UNAVAILABLE,UNAVAILABLE,72,7,ACTIVE,11,F1_N2-A3.NC,F1_N2-A3.NC,2077098.662,194564.758,5711.9,4717.124,100,28.76667,11,100,0,2,100,10000.0,4271.24,1071.07,3.98783,0.000588985,0.560454,1,536.2628255,13442.3,641.545,20.953,0.000228849,0.256318,0,276.2428216,2593.85,164.924,15.7275,9.84601e-05,0.0803789,6,-353.857001,2331.5,607.579,3.83736,0.000277602,0.283546
72.383444,1,AUTO,ARMED,5,AVAILABLE,UNAVAILABLE,UNAVAILABLE,72,7,ACTIVE,11,F1_N2-A3.NC,F1_N2-A3.NC,2077098.662,194564.758,5711.9,3621.2546,100,0.0,11,100,0,3,100,10000.0,4271.24,1071.07,3.98783,0.000588985,0.560454,0,536.2624035,13442.3,641.545,20.953,0.000228849,0.256318,0,276.2428145,2593.85,164.924,15.7275,9.84601e-05,0.0803789,6,-353.857001,2331.5,607.579,3.83736,0.000277602,0.283546
72.531019,1,AUTO,ARMED,5,AVAILABLE,UNAVAILABLE,UNAVAILABLE,72,7,ACTIVE,11,F1_N2-A3.NC,F1_N2-A3.NC,2077098.662,194564.758,5711.9,3621.2546,100,0.0,11,100,0,4,100,10000.0,2927.48,636.634,4.59837,0.000596126,0.585095,0,536.2624678,3504.6,124.376,28.1775,0.000132673,0.103005,0,276.2428002,720.513,139.499,5.165,0.000195801,0.079251,6,-353.857001,1874.82,543.27,3.45099,0.00037368,0.275731
72.698703,1,AUTO,ARMED,5,AVAILABLE,UNAVAILABLE,UNAVAILABLE,72,7,ACTIVE,11,F1_N2-A3.NC,F1_N2-A3.NC,2077098.662,194564.758,5711.9,3621.2546,100,0.0,11,100,0,4,100,10000.0,2927.48,636.634,4.59837,0.000596126,0.585095,0,536.262475,3504.6,124.376,28.1775,0.000132673,0.103005,0,276.2428002,720.513,139.499,5.165,0.000195801,0.079251,6,-353.857001,1874.82,543.27,3.45099,0.00037368,0.275731
72.841095,1,AUTO,ARMED,5,AVAILABLE,UNAVAILABLE,UNAVAILABLE,72,7,ACTIVE,11,F1_N2-A3.NC,F1_N2-A3.NC,2077098.662,194564.758,5711.9,3621.2546,100,0.0,11,100,0,4,100,10000.0,2927.48,636.634,4.59837,0.000596126,0.585095,0,536.2624893,3504.6,124.376,28.1775,0.000132673,0.103005,0,276.2428002,720.513,139.499,5.165,0.000195801,0.079251,6,-353.8570125,1874.82,543.27,3.45099,0.00037368,0.275731
72.984987,1,AUTO,ARMED,5,AVAILABLE,UNAVAILABLE,UNAVAILABLE,72,7,ACTIVE,11,F1_N2-A3.NC,F1_N2-A3.NC,2077098.662,194564.758,5711.9,3621.2546,100,0.0,11,100,0,4,100,10000.0,2927.48,636.634,4.59837,0.000596126,0.585095,0,536.2624893,3504.6,124.376,28.1775,0.000132673,0.103005,0,276.242793,720.513,139.499,5.165,0.000195801,0.079251,6,-353.8569896,1874.82,543.27,3.45099,0.00037368,0.275731
73.139818,1,AUTO,ARMED,5,AVAILABLE,UNAVAILABLE,UNAVAILABLE,72,7,ACTIVE,11,F1_N2-A3.NC,F1_N2-A3.NC,2077098.662,194564.758,5711.9,3621.2546,100,0.0,12,100,0,4,100,10000.0,2927.48,636.634,4.59837,0.000596126,0.585095,0,536.2624893,3504.6,124.376,28.1775,0.000132673,0.103005,0,276.2428646,720.513,139.499,5.165,0.000195801,0.079251,6,-353.857001,1874.82,543.27,3.45099,0.00037368,0.275731
73.28681,1,AUTO,ARMED,5,AVAILABLE,UNAVAILABLE,UNAVAILABLE,75,7,ACTIVE,11,F1_N2-A3.NC,F1_N2-A3.NC,2077098.662,194564.758,5711.9,3621.2546,100,0.0,12,100,0,4,100,10000.0,2927.48,636.634,4.59837,0.000596126,0.585095,0,536.2624964,3504.6,124.376,28.1775,0.000132673,0.103005,0,276.8786383,720.513,139.499,5.165,0.000195801,0.079251,6,-353.857001,1874.82,543.27,3.45099,0.00037368,0.275731
73.4278,1,AUTO,ARMED,5,AVAILABLE,UNAVAILABLE,UNAVAILABLE,76,7,ACTIVE,11,F1_N2-A3.NC,F1_N2-A3.NC,2077098.662,194564.758,5711.9,3621.2546,100,0.0,12,100,0,4,100,10000.0,2927.48,636.634,4.59837,0.000596126,0.585095,0,536.2624893,3504.6,124.376,28.1775,0.000132673,0.103005,0,276.8777658,720.513,139.499,5.165,0.000195801,0.079251,6,-353.857001,1874.82,543.27,3.45099,0.00037368,0.275731
73.566501,1,AUTO,ARMED,5,AVAILABLE,UNAVAILABLE,UNAVAILABLE,76,7,ACTIVE,11,F1_N2-A3.NC,F1_N2-A3.NC,2077098.662,194564.758,5711.9,3543.9082,100,0.0,12,100,0,4,100,10000.0,2927.48,636.634,4.59837,0.000596126,0.585095,0,536.2625036,3504.6,124.376,28.1775,0.000132673,0.103005,0,276.8778015,720.513,139.499,5.165,0.000195801,0.079251,6,-353.857001,1874.82,543.27,3.45099,0.00037368,0.275731
73.714789,1,AUTO,ARMED,5,AVAILABLE,UNAVAILABLE,UNAVAILABLE,76,7,ACTIVE,11,F1_N2-A3.NC,F1_N2-A3.NC,2077098.662,194564.758,5711.9,3543.9082,100,0.0,12,100,0,4,100,10000.0,2567.54,629.724,4.07725,0.000626338,0.577285,0,536.2624964,3408.59,127.449,26.7447,0.000140286,0.110064,0,276.8778158,936.669,113.161,8.27731,0.000118423,0.0740848,6,-353.8569896,1682.53,473.373,3.55434,0.000312881,0.255911
73.876745,1,AUTO,ARMED,5,AVAILABLE,UNAVAILABLE,UNAVAILABLE,76,7,ACTIVE,11,F1_N2-A3.NC,F1_N2-A3.NC,2077098.662,194564.758,5711.9,3543.9082,100,0.0,12,100,0,4,100,10000.0,2567.54,629.724,4.07725,0.000626338,0.577285,0,536.2624964,3408.59,127.449,26.7447,0.000140286,0.110064,0,276.8778158,936.669,113.161,8.27731,0.000118423,0.0740848,6,-353.8570125,1682.53,473.373,3.55434,0.000312881,0.255911
74.023194,1,AUTO,ARMED,5,AVAILABLE,UNAVAILABLE,UNAVAILABLE,76,7,ACTIVE,11,F1_N2-A3.NC,F1_N2-A3.NC,2077098.662,194564.758,5711.9,3543.9082,100,0.0,12,100,0,4,100,10000.0,2567.54,629.724,4.07725,0.000626338,0.577285,0,536.2624964,3408.59,127.449,26.7447,0.000140286,0.110064,0,276.8778158,936.669,113.161,8.27731,0.000118423,0.0740848,6,-353.8569896,1682.53,473.373,3.55434,0.000312881,0.255911
74.161099,1,AUTO,ARMED,5,AVAILABLE,UNAVAILABLE,UNAVAILABLE,76,7,ACTIVE,11,F1_N2-A3.NC,F1_N2-A3.NC,2077098.662,194564.758,5711.9,3543.9082,100,0.0,13,100,0,5,100,10000.0,2567.54,629.724,4.07725,0.000626338,0.577285,0,536.2624964,3408.59,127.449,26.7447,0.000140286,0.110064,0,276.877823,936.669,113.161,8.27731,0.000118423,0.0740848,6,-353.8569896,1682.53,473.373,3.55434,0.000312881,0.255911
74.306112,1,AUTO,ARMED,5,AVAILABLE,UNAVAILABLE,UNAVAILABLE,76,7,ACTIVE,11,F1_N2-A3.NC,F1_N2-A3.NC,2077098.662,194564.758,5711.9,4847.8242,100,0.0,13,100,0,5,100,10000.0,2567.54,629.724,4.07725,0.000626338,0.577285,0,536.2625036,3408.59,127.449,26.7447,0.000140286,0.110064,0,276.8778087,936.669,113.161,8.27731,0.000118423,0.0740848,6,-353.857001,1682.53,473.373,3.55434,0.000312881,0.255911
74.497435,1,AUTO,ARMED,5,AVAILABLE,UNAVAILABLE,UNAVAILABLE,77,7,ACTIVE,11,F1_N2-A3.NC,F1_N2-A3.NC,2077098.662,194564.758,5711.9,4847.8242,100,55.03333,13,100,0,8,100,10000.0,2567.54,629.724,4.07725,0.000626338,0.577285,1,548.1694849,3408.59,127.449,26.7447,0.000140286,0.110064,0,276.87773,936.669,113.161,8.27731,0.000118423,0.0740848,6,-353.8569896,1682.53,473.373,3.55434,0.000312881,0.255911
74.683726,1,AUTO,ARMED,5,AVAILABLE,UNAVAILABLE,UNAVAILABLE,77,7,ACTIVE,11,F1_N2-A3.NC,F1_N2-A3.NC,2077098.662,194564.758,5711.9,4847.8242,100,55.03333,13,100,0,10,100,10000.0,5039.1,1404.55,3.5877,0.000632991,0.59983,1,553.8515162,19083.3,636.169,29.9972,0.000256811,0.241243,0,276.8777729,2689.92,1033.22,2.60343,0.00012313,0.202521,6,-353.8570125,2595.9,616.372,4.21158,0.000418774,0.270972
74.829848,1,AUTO,ARMED,5,AVAILABLE,UNAVAILABLE,UNAVAILABLE,77,7,ACTIVE,11,F1_N2-A3.NC,F1_N2-A3.NC,2077098.662,194564.758,5711.9,4847.8242,100,55.03333,13,100,0,12,100,10000.0,5039.1,1404.55,3.5877,0.000632991,0.59983,1,565.1749126,19083.3,636.169,29.9972,0.000256811,0.241243,0,276.8777872,2689.92,1033.22,2.60343,0.00012313,0.202521,6,-353.857001,2595.9,616.372,4.21158,0.000418774,0.270972
75.004577,1,AUTO,ARMED,5,AVAILABLE,UNAVAILABLE,UNAVAILABLE,77,7,ACTIVE,11,F1_N2-A3.NC,F1_N2-A3.NC,2077098.662,194564.758,5711.9,4847.8242,100,55.03333,13,100,0,11,100,10000.0,5039.1,1404.55,3.5877,0.000632991,0.59983,1,570.8430578,19083.3,636.169,29.9972,0.000256811,0.241243,0,276.8778087,2689.92,1033.22,2.60343,0.00012313,0.202521,6,-353.8570125,2595.9,616.372,4.21158,0.000418774,0.270972
75.146059,1,AUTO,ARMED,5,AVAILABLE,UNAVAILABLE,UNAVAILABLE,77,7,ACTIVE,11,F1_N2-A3.NC,F1_N2-A3.NC,2077098.662,194564.758,5711.9,4847.8242,100,55.03333,13,100,0,10,100,10000.0,5039.1,1404.55,3.5877,0.000632991,0.59983,1,582.1800348,19083.3,636.169,29.9972,0.000256811,0.241243,0,276.8778373,2689.92,1033.22,2.60343,0.00012313,0.202521,6,-353.8569782,2595.9,616.372,4.21158,0.000418774,0.270972
75.604071,1,AUTO,ARMED,5,AVAILABLE,UNAVAILABLE,UNAVAILABLE,77,7,ACTIVE,11,F1_N2-A3.NC,F1_N2-A3.NC,2077098.662,194564.758,5711.9,4718.7764,100,55.03333,14,100,0,9,100,10000.0,5039.1,1404.55,3.5877,0.000632991,0.59983,1,604.8537457,19083.3,636.169,29.9972,0.000256811,0.241243,0,276.8778087,2689.92,1033.22,2.60343,0.00012313,0.202521,6,-353.857001,2595.9,616.372,4.21158,0.000418774,0.270972
75.755363,1,AUTO,ARMED,5,AVAILABLE,UNAVAILABLE,UNAVAILABLE,77,7,ACTIVE,11,F1_N2-A3.NC,F1_N2-A3.NC,2077098.662,194564.758,5711.9,4718.7764,100,55.03333,14,100,0,10,100,10000.0,5207.08,1375.19,3.78644,0.000581601,0.579662,1,616.1907854,18987.3,599.298,31.6826,0.000246367,0.225505,0,276.8777944,2185.56,780.006,2.80198,0.000156021,0.168174,6,-353.857001,2547.83,819.142,3.11036,0.000302175,0.314003
75.902818,1,AUTO,ARMED,5,AVAILABLE,UNAVAILABLE,UNAVAILABLE,77,7,ACTIVE,11,F1_N2-A3.NC,F1_N2-A3.NC,2077098.662,194564.758,5711.9,4718.7764,100,55.03333,14,100,0,10,100,10000.0,5207.08,1375.19,3.78644,0.000581601,0.579662,1,627.5137464,18987.3,599.298,31.6826,0.000246367,0.225505,0,276.8777944,2185.56,780.006,2.80198,0.000156021,0.168174,6,-353.857001,2547.83,819.142,3.11036,0.000302175,0.314003
76.058253,1,AUTO,ARMED,5,AVAILABLE,UNAVAILABLE,UNAVAILABLE,77,7,ACTIVE,11,F1_N2-A3.NC,F1_N2-A3.NC,2077098.662,194564.758,5711.9,4718.7764,100,55.03333,14,100,0,10,100,10000.0,5207.08,1375.19,3.78644,0.000581601,0.579662,1,633.1960441,18987.3,599.298,31.6826,0.000246367,0.225505,0,276.8778015,2185.56,780.006,2.80198,0.000156021,0.168174,6,-353.8570125,2547.83,819.142,3.11036,0.000302175,0.314003
76.203871,1,AUTO,ARMED,5,AVAILABLE,UNAVAILABLE,UNAVAILABLE,77,7,ACTIVE,11,F1_N2-A3.NC,F1_N2-A3.NC,2077098.662,194564.758,5711.9,4718.7764,100,55.03333,15,100,0,10,100,10000.0,5207.08,1375.19,3.78644,0.000581601,0.579662,1,636.030184,18987.3,599.298,31.6826,0.000246367,0.225505,0,276.8778015,2185.56,780.006,2.80198,0.000156021,0.168174,6,-353.857001,2547.83,819.142,3.11036,0.000302175,0.314003
76.351425,1,AUTO,ARMED,5,AVAILABLE,UNAVAILABLE,UNAVAILABLE,77,7,ACTIVE,11,F1_N2-A3.NC,F1_N2-A3.NC,2077098.662,194564.758,5711.9,4718.7764,100,55.03333,15,100,0,10,100,10000.0,5207.08,1375.19,3.78644,0.000581601,0.579662,1,647.3808193,18987.3,599.298,31.6826,0.000246367,0.225505,0,276.8778158,2185.56,780.006,2.80198,0.000156021,0.168174,6,-353.8569896,2547.83,819.142,3.11036,0.000302175,0.314003
76.500669,1,AUTO,ARMED,5,AVAILABLE,UNAVAILABLE,UNAVAILABLE,77,7,ACTIVE,11,F1_N2-A3.NC,F1_N2-A3.NC,2077098.662,194564.758,5711.9,4718.7764,100,51.13333,15,100,0,7,100,10000.0,5207.08,1375.19,3.78644,0.000581601,0.579662,1,653.0320875,18987.3,599.298,31.6826,0.000246367,0.225505,0,276.877966,2185.56,780.006,2.80198,0.000156021,0.168174,6,-353.8570125,2547.83,819.142,3.11036,0.000302175,0.314003
76.691719,1,AUTO,ARMED,5,AVAILABLE,UNAVAILABLE,UNAVAILABLE,78,7,ACTIVE,11,F1_N2-A3.NC,F1_N2-A3.NC,2077098.662,194564.758,5711.9,4718.7764,100,0.0,15,100,0,3,100,10000.0,5207.08,1375.19,3.78644,0.000581601,0.579662,0,655.6425857,18987.3,599.298,31.6826,0.000246367,0.225505,0,276.8777944,2185.56,780.006,2.80198,0.000156021,0.168174,6,-353.857001,2547.83,819.142,3.11036,0.000302175,0.314003
76.831733,1,AUTO,ARMED,5,AVAILABLE,UNAVAILABLE,UNAVAILABLE,78,7,ACTIVE,11,F1_N2-A3.NC,F1_N2-A3.NC,2077098.662,194564.758,5711.9,3590.6907,100,0.0,15,100,0,3,100,10000.0,4583.18,628.641,7.29062,0.000596509,0.562567,0,655.6425857,18003.1,118.587,151.813,0.000170888,0.0775485,0,276.8778015,1897.36,114.506,16.57,0.000128374,0.0812873,6,-353.857001,2235.36,700.895,3.18929,0.000300256,0.308458
76.96968,1,AUTO,ARMED,5,AVAILABLE,UNAVAILABLE,UNAVAILABLE,78,7,ACTIVE,11,F1_N2-A3.NC,F1_N2-A3.NC,2077098.662,194564.758,5711.9,3590.6907,100,0.0,15,100,0,3,100,10000.0,4583.18,628.641,7.29062,0.000596509,0.562567,0,655.6425499,18003.1,118.587,151.813,0.000170888,0.0775485,0,276.8778015,1897.36,114.506,16.57,0.000128374,0.0812873,6,-353.8569896,2235.36,700.895,3.18929,0.000300256,0.308458
77.113419,1,AUTO,ARMED,5,AVAILABLE,UNAVAILABLE,UNAVAILABLE,78,7,ACTIVE,11,F1_N2-A3.NC,F1_N2-A3.NC,2077098.662,194564.758,5711.9,3590.6907,100,0.0,15,100,0,3,100,10000.0,4583.18,628.641,7.29062,0.000596509,0.562567,0,655.6425356,18003.1,118.587,151.813,0.000170888,0.0775485,0,276.8777944,1897.36,114.506,16.57,0.000128374,0.0812873,6,-353.8569896,2235.36,700.895,3.18929,0.000300256,0.308458
77.263672,1,AUTO,ARMED,5,AVAILABLE,UNAVAILABLE,UNAVAILABLE,78,7,ACTIVE,11,F1_N2-A3.NC,F1_N2-A3.NC,2077098.662,194564.758,5711.9,3590.6907,100,0.0,16,100,0,5,100,10000.0,4583.18,628.641,7.29062,0.000596509,0.562567,0,655.6425213,18003.1,118.587,151.813,0.000170888,0.0775485,0,276.8777944,1897.36,114.506,16.57,0.000128374,0.0812873,6,-353.857001,2235.36,700.895,3.18929,0.000300256,0.308458
77.410988,1,AUTO,ARMED,5,AVAILABLE,UNAVAILABLE,UNAVAILABLE,78,7,ACTIVE,11,F1_N2-A3.NC,F1_N2-A3.NC,2077098.662,194564.758,5711.9,3590.6907,100,0.0,16,100,0,5,100,10000.0,4583.18,628.641,7.29062,0.000596509,0.562567,0,655.6425141,18003.1,118.587,151.813,0.000170888,0.0775485,0,276.8777944,1897.36,114.506,16.57,0.000128374,0.0812873,6,-353.8569896,2235.36,700.895,3.18929,0.000300256,0.308458
77.552455,1,AUTO,ARMED,5,AVAILABLE,UNAVAILABLE,UNAVAILABLE,78,7,ACTIVE,11,F1_N2-A3.NC,F1_N2-A3.NC,2077098.662,194564.758,5711.9,3590.6907,100,0.0,16,100,0,5,100,10000.0,4583.18,628.641,7.29062,0.000596509,0.562567,0,655.642507,18003.1,118.587,151.813,0.000170888,0.0775485,0,276.8784667,1897.36,114.506,16.57,0.000128374,0.0812873,6,-353.8570125,2235.36,700.895,3.18929,0.000300256,0.308458
77.700405,1,AUTO,ARMED,5,AVAILABLE,UNAVAILABLE,UNAVAILABLE,80,7,ACTIVE,11,F1_N2-A3.NC,F1_N2-A3.NC,2077098.662,194564.758,5711.9,3590.6907,100,50.5,16,100,0,4,100,10000.0,4583.18,628.641,7.29062,0.000596509,0.562567,1,652.0933903,18003.1,118.587,151.813,0.000170888,0.0775485,0,277.5124595,1897.36,114.506,16.57,0.000128374,0.0812873,6,-353.8569896,2235.36,700.895,3.18929,0.000300256,0.308458
77.84396,1,AUTO,ARMED,5,AVAILABLE,UNAVAILABLE,UNAVAILABLE,80,7,ACTIVE,11,F1_N2-A3.NC,F1_N2-A3.NC,2077098.662,194564.758,5711.9,5086.9941,100,52.76667,16,100,0,4,100,10000.0,4151.26,1101.96,3.76716,0.000578936,0.562978,1,646.4323068,15626.7,636.278,24.5595,0.00029165,0.260475,0,277.512574,2377.7,886.245,2.68289,0.000156369,0.176526,6,-353.8570125,2379.58,941.234,2.52815,0.000279204,0.359778
77.982313,1,AUTO,ARMED,5,AVAILABLE,UNAVAILABLE,UNAVAILABLE,80,7,ACTIVE,11,F1_N2-A3.NC,F1_N2-A3.NC,2077098.662,194564.758,5711.9,5086.9941,100,53.51667,16,100,0,8,100,10000.0,4151.26,1101.96,3.76716,0.000578936,0.562978,0,640.7779893,15626.7,636.278,24.5595,0.00029165,0.260475,0,277.5128028,2377.7,886.245,2.68289,0.000156369,0.176526,6,-353.857001,2379.58,941.234,2.52815,0.000279204,0.359778
78.118713,1,AUTO,ARMED,5,AVAILABLE,UNAVAILABLE,UNAVAILABLE,80,7,ACTIVE,11,F1_N2-A3.NC,F1_N2-A3.NC,2077098.662,194564.758,5711.9,5086.9941,100,55.03333,17,100,0,11,100,10000.0,4151.26,1101.96,3.76716,0.000578936,0.562978,0,632.261734,15626.7,636.278,24.5595,0.00029165,0.260475,0,277.5127957,2377.7,886.245,2.68289,0.000156369,0.176526,6,-353.8569896,2379.58,941.234,2.52815,0.000279204,0.359778
78.260662,1,AUTO,ARMED,5,AVAILABLE,UNAVAILABLE,UNAVAILABLE,80,7,ACTIVE,11,F1_N2-A3.NC,F1_N2-A3.NC,2077098.662,194564.758,5711.9,5086.9941,100,55.03333,17,100,0,11,100,10000.0,4151.26,1101.96,3.76716,0.000578936,0.562978,0,626.5796165,15626.7,636.278,24.5595,0.00029165,0.260475,0,277.51281,2377.7,886.245,2.68289,0.000156369,0.176526,6,-353.8570125,2379.58,941.234,2.52815,0.000279204,0.359778
78.403805,1,AUTO,ARMED,5,AVAILABLE,UNAVAILABLE,UNAVAILABLE,80,7,ACTIVE,11,F1_N2-A3.NC,F1_N2-A3.NC,2077098.662,194564.758,5711.9,5086.9941,100,55.03333,17,100,0,10,100,10000.0,4151.26,1101.96,3.76716,0.000578936,0.562978,0,615.2565864,15626.7,636.278,24.5595,0.00029165,0.260475,0,277.5127885,2377.7,886.245,2.68289,0.000156369,0.176526,6,-353.857001,2379.58,941.234,2.52815,0.000279204,0.359778
78.547896,1,AUTO,ARMED,5,AVAILABLE,UNAVAILABLE,UNAVAILABLE,80,7,ACTIVE,11,F1_N2-A3.NC,F1_N2-A3.NC,2077098.662,194564.758,5711.9,5086.9941,100,55.03333,17,100,0,9,100,10000.0,4151.26,1101.96,3.76716,0.000578936,0.562978,0,609.5880794,15626.7,636.278,24.5595,0.00029165,0.260475,0,277.51281,2377.7,886.245,2.68289,0.000156369,0.176526,6,-353.8570125,2379.58,941.234,2.52815,0.000279204,0.359778
78.687692,1,AUTO,ARMED,5,AVAILABLE,UNAVAILABLE,UNAVAILABLE,80,7,ACTIVE,11,F1_N2-A3.NC,F1_N2-A3.NC,2077098.662,194564.758,5711.9,5086.9941,100,55.03333,17,100,0,9,100,10000.0,4151.26,1101.96,3.76716,0.000578936,0.562978,0,603.9332199,15626.7,636.278,24.5595,0.00029165,0.260475,0,277.5128172,2377.7,886.245,2.68289,0.000156369,0.176526,6,-353.857001,2379.58,941.234,2.52815,0.000279204,0.359778
78.831741,1,AUTO,ARMED,5,AVAILABLE,UNAVAILABLE,UNAVAILABLE,80,7,ACTIVE,11,F1_N2-A3.NC,F1_N2-A3.NC,2077098.662,194564.758,5711.9,5086.9941,100,55.03333,17,100,0,9,100,10000.0,4151.26,1101.96,3.76716,0.000578936,0.562978,0,598.2648134,15626.7,636.278,24.5595,0.00029165,0.260475,0,277.5128028,2377.7,886.245,2.68289,0.000156369,0.176526,6,-353.8569782,2379.58,941.234,2.52815,0.000279204,0.359778
78.968458,1,AUTO,ARMED,5,AVAILABLE,UNAVAILABLE,UNAVAILABLE,80,7,ACTIVE,11,F1_N2-A3.NC,F1_N2-A3.NC,2077098.662,194564.758,5711.9,4799.9419,100,55.03333,17,100,0,10,100,10000.0,4679.17,1153.46,4.05664,0.000660074,0.58091,0,581.2595349,15698.7,626.794,25.046,0.000240753,0.27982,0,277.5127814,2737.95,1105.62,2.47639,0.000108711,0.202477,6,-353.857001,2283.43,1107.47,2.06184,0.000326659,0.412523
79.107191,1,AUTO,ARMED,5,AVAILABLE,UNAVAILABLE,UNAVAILABLE,80,7,ACTIVE,11,F1_N2-A3.NC,F1_N2-A3.NC,2077098.662,194564.758,5711.9,4799.9419,100,55.03333,18,100,0,10,100,10000.0,4679.17,1153.46,4.05664,0.000660074,0.58091,0,575.5774908,15698.7,626.794,25.046,0.000240753,0.27982,0,277.5127885,2737.95,1105.62,2.47639,0.000108711,0.202477,6,-353.857001,2283.43,1107.47,2.06184,0.000326659,0.412523
79.248047,1,AUTO,ARMED,5,AVAILABLE,UNAVAILABLE,UNAVAILABLE,80,7,ACTIVE,11,F1_N2-A3.NC,F1_N2-A3.NC,2077098.662,194564.758,5711.9,4799.9419,100,55.03333,18,100,0,10,100,10000.0,4679.17,1153.46,4.05664,0.000660074,0.58091,0,569.8951462,15698.7,626.794,25.046,0.000240753,0.27982,0,277.51281,2737.95,1105.62,2.47639,0.000108711,0.202477,6,-353.8570125,2283.43,1107.47,2.06184,0.000326659,0.412523
79.388624,1,AUTO,ARMED,5,AVAILABLE,UNAVAILABLE,UNAVAILABLE,80,7,ACTIVE,11,F1_N2-A3.NC,F1_N2-A3.NC,2077098.662,194564.758,5711.9,4799.9419,100,55.03333,18,100,0,10,100,10000.0,4679.17,1153.46,4.05664,0.000660074,0.58091,0,564.2543726,15698.7,626.794,25.046,0.000240753,0.27982,0,277.5128172,2737.95,1105.62,2.47639,0.000108711,0.202477,6,-353.857001,2283.43,1107.47,2.06184,0.000326659,0.412523
79.535649,1,AUTO,ARMED,5,AVAILABLE,UNAVAILABLE,UNAVAILABLE,80,7,ACTIVE,11,F1_N2-A3.NC,F1_N2-A3.NC,2077098.662,194564.758,5711.9,4799.9419,100,55.03333,18,100,0,9,100,10000.0,4679.17,1153.46,4.05664,0.000660074,0.58091,0,558.572247,15698.7,626.794,25.046,0.000240753,0.27982,0,277.5128172,2737.95,1105.62,2.47639,0.000108711,0.202477,6,-353.8569782,2283.43,1107.47,2.06184,0.000326659,0.412523
79.694231,1,AUTO,ARMED,5,AVAILABLE,UNAVAILABLE,UNAVAILABLE,80,7,ACTIVE,11,F1_N2-A3.NC,F1_N2-A3.NC,2077098.662,194564.758,5711.9,4799.9419,100,55.03333,18,100,0,10,100,10000.0,4679.17,1153.46,4.05664,0.000660074,0.58091,0,541.58106,15698.7,626.794,25.046,0.000240753,0.27982,0,277.5131175,2737.95,1105.62,2.47639,0.000108711,0.202477,6,-353.8569782,2283.43,1107.47,2.06184,0.000326659,0.412523
79.838194,1,AUTO,ARMED,5,AVAILABLE,UNAVAILABLE,UNAVAILABLE,80,7,ACTIVE,11,F1_N2-A3.NC,F1_N2-A3.NC,2077098.662,194564.758,5711.9,4799.9419,100,55.01667,18,100,0,7,100,10000.0,4679.17,1153.46,4.05664,0.000660074,0.58091,0,536.6767236,15698.7,626.794,25.046,0.000240753,0.27982,0,277.5129244,2737.95,1105.62,2.47639,0.000108711,0.202477,6,-353.8569896,2283.43,1107.47,2.06184,0.000326659,0.412523
79.985739,1,AUTO,ARMED,5,AVAILABLE,UNAVAILABLE,UNAVAILABLE,81,7,ACTIVE,11,F1_N2-A3.NC,F1_N2-A3.NC,2077098.662,194564.758,5711.9,3539.5039,100,0.0,18,100,0,5,100,10000.0,4175.26,629.568,6.63194,0.000626958,0.582046,2,536.2649926,14906.6,125.932,118.37,0.000136371,0.105323,0,277.5128315,2785.99,123.329,22.5899,0.000108678,0.0743706,6,-353.857001,2475.72,489.56,5.05703,0.000378151,0.262323
80.124782,1,AUTO,ARMED,5,AVAILABLE,UNAVAILABLE,UNAVAILABLE,81,7,ACTIVE,11,F1_N2-A3.NC,F1_N2-A3.NC,2077098.662,194564.758,5711.9,3539.5039,100,0.0,19,100,0,2,100,10000.0,4175.26,629.568,6.63194,0.000626958,0.582046,0,536.2624106,14906.6,125.932,118.37,0.000136371,0.105323,0,277.5127957,2785.99,123.329,22.5899,0.000108678,0.0743706,6,-353.857001,2475.72,489.56,5.05703,0.000378151,0.262323
80.270778,1,AUTO,ARMED,5,AVAILABLE,UNAVAILABLE,UNAVAILABLE,81,7,ACTIVE,11,F1_N2-A3.NC,F1_N2-A3.NC,2077098.662,194564.758,5711.9,3539.5039,100,0.0,19,100,0,2,100,10000.0,4175.26,629.568,6.63194,0.000626958,0.582046,0,536.2624178,14906.6,125.932,118.37,0.000136371,0.105323,0,277.51281,2785.99,123.329,22.5899,0.000108678,0.0743706,6,-353.8569896,2475.72,489.56,5.05703,0.000378151,0.262323
80.438717,1,AUTO,ARMED,5,AVAILABLE,UNAVAILABLE,UNAVAILABLE,81,7,ACTIVE,11,F1_N2-A3.NC,F1_N2-A3.NC,2077098.662,194564.758,5711.9,3539.5039,100,0.0,19,100,0,2,100,10000.0,4175.26,629.568,6.63194,0.000626958,0.582046,0,536.2624535,14906.6,125.932,118.37,0.000136371,0.105323,0,277.5128028,2785.99,123.329,22.5899,0.000108678,0.0743706,6,-353.8570125,2475.72,489.56,5.05703,0.000378151,0.262323
80.583318,1,AUTO,ARMED,5,AVAILABLE,UNAVAILABLE,UNAVAILABLE,81,7,ACTIVE,11,F1_N2-A3.NC,F1_N2-A3.NC,2077098.662,194564.758,5711.9,3539.5039,100,0.0,19,100,0,5,100,10000.0,4175.26,629.568,6.63194,0.000626958,0.582046,0,536.2624678,14906.6,125.932,118.37,0.000136371,0.105323,0,277.5128028,2785.99,123.329,22.5899,0.000108678,0.0743706,6,-353.8569896,2475.72,489.56,5.05703,0.000378151,0.262323
80.723316,1,AUTO,ARMED,5,AVAILABLE,UNAVAILABLE,UNAVAILABLE,81,7,ACTIVE,11,F1_N2-A3.NC,F1_N2-A3.NC,2077098.662,194564.758,5711.9,3539.5039,100,0.0,19,100,0,5,100,10000.0,4175.26,629.568,6.63194,0.000626958,0.582046,0,536.2624893,14906.6,125.932,118.37,0.000136371,0.105323,0,277.5128028,2785.99,123.329,22.5899,0.000108678,0.0743706,6,-353.857001,2475.72,489.56,5.05703,0.000378151,0.262323
80.875437,1,AUTO,ARMED,5,AVAILABLE,UNAVAILABLE,UNAVAILABLE,81,7,ACTIVE,11,F1_N2-A3.NC,F1_N2-A3.NC,2077098.662,194564.758,5711.9,3539.5039,100,0.0,19,100,0,5,100,10000.0,4175.26,629.568,6.63194,0.000626958,0.582046,0,536.2624893,14906.6,125.932,118.37,0.000136371,0.105323,0,277.5127957,2785.99,123.329,22.5899,0.000108678,0.0743706,6,-353.8569896,2475.72,489.56,5.05703,0.000378151,0.262323
81.01276,1,AUTO,ARMED,5,AVAILABLE,UNAVAILABLE,UNAVAILABLE,81,7,ACTIVE,11,F1_N2-A3.NC,F1_N2-A3.NC,2077098.662,194564.758,5711.9,10533.1621,100,0.0,19,100,0,4,100,10000.0,3287.41,667.095,4.92795,0.000611191,0.599824,0,536.2624964,3552.61,135.975,26.1269,0.00014141,0.116872,0,277.5127885,624.445,112.278,5.5616,5.55669e-05,0.0483428,6,-353.8569896,2259.4,843.322,2.67917,0.000258288,0.28847
81.151391,1,AUTO,ARMED,5,AVAILABLE,UNAVAILABLE,UNAVAILABLE,84,7,ACTIVE,11,F1_N2-A3.NC,F1_N2-A3.NC,2077098.662,194564.758,5711.9,10533.1621,100,0.0,20,100,0,4,100,10034.75066,3287.41,667.095,4.92795,0.000611191,0.599824,0,536.2624964,3552.61,135.975,26.1269,0.00014141,0.116872,0,277.51281,624.445,112.278,5.5616,5.55669e-05,0.0483428,6,-353.857001,2259.4,843.322,2.67917,0.000258288,0.28847
81.296497,1,AUTO,ARMED,5,AVAILABLE,UNAVAILABLE,UNAVAILABLE,84,7,ACTIVE,11,F1_N2-A3.NC,F1_N2-A3.NC,2077098.662,194564.758,5711.9,10533.1621,100,0.0,20,100,0,32,100,10377.18568,3287.41,667.095,4.92795,0.000611191,0.599824,0,536.2624821,3552.61,135.975,26.1269,0.00014141,0.116872,0,277.5128028,624.445,112.278,5.5616,5.55669e-05,0.0483428,6,-353.8569896,2259.4,843.322,2.67917,0.000258288,0.28847
81.437376,1,AUTO,ARMED,5,AVAILABLE,UNAVAILABLE,UNAVAILABLE,84,7,ACTIVE,11,F1_N2-A3.NC,F1_N2-A3.NC,2077098.662,194564.758,5711.9,10533.1621,100,0.0,20,100,0,52,100,11000.0,3287.41,667.095,4.92795,0.000611191,0.599824,0,536.2624893,3552.61,135.975,26.1269,0.00014141,0.116872,0,277.5128028,624.445,112.278,5.5616,5.55669e-05,0.0483428,6,-353.8569896,2259.4,843.322,2.67917,0.000258288,0.28847
81.579568,1,AUTO,ARMED,5,AVAILABLE,UNAVAILABLE,UNAVAILABLE,84,7,ACTIVE,11,F1_N2-A3.NC,F1_N2-A3.NC,2077098.662,194564.758,5711.9,10533.1621,100,0.0,20,100,0,48,100,11000.0,3287.41,667.095,4.92795,0.000611191,0.599824,0,536.2624964,3552.61,135.975,26.1269,0.00014141,0.116872,0,277.5128028,624.445,112.278,5.5616,5.55669e-05,0.0483428,6,-353.8569896,2259.4,843.322,2.67917,0.000258288,0.28847
81.73524,1,AUTO,ARMED,5,AVAILABLE,UNAVAILABLE,UNAVAILABLE,84,7,ACTIVE,11,F1_N2-A3.NC,F1_N2-A3.NC,2077098.662,194564.758,5711.9,10533.1621,100,0.0,20,100,0,50,100,11000.0,3287.41,667.095,4.92795,0.000611191,0.599824,0,536.2625036,3552.61,135.975,26.1269,0.00014141,0.116872,0,277.5128028,624.445,112.278,5.5616,5.55669e-05,0.0483428,6,-353.857001,2259.4,843.322,2.67917,0.000258288,0.28847
81.874902,1,AUTO,ARMED,5,AVAILABLE,UNAVAILABLE,UNAVAILABLE,84,7,ACTIVE,11,F1_N2-A3.NC,F1_N2-A3.NC,2077098.662,194564.758,5711.9,10533.1621,100,0.0,20,100,0,47,100,11000.0,3287.41,667.095,4.92795,0.000611191,0.599824,0,536.2624964,3552.61,135.975,26.1269,0.00014141,0.116872,0,277.5127885,624.445,112.278,5.5616,5.55669e-05,0.0483428,6,-353.857001,2259.4,843.322,2.67917,0.000258288,0.28847
82.030736,1,AUTO,ARMED,5,AVAILABLE,UNAVAILABLE,UNAVAILABLE,84,7,ACTIVE,11,F1_N2-A3.NC,F1_N2-A3.NC,2077098.662,194564.758,5711.9,10533.1621,100,0.0,20,100,0,49,100,11000.0,4007.29,849.244,4.71866,0.000625863,0.683397,0,536.2624964,3504.6,156.216,22.4343,0.000167088,0.13168,0,277.5127957,648.465,159.089,4.07611,0.000120459,0.0936318,6,-353.8569896,2259.4,625.922,3.60971,0.000449822,0.236993
82.182053,1,AUTO,ARMED,5,AVAILABLE,UNAVAILABLE,UNAVAILABLE,84,7,ACTIVE,11,F1_N2-A3.NC,F1_N2-A3.NC,2077098.662,194564.758,5711.9,2842.0579,100,0.0,21,100,0,48,100,11000.0,4007.29,849.244,4.71866,0.000625863,0.683397,0,536.2624964,3504.6,156.216,22.4343,0.000167088,0.13168,0,277.5127957,648.465,159.089,4.07611,0.000120459,0.0936318,6,-353.857001,2259.4,625.922,3.60971,0.000449822,0.236993
82.322974,1,AUTO,ARMED,5,AVAILABLE,UNAVAILABLE,UNAVAILABLE,84,7,ACTIVE,11,F1_N2-A3.NC,F1_N2-A3.NC,2077098.662,194564.758,5711.9,2842.0579,100,0.0,21,100,0,45,100,11000.0,4007.29,849.244,4.71866,0.000625863,0.683397,0,536.2624964,3504.6,156.216,22.4343,0.000167088,0.13168,0,278.1472892,648.465,159.089,4.07611,0.000120459,0.0936318,6,-353.857001,2259.4,625.922,3.60971,0.000449822,0.236993
82.479474,1,AUTO,ARMED,5,AVAILABLE,UNAVAILABLE,UNAVAILABLE,85,7,ACTIVE,11,F1_N2-A3.NC,F1_N2-A3.NC,2077098.662,194564.758,5711.9,2842.0579,100,0.0,21,100,0,34,100,11000.0,4007.29,849.244,4.71866,0.000625863,0.683397,0,536.2624964,3504.6,156.216,22.4343,0.000167088,0.13168,0,278.1477112,648.465,159.089,4.07611,0.000120459,0.0936318,6,-353.8570125,2259.4,625.922,3.60971,0.000449822,0.236993
82.62832,1,AUTO,ARMED,5,AVAILABLE,UNAVAILABLE,UNAVAILABLE,85,7,ACTIVE,11,F1_N2-A3.NC,F1_N2-A3.NC,2077098.662,194564.758,5711.9,2842.0579,100,0.0,21,100,0,0,100,11000.0,4007.29,849.244,4.71866,0.000625863,0.683397,0,536.2624964,3504.6,156.216,22.4343,0.000167088,0.13168,0,278.147797,648.465,159.089,4.07611,0.000120459,0.0936318,6,-353.8569782,2259.4,625.922,3.60971,0.000449822,0.236993
82.765753,1,AUTO,ARMED,5,AVAILABLE,UNAVAILABLE,UNAVAILABLE,85,7,ACTIVE,11,F1_N2-A3.NC,F1_N2-A3.NC,2077098.662,194564.758,5711.9,2842.0579,100,0.0,21,100,0,15,100,11000.0,4007.29,849.244,4.71866,0.000625863,0.683397,0,536.2624964,3504.6,156.216,22.4343,0.000167088,0.13168,0,278.1478113,648.465,159.089,4.07611,0.000120459,0.0936318,6,-353.857001,2259.4,625.922,3.60971,0.000449822,0.236993
82.907905,1,AUTO,ARMED,5,AVAILABLE,UNAVAILABLE,UNAVAILABLE,85,7,ACTIVE,11,F1_N2-A3.NC,F1_N2-A3.NC,2077098.662,194564.758,5711.9,2842.0579,100,0.0,21,100,0,16,100,11000.0,4007.29,849.244,4.71866,0.000625863,0.683397,0,536.2624964,3504.6,156.216,22.4343,0.000167088,0.13168,0,278.1478113,648.465,159.089,4.07611,0.000120459,0.0936318,6,-353.857001,2259.4,625.922,3.60971,0.000449822,0.236993
83.05722,1,AUTO,ARMED,5,AVAILABLE,UNAVAILABLE,UNAVAILABLE,85,7,ACTIVE,11,F1_N2-A3.NC,F1_N2-A3.NC,2077098.662,194564.758,5711.9,2842.0579,100,0.0,21,100,0,11,100,11000.0,4007.29,849.244,4.71866,0.000625863,0.683397,0,536.2624964,3504.6,156.216,22.4343,0.000167088,0.13168,0,278.1478113,648.465,159.089,4.07611,0.000120459,0.0936318,6,-353.8569896,2259.4,625.922,3.60971,0.000449822,0.236993
83.207199,1,AUTO,ARMED,5,AVAILABLE,UNAVAILABLE,UNAVAILABLE,85,7,ACTIVE,11,F1_N2-A3.NC,F1_N2-A3.NC,2077098.662,194564.758,5711.9,2842.0579,100,0.0,22,100,0,5,100,11000.0,3719.34,1133.37,3.28166,0.000579951,0.641258,0,536.2624964,11498.0,666.6,17.2487,0.000401994,0.423369,0,278.1478042,1272.91,114.397,11.1271,0.000114397,0.0663071,6,-353.857001,1874.82,528.906,3.54471,0.000265785,0.211357
83.352654,1,AUTO,ARMED,5,AVAILABLE,UNAVAILABLE,UNAVAILABLE,86,7,ACTIVE,11,F1_N2-A3.NC,F1_N2-A3.NC,2077098.662,194564.758,5711.9,4610.8921,100,0.0,22,100,0,7,100,11000.0,3719.34,1133.37,3.28166,0.000579951,0.641258,0,537.5044961,11498.0,666.6,17.2487,0.000401994,0.423369,0,278.147797,1272.91,114.397,11.1271,0.000114397,0.0663071,6,-353.857001,1874.82,528.906,3.54471,0.000265785,0.211357
83.491295,1,AUTO,ARMED,5,AVAILABLE,UNAVAILABLE,UNAVAILABLE,86,7,ACTIVE,11,F1_N2-A3.NC,F1_N2-A3.NC,2077098.662,194564.758,5711.9,4610.8921,100,35.98333,22,100,0,6,100,11000.0,3719.34,1133.37,3.28166,0.000579951,0.641258,0,541.2026439,11498.0,666.6,17.2487,0.000401994,0.423369,0,278.1477112,1272.91,114.397,11.1271,0.000114397,0.0663071,6,-353.8569896,1874.82,528.906,3.54471,0.000265785,0.211357
83.629685,1,AUTO,ARMED,5,AVAILABLE,UNAVAILABLE,UNAVAILABLE,86,7,ACTIVE,11,F1_N2-A3.NC,F1_N2-A3.NC,2077098.662,194564.758,5711.9,4610.8921,100,35.98333,22,100,0,9,100,11000.0,3719.34,1133.37,3.28166,0.000579951,0.641258,1,548.6150614,11498.0,666.6,17.2487,0.000401994,0.423369,0,278.1477613,1272.91,114.397,11.1271,0.000114397,0.0663071,6,-353.857001,1874.82,528.906,3.54471,0.000265785,0.211357
83.766712,1,AUTO,ARMED,5,AVAILABLE,UNAVAILABLE,UNAVAILABLE,86,7,ACTIVE,11,F1_N2-A3.NC,F1_N2-A3.NC,2077098.662,194564.758,5711.9,4610.8921,100,35.98333,22,100,0,9,100,11000.0,3719.34,1133.37,3.28166,0.000579951,0.641258,1,552.321363,11498.0,666.6,17.2487,0.000401994,0.423369,0,278.1478042,1272.91,114.397,11.1271,0.000114397,0.0663071,6,-353.8570125,1874.82,528.906,3.54471,0.000265785,0.211357
83.910723,1,AUTO,ARMED,5,AVAILABLE,UNAVAILABLE,UNAVAILABLE,86,7,ACTIVE,11,F1_N2-A3.NC,F1_N2-A3.NC,2077098.662,194564.758,5711.9,4610.8921,100,35.98333,22,100,0,9,100,11000.0,3719.34,1133.37,3.28166,0.000579951,0.641258,1,556.0186598,11498.0,666.6,17.2487,0.000401994,0.423369,0,278.1478042,1272.91,114.397,11.1271,0.000114397,0.0663071,6,-353.8570125,1874.82,528.906,3.54471,0.000265785,0.211357
84.053932,1,AUTO,ARMED,5,AVAILABLE,UNAVAILABLE,UNAVAILABLE,86,7,ACTIVE,11,F1_N2-A3.NC,F1_N2-A3.NC,2077098.662,194564.758,5711.9,4610.8921,100,35.98333,22,100,0,10,100,11000.0,3719.34,1133.37,3.28166,0.000579951,0.641258,0,559.7336451,11498.0,666.6,17.2487,0.000401994,0.423369,0,278.1478042,1272.91,114.397,11.1271,0.000114397,0.0663071,6,-353.8570125,1874.82,528.906,3.54471,0.000265785,0.211357
84.190507,1,AUTO,ARMED,5,AVAILABLE,UNAVAILABLE,UNAVAILABLE,86,7,ACTIVE,11,F1_N2-A3.NC,F1_N2-A3.NC,2077098.662,194564.758,5711.9,4610.8921,100,35.98333,23,100,0,10,100,11000.0,5111.09,1171.89,4.36141,0.000633976,0.668744,1,568.990521,12146.1,595.566,20.3942,0.000288204,0.312181,0,278.147797,1921.37,730.906,2.62875,7.63932e-05,0.101224,6,-353.8570125,2019.03,486.206,4.15262,0.000184711,0.188617
84.335508,1,AUTO,ARMED,5,AVAILABLE,UNAVAILABLE,UNAVAILABLE,86,7,ACTIVE,11,F1_N2-A3.NC,F1_N2-A3.NC,2077098.662,194564.758,5711.9,4786.0459,100,35.98333,23,100,0,10,100,11000.0,5111.09,1171.89,4.36141,0.000633976,0.668744,1,572.7058941,12146.1,595.566,20.3942,0.000288204,0.312181,0,278.1478042,1921.37,730.906,2.62875,7.63932e-05,0.101224,6,-353.8570125,2019.03,486.206,4.15262,0.000184711,0.188617
84.492444,1,AUTO,ARMED,5,AVAILABLE,UNAVAILABLE,UNAVAILABLE,86,7,ACTIVE,11,F1_N2-A3.NC,F1_N2-A3.NC,2077098.662,194564.758,5711.9,4786.0459,100,35.98333,23,100,0,10,100,11000.0,5111.09,1171.89,4.36141,0.000633976,0.668744,1,576.412112,12146.1,595.566,20.3942,0.000288204,0.312181,0,278.147797,1921.37,730.906,2.62875,7.63932e-05,0.101224,6,-353.857001,2019.03,486.206,4.15262,0.000184711,0.188617
84.632893,1,AUTO,ARMED,5,AVAILABLE,UNAVAILABLE,UNAVAILABLE,86,7,ACTIVE,11,F1_N2-A3.NC,F1_N2-A3.NC,2077098.662,194564.758,5711.9,4786.0459,100,35.98333,23,100,0,10,100,11000.0,5111.09,1171.89,4.36141,0.000633976,0.668744,0,580.1096539,12146.1,595.566,20.3942,0.000288204,0.312181,0,278.1478113,1921.37,730.906,2.62875,7.63932e-05,0.101224,6,-353.8569896,2019.03,486.206,4.15262,0.000184711,0.188617
84.772814,1,AUTO,ARMED,5,AVAILABLE,UNAVAILABLE,UNAVAILABLE,86,7,ACTIVE,11,F1_N2-A3.NC,F1_N2-A3.NC,2077098.662,194564.758,5711.9,4786.0459,100,35.98333,23,100,0,9,100,11000.0,5111.09,1171.89,4.36141,0.000633976,0.668744,0,583.8156358,12146.1,595.566,20.3942,0.000288204,0.312181,0,278.1478185,1921.37,730.906,2.62875,7.63932e-05,0.101224,6,-353.8569782,2019.03,486.206,4.15262,0.000184711,0.188617
84.917124,1,AUTO,ARMED,5,AVAILABLE,UNAVAILABLE,UNAVAILABLE,86,7,ACTIVE,11,F1_N2-A3.NC,F1_N2-A3.NC,2077098.662,194564.758,5711.9,4786.0459,100,35.98333,23,100,0,10,100,11000.0,5111.09,1171.89,4.36141,0.000633976,0.668744,1,591.2283286,12146.1,595.566,20.3942,0.000288204,0.312181,0,278.1478042,1921.37,730.906,2.62875,7.63932e-05,0.101224,6,-353.8570125,2019.03,486.206,4.15262,0.000184711,0.188617
85.063654,1,AUTO,ARMED,5,AVAILABLE,UNAVAILABLE,UNAVAILABLE,86,7,ACTIVE,11,F1_N2-A3.NC,F1_N2-A3.NC,2077098.662,194564.758,5711.9,4786.0459,100,35.98333,23,100,0,9,100,11000.0,5111.09,1171.89,4.36141,0.000633976,0.668744,1,594.9344778,12146.1,595.566,20.3942,0.000288204,0.312181,0,278.1477899,1921.37,730.906,2.62875,7.63932e-05,0.101224,6,-353.8570125,2019.03,486.206,4.15262,0.000184711,0.188617
85.203775,1,AUTO,ARMED,5,AVAILABLE,UNAVAILABLE,UNAVAILABLE,86,7,ACTIVE,11,F1_N2-A3.NC,F1_N2-A3.NC,2077098.662,194564.758,5711.9,4786.0459,100,35.98333,24,100,0,10,100,11000.0,5111.09,1171.89,4.36141,0.000633976,0.668744,1,598.640863,12146.1,595.566,20.3942,0.000288204,0.312181,0,278.1477827,1921.37,730.906,2.62875,7.63932e-05,0.101224,6,-353.8570125,2019.03,486.206,4.15262,0.000184711,0.188617
85.349559,1,AUTO,ARMED,5,AVAILABLE,UNAVAILABLE,UNAVAILABLE,86,7,ACTIVE,11,F1_N2-A3.NC,F1_N2-A3.NC,2077098.662,194564.758,5711.9,4786.0459,100,35.98333,24,100,0,10,100,11000.0,4871.13,1194.1,4.07933,0.000652973,0.693613,1,609.7599035,11474.0,511.242,22.4434,0.000155894,0.145874,0,278.1478042,1945.39,712.391,2.73079,0.000108087,0.0986684,6,-353.8569896,2019.03,671.542,3.00656,0.000374367,0.243646
85.494611,1,AUTO,ARMED,5,AVAILABLE,UNAVAILABLE,UNAVAILABLE,86,7,ACTIVE,11,F1_N2-A3.NC,F1_N2-A3.NC,2077098.662,194564.758,5711.9,4816.7139,100,35.98333,24,100,0,10,100,11000.0,4871.13,1194.1,4.07933,0.000652973,0.693613,1,613.4659607,11474.0,511.242,22.4434,0.000155894,0.145874,0,278.1478042,1945.39,712.391,2.73079,0.000108087,0.0986684,6,-353.857001,2019.03,671.542,3.00656,0.000374367,0.243646
85.642441,1,AUTO,ARMED,5,AVAILABLE,UNAVAILABLE,UNAVAILABLE,86,7,ACTIVE,11,F1_N2-A3.NC,F1_N2-A3.NC,2077098.662,194564.758,5711.9,4816.7139,100,35.98333,24,100,0,9,100,11000.0,4871.13,1194.1,4.07933,0.000652973,0.693613,0,620.8695493,11474.0,511.242,22.4434,0.000155894,0.145874,0,278.1477827,1945.39,712.391,2.73079,0.000108087,0.0986684,6,-353.8570125,2019.03,671.542,3.00656,0.000374367,0.243646
85.786095,1,AUTO,ARMED,5,AVAILABLE,UNAVAILABLE,UNAVAILABLE,86,7,ACTIVE,11,F1_N2-A3.NC,F1_N2-A3.NC,2077098.662,194564.758,5711.9,4816.7139,100,35.98333,24,100,0,9,100,11000.0,4871.13,1194.1,4.07933,0.000652973,0.693613,1,624.5849261,11474.0,511.242,22.4434,0.000155894,0.145874,0,278.1477827,1945.39,712.391,2.73079,0.000108087,0.0986684,6,-353.8570239,2019.03,671.542,3.00656,0.000374367,0.243646
85.925932,1,AUTO,ARMED,5,AVAILABLE,UNAVAILABLE,UNAVAILABLE,86,7,ACTIVE,11,F1_N2-A3.NC,F1_N2-A3.NC,2077098.662,194564.758,5711.9,4816.7139,100,35.98333,24,100,0,9,100,11000.0,4871.13,1194.1,4.07933,0.000652973,0.693613,1,628.2819855,11474.0,511.242,22.4434,0.000155894,0.145874,0,278.1477899,1945.39,712.391,2.73079,0.000108087,0.0986684,6,-353.857001,2019.03,671.542,3.00656,0.000374367,0.243646
86.067407,1,AUTO,ARMED,5,AVAILABLE,UNAVAILABLE,UNAVAILABLE,86,7,ACTIVE,11,F1_N2-A3.NC,F1_N2-A3.NC,2077098.662,194564.758,5711.9,4816.7139,100,35.98333,24,100,0,9,100,11000.0,4871.13,1194.1,4.07933,0.000652973,0.693613,1,633.8505734,11474.0,511.242,22.4434,0.000155894,0.145874,0,278.147797,1945.39,712.391,2.73079,0.000108087,0.0986684,6,-353.8570125,2019.03,671.542,3.00656,0.000374367,0.243646
86.211298,1,AUTO,ARMED,5,AVAILABLE,UNAVAILABLE,UNAVAILABLE,86,7,ACTIVE,11,F1_N2-A3.NC,F1_N2-A3.NC,2077098.662,194564.758,5711.9,4816.7139,100,35.98333,25,100,0,9,100,11000.0,4871.13,1194.1,4.07933,0.000652973,0.693613,1,637.5479048,11474.0,511.242,22.4434,0.000155894,0.145874,0,278.147797,1945.39,712.391,2.73079,0.000108087,0.0986684,6,-353.8570125,2019.03,671.542,3.00656,0.000374367,0.243646
86.351113,1,AUTO,ARMED,5,AVAILABLE,UNAVAILABLE,UNAVAILABLE,86,7,ACTIVE,11,F1_N2-A3.NC,F1_N2-A3.NC,2077098.662,194564.758,5711.9,4816.7139,100,35.98333,25,100,0,9,100,11000.0,4967.12,858.147,5.78819,0.000778744,0.71962,1,641.2540412,11810.0,170.419,69.2998,0.000208059,0.149027,0,278.1478185,1825.3,126.514,14.4277,0.000146159,0.0589157,6,-353.857001,1995.0,562.643,3.54577,0.000396522,0.223778
86.491211,1,AUTO,ARMED,5,AVAILABLE,UNAVAILABLE,UNAVAILABLE,86,7,ACTIVE,11,F1_N2-A3.NC,F1_N2-A3.NC,2077098.662,194564.758,5711.9,3494.8679,100,35.98333,25,100,0,9,100,11000.0,4967.12,858.147,5.78819,0.000778744,0.71962,0,648.6670505,11810.0,170.419,69.2998,0.000208059,0.149027,0,278.1478685,1825.3,126.514,14.4277,0.000146159,0.0589157,6,-353.8569896,1995.0,562.643,3.54577,0.000396522,0.223778
86.63108,1,AUTO,ARMED,5,AVAILABLE,UNAVAILABLE,UNAVAILABLE,86,7,ACTIVE,11,F1_N2-A3.NC,F1_N2-A3.NC,2077098.662,194564.758,5711.9,3494.8679,100,35.98333,25,100,0,7,100,11000.0,4967.12,858.147,5.78819,0.000778744,0.71962,0,652.3819341,11810.0,170.419,69.2998,0.000208059,0.149027,0,278.1479472,1825.3,126.514,14.4277,0.000146159,0.0589157,6,-353.8569896,1995.0,562.643,3.54577,0.000396522,0.223778
86.774761,1,AUTO,ARMED,5,AVAILABLE,UNAVAILABLE,UNAVAILABLE,87,7,ACTIVE,11,F1_N2-A3.NC,F1_N2-A3.NC,2077098.662,194564.758,5711.9,3494.8679,100,20.8,25,100,0,4,100,11000.0,4967.12,858.147,5.78819,0.000778744,0.71962,0,655.6410837,11810.0,170.419,69.2998,0.000208059,0.149027,0,278.1478185,1825.3,126.514,14.4277,0.000146159,0.0589157,6,-353.857001,1995.0,562.643,3.54577,0.000396522,0.223778
86.919919,1,AUTO,ARMED,5,AVAILABLE,UNAVAILABLE,UNAVAILABLE,87,7,ACTIVE,11,F1_N2-A3.NC,F1_N2-A3.NC,2077098.662,194564.758,5711.9,3494.8679,100,0.0,25,100,0,3,100,11000.0,4967.12,858.147,5.78819,0.000778744,0.71962,0,655.6425499,11810.0,170.419,69.2998,0.000208059,0.149027,0,278.1478113,1825.3,126.514,14.4277,0.000146159,0.0589157,6,-353.857001,1995.0,562.643,3.54577,0.000396522,0.223778
87.061152,1,AUTO,ARMED,5,AVAILABLE,UNAVAILABLE,UNAVAILABLE,87,7,ACTIVE,11,F1_N2-A3.NC,F1_N2-A3.NC,2077098.662,194564.758,5711.9,3494.8679,100,0.0,25,100,0,3,100,11000.0,4967.12,858.147,5.78819,0.000778744,0.71962,0,655.6425857,11810.0,170.419,69.2998,0.000208059,0.149027,0,278.1478042,1825.3,126.514,14.4277,0.000146159,0.0589157,6,-353.857001,1995.0,562.643,3.54577,0.000396522,0.223778
87.207717,1,AUTO,ARMED,5,AVAILABLE,UNAVAILABLE,UNAVAILABLE,87,7,ACTIVE,11,F1_N2-A3.NC,F1_N2-A3.NC,2077098.662,194564.758,5711.9,3494.8679,100,0.0,26,100,0,5,100,11000.0,4967.12,858.147,5.78819,0.000778744,0.71962,0,655.6425284,11810.0,170.419,69.2998,0.000208059,0.149027,0,278.147797,1825.3,126.514,14.4277,0.000146159,0.0589157,6,-353.857001,1995.0,562.643,3.54577,0.000396522,0.223778
87.344438,1,AUTO,ARMED,5,AVAILABLE,UNAVAILABLE,UNAVAILABLE,87,7,ACTIVE,11,F1_N2-A3.NC,F1_N2-A3.NC,2077098.662,194564.758,5711.9,3494.8679,100,0.0,26,100,0,5,100,11000.0,3143.44,881.999,3.56399,0.000772279,0.723332,0,655.6425213,1392.24,196.814,7.07389,0.000237888,0.14922,0,278.147797,672.479,129.805,5.18069,0.000201787,0.0676235,6,-353.857001,1778.67,730.368,2.43531,0.000373101,0.266031
87.4927,1,AUTO,ARMED,5,AVAILABLE,UNAVAILABLE,UNAVAILABLE,87,7,ACTIVE,11,F1_N2-A3.NC,F1_N2-A3.NC,2077098.662,194564.758,5711.9,3494.8679,100,0.0,26,100,0,5,100,11000.0,3143.44,881.999,3.56399,0.000772279,0.723332,0,655.642507,1392.24,196.814,7.07389,0.000237888,0.14922,0,278.1477899,672.479,129.805,5.18069,0.000201787,0.0676235,6,-353.857001,1778.67,730.368,2.43531,0.000373101,0.266031
87.638839,1,AUTO,ARMED,5,AVAILABLE,UNAVAILABLE,UNAVAILABLE,87,7,ACTIVE,11,F1_N2-A3.NC,F1_N2-A3.NC,2077098.662,194564.758,5711.9,4521.7832,100,0.0,26,100,0,5,100,11000.0,3143.44,881.999,3.56399,0.000772279,0.723332,0,655.642507,1392.24,196.814,7.07389,0.000237888,0.14922,0,278.1478042,672.479,129.805,5.18069,0.000201787,0.0676235,6,-353.857001,1778.67,730.368,2.43531,0.000373101,0.266031
87.780988,1,AUTO,ARMED,5,AVAILABLE,UNAVAILABLE,UNAVAILABLE,87,7,ACTIVE,11,F1_N2-A3.NC,F1_N2-A3.NC,2077098.662,194564.758,5711.9,4521.7832,100,0.0,26,100,0,5,100,11000.0,3143.44,881.999,3.56399,0.000772279,0.723332,0,655.6424998,1392.24,196.814,7.07389,0.000237888,0.14922,0,278.147797,672.479,129.805,5.18069,0.000201787,0.0676235,6,-353.8569896,1778.67,730.368,2.43531,0.000373101,0.266031
87.919483,1,AUTO,ARMED,5,AVAILABLE,UNAVAILABLE,UNAVAILABLE,89,7,ACTIVE,11,F1_N2-A3.NC,F1_N2-A3.NC,2077098.662,194564.758,5711.9,4521.7832,100,35.98333,26,100,0,4,100,11000.0,3143.44,881.999,3.56399,0.000772279,0.723332,0,650.3156251,1392.24,196.814,7.07389,0.000237888,0.14922,0,278.7825194,672.479,129.805,5.18069,0.000201787,0.0676235,6,-353.8569896,1778.67,730.368,2.43531,0.000373101,0.266031
88.063622,1,AUTO,ARMED,5,AVAILABLE,UNAVAILABLE,UNAVAILABLE,89,7,ACTIVE,11,F1_N2-A3.NC,F1_N2-A3.NC,2077098.662,194564.758,5711.9,4521.7832,100,35.98333,26,100,0,5,100,11000.0,3143.44,881.999,3.56399,0.000772279,0.723332,0,648.4627541,1392.24,196.814,7.07389,0.000237888,0.14922,0,278.7825981,672.479,129.805,5.18069,0.000201787,0.0676235,6,-353.857001,1778.67,730.368,2.43531,0.000373101,0.266031
88.206769,1,AUTO,ARMED,5,AVAILABLE,UNAVAILABLE,UNAVAILABLE,89,7,ACTIVE,11,F1_N2-A3.NC,F1_N2-A3.NC,2077098.662,194564.758,5711.9,4521.7832,100,35.98333,27,100,0,8,100,11000.0,3143.44,881.999,3.56399,0.000772279,0.723332,0,644.7479215,1392.24,196.814,7.07389,0.000237888,0.14922,0,278.7827697,672.479,129.805,5.18069,0.000201787,0.0676235,6,-353.857001,1778.67,730.368,2.43531,0.000373101,0.266031
88.359544,1,AUTO,ARMED,5,AVAILABLE,UNAVAILABLE,UNAVAILABLE,89,7,ACTIVE,11,F1_N2-A3.NC,F1_N2-A3.NC,2077098.662,194564.758,5711.9,4521.7832,100,35.98333,27,100,0,10,100,11000.0,3143.44,881.999,3.56399,0.000772279,0.723332,0,637.344269,1392.24,196.814,7.07389,0.000237888,0.14922,0,278.7828127,672.479,129.805,5.18069,0.000201787,0.0676235,6,-353.8569896,1778.67,730.368,2.43531,0.000373101,0.266031
88.504959,1,AUTO,ARMED,5,AVAILABLE,UNAVAILABLE,UNAVAILABLE,89,7,ACTIVE,11,F1_N2-A3.NC,F1_N2-A3.NC,2077098.662,194564.758,5711.9,4521.7832,100,35.98333,27,100,0,11,100,11000.0,3815.32,1021.02,3.73677,0.000589596,0.643108,0,633.6469323,10273.8,492.287,20.8695,0.000241956,0.245005,0,278.7828055,1513.08,443.803,3.40935,8.98822e-05,0.07942,6,-353.857001,2235.36,968.872,2.30718,0.00029295,0.319632
88.653442,1,AUTO,ARMED,5,AVAILABLE,UNAVAILABLE,UNAVAILABLE,89,7,ACTIVE,11,F1_N2-A3.NC,F1_N2-A3.NC,2077098.662,194564.758,5711.9,4521.7832,100,35.98333,27,100,0,10,100,11000.0,3815.32,1021.02,3.73677,0.000589596,0.643108,0,626.2255082,10273.8,492.287,20.8695,0.000241956,0.245005,0,278.7828198,1513.08,443.803,3.40935,8.98822e-05,0.07942,6,-353.8570125,2235.36,968.872,2.30718,0.00029295,0.319632
88.792765,1,AUTO,ARMED,5,AVAILABLE,UNAVAILABLE,UNAVAILABLE,89,7,ACTIVE,11,F1_N2-A3.NC,F1_N2-A3.NC,2077098.662,194564.758,5711.9,4781.8042,100,35.98333,27,100,0,10,100,11000.0,3815.32,1021.02,3.73677,0.000589596,0.643108,0,622.5279101,10273.8,492.287,20.8695,0.000241956,0.245005,0,278.7827984,1513.08,443.803,3.40935,8.98822e-05,0.07942,6,-353.8569896,2235.36,968.872,2.30718,0.00029295,0.319632
88.936931,1,AUTO,ARMED,5,AVAILABLE,UNAVAILABLE,UNAVAILABLE,89,7,ACTIVE,11,F1_N2-A3.NC,F1_N2-A3.NC,2077098.662,194564.758,5711.9,4781.8042,100,35.98333,27,100,0,9,100,11000.0,3815.32,1021.02,3.73677,0.000589596,0.643108,0,615.1065219,10273.8,492.287,20.8695,0.000241956,0.245005,0,278.7827984,1513.08,443.803,3.40935,8.98822e-05,0.07942,6,-353.8569896,2235.36,968.872,2.30718,0.00029295,0.319632
89.079848,1,AUTO,ARMED,5,AVAILABLE,UNAVAILABLE,UNAVAILABLE,89,7,ACTIVE,11,F1_N2-A3.NC,F1_N2-A3.NC,2077098.662,194564.758,5711.9,4781.8042,100,35.98333,27,100,0,9,100,11000.0,3815.32,1021.02,3.73677,0.000589596,0.643108,0,611.4091598,10273.8,492.287,20.8695,0.000241956,0.245005,0,278.7827984,1513.08,443.803,3.40935,8.98822e-05,0.07942,6,-353.857001,2235.36,968.872,2.30718,0.00029295,0.319632
89.218247,1,AUTO,ARMED,5,AVAILABLE,UNAVAILABLE,UNAVAILABLE,89,7,ACTIVE,11,F1_N2-A3.NC,F1_N2-A3.NC,2077098.662,194564.758,5711.9,4781.8042,100,35.98333,28,100,0,9,100,11000.0,3815.32,1021.02,3.73677,0.000589596,0.643108,0,607.6938326,10273.8,492.287,20.8695,0.000241956,0.245005,0,278.7827984,1513.08,443.803,3.40935,8.98822e-05,0.07942,6,-353.857001,2235.36,968.872,2.30718,0.00029295,0.319632
89.361461,1,AUTO,ARMED,5,AVAILABLE,UNAVAILABLE,UNAVAILABLE,89,7,ACTIVE,11,F1_N2-A3.NC,F1_N2-A3.NC,2077098.662,194564.758,5711.9,4781.8042,100,35.98333,28,100,0,10,100,11000.0,3815.32,1021.02,3.73677,0.000589596,0.643108,0,603.9877301,10273.8,492.287,20.8695,0.000241956,0.245005,0,278.7827984,1513.08,443.803,3.40935,8.98822e-05,0.07942,6,-353.8570125,2235.36,968.872,2.30718,0.00029295,0.319632
89.510355,1,AUTO,ARMED,5,AVAILABLE,UNAVAILABLE,UNAVAILABLE,89,7,ACTIVE,11,F1_N2-A3.NC,F1_N2-A3.NC,2077098.662,194564.758,5711.9,4781.8042,100,35.98333,28,100,0,9,100,11000.0,4151.26,995.305,4.17084,0.000608618,0.666858,0,596.5840155,9649.66,491.767,19.6224,0.000286979,0.329648,0,278.7828127,1657.18,458.773,3.6122,0.000131389,0.0786007,6,-353.857001,2235.36,959.28,2.33025,0.000231062,0.314346
89.654709,1,AUTO,ARMED,5,AVAILABLE,UNAVAILABLE,UNAVAILABLE,89,7,ACTIVE,11,F1_N2-A3.NC,F1_N2-A3.NC,2077098.662,194564.758,5711.9,4781.8042,100,35.98333,28,100,0,9,100,11000.0,4151.26,995.305,4.17084,0.000608618,0.666858,0,592.8689366,9649.66,491.767,19.6224,0.000286979,0.329648,0,278.7827984,1657.18,458.773,3.6122,0.000131389,0.0786007,6,-353.857001,2235.36,959.28,2.33025,0.000231062,0.314346
89.80244,1,AUTO,ARMED,5,AVAILABLE,UNAVAILABLE,UNAVAILABLE,89,7,ACTIVE,11,F1_N2-A3.NC,F1_N2-A3.NC,2077098.662,194564.758,5711.9,4804.0664,100,35.98333,28,100,0,9,100,11000.0,4151.26,995.305,4.17084,0.000608618,0.666858,0,585.4652219,9649.66,491.767,19.6224,0.000286979,0.329648,0,278.7828055,1657.18,458.773,3.6122,0.000131389,0.0786007,6,-353.8569896,2235.36,959.28,2.33025,0.000231062,0.314346
89.943765,1,AUTO,ARMED,5,AVAILABLE,UNAVAILABLE,UNAVAILABLE,89,7,ACTIVE,11,F1_N2-A3.NC,F1_N2-A3.NC,2077098.662,194564.758,5711.9,4804.0664,100,35.98333,28,100,0,10,100,11000.0,4151.26,995.305,4.17084,0.000608618,0.666858,0,579.8967166,9649.66,491.767,19.6224,0.000286979,0.329648,0,278.7827984,1657.18,458.773,3.6122,0.000131389,0.0786007,6,-353.857001,2235.36,959.28,2.33025,0.000231062,0.314346
90.090437,1,AUTO,ARMED,5,AVAILABLE,UNAVAILABLE,UNAVAILABLE,89,7,ACTIVE,11,F1_N2-A3.NC,F1_N2-A3.NC,2077098.662,194564.758,5711.9,4804.0664,100,35.98333,28,100,0,9,100,11000.0,4151.26,995.305,4.17084,0.000608618,0.666858,0,576.1995728,9649.66,491.767,19.6224,0.000286979,0.329648,0,278.7828198,1657.18,458.773,3.6122,0.000131389,0.0786007,6,-353.857001,2235.36,959.28,2.33025,0.000231062,0.314346
90.247029,1,AUTO,ARMED,5,AVAILABLE,UNAVAILABLE,UNAVAILABLE,89,7,ACTIVE,11,F1_N2-A3.NC,F1_N2-A3.NC,2077098.662,194564.758,5711.9,4804.0664,100,35.98333,29,100,0,9,100,11000.0,4151.26,995.305,4.17084,0.000608618,0.666858,0,572.4932092,9649.66,491.767,19.6224,0.000286979,0.329648,0,278.7828127,1657.18,458.773,3.6122,0.000131389,0.0786007,6,-353.8569896,2235.36,959.28,2.33025,0.000231062,0.314346
90.392748,1,AUTO,ARMED,5,AVAILABLE,UNAVAILABLE,UNAVAILABLE,89,7,ACTIVE,11,F1_N2-A3.NC,F1_N2-A3.NC,2077098.662,194564.758,5711.9,4804.0664,100,35.98333,29,100,0,9,100,11000.0,4151.26,995.305,4.17084,0.000608618,0.666858,0,565.0716344,9649.66,491.767,19.6224,0.000286979,0.329648,0,278.7828198,1657.18,458.773,3.6122,0.000131389,0.0786007,6,-353.857001,2235.36,959.28,2.33025,0.000231062,0.314346
90.533112,1,AUTO,ARMED,5,AVAILABLE,UNAVAILABLE,UNAVAILABLE,89,7,ACTIVE,11,F1_N2-A3.NC,F1_N2-A3.NC,2077098.662,194564.758,5711.9,4804.0664,100,35.98333,29,100,0,9,100,11000.0,3959.3,849.28,4.66195,0.000695,0.706156,0,557.6591864,10393.8,482.775,21.5293,0.000285897,0.309663,0,278.7828055,1489.06,480.529,3.09879,9.32969e-05,0.0852986,6,-353.8570125,2115.18,916.609,2.30761,0.000189775,0.30211
90.672297,1,AUTO,ARMED,5,AVAILABLE,UNAVAILABLE,UNAVAILABLE,89,7,ACTIVE,11,F1_N2-A3.NC,F1_N2-A3.NC,2077098.662,194564.758,5711.9,4804.0664,100,35.98333,29,100,0,8,100,11000.0,3959.3,849.28,4.66195,0.000695,0.706156,0,553.9616689,10393.8,482.775,21.5293,0.000285897,0.309663,0,278.7827984,1489.06,480.529,3.09879,9.32969e-05,0.0852986,6,-353.8569896,2115.18,916.609,2.30761,0.000189775,0.30211
90.81509,1,AUTO,ARMED,5,AVAILABLE,UNAVAILABLE,UNAVAILABLE,89,7,ACTIVE,11,F1_N2-A3.NC,F1_N2-A3.NC,2077098.662,194564.758,5711.9,3521.0403,100,35.98333,29,100,0,9,100,11000.0,3959.3,849.28,4.66195,0.000695,0.706156,0,550.255547,10393.8,482.775,21.5293,0.000285897,0.309663,0,278.7828055,1489.06,480.529,3.09879,9.32969e-05,0.0852986,6,-353.8569896,2115.18,916.609,2.30761,0.000189775,0.30211
90.953438,1,AUTO,ARMED,5,AVAILABLE,UNAVAILABLE,UNAVAILABLE,89,7,ACTIVE,11,F1_N2-A3.NC,F1_N2-A3.NC,2077098.662,194564.758,5711.9,3521.0403,100,35.98333,29,100,0,9,100,11000.0,3959.3,849.28,4.66195,0.000695,0.706156,0,542.8431674,10393.8,482.775,21.5293,0.000285897,0.309663,0,278.78297,1489.06,480.529,3.09879,9.32969e-05,0.0852986,6,-353.8569896,2115.18,916.609,2.30761,0.000189775,0.30211
91.104958,1,AUTO,ARMED,5,AVAILABLE,UNAVAILABLE,UNAVAILABLE,89,7,ACTIVE,11,F1_N2-A3.NC,F1_N2-A3.NC,2077098.662,194564.758,5711.9,3521.0403,100,35.91667,29,100,0,8,100,11000.0,3959.3,849.28,4.66195,0.000695,0.706156,0,539.1367237,10393.8,482.775,21.5293,0.000285897,0.309663,0,278.7829414,1489.06,480.529,3.09879,9.32969e-05,0.0852986,6,-353.857001,2115.18,916.609,2.30761,0.000189775,0.30211
91.273879,1,AUTO,ARMED,5,AVAILABLE,UNAVAILABLE,UNAVAILABLE,89,7,ACTIVE,11,F1_N2-A3.NC,F1_N2-A3.NC,2077098.662,194564.758,5711.9,3521.0403,100,18.03333,30,100,0,6,100,11000.0,3959.3,849.28,4.66195,0.000695,0.706156,0,536.3191796,10393.8,482.775,21.5293,0.000285897,0.309663,0,278.7828413,1489.06,480.529,3.09879,9.32969e-05,0.0852986,6,-353.857001,2115.18,916.609,2.30761,0.000189775,0.30211
91.430448,1,AUTO,ARMED,5,AVAILABLE,UNAVAILABLE,UNAVAILABLE,90,7,ACTIVE,11,F1_N2-A3.NC,F1_N2-A3.NC,2077098.662,194564.758,5711.9,3521.0403,100,0.0,30,100,0,3,100,11000.0,3959.3,849.28,4.66195,0.000695,0.706156,0,536.2624321,10393.8,482.775,21.5293,0.000285897,0.309663,0,278.7828055,1489.06,480.529,3.09879,9.32969e-05,0.0852986,6,-353.857001,2115.18,916.609,2.30761,0.000189775,0.30211
91.57643,1,AUTO,ARMED,5,AVAILABLE,UNAVAILABLE,UNAVAILABLE,90,7,ACTIVE,11,F1_N2-A3.NC,F1_N2-A3.NC,2077098.662,194564.758,5711.9,3521.0403,100,0.0,30,100,0,4,100,11000.0,3407.39,839.74,4.05767,0.000645626,0.698278,0,536.2624392,3696.64,160.425,23.0428,0.000140754,0.136031,0,278.7828055,624.446,137.995,4.52513,0.000118053,0.0684208,6,-353.8569896,1778.67,639.735,2.78032,0.000304881,0.244297
91.725592,1,AUTO,ARMED,5,AVAILABLE,UNAVAILABLE,UNAVAILABLE,90,7,ACTIVE,11,F1_N2-A3.NC,F1_N2-A3.NC,2077098.662,194564.758,5711.9,3521.0403,100,0.0,30,100,0,4,100,11000.0,3407.39,839.74,4.05767,0.000645626,0.698278,0,536.2624607,3696.64,160.425,23.0428,0.000140754,0.136031,0,278.7828055,624.446,137.995,4.52513,0.000118053,0.0684208,6,-353.8569896,1778.67,639.735,2.78032,0.000304881,0.244297
91.868479,1,AUTO,ARMED,5,AVAILABLE,UNAVAILABLE,UNAVAILABLE,90,7,ACTIVE,11,F1_N2-A3.NC,F1_N2-A3.NC,2077098.662,194564.758,5711.9,3692.0693,100,0.0,30,100,0,5,100,11000.0,3407.39,839.74,4.05767,0.000645626,0.698278,0,536.2624821,3696.64,160.425,23.0428,0.000140754,0.136031,0,278.7827984,624.446,137.995,4.52513,0.000118053,0.0684208,6,-353.857001,1778.67,639.735,2.78032,0.000304881,0.244297
92.010821,1,AUTO,ARMED,5,AVAILABLE,UNAVAILABLE,UNAVAILABLE,90,7,ACTIVE,11,F1_N2-A3.NC,F1_N2-A3.NC,2077098.662,194564.758,5711.9,3692.0693,100,0.0,30,100,0,5,100,11000.0,3407.39,839.74,4.05767,0.000645626,0.698278,0,536.2624893,3696.64,160.425,23.0428,0.000140754,0.136031,0,278.7827984,624.446,137.995,4.52513,0.000118053,0.0684208,6,-353.8569896,1778.67,639.735,2.78032,0.000304881,0.244297
92.150643,1,AUTO,ARMED,5,AVAILABLE,UNAVAILABLE,UNAVAILABLE,90,7,ACTIVE,11,F1_N2-A3.NC,F1_N2-A3.NC,2077098.662,194564.758,5711.9,3692.0693,100,0.0,30,100,0,6,100,11000.0,3407.39,839.74,4.05767,0.000645626,0.698278,0,536.2624964,3696.64,160.425,23.0428,0.000140754,0.136031,0,278.7827984,624.446,137.995,4.52513,0.000118053,0.0684208,6,-353.8569896,1778.67,639.735,2.78032,0.000304881,0.244297
92.29047,1,AUTO,ARMED,5,AVAILABLE,UNAVAILABLE,UNAVAILABLE,90,7,ACTIVE,11,F1_N2-A3.NC,F1_N2-A3.NC,2077098.662,194564.758,5711.9,3692.0693,100,11.65,31,100,0,6,100,11000.0,3407.39,839.74,4.05767,0.000645626,0.698278,0,536.2624893,3696.64,160.425,23.0428,0.000140754,0.136031,0,278.8394003,624.446,137.995,4.52513,0.000118053,0.0684208,6,-353.857001,1778.67,639.735,2.78032,0.000304881,0.244297
92.444265,1,AUTO,ARMED,5,AVAILABLE,UNAVAILABLE,UNAVAILABLE,94,7,ACTIVE,11,F1_N2-A3.NC,F1_N2-A3.NC,2077098.662,194564.758,5711.9,3692.0693,100,0.0,31,100,0,5,100,11000.0,3407.39,839.74,4.05767,0.000645626,0.698278,0,536.2624964,3696.64,160.425,23.0428,0.000140754,0.136031,0,279.4170787,624.446,137.995,4.52513,0.000118053,0.0684208,6,-353.857001,1778.67,639.735,2.78032,0.000304881,0.244297
92.596006,1,AUTO,ARMED,5,AVAILABLE,UNAVAILABLE,UNAVAILABLE,94,7,ACTIVE,11,F1_N2-A3.NC,F1_N2-A3.NC,2077098.662,194564.758,5711.9,3692.0693,100,0.0,31,100,0,5,100,11000.0,3407.39,839.74,4.05767,0.000645626,0.698278,0,536.2624964,3696.64,160.425,23.0428,0.000140754,0.136031,0,279.4176366,624.446,137.995,4.52513,0.000118053,0.0684208,6,-353.8569896,1778.67,639.735,2.78032,0.000304881,0.244297
92.750462,1,AUTO,ARMED,5,AVAILABLE,UNAVAILABLE,UNAVAILABLE,94,7,ACTIVE,11,F1_N2-A3.NC,F1_N2-A3.NC,2077098.662,194564.758,5711.9,3692.0693,100,0.0,31,100,0,4,100,11000.0,3191.43,848.758,3.76012,0.000643848,0.699941,0,536.2624964,3576.62,160.166,22.3307,0.000152914,0.13532,0,279.4178011,744.533,106.347,7.00098,7.25691e-05,0.0660964,6,-353.857001,1850.78,637.35,2.90387,0.00028756,0.237937
92.888654,1,AUTO,ARMED,5,AVAILABLE,UNAVAILABLE,UNAVAILABLE,94,7,ACTIVE,11,F1_N2-A3.NC,F1_N2-A3.NC,2077098.662,194564.758,5711.9,3692.0693,100,0.0,31,100,0,5,100,11000.0,3191.43,848.758,3.76012,0.000643848,0.699941,0,536.2624964,3576.62,160.166,22.3307,0.000152914,0.13532,0,279.4178083,744.533,106.347,7.00098,7.25691e-05,0.0660964,6,-353.857001,1850.78,637.35,2.90387,0.00028756,0.237937
93.029762,1,AUTO,ARMED,5,AVAILABLE,UNAVAILABLE,UNAVAILABLE,94,7,ACTIVE,11,F1_N2-A3.NC,F1_N2-A3.NC,2077098.662,194564.758,5711.9,4080.3569,100,0.0,31,100,0,5,100,11000.0,3191.43,848.758,3.76012,0.000643848,0.699941,0,536.2625036,3576.62,160.166,22.3307,0.000152914,0.13532,0,279.4178083,744.533,106.347,7.00098,7.25691e-05,0.0660964,6,-353.8570125,1850.78,637.35,2.90387,0.00028756,0.237937
93.167746,1,AUTO,ARMED,5,AVAILABLE,UNAVAILABLE,UNAVAILABLE,94,7,ACTIVE,11,F1_N2-A3.NC,F1_N2-A3.NC,2077098.662,194564.758,5711.9,4080.3569,100,0.0,32,100,0,5,100,11000.0,3191.43,848.758,3.76012,0.000643848,0.699941,0,536.2624964,3576.62,160.166,22.3307,0.000152914,0.13532,0,279.4178083,744.533,106.347,7.00098,7.25691e-05,0.0660964,6,-353.857001,1850.78,637.35,2.90387,0.00028756,0.237937
93.312563,1,AUTO,ARMED,5,AVAILABLE,UNAVAILABLE,UNAVAILABLE,94,7,ACTIVE,11,F1_N2-A3.NC,F1_N2-A3.NC,2077098.662,194564.758,5711.9,4080.3569,100,0.0,32,100,0,5,100,11000.0,3191.43,848.758,3.76012,0.000643848,0.699941,0,536.2624964,3576.62,160.166,22.3307,0.000152914,0.13532,0,279.4178083,744.533,106.347,7.00098,7.25691e-05,0.0660964,6,-353.8569896,1850.78,637.35,2.90387,0.00028756,0.237937
93.456525,1,AUTO,ARMED,5,AVAILABLE,UNAVAILABLE,UNAVAILABLE,95,7,ACTIVE,11,F1_N2-A3.NC,F1_N2-A3.NC,2077098.662,194564.758,5711.9,4080.3569,100,0.0,32,100,0,4,100,11000.0,3191.43,848.758,3.76012,0.000643848,0.699941,0,536.4758801,3576.62,160.166,22.3307,0.000152914,0.13532,0,279.4178083,744.533,106.347,7.00098,7.25691e-05,0.0660964,6,-353.8569896,1850.78,637.35,2.90387,0.00028756,0.237937
93.616678,1,AUTO,ARMED,5,AVAILABLE,UNAVAILABLE,UNAVAILABLE,95,7,ACTIVE,11,F1_N2-A3.NC,F1_N2-A3.NC,2077098.662,194564.758,5711.9,4080.3569,100,42.33333,32,100,0,4,100,11000.0,3191.43,848.758,3.76012,0.000643848,0.699941,0,549.00266,3576.62,160.166,22.3307,0.000152914,0.13532,0,279.4177367,744.533,106.347,7.00098,7.25691e-05,0.0660964,6,-353.8570125,1850.78,637.35,2.90387,0.00028756,0.237937
93.762757,1,AUTO,ARMED,5,AVAILABLE,UNAVAILABLE,UNAVAILABLE,95,7,ACTIVE,11,F1_N2-A3.NC,F1_N2-A3.NC,2077098.662,194564.758,5711.9,4080.3569,100,42.33333,32,100,0,9,100,11000.0,5087.1,1259.86,4.03783,0.000621365,0.692904,1,553.3629678,13730.4,596.787,23.0072,0.000300849,0.316394,0,279.417794,2329.66,830.726,2.80437,4.87695e-05,0.110405,6,-353.8569896,2139.21,749.001,2.85608,0.000204316,0.256533
93.919516,1,AUTO,ARMED,5,AVAILABLE,UNAVAILABLE,UNAVAILABLE,95,7,ACTIVE,11,F1_N2-A3.NC,F1_N2-A3.NC,2077098.662,194564.758,5711.9,4080.3569,100,42.33333,32,100,0,11,100,11000.0,5087.1,1259.86,4.03783,0.000621365,0.692904,1,557.7130047,13730.4,596.787,23.0072,0.000300849,0.316394,0,279.4178011,2329.66,830.726,2.80437,4.87695e-05,0.110405,6,-353.8569782,2139.21,749.001,2.85608,0.000204316,0.256533
94.059482,1,AUTO,ARMED,5,AVAILABLE,UNAVAILABLE,UNAVAILABLE,95,7,ACTIVE,11,F1_N2-A3.NC,F1_N2-A3.NC,2077098.662,194564.758,5711.9,4793.7939,100,42.33333,32,100,0,10,100,11000.0,5087.1,1259.86,4.03783,0.000621365,0.692904,0,559.8926741,13730.4,596.787,23.0072,0.000300849,0.316394,0,279.4178011,2329.66,830.726,2.80437,4.87695e-05,0.110405,6,-353.8570125,2139.21,749.001,2.85608,0.000204316,0.256533
94.204838,1,AUTO,ARMED,5,AVAILABLE,UNAVAILABLE,UNAVAILABLE,95,7,ACTIVE,11,F1_N2-A3.NC,F1_N2-A3.NC,2077098.662,194564.758,5711.9,4793.7939,100,42.33333,33,100,0,12,100,11000.0,5087.1,1259.86,4.03783,0.000621365,0.692904,1,568.6242193,13730.4,596.787,23.0072,0.000300849,0.316394,0,279.4178083,2329.66,830.726,2.80437,4.87695e-05,0.110405,6,-353.8569896,2139.21,749.001,2.85608,0.000204316,0.256533
94.344164,1,AUTO,ARMED,5,AVAILABLE,UNAVAILABLE,UNAVAILABLE,95,7,ACTIVE,11,F1_N2-A3.NC,F1_N2-A3.NC,2077098.662,194564.758,5711.9,4793.7939,100,42.33333,33,100,0,9,100,11000.0,5087.1,1259.86,4.03783,0.000621365,0.692904,1,572.9738845,13730.4,596.787,23.0072,0.000300849,0.316394,0,279.4178154,2329.66,830.726,2.80437,4.87695e-05,0.110405,6,-353.8569896,2139.21,749.001,2.85608,0.000204316,0.256533
94.493804,1,AUTO,ARMED,5,AVAILABLE,UNAVAILABLE,UNAVAILABLE,95,7,ACTIVE,11,F1_N2-A3.NC,F1_N2-A3.NC,2077098.662,194564.758,5711.9,4793.7939,100,42.33333,33,100,0,9,100,11000.0,5087.1,1259.86,4.03783,0.000621365,0.692904,1,577.3447139,13730.4,596.787,23.0072,0.000300849,0.316394,0,279.4178083,2329.66,830.726,2.80437,4.87695e-05,0.110405,6,-353.8569896,2139.21,749.001,2.85608,0.000204316,0.256533
94.632078,1,AUTO,ARMED,5,AVAILABLE,UNAVAILABLE,UNAVAILABLE,95,7,ACTIVE,11,F1_N2-A3.NC,F1_N2-A3.NC,2077098.662,194564.758,5711.9,4793.7939,100,42.33333,33,100,0,10,100,11000.0,5087.1,1259.86,4.03783,0.000621365,0.692904,1,590.4154409,13730.4,596.787,23.0072,0.000300849,0.316394,0,279.4178011,2329.66,830.726,2.80437,4.87695e-05,0.110405,6,-353.8570125,2139.21,749.001,2.85608,0.000204316,0.256533
94.776667,1,AUTO,ARMED,5,AVAILABLE,UNAVAILABLE,UNAVAILABLE,95,7,ACTIVE,11,F1_N2-A3.NC,F1_N2-A3.NC,2077098.662,194564.758,5711.9,4793.7939,100,42.33333,33,100,0,8,100,11000.0,4607.18,1194.79,3.85606,0.000641884,0.688312,1,594.7859992,14378.5,629.706,22.8337,0.000205643,0.222866,0,279.4178011,2209.58,791.78,2.79065,7.96908e-05,0.108903,6,-353.8570125,1802.71,636.966,2.83015,0.000244409,0.232209
94.925941,1,AUTO,ARMED,5,AVAILABLE,UNAVAILABLE,UNAVAILABLE,95,7,ACTIVE,11,F1_N2-A3.NC,F1_N2-A3.NC,2077098.662,194564.758,5711.9,4793.7939,100,42.33333,33,100,0,8,100,11000.0,4607.18,1194.79,3.85606,0.000641884,0.688312,1,599.1465441,14378.5,629.706,22.8337,0.000205643,0.222866,0,279.4178011,2209.58,791.78,2.79065,7.96908e-05,0.108903,6,-353.857001,1802.71,636.966,2.83015,0.000244409,0.232209
95.081817,1,AUTO,ARMED,5,AVAILABLE,UNAVAILABLE,UNAVAILABLE,95,7,ACTIVE,11,F1_N2-A3.NC,F1_N2-A3.NC,2077098.662,194564.758,5711.9,4829.3086,100,42.33333,33,100,0,10,100,11000.0,4607.18,1194.79,3.85606,0.000641884,0.688312,1,607.8672977,14378.5,629.706,22.8337,0.000205643,0.222866,0,279.4178083,2209.58,791.78,2.79065,7.96908e-05,0.108903,6,-353.8569896,1802.71,636.966,2.83015,0.000244409,0.232209
95.249566,1,AUTO,ARMED,5,AVAILABLE,UNAVAILABLE,UNAVAILABLE,95,7,ACTIVE,11,F1_N2-A3.NC,F1_N2-A3.NC,2077098.662,194564.758,5711.9,4829.3086,100,42.33333,34,100,0,10,100,11000.0,4607.18,1194.79,3.85606,0.000641884,0.688312,1,612.2273396,14378.5,629.706,22.8337,0.000205643,0.222866,0,279.4178011,2209.58,791.78,2.79065,7.96908e-05,0.108903,6,-353.8569896,1802.71,636.966,2.83015,0.000244409,0.232209
95.399462,1,AUTO,ARMED,5,AVAILABLE,UNAVAILABLE,UNAVAILABLE,95,7,ACTIVE,11,F1_N2-A3.NC,F1_N2-A3.NC,2077098.662,194564.758,5711.9,4829.3086,100,42.33333,34,100,0,8,100,11000.0,4607.18,1194.79,3.85606,0.000641884,0.688312,1,616.5773261,14378.5,629.706,22.8337,0.000205643,0.222866,0,279.417794,2209.58,791.78,2.79065,7.96908e-05,0.108903,6,-353.857001,1802.71,636.966,2.83015,0.000244409,0.232209
95.547361,1,AUTO,ARMED,5,AVAILABLE,UNAVAILABLE,UNAVAILABLE,95,7,ACTIVE,11,F1_N2-A3.NC,F1_N2-A3.NC,2077098.662,194564.758,5711.9,4829.3086,100,42.33333,34,100,0,9,100,11000.0,4607.18,1194.79,3.85606,0.000641884,0.688312,1,629.6581414,14378.5,629.706,22.8337,0.000205643,0.222866,0,279.4178011,2209.58,791.78,2.79065,7.96908e-05,0.108903,6,-353.857001,1802.71,636.966,2.83015,0.000244409,0.232209
95.690176,1,AUTO,ARMED,5,AVAILABLE,UNAVAILABLE,UNAVAILABLE,95,7,ACTIVE,11,F1_N2-A3.NC,F1_N2-A3.NC,2077098.662,194564.758,5711.9,4829.3086,100,42.33333,34,100,0,10,100,11000.0,5111.09,856.757,5.96562,0.000665521,0.714523,1,634.0185061,14402.5,235.215,61.2312,0.000242113,0.140107,0,279.4177868,2233.6,131.222,17.0215,0.000131096,0.0630116,6,-353.8569896,1898.85,500.337,3.79514,0.000231925,0.201484
95.839654,1,AUTO,ARMED,5,AVAILABLE,UNAVAILABLE,UNAVAILABLE,95,7,ACTIVE,11,F1_N2-A3.NC,F1_N2-A3.NC,2077098.662,194564.758,5711.9,4829.3086,100,42.33333,34,100,0,10,100,11000.0,5111.09,856.757,5.96562,0.000665521,0.714523,1,638.3894738,14402.5,235.215,61.2312,0.000242113,0.140107,0,279.4178011,2233.6,131.222,17.0215,0.000131096,0.0630116,6,-353.8569782,1898.85,500.337,3.79514,0.000231925,0.201484
96.018715,1,AUTO,ARMED,5,AVAILABLE,UNAVAILABLE,UNAVAILABLE,95,7,ACTIVE,11,F1_N2-A3.NC,F1_N2-A3.NC,2077098.662,194564.758,5711.9,4829.3086,100,42.33333,34,100,0,10,100,11000.0,5111.09,856.757,5.96562,0.000665521,0.714523,0,644.9193668,14402.5,235.215,61.2312,0.000242113,0.140107,0,279.4178011,2233.6,131.222,17.0215,0.000131096,0.0630116,6,-353.857001,1898.85,500.337,3.79514,0.000231925,0.201484
96.185743,1,AUTO,ARMED,5,AVAILABLE,UNAVAILABLE,UNAVAILABLE,95,7,ACTIVE,11,F1_N2-A3.NC,F1_N2-A3.NC,2077098.662,194564.758,5711.9,3542.301,100,42.33333,35,100,0,9,100,11000.0,5111.09,856.757,5.96562,0.000665521,0.714523,0,649.269663,14402.5,235.215,61.2312,0.000242113,0.140107,0,279.4179513,2233.6,131.222,17.0215,0.000131096,0.0630116,6,-353.8569896,1898.85,500.337,3.79514,0.000231925,0.201484
96.362814,1,AUTO,ARMED,5,AVAILABLE,UNAVAILABLE,UNAVAILABLE,96,7,ACTIVE,11,F1_N2-A3.NC,F1_N2-A3.NC,2077098.662,194564.758,5711.9,3542.301,100,17.3,35,100,0,3,100,11000.0,5111.09,856.757,5.96562,0.000665521,0.714523,0,655.6360342,14402.5,235.215,61.2312,0.000242113,0.140107,0,279.4178512,2233.6,131.222,17.0215,0.000131096,0.0630116,6,-353.8569896,1898.85,500.337,3.79514,0.000231925,0.201484
96.51377,1,AUTO,ARMED,5,AVAILABLE,UNAVAILABLE,UNAVAILABLE,96,7,ACTIVE,11,F1_N2-A3.NC,F1_N2-A3.NC,2077098.662,194564.758,5711.9,3542.301,100,0.0,35,100,0,3,100,11000.0,5111.09,856.757,5.96562,0.000665521,0.714523,0,655.6426,14402.5,235.215,61.2312,0.000242113,0.140107,0,279.4178083,2233.6,131.222,17.0215,0.000131096,0.0630116,6,-353.857001,1898.85,500.337,3.79514,0.000231925,0.201484
96.657424,1,AUTO,ARMED,5,AVAILABLE,UNAVAILABLE,UNAVAILABLE,96,7,ACTIVE,11,F1_N2-A3.NC,F1_N2-A3.NC,2077098.662,194564.758,5711.9,3542.301,100,0.0,35,100,0,4,100,11000.0,5111.09,856.757,5.96562,0.000665521,0.714523,0,655.6425928,14402.5,235.215,61.2312,0.000242113,0.140107,0,279.4178011,2233.6,131.222,17.0215,0.000131096,0.0630116,6,-353.8570125,1898.85,500.337,3.79514,0.000231925,0.201484
96.798019,1,AUTO,ARMED,5,AVAILABLE,UNAVAILABLE,UNAVAILABLE,96,7,ACTIVE,11,F1_N2-A3.NC,F1_N2-A3.NC,2077098.662,194564.758,5711.9,3542.301,100,0.0,35,100,0,5,100,11000.0,5111.09,856.757,5.96562,0.000665521,0.714523,0,655.6425356,14402.5,235.215,61.2312,0.000242113,0.140107,0,279.4178011,2233.6,131.222,17.0215,0.000131096,0.0630116,6,-353.8569896,1898.85,500.337,3.79514,0.000231925,0.201484
96.943391,1,AUTO,ARMED,5,AVAILABLE,UNAVAILABLE,UNAVAILABLE,96,7,ACTIVE,11,F1_N2-A3.NC,F1_N2-A3.NC,2077098.662,194564.758,5711.9,3542.301,100,0.0,35,100,0,5,100,11000.0,3239.42,877.891,3.69,0.000647201,0.718295,0,655.6425141,1464.25,188.923,7.75051,0.00021707,0.152661,0,279.4178011,696.496,115.642,6.02286,9.18254e-05,0.055381,6,-353.8569896,1754.64,525.804,3.33706,0.000352603,0.238426
97.083139,1,AUTO,ARMED,5,AVAILABLE,UNAVAILABLE,UNAVAILABLE,96,7,ACTIVE,11,F1_N2-A3.NC,F1_N2-A3.NC,2077098.662,194564.758,5711.9,3542.301,100,0.0,35,100,0,5,100,11000.0,3239.42,877.891,3.69,0.000647201,0.718295,0,655.6425141,1464.25,188.923,7.75051,0.00021707,0.152661,0,279.4178083,696.496,115.642,6.02286,9.18254e-05,0.055381,6,-353.857001,1754.64,525.804,3.33706,0.000352603,0.238426
97.22323,1,AUTO,ARMED,5,AVAILABLE,UNAVAILABLE,UNAVAILABLE,96,7,ACTIVE,11,F1_N2-A3.NC,F1_N2-A3.NC,2077098.662,194564.758,5711.9,3542.301,100,0.0,36,100,0,6,100,11000.0,3239.42,877.891,3.69,0.000647201,0.718295,0,655.6425141,1464.25,188.923,7.75051,0.00021707,0.152661,0,279.4178011,696.496,115.642,6.02286,9.18254e-05,0.055381,6,-353.857001,1754.64,525.804,3.33706,0.000352603,0.238426
97.363659,1,AUTO,ARMED,5,AVAILABLE,UNAVAILABLE,UNAVAILABLE,96,7,ACTIVE,11,F1_N2-A3.NC,F1_N2-A3.NC,2077098.662,194564.758,5711.9,4920.6494,100,0.0,36,100,0,4,100,11000.0,3239.42,877.891,3.69,0.000647201,0.718295,0,655.5213673,1464.25,188.923,7.75051,0.00021707,0.152661,1,280.0528987,696.496,115.642,6.02286,9.18254e-05,0.055381,6,-353.857001,1754.64,525.804,3.33706,0.000352603,0.238426
97.5007,1,AUTO,ARMED,5,AVAILABLE,UNAVAILABLE,UNAVAILABLE,97,7,ACTIVE,11,F1_N2-A3.NC,F1_N2-A3.NC,2077098.662,194564.758,5711.9,4920.6494,100,0.0,36,100,0,5,100,11000.0,3239.42,877.891,3.69,0.000647201,0.718295,0,652.2582856,1464.25,188.923,7.75051,0.00021707,0.152661,1,280.0524839,696.496,115.642,6.02286,9.18254e-05,0.055381,6,-353.8569896,1754.64,525.804,3.33706,0.000352603,0.238426
97.667145,1,AUTO,ARMED,5,AVAILABLE,UNAVAILABLE,UNAVAILABLE,98,7,ACTIVE,11,F1_N2-A3.NC,F1_N2-A3.NC,2077098.662,194564.758,5711.9,4920.6494,100,42.18333,36,100,0,4,100,11000.0,3239.42,877.891,3.69,0.000647201,0.718295,0,647.9024176,1464.25,188.923,7.75051,0.00021707,0.152661,0,280.0525769,696.496,115.642,6.02286,9.18254e-05,0.055381,6,-353.857001,1754.64,525.804,3.33706,0.000352603,0.238426
97.807252,1,AUTO,ARMED,5,AVAILABLE,UNAVAILABLE,UNAVAILABLE,98,7,ACTIVE,11,F1_N2-A3.NC,F1_N2-A3.NC,2077098.662,194564.758,5711.9,4920.6494,100,42.23333,36,100,0,6,100,11000.0,3239.42,877.891,3.69,0.000647201,0.718295,0,643.5424084,1464.25,188.923,7.75051,0.00021707,0.152661,0,280.05277,696.496,115.642,6.02286,9.18254e-05,0.055381,6,-353.8569896,1754.64,525.804,3.33706,0.000352603,0.238426
97.946091,1,AUTO,ARMED,5,AVAILABLE,UNAVAILABLE,UNAVAILABLE,98,7,ACTIVE,11,F1_N2-A3.NC,F1_N2-A3.NC,2077098.662,194564.758,5711.9,4920.6494,100,42.33333,36,100,0,11,100,11000.0,4103.27,1029.04,3.98747,0.000605147,0.66933,0,632.6414335,11738.0,693.03,16.9372,0.00040871,0.442202,0,280.0528057,1561.11,484.338,3.22318,8.76034e-05,0.0909968,6,-353.8569896,2307.47,1029.32,2.24174,0.000211246,0.334174
98.091844,1,AUTO,ARMED,5,AVAILABLE,UNAVAILABLE,UNAVAILABLE,98,7,ACTIVE,11,F1_N2-A3.NC,F1_N2-A3.NC,2077098.662,194564.758,5711.9,4920.6494,100,42.33333,37,100,0,10,100,11000.0,4103.27,1029.04,3.98747,0.000605147,0.66933,0,628.2811154,11738.0,693.03,16.9372,0.00040871,0.442202,0,280.0528057,1561.11,484.338,3.22318,8.76034e-05,0.0909968,6,-353.8569896,2307.47,1029.32,2.24174,0.000211246,0.334174
98.252442,1,AUTO,ARMED,5,AVAILABLE,UNAVAILABLE,UNAVAILABLE,98,7,ACTIVE,11,F1_N2-A3.NC,F1_N2-A3.NC,2077098.662,194564.758,5711.9,4920.6494,100,42.33333,37,100,0,11,100,11000.0,4103.27,1029.04,3.98747,0.000605147,0.66933,0,623.9207043,11738.0,693.03,16.9372,0.00040871,0.442202,0,280.0528129,1561.11,484.338,3.22318,8.76034e-05,0.0909968,6,-353.857001,2307.47,1029.32,2.24174,0.000211246,0.334174
98.410377,1,AUTO,ARMED,5,AVAILABLE,UNAVAILABLE,UNAVAILABLE,98,7,ACTIVE,11,F1_N2-A3.NC,F1_N2-A3.NC,2077098.662,194564.758,5711.9,4812.2056,100,42.33333,37,100,0,10,100,11000.0,4103.27,1029.04,3.98747,0.000605147,0.66933,0,615.2002183,11738.0,693.03,16.9372,0.00040871,0.442202,0,280.0527986,1561.11,484.338,3.22318,8.76034e-05,0.0909968,6,-353.857001,2307.47,1029.32,2.24174,0.000211246,0.334174
98.554651,1,AUTO,ARMED,5,AVAILABLE,UNAVAILABLE,UNAVAILABLE,98,7,ACTIVE,11,F1_N2-A3.NC,F1_N2-A3.NC,2077098.662,194564.758,5711.9,4812.2056,100,42.33333,37,100,0,10,100,11000.0,4103.27,1029.04,3.98747,0.000605147,0.66933,0,610.8505001,11738.0,693.03,16.9372,0.00040871,0.442202,0,280.0527914,1561.11,484.338,3.22318,8.76034e-05,0.0909968,6,-353.857001,2307.47,1029.32,2.24174,0.000211246,0.334174
98.693314,1,AUTO,ARMED,5,AVAILABLE,UNAVAILABLE,UNAVAILABLE,98,7,ACTIVE,11,F1_N2-A3.NC,F1_N2-A3.NC,2077098.662,194564.758,5711.9,4812.2056,100,42.33333,37,100,0,8,100,11000.0,4103.27,1029.04,3.98747,0.000605147,0.66933,0,602.1192185,11738.0,693.03,16.9372,0.00040871,0.442202,0,280.05282,1561.11,484.338,3.22318,8.76034e-05,0.0909968,6,-353.8569896,2307.47,1029.32,2.24174,0.000211246,0.334174
98.838516,1,AUTO,ARMED,5,AVAILABLE,UNAVAILABLE,UNAVAILABLE,98,7,ACTIVE,11,F1_N2-A3.NC,F1_N2-A3.NC,2077098.662,194564.758,5711.9,4812.2056,100,42.33333,37,100,0,8,100,11000.0,4103.27,1029.04,3.98747,0.000605147,0.66933,0,597.769336,11738.0,693.03,16.9372,0.00040871,0.442202,0,280.0528057,1561.11,484.338,3.22318,8.76034e-05,0.0909968,6,-353.8569896,2307.47,1029.32,2.24174,0.000211246,0.334174
99.020877,1,AUTO,ARMED,5,AVAILABLE,UNAVAILABLE,UNAVAILABLE,98,7,ACTIVE,11,F1_N2-A3.NC,F1_N2-A3.NC,2077098.662,194564.758,5711.9,4812.2056,100,42.33333,37,100,0,10,100,11000.0,4391.22,1022.32,4.29535,0.000589704,0.654816,0,589.0379062,11642.0,977.389,11.9113,0.000611695,0.737556,0,280.0527986,1537.1,507.582,3.02828,0.000108421,0.0853782,6,-353.857001,2163.25,1039.43,2.08119,0.000286762,0.341925
99.190648,1,AUTO,ARMED,5,AVAILABLE,UNAVAILABLE,UNAVAILABLE,98,7,ACTIVE,11,F1_N2-A3.NC,F1_N2-A3.NC,2077098.662,194564.758,5711.9,4812.2056,100,42.33333,37,100,0,9,100,11000.0,4391.22,1022.32,4.29535,0.000589704,0.654816,0,584.6779313,11642.0,977.389,11.9113,0.000611695,0.737556,0,280.0527914,1537.1,507.582,3.02828,0.000108421,0.0853782,6,-353.8570125,2163.25,1039.43,2.08119,0.000286762,0.341925
99.337023,1,AUTO,ARMED,5,AVAILABLE,UNAVAILABLE,UNAVAILABLE,98,7,ACTIVE,11,F1_N2-A3.NC,F1_N2-A3.NC,2077098.662,194564.758,5711.9,4812.2056,100,42.33333,38,100,0,9,100,11000.0,4391.22,1022.32,4.29535,0.000589704,0.654816,0,571.5965966,11642.0,977.389,11.9113,0.000611695,0.737556,0,280.0527914,1537.1,507.582,3.02828,0.000108421,0.0853782,6,-353.8570125,2163.25,1039.43,2.08119,0.000286762,0.341925
99.479726,1,AUTO,ARMED,5,AVAILABLE,UNAVAILABLE,UNAVAILABLE,98,7,ACTIVE,11,F1_N2-A3.NC,F1_N2-A3.NC,2077098.662,194564.758,5711.9,4600.9126,100,42.33333,38,100,0,10,100,11000.0,4391.22,1022.32,4.29535,0.000589704,0.654816,0,567.2470795,11642.0,977.389,11.9113,0.000611695,0.737556,0,280.0528129,1537.1,507.582,3.02828,0.000108421,0.0853782,6,-353.857001,2163.25,1039.43,2.08119,0.000286762,0.341925
99.627564,1,AUTO,ARMED,5,AVAILABLE,UNAVAILABLE,UNAVAILABLE,98,7,ACTIVE,11,F1_N2-A3.NC,F1_N2-A3.NC,2077098.662,194564.758,5711.9,4600.9126,100,42.33333,38,100,0,9,100,11000.0,4391.22,1022.32,4.29535,0.000589704,0.654816,0,562.8655189,11642.0,977.389,11.9113,0.000611695,0.737556,0,280.0528272,1537.1,507.582,3.02828,0.000108421,0.0853782,6,-353.857001,2163.25,1039.43,2.08119,0.000286762,0.341925
99.765694,1,AUTO,ARMED,5,AVAILABLE,UNAVAILABLE,UNAVAILABLE,98,7,ACTIVE,11,F1_N2-A3.NC,F1_N2-A3.NC,2077098.662,194564.758,5711.9,4600.9126,100,42.33333,38,100,0,10,100,11000.0,4391.22,1022.32,4.29535,0.000589704,0.654816,0,558.5160072,11642.0,977.389,11.9113,0.000611695,0.737556,0,280.0527986,1537.1,507.582,3.02828,0.000108421,0.0853782,6,-353.857001,2163.25,1039.43,2.08119,0.000286762,0.341925
99.911417,1,AUTO,ARMED,5,AVAILABLE,UNAVAILABLE,UNAVAILABLE,98,7,ACTIVE,11,F1_N2-A3.NC,F1_N2-A3.NC,2077098.662,194564.758,5711.9,4600.9126,100,42.33333,38,100,0,10,100,11000.0,4391.22,1022.32,4.29535,0.000589704,0.654816,0,556.3356966,11642.0,977.389,11.9113,0.000611695,0.737556,0,280.0527986,1537.1,507.582,3.02828,0.000108421,0.0853782,6,-353.8569896,2163.25,1039.43,2.08119,0.000286762,0.341925
100.053837,1,AUTO,ARMED,5,AVAILABLE,UNAVAILABLE,UNAVAILABLE,98,7,ACTIVE,11,F1_N2-A3.NC,F1_N2-A3.NC,2077098.662,194564.758,5711.9,4600.9126,100,42.33333,39,100,0,10,100,11000.0,3767.33,853.162,4.41573,0.000651015,0.705039,0,543.2549413,11426.0,150.704,75.8175,0.000156529,0.125379,0,280.0529846,1633.17,145.1,11.2555,8.44445e-05,0.0633706,6,-353.857001,2115.18,651.056,3.24884,0.000279781,0.24364
100.195379,1,AUTO,ARMED,5,AVAILABLE,UNAVAILABLE,UNAVAILABLE,98,7,ACTIVE,11,F1_N2-A3.NC,F1_N2-A3.NC,2077098.662,194564.758,5711.9,4600.9126,100,42.33333,39,100,0,7,100,11000.0,3767.33,853.162,4.41573,0.000651015,0.705039,0,538.8943772,11426.0,150.704,75.8175,0.000156529,0.125379,0,280.0529702,1633.17,145.1,11.2555,8.44445e-05,0.0633706,6,-353.8570125,2115.18,651.056,3.24884,0.000279781,0.24364
100.342518,1,AUTO,ARMED,5,AVAILABLE,UNAVAILABLE,UNAVAILABLE,99,7,ACTIVE,11,F1_N2-A3.NC,F1_N2-A3.NC,2077098.662,194564.758,5711.9,4600.9126,100,21.16667,39,100,0,4,100,11000.0,3767.33,853.162,4.41573,0.000651015,0.705039,0,536.277538,11426.0,150.704,75.8175,0.000156529,0.125379,0,280.0528701,1633.17,145.1,11.2555,8.44445e-05,0.0633706,6,-353.857001,2115.18,651.056,3.24884,0.000279781,0.24364
100.486859,1,AUTO,ARMED,5,AVAILABLE,UNAVAILABLE,UNAVAILABLE,99,7,ACTIVE,11,F1_N2-A3.NC,F1_N2-A3.NC,2077098.662,194564.758,5711.9,4600.9126,100,21.16667,39,100,0,4,100,11000.0,3767.33,853.162,4.41573,0.000651015,0.705039,0,536.2630114,11426.0,150.704,75.8175,0.000156529,0.125379,0,280.0528272,1633.17,145.1,11.2555,8.44445e-05,0.0633706,6,-353.8570125,2115.18,651.056,3.24884,0.000279781,0.24364
100.634672,1,AUTO,ARMED,5,AVAILABLE,UNAVAILABLE,UNAVAILABLE,99,7,ACTIVE,11,F1_N2-A3.NC,F1_N2-A3.NC,2077098.662,194564.758,5711.9,3763.0078,100,0.0,39,100,0,4,100,11000.0,3767.33,853.162,4.41573,0.000651015,0.705039,0,536.2624178,11426.0,150.704,75.8175,0.000156529,0.125379,0,280.0528057,1633.17,145.1,11.2555,8.44445e-05,0.0633706,6,-353.857001,2115.18,651.056,3.24884,0.000279781,0.24364
100.776284,1,AUTO,ARMED,5,AVAILABLE,UNAVAILABLE,UNAVAILABLE,99,7,ACTIVE,11,F1_N2-A3.NC,F1_N2-A3.NC,2077098.662,194564.758,5711.9,3763.0078,100,0.0,39,100,0,4,100,11000.0,3767.33,853.162,4.41573,0.000651015,0.705039,0,536.2624607,11426.0,150.704,75.8175,0.000156529,0.125379,0,280.0528057,1633.17,145.1,11.2555,8.44445e-05,0.0633706,6,-353.857001,2115.18,651.056,3.24884,0.000279781,0.24364
100.91812,1,AUTO,ARMED,5,AVAILABLE,UNAVAILABLE,UNAVAILABLE,99,7,ACTIVE,11,F1_N2-A3.NC,F1_N2-A3.NC,2077098.662,194564.758,5711.9,3763.0078,100,0.0,39,100,0,4,100,11000.0,3767.33,853.162,4.41573,0.000651015,0.705039,0,536.262475,11426.0,150.704,75.8175,0.000156529,0.125379,0,280.0527986,1633.17,145.1,11.2555,8.44445e-05,0.0633706,6,-353.857001,2115.18,651.056,3.24884,0.000279781,0.24364
101.054552,1,AUTO,ARMED,5,AVAILABLE,UNAVAILABLE,UNAVAILABLE,99,7,ACTIVE,11,F1_N2-A3.NC,F1_N2-A3.NC,2077098.662,194564.758,5711.9,3763.0078,100,0.0,39,100,0,4,100,11000.0,3479.38,856.329,4.06313,0.000637504,0.695964,0,536.2624821,3648.63,155.73,23.4292,0.000294994,0.136653,0,280.0528057,672.481,156.841,4.28766,0.000135604,0.0679129,6,-353.8570125,1730.6,665.763,2.59942,0.000459737,0.251081
101.189833,1,AUTO,ARMED,5,AVAILABLE,UNAVAILABLE,UNAVAILABLE,99,7,ACTIVE,11,F1_N2-A3.NC,F1_N2-A3.NC,2077098.662,194564.758,5711.9,3763.0078,100,0.0,40,100,0,5,100,11000.0,3479.38,856.329,4.06313,0.000637504,0.695964,0,536.2624893,3648.63,155.73,23.4292,0.000294994,0.136653,0,280.0527914,672.481,156.841,4.28766,0.000135604,0.0679129,6,-353.8569896,1730.6,665.763,2.59942,0.000459737,0.251081
101.332528,1,AUTO,ARMED,5,AVAILABLE,UNAVAILABLE,UNAVAILABLE,99,7,ACTIVE,11,F1_N2-A3.NC,F1_N2-A3.NC,2077098.662,194564.758,5711.9,3763.0078,100,0.0,40,100,0,5,100,11000.0,3479.38,856.329,4.06313,0.000637504,0.695964,0,536.2624893,3648.63,155.73,23.4292,0.000294994,0.136653,0,280.0527986,672.481,156.841,4.28766,0.000135604,0.0679129,6,-353.857001,1730.6,665.763,2.59942,0.000459737,0.251081
101.486833,1,AUTO,ARMED,5,AVAILABLE,UNAVAILABLE,UNAVAILABLE,102,7,ACTIVE,11,F1_N2-A3.NC,F1_N2-A3.NC,2077098.662,194564.758,5711.9,3763.0078,100,0.0,40,100,0,4,100,11000.0,3479.38,856.329,4.06313,0.000637504,0.695964,0,536.2624964,3648.63,155.73,23.4292,0.000294994,0.136653,2,280.6856646,672.481,156.841,4.28766,0.000135604,0.0679129,6,-353.8569896,1730.6,665.763,2.59942,0.000459737,0.251081
101.646749,1,AUTO,ARMED,5,AVAILABLE,UNAVAILABLE,UNAVAILABLE,103,7,ACTIVE,11,F1_N2-A3.NC,F1_N2-A3.NC,2077098.662,194564.758,5711.9,3704.0271,100,0.0,40,100,0,5,100,11000.0,3479.38,856.329,4.06313,0.000637504,0.695964,0,536.2624964,3648.63,155.73,23.4292,0.000294994,0.136653,0,280.6877531,672.481,156.841,4.28766,0.000135604,0.0679129,6,-353.857001,1730.6,665.763,2.59942,0.000459737,0.251081
101.804315,1,AUTO,ARMED,5,AVAILABLE,UNAVAILABLE,UNAVAILABLE,103,7,ACTIVE,11,F1_N2-A3.NC,F1_N2-A3.NC,2077098.662,194564.758,5711.9,3704.0271,100,0.0,40,100,0,4,100,11000.0,3479.38,856.329,4.06313,0.000637504,0.695964,0,536.2624964,3648.63,155.73,23.4292,0.000294994,0.136653,0,280.6878175,672.481,156.841,4.28766,0.000135604,0.0679129,6,-353.857001,1730.6,665.763,2.59942,0.000459737,0.251081
101.94398,1,AUTO,ARMED,5,AVAILABLE,UNAVAILABLE,UNAVAILABLE,103,7,ACTIVE,11,F1_N2-A3.NC,F1_N2-A3.NC,2077098.662,194564.758,5711.9,3704.0271,100,0.0,40,100,0,5,100,11000.0,3479.38,856.329,4.06313,0.000637504,0.695964,0,536.2624964,3648.63,155.73,23.4292,0.000294994,0.136653,0,280.6878175,672.481,156.841,4.28766,0.000135604,0.0679129,6,-353.857001,1730.6,665.763,2.59942,0.000459737,0.251081
102.086092,1,AUTO,ARMED,5,AVAILABLE,UNAVAILABLE,UNAVAILABLE,103,7,ACTIVE,11,F1_N2-A3.NC,F1_N2-A3.NC,2077098.662,194564.758,5711.9,3704.0271,100,0.0,41,100,0,5,100,11000.0,3479.38,856.329,4.06313,0.000637504,0.695964,0,536.2624964,3648.63,155.73,23.4292,0.000294994,0.136653,0,280.6878032,672.481,156.841,4.28766,0.000135604,0.0679129,6,-353.857001,1730.6,665.763,2.59942,0.000459737,0.251081
102.222837,1,AUTO,ARMED,5,AVAILABLE,UNAVAILABLE,UNAVAILABLE,103,7,ACTIVE,11,F1_N2-A3.NC,F1_N2-A3.NC,2077098.662,194564.758,5711.9,3704.0271,100,0.0,41,100,0,5,100,11000.0,3287.42,858.746,3.82816,0.00064995,0.703803,0,536.2624964,3360.58,362.825,9.26226,0.000229815,0.172074,0,280.6877961,768.547,859.597,0.894078,8.73272e-05,0.119304,6,-353.857001,1898.85,763.641,2.48657,0.00030599,0.270192
102.363846,1,AUTO,ARMED,5,AVAILABLE,UNAVAILABLE,UNAVAILABLE,103,7,ACTIVE,11,F1_N2-A3.NC,F1_N2-A3.NC,2077098.662,194564.758,5711.9,3704.0271,100,0.0,41,100,0,5,100,11000.0,3287.42,858.746,3.82816,0.00064995,0.703803,0,536.2624964,3360.58,362.825,9.26226,0.000229815,0.172074,0,280.6877961,768.547,859.597,0.894078,8.73272e-05,0.119304,6,-353.857001,1898.85,763.641,2.48657,0.00030599,0.270192
102.518032,1,AUTO,ARMED,5,AVAILABLE,UNAVAILABLE,UNAVAILABLE,103,7,ACTIVE,11,F1_N2-A3.NC,F1_N2-A3.NC,2077098.662,194564.758,5711.9,3704.0271,100,0.0,41,100,0,5,100,11000.0,3287.42,858.746,3.82816,0.00064995,0.703803,0,536.7622215,3360.58,362.825,9.26226,0.000229815,0.172074,0,280.6878032,768.547,859.597,0.894078,8.73272e-05,0.119304,6,-353.8569896,1898.85,763.641,2.48657,0.00030599,0.270192
102.661762,1,AUTO,ARMED,5,AVAILABLE,UNAVAILABLE,UNAVAILABLE,104,7,ACTIVE,11,F1_N2-A3.NC,F1_N2-A3.NC,2077098.662,194564.758,5711.9,5159.9814,100,48.68333,41,100,0,5,100,11000.0,3287.42,858.746,3.82816,0.00064995,0.703803,0,541.3597047,3360.58,362.825,9.26226,0.000229815,0.172074,0,280.6877102,768.547,859.597,0.894078,8.73272e-05,0.119304,6,-353.8570125,1898.85,763.641,2.48657,0.00030599,0.270192
102.829634,1,AUTO,ARMED,5,AVAILABLE,UNAVAILABLE,UNAVAILABLE,104,7,ACTIVE,11,F1_N2-A3.NC,F1_N2-A3.NC,2077098.662,194564.758,5711.9,5159.9814,100,48.68333,41,100,0,7,100,11000.0,3287.42,858.746,3.82816,0.00064995,0.703803,0,546.3842323,3360.58,362.825,9.26226,0.000229815,0.172074,0,280.6876602,768.547,859.597,0.894078,8.73272e-05,0.119304,6,-353.8570125,1898.85,763.641,2.48657,0.00030599,0.270192
102.978446,1,AUTO,ARMED,5,AVAILABLE,UNAVAILABLE,UNAVAILABLE,104,7,ACTIVE,11,F1_N2-A3.NC,F1_N2-A3.NC,2077098.662,194564.758,5711.9,5159.9814,100,48.68333,41,100,0,11,100,11000.0,3287.42,858.746,3.82816,0.00064995,0.703803,1,561.4150151,3360.58,362.825,9.26226,0.000229815,0.172074,0,280.6878032,768.547,859.597,0.894078,8.73272e-05,0.119304,6,-353.8569896,1898.85,763.641,2.48657,0.00030599,0.270192
103.130089,1,AUTO,ARMED,5,AVAILABLE,UNAVAILABLE,UNAVAILABLE,104,7,ACTIVE,11,F1_N2-A3.NC,F1_N2-A3.NC,2077098.662,194564.758,5711.9,5159.9814,100,48.68333,42,100,0,12,100,11000.0,3287.42,858.746,3.82816,0.00064995,0.703803,1,566.4417515,3360.58,362.825,9.26226,0.000229815,0.172074,0,280.6877961,768.547,859.597,0.894078,8.73272e-05,0.119304,6,-353.8569896,1898.85,763.641,2.48657,0.00030599,0.270192
103.272786,1,AUTO,ARMED,5,AVAILABLE,UNAVAILABLE,UNAVAILABLE,104,7,ACTIVE,11,F1_N2-A3.NC,F1_N2-A3.NC,2077098.662,194564.758,5711.9,5159.9814,100,48.68333,42,100,0,11,100,11000.0,5327.05,1288.12,4.13552,0.000637173,0.699982,1,571.4437902,17066.9,816.549,20.9013,0.000259197,0.306664,0,280.6877961,2305.65,855.705,2.69444,0.000109101,0.121801,6,-353.857001,1898.85,721.098,2.63328,0.000312643,0.257548
103.421741,1,AUTO,ARMED,5,AVAILABLE,UNAVAILABLE,UNAVAILABLE,104,7,ACTIVE,11,F1_N2-A3.NC,F1_N2-A3.NC,2077098.662,194564.758,5711.9,5159.9814,100,48.68333,42,100,0,10,100,11000.0,5327.05,1288.12,4.13552,0.000637173,0.699982,1,581.4848605,17066.9,816.549,20.9013,0.000259197,0.306664,0,280.6878032,2305.65,855.705,2.69444,0.000109101,0.121801,6,-353.857001,1898.85,721.098,2.63328,0.000312643,0.257548
103.563288,1,AUTO,ARMED,5,AVAILABLE,UNAVAILABLE,UNAVAILABLE,104,7,ACTIVE,11,F1_N2-A3.NC,F1_N2-A3.NC,2077098.662,194564.758,5711.9,5159.9814,100,48.68333,42,100,0,9,100,11000.0,5327.05,1288.12,4.13552,0.000637173,0.699982,1,586.5114538,17066.9,816.549,20.9013,0.000259197,0.306664,0,280.6877961,2305.65,855.705,2.69444,0.000109101,0.121801,6,-353.857001,1898.85,721.098,2.63328,0.000312643,0.257548
103.70762,1,AUTO,ARMED,5,AVAILABLE,UNAVAILABLE,UNAVAILABLE,104,7,ACTIVE,11,F1_N2-A3.NC,F1_N2-A3.NC,2077098.662,194564.758,5711.9,5159.9814,100,48.68333,42,100,0,8,100,11000.0,5327.05,1288.12,4.13552,0.000637173,0.699982,1,591.5016396,17066.9,816.549,20.9013,0.000259197,0.306664,0,280.6878104,2305.65,855.705,2.69444,0.000109101,0.121801,6,-353.8569896,1898.85,721.098,2.63328,0.000312643,0.257548
103.864437,1,AUTO,ARMED,5,AVAILABLE,UNAVAILABLE,UNAVAILABLE,104,7,ACTIVE,11,F1_N2-A3.NC,F1_N2-A3.NC,2077098.662,194564.758,5711.9,4915.854,100,48.68333,42,100,0,9,100,11000.0,5327.05,1288.12,4.13552,0.000637173,0.699982,1,604.0374533,17066.9,816.549,20.9013,0.000259197,0.306664,0,280.6877818,2305.65,855.705,2.69444,0.000109101,0.121801,6,-353.8570125,1898.85,721.098,2.63328,0.000312643,0.257548
104.016758,1,AUTO,ARMED,5,AVAILABLE,UNAVAILABLE,UNAVAILABLE,104,7,ACTIVE,11,F1_N2-A3.NC,F1_N2-A3.NC,2077098.662,194564.758,5711.9,4915.854,100,48.68333,42,100,0,10,100,11000.0,5327.05,1288.12,4.13552,0.000637173,0.699982,1,609.0519433,17066.9,816.549,20.9013,0.000259197,0.306664,0,280.6878032,2305.65,855.705,2.69444,0.000109101,0.121801,6,-353.8569896,1898.85,721.098,2.63328,0.000312643,0.257548
104.160736,1,AUTO,ARMED,5,AVAILABLE,UNAVAILABLE,UNAVAILABLE,104,7,ACTIVE,11,F1_N2-A3.NC,F1_N2-A3.NC,2077098.662,194564.758,5711.9,4915.854,100,48.68333,43,100,0,10,100,11000.0,5327.05,1288.12,4.13552,0.000637173,0.699982,1,614.0784191,17066.9,816.549,20.9013,0.000259197,0.306664,0,280.6878318,2305.65,855.705,2.69444,0.000109101,0.121801,6,-353.8569896,1898.85,721.098,2.63328,0.000312643,0.257548
104.306559,1,AUTO,ARMED,5,AVAILABLE,UNAVAILABLE,UNAVAILABLE,104,7,ACTIVE,11,F1_N2-A3.NC,F1_N2-A3.NC,2077098.662,194564.758,5711.9,4915.854,100,48.68333,43,100,0,10,100,11000.0,4823.14,1264.75,3.81351,0.00066048,0.69773,1,619.0927553,16250.8,728.031,22.3216,0.000303049,0.28343,0,280.6878104,2305.65,837.883,2.75176,6.97024e-05,0.112793,6,-353.8569782,1874.82,596.76,3.14166,0.000188079,0.220087
104.446823,1,AUTO,ARMED,5,AVAILABLE,UNAVAILABLE,UNAVAILABLE,104,7,ACTIVE,11,F1_N2-A3.NC,F1_N2-A3.NC,2077098.662,194564.758,5711.9,4915.854,100,48.68333,43,100,0,10,100,11000.0,4823.14,1264.75,3.81351,0.00066048,0.69773,1,629.121449,16250.8,728.031,22.3216,0.000303049,0.28343,0,280.6877961,2305.65,837.883,2.75176,6.97024e-05,0.112793,6,-353.8570125,1874.82,596.76,3.14166,0.000188079,0.220087
104.593063,1,AUTO,ARMED,5,AVAILABLE,UNAVAILABLE,UNAVAILABLE,104,7,ACTIVE,11,F1_N2-A3.NC,F1_N2-A3.NC,2077098.662,194564.758,5711.9,4915.854,100,48.68333,43,100,0,10,100,11000.0,4823.14,1264.75,3.81351,0.00066048,0.69773,1,639.1380922,16250.8,728.031,22.3216,0.000303049,0.28343,0,280.6877818,2305.65,837.883,2.75176,6.97024e-05,0.112793,6,-353.8570125,1874.82,596.76,3.14166,0.000188079,0.220087
104.738595,1,AUTO,ARMED,5,AVAILABLE,UNAVAILABLE,UNAVAILABLE,104,7,ACTIVE,11,F1_N2-A3.NC,F1_N2-A3.NC,2077098.662,194564.758,5711.9,4915.854,100,48.68333,43,100,0,10,100,11000.0,4823.14,1264.75,3.81351,0.00066048,0.69773,1,644.1525173,16250.8,728.031,22.3216,0.000303049,0.28343,0,280.6877961,2305.65,837.883,2.75176,6.97024e-05,0.112793,6,-353.8569896,1874.82,596.76,3.14166,0.000188079,0.220087
104.905545,1,AUTO,ARMED,5,AVAILABLE,UNAVAILABLE,UNAVAILABLE,104,7,ACTIVE,11,F1_N2-A3.NC,F1_N2-A3.NC,2077098.662,194564.758,5711.9,3601.7373,100,48.66667,43,100,0,10,100,11000.0,4823.14,1264.75,3.81351,0.00066048,0.69773,1,654.1397701,16250.8,728.031,22.3216,0.000303049,0.28343,0,280.687932,2305.65,837.883,2.75176,6.97024e-05,0.112793,6,-353.8569896,1874.82,596.76,3.14166,0.000188079,0.220087
105.062062,1,AUTO,ARMED,5,AVAILABLE,UNAVAILABLE,UNAVAILABLE,105,7,ACTIVE,11,F1_N2-A3.NC,F1_N2-A3.NC,2077098.662,194564.758,5711.9,3601.7373,100,0.1833333,43,100,0,5,100,11000.0,4823.14,1264.75,3.81351,0.00066048,0.69773,0,655.6362702,16250.8,728.031,22.3216,0.000303049,0.28343,0,280.6878604,2305.65,837.883,2.75176,6.97024e-05,0.112793,6,-353.857001,1874.82,596.76,3.14166,0.000188079,0.220087
105.215442,1,AUTO,ARMED,5,AVAILABLE,UNAVAILABLE,UNAVAILABLE,105,7,ACTIVE,11,F1_N2-A3.NC,F1_N2-A3.NC,2077098.662,194564.758,5711.9,3601.7373,100,0.0,44,100,0,5,100,11000.0,4823.14,1264.75,3.81351,0.00066048,0.69773,0,655.6423496,16250.8,728.031,22.3216,0.000303049,0.28343,0,280.6878175,2305.65,837.883,2.75176,6.97024e-05,0.112793,6,-353.8569896,1874.82,596.76,3.14166,0.000188079,0.220087
105.360766,1,AUTO,ARMED,5,AVAILABLE,UNAVAILABLE,UNAVAILABLE,105,7,ACTIVE,11,F1_N2-A3.NC,F1_N2-A3.NC,2077098.662,194564.758,5711.9,3601.7373,100,0.0,44,100,0,3,100,11000.0,3143.44,882.923,3.56027,0.000678941,0.728315,0,655.6426071,1416.24,186.129,7.60892,0.000237079,0.156225,0,280.6878032,696.496,176.123,3.9546,0.000127027,0.0667278,6,-353.857001,1946.93,791.471,2.45989,0.000304125,0.28292
105.49997,1,AUTO,ARMED,5,AVAILABLE,UNAVAILABLE,UNAVAILABLE,105,7,ACTIVE,11,F1_N2-A3.NC,F1_N2-A3.NC,2077098.662,194564.758,5711.9,3601.7373,100,0.0,44,100,0,4,100,11000.0,3143.44,882.923,3.56027,0.000678941,0.728315,0,655.6425427,1416.24,186.129,7.60892,0.000237079,0.156225,0,280.6877961,696.496,176.123,3.9546,0.000127027,0.0667278,6,-353.857001,1946.93,791.471,2.45989,0.000304125,0.28292
105.64321,1,AUTO,ARMED,5,AVAILABLE,UNAVAILABLE,UNAVAILABLE,105,7,ACTIVE,11,F1_N2-A3.NC,F1_N2-A3.NC,2077098.662,194564.758,5711.9,3601.7373,100,0.0,44,100,0,4,100,11000.0,3143.44,882.923,3.56027,0.000678941,0.728315,0,655.6425213,1416.24,186.129,7.60892,0.000237079,0.156225,0,280.6877961,696.496,176.123,3.9546,0.000127027,0.0667278,6,-353.8569896,1946.93,791.471,2.45989,0.000304125,0.28292
105.798727,1,AUTO,ARMED,5,AVAILABLE,UNAVAILABLE,UNAVAILABLE,105,7,ACTIVE,11,F1_N2-A3.NC,F1_N2-A3.NC,2077098.662,194564.758,5711.9,3601.7373,100,0.0,44,100,0,5,100,11000.0,3143.44,882.923,3.56027,0.000678941,0.728315,0,655.6425141,1416.24,186.129,7.60892,0.000237079,0.156225,0,280.6878032,696.496,176.123,3.9546,0.000127027,0.0667278,6,-353.857001,1946.93,791.471,2.45989,0.000304125,0.28292
105.939579,1,AUTO,ARMED,5,AVAILABLE,UNAVAILABLE,UNAVAILABLE,105,7,ACTIVE,11,F1_N2-A3.NC,F1_N2-A3.NC,2077098.662,194564.758,5711.9,4215.0776,100,0.0,44,100,0,4,100,11000.0,3143.44,882.923,3.56027,0.000678941,0.728315,0,655.6425141,1416.24,186.129,7.60892,0.000237079,0.156225,0,280.6877961,696.496,176.123,3.9546,0.000127027,0.0667278,6,-353.8569896,1946.93,791.471,2.45989,0.000304125,0.28292
106.08524,1,AUTO,ARMED,5,AVAILABLE,UNAVAILABLE,UNAVAILABLE,105,7,ACTIVE,11,F1_N2-A3.NC,F1_N2-A3.NC,2077098.662,194564.758,5711.9,4215.0776,100,0.0,44,100,0,5,100,11000.0,3143.44,882.923,3.56027,0.000678941,0.728315,0,655.6425141,1416.24,186.129,7.60892,0.000237079,0.156225,0,280.6878032,696.496,176.123,3.9546,0.000127027,0.0667278,6,-353.857001,1946.93,791.471,2.45989,0.000304125,0.28292
106.23783,1,AUTO,ARMED,5,AVAILABLE,UNAVAILABLE,UNAVAILABLE,107,7,ACTIVE,11,F1_N2-A3.NC,F1_N2-A3.NC,2077098.662,194564.758,5711.9,4215.0776,100,40.3,45,100,0,5,100,11000.0,3143.44,882.923,3.56027,0.000678941,0.728315,0,655.646539,1416.24,186.129,7.60892,0.000237079,0.156225,0,281.1896357,696.496,176.123,3.9546,0.000127027,0.0667278,6,-353.857001,1946.93,791.471,2.45989,0.000304125,0.28292
106.382729,1,AUTO,ARMED,5,AVAILABLE,UNAVAILABLE,UNAVAILABLE,107,7,ACTIVE,11,F1_N2-A3.NC,F1_N2-A3.NC,2077098.662,194564.758,5711.9,4215.0776,100,43.1,45,100,0,9,100,11000.0,4559.19,1024.2,4.45146,0.000641951,0.63386,0,643.7857282,13010.2,532.289,24.442,0.000175532,0.167607,0,281.3227292,1753.25,610.147,2.87349,0.000123155,0.0980418,6,-353.8570125,2427.65,1059.79,2.29069,0.000315183,0.345098
106.524824,1,AUTO,ARMED,5,AVAILABLE,UNAVAILABLE,UNAVAILABLE,107,7,ACTIVE,11,F1_N2-A3.NC,F1_N2-A3.NC,2077098.662,194564.758,5711.9,4215.0776,100,48.7,45,100,0,11,100,11000.0,4559.19,1024.2,4.45146,0.000641951,0.63386,0,638.7591072,13010.2,532.289,24.442,0.000175532,0.167607,0,281.3227864,1753.25,610.147,2.87349,0.000123155,0.0980418,6,-353.857001,2427.65,1059.79,2.29069,0.000315183,0.345098
106.668188,1,AUTO,ARMED,5,AVAILABLE,UNAVAILABLE,UNAVAILABLE,107,7,ACTIVE,11,F1_N2-A3.NC,F1_N2-A3.NC,2077098.662,194564.758,5711.9,4215.0776,100,48.7,45,100,0,12,100,11000.0,4559.19,1024.2,4.45146,0.000641951,0.63386,0,633.7567002,13010.2,532.289,24.442,0.000175532,0.167607,0,281.322815,1753.25,610.147,2.87349,0.000123155,0.0980418,6,-353.8569896,2427.65,1059.79,2.29069,0.000315183,0.345098
106.816637,1,AUTO,ARMED,5,AVAILABLE,UNAVAILABLE,UNAVAILABLE,107,7,ACTIVE,11,F1_N2-A3.NC,F1_N2-A3.NC,2077098.662,194564.758,5711.9,4215.0776,100,48.7,45,100,0,12,100,11000.0,4559.19,1024.2,4.45146,0.000641951,0.63386,0,628.7423308,13010.2,532.289,24.442,0.000175532,0.167607,0,281.3228078,1753.25,610.147,2.87349,0.000123155,0.0980418,6,-353.8569896,2427.65,1059.79,2.29069,0.000315183,0.345098
106.957904,1,AUTO,ARMED,5,AVAILABLE,UNAVAILABLE,UNAVAILABLE,107,7,ACTIVE,11,F1_N2-A3.NC,F1_N2-A3.NC,2077098.662,194564.758,5711.9,4215.0776,100,48.7,45,100,0,11,100,11000.0,4559.19,1024.2,4.45146,0.000641951,0.63386,0,623.7156879,13010.2,532.289,24.442,0.000175532,0.167607,0,281.322815,1753.25,610.147,2.87349,0.000123155,0.0980418,6,-353.857001,2427.65,1059.79,2.29069,0.000315183,0.345098
107.101972,1,AUTO,ARMED,5,AVAILABLE,UNAVAILABLE,UNAVAILABLE,107,7,ACTIVE,11,F1_N2-A3.NC,F1_N2-A3.NC,2077098.662,194564.758,5711.9,4899.6553,100,48.7,46,100,0,10,100,11000.0,4559.19,1024.2,4.45146,0.000641951,0.63386,0,613.6993442,13010.2,532.289,24.442,0.000175532,0.167607,0,281.3227864,1753.25,610.147,2.87349,0.000123155,0.0980418,6,-353.8570125,2427.65,1059.79,2.29069,0.000315183,0.345098
107.248662,1,AUTO,ARMED,5,AVAILABLE,UNAVAILABLE,UNAVAILABLE,107,7,ACTIVE,11,F1_N2-A3.NC,F1_N2-A3.NC,2077098.662,194564.758,5711.9,4899.6553,100,48.7,46,100,0,10,100,11000.0,4559.19,1024.2,4.45146,0.000641951,0.63386,0,603.6705036,13010.2,532.289,24.442,0.000175532,0.167607,0,281.3228007,1753.25,610.147,2.87349,0.000123155,0.0980418,6,-353.857001,2427.65,1059.79,2.29069,0.000315183,0.345098
107.407656,1,AUTO,ARMED,5,AVAILABLE,UNAVAILABLE,UNAVAILABLE,107,7,ACTIVE,11,F1_N2-A3.NC,F1_N2-A3.NC,2077098.662,194564.758,5711.9,4899.6553,100,48.7,46,100,0,9,100,11000.0,4367.23,1032.39,4.23021,0.000654322,0.693146,0,593.6539097,13010.2,640.697,20.3063,0.000270362,0.259937,0,281.3228221,1777.27,545.804,3.25624,9.2838e-05,0.0945579,6,-353.8569896,2331.5,1047.31,2.22618,0.000302889,0.344122
107.544958,1,AUTO,ARMED,5,AVAILABLE,UNAVAILABLE,UNAVAILABLE,107,7,ACTIVE,11,F1_N2-A3.NC,F1_N2-A3.NC,2077098.662,194564.758,5711.9,4899.6553,100,48.7,46,100,0,10,100,11000.0,4367.23,1032.39,4.23021,0.000654322,0.693146,0,588.6271304,13010.2,640.697,20.3063,0.000270362,0.259937,0,281.322815,1777.27,545.804,3.25624,9.2838e-05,0.0945579,6,-353.8569896,2331.5,1047.31,2.22618,0.000302889,0.344122
107.686789,1,AUTO,ARMED,5,AVAILABLE,UNAVAILABLE,UNAVAILABLE,107,7,ACTIVE,11,F1_N2-A3.NC,F1_N2-A3.NC,2077098.662,194564.758,5711.9,4899.6553,100,48.7,46,100,0,9,100,11000.0,4367.23,1032.39,4.23021,0.000654322,0.693146,0,581.1058186,13010.2,640.697,20.3063,0.000270362,0.259937,0,281.3228078,1777.27,545.804,3.25624,9.2838e-05,0.0945579,6,-353.8569896,2331.5,1047.31,2.22618,0.000302889,0.344122
107.828534,1,AUTO,ARMED,5,AVAILABLE,UNAVAILABLE,UNAVAILABLE,107,7,ACTIVE,11,F1_N2-A3.NC,F1_N2-A3.NC,2077098.662,194564.758,5711.9,4899.6553,100,48.7,46,100,0,11,100,11000.0,4367.23,1032.39,4.23021,0.000654322,0.693146,0,576.103585,13010.2,640.697,20.3063,0.000270362,0.259937,0,281.3228078,1777.27,545.804,3.25624,9.2838e-05,0.0945579,6,-353.8569896,2331.5,1047.31,2.22618,0.000302889,0.344122
107.965413,1,AUTO,ARMED,5,AVAILABLE,UNAVAILABLE,UNAVAILABLE,107,7,ACTIVE,11,F1_N2-A3.NC,F1_N2-A3.NC,2077098.662,194564.758,5711.9,4899.6553,100,48.7,46,100,0,11,100,11000.0,4367.23,1032.39,4.23021,0.000654322,0.693146,0,571.0767609,13010.2,640.697,20.3063,0.000270362,0.259937,0,281.3228078,1777.27,545.804,3.25624,9.2838e-05,0.0945579,6,-353.857001,2331.5,1047.31,2.22618,0.000302889,0.344122
108.108101,1,AUTO,ARMED,5,AVAILABLE,UNAVAILABLE,UNAVAILABLE,107,7,ACTIVE,11,F1_N2-A3.NC,F1_N2-A3.NC,2077098.662,194564.758,5711.9,4096.1724,100,48.7,46,100,0,9,100,11000.0,4367.23,1032.39,4.23021,0.000654322,0.693146,0,566.0625896,13010.2,640.697,20.3063,0.000270362,0.259937,0,281.3227935,1777.27,545.804,3.25624,9.2838e-05,0.0945579,6,-353.857001,2331.5,1047.31,2.22618,0.000302889,0.344122
108.249452,1,AUTO,ARMED,5,AVAILABLE,UNAVAILABLE,UNAVAILABLE,107,7,ACTIVE,11,F1_N2-A3.NC,F1_N2-A3.NC,2077098.662,194564.758,5711.9,4096.1724,100,48.7,47,100,0,11,100,11000.0,4367.23,1032.39,4.23021,0.000654322,0.693146,0,561.0602272,13010.2,640.697,20.3063,0.000270362,0.259937,0,281.3228007,1777.27,545.804,3.25624,9.2838e-05,0.0945579,6,-353.8570125,2331.5,1047.31,2.22618,0.000302889,0.344122
108.387985,1,AUTO,ARMED,5,AVAILABLE,UNAVAILABLE,UNAVAILABLE,107,7,ACTIVE,11,F1_N2-A3.NC,F1_N2-A3.NC,2077098.662,194564.758,5711.9,4096.1724,100,48.7,47,100,0,11,100,11000.0,4367.23,1032.39,4.23021,0.000654322,0.693146,0,546.0050091,13010.2,640.697,20.3063,0.000270362,0.259937,0,281.3227864,1777.27,545.804,3.25624,9.2838e-05,0.0945579,6,-353.8569896,2331.5,1047.31,2.22618,0.000302889,0.344122
108.533668,1,AUTO,ARMED,5,AVAILABLE,UNAVAILABLE,UNAVAILABLE,107,7,ACTIVE,11,F1_N2-A3.NC,F1_N2-A3.NC,2077098.662,194564.758,5711.9,4096.1724,100,48.7,47,100,0,9,100,11000.0,3647.35,852.642,4.2777,0.00065254,0.711462,0,541.0031919,13130.3,158.096,83.0527,0.000205779,0.14028,0,281.3230653,1657.18,149.748,11.0665,0.000118589,0.0691382,6,-353.8569896,2115.18,697.474,3.03263,0.000319995,0.262238
108.697535,1,AUTO,ARMED,5,AVAILABLE,UNAVAILABLE,UNAVAILABLE,107,7,ACTIVE,11,F1_N2-A3.NC,F1_N2-A3.NC,2077098.662,194564.758,5711.9,4096.1724,100,43.03333,47,100,0,6,100,11000.0,3647.35,852.642,4.2777,0.00065254,0.711462,0,536.6168218,13130.3,158.096,83.0527,0.000205779,0.14028,0,281.322908,1657.18,149.748,11.0665,0.000118589,0.0691382,6,-353.8569896,2115.18,697.474,3.03263,0.000319995,0.262238
108.858284,1,AUTO,ARMED,5,AVAILABLE,UNAVAILABLE,UNAVAILABLE,108,7,ACTIVE,11,F1_N2-A3.NC,F1_N2-A3.NC,2077098.662,194564.758,5711.9,4096.1724,100,19.18333,47,100,0,3,100,11000.0,3647.35,852.642,4.2777,0.00065254,0.711462,0,536.2624678,13130.3,158.096,83.0527,0.000205779,0.14028,0,281.3228293,1657.18,149.748,11.0665,0.000118589,0.0691382,6,-353.857001,2115.18,697.474,3.03263,0.000319995,0.262238
109.00931,1,AUTO,ARMED,5,AVAILABLE,UNAVAILABLE,UNAVAILABLE,108,7,ACTIVE,11,F1_N2-A3.NC,F1_N2-A3.NC,2077098.662,194564.758,5711.9,4096.1724,100,0.0,47,100,0,4,100,11000.0,3647.35,852.642,4.2777,0.00065254,0.711462,0,536.2624321,13130.3,158.096,83.0527,0.000205779,0.14028,0,281.3228078,1657.18,149.748,11.0665,0.000118589,0.0691382,6,-353.857001,2115.18,697.474,3.03263,0.000319995,0.262238
109.149643,1,AUTO,ARMED,5,AVAILABLE,UNAVAILABLE,UNAVAILABLE,108,7,ACTIVE,11,F1_N2-A3.NC,F1_N2-A3.NC,2077098.662,194564.758,5711.9,4096.1724,100,0.0,48,100,0,4,100,11000.0,3647.35,852.642,4.2777,0.00065254,0.711462,0,536.2624535,13130.3,158.096,83.0527,0.000205779,0.14028,0,281.3227935,1657.18,149.748,11.0665,0.000118589,0.0691382,6,-353.857001,2115.18,697.474,3.03263,0.000319995,0.262238
109.287616,1,AUTO,ARMED,5,AVAILABLE,UNAVAILABLE,UNAVAILABLE,108,7,ACTIVE,11,F1_N2-A3.NC,F1_N2-A3.NC,2077098.662,194564.758,5711.9,3722.887,100,0.0,48,100,0,4,100,11000.0,3647.35,852.642,4.2777,0.00065254,0.711462,0,536.2624678,13130.3,158.096,83.0527,0.000205779,0.14028,0,281.3227864,1657.18,149.748,11.0665,0.000118589,0.0691382,6,-353.8569896,2115.18,697.474,3.03263,0.000319995,0.262238
109.433697,1,AUTO,ARMED,5,AVAILABLE,UNAVAILABLE,UNAVAILABLE,108,7,ACTIVE,11,F1_N2-A3.NC,F1_N2-A3.NC,2077098.662,194564.758,5711.9,3722.887,100,0.0,48,100,0,6,100,11000.0,3647.35,852.642,4.2777,0.00065254,0.711462,0,536.2624893,13130.3,158.096,83.0527,0.000205779,0.14028,0,281.3228007,1657.18,149.748,11.0665,0.000118589,0.0691382,6,-353.857001,2115.18,697.474,3.03263,0.000319995,0.262238
109.584733,1,AUTO,ARMED,5,AVAILABLE,UNAVAILABLE,UNAVAILABLE,108,7,ACTIVE,11,F1_N2-A3.NC,F1_N2-A3.NC,2077098.662,194564.758,5711.9,3722.887,100,0.0,48,100,0,5,100,11000.0,3239.42,868.051,3.73183,0.000749796,0.713707,0,536.2624893,3528.61,160.296,22.0131,0.000179303,0.139327,0,281.322815,648.461,115.937,5.59322,8.10294e-05,0.0667366,6,-353.8570125,1898.85,601.683,3.1559,0.000341992,0.233043
109.730023,1,AUTO,ARMED,5,AVAILABLE,UNAVAILABLE,UNAVAILABLE,108,7,ACTIVE,11,F1_N2-A3.NC,F1_N2-A3.NC,2077098.662,194564.758,5711.9,3722.887,100,0.0,48,100,0,5,100,11000.0,3239.42,868.051,3.73183,0.000749796,0.713707,0,536.2624893,3528.61,160.296,22.0131,0.000179303,0.139327,0,281.3227935,648.461,115.937,5.59322,8.10294e-05,0.0667366,6,-353.857001,1898.85,601.683,3.1559,0.000341992,0.233043
109.882728,1,AUTO,ARMED,5,AVAILABLE,UNAVAILABLE,UNAVAILABLE,111,7,ACTIVE,11,F1_N2-A3.NC,F1_N2-A3.NC,2077098.662,194564.758,5711.9,3722.887,100,0.0,48,100,0,5,100,11000.0,3239.42,868.051,3.73183,0.000749796,0.713707,0,536.2624964,3528.61,160.296,22.0131,0.000179303,0.139327,0,281.9575335,648.461,115.937,5.59322,8.10294e-05,0.0667366,6,-353.857001,1898.85,601.683,3.1559,0.000341992,0.233043
110.022434,1,AUTO,ARMED,5,AVAILABLE,UNAVAILABLE,UNAVAILABLE,111,7,ACTIVE,11,F1_N2-A3.NC,F1_N2-A3.NC,2077098.662,194564.758,5711.9,3722.887,100,0.0,48,100,0,5,100,11000.0,3239.42,868.051,3.73183,0.000749796,0.713707,0,536.2624964,3528.61,160.296,22.0131,0.000179303,0.139327,0,281.9575335,648.461,115.937,5.59322,8.10294e-05,0.0667366,6,-353.857001,1898.85,601.683,3.1559,0.000341992,0.233043
110.160911,1,AUTO,ARMED,5,AVAILABLE,UNAVAILABLE,UNAVAILABLE,112,7,ACTIVE,11,F1_N2-A3.NC,F1_N2-A3.NC,2077098.662,194564.758,5711.9,3722.887,100,0.0,49,100,0,4,100,11000.0,3239.42,868.051,3.73183,0.000749796,0.713707,0,536.2624964,3528.61,160.296,22.0131,0.000179303,0.139327,0,281.9578053,648.461,115.937,5.59322,8.10294e-05,0.0667366,6,-353.857001,1898.85,601.683,3.1559,0.000341992,0.233043
110.309358,1,AUTO,ARMED,5,AVAILABLE,UNAVAILABLE,UNAVAILABLE,112,7,ACTIVE,11,F1_N2-A3.NC,F1_N2-A3.NC,2077098.662,194564.758,5711.9,3714.5337,100,0.0,49,100,0,5,100,11000.0,3239.42,868.051,3.73183,0.000749796,0.713707,0,536.2624964,3528.61,160.296,22.0131,0.000179303,0.139327,0,281.9578053,648.461,115.937,5.59322,8.10294e-05,0.0667366,6,-353.857001,1898.85,601.683,3.1559,0.000341992,0.233043
110.450516,1,AUTO,ARMED,5,AVAILABLE,UNAVAILABLE,UNAVAILABLE,112,7,ACTIVE,11,F1_N2-A3.NC,F1_N2-A3.NC,2077098.662,194564.758,5711.9,3714.5337,100,0.0,49,100,0,4,100,11000.0,3239.42,868.051,3.73183,0.000749796,0.713707,0,536.2625036,3528.61,160.296,22.0131,0.000179303,0.139327,0,281.9578053,648.461,115.937,5.59322,8.10294e-05,0.0667366,6,-353.857001,1898.85,601.683,3.1559,0.000341992,0.233043
110.599905,1,AUTO,ARMED,5,AVAILABLE,UNAVAILABLE,UNAVAILABLE,112,7,ACTIVE,11,F1_N2-A3.NC,F1_N2-A3.NC,2077098.662,194564.758,5711.9,3714.5337,100,0.0,49,100,0,4,100,11000.0,4511.2,1285.23,3.51003,0.000617657,0.675429,0,536.2625036,18027.1,156.123,115.467,0.000133947,0.133054,0,281.9578125,1681.2,162.43,10.3503,0.000104239,0.0643562,6,-353.8570125,2067.11,743.354,2.78079,0.000328117,0.267163
110.743107,1,AUTO,ARMED,5,AVAILABLE,UNAVAILABLE,UNAVAILABLE,112,7,ACTIVE,11,F1_N2-A3.NC,F1_N2-A3.NC,2077098.662,194564.758,5711.9,3714.5337,100,0.0,49,100,0,4,100,11000.0,4511.2,1285.23,3.51003,0.000617657,0.675429,0,536.2624964,18027.1,156.123,115.467,0.000133947,0.133054,0,281.9578053,1681.2,162.43,10.3503,0.000104239,0.0643562,6,-353.857001,2067.11,743.354,2.78079,0.000328117,0.267163
110.901855,1,AUTO,ARMED,5,AVAILABLE,UNAVAILABLE,UNAVAILABLE,112,7,ACTIVE,11,F1_N2-A3.NC,F1_N2-A3.NC,2077098.662,194564.758,5711.9,3714.5337,100,0.0,49,100,0,5,100,11000.0,4511.2,1285.23,3.51003,0.000617657,0.675429,0,536.2747102,18027.1,156.123,115.467,0.000133947,0.133054,0,281.9577981,1681.2,162.43,10.3503,0.000104239,0.0643562,6,-353.8569896,2067.11,743.354,2.78079,0.000328117,0.267163
111.054201,1,AUTO,ARMED,5,AVAILABLE,UNAVAILABLE,UNAVAILABLE,113,7,ACTIVE,11,F1_N2-A3.NC,F1_N2-A3.NC,2077098.662,194564.758,5711.9,3714.5337,100,55.03333,49,100,0,5,100,11000.0,4511.2,1285.23,3.51003,0.000617657,0.675429,1,545.3904131,18027.1,156.123,115.467,0.000133947,0.133054,0,281.9576694,1681.2,162.43,10.3503,0.000104239,0.0643562,6,-353.857001,2067.11,743.354,2.78079,0.000328117,0.267163
111.196726,1,AUTO,ARMED,5,AVAILABLE,UNAVAILABLE,UNAVAILABLE,113,7,ACTIVE,11,F1_N2-A3.NC,F1_N2-A3.NC,2077098.662,194564.758,5711.9,3714.5337,100,55.03333,50,100,0,9,100,11000.0,4511.2,1285.23,3.51003,0.000617657,0.675429,1,551.0589334,18027.1,156.123,115.467,0.000133947,0.133054,0,281.9577481,1681.2,162.43,10.3503,0.000104239,0.0643562,6,-353.857001,2067.11,743.354,2.78079,0.000328117,0.267163
111.336507,1,AUTO,ARMED,5,AVAILABLE,UNAVAILABLE,UNAVAILABLE,113,7,ACTIVE,11,F1_N2-A3.NC,F1_N2-A3.NC,2077098.662,194564.758,5711.9,5063.5605,100,55.03333,50,100,0,13,100,11000.0,4511.2,1285.23,3.51003,0.000617657,0.675429,1,562.3957105,18027.1,156.123,115.467,0.000133947,0.133054,0,281.9577767,1681.2,162.43,10.3503,0.000104239,0.0643562,6,-353.8570125,2067.11,743.354,2.78079,0.000328117,0.267163
111.492188,1,AUTO,ARMED,5,AVAILABLE,UNAVAILABLE,UNAVAILABLE,113,7,ACTIVE,11,F1_N2-A3.NC,F1_N2-A3.NC,2077098.662,194564.758,5711.9,5063.5605,100,55.03333,50,100,0,11,100,11000.0,4511.2,1285.23,3.51003,0.000617657,0.675429,1,568.064199,18027.1,156.123,115.467,0.000133947,0.133054,0,281.9577981,1681.2,162.43,10.3503,0.000104239,0.0643562,6,-353.8570125,2067.11,743.354,2.78079,0.000328117,0.267163
111.63773,1,AUTO,ARMED,5,AVAILABLE,UNAVAILABLE,UNAVAILABLE,113,7,ACTIVE,11,F1_N2-A3.NC,F1_N2-A3.NC,2077098.662,194564.758,5711.9,5063.5605,100,55.03333,50,100,0,11,100,11000.0,5279.06,1374.59,3.84046,0.000677077,0.745195,1,576.5529665,19491.4,1221.28,15.9598,0.000774822,0.904787,0,281.9577981,2473.77,902.034,2.74244,0.000157194,0.131273,6,-353.8570239,2595.9,765.891,3.38939,0.000187862,0.261717
111.783368,1,AUTO,ARMED,5,AVAILABLE,UNAVAILABLE,UNAVAILABLE,113,7,ACTIVE,11,F1_N2-A3.NC,F1_N2-A3.NC,2077098.662,194564.758,5711.9,5063.5605,100,55.03333,50,100,0,11,100,11000.0,5279.06,1374.59,3.84046,0.000677077,0.745195,1,582.235059,19491.4,1221.28,15.9598,0.000774822,0.904787,0,281.9577981,2473.77,902.034,2.74244,0.000157194,0.131273,6,-353.8570125,2595.9,765.891,3.38939,0.000187862,0.261717
111.93722,1,AUTO,ARMED,5,AVAILABLE,UNAVAILABLE,UNAVAILABLE,113,7,ACTIVE,11,F1_N2-A3.NC,F1_N2-A3.NC,2077098.662,194564.758,5711.9,5063.5605,100,55.03333,50,100,0,9,100,11000.0,5279.06,1374.59,3.84046,0.000677077,0.745195,1,587.9035146,19491.4,1221.28,15.9598,0.000774822,0.904787,0,281.9578053,2473.77,902.034,2.74244,0.000157194,0.131273,6,-353.857001,2595.9,765.891,3.38939,0.000187862,0.261717
112.080607,1,AUTO,ARMED,5,AVAILABLE,UNAVAILABLE,UNAVAILABLE,113,7,ACTIVE,11,F1_N2-A3.NC,F1_N2-A3.NC,2077098.662,194564.758,5711.9,5063.5605,100,55.03333,50,100,0,10,100,11000.0,5279.06,1374.59,3.84046,0.000677077,0.745195,1,599.2266877,19491.4,1221.28,15.9598,0.000774822,0.904787,0,281.9578053,2473.77,902.034,2.74244,0.000157194,0.131273,6,-353.8569896,2595.9,765.891,3.38939,0.000187862,0.261717
112.230697,1,AUTO,ARMED,5,AVAILABLE,UNAVAILABLE,UNAVAILABLE,113,7,ACTIVE,11,F1_N2-A3.NC,F1_N2-A3.NC,2077098.662,194564.758,5711.9,5063.5605,100,55.03333,51,100,0,10,100,11000.0,5279.06,1374.59,3.84046,0.000677077,0.745195,1,604.908684,19491.4,1221.28,15.9598,0.000774822,0.904787,0,281.957791,2473.77,902.034,2.74244,0.000157194,0.131273,6,-353.8569896,2595.9,765.891,3.38939,0.000187862,0.261717
112.398205,1,AUTO,ARMED,5,AVAILABLE,UNAVAILABLE,UNAVAILABLE,113,7,ACTIVE,11,F1_N2-A3.NC,F1_N2-A3.NC,2077098.662,194564.758,5711.9,4996.5254,100,55.03333,51,100,0,10,100,11000.0,5279.06,1374.59,3.84046,0.000677077,0.745195,1,621.9140668,19491.4,1221.28,15.9598,0.000774822,0.904787,0,281.957791,2473.77,902.034,2.74244,0.000157194,0.131273,6,-353.8570125,2595.9,765.891,3.38939,0.000187862,0.261717
112.559452,1,AUTO,ARMED,5,AVAILABLE,UNAVAILABLE,UNAVAILABLE,113,7,ACTIVE,11,F1_N2-A3.NC,F1_N2-A3.NC,2077098.662,194564.758,5711.9,4996.5254,100,55.03333,51,100,0,10,100,11000.0,5279.06,1374.59,3.84046,0.000677077,0.745195,1,627.568899,19491.4,1221.28,15.9598,0.000774822,0.904787,0,281.957791,2473.77,902.034,2.74244,0.000157194,0.131273,6,-353.857001,2595.9,765.891,3.38939,0.000187862,0.261717
112.695794,1,AUTO,ARMED,5,AVAILABLE,UNAVAILABLE,UNAVAILABLE,113,7,ACTIVE,11,F1_N2-A3.NC,F1_N2-A3.NC,2077098.662,194564.758,5711.9,4996.5254,100,55.03333,51,100,0,10,100,11000.0,5183.08,864.517,5.99535,0.00068597,0.715897,1,633.2371922,18843.2,160.563,117.357,0.00020149,0.132547,0,281.9578125,2497.78,905.751,2.75769,9.79984e-05,0.0597293,6,-353.8569896,2067.11,775.709,2.6648,0.00025122,0.274711
112.836618,1,AUTO,ARMED,5,AVAILABLE,UNAVAILABLE,UNAVAILABLE,113,7,ACTIVE,11,F1_N2-A3.NC,F1_N2-A3.NC,2077098.662,194564.758,5711.9,4996.5254,100,55.03333,51,100,0,10,100,11000.0,5183.08,864.517,5.99535,0.00068597,0.715897,1,644.5740564,18843.2,160.563,117.357,0.00020149,0.132547,0,281.9578125,2497.78,905.751,2.75769,9.79984e-05,0.0597293,6,-353.8569896,2067.11,775.709,2.6648,0.00025122,0.274711
112.97375,1,AUTO,ARMED,5,AVAILABLE,UNAVAILABLE,UNAVAILABLE,113,7,ACTIVE,11,F1_N2-A3.NC,F1_N2-A3.NC,2077098.662,194564.758,5711.9,4996.5254,100,55.03333,51,100,0,10,100,11000.0,5183.08,864.517,5.99535,0.00068597,0.715897,1,650.2430979,18843.2,160.563,117.357,0.00020149,0.132547,0,281.9580914,2497.78,905.751,2.75769,9.79984e-05,0.0597293,6,-353.8569896,2067.11,775.709,2.6648,0.00025122,0.274711
113.124827,1,AUTO,ARMED,5,AVAILABLE,UNAVAILABLE,UNAVAILABLE,113,7,ACTIVE,11,F1_N2-A3.NC,F1_N2-A3.NC,2077098.662,194564.758,5711.9,4996.5254,100,38.68333,51,100,0,8,100,11000.0,5183.08,864.517,5.99535,0.00068597,0.715897,0,655.2216688,18843.2,160.563,117.357,0.00020149,0.132547,0,281.9579054,2497.78,905.751,2.75769,9.79984e-05,0.0597293,6,-353.857001,2067.11,775.709,2.6648,0.00025122,0.274711
113.276826,1,AUTO,ARMED,5,AVAILABLE,UNAVAILABLE,UNAVAILABLE,113,7,ACTIVE,11,F1_N2-A3.NC,F1_N2-A3.NC,2077098.662,194564.758,5711.9,4996.5254,100,20.35,52,100,0,3,100,11000.0,5183.08,864.517,5.99535,0.00068597,0.715897,0,655.6425141,18843.2,160.563,117.357,0.00020149,0.132547,0,281.9578125,2497.78,905.751,2.75769,9.79984e-05,0.0597293,6,-353.857001,2067.11,775.709,2.6648,0.00025122,0.274711
113.429609,1,AUTO,ARMED,5,AVAILABLE,UNAVAILABLE,UNAVAILABLE,114,7,ACTIVE,11,F1_N2-A3.NC,F1_N2-A3.NC,2077098.662,194564.758,5711.9,4996.5254,100,0.0,52,100,0,2,100,11000.0,5183.08,864.517,5.99535,0.00068597,0.715897,0,655.6426,18843.2,160.563,117.357,0.00020149,0.132547,0,281.9578125,2497.78,905.751,2.75769,9.79984e-05,0.0597293,6,-353.857001,2067.11,775.709,2.6648,0.00025122,0.274711
113.570245,1,AUTO,ARMED,5,AVAILABLE,UNAVAILABLE,UNAVAILABLE,114,7,ACTIVE,11,F1_N2-A3.NC,F1_N2-A3.NC,2077098.662,194564.758,5711.9,3775.3037,100,0.0,52,100,0,4,100,11000.0,5183.08,864.517,5.99535,0.00068597,0.715897,0,655.6425642,18843.2,160.563,117.357,0.00020149,0.132547,0,281.9578053,2497.78,905.751,2.75769,9.79984e-05,0.0597293,6,-353.857001,2067.11,775.709,2.6648,0.00025122,0.274711
113.733708,1,AUTO,ARMED,5,AVAILABLE,UNAVAILABLE,UNAVAILABLE,114,7,ACTIVE,11,F1_N2-A3.NC,F1_N2-A3.NC,2077098.662,194564.758,5711.9,3775.3037,100,0.0,52,100,0,4,100,11000.0,3239.42,882.704,3.66988,0.000678781,0.724743,0,655.6425427,4008.69,187.206,21.4133,0.000238801,0.152263,0,281.957791,624.445,90.4658,6.90255,0.000107702,0.0592989,6,-353.857001,1850.78,740.342,2.4999,0.000250151,0.267939
113.877735,1,AUTO,ARMED,5,AVAILABLE,UNAVAILABLE,UNAVAILABLE,114,7,ACTIVE,11,F1_N2-A3.NC,F1_N2-A3.NC,2077098.662,194564.758,5711.9,3775.3037,100,0.0,52,100,0,6,100,11000.0,3239.42,882.704,3.66988,0.000678781,0.724743,0,655.642507,4008.69,187.206,21.4133,0.000238801,0.152263,0,281.9577981,624.445,90.4658,6.90255,0.000107702,0.0592989,6,-353.857001,1850.78,740.342,2.4999,0.000250151,0.267939
114.021536,1,AUTO,ARMED,5,AVAILABLE,UNAVAILABLE,UNAVAILABLE,114,7,ACTIVE,11,F1_N2-A3.NC,F1_N2-A3.NC,2077098.662,194564.758,5711.9,3775.3037,100,0.0,52,100,0,5,100,11000.0,3239.42,882.704,3.66988,0.000678781,0.724743,0,655.6425141,4008.69,187.206,21.4133,0.000238801,0.152263,0,281.9578053,624.445,90.4658,6.90255,0.000107702,0.0592989,6,-353.857001,1850.78,740.342,2.4999,0.000250151,0.267939
114.16571,1,AUTO,ARMED,5,AVAILABLE,UNAVAILABLE,UNAVAILABLE,114,7,ACTIVE,11,F1_N2-A3.NC,F1_N2-A3.NC,2077098.662,194564.758,5711.9,3775.3037,100,0.0,53,100,0,5,100,11000.0,3239.42,882.704,3.66988,0.000678781,0.724743,0,655.6425141,4008.69,187.206,21.4133,0.000238801,0.152263,0,281.9586421,624.445,90.4658,6.90255,0.000107702,0.0592989,6,-353.857001,1850.78,740.342,2.4999,0.000250151,0.267939
114.317896,1,AUTO,ARMED,5,AVAILABLE,UNAVAILABLE,UNAVAILABLE,116,7,ACTIVE,11,F1_N2-A3.NC,F1_N2-A3.NC,2077098.662,194564.758,5711.9,3775.3037,100,0.0,53,100,0,4,100,11000.0,3239.42,882.704,3.66988,0.000678781,0.724743,1,655.5672419,4008.69,187.206,21.4133,0.000238801,0.152263,0,282.5937397,624.445,90.4658,6.90255,0.000107702,0.0592989,6,-353.857001,1850.78,740.342,2.4999,0.000250151,0.267939
114.478184,1,AUTO,ARMED,5,AVAILABLE,UNAVAILABLE,UNAVAILABLE,116,7,ACTIVE,11,F1_N2-A3.NC,F1_N2-A3.NC,2077098.662,194564.758,5711.9,3775.3037,100,55.03333,53,100,0,6,100,11000.0,3239.42,882.704,3.66988,0.000678781,0.724743,0,646.404835,4008.69,187.206,21.4133,0.000238801,0.152263,0,282.5925667,624.445,90.4658,6.90255,0.000107702,0.0592989,6,-353.857001,1850.78,740.342,2.4999,0.000250151,0.267939
114.622524,1,AUTO,ARMED,5,AVAILABLE,UNAVAILABLE,UNAVAILABLE,116,7,ACTIVE,11,F1_N2-A3.NC,F1_N2-A3.NC,2077098.662,194564.758,5711.9,5019.3086,100,55.03333,53,100,0,9,100,11000.0,3239.42,882.704,3.66988,0.000678781,0.724743,0,640.7227882,4008.69,187.206,21.4133,0.000238801,0.152263,0,282.5927956,624.445,90.4658,6.90255,0.000107702,0.0592989,6,-353.8569896,1850.78,740.342,2.4999,0.000250151,0.267939
114.765624,1,AUTO,ARMED,5,AVAILABLE,UNAVAILABLE,UNAVAILABLE,116,7,ACTIVE,11,F1_N2-A3.NC,F1_N2-A3.NC,2077098.662,194564.758,5711.9,5019.3086,100,55.03333,53,100,0,13,100,11000.0,3239.42,882.704,3.66988,0.000678781,0.724743,0,635.0548241,4008.69,187.206,21.4133,0.000238801,0.152263,0,282.5928099,624.445,90.4658,6.90255,0.000107702,0.0592989,6,-353.857001,1850.78,740.342,2.4999,0.000250151,0.267939
114.919493,1,AUTO,ARMED,5,AVAILABLE,UNAVAILABLE,UNAVAILABLE,116,7,ACTIVE,11,F1_N2-A3.NC,F1_N2-A3.NC,2077098.662,194564.758,5711.9,5019.3086,100,55.03333,53,100,0,13,100,11000.0,4583.19,1064.36,4.30605,0.000601455,0.652163,0,623.7040009,16010.8,651.142,24.5888,0.000222663,0.266486,0,282.5928028,1897.35,575.551,3.29658,0.000149594,0.113594,6,-353.857001,2547.83,1030.46,2.47252,0.000230499,0.32983
115.060717,1,AUTO,ARMED,5,AVAILABLE,UNAVAILABLE,UNAVAILABLE,116,7,ACTIVE,11,F1_N2-A3.NC,F1_N2-A3.NC,2077098.662,194564.758,5711.9,5019.3086,100,55.03333,53,100,0,12,100,11000.0,4583.19,1064.36,4.30605,0.000601455,0.652163,0,612.3809636,16010.8,651.142,24.5888,0.000222663,0.266486,0,282.5928028,1897.35,575.551,3.29658,0.000149594,0.113594,6,-353.8570125,2547.83,1030.46,2.47252,0.000230499,0.32983
115.19672,1,AUTO,ARMED,5,AVAILABLE,UNAVAILABLE,UNAVAILABLE,116,7,ACTIVE,11,F1_N2-A3.NC,F1_N2-A3.NC,2077098.662,194564.758,5711.9,5019.3086,100,55.03333,54,100,0,10,100,11000.0,4583.19,1064.36,4.30605,0.000601455,0.652163,0,606.6985361,16010.8,651.142,24.5888,0.000222663,0.266486,0,282.5927956,1897.35,575.551,3.29658,0.000149594,0.113594,6,-353.857001,2547.83,1030.46,2.47252,0.000230499,0.32983
115.343174,1,AUTO,ARMED,5,AVAILABLE,UNAVAILABLE,UNAVAILABLE,116,7,ACTIVE,11,F1_N2-A3.NC,F1_N2-A3.NC,2077098.662,194564.758,5711.9,5019.3086,100,55.03333,54,100,0,11,100,11000.0,4583.19,1064.36,4.30605,0.000601455,0.652163,0,595.3754204,16010.8,651.142,24.5888,0.000222663,0.266486,0,282.5928028,1897.35,575.551,3.29658,0.000149594,0.113594,6,-353.8569896,2547.83,1030.46,2.47252,0.000230499,0.32983
115.493514,1,AUTO,ARMED,5,AVAILABLE,UNAVAILABLE,UNAVAILABLE,116,7,ACTIVE,11,F1_N2-A3.NC,F1_N2-A3.NC,2077098.662,194564.758,5711.9,5019.3086,100,55.03333,54,100,0,10,100,11000.0,4583.19,1064.36,4.30605,0.000601455,0.652163,0,592.5552863,16010.8,651.142,24.5888,0.000222663,0.266486,0,282.5927956,1897.35,575.551,3.29658,0.000149594,0.113594,6,-353.857001,2547.83,1030.46,2.47252,0.000230499,0.32983
115.637346,1,AUTO,ARMED,5,AVAILABLE,UNAVAILABLE,UNAVAILABLE,116,7,ACTIVE,11,F1_N2-A3.NC,F1_N2-A3.NC,2077098.662,194564.758,5711.9,5019.3086,100,55.03333,54,100,0,9,100,11000.0,4583.19,1064.36,4.30605,0.000601455,0.652163,0,586.8591919,16010.8,651.142,24.5888,0.000222663,0.266486,0,282.5927956,1897.35,575.551,3.29658,0.000149594,0.113594,6,-353.8570125,2547.83,1030.46,2.47252,0.000230499,0.32983
115.789629,1,AUTO,ARMED,5,AVAILABLE,UNAVAILABLE,UNAVAILABLE,116,7,ACTIVE,11,F1_N2-A3.NC,F1_N2-A3.NC,2077098.662,194564.758,5711.9,4787.8931,100,55.03333,54,100,0,10,100,11000.0,4583.19,1064.36,4.30605,0.000601455,0.652163,0,575.5362418,16010.8,651.142,24.5888,0.000222663,0.266486,0,282.5928099,1897.35,575.551,3.29658,0.000149594,0.113594,6,-353.8569896,2547.83,1030.46,2.47252,0.000230499,0.32983
115.931656,1,AUTO,ARMED,5,AVAILABLE,UNAVAILABLE,UNAVAILABLE,116,7,ACTIVE,11,F1_N2-A3.NC,F1_N2-A3.NC,2077098.662,194564.758,5711.9,4787.8931,100,55.03333,54,100,0,10,100,11000.0,3935.3,1065.8,3.69234,0.000645304,0.686911,0,564.1992762,16058.8,579.692,27.7023,0.000260813,0.231568,0,282.5928099,1825.3,142.418,12.8165,0.000168671,0.0771446,6,-353.857001,2379.58,1168.05,2.03722,0.000312849,0.375341
116.077134,1,AUTO,ARMED,5,AVAILABLE,UNAVAILABLE,UNAVAILABLE,116,7,ACTIVE,11,F1_N2-A3.NC,F1_N2-A3.NC,2077098.662,194564.758,5711.9,4787.8931,100,55.03333,54,100,0,11,100,11000.0,3935.3,1065.8,3.69234,0.000645304,0.686911,0,558.5310059,16058.8,579.692,27.7023,0.000260813,0.231568,0,282.5928028,1825.3,142.418,12.8165,0.000168671,0.0771446,6,-353.8570125,2379.58,1168.05,2.03722,0.000312849,0.375341
116.22166,1,AUTO,ARMED,5,AVAILABLE,UNAVAILABLE,UNAVAILABLE,116,7,ACTIVE,11,F1_N2-A3.NC,F1_N2-A3.NC,2077098.662,194564.758,5711.9,4787.8931,100,55.03333,55,100,0,10,100,11000.0,3935.3,1065.8,3.69234,0.000645304,0.686911,0,547.1939184,16058.8,579.692,27.7023,0.000260813,0.231568,0,282.5927956,1825.3,142.418,12.8165,0.000168671,0.0771446,6,-353.857001,2379.58,1168.05,2.03722,0.000312849,0.375341
116.360781,1,AUTO,ARMED,5,AVAILABLE,UNAVAILABLE,UNAVAILABLE,116,7,ACTIVE,11,F1_N2-A3.NC,F1_N2-A3.NC,2077098.662,194564.758,5711.9,4787.8931,100,55.03333,55,100,0,11,100,11000.0,3935.3,1065.8,3.69234,0.000645304,0.686911,0,541.5121962,16058.8,579.692,27.7023,0.000260813,0.231568,0,282.5931246,1825.3,142.418,12.8165,0.000168671,0.0771446,6,-353.8569896,2379.58,1168.05,2.03722,0.000312849,0.375341
116.510593,1,AUTO,ARMED,5,AVAILABLE,UNAVAILABLE,UNAVAILABLE,116,7,ACTIVE,11,F1_N2-A3.NC,F1_N2-A3.NC,2077098.662,194564.758,5711.9,4787.8931,100,55.0,55,100,0,7,100,11000.0,3935.3,1065.8,3.69234,0.000645304,0.686911,0,536.6657803,16058.8,579.692,27.7023,0.000260813,0.231568,0,282.5929387,1825.3,142.418,12.8165,0.000168671,0.0771446,6,-353.8569896,2379.58,1168.05,2.03722,0.000312849,0.375341
116.658901,1,AUTO,ARMED,5,AVAILABLE,UNAVAILABLE,UNAVAILABLE,117,7,ACTIVE,11,F1_N2-A3.NC,F1_N2-A3.NC,2077098.662,194564.758,5711.9,4787.8931,100,0.0,55,100,0,5,100,11000.0,3935.3,1065.8,3.69234,0.000645304,0.686911,1,536.2649354,16058.8,579.692,27.7023,0.000260813,0.231568,0,282.5928528,1825.3,142.418,12.8165,0.000168671,0.0771446,6,-353.8569896,2379.58,1168.05,2.03722,0.000312849,0.375341
116.812887,1,AUTO,ARMED,5,AVAILABLE,UNAVAILABLE,UNAVAILABLE,117,7,ACTIVE,11,F1_N2-A3.NC,F1_N2-A3.NC,2077098.662,194564.758,5712.0,3756.0273,100,0.0,55,100,0,2,100,11000.0,3935.3,1065.8,3.69234,0.000645304,0.686911,0,536.2624178,16058.8,579.692,27.7023,0.000260813,0.231568,0,282.5928099,1825.3,142.418,12.8165,0.000168671,0.0771446,6,-353.857001,2379.58,1168.05,2.03722,0.000312849,0.375341
116.95164,1,AUTO,ARMED,5,AVAILABLE,UNAVAILABLE,UNAVAILABLE,117,7,ACTIVE,11,F1_N2-A3.NC,F1_N2-A3.NC,2077098.662,194564.758,5712.0,3756.0273,100,0.0,55,100,0,4,100,11000.0,3815.32,848.522,4.49643,0.000635621,0.698232,0,536.2624678,15722.7,156.278,100.607,0.000203374,0.132771,0,282.5928028,552.396,111.965,4.93365,8.83247e-05,0.0679288,6,-353.857001,1946.93,781.572,2.49104,0.000190953,0.274776
117.091397,1,AUTO,ARMED,5,AVAILABLE,UNAVAILABLE,UNAVAILABLE,117,7,ACTIVE,11,F1_N2-A3.NC,F1_N2-A3.NC,2077098.662,194564.758,5712.0,3756.0273,100,0.0,55,100,0,4,100,11000.0,3815.32,848.522,4.49643,0.000635621,0.698232,0,536.2624678,15722.7,156.278,100.607,0.000203374,0.132771,0,282.5927885,552.396,111.965,4.93365,8.83247e-05,0.0679288,6,-353.8569896,1946.93,781.572,2.49104,0.000190953,0.274776
117.231628,1,AUTO,ARMED,5,AVAILABLE,UNAVAILABLE,UNAVAILABLE,117,7,ACTIVE,11,F1_N2-A3.NC,F1_N2-A3.NC,2077098.662,194564.758,5712.0,3756.0273,100,0.0,56,100,0,6,100,11000.0,3815.32,848.522,4.49643,0.000635621,0.698232,0,536.2624893,15722.7,156.278,100.607,0.000203374,0.132771,0,282.5928028,552.396,111.965,4.93365,8.83247e-05,0.0679288,6,-353.8569896,1946.93,781.572,2.49104,0.000190953,0.274776
117.375725,1,AUTO,ARMED,5,AVAILABLE,UNAVAILABLE,UNAVAILABLE,117,7,ACTIVE,11,F1_N2-A3.NC,F1_N2-A3.NC,2077098.662,194564.758,5712.0,3756.0273,100,0.0,56,100,0,6,100,11000.0,3815.32,848.522,4.49643,0.000635621,0.698232,0,536.2624893,15722.7,156.278,100.607,0.000203374,0.132771,0,282.5928099,552.396,111.965,4.93365,8.83247e-05,0.0679288,6,-353.8570125,1946.93,781.572,2.49104,0.000190953,0.274776
117.520446,1,AUTO,ARMED,5,AVAILABLE,UNAVAILABLE,UNAVAILABLE,117,7,ACTIVE,11,F1_N2-A3.NC,F1_N2-A3.NC,2077098.662,194564.758,5712.0,3756.0273,100,0.0,56,100,0,6,100,11000.0,3815.32,848.522,4.49643,0.000635621,0.698232,0,536.2624893,15722.7,156.278,100.607,0.000203374,0.132771,0,282.5927956,552.396,111.965,4.93365,8.83247e-05,0.0679288,6,-353.857001,1946.93,781.572,2.49104,0.000190953,0.274776
117.664849,1,AUTO,ARMED,5,AVAILABLE,UNAVAILABLE,UNAVAILABLE,120,7,ACTIVE,11,F1_N2-A3.NC,F1_N2-A3.NC,2077098.662,194564.758,5712.0,3756.0273,100,0.0,56,100,0,5,100,11000.0,3815.32,848.522,4.49643,0.000635621,0.698232,0,536.2625036,15722.7,156.278,100.607,0.000203374,0.132771,0,282.5927956,552.396,111.965,4.93365,8.83247e-05,0.0679288,6,-353.857001,1946.93,781.572,2.49104,0.000190953,0.274776
117.812922,1,AUTO,ARMED,5,AVAILABLE,UNAVAILABLE,UNAVAILABLE,120,7,ACTIVE,11,F1_N2-A3.NC,F1_N2-A3.NC,2077098.662,194564.758,5712.0,10087.2666,100,0.0,56,100,0,8,100,11204.16667,3815.32,848.522,4.49643,0.000635621,0.698232,0,536.2624964,15722.7,156.278,100.607,0.000203374,0.132771,0,282.5928028,552.396,111.965,4.93365,8.83247e-05,0.0679288,6,-353.857001,1946.93,781.572,2.49104,0.000190953,0.274776
117.960582,1,AUTO,ARMED,5,AVAILABLE,UNAVAILABLE,UNAVAILABLE,120,7,ACTIVE,11,F1_N2-A3.NC,F1_N2-A3.NC,2077098.662,194564.758,5712.0,10087.2666,100,0.0,56,100,0,41,100,11547.5,3599.36,628.122,5.73035,0.000415409,0.456092,0,536.2625036,3384.58,234.964,14.4047,0.000257458,0.204058,0,282.5928099,576.411,117.607,4.90116,0.000125148,0.0782091,6,-353.8570125,1946.93,644.886,3.01903,0.000141062,0.209932
118.098204,1,AUTO,ARMED,5,AVAILABLE,UNAVAILABLE,UNAVAILABLE,120,7,ACTIVE,11,F1_N2-A3.NC,F1_N2-A3.NC,2077098.662,194564.758,5712.0,10087.2666,100,0.0,56,100,0,46,100,12000.0,3599.36,628.122,5.73035,0.000415409,0.456092,0,536.2624964,3384.58,234.964,14.4047,0.000257458,0.204058,0,282.5927956,576.411,117.607,4.90116,0.000125148,0.0782091,6,-353.8569782,1946.93,644.886,3.01903,0.000141062,0.209932
118.265436,1,AUTO,ARMED,5,AVAILABLE,UNAVAILABLE,UNAVAILABLE,120,7,ACTIVE,11,F1_N2-A3.NC,F1_N2-A3.NC,2077098.662,194564.758,5712.0,10087.2666,100,0.0,57,100,0,44,100,12000.0,3599.36,628.122,5.73035,0.000415409,0.456092,0,536.2624964,3384.58,234.964,14.4047,0.000257458,0.204058,0,282.5928028,576.411,117.607,4.90116,0.000125148,0.0782091,6,-353.8570125,1946.93,644.886,3.01903,0.000141062,0.209932
118.407804,1,AUTO,ARMED,5,AVAILABLE,UNAVAILABLE,UNAVAILABLE,120,7,ACTIVE,11,F1_N2-A3.NC,F1_N2-A3.NC,2077098.662,194564.758,5712.0,10087.2666,100,0.0,57,100,0,43,100,12000.0,3599.36,628.122,5.73035,0.000415409,0.456092,0,536.2624964,3384.58,234.964,14.4047,0.000257458,0.204058,0,282.5927956,576.411,117.607,4.90116,0.000125148,0.0782091,6,-353.8570239,1946.93,644.886,3.01903,0.000141062,0.209932
118.549958,1,AUTO,ARMED,5,AVAILABLE,UNAVAILABLE,UNAVAILABLE,120,7,ACTIVE,11,F1_N2-A3.NC,F1_N2-A3.NC,2077098.662,194564.758,5712.0,10087.2666,100,0.0,57,100,0,43,100,12000.0,3599.36,628.122,5.73035,0.000415409,0.456092,0,536.2625036,3384.58,234.964,14.4047,0.000257458,0.204058,0,282.5927885,576.411,117.607,4.90116,0.000125148,0.0782091,6,-353.8569553,1946.93,644.886,3.01903,0.000141062,0.209932
118.689552,1,AUTO,ARMED,5,AVAILABLE,UNAVAILABLE,UNAVAILABLE,120,7,ACTIVE,11,F1_N2-A3.NC,F1_N2-A3.NC,2077098.662,194564.758,5712.0,10087.2666,100,0.0,57,100,0,43,100,12000.0,3599.36,628.122,5.73035,0.000415409,0.456092,0,536.2624964,3384.58,234.964,14.4047,0.000257458,0.204058,0,282.5928028,576.411,117.607,4.90116,0.000125148,0.0782091,6,-353.8569209,1946.93,644.886,3.01903,0.000141062,0.209932
118.828336,1,AUTO,ARMED,5,AVAILABLE,UNAVAILABLE,UNAVAILABLE,120,7,ACTIVE,11,F1_N2-A3.NC,F1_N2-A3.NC,2077098.662,194564.758,5712.0,10087.2666,100,0.0,57,100,0,42,100,12000.0,3599.36,628.122,5.73035,0.000415409,0.456092,0,536.2624964,3384.58,234.964,14.4047,0.000257458,0.204058,0,282.5927956,576.411,117.607,4.90116,0.000125148,0.0782091,6,-353.8569209,1946.93,644.886,3.01903,0.000141062,0.209932
118.98556,1,AUTO,ARMED,5,AVAILABLE,UNAVAILABLE,UNAVAILABLE,120,7,ACTIVE,11,F1_N2-A3.NC,F1_N2-A3.NC,2077098.662,194564.758,5712.0,6078.0234,100,0.0,57,100,0,41,100,12000.0,5854.96,2414.33,2.42509,0.00150731,1.89089,0,536.2624964,3696.64,402.115,9.19299,0.000286987,0.314319,0,282.6000554,624.445,92.1147,6.77899,0.000113011,0.0417641,6,-353.8570697,1802.71,572.397,3.14941,0.000201708,0.205063
119.150555,1,AUTO,ARMED,5,AVAILABLE,UNAVAILABLE,UNAVAILABLE,121,7,ACTIVE,11,F1_N2-A3.NC,F1_N2-A3.NC,2077098.662,194564.758,5712.0,6078.0234,100,0.0,57,100,0,41,100,12000.0,5854.96,2414.33,2.42509,0.00150731,1.89089,0,536.2624964,3696.64,402.115,9.19299,0.000286987,0.314319,1,283.2268919,624.445,92.1147,6.77899,0.000113011,0.0417641,6,-353.8569438,1802.71,572.397,3.14941,0.000201708,0.205063
119.297633,1,AUTO,ARMED,5,AVAILABLE,UNAVAILABLE,UNAVAILABLE,121,7,ACTIVE,11,F1_N2-A3.NC,F1_N2-A3.NC,2077098.662,194564.758,5712.0,6078.0234,100,0.0,58,100,0,41,100,12000.0,5854.96,2414.33,2.42509,0.00150731,1.89089,0,536.2624964,3696.64,402.115,9.19299,0.000286987,0.314319,1,283.2275571,624.445,92.1147,6.77899,0.000113011,0.0417641,6,-353.8570125,1802.71,572.397,3.14941,0.000201708,0.205063
119.449593,1,AUTO,ARMED,5,AVAILABLE,UNAVAILABLE,UNAVAILABLE,121,7,ACTIVE,11,F1_N2-A3.NC,F1_N2-A3.NC,2077098.662,194564.758,5712.0,6078.0234,100,0.0,58,100,0,17,100,12000.0,5854.96,2414.33,2.42509,0.00150731,1.89089,0,536.2625036,3696.64,402.115,9.19299,0.000286987,0.314319,0,283.2278145,624.445,92.1147,6.77899,0.000113011,0.0417641,6,-353.8570354,1802.71,572.397,3.14941,0.000201708,0.205063
119.589931,1,AUTO,ARMED,5,AVAILABLE,UNAVAILABLE,UNAVAILABLE,121,7,ACTIVE,11,F1_N2-A3.NC,F1_N2-A3.NC,2077098.662,194564.758,5712.0,6078.0234,100,0.0,58,100,0,1,100,12000.0,5854.96,2414.33,2.42509,0.00150731,1.89089,0,536.2624964,3696.64,402.115,9.19299,0.000286987,0.314319,0,283.2278074,624.445,92.1147,6.77899,0.000113011,0.0417641,6,-353.8570354,1802.71,572.397,3.14941,0.000201708,0.205063
119.730249,1,AUTO,ARMED,5,AVAILABLE,UNAVAILABLE,UNAVAILABLE,121,7,ACTIVE,11,F1_N2-A3.NC,F1_N2-A3.NC,2077098.662,194564.758,5712.0,6078.0234,100,0.0,58,100,0,14,100,12000.0,5854.96,2414.33,2.42509,0.00150731,1.89089,0,536.2624964,3696.64,402.115,9.19299,0.000286987,0.314319,0,283.2278002,624.445,92.1147,6.77899,0.000113011,0.0417641,6,-353.8570468,1802.71,572.397,3.14941,0.000201708,0.205063
119.891513,1,AUTO,ARMED,5,AVAILABLE,UNAVAILABLE,UNAVAILABLE,121,7,ACTIVE,11,F1_N2-A3.NC,F1_N2-A3.NC,2077098.662,194564.758,5712.0,6078.0234,100,0.0,58,100,0,10,100,12000.0,5854.96,2414.33,2.42509,0.00150731,1.89089,0,536.2624964,3696.64,402.115,9.19299,0.000286987,0.314319,0,283.2278074,624.445,92.1147,6.77899,0.000113011,0.0417641,6,-353.8569667,1802.71,572.397,3.14941,0.000201708,0.205063
120.038687,1,AUTO,ARMED,5,AVAILABLE,UNAVAILABLE,UNAVAILABLE,121,7,ACTIVE,11,F1_N2-A3.NC,F1_N2-A3.NC,2077098.662,194564.758,5712.0,5359.4214,100,0.0,58,100,0,2,100,12000.0,5591.01,2327.15,2.40251,0.00142002,1.76967,0,536.2624964,8785.51,560.39,15.6775,0.000235989,0.242281,0,283.2278074,672.479,855.501,0.786065,8.76039e-05,0.120685,6,-353.8570468,1730.6,888.113,1.94863,0.000245751,0.268968
120.195553,1,AUTO,ARMED,5,AVAILABLE,UNAVAILABLE,UNAVAILABLE,122,7,ACTIVE,11,F1_N2-A3.NC,F1_N2-A3.NC,2077098.662,194564.758,5712.0,5359.4214,100,0.0,59,100,0,2,100,12000.0,5591.01,2327.15,2.40251,0.00142002,1.76967,0,536.2624964,8785.51,560.39,15.6775,0.000235989,0.242281,0,283.2278002,672.479,855.501,0.786065,8.76039e-05,0.120685,6,-353.8569438,1730.6,888.113,1.94863,0.000245751,0.268968
120.342537,1,AUTO,ARMED,5,AVAILABLE,UNAVAILABLE,UNAVAILABLE,122,7,ACTIVE,11,F1_N2-A3.NC,F1_N2-A3.NC,2077098.662,194564.758,5712.0,5359.4214,100,35.98333,59,100,0,8,100,12000.0,5591.01,2327.15,2.40251,0.00142002,1.76967,0,541.2026439,8785.51,560.39,15.6775,0.000235989,0.242281,0,283.2277144,672.479,855.501,0.786065,8.76039e-05,0.120685,6,-353.8569324,1730.6,888.113,1.94863,0.000245751,0.268968
120.504029,1,AUTO,ARMED,5,AVAILABLE,UNAVAILABLE,UNAVAILABLE,122,7,ACTIVE,11,F1_N2-A3.NC,F1_N2-A3.NC,2077098.662,194564.758,5712.0,5359.4214,100,35.98333,59,100,0,11,100,12000.0,5591.01,2327.15,2.40251,0.00142002,1.76967,0,548.6150471,8785.51,560.39,15.6775,0.000235989,0.242281,0,283.2277645,672.479,855.501,0.786065,8.76039e-05,0.120685,6,-353.8569324,1730.6,888.113,1.94863,0.000245751,0.268968
120.646913,1,AUTO,ARMED,5,AVAILABLE,UNAVAILABLE,UNAVAILABLE,122,7,ACTIVE,11,F1_N2-A3.NC,F1_N2-A3.NC,2077098.662,194564.758,5712.0,5359.4214,100,35.98333,59,100,0,13,100,12000.0,5591.01,2327.15,2.40251,0.00142002,1.76967,1,556.0186526,8785.51,560.39,15.6775,0.000235989,0.242281,0,283.2277931,672.479,855.501,0.786065,8.76039e-05,0.120685,6,-353.8569438,1730.6,888.113,1.94863,0.000245751,0.268968
120.787633,1,AUTO,ARMED,5,AVAILABLE,UNAVAILABLE,UNAVAILABLE,122,7,ACTIVE,11,F1_N2-A3.NC,F1_N2-A3.NC,2077098.662,194564.758,5712.0,5359.4214,100,35.98333,59,100,0,11,100,12000.0,5591.01,2327.15,2.40251,0.00142002,1.76967,1,559.7336666,8785.51,560.39,15.6775,0.000235989,0.242281,0,283.2278074,672.479,855.501,0.786065,8.76039e-05,0.120685,6,-353.8570125,1730.6,888.113,1.94863,0.000245751,0.268968
120.928056,1,AUTO,ARMED,5,AVAILABLE,UNAVAILABLE,UNAVAILABLE,122,7,ACTIVE,11,F1_N2-A3.NC,F1_N2-A3.NC,2077098.662,194564.758,5712.0,5359.4214,100,35.98333,59,100,0,13,100,12000.0,5591.01,2327.15,2.40251,0.00142002,1.76967,1,563.4402779,8785.51,560.39,15.6775,0.000235989,0.242281,0,283.2278002,672.479,855.501,0.786065,8.76039e-05,0.120685,6,-353.8570239,1730.6,888.113,1.94863,0.000245751,0.268968
121.063859,1,AUTO,ARMED,5,AVAILABLE,UNAVAILABLE,UNAVAILABLE,122,7,ACTIVE,11,F1_N2-A3.NC,F1_N2-A3.NC,2077098.662,194564.758,5712.0,5016.6797,100,35.98333,59,100,0,12,100,12000.0,5591.01,2327.15,2.40251,0.00142002,1.76967,1,570.8524705,8785.51,560.39,15.6775,0.000235989,0.242281,0,283.2278145,672.479,855.501,0.786065,8.76039e-05,0.120685,6,-353.8570697,1730.6,888.113,1.94863,0.000245751,0.268968
121.219612,1,AUTO,ARMED,5,AVAILABLE,UNAVAILABLE,UNAVAILABLE,122,7,ACTIVE,11,F1_N2-A3.NC,F1_N2-A3.NC,2077098.662,194564.758,5712.0,5016.6797,100,35.98333,0,100,0,10,100,12000.0,6238.89,2543.96,2.45243,0.00156681,1.94831,1,574.5590889,12002.1,554.642,21.6394,0.000325345,0.353827,0,283.2278002,2281.63,714.634,3.19273,5.17272e-05,0.097835,6,-353.8569209,2187.29,825.26,2.65043,0.000193756,0.250262
121.364561,1,AUTO,ARMED,5,AVAILABLE,UNAVAILABLE,UNAVAILABLE,122,7,ACTIVE,11,F1_N2-A3.NC,F1_N2-A3.NC,2077098.662,194564.758,5712.0,5016.6797,100,35.98333,0,100,0,11,100,12000.0,6238.89,2543.96,2.45243,0.00156681,1.94831,1,578.2563304,12002.1,554.642,21.6394,0.000325345,0.353827,0,283.2278074,2281.63,714.634,3.19273,5.17272e-05,0.097835,6,-353.8570697,2187.29,825.26,2.65043,0.000193756,0.250262
121.510887,1,AUTO,ARMED,5,AVAILABLE,UNAVAILABLE,UNAVAILABLE,122,7,ACTIVE,11,F1_N2-A3.NC,F1_N2-A3.NC,2077098.662,194564.758,5712.0,5016.6797,100,35.98333,0,100,0,12,100,12000.0,6238.89,2543.96,2.45243,0.00156681,1.94831,1,587.5309842,12002.1,554.642,21.6394,0.000325345,0.353827,0,283.2278002,2281.63,714.634,3.19273,5.17272e-05,0.097835,6,-353.8569553,2187.29,825.26,2.65043,0.000193756,0.250262
121.651687,1,AUTO,ARMED,5,AVAILABLE,UNAVAILABLE,UNAVAILABLE,122,7,ACTIVE,11,F1_N2-A3.NC,F1_N2-A3.NC,2077098.662,194564.758,5712.0,5016.6797,100,35.98333,0,100,0,11,100,12000.0,6238.89,2543.96,2.45243,0.00156681,1.94831,0,591.2283716,12002.1,554.642,21.6394,0.000325345,0.353827,0,283.2278145,2281.63,714.634,3.19273,5.17272e-05,0.097835,6,-353.8570697,2187.29,825.26,2.65043,0.000193756,0.250262
121.797082,1,AUTO,ARMED,5,AVAILABLE,UNAVAILABLE,UNAVAILABLE,122,7,ACTIVE,11,F1_N2-A3.NC,F1_N2-A3.NC,2077098.662,194564.758,5712.0,5016.6797,100,35.98333,0,100,0,10,100,12000.0,6238.89,2543.96,2.45243,0.00156681,1.94831,0,594.9344277,12002.1,554.642,21.6394,0.000325345,0.353827,0,283.2278002,2281.63,714.634,3.19273,5.17272e-05,0.097835,6,-353.8569438,2187.29,825.26,2.65043,0.000193756,0.250262
121.947215,1,AUTO,ARMED,5,AVAILABLE,UNAVAILABLE,UNAVAILABLE,122,7,ACTIVE,11,F1_N2-A3.NC,F1_N2-A3.NC,2077098.662,194564.758,5712.0,5016.6797,100,35.98333,0,100,0,12,100,12000.0,6238.89,2543.96,2.45243,0.00156681,1.94831,1,598.6498679,12002.1,554.642,21.6394,0.000325345,0.353827,0,283.2278002,2281.63,714.634,3.19273,5.17272e-05,0.097835,6,-353.8569782,2187.29,825.26,2.65043,0.000193756,0.250262
122.091054,1,AUTO,ARMED,5,AVAILABLE,UNAVAILABLE,UNAVAILABLE,122,7,ACTIVE,11,F1_N2-A3.NC,F1_N2-A3.NC,2077098.662,194564.758,5712.0,5016.6797,100,35.98333,1,100,0,11,100,12000.0,6238.89,2543.96,2.45243,0.00156681,1.94831,1,602.347148,12002.1,554.642,21.6394,0.000325345,0.353827,0,283.2278002,2281.63,714.634,3.19273,5.17272e-05,0.097835,6,-353.8570239,2187.29,825.26,2.65043,0.000193756,0.250262
122.234969,1,AUTO,ARMED,5,AVAILABLE,UNAVAILABLE,UNAVAILABLE,122,7,ACTIVE,11,F1_N2-A3.NC,F1_N2-A3.NC,2077098.662,194564.758,5712.0,5057.3018,100,35.98333,1,100,0,10,100,12000.0,6214.89,2464.37,2.5219,0.0015379,1.89419,1,613.4749585,12002.1,459.256,26.1338,0.0002072,0.229735,0,283.2277931,1849.32,609.388,3.03472,5.42003e-05,0.0841773,6,-353.8569438,2235.36,790.37,2.82824,0.000167875,0.238992
122.380666,1,AUTO,ARMED,5,AVAILABLE,UNAVAILABLE,UNAVAILABLE,122,7,ACTIVE,11,F1_N2-A3.NC,F1_N2-A3.NC,2077098.662,194564.758,5712.0,5057.3018,100,35.98333,1,100,0,12,100,12000.0,6214.89,2464.37,2.5219,0.0015379,1.89419,1,617.1722825,12002.1,459.256,26.1338,0.0002072,0.229735,0,283.2278002,1849.32,609.388,3.03472,5.42003e-05,0.0841773,6,-353.8570468,2235.36,790.37,2.82824,0.000167875,0.238992
122.518707,1,AUTO,ARMED,5,AVAILABLE,UNAVAILABLE,UNAVAILABLE,122,7,ACTIVE,11,F1_N2-A3.NC,F1_N2-A3.NC,2077098.662,194564.758,5712.0,5057.3018,100,35.98333,1,100,0,11,100,12000.0,6214.89,2464.37,2.5219,0.0015379,1.89419,1,620.8876021,12002.1,459.256,26.1338,0.0002072,0.229735,0,283.2277931,1849.32,609.388,3.03472,5.42003e-05,0.0841773,6,-353.857001,2235.36,790.37,2.82824,0.000167875,0.238992
122.663241,1,AUTO,ARMED,5,AVAILABLE,UNAVAILABLE,UNAVAILABLE,122,7,ACTIVE,11,F1_N2-A3.NC,F1_N2-A3.NC,2077098.662,194564.758,5712.0,5057.3018,100,35.98333,1,100,0,11,100,12000.0,6214.89,2464.37,2.5219,0.0015379,1.89419,1,628.2909762,12002.1,459.256,26.1338,0.0002072,0.229735,0,283.2278002,1849.32,609.388,3.03472,5.42003e-05,0.0841773,6,-353.8570583,2235.36,790.37,2.82824,0.000167875,0.238992
122.806131,1,AUTO,ARMED,5,AVAILABLE,UNAVAILABLE,UNAVAILABLE,122,7,ACTIVE,11,F1_N2-A3.NC,F1_N2-A3.NC,2077098.662,194564.758,5712.0,5057.3018,100,35.98333,1,100,0,10,100,12000.0,6214.89,2464.37,2.5219,0.0015379,1.89419,1,631.9975197,12002.1,459.256,26.1338,0.0002072,0.229735,0,283.2277931,1849.32,609.388,3.03472,5.42003e-05,0.0841773,6,-353.8569324,2235.36,790.37,2.82824,0.000167875,0.238992
122.948047,1,AUTO,ARMED,5,AVAILABLE,UNAVAILABLE,UNAVAILABLE,122,7,ACTIVE,11,F1_N2-A3.NC,F1_N2-A3.NC,2077098.662,194564.758,5712.0,5057.3018,100,35.98333,1,100,0,11,100,12000.0,6214.89,2464.37,2.5219,0.0015379,1.89419,1,635.7126958,12002.1,459.256,26.1338,0.0002072,0.229735,0,283.2278145,1849.32,609.388,3.03472,5.42003e-05,0.0841773,6,-353.8570811,2235.36,790.37,2.82824,0.000167875,0.238992
123.092646,1,AUTO,ARMED,5,AVAILABLE,UNAVAILABLE,UNAVAILABLE,122,7,ACTIVE,11,F1_N2-A3.NC,F1_N2-A3.NC,2077098.662,194564.758,5712.0,5057.3018,100,35.98333,1,100,0,9,100,12000.0,6214.89,2464.37,2.5219,0.0015379,1.89419,1,643.1163643,12002.1,459.256,26.1338,0.0002072,0.229735,0,283.2278074,1849.32,609.388,3.03472,5.42003e-05,0.0841773,6,-353.8570468,2235.36,790.37,2.82824,0.000167875,0.238992
123.245671,1,AUTO,ARMED,5,AVAILABLE,UNAVAILABLE,UNAVAILABLE,122,7,ACTIVE,11,F1_N2-A3.NC,F1_N2-A3.NC,2077098.662,194564.758,5712.0,5057.3018,100,35.98333,2,100,0,12,100,12000.0,6334.87,2305.34,2.74791,0.00146621,1.82089,1,646.8313266,11906.1,249.362,47.7462,0.000204318,0.189012,0,283.2277931,1921.37,113.148,16.981,5.60253e-05,0.0499869,6,-353.8570125,2259.4,589.007,3.83595,0.000379383,0.224692
123.385592,1,AUTO,ARMED,5,AVAILABLE,UNAVAILABLE,UNAVAILABLE,122,7,ACTIVE,11,F1_N2-A3.NC,F1_N2-A3.NC,2077098.662,194564.758,5712.0,3608.6011,100,35.98333,2,100,0,9,100,12000.0,6334.87,2305.34,2.74791,0.00146621,1.82089,0,650.5380136,11906.1,249.362,47.7462,0.000204318,0.189012,0,283.2280434,1921.37,113.148,16.981,5.60253e-05,0.0499869,6,-353.8569553,2259.4,589.007,3.83595,0.000379383,0.224692
123.526836,1,AUTO,ARMED,5,AVAILABLE,UNAVAILABLE,UNAVAILABLE,122,7,ACTIVE,11,F1_N2-A3.NC,F1_N2-A3.NC,2077098.662,194564.758,5712.0,3608.6011,100,35.98333,2,100,0,7,100,12000.0,6334.87,2305.34,2.74791,0.00146621,1.82089,0,655.5297375,11906.1,249.362,47.7462,0.000204318,0.189012,0,283.2278575,1921.37,113.148,16.981,5.60253e-05,0.0499869,6,-353.8570125,2259.4,589.007,3.83595,0.000379383,0.224692
123.683707,1,AUTO,ARMED,5,AVAILABLE,UNAVAILABLE,UNAVAILABLE,123,7,ACTIVE,11,F1_N2-A3.NC,F1_N2-A3.NC,2077098.662,194564.758,5712.0,3608.6011,100,0.0,2,100,0,3,100,12000.0,6334.87,2305.34,2.74791,0.00146621,1.82089,0,655.6411266,11906.1,249.362,47.7462,0.000204318,0.189012,0,283.2278145,1921.37,113.148,16.981,5.60253e-05,0.0499869,6,-353.8570468,2259.4,589.007,3.83595,0.000379383,0.224692
123.82553,1,AUTO,ARMED,5,AVAILABLE,UNAVAILABLE,UNAVAILABLE,123,7,ACTIVE,11,F1_N2-A3.NC,F1_N2-A3.NC,2077098.662,194564.758,5712.0,3608.6011,100,0.0,2,100,0,4,100,12000.0,6334.87,2305.34,2.74791,0.00146621,1.82089,0,655.6425427,11906.1,249.362,47.7462,0.000204318,0.189012,0,283.2278074,1921.37,113.148,16.981,5.60253e-05,0.0499869,6,-353.8570697,2259.4,589.007,3.83595,0.000379383,0.224692
123.981859,1,AUTO,ARMED,5,AVAILABLE,UNAVAILABLE,UNAVAILABLE,123,7,ACTIVE,11,F1_N2-A3.NC,F1_N2-A3.NC,2077098.662,194564.758,5712.0,3608.6011,100,0.0,2,100,0,5,100,12000.0,6334.87,2305.34,2.74791,0.00146621,1.82089,0,655.6425356,11906.1,249.362,47.7462,0.000204318,0.189012,0,283.2278002,1921.37,113.148,16.981,5.60253e-05,0.0499869,6,-353.8570468,2259.4,589.007,3.83595,0.000379383,0.224692
124.122734,1,AUTO,ARMED,5,AVAILABLE,UNAVAILABLE,UNAVAILABLE,123,7,ACTIVE,11,F1_N2-A3.NC,F1_N2-A3.NC,2077098.662,194564.758,5712.0,3608.6011,100,0.0,3,100,0,5,100,12000.0,6334.87,2305.34,2.74791,0.00146621,1.82089,0,655.6425213,11906.1,249.362,47.7462,0.000204318,0.189012,0,283.2278002,1921.37,113.148,16.981,5.60253e-05,0.0499869,6,-353.8569553,2259.4,589.007,3.83595,0.000379383,0.224692
124.264253,1,AUTO,ARMED,5,AVAILABLE,UNAVAILABLE,UNAVAILABLE,123,7,ACTIVE,11,F1_N2-A3.NC,F1_N2-A3.NC,2077098.662,194564.758,5712.0,3608.6011,100,0.0,3,100,0,5,100,12000.0,6334.87,2305.34,2.74791,0.00146621,1.82089,0,655.6425213,11906.1,249.362,47.7462,0.000204318,0.189012,0,283.2278002,1921.37,113.148,16.981,5.60253e-05,0.0499869,6,-353.8570239,2259.4,589.007,3.83595,0.000379383,0.224692
124.407589,1,AUTO,ARMED,5,AVAILABLE,UNAVAILABLE,UNAVAILABLE,123,7,ACTIVE,11,F1_N2-A3.NC,F1_N2-A3.NC,2077098.662,194564.758,5712.0,4283.2837,100,0.0,3,100,0,7,100,12000.0,5111.09,2303.77,2.21858,0.00144144,1.7816,0,655.642507,10225.8,261.709,39.0732,0.000280307,0.191641,0,283.2277931,672.478,131.151,5.12751,0.000156212,0.0533051,6,-353.8569553,1682.53,612.001,2.74923,0.000465687,0.225741
124.551043,1,AUTO,ARMED,5,AVAILABLE,UNAVAILABLE,UNAVAILABLE,124,7,ACTIVE,11,F1_N2-A3.NC,F1_N2-A3.NC,2077098.662,194564.758,5712.0,4283.2837,100,0.0,3,100,0,7,100,12000.0,5111.09,2303.77,2.21858,0.00144144,1.7816,0,655.642507,10225.8,261.709,39.0732,0.000280307,0.191641,0,283.2278002,672.478,131.151,5.12751,0.000156212,0.0533051,6,-353.8569782,1682.53,612.001,2.74923,0.000465687,0.225741
124.698619,1,AUTO,ARMED,5,AVAILABLE,UNAVAILABLE,UNAVAILABLE,125,7,ACTIVE,11,F1_N2-A3.NC,F1_N2-A3.NC,2077098.662,194564.758,5712.0,4283.2837,100,28.3,3,100,0,7,100,12000.0,5111.09,2303.77,2.21858,0.00144144,1.7816,0,653.9964774,10225.8,261.709,39.0732,0.000280307,0.191641,0,283.8622255,672.478,131.151,5.12751,0.000156212,0.0533051,6,-353.8570697,1682.53,612.001,2.74923,0.000465687,0.225741
124.858111,1,AUTO,ARMED,5,AVAILABLE,UNAVAILABLE,UNAVAILABLE,125,7,ACTIVE,11,F1_N2-A3.NC,F1_N2-A3.NC,2077098.662,194564.758,5712.0,4283.2837,100,35.98333,3,100,0,7,100,12000.0,5111.09,2303.77,2.21858,0.00144144,1.7816,2,650.3065704,10225.8,261.709,39.0732,0.000280307,0.191641,0,283.862483,672.478,131.151,5.12751,0.000156212,0.0533051,6,-353.8569438,1682.53,612.001,2.74923,0.000465687,0.225741
125.023542,1,AUTO,ARMED,5,AVAILABLE,UNAVAILABLE,UNAVAILABLE,125,7,ACTIVE,11,F1_N2-A3.NC,F1_N2-A3.NC,2077098.662,194564.758,5712.0,4283.2837,100,35.98333,3,100,0,8,100,12000.0,5111.09,2303.77,2.21858,0.00144144,1.7816,0,642.8856953,10225.8,261.709,39.0732,0.000280307,0.191641,0,283.8628049,672.478,131.151,5.12751,0.000156212,0.0533051,6,-353.8569896,1682.53,612.001,2.74923,0.000465687,0.225741
125.166949,1,AUTO,ARMED,5,AVAILABLE,UNAVAILABLE,UNAVAILABLE,125,7,ACTIVE,11,F1_N2-A3.NC,F1_N2-A3.NC,2077098.662,194564.758,5712.0,4283.2837,100,35.98333,4,100,0,11,100,12000.0,5111.09,2303.77,2.21858,0.00144144,1.7816,0,635.4820857,10225.8,261.709,39.0732,0.000280307,0.191641,0,283.8628049,672.478,131.151,5.12751,0.000156212,0.0533051,6,-353.8570468,1682.53,612.001,2.74923,0.000465687,0.225741
125.322531,1,AUTO,ARMED,5,AVAILABLE,UNAVAILABLE,UNAVAILABLE,125,7,ACTIVE,11,F1_N2-A3.NC,F1_N2-A3.NC,2077098.662,194564.758,5712.0,4283.2837,100,35.98333,4,100,0,13,100,12000.0,5111.09,2303.77,2.21858,0.00144144,1.7816,0,633.6199535,10225.8,261.709,39.0732,0.000280307,0.191641,0,283.862812,672.478,131.151,5.12751,0.000156212,0.0533051,6,-353.8570468,1682.53,612.001,2.74923,0.000465687,0.225741
125.461934,1,AUTO,ARMED,5,AVAILABLE,UNAVAILABLE,UNAVAILABLE,125,7,ACTIVE,11,F1_N2-A3.NC,F1_N2-A3.NC,2077098.662,194564.758,5712.0,5038.9814,100,35.98333,4,100,0,13,100,12000.0,6718.8,2428.37,2.76679,0.0015186,1.88207,0,629.9136008,10177.8,399.751,25.4603,0.00021223,0.196101,0,283.8628049,1993.42,587.098,3.39538,8.70326e-05,0.0767582,6,-353.8569782,2163.25,729.786,2.96423,0.000285966,0.24774
125.60605,1,AUTO,ARMED,5,AVAILABLE,UNAVAILABLE,UNAVAILABLE,125,7,ACTIVE,11,F1_N2-A3.NC,F1_N2-A3.NC,2077098.662,194564.758,5712.0,5038.9814,100,35.98333,4,100,0,13,100,12000.0,6718.8,2428.37,2.76679,0.0015186,1.88207,0,622.509836,10177.8,399.751,25.4603,0.00021223,0.196101,0,283.8628049,1993.42,587.098,3.39538,8.70326e-05,0.0767582,6,-353.8570239,2163.25,729.786,2.96423,0.000285966,0.24774
125.7515,1,AUTO,ARMED,5,AVAILABLE,UNAVAILABLE,UNAVAILABLE,125,7,ACTIVE,11,F1_N2-A3.NC,F1_N2-A3.NC,2077098.662,194564.758,5712.0,5038.9814,100,35.98333,4,100,0,12,100,12000.0,6718.8,2428.37,2.76679,0.0015186,1.88207,0,615.0975814,10177.8,399.751,25.4603,0.00021223,0.196101,0,283.8627977,1993.42,587.098,3.39538,8.70326e-05,0.0767582,6,-353.8570697,2163.25,729.786,2.96423,0.000285966,0.24774
125.897836,1,AUTO,ARMED,5,AVAILABLE,UNAVAILABLE,UNAVAILABLE,125,7,ACTIVE,11,F1_N2-A3.NC,F1_N2-A3.NC,2077098.662,194564.758,5712.0,5038.9814,100,35.98333,4,100,0,9,100,12000.0,6718.8,2428.37,2.76679,0.0015186,1.88207,0,611.3911071,10177.8,399.751,25.4603,0.00021223,0.196101,0,283.8627906,1993.42,587.098,3.39538,8.70326e-05,0.0767582,6,-353.8569324,2163.25,729.786,2.96423,0.000285966,0.24774
126.03806,1,AUTO,ARMED,5,AVAILABLE,UNAVAILABLE,UNAVAILABLE,125,7,ACTIVE,11,F1_N2-A3.NC,F1_N2-A3.NC,2077098.662,194564.758,5712.0,5038.9814,100,35.98333,4,100,0,11,100,12000.0,6718.8,2428.37,2.76679,0.0015186,1.88207,0,607.6759152,10177.8,399.751,25.4603,0.00021223,0.196101,0,283.8628049,1993.42,587.098,3.39538,8.70326e-05,0.0767582,6,-353.8570239,2163.25,729.786,2.96423,0.000285966,0.24774
126.177214,1,AUTO,ARMED,5,AVAILABLE,UNAVAILABLE,UNAVAILABLE,125,7,ACTIVE,11,F1_N2-A3.NC,F1_N2-A3.NC,2077098.662,194564.758,5712.0,5038.9814,100,35.98333,5,100,0,10,100,12000.0,6718.8,2428.37,2.76679,0.0015186,1.88207,0,603.9786463,10177.8,399.751,25.4603,0.00021223,0.196101,0,283.8627906,1993.42,587.098,3.39538,8.70326e-05,0.0767582,6,-353.8569782,2163.25,729.786,2.96423,0.000285966,0.24774
126.327828,1,AUTO,ARMED,5,AVAILABLE,UNAVAILABLE,UNAVAILABLE,125,7,ACTIVE,11,F1_N2-A3.NC,F1_N2-A3.NC,2077098.662,194564.758,5712.0,5038.9814,100,35.98333,5,100,0,8,100,12000.0,6718.8,2428.37,2.76679,0.0015186,1.88207,0,600.2723722,10177.8,399.751,25.4603,0.00021223,0.196101,0,283.8628049,1993.42,587.098,3.39538,8.70326e-05,0.0767582,6,-353.8569782,2163.25,729.786,2.96423,0.000285966,0.24774
126.482308,1,AUTO,ARMED,5,AVAILABLE,UNAVAILABLE,UNAVAILABLE,125,7,ACTIVE,11,F1_N2-A3.NC,F1_N2-A3.NC,2077098.662,194564.758,5712.0,5038.9814,100,35.98333,5,100,0,12,100,12000.0,6838.78,2491.02,2.74537,0.00155357,1.92112,0,589.1533712,9625.66,340.151,28.2982,0.000156933,0.154151,0,283.862812,1753.25,582.456,3.0101,8.62501e-05,0.076198,6,-353.8570811,2139.22,661.387,3.23445,0.000266019,0.231349
126.644038,1,AUTO,ARMED,5,AVAILABLE,UNAVAILABLE,UNAVAILABLE,125,7,ACTIVE,11,F1_N2-A3.NC,F1_N2-A3.NC,2077098.662,194564.758,5712.0,5106.3618,100,35.98333,5,100,0,10,100,12000.0,6838.78,2491.02,2.74537,0.00155357,1.92112,0,585.4563026,9625.66,340.151,28.2982,0.000156933,0.154151,0,283.8627906,1753.25,582.456,3.0101,8.62501e-05,0.076198,6,-353.8569209,2139.22,661.387,3.23445,0.000266019,0.231349
126.781075,1,AUTO,ARMED,5,AVAILABLE,UNAVAILABLE,UNAVAILABLE,125,7,ACTIVE,11,F1_N2-A3.NC,F1_N2-A3.NC,2077098.662,194564.758,5712.0,5106.3618,100,35.98333,5,100,0,11,100,12000.0,6838.78,2491.02,2.74537,0.00155357,1.92112,0,578.0345834,9625.66,340.151,28.2982,0.000156933,0.154151,0,283.8627977,1753.25,582.456,3.0101,8.62501e-05,0.076198,6,-353.857001,2139.22,661.387,3.23445,0.000266019,0.231349
126.924975,1,AUTO,ARMED,5,AVAILABLE,UNAVAILABLE,UNAVAILABLE,125,7,ACTIVE,11,F1_N2-A3.NC,F1_N2-A3.NC,2077098.662,194564.758,5712.0,5106.3618,100,35.98333,5,100,0,9,100,12000.0,6838.78,2491.02,2.74537,0.00155357,1.92112,0,574.3373966,9625.66,340.151,28.2982,0.000156933,0.154151,0,283.862812,1753.25,582.456,3.0101,8.62501e-05,0.076198,6,-353.8569782,2139.22,661.387,3.23445,0.000266019,0.231349
127.06659,1,AUTO,ARMED,5,AVAILABLE,UNAVAILABLE,UNAVAILABLE,125,7,ACTIVE,11,F1_N2-A3.NC,F1_N2-A3.NC,2077098.662,194564.758,5712.0,5106.3618,100,35.98333,5,100,0,11,100,12000.0,6838.78,2491.02,2.74537,0.00155357,1.92112,0,570.6220423,9625.66,340.151,28.2982,0.000156933,0.154151,0,283.8628049,1753.25,582.456,3.0101,8.62501e-05,0.076198,6,-353.8570468,2139.22,661.387,3.23445,0.000266019,0.231349
127.215383,1,AUTO,ARMED,5,AVAILABLE,UNAVAILABLE,UNAVAILABLE,125,7,ACTIVE,11,F1_N2-A3.NC,F1_N2-A3.NC,2077098.662,194564.758,5712.0,5106.3618,100,35.98333,6,100,0,11,100,12000.0,6838.78,2491.02,2.74537,0.00155357,1.92112,0,563.2186064,9625.66,340.151,28.2982,0.000156933,0.154151,0,283.8628049,1753.25,582.456,3.0101,8.62501e-05,0.076198,6,-353.8570697,2139.22,661.387,3.23445,0.000266019,0.231349
127.358688,1,AUTO,ARMED,5,AVAILABLE,UNAVAILABLE,UNAVAILABLE,125,7,ACTIVE,11,F1_N2-A3.NC,F1_N2-A3.NC,2077098.662,194564.758,5712.0,5106.3618,100,35.98333,6,100,0,9,100,12000.0,6838.78,2491.02,2.74537,0.00155357,1.92112,0,557.65021,9625.66,340.151,28.2982,0.000156933,0.154151,0,283.8628049,1753.25,582.456,3.0101,8.62501e-05,0.076198,6,-353.8569782,2139.22,661.387,3.23445,0.000266019,0.231349
127.500366,1,AUTO,ARMED,5,AVAILABLE,UNAVAILABLE,UNAVAILABLE,125,7,ACTIVE,11,F1_N2-A3.NC,F1_N2-A3.NC,2077098.662,194564.758,5712.0,5106.3618,100,35.98333,6,100,0,11,100,12000.0,6526.84,2292.12,2.84751,0.00147746,1.81551,0,553.9437305,9745.68,634.467,15.3604,0.000356053,0.420492,0,283.8627977,1633.17,303.172,5.38694,0.000107517,0.0544883,6,-353.8569324,2019.03,592.639,3.40685,0.000262457,0.20467
127.641589,1,AUTO,ARMED,5,AVAILABLE,UNAVAILABLE,UNAVAILABLE,125,7,ACTIVE,11,F1_N2-A3.NC,F1_N2-A3.NC,2077098.662,194564.758,5712.0,3582.9226,100,35.98333,6,100,0,10,100,12000.0,6526.84,2292.12,2.84751,0.00147746,1.81551,0,550.2465349,9745.68,634.467,15.3604,0.000356053,0.420492,0,283.862812,1633.17,303.172,5.38694,0.000107517,0.0544883,6,-353.8570697,2019.03,592.639,3.40685,0.000262457,0.20467
127.785034,1,AUTO,ARMED,5,AVAILABLE,UNAVAILABLE,UNAVAILABLE,125,7,ACTIVE,11,F1_N2-A3.NC,F1_N2-A3.NC,2077098.662,194564.758,5712.0,3582.9226,100,35.98333,6,100,0,10,100,12000.0,6526.84,2292.12,2.84751,0.00147746,1.81551,0,546.5313795,9745.68,634.467,15.3604,0.000356053,0.420492,0,283.8627977,1633.17,303.172,5.38694,0.000107517,0.0544883,6,-353.8569667,2019.03,592.639,3.40685,0.000262457,0.20467
127.932142,1,AUTO,ARMED,5,AVAILABLE,UNAVAILABLE,UNAVAILABLE,125,7,ACTIVE,11,F1_N2-A3.NC,F1_N2-A3.NC,2077098.662,194564.758,5712.0,3582.9226,100,35.98333,6,100,0,8,100,12000.0,6526.84,2292.12,2.84751,0.00147746,1.81551,0,542.8251719,9745.68,634.467,15.3604,0.000356053,0.420492,0,283.862998,1633.17,303.172,5.38694,0.000107517,0.0544883,6,-353.857001,2019.03,592.639,3.40685,0.000262457,0.20467
128.078762,1,AUTO,ARMED,5,AVAILABLE,UNAVAILABLE,UNAVAILABLE,125,7,ACTIVE,11,F1_N2-A3.NC,F1_N2-A3.NC,2077098.662,194564.758,5712.0,3582.9226,100,18.1,7,100,0,8,100,12000.0,6526.84,2292.12,2.84751,0.00147746,1.81551,0,536.3165547,9745.68,634.467,15.3604,0.000356053,0.420492,0,283.8628549,1633.17,303.172,5.38694,0.000107517,0.0544883,6,-353.8569438,2019.03,592.639,3.40685,0.000262457,0.20467
128.236296,1,AUTO,ARMED,5,AVAILABLE,UNAVAILABLE,UNAVAILABLE,126,7,ACTIVE,11,F1_N2-A3.NC,F1_N2-A3.NC,2077098.662,194564.758,5712.0,3582.9226,100,0.0,7,100,0,2,100,12000.0,6526.84,2292.12,2.84751,0.00147746,1.81551,0,536.2624178,9745.68,634.467,15.3604,0.000356053,0.420492,0,283.8628049,1633.17,303.172,5.38694,0.000107517,0.0544883,6,-353.8570468,2019.03,592.639,3.40685,0.000262457,0.20467
128.389522,1,AUTO,ARMED,5,AVAILABLE,UNAVAILABLE,UNAVAILABLE,126,7,ACTIVE,11,F1_N2-A3.NC,F1_N2-A3.NC,2077098.662,194564.758,5712.0,3582.9226,100,0.0,7,100,0,4,100,12000.0,6526.84,2292.12,2.84751,0.00147746,1.81551,0,536.2624464,9745.68,634.467,15.3604,0.000356053,0.420492,0,283.8627977,1633.17,303.172,5.38694,0.000107517,0.0544883,6,-353.857001,2019.03,592.639,3.40685,0.000262457,0.20467
128.527853,1,AUTO,ARMED,5,AVAILABLE,UNAVAILABLE,UNAVAILABLE,126,7,ACTIVE,11,F1_N2-A3.NC,F1_N2-A3.NC,2077098.662,194564.758,5712.0,3582.9226,100,0.0,7,100,0,5,100,12000.0,5399.04,2303.41,2.34393,0.00147353,1.82159,0,536.2624678,3792.65,259.296,14.6267,0.000265625,0.2125,0,283.8627977,624.447,152.652,4.09066,0.00012758,0.0571986,6,-353.8569553,1874.82,591.386,3.17021,0.00025869,0.21289
128.668039,1,AUTO,ARMED,5,AVAILABLE,UNAVAILABLE,UNAVAILABLE,126,7,ACTIVE,11,F1_N2-A3.NC,F1_N2-A3.NC,2077098.662,194564.758,5712.0,3964.1846,100,0.0,7,100,0,5,100,12000.0,5399.04,2303.41,2.34393,0.00147353,1.82159,0,536.2624678,3792.65,259.296,14.6267,0.000265625,0.2125,0,283.8627977,624.447,152.652,4.09066,0.00012758,0.0571986,6,-353.8570125,1874.82,591.386,3.17021,0.00025869,0.21289
128.806276,1,AUTO,ARMED,5,AVAILABLE,UNAVAILABLE,UNAVAILABLE,126,7,ACTIVE,11,F1_N2-A3.NC,F1_N2-A3.NC,2077098.662,194564.758,5712.0,3964.1846,100,0.0,7,100,0,5,100,12000.0,5399.04,2303.41,2.34393,0.00147353,1.82159,0,536.2624821,3792.65,259.296,14.6267,0.000265625,0.2125,0,283.8627977,624.447,152.652,4.09066,0.00012758,0.0571986,6,-353.8569438,1874.82,591.386,3.17021,0.00025869,0.21289
128.94572,1,AUTO,ARMED,5,AVAILABLE,UNAVAILABLE,UNAVAILABLE,126,7,ACTIVE,11,F1_N2-A3.NC,F1_N2-A3.NC,2077098.662,194564.758,5712.0,3964.1846,100,0.0,7,100,0,7,100,12000.0,5399.04,2303.41,2.34393,0.00147353,1.82159,0,536.2624893,3792.65,259.296,14.6267,0.000265625,0.2125,0,283.8628049,624.447,152.652,4.09066,0.00012758,0.0571986,6,-353.8569324,1874.82,591.386,3.17021,0.00025869,0.21289
129.101379,1,AUTO,ARMED,5,AVAILABLE,UNAVAILABLE,UNAVAILABLE,126,7,ACTIVE,11,F1_N2-A3.NC,F1_N2-A3.NC,2077098.662,194564.758,5712.0,3964.1846,100,0.0,8,100,0,7,100,12000.0,5399.04,2303.41,2.34393,0.00147353,1.82159,0,536.2624964,3792.65,259.296,14.6267,0.000265625,0.2125,0,284.4485789,624.447,152.652,4.09066,0.00012758,0.0571986,6,-353.8569553,1874.82,591.386,3.17021,0.00025869,0.21289
129.244217,1,AUTO,ARMED,5,AVAILABLE,UNAVAILABLE,UNAVAILABLE,129,7,ACTIVE,11,F1_N2-A3.NC,F1_N2-A3.NC,2077098.662,194564.758,5712.0,3964.1846,100,0.0,8,100,0,6,100,12000.0,5399.04,2303.41,2.34393,0.00147353,1.82159,0,536.2625036,3792.65,259.296,14.6267,0.000265625,0.2125,0,284.4973803,624.447,152.652,4.09066,0.00012758,0.0571986,6,-353.8570239,1874.82,591.386,3.17021,0.00025869,0.21289
129.391773,1,AUTO,ARMED,5,AVAILABLE,UNAVAILABLE,UNAVAILABLE,130,7,ACTIVE,11,F1_N2-A3.NC,F1_N2-A3.NC,2077098.662,194564.758,5712.0,3964.1846,100,0.0,8,100,0,7,100,12000.0,5399.04,2303.41,2.34393,0.00147353,1.82159,0,536.2625036,3792.65,259.296,14.6267,0.000265625,0.2125,0,284.4975949,624.447,152.652,4.09066,0.00012758,0.0571986,6,-353.8569324,1874.82,591.386,3.17021,0.00025869,0.21289
129.565949,1,AUTO,ARMED,5,AVAILABLE,UNAVAILABLE,UNAVAILABLE,130,7,ACTIVE,11,F1_N2-A3.NC,F1_N2-A3.NC,2077098.662,194564.758,5712.0,3964.1846,100,0.0,8,100,0,4,100,12000.0,5399.04,2303.41,2.34393,0.00147353,1.82159,0,536.2625036,3792.65,259.296,14.6267,0.000265625,0.2125,0,284.4978095,624.447,152.652,4.09066,0.00012758,0.0571986,6,-353.8569553,1874.82,591.386,3.17021,0.00025869,0.21289
129.712379,1,AUTO,ARMED,5,AVAILABLE,UNAVAILABLE,UNAVAILABLE,130,7,ACTIVE,11,F1_N2-A3.NC,F1_N2-A3.NC,2077098.662,194564.758,5712.0,3964.1846,100,0.0,8,100,0,4,100,12000.0,5423.04,2318.4,2.33913,0.00148551,1.83656,0,536.2625036,3744.64,266.026,14.0762,0.000270578,0.217281,0,284.4978023,624.444,147.231,4.24125,7.42002e-05,0.0450989,6,-353.8569782,1826.74,623.648,2.92912,0.000138118,0.211761
129.854445,1,AUTO,ARMED,5,AVAILABLE,UNAVAILABLE,UNAVAILABLE,130,7,ACTIVE,11,F1_N2-A3.NC,F1_N2-A3.NC,2077098.662,194564.758,5712.0,4012.4111,100,0.0,8,100,0,4,100,12000.0,5423.04,2318.4,2.33913,0.00148551,1.83656,0,536.2624964,3744.64,266.026,14.0762,0.000270578,0.217281,0,284.4978023,624.444,147.231,4.24125,7.42002e-05,0.0450989,6,-353.8569667,1826.74,623.648,2.92912,0.000138118,0.211761
129.995963,1,AUTO,ARMED,5,AVAILABLE,UNAVAILABLE,UNAVAILABLE,130,7,ACTIVE,11,F1_N2-A3.NC,F1_N2-A3.NC,2077098.662,194564.758,5712.0,4012.4111,100,0.0,8,100,0,3,100,12000.0,5423.04,2318.4,2.33913,0.00148551,1.83656,0,536.2624964,3744.64,266.026,14.0762,0.000270578,0.217281,0,284.4978023,624.444,147.231,4.24125,7.42002e-05,0.0450989,6,-353.8570354,1826.74,623.648,2.92912,0.000138118,0.211761
130.139532,1,AUTO,ARMED,5,AVAILABLE,UNAVAILABLE,UNAVAILABLE,130,7,ACTIVE,11,F1_N2-A3.NC,F1_N2-A3.NC,2077098.662,194564.758,5712.0,4012.4111,100,0.0,9,100,0,4,100,12000.0,5423.04,2318.4,2.33913,0.00148551,1.83656,0,536.2624964,3744.64,266.026,14.0762,0.000270578,0.217281,0,284.4977952,624.444,147.231,4.24125,7.42002e-05,0.0450989,6,-353.8569438,1826.74,623.648,2.92912,0.000138118,0.211761
130.284206,1,AUTO,ARMED,5,AVAILABLE,UNAVAILABLE,UNAVAILABLE,131,7,ACTIVE,11,F1_N2-A3.NC,F1_N2-A3.NC,2077098.662,194564.758,5712.0,4012.4111,100,0.0,9,100,0,5,100,12000.0,5423.04,2318.4,2.33913,0.00148551,1.83656,0,540.3060981,3744.64,266.026,14.0762,0.000270578,0.217281,0,284.4977809,624.444,147.231,4.24125,7.42002e-05,0.0450989,6,-353.8570583,1826.74,623.648,2.92912,0.000138118,0.211761
130.441677,1,AUTO,ARMED,5,AVAILABLE,UNAVAILABLE,UNAVAILABLE,131,7,ACTIVE,11,F1_N2-A3.NC,F1_N2-A3.NC,2077098.662,194564.758,5712.0,4012.4111,100,42.33333,9,100,0,6,100,12000.0,5423.04,2318.4,2.33913,0.00148551,1.83656,0,544.6632803,3744.64,266.026,14.0762,0.000270578,0.217281,0,284.4976307,624.444,147.231,4.24125,7.42002e-05,0.0450989,6,-353.8569667,1826.74,623.648,2.92912,0.000138118,0.211761
130.585727,1,AUTO,ARMED,5,AVAILABLE,UNAVAILABLE,UNAVAILABLE,131,7,ACTIVE,11,F1_N2-A3.NC,F1_N2-A3.NC,2077098.662,194564.758,5712.0,4012.4111,100,42.33333,9,100,0,11,100,12000.0,5423.04,2318.4,2.33913,0.00148551,1.83656,1,553.3946889,3744.64,266.026,14.0762,0.000270578,0.217281,0,284.4977809,624.444,147.231,4.24125,7.42002e-05,0.0450989,6,-353.8570354,1826.74,623.648,2.92912,0.000138118,0.211761
130.743606,1,AUTO,ARMED,5,AVAILABLE,UNAVAILABLE,UNAVAILABLE,131,7,ACTIVE,11,F1_N2-A3.NC,F1_N2-A3.NC,2077098.662,194564.758,5712.0,4012.4111,100,42.33333,9,100,0,13,100,12000.0,6718.8,2518.09,2.66821,0.00155619,1.93238,1,557.7447044,13754.4,550.77,24.973,0.000298959,0.299553,0,284.4978023,2569.84,778.506,3.30099,0.000101955,0.110177,6,-353.8569667,2355.54,833.574,2.82583,0.000223894,0.250625
130.883511,1,AUTO,ARMED,5,AVAILABLE,UNAVAILABLE,UNAVAILABLE,131,7,ACTIVE,11,F1_N2-A3.NC,F1_N2-A3.NC,2077098.662,194564.758,5712.0,5058.8569,100,42.33333,9,100,0,13,100,12000.0,6718.8,2518.09,2.66821,0.00155619,1.93238,1,562.1153391,13754.4,550.77,24.973,0.000298959,0.299553,0,284.4978023,2569.84,778.506,3.30099,0.000101955,0.110177,6,-353.8570697,2355.54,833.574,2.82583,0.000223894,0.250625
131.025802,1,AUTO,ARMED,5,AVAILABLE,UNAVAILABLE,UNAVAILABLE,131,7,ACTIVE,11,F1_N2-A3.NC,F1_N2-A3.NC,2077098.662,194564.758,5712.0,5058.8569,100,42.33333,9,100,0,13,100,12000.0,6718.8,2518.09,2.66821,0.00155619,1.93238,1,570.8253267,13754.4,550.77,24.973,0.000298959,0.299553,0,284.4978023,2569.84,778.506,3.30099,0.000101955,0.110177,6,-353.8570697,2355.54,833.574,2.82583,0.000223894,0.250625
131.172779,1,AUTO,ARMED,5,AVAILABLE,UNAVAILABLE,UNAVAILABLE,131,7,ACTIVE,11,F1_N2-A3.NC,F1_N2-A3.NC,2077098.662,194564.758,5712.0,5058.8569,100,42.33333,10,100,0,11,100,12000.0,6718.8,2518.09,2.66821,0.00155619,1.93238,1,575.1965495,13754.4,550.77,24.973,0.000298959,0.299553,0,284.497788,2569.84,778.506,3.30099,0.000101955,0.110177,6,-353.8569553,2355.54,833.574,2.82583,0.000223894,0.250625
131.3347,1,AUTO,ARMED,5,AVAILABLE,UNAVAILABLE,UNAVAILABLE,131,7,ACTIVE,11,F1_N2-A3.NC,F1_N2-A3.NC,2077098.662,194564.758,5712.0,5058.8569,100,42.33333,10,100,0,10,100,12000.0,6718.8,2518.09,2.66821,0.00155619,1.93238,1,581.7264152,13754.4,550.77,24.973,0.000298959,0.299553,0,284.4977952,2569.84,778.506,3.30099,0.000101955,0.110177,6,-353.8569324,2355.54,833.574,2.82583,0.000223894,0.250625
131.479531,1,AUTO,ARMED,5,AVAILABLE,UNAVAILABLE,UNAVAILABLE,131,7,ACTIVE,11,F1_N2-A3.NC,F1_N2-A3.NC,2077098.662,194564.758,5712.0,5058.8569,100,42.33333,10,100,0,10,100,12000.0,6718.8,2518.09,2.66821,0.00155619,1.93238,1,586.0866745,13754.4,550.77,24.973,0.000298959,0.299553,0,284.4978166,2569.84,778.506,3.30099,0.000101955,0.110177,6,-353.8570697,2355.54,833.574,2.82583,0.000223894,0.250625
131.619796,1,AUTO,ARMED,5,AVAILABLE,UNAVAILABLE,UNAVAILABLE,131,7,ACTIVE,11,F1_N2-A3.NC,F1_N2-A3.NC,2077098.662,194564.758,5712.0,5058.8569,100,42.33333,10,100,0,11,100,12000.0,6718.8,2518.09,2.66821,0.00155619,1.93238,1,594.8176776,13754.4,550.77,24.973,0.000298959,0.299553,0,284.4978095,2569.84,778.506,3.30099,0.000101955,0.110177,6,-353.8569896,2355.54,833.574,2.82583,0.000223894,0.250625
131.764611,1,AUTO,ARMED,5,AVAILABLE,UNAVAILABLE,UNAVAILABLE,131,7,ACTIVE,11,F1_N2-A3.NC,F1_N2-A3.NC,2077098.662,194564.758,5712.0,5058.8569,100,42.33333,10,100,0,11,100,12000.0,6526.84,2513.04,2.59719,0.00155389,1.93119,1,603.5280744,14450.5,537.027,26.9083,0.000290876,0.293747,0,284.4978023,2281.63,587.546,3.88332,7.56666e-05,0.0835351,6,-353.8569438,2283.43,866.952,2.63386,0.000197594,0.265414
131.907769,1,AUTO,ARMED,5,AVAILABLE,UNAVAILABLE,UNAVAILABLE,131,7,ACTIVE,11,F1_N2-A3.NC,F1_N2-A3.NC,2077098.662,194564.758,5712.0,5127.1343,100,42.33333,10,100,0,11,100,12000.0,6526.84,2513.04,2.59719,0.00155389,1.93119,1,607.8884833,14450.5,537.027,26.9083,0.000290876,0.293747,0,284.4978095,2281.63,587.546,3.88332,7.56666e-05,0.0835351,6,-353.8570697,2283.43,866.952,2.63386,0.000197594,0.265414
132.04819,1,AUTO,ARMED,5,AVAILABLE,UNAVAILABLE,UNAVAILABLE,131,7,ACTIVE,11,F1_N2-A3.NC,F1_N2-A3.NC,2077098.662,194564.758,5712.0,5127.1343,100,42.33333,10,100,0,12,100,12000.0,6526.84,2513.04,2.59719,0.00155389,1.93119,1,612.2484537,14450.5,537.027,26.9083,0.000290876,0.293747,0,284.497788,2281.63,587.546,3.88332,7.56666e-05,0.0835351,6,-353.8569209,2283.43,866.952,2.63386,0.000197594,0.265414
132.189419,1,AUTO,ARMED,5,AVAILABLE,UNAVAILABLE,UNAVAILABLE,131,7,ACTIVE,11,F1_N2-A3.NC,F1_N2-A3.NC,2077098.662,194564.758,5712.0,5127.1343,100,42.33333,11,100,0,9,100,12000.0,6526.84,2513.04,2.59719,0.00155389,1.93119,1,620.9798832,14450.5,537.027,26.9083,0.000290876,0.293747,0,284.4977952,2281.63,587.546,3.88332,7.56666e-05,0.0835351,6,-353.8569782,2283.43,866.952,2.63386,0.000197594,0.265414
132.347518,1,AUTO,ARMED,5,AVAILABLE,UNAVAILABLE,UNAVAILABLE,131,7,ACTIVE,11,F1_N2-A3.NC,F1_N2-A3.NC,2077098.662,194564.758,5712.0,5127.1343,100,42.33333,11,100,0,10,100,12000.0,6526.84,2513.04,2.59719,0.00155389,1.93119,1,625.3299198,14450.5,537.027,26.9083,0.000290876,0.293747,0,284.4978023,2281.63,587.546,3.88332,7.56666e-05,0.0835351,6,-353.857001,2283.43,866.952,2.63386,0.000197594,0.265414
132.494782,1,AUTO,ARMED,5,AVAILABLE,UNAVAILABLE,UNAVAILABLE,131,7,ACTIVE,11,F1_N2-A3.NC,F1_N2-A3.NC,2077098.662,194564.758,5712.0,5127.1343,100,42.33333,11,100,0,10,100,12000.0,6526.84,2513.04,2.59719,0.00155389,1.93119,1,629.689884,14450.5,537.027,26.9083,0.000290876,0.293747,0,284.4977952,2281.63,587.546,3.88332,7.56666e-05,0.0835351,6,-353.8570354,2283.43,866.952,2.63386,0.000197594,0.265414
132.637594,1,AUTO,ARMED,5,AVAILABLE,UNAVAILABLE,UNAVAILABLE,131,7,ACTIVE,11,F1_N2-A3.NC,F1_N2-A3.NC,2077098.662,194564.758,5712.0,5127.1343,100,42.33333,11,100,0,12,100,12000.0,6526.84,2513.04,2.59719,0.00155389,1.93119,0,638.4105586,14450.5,537.027,26.9083,0.000290876,0.293747,0,284.4978023,2281.63,587.546,3.88332,7.56666e-05,0.0835351,6,-353.8570811,2283.43,866.952,2.63386,0.000197594,0.265414
132.779474,1,AUTO,ARMED,5,AVAILABLE,UNAVAILABLE,UNAVAILABLE,131,7,ACTIVE,11,F1_N2-A3.NC,F1_N2-A3.NC,2077098.662,194564.758,5712.0,5127.1343,100,42.33333,11,100,0,11,100,12000.0,6550.83,2342.44,2.79658,0.00149447,1.84816,1,647.1206134,14114.4,269.666,52.3403,0.000214048,0.215837,0,284.4978381,1969.41,178.839,11.0122,7.83429e-05,0.0567671,6,-353.8570697,2211.32,624.654,3.54007,0.000160913,0.215758
132.920473,1,AUTO,ARMED,5,AVAILABLE,UNAVAILABLE,UNAVAILABLE,131,7,ACTIVE,11,F1_N2-A3.NC,F1_N2-A3.NC,2077098.662,194564.758,5712.0,3601.8936,100,42.33333,11,100,0,11,100,12000.0,6550.83,2342.44,2.79658,0.00149447,1.84816,1,651.4918443,14114.4,269.666,52.3403,0.000214048,0.215837,0,284.4980169,1969.41,178.839,11.0122,7.83429e-05,0.0567671,6,-353.8569782,2211.32,624.654,3.54007,0.000160913,0.215758
133.069769,1,AUTO,ARMED,5,AVAILABLE,UNAVAILABLE,UNAVAILABLE,131,7,ACTIVE,11,F1_N2-A3.NC,F1_N2-A3.NC,2077098.662,194564.758,5712.0,3601.8936,100,39.63333,11,100,0,7,100,12000.0,6550.83,2342.44,2.79658,0.00149447,1.84816,0,655.3767152,14114.4,269.666,52.3403,0.000214048,0.215837,0,284.4978882,1969.41,178.839,11.0122,7.83429e-05,0.0567671,6,-353.8569667,2211.32,624.654,3.54007,0.000160913,0.215758
133.222645,1,AUTO,ARMED,5,AVAILABLE,UNAVAILABLE,UNAVAILABLE,132,7,ACTIVE,11,F1_N2-A3.NC,F1_N2-A3.NC,2077098.662,194564.758,5712.0,3601.8936,100,17.11667,12,100,0,3,100,12000.0,6550.83,2342.44,2.79658,0.00149447,1.84816,0,655.6421923,14114.4,269.666,52.3403,0.000214048,0.215837,0,284.4978166,1969.41,178.839,11.0122,7.83429e-05,0.0567671,6,-353.8569896,2211.32,624.654,3.54007,0.000160913,0.215758
133.375471,1,AUTO,ARMED,5,AVAILABLE,UNAVAILABLE,UNAVAILABLE,132,7,ACTIVE,11,F1_N2-A3.NC,F1_N2-A3.NC,2077098.662,194564.758,5712.0,3601.8936,100,0.0,12,100,0,2,100,12000.0,6550.83,2342.44,2.79658,0.00149447,1.84816,0,655.6425857,14114.4,269.666,52.3403,0.000214048,0.215837,0,284.4978023,1969.41,178.839,11.0122,7.83429e-05,0.0567671,6,-353.8570239,2211.32,624.654,3.54007,0.000160913,0.215758
133.561626,1,AUTO,ARMED,5,AVAILABLE,UNAVAILABLE,UNAVAILABLE,132,7,ACTIVE,11,F1_N2-A3.NC,F1_N2-A3.NC,2077098.662,194564.758,5712.0,3601.8936,100,0.0,12,100,0,4,100,12000.0,6550.83,2342.44,2.79658,0.00149447,1.84816,0,655.6425499,14114.4,269.666,52.3403,0.000214048,0.215837,0,284.4978023,1969.41,178.839,11.0122,7.83429e-05,0.0567671,6,-353.8570468,2211.32,624.654,3.54007,0.000160913,0.215758
133.701666,1,AUTO,ARMED,5,AVAILABLE,UNAVAILABLE,UNAVAILABLE,132,7,ACTIVE,11,F1_N2-A3.NC,F1_N2-A3.NC,2077098.662,194564.758,5712.0,3601.8936,100,0.0,12,100,0,5,100,12000.0,6550.83,2342.44,2.79658,0.00149447,1.84816,0,655.6425284,14114.4,269.666,52.3403,0.000214048,0.215837,0,284.4978023,1969.41,178.839,11.0122,7.83429e-05,0.0567671,6,-353.8570697,2211.32,624.654,3.54007,0.000160913,0.215758
133.845439,1,AUTO,ARMED,5,AVAILABLE,UNAVAILABLE,UNAVAILABLE,132,7,ACTIVE,11,F1_N2-A3.NC,F1_N2-A3.NC,2077098.662,194564.758,5712.0,3601.8936,100,0.0,12,100,0,4,100,12000.0,5375.04,2322.09,2.31474,0.00149399,1.83348,0,655.6425141,1656.28,266.825,6.20736,0.000225171,0.199641,0,284.4977952,672.479,176.737,3.80497,0.000102113,0.0578594,6,-353.8569438,1826.74,594.034,3.07514,0.000351855,0.215099
133.986669,1,AUTO,ARMED,5,AVAILABLE,UNAVAILABLE,UNAVAILABLE,132,7,ACTIVE,11,F1_N2-A3.NC,F1_N2-A3.NC,2077098.662,194564.758,5712.0,3601.8936,100,0.0,12,100,0,5,100,12000.0,5375.04,2322.09,2.31474,0.00149399,1.83348,0,655.6425141,1656.28,266.825,6.20736,0.000225171,0.199641,0,284.4977952,672.479,176.737,3.80497,0.000102113,0.0578594,6,-353.8569782,1826.74,594.034,3.07514,0.000351855,0.215099
134.138684,1,AUTO,ARMED,5,AVAILABLE,UNAVAILABLE,UNAVAILABLE,132,7,ACTIVE,11,F1_N2-A3.NC,F1_N2-A3.NC,2077098.662,194564.758,5712.0,4697.0605,100,0.0,13,100,0,6,100,12000.0,5375.04,2322.09,2.31474,0.00149399,1.83348,0,655.6424998,1656.28,266.825,6.20736,0.000225171,0.199641,1,284.5017004,672.479,176.737,3.80497,0.000102113,0.0578594,6,-353.8570125,1826.74,594.034,3.07514,0.000351855,0.215099
134.298749,1,AUTO,ARMED,5,AVAILABLE,UNAVAILABLE,UNAVAILABLE,133,7,ACTIVE,11,F1_N2-A3.NC,F1_N2-A3.NC,2077098.662,194564.758,5712.0,4697.0605,100,0.0,13,100,0,6,100,12000.0,5375.04,2322.09,2.31474,0.00149399,1.83348,0,655.5152021,1656.28,266.825,6.20736,0.000225171,0.199641,1,285.1325638,672.479,176.737,3.80497,0.000102113,0.0578594,6,-353.8570239,1826.74,594.034,3.07514,0.000351855,0.215099
134.43755,1,AUTO,ARMED,5,AVAILABLE,UNAVAILABLE,UNAVAILABLE,134,7,ACTIVE,11,F1_N2-A3.NC,F1_N2-A3.NC,2077098.662,194564.758,5712.0,4697.0605,100,42.23333,13,100,0,6,100,12000.0,5375.04,2322.09,2.31474,0.00149399,1.83348,0,647.8705829,1656.28,266.825,6.20736,0.000225171,0.199641,0,285.1326138,672.479,176.737,3.80497,0.000102113,0.0578594,6,-353.8570811,1826.74,594.034,3.07514,0.000351855,0.215099
134.58055,1,AUTO,ARMED,5,AVAILABLE,UNAVAILABLE,UNAVAILABLE,134,7,ACTIVE,11,F1_N2-A3.NC,F1_N2-A3.NC,2077098.662,194564.758,5712.0,4697.0605,100,42.23333,13,100,0,8,100,12000.0,5375.04,2322.09,2.31474,0.00149399,1.83348,0,643.5213021,1656.28,266.825,6.20736,0.000225171,0.199641,0,285.1328141,672.479,176.737,3.80497,0.000102113,0.0578594,6,-353.8570583,1826.74,594.034,3.07514,0.000351855,0.215099
134.719459,1,AUTO,ARMED,5,AVAILABLE,UNAVAILABLE,UNAVAILABLE,134,7,ACTIVE,11,F1_N2-A3.NC,F1_N2-A3.NC,2077098.662,194564.758,5712.0,4697.0605,100,42.33333,13,100,0,10,100,12000.0,5375.04,2322.09,2.31474,0.00149399,1.83348,0,634.8005001,1656.28,266.825,6.20736,0.000225171,0.199641,0,285.1328069,672.479,176.737,3.80497,0.000102113,0.0578594,6,-353.8569438,1826.74,594.034,3.07514,0.000351855,0.215099
134.857747,1,AUTO,ARMED,5,AVAILABLE,UNAVAILABLE,UNAVAILABLE,134,7,ACTIVE,11,F1_N2-A3.NC,F1_N2-A3.NC,2077098.662,194564.758,5712.0,4697.0605,100,42.33333,13,100,0,10,100,12000.0,6694.81,2474.67,2.70533,0.00153984,1.90018,0,630.4399388,11882.0,500.504,23.7401,0.000237126,0.236255,0,285.1328141,1729.23,664.439,2.60254,9.13418e-05,0.0866156,6,-353.8570354,2259.4,715.998,3.1556,0.000231385,0.241055
134.993187,1,AUTO,ARMED,5,AVAILABLE,UNAVAILABLE,UNAVAILABLE,134,7,ACTIVE,11,F1_N2-A3.NC,F1_N2-A3.NC,2077098.662,194564.758,5712.0,4697.0605,100,42.33333,13,100,0,13,100,12000.0,6694.81,2474.67,2.70533,0.00153984,1.90018,0,626.0693785,11882.0,500.504,23.7401,0.000237126,0.236255,0,285.1327998,1729.23,664.439,2.60254,9.13418e-05,0.0866156,6,-353.8570125,2259.4,715.998,3.1556,0.000231385,0.241055
135.156939,1,AUTO,ARMED,5,AVAILABLE,UNAVAILABLE,UNAVAILABLE,134,7,ACTIVE,11,F1_N2-A3.NC,F1_N2-A3.NC,2077098.662,194564.758,5712.0,5117.2847,100,42.33333,14,100,0,11,100,12000.0,6694.81,2474.67,2.70533,0.00153984,1.90018,0,617.3591419,11882.0,500.504,23.7401,0.000237126,0.236255,0,285.1328069,1729.23,664.439,2.60254,9.13418e-05,0.0866156,6,-353.8570468,2259.4,715.998,3.1556,0.000231385,0.241055
135.302448,1,AUTO,ARMED,5,AVAILABLE,UNAVAILABLE,UNAVAILABLE,134,7,ACTIVE,11,F1_N2-A3.NC,F1_N2-A3.NC,2077098.662,194564.758,5712.0,5117.2847,100,42.33333,14,100,0,11,100,12000.0,6694.81,2474.67,2.70533,0.00153984,1.90018,0,615.1791187,11882.0,500.504,23.7401,0.000237126,0.236255,0,285.1328141,1729.23,664.439,2.60254,9.13418e-05,0.0866156,6,-353.8570354,2259.4,715.998,3.1556,0.000231385,0.241055
135.453774,1,AUTO,ARMED,5,AVAILABLE,UNAVAILABLE,UNAVAILABLE,134,7,ACTIVE,11,F1_N2-A3.NC,F1_N2-A3.NC,2077098.662,194564.758,5712.0,5117.2847,100,42.33333,14,100,0,11,100,12000.0,6694.81,2474.67,2.70533,0.00153984,1.90018,0,606.4475645,11882.0,500.504,23.7401,0.000237126,0.236255,0,285.1327998,1729.23,664.439,2.60254,9.13418e-05,0.0866156,6,-353.8569553,2259.4,715.998,3.1556,0.000231385,0.241055
135.593723,1,AUTO,ARMED,5,AVAILABLE,UNAVAILABLE,UNAVAILABLE,134,7,ACTIVE,11,F1_N2-A3.NC,F1_N2-A3.NC,2077098.662,194564.758,5712.0,5117.2847,100,42.33333,14,100,0,8,100,12000.0,6694.81,2474.67,2.70533,0.00153984,1.90018,0,597.7375211,11882.0,500.504,23.7401,0.000237126,0.236255,0,285.1327998,1729.23,664.439,2.60254,9.13418e-05,0.0866156,6,-353.8569324,2259.4,715.998,3.1556,0.000231385,0.241055
135.746257,1,AUTO,ARMED,5,AVAILABLE,UNAVAILABLE,UNAVAILABLE,134,7,ACTIVE,11,F1_N2-A3.NC,F1_N2-A3.NC,2077098.662,194564.758,5712.0,5117.2847,100,42.33333,14,100,0,12,100,12000.0,6694.81,2474.67,2.70533,0.00153984,1.90018,0,593.3667385,11882.0,500.504,23.7401,0.000237126,0.236255,0,285.1328069,1729.23,664.439,2.60254,9.13418e-05,0.0866156,6,-353.8570468,2259.4,715.998,3.1556,0.000231385,0.241055
135.88952,1,AUTO,ARMED,5,AVAILABLE,UNAVAILABLE,UNAVAILABLE,134,7,ACTIVE,11,F1_N2-A3.NC,F1_N2-A3.NC,2077098.662,194564.758,5712.0,5117.2847,100,42.33333,14,100,0,10,100,12000.0,6694.81,2474.67,2.70533,0.00153984,1.90018,0,589.0168775,11882.0,500.504,23.7401,0.000237126,0.236255,0,285.1327926,1729.23,664.439,2.60254,9.13418e-05,0.0866156,6,-353.8569553,2259.4,715.998,3.1556,0.000231385,0.241055
136.032868,1,AUTO,ARMED,5,AVAILABLE,UNAVAILABLE,UNAVAILABLE,134,7,ACTIVE,11,F1_N2-A3.NC,F1_N2-A3.NC,2077098.662,194564.758,5712.0,5117.2847,100,42.33333,14,100,0,10,100,12000.0,6790.79,2512.48,2.70282,0.00156757,1.94264,0,580.2857959,12674.2,1199.86,10.5631,0.000746718,0.909925,0,285.1327998,1873.34,682.289,2.74567,7.07533e-05,0.0859834,6,-353.8570468,2115.18,734.555,2.87954,0.00032767,0.247252
136.180094,1,AUTO,ARMED,5,AVAILABLE,UNAVAILABLE,UNAVAILABLE,134,7,ACTIVE,11,F1_N2-A3.NC,F1_N2-A3.NC,2077098.662,194564.758,5712.0,5117.2847,100,42.33333,15,100,0,9,100,12000.0,6790.79,2512.48,2.70282,0.00156757,1.94264,0,575.9360858,12674.2,1199.86,10.5631,0.000746718,0.909925,0,285.1327926,1873.34,682.289,2.74567,7.07533e-05,0.0859834,6,-353.8569553,2115.18,734.555,2.87954,0.00032767,0.247252
136.319278,1,AUTO,ARMED,5,AVAILABLE,UNAVAILABLE,UNAVAILABLE,134,7,ACTIVE,11,F1_N2-A3.NC,F1_N2-A3.NC,2077098.662,194564.758,5712.0,5126.1841,100,42.33333,15,100,0,12,100,12000.0,6790.79,2512.48,2.70282,0.00156757,1.94264,0,567.2152648,12674.2,1199.86,10.5631,0.000746718,0.909925,0,285.1327926,1873.34,682.289,2.74567,7.07533e-05,0.0859834,6,-353.8569324,2115.18,734.555,2.87954,0.00032767,0.247252
136.469422,1,AUTO,ARMED,5,AVAILABLE,UNAVAILABLE,UNAVAILABLE,134,7,ACTIVE,11,F1_N2-A3.NC,F1_N2-A3.NC,2077098.662,194564.758,5712.0,5126.1841,100,42.33333,15,100,0,9,100,12000.0,6790.79,2512.48,2.70282,0.00156757,1.94264,0,562.8549402,12674.2,1199.86,10.5631,0.000746718,0.909925,0,285.1328141,1873.34,682.289,2.74567,7.07533e-05,0.0859834,6,-353.8570583,2115.18,734.555,2.87954,0.00032767,0.247252
136.613933,1,AUTO,ARMED,5,AVAILABLE,UNAVAILABLE,UNAVAILABLE,134,7,ACTIVE,11,F1_N2-A3.NC,F1_N2-A3.NC,2077098.662,194564.758,5712.0,5126.1841,100,42.33333,15,100,0,9,100,12000.0,6790.79,2512.48,2.70282,0.00156757,1.94264,0,554.1447073,12674.2,1199.86,10.5631,0.000746718,0.909925,0,285.1328213,1873.34,682.289,2.74567,7.07533e-05,0.0859834,6,-353.8570239,2115.18,734.555,2.87954,0.00032767,0.247252
136.757622,1,AUTO,ARMED,5,AVAILABLE,UNAVAILABLE,UNAVAILABLE,134,7,ACTIVE,11,F1_N2-A3.NC,F1_N2-A3.NC,2077098.662,194564.758,5712.0,5126.1841,100,42.33333,15,100,0,9,100,12000.0,6790.79,2512.48,2.70282,0.00156757,1.94264,0,549.7740511,12674.2,1199.86,10.5631,0.000746718,0.909925,0,285.1328069,1873.34,682.289,2.74567,7.07533e-05,0.0859834,6,-353.8570239,2115.18,734.555,2.87954,0.00032767,0.247252
136.895181,1,AUTO,ARMED,5,AVAILABLE,UNAVAILABLE,UNAVAILABLE,134,7,ACTIVE,11,F1_N2-A3.NC,F1_N2-A3.NC,2077098.662,194564.758,5712.0,5126.1841,100,42.33333,15,100,0,11,100,12000.0,6790.79,2512.48,2.70282,0.00156757,1.94264,0,545.4135371,12674.2,1199.86,10.5631,0.000746718,0.909925,0,285.1328069,1873.34,682.289,2.74567,7.07533e-05,0.0859834,6,-353.8569438,2115.18,734.555,2.87954,0.00032767,0.247252
137.032356,1,AUTO,ARMED,5,AVAILABLE,UNAVAILABLE,UNAVAILABLE,134,7,ACTIVE,11,F1_N2-A3.NC,F1_N2-A3.NC,2077098.662,194564.758,5712.0,5126.1841,100,42.33333,15,100,0,9,100,12000.0,6574.83,2327.25,2.82515,0.00148124,1.83402,0,541.0642381,11690.0,268.27,43.5755,0.000278715,0.218931,0,285.1330644,1897.35,120.896,15.6941,6.9243e-05,0.0482246,6,-353.8570468,2019.03,554.924,3.63839,0.000289937,0.197823
137.170871,1,AUTO,ARMED,5,AVAILABLE,UNAVAILABLE,UNAVAILABLE,134,7,ACTIVE,11,F1_N2-A3.NC,F1_N2-A3.NC,2077098.662,194564.758,5712.0,3806.5181,100,41.33333,16,100,0,5,100,12000.0,6574.83,2327.25,2.82515,0.00148124,1.83402,0,536.2655291,11690.0,268.27,43.5755,0.000278715,0.218931,0,285.1328356,1897.35,120.896,15.6941,6.9243e-05,0.0482246,6,-353.8570125,2019.03,554.924,3.63839,0.000289937,0.197823
137.354392,1,AUTO,ARMED,5,AVAILABLE,UNAVAILABLE,UNAVAILABLE,135,7,ACTIVE,11,F1_N2-A3.NC,F1_N2-A3.NC,2077098.662,194564.758,5712.0,3806.5181,100,0.0,16,100,0,2,100,12000.0,6574.83,2327.25,2.82515,0.00148124,1.83402,0,536.2624035,11690.0,268.27,43.5755,0.000278715,0.218931,0,285.1328069,1897.35,120.896,15.6941,6.9243e-05,0.0482246,6,-353.8570583,2019.03,554.924,3.63839,0.000289937,0.197823
137.545063,1,AUTO,ARMED,5,AVAILABLE,UNAVAILABLE,UNAVAILABLE,135,7,ACTIVE,11,F1_N2-A3.NC,F1_N2-A3.NC,2077098.662,194564.758,5712.0,3806.5181,100,0.0,16,100,0,3,100,12000.0,6574.83,2327.25,2.82515,0.00148124,1.83402,0,536.2624464,11690.0,268.27,43.5755,0.000278715,0.218931,0,285.1328069,1897.35,120.896,15.6941,6.9243e-05,0.0482246,6,-353.8570239,2019.03,554.924,3.63839,0.000289937,0.197823
137.727835,1,AUTO,ARMED,5,AVAILABLE,UNAVAILABLE,UNAVAILABLE,135,7,ACTIVE,11,F1_N2-A3.NC,F1_N2-A3.NC,2077098.662,194564.758,5712.0,3806.5181,100,0.0,16,100,0,4,100,12000.0,6574.83,2327.25,2.82515,0.00148124,1.83402,0,536.2624607,11690.0,268.27,43.5755,0.000278715,0.218931,0,285.1327998,1897.35,120.896,15.6941,6.9243e-05,0.0482246,6,-353.857001,2019.03,554.924,3.63839,0.000289937,0.197823
137.888208,1,AUTO,ARMED,5,AVAILABLE,UNAVAILABLE,UNAVAILABLE,135,7,ACTIVE,11,F1_N2-A3.NC,F1_N2-A3.NC,2077098.662,194564.758,5712.0,3806.5181,100,0.0,16,100,0,4,100,12000.0,6574.83,2327.25,2.82515,0.00148124,1.83402,0,536.2624893,11690.0,268.27,43.5755,0.000278715,0.218931,0,285.1327998,1897.35,120.896,15.6941,6.9243e-05,0.0482246,6,-353.8569553,2019.03,554.924,3.63839,0.000289937,0.197823
138.037052,1,AUTO,ARMED,5,AVAILABLE,UNAVAILABLE,UNAVAILABLE,135,7,ACTIVE,11,F1_N2-A3.NC,F1_N2-A3.NC,2077098.662,194564.758,5712.0,3806.5181,100,0.0,16,100,0,4,100,12000.0,5159.08,2343.09,2.20183,0.00151182,1.85491,0,536.2624893,3696.64,256.271,14.4247,0.000302886,0.218082,0,285.1327998,624.445,121.337,5.14637,0.000135587,0.0599456,6,-353.8570583,1826.74,592.704,3.08204,0.00025145,0.208188
138.17944,1,AUTO,ARMED,5,AVAILABLE,UNAVAILABLE,UNAVAILABLE,135,7,ACTIVE,11,F1_N2-A3.NC,F1_N2-A3.NC,2077098.662,194564.758,5712.0,3806.5181,100,0.0,17,100,0,4,100,12000.0,5159.08,2343.09,2.20183,0.00151182,1.85491,0,536.2624893,3696.64,256.271,14.4247,0.000302886,0.218082,0,285.1327926,624.445,121.337,5.14637,0.000135587,0.0599456,6,-353.8569209,1826.74,592.704,3.08204,0.00025145,0.208188
138.346512,1,AUTO,ARMED,5,AVAILABLE,UNAVAILABLE,UNAVAILABLE,138,7,ACTIVE,11,F1_N2-A3.NC,F1_N2-A3.NC,2077098.662,194564.758,5712.0,3914.7537,100,0.0,17,100,0,4,100,12000.0,5159.08,2343.09,2.20183,0.00151182,1.85491,0,536.2625036,3696.64,256.271,14.4247,0.000302886,0.218082,0,285.7665098,624.445,121.337,5.14637,0.000135587,0.0599456,6,-353.8570354,1826.74,592.704,3.08204,0.00025145,0.208188
138.487911,1,AUTO,ARMED,5,AVAILABLE,UNAVAILABLE,UNAVAILABLE,139,7,ACTIVE,11,F1_N2-A3.NC,F1_N2-A3.NC,2077098.662,194564.758,5712.0,3914.7537,100,0.0,17,100,0,4,100,12000.0,5159.08,2343.09,2.20183,0.00151182,1.85491,0,536.2624964,3696.64,256.271,14.4247,0.000302886,0.218082,0,285.7677615,624.445,121.337,5.14637,0.000135587,0.0599456,6,-353.857001,1826.74,592.704,3.08204,0.00025145,0.208188
138.65348,1,AUTO,ARMED,5,AVAILABLE,UNAVAILABLE,UNAVAILABLE,139,7,ACTIVE,11,F1_N2-A3.NC,F1_N2-A3.NC,2077098.662,194564.758,5712.0,3914.7537,100,0.0,17,100,0,6,100,12000.0,5159.08,2343.09,2.20183,0.00151182,1.85491,0,536.2624964,3696.64,256.271,14.4247,0.000302886,0.218082,0,285.7678116,624.445,121.337,5.14637,0.000135587,0.0599456,6,-353.8569667,1826.74,592.704,3.08204,0.00025145,0.208188
138.791899,1,AUTO,ARMED,5,AVAILABLE,UNAVAILABLE,UNAVAILABLE,139,7,ACTIVE,11,F1_N2-A3.NC,F1_N2-A3.NC,2077098.662,194564.758,5712.0,3914.7537,100,0.0,17,100,0,6,100,12000.0,5159.08,2343.09,2.20183,0.00151182,1.85491,0,536.2625036,3696.64,256.271,14.4247,0.000302886,0.218082,0,285.7678044,624.445,121.337,5.14637,0.000135587,0.0599456,6,-353.8569438,1826.74,592.704,3.08204,0.00025145,0.208188
138.947483,1,AUTO,ARMED,5,AVAILABLE,UNAVAILABLE,UNAVAILABLE,139,7,ACTIVE,11,F1_N2-A3.NC,F1_N2-A3.NC,2077098.662,194564.758,5712.0,3914.7537,100,0.0,17,100,0,5,100,12000.0,5159.08,2343.09,2.20183,0.00151182,1.85491,0,536.2625036,3696.64,256.271,14.4247,0.000302886,0.218082,0,285.7678044,624.445,121.337,5.14637,0.000135587,0.0599456,6,-353.8570583,1826.74,592.704,3.08204,0.00025145,0.208188
139.121,1,AUTO,ARMED,5,AVAILABLE,UNAVAILABLE,UNAVAILABLE,139,7,ACTIVE,11,F1_N2-A3.NC,F1_N2-A3.NC,2077098.662,194564.758,5712.0,3914.7537,100,0.0,18,100,0,4,100,12000.0,5279.06,2335.29,2.26056,0.00149443,1.81425,0,536.2624964,3672.63,843.99,4.35151,0.000276885,0.344078,0,285.7678116,648.462,824.723,0.786279,0.000111972,0.120822,6,-353.8570583,1922.89,911.644,2.10926,0.000288978,0.283945
139.263452,1,AUTO,ARMED,5,AVAILABLE,UNAVAILABLE,UNAVAILABLE,139,7,ACTIVE,11,F1_N2-A3.NC,F1_N2-A3.NC,2077098.662,194564.758,5712.0,3914.7537,100,0.0,18,100,0,4,100,12000.0,5279.06,2335.29,2.26056,0.00149443,1.81425,0,536.2625036,3672.63,843.99,4.35151,0.000276885,0.344078,0,285.7678044,648.462,824.723,0.786279,0.000111972,0.120822,6,-353.8569782,1922.89,911.644,2.10926,0.000288978,0.283945
139.409608,1,AUTO,ARMED,5,AVAILABLE,UNAVAILABLE,UNAVAILABLE,140,7,ACTIVE,11,F1_N2-A3.NC,F1_N2-A3.NC,2077098.662,194564.758,5712.0,3914.7537,100,0.0,18,100,0,3,100,12000.0,5279.06,2335.29,2.26056,0.00149443,1.81425,0,536.7689019,3672.63,843.99,4.35151,0.000276885,0.344078,0,285.7678116,648.462,824.723,0.786279,0.000111972,0.120822,6,-353.8570583,1922.89,911.644,2.10926,0.000288978,0.283945
139.55659,1,AUTO,ARMED,5,AVAILABLE,UNAVAILABLE,UNAVAILABLE,140,7,ACTIVE,11,F1_N2-A3.NC,F1_N2-A3.NC,2077098.662,194564.758,5712.0,5622.5386,100,48.68333,18,100,0,6,100,12000.0,5279.06,2335.29,2.26056,0.00149443,1.81425,1,541.3839658,3672.63,843.99,4.35151,0.000276885,0.344078,0,285.7677043,648.462,824.723,0.786279,0.000111972,0.120822,6,-353.8569438,1922.89,911.644,2.10926,0.000288978,0.283945
139.693431,1,AUTO,ARMED,5,AVAILABLE,UNAVAILABLE,UNAVAILABLE,140,7,ACTIVE,11,F1_N2-A3.NC,F1_N2-A3.NC,2077098.662,194564.758,5712.0,5622.5386,100,48.68333,18,100,0,12,100,12000.0,5279.06,2335.29,2.26056,0.00149443,1.81425,1,551.4230505,3672.63,843.99,4.35151,0.000276885,0.344078,0,285.7677543,648.462,824.723,0.786279,0.000111972,0.120822,6,-353.8569782,1922.89,911.644,2.10926,0.000288978,0.283945
139.84147,1,AUTO,ARMED,5,AVAILABLE,UNAVAILABLE,UNAVAILABLE,140,7,ACTIVE,11,F1_N2-A3.NC,F1_N2-A3.NC,2077098.662,194564.758,5712.0,5622.5386,100,48.68333,18,100,0,14,100,12000.0,5279.06,2335.29,2.26056,0.00149443,1.81425,1,561.4514929,3672.63,843.99,4.35151,0.000276885,0.344078,0,285.7677901,648.462,824.723,0.786279,0.000111972,0.120822,6,-353.857001,1922.89,911.644,2.10926,0.000288978,0.283945
139.987972,1,AUTO,ARMED,5,AVAILABLE,UNAVAILABLE,UNAVAILABLE,140,7,ACTIVE,11,F1_N2-A3.NC,F1_N2-A3.NC,2077098.662,194564.758,5712.0,5622.5386,100,48.68333,18,100,0,11,100,12000.0,5279.06,2335.29,2.26056,0.00149443,1.81425,1,566.4661487,3672.63,843.99,4.35151,0.000276885,0.344078,0,285.7678044,648.462,824.723,0.786279,0.000111972,0.120822,6,-353.8570239,1922.89,911.644,2.10926,0.000288978,0.283945
140.141732,1,AUTO,ARMED,5,AVAILABLE,UNAVAILABLE,UNAVAILABLE,140,7,ACTIVE,11,F1_N2-A3.NC,F1_N2-A3.NC,2077098.662,194564.758,5712.0,5622.5386,100,48.68333,19,100,0,10,100,12000.0,5279.06,2335.29,2.26056,0.00149443,1.81425,1,576.4826644,3672.63,843.99,4.35151,0.000276885,0.344078,0,285.7678044,648.462,824.723,0.786279,0.000111972,0.120822,6,-353.8569553,1922.89,911.644,2.10926,0.000288978,0.283945
140.289764,1,AUTO,ARMED,5,AVAILABLE,UNAVAILABLE,UNAVAILABLE,140,7,ACTIVE,11,F1_N2-A3.NC,F1_N2-A3.NC,2077098.662,194564.758,5712.0,5622.5386,100,48.68333,19,100,0,10,100,12000.0,6454.85,2547.96,2.53334,0.0015578,1.93117,1,581.5092434,17163.0,563.468,30.4596,0.00024785,0.261963,0,285.7678044,2305.65,730.647,3.15563,0.0001378,0.104592,6,-353.8570697,2475.72,845.919,2.92666,0.000210268,0.257314
140.432169,1,AUTO,ARMED,5,AVAILABLE,UNAVAILABLE,UNAVAILABLE,140,7,ACTIVE,11,F1_N2-A3.NC,F1_N2-A3.NC,2077098.662,194564.758,5712.0,5622.5386,100,48.68333,19,100,0,12,100,12000.0,6454.85,2547.96,2.53334,0.0015578,1.93117,1,586.5114753,17163.0,563.468,30.4596,0.00024785,0.261963,0,285.7677901,2305.65,730.647,3.15563,0.0001378,0.104592,6,-353.8569553,2475.72,845.919,2.92666,0.000210268,0.257314
140.581247,1,AUTO,ARMED,5,AVAILABLE,UNAVAILABLE,UNAVAILABLE,140,7,ACTIVE,11,F1_N2-A3.NC,F1_N2-A3.NC,2077098.662,194564.758,5712.0,5201.8848,100,48.68333,19,100,0,11,100,12000.0,6454.85,2547.96,2.53334,0.0015578,1.93117,1,596.552357,17163.0,563.468,30.4596,0.00024785,0.261963,0,285.7677973,2305.65,730.647,3.15563,0.0001378,0.104592,6,-353.8570239,2475.72,845.919,2.92666,0.000210268,0.257314
140.720197,1,AUTO,ARMED,5,AVAILABLE,UNAVAILABLE,UNAVAILABLE,140,7,ACTIVE,11,F1_N2-A3.NC,F1_N2-A3.NC,2077098.662,194564.758,5712.0,5201.8848,100,48.68333,19,100,0,8,100,12000.0,6454.85,2547.96,2.53334,0.0015578,1.93117,1,601.5546091,17163.0,563.468,30.4596,0.00024785,0.261963,0,285.7678044,2305.65,730.647,3.15563,0.0001378,0.104592,6,-353.8569667,2475.72,845.919,2.92666,0.000210268,0.257314
140.870719,1,AUTO,ARMED,5,AVAILABLE,UNAVAILABLE,UNAVAILABLE,140,7,ACTIVE,11,F1_N2-A3.NC,F1_N2-A3.NC,2077098.662,194564.758,5712.0,5201.8848,100,48.68333,19,100,0,9,100,12000.0,6454.85,2547.96,2.53334,0.0015578,1.93117,1,611.5955408,17163.0,563.468,30.4596,0.00024785,0.261963,0,285.7677973,2305.65,730.647,3.15563,0.0001378,0.104592,6,-353.8569324,2475.72,845.919,2.92666,0.000210268,0.257314
141.017517,1,AUTO,ARMED,5,AVAILABLE,UNAVAILABLE,UNAVAILABLE,140,7,ACTIVE,11,F1_N2-A3.NC,F1_N2-A3.NC,2077098.662,194564.758,5712.0,5201.8848,100,48.68333,19,100,0,10,100,12000.0,6454.85,2547.96,2.53334,0.0015578,1.93117,1,616.5978179,17163.0,563.468,30.4596,0.00024785,0.261963,0,285.7678044,2305.65,730.647,3.15563,0.0001378,0.104592,6,-353.8570583,2475.72,845.919,2.92666,0.000210268,0.257314
141.161477,1,AUTO,ARMED,5,AVAILABLE,UNAVAILABLE,UNAVAILABLE,140,7,ACTIVE,11,F1_N2-A3.NC,F1_N2-A3.NC,2077098.662,194564.758,5712.0,5201.8848,100,48.68333,19,100,0,9,100,12000.0,6454.85,2547.96,2.53334,0.0015578,1.93117,1,621.6121183,17163.0,563.468,30.4596,0.00024785,0.261963,0,285.7677901,2305.65,730.647,3.15563,0.0001378,0.104592,6,-353.8569438,2475.72,845.919,2.92666,0.000210268,0.257314
141.325638,1,AUTO,ARMED,5,AVAILABLE,UNAVAILABLE,UNAVAILABLE,140,7,ACTIVE,11,F1_N2-A3.NC,F1_N2-A3.NC,2077098.662,194564.758,5712.0,5201.8848,100,48.68333,20,100,0,10,100,12000.0,6382.86,2343.05,2.72417,0.00149245,1.85297,1,634.1481159,16682.9,717.156,23.2626,0.000481163,0.476532,0,285.7678044,1945.39,577.129,3.37081,7.43097e-05,0.0833791,6,-353.8570583,2355.54,595.013,3.9588,0.000361023,0.219032
141.46918,1,AUTO,ARMED,5,AVAILABLE,UNAVAILABLE,UNAVAILABLE,140,7,ACTIVE,11,F1_N2-A3.NC,F1_N2-A3.NC,2077098.662,194564.758,5712.0,5201.8848,100,48.68333,20,100,0,11,100,12000.0,6382.86,2343.05,2.72417,0.00149245,1.85297,1,639.1624313,16682.9,717.156,23.2626,0.000481163,0.476532,0,285.7677901,1945.39,577.129,3.37081,7.43097e-05,0.0833791,6,-353.8569553,2355.54,595.013,3.9588,0.000361023,0.219032
141.613677,1,AUTO,ARMED,5,AVAILABLE,UNAVAILABLE,UNAVAILABLE,140,7,ACTIVE,11,F1_N2-A3.NC,F1_N2-A3.NC,2077098.662,194564.758,5712.0,3599.0767,100,48.68333,20,100,0,10,100,12000.0,6382.86,2343.05,2.72417,0.00149245,1.85297,1,644.1891368,16682.9,717.156,23.2626,0.000481163,0.476532,0,285.7678044,1945.39,577.129,3.37081,7.43097e-05,0.0833791,6,-353.8569896,2355.54,595.013,3.9588,0.000361023,0.219032
141.754396,1,AUTO,ARMED,5,AVAILABLE,UNAVAILABLE,UNAVAILABLE,140,7,ACTIVE,11,F1_N2-A3.NC,F1_N2-A3.NC,2077098.662,194564.758,5712.0,3599.0767,100,48.68333,20,100,0,6,100,12000.0,6382.86,2343.05,2.72417,0.00149245,1.85297,1,654.1614199,16682.9,717.156,23.2626,0.000481163,0.476532,0,285.7679475,1945.39,577.129,3.37081,7.43097e-05,0.0833791,6,-353.8569438,2355.54,595.013,3.9588,0.000361023,0.219032
141.900556,1,AUTO,ARMED,5,AVAILABLE,UNAVAILABLE,UNAVAILABLE,140,7,ACTIVE,11,F1_N2-A3.NC,F1_N2-A3.NC,2077098.662,194564.758,5712.0,3599.0767,100,41.38333,20,100,0,6,100,12000.0,6382.86,2343.05,2.72417,0.00149245,1.85297,2,655.6362631,16682.9,717.156,23.2626,0.000481163,0.476532,0,285.7678545,1945.39,577.129,3.37081,7.43097e-05,0.0833791,6,-353.8570583,2355.54,595.013,3.9588,0.000361023,0.219032
142.041806,1,AUTO,ARMED,5,AVAILABLE,UNAVAILABLE,UNAVAILABLE,141,7,ACTIVE,11,F1_N2-A3.NC,F1_N2-A3.NC,2077098.662,194564.758,5712.0,3599.0767,100,0.0,20,100,0,1,100,12000.0,6382.86,2343.05,2.72417,0.00149245,1.85297,0,655.6425928,16682.9,717.156,23.2626,0.000481163,0.476532,0,285.7678044,1945.39,577.129,3.37081,7.43097e-05,0.0833791,6,-353.857001,2355.54,595.013,3.9588,0.000361023,0.219032
142.186576,1,AUTO,ARMED,5,AVAILABLE,UNAVAILABLE,UNAVAILABLE,141,7,ACTIVE,11,F1_N2-A3.NC,F1_N2-A3.NC,2077098.662,194564.758,5712.0,3599.0767,100,0.0,21,100,0,1,100,12000.0,6382.86,2343.05,2.72417,0.00149245,1.85297,0,655.6425713,16682.9,717.156,23.2626,0.000481163,0.476532,0,285.7677901,1945.39,577.129,3.37081,7.43097e-05,0.0833791,6,-353.8569782,2355.54,595.013,3.9588,0.000361023,0.219032
142.334844,1,AUTO,ARMED,5,AVAILABLE,UNAVAILABLE,UNAVAILABLE,141,7,ACTIVE,11,F1_N2-A3.NC,F1_N2-A3.NC,2077098.662,194564.758,5712.0,3599.0767,100,0.0,21,100,0,1,100,12000.0,5255.07,2298.15,2.28665,0.00146307,1.81478,0,655.6425499,3648.63,250.795,14.5483,0.000217121,0.193478,0,285.7677973,600.428,153.249,3.91799,6.77069e-05,0.049389,6,-353.8569553,1730.6,666.71,2.59573,0.000221471,0.222741
142.483037,1,AUTO,ARMED,5,AVAILABLE,UNAVAILABLE,UNAVAILABLE,141,7,ACTIVE,11,F1_N2-A3.NC,F1_N2-A3.NC,2077098.662,194564.758,5712.0,3599.0767,100,0.0,21,100,0,3,100,12000.0,5255.07,2298.15,2.28665,0.00146307,1.81478,0,655.6425141,3648.63,250.795,14.5483,0.000217121,0.193478,0,285.7677973,600.428,153.249,3.91799,6.77069e-05,0.049389,6,-353.8570697,1730.6,666.71,2.59573,0.000221471,0.222741
142.636372,1,AUTO,ARMED,5,AVAILABLE,UNAVAILABLE,UNAVAILABLE,141,7,ACTIVE,11,F1_N2-A3.NC,F1_N2-A3.NC,2077098.662,194564.758,5712.0,3599.0767,100,0.0,21,100,0,3,100,12000.0,5255.07,2298.15,2.28665,0.00146307,1.81478,0,655.6425141,3648.63,250.795,14.5483,0.000217121,0.193478,0,285.7677973,600.428,153.249,3.91799,6.77069e-05,0.049389,6,-353.8569324,1730.6,666.71,2.59573,0.000221471,0.222741
142.775625,1,AUTO,ARMED,5,AVAILABLE,UNAVAILABLE,UNAVAILABLE,141,7,ACTIVE,11,F1_N2-A3.NC,F1_N2-A3.NC,2077098.662,194564.758,5712.0,5094.5537,100,0.0,21,100,0,3,100,12000.0,5255.07,2298.15,2.28665,0.00146307,1.81478,0,655.642507,3648.63,250.795,14.5483,0.000217121,0.193478,0,285.7678044,600.428,153.249,3.91799,6.77069e-05,0.049389,6,-353.8570583,1730.6,666.71,2.59573,0.000221471,0.222741
142.918356,1,AUTO,ARMED,5,AVAILABLE,UNAVAILABLE,UNAVAILABLE,141,7,ACTIVE,11,F1_N2-A3.NC,F1_N2-A3.NC,2077098.662,194564.758,5712.0,5094.5537,100,0.0,21,100,0,3,100,12000.0,5255.07,2298.15,2.28665,0.00146307,1.81478,0,655.642507,3648.63,250.795,14.5483,0.000217121,0.193478,0,285.7969508,600.428,153.249,3.91799,6.77069e-05,0.049389,6,-353.8569553,1730.6,666.71,2.59573,0.000221471,0.222741
143.06119,1,AUTO,ARMED,5,AVAILABLE,UNAVAILABLE,UNAVAILABLE,143,7,ACTIVE,11,F1_N2-A3.NC,F1_N2-A3.NC,2077098.662,194564.758,5712.0,5094.5537,100,34.16667,21,100,0,5,100,12000.0,5255.07,2298.15,2.28665,0.00146307,1.81478,2,651.2903849,3648.63,250.795,14.5483,0.000217121,0.193478,0,286.4024013,600.428,153.249,3.91799,6.77069e-05,0.049389,6,-353.8570125,1730.6,666.71,2.59573,0.000221471,0.222741
143.202272,1,AUTO,ARMED,5,AVAILABLE,UNAVAILABLE,UNAVAILABLE,143,7,ACTIVE,11,F1_N2-A3.NC,F1_N2-A3.NC,2077098.662,194564.758,5712.0,5094.5537,100,48.65,22,100,0,7,100,12000.0,5255.07,2298.15,2.28665,0.00146307,1.81478,2,646.2802784,3648.63,250.795,14.5483,0.000217121,0.193478,0,286.402666,600.428,153.249,3.91799,6.77069e-05,0.049389,6,-353.8569667,1730.6,666.71,2.59573,0.000221471,0.222741
143.344514,1,AUTO,ARMED,5,AVAILABLE,UNAVAILABLE,UNAVAILABLE,143,7,ACTIVE,11,F1_N2-A3.NC,F1_N2-A3.NC,2077098.662,194564.758,5712.0,5094.5537,100,48.65,22,100,0,13,100,12000.0,6886.77,2464.76,2.79409,0.00151188,1.88492,0,638.7468697,12986.2,552.441,23.5069,0.000191422,0.236619,0,286.4028162,2089.49,678.834,3.07806,0.000114899,0.0861716,6,-353.8570125,2475.72,735.039,3.36815,0.000204218,0.236564
143.484007,1,AUTO,ARMED,5,AVAILABLE,UNAVAILABLE,UNAVAILABLE,143,7,ACTIVE,11,F1_N2-A3.NC,F1_N2-A3.NC,2077098.662,194564.758,5712.0,5094.5537,100,48.68333,22,100,0,13,100,12000.0,6886.77,2464.76,2.79409,0.00151188,1.88492,0,633.7444195,12986.2,552.441,23.5069,0.000191422,0.236619,0,286.4027947,2089.49,678.834,3.07806,0.000114899,0.0861716,6,-353.8569896,2475.72,735.039,3.36815,0.000204218,0.236564
143.631094,1,AUTO,ARMED,5,AVAILABLE,UNAVAILABLE,UNAVAILABLE,143,7,ACTIVE,11,F1_N2-A3.NC,F1_N2-A3.NC,2077098.662,194564.758,5712.0,5094.5537,100,48.68333,22,100,0,11,100,12000.0,6886.77,2464.76,2.79409,0.00151188,1.88492,0,628.7301145,12986.2,552.441,23.5069,0.000191422,0.236619,0,286.4028019,2089.49,678.834,3.07806,0.000114899,0.0861716,6,-353.857001,2475.72,735.039,3.36815,0.000204218,0.236564
143.783234,1,AUTO,ARMED,5,AVAILABLE,UNAVAILABLE,UNAVAILABLE,143,7,ACTIVE,11,F1_N2-A3.NC,F1_N2-A3.NC,2077098.662,194564.758,5712.0,5170.8525,100,48.68333,22,100,0,11,100,12000.0,6886.77,2464.76,2.79409,0.00151188,1.88492,0,618.6893883,12986.2,552.441,23.5069,0.000191422,0.236619,0,286.4027947,2089.49,678.834,3.07806,0.000114899,0.0861716,6,-353.8569324,2475.72,735.039,3.36815,0.000204218,0.236564
143.923003,1,AUTO,ARMED,5,AVAILABLE,UNAVAILABLE,UNAVAILABLE,143,7,ACTIVE,11,F1_N2-A3.NC,F1_N2-A3.NC,2077098.662,194564.758,5712.0,5170.8525,100,48.68333,22,100,0,10,100,12000.0,6886.77,2464.76,2.79409,0.00151188,1.88492,0,608.6727923,12986.2,552.441,23.5069,0.000191422,0.236619,0,286.4027947,2089.49,678.834,3.07806,0.000114899,0.0861716,6,-353.8569438,2475.72,735.039,3.36815,0.000204218,0.236564
144.065834,1,AUTO,ARMED,5,AVAILABLE,UNAVAILABLE,UNAVAILABLE,143,7,ACTIVE,11,F1_N2-A3.NC,F1_N2-A3.NC,2077098.662,194564.758,5712.0,5170.8525,100,48.68333,22,100,0,12,100,12000.0,6886.77,2464.76,2.79409,0.00151188,1.88492,0,603.6461417,12986.2,552.441,23.5069,0.000191422,0.236619,0,286.4028019,2089.49,678.834,3.07806,0.000114899,0.0861716,6,-353.8570239,2475.72,735.039,3.36815,0.000204218,0.236564
144.207603,1,AUTO,ARMED,5,AVAILABLE,UNAVAILABLE,UNAVAILABLE,143,7,ACTIVE,11,F1_N2-A3.NC,F1_N2-A3.NC,2077098.662,194564.758,5712.0,5170.8525,100,48.68333,23,100,0,12,100,12000.0,6886.77,2464.76,2.79409,0.00151188,1.88492,0,598.6439245,12986.2,552.441,23.5069,0.000191422,0.236619,0,286.4027947,2089.49,678.834,3.07806,0.000114899,0.0861716,6,-353.8569896,2475.72,735.039,3.36815,0.000204218,0.236564
144.358995,1,AUTO,ARMED,5,AVAILABLE,UNAVAILABLE,UNAVAILABLE,143,7,ACTIVE,11,F1_N2-A3.NC,F1_N2-A3.NC,2077098.662,194564.758,5712.0,5170.8525,100,48.68333,23,100,0,12,100,12000.0,6886.77,2527.29,2.72496,0.00155784,1.94182,0,593.6295121,13802.4,699.063,19.7441,0.000312523,0.37004,0,286.402809,1969.41,698.353,2.82008,9.73108e-05,0.0977695,6,-353.8569782,2259.4,768.398,2.9404,0.000258903,0.250268
144.499585,1,AUTO,ARMED,5,AVAILABLE,UNAVAILABLE,UNAVAILABLE,143,7,ACTIVE,11,F1_N2-A3.NC,F1_N2-A3.NC,2077098.662,194564.758,5712.0,5170.8525,100,48.68333,23,100,0,11,100,12000.0,6886.77,2527.29,2.72496,0.00155784,1.94182,0,588.6028114,13802.4,699.063,19.7441,0.000312523,0.37004,0,286.402809,1969.41,698.353,2.82008,9.73108e-05,0.0977695,6,-353.8570583,2259.4,768.398,2.9404,0.000258903,0.250268
144.6441,1,AUTO,ARMED,5,AVAILABLE,UNAVAILABLE,UNAVAILABLE,143,7,ACTIVE,11,F1_N2-A3.NC,F1_N2-A3.NC,2077098.662,194564.758,5712.0,5170.8525,100,48.68333,23,100,0,11,100,12000.0,6886.77,2527.29,2.72496,0.00155784,1.94182,0,573.5598746,13802.4,699.063,19.7441,0.000312523,0.37004,0,286.4028019,1969.41,698.353,2.82008,9.73108e-05,0.0977695,6,-353.8569553,2259.4,768.398,2.9404,0.000258903,0.250268
144.793463,1,AUTO,ARMED,5,AVAILABLE,UNAVAILABLE,UNAVAILABLE,143,7,ACTIVE,11,F1_N2-A3.NC,F1_N2-A3.NC,2077098.662,194564.758,5712.0,5170.8525,100,48.68333,23,100,0,12,100,12000.0,6886.77,2527.29,2.72496,0.00155784,1.94182,0,568.5576696,13802.4,699.063,19.7441,0.000312523,0.37004,0,286.4028162,1969.41,698.353,2.82008,9.73108e-05,0.0977695,6,-353.8570239,2259.4,768.398,2.9404,0.000258903,0.250268
144.944475,1,AUTO,ARMED,5,AVAILABLE,UNAVAILABLE,UNAVAILABLE,143,7,ACTIVE,11,F1_N2-A3.NC,F1_N2-A3.NC,2077098.662,194564.758,5712.0,4894.1187,100,48.68333,23,100,0,13,100,12000.0,6886.77,2527.29,2.72496,0.00155784,1.94182,0,558.5412053,13802.4,699.063,19.7441,0.000312523,0.37004,0,286.4028019,1969.41,698.353,2.82008,9.73108e-05,0.0977695,6,-353.8569782,2259.4,768.398,2.9404,0.000258903,0.250268
145.088717,1,AUTO,ARMED,5,AVAILABLE,UNAVAILABLE,UNAVAILABLE,143,7,ACTIVE,11,F1_N2-A3.NC,F1_N2-A3.NC,2077098.662,194564.758,5712.0,4894.1187,100,48.68333,23,100,0,9,100,12000.0,6886.77,2527.29,2.72496,0.00155784,1.94182,0,553.5021667,13802.4,699.063,19.7441,0.000312523,0.37004,0,286.4028019,1969.41,698.353,2.82008,9.73108e-05,0.0977695,6,-353.8570583,2259.4,768.398,2.9404,0.000258903,0.250268
145.227269,1,AUTO,ARMED,5,AVAILABLE,UNAVAILABLE,UNAVAILABLE,143,7,ACTIVE,11,F1_N2-A3.NC,F1_N2-A3.NC,2077098.662,194564.758,5712.0,4894.1187,100,48.68333,24,100,0,12,100,12000.0,6886.77,2527.29,2.72496,0.00155784,1.94182,0,551.0073485,13802.4,699.063,19.7441,0.000312523,0.37004,0,286.4028162,1969.41,698.353,2.82008,9.73108e-05,0.0977695,6,-353.8570125,2259.4,768.398,2.9404,0.000258903,0.250268
145.376242,1,AUTO,ARMED,5,AVAILABLE,UNAVAILABLE,UNAVAILABLE,143,7,ACTIVE,11,F1_N2-A3.NC,F1_N2-A3.NC,2077098.662,194564.758,5712.0,4894.1187,100,48.68333,24,100,0,10,100,12000.0,6886.77,2527.29,2.72496,0.00155784,1.94182,0,540.9668288,13802.4,699.063,19.7441,0.000312523,0.37004,0,286.4030665,1969.41,698.353,2.82008,9.73108e-05,0.0977695,6,-353.8569438,2259.4,768.398,2.9404,0.000258903,0.250268
145.53481,1,AUTO,ARMED,5,AVAILABLE,UNAVAILABLE,UNAVAILABLE,143,7,ACTIVE,11,F1_N2-A3.NC,F1_N2-A3.NC,2077098.662,194564.758,5712.0,4894.1187,100,48.68333,24,100,0,6,100,12000.0,5926.95,2354.76,2.51701,0.00149741,1.86025,0,536.6119009,12986.2,249.395,52.0708,0.000170738,0.193702,0,286.4029235,2041.46,99.1337,20.593,5.15695e-05,0.0436401,6,-353.8570583,2115.18,617.338,3.42629,0.000291164,0.218293
145.681085,1,AUTO,ARMED,5,AVAILABLE,UNAVAILABLE,UNAVAILABLE,144,7,ACTIVE,11,F1_N2-A3.NC,F1_N2-A3.NC,2077098.662,194564.758,5712.0,4894.1187,100,0.0,24,100,0,4,100,12000.0,5926.95,2354.76,2.51701,0.00149741,1.86025,0,536.2624678,12986.2,249.395,52.0708,0.000170738,0.193702,0,286.4028233,2041.46,99.1337,20.593,5.15695e-05,0.0436401,6,-353.8570468,2115.18,617.338,3.42629,0.000291164,0.218293
145.826249,1,AUTO,ARMED,5,AVAILABLE,UNAVAILABLE,UNAVAILABLE,144,7,ACTIVE,11,F1_N2-A3.NC,F1_N2-A3.NC,2077098.662,194564.758,5712.0,4894.1187,100,0.0,24,100,0,3,100,12000.0,5926.95,2354.76,2.51701,0.00149741,1.86025,0,536.2624106,12986.2,249.395,52.0708,0.000170738,0.193702,0,286.4028019,2041.46,99.1337,20.593,5.15695e-05,0.0436401,6,-353.8569896,2115.18,617.338,3.42629,0.000291164,0.218293
145.977705,1,AUTO,ARMED,5,AVAILABLE,UNAVAILABLE,UNAVAILABLE,144,7,ACTIVE,11,F1_N2-A3.NC,F1_N2-A3.NC,2077098.662,194564.758,5712.0,4008.293,100,0.0,24,100,0,3,100,12000.0,5926.95,2354.76,2.51701,0.00149741,1.86025,0,536.2624321,12986.2,249.395,52.0708,0.000170738,0.193702,0,286.4028019,2041.46,99.1337,20.593,5.15695e-05,0.0436401,6,-353.8569553,2115.18,617.338,3.42629,0.000291164,0.218293
146.129327,1,AUTO,ARMED,5,AVAILABLE,UNAVAILABLE,UNAVAILABLE,144,7,ACTIVE,11,F1_N2-A3.NC,F1_N2-A3.NC,2077098.662,194564.758,5712.0,4008.293,100,0.0,25,100,0,4,100,12000.0,5926.95,2354.76,2.51701,0.00149741,1.86025,0,536.2624821,12986.2,249.395,52.0708,0.000170738,0.193702,0,286.4028019,2041.46,99.1337,20.593,5.15695e-05,0.0436401,6,-353.8570583,2115.18,617.338,3.42629,0.000291164,0.218293
146.27323,1,AUTO,ARMED,5,AVAILABLE,UNAVAILABLE,UNAVAILABLE,144,7,ACTIVE,11,F1_N2-A3.NC,F1_N2-A3.NC,2077098.662,194564.758,5712.0,4008.293,100,0.0,25,100,0,5,100,12000.0,5926.95,2354.76,2.51701,0.00149741,1.86025,0,536.2624893,12986.2,249.395,52.0708,0.000170738,0.193702,0,286.4027947,2041.46,99.1337,20.593,5.15695e-05,0.0436401,6,-353.8569324,2115.18,617.338,3.42629,0.000291164,0.218293
146.421068,1,AUTO,ARMED,5,AVAILABLE,UNAVAILABLE,UNAVAILABLE,144,7,ACTIVE,11,F1_N2-A3.NC,F1_N2-A3.NC,2077098.662,194564.758,5712.0,4008.293,100,0.0,25,100,0,5,100,12000.0,5926.95,2354.76,2.51701,0.00149741,1.86025,0,536.2624893,12986.2,249.395,52.0708,0.000170738,0.193702,0,286.4028019,2041.46,99.1337,20.593,5.15695e-05,0.0436401,6,-353.8570583,2115.18,617.338,3.42629,0.000291164,0.218293
146.557999,1,AUTO,ARMED,5,AVAILABLE,UNAVAILABLE,UNAVAILABLE,144,7,ACTIVE,11,F1_N2-A3.NC,F1_N2-A3.NC,2077098.662,194564.758,5712.0,4008.293,100,0.0,25,100,0,4,100,12000.0,5567.01,2354.18,2.36473,0.00149471,1.85584,0,536.2624893,3792.65,241.45,15.7078,0.000249085,0.195622,0,286.4027947,720.514,112.113,6.42668,8.95183e-05,0.0477343,6,-353.8569553,1850.78,634.319,2.91774,0.000336758,0.219405
146.70377,1,AUTO,ARMED,5,AVAILABLE,UNAVAILABLE,UNAVAILABLE,148,7,ACTIVE,11,F1_N2-A3.NC,F1_N2-A3.NC,2077098.662,194564.758,5712.0,4008.293,100,0.0,25,100,0,4,100,12000.0,5567.01,2354.18,2.36473,0.00149471,1.85584,0,536.2624964,3792.65,241.45,15.7078,0.000249085,0.195622,0,287.0371914,720.514,112.113,6.42668,8.95183e-05,0.0477343,6,-353.857001,1850.78,634.319,2.91774,0.000336758,0.219405
146.84325,1,AUTO,ARMED,5,AVAILABLE,UNAVAILABLE,UNAVAILABLE,148,7,ACTIVE,11,F1_N2-A3.NC,F1_N2-A3.NC,2077098.662,194564.758,5712.0,4008.293,100,0.0,25,100,0,4,100,12000.0,5567.01,2354.18,2.36473,0.00149471,1.85584,0,536.2624964,3792.65,241.45,15.7078,0.000249085,0.195622,0,287.0376992,720.514,112.113,6.42668,8.95183e-05,0.0477343,6,-353.8569553,1850.78,634.319,2.91774,0.000336758,0.219405
146.980914,1,AUTO,ARMED,5,AVAILABLE,UNAVAILABLE,UNAVAILABLE,148,7,ACTIVE,11,F1_N2-A3.NC,F1_N2-A3.NC,2077098.662,194564.758,5712.0,4008.293,100,0.0,25,100,0,4,100,12000.0,5567.01,2354.18,2.36473,0.00149471,1.85584,0,536.2624964,3792.65,241.45,15.7078,0.000249085,0.195622,0,287.0377994,720.514,112.113,6.42668,8.95183e-05,0.0477343,6,-353.8570468,1850.78,634.319,2.91774,0.000336758,0.219405
147.137433,1,AUTO,ARMED,5,AVAILABLE,UNAVAILABLE,UNAVAILABLE,148,7,ACTIVE,11,F1_N2-A3.NC,F1_N2-A3.NC,2077098.662,194564.758,5712.0,3961.7646,100,0.0,26,100,0,5,100,12000.0,5567.01,2354.18,2.36473,0.00149471,1.85584,0,536.2624964,3792.65,241.45,15.7078,0.000249085,0.195622,0,287.0378137,720.514,112.113,6.42668,8.95183e-05,0.0477343,6,-353.8569667,1850.78,634.319,2.91774,0.000336758,0.219405
147.280054,1,AUTO,ARMED,5,AVAILABLE,UNAVAILABLE,UNAVAILABLE,148,7,ACTIVE,11,F1_N2-A3.NC,F1_N2-A3.NC,2077098.662,194564.758,5712.0,3961.7646,100,0.0,26,100,0,6,100,12000.0,5567.01,2354.18,2.36473,0.00149471,1.85584,0,536.2625036,3792.65,241.45,15.7078,0.000249085,0.195622,0,287.0378065,720.514,112.113,6.42668,8.95183e-05,0.0477343,6,-353.8570239,1850.78,634.319,2.91774,0.000336758,0.219405
147.424656,1,AUTO,ARMED,5,AVAILABLE,UNAVAILABLE,UNAVAILABLE,148,7,ACTIVE,11,F1_N2-A3.NC,F1_N2-A3.NC,2077098.662,194564.758,5712.0,3961.7646,100,0.0,26,100,0,7,100,12000.0,5567.01,2354.18,2.36473,0.00149471,1.85584,0,536.2625036,3792.65,241.45,15.7078,0.000249085,0.195622,0,287.0378065,720.514,112.113,6.42668,8.95183e-05,0.0477343,6,-353.8569553,1850.78,634.319,2.91774,0.000336758,0.219405
147.566986,1,AUTO,ARMED,5,AVAILABLE,UNAVAILABLE,UNAVAILABLE,148,7,ACTIVE,11,F1_N2-A3.NC,F1_N2-A3.NC,2077098.662,194564.758,5712.0,3961.7646,100,0.0,26,100,0,6,100,12000.0,5399.04,2629.39,2.05334,0.00160358,1.9869,0,536.2625036,7873.36,700.155,11.2452,0.000354141,0.398068,0,287.0377922,576.412,887.614,0.649395,0.000115788,0.124742,6,-353.8569438,1778.67,918.37,1.93677,0.000275401,0.273814
147.70756,1,AUTO,ARMED,5,AVAILABLE,UNAVAILABLE,UNAVAILABLE,148,7,ACTIVE,11,F1_N2-A3.NC,F1_N2-A3.NC,2077098.662,194564.758,5712.0,3961.7646,100,0.0,26,100,0,6,100,12000.0,5399.04,2629.39,2.05334,0.00160358,1.9869,0,536.2746029,7873.36,700.155,11.2452,0.000354141,0.398068,0,287.0378065,576.412,887.614,0.649395,0.000115788,0.124742,6,-353.8570468,1778.67,918.37,1.93677,0.000275401,0.273814
147.850134,1,AUTO,ARMED,5,AVAILABLE,UNAVAILABLE,UNAVAILABLE,149,7,ACTIVE,11,F1_N2-A3.NC,F1_N2-A3.NC,2077098.662,194564.758,5712.0,3961.7646,100,53.21667,26,100,0,6,100,12000.0,5399.04,2629.39,2.05334,0.00160358,1.9869,1,545.4042245,7873.36,700.155,11.2452,0.000354141,0.398068,0,287.0376348,576.412,887.614,0.649395,0.000115788,0.124742,6,-353.8569896,1778.67,918.37,1.93677,0.000275401,0.273814
147.990577,1,AUTO,ARMED,5,AVAILABLE,UNAVAILABLE,UNAVAILABLE,149,7,ACTIVE,11,F1_N2-A3.NC,F1_N2-A3.NC,2077098.662,194564.758,5712.0,3961.7646,100,55.03333,26,100,0,8,100,12000.0,5399.04,2629.39,2.05334,0.00160358,1.9869,1,551.0864417,7873.36,700.155,11.2452,0.000354141,0.398068,0,287.0377421,576.412,887.614,0.649395,0.000115788,0.124742,6,-353.8570583,1778.67,918.37,1.93677,0.000275401,0.273814
148.140443,1,AUTO,ARMED,5,AVAILABLE,UNAVAILABLE,UNAVAILABLE,149,7,ACTIVE,11,F1_N2-A3.NC,F1_N2-A3.NC,2077098.662,194564.758,5712.0,5296.7451,100,55.03333,27,100,0,10,100,12000.0,5399.04,2629.39,2.05334,0.00160358,1.9869,1,556.7271962,7873.36,700.155,11.2452,0.000354141,0.398068,0,287.0378065,576.412,887.614,0.649395,0.000115788,0.124742,6,-353.8569896,1778.67,918.37,1.93677,0.000275401,0.273814
148.292557,1,AUTO,ARMED,5,AVAILABLE,UNAVAILABLE,UNAVAILABLE,149,7,ACTIVE,11,F1_N2-A3.NC,F1_N2-A3.NC,2077098.662,194564.758,5712.0,5296.7451,100,55.03333,27,100,0,13,100,12000.0,5399.04,2629.39,2.05334,0.00160358,1.9869,1,562.4093933,7873.36,700.155,11.2452,0.000354141,0.398068,0,287.0378065,576.412,887.614,0.649395,0.000115788,0.124742,6,-353.8570583,1778.67,918.37,1.93677,0.000275401,0.273814
148.442346,1,AUTO,ARMED,5,AVAILABLE,UNAVAILABLE,UNAVAILABLE,149,7,ACTIVE,11,F1_N2-A3.NC,F1_N2-A3.NC,2077098.662,194564.758,5712.0,5296.7451,100,55.03333,27,100,0,15,100,12000.0,5399.04,2629.39,2.05334,0.00160358,1.9869,1,573.7326589,7873.36,700.155,11.2452,0.000354141,0.398068,0,287.0378208,576.412,887.614,0.649395,0.000115788,0.124742,6,-353.8570583,1778.67,918.37,1.93677,0.000275401,0.273814
148.586605,1,AUTO,ARMED,5,AVAILABLE,UNAVAILABLE,UNAVAILABLE,149,7,ACTIVE,11,F1_N2-A3.NC,F1_N2-A3.NC,2077098.662,194564.758,5712.0,5296.7451,100,55.03333,27,100,0,11,100,12000.0,5399.04,2629.39,2.05334,0.00160358,1.9869,1,579.4008041,7873.36,700.155,11.2452,0.000354141,0.398068,0,287.0377994,576.412,887.614,0.649395,0.000115788,0.124742,6,-353.8569324,1778.67,918.37,1.93677,0.000275401,0.273814
148.73245,1,AUTO,ARMED,5,AVAILABLE,UNAVAILABLE,UNAVAILABLE,149,7,ACTIVE,11,F1_N2-A3.NC,F1_N2-A3.NC,2077098.662,194564.758,5712.0,5296.7451,100,55.03333,27,100,0,12,100,12000.0,6694.81,2529.6,2.64659,0.00153716,1.90981,1,596.3924559,21099.6,622.209,33.9108,0.00025292,0.289989,0,287.0378065,2377.7,588.505,4.04024,8.92936e-05,0.0847328,6,-353.857001,2379.58,926.018,2.56969,0.000251078,0.281013
148.8736,1,AUTO,ARMED,5,AVAILABLE,UNAVAILABLE,UNAVAILABLE,149,7,ACTIVE,11,F1_N2-A3.NC,F1_N2-A3.NC,2077098.662,194564.758,5712.0,5296.7451,100,55.03333,27,100,0,12,100,12000.0,6694.81,2529.6,2.64659,0.00153716,1.90981,1,602.0746882,21099.6,622.209,33.9108,0.00025292,0.289989,0,287.0377994,2377.7,588.505,4.04024,8.92936e-05,0.0847328,6,-353.8570468,2379.58,926.018,2.56969,0.000251078,0.281013
149.009541,1,AUTO,ARMED,5,AVAILABLE,UNAVAILABLE,UNAVAILABLE,149,7,ACTIVE,11,F1_N2-A3.NC,F1_N2-A3.NC,2077098.662,194564.758,5712.0,5296.7451,100,55.03333,27,100,0,12,100,12000.0,6694.81,2529.6,2.64659,0.00153716,1.90981,1,607.7705602,21099.6,622.209,33.9108,0.00025292,0.289989,0,287.0378065,2377.7,588.505,4.04024,8.92936e-05,0.0847328,6,-353.8569324,2379.58,926.018,2.56969,0.000251078,0.281013
149.150357,1,AUTO,ARMED,5,AVAILABLE,UNAVAILABLE,UNAVAILABLE,149,7,ACTIVE,11,F1_N2-A3.NC,F1_N2-A3.NC,2077098.662,194564.758,5712.0,5296.7451,100,55.03333,27,100,0,11,100,12000.0,6694.81,2529.6,2.64659,0.00153716,1.90981,1,616.2319049,21099.6,622.209,33.9108,0.00025292,0.289989,0,287.0377994,2377.7,588.505,4.04024,8.92936e-05,0.0847328,6,-353.857001,2379.58,926.018,2.56969,0.000251078,0.281013
149.292728,1,AUTO,ARMED,5,AVAILABLE,UNAVAILABLE,UNAVAILABLE,149,7,ACTIVE,11,F1_N2-A3.NC,F1_N2-A3.NC,2077098.662,194564.758,5712.0,5267.9639,100,55.03333,28,100,0,13,100,12000.0,6694.81,2529.6,2.64659,0.00153716,1.90981,1,621.9140596,21099.6,622.209,33.9108,0.00025292,0.289989,0,287.0378065,2377.7,588.505,4.04024,8.92936e-05,0.0847328,6,-353.8570354,2379.58,926.018,2.56969,0.000251078,0.281013
149.436607,1,AUTO,ARMED,5,AVAILABLE,UNAVAILABLE,UNAVAILABLE,149,7,ACTIVE,11,F1_N2-A3.NC,F1_N2-A3.NC,2077098.662,194564.758,5712.0,5267.9639,100,55.03333,28,100,0,10,100,12000.0,6694.81,2529.6,2.64659,0.00153716,1.90981,1,627.5826604,21099.6,622.209,33.9108,0.00025292,0.289989,0,287.0377994,2377.7,588.505,4.04024,8.92936e-05,0.0847328,6,-353.8569438,2379.58,926.018,2.56969,0.000251078,0.281013
149.586901,1,AUTO,ARMED,5,AVAILABLE,UNAVAILABLE,UNAVAILABLE,149,7,ACTIVE,11,F1_N2-A3.NC,F1_N2-A3.NC,2077098.662,194564.758,5712.0,5267.9639,100,55.03333,28,100,0,13,100,12000.0,6694.81,2529.6,2.64659,0.00153716,1.90981,1,633.2371922,21099.6,622.209,33.9108,0.00025292,0.289989,0,287.0378137,2377.7,588.505,4.04024,8.92936e-05,0.0847328,6,-353.8570583,2379.58,926.018,2.56969,0.000251078,0.281013
149.722741,1,AUTO,ARMED,5,AVAILABLE,UNAVAILABLE,UNAVAILABLE,149,7,ACTIVE,11,F1_N2-A3.NC,F1_N2-A3.NC,2077098.662,194564.758,5712.0,5267.9639,100,55.03333,28,100,0,12,100,12000.0,6598.83,2344.56,2.81453,0.00148693,1.85304,1,644.5878316,18771.2,268.99,69.784,0.000237515,0.212426,0,287.0378137,2041.46,112.119,18.208,8.85409e-05,0.0543616,6,-353.8570239,2211.32,557.585,3.96589,0.000143907,0.194143
149.862639,1,AUTO,ARMED,5,AVAILABLE,UNAVAILABLE,UNAVAILABLE,149,7,ACTIVE,11,F1_N2-A3.NC,F1_N2-A3.NC,2077098.662,194564.758,5712.0,5267.9639,100,50.88333,28,100,0,7,100,12000.0,6598.83,2344.56,2.81453,0.00148693,1.85304,0,655.2389773,18771.2,268.99,69.784,0.000237515,0.212426,0,287.0379066,2041.46,112.119,18.208,8.85409e-05,0.0543616,6,-353.8569324,2211.32,557.585,3.96589,0.000143907,0.194143
150.010677,1,AUTO,ARMED,5,AVAILABLE,UNAVAILABLE,UNAVAILABLE,150,7,ACTIVE,11,F1_N2-A3.NC,F1_N2-A3.NC,2077098.662,194564.758,5712.0,5267.9639,100,32.53333,28,100,0,7,100,12000.0,6598.83,2344.56,2.81453,0.00148693,1.85304,0,655.6397248,18771.2,268.99,69.784,0.000237515,0.212426,0,287.0378423,2041.46,112.119,18.208,8.85409e-05,0.0543616,6,-353.8570468,2211.32,557.585,3.96589,0.000143907,0.194143
150.149839,1,AUTO,ARMED,5,AVAILABLE,UNAVAILABLE,UNAVAILABLE,150,7,ACTIVE,11,F1_N2-A3.NC,F1_N2-A3.NC,2077098.662,194564.758,5712.0,3963.8525,100,14.2,28,100,0,3,100,12000.0,6598.83,2344.56,2.81453,0.00148693,1.85304,0,655.6425141,18771.2,268.99,69.784,0.000237515,0.212426,0,287.0378065,2041.46,112.119,18.208,8.85409e-05,0.0543616,6,-353.8569324,2211.32,557.585,3.96589,0.000143907,0.194143
150.293457,1,AUTO,ARMED,5,AVAILABLE,UNAVAILABLE,UNAVAILABLE,150,7,ACTIVE,11,F1_N2-A3.NC,F1_N2-A3.NC,2077098.662,194564.758,5712.0,3963.8525,100,0.0,29,100,0,3,100,12000.0,6598.83,2344.56,2.81453,0.00148693,1.85304,0,655.6425857,18771.2,268.99,69.784,0.000237515,0.212426,0,287.0378065,2041.46,112.119,18.208,8.85409e-05,0.0543616,6,-353.8570239,2211.32,557.585,3.96589,0.000143907,0.194143
150.474513,1,AUTO,ARMED,5,AVAILABLE,UNAVAILABLE,UNAVAILABLE,150,7,ACTIVE,11,F1_N2-A3.NC,F1_N2-A3.NC,2077098.662,194564.758,5712.0,3963.8525,100,0.0,29,100,0,5,100,12000.0,5303.06,2432.69,2.17992,0.00148386,1.84011,0,655.6425284,1464.25,262.755,5.57268,0.000198317,0.194225,0,287.0377994,576.41,201.956,2.85414,7.50733e-05,0.0614585,6,-353.8570125,1706.56,599.838,2.84503,0.00044014,0.214468
150.688733,1,AUTO,ARMED,5,AVAILABLE,UNAVAILABLE,UNAVAILABLE,150,7,ACTIVE,11,F1_N2-A3.NC,F1_N2-A3.NC,2077098.662,194564.758,5712.0,3963.8525,100,0.0,29,100,0,5,100,12000.0,5303.06,2432.69,2.17992,0.00148386,1.84011,0,655.6425141,1464.25,262.755,5.57268,0.000198317,0.194225,0,287.0378065,576.41,201.956,2.85414,7.50733e-05,0.0614585,6,-353.8570583,1706.56,599.838,2.84503,0.00044014,0.214468
150.902453,1,AUTO,ARMED,5,AVAILABLE,UNAVAILABLE,UNAVAILABLE,150,7,ACTIVE,11,F1_N2-A3.NC,F1_N2-A3.NC,2077098.662,194564.758,5712.0,3963.8525,100,0.0,29,100,0,6,100,12000.0,5303.06,2432.69,2.17992,0.00148386,1.84011,0,655.642507,1464.25,262.755,5.57268,0.000198317,0.194225,0,287.0378065,576.41,201.956,2.85414,7.50733e-05,0.0614585,6,-353.8570583,1706.56,599.838,2.84503,0.00044014,0.214468
151.118199,1,AUTO,ARMED,5,AVAILABLE,UNAVAILABLE,UNAVAILABLE,151,7,ACTIVE,11,F1_N2-A3.NC,F1_N2-A3.NC,2077098.662,194564.758,5712.0,5569.4912,100,28.98333,29,100,0,5,100,12000.0,5303.06,2432.69,2.17992,0.00148386,1.84011,0,655.5672419,1464.25,262.755,5.57268,0.000198317,0.194225,0,287.6737338,576.41,201.956,2.85414,7.50733e-05,0.0614585,6,-353.8570468,1706.56,599.838,2.84503,0.00044014,0.214468
151.446049,1,AUTO,ARMED,5,AVAILABLE,UNAVAILABLE,UNAVAILABLE,152,7,ACTIVE,11,F1_N2-A3.NC,F1_N2-A3.NC,2077098.662,194564.758,5712.0,5569.4912,100,52.85,30,100,0,11,100,12000.0,5303.06,2432.69,2.17992,0.00148386,1.84011,0,640.7228096,1464.25,262.755,5.57268,0.000198317,0.194225,0,287.6727754,576.41,201.956,2.85414,7.50733e-05,0.0614585,6,-353.8569553,1706.56,599.838,2.84503,0.00044014,0.214468
151.607229,1,AUTO,ARMED,5,AVAILABLE,UNAVAILABLE,UNAVAILABLE,152,7,ACTIVE,11,F1_N2-A3.NC,F1_N2-A3.NC,2077098.662,194564.758,5712.0,5569.4912,100,55.03333,30,100,0,13,100,12000.0,5303.06,2432.69,2.17992,0.00148386,1.84011,0,635.0685708,1464.25,262.755,5.57268,0.000198317,0.194225,0,287.672804,576.41,201.956,2.85414,7.50733e-05,0.0614585,6,-353.8570583,1706.56,599.838,2.84503,0.00044014,0.214468
151.766272,1,AUTO,ARMED,5,AVAILABLE,UNAVAILABLE,UNAVAILABLE,152,7,ACTIVE,11,F1_N2-A3.NC,F1_N2-A3.NC,2077098.662,194564.758,5712.0,5569.4912,100,55.03333,30,100,0,15,100,12000.0,6766.8,2525.77,2.6791,0.00155658,1.92798,0,618.0631098,15554.7,696.481,22.3333,0.000300736,0.349102,0,287.6727968,1921.37,747.009,2.57208,0.000151067,0.0924011,6,-353.8569896,2331.5,750.341,3.10725,0.00023845,0.245545
151.9323,1,AUTO,ARMED,5,AVAILABLE,UNAVAILABLE,UNAVAILABLE,152,7,ACTIVE,11,F1_N2-A3.NC,F1_N2-A3.NC,2077098.662,194564.758,5712.0,5569.4912,100,55.03333,30,100,0,12,100,12000.0,6766.8,2525.77,2.6791,0.00155658,1.92798,0,612.3946962,15554.7,696.481,22.3333,0.000300736,0.349102,0,287.6728111,1921.37,747.009,2.57208,0.000151067,0.0924011,6,-353.8569896,2331.5,750.341,3.10725,0.00023845,0.245545
152.099368,1,AUTO,ARMED,5,AVAILABLE,UNAVAILABLE,UNAVAILABLE,152,7,ACTIVE,11,F1_N2-A3.NC,F1_N2-A3.NC,2077098.662,194564.758,5712.0,5569.4912,100,55.03333,30,100,0,13,100,12000.0,6766.8,2525.77,2.6791,0.00155658,1.92798,0,601.0441488,15554.7,696.481,22.3333,0.000300736,0.349102,0,287.6727825,1921.37,747.009,2.57208,0.000151067,0.0924011,6,-353.8569324,2331.5,750.341,3.10725,0.00023845,0.245545
152.247615,1,AUTO,ARMED,5,AVAILABLE,UNAVAILABLE,UNAVAILABLE,152,7,ACTIVE,11,F1_N2-A3.NC,F1_N2-A3.NC,2077098.662,194564.758,5712.0,5319.333,100,55.03333,31,100,0,12,100,12000.0,6766.8,2525.77,2.6791,0.00155658,1.92798,0,589.7208899,15554.7,696.481,22.3333,0.000300736,0.349102,0,287.6727897,1921.37,747.009,2.57208,0.000151067,0.0924011,6,-353.8569553,2331.5,750.341,3.10725,0.00023845,0.245545
152.417823,1,AUTO,ARMED,5,AVAILABLE,UNAVAILABLE,UNAVAILABLE,152,7,ACTIVE,11,F1_N2-A3.NC,F1_N2-A3.NC,2077098.662,194564.758,5712.0,5319.333,100,55.03333,31,100,0,11,100,12000.0,6766.8,2525.77,2.6791,0.00155658,1.92798,0,584.0387586,15554.7,696.481,22.3333,0.000300736,0.349102,0,287.6728111,1921.37,747.009,2.57208,0.000151067,0.0924011,6,-353.8569782,2331.5,750.341,3.10725,0.00023845,0.245545
152.567386,1,AUTO,ARMED,5,AVAILABLE,UNAVAILABLE,UNAVAILABLE,152,7,ACTIVE,11,F1_N2-A3.NC,F1_N2-A3.NC,2077098.662,194564.758,5712.0,5319.333,100,55.03333,31,100,0,13,100,12000.0,6766.8,2525.77,2.6791,0.00155658,1.92798,0,578.3838872,15554.7,696.481,22.3333,0.000300736,0.349102,0,287.6727897,1921.37,747.009,2.57208,0.000151067,0.0924011,6,-353.8570239,2331.5,750.341,3.10725,0.00023845,0.245545
152.800638,1,AUTO,ARMED,5,AVAILABLE,UNAVAILABLE,UNAVAILABLE,152,7,ACTIVE,11,F1_N2-A3.NC,F1_N2-A3.NC,2077098.662,194564.758,5712.0,5319.333,100,55.03333,31,100,0,11,100,12000.0,6862.78,2411.61,2.84573,0.00153054,1.90102,0,567.0334675,16178.8,621.61,26.0273,0.000358604,0.42393,0,287.6728111,2089.49,168.196,12.4229,7.94721e-05,0.0436486,6,-353.8570697,2475.72,777.668,3.18352,0.000214903,0.251595
152.974789,1,AUTO,ARMED,5,AVAILABLE,UNAVAILABLE,UNAVAILABLE,152,7,ACTIVE,11,F1_N2-A3.NC,F1_N2-A3.NC,2077098.662,194564.758,5712.0,5319.333,100,55.03333,31,100,0,14,100,12000.0,6862.78,2411.61,2.84573,0.00153054,1.90102,0,552.8898954,16178.8,621.61,26.0273,0.000358604,0.42393,0,287.6728183,2089.49,168.196,12.4229,7.94721e-05,0.0436486,6,-353.8569667,2475.72,777.668,3.18352,0.000214903,0.251595
153.122261,1,AUTO,ARMED,5,AVAILABLE,UNAVAILABLE,UNAVAILABLE,152,7,ACTIVE,11,F1_N2-A3.NC,F1_N2-A3.NC,2077098.662,194564.758,5712.0,5319.333,100,55.03333,32,100,0,11,100,12000.0,6862.78,2411.61,2.84573,0.00153054,1.90102,0,547.2077011,16178.8,621.61,26.0273,0.000358604,0.42393,0,287.672804,2089.49,168.196,12.4229,7.94721e-05,0.0436486,6,-353.8570583,2475.72,777.668,3.18352,0.000214903,0.251595
153.305322,1,AUTO,ARMED,5,AVAILABLE,UNAVAILABLE,UNAVAILABLE,152,7,ACTIVE,11,F1_N2-A3.NC,F1_N2-A3.NC,2077098.662,194564.758,5712.0,5319.333,100,38.66667,32,100,0,7,100,12000.0,6862.78,2411.61,2.84573,0.00153054,1.90102,0,536.6712805,16178.8,621.61,26.0273,0.000358604,0.42393,0,287.672947,2089.49,168.196,12.4229,7.94721e-05,0.0436486,6,-353.8570468,2475.72,777.668,3.18352,0.000214903,0.251595
153.447326,1,AUTO,ARMED,5,AVAILABLE,UNAVAILABLE,UNAVAILABLE,152,7,ACTIVE,11,F1_N2-A3.NC,F1_N2-A3.NC,2077098.662,194564.758,5712.0,3994.1431,100,20.31667,32,100,0,7,100,12000.0,6862.78,2411.61,2.84573,0.00153054,1.90102,0,536.2649354,16178.8,621.61,26.0273,0.000358604,0.42393,0,287.6728469,2089.49,168.196,12.4229,7.94721e-05,0.0436486,6,-353.857001,2475.72,777.668,3.18352,0.000214903,0.251595
153.603758,1,AUTO,ARMED,5,AVAILABLE,UNAVAILABLE,UNAVAILABLE,153,7,ACTIVE,11,F1_N2-A3.NC,F1_N2-A3.NC,2077098.662,194564.758,5712.0,3994.1431,100,0.0,32,100,0,4,100,12000.0,6862.78,2411.61,2.84573,0.00153054,1.90102,0,536.2624893,16178.8,621.61,26.0273,0.000358604,0.42393,0,287.6728183,2089.49,168.196,12.4229,7.94721e-05,0.0436486,6,-353.8569667,2475.72,777.668,3.18352,0.000214903,0.251595
153.746363,1,AUTO,ARMED,5,AVAILABLE,UNAVAILABLE,UNAVAILABLE,153,7,ACTIVE,11,F1_N2-A3.NC,F1_N2-A3.NC,2077098.662,194564.758,5712.0,3994.1431,100,0.0,32,100,0,3,100,12000.0,5255.06,2350.92,2.23532,0.00149517,1.86116,0,536.2624392,3648.63,233.454,15.6289,0.000187749,0.181316,0,287.672804,648.46,169.748,3.82013,0.000117992,0.0502606,6,-353.8569438,1826.75,628.879,2.90477,0.000293221,0.218861
153.897012,1,AUTO,ARMED,5,AVAILABLE,UNAVAILABLE,UNAVAILABLE,153,7,ACTIVE,11,F1_N2-A3.NC,F1_N2-A3.NC,2077098.662,194564.758,5712.0,3994.1431,100,0.0,32,100,0,4,100,12000.0,5255.06,2350.92,2.23532,0.00149517,1.86116,0,536.262475,3648.63,233.454,15.6289,0.000187749,0.181316,0,287.6727968,648.46,169.748,3.82013,0.000117992,0.0502606,6,-353.8569553,1826.75,628.879,2.90477,0.000293221,0.218861
154.139611,1,AUTO,ARMED,5,AVAILABLE,UNAVAILABLE,UNAVAILABLE,153,7,ACTIVE,11,F1_N2-A3.NC,F1_N2-A3.NC,2077098.662,194564.758,5712.0,3994.1431,100,0.0,32,100,0,4,100,12000.0,5255.06,2350.92,2.23532,0.00149517,1.86116,0,536.2624893,3648.63,233.454,15.6289,0.000187749,0.181316,0,287.6727897,648.46,169.748,3.82013,0.000117992,0.0502606,6,-353.857001,1826.75,628.879,2.90477,0.000293221,0.218861
154.294897,1,AUTO,ARMED,5,AVAILABLE,UNAVAILABLE,UNAVAILABLE,153,7,ACTIVE,11,F1_N2-A3.NC,F1_N2-A3.NC,2077098.662,194564.758,5712.0,3994.1431,100,0.0,33,100,0,4,100,12000.0,5255.06,2350.92,2.23532,0.00149517,1.86116,0,536.2624893,3648.63,233.454,15.6289,0.000187749,0.181316,0,287.6727968,648.46,169.748,3.82013,0.000117992,0.0502606,6,-353.8569782,1826.75,628.879,2.90477,0.000293221,0.218861
154.464474,1,AUTO,ARMED,5,AVAILABLE,UNAVAILABLE,UNAVAILABLE,156,7,ACTIVE,11,F1_N2-A3.NC,F1_N2-A3.NC,2077098.662,194564.758,5712.0,2630.5439,100,0.0,33,100,0,5,100,12000.0,5255.06,2350.92,2.23532,0.00149517,1.86116,0,536.2624964,3648.63,233.454,15.6289,0.000187749,0.181316,0,287.6728111,648.46,169.748,3.82013,0.000117992,0.0502606,6,-353.8570583,1826.75,628.879,2.90477,0.000293221,0.218861
154.635459,1,AUTO,ARMED,5,AVAILABLE,UNAVAILABLE,UNAVAILABLE,156,7,ACTIVE,11,F1_N2-A3.NC,F1_N2-A3.NC,2077098.662,194564.758,5712.0,2630.5439,100,0.0,33,100,0,5,100,11965.51707,5255.06,2350.92,2.23532,0.00149517,1.86116,0,536.2624964,3648.63,233.454,15.6289,0.000187749,0.181316,0,287.6727968,648.46,169.748,3.82013,0.000117992,0.0502606,6,-353.8569438,1826.75,628.879,2.90477,0.000293221,0.218861
154.797923,1,AUTO,ARMED,5,AVAILABLE,UNAVAILABLE,UNAVAILABLE,156,7,ACTIVE,11,F1_N2-A3.NC,F1_N2-A3.NC,2077098.662,194564.758,5712.0,2630.5439,100,0.0,33,100,0,44,100,11644.42496,5255.06,2350.92,2.23532,0.00149517,1.86116,0,536.2624964,3648.63,233.454,15.6289,0.000187749,0.181316,0,287.6728111,648.46,169.748,3.82013,0.000117992,0.0502606,6,-353.8570697,1826.75,628.879,2.90477,0.000293221,0.218861
154.94243,1,AUTO,ARMED,5,AVAILABLE,UNAVAILABLE,UNAVAILABLE,156,7,ACTIVE,11,F1_N2-A3.NC,F1_N2-A3.NC,2077098.662,194564.758,5712.0,2630.5439,100,0.0,33,100,0,47,100,11408.80882,3983.29,985.907,4.04023,0.000719029,0.772183,0,536.2624964,3528.61,201.491,17.5125,0.000242918,0.18299,0,287.6727825,768.549,114.795,6.69497,7.5642e-05,0.0387577,6,-353.8569782,3316.99,1190.64,2.78589,0.000261053,0.415583
155.091117,1,AUTO,ARMED,5,AVAILABLE,UNAVAILABLE,UNAVAILABLE,156,7,ACTIVE,11,F1_N2-A3.NC,F1_N2-A3.NC,2077098.662,194564.758,5712.0,2630.5439,100,0.0,33,100,0,52,100,11157.49766,3983.29,985.907,4.04023,0.000719029,0.772183,0,536.2624893,3528.61,201.491,17.5125,0.000242918,0.18299,0,287.6727968,768.549,114.795,6.69497,7.5642e-05,0.0387577,6,-353.8569782,3316.99,1190.64,2.78589,0.000261053,0.415583
155.290038,1,AUTO,ARMED,5,AVAILABLE,UNAVAILABLE,UNAVAILABLE,156,7,ACTIVE,11,F1_N2-A3.NC,F1_N2-A3.NC,2077098.662,194564.758,5712.0,2630.5439,100,0.0,34,100,0,57,100,10354.40766,3983.29,985.907,4.04023,0.000719029,0.772183,0,536.2624893,3528.61,201.491,17.5125,0.000242918,0.18299,0,287.672804,768.549,114.795,6.69497,7.5642e-05,0.0387577,6,-353.857001,3316.99,1190.64,2.78589,0.000261053,0.415583
155.472373,1,AUTO,ARMED,5,AVAILABLE,UNAVAILABLE,UNAVAILABLE,156,7,ACTIVE,11,F1_N2-A3.NC,F1_N2-A3.NC,2077098.662,194564.758,5712.0,2630.5439,100,0.0,34,100,0,59,100,9749.192209,3983.29,985.907,4.04023,0.000719029,0.772183,0,536.2624964,3528.61,201.491,17.5125,0.000242918,0.18299,0,287.6727968,768.549,114.795,6.69497,7.5642e-05,0.0387577,6,-353.857001,3316.99,1190.64,2.78589,0.000261053,0.415583
155.632269,1,AUTO,ARMED,5,AVAILABLE,UNAVAILABLE,UNAVAILABLE,156,7,ACTIVE,11,F1_N2-A3.NC,F1_N2-A3.NC,2077098.662,194564.758,5712.0,7135.8086,100,0.0,34,100,0,53,100,9000.0,3983.29,985.907,4.04023,0.000719029,0.772183,0,536.2624964,3528.61,201.491,17.5125,0.000242918,0.18299,0,287.6727968,768.549,114.795,6.69497,7.5642e-05,0.0387577,6,-353.857001,3316.99,1190.64,2.78589,0.000261053,0.415583
155.8128,1,AUTO,ARMED,5,AVAILABLE,UNAVAILABLE,UNAVAILABLE,156,7,ACTIVE,11,F1_N2-A3.NC,F1_N2-A3.NC,2077098.662,194564.758,5712.0,7135.8086,100,0.0,34,100,0,28,100,9000.0,3983.29,985.907,4.04023,0.000719029,0.772183,0,536.2625036,3528.61,201.491,17.5125,0.000242918,0.18299,0,287.6800995,768.549,114.795,6.69497,7.5642e-05,0.0387577,6,-353.8570239,3316.99,1190.64,2.78589,0.000261053,0.415583
155.9593,1,AUTO,ARMED,5,AVAILABLE,UNAVAILABLE,UNAVAILABLE,156,7,ACTIVE,11,F1_N2-A3.NC,F1_N2-A3.NC,2077098.662,194564.758,5712.0,7135.8086,100,0.0,34,100,0,8,100,9000.0,2663.53,508.333,5.23973,0.000510224,0.457348,0,536.2624964,3456.6,126.395,27.3476,0.000225739,0.125075,0,287.7998321,936.667,173.018,5.4137,0.000104667,0.0765471,6,-353.8570125,1995.0,628.478,3.17434,0.000351809,0.285393
156.136043,1,AUTO,ARMED,5,AVAILABLE,UNAVAILABLE,UNAVAILABLE,157,7,ACTIVE,11,F1_N2-A3.NC,F1_N2-A3.NC,2077098.662,194564.758,5712.0,7135.8086,100,0.0,34,100,0,24,100,9000.0,2663.53,508.333,5.23973,0.000510224,0.457348,0,536.2624964,3456.6,126.395,27.3476,0.000225739,0.125075,0,287.7997963,936.667,173.018,5.4137,0.000104667,0.0765471,6,-353.857001,1995.0,628.478,3.17434,0.000351809,0.285393
156.283344,1,AUTO,ARMED,5,AVAILABLE,UNAVAILABLE,UNAVAILABLE,157,7,ACTIVE,11,F1_N2-A3.NC,F1_N2-A3.NC,2077098.662,194564.758,5712.0,7135.8086,100,0.0,35,100,0,33,100,9000.0,2663.53,508.333,5.23973,0.000510224,0.457348,0,536.2624964,3456.6,126.395,27.3476,0.000225739,0.125075,0,287.7997892,936.667,173.018,5.4137,0.000104667,0.0765471,6,-353.8569896,1995.0,628.478,3.17434,0.000351809,0.285393
156.431285,1,AUTO,ARMED,5,AVAILABLE,UNAVAILABLE,UNAVAILABLE,157,7,ACTIVE,11,F1_N2-A3.NC,F1_N2-A3.NC,2077098.662,194564.758,5712.0,7135.8086,100,0.0,35,100,0,2,100,9000.0,2663.53,508.333,5.23973,0.000510224,0.457348,0,536.2624964,3456.6,126.395,27.3476,0.000225739,0.125075,0,287.7998035,936.667,173.018,5.4137,0.000104667,0.0765471,6,-353.8569896,1995.0,628.478,3.17434,0.000351809,0.285393
156.657149,1,AUTO,ARMED,5,AVAILABLE,UNAVAILABLE,UNAVAILABLE,157,7,ACTIVE,11,F1_N2-A3.NC,F1_N2-A3.NC,2077098.662,194564.758,5712.0,7135.8086,100,0.0,35,100,0,1,100,9000.0,2663.53,508.333,5.23973,0.000510224,0.457348,0,536.2625036,3456.6,126.395,27.3476,0.000225739,0.125075,0,287.7997963,936.667,173.018,5.4137,0.000104667,0.0765471,6,-353.8569896,1995.0,628.478,3.17434,0.000351809,0.285393
156.840489,1,AUTO,ARMED,5,AVAILABLE,UNAVAILABLE,UNAVAILABLE,157,7,ACTIVE,11,F1_N2-A3.NC,F1_N2-A3.NC,2077098.662,194564.758,5712.0,3932.7551,100,0.0,35,100,0,0,100,9000.0,2663.53,508.333,5.23973,0.000510224,0.457348,0,536.2624964,3456.6,126.395,27.3476,0.000225739,0.125075,0,287.7997963,936.667,173.018,5.4137,0.000104667,0.0765471,6,-353.857001,1995.0,628.478,3.17434,0.000351809,0.285393
156.998324,1,AUTO,ARMED,5,AVAILABLE,UNAVAILABLE,UNAVAILABLE,158,7,ACTIVE,11,F1_N2-A3.NC,F1_N2-A3.NC,2077098.662,194564.758,5712.0,3932.7551,100,35.98333,35,100,0,3,100,9000.0,3815.32,991.294,3.84883,0.00057768,0.531942,0,540.978486,11426.0,509.584,22.4222,0.000237662,0.26905,0,287.7998035,1585.13,515.833,3.07295,0.000109211,0.132748,6,-353.8570125,2523.79,799.75,3.15572,0.000322254,0.347707
157.165406,1,AUTO,ARMED,5,AVAILABLE,UNAVAILABLE,UNAVAILABLE,158,7,ACTIVE,11,F1_N2-A3.NC,F1_N2-A3.NC,2077098.662,194564.758,5712.0,3932.7551,100,35.98333,36,100,0,4,100,9000.0,3815.32,991.294,3.84883,0.00057768,0.531942,0,542.8305211,11426.0,509.584,22.4222,0.000237662,0.26905,0,287.7996247,1585.13,515.833,3.07295,0.000109211,0.132748,6,-353.8569896,2523.79,799.75,3.15572,0.000322254,0.347707
157.311028,1,AUTO,ARMED,5,AVAILABLE,UNAVAILABLE,UNAVAILABLE,158,7,ACTIVE,11,F1_N2-A3.NC,F1_N2-A3.NC,2077098.662,194564.758,5712.0,3932.7551,100,35.98333,36,100,0,8,100,9000.0,3815.32,991.294,3.84883,0.00057768,0.531942,0,550.2433247,11426.0,509.584,22.4222,0.000237662,0.26905,0,287.799782,1585.13,515.833,3.07295,0.000109211,0.132748,6,-353.857001,2523.79,799.75,3.15572,0.000322254,0.347707
157.467488,1,AUTO,ARMED,5,AVAILABLE,UNAVAILABLE,UNAVAILABLE,158,7,ACTIVE,11,F1_N2-A3.NC,F1_N2-A3.NC,2077098.662,194564.758,5712.0,3932.7551,100,35.98333,36,100,0,8,100,9000.0,3815.32,991.294,3.84883,0.00057768,0.531942,0,553.9493332,11426.0,509.584,22.4222,0.000237662,0.26905,0,287.7997963,1585.13,515.833,3.07295,0.000109211,0.132748,6,-353.857001,2523.79,799.75,3.15572,0.000322254,0.347707
157.628586,1,AUTO,ARMED,5,AVAILABLE,UNAVAILABLE,UNAVAILABLE,158,7,ACTIVE,11,F1_N2-A3.NC,F1_N2-A3.NC,2077098.662,194564.758,5712.0,3932.7551,100,35.98333,36,100,0,6,100,9000.0,3815.32,991.294,3.84883,0.00057768,0.531942,0,557.6470662,11426.0,509.584,22.4222,0.000237662,0.26905,0,287.7997963,1585.13,515.833,3.07295,0.000109211,0.132748,6,-353.857001,2523.79,799.75,3.15572,0.000322254,0.347707
157.779633,1,AUTO,ARMED,5,AVAILABLE,UNAVAILABLE,UNAVAILABLE,158,7,ACTIVE,11,F1_N2-A3.NC,F1_N2-A3.NC,2077098.662,194564.758,5712.0,3758.0115,100,35.98333,36,100,0,5,100,9000.0,3815.32,991.294,3.84883,0.00057768,0.531942,0,568.7656531,11426.0,509.584,22.4222,0.000237662,0.26905,0,287.7998035,1585.13,515.833,3.07295,0.000109211,0.132748,6,-353.8569896,2523.79,799.75,3.15572,0.000322254,0.347707
157.961229,1,AUTO,ARMED,5,AVAILABLE,UNAVAILABLE,UNAVAILABLE,158,7,ACTIVE,11,F1_N2-A3.NC,F1_N2-A3.NC,2077098.662,194564.758,5712.0,3758.0115,100,35.98333,36,100,0,5,100,9000.0,3815.32,991.294,3.84883,0.00057768,0.531942,0,572.4809261,11426.0,509.584,22.4222,0.000237662,0.26905,0,287.7997963,1585.13,515.833,3.07295,0.000109211,0.132748,6,-353.8570125,2523.79,799.75,3.15572,0.000322254,0.347707
158.104955,1,AUTO,ARMED,5,AVAILABLE,UNAVAILABLE,UNAVAILABLE,158,7,ACTIVE,11,F1_N2-A3.NC,F1_N2-A3.NC,2077098.662,194564.758,5712.0,3758.0115,100,35.98333,36,100,0,6,100,9000.0,3623.36,965.242,3.75384,0.00056212,0.520901,0,579.8847288,11546.0,400.585,28.8228,0.000216841,0.215049,0,287.7998106,1633.17,469.83,3.47609,0.000113382,0.116083,6,-353.8570125,2595.9,834.878,3.10932,0.000304145,0.353646
158.280057,1,AUTO,ARMED,5,AVAILABLE,UNAVAILABLE,UNAVAILABLE,158,7,ACTIVE,11,F1_N2-A3.NC,F1_N2-A3.NC,2077098.662,194564.758,5712.0,3758.0115,100,35.98333,37,100,0,6,100,9000.0,3623.36,965.242,3.75384,0.00056212,0.520901,0,583.5908823,11546.0,400.585,28.8228,0.000216841,0.215049,0,287.7997963,1633.17,469.83,3.47609,0.000113382,0.116083,6,-353.8569896,2595.9,834.878,3.10932,0.000304145,0.353646
158.445269,1,AUTO,ARMED,5,AVAILABLE,UNAVAILABLE,UNAVAILABLE,158,7,ACTIVE,11,F1_N2-A3.NC,F1_N2-A3.NC,2077098.662,194564.758,5712.0,3758.0115,100,35.98333,37,100,0,5,100,9000.0,3623.36,965.242,3.75384,0.00056212,0.520901,0,591.0124235,11546.0,400.585,28.8228,0.000216841,0.215049,0,287.7997892,1633.17,469.83,3.47609,0.000113382,0.116083,6,-353.8570125,2595.9,834.878,3.10932,0.000304145,0.353646
158.625059,1,AUTO,ARMED,5,AVAILABLE,UNAVAILABLE,UNAVAILABLE,158,7,ACTIVE,11,F1_N2-A3.NC,F1_N2-A3.NC,2077098.662,194564.758,5712.0,3758.0115,100,35.98333,37,100,0,5,100,9000.0,3623.36,965.242,3.75384,0.00056212,0.520901,0,598.4249364,11546.0,400.585,28.8228,0.000216841,0.215049,0,287.7997963,1633.17,469.83,3.47609,0.000113382,0.116083,6,-353.857001,2595.9,834.878,3.10932,0.000304145,0.353646
158.779701,1,AUTO,ARMED,5,AVAILABLE,UNAVAILABLE,UNAVAILABLE,158,7,ACTIVE,11,F1_N2-A3.NC,F1_N2-A3.NC,2077098.662,194564.758,5712.0,3761.3618,100,35.98333,37,100,0,5,100,9000.0,3623.36,965.242,3.75384,0.00056212,0.520901,0,605.8283584,11546.0,400.585,28.8228,0.000216841,0.215049,0,287.7998035,1633.17,469.83,3.47609,0.000113382,0.116083,6,-353.857001,2595.9,834.878,3.10932,0.000304145,0.353646
158.978208,1,AUTO,ARMED,5,AVAILABLE,UNAVAILABLE,UNAVAILABLE,158,7,ACTIVE,11,F1_N2-A3.NC,F1_N2-A3.NC,2077098.662,194564.758,5712.0,3761.3618,100,35.98333,37,100,0,5,100,9000.0,3623.36,965.242,3.75384,0.00056212,0.520901,0,609.5439417,11546.0,400.585,28.8228,0.000216841,0.215049,0,287.7997892,1633.17,469.83,3.47609,0.000113382,0.116083,6,-353.8569896,2595.9,834.878,3.10932,0.000304145,0.353646
159.144487,1,AUTO,ARMED,5,AVAILABLE,UNAVAILABLE,UNAVAILABLE,158,7,ACTIVE,11,F1_N2-A3.NC,F1_N2-A3.NC,2077098.662,194564.758,5712.0,3761.3618,100,35.98333,38,100,0,5,100,9000.0,3767.33,960.655,3.92163,0.000628833,0.53622,0,615.0943053,11450.0,323.861,35.3547,0.000177176,0.148264,0,287.7998035,1465.05,454.705,3.22198,0.000136911,0.115086,6,-353.857001,2571.87,939.77,2.7367,0.000311311,0.396883
159.300869,1,AUTO,ARMED,5,AVAILABLE,UNAVAILABLE,UNAVAILABLE,158,7,ACTIVE,11,F1_N2-A3.NC,F1_N2-A3.NC,2077098.662,194564.758,5712.0,3761.3618,100,35.98333,38,100,0,6,100,9000.0,3767.33,960.655,3.92163,0.000628833,0.53622,0,622.5156606,11450.0,323.861,35.3547,0.000177176,0.148264,0,287.7997892,1465.05,454.705,3.22198,0.000136911,0.115086,6,-353.857001,2571.87,939.77,2.7367,0.000311311,0.396883
159.474971,1,AUTO,ARMED,5,AVAILABLE,UNAVAILABLE,UNAVAILABLE,158,7,ACTIVE,11,F1_N2-A3.NC,F1_N2-A3.NC,2077098.662,194564.758,5712.0,3761.3618,100,35.98333,38,100,0,5,100,9000.0,3767.33,960.655,3.92163,0.000628833,0.53622,0,629.9192636,11450.0,323.861,35.3547,0.000177176,0.148264,0,287.7997892,1465.05,454.705,3.22198,0.000136911,0.115086,6,-353.8569896,2571.87,939.77,2.7367,0.000311311,0.396883
159.64446,1,AUTO,ARMED,5,AVAILABLE,UNAVAILABLE,UNAVAILABLE,158,7,ACTIVE,11,F1_N2-A3.NC,F1_N2-A3.NC,2077098.662,194564.758,5712.0,3761.3618,100,35.98333,38,100,0,5,100,9000.0,3767.33,960.655,3.92163,0.000628833,0.53622,0,633.6256498,11450.0,323.861,35.3547,0.000177176,0.148264,0,287.7998106,1465.05,454.705,3.22198,0.000136911,0.115086,6,-353.857001,2571.87,939.77,2.7367,0.000311311,0.396883
159.834445,1,AUTO,ARMED,5,AVAILABLE,UNAVAILABLE,UNAVAILABLE,158,7,ACTIVE,11,F1_N2-A3.NC,F1_N2-A3.NC,2077098.662,194564.758,5712.0,3761.3618,100,35.98333,38,100,0,6,100,9000.0,3767.33,960.655,3.92163,0.000628833,0.53622,0,641.0382722,11450.0,323.861,35.3547,0.000177176,0.148264,0,287.7998035,1465.05,454.705,3.22198,0.000136911,0.115086,6,-353.8569782,2571.87,939.77,2.7367,0.000311311,0.396883
160.004722,1,AUTO,ARMED,5,AVAILABLE,UNAVAILABLE,UNAVAILABLE,158,7,ACTIVE,11,F1_N2-A3.NC,F1_N2-A3.NC,2077098.662,194564.758,5712.0,3308.3423,100,35.98333,38,100,0,6,100,9000.0,3767.33,960.655,3.92163,0.000628833,0.53622,0,644.7444658,11450.0,323.861,35.3547,0.000177176,0.148264,0,287.7998035,1465.05,454.705,3.22198,0.000136911,0.115086,6,-353.8570125,2571.87,939.77,2.7367,0.000311311,0.396883
160.148158,1,AUTO,ARMED,5,AVAILABLE,UNAVAILABLE,UNAVAILABLE,158,7,ACTIVE,11,F1_N2-A3.NC,F1_N2-A3.NC,2077098.662,194564.758,5712.0,3308.3423,100,35.98333,38,100,0,5,100,9000.0,2855.49,570.278,5.00719,0.000623661,0.534092,0,652.1571247,11618.0,120.834,96.1484,0.000163776,0.0864925,0,287.7998893,744.531,153.079,4.8637,0.000129879,0.0696102,6,-353.8569896,2091.14,747.79,2.79643,0.000379688,0.328296
160.286079,1,AUTO,ARMED,5,AVAILABLE,UNAVAILABLE,UNAVAILABLE,158,7,ACTIVE,11,F1_N2-A3.NC,F1_N2-A3.NC,2077098.662,194564.758,5712.0,3308.3423,100,24.61667,39,100,0,3,100,9000.0,2855.49,570.278,5.00719,0.000623661,0.534092,0,655.6407833,11618.0,120.834,96.1484,0.000163776,0.0864925,0,287.7998106,744.531,153.079,4.8637,0.000129879,0.0696102,6,-353.8569896,2091.14,747.79,2.79643,0.000379688,0.328296
160.443106,1,AUTO,ARMED,5,AVAILABLE,UNAVAILABLE,UNAVAILABLE,159,7,ACTIVE,11,F1_N2-A3.NC,F1_N2-A3.NC,2077098.662,194564.758,5712.0,3308.3423,100,0.0,39,100,0,3,100,9000.0,2855.49,570.278,5.00719,0.000623661,0.534092,0,655.6425284,11618.0,120.834,96.1484,0.000163776,0.0864925,0,287.7997963,744.531,153.079,4.8637,0.000129879,0.0696102,6,-353.857001,2091.14,747.79,2.79643,0.000379688,0.328296
160.647043,1,AUTO,ARMED,5,AVAILABLE,UNAVAILABLE,UNAVAILABLE,159,7,ACTIVE,11,F1_N2-A3.NC,F1_N2-A3.NC,2077098.662,194564.758,5712.0,3308.3423,100,0.0,39,100,0,3,100,9000.0,2855.49,570.278,5.00719,0.000623661,0.534092,0,655.6425642,11618.0,120.834,96.1484,0.000163776,0.0864925,0,287.7998106,744.531,153.079,4.8637,0.000129879,0.0696102,6,-353.857001,2091.14,747.79,2.79643,0.000379688,0.328296
160.803339,1,AUTO,ARMED,5,AVAILABLE,UNAVAILABLE,UNAVAILABLE,159,7,ACTIVE,11,F1_N2-A3.NC,F1_N2-A3.NC,2077098.662,194564.758,5712.0,3308.3423,100,0.0,39,100,0,4,100,9000.0,2855.49,570.278,5.00719,0.000623661,0.534092,0,655.6425356,11618.0,120.834,96.1484,0.000163776,0.0864925,0,287.7997963,744.531,153.079,4.8637,0.000129879,0.0696102,6,-353.8569896,2091.14,747.79,2.79643,0.000379688,0.328296
160.969423,1,AUTO,ARMED,5,AVAILABLE,UNAVAILABLE,UNAVAILABLE,159,7,ACTIVE,11,F1_N2-A3.NC,F1_N2-A3.NC,2077098.662,194564.758,5712.0,3479.3713,100,0.0,39,100,0,4,100,9000.0,2855.49,570.278,5.00719,0.000623661,0.534092,0,655.6425141,11618.0,120.834,96.1484,0.000163776,0.0864925,0,287.7998035,744.531,153.079,4.8637,0.000129879,0.0696102,6,-353.857001,2091.14,747.79,2.79643,0.000379688,0.328296
161.1515,1,AUTO,ARMED,5,AVAILABLE,UNAVAILABLE,UNAVAILABLE,159,7,ACTIVE,11,F1_N2-A3.NC,F1_N2-A3.NC,2077098.662,194564.758,5712.0,3479.3713,100,0.0,40,100,0,4,100,9000.0,2663.53,562.548,4.73476,0.000565415,0.53866,0,655.642507,8929.54,416.196,21.4551,0.000373582,0.339954,0,287.7997963,840.599,360.959,2.32879,0.000124546,0.0959878,6,-353.857001,1898.85,734.198,2.58629,0.000421261,0.328384
161.339239,1,AUTO,ARMED,5,AVAILABLE,UNAVAILABLE,UNAVAILABLE,159,7,ACTIVE,11,F1_N2-A3.NC,F1_N2-A3.NC,2077098.662,194564.758,5712.0,3479.3713,100,0.0,40,100,0,3,100,9000.0,2663.53,562.548,4.73476,0.000565415,0.53866,0,655.6424998,8929.54,416.196,21.4551,0.000373582,0.339954,0,287.8086582,840.599,360.959,2.32879,0.000124546,0.0959878,6,-353.8569896,1898.85,734.198,2.58629,0.000421261,0.328384
161.495715,1,AUTO,ARMED,5,AVAILABLE,UNAVAILABLE,UNAVAILABLE,161,7,ACTIVE,11,F1_N2-A3.NC,F1_N2-A3.NC,2077098.662,194564.758,5712.0,3479.3713,100,35.85,40,100,0,4,100,9000.0,2663.53,562.548,4.73476,0.000565415,0.53866,0,654.5763109,8929.54,416.196,21.4551,0.000373582,0.339954,0,287.9270104,840.599,360.959,2.32879,0.000124546,0.0959878,6,-353.857001,1898.85,734.198,2.58629,0.000421261,0.328384
161.675683,1,AUTO,ARMED,5,AVAILABLE,UNAVAILABLE,UNAVAILABLE,161,7,ACTIVE,11,F1_N2-A3.NC,F1_N2-A3.NC,2077098.662,194564.758,5712.0,3479.3713,100,35.98333,40,100,0,5,100,9000.0,2663.53,562.548,4.73476,0.000565415,0.53866,0,643.4984149,8929.54,416.196,21.4551,0.000373582,0.339954,0,287.9267815,840.599,360.959,2.32879,0.000124546,0.0959878,6,-353.8570125,1898.85,734.198,2.58629,0.000421261,0.328384
161.846073,1,AUTO,ARMED,5,AVAILABLE,UNAVAILABLE,UNAVAILABLE,161,7,ACTIVE,11,F1_N2-A3.NC,F1_N2-A3.NC,2077098.662,194564.758,5712.0,3479.3713,100,35.98333,40,100,0,5,100,9000.0,2663.53,562.548,4.73476,0.000565415,0.53866,0,639.7919433,8929.54,416.196,21.4551,0.000373582,0.339954,0,287.9267815,840.599,360.959,2.32879,0.000124546,0.0959878,6,-353.8569896,1898.85,734.198,2.58629,0.000421261,0.328384
161.995718,1,AUTO,ARMED,5,AVAILABLE,UNAVAILABLE,UNAVAILABLE,161,7,ACTIVE,11,F1_N2-A3.NC,F1_N2-A3.NC,2077098.662,194564.758,5712.0,3479.3713,100,35.98333,40,100,0,6,100,9000.0,2663.53,562.548,4.73476,0.000565415,0.53866,0,632.3884459,8929.54,416.196,21.4551,0.000373582,0.339954,0,287.9268101,840.599,360.959,2.32879,0.000124546,0.0959878,6,-353.8569896,1898.85,734.198,2.58629,0.000421261,0.328384
162.150437,1,AUTO,ARMED,5,AVAILABLE,UNAVAILABLE,UNAVAILABLE,161,7,ACTIVE,11,F1_N2-A3.NC,F1_N2-A3.NC,2077098.662,194564.758,5712.0,3741.0964,100,35.98333,41,100,0,6,100,9000.0,2663.53,562.548,4.73476,0.000565415,0.53866,0,628.6730813,8929.54,416.196,21.4551,0.000373582,0.339954,0,287.926803,840.599,360.959,2.32879,0.000124546,0.0959878,6,-353.857001,1898.85,734.198,2.58629,0.000421261,0.328384
162.311521,1,AUTO,ARMED,5,AVAILABLE,UNAVAILABLE,UNAVAILABLE,161,7,ACTIVE,11,F1_N2-A3.NC,F1_N2-A3.NC,2077098.662,194564.758,5712.0,3741.0964,100,35.98333,41,100,0,6,100,9000.0,3431.39,826.506,4.15168,0.000573109,0.51864,0,624.966979,9433.63,273.877,34.4448,0.00019795,0.123442,0,287.926803,1296.93,391.383,3.31371,8.9238e-05,0.0945954,6,-353.8569896,2331.5,911.185,2.55876,0.000296219,0.377832
162.477845,1,AUTO,ARMED,5,AVAILABLE,UNAVAILABLE,UNAVAILABLE,161,7,ACTIVE,11,F1_N2-A3.NC,F1_N2-A3.NC,2077098.662,194564.758,5712.0,3741.0964,100,35.98333,41,100,0,6,100,9000.0,3431.39,826.506,4.15168,0.000573109,0.51864,0,617.5544167,9433.63,273.877,34.4448,0.00019795,0.123442,0,287.9268101,1296.93,391.383,3.31371,8.9238e-05,0.0945954,6,-353.8570125,2331.5,911.185,2.55876,0.000296219,0.377832
162.633981,1,AUTO,ARMED,5,AVAILABLE,UNAVAILABLE,UNAVAILABLE,161,7,ACTIVE,11,F1_N2-A3.NC,F1_N2-A3.NC,2077098.662,194564.758,5712.0,3741.0964,100,35.98333,41,100,0,6,100,9000.0,3431.39,826.506,4.15168,0.000573109,0.51864,0,610.1509094,9433.63,273.877,34.4448,0.00019795,0.123442,0,287.9268101,1296.93,391.383,3.31371,8.9238e-05,0.0945954,6,-353.8570239,2331.5,911.185,2.55876,0.000296219,0.377832
162.791571,1,AUTO,ARMED,5,AVAILABLE,UNAVAILABLE,UNAVAILABLE,161,7,ACTIVE,11,F1_N2-A3.NC,F1_N2-A3.NC,2077098.662,194564.758,5712.0,3741.0964,100,35.98333,41,100,0,6,100,9000.0,3431.39,826.506,4.15168,0.000573109,0.51864,0,602.738272,9433.63,273.877,34.4448,0.00019795,0.123442,0,287.926803,1296.93,391.383,3.31371,8.9238e-05,0.0945954,6,-353.857001,2331.5,911.185,2.55876,0.000296219,0.377832
162.954097,1,AUTO,ARMED,5,AVAILABLE,UNAVAILABLE,UNAVAILABLE,161,7,ACTIVE,11,F1_N2-A3.NC,F1_N2-A3.NC,2077098.662,194564.758,5712.0,3741.0964,100,35.98333,41,100,0,6,100,9000.0,3431.39,826.506,4.15168,0.000573109,0.51864,0,599.031862,9433.63,273.877,34.4448,0.00019795,0.123442,0,287.9268101,1296.93,391.383,3.31371,8.9238e-05,0.0945954,6,-353.8570125,2331.5,911.185,2.55876,0.000296219,0.377832
163.102859,1,AUTO,ARMED,5,AVAILABLE,UNAVAILABLE,UNAVAILABLE,161,7,ACTIVE,11,F1_N2-A3.NC,F1_N2-A3.NC,2077098.662,194564.758,5712.0,3741.0964,100,35.98333,41,100,0,5,100,9000.0,3431.39,826.506,4.15168,0.000573109,0.51864,0,597.1787214,9433.63,273.877,34.4448,0.00019795,0.123442,0,287.9268101,1296.93,391.383,3.31371,8.9238e-05,0.0945954,6,-353.8570125,2331.5,911.185,2.55876,0.000296219,0.377832
163.271041,1,AUTO,ARMED,5,AVAILABLE,UNAVAILABLE,UNAVAILABLE,161,7,ACTIVE,11,F1_N2-A3.NC,F1_N2-A3.NC,2077098.662,194564.758,5712.0,3759.1565,100,35.98333,42,100,0,5,100,9000.0,3431.39,826.506,4.15168,0.000573109,0.51864,0,589.7660803,9433.63,273.877,34.4448,0.00019795,0.123442,0,287.9268173,1296.93,391.383,3.31371,8.9238e-05,0.0945954,6,-353.857001,2331.5,911.185,2.55876,0.000296219,0.377832
163.418772,1,AUTO,ARMED,5,AVAILABLE,UNAVAILABLE,UNAVAILABLE,161,7,ACTIVE,11,F1_N2-A3.NC,F1_N2-A3.NC,2077098.662,194564.758,5712.0,3759.1565,100,35.98333,42,100,0,6,100,9000.0,3503.38,832.308,4.20924,0.000569371,0.523836,0,586.0599779,10033.7,354.286,28.3209,0.000234162,0.182584,0,287.926803,1537.1,419.012,3.66839,0.000134735,0.103327,6,-353.8570125,2403.61,906.172,2.65249,0.000371588,0.374952
163.575041,1,AUTO,ARMED,5,AVAILABLE,UNAVAILABLE,UNAVAILABLE,161,7,ACTIVE,11,F1_N2-A3.NC,F1_N2-A3.NC,2077098.662,194564.758,5712.0,3759.1565,100,35.98333,42,100,0,5,100,9000.0,3503.38,832.308,4.20924,0.000569371,0.523836,0,574.9411036,10033.7,354.286,28.3209,0.000234162,0.182584,0,287.9267887,1537.1,419.012,3.66839,0.000134735,0.103327,6,-353.857001,2403.61,906.172,2.65249,0.000371588,0.374952
163.726341,1,AUTO,ARMED,5,AVAILABLE,UNAVAILABLE,UNAVAILABLE,161,7,ACTIVE,11,F1_N2-A3.NC,F1_N2-A3.NC,2077098.662,194564.758,5712.0,3759.1565,100,35.98333,42,100,0,5,100,9000.0,3503.38,832.308,4.20924,0.000569371,0.523836,0,571.2436665,10033.7,354.286,28.3209,0.000234162,0.182584,0,287.9268101,1537.1,419.012,3.66839,0.000134735,0.103327,6,-353.857001,2403.61,906.172,2.65249,0.000371588,0.374952
163.901116,1,AUTO,ARMED,5,AVAILABLE,UNAVAILABLE,UNAVAILABLE,161,7,ACTIVE,11,F1_N2-A3.NC,F1_N2-A3.NC,2077098.662,194564.758,5712.0,3759.1565,100,35.98333,42,100,0,6,100,9000.0,3503.38,832.308,4.20924,0.000569371,0.523836,0,563.8222347,10033.7,354.286,28.3209,0.000234162,0.182584,0,287.9267958,1537.1,419.012,3.66839,0.000134735,0.103327,6,-353.857001,2403.61,906.172,2.65249,0.000371588,0.374952
164.045093,1,AUTO,ARMED,5,AVAILABLE,UNAVAILABLE,UNAVAILABLE,161,7,ACTIVE,11,F1_N2-A3.NC,F1_N2-A3.NC,2077098.662,194564.758,5712.0,3759.1565,100,35.98333,42,100,0,6,100,9000.0,3503.38,832.308,4.20924,0.000569371,0.523836,0,560.1159212,10033.7,354.286,28.3209,0.000234162,0.182584,0,287.926803,1537.1,419.012,3.66839,0.000134735,0.103327,6,-353.8569896,2403.61,906.172,2.65249,0.000371588,0.374952
164.196696,1,AUTO,ARMED,5,AVAILABLE,UNAVAILABLE,UNAVAILABLE,161,7,ACTIVE,11,F1_N2-A3.NC,F1_N2-A3.NC,2077098.662,194564.758,5712.0,3759.1565,100,35.98333,43,100,0,5,100,9000.0,3503.38,832.308,4.20924,0.000569371,0.523836,0,556.4006265,10033.7,354.286,28.3209,0.000234162,0.182584,0,287.926803,1537.1,419.012,3.66839,0.000134735,0.103327,6,-353.857001,2403.61,906.172,2.65249,0.000371588,0.374952
164.356723,1,AUTO,ARMED,5,AVAILABLE,UNAVAILABLE,UNAVAILABLE,161,7,ACTIVE,11,F1_N2-A3.NC,F1_N2-A3.NC,2077098.662,194564.758,5712.0,3486.521,100,35.98333,43,100,0,5,100,9000.0,3287.42,558.463,5.88655,0.000596369,0.521282,0,552.7034309,10105.7,429.459,23.5312,0.000327257,0.279216,0,287.9268101,1393.0,141.782,9.82494,0.000110875,0.0726908,6,-353.857001,2427.65,772.88,3.14104,0.000313633,0.331199
164.50708,1,AUTO,ARMED,5,AVAILABLE,UNAVAILABLE,UNAVAILABLE,161,7,ACTIVE,11,F1_N2-A3.NC,F1_N2-A3.NC,2077098.662,194564.758,5712.0,3486.521,100,35.98333,43,100,0,6,100,9000.0,3287.42,558.463,5.88655,0.000596369,0.521282,0,541.5847006,10105.7,429.459,23.5312,0.000327257,0.279216,0,287.9268745,1393.0,141.782,9.82494,0.000110875,0.0726908,6,-353.8569896,2427.65,772.88,3.14104,0.000313633,0.331199
164.672975,1,AUTO,ARMED,5,AVAILABLE,UNAVAILABLE,UNAVAILABLE,161,7,ACTIVE,11,F1_N2-A3.NC,F1_N2-A3.NC,2077098.662,194564.758,5712.0,3486.521,100,35.98333,43,100,0,5,100,9000.0,3287.42,558.463,5.88655,0.000596369,0.521282,0,537.8807674,10105.7,429.459,23.5312,0.000327257,0.279216,0,287.9268459,1393.0,141.782,9.82494,0.000110875,0.0726908,6,-353.8569896,2427.65,772.88,3.14104,0.000313633,0.331199
164.856787,1,AUTO,ARMED,5,AVAILABLE,UNAVAILABLE,UNAVAILABLE,161,7,ACTIVE,11,F1_N2-A3.NC,F1_N2-A3.NC,2077098.662,194564.758,5712.0,3486.521,100,12.81667,43,100,0,3,100,9000.0,3287.42,558.463,5.88655,0.000596369,0.521282,1,536.2626824,10105.7,429.459,23.5312,0.000327257,0.279216,0,287.9268101,1393.0,141.782,9.82494,0.000110875,0.0726908,6,-353.8569782,2427.65,772.88,3.14104,0.000313633,0.331199
165.011547,1,AUTO,ARMED,5,AVAILABLE,UNAVAILABLE,UNAVAILABLE,162,7,ACTIVE,11,F1_N2-A3.NC,F1_N2-A3.NC,2077098.662,194564.758,5712.0,3486.521,100,0.0,43,100,0,3,100,9000.0,3287.42,558.463,5.88655,0.000596369,0.521282,0,536.2623963,10105.7,429.459,23.5312,0.000327257,0.279216,0,287.926803,1393.0,141.782,9.82494,0.000110875,0.0726908,6,-353.857001,2427.65,772.88,3.14104,0.000313633,0.331199
165.160474,1,AUTO,ARMED,5,AVAILABLE,UNAVAILABLE,UNAVAILABLE,162,7,ACTIVE,11,F1_N2-A3.NC,F1_N2-A3.NC,2077098.662,194564.758,5712.0,3486.521,100,0.0,43,100,0,3,100,9000.0,3287.42,558.463,5.88655,0.000596369,0.521282,0,536.2624321,10105.7,429.459,23.5312,0.000327257,0.279216,0,287.9267958,1393.0,141.782,9.82494,0.000110875,0.0726908,6,-353.857001,2427.65,772.88,3.14104,0.000313633,0.331199
165.325741,1,AUTO,ARMED,5,AVAILABLE,UNAVAILABLE,UNAVAILABLE,162,7,ACTIVE,11,F1_N2-A3.NC,F1_N2-A3.NC,2077098.662,194564.758,5712.0,3486.521,100,0.0,44,100,0,3,100,9000.0,3287.42,558.463,5.88655,0.000596369,0.521282,0,536.2624678,10105.7,429.459,23.5312,0.000327257,0.279216,0,287.926803,1393.0,141.782,9.82494,0.000110875,0.0726908,6,-353.8570125,2427.65,772.88,3.14104,0.000313633,0.331199
165.467876,1,AUTO,ARMED,5,AVAILABLE,UNAVAILABLE,UNAVAILABLE,162,7,ACTIVE,11,F1_N2-A3.NC,F1_N2-A3.NC,2077098.662,194564.758,5712.0,3384.5894,100,0.0,44,100,0,3,100,9000.0,2591.54,554.842,4.67077,0.00056308,0.517012,0,536.2624821,3432.59,116.129,29.5584,0.00021834,0.116782,0,287.9267958,792.567,152.973,5.18109,0.000122263,0.0736892,6,-353.857001,2043.07,751.948,2.71704,0.000400401,0.332714
165.624018,1,AUTO,ARMED,5,AVAILABLE,UNAVAILABLE,UNAVAILABLE,162,7,ACTIVE,11,F1_N2-A3.NC,F1_N2-A3.NC,2077098.662,194564.758,5712.0,3384.5894,100,0.0,44,100,0,4,100,9000.0,2591.54,554.842,4.67077,0.00056308,0.517012,0,536.2624893,3432.59,116.129,29.5584,0.00021834,0.116782,0,287.926803,792.567,152.973,5.18109,0.000122263,0.0736892,6,-353.8570125,2043.07,751.948,2.71704,0.000400401,0.332714
165.789622,1,AUTO,ARMED,5,AVAILABLE,UNAVAILABLE,UNAVAILABLE,162,7,ACTIVE,11,F1_N2-A3.NC,F1_N2-A3.NC,2077098.662,194564.758,5712.0,3384.5894,100,0.0,44,100,0,3,100,9000.0,2591.54,554.842,4.67077,0.00056308,0.517012,0,536.2624893,3432.59,116.129,29.5584,0.00021834,0.116782,0,287.926803,792.567,152.973,5.18109,0.000122263,0.0736892,6,-353.8570125,2043.07,751.948,2.71704,0.000400401,0.332714
165.949139,1,AUTO,ARMED,5,AVAILABLE,UNAVAILABLE,UNAVAILABLE,166,7,ACTIVE,11,F1_N2-A3.NC,F1_N2-A3.NC,2077098.662,194564.758,5712.0,3384.5894,100,0.0,44,100,0,3,100,9000.0,2591.54,554.842,4.67077,0.00056308,0.517012,0,536.2624964,3432.59,116.129,29.5584,0.00021834,0.116782,0,288.056313,792.567,152.973,5.18109,0.000122263,0.0736892,6,-353.857001,2043.07,751.948,2.71704,0.000400401,0.332714
166.108487,1,AUTO,ARMED,5,AVAILABLE,UNAVAILABLE,UNAVAILABLE,166,7,ACTIVE,11,F1_N2-A3.NC,F1_N2-A3.NC,2077098.662,194564.758,5712.0,3384.5894,100,0.0,45,100,0,4,100,9000.0,2591.54,554.842,4.67077,0.00056308,0.517012,0,536.2624964,3432.59,116.129,29.5584,0.00021834,0.116782,0,288.0537953,792.567,152.973,5.18109,0.000122263,0.0736892,6,-353.8569896,2043.07,751.948,2.71704,0.000400401,0.332714
166.272113,1,AUTO,ARMED,5,AVAILABLE,UNAVAILABLE,UNAVAILABLE,166,7,ACTIVE,11,F1_N2-A3.NC,F1_N2-A3.NC,2077098.662,194564.758,5712.0,3384.5894,100,0.0,45,100,0,4,100,9000.0,2591.54,554.842,4.67077,0.00056308,0.517012,0,536.2624964,3432.59,116.129,29.5584,0.00021834,0.116782,0,288.0538025,792.567,152.973,5.18109,0.000122263,0.0736892,6,-353.8570125,2043.07,751.948,2.71704,0.000400401,0.332714
166.426775,1,AUTO,ARMED,5,AVAILABLE,UNAVAILABLE,UNAVAILABLE,166,7,ACTIVE,11,F1_N2-A3.NC,F1_N2-A3.NC,2077098.662,194564.758,5712.0,3384.5894,100,0.0,45,100,0,4,100,9000.0,2591.54,554.842,4.67077,0.00056308,0.517012,0,536.2624964,3432.59,116.129,29.5584,0.00021834,0.116782,0,288.0537953,792.567,152.973,5.18109,0.000122263,0.0736892,6,-353.8570125,2043.07,751.948,2.71704,0.000400401,0.332714
166.57948,1,AUTO,ARMED,5,AVAILABLE,UNAVAILABLE,UNAVAILABLE,166,7,ACTIVE,11,F1_N2-A3.NC,F1_N2-A3.NC,2077098.662,194564.758,5712.0,3435.0088,100,0.0,45,100,0,4,100,9000.0,2519.55,563.825,4.46867,0.000578735,0.534273,0,536.2624964,3432.59,494.033,6.9481,0.000350885,0.272548,0,288.0538096,696.497,148.112,4.7025,0.000118033,0.0761641,6,-353.8569896,2019.03,689.463,2.92841,0.000307574,0.316834
166.721435,1,AUTO,ARMED,5,AVAILABLE,UNAVAILABLE,UNAVAILABLE,166,7,ACTIVE,11,F1_N2-A3.NC,F1_N2-A3.NC,2077098.662,194564.758,5712.0,3435.0088,100,0.0,45,100,0,3,100,9000.0,2519.55,563.825,4.46867,0.000578735,0.534273,0,536.2624964,3432.59,494.033,6.9481,0.000350885,0.272548,0,288.0538096,696.497,148.112,4.7025,0.000118033,0.0761641,6,-353.8569896,2019.03,689.463,2.92841,0.000307574,0.316834
166.8837,1,AUTO,ARMED,5,AVAILABLE,UNAVAILABLE,UNAVAILABLE,167,7,ACTIVE,11,F1_N2-A3.NC,F1_N2-A3.NC,2077098.662,194564.758,5712.0,3435.0088,100,0.0,45,100,0,4,100,9000.0,2519.55,563.825,4.46867,0.000578735,0.534273,0,536.2782578,3432.59,494.033,6.9481,0.000350885,0.272548,0,288.0538025,696.497,148.112,4.7025,0.000118033,0.0761641,6,-353.857001,2019.03,689.463,2.92841,0.000307574,0.316834
167.027455,1,AUTO,ARMED,5,AVAILABLE,UNAVAILABLE,UNAVAILABLE,167,7,ACTIVE,11,F1_N2-A3.NC,F1_N2-A3.NC,2077098.662,194564.758,5712.0,3435.0088,100,42.23333,45,100,0,3,100,9000.0,2519.55,563.825,4.46867,0.000578735,0.534273,3,541.4685865,3432.59,494.033,6.9481,0.000350885,0.272548,0,288.0537882,696.497,148.112,4.7025,0.000118033,0.0761641,6,-353.8569896,2019.03,689.463,2.92841,0.000307574,0.316834
167.177286,1,AUTO,ARMED,5,AVAILABLE,UNAVAILABLE,UNAVAILABLE,167,7,ACTIVE,11,F1_N2-A3.NC,F1_N2-A3.NC,2077098.662,194564.758,5712.0,3435.0088,100,42.26667,46,100,0,4,100,9000.0,2519.55,563.825,4.46867,0.000578735,0.534273,0,545.8277356,3432.59,494.033,6.9481,0.000350885,0.272548,0,288.0537309,696.497,148.112,4.7025,0.000118033,0.0761641,6,-353.857001,2019.03,689.463,2.92841,0.000307574,0.316834
167.355576,1,AUTO,ARMED,5,AVAILABLE,UNAVAILABLE,UNAVAILABLE,167,7,ACTIVE,11,F1_N2-A3.NC,F1_N2-A3.NC,2077098.662,194564.758,5712.0,3435.0088,100,42.33333,46,100,0,6,100,9000.0,2519.55,563.825,4.46867,0.000578735,0.534273,0,554.5480651,3432.59,494.033,6.9481,0.000350885,0.272548,0,288.0537882,696.497,148.112,4.7025,0.000118033,0.0761641,6,-353.8569896,2019.03,689.463,2.92841,0.000307574,0.316834
167.514449,1,AUTO,ARMED,5,AVAILABLE,UNAVAILABLE,UNAVAILABLE,167,7,ACTIVE,11,F1_N2-A3.NC,F1_N2-A3.NC,2077098.662,194564.758,5712.0,3753.8086,100,42.33333,46,100,0,6,100,9000.0,2519.55,563.825,4.46867,0.000578735,0.534273,0,563.2585754,3432.59,494.033,6.9481,0.000350885,0.272548,0,288.0537882,696.497,148.112,4.7025,0.000118033,0.0761641,6,-353.8569896,2019.03,689.463,2.92841,0.000307574,0.316834
167.674889,1,AUTO,ARMED,5,AVAILABLE,UNAVAILABLE,UNAVAILABLE,167,7,ACTIVE,11,F1_N2-A3.NC,F1_N2-A3.NC,2077098.662,194564.758,5712.0,3753.8086,100,42.33333,46,100,0,6,100,9000.0,3887.31,964.331,4.0311,0.000562744,0.523987,0,567.6399834,14306.5,1382.89,10.3454,0.000894209,1.08377,0,288.0538168,1537.1,489.346,3.14113,0.000103798,0.126714,6,-353.857001,2403.61,932.232,2.57834,0.000358512,0.383641
167.842145,1,AUTO,ARMED,5,AVAILABLE,UNAVAILABLE,UNAVAILABLE,167,7,ACTIVE,11,F1_N2-A3.NC,F1_N2-A3.NC,2077098.662,194564.758,5712.0,3753.8086,100,42.33333,46,100,0,5,100,9000.0,3887.31,964.331,4.0311,0.000562744,0.523987,0,576.3499281,14306.5,1382.89,10.3454,0.000894209,1.08377,0,288.0538168,1537.1,489.346,3.14113,0.000103798,0.126714,6,-353.8570125,2403.61,932.232,2.57834,0.000358512,0.383641
167.992808,1,AUTO,ARMED,5,AVAILABLE,UNAVAILABLE,UNAVAILABLE,167,7,ACTIVE,11,F1_N2-A3.NC,F1_N2-A3.NC,2077098.662,194564.758,5712.0,3753.8086,100,42.33333,46,100,0,5,100,9000.0,3887.31,964.331,4.0311,0.000562744,0.523987,0,580.6997005,14306.5,1382.89,10.3454,0.000894209,1.08377,0,288.0537953,1537.1,489.346,3.14113,0.000103798,0.126714,6,-353.8569782,2403.61,932.232,2.57834,0.000358512,0.383641
168.137544,1,AUTO,ARMED,5,AVAILABLE,UNAVAILABLE,UNAVAILABLE,167,7,ACTIVE,11,F1_N2-A3.NC,F1_N2-A3.NC,2077098.662,194564.758,5712.0,3753.8086,100,42.33333,47,100,0,5,100,9000.0,3887.31,964.331,4.0311,0.000562744,0.523987,0,585.0708205,14306.5,1382.89,10.3454,0.000894209,1.08377,0,288.0538096,1537.1,489.346,3.14113,0.000103798,0.126714,6,-353.8570125,2403.61,932.232,2.57834,0.000358512,0.383641
168.318178,1,AUTO,ARMED,5,AVAILABLE,UNAVAILABLE,UNAVAILABLE,167,7,ACTIVE,11,F1_N2-A3.NC,F1_N2-A3.NC,2077098.662,194564.758,5712.0,3753.8086,100,42.33333,47,100,0,5,100,9000.0,3887.31,964.331,4.0311,0.000562744,0.523987,0,593.7806665,14306.5,1382.89,10.3454,0.000894209,1.08377,0,288.0537953,1537.1,489.346,3.14113,0.000103798,0.126714,6,-353.8569782,2403.61,932.232,2.57834,0.000358512,0.383641
168.479628,1,AUTO,ARMED,5,AVAILABLE,UNAVAILABLE,UNAVAILABLE,167,7,ACTIVE,11,F1_N2-A3.NC,F1_N2-A3.NC,2077098.662,194564.758,5712.0,3753.8086,100,42.33333,47,100,0,6,100,9000.0,3887.31,964.331,4.0311,0.000562744,0.523987,0,602.5120701,14306.5,1382.89,10.3454,0.000894209,1.08377,0,288.0537882,1537.1,489.346,3.14113,0.000103798,0.126714,6,-353.8569896,2403.61,932.232,2.57834,0.000358512,0.383641
168.640896,1,AUTO,ARMED,5,AVAILABLE,UNAVAILABLE,UNAVAILABLE,167,7,ACTIVE,11,F1_N2-A3.NC,F1_N2-A3.NC,2077098.662,194564.758,5712.0,3775.5835,100,42.33333,47,100,0,6,100,9000.0,3647.35,972.427,3.75077,0.000611316,0.523828,0,611.2327177,13658.4,370.844,36.8306,0.000268579,0.188029,0,288.0538025,1513.08,434.605,3.48151,0.000192834,0.118188,6,-353.8570125,2403.61,839.589,2.86284,0.000336512,0.361319
168.803723,1,AUTO,ARMED,5,AVAILABLE,UNAVAILABLE,UNAVAILABLE,167,7,ACTIVE,11,F1_N2-A3.NC,F1_N2-A3.NC,2077098.662,194564.758,5712.0,3775.5835,100,42.33333,47,100,0,6,100,9000.0,3647.35,972.427,3.75077,0.000611316,0.523828,0,615.5929609,13658.4,370.844,36.8306,0.000268579,0.188029,0,288.0538096,1513.08,434.605,3.48151,0.000192834,0.118188,6,-353.8569896,2403.61,839.589,2.86284,0.000336512,0.361319
168.978778,1,AUTO,ARMED,5,AVAILABLE,UNAVAILABLE,UNAVAILABLE,167,7,ACTIVE,11,F1_N2-A3.NC,F1_N2-A3.NC,2077098.662,194564.758,5712.0,3775.5835,100,42.33333,47,100,0,5,100,9000.0,3647.35,972.427,3.75077,0.000611316,0.523828,0,622.12279,13658.4,370.844,36.8306,0.000268579,0.188029,0,288.0538168,1513.08,434.605,3.48151,0.000192834,0.118188,6,-353.8570125,2403.61,839.589,2.86284,0.000336512,0.361319
169.132623,1,AUTO,ARMED,5,AVAILABLE,UNAVAILABLE,UNAVAILABLE,167,7,ACTIVE,11,F1_N2-A3.NC,F1_N2-A3.NC,2077098.662,194564.758,5712.0,3775.5835,100,42.33333,48,100,0,5,100,9000.0,3647.35,972.427,3.75077,0.000611316,0.523828,0,630.854098,13658.4,370.844,36.8306,0.000268579,0.188029,0,288.0538096,1513.08,434.605,3.48151,0.000192834,0.118188,6,-353.8569896,2403.61,839.589,2.86284,0.000336512,0.361319
169.28962,1,AUTO,ARMED,5,AVAILABLE,UNAVAILABLE,UNAVAILABLE,167,7,ACTIVE,11,F1_N2-A3.NC,F1_N2-A3.NC,2077098.662,194564.758,5712.0,3775.5835,100,42.33333,48,100,0,6,100,9000.0,3647.35,972.427,3.75077,0.000611316,0.523828,0,635.2037563,13658.4,370.844,36.8306,0.000268579,0.188029,0,288.0537953,1513.08,434.605,3.48151,0.000192834,0.118188,6,-353.857001,2403.61,839.589,2.86284,0.000336512,0.361319
169.477782,1,AUTO,ARMED,5,AVAILABLE,UNAVAILABLE,UNAVAILABLE,167,7,ACTIVE,11,F1_N2-A3.NC,F1_N2-A3.NC,2077098.662,194564.758,5712.0,3775.5835,100,42.33333,48,100,0,5,100,9000.0,3647.35,972.427,3.75077,0.000611316,0.523828,0,639.5747511,13658.4,370.844,36.8306,0.000268579,0.188029,0,288.0537882,1513.08,434.605,3.48151,0.000192834,0.118188,6,-353.857001,2403.61,839.589,2.86284,0.000336512,0.361319
169.643143,1,AUTO,ARMED,5,AVAILABLE,UNAVAILABLE,UNAVAILABLE,167,7,ACTIVE,11,F1_N2-A3.NC,F1_N2-A3.NC,2077098.662,194564.758,5712.0,3378.7407,100,42.33333,48,100,0,5,100,9000.0,3623.36,554.98,6.52881,0.000605546,0.533034,0,652.6452297,13346.3,115.61,115.442,0.000165434,0.084578,0,288.0538811,1537.1,149.204,10.302,0.000123519,0.072973,6,-353.857001,2283.43,658.231,3.46904,0.000311681,0.310242
169.806371,1,AUTO,ARMED,5,AVAILABLE,UNAVAILABLE,UNAVAILABLE,167,7,ACTIVE,11,F1_N2-A3.NC,F1_N2-A3.NC,2077098.662,194564.758,5712.0,3378.7407,100,33.26667,48,100,0,3,100,9000.0,3623.36,554.98,6.52881,0.000605546,0.533034,1,655.6199488,13346.3,115.61,115.442,0.000165434,0.084578,0,288.0538025,1537.1,149.204,10.302,0.000123519,0.072973,6,-353.8569896,2283.43,658.231,3.46904,0.000311681,0.310242
169.974647,1,AUTO,ARMED,5,AVAILABLE,UNAVAILABLE,UNAVAILABLE,168,7,ACTIVE,11,F1_N2-A3.NC,F1_N2-A3.NC,2077098.662,194564.758,5712.0,3378.7407,100,0.0,48,100,0,3,100,9000.0,3623.36,554.98,6.52881,0.000605546,0.533034,0,655.6425642,13346.3,115.61,115.442,0.000165434,0.084578,0,288.0537953,1537.1,149.204,10.302,0.000123519,0.072973,6,-353.8570125,2283.43,658.231,3.46904,0.000311681,0.310242
170.147745,1,AUTO,ARMED,5,AVAILABLE,UNAVAILABLE,UNAVAILABLE,168,7,ACTIVE,11,F1_N2-A3.NC,F1_N2-A3.NC,2077098.662,194564.758,5712.0,3378.7407,100,0.0,49,100,0,3,100,9000.0,3623.36,554.98,6.52881,0.000605546,0.533034,0,655.642557,13346.3,115.61,115.442,0.000165434,0.084578,0,288.0538096,1537.1,149.204,10.302,0.000123519,0.072973,6,-353.8570125,2283.43,658.231,3.46904,0.000311681,0.310242
170.312366,1,AUTO,ARMED,5,AVAILABLE,UNAVAILABLE,UNAVAILABLE,168,7,ACTIVE,11,F1_N2-A3.NC,F1_N2-A3.NC,2077098.662,194564.758,5712.0,3378.7407,100,0.0,49,100,0,3,100,9000.0,3623.36,554.98,6.52881,0.000605546,0.533034,0,655.6425356,13346.3,115.61,115.442,0.000165434,0.084578,0,288.0537882,1537.1,149.204,10.302,0.000123519,0.072973,6,-353.857001,2283.43,658.231,3.46904,0.000311681,0.310242
170.465814,1,AUTO,ARMED,5,AVAILABLE,UNAVAILABLE,UNAVAILABLE,168,7,ACTIVE,11,F1_N2-A3.NC,F1_N2-A3.NC,2077098.662,194564.758,5712.0,3378.7407,100,0.0,49,100,0,3,100,9000.0,3623.36,554.98,6.52881,0.000605546,0.533034,0,655.642507,13346.3,115.61,115.442,0.000165434,0.084578,0,288.0538025,1537.1,149.204,10.302,0.000123519,0.072973,6,-353.8570125,2283.43,658.231,3.46904,0.000311681,0.310242
170.6335,1,AUTO,ARMED,5,AVAILABLE,UNAVAILABLE,UNAVAILABLE,168,7,ACTIVE,11,F1_N2-A3.NC,F1_N2-A3.NC,2077098.662,194564.758,5712.0,3378.7407,100,0.0,49,100,0,3,100,9000.0,3311.41,805.151,4.11278,0.000568408,0.52026,0,655.6425141,11233.9,405.342,27.7146,0.000225373,0.206032,0,288.0538025,1344.96,394.903,3.4058,0.000145728,0.101001,6,-353.857001,2211.32,814.944,2.71346,0.000401555,0.35751
170.791209,1,AUTO,ARMED,5,AVAILABLE,UNAVAILABLE,UNAVAILABLE,168,7,ACTIVE,11,F1_N2-A3.NC,F1_N2-A3.NC,2077098.662,194564.758,5712.0,3871.7053,100,0.0,49,100,0,3,100,9000.0,3311.41,805.151,4.11278,0.000568408,0.52026,0,655.6425141,11233.9,405.342,27.7146,0.000225373,0.206032,0,288.0537953,1344.96,394.903,3.4058,0.000145728,0.101001,6,-353.8569896,2211.32,814.944,2.71346,0.000401555,0.35751
170.957512,1,AUTO,ARMED,5,AVAILABLE,UNAVAILABLE,UNAVAILABLE,170,7,ACTIVE,11,F1_N2-A3.NC,F1_N2-A3.NC,2077098.662,194564.758,5712.0,3871.7053,100,42.33333,49,100,0,3,100,9000.0,3311.41,805.151,4.11278,0.000568408,0.52026,2,653.6889803,11233.9,405.342,27.7146,0.000225373,0.206032,0,288.1809164,1344.96,394.903,3.4058,0.000145728,0.101001,6,-353.8569782,2211.32,814.944,2.71346,0.000401555,0.35751
171.136108,1,AUTO,ARMED,5,AVAILABLE,UNAVAILABLE,UNAVAILABLE,170,7,ACTIVE,11,F1_N2-A3.NC,F1_N2-A3.NC,2077098.662,194564.758,5712.0,3871.7053,100,42.33333,49,100,0,3,100,9000.0,3311.41,805.151,4.11278,0.000568408,0.52026,2,649.3500274,11233.9,405.342,27.7146,0.000225373,0.206032,0,288.1806231,1344.96,394.903,3.4058,0.000145728,0.101001,6,-353.8570125,2211.32,814.944,2.71346,0.000401555,0.35751
171.332452,1,AUTO,ARMED,5,AVAILABLE,UNAVAILABLE,UNAVAILABLE,170,7,ACTIVE,11,F1_N2-A3.NC,F1_N2-A3.NC,2077098.662,194564.758,5712.0,3871.7053,100,42.33333,50,100,0,6,100,9000.0,3311.41,805.151,4.11278,0.000568408,0.52026,0,636.2698282,11233.9,405.342,27.7146,0.000225373,0.206032,0,288.1807876,1344.96,394.903,3.4058,0.000145728,0.101001,6,-353.857001,2211.32,814.944,2.71346,0.000401555,0.35751
171.475596,1,AUTO,ARMED,5,AVAILABLE,UNAVAILABLE,UNAVAILABLE,170,7,ACTIVE,11,F1_N2-A3.NC,F1_N2-A3.NC,2077098.662,194564.758,5712.0,3871.7053,100,42.33333,50,100,0,6,100,9000.0,3311.41,805.151,4.11278,0.000568408,0.52026,0,631.8987783,11233.9,405.342,27.7146,0.000225373,0.206032,0,288.1808019,1344.96,394.903,3.4058,0.000145728,0.101001,6,-353.8570125,2211.32,814.944,2.71346,0.000401555,0.35751
171.670932,1,AUTO,ARMED,5,AVAILABLE,UNAVAILABLE,UNAVAILABLE,170,7,ACTIVE,11,F1_N2-A3.NC,F1_N2-A3.NC,2077098.662,194564.758,5712.0,3871.7053,100,42.33333,50,100,0,5,100,9000.0,3311.41,805.151,4.11278,0.000568408,0.52026,0,623.1780348,11233.9,405.342,27.7146,0.000225373,0.206032,0,288.1808019,1344.96,394.903,3.4058,0.000145728,0.101001,6,-353.8569896,2211.32,814.944,2.71346,0.000401555,0.35751
171.87247,1,AUTO,ARMED,5,AVAILABLE,UNAVAILABLE,UNAVAILABLE,170,7,ACTIVE,11,F1_N2-A3.NC,F1_N2-A3.NC,2077098.662,194564.758,5712.0,3792.0884,100,42.33333,50,100,0,5,100,9000.0,3407.39,846.614,4.02473,0.000650185,0.534804,0,614.4576274,11930.1,434.331,27.4678,0.000295086,0.205229,0,288.1808019,1344.96,421.063,3.1942,0.000107183,0.106351,6,-353.8569782,2403.61,809.59,2.96892,0.000320873,0.347359
172.018586,1,AUTO,ARMED,5,AVAILABLE,UNAVAILABLE,UNAVAILABLE,170,7,ACTIVE,11,F1_N2-A3.NC,F1_N2-A3.NC,2077098.662,194564.758,5712.0,3792.0884,100,42.33333,50,100,0,5,100,9000.0,3407.39,846.614,4.02473,0.000650185,0.534804,0,610.097295,11930.1,434.331,27.4678,0.000295086,0.205229,0,288.1808377,1344.96,421.063,3.1942,0.000107183,0.106351,6,-353.8570125,2403.61,809.59,2.96892,0.000320873,0.347359
172.175836,1,AUTO,ARMED,5,AVAILABLE,UNAVAILABLE,UNAVAILABLE,170,7,ACTIVE,11,F1_N2-A3.NC,F1_N2-A3.NC,2077098.662,194564.758,5712.0,3792.0884,100,42.33333,51,100,0,5,100,9000.0,3407.39,846.614,4.02473,0.000650185,0.534804,0,601.3765675,11930.1,434.331,27.4678,0.000295086,0.205229,0,288.1808091,1344.96,421.063,3.1942,0.000107183,0.106351,6,-353.857001,2403.61,809.59,2.96892,0.000320873,0.347359
172.357633,1,AUTO,ARMED,5,AVAILABLE,UNAVAILABLE,UNAVAILABLE,170,7,ACTIVE,11,F1_N2-A3.NC,F1_N2-A3.NC,2077098.662,194564.758,5712.0,3792.0884,100,42.33333,51,100,0,6,100,9000.0,3407.39,846.614,4.02473,0.000650185,0.534804,0,597.0160419,11930.1,434.331,27.4678,0.000295086,0.205229,0,288.1807948,1344.96,421.063,3.1942,0.000107183,0.106351,6,-353.857001,2403.61,809.59,2.96892,0.000320873,0.347359
172.55687,1,AUTO,ARMED,5,AVAILABLE,UNAVAILABLE,UNAVAILABLE,170,7,ACTIVE,11,F1_N2-A3.NC,F1_N2-A3.NC,2077098.662,194564.758,5712.0,3792.0884,100,42.33333,51,100,0,5,100,9000.0,3407.39,846.614,4.02473,0.000650185,0.534804,0,583.9351748,11930.1,434.331,27.4678,0.000295086,0.205229,0,288.1807948,1344.96,421.063,3.1942,0.000107183,0.106351,6,-353.857001,2403.61,809.59,2.96892,0.000320873,0.347359
172.717068,1,AUTO,ARMED,5,AVAILABLE,UNAVAILABLE,UNAVAILABLE,170,7,ACTIVE,11,F1_N2-A3.NC,F1_N2-A3.NC,2077098.662,194564.758,5712.0,3792.0884,100,42.33333,51,100,0,5,100,9000.0,3527.37,844.772,4.17553,0.000577349,0.507879,0,579.5854718,11978.1,502.907,23.8177,0.000292638,0.310241,0,288.1808163,1609.15,435.189,3.69759,0.000118194,0.099956,6,-353.857001,2595.9,801.229,3.2399,0.000402823,0.354208
172.901902,1,AUTO,ARMED,5,AVAILABLE,UNAVAILABLE,UNAVAILABLE,170,7,ACTIVE,11,F1_N2-A3.NC,F1_N2-A3.NC,2077098.662,194564.758,5712.0,3743.6079,100,42.33333,51,100,0,5,100,9000.0,3527.37,844.772,4.17553,0.000577349,0.507879,0,568.6741066,11978.1,502.907,23.8177,0.000292638,0.310241,0,288.1807805,1609.15,435.189,3.69759,0.000118194,0.099956,6,-353.857001,2595.9,801.229,3.2399,0.000402823,0.354208
173.110803,1,AUTO,ARMED,5,AVAILABLE,UNAVAILABLE,UNAVAILABLE,170,7,ACTIVE,11,F1_N2-A3.NC,F1_N2-A3.NC,2077098.662,194564.758,5712.0,3743.6079,100,42.33333,51,100,0,6,100,9000.0,3527.37,844.772,4.17553,0.000577349,0.507879,0,564.3242962,11978.1,502.907,23.8177,0.000292638,0.310241,0,288.1808091,1609.15,435.189,3.69759,0.000118194,0.099956,6,-353.857001,2595.9,801.229,3.2399,0.000402823,0.354208
173.283244,1,AUTO,ARMED,5,AVAILABLE,UNAVAILABLE,UNAVAILABLE,170,7,ACTIVE,11,F1_N2-A3.NC,F1_N2-A3.NC,2077098.662,194564.758,5712.0,3743.6079,100,42.33333,52,100,0,6,100,9000.0,3527.37,844.772,4.17553,0.000577349,0.507879,0,555.5929072,11978.1,502.907,23.8177,0.000292638,0.310241,0,288.1808163,1609.15,435.189,3.69759,0.000118194,0.099956,6,-353.857001,2595.9,801.229,3.2399,0.000402823,0.354208
173.440501,1,AUTO,ARMED,5,AVAILABLE,UNAVAILABLE,UNAVAILABLE,170,7,ACTIVE,11,F1_N2-A3.NC,F1_N2-A3.NC,2077098.662,194564.758,5712.0,3743.6079,100,42.33333,52,100,0,6,100,9000.0,3527.37,844.772,4.17553,0.000577349,0.507879,0,551.2433007,11978.1,502.907,23.8177,0.000292638,0.310241,0,288.1808019,1609.15,435.189,3.69759,0.000118194,0.099956,6,-353.8569896,2595.9,801.229,3.2399,0.000402823,0.354208
173.59958,1,AUTO,ARMED,5,AVAILABLE,UNAVAILABLE,UNAVAILABLE,170,7,ACTIVE,11,F1_N2-A3.NC,F1_N2-A3.NC,2077098.662,194564.758,5712.0,3743.6079,100,42.33333,52,100,0,4,100,9000.0,3527.37,844.772,4.17553,0.000577349,0.507879,0,538.1573813,11978.1,502.907,23.8177,0.000292638,0.310241,0,288.1808019,1609.15,435.189,3.69759,0.000118194,0.099956,6,-353.857001,2595.9,801.229,3.2399,0.000402823,0.354208
173.832664,1,AUTO,ARMED,5,AVAILABLE,UNAVAILABLE,UNAVAILABLE,170,7,ACTIVE,11,F1_N2-A3.NC,F1_N2-A3.NC,2077098.662,194564.758,5712.0,3743.6079,100,37.5,52,100,0,3,100,9000.0,3287.42,571.648,5.75078,0.000630955,0.54009,1,536.2689909,3600.62,126.415,28.4825,0.000161782,0.123235,0,288.1808377,768.548,160.527,4.78766,0.000101868,0.0752124,6,-353.8570125,1874.82,635.32,2.95099,0.00030031,0.308839
174.02514,1,AUTO,ARMED,5,AVAILABLE,UNAVAILABLE,UNAVAILABLE,171,7,ACTIVE,11,F1_N2-A3.NC,F1_N2-A3.NC,2077098.662,194564.758,5712.0,3410.814,100,0.0,52,100,0,3,100,9000.0,3287.42,571.648,5.75078,0.000630955,0.54009,0,536.2624178,3600.62,126.415,28.4825,0.000161782,0.123235,0,288.1807948,768.548,160.527,4.78766,0.000101868,0.0752124,6,-353.857001,1874.82,635.32,2.95099,0.00030031,0.308839
174.201616,1,AUTO,ARMED,5,AVAILABLE,UNAVAILABLE,UNAVAILABLE,171,7,ACTIVE,11,F1_N2-A3.NC,F1_N2-A3.NC,2077098.662,194564.758,5712.0,3410.814,100,0.0,53,100,0,3,100,9000.0,3287.42,571.648,5.75078,0.000630955,0.54009,0,536.2624464,3600.62,126.415,28.4825,0.000161782,0.123235,0,288.1808019,768.548,160.527,4.78766,0.000101868,0.0752124,6,-353.8569896,1874.82,635.32,2.95099,0.00030031,0.308839
174.42003,1,AUTO,ARMED,5,AVAILABLE,UNAVAILABLE,UNAVAILABLE,171,7,ACTIVE,11,F1_N2-A3.NC,F1_N2-A3.NC,2077098.662,194564.758,5712.0,3410.814,100,0.0,53,100,0,3,100,9000.0,3287.42,571.648,5.75078,0.000630955,0.54009,0,536.262475,3600.62,126.415,28.4825,0.000161782,0.123235,0,288.1808019,768.548,160.527,4.78766,0.000101868,0.0752124,6,-353.857001,1874.82,635.32,2.95099,0.00030031,0.308839
174.580502,1,AUTO,ARMED,5,AVAILABLE,UNAVAILABLE,UNAVAILABLE,171,7,ACTIVE,11,F1_N2-A3.NC,F1_N2-A3.NC,2077098.662,194564.758,5712.0,3410.814,100,0.0,53,100,0,3,100,9000.0,3287.42,571.648,5.75078,0.000630955,0.54009,0,536.2624893,3600.62,126.415,28.4825,0.000161782,0.123235,0,288.1807876,768.548,160.527,4.78766,0.000101868,0.0752124,6,-353.8569896,1874.82,635.32,2.95099,0.00030031,0.308839
174.742592,1,AUTO,ARMED,5,AVAILABLE,UNAVAILABLE,UNAVAILABLE,171,7,ACTIVE,11,F1_N2-A3.NC,F1_N2-A3.NC,2077098.662,194564.758,5712.0,3410.814,100,0.0,53,100,0,3,100,9000.0,3287.42,571.648,5.75078,0.000630955,0.54009,0,536.2624893,3600.62,126.415,28.4825,0.000161782,0.123235,0,288.1816889,768.548,160.527,4.78766,0.000101868,0.0752124,6,-353.857001,1874.82,635.32,2.95099,0.00030031,0.308839
174.90605,1,AUTO,ARMED,5,AVAILABLE,UNAVAILABLE,UNAVAILABLE,174,7,ACTIVE,11,F1_N2-A3.NC,F1_N2-A3.NC,2077098.662,194564.758,5712.0,3410.814,100,0.0,53,100,0,3,100,9000.0,2495.56,560.933,4.44894,0.000576288,0.530785,0,536.2624893,3600.62,123.326,29.196,0.000169328,0.11386,0,288.3111846,840.599,145.243,5.78754,0.000143242,0.0762929,6,-353.857001,1730.6,568.325,3.04509,0.000375431,0.291266
175.088162,1,AUTO,ARMED,5,AVAILABLE,UNAVAILABLE,UNAVAILABLE,175,7,ACTIVE,11,F1_N2-A3.NC,F1_N2-A3.NC,2077098.662,194564.758,5712.0,3372.196,100,0.0,53,100,0,4,100,9000.0,2495.56,560.933,4.44894,0.000576288,0.530785,0,536.2624964,3600.62,123.326,29.196,0.000169328,0.11386,0,288.3078157,840.599,145.243,5.78754,0.000143242,0.0762929,6,-353.8570125,1730.6,568.325,3.04509,0.000375431,0.291266
175.284452,1,AUTO,ARMED,5,AVAILABLE,UNAVAILABLE,UNAVAILABLE,175,7,ACTIVE,11,F1_N2-A3.NC,F1_N2-A3.NC,2077098.662,194564.758,5712.0,3372.196,100,0.0,54,100,0,3,100,9000.0,2495.56,560.933,4.44894,0.000576288,0.530785,0,536.2625036,3600.62,123.326,29.196,0.000169328,0.11386,0,288.3077871,840.599,145.243,5.78754,0.000143242,0.0762929,6,-353.857001,1730.6,568.325,3.04509,0.000375431,0.291266
175.469635,1,AUTO,ARMED,5,AVAILABLE,UNAVAILABLE,UNAVAILABLE,175,7,ACTIVE,11,F1_N2-A3.NC,F1_N2-A3.NC,2077098.662,194564.758,5712.0,3372.196,100,0.0,54,100,0,3,100,9000.0,2495.56,560.933,4.44894,0.000576288,0.530785,0,536.2624964,3600.62,123.326,29.196,0.000169328,0.11386,0,288.3077943,840.599,145.243,5.78754,0.000143242,0.0762929,6,-353.8569782,1730.6,568.325,3.04509,0.000375431,0.291266
175.667064,1,AUTO,ARMED,5,AVAILABLE,UNAVAILABLE,UNAVAILABLE,175,7,ACTIVE,11,F1_N2-A3.NC,F1_N2-A3.NC,2077098.662,194564.758,5712.0,3372.196,100,0.0,54,100,0,4,100,9000.0,2495.56,560.933,4.44894,0.000576288,0.530785,0,536.2624964,3600.62,123.326,29.196,0.000169328,0.11386,0,288.3077943,840.599,145.243,5.78754,0.000143242,0.0762929,6,-353.857001,1730.6,568.325,3.04509,0.000375431,0.291266
175.842363,1,AUTO,ARMED,5,AVAILABLE,UNAVAILABLE,UNAVAILABLE,175,7,ACTIVE,11,F1_N2-A3.NC,F1_N2-A3.NC,2077098.662,194564.758,5712.0,3372.196,100,0.0,54,100,0,4,100,9000.0,2495.56,560.933,4.44894,0.000576288,0.530785,0,536.2692386,3600.62,123.326,29.196,0.000169328,0.11386,0,288.3078014,840.599,145.243,5.78754,0.000143242,0.0762929,6,-353.857001,1730.6,568.325,3.04509,0.000375431,0.291266
176.000205,1,AUTO,ARMED,5,AVAILABLE,UNAVAILABLE,UNAVAILABLE,176,7,ACTIVE,11,F1_N2-A3.NC,F1_N2-A3.NC,2077098.662,194564.758,5712.0,3372.196,100,0.0,54,100,0,4,100,9000.0,3767.33,1039.7,3.62348,0.000574466,0.518171,2,539.405554,16082.8,619.995,25.9402,0.000305012,0.329076,0,288.3077943,1633.17,549.453,2.97236,0.000122473,0.141105,6,-353.8569896,2379.58,753.329,3.15875,0.000340463,0.345058
176.157228,1,AUTO,ARMED,5,AVAILABLE,UNAVAILABLE,UNAVAILABLE,176,7,ACTIVE,11,F1_N2-A3.NC,F1_N2-A3.NC,2077098.662,194564.758,5712.0,3878.2175,100,0.0,54,100,0,4,100,9000.0,3767.33,1039.7,3.62348,0.000574466,0.518171,2,544.4125582,16082.8,619.995,25.9402,0.000305012,0.329076,0,288.3076727,1633.17,549.453,2.97236,0.000122473,0.141105,6,-353.857001,2379.58,753.329,3.15875,0.000340463,0.345058
176.384279,1,AUTO,ARMED,5,AVAILABLE,UNAVAILABLE,UNAVAILABLE,176,7,ACTIVE,11,F1_N2-A3.NC,F1_N2-A3.NC,2077098.662,194564.758,5712.0,3878.2175,100,48.68333,55,100,0,5,100,9000.0,3767.33,1039.7,3.62348,0.000574466,0.518171,0,559.4435607,16082.8,619.995,25.9402,0.000305012,0.329076,0,288.3077943,1633.17,549.453,2.97236,0.000122473,0.141105,6,-353.8569896,2379.58,753.329,3.15875,0.000340463,0.345058
176.53263,1,AUTO,ARMED,5,AVAILABLE,UNAVAILABLE,UNAVAILABLE,176,7,ACTIVE,11,F1_N2-A3.NC,F1_N2-A3.NC,2077098.662,194564.758,5712.0,3878.2175,100,48.68333,55,100,0,6,100,9000.0,3767.33,1039.7,3.62348,0.000574466,0.518171,1,569.4723501,16082.8,619.995,25.9402,0.000305012,0.329076,0,288.3078014,1633.17,549.453,2.97236,0.000122473,0.141105,6,-353.8570125,2379.58,753.329,3.15875,0.000340463,0.345058
176.732387,1,AUTO,ARMED,5,AVAILABLE,UNAVAILABLE,UNAVAILABLE,176,7,ACTIVE,11,F1_N2-A3.NC,F1_N2-A3.NC,2077098.662,194564.758,5712.0,3878.2175,100,48.68333,55,100,0,5,100,9000.0,3767.33,1039.7,3.62348,0.000574466,0.518171,0,574.4989005,16082.8,619.995,25.9402,0.000305012,0.329076,0,288.3077943,1633.17,549.453,2.97236,0.000122473,0.141105,6,-353.8569782,2379.58,753.329,3.15875,0.000340463,0.345058
176.882742,1,AUTO,ARMED,5,AVAILABLE,UNAVAILABLE,UNAVAILABLE,176,7,ACTIVE,11,F1_N2-A3.NC,F1_N2-A3.NC,2077098.662,194564.758,5712.0,3878.2175,100,48.68333,55,100,0,5,100,9000.0,3767.33,1039.7,3.62348,0.000574466,0.518171,0,582.0082671,16082.8,619.995,25.9402,0.000305012,0.329076,0,288.3078157,1633.17,549.453,2.97236,0.000122473,0.141105,6,-353.857001,2379.58,753.329,3.15875,0.000340463,0.345058
177.093876,1,AUTO,ARMED,5,AVAILABLE,UNAVAILABLE,UNAVAILABLE,176,7,ACTIVE,11,F1_N2-A3.NC,F1_N2-A3.NC,2077098.662,194564.758,5712.0,3878.2175,100,48.68333,55,100,0,5,100,9000.0,3863.31,983.207,3.92929,0.000585579,0.53113,0,592.0371323,16634.9,532.426,31.2436,0.000332241,0.242633,0,288.3077943,1537.1,479.141,3.20803,0.000115856,0.114636,6,-353.8569896,2403.61,778.979,3.08559,0.000348426,0.346874
177.296119,1,AUTO,ARMED,5,AVAILABLE,UNAVAILABLE,UNAVAILABLE,176,7,ACTIVE,11,F1_N2-A3.NC,F1_N2-A3.NC,2077098.662,194564.758,5712.0,3797.2019,100,48.68333,56,100,0,6,100,9000.0,3863.31,983.207,3.92929,0.000585579,0.53113,0,602.065769,16634.9,532.426,31.2436,0.000332241,0.242633,0,288.3077943,1537.1,479.141,3.20803,0.000115856,0.114636,6,-353.8569896,2403.61,778.979,3.08559,0.000348426,0.346874
177.441326,1,AUTO,ARMED,5,AVAILABLE,UNAVAILABLE,UNAVAILABLE,176,7,ACTIVE,11,F1_N2-A3.NC,F1_N2-A3.NC,2077098.662,194564.758,5712.0,3797.2019,100,48.68333,56,100,0,6,100,9000.0,3863.31,983.207,3.92929,0.000585579,0.53113,0,612.0942894,16634.9,532.426,31.2436,0.000332241,0.242633,0,288.3077943,1537.1,479.141,3.20803,0.000115856,0.114636,6,-353.857001,2403.61,778.979,3.08559,0.000348426,0.346874
177.621393,1,AUTO,ARMED,5,AVAILABLE,UNAVAILABLE,UNAVAILABLE,176,7,ACTIVE,11,F1_N2-A3.NC,F1_N2-A3.NC,2077098.662,194564.758,5712.0,3797.2019,100,48.68333,56,100,0,6,100,9000.0,3863.31,983.207,3.92929,0.000585579,0.53113,0,617.1088187,16634.9,532.426,31.2436,0.000332241,0.242633,0,288.3078014,1537.1,479.141,3.20803,0.000115856,0.114636,6,-353.8569782,2403.61,778.979,3.08559,0.000348426,0.346874
177.774922,1,AUTO,ARMED,5,AVAILABLE,UNAVAILABLE,UNAVAILABLE,176,7,ACTIVE,11,F1_N2-A3.NC,F1_N2-A3.NC,2077098.662,194564.758,5712.0,3797.2019,100,48.68333,56,100,0,6,100,9000.0,3863.31,983.207,3.92929,0.000585579,0.53113,0,627.1377627,16634.9,532.426,31.2436,0.000332241,0.242633,0,288.3077943,1537.1,479.141,3.20803,0.000115856,0.114636,6,-353.8569896,2403.61,778.979,3.08559,0.000348426,0.346874
177.979987,1,AUTO,ARMED,5,AVAILABLE,UNAVAILABLE,UNAVAILABLE,176,7,ACTIVE,11,F1_N2-A3.NC,F1_N2-A3.NC,2077098.662,194564.758,5712.0,3797.2019,100,48.68333,56,100,0,6,100,9000.0,3863.31,983.207,3.92929,0.000585579,0.53113,0,637.1542881,16634.9,532.426,31.2436,0.000332241,0.242633,0,288.3077871,1537.1,479.141,3.20803,0.000115856,0.114636,6,-353.857001,2403.61,778.979,3.08559,0.000348426,0.346874
178.141018,1,AUTO,ARMED,5,AVAILABLE,UNAVAILABLE,UNAVAILABLE,176,7,ACTIVE,11,F1_N2-A3.NC,F1_N2-A3.NC,2077098.662,194564.758,5712.0,3797.2019,100,48.68333,56,100,0,6,100,9000.0,3863.31,562.002,6.87419,0.000627495,0.542561,0,642.1807719,16202.8,210.088,77.1239,0.000244773,0.201981,0,288.3078157,1489.06,149.936,9.9313,0.000126636,0.0698664,6,-353.8570125,2331.5,635.13,3.6709,0.000399424,0.310587
178.342016,1,AUTO,ARMED,5,AVAILABLE,UNAVAILABLE,UNAVAILABLE,176,7,ACTIVE,11,F1_N2-A3.NC,F1_N2-A3.NC,2077098.662,194564.758,5712.0,3340.7666,100,48.68333,57,100,0,6,100,9000.0,3863.31,562.002,6.87419,0.000627495,0.542561,0,655.6071105,16202.8,210.088,77.1239,0.000244773,0.201981,0,288.3078301,1489.06,149.936,9.9313,0.000126636,0.0698664,6,-353.8570125,2331.5,635.13,3.6709,0.000399424,0.310587
178.486975,1,AUTO,ARMED,5,AVAILABLE,UNAVAILABLE,UNAVAILABLE,176,7,ACTIVE,11,F1_N2-A3.NC,F1_N2-A3.NC,2077098.662,194564.758,5712.0,3340.7666,100,33.46667,57,100,0,4,100,9000.0,3863.31,562.002,6.87419,0.000627495,0.542561,1,655.6415629,16202.8,210.088,77.1239,0.000244773,0.201981,0,288.3077943,1489.06,149.936,9.9313,0.000126636,0.0698664,6,-353.8569782,2331.5,635.13,3.6709,0.000399424,0.310587
178.634906,1,AUTO,ARMED,5,AVAILABLE,UNAVAILABLE,UNAVAILABLE,177,7,ACTIVE,11,F1_N2-A3.NC,F1_N2-A3.NC,2077098.662,194564.758,5712.0,3340.7666,100,0.0,57,100,0,2,100,9000.0,3863.31,562.002,6.87419,0.000627495,0.542561,0,655.6425785,16202.8,210.088,77.1239,0.000244773,0.201981,0,288.3077943,1489.06,149.936,9.9313,0.000126636,0.0698664,6,-353.8569896,2331.5,635.13,3.6709,0.000399424,0.310587
178.824191,1,AUTO,ARMED,5,AVAILABLE,UNAVAILABLE,UNAVAILABLE,177,7,ACTIVE,11,F1_N2-A3.NC,F1_N2-A3.NC,2077098.662,194564.758,5712.0,3340.7666,100,0.0,57,100,0,2,100,9000.0,3863.31,562.002,6.87419,0.000627495,0.542561,0,655.6425713,16202.8,210.088,77.1239,0.000244773,0.201981,0,288.3077943,1489.06,149.936,9.9313,0.000126636,0.0698664,6,-353.8569896,2331.5,635.13,3.6709,0.000399424,0.310587
178.999543,1,AUTO,ARMED,5,AVAILABLE,UNAVAILABLE,UNAVAILABLE,177,7,ACTIVE,11,F1_N2-A3.NC,F1_N2-A3.NC,2077098.662,194564.758,5712.0,3340.7666,100,0.0,57,100,0,3,100,9000.0,3359.4,562.644,5.97074,0.000605559,0.535733,0,655.6425284,12770.2,614.856,20.7694,0.000229625,0.248944,0,288.3078086,1320.94,427.594,3.08924,0.000122578,0.112712,6,-353.8570125,2379.58,680.255,3.49807,0.000440138,0.314681
179.165548,1,AUTO,ARMED,5,AVAILABLE,UNAVAILABLE,UNAVAILABLE,177,7,ACTIVE,11,F1_N2-A3.NC,F1_N2-A3.NC,2077098.662,194564.758,5712.0,3880.592,100,0.0,58,100,0,3,100,9000.0,3359.4,562.644,5.97074,0.000605559,0.535733,0,655.6425213,12770.2,614.856,20.7694,0.000229625,0.248944,0,288.3077871,1320.94,427.594,3.08924,0.000122578,0.112712,6,-353.8569896,2379.58,680.255,3.49807,0.000440138,0.314681
179.395776,1,AUTO,ARMED,5,AVAILABLE,UNAVAILABLE,UNAVAILABLE,177,7,ACTIVE,11,F1_N2-A3.NC,F1_N2-A3.NC,2077098.662,194564.758,5712.0,3880.592,100,0.0,58,100,0,4,100,9000.0,3359.4,562.644,5.97074,0.000605559,0.535733,0,655.6463173,12770.2,614.856,20.7694,0.000229625,0.248944,0,288.3681827,1320.94,427.594,3.08924,0.000122578,0.112712,6,-353.857001,2379.58,680.255,3.49807,0.000440138,0.314681
179.57784,1,AUTO,ARMED,5,AVAILABLE,UNAVAILABLE,UNAVAILABLE,179,7,ACTIVE,11,F1_N2-A3.NC,F1_N2-A3.NC,2077098.662,194564.758,5712.0,3880.592,100,32.38333,58,100,0,4,100,9000.0,3359.4,562.644,5.97074,0.000605559,0.535733,3,653.7378875,12770.2,614.856,20.7694,0.000229625,0.248944,0,288.4349654,1320.94,427.594,3.08924,0.000122578,0.112712,6,-353.857001,2379.58,680.255,3.49807,0.000440138,0.314681
179.809598,1,AUTO,ARMED,5,AVAILABLE,UNAVAILABLE,UNAVAILABLE,179,7,ACTIVE,11,F1_N2-A3.NC,F1_N2-A3.NC,2077098.662,194564.758,5712.0,3880.592,100,43.25,58,100,0,5,100,9000.0,3359.4,562.644,5.97074,0.000605559,0.535733,0,643.7565542,12770.2,614.856,20.7694,0.000229625,0.248944,0,288.4347366,1320.94,427.594,3.08924,0.000122578,0.112712,6,-353.8569896,2379.58,680.255,3.49807,0.000440138,0.314681
180.012246,1,AUTO,ARMED,5,AVAILABLE,UNAVAILABLE,UNAVAILABLE,179,7,ACTIVE,11,F1_N2-A3.NC,F1_N2-A3.NC,2077098.662,194564.758,5712.0,3880.592,100,48.68333,58,100,0,5,100,9000.0,3671.35,865.694,4.24093,0.000541604,0.503794,0,638.7541936,13970.4,471.418,29.6348,0.000246584,0.237064,0,288.4347866,1393.0,446.994,3.11637,0.000109577,0.105518,6,-353.8570125,2355.54,702.591,3.35265,0.000360281,0.326592
180.182441,1,AUTO,ARMED,5,AVAILABLE,UNAVAILABLE,UNAVAILABLE,179,7,ACTIVE,11,F1_N2-A3.NC,F1_N2-A3.NC,2077098.662,194564.758,5712.0,3880.592,100,48.68333,59,100,0,6,100,9000.0,3671.35,865.694,4.24093,0.000541604,0.503794,0,623.7107384,13970.4,471.418,29.6348,0.000246584,0.237064,0,288.4348152,1393.0,446.994,3.11637,0.000109577,0.105518,6,-353.8570125,2355.54,702.591,3.35265,0.000360281,0.326592
180.386207,1,AUTO,ARMED,5,AVAILABLE,UNAVAILABLE,UNAVAILABLE,179,7,ACTIVE,11,F1_N2-A3.NC,F1_N2-A3.NC,2077098.662,194564.758,5712.0,3803.7012,100,48.68333,59,100,0,6,100,9000.0,3671.35,865.694,4.24093,0.000541604,0.503794,0,618.6966194,13970.4,471.418,29.6348,0.000246584,0.237064,0,288.4347866,1393.0,446.994,3.11637,0.000109577,0.105518,6,-353.8569782,2355.54,702.591,3.35265,0.000360281,0.326592
180.62043,1,AUTO,ARMED,5,AVAILABLE,UNAVAILABLE,UNAVAILABLE,179,7,ACTIVE,11,F1_N2-A3.NC,F1_N2-A3.NC,2077098.662,194564.758,5712.0,3803.7012,100,48.68333,59,100,0,6,100,9000.0,3671.35,865.694,4.24093,0.000541604,0.503794,0,603.6534017,13970.4,471.418,29.6348,0.000246584,0.237064,0,288.4348081,1393.0,446.994,3.11637,0.000109577,0.105518,6,-353.8569896,2355.54,702.591,3.35265,0.000360281,0.326592
180.828439,1,AUTO,ARMED,5,AVAILABLE,UNAVAILABLE,UNAVAILABLE,179,7,ACTIVE,11,F1_N2-A3.NC,F1_N2-A3.NC,2077098.662,194564.758,5712.0,3803.7012,100,48.68333,59,100,0,6,100,9000.0,3671.35,865.694,4.24093,0.000541604,0.503794,0,596.1438924,13970.4,471.418,29.6348,0.000246584,0.237064,0,288.4348224,1393.0,446.994,3.11637,0.000109577,0.105518,6,-353.8570239,2355.54,702.591,3.35265,0.000360281,0.326592
181.000858,1,AUTO,ARMED,5,AVAILABLE,UNAVAILABLE,UNAVAILABLE,179,7,ACTIVE,11,F1_N2-A3.NC,F1_N2-A3.NC,2077098.662,194564.758,5712.0,3803.7012,100,48.68333,0,100,0,6,100,9000.0,3671.35,865.694,4.24093,0.000541604,0.503794,0,586.1032299,13970.4,471.418,29.6348,0.000246584,0.237064,0,288.4348152,1393.0,446.994,3.11637,0.000109577,0.105518,6,-353.857001,2355.54,702.591,3.35265,0.000360281,0.326592
181.192444,1,AUTO,ARMED,5,AVAILABLE,UNAVAILABLE,UNAVAILABLE,179,7,ACTIVE,11,F1_N2-A3.NC,F1_N2-A3.NC,2077098.662,194564.758,5712.0,3803.7012,100,48.68333,0,100,0,6,100,9000.0,3671.35,865.694,4.24093,0.000541604,0.503794,0,581.1009048,13970.4,471.418,29.6348,0.000246584,0.237064,0,288.4348081,1393.0,446.994,3.11637,0.000109577,0.105518,6,-353.8570125,2355.54,702.591,3.35265,0.000360281,0.326592
181.376583,1,AUTO,ARMED,5,AVAILABLE,UNAVAILABLE,UNAVAILABLE,179,7,ACTIVE,11,F1_N2-A3.NC,F1_N2-A3.NC,2077098.662,194564.758,5712.0,3803.7012,100,48.68333,0,100,0,5,100,9000.0,3527.37,885.476,3.98359,0.000586462,0.518256,0,566.0577044,14138.4,608.514,23.2343,0.000263094,0.303835,0,288.4347938,1609.15,498.075,3.23074,0.000112261,0.125856,6,-353.857001,2331.51,710.06,3.28354,0.000310183,0.339019
181.5522,1,AUTO,ARMED,5,AVAILABLE,UNAVAILABLE,UNAVAILABLE,179,7,ACTIVE,11,F1_N2-A3.NC,F1_N2-A3.NC,2077098.662,194564.758,5712.0,3277.9473,100,48.68333,0,100,0,6,100,9000.0,3527.37,885.476,3.98359,0.000586462,0.518256,0,561.0309732,14138.4,608.514,23.2343,0.000263094,0.303835,0,288.4348152,1609.15,498.075,3.23074,0.000112261,0.125856,6,-353.857001,2331.51,710.06,3.28354,0.000310183,0.339019
181.718935,1,AUTO,ARMED,5,AVAILABLE,UNAVAILABLE,UNAVAILABLE,179,7,ACTIVE,11,F1_N2-A3.NC,F1_N2-A3.NC,2077098.662,194564.758,5712.0,3277.9473,100,48.68333,0,100,0,5,100,9000.0,3527.37,885.476,3.98359,0.000586462,0.518256,0,551.0146654,14138.4,608.514,23.2343,0.000263094,0.303835,0,288.4348081,1609.15,498.075,3.23074,0.000112261,0.125856,6,-353.8570125,2331.51,710.06,3.28354,0.000310183,0.339019
181.882442,1,AUTO,ARMED,5,AVAILABLE,UNAVAILABLE,UNAVAILABLE,179,7,ACTIVE,11,F1_N2-A3.NC,F1_N2-A3.NC,2077098.662,194564.758,5712.0,3277.9473,100,48.68333,0,100,0,5,100,9000.0,3527.37,885.476,3.98359,0.000586462,0.518256,0,540.9739455,14138.4,608.514,23.2343,0.000263094,0.303835,0,288.4349011,1609.15,498.075,3.23074,0.000112261,0.125856,6,-353.857001,2331.51,710.06,3.28354,0.000310183,0.339019
182.052593,1,AUTO,ARMED,5,AVAILABLE,UNAVAILABLE,UNAVAILABLE,179,7,ACTIVE,11,F1_N2-A3.NC,F1_N2-A3.NC,2077098.662,194564.758,5712.0,3277.9473,100,42.98333,0,100,0,5,100,9000.0,3527.37,885.476,3.98359,0.000586462,0.518256,0,536.6098624,14138.4,608.514,23.2343,0.000263094,0.303835,0,288.4348439,1609.15,498.075,3.23074,0.000112261,0.125856,6,-353.8570125,2331.51,710.06,3.28354,0.000310183,0.339019
182.223972,1,AUTO,ARMED,5,AVAILABLE,UNAVAILABLE,UNAVAILABLE,180,7,ACTIVE,11,F1_N2-A3.NC,F1_N2-A3.NC,2077098.662,194564.758,5712.0,3277.9473,100,0.0,1,100,0,3,100,9000.0,3527.37,885.476,3.98359,0.000586462,0.518256,0,536.262475,14138.4,608.514,23.2343,0.000263094,0.303835,0,288.4348224,1609.15,498.075,3.23074,0.000112261,0.125856,6,-353.8570125,2331.51,710.06,3.28354,0.000310183,0.339019
182.390341,1,AUTO,ARMED,5,AVAILABLE,UNAVAILABLE,UNAVAILABLE,180,7,ACTIVE,11,F1_N2-A3.NC,F1_N2-A3.NC,2077098.662,194564.758,5712.0,3277.9473,100,0.0,1,100,0,3,100,9000.0,3287.42,565.711,5.81113,0.000595237,0.530931,0,536.2624035,12650.2,113.393,111.561,0.000147754,0.105511,0,288.4348081,1200.86,131.18,9.15429,0.000101539,0.0697614,6,-353.857001,1946.92,699.223,2.7844,0.000295807,0.310619
182.559445,1,AUTO,ARMED,5,AVAILABLE,UNAVAILABLE,UNAVAILABLE,180,7,ACTIVE,11,F1_N2-A3.NC,F1_N2-A3.NC,2077098.662,194564.758,5712.0,3378.4282,100,0.0,1,100,0,3,100,9000.0,3287.42,565.711,5.81113,0.000595237,0.530931,0,536.262475,12650.2,113.393,111.561,0.000147754,0.105511,0,288.4347938,1200.86,131.18,9.15429,0.000101539,0.0697614,6,-353.857001,1946.92,699.223,2.7844,0.000295807,0.310619
182.754575,1,AUTO,ARMED,5,AVAILABLE,UNAVAILABLE,UNAVAILABLE,180,7,ACTIVE,11,F1_N2-A3.NC,F1_N2-A3.NC,2077098.662,194564.758,5712.0,3378.4282,100,0.0,1,100,0,3,100,9000.0,3287.42,565.711,5.81113,0.000595237,0.530931,0,536.2624821,12650.2,113.393,111.561,0.000147754,0.105511,0,288.4348081,1200.86,131.18,9.15429,0.000101539,0.0697614,6,-353.857001,1946.92,699.223,2.7844,0.000295807,0.310619
182.912063,1,AUTO,ARMED,5,AVAILABLE,UNAVAILABLE,UNAVAILABLE,180,7,ACTIVE,11,F1_N2-A3.NC,F1_N2-A3.NC,2077098.662,194564.758,5712.0,3378.4282,100,0.0,1,100,0,3,100,9000.0,3287.42,565.711,5.81113,0.000595237,0.530931,0,536.2624893,12650.2,113.393,111.561,0.000147754,0.105511,0,288.4347938,1200.86,131.18,9.15429,0.000101539,0.0697614,6,-353.8570125,1946.92,699.223,2.7844,0.000295807,0.310619
183.141374,1,AUTO,ARMED,5,AVAILABLE,UNAVAILABLE,UNAVAILABLE,183,7,ACTIVE,11,F1_N2-A3.NC,F1_N2-A3.NC,2077098.662,194564.758,5712.0,3378.4282,100,0.0,2,100,0,3,100,9000.0,3287.42,565.711,5.81113,0.000595237,0.530931,0,536.2624964,12650.2,113.393,111.561,0.000147754,0.105511,0,288.4349225,1200.86,131.18,9.15429,0.000101539,0.0697614,6,-353.857001,1946.92,699.223,2.7844,0.000295807,0.310619
183.293504,1,AUTO,ARMED,5,AVAILABLE,UNAVAILABLE,UNAVAILABLE,184,7,ACTIVE,11,F1_N2-A3.NC,F1_N2-A3.NC,2077098.662,194564.758,5712.0,3378.4282,100,0.0,2,100,0,3,100,9000.0,3287.42,565.711,5.81113,0.000595237,0.530931,0,536.2624964,12650.2,113.393,111.561,0.000147754,0.105511,0,288.5622796,1200.86,131.18,9.15429,0.000101539,0.0697614,6,-353.857001,1946.92,699.223,2.7844,0.000295807,0.310619
183.474346,1,AUTO,ARMED,5,AVAILABLE,UNAVAILABLE,UNAVAILABLE,184,7,ACTIVE,11,F1_N2-A3.NC,F1_N2-A3.NC,2077098.662,194564.758,5712.0,3378.4282,100,0.0,2,100,0,3,100,9000.0,2375.58,556.266,4.27058,0.000577882,0.524955,0,536.2625036,3432.59,120.928,28.3854,0.000161098,0.113737,0,288.5617933,816.582,144.84,5.63782,0.000107141,0.0701997,6,-353.857001,1946.93,626.694,3.10667,0.000296244,0.300333
183.630408,1,AUTO,ARMED,5,AVAILABLE,UNAVAILABLE,UNAVAILABLE,184,7,ACTIVE,11,F1_N2-A3.NC,F1_N2-A3.NC,2077098.662,194564.758,5712.0,3378.4282,100,0.0,2,100,0,3,100,9000.0,2375.58,556.266,4.27058,0.000577882,0.524955,0,536.2624964,3432.59,120.928,28.3854,0.000161098,0.113737,0,288.5618004,816.582,144.84,5.63782,0.000107141,0.0701997,6,-353.857001,1946.93,626.694,3.10667,0.000296244,0.300333
183.816388,1,AUTO,ARMED,5,AVAILABLE,UNAVAILABLE,UNAVAILABLE,184,7,ACTIVE,11,F1_N2-A3.NC,F1_N2-A3.NC,2077098.662,194564.758,5712.0,3475.3638,100,0.0,2,100,0,3,100,9000.0,2375.58,556.266,4.27058,0.000577882,0.524955,0,536.2624964,3432.59,120.928,28.3854,0.000161098,0.113737,0,288.5618076,816.582,144.84,5.63782,0.000107141,0.0701997,6,-353.8570239,1946.93,626.694,3.10667,0.000296244,0.300333
183.972689,1,AUTO,ARMED,5,AVAILABLE,UNAVAILABLE,UNAVAILABLE,184,7,ACTIVE,11,F1_N2-A3.NC,F1_N2-A3.NC,2077098.662,194564.758,5712.0,3475.3638,100,0.0,2,100,0,3,100,9000.0,2375.58,556.266,4.27058,0.000577882,0.524955,0,536.2624964,3432.59,120.928,28.3854,0.000161098,0.113737,0,288.5617861,816.582,144.84,5.63782,0.000107141,0.0701997,6,-353.8569896,1946.93,626.694,3.10667,0.000296244,0.300333
184.130926,1,AUTO,ARMED,5,AVAILABLE,UNAVAILABLE,UNAVAILABLE,184,7,ACTIVE,11,F1_N2-A3.NC,F1_N2-A3.NC,2077098.662,194564.758,5712.0,3475.3638,100,0.0,2,100,0,3,100,9000.0,2375.58,556.266,4.27058,0.000577882,0.524955,0,536.2624964,3432.59,120.928,28.3854,0.000161098,0.113737,0,288.5618147,816.582,144.84,5.63782,0.000107141,0.0701997,6,-353.8570125,1946.93,626.694,3.10667,0.000296244,0.300333
184.277876,1,AUTO,ARMED,5,AVAILABLE,UNAVAILABLE,UNAVAILABLE,185,7,ACTIVE,11,F1_N2-A3.NC,F1_N2-A3.NC,2077098.662,194564.758,5712.0,3475.3638,100,0.0,3,100,0,4,100,9000.0,2375.58,556.266,4.27058,0.000577882,0.524955,2,536.9362836,3432.59,120.928,28.3854,0.000161098,0.113737,0,288.5618004,816.582,144.84,5.63782,0.000107141,0.0701997,6,-353.8569896,1946.93,626.694,3.10667,0.000296244,0.300333
184.488692,1,AUTO,ARMED,5,AVAILABLE,UNAVAILABLE,UNAVAILABLE,185,7,ACTIVE,11,F1_N2-A3.NC,F1_N2-A3.NC,2077098.662,194564.758,5712.0,3475.3638,100,55.03333,3,100,0,6,100,9000.0,4007.29,1047.26,3.82645,0.00056186,0.525781,0,553.5214304,18675.2,519.066,35.9785,0.000294338,0.204905,0,288.561779,1633.17,534.787,3.05387,0.000107748,0.118259,6,-353.857001,2475.72,806.591,3.06936,0.000316373,0.351656
184.677573,1,AUTO,ARMED,5,AVAILABLE,UNAVAILABLE,UNAVAILABLE,185,7,ACTIVE,11,F1_N2-A3.NC,F1_N2-A3.NC,2077098.662,194564.758,5712.0,3475.3638,100,55.03333,3,100,0,7,100,9000.0,4007.29,1047.26,3.82645,0.00056186,0.525781,0,564.8585069,18675.2,519.066,35.9785,0.000294338,0.204905,0,288.5618004,1633.17,534.787,3.05387,0.000107748,0.118259,6,-353.8570125,2475.72,806.591,3.06936,0.000316373,0.351656
184.846268,1,AUTO,ARMED,5,AVAILABLE,UNAVAILABLE,UNAVAILABLE,185,7,ACTIVE,11,F1_N2-A3.NC,F1_N2-A3.NC,2077098.662,194564.758,5712.0,3799.856,100,55.03333,3,100,0,6,100,9000.0,4007.29,1047.26,3.82645,0.00056186,0.525781,1,567.6925616,18675.2,519.066,35.9785,0.000294338,0.204905,0,288.5617933,1633.17,534.787,3.05387,0.000107748,0.118259,6,-353.857001,2475.72,806.591,3.06936,0.000316373,0.351656
185.022967,1,AUTO,ARMED,5,AVAILABLE,UNAVAILABLE,UNAVAILABLE,185,7,ACTIVE,11,F1_N2-A3.NC,F1_N2-A3.NC,2077098.662,194564.758,5712.0,3799.856,100,55.03333,3,100,0,6,100,9000.0,4007.29,1047.26,3.82645,0.00056186,0.525781,1,579.0430568,18675.2,519.066,35.9785,0.000294338,0.204905,0,288.5618076,1633.17,534.787,3.05387,0.000107748,0.118259,6,-353.8570125,2475.72,806.591,3.06936,0.000316373,0.351656
185.165889,1,AUTO,ARMED,5,AVAILABLE,UNAVAILABLE,UNAVAILABLE,185,7,ACTIVE,11,F1_N2-A3.NC,F1_N2-A3.NC,2077098.662,194564.758,5712.0,3799.856,100,55.03333,4,100,0,6,100,9000.0,4007.29,1047.26,3.82645,0.00056186,0.525781,1,584.6979254,18675.2,519.066,35.9785,0.000294338,0.204905,0,288.5618004,1633.17,534.787,3.05387,0.000107748,0.118259,6,-353.857001,2475.72,806.591,3.06936,0.000316373,0.351656
185.341898,1,AUTO,ARMED,5,AVAILABLE,UNAVAILABLE,UNAVAILABLE,185,7,ACTIVE,11,F1_N2-A3.NC,F1_N2-A3.NC,2077098.662,194564.758,5712.0,3799.856,100,55.03333,4,100,0,5,100,9000.0,4007.29,1047.26,3.82645,0.00056186,0.525781,0,601.703152,18675.2,519.066,35.9785,0.000294338,0.204905,0,288.5618219,1633.17,534.787,3.05387,0.000107748,0.118259,6,-353.857001,2475.72,806.591,3.06936,0.000316373,0.351656
185.490144,1,AUTO,ARMED,5,AVAILABLE,UNAVAILABLE,UNAVAILABLE,185,7,ACTIVE,11,F1_N2-A3.NC,F1_N2-A3.NC,2077098.662,194564.758,5712.0,3799.856,100,55.03333,4,100,0,6,100,9000.0,4103.27,1031.33,3.97862,0.000619319,0.526366,0,607.3852627,21747.7,627.679,34.6478,0.000234457,0.211042,0,288.5618004,1729.24,472.529,3.65954,0.000118667,0.119476,6,-353.8569782,2427.65,921.489,2.63449,0.000464487,0.397145
185.65513,1,AUTO,ARMED,5,AVAILABLE,UNAVAILABLE,UNAVAILABLE,185,7,ACTIVE,11,F1_N2-A3.NC,F1_N2-A3.NC,2077098.662,194564.758,5712.0,3799.856,100,55.03333,4,100,0,6,100,9000.0,4103.27,1031.33,3.97862,0.000619319,0.526366,1,613.0397238,21747.7,627.679,34.6478,0.000234457,0.211042,0,288.5618147,1729.24,472.529,3.65954,0.000118667,0.119476,6,-353.8570125,2427.65,921.489,2.63449,0.000464487,0.397145
185.810102,1,AUTO,ARMED,5,AVAILABLE,UNAVAILABLE,UNAVAILABLE,185,7,ACTIVE,11,F1_N2-A3.NC,F1_N2-A3.NC,2077098.662,194564.758,5712.0,3799.856,100,55.03333,4,100,0,5,100,9000.0,4103.27,1031.33,3.97862,0.000619319,0.526366,1,624.3768252,21747.7,627.679,34.6478,0.000234457,0.211042,0,288.5618004,1729.24,472.529,3.65954,0.000118667,0.119476,6,-353.857001,2427.65,921.489,2.63449,0.000464487,0.397145
185.970782,1,AUTO,ARMED,5,AVAILABLE,UNAVAILABLE,UNAVAILABLE,185,7,ACTIVE,11,F1_N2-A3.NC,F1_N2-A3.NC,2077098.662,194564.758,5712.0,3307.6853,100,55.03333,4,100,0,6,100,9000.0,4103.27,1031.33,3.97862,0.000619319,0.526366,0,630.0450397,21747.7,627.679,34.6478,0.000234457,0.211042,0,288.5618076,1729.24,472.529,3.65954,0.000118667,0.119476,6,-353.8570239,2427.65,921.489,2.63449,0.000464487,0.397145
186.115835,1,AUTO,ARMED,5,AVAILABLE,UNAVAILABLE,UNAVAILABLE,185,7,ACTIVE,11,F1_N2-A3.NC,F1_N2-A3.NC,2077098.662,194564.758,5712.0,3307.6853,100,55.03333,4,100,0,6,100,9000.0,4103.27,1031.33,3.97862,0.000619319,0.526366,1,641.3819948,21747.7,627.679,34.6478,0.000234457,0.211042,0,288.5618004,1729.24,472.529,3.65954,0.000118667,0.119476,6,-353.857001,2427.65,921.489,2.63449,0.000464487,0.397145
186.26769,1,AUTO,ARMED,5,AVAILABLE,UNAVAILABLE,UNAVAILABLE,185,7,ACTIVE,11,F1_N2-A3.NC,F1_N2-A3.NC,2077098.662,194564.758,5712.0,3307.6853,100,55.03333,5,100,0,6,100,9000.0,4103.27,1031.33,3.97862,0.000619319,0.526366,0,652.7186547,21747.7,627.679,34.6478,0.000234457,0.211042,0,288.5619006,1729.24,472.529,3.65954,0.000118667,0.119476,6,-353.857001,2427.65,921.489,2.63449,0.000464487,0.397145
186.427745,1,AUTO,ARMED,5,AVAILABLE,UNAVAILABLE,UNAVAILABLE,185,7,ACTIVE,11,F1_N2-A3.NC,F1_N2-A3.NC,2077098.662,194564.758,5712.0,3307.6853,100,36.86667,5,100,0,4,100,9000.0,4103.27,1031.33,3.97862,0.000619319,0.526366,1,655.6343034,21747.7,627.679,34.6478,0.000234457,0.211042,0,288.5618362,1729.24,472.529,3.65954,0.000118667,0.119476,6,-353.8569896,2427.65,921.489,2.63449,0.000464487,0.397145
186.604537,1,AUTO,ARMED,5,AVAILABLE,UNAVAILABLE,UNAVAILABLE,186,7,ACTIVE,11,F1_N2-A3.NC,F1_N2-A3.NC,2077098.662,194564.758,5712.0,3307.6853,100,0.0,5,100,0,4,100,9000.0,2519.55,574.211,4.38785,0.000596362,0.54679,0,655.6425785,10297.8,129.56,79.4829,0.000155127,0.094795,0,288.5618076,768.547,146.286,5.25373,0.000101161,0.0724914,6,-353.857001,1778.67,576.959,3.08284,0.000303518,0.294185
186.768397,1,AUTO,ARMED,5,AVAILABLE,UNAVAILABLE,UNAVAILABLE,186,7,ACTIVE,11,F1_N2-A3.NC,F1_N2-A3.NC,2077098.662,194564.758,5712.0,3307.6853,100,0.0,5,100,0,3,100,9000.0,2519.55,574.211,4.38785,0.000596362,0.54679,0,655.6425928,10297.8,129.56,79.4829,0.000155127,0.094795,0,288.5618076,768.547,146.286,5.25373,0.000101161,0.0724914,6,-353.857001,1778.67,576.959,3.08284,0.000303518,0.294185
186.92766,1,AUTO,ARMED,5,AVAILABLE,UNAVAILABLE,UNAVAILABLE,186,7,ACTIVE,11,F1_N2-A3.NC,F1_N2-A3.NC,2077098.662,194564.758,5712.0,3536.6931,100,0.0,5,100,0,3,100,9000.0,2519.55,574.211,4.38785,0.000596362,0.54679,0,655.6425642,10297.8,129.56,79.4829,0.000155127,0.094795,0,288.5618004,768.547,146.286,5.25373,0.000101161,0.0724914,6,-353.857001,1778.67,576.959,3.08284,0.000303518,0.294185
187.127781,1,AUTO,ARMED,5,AVAILABLE,UNAVAILABLE,UNAVAILABLE,186,7,ACTIVE,11,F1_N2-A3.NC,F1_N2-A3.NC,2077098.662,194564.758,5712.0,3536.6931,100,0.0,6,100,0,3,100,9000.0,2519.55,574.211,4.38785,0.000596362,0.54679,0,655.6425284,10297.8,129.56,79.4829,0.000155127,0.094795,0,288.5617933,768.547,146.286,5.25373,0.000101161,0.0724914,6,-353.857001,1778.67,576.959,3.08284,0.000303518,0.294185
187.269295,1,AUTO,ARMED,5,AVAILABLE,UNAVAILABLE,UNAVAILABLE,186,7,ACTIVE,11,F1_N2-A3.NC,F1_N2-A3.NC,2077098.662,194564.758,5712.0,3536.6931,100,0.0,6,100,0,4,100,9000.0,2519.55,574.211,4.38785,0.000596362,0.54679,0,655.6425141,10297.8,129.56,79.4829,0.000155127,0.094795,0,288.5617933,768.547,146.286,5.25373,0.000101161,0.0724914,6,-353.8569782,1778.67,576.959,3.08284,0.000303518,0.294185
187.445098,1,AUTO,ARMED,5,AVAILABLE,UNAVAILABLE,UNAVAILABLE,186,7,ACTIVE,11,F1_N2-A3.NC,F1_N2-A3.NC,2077098.662,194564.758,5712.0,3536.6931,100,0.0,6,100,0,4,100,9000.0,2351.58,899.359,2.61473,0.000643419,0.525061,0,655.642507,14642.5,520.298,28.1425,0.000233701,0.221066,0,288.5617933,816.583,443.893,1.83959,8.49641e-05,0.103929,6,-353.8569896,1658.49,682.612,2.42962,0.000338758,0.323274
187.603978,1,AUTO,ARMED,5,AVAILABLE,UNAVAILABLE,UNAVAILABLE,188,7,ACTIVE,11,F1_N2-A3.NC,F1_N2-A3.NC,2077098.662,194564.758,5712.0,3536.6931,100,0.0,6,100,0,4,100,9000.0,2351.58,899.359,2.61473,0.000643419,0.525061,0,655.6349523,14642.5,520.298,28.1425,0.000233701,0.221066,0,288.671026,816.583,443.893,1.83959,8.49641e-05,0.103929,6,-353.8569896,1658.49,682.612,2.42962,0.000338758,0.323274
187.815329,1,AUTO,ARMED,5,AVAILABLE,UNAVAILABLE,UNAVAILABLE,188,7,ACTIVE,11,F1_N2-A3.NC,F1_N2-A3.NC,2077098.662,194564.758,5712.0,3536.6931,100,55.03333,6,100,0,5,100,9000.0,2351.58,899.359,2.61473,0.000643419,0.525061,2,641.650529,14642.5,520.298,28.1425,0.000233701,0.221066,0,288.6887499,816.583,443.893,1.83959,8.49641e-05,0.103929,6,-353.8569896,1658.49,682.612,2.42962,0.000338758,0.323274
188.070186,1,AUTO,ARMED,5,AVAILABLE,UNAVAILABLE,UNAVAILABLE,188,7,ACTIVE,11,F1_N2-A3.NC,F1_N2-A3.NC,2077098.662,194564.758,5712.0,3809.1333,100,55.03333,6,100,0,6,100,9000.0,2351.58,899.359,2.61473,0.000643419,0.525061,0,630.3272313,14642.5,520.298,28.1425,0.000233701,0.221066,0,288.6887928,816.583,443.893,1.83959,8.49641e-05,0.103929,6,-353.857001,1658.49,682.612,2.42962,0.000338758,0.323274
188.258058,1,AUTO,ARMED,5,AVAILABLE,UNAVAILABLE,UNAVAILABLE,188,7,ACTIVE,11,F1_N2-A3.NC,F1_N2-A3.NC,2077098.662,194564.758,5712.0,3809.1333,100,55.03333,7,100,0,6,100,9000.0,2351.58,899.359,2.61473,0.000643419,0.525061,0,618.9767861,14642.5,520.298,28.1425,0.000233701,0.221066,0,288.6888071,816.583,443.893,1.83959,8.49641e-05,0.103929,6,-353.8569896,1658.49,682.612,2.42962,0.000338758,0.323274
188.403899,1,AUTO,ARMED,5,AVAILABLE,UNAVAILABLE,UNAVAILABLE,188,7,ACTIVE,11,F1_N2-A3.NC,F1_N2-A3.NC,2077098.662,194564.758,5712.0,3809.1333,100,55.03333,7,100,0,6,100,9000.0,2351.58,899.359,2.61473,0.000643419,0.525061,0,613.3219907,14642.5,520.298,28.1425,0.000233701,0.221066,0,288.6888071,816.583,443.893,1.83959,8.49641e-05,0.103929,6,-353.8570125,1658.49,682.612,2.42962,0.000338758,0.323274
188.595839,1,AUTO,ARMED,5,AVAILABLE,UNAVAILABLE,UNAVAILABLE,188,7,ACTIVE,11,F1_N2-A3.NC,F1_N2-A3.NC,2077098.662,194564.758,5712.0,3809.1333,100,55.03333,7,100,0,6,100,9000.0,3647.35,916.632,3.97908,0.000576984,0.523933,0,596.3165713,16178.8,844.626,19.155,0.000523438,0.606538,0,288.6888142,1585.13,478.345,3.31378,0.00010666,0.115253,6,-353.8570125,2283.43,782.11,2.91958,0.000334973,0.35454
188.791249,1,AUTO,ARMED,5,AVAILABLE,UNAVAILABLE,UNAVAILABLE,188,7,ACTIVE,11,F1_N2-A3.NC,F1_N2-A3.NC,2077098.662,194564.758,5712.0,3809.1333,100,55.03333,7,100,0,6,100,9000.0,3647.35,916.632,3.97908,0.000576984,0.523933,0,593.4826756,16178.8,844.626,19.155,0.000523438,0.606538,0,288.6887999,1585.13,478.345,3.31378,0.00010666,0.115253,6,-353.857001,2283.43,782.11,2.91958,0.000334973,0.35454
188.973531,1,AUTO,ARMED,5,AVAILABLE,UNAVAILABLE,UNAVAILABLE,188,7,ACTIVE,11,F1_N2-A3.NC,F1_N2-A3.NC,2077098.662,194564.758,5712.0,3809.1333,100,55.03333,7,100,0,6,100,9000.0,3647.35,916.632,3.97908,0.000576984,0.523933,0,582.1455688,16178.8,844.626,19.155,0.000523438,0.606538,0,288.6887928,1585.13,478.345,3.31378,0.00010666,0.115253,6,-353.857001,2283.43,782.11,2.91958,0.000334973,0.35454
189.15273,1,AUTO,ARMED,5,AVAILABLE,UNAVAILABLE,UNAVAILABLE,188,7,ACTIVE,11,F1_N2-A3.NC,F1_N2-A3.NC,2077098.662,194564.758,5712.0,3281.6624,100,55.03333,8,100,0,6,100,9000.0,3647.35,916.632,3.97908,0.000576984,0.523933,0,565.1266163,16178.8,844.626,19.155,0.000523438,0.606538,0,288.6887999,1585.13,478.345,3.31378,0.00010666,0.115253,6,-353.8569896,2283.43,782.11,2.91958,0.000334973,0.35454
189.313452,1,AUTO,ARMED,5,AVAILABLE,UNAVAILABLE,UNAVAILABLE,188,7,ACTIVE,11,F1_N2-A3.NC,F1_N2-A3.NC,2077098.662,194564.758,5712.0,3281.6624,100,55.03333,8,100,0,6,100,9000.0,3647.35,916.632,3.97908,0.000576984,0.523933,0,559.4580619,16178.8,844.626,19.155,0.000523438,0.606538,0,288.6887928,1585.13,478.345,3.31378,0.00010666,0.115253,6,-353.857001,2283.43,782.11,2.91958,0.000334973,0.35454
189.486497,1,AUTO,ARMED,5,AVAILABLE,UNAVAILABLE,UNAVAILABLE,188,7,ACTIVE,11,F1_N2-A3.NC,F1_N2-A3.NC,2077098.662,194564.758,5712.0,3281.6624,100,55.03333,8,100,0,6,100,9000.0,3647.35,916.632,3.97908,0.000576984,0.523933,0,553.8034066,16178.8,844.626,19.155,0.000523438,0.606538,0,288.6887999,1585.13,478.345,3.31378,0.00010666,0.115253,6,-353.8569896,2283.43,782.11,2.91958,0.000334973,0.35454
189.700854,1,AUTO,ARMED,5,AVAILABLE,UNAVAILABLE,UNAVAILABLE,188,7,ACTIVE,11,F1_N2-A3.NC,F1_N2-A3.NC,2077098.662,194564.758,5712.0,3281.6624,100,55.03333,8,100,0,6,100,9000.0,2423.57,546.638,4.43359,0.000562539,0.51768,0,542.4669198,14786.5,114.161,129.523,0.000173215,0.107467,0,288.6888786,696.496,151.187,4.60685,0.000100214,0.0698639,6,-353.8569782,1826.74,531.187,3.43898,0.000436167,0.294267
189.883613,1,AUTO,ARMED,5,AVAILABLE,UNAVAILABLE,UNAVAILABLE,189,7,ACTIVE,11,F1_N2-A3.NC,F1_N2-A3.NC,2077098.662,194564.758,5712.0,3281.6624,100,0.01666667,8,100,0,3,100,9000.0,2423.57,546.638,4.43359,0.000562539,0.51768,0,536.2625537,14786.5,114.161,129.523,0.000173215,0.107467,0,288.6888142,696.496,151.187,4.60685,0.000100214,0.0698639,6,-353.857001,1826.74,531.187,3.43898,0.000436167,0.294267
190.063225,1,AUTO,ARMED,5,AVAILABLE,UNAVAILABLE,UNAVAILABLE,189,7,ACTIVE,11,F1_N2-A3.NC,F1_N2-A3.NC,2077098.662,194564.758,5712.0,3281.6624,100,0.0,9,100,0,3,100,9000.0,2423.57,546.638,4.43359,0.000562539,0.51768,0,536.2623892,14786.5,114.161,129.523,0.000173215,0.107467,0,288.6888071,696.496,151.187,4.60685,0.000100214,0.0698639,6,-353.8569896,1826.74,531.187,3.43898,0.000436167,0.294267
190.267709,1,AUTO,ARMED,5,AVAILABLE,UNAVAILABLE,UNAVAILABLE,189,7,ACTIVE,11,F1_N2-A3.NC,F1_N2-A3.NC,2077098.662,194564.758,5712.0,3516.9028,100,0.0,9,100,0,3,100,9000.0,2423.57,546.638,4.43359,0.000562539,0.51768,0,536.2624392,14786.5,114.161,129.523,0.000173215,0.107467,0,288.6887999,696.496,151.187,4.60685,0.000100214,0.0698639,6,-353.8569896,1826.74,531.187,3.43898,0.000436167,0.294267
190.421753,1,AUTO,ARMED,5,AVAILABLE,UNAVAILABLE,UNAVAILABLE,189,7,ACTIVE,11,F1_N2-A3.NC,F1_N2-A3.NC,2077098.662,194564.758,5712.0,3516.9028,100,0.0,9,100,0,4,100,9000.0,2423.57,546.638,4.43359,0.000562539,0.51768,0,536.262475,14786.5,114.161,129.523,0.000173215,0.107467,0,288.6888071,696.496,151.187,4.60685,0.000100214,0.0698639,6,-353.8570125,1826.74,531.187,3.43898,0.000436167,0.294267
190.617494,1,AUTO,ARMED,5,AVAILABLE,UNAVAILABLE,UNAVAILABLE,189,7,ACTIVE,11,F1_N2-A3.NC,F1_N2-A3.NC,2077098.662,194564.758,5712.0,3516.9028,100,0.0,9,100,0,4,100,9000.0,2423.57,546.638,4.43359,0.000562539,0.51768,0,536.2624893,14786.5,114.161,129.523,0.000173215,0.107467,0,288.6887999,696.496,151.187,4.60685,0.000100214,0.0698639,6,-353.8569896,1826.74,531.187,3.43898,0.000436167,0.294267
190.833792,1,AUTO,ARMED,5,AVAILABLE,UNAVAILABLE,UNAVAILABLE,189,7,ACTIVE,11,F1_N2-A3.NC,F1_N2-A3.NC,2077098.662,194564.758,5712.0,3516.9028,100,0.0,9,100,0,4,100,9000.0,2471.56,587.945,4.20373,0.000506102,0.483136,0,536.2624964,3456.59,113.835,30.3649,0.000143381,0.10659,0,288.6887928,768.548,183.865,4.17996,0.000133738,0.0786805,6,-353.8570125,1898.85,874.063,2.17244,0.000313944,0.374189
191.012037,1,AUTO,ARMED,5,AVAILABLE,UNAVAILABLE,UNAVAILABLE,192,7,ACTIVE,11,F1_N2-A3.NC,F1_N2-A3.NC,2077098.662,194564.758,5712.0,3516.9028,100,0.0,9,100,0,10,100,8998.769951,2471.56,587.945,4.20373,0.000506102,0.483136,0,536.2624964,3456.59,113.835,30.3649,0.000143381,0.10659,0,288.6888071,768.548,183.865,4.17996,0.000133738,0.0786805,6,-353.8570125,1898.85,874.063,2.17244,0.000313944,0.374189
191.179469,1,AUTO,ARMED,5,AVAILABLE,UNAVAILABLE,UNAVAILABLE,192,7,ACTIVE,11,F1_N2-A3.NC,F1_N2-A3.NC,2077098.662,194564.758,5712.0,3516.9028,100,0.0,10,100,0,50,100,9546.666667,2471.56,587.945,4.20373,0.000506102,0.483136,0,536.2624893,3456.59,113.835,30.3649,0.000143381,0.10659,0,288.6887928,768.548,183.865,4.17996,0.000133738,0.0786805,6,-353.857001,1898.85,874.063,2.17244,0.000313944,0.374189
191.340363,1,AUTO,ARMED,5,AVAILABLE,UNAVAILABLE,UNAVAILABLE,192,7,ACTIVE,11,F1_N2-A3.NC,F1_N2-A3.NC,2077098.662,194564.758,5712.0,9232.8896,100,0.0,10,100,0,56,100,10000.0,2471.56,587.945,4.20373,0.000506102,0.483136,0,536.2624964,3456.59,113.835,30.3649,0.000143381,0.10659,0,288.6888071,768.548,183.865,4.17996,0.000133738,0.0786805,6,-353.857001,1898.85,874.063,2.17244,0.000313944,0.374189
191.620262,1,AUTO,ARMED,5,AVAILABLE,UNAVAILABLE,UNAVAILABLE,192,7,ACTIVE,11,F1_N2-A3.NC,F1_N2-A3.NC,2077098.662,194564.758,5712.0,9232.8896,100,0.0,10,100,0,53,100,10000.0,2471.56,587.945,4.20373,0.000506102,0.483136,0,536.2624964,3456.59,113.835,30.3649,0.000143381,0.10659,0,288.6887999,768.548,183.865,4.17996,0.000133738,0.0786805,6,-353.8570125,1898.85,874.063,2.17244,0.000313944,0.374189
191.783704,1,AUTO,ARMED,5,AVAILABLE,UNAVAILABLE,UNAVAILABLE,192,7,ACTIVE,11,F1_N2-A3.NC,F1_N2-A3.NC,2077098.662,194564.758,5712.0,9232.8896,100,0.0,10,100,0,53,100,10000.0,3143.44,784.695,4.00594,0.000675646,0.679155,0,536.2624964,3360.58,186.067,18.0611,0.000204703,0.167557,0,288.6887999,672.48,107.523,6.25429,0.000104765,0.0593174,6,-353.8569896,2692.05,585.677,4.59648,0.000225781,0.251697
191.966268,1,AUTO,ARMED,5,AVAILABLE,UNAVAILABLE,UNAVAILABLE,192,7,ACTIVE,11,F1_N2-A3.NC,F1_N2-A3.NC,2077098.662,194564.758,5712.0,9232.8896,100,0.0,10,100,0,49,100,10000.0,3143.44,784.695,4.00594,0.000675646,0.679155,0,536.2624964,3360.58,186.067,18.0611,0.000204703,0.167557,0,288.8161642,672.48,107.523,6.25429,0.000104765,0.0593174,6,-353.8570125,2692.05,585.677,4.59648,0.000225781,0.251697
192.200065,1,AUTO,ARMED,5,AVAILABLE,UNAVAILABLE,UNAVAILABLE,193,7,ACTIVE,11,F1_N2-A3.NC,F1_N2-A3.NC,2077098.662,194564.758,5712.0,9232.8896,100,0.0,11,100,0,9,100,10000.0,3143.44,784.695,4.00594,0.000675646,0.679155,0,536.2625036,3360.58,186.067,18.0611,0.000204703,0.167557,0,288.8157994,672.48,107.523,6.25429,0.000104765,0.0593174,6,-353.8569896,2692.05,585.677,4.59648,0.000225781,0.251697
192.342863,1,AUTO,ARMED,5,AVAILABLE,UNAVAILABLE,UNAVAILABLE,193,7,ACTIVE,11,F1_N2-A3.NC,F1_N2-A3.NC,2077098.662,194564.758,5712.0,9232.8896,100,0.0,11,100,0,19,100,10000.0,3143.44,784.695,4.00594,0.000675646,0.679155,0,536.2624964,3360.58,186.067,18.0611,0.000204703,0.167557,0,288.8157994,672.48,107.523,6.25429,0.000104765,0.0593174,6,-353.8569896,2692.05,585.677,4.59648,0.000225781,0.251697
192.49646,1,AUTO,ARMED,5,AVAILABLE,UNAVAILABLE,UNAVAILABLE,193,7,ACTIVE,11,F1_N2-A3.NC,F1_N2-A3.NC,2077098.662,194564.758,5712.0,9232.8896,100,0.0,11,100,0,16,100,10000.0,3143.44,784.695,4.00594,0.000675646,0.679155,0,536.2624964,3360.58,186.067,18.0611,0.000204703,0.167557,0,288.8157994,672.48,107.523,6.25429,0.000104765,0.0593174,6,-353.857001,2692.05,585.677,4.59648,0.000225781,0.251697
192.637645,1,AUTO,ARMED,5,AVAILABLE,UNAVAILABLE,UNAVAILABLE,193,7,ACTIVE,11,F1_N2-A3.NC,F1_N2-A3.NC,2077098.662,194564.758,5712.0,4010.8691,100,0.0,11,100,0,3,100,10000.0,3143.44,784.695,4.00594,0.000675646,0.679155,0,536.2624964,3360.58,186.067,18.0611,0.000204703,0.167557,0,288.8157994,672.48,107.523,6.25429,0.000104765,0.0593174,6,-353.857001,2692.05,585.677,4.59648,0.000225781,0.251697
192.783909,1,AUTO,ARMED,5,AVAILABLE,UNAVAILABLE,UNAVAILABLE,193,7,ACTIVE,11,F1_N2-A3.NC,F1_N2-A3.NC,2077098.662,194564.758,5712.0,4010.8691,100,0.0,11,100,0,2,100,10000.0,3143.44,784.695,4.00594,0.000675646,0.679155,0,536.2625036,3360.58,186.067,18.0611,0.000204703,0.167557,0,288.8157994,672.48,107.523,6.25429,0.000104765,0.0593174,6,-353.857001,2692.05,585.677,4.59648,0.000225781,0.251697
192.925082,1,AUTO,ARMED,5,AVAILABLE,UNAVAILABLE,UNAVAILABLE,193,7,ACTIVE,11,F1_N2-A3.NC,F1_N2-A3.NC,2077098.662,194564.758,5712.0,4010.8691,100,0.0,11,100,0,8,100,10000.0,3143.44,784.695,4.00594,0.000675646,0.679155,0,536.2924411,3360.58,186.067,18.0611,0.000204703,0.167557,0,288.8157923,672.48,107.523,6.25429,0.000104765,0.0593174,6,-353.857001,2692.05,585.677,4.59648,0.000225781,0.251697
193.071275,1,AUTO,ARMED,5,AVAILABLE,UNAVAILABLE,UNAVAILABLE,194,7,ACTIVE,11,F1_N2-A3.NC,F1_N2-A3.NC,2077098.662,194564.758,5712.0,4010.8691,100,35.98333,11,100,0,7,100,10000.0,2687.52,1028.75,2.61241,0.000549065,0.54726,0,539.1279816,11618.0,572.035,20.3099,0.000274943,0.345503,0,288.8157994,1609.15,651.272,2.47078,0.000109445,0.121849,6,-353.857001,2091.14,879.94,2.37646,0.000302905,0.337427
193.219132,1,AUTO,ARMED,5,AVAILABLE,UNAVAILABLE,UNAVAILABLE,194,7,ACTIVE,11,F1_N2-A3.NC,F1_N2-A3.NC,2077098.662,194564.758,5712.0,4010.8691,100,35.98333,12,100,0,6,100,10000.0,2687.52,1028.75,2.61241,0.000549065,0.54726,0,542.8305211,11618.0,572.035,20.3099,0.000274943,0.345503,0,288.8156349,1609.15,651.272,2.47078,0.000109445,0.121849,6,-353.857001,2091.14,879.94,2.37646,0.000302905,0.337427
193.363192,1,AUTO,ARMED,5,AVAILABLE,UNAVAILABLE,UNAVAILABLE,194,7,ACTIVE,11,F1_N2-A3.NC,F1_N2-A3.NC,2077098.662,194564.758,5712.0,4010.8691,100,35.98333,12,100,0,6,100,10000.0,2687.52,1028.75,2.61241,0.000549065,0.54726,0,546.5280753,11618.0,572.035,20.3099,0.000274943,0.345503,0,288.8157279,1609.15,651.272,2.47078,0.000109445,0.121849,6,-353.8569896,2091.14,879.94,2.37646,0.000302905,0.337427
193.50543,1,AUTO,ARMED,5,AVAILABLE,UNAVAILABLE,UNAVAILABLE,194,7,ACTIVE,11,F1_N2-A3.NC,F1_N2-A3.NC,2077098.662,194564.758,5712.0,4010.8691,100,35.98333,12,100,0,7,100,10000.0,2687.52,1028.75,2.61241,0.000549065,0.54726,0,557.6470734,11618.0,572.035,20.3099,0.000274943,0.345503,0,288.8157994,1609.15,651.272,2.47078,0.000109445,0.121849,6,-353.857001,2091.14,879.94,2.37646,0.000302905,0.337427
193.653686,1,AUTO,ARMED,5,AVAILABLE,UNAVAILABLE,UNAVAILABLE,194,7,ACTIVE,11,F1_N2-A3.NC,F1_N2-A3.NC,2077098.662,194564.758,5712.0,3944.4526,100,35.98333,12,100,0,7,100,10000.0,2687.52,1028.75,2.61241,0.000549065,0.54726,0,561.3530099,11618.0,572.035,20.3099,0.000274943,0.345503,0,288.8157994,1609.15,651.272,2.47078,0.000109445,0.121849,6,-353.8570125,2091.14,879.94,2.37646,0.000302905,0.337427
193.795825,1,AUTO,ARMED,5,AVAILABLE,UNAVAILABLE,UNAVAILABLE,194,7,ACTIVE,11,F1_N2-A3.NC,F1_N2-A3.NC,2077098.662,194564.758,5712.0,3944.4526,100,35.98333,12,100,0,6,100,10000.0,2687.52,1028.75,2.61241,0.000549065,0.54726,0,568.7656531,11618.0,572.035,20.3099,0.000274943,0.345503,0,288.8158066,1609.15,651.272,2.47078,0.000109445,0.121849,6,-353.857001,2091.14,879.94,2.37646,0.000302905,0.337427
193.938368,1,AUTO,ARMED,5,AVAILABLE,UNAVAILABLE,UNAVAILABLE,194,7,ACTIVE,11,F1_N2-A3.NC,F1_N2-A3.NC,2077098.662,194564.758,5712.0,3944.4526,100,35.98333,12,100,0,6,100,10000.0,4175.26,1026.02,4.06937,0.00054112,0.541372,0,572.4720355,11594.0,396.696,29.2264,0.000203022,0.189301,0,288.8158066,1633.17,622.151,2.62504,9.56536e-05,0.116402,6,-353.857001,1970.96,828.823,2.37802,0.000304423,0.318948
194.087649,1,AUTO,ARMED,5,AVAILABLE,UNAVAILABLE,UNAVAILABLE,194,7,ACTIVE,11,F1_N2-A3.NC,F1_N2-A3.NC,2077098.662,194564.758,5712.0,3944.4526,100,35.98333,12,100,0,6,100,10000.0,4175.26,1026.02,4.06937,0.00054112,0.541372,0,576.1782177,11594.0,396.696,29.2264,0.000203022,0.189301,0,288.8158066,1633.17,622.151,2.62504,9.56536e-05,0.116402,6,-353.857001,1970.96,828.823,2.37802,0.000304423,0.318948
194.253206,1,AUTO,ARMED,5,AVAILABLE,UNAVAILABLE,UNAVAILABLE,194,7,ACTIVE,11,F1_N2-A3.NC,F1_N2-A3.NC,2077098.662,194564.758,5712.0,3944.4526,100,35.98333,13,100,0,6,100,10000.0,4175.26,1026.02,4.06937,0.00054112,0.541372,0,579.8847145,11594.0,396.696,29.2264,0.000203022,0.189301,0,288.8157994,1633.17,622.151,2.62504,9.56536e-05,0.116402,6,-353.8569896,1970.96,828.823,2.37802,0.000304423,0.318948
194.449155,1,AUTO,ARMED,5,AVAILABLE,UNAVAILABLE,UNAVAILABLE,194,7,ACTIVE,11,F1_N2-A3.NC,F1_N2-A3.NC,2077458.996,194564.758,5712.0,3944.4526,100,35.98333,13,100,0,6,100,10000.0,4175.26,1026.02,4.06937,0.00054112,0.541372,0,591.0035187,11594.0,396.696,29.2264,0.000203022,0.189301,0,288.8157923,1633.17,622.151,2.62504,9.56536e-05,0.116402,6,-353.8570125,1970.96,828.823,2.37802,0.000304423,0.318948
194.595293,1,AUTO,ARMED,5,AVAILABLE,UNAVAILABLE,UNAVAILABLE,194,7,ACTIVE,11,F1_N2-A3.NC,F1_N2-A3.NC,2077458.996,194564.758,5712.0,3944.4526,100,35.98333,13,100,0,6,100,10000.0,4175.26,1026.02,4.06937,0.00054112,0.541372,0,598.4069765,11594.0,396.696,29.2264,0.000203022,0.189301,0,288.8157994,1633.17,622.151,2.62504,9.56536e-05,0.116402,6,-353.857001,1970.96,828.823,2.37802,0.000304423,0.318948
194.739188,1,AUTO,ARMED,5,AVAILABLE,UNAVAILABLE,UNAVAILABLE,194,7,ACTIVE,11,F1_N2-A3.NC,F1_N2-A3.NC,2077458.996,194564.758,5712.0,3932.2217,100,35.98333,13,100,0,6,100,10000.0,4175.26,1026.02,4.06937,0.00054112,0.541372,0,600.2600582,11594.0,396.696,29.2264,0.000203022,0.189301,0,288.8157923,1633.17,622.151,2.62504,9.56536e-05,0.116402,6,-353.857001,1970.96,828.823,2.37802,0.000304423,0.318948
194.887247,1,AUTO,ARMED,5,AVAILABLE,UNAVAILABLE,UNAVAILABLE,194,7,ACTIVE,11,F1_N2-A3.NC,F1_N2-A3.NC,2077458.996,194564.758,5712.0,3932.2217,100,35.98333,13,100,0,6,100,10000.0,4175.26,1026.02,4.06937,0.00054112,0.541372,0,603.9753339,11594.0,396.696,29.2264,0.000203022,0.189301,0,288.8157994,1633.17,622.151,2.62504,9.56536e-05,0.116402,6,-353.8570125,1970.96,828.823,2.37802,0.000304423,0.318948
195.037777,1,AUTO,ARMED,5,AVAILABLE,UNAVAILABLE,UNAVAILABLE,194,7,ACTIVE,11,F1_N2-A3.NC,F1_N2-A3.NC,2077458.996,194564.758,5712.0,3932.2217,100,35.98333,13,100,0,6,100,10000.0,4655.18,990.118,4.70164,0.000529662,0.523297,0,611.3789928,11714.0,363.54,32.222,0.000191202,0.166566,0,288.8157851,1585.13,555.352,2.85428,9.40077e-05,0.107391,6,-353.8569896,2067.11,721.338,2.86566,0.000288049,0.292401
195.194459,1,AUTO,ARMED,5,AVAILABLE,UNAVAILABLE,UNAVAILABLE,194,7,ACTIVE,11,F1_N2-A3.NC,F1_N2-A3.NC,2077458.996,194564.758,5712.0,3932.2217,100,35.98333,14,100,0,6,100,10000.0,4655.18,990.118,4.70164,0.000529662,0.523297,0,615.0943267,11714.0,363.54,32.222,0.000191202,0.166566,0,288.8157994,1585.13,555.352,2.85428,9.40077e-05,0.107391,6,-353.857001,2067.11,721.338,2.86566,0.000288049,0.292401
195.333456,1,AUTO,ARMED,5,AVAILABLE,UNAVAILABLE,UNAVAILABLE,194,7,ACTIVE,11,F1_N2-A3.NC,F1_N2-A3.NC,2077458.996,194564.758,5712.0,3932.2217,100,35.98333,14,100,0,6,100,10000.0,4655.18,990.118,4.70164,0.000529662,0.523297,0,618.8094318,11714.0,363.54,32.222,0.000191202,0.166566,0,288.8157994,1585.13,555.352,2.85428,9.40077e-05,0.107391,6,-353.857001,2067.11,721.338,2.86566,0.000288049,0.292401
195.490166,1,AUTO,ARMED,5,AVAILABLE,UNAVAILABLE,UNAVAILABLE,194,7,ACTIVE,11,F1_N2-A3.NC,F1_N2-A3.NC,2077458.996,194564.758,5712.0,3932.2217,100,35.98333,14,100,0,6,100,10000.0,4655.18,990.118,4.70164,0.000529662,0.523297,0,629.9191563,11714.0,363.54,32.222,0.000191202,0.166566,0,288.8157923,1585.13,555.352,2.85428,9.40077e-05,0.107391,6,-353.857001,2067.11,721.338,2.86566,0.000288049,0.292401
195.632306,1,AUTO,ARMED,5,AVAILABLE,UNAVAILABLE,UNAVAILABLE,194,7,ACTIVE,11,F1_N2-A3.NC,F1_N2-A3.NC,2077458.996,194564.758,5712.0,3932.2217,100,35.98333,14,100,0,6,100,10000.0,4655.18,990.118,4.70164,0.000529662,0.523297,0,633.6166949,11714.0,363.54,32.222,0.000191202,0.166566,0,288.8157994,1585.13,555.352,2.85428,9.40077e-05,0.107391,6,-353.857001,2067.11,721.338,2.86566,0.000288049,0.292401
195.779598,1,AUTO,ARMED,5,AVAILABLE,UNAVAILABLE,UNAVAILABLE,194,7,ACTIVE,11,F1_N2-A3.NC,F1_N2-A3.NC,2077458.996,194564.758,5712.0,3932.2217,100,35.98333,14,100,0,7,100,10000.0,4655.18,990.118,4.70164,0.000529662,0.523297,0,637.3230454,11714.0,363.54,32.222,0.000191202,0.166566,0,288.8157994,1585.13,555.352,2.85428,9.40077e-05,0.107391,6,-353.8569896,2067.11,721.338,2.86566,0.000288049,0.292401
195.91913,1,AUTO,ARMED,5,AVAILABLE,UNAVAILABLE,UNAVAILABLE,194,7,ACTIVE,11,F1_N2-A3.NC,F1_N2-A3.NC,2077458.996,194564.758,5712.0,3627.5,100,35.98333,14,100,0,6,100,10000.0,4655.18,990.118,4.70164,0.000529662,0.523297,0,641.0382436,11714.0,363.54,32.222,0.000191202,0.166566,0,288.8158066,1585.13,555.352,2.85428,9.40077e-05,0.107391,6,-353.8569896,2067.11,721.338,2.86566,0.000288049,0.292401
196.065424,1,AUTO,ARMED,5,AVAILABLE,UNAVAILABLE,UNAVAILABLE,194,7,ACTIVE,11,F1_N2-A3.NC,F1_N2-A3.NC,2077458.996,194564.758,5712.0,3627.5,100,35.98333,14,100,0,7,100,10000.0,4655.18,990.118,4.70164,0.000529662,0.523297,0,648.4417333,11714.0,363.54,32.222,0.000191202,0.166566,0,288.8157923,1585.13,555.352,2.85428,9.40077e-05,0.107391,6,-353.8569896,2067.11,721.338,2.86566,0.000288049,0.292401
196.220441,1,AUTO,ARMED,5,AVAILABLE,UNAVAILABLE,UNAVAILABLE,194,7,ACTIVE,11,F1_N2-A3.NC,F1_N2-A3.NC,2077458.996,194564.758,5712.0,3627.5,100,35.98333,15,100,0,6,100,10000.0,4367.22,584.517,7.4715,0.000566186,0.542104,0,655.4545746,11330.0,149.486,75.7931,0.000102393,0.101567,0,288.815828,1513.08,100.939,14.99,0.000132884,0.0676781,6,-353.857001,2259.4,475.047,4.75616,0.000345675,0.2503
196.367682,1,AUTO,ARMED,5,AVAILABLE,UNAVAILABLE,UNAVAILABLE,194,7,ACTIVE,11,F1_N2-A3.NC,F1_N2-A3.NC,2077458.996,194564.758,5712.0,3627.5,100,33.78333,15,100,0,4,100,10000.0,4367.22,584.517,7.4715,0.000566186,0.542104,1,655.6407261,11330.0,149.486,75.7931,0.000102393,0.101567,0,288.8158066,1513.08,100.939,14.99,0.000132884,0.0676781,6,-353.857001,2259.4,475.047,4.75616,0.000345675,0.2503
196.513382,1,AUTO,ARMED,5,AVAILABLE,UNAVAILABLE,UNAVAILABLE,195,7,ACTIVE,11,F1_N2-A3.NC,F1_N2-A3.NC,2077458.996,194564.758,5712.0,3627.5,100,9.8,15,100,0,3,100,10000.0,4367.22,584.517,7.4715,0.000566186,0.542104,1,655.6425284,11330.0,149.486,75.7931,0.000102393,0.101567,0,288.8157994,1513.08,100.939,14.99,0.000132884,0.0676781,6,-353.8569896,2259.4,475.047,4.75616,0.000345675,0.2503
196.658927,1,AUTO,ARMED,5,AVAILABLE,UNAVAILABLE,UNAVAILABLE,195,7,ACTIVE,11,F1_N2-A3.NC,F1_N2-A3.NC,2077458.996,194564.758,5712.0,3627.5,100,0.0,15,100,0,4,100,10000.0,4367.22,584.517,7.4715,0.000566186,0.542104,0,655.6425785,11330.0,149.486,75.7931,0.000102393,0.101567,0,288.8157994,1513.08,100.939,14.99,0.000132884,0.0676781,6,-353.857001,2259.4,475.047,4.75616,0.000345675,0.2503
196.836835,1,AUTO,ARMED,5,AVAILABLE,UNAVAILABLE,UNAVAILABLE,195,7,ACTIVE,11,F1_N2-A3.NC,F1_N2-A3.NC,2077458.996,194564.758,5712.0,3539.2371,100,0.0,15,100,0,4,100,10000.0,4367.22,584.517,7.4715,0.000566186,0.542104,0,655.6425427,11330.0,149.486,75.7931,0.000102393,0.101567,0,288.8157994,1513.08,100.939,14.99,0.000132884,0.0676781,6,-353.8569896,2259.4,475.047,4.75616,0.000345675,0.2503
196.983453,1,AUTO,ARMED,5,AVAILABLE,UNAVAILABLE,UNAVAILABLE,195,7,ACTIVE,11,F1_N2-A3.NC,F1_N2-A3.NC,2077458.996,194564.758,5712.0,3539.2371,100,0.0,15,100,0,4,100,10000.0,4367.22,584.517,7.4715,0.000566186,0.542104,0,655.642507,11330.0,149.486,75.7931,0.000102393,0.101567,0,288.8157994,1513.08,100.939,14.99,0.000132884,0.0676781,6,-353.8569896,2259.4,475.047,4.75616,0.000345675,0.2503
197.183368,1,AUTO,ARMED,5,AVAILABLE,UNAVAILABLE,UNAVAILABLE,195,7,ACTIVE,11,F1_N2-A3.NC,F1_N2-A3.NC,2077458.996,194564.758,5712.0,3539.2371,100,0.0,16,100,0,4,100,10000.0,2639.53,829.17,3.18334,0.000532805,0.53564,0,655.642507,9169.58,462.401,19.8304,0.000282026,0.300477,0,288.8157994,792.565,100.739,7.86751,9.19811e-05,0.0679772,6,-353.857001,1922.89,470.842,4.08394,0.000257789,0.23861
197.352534,1,AUTO,ARMED,5,AVAILABLE,UNAVAILABLE,UNAVAILABLE,195,7,ACTIVE,11,F1_N2-A3.NC,F1_N2-A3.NC,2077458.996,194564.758,5712.0,3539.2371,100,0.0,16,100,0,4,100,10000.0,2639.53,829.17,3.18334,0.000532805,0.53564,0,655.642507,9169.58,462.401,19.8304,0.000282026,0.300477,0,288.8240248,792.565,100.739,7.86751,9.19811e-05,0.0679772,6,-353.857001,1922.89,470.842,4.08394,0.000257789,0.23861
197.507982,1,AUTO,ARMED,5,AVAILABLE,UNAVAILABLE,UNAVAILABLE,197,7,ACTIVE,11,F1_N2-A3.NC,F1_N2-A3.NC,2077458.996,194564.758,5712.0,3539.2371,100,18.75,16,100,0,4,100,10000.0,2639.53,829.17,3.18334,0.000532805,0.53564,1,654.6001494,9169.58,462.401,19.8304,0.000282026,0.300477,0,288.9429777,792.565,100.739,7.86751,9.19811e-05,0.0679772,6,-353.857001,1922.89,470.842,4.08394,0.000257789,0.23861
197.656203,1,AUTO,ARMED,5,AVAILABLE,UNAVAILABLE,UNAVAILABLE,197,7,ACTIVE,11,F1_N2-A3.NC,F1_N2-A3.NC,2077458.996,194564.758,5712.0,3539.2371,100,27.36667,16,100,0,5,100,10000.0,2639.53,829.17,3.18334,0.000532805,0.53564,1,650.9370991,9169.58,462.401,19.8304,0.000282026,0.300477,0,288.9428633,792.565,100.739,7.86751,9.19811e-05,0.0679772,6,-353.8570125,1922.89,470.842,4.08394,0.000257789,0.23861
197.800975,1,AUTO,ARMED,5,AVAILABLE,UNAVAILABLE,UNAVAILABLE,197,7,ACTIVE,11,F1_N2-A3.NC,F1_N2-A3.NC,2077458.996,194564.758,5712.0,3539.2371,100,35.98333,16,100,0,7,100,10000.0,2639.53,829.17,3.18334,0.000532805,0.53564,0,639.8099026,9169.58,462.401,19.8304,0.000282026,0.300477,0,288.9427989,792.565,100.739,7.86751,9.19811e-05,0.0679772,6,-353.8569896,1922.89,470.842,4.08394,0.000257789,0.23861
197.943463,1,AUTO,ARMED,5,AVAILABLE,UNAVAILABLE,UNAVAILABLE,197,7,ACTIVE,11,F1_N2-A3.NC,F1_N2-A3.NC,2077458.996,194564.758,5712.0,3539.2371,100,35.98333,16,100,0,7,100,10000.0,2639.53,829.17,3.18334,0.000532805,0.53564,0,636.1128076,9169.58,462.401,19.8304,0.000282026,0.300477,0,288.9427989,792.565,100.739,7.86751,9.19811e-05,0.0679772,6,-353.857001,1922.89,470.842,4.08394,0.000257789,0.23861
198.089595,1,AUTO,ARMED,5,AVAILABLE,UNAVAILABLE,UNAVAILABLE,197,7,ACTIVE,11,F1_N2-A3.NC,F1_N2-A3.NC,2077458.996,194564.758,5712.0,3911.6636,100,35.98333,16,100,0,7,100,10000.0,2639.53,829.17,3.18334,0.000532805,0.53564,0,632.4064628,9169.58,462.401,19.8304,0.000282026,0.300477,0,288.9428061,792.565,100.739,7.86751,9.19811e-05,0.0679772,6,-353.857001,1922.89,470.842,4.08394,0.000257789,0.23861
198.235375,1,AUTO,ARMED,5,AVAILABLE,UNAVAILABLE,UNAVAILABLE,197,7,ACTIVE,11,F1_N2-A3.NC,F1_N2-A3.NC,2077458.996,194564.758,5712.0,3911.6636,100,35.98333,17,100,0,7,100,10000.0,3599.36,834.913,4.31106,0.000528303,0.521866,0,628.7090793,9913.71,316.212,31.3515,0.000196405,0.144806,0,288.9428061,1392.99,533.633,2.61039,9.87998e-05,0.107444,6,-353.857001,2139.22,756.524,2.8277,0.000253818,0.299617
198.375874,1,AUTO,ARMED,5,AVAILABLE,UNAVAILABLE,UNAVAILABLE,197,7,ACTIVE,11,F1_N2-A3.NC,F1_N2-A3.NC,2077458.996,194564.758,5712.0,3911.6636,100,35.98333,17,100,0,7,100,10000.0,3599.36,834.913,4.31106,0.000528303,0.521866,0,621.2877339,9913.71,316.212,31.3515,0.000196405,0.144806,0,288.9428061,1392.99,533.633,2.61039,9.87998e-05,0.107444,6,-353.8570125,2139.22,756.524,2.8277,0.000253818,0.299617
198.522442,1,AUTO,ARMED,5,AVAILABLE,UNAVAILABLE,UNAVAILABLE,197,7,ACTIVE,11,F1_N2-A3.NC,F1_N2-A3.NC,2077458.996,194564.758,5712.0,3911.6636,100,35.98333,17,100,0,6,100,10000.0,3599.36,834.913,4.31106,0.000528303,0.521866,0,615.7372849,9913.71,316.212,31.3515,0.000196405,0.144806,0,288.9428061,1392.99,533.633,2.61039,9.87998e-05,0.107444,6,-353.857001,2139.22,756.524,2.8277,0.000253818,0.299617
198.680171,1,AUTO,ARMED,5,AVAILABLE,UNAVAILABLE,UNAVAILABLE,197,7,ACTIVE,11,F1_N2-A3.NC,F1_N2-A3.NC,2077458.996,194564.758,5712.0,3911.6636,100,35.98333,17,100,0,6,100,10000.0,3599.36,834.913,4.31106,0.000528303,0.521866,0,612.0217701,9913.71,316.212,31.3515,0.000196405,0.144806,0,288.9428061,1392.99,533.633,2.61039,9.87998e-05,0.107444,6,-353.857001,2139.22,756.524,2.8277,0.000253818,0.299617
198.828437,1,AUTO,ARMED,5,AVAILABLE,UNAVAILABLE,UNAVAILABLE,197,7,ACTIVE,11,F1_N2-A3.NC,F1_N2-A3.NC,2077458.996,194564.758,5712.0,3911.6636,100,35.98333,17,100,0,6,100,10000.0,3599.36,834.913,4.31106,0.000528303,0.521866,0,604.6181706,9913.71,316.212,31.3515,0.000196405,0.144806,0,288.9428061,1392.99,533.633,2.61039,9.87998e-05,0.107444,6,-353.8569896,2139.22,756.524,2.8277,0.000253818,0.299617
198.978532,1,AUTO,ARMED,5,AVAILABLE,UNAVAILABLE,UNAVAILABLE,197,7,ACTIVE,11,F1_N2-A3.NC,F1_N2-A3.NC,2077458.996,194564.758,5712.0,3911.6636,100,35.98333,17,100,0,6,100,10000.0,3599.36,834.913,4.31106,0.000528303,0.521866,0,600.9029844,9913.71,316.212,31.3515,0.000196405,0.144806,0,288.9428061,1392.99,533.633,2.61039,9.87998e-05,0.107444,6,-353.8569896,2139.22,756.524,2.8277,0.000253818,0.299617
199.117646,1,AUTO,ARMED,5,AVAILABLE,UNAVAILABLE,UNAVAILABLE,197,7,ACTIVE,11,F1_N2-A3.NC,F1_N2-A3.NC,2077458.996,194564.758,5712.0,3945.5391,100,35.98333,17,100,0,6,100,10000.0,3599.36,834.913,4.31106,0.000528303,0.521866,0,597.2056511,9913.71,316.212,31.3515,0.000196405,0.144806,0,288.9427989,1392.99,533.633,2.61039,9.87998e-05,0.107444,6,-353.857001,2139.22,756.524,2.8277,0.000253818,0.299617
199.258448,1,AUTO,ARMED,5,AVAILABLE,UNAVAILABLE,UNAVAILABLE,197,7,ACTIVE,11,F1_N2-A3.NC,F1_N2-A3.NC,2077458.996,194564.758,5712.0,3945.5391,100,35.98333,18,100,0,6,100,10000.0,3599.36,834.913,4.31106,0.000528303,0.521866,0,589.7841479,9913.71,316.212,31.3515,0.000196405,0.144806,0,288.9427989,1392.99,533.633,2.61039,9.87998e-05,0.107444,6,-353.8569896,2139.22,756.524,2.8277,0.000253818,0.299617
199.399317,1,AUTO,ARMED,5,AVAILABLE,UNAVAILABLE,UNAVAILABLE,197,7,ACTIVE,11,F1_N2-A3.NC,F1_N2-A3.NC,2077458.996,194564.758,5712.0,3945.5391,100,35.98333,18,100,0,6,100,10000.0,3911.31,885.274,4.41819,0.000554429,0.540808,0,586.0779739,9913.71,337.314,29.3902,0.000206085,0.192343,0,288.9427989,1441.03,540.177,2.6677,0.000120722,0.105134,6,-353.857001,2139.22,618.781,3.45715,0.00026756,0.267388
199.544951,1,AUTO,ARMED,5,AVAILABLE,UNAVAILABLE,UNAVAILABLE,197,7,ACTIVE,11,F1_N2-A3.NC,F1_N2-A3.NC,2077458.996,194564.758,5712.0,3945.5391,100,35.98333,18,100,0,6,100,10000.0,3911.31,885.274,4.41819,0.000554429,0.540808,0,582.3806243,9913.71,337.314,29.3902,0.000206085,0.192343,0,288.9428204,1441.03,540.177,2.6677,0.000120722,0.105134,6,-353.857001,2139.22,618.781,3.45715,0.00026756,0.267388
199.68768,1,AUTO,ARMED,5,AVAILABLE,UNAVAILABLE,UNAVAILABLE,197,7,ACTIVE,11,F1_N2-A3.NC,F1_N2-A3.NC,2077458.996,194564.758,5712.0,3945.5391,100,35.98333,18,100,0,7,100,10000.0,3911.31,885.274,4.41819,0.000554429,0.540808,0,574.9589994,9913.71,337.314,29.3902,0.000206085,0.192343,0,288.9427989,1441.03,540.177,2.6677,0.000120722,0.105134,6,-353.8569782,2139.22,618.781,3.45715,0.00026756,0.267388
199.826849,1,AUTO,ARMED,5,AVAILABLE,UNAVAILABLE,UNAVAILABLE,197,7,ACTIVE,11,F1_N2-A3.NC,F1_N2-A3.NC,2077458.996,194564.758,5712.0,3945.5391,100,35.98333,18,100,0,6,100,10000.0,3911.31,885.274,4.41819,0.000554429,0.540808,0,567.5556064,9913.71,337.314,29.3902,0.000206085,0.192343,0,288.9428061,1441.03,540.177,2.6677,0.000120722,0.105134,6,-353.857001,2139.22,618.781,3.45715,0.00026756,0.267388
199.973451,1,AUTO,ARMED,5,AVAILABLE,UNAVAILABLE,UNAVAILABLE,197,7,ACTIVE,11,F1_N2-A3.NC,F1_N2-A3.NC,2077458.996,194564.758,5712.0,3945.5391,100,35.98333,18,100,0,7,100,10000.0,3911.31,885.274,4.41819,0.000554429,0.540808,0,563.8402878,9913.71,337.314,29.3902,0.000206085,0.192343,0,288.9427989,1441.03,540.177,2.6677,0.000120722,0.105134,6,-353.857001,2139.22,618.781,3.45715,0.00026756,0.267388
200.116918,1,AUTO,ARMED,5,AVAILABLE,UNAVAILABLE,UNAVAILABLE,197,7,ACTIVE,11,F1_N2-A3.NC,F1_N2-A3.NC,2077458.996,194564.758,5712.0,3534.6699,100,35.98333,18,100,0,6,100,10000.0,3911.31,885.274,4.41819,0.000554429,0.540808,0,560.1429079,9913.71,337.314,29.3902,0.000206085,0.192343,0,288.9428061,1441.03,540.177,2.6677,0.000120722,0.105134,6,-353.857001,2139.22,618.781,3.45715,0.00026756,0.267388
200.271127,1,AUTO,ARMED,5,AVAILABLE,UNAVAILABLE,UNAVAILABLE,197,7,ACTIVE,11,F1_N2-A3.NC,F1_N2-A3.NC,2077458.996,194564.758,5712.0,3534.6699,100,35.98333,19,100,0,7,100,10000.0,4103.27,610.587,6.72021,0.000558461,0.550044,0,552.7213121,9793.69,136.054,71.9838,0.000141978,0.112987,0,288.9427989,1465.05,214.739,6.82247,0.000130929,0.0747298,6,-353.857001,2043.07,520.495,3.92524,0.000307852,0.257826
200.478503,1,AUTO,ARMED,5,AVAILABLE,UNAVAILABLE,UNAVAILABLE,197,7,ACTIVE,11,F1_N2-A3.NC,F1_N2-A3.NC,2077458.996,194564.758,5712.0,3534.6699,100,35.98333,19,100,0,6,100,10000.0,4103.27,610.587,6.72021,0.000558461,0.550044,0,545.3178516,9793.69,136.054,71.9838,0.000141978,0.112987,0,288.9427989,1465.05,214.739,6.82247,0.000130929,0.0747298,6,-353.857001,2043.07,520.495,3.92524,0.000307852,0.257826
200.623442,1,AUTO,ARMED,5,AVAILABLE,UNAVAILABLE,UNAVAILABLE,197,7,ACTIVE,11,F1_N2-A3.NC,F1_N2-A3.NC,2077458.996,194564.758,5712.0,3534.6699,100,35.98333,19,100,0,7,100,10000.0,4103.27,610.587,6.72021,0.000558461,0.550044,0,543.4736346,9793.69,136.054,71.9838,0.000141978,0.112987,0,288.9428204,1465.05,214.739,6.82247,0.000130929,0.0747298,6,-353.8570125,2043.07,520.495,3.92524,0.000307852,0.257826
200.781538,1,AUTO,ARMED,5,AVAILABLE,UNAVAILABLE,UNAVAILABLE,197,7,ACTIVE,11,F1_N2-A3.NC,F1_N2-A3.NC,2077458.996,194564.758,5712.0,3534.6699,100,32.33333,19,100,0,6,100,10000.0,4103.27,610.587,6.72021,0.000558461,0.550044,0,539.7585079,9793.69,136.054,71.9838,0.000141978,0.112987,0,288.9428633,1465.05,214.739,6.82247,0.000130929,0.0747298,6,-353.857001,2043.07,520.495,3.92524,0.000307852,0.257826
200.951629,1,AUTO,ARMED,5,AVAILABLE,UNAVAILABLE,UNAVAILABLE,198,7,ACTIVE,11,F1_N2-A3.NC,F1_N2-A3.NC,2077458.996,194564.758,5712.0,3534.6699,100,14.35,19,100,0,3,100,10000.0,4103.27,610.587,6.72021,0.000558461,0.550044,0,536.2624464,9793.69,136.054,71.9838,0.000141978,0.112987,0,288.9427989,1465.05,214.739,6.82247,0.000130929,0.0747298,6,-353.857001,2043.07,520.495,3.92524,0.000307852,0.257826
201.120857,1,AUTO,ARMED,5,AVAILABLE,UNAVAILABLE,UNAVAILABLE,198,7,ACTIVE,11,F1_N2-A3.NC,F1_N2-A3.NC,2077458.996,194564.758,5712.0,3534.6699,100,0.0,19,100,0,4,100,10000.0,4103.27,610.587,6.72021,0.000558461,0.550044,0,536.2624106,9793.69,136.054,71.9838,0.000141978,0.112987,0,288.9427918,1465.05,214.739,6.82247,0.000130929,0.0747298,6,-353.857001,2043.07,520.495,3.92524,0.000307852,0.257826
201.29657,1,AUTO,ARMED,5,AVAILABLE,UNAVAILABLE,UNAVAILABLE,198,7,ACTIVE,11,F1_N2-A3.NC,F1_N2-A3.NC,2077458.996,194564.758,5712.1,3525.2952,100,0.0,20,100,0,5,100,10000.0,4103.27,610.587,6.72021,0.000558461,0.550044,0,536.2624678,9793.69,136.054,71.9838,0.000141978,0.112987,0,288.9427918,1465.05,214.739,6.82247,0.000130929,0.0747298,6,-353.8569896,2043.07,520.495,3.92524,0.000307852,0.257826
201.474394,1,AUTO,ARMED,5,AVAILABLE,UNAVAILABLE,UNAVAILABLE,198,7,ACTIVE,11,F1_N2-A3.NC,F1_N2-A3.NC,2077458.996,194564.758,5712.1,3525.2952,100,0.0,20,100,0,5,100,10000.0,2711.52,618.894,4.38123,0.000570374,0.555163,0,536.2624821,3720.64,131.979,28.1912,0.000144698,0.112218,0,288.9428061,624.448,101.362,6.16057,0.000121002,0.0700525,6,-353.8569896,1658.49,512.22,3.23785,0.000350388,0.254912
201.623663,1,AUTO,ARMED,5,AVAILABLE,UNAVAILABLE,UNAVAILABLE,198,7,ACTIVE,11,F1_N2-A3.NC,F1_N2-A3.NC,2077458.996,194564.758,5712.1,3525.2952,100,0.0,20,100,0,4,100,10000.0,2711.52,618.894,4.38123,0.000570374,0.555163,0,536.2624893,3720.64,131.979,28.1912,0.000144698,0.112218,0,288.9427918,624.448,101.362,6.16057,0.000121002,0.0700525,6,-353.857001,1658.49,512.22,3.23785,0.000350388,0.254912
201.781273,1,AUTO,ARMED,5,AVAILABLE,UNAVAILABLE,UNAVAILABLE,198,7,ACTIVE,11,F1_N2-A3.NC,F1_N2-A3.NC,2077458.996,194564.758,5712.1,3525.2952,100,0.0,20,100,0,4,100,10000.0,2711.52,618.894,4.38123,0.000570374,0.555163,0,536.2624964,3720.64,131.979,28.1912,0.000144698,0.112218,0,288.9428061,624.448,101.362,6.16057,0.000121002,0.0700525,6,-353.857001,1658.49,512.22,3.23785,0.000350388,0.254912
201.924529,1,AUTO,ARMED,5,AVAILABLE,UNAVAILABLE,UNAVAILABLE,202,7,ACTIVE,11,F1_N2-A3.NC,F1_N2-A3.NC,2077458.996,194564.758,5712.1,3525.2952,100,0.0,20,100,0,4,100,10000.0,2711.52,618.894,4.38123,0.000570374,0.555163,0,536.2624964,3720.64,131.979,28.1912,0.000144698,0.112218,0,289.0724091,624.448,101.362,6.16057,0.000121002,0.0700525,6,-353.857001,1658.49,512.22,3.23785,0.000350388,0.254912
202.080446,1,AUTO,ARMED,5,AVAILABLE,UNAVAILABLE,UNAVAILABLE,202,7,ACTIVE,11,F1_N2-A3.NC,F1_N2-A3.NC,2077458.996,194564.758,5712.1,3525.2952,100,0.0,20,100,0,4,100,10000.0,2711.52,618.894,4.38123,0.000570374,0.555163,0,536.2624964,3720.64,131.979,28.1912,0.000144698,0.112218,0,289.0699272,624.448,101.362,6.16057,0.000121002,0.0700525,6,-353.8570125,1658.49,512.22,3.23785,0.000350388,0.254912
202.235,1,AUTO,ARMED,5,AVAILABLE,UNAVAILABLE,UNAVAILABLE,202,7,ACTIVE,11,F1_N2-A3.NC,F1_N2-A3.NC,2077458.996,194564.758,5712.1,3525.2952,100,0.0,21,100,0,4,100,10000.0,2711.52,618.894,4.38123,0.000570374,0.555163,0,536.2624964,3720.64,131.979,28.1912,0.000144698,0.112218,0,289.0697913,624.448,101.362,6.16057,0.000121002,0.0700525,6,-353.8570125,1658.49,512.22,3.23785,0.000350388,0.254912
202.396268,1,AUTO,ARMED,5,AVAILABLE,UNAVAILABLE,UNAVAILABLE,202,7,ACTIVE,11,F1_N2-A3.NC,F1_N2-A3.NC,2077458.996,194564.758,5712.1,3539.7119,100,0.0,21,100,0,5,100,10000.0,2711.52,618.894,4.38123,0.000570374,0.555163,0,536.2624964,3720.64,131.979,28.1912,0.000144698,0.112218,0,289.0698127,624.448,101.362,6.16057,0.000121002,0.0700525,6,-353.857001,1658.49,512.22,3.23785,0.000350388,0.254912
202.536133,1,AUTO,ARMED,5,AVAILABLE,UNAVAILABLE,UNAVAILABLE,202,7,ACTIVE,11,F1_N2-A3.NC,F1_N2-A3.NC,2077458.996,194564.758,5712.1,3539.7119,100,0.0,21,100,0,4,100,10000.0,3023.46,596.098,5.07209,0.000555815,0.542701,0,536.2624964,3504.6,127.775,27.4279,0.000158867,0.110102,0,289.0697984,672.48,108.218,6.21412,0.000154543,0.0727961,6,-353.8569896,1586.38,549.509,2.8869,0.000265025,0.258099
202.674742,1,AUTO,ARMED,5,AVAILABLE,UNAVAILABLE,UNAVAILABLE,202,7,ACTIVE,11,F1_N2-A3.NC,F1_N2-A3.NC,2077458.996,194564.758,5712.1,3539.7119,100,0.0,21,100,0,4,100,10000.0,3023.46,596.098,5.07209,0.000555815,0.542701,0,536.2624964,3504.6,127.775,27.4279,0.000158867,0.110102,0,289.0698056,672.48,108.218,6.21412,0.000154543,0.0727961,6,-353.857001,1586.38,549.509,2.8869,0.000265025,0.258099
202.816222,1,AUTO,ARMED,5,AVAILABLE,UNAVAILABLE,UNAVAILABLE,202,7,ACTIVE,11,F1_N2-A3.NC,F1_N2-A3.NC,2077458.996,194564.758,5712.1,3539.7119,100,0.0,21,100,0,4,100,10000.0,3023.46,596.098,5.07209,0.000555815,0.542701,0,536.2624964,3504.6,127.775,27.4279,0.000158867,0.110102,0,289.0697913,672.48,108.218,6.21412,0.000154543,0.0727961,6,-353.8569896,1586.38,549.509,2.8869,0.000265025,0.258099
202.961727,1,AUTO,ARMED,5,AVAILABLE,UNAVAILABLE,UNAVAILABLE,203,7,ACTIVE,11,F1_N2-A3.NC,F1_N2-A3.NC,2077458.996,194564.758,5712.1,3539.7119,100,0.0,21,100,0,4,100,10000.0,3023.46,596.098,5.07209,0.000555815,0.542701,0,537.1557853,3504.6,127.775,27.4279,0.000158867,0.110102,0,289.0698056,672.48,108.218,6.21412,0.000154543,0.0727961,6,-353.8570125,1586.38,549.509,2.8869,0.000265025,0.258099
203.109649,1,AUTO,ARMED,5,AVAILABLE,UNAVAILABLE,UNAVAILABLE,203,7,ACTIVE,11,F1_N2-A3.NC,F1_N2-A3.NC,2077458.996,194564.758,5712.1,3539.7119,100,42.33333,22,100,0,4,100,10000.0,3023.46,596.098,5.07209,0.000555815,0.542701,0,541.4156583,3504.6,127.775,27.4279,0.000158867,0.110102,0,289.0697769,672.48,108.218,6.21412,0.000154543,0.0727961,6,-353.857001,1586.38,549.509,2.8869,0.000265025,0.258099
203.25866,1,AUTO,ARMED,5,AVAILABLE,UNAVAILABLE,UNAVAILABLE,203,7,ACTIVE,11,F1_N2-A3.NC,F1_N2-A3.NC,2077458.996,194564.758,5712.1,3539.7119,100,42.33333,22,100,0,6,100,10000.0,3023.46,596.098,5.07209,0.000555815,0.542701,0,550.145658,3504.6,127.775,27.4279,0.000158867,0.110102,0,289.0697913,672.48,108.218,6.21412,0.000154543,0.0727961,6,-353.857001,1586.38,549.509,2.8869,0.000265025,0.258099
203.428011,1,AUTO,ARMED,5,AVAILABLE,UNAVAILABLE,UNAVAILABLE,203,7,ACTIVE,11,F1_N2-A3.NC,F1_N2-A3.NC,2077458.996,194564.758,5712.1,3539.7119,100,42.33333,22,100,0,7,100,10000.0,3023.46,596.098,5.07209,0.000555815,0.542701,0,554.4951942,3504.6,127.775,27.4279,0.000158867,0.110102,0,289.0697841,672.48,108.218,6.21412,0.000154543,0.0727961,6,-353.8569896,1586.38,549.509,2.8869,0.000265025,0.258099
203.568518,1,AUTO,ARMED,5,AVAILABLE,UNAVAILABLE,UNAVAILABLE,203,7,ACTIVE,11,F1_N2-A3.NC,F1_N2-A3.NC,2077458.996,194564.758,5712.1,3954.2371,100,42.33333,22,100,0,7,100,10000.0,4415.22,1051.37,4.19949,0.000531075,0.534688,0,558.8662455,14450.5,814.206,17.748,0.000511438,0.589986,0,289.0698056,1753.25,701.874,2.49796,9.81327e-05,0.132887,6,-353.8569896,2091.14,635.489,3.2906,0.000330351,0.276077
203.710588,1,AUTO,ARMED,5,AVAILABLE,UNAVAILABLE,UNAVAILABLE,203,7,ACTIVE,11,F1_N2-A3.NC,F1_N2-A3.NC,2077458.996,194564.758,5712.1,3954.2371,100,42.33333,22,100,0,7,100,10000.0,4415.22,1051.37,4.19949,0.000531075,0.534688,0,567.5763833,14450.5,814.206,17.748,0.000511438,0.589986,0,289.0697913,1753.25,701.874,2.49796,9.81327e-05,0.132887,6,-353.857001,2091.14,635.489,3.2906,0.000330351,0.276077
203.853547,1,AUTO,ARMED,5,AVAILABLE,UNAVAILABLE,UNAVAILABLE,203,7,ACTIVE,11,F1_N2-A3.NC,F1_N2-A3.NC,2077458.996,194564.758,5712.1,3954.2371,100,42.33333,22,100,0,6,100,10000.0,4415.22,1051.37,4.19949,0.000531075,0.534688,0,576.307621,14450.5,814.206,17.748,0.000511438,0.589986,0,289.0697984,1753.25,701.874,2.49796,9.81327e-05,0.132887,6,-353.857001,2091.14,635.489,3.2906,0.000330351,0.276077
203.990454,1,AUTO,ARMED,5,AVAILABLE,UNAVAILABLE,UNAVAILABLE,203,7,ACTIVE,11,F1_N2-A3.NC,F1_N2-A3.NC,2077458.996,194564.758,5712.1,3954.2371,100,42.33333,22,100,0,6,100,10000.0,4415.22,1051.37,4.19949,0.000531075,0.534688,0,580.6573791,14450.5,814.206,17.748,0.000511438,0.589986,0,289.0697984,1753.25,701.874,2.49796,9.81327e-05,0.132887,6,-353.857001,2091.14,635.489,3.2906,0.000330351,0.276077
204.136026,1,AUTO,ARMED,5,AVAILABLE,UNAVAILABLE,UNAVAILABLE,203,7,ACTIVE,11,F1_N2-A3.NC,F1_N2-A3.NC,2077458.996,194564.758,5712.1,3954.2371,100,42.33333,23,100,0,6,100,10000.0,4415.22,1051.37,4.19949,0.000531075,0.534688,0,589.3885362,14450.5,814.206,17.748,0.000511438,0.589986,0,289.0697984,1753.25,701.874,2.49796,9.81327e-05,0.132887,6,-353.8569896,2091.14,635.489,3.2906,0.000330351,0.276077
204.276516,1,AUTO,ARMED,5,AVAILABLE,UNAVAILABLE,UNAVAILABLE,203,7,ACTIVE,11,F1_N2-A3.NC,F1_N2-A3.NC,2077458.996,194564.758,5712.1,3954.2371,100,42.33333,23,100,0,6,100,10000.0,4415.22,1051.37,4.19949,0.000531075,0.534688,0,593.7489023,14450.5,814.206,17.748,0.000511438,0.589986,0,289.0697841,1753.25,701.874,2.49796,9.81327e-05,0.132887,6,-353.857001,2091.14,635.489,3.2906,0.000330351,0.276077
204.444095,1,AUTO,ARMED,5,AVAILABLE,UNAVAILABLE,UNAVAILABLE,203,7,ACTIVE,11,F1_N2-A3.NC,F1_N2-A3.NC,2077458.996,194564.758,5712.1,3954.2371,100,42.33333,23,100,0,6,100,10000.0,4415.22,1051.37,4.19949,0.000531075,0.534688,0,600.2788049,14450.5,814.206,17.748,0.000511438,0.589986,0,289.0697913,1753.25,701.874,2.49796,9.81327e-05,0.132887,6,-353.8570125,2091.14,635.489,3.2906,0.000330351,0.276077
204.607188,1,AUTO,ARMED,5,AVAILABLE,UNAVAILABLE,UNAVAILABLE,203,7,ACTIVE,11,F1_N2-A3.NC,F1_N2-A3.NC,2077458.996,194564.758,5712.1,3969.2915,100,42.33333,23,100,0,6,100,10000.0,4559.19,1014.25,4.49513,0.00056768,0.539262,0,604.6497066,13874.4,432.587,32.0731,0.00028258,0.195153,0,289.0698056,1657.18,613.918,2.69935,0.000109577,0.119807,6,-353.8569896,2139.22,809.858,2.64148,0.000296119,0.322257
204.748718,1,AUTO,ARMED,5,AVAILABLE,UNAVAILABLE,UNAVAILABLE,203,7,ACTIVE,11,F1_N2-A3.NC,F1_N2-A3.NC,2077458.996,194564.758,5712.1,3969.2915,100,42.33333,23,100,0,6,100,10000.0,4559.19,1014.25,4.49513,0.00056768,0.539262,0,609.0102514,13874.4,432.587,32.0731,0.00028258,0.195153,0,289.0697913,1657.18,613.918,2.69935,0.000109577,0.119807,6,-353.8569896,2139.22,809.858,2.64148,0.000296119,0.322257
204.88931,1,AUTO,ARMED,5,AVAILABLE,UNAVAILABLE,UNAVAILABLE,203,7,ACTIVE,11,F1_N2-A3.NC,F1_N2-A3.NC,2077458.996,194564.758,5712.1,3969.2915,100,42.33333,23,100,0,6,100,10000.0,4559.19,1014.25,4.49513,0.00056768,0.539262,0,617.7306969,13874.4,432.587,32.0731,0.00028258,0.195153,0,289.0697984,1657.18,613.918,2.69935,0.000109577,0.119807,6,-353.857001,2139.22,809.858,2.64148,0.000296119,0.322257
205.032582,1,AUTO,ARMED,5,AVAILABLE,UNAVAILABLE,UNAVAILABLE,203,7,ACTIVE,11,F1_N2-A3.NC,F1_N2-A3.NC,2077458.996,194564.758,5712.1,3969.2915,100,42.33333,23,100,0,6,100,10000.0,4559.19,1014.25,4.49513,0.00056768,0.539262,0,626.4409838,13874.4,432.587,32.0731,0.00028258,0.195153,0,289.0698056,1657.18,613.918,2.69935,0.000109577,0.119807,6,-353.857001,2139.22,809.858,2.64148,0.000296119,0.322257
205.179176,1,AUTO,ARMED,5,AVAILABLE,UNAVAILABLE,UNAVAILABLE,203,7,ACTIVE,11,F1_N2-A3.NC,F1_N2-A3.NC,2077458.996,194564.758,5712.1,3969.2915,100,42.33333,24,100,0,7,100,10000.0,4559.19,1014.25,4.49513,0.00056768,0.539262,0,630.8117912,13874.4,432.587,32.0731,0.00028258,0.195153,0,289.0698056,1657.18,613.918,2.69935,0.000109577,0.119807,6,-353.857001,2139.22,809.858,2.64148,0.000296119,0.322257
205.325445,1,AUTO,ARMED,5,AVAILABLE,UNAVAILABLE,UNAVAILABLE,203,7,ACTIVE,11,F1_N2-A3.NC,F1_N2-A3.NC,2077458.996,194564.758,5712.1,3969.2915,100,42.33333,24,100,0,7,100,10000.0,4559.19,1014.25,4.49513,0.00056768,0.539262,0,635.1720003,13874.4,432.587,32.0731,0.00028258,0.195153,0,289.0697984,1657.18,613.918,2.69935,0.000109577,0.119807,6,-353.857001,2139.22,809.858,2.64148,0.000296119,0.322257
205.466702,1,AUTO,ARMED,5,AVAILABLE,UNAVAILABLE,UNAVAILABLE,203,7,ACTIVE,11,F1_N2-A3.NC,F1_N2-A3.NC,2077458.996,194564.758,5712.1,3969.2915,100,42.33333,24,100,0,7,100,10000.0,4559.19,1014.25,4.49513,0.00056768,0.539262,0,639.5218603,13874.4,432.587,32.0731,0.00028258,0.195153,0,289.0697841,1657.18,613.918,2.69935,0.000109577,0.119807,6,-353.8569896,2139.22,809.858,2.64148,0.000296119,0.322257
205.616645,1,AUTO,ARMED,5,AVAILABLE,UNAVAILABLE,UNAVAILABLE,203,7,ACTIVE,11,F1_N2-A3.NC,F1_N2-A3.NC,2077458.996,194564.758,5712.1,3461.4741,100,42.33333,24,100,0,6,100,10000.0,4175.26,597.66,6.98601,0.000564938,0.54793,0,648.2530714,13274.3,150.005,88.4924,0.000157431,0.120496,0,289.0697913,1489.06,102.979,14.4598,0.000118543,0.0611631,6,-353.857001,2019.03,605.206,3.3361,0.000306486,0.262415
205.778647,1,AUTO,ARMED,5,AVAILABLE,UNAVAILABLE,UNAVAILABLE,203,7,ACTIVE,11,F1_N2-A3.NC,F1_N2-A3.NC,2077458.996,194564.758,5712.1,3461.4741,100,42.11667,24,100,0,5,100,10000.0,4175.26,597.66,6.98601,0.000564938,0.54793,0,655.6170664,13274.3,150.005,88.4924,0.000157431,0.120496,0,289.0698342,1489.06,102.979,14.4598,0.000118543,0.0611631,6,-353.857001,2019.03,605.206,3.3361,0.000306486,0.262415
205.921528,1,AUTO,ARMED,5,AVAILABLE,UNAVAILABLE,UNAVAILABLE,204,7,ACTIVE,11,F1_N2-A3.NC,F1_N2-A3.NC,2077458.996,194564.758,5712.1,3461.4741,100,0.0,24,100,0,3,100,10000.0,4175.26,597.66,6.98601,0.000564938,0.54793,0,655.6425642,13274.3,150.005,88.4924,0.000157431,0.120496,0,289.0697984,1489.06,102.979,14.4598,0.000118543,0.0611631,6,-353.8569896,2019.03,605.206,3.3361,0.000306486,0.262415
206.0657,1,AUTO,ARMED,5,AVAILABLE,UNAVAILABLE,UNAVAILABLE,204,7,ACTIVE,11,F1_N2-A3.NC,F1_N2-A3.NC,2077458.996,194564.758,5712.1,3461.4741,100,0.0,24,100,0,4,100,10000.0,4175.26,597.66,6.98601,0.000564938,0.54793,0,655.6425857,13274.3,150.005,88.4924,0.000157431,0.120496,0,289.0698056,1489.06,102.979,14.4598,0.000118543,0.0611631,6,-353.8569896,2019.03,605.206,3.3361,0.000306486,0.262415
206.212344,1,AUTO,ARMED,5,AVAILABLE,UNAVAILABLE,UNAVAILABLE,204,7,ACTIVE,11,F1_N2-A3.NC,F1_N2-A3.NC,2077458.996,194564.758,5712.1,3461.4741,100,0.0,25,100,0,4,100,10000.0,4175.26,597.66,6.98601,0.000564938,0.54793,0,655.642557,13274.3,150.005,88.4924,0.000157431,0.120496,0,289.0697913,1489.06,102.979,14.4598,0.000118543,0.0611631,6,-353.857001,2019.03,605.206,3.3361,0.000306486,0.262415
206.359901,1,AUTO,ARMED,5,AVAILABLE,UNAVAILABLE,UNAVAILABLE,204,7,ACTIVE,11,F1_N2-A3.NC,F1_N2-A3.NC,2077458.996,194564.758,5712.1,3461.4741,100,0.0,25,100,0,4,100,10000.0,4175.26,597.66,6.98601,0.000564938,0.54793,0,655.6425427,13274.3,150.005,88.4924,0.000157431,0.120496,0,289.0697984,1489.06,102.979,14.4598,0.000118543,0.0611631,6,-353.857001,2019.03,605.206,3.3361,0.000306486,0.262415
206.501637,1,AUTO,ARMED,5,AVAILABLE,UNAVAILABLE,UNAVAILABLE,204,7,ACTIVE,11,F1_N2-A3.NC,F1_N2-A3.NC,2077458.996,194564.758,5712.1,3461.4741,100,0.0,25,100,0,4,100,10000.0,4175.26,597.66,6.98601,0.000564938,0.54793,0,655.6425213,13274.3,150.005,88.4924,0.000157431,0.120496,0,289.0697984,1489.06,102.979,14.4598,0.000118543,0.0611631,6,-353.857001,2019.03,605.206,3.3361,0.000306486,0.262415
206.646826,1,AUTO,ARMED,5,AVAILABLE,UNAVAILABLE,UNAVAILABLE,204,7,ACTIVE,11,F1_N2-A3.NC,F1_N2-A3.NC,2077458.996,194564.758,5712.1,3461.4741,100,0.0,25,100,0,5,100,10000.0,2687.52,681.695,3.94241,0.00055545,0.515984,0,655.6425141,1488.26,534.241,2.78575,0.000241362,0.270092,0,289.0697984,648.463,114.796,5.64883,0.000121896,0.0634886,6,-353.857001,1706.57,643.503,2.652,0.000487658,0.284766
206.793384,1,AUTO,ARMED,5,AVAILABLE,UNAVAILABLE,UNAVAILABLE,204,7,ACTIVE,11,F1_N2-A3.NC,F1_N2-A3.NC,2077458.996,194564.758,5712.1,3989.8433,100,0.0,25,100,0,5,100,10000.0,2687.52,681.695,3.94241,0.00055545,0.515984,0,655.6425141,1488.26,534.241,2.78575,0.000241362,0.270092,0,289.0697984,648.463,114.796,5.64883,0.000121896,0.0634886,6,-353.857001,1706.57,643.503,2.652,0.000487658,0.284766
206.950411,1,AUTO,ARMED,5,AVAILABLE,UNAVAILABLE,UNAVAILABLE,204,7,ACTIVE,11,F1_N2-A3.NC,F1_N2-A3.NC,2077458.996,194564.758,5712.1,3989.8433,100,0.0,25,100,0,5,100,10000.0,2687.52,681.695,3.94241,0.00055545,0.515984,0,655.6457022,1488.26,534.241,2.78575,0.000241362,0.270092,0,289.139764,648.463,114.796,5.64883,0.000121896,0.0634886,6,-353.857001,1706.57,643.503,2.652,0.000487658,0.284766
207.096335,1,AUTO,ARMED,5,AVAILABLE,UNAVAILABLE,UNAVAILABLE,206,7,ACTIVE,11,F1_N2-A3.NC,F1_N2-A3.NC,2077458.996,194564.758,5712.1,3989.8433,100,42.33333,26,100,0,4,100,10000.0,2687.52,681.695,3.94241,0.00055545,0.515984,0,649.371241,1488.26,534.241,2.78575,0.000241362,0.270092,0,289.1966405,648.463,114.796,5.64883,0.000121896,0.0634886,6,-353.857001,1706.57,643.503,2.652,0.000487658,0.284766
207.236679,1,AUTO,ARMED,5,AVAILABLE,UNAVAILABLE,UNAVAILABLE,206,7,ACTIVE,11,F1_N2-A3.NC,F1_N2-A3.NC,2077458.996,194564.758,5712.1,3989.8433,100,42.33333,26,100,0,5,100,10000.0,2687.52,681.695,3.94241,0.00055545,0.515984,0,640.6510653,1488.26,534.241,2.78575,0.000241362,0.270092,0,289.1967693,648.463,114.796,5.64883,0.000121896,0.0634886,6,-353.857001,1706.57,643.503,2.652,0.000487658,0.284766
207.376584,1,AUTO,ARMED,5,AVAILABLE,UNAVAILABLE,UNAVAILABLE,206,7,ACTIVE,11,F1_N2-A3.NC,F1_N2-A3.NC,2077458.996,194564.758,5712.1,3989.8433,100,42.33333,26,100,0,7,100,10000.0,2687.52,681.695,3.94241,0.00055545,0.515984,0,636.2910418,1488.26,534.241,2.78575,0.000241362,0.270092,0,289.1967979,648.463,114.796,5.64883,0.000121896,0.0634886,6,-353.8570125,1706.57,643.503,2.652,0.000487658,0.284766
207.52767,1,AUTO,ARMED,5,AVAILABLE,UNAVAILABLE,UNAVAILABLE,206,7,ACTIVE,11,F1_N2-A3.NC,F1_N2-A3.NC,2077458.996,194564.758,5712.1,3989.8433,100,42.33333,26,100,0,7,100,10000.0,2687.52,681.695,3.94241,0.00055545,0.515984,0,631.9411133,1488.26,534.241,2.78575,0.000241362,0.270092,0,289.1968051,648.463,114.796,5.64883,0.000121896,0.0634886,6,-353.857001,1706.57,643.503,2.652,0.000487658,0.284766
207.666457,1,AUTO,ARMED,5,AVAILABLE,UNAVAILABLE,UNAVAILABLE,206,7,ACTIVE,11,F1_N2-A3.NC,F1_N2-A3.NC,2077458.996,194564.758,5712.1,3989.8433,100,42.33333,26,100,0,7,100,10000.0,2687.52,681.695,3.94241,0.00055545,0.515984,0,627.570367,1488.26,534.241,2.78575,0.000241362,0.270092,0,289.1968194,648.463,114.796,5.64883,0.000121896,0.0634886,6,-353.857001,1706.57,643.503,2.652,0.000487658,0.284766
207.812447,1,AUTO,ARMED,5,AVAILABLE,UNAVAILABLE,UNAVAILABLE,206,7,ACTIVE,11,F1_N2-A3.NC,F1_N2-A3.NC,2077458.996,194564.758,5712.1,3939.4822,100,42.33333,26,100,0,7,100,10000.0,4199.25,887.708,4.73044,0.000517357,0.512857,0,618.8601089,11666.0,342.624,34.049,0.000159982,0.122201,0,289.1968051,1561.11,568.345,2.74676,0.00011621,0.11372,6,-353.8569896,2307.47,814.248,2.83387,0.000308953,0.3214
207.969863,1,AUTO,ARMED,5,AVAILABLE,UNAVAILABLE,UNAVAILABLE,206,7,ACTIVE,11,F1_N2-A3.NC,F1_N2-A3.NC,2077458.996,194564.758,5712.1,3939.4822,100,42.33333,26,100,0,6,100,10000.0,4199.25,887.708,4.73044,0.000517357,0.512857,0,610.1289873,11666.0,342.624,34.049,0.000159982,0.122201,0,289.1967979,1561.11,568.345,2.74676,0.00011621,0.11372,6,-353.8570125,2307.47,814.248,2.83387,0.000308953,0.3214
208.126119,1,AUTO,ARMED,5,AVAILABLE,UNAVAILABLE,UNAVAILABLE,206,7,ACTIVE,11,F1_N2-A3.NC,F1_N2-A3.NC,2077458.996,194564.758,5712.1,3939.4822,100,42.33333,26,100,0,5,100,10000.0,4199.25,887.708,4.73044,0.000517357,0.512857,0,605.7789575,11666.0,342.624,34.049,0.000159982,0.122201,0,289.1967979,1561.11,568.345,2.74676,0.00011621,0.11372,6,-353.857001,2307.47,814.248,2.83387,0.000308953,0.3214
208.271811,1,AUTO,ARMED,5,AVAILABLE,UNAVAILABLE,UNAVAILABLE,206,7,ACTIVE,11,F1_N2-A3.NC,F1_N2-A3.NC,2077458.996,194564.758,5712.1,3939.4822,100,42.33333,27,100,0,6,100,10000.0,4199.25,887.708,4.73044,0.000517357,0.512857,0,601.4188467,11666.0,342.624,34.049,0.000159982,0.122201,0,289.1967979,1561.11,568.345,2.74676,0.00011621,0.11372,6,-353.857001,2307.47,814.248,2.83387,0.000308953,0.3214
208.41407,1,AUTO,ARMED,5,AVAILABLE,UNAVAILABLE,UNAVAILABLE,206,7,ACTIVE,11,F1_N2-A3.NC,F1_N2-A3.NC,2077458.996,194564.758,5712.1,3939.4822,100,42.33333,27,100,0,6,100,10000.0,4199.25,887.708,4.73044,0.000517357,0.512857,0,594.8780976,11666.0,342.624,34.049,0.000159982,0.122201,0,289.1967907,1561.11,568.345,2.74676,0.00011621,0.11372,6,-353.857001,2307.47,814.248,2.83387,0.000308953,0.3214
208.555528,1,AUTO,ARMED,5,AVAILABLE,UNAVAILABLE,UNAVAILABLE,206,7,ACTIVE,11,F1_N2-A3.NC,F1_N2-A3.NC,2077458.996,194564.758,5712.1,3939.4822,100,42.33333,27,100,0,6,100,10000.0,4199.25,887.708,4.73044,0.000517357,0.512857,0,586.1683761,11666.0,342.624,34.049,0.000159982,0.122201,0,289.1968122,1561.11,568.345,2.74676,0.00011621,0.11372,6,-353.857001,2307.47,814.248,2.83387,0.000308953,0.3214
208.693988,1,AUTO,ARMED,5,AVAILABLE,UNAVAILABLE,UNAVAILABLE,206,7,ACTIVE,11,F1_N2-A3.NC,F1_N2-A3.NC,2077458.996,194564.758,5712.1,3939.4822,100,42.33333,27,100,0,6,100,10000.0,4199.25,887.708,4.73044,0.000517357,0.512857,0,581.7971663,11666.0,342.624,34.049,0.000159982,0.122201,0,289.1968051,1561.11,568.345,2.74676,0.00011621,0.11372,6,-353.857001,2307.47,814.248,2.83387,0.000308953,0.3214
208.830753,1,AUTO,ARMED,5,AVAILABLE,UNAVAILABLE,UNAVAILABLE,206,7,ACTIVE,11,F1_N2-A3.NC,F1_N2-A3.NC,2077458.996,194564.758,5712.1,3965.7327,100,42.33333,27,100,0,6,100,10000.0,3935.3,897.485,4.38481,0.00053009,0.523345,0,577.4264203,12266.1,1186.22,10.3405,0.000723581,0.898949,0,289.1968051,1537.1,610.174,2.51912,0.000169019,0.120755,6,-353.857001,2067.11,686.09,3.01288,0.000330913,0.290837
208.976499,1,AUTO,ARMED,5,AVAILABLE,UNAVAILABLE,UNAVAILABLE,206,7,ACTIVE,11,F1_N2-A3.NC,F1_N2-A3.NC,2077458.996,194564.758,5712.1,3965.7327,100,42.33333,27,100,0,6,100,10000.0,3935.3,897.485,4.38481,0.00053009,0.523345,0,573.0871815,12266.1,1186.22,10.3405,0.000723581,0.898949,0,289.1968122,1537.1,610.174,2.51912,0.000169019,0.120755,6,-353.8569896,2067.11,686.09,3.01288,0.000330913,0.290837
209.147538,1,AUTO,ARMED,5,AVAILABLE,UNAVAILABLE,UNAVAILABLE,206,7,ACTIVE,11,F1_N2-A3.NC,F1_N2-A3.NC,2077458.996,194564.758,5712.1,3965.7327,100,42.33333,28,100,0,7,100,10000.0,3935.3,897.485,4.38481,0.00053009,0.523345,0,564.3560537,12266.1,1186.22,10.3405,0.000723581,0.898949,0,289.1967979,1537.1,610.174,2.51912,0.000169019,0.120755,6,-353.8570125,2067.11,686.09,3.01288,0.000330913,0.290837
209.307244,1,AUTO,ARMED,5,AVAILABLE,UNAVAILABLE,UNAVAILABLE,206,7,ACTIVE,11,F1_N2-A3.NC,F1_N2-A3.NC,2077458.996,194564.758,5712.1,3965.7327,100,42.33333,28,100,0,6,100,10000.0,3935.3,897.485,4.38481,0.00053009,0.523345,0,560.0062005,12266.1,1186.22,10.3405,0.000723581,0.898949,0,289.1967979,1537.1,610.174,2.51912,0.000169019,0.120755,6,-353.857001,2067.11,686.09,3.01288,0.000330913,0.290837
209.500571,1,AUTO,ARMED,5,AVAILABLE,UNAVAILABLE,UNAVAILABLE,206,7,ACTIVE,11,F1_N2-A3.NC,F1_N2-A3.NC,2077458.996,194564.758,5712.1,3965.7327,100,42.33333,28,100,0,6,100,10000.0,3935.3,897.485,4.38481,0.00053009,0.523345,0,546.9252722,12266.1,1186.22,10.3405,0.000723581,0.898949,0,289.1968051,1537.1,610.174,2.51912,0.000169019,0.120755,6,-353.857001,2067.11,686.09,3.01288,0.000330913,0.290837
209.64464,1,AUTO,ARMED,5,AVAILABLE,UNAVAILABLE,UNAVAILABLE,206,7,ACTIVE,11,F1_N2-A3.NC,F1_N2-A3.NC,2077458.996,194564.758,5712.1,3965.7327,100,42.33333,28,100,0,6,100,10000.0,3935.3,897.485,4.38481,0.00053009,0.523345,0,542.5755584,12266.1,1186.22,10.3405,0.000723581,0.898949,0,289.1968694,1537.1,610.174,2.51912,0.000169019,0.120755,6,-353.8569896,2067.11,686.09,3.01288,0.000330913,0.290837
209.789519,1,AUTO,ARMED,5,AVAILABLE,UNAVAILABLE,UNAVAILABLE,206,7,ACTIVE,11,F1_N2-A3.NC,F1_N2-A3.NC,2077458.996,194564.758,5712.1,3965.7327,100,42.33333,28,100,0,6,100,10000.0,3935.3,897.485,4.38481,0.00053009,0.523345,0,536.2690767,12266.1,1186.22,10.3405,0.000723581,0.898949,0,289.1968194,1537.1,610.174,2.51912,0.000169019,0.120755,6,-353.857001,2067.11,686.09,3.01288,0.000330913,0.290837
209.928053,1,AUTO,ARMED,5,AVAILABLE,UNAVAILABLE,UNAVAILABLE,207,7,ACTIVE,11,F1_N2-A3.NC,F1_N2-A3.NC,2077458.996,194564.758,5712.1,3965.7327,100,23.06667,28,100,0,4,100,10000.0,3719.34,621.794,5.98163,0.000561615,0.560106,0,536.2627611,11402.0,123.4,92.3987,0.00014065,0.104773,0,289.1968051,1609.15,129.273,12.4477,9.27096e-05,0.0625957,6,-353.857001,2187.29,475.681,4.59823,0.000326376,0.244548
210.076247,1,AUTO,ARMED,5,AVAILABLE,UNAVAILABLE,UNAVAILABLE,207,7,ACTIVE,11,F1_N2-A3.NC,F1_N2-A3.NC,2077458.996,194564.758,5712.1,3545.5864,100,0.0,28,100,0,3,100,10000.0,3719.34,621.794,5.98163,0.000561615,0.560106,0,536.2624035,11402.0,123.4,92.3987,0.00014065,0.104773,0,289.1967979,1609.15,129.273,12.4477,9.27096e-05,0.0625957,6,-353.857001,2187.29,475.681,4.59823,0.000326376,0.244548
210.216398,1,AUTO,ARMED,5,AVAILABLE,UNAVAILABLE,UNAVAILABLE,207,7,ACTIVE,11,F1_N2-A3.NC,F1_N2-A3.NC,2077458.996,194564.758,5712.1,3545.5864,100,0.0,28,100,0,4,100,10000.0,3719.34,621.794,5.98163,0.000561615,0.560106,0,536.2624464,11402.0,123.4,92.3987,0.00014065,0.104773,0,289.1967979,1609.15,129.273,12.4477,9.27096e-05,0.0625957,6,-353.857001,2187.29,475.681,4.59823,0.000326376,0.244548
210.366312,1,AUTO,ARMED,5,AVAILABLE,UNAVAILABLE,UNAVAILABLE,207,7,ACTIVE,11,F1_N2-A3.NC,F1_N2-A3.NC,2077458.996,194564.758,5712.1,3545.5864,100,0.0,29,100,0,4,100,10000.0,3719.34,621.794,5.98163,0.000561615,0.560106,0,536.2624678,11402.0,123.4,92.3987,0.00014065,0.104773,0,289.1967979,1609.15,129.273,12.4477,9.27096e-05,0.0625957,6,-353.857001,2187.29,475.681,4.59823,0.000326376,0.244548
210.526549,1,AUTO,ARMED,5,AVAILABLE,UNAVAILABLE,UNAVAILABLE,207,7,ACTIVE,11,F1_N2-A3.NC,F1_N2-A3.NC,2077458.996,194564.758,5712.1,3545.5864,100,0.0,29,100,0,5,100,10000.0,3719.34,621.794,5.98163,0.000561615,0.560106,0,536.2624893,11402.0,123.4,92.3987,0.00014065,0.104773,0,289.1967979,1609.15,129.273,12.4477,9.27096e-05,0.0625957,6,-353.8570125,2187.29,475.681,4.59823,0.000326376,0.244548
210.665954,1,AUTO,ARMED,5,AVAILABLE,UNAVAILABLE,UNAVAILABLE,207,7,ACTIVE,11,F1_N2-A3.NC,F1_N2-A3.NC,2077458.996,194564.758,5712.1,3545.5864,100,0.0,29,100,0,5,100,10000.0,3719.34,621.794,5.98163,0.000561615,0.560106,0,536.2624893,11402.0,123.4,92.3987,0.00014065,0.104773,0,289.1968051,1609.15,129.273,12.4477,9.27096e-05,0.0625957,6,-353.857001,2187.29,475.681,4.59823,0.000326376,0.244548
210.836769,1,AUTO,ARMED,5,AVAILABLE,UNAVAILABLE,UNAVAILABLE,210,7,ACTIVE,11,F1_N2-A3.NC,F1_N2-A3.NC,2077458.996,194564.758,5712.1,3545.5864,100,0.0,29,100,0,4,100,10000.0,3719.34,621.794,5.98163,0.000561615,0.560106,0,536.2624964,11402.0,123.4,92.3987,0.00014065,0.104773,0,289.1967979,1609.15,129.273,12.4477,9.27096e-05,0.0625957,6,-353.857001,2187.29,475.681,4.59823,0.000326376,0.244548
210.974887,1,AUTO,ARMED,5,AVAILABLE,UNAVAILABLE,UNAVAILABLE,211,7,ACTIVE,11,F1_N2-A3.NC,F1_N2-A3.NC,2077458.996,194564.758,5712.1,3545.5864,100,0.0,29,100,0,5,100,10000.0,2831.5,620.898,4.56033,0.000586778,0.565352,0,536.2624964,3504.6,126.988,27.5979,0.000115043,0.108448,0,289.3273307,600.428,105.126,5.71151,0.000113684,0.0618855,6,-353.857001,1874.82,583.132,3.21509,0.000280337,0.26196
211.135773,1,AUTO,ARMED,5,AVAILABLE,UNAVAILABLE,UNAVAILABLE,211,7,ACTIVE,11,F1_N2-A3.NC,F1_N2-A3.NC,2077458.996,194564.758,5712.1,3529.5825,100,0.0,30,100,0,4,100,10000.0,2831.5,620.898,4.56033,0.000586778,0.565352,0,536.2624964,3504.6,126.988,27.5979,0.000115043,0.108448,0,289.3238045,600.428,105.126,5.71151,0.000113684,0.0618855,6,-353.8569896,1874.82,583.132,3.21509,0.000280337,0.26196
211.277207,1,AUTO,ARMED,5,AVAILABLE,UNAVAILABLE,UNAVAILABLE,211,7,ACTIVE,11,F1_N2-A3.NC,F1_N2-A3.NC,2077458.996,194564.758,5712.1,3529.5825,100,0.0,30,100,0,4,100,10000.0,2831.5,620.898,4.56033,0.000586778,0.565352,0,536.2624964,3504.6,126.988,27.5979,0.000115043,0.108448,0,289.3238045,600.428,105.126,5.71151,0.000113684,0.0618855,6,-353.857001,1874.82,583.132,3.21509,0.000280337,0.26196
211.424541,1,AUTO,ARMED,5,AVAILABLE,UNAVAILABLE,UNAVAILABLE,211,7,ACTIVE,11,F1_N2-A3.NC,F1_N2-A3.NC,2077458.996,194564.758,5712.1,3529.5825,100,0.0,30,100,0,4,100,10000.0,2831.5,620.898,4.56033,0.000586778,0.565352,0,536.2624964,3504.6,126.988,27.5979,0.000115043,0.108448,0,289.3238045,600.428,105.126,5.71151,0.000113684,0.0618855,6,-353.857001,1874.82,583.132,3.21509,0.000280337,0.26196
211.585248,1,AUTO,ARMED,5,AVAILABLE,UNAVAILABLE,UNAVAILABLE,211,7,ACTIVE,11,F1_N2-A3.NC,F1_N2-A3.NC,2077458.996,194564.758,5712.1,3529.5825,100,0.0,30,100,0,4,100,10000.0,2831.5,620.898,4.56033,0.000586778,0.565352,0,536.2624964,3504.6,126.988,27.5979,0.000115043,0.108448,0,289.3238045,600.428,105.126,5.71151,0.000113684,0.0618855,6,-353.857001,1874.82,583.132,3.21509,0.000280337,0.26196
211.742542,1,AUTO,ARMED,5,AVAILABLE,UNAVAILABLE,UNAVAILABLE,211,7,ACTIVE,11,F1_N2-A3.NC,F1_N2-A3.NC,2077458.996,194564.758,5712.1,3529.5825,100,0.0,30,100,0,4,100,10000.0,2831.5,620.898,4.56033,0.000586778,0.565352,0,536.2624964,3504.6,126.988,27.5979,0.000115043,0.108448,0,289.3237974,600.428,105.126,5.71151,0.000113684,0.0618855,6,-353.8569896,1874.82,583.132,3.21509,0.000280337,0.26196
211.884599,1,AUTO,ARMED,5,AVAILABLE,UNAVAILABLE,UNAVAILABLE,211,7,ACTIVE,11,F1_N2-A3.NC,F1_N2-A3.NC,2077458.996,194564.758,5712.1,3529.5825,100,0.0,30,100,0,4,100,10000.0,2831.5,620.898,4.56033,0.000586778,0.565352,0,536.2678009,3504.6,126.988,27.5979,0.000115043,0.108448,0,289.3237974,600.428,105.126,5.71151,0.000113684,0.0618855,6,-353.857001,1874.82,583.132,3.21509,0.000280337,0.26196
212.02867,1,AUTO,ARMED,5,AVAILABLE,UNAVAILABLE,UNAVAILABLE,212,7,ACTIVE,11,F1_N2-A3.NC,F1_N2-A3.NC,2077458.996,194564.758,5712.1,3529.5825,100,0.0,30,100,0,4,100,10000.0,4631.18,1116.85,4.14664,0.000548116,0.535501,1,539.344751,15818.7,544.234,29.066,0.000187476,0.217789,0,289.3237974,1825.31,681.515,2.67831,0.000140591,0.12884,6,-353.857001,2475.72,813.911,3.04176,0.000265685,0.32492
212.178871,1,AUTO,ARMED,5,AVAILABLE,UNAVAILABLE,UNAVAILABLE,212,7,ACTIVE,11,F1_N2-A3.NC,F1_N2-A3.NC,2077458.996,194564.758,5712.1,4016.6206,100,48.68333,31,100,0,4,100,10000.0,4631.18,1116.85,4.14664,0.000548116,0.535501,0,549.3781066,15818.7,544.234,29.066,0.000187476,0.217789,0,289.3237616,1825.31,681.515,2.67831,0.000140591,0.12884,6,-353.857001,2475.72,813.911,3.04176,0.000265685,0.32492
212.331168,1,AUTO,ARMED,5,AVAILABLE,UNAVAILABLE,UNAVAILABLE,212,7,ACTIVE,11,F1_N2-A3.NC,F1_N2-A3.NC,2077458.996,194564.758,5712.1,4016.6206,100,48.68333,31,100,0,6,100,10000.0,4631.18,1116.85,4.14664,0.000548116,0.535501,0,554.3803901,15818.7,544.234,29.066,0.000187476,0.217789,0,289.3237688,1825.31,681.515,2.67831,0.000140591,0.12884,6,-353.8570125,2475.72,813.911,3.04176,0.000265685,0.32492
212.479499,1,AUTO,ARMED,5,AVAILABLE,UNAVAILABLE,UNAVAILABLE,212,7,ACTIVE,11,F1_N2-A3.NC,F1_N2-A3.NC,2077458.996,194564.758,5712.1,4016.6206,100,48.68333,31,100,0,7,100,10000.0,4631.18,1116.85,4.14664,0.000548116,0.535501,0,561.9140173,15818.7,544.234,29.066,0.000187476,0.217789,0,289.3237974,1825.31,681.515,2.67831,0.000140591,0.12884,6,-353.857001,2475.72,813.911,3.04176,0.000265685,0.32492
212.6308,1,AUTO,ARMED,5,AVAILABLE,UNAVAILABLE,UNAVAILABLE,212,7,ACTIVE,11,F1_N2-A3.NC,F1_N2-A3.NC,2077458.996,194564.758,5712.1,4016.6206,100,48.68333,31,100,0,7,100,10000.0,4631.18,1116.85,4.14664,0.000548116,0.535501,0,566.9285587,15818.7,544.234,29.066,0.000187476,0.217789,0,289.3237974,1825.31,681.515,2.67831,0.000140591,0.12884,6,-353.857001,2475.72,813.911,3.04176,0.000265685,0.32492
212.788501,1,AUTO,ARMED,5,AVAILABLE,UNAVAILABLE,UNAVAILABLE,212,7,ACTIVE,11,F1_N2-A3.NC,F1_N2-A3.NC,2077458.996,194564.758,5712.1,4016.6206,100,48.68333,31,100,0,7,100,10000.0,4631.18,1116.85,4.14664,0.000548116,0.535501,0,576.9572837,15818.7,544.234,29.066,0.000187476,0.217789,0,289.3238045,1825.31,681.515,2.67831,0.000140591,0.12884,6,-353.857001,2475.72,813.911,3.04176,0.000265685,0.32492
212.926541,1,AUTO,ARMED,5,AVAILABLE,UNAVAILABLE,UNAVAILABLE,212,7,ACTIVE,11,F1_N2-A3.NC,F1_N2-A3.NC,2077458.996,194564.758,5712.1,4016.6206,100,48.68333,31,100,0,6,100,10000.0,4631.18,1116.85,4.14664,0.000548116,0.535501,0,581.9717607,15818.7,544.234,29.066,0.000187476,0.217789,0,289.3237974,1825.31,681.515,2.67831,0.000140591,0.12884,6,-353.857001,2475.72,813.911,3.04176,0.000265685,0.32492
213.076129,1,AUTO,ARMED,5,AVAILABLE,UNAVAILABLE,UNAVAILABLE,212,7,ACTIVE,11,F1_N2-A3.NC,F1_N2-A3.NC,2077458.996,194564.758,5712.1,4016.6206,100,48.68333,31,100,0,6,100,10000.0,4583.19,1031.05,4.44517,0.00054028,0.536849,0,586.9739768,16730.9,481.155,34.7724,0.000181843,0.187119,0,289.3238117,1825.31,614.939,2.96828,0.000155383,0.123496,6,-353.8570125,2331.5,542.701,4.2961,0.000274472,0.247716
213.221685,1,AUTO,ARMED,5,AVAILABLE,UNAVAILABLE,UNAVAILABLE,212,7,ACTIVE,11,F1_N2-A3.NC,F1_N2-A3.NC,2077458.996,194564.758,5712.1,3975.8687,100,48.68333,32,100,0,6,100,10000.0,4583.19,1031.05,4.44517,0.00054028,0.536849,0,597.0148299,16730.9,481.155,34.7724,0.000181843,0.187119,0,289.3238045,1825.31,614.939,2.96828,0.000155383,0.123496,6,-353.8569896,2331.5,542.701,4.2961,0.000274472,0.247716
213.378468,1,AUTO,ARMED,5,AVAILABLE,UNAVAILABLE,UNAVAILABLE,212,7,ACTIVE,11,F1_N2-A3.NC,F1_N2-A3.NC,2077458.996,194564.758,5712.1,3975.8687,100,48.68333,32,100,0,6,100,10000.0,4583.19,1031.05,4.44517,0.00054028,0.536849,0,607.0313932,16730.9,481.155,34.7724,0.000181843,0.187119,0,289.3237902,1825.31,614.939,2.96828,0.000155383,0.123496,6,-353.8569896,2331.5,542.701,4.2961,0.000274472,0.247716
213.528805,1,AUTO,ARMED,5,AVAILABLE,UNAVAILABLE,UNAVAILABLE,212,7,ACTIVE,11,F1_N2-A3.NC,F1_N2-A3.NC,2077458.996,194564.758,5712.1,3975.8687,100,48.68333,32,100,0,6,100,10000.0,4583.19,1031.05,4.44517,0.00054028,0.536849,0,612.0577475,16730.9,481.155,34.7724,0.000181843,0.187119,0,289.3237974,1825.31,614.939,2.96828,0.000155383,0.123496,6,-353.8569896,2331.5,542.701,4.2961,0.000274472,0.247716
213.670376,1,AUTO,ARMED,5,AVAILABLE,UNAVAILABLE,UNAVAILABLE,212,7,ACTIVE,11,F1_N2-A3.NC,F1_N2-A3.NC,2077458.996,194564.758,5712.1,3975.8687,100,48.68333,32,100,0,6,100,10000.0,4583.19,1031.05,4.44517,0.00054028,0.536849,0,622.0745681,16730.9,481.155,34.7724,0.000181843,0.187119,0,289.3237974,1825.31,614.939,2.96828,0.000155383,0.123496,6,-353.8570125,2331.5,542.701,4.2961,0.000274472,0.247716
213.809489,1,AUTO,ARMED,5,AVAILABLE,UNAVAILABLE,UNAVAILABLE,212,7,ACTIVE,11,F1_N2-A3.NC,F1_N2-A3.NC,2077458.996,194564.758,5712.1,3975.8687,100,48.68333,32,100,0,6,100,10000.0,4583.19,1031.05,4.44517,0.00054028,0.536849,1,627.1012494,16730.9,481.155,34.7724,0.000181843,0.187119,0,289.3238045,1825.31,614.939,2.96828,0.000155383,0.123496,6,-353.857001,2331.5,542.701,4.2961,0.000274472,0.247716
213.961525,1,AUTO,ARMED,5,AVAILABLE,UNAVAILABLE,UNAVAILABLE,212,7,ACTIVE,11,F1_N2-A3.NC,F1_N2-A3.NC,2077458.996,194564.758,5712.1,3975.8687,100,48.68333,32,100,0,6,100,10000.0,4583.19,1031.05,4.44517,0.00054028,0.536849,1,632.1156356,16730.9,481.155,34.7724,0.000181843,0.187119,0,289.3238117,1825.31,614.939,2.96828,0.000155383,0.123496,6,-353.8569896,2331.5,542.701,4.2961,0.000274472,0.247716
214.100393,1,AUTO,ARMED,5,AVAILABLE,UNAVAILABLE,UNAVAILABLE,212,7,ACTIVE,11,F1_N2-A3.NC,F1_N2-A3.NC,2077458.996,194564.758,5712.1,3975.8687,100,48.68333,33,100,0,6,100,10000.0,4583.19,601.607,7.61825,0.000536333,0.535896,0,642.1321367,16202.8,138.708,116.812,0.000161879,0.108868,0,289.3237974,1465.05,144.376,10.1475,0.000193374,0.0819652,6,-353.857001,2379.58,562.516,4.23024,0.000391147,0.265703
214.241448,1,AUTO,ARMED,5,AVAILABLE,UNAVAILABLE,UNAVAILABLE,212,7,ACTIVE,11,F1_N2-A3.NC,F1_N2-A3.NC,2077458.996,194564.758,5712.1,3975.8687,100,48.68333,33,100,0,6,100,10000.0,4583.19,601.607,7.61825,0.000536333,0.535896,0,647.1585704,16202.8,138.708,116.812,0.000161879,0.108868,0,289.3237974,1465.05,144.376,10.1475,0.000193374,0.0819652,6,-353.857001,2379.58,562.516,4.23024,0.000391147,0.265703
214.395043,1,AUTO,ARMED,5,AVAILABLE,UNAVAILABLE,UNAVAILABLE,212,7,ACTIVE,11,F1_N2-A3.NC,F1_N2-A3.NC,2077458.996,194564.758,5712.1,3423.1489,100,48.35,33,100,0,7,100,10000.0,4583.19,601.607,7.61825,0.000536333,0.535896,0,649.6541105,16202.8,138.708,116.812,0.000161879,0.108868,0,289.3238761,1465.05,144.376,10.1475,0.000193374,0.0819652,6,-353.8569896,2379.58,562.516,4.23024,0.000391147,0.265703
214.543684,1,AUTO,ARMED,5,AVAILABLE,UNAVAILABLE,UNAVAILABLE,213,7,ACTIVE,11,F1_N2-A3.NC,F1_N2-A3.NC,2077458.996,194564.758,5712.1,3423.1489,100,23.85,33,100,0,4,100,10000.0,4583.19,601.607,7.61825,0.000536333,0.535896,0,655.6423925,16202.8,138.708,116.812,0.000161879,0.108868,0,289.3238045,1465.05,144.376,10.1475,0.000193374,0.0819652,6,-353.857001,2379.58,562.516,4.23024,0.000391147,0.265703
214.698597,1,AUTO,ARMED,5,AVAILABLE,UNAVAILABLE,UNAVAILABLE,213,7,ACTIVE,11,F1_N2-A3.NC,F1_N2-A3.NC,2077458.996,194564.758,5712.1,3423.1489,100,0.0,33,100,0,4,100,10000.0,4583.19,601.607,7.61825,0.000536333,0.535896,0,655.6425928,16202.8,138.708,116.812,0.000161879,0.108868,0,289.3238045,1465.05,144.376,10.1475,0.000193374,0.0819652,6,-353.857001,2379.58,562.516,4.23024,0.000391147,0.265703
214.842847,1,AUTO,ARMED,5,AVAILABLE,UNAVAILABLE,UNAVAILABLE,213,7,ACTIVE,11,F1_N2-A3.NC,F1_N2-A3.NC,2077458.996,194564.758,5712.1,3423.1489,100,0.0,33,100,0,4,100,10000.0,4583.19,601.607,7.61825,0.000536333,0.535896,0,655.6425713,16202.8,138.708,116.812,0.000161879,0.108868,0,289.3237902,1465.05,144.376,10.1475,0.000193374,0.0819652,6,-353.857001,2379.58,562.516,4.23024,0.000391147,0.265703
214.992229,1,AUTO,ARMED,5,AVAILABLE,UNAVAILABLE,UNAVAILABLE,213,7,ACTIVE,11,F1_N2-A3.NC,F1_N2-A3.NC,2077458.996,194564.758,5712.1,3423.1489,100,0.0,33,100,0,4,100,10000.0,4583.19,601.607,7.61825,0.000536333,0.535896,0,655.6425284,16202.8,138.708,116.812,0.000161879,0.108868,0,289.3238117,1465.05,144.376,10.1475,0.000193374,0.0819652,6,-353.8569896,2379.58,562.516,4.23024,0.000391147,0.265703
215.15685,1,AUTO,ARMED,5,AVAILABLE,UNAVAILABLE,UNAVAILABLE,213,7,ACTIVE,11,F1_N2-A3.NC,F1_N2-A3.NC,2077458.996,194564.758,5712.1,3423.1489,100,0.0,34,100,0,4,100,10000.0,2663.53,586.555,4.54097,0.000561,0.538783,0,655.6425213,1440.25,131.956,10.9146,0.000181949,0.0885523,0,289.3237974,720.514,119.51,6.0289,9.65313e-05,0.0689753,6,-353.8570125,2115.18,581.764,3.6358,0.000646246,0.28193
215.300821,1,AUTO,ARMED,5,AVAILABLE,UNAVAILABLE,UNAVAILABLE,213,7,ACTIVE,11,F1_N2-A3.NC,F1_N2-A3.NC,2077458.996,194564.758,5712.1,3423.1489,100,0.0,34,100,0,4,100,10000.0,2663.53,586.555,4.54097,0.000561,0.538783,0,655.6425213,1440.25,131.956,10.9146,0.000181949,0.0885523,0,289.3237974,720.514,119.51,6.0289,9.65313e-05,0.0689753,6,-353.8570125,2115.18,581.764,3.6358,0.000646246,0.28193
215.4694,1,AUTO,ARMED,5,AVAILABLE,UNAVAILABLE,UNAVAILABLE,213,7,ACTIVE,11,F1_N2-A3.NC,F1_N2-A3.NC,2077458.996,194564.758,5712.1,3863.2026,100,0.0,34,100,0,4,100,10000.0,2663.53,586.555,4.54097,0.000561,0.538783,0,655.6464675,1440.25,131.956,10.9146,0.000181949,0.0885523,0,289.3802305,720.514,119.51,6.0289,9.65313e-05,0.0689753,6,-353.8570125,2115.18,581.764,3.6358,0.000646246,0.28193
215.616923,1,AUTO,ARMED,5,AVAILABLE,UNAVAILABLE,UNAVAILABLE,215,7,ACTIVE,11,F1_N2-A3.NC,F1_N2-A3.NC,2077458.996,194564.758,5712.1,3863.2026,100,0.0,34,100,0,4,100,10000.0,2663.53,586.555,4.54097,0.000561,0.538783,1,653.7830397,1440.25,131.956,10.9146,0.000181949,0.0885523,0,289.4509471,720.514,119.51,6.0289,9.65313e-05,0.0689753,6,-353.857001,2115.18,581.764,3.6358,0.000646246,0.28193
215.767614,1,AUTO,ARMED,5,AVAILABLE,UNAVAILABLE,UNAVAILABLE,215,7,ACTIVE,11,F1_N2-A3.NC,F1_N2-A3.NC,2077458.996,194564.758,5712.1,3863.2026,100,48.63333,34,100,0,5,100,10000.0,2663.53,586.555,4.54097,0.000561,0.538783,0,643.8051466,1440.25,131.956,10.9146,0.000181949,0.0885523,0,289.450754,720.514,119.51,6.0289,9.65313e-05,0.0689753,6,-353.8569896,2115.18,581.764,3.6358,0.000646246,0.28193
215.921162,1,AUTO,ARMED,5,AVAILABLE,UNAVAILABLE,UNAVAILABLE,215,7,ACTIVE,11,F1_N2-A3.NC,F1_N2-A3.NC,2077458.996,194564.758,5712.1,3863.2026,100,48.68333,34,100,0,5,100,10000.0,2663.53,586.555,4.54097,0.000561,0.538783,0,638.7784469,1440.25,131.956,10.9146,0.000181949,0.0885523,0,289.4507969,720.514,119.51,6.0289,9.65313e-05,0.0689753,6,-353.8569896,2115.18,581.764,3.6358,0.000646246,0.28193
216.078891,1,AUTO,ARMED,5,AVAILABLE,UNAVAILABLE,UNAVAILABLE,215,7,ACTIVE,11,F1_N2-A3.NC,F1_N2-A3.NC,2077458.996,194564.758,5712.1,3863.2026,100,48.68333,34,100,0,7,100,10000.0,2663.53,586.555,4.54097,0.000561,0.538783,0,633.7639241,1440.25,131.956,10.9146,0.000181949,0.0885523,0,289.4507897,720.514,119.51,6.0289,9.65313e-05,0.0689753,6,-353.8569896,2115.18,581.764,3.6358,0.000646246,0.28193
216.219403,1,AUTO,ARMED,5,AVAILABLE,UNAVAILABLE,UNAVAILABLE,215,7,ACTIVE,11,F1_N2-A3.NC,F1_N2-A3.NC,2077458.996,194564.758,5712.1,3863.2026,100,48.68333,35,100,0,7,100,10000.0,4151.26,946.416,4.3863,0.000541259,0.54022,0,628.7616566,13250.3,518.074,25.5761,0.000187926,0.22329,0,289.450804,1417.01,574.565,2.46623,9.95999e-05,0.112064,6,-353.857001,2235.36,960.331,2.3277,0.000294058,0.360915
216.432989,1,AUTO,ARMED,5,AVAILABLE,UNAVAILABLE,UNAVAILABLE,215,7,ACTIVE,11,F1_N2-A3.NC,F1_N2-A3.NC,2077458.996,194564.758,5712.1,3981.4829,100,48.68333,35,100,0,7,100,10000.0,4151.26,946.416,4.3863,0.000541259,0.54022,0,616.2260299,13250.3,518.074,25.5761,0.000187926,0.22329,0,289.450804,1417.01,574.565,2.46623,9.95999e-05,0.112064,6,-353.8569896,2235.36,960.331,2.3277,0.000294058,0.360915
216.576392,1,AUTO,ARMED,5,AVAILABLE,UNAVAILABLE,UNAVAILABLE,215,7,ACTIVE,11,F1_N2-A3.NC,F1_N2-A3.NC,2077458.996,194564.758,5712.1,3981.4829,100,48.68333,35,100,0,7,100,10000.0,4151.26,946.416,4.3863,0.000541259,0.54022,0,611.2114031,13250.3,518.074,25.5761,0.000187926,0.22329,0,289.4507897,1417.01,574.565,2.46623,9.95999e-05,0.112064,6,-353.8569896,2235.36,960.331,2.3277,0.000294058,0.360915
216.717341,1,AUTO,ARMED,5,AVAILABLE,UNAVAILABLE,UNAVAILABLE,215,7,ACTIVE,11,F1_N2-A3.NC,F1_N2-A3.NC,2077458.996,194564.758,5712.1,3981.4829,100,48.68333,35,100,0,6,100,10000.0,4151.26,946.416,4.3863,0.000541259,0.54022,0,601.1828026,13250.3,518.074,25.5761,0.000187926,0.22329,0,289.4508112,1417.01,574.565,2.46623,9.95999e-05,0.112064,6,-353.857001,2235.36,960.331,2.3277,0.000294058,0.360915
216.872209,1,AUTO,ARMED,5,AVAILABLE,UNAVAILABLE,UNAVAILABLE,215,7,ACTIVE,11,F1_N2-A3.NC,F1_N2-A3.NC,2077458.996,194564.758,5712.1,3981.4829,100,48.68333,35,100,0,6,100,10000.0,4151.26,946.416,4.3863,0.000541259,0.54022,0,591.1540993,13250.3,518.074,25.5761,0.000187926,0.22329,0,289.4508183,1417.01,574.565,2.46623,9.95999e-05,0.112064,6,-353.857001,2235.36,960.331,2.3277,0.000294058,0.360915
217.032894,1,AUTO,ARMED,5,AVAILABLE,UNAVAILABLE,UNAVAILABLE,215,7,ACTIVE,11,F1_N2-A3.NC,F1_N2-A3.NC,2077458.996,194564.758,5712.1,3981.4829,100,48.68333,35,100,0,6,100,10000.0,4151.26,946.416,4.3863,0.000541259,0.54022,0,586.1397369,13250.3,518.074,25.5761,0.000187926,0.22329,0,289.4508112,1417.01,574.565,2.46623,9.95999e-05,0.112064,6,-353.857001,2235.36,960.331,2.3277,0.000294058,0.360915
217.19051,1,AUTO,ARMED,5,AVAILABLE,UNAVAILABLE,UNAVAILABLE,215,7,ACTIVE,11,F1_N2-A3.NC,F1_N2-A3.NC,2077458.996,194564.758,5712.1,3981.4829,100,48.68333,36,100,0,6,100,10000.0,4391.22,967.491,4.53877,0.000587165,0.557862,0,581.1251449,13826.4,612.029,22.5911,0.000189252,0.249595,0,289.450804,1681.2,581.176,2.89276,0.000105543,0.119283,6,-353.857001,2163.25,970.369,2.22931,0.000368656,0.363675
217.354326,1,AUTO,ARMED,5,AVAILABLE,UNAVAILABLE,UNAVAILABLE,215,7,ACTIVE,11,F1_N2-A3.NC,F1_N2-A3.NC,2077458.996,194564.758,5712.1,3981.4829,100,48.68333,36,100,0,6,100,10000.0,4391.22,967.491,4.53877,0.000587165,0.557862,0,571.084128,13826.4,612.029,22.5911,0.000189252,0.249595,0,289.450804,1681.2,581.176,2.89276,0.000105543,0.119283,6,-353.8570125,2163.25,970.369,2.22931,0.000368656,0.363675
217.502056,1,AUTO,ARMED,5,AVAILABLE,UNAVAILABLE,UNAVAILABLE,215,7,ACTIVE,11,F1_N2-A3.NC,F1_N2-A3.NC,2077458.996,194564.758,5712.1,3981.4829,100,48.68333,36,100,0,6,100,10000.0,4391.22,967.491,4.53877,0.000587165,0.557862,0,561.0675086,13826.4,612.029,22.5911,0.000189252,0.249595,0,289.450804,1681.2,581.176,2.89276,0.000105543,0.119283,6,-353.8569896,2163.25,970.369,2.22931,0.000368656,0.363675
217.658385,1,AUTO,ARMED,5,AVAILABLE,UNAVAILABLE,UNAVAILABLE,215,7,ACTIVE,11,F1_N2-A3.NC,F1_N2-A3.NC,2077458.996,194564.758,5712.1,3519.9343,100,48.68333,36,100,0,6,100,10000.0,4391.22,967.491,4.53877,0.000587165,0.557862,0,556.0410871,13826.4,612.029,22.5911,0.000189252,0.249595,0,289.4508112,1681.2,581.176,2.89276,0.000105543,0.119283,6,-353.857001,2163.25,970.369,2.22931,0.000368656,0.363675
217.818544,1,AUTO,ARMED,5,AVAILABLE,UNAVAILABLE,UNAVAILABLE,215,7,ACTIVE,11,F1_N2-A3.NC,F1_N2-A3.NC,2077458.996,194564.758,5712.1,3519.9343,100,48.68333,36,100,0,6,100,10000.0,4391.22,967.491,4.53877,0.000587165,0.557862,0,551.0389551,13826.4,612.029,22.5911,0.000189252,0.249595,0,289.4507969,1681.2,581.176,2.89276,0.000105543,0.119283,6,-353.857001,2163.25,970.369,2.22931,0.000368656,0.363675
217.961423,1,AUTO,ARMED,5,AVAILABLE,UNAVAILABLE,UNAVAILABLE,215,7,ACTIVE,11,F1_N2-A3.NC,F1_N2-A3.NC,2077458.996,194564.758,5712.1,3519.9343,100,48.68333,36,100,0,7,100,10000.0,4391.22,967.491,4.53877,0.000587165,0.557862,0,541.0226895,13826.4,612.029,22.5911,0.000189252,0.249595,0,289.450897,1681.2,581.176,2.89276,0.000105543,0.119283,6,-353.8569896,2163.25,970.369,2.22931,0.000368656,0.363675
218.10261,1,AUTO,ARMED,5,AVAILABLE,UNAVAILABLE,UNAVAILABLE,215,7,ACTIVE,11,F1_N2-A3.NC,F1_N2-A3.NC,2077458.996,194564.758,5712.1,3519.9343,100,34.16667,37,100,0,5,100,10000.0,4391.22,967.491,4.53877,0.000587165,0.557862,0,536.2646922,13826.4,612.029,22.5911,0.000189252,0.249595,0,289.4508112,1681.2,581.176,2.89276,0.000105543,0.119283,6,-353.857001,2163.25,970.369,2.22931,0.000368656,0.363675
218.27456,1,AUTO,ARMED,5,AVAILABLE,UNAVAILABLE,UNAVAILABLE,216,7,ACTIVE,11,F1_N2-A3.NC,F1_N2-A3.NC,2077458.996,194564.758,5712.1,3519.9343,100,0.0,37,100,0,4,100,10000.0,3695.34,624.961,5.91291,0.000572323,0.564428,0,536.2628255,13586.3,123.129,110.342,0.000151995,0.108793,0,289.450804,1561.12,113.425,13.7635,9.30776e-05,0.0590166,6,-353.8569896,2235.36,618.549,3.61388,0.000356707,0.263445
218.420913,1,AUTO,ARMED,5,AVAILABLE,UNAVAILABLE,UNAVAILABLE,216,7,ACTIVE,11,F1_N2-A3.NC,F1_N2-A3.NC,2077458.996,194564.758,5712.1,3519.9343,100,0.0,37,100,0,4,100,10000.0,3695.34,624.961,5.91291,0.000572323,0.564428,0,536.2624249,13586.3,123.129,110.342,0.000151995,0.108793,0,289.450804,1561.12,113.425,13.7635,9.30776e-05,0.0590166,6,-353.857001,2235.36,618.549,3.61388,0.000356707,0.263445
218.56545,1,AUTO,ARMED,5,AVAILABLE,UNAVAILABLE,UNAVAILABLE,216,7,ACTIVE,11,F1_N2-A3.NC,F1_N2-A3.NC,2077458.996,194564.758,5712.1,3518.2236,100,0.0,37,100,0,3,100,10000.0,3695.34,624.961,5.91291,0.000572323,0.564428,0,536.2624464,13586.3,123.129,110.342,0.000151995,0.108793,0,289.4507826,1561.12,113.425,13.7635,9.30776e-05,0.0590166,6,-353.857001,2235.36,618.549,3.61388,0.000356707,0.263445
218.729881,1,AUTO,ARMED,5,AVAILABLE,UNAVAILABLE,UNAVAILABLE,216,7,ACTIVE,11,F1_N2-A3.NC,F1_N2-A3.NC,2077458.996,194564.758,5712.1,3518.2236,100,0.0,37,100,0,4,100,10000.0,3695.34,624.961,5.91291,0.000572323,0.564428,0,536.262475,13586.3,123.129,110.342,0.000151995,0.108793,0,289.4507969,1561.12,113.425,13.7635,9.30776e-05,0.0590166,6,-353.857001,2235.36,618.549,3.61388,0.000356707,0.263445
218.879619,1,AUTO,ARMED,5,AVAILABLE,UNAVAILABLE,UNAVAILABLE,216,7,ACTIVE,11,F1_N2-A3.NC,F1_N2-A3.NC,2077458.996,194564.758,5712.1,3518.2236,100,0.0,37,100,0,4,100,10000.0,3695.34,624.961,5.91291,0.000572323,0.564428,0,536.2624821,13586.3,123.129,110.342,0.000151995,0.108793,0,289.4507969,1561.12,113.425,13.7635,9.30776e-05,0.0590166,6,-353.8569896,2235.36,618.549,3.61388,0.000356707,0.263445
219.056,1,AUTO,ARMED,5,AVAILABLE,UNAVAILABLE,UNAVAILABLE,216,7,ACTIVE,11,F1_N2-A3.NC,F1_N2-A3.NC,2077458.996,194564.758,5712.1,3518.2236,100,0.0,37,100,0,4,100,10000.0,3695.34,624.961,5.91291,0.000572323,0.564428,0,536.2624893,13586.3,123.129,110.342,0.000151995,0.108793,0,289.4507969,1561.12,113.425,13.7635,9.30776e-05,0.0590166,6,-353.857001,2235.36,618.549,3.61388,0.000356707,0.263445
219.212129,1,AUTO,ARMED,5,AVAILABLE,UNAVAILABLE,UNAVAILABLE,220,7,ACTIVE,11,F1_N2-A3.NC,F1_N2-A3.NC,2077458.996,194564.758,5712.1,3518.2236,100,0.0,38,100,0,4,100,10000.0,3695.34,624.961,5.91291,0.000572323,0.564428,0,536.2624964,13586.3,123.129,110.342,0.000151995,0.108793,0,289.5783328,1561.12,113.425,13.7635,9.30776e-05,0.0590166,6,-353.857001,2235.36,618.549,3.61388,0.000356707,0.263445
219.371683,1,AUTO,ARMED,5,AVAILABLE,UNAVAILABLE,UNAVAILABLE,220,7,ACTIVE,11,F1_N2-A3.NC,F1_N2-A3.NC,2077458.996,194564.758,5712.1,3518.2236,100,0.0,38,100,0,4,100,10000.0,2543.55,602.017,4.22505,0.000551268,0.542278,0,536.2624964,3552.61,130.541,27.2145,0.000171771,0.112586,0,289.5778464,696.495,129.195,5.39104,8.72421e-05,0.0640983,6,-353.857001,1850.78,644.74,2.87058,0.000343283,0.285209
219.510816,1,AUTO,ARMED,5,AVAILABLE,UNAVAILABLE,UNAVAILABLE,220,7,ACTIVE,11,F1_N2-A3.NC,F1_N2-A3.NC,2077458.996,194564.758,5712.1,3518.2236,100,0.0,38,100,0,4,100,10000.0,2543.55,602.017,4.22505,0.000551268,0.542278,0,536.2624964,3552.61,130.541,27.2145,0.000171771,0.112586,0,289.5777964,696.495,129.195,5.39104,8.72421e-05,0.0640983,6,-353.8570125,1850.78,644.74,2.87058,0.000343283,0.285209
219.665566,1,AUTO,ARMED,5,AVAILABLE,UNAVAILABLE,UNAVAILABLE,220,7,ACTIVE,11,F1_N2-A3.NC,F1_N2-A3.NC,2077458.996,194564.758,5712.1,3518.2236,100,0.0,38,100,0,4,100,10000.0,2543.55,602.017,4.22505,0.000551268,0.542278,0,536.2624964,3552.61,130.541,27.2145,0.000171771,0.112586,0,289.5777964,696.495,129.195,5.39104,8.72421e-05,0.0640983,6,-353.857001,1850.78,644.74,2.87058,0.000343283,0.285209
219.805097,1,AUTO,ARMED,5,AVAILABLE,UNAVAILABLE,UNAVAILABLE,220,7,ACTIVE,11,F1_N2-A3.NC,F1_N2-A3.NC,2077458.996,194564.758,5712.1,3540.1477,100,0.0,38,100,0,4,100,10000.0,2543.55,602.017,4.22505,0.000551268,0.542278,0,536.2624964,3552.61,130.541,27.2145,0.000171771,0.112586,0,289.5778035,696.495,129.195,5.39104,8.72421e-05,0.0640983,6,-353.857001,1850.78,644.74,2.87058,0.000343283,0.285209
219.948348,1,AUTO,ARMED,5,AVAILABLE,UNAVAILABLE,UNAVAILABLE,220,7,ACTIVE,11,F1_N2-A3.NC,F1_N2-A3.NC,2077458.996,194564.758,5712.1,3540.1477,100,0.0,38,100,0,4,100,10000.0,2543.55,602.017,4.22505,0.000551268,0.542278,0,536.2624964,3552.61,130.541,27.2145,0.000171771,0.112586,0,289.5777964,696.495,129.195,5.39104,8.72421e-05,0.0640983,6,-353.857001,1850.78,644.74,2.87058,0.000343283,0.285209
220.089757,1,AUTO,ARMED,5,AVAILABLE,UNAVAILABLE,UNAVAILABLE,220,7,ACTIVE,11,F1_N2-A3.NC,F1_N2-A3.NC,2077458.996,194564.758,5712.1,3540.1477,100,0.0,38,100,0,4,100,10000.0,2543.55,602.017,4.22505,0.000551268,0.542278,0,536.2624964,3552.61,130.541,27.2145,0.000171771,0.112586,0,289.5777964,696.495,129.195,5.39104,8.72421e-05,0.0640983,6,-353.857001,1850.78,644.74,2.87058,0.000343283,0.285209
220.237877,1,AUTO,ARMED,5,AVAILABLE,UNAVAILABLE,UNAVAILABLE,221,7,ACTIVE,11,F1_N2-A3.NC,F1_N2-A3.NC,2077458.996,194564.758,5712.1,3540.1477,100,0.0,39,100,0,4,100,10000.0,2543.55,602.017,4.22505,0.000551268,0.542278,0,536.2626369,3552.61,130.541,27.2145,0.000171771,0.112586,0,289.5777964,696.495,129.195,5.39104,8.72421e-05,0.0640983,6,-353.857001,1850.78,644.74,2.87058,0.000343283,0.285209
220.379813,1,AUTO,ARMED,5,AVAILABLE,UNAVAILABLE,UNAVAILABLE,221,7,ACTIVE,11,F1_N2-A3.NC,F1_N2-A3.NC,2077458.996,194564.758,5712.1,3540.1477,100,55.03333,39,100,0,4,100,10000.0,3911.31,1100.63,3.5537,0.000530835,0.531485,0,539.3438498,18411.2,506.143,36.3755,0.000231669,0.1815,0,289.5777964,1705.22,685.191,2.48868,0.000104865,0.126127,6,-353.857001,2091.14,999.552,2.09208,0.000253063,0.371532
220.537026,1,AUTO,ARMED,5,AVAILABLE,UNAVAILABLE,UNAVAILABLE,221,7,ACTIVE,11,F1_N2-A3.NC,F1_N2-A3.NC,2077458.996,194564.758,5712.1,3540.1477,100,55.03333,39,100,0,5,100,10000.0,3911.31,1100.63,3.5537,0.000530835,0.531485,1,545.0052749,18411.2,506.143,36.3755,0.000231669,0.1815,0,289.5776676,1705.22,685.191,2.48868,0.000104865,0.126127,6,-353.857001,2091.14,999.552,2.09208,0.000253063,0.371532
220.688596,1,AUTO,ARMED,5,AVAILABLE,UNAVAILABLE,UNAVAILABLE,221,7,ACTIVE,11,F1_N2-A3.NC,F1_N2-A3.NC,2077458.996,194564.758,5712.1,3540.1477,100,55.03333,39,100,0,7,100,10000.0,3911.31,1100.63,3.5537,0.000530835,0.531485,1,562.0103259,18411.2,506.143,36.3755,0.000231669,0.1815,0,289.5777964,1705.22,685.191,2.48868,0.000104865,0.126127,6,-353.8569896,2091.14,999.552,2.09208,0.000253063,0.371532
220.831274,1,AUTO,ARMED,5,AVAILABLE,UNAVAILABLE,UNAVAILABLE,221,7,ACTIVE,11,F1_N2-A3.NC,F1_N2-A3.NC,2077458.996,194564.758,5712.1,3955.0437,100,55.03333,39,100,0,7,100,10000.0,3911.31,1100.63,3.5537,0.000530835,0.531485,0,567.6925115,18411.2,506.143,36.3755,0.000231669,0.1815,0,289.5777964,1705.22,685.191,2.48868,0.000104865,0.126127,6,-353.8570125,2091.14,999.552,2.09208,0.000253063,0.371532
220.976064,1,AUTO,ARMED,5,AVAILABLE,UNAVAILABLE,UNAVAILABLE,221,7,ACTIVE,11,F1_N2-A3.NC,F1_N2-A3.NC,2077458.996,194564.758,5712.1,3955.0437,100,55.03333,39,100,0,7,100,10000.0,3911.31,1100.63,3.5537,0.000530835,0.531485,0,573.3473029,18411.2,506.143,36.3755,0.000231669,0.1815,0,289.5777964,1705.22,685.191,2.48868,0.000104865,0.126127,6,-353.8570125,2091.14,999.552,2.09208,0.000253063,0.371532
221.136433,1,AUTO,ARMED,5,AVAILABLE,UNAVAILABLE,UNAVAILABLE,221,7,ACTIVE,11,F1_N2-A3.NC,F1_N2-A3.NC,2077458.996,194564.758,5712.1,3955.0437,100,55.03333,40,100,0,7,100,10000.0,3911.31,1100.63,3.5537,0.000530835,0.531485,0,584.6979611,18411.2,506.143,36.3755,0.000231669,0.1815,0,289.5778035,1705.22,685.191,2.48868,0.000104865,0.126127,6,-353.857001,2091.14,999.552,2.09208,0.000253063,0.371532
221.313555,1,AUTO,ARMED,5,AVAILABLE,UNAVAILABLE,UNAVAILABLE,221,7,ACTIVE,11,F1_N2-A3.NC,F1_N2-A3.NC,2077458.996,194564.758,5712.1,3955.0437,100,55.03333,40,100,0,7,100,10000.0,3911.31,1100.63,3.5537,0.000530835,0.531485,0,590.3524989,18411.2,506.143,36.3755,0.000231669,0.1815,0,289.577825,1705.22,685.191,2.48868,0.000104865,0.126127,6,-353.857001,2091.14,999.552,2.09208,0.000253063,0.371532
221.46147,1,AUTO,ARMED,5,AVAILABLE,UNAVAILABLE,UNAVAILABLE,221,7,ACTIVE,11,F1_N2-A3.NC,F1_N2-A3.NC,2077458.996,194564.758,5712.1,3955.0437,100,55.03333,40,100,0,6,100,10000.0,4751.16,1048.93,4.52953,0.000533059,0.52604,0,601.6756507,19755.4,616.721,32.033,0.000297039,0.305137,0,289.5778035,1849.32,665.224,2.78,0.000112528,0.132831,6,-353.8569896,2163.25,852.185,2.53847,0.000373143,0.33723
221.619017,1,AUTO,ARMED,5,AVAILABLE,UNAVAILABLE,UNAVAILABLE,221,7,ACTIVE,11,F1_N2-A3.NC,F1_N2-A3.NC,2077458.996,194564.758,5712.1,3955.0437,100,55.03333,40,100,0,6,100,10000.0,4751.16,1048.93,4.52953,0.000533059,0.52604,0,613.0260769,19755.4,616.721,32.033,0.000297039,0.305137,0,289.5778035,1849.32,665.224,2.78,0.000112528,0.132831,6,-353.857001,2163.25,852.185,2.53847,0.000373143,0.33723
221.786843,1,AUTO,ARMED,5,AVAILABLE,UNAVAILABLE,UNAVAILABLE,221,7,ACTIVE,11,F1_N2-A3.NC,F1_N2-A3.NC,2077458.996,194564.758,5712.1,3955.0437,100,55.03333,40,100,0,6,100,10000.0,4751.16,1048.93,4.52953,0.000533059,0.52604,0,618.680995,19755.4,616.721,32.033,0.000297039,0.305137,0,289.5777964,1849.32,665.224,2.78,0.000112528,0.132831,6,-353.857001,2163.25,852.185,2.53847,0.000373143,0.33723
221.929334,1,AUTO,ARMED,5,AVAILABLE,UNAVAILABLE,UNAVAILABLE,221,7,ACTIVE,11,F1_N2-A3.NC,F1_N2-A3.NC,2077458.996,194564.758,5712.1,3715.1516,100,55.03333,40,100,0,6,100,10000.0,4751.16,1048.93,4.52953,0.000533059,0.52604,1,630.0313785,19755.4,616.721,32.033,0.000297039,0.305137,0,289.5778035,1849.32,665.224,2.78,0.000112528,0.132831,6,-353.8570125,2163.25,852.185,2.53847,0.000373143,0.33723
222.079207,1,AUTO,ARMED,5,AVAILABLE,UNAVAILABLE,UNAVAILABLE,221,7,ACTIVE,11,F1_N2-A3.NC,F1_N2-A3.NC,2077458.996,194564.758,5712.1,3715.1516,100,55.03333,40,100,0,6,100,10000.0,4751.16,1048.93,4.52953,0.000533059,0.52604,1,635.686161,19755.4,616.721,32.033,0.000297039,0.305137,0,289.5778107,1849.32,665.224,2.78,0.000112528,0.132831,6,-353.857001,2163.25,852.185,2.53847,0.000373143,0.33723
222.218027,1,AUTO,ARMED,5,AVAILABLE,UNAVAILABLE,UNAVAILABLE,221,7,ACTIVE,11,F1_N2-A3.NC,F1_N2-A3.NC,2077458.996,194564.758,5712.1,3715.1516,100,55.03333,41,100,0,6,100,10000.0,4751.16,1048.93,4.52953,0.000533059,0.52604,1,638.5205173,19755.4,616.721,32.033,0.000297039,0.305137,0,289.5777964,1849.32,665.224,2.78,0.000112528,0.132831,6,-353.8569896,2163.25,852.185,2.53847,0.000373143,0.33723
222.36356,1,AUTO,ARMED,5,AVAILABLE,UNAVAILABLE,UNAVAILABLE,221,7,ACTIVE,11,F1_N2-A3.NC,F1_N2-A3.NC,2077458.996,194564.758,5712.1,3715.1516,100,55.03333,41,100,0,6,100,10000.0,4751.16,1048.93,4.52953,0.000533059,0.52604,0,649.8851352,19755.4,616.721,32.033,0.000297039,0.305137,0,289.5779108,1849.32,665.224,2.78,0.000112528,0.132831,6,-353.8570125,2163.25,852.185,2.53847,0.000373143,0.33723
222.504514,1,AUTO,ARMED,5,AVAILABLE,UNAVAILABLE,UNAVAILABLE,221,7,ACTIVE,11,F1_N2-A3.NC,F1_N2-A3.NC,2077458.996,194564.758,5712.1,3715.1516,100,27.51667,41,100,0,3,100,10000.0,2759.51,604.936,4.56166,0.000594639,0.553341,0,655.6389952,8137.4,121.259,67.1076,0.000101791,0.0750898,0,289.577825,696.496,99.3348,7.0116,0.000110228,0.0599512,6,-353.8569896,1802.71,618.349,2.91536,0.000262068,0.27187
222.648381,1,AUTO,ARMED,5,AVAILABLE,UNAVAILABLE,UNAVAILABLE,222,7,ACTIVE,11,F1_N2-A3.NC,F1_N2-A3.NC,2077458.996,194564.758,5712.1,3715.1516,100,0.0,41,100,0,3,100,10000.0,2759.51,604.936,4.56166,0.000594639,0.553341,0,655.6424784,8137.4,121.259,67.1076,0.000101791,0.0750898,0,289.5778035,696.496,99.3348,7.0116,0.000110228,0.0599512,6,-353.857001,1802.71,618.349,2.91536,0.000262068,0.27187
222.813892,1,AUTO,ARMED,5,AVAILABLE,UNAVAILABLE,UNAVAILABLE,222,7,ACTIVE,11,F1_N2-A3.NC,F1_N2-A3.NC,2077458.996,194564.758,5712.1,3715.1516,100,0.0,41,100,0,3,100,10000.0,2759.51,604.936,4.56166,0.000594639,0.553341,0,655.6425928,8137.4,121.259,67.1076,0.000101791,0.0750898,0,289.5777964,696.496,99.3348,7.0116,0.000110228,0.0599512,6,-353.857001,1802.71,618.349,2.91536,0.000262068,0.27187
222.954162,1,AUTO,ARMED,5,AVAILABLE,UNAVAILABLE,UNAVAILABLE,222,7,ACTIVE,11,F1_N2-A3.NC,F1_N2-A3.NC,2077458.996,194564.758,5712.1,3715.1516,100,0.0,41,100,0,3,100,10000.0,2759.51,604.936,4.56166,0.000594639,0.553341,0,655.6425499,8137.4,121.259,67.1076,0.000101791,0.0750898,0,289.5778035,696.496,99.3348,7.0116,0.000110228,0.0599512,6,-353.8570125,1802.71,618.349,2.91536,0.000262068,0.27187
223.093075,1,AUTO,ARMED,5,AVAILABLE,UNAVAILABLE,UNAVAILABLE,222,7,ACTIVE,11,F1_N2-A3.NC,F1_N2-A3.NC,2077458.996,194564.758,5712.1,3550.583,100,0.0,41,100,0,4,100,10000.0,2759.51,604.936,4.56166,0.000594639,0.553341,0,655.6425427,8137.4,121.259,67.1076,0.000101791,0.0750898,0,289.5778035,696.496,99.3348,7.0116,0.000110228,0.0599512,6,-353.8570125,1802.71,618.349,2.91536,0.000262068,0.27187
223.236294,1,AUTO,ARMED,5,AVAILABLE,UNAVAILABLE,UNAVAILABLE,222,7,ACTIVE,11,F1_N2-A3.NC,F1_N2-A3.NC,2077458.996,194564.758,5712.1,3550.583,100,0.0,42,100,0,4,100,10000.0,2759.51,604.936,4.56166,0.000594639,0.553341,0,655.6425141,8137.4,121.259,67.1076,0.000101791,0.0750898,0,289.5777964,696.496,99.3348,7.0116,0.000110228,0.0599512,6,-353.857001,1802.71,618.349,2.91536,0.000262068,0.27187
223.37235,1,AUTO,ARMED,5,AVAILABLE,UNAVAILABLE,UNAVAILABLE,222,7,ACTIVE,11,F1_N2-A3.NC,F1_N2-A3.NC,2077458.996,194564.758,5712.1,3550.583,100,0.0,42,100,0,4,100,10000.0,2759.51,604.936,4.56166,0.000594639,0.553341,0,655.6425141,8137.4,121.259,67.1076,0.000101791,0.0750898,0,289.5778035,696.496,99.3348,7.0116,0.000110228,0.0599512,6,-353.857001,1802.71,618.349,2.91536,0.000262068,0.27187
223.516796,1,AUTO,ARMED,5,AVAILABLE,UNAVAILABLE,UNAVAILABLE,222,7,ACTIVE,11,F1_N2-A3.NC,F1_N2-A3.NC,2077458.996,194564.758,5712.1,3550.583,100,0.0,42,100,0,4,100,10000.0,2759.51,604.936,4.56166,0.000594639,0.553341,0,655.6354029,8137.4,121.259,67.1076,0.000101791,0.0750898,0,289.6863425,696.496,99.3348,7.0116,0.000110228,0.0599512,6,-353.857001,1802.71,618.349,2.91536,0.000262068,0.27187
223.664203,1,AUTO,ARMED,5,AVAILABLE,UNAVAILABLE,UNAVAILABLE,224,7,ACTIVE,11,F1_N2-A3.NC,F1_N2-A3.NC,2077458.996,194564.758,5712.1,3550.583,100,48.96667,42,100,0,4,100,10000.0,3167.44,948.995,3.33768,0.000576597,0.541443,2,652.9808997,13922.4,640.53,21.7358,0.000241463,0.25462,0,289.7049532,1224.87,552.199,2.21817,9.289e-05,0.107489,6,-353.857001,1754.64,989.368,1.7735,0.000291038,0.36502
223.81134,1,AUTO,ARMED,5,AVAILABLE,UNAVAILABLE,UNAVAILABLE,224,7,ACTIVE,11,F1_N2-A3.NC,F1_N2-A3.NC,2077458.996,194564.758,5712.1,3550.583,100,48.96667,42,100,0,4,100,10000.0,3167.44,948.995,3.33768,0.000576597,0.541443,2,647.3456644,13922.4,640.53,21.7358,0.000241463,0.25462,0,289.70466,1224.87,552.199,2.21817,9.289e-05,0.107489,6,-353.857001,1754.64,989.368,1.7735,0.000291038,0.36502
223.953501,1,AUTO,ARMED,5,AVAILABLE,UNAVAILABLE,UNAVAILABLE,224,7,ACTIVE,11,F1_N2-A3.NC,F1_N2-A3.NC,2077458.996,194564.758,5712.1,3550.583,100,50.98333,42,100,0,5,100,10000.0,3167.44,948.995,3.33768,0.000576597,0.541443,0,641.6782297,13922.4,640.53,21.7358,0.000241463,0.25462,0,289.704803,1224.87,552.199,2.21817,9.289e-05,0.107489,6,-353.8569896,1754.64,989.368,1.7735,0.000291038,0.36502
224.09985,1,AUTO,ARMED,5,AVAILABLE,UNAVAILABLE,UNAVAILABLE,224,7,ACTIVE,11,F1_N2-A3.NC,F1_N2-A3.NC,2077458.996,194564.758,5712.1,3976.2456,100,55.03333,42,100,0,6,100,10000.0,3167.44,948.995,3.33768,0.000576597,0.541443,0,630.3271812,13922.4,640.53,21.7358,0.000241463,0.25462,0,289.7047959,1224.87,552.199,2.21817,9.289e-05,0.107489,6,-353.857001,1754.64,989.368,1.7735,0.000291038,0.36502
224.247123,1,AUTO,ARMED,5,AVAILABLE,UNAVAILABLE,UNAVAILABLE,224,7,ACTIVE,11,F1_N2-A3.NC,F1_N2-A3.NC,2077458.996,194564.758,5712.1,3976.2456,100,55.03333,43,100,0,7,100,10000.0,3167.44,948.995,3.33768,0.000576597,0.541443,0,624.6727292,13922.4,640.53,21.7358,0.000241463,0.25462,0,289.7047959,1224.87,552.199,2.21817,9.289e-05,0.107489,6,-353.857001,1754.64,989.368,1.7735,0.000291038,0.36502
224.387604,1,AUTO,ARMED,5,AVAILABLE,UNAVAILABLE,UNAVAILABLE,224,7,ACTIVE,11,F1_N2-A3.NC,F1_N2-A3.NC,2077458.996,194564.758,5712.1,3976.2456,100,55.03333,43,100,0,6,100,10000.0,3167.44,948.995,3.33768,0.000576597,0.541443,0,616.1701125,13922.4,640.53,21.7358,0.000241463,0.25462,0,289.7048102,1224.87,552.199,2.21817,9.289e-05,0.107489,6,-353.8569896,1754.64,989.368,1.7735,0.000291038,0.36502
224.531599,1,AUTO,ARMED,5,AVAILABLE,UNAVAILABLE,UNAVAILABLE,224,7,ACTIVE,11,F1_N2-A3.NC,F1_N2-A3.NC,2077458.996,194564.758,5712.1,3976.2456,100,55.03333,43,100,0,6,100,10000.0,3167.44,948.995,3.33768,0.000576597,0.541443,0,604.8468547,13922.4,640.53,21.7358,0.000241463,0.25462,0,289.704803,1224.87,552.199,2.21817,9.289e-05,0.107489,6,-353.857001,1754.64,989.368,1.7735,0.000291038,0.36502
224.68424,1,AUTO,ARMED,5,AVAILABLE,UNAVAILABLE,UNAVAILABLE,224,7,ACTIVE,11,F1_N2-A3.NC,F1_N2-A3.NC,2077458.996,194564.758,5712.1,3976.2456,100,55.03333,43,100,0,7,100,10000.0,3863.31,969.119,3.98641,0.000577956,0.544947,0,593.4964015,16322.8,1019.2,16.0153,0.000643078,0.760696,0,289.7048102,1705.22,584.004,2.91988,9.36372e-05,0.115379,6,-353.857001,2307.47,578.214,3.99069,0.000234945,0.258249
224.858884,1,AUTO,ARMED,5,AVAILABLE,UNAVAILABLE,UNAVAILABLE,224,7,ACTIVE,11,F1_N2-A3.NC,F1_N2-A3.NC,2077458.996,194564.758,5712.1,3976.2456,100,55.03333,43,100,0,7,100,10000.0,3863.31,969.119,3.98641,0.000577956,0.544947,0,587.8414992,16322.8,1019.2,16.0153,0.000643078,0.760696,0,289.704803,1705.22,584.004,2.91988,9.36372e-05,0.115379,6,-353.8570125,2307.47,578.214,3.99069,0.000234945,0.258249
225.007053,1,AUTO,ARMED,5,AVAILABLE,UNAVAILABLE,UNAVAILABLE,224,7,ACTIVE,11,F1_N2-A3.NC,F1_N2-A3.NC,2077458.996,194564.758,5712.1,3976.2456,100,55.03333,43,100,0,6,100,10000.0,3863.31,969.119,3.98641,0.000577956,0.544947,0,582.1592589,16322.8,1019.2,16.0153,0.000643078,0.760696,0,289.704803,1705.22,584.004,2.91988,9.36372e-05,0.115379,6,-353.8569896,2307.47,578.214,3.99069,0.000234945,0.258249
225.149889,1,AUTO,ARMED,5,AVAILABLE,UNAVAILABLE,UNAVAILABLE,224,7,ACTIVE,11,F1_N2-A3.NC,F1_N2-A3.NC,2077458.996,194564.758,5712.1,3624.208,100,55.03333,44,100,0,7,100,10000.0,3863.31,969.119,3.98641,0.000577956,0.544947,0,570.8362122,16322.8,1019.2,16.0153,0.000643078,0.760696,0,289.704803,1705.22,584.004,2.91988,9.36372e-05,0.115379,6,-353.857001,2307.47,578.214,3.99069,0.000234945,0.258249
225.306337,1,AUTO,ARMED,5,AVAILABLE,UNAVAILABLE,UNAVAILABLE,224,7,ACTIVE,11,F1_N2-A3.NC,F1_N2-A3.NC,2077458.996,194564.758,5712.1,3624.208,100,55.03333,44,100,0,7,100,10000.0,3863.31,969.119,3.98641,0.000577956,0.544947,0,565.1678867,16322.8,1019.2,16.0153,0.000643078,0.760696,0,289.7047887,1705.22,584.004,2.91988,9.36372e-05,0.115379,6,-353.8569896,2307.47,578.214,3.99069,0.000234945,0.258249
225.46118,1,AUTO,ARMED,5,AVAILABLE,UNAVAILABLE,UNAVAILABLE,224,7,ACTIVE,11,F1_N2-A3.NC,F1_N2-A3.NC,2077458.996,194564.758,5712.1,3624.208,100,55.03333,44,100,0,6,100,10000.0,3863.31,969.119,3.98641,0.000577956,0.544947,0,559.4855851,16322.8,1019.2,16.0153,0.000643078,0.760696,0,289.7047959,1705.22,584.004,2.91988,9.36372e-05,0.115379,6,-353.857001,2307.47,578.214,3.99069,0.000234945,0.258249
225.604506,1,AUTO,ARMED,5,AVAILABLE,UNAVAILABLE,UNAVAILABLE,224,7,ACTIVE,11,F1_N2-A3.NC,F1_N2-A3.NC,2077458.996,194564.758,5712.1,3624.208,100,55.03333,44,100,0,6,100,10000.0,3863.31,969.119,3.98641,0.000577956,0.544947,0,548.1626394,16322.8,1019.2,16.0153,0.000643078,0.760696,0,289.7047959,1705.22,584.004,2.91988,9.36372e-05,0.115379,6,-353.8570125,2307.47,578.214,3.99069,0.000234945,0.258249
225.749006,1,AUTO,ARMED,5,AVAILABLE,UNAVAILABLE,UNAVAILABLE,224,7,ACTIVE,11,F1_N2-A3.NC,F1_N2-A3.NC,2077458.996,194564.758,5712.1,3624.208,100,55.03333,44,100,0,6,100,10000.0,3935.3,624.483,6.30169,0.000555257,0.552613,0,542.4806311,15866.7,136.193,116.502,0.00014714,0.114415,0,289.7048889,696.495,107.616,6.47204,0.000122683,0.0670535,6,-353.8569896,1995.0,588.502,3.38996,0.00029937,0.264081
225.895506,1,AUTO,ARMED,5,AVAILABLE,UNAVAILABLE,UNAVAILABLE,224,7,ACTIVE,11,F1_N2-A3.NC,F1_N2-A3.NC,2077458.996,194564.758,5712.1,3624.208,100,7.616667,44,100,0,4,100,10000.0,3935.3,624.483,6.30169,0.000555257,0.552613,1,536.2625465,15866.7,136.193,116.502,0.00014714,0.114415,0,289.7048102,696.495,107.616,6.47204,0.000122683,0.0670535,6,-353.857001,1995.0,588.502,3.38996,0.00029937,0.264081
226.043519,1,AUTO,ARMED,5,AVAILABLE,UNAVAILABLE,UNAVAILABLE,225,7,ACTIVE,11,F1_N2-A3.NC,F1_N2-A3.NC,2077458.996,194564.758,5712.1,3624.208,100,5.083333,44,100,0,3,100,10000.0,3935.3,624.483,6.30169,0.000555257,0.552613,0,536.2623963,15866.7,136.193,116.502,0.00014714,0.114415,0,289.704803,696.495,107.616,6.47204,0.000122683,0.0670535,6,-353.8569896,1995.0,588.502,3.38996,0.00029937,0.264081
226.193956,1,AUTO,ARMED,5,AVAILABLE,UNAVAILABLE,UNAVAILABLE,225,7,ACTIVE,11,F1_N2-A3.NC,F1_N2-A3.NC,2077458.996,194564.758,5712.1,3624.208,100,0.0,45,100,0,4,100,10000.0,3935.3,624.483,6.30169,0.000555257,0.552613,0,536.2624249,15866.7,136.193,116.502,0.00014714,0.114415,0,289.7047959,696.495,107.616,6.47204,0.000122683,0.0670535,6,-353.857001,1995.0,588.502,3.38996,0.00029937,0.264081
226.340233,1,AUTO,ARMED,5,AVAILABLE,UNAVAILABLE,UNAVAILABLE,225,7,ACTIVE,11,F1_N2-A3.NC,F1_N2-A3.NC,2077458.996,194564.758,5712.1,3547.519,100,0.0,45,100,0,4,100,10000.0,3935.3,624.483,6.30169,0.000555257,0.552613,0,536.2624392,15866.7,136.193,116.502,0.00014714,0.114415,0,289.704803,696.495,107.616,6.47204,0.000122683,0.0670535,6,-353.857001,1995.0,588.502,3.38996,0.00029937,0.264081
226.492996,1,AUTO,ARMED,5,AVAILABLE,UNAVAILABLE,UNAVAILABLE,225,7,ACTIVE,11,F1_N2-A3.NC,F1_N2-A3.NC,2077458.996,194564.758,5712.1,3547.519,100,0.0,45,100,0,4,100,10000.0,3935.3,624.483,6.30169,0.000555257,0.552613,0,536.262475,15866.7,136.193,116.502,0.00014714,0.114415,0,289.704803,696.495,107.616,6.47204,0.000122683,0.0670535,6,-353.8570125,1995.0,588.502,3.38996,0.00029937,0.264081
226.63346,1,AUTO,ARMED,5,AVAILABLE,UNAVAILABLE,UNAVAILABLE,225,7,ACTIVE,11,F1_N2-A3.NC,F1_N2-A3.NC,2077458.996,194564.758,5712.1,3547.519,100,0.0,45,100,0,5,100,10000.0,3935.3,624.483,6.30169,0.000555257,0.552613,0,536.2624821,15866.7,136.193,116.502,0.00014714,0.114415,0,289.7047887,696.495,107.616,6.47204,0.000122683,0.0670535,6,-353.857001,1995.0,588.502,3.38996,0.00029937,0.264081
226.785146,1,AUTO,ARMED,5,AVAILABLE,UNAVAILABLE,UNAVAILABLE,228,7,ACTIVE,11,F1_N2-A3.NC,F1_N2-A3.NC,2077458.996,194564.758,5712.1,3547.519,100,0.0,45,100,0,4,100,10000.0,2783.51,671.898,4.14276,0.000596889,0.578616,0,536.2624964,3480.6,149.678,23.2539,0.000171873,0.13323,0,289.7048102,648.462,124.027,5.22839,0.00010786,0.0636375,6,-353.8569896,1850.78,532.748,3.47403,0.000263305,0.25425
226.930957,1,AUTO,ARMED,5,AVAILABLE,UNAVAILABLE,UNAVAILABLE,228,7,ACTIVE,11,F1_N2-A3.NC,F1_N2-A3.NC,2077458.996,194564.758,5712.1,3547.519,100,0.0,45,100,0,5,100,10000.0,2783.51,671.898,4.14276,0.000596889,0.578616,0,536.2624893,3480.6,149.678,23.2539,0.000171873,0.13323,0,289.7047887,648.462,124.027,5.22839,0.00010786,0.0636375,6,-353.857001,1850.78,532.748,3.47403,0.000263305,0.25425
227.08172,1,AUTO,ARMED,5,AVAILABLE,UNAVAILABLE,UNAVAILABLE,228,7,ACTIVE,11,F1_N2-A3.NC,F1_N2-A3.NC,2077458.996,194564.758,5712.1,3547.519,100,0.0,45,100,0,9,100,10205.66195,2783.51,671.898,4.14276,0.000596889,0.578616,0,536.2624964,3480.6,149.678,23.2539,0.000171873,0.13323,0,289.704803,648.462,124.027,5.22839,0.00010786,0.0636375,6,-353.857001,1850.78,532.748,3.47403,0.000263305,0.25425
227.236963,1,AUTO,ARMED,5,AVAILABLE,UNAVAILABLE,UNAVAILABLE,228,7,ACTIVE,11,F1_N2-A3.NC,F1_N2-A3.NC,2077458.996,194564.758,5712.1,3547.519,100,0.0,46,100,0,48,100,10547.87677,2783.51,671.898,4.14276,0.000596889,0.578616,0,536.2624893,3480.6,149.678,23.2539,0.000171873,0.13323,0,289.7047959,648.462,124.027,5.22839,0.00010786,0.0636375,6,-353.857001,1850.78,532.748,3.47403,0.000263305,0.25425
227.379985,1,AUTO,ARMED,5,AVAILABLE,UNAVAILABLE,UNAVAILABLE,228,7,ACTIVE,11,F1_N2-A3.NC,F1_N2-A3.NC,2077458.996,194564.758,5712.1,10421.1016,100,0.0,46,100,0,50,100,11000.0,2783.51,671.898,4.14276,0.000596889,0.578616,0,536.2624964,3480.6,149.678,23.2539,0.000171873,0.13323,0,289.7048102,648.462,124.027,5.22839,0.00010786,0.0636375,6,-353.8569896,1850.78,532.748,3.47403,0.000263305,0.25425
227.552931,1,AUTO,ARMED,5,AVAILABLE,UNAVAILABLE,UNAVAILABLE,228,7,ACTIVE,11,F1_N2-A3.NC,F1_N2-A3.NC,2077458.996,194564.758,5712.1,10421.1016,100,0.0,46,100,0,50,100,11000.0,2783.51,671.898,4.14276,0.000596889,0.578616,0,536.2624964,3480.6,149.678,23.2539,0.000171873,0.13323,0,289.7047959,648.462,124.027,5.22839,0.00010786,0.0636375,6,-353.8569896,1850.78,532.748,3.47403,0.000263305,0.25425
227.694729,1,AUTO,ARMED,5,AVAILABLE,UNAVAILABLE,UNAVAILABLE,228,7,ACTIVE,11,F1_N2-A3.NC,F1_N2-A3.NC,2077458.996,194564.758,5712.1,10421.1016,100,0.0,46,100,0,49,100,11000.0,2783.51,671.898,4.14276,0.000596889,0.578616,0,536.2625036,3480.6,149.678,23.2539,0.000171873,0.13323,0,289.7047959,648.462,124.027,5.22839,0.00010786,0.0636375,6,-353.857001,1850.78,532.748,3.47403,0.000263305,0.25425
227.836881,1,AUTO,ARMED,5,AVAILABLE,UNAVAILABLE,UNAVAILABLE,228,7,ACTIVE,11,F1_N2-A3.NC,F1_N2-A3.NC,2077458.996,194564.758,5712.1,10421.1016,100,0.0,46,100,0,48,100,11000.0,3767.33,839.588,4.48712,0.000599067,0.67215,0,536.2624964,3600.62,164.129,21.9377,0.000206317,0.152817,0,289.704803,648.465,149.584,4.33512,0.000229304,0.088197,6,-353.857001,2451.68,746.156,3.28575,0.000527262,0.261976
227.97711,1,AUTO,ARMED,5,AVAILABLE,UNAVAILABLE,UNAVAILABLE,228,7,ACTIVE,11,F1_N2-A3.NC,F1_N2-A3.NC,2077458.996,194564.758,5712.1,10421.1016,100,0.0,46,100,0,48,100,11000.0,3767.33,839.588,4.48712,0.000599067,0.67215,0,536.2624964,3600.62,164.129,21.9377,0.000206317,0.152817,0,289.7047959,648.465,149.584,4.33512,0.000229304,0.088197,6,-353.857001,2451.68,746.156,3.28575,0.000527262,0.261976
228.121791,1,AUTO,ARMED,5,AVAILABLE,UNAVAILABLE,UNAVAILABLE,228,7,ACTIVE,11,F1_N2-A3.NC,F1_N2-A3.NC,2077458.996,194564.758,5712.1,10421.1016,100,0.0,46,100,0,46,100,11000.0,3767.33,839.588,4.48712,0.000599067,0.67215,0,536.2624964,3600.62,164.129,21.9377,0.000206317,0.152817,0,289.7124061,648.465,149.584,4.33512,0.000229304,0.088197,6,-353.8570125,2451.68,746.156,3.28575,0.000527262,0.261976
228.263824,1,AUTO,ARMED,5,AVAILABLE,UNAVAILABLE,UNAVAILABLE,228,7,ACTIVE,11,F1_N2-A3.NC,F1_N2-A3.NC,2077458.996,194564.758,5712.1,10421.1016,100,0.0,47,100,0,46,100,11000.0,3767.33,839.588,4.48712,0.000599067,0.67215,0,536.2625036,3600.62,164.129,21.9377,0.000206317,0.152817,0,289.8333618,648.465,149.584,4.33512,0.000229304,0.088197,6,-353.857001,2451.68,746.156,3.28575,0.000527262,0.261976
228.417199,1,AUTO,ARMED,5,AVAILABLE,UNAVAILABLE,UNAVAILABLE,229,7,ACTIVE,11,F1_N2-A3.NC,F1_N2-A3.NC,2077458.996,194564.758,5712.1,2858.7773,100,0.0,47,100,0,13,100,11000.0,3767.33,839.588,4.48712,0.000599067,0.67215,0,536.2624964,3600.62,164.129,21.9377,0.000206317,0.152817,0,289.8317954,648.465,149.584,4.33512,0.000229304,0.088197,6,-353.8569782,2451.68,746.156,3.28575,0.000527262,0.261976
228.561575,1,AUTO,ARMED,5,AVAILABLE,UNAVAILABLE,UNAVAILABLE,229,7,ACTIVE,11,F1_N2-A3.NC,F1_N2-A3.NC,2077458.996,194564.758,5712.1,2858.7773,100,0.0,47,100,0,8,100,11000.0,3767.33,839.588,4.48712,0.000599067,0.67215,0,536.2624964,3600.62,164.129,21.9377,0.000206317,0.152817,0,289.8317954,648.465,149.584,4.33512,0.000229304,0.088197,6,-353.857001,2451.68,746.156,3.28575,0.000527262,0.261976
228.716993,1,AUTO,ARMED,5,AVAILABLE,UNAVAILABLE,UNAVAILABLE,229,7,ACTIVE,11,F1_N2-A3.NC,F1_N2-A3.NC,2077458.996,194564.758,5712.1,2858.7773,100,0.0,47,100,0,14,100,11000.0,3767.33,839.588,4.48712,0.000599067,0.67215,0,536.2624964,3600.62,164.129,21.9377,0.000206317,0.152817,0,289.8318025,648.465,149.584,4.33512,0.000229304,0.088197,6,-353.857001,2451.68,746.156,3.28575,0.000527262,0.261976
228.85651,1,AUTO,ARMED,5,AVAILABLE,UNAVAILABLE,UNAVAILABLE,229,7,ACTIVE,11,F1_N2-A3.NC,F1_N2-A3.NC,2077458.996,194564.758,5712.1,2858.7773,100,0.0,47,100,0,8,100,11000.0,2927.48,835.958,3.50195,0.000628666,0.681497,0,536.2624964,3456.6,279.994,12.3453,0.000286382,0.179491,0,289.8318025,792.566,140.336,5.64763,0.000149885,0.0685894,6,-353.857001,2091.14,745.584,2.8047,0.000213022,0.254943
228.997824,1,AUTO,ARMED,5,AVAILABLE,UNAVAILABLE,UNAVAILABLE,229,7,ACTIVE,11,F1_N2-A3.NC,F1_N2-A3.NC,2077458.996,194564.758,5712.1,2858.7773,100,0.0,47,100,0,0,100,11000.0,2927.48,835.958,3.50195,0.000628666,0.681497,0,536.2625036,3456.6,279.994,12.3453,0.000286382,0.179491,0,289.8318097,792.566,140.336,5.64763,0.000149885,0.0685894,6,-353.857001,2091.14,745.584,2.8047,0.000213022,0.254943
229.149896,1,AUTO,ARMED,5,AVAILABLE,UNAVAILABLE,UNAVAILABLE,229,7,ACTIVE,11,F1_N2-A3.NC,F1_N2-A3.NC,2077458.996,194564.758,5712.1,2858.7773,100,0.0,47,100,0,4,100,11000.0,2927.48,835.958,3.50195,0.000628666,0.681497,0,536.2625036,3456.6,279.994,12.3453,0.000286382,0.179491,0,289.8318025,792.566,140.336,5.64763,0.000149885,0.0685894,6,-353.857001,2091.14,745.584,2.8047,0.000213022,0.254943
229.307095,1,AUTO,ARMED,5,AVAILABLE,UNAVAILABLE,UNAVAILABLE,230,7,ACTIVE,11,F1_N2-A3.NC,F1_N2-A3.NC,2077458.996,194564.758,5712.1,2858.7773,100,28.18333,48,100,0,7,100,11000.0,2927.48,835.958,3.50195,0.000628666,0.681497,2,539.1190553,3456.6,279.994,12.3453,0.000286382,0.179491,0,289.8318025,792.566,140.336,5.64763,0.000149885,0.0685894,6,-353.857001,2091.14,745.584,2.8047,0.000213022,0.254943
229.454337,1,AUTO,ARMED,5,AVAILABLE,UNAVAILABLE,UNAVAILABLE,230,7,ACTIVE,11,F1_N2-A3.NC,F1_N2-A3.NC,2077458.996,194564.758,5712.1,2858.7773,100,30.78333,48,100,0,6,100,11000.0,2927.48,835.958,3.50195,0.000628666,0.681497,0,546.5369587,3456.6,279.994,12.3453,0.000286382,0.179491,0,289.831731,792.566,140.336,5.64763,0.000149885,0.0685894,6,-353.857001,2091.14,745.584,2.8047,0.000213022,0.254943
229.594497,1,AUTO,ARMED,5,AVAILABLE,UNAVAILABLE,UNAVAILABLE,230,7,ACTIVE,11,F1_N2-A3.NC,F1_N2-A3.NC,2077458.996,194564.758,5712.1,4152.2388,100,30.78333,48,100,0,6,100,11000.0,2927.48,835.958,3.50195,0.000628666,0.681497,0,550.2343341,3456.6,279.994,12.3453,0.000286382,0.179491,0,289.8317811,792.566,140.336,5.64763,0.000149885,0.0685894,6,-353.8569896,2091.14,745.584,2.8047,0.000213022,0.254943
229.737525,1,AUTO,ARMED,5,AVAILABLE,UNAVAILABLE,UNAVAILABLE,230,7,ACTIVE,11,F1_N2-A3.NC,F1_N2-A3.NC,2077458.996,194564.758,5712.1,4152.2388,100,35.98333,48,100,0,6,100,11000.0,2927.48,835.958,3.50195,0.000628666,0.681497,0,557.638097,3456.6,279.994,12.3453,0.000286382,0.179491,0,289.8318025,792.566,140.336,5.64763,0.000149885,0.0685894,6,-353.857001,2091.14,745.584,2.8047,0.000213022,0.254943
229.891458,1,AUTO,ARMED,5,AVAILABLE,UNAVAILABLE,UNAVAILABLE,230,7,ACTIVE,11,F1_N2-A3.NC,F1_N2-A3.NC,2077458.996,194564.758,5712.1,4152.2388,100,35.98333,48,100,0,7,100,11000.0,4007.29,993.357,4.03409,0.000621941,0.67766,0,561.3529456,11978.1,434.267,27.5823,0.00022553,0.204773,0,289.8318097,1344.96,394.879,3.40601,0.000127114,0.0807319,6,-353.8570125,2019.03,668.722,3.01924,0.000249863,0.238384
230.045936,1,AUTO,ARMED,5,AVAILABLE,UNAVAILABLE,UNAVAILABLE,230,7,ACTIVE,11,F1_N2-A3.NC,F1_N2-A3.NC,2077458.996,194564.758,5712.1,4152.2388,100,35.98333,48,100,0,6,100,11000.0,4007.29,993.357,4.03409,0.000621941,0.67766,0,565.0683616,11978.1,434.267,27.5823,0.00022553,0.204773,0,289.8318097,1344.96,394.879,3.40601,0.000127114,0.0807319,6,-353.857001,2019.03,668.722,3.01924,0.000249863,0.238384
230.206447,1,AUTO,ARMED,5,AVAILABLE,UNAVAILABLE,UNAVAILABLE,230,7,ACTIVE,11,F1_N2-A3.NC,F1_N2-A3.NC,2077458.996,194564.758,5712.1,4152.2388,100,35.98333,49,100,0,7,100,11000.0,4007.29,993.357,4.03409,0.000621941,0.67766,0,570.6096713,11978.1,434.267,27.5823,0.00022553,0.204773,0,289.8317954,1344.96,394.879,3.40601,0.000127114,0.0807319,6,-353.857001,2019.03,668.722,3.01924,0.000249863,0.238384
230.350715,1,AUTO,ARMED,5,AVAILABLE,UNAVAILABLE,UNAVAILABLE,230,7,ACTIVE,11,F1_N2-A3.NC,F1_N2-A3.NC,2077458.996,194564.758,5712.1,4152.2388,100,35.98333,49,100,0,5,100,11000.0,4007.29,993.357,4.03409,0.000621941,0.67766,0,578.0312336,11978.1,434.267,27.5823,0.00022553,0.204773,0,289.8318025,1344.96,394.879,3.40601,0.000127114,0.0807319,6,-353.8570125,2019.03,668.722,3.01924,0.000249863,0.238384
230.489516,1,AUTO,ARMED,5,AVAILABLE,UNAVAILABLE,UNAVAILABLE,230,7,ACTIVE,11,F1_N2-A3.NC,F1_N2-A3.NC,2077458.996,194564.758,5712.1,4152.2388,100,35.98333,49,100,0,6,100,11000.0,4007.29,993.357,4.03409,0.000621941,0.67766,0,581.728797,11978.1,434.267,27.5823,0.00022553,0.204773,0,289.8318025,1344.96,394.879,3.40601,0.000127114,0.0807319,6,-353.857001,2019.03,668.722,3.01924,0.000249863,0.238384
230.633845,1,AUTO,ARMED,5,AVAILABLE,UNAVAILABLE,UNAVAILABLE,230,7,ACTIVE,11,F1_N2-A3.NC,F1_N2-A3.NC,2077458.996,194564.758,5712.1,4156.2788,100,35.98333,49,100,0,6,100,11000.0,4007.29,993.357,4.03409,0.000621941,0.67766,0,589.1502939,11978.1,434.267,27.5823,0.00022553,0.204773,0,289.8318025,1344.96,394.879,3.40601,0.000127114,0.0807319,6,-353.857001,2019.03,668.722,3.01924,0.000249863,0.238384
230.779557,1,AUTO,ARMED,5,AVAILABLE,UNAVAILABLE,UNAVAILABLE,230,7,ACTIVE,11,F1_N2-A3.NC,F1_N2-A3.NC,2077458.996,194564.758,5712.1,4156.2788,100,35.98333,49,100,0,6,100,11000.0,4007.29,993.357,4.03409,0.000621941,0.67766,0,592.8475454,11978.1,434.267,27.5823,0.00022553,0.204773,0,289.8318097,1344.96,394.879,3.40601,0.000127114,0.0807319,6,-353.857001,2019.03,668.722,3.01924,0.000249863,0.238384
230.925994,1,AUTO,ARMED,5,AVAILABLE,UNAVAILABLE,UNAVAILABLE,230,7,ACTIVE,11,F1_N2-A3.NC,F1_N2-A3.NC,2077458.996,194564.758,5712.1,4156.2788,100,35.98333,49,100,0,6,100,11000.0,4151.26,955.655,4.34389,0.000621377,0.676385,1,596.5627567,12122.1,445.306,27.222,0.000209916,0.175003,0,289.8318025,1320.94,380.305,3.47337,0.000105031,0.070913,6,-353.8569896,1970.96,824.335,2.39097,0.000232565,0.274818
231.100056,1,AUTO,ARMED,5,AVAILABLE,UNAVAILABLE,UNAVAILABLE,230,7,ACTIVE,11,F1_N2-A3.NC,F1_N2-A3.NC,2077458.996,194564.758,5712.1,4156.2788,100,35.98333,49,100,0,7,100,11000.0,4151.26,955.655,4.34389,0.000621377,0.676385,0,607.6728,12122.1,445.306,27.222,0.000209916,0.175003,0,289.8318025,1320.94,380.305,3.47337,0.000105031,0.070913,6,-353.857001,1970.96,824.335,2.39097,0.000232565,0.274818
231.240536,1,AUTO,ARMED,5,AVAILABLE,UNAVAILABLE,UNAVAILABLE,230,7,ACTIVE,11,F1_N2-A3.NC,F1_N2-A3.NC,2077458.996,194564.758,5712.1,4156.2788,100,35.98333,50,100,0,6,100,11000.0,4151.26,955.655,4.34389,0.000621377,0.676385,0,611.3879119,12122.1,445.306,27.222,0.000209916,0.175003,0,289.8318025,1320.94,380.305,3.47337,0.000105031,0.070913,6,-353.8570125,1970.96,824.335,2.39097,0.000232565,0.274818
231.379504,1,AUTO,ARMED,5,AVAILABLE,UNAVAILABLE,UNAVAILABLE,230,7,ACTIVE,11,F1_N2-A3.NC,F1_N2-A3.NC,2077458.996,194564.758,5712.1,4156.2788,100,35.98333,50,100,0,7,100,11000.0,4151.26,955.655,4.34389,0.000621377,0.676385,0,615.0854076,12122.1,445.306,27.222,0.000209916,0.175003,0,289.8318025,1320.94,380.305,3.47337,0.000105031,0.070913,6,-353.8569896,1970.96,824.335,2.39097,0.000232565,0.274818
231.552401,1,AUTO,ARMED,5,AVAILABLE,UNAVAILABLE,UNAVAILABLE,230,7,ACTIVE,11,F1_N2-A3.NC,F1_N2-A3.NC,2077458.996,194564.758,5712.1,4156.2788,100,35.98333,50,100,0,7,100,11000.0,4151.26,955.655,4.34389,0.000621377,0.676385,0,622.5066056,12122.1,445.306,27.222,0.000209916,0.175003,0,289.8317954,1320.94,380.305,3.47337,0.000105031,0.070913,6,-353.8569896,1970.96,824.335,2.39097,0.000232565,0.274818
231.699036,1,AUTO,ARMED,5,AVAILABLE,UNAVAILABLE,UNAVAILABLE,230,7,ACTIVE,11,F1_N2-A3.NC,F1_N2-A3.NC,2077458.996,194564.758,5712.1,4121.8179,100,35.98333,50,100,0,7,100,11000.0,4151.26,955.655,4.34389,0.000621377,0.676385,0,626.2042587,12122.1,445.306,27.222,0.000209916,0.175003,0,289.8318025,1320.94,380.305,3.47337,0.000105031,0.070913,6,-353.857001,1970.96,824.335,2.39097,0.000232565,0.274818
231.844222,1,AUTO,ARMED,5,AVAILABLE,UNAVAILABLE,UNAVAILABLE,230,7,ACTIVE,11,F1_N2-A3.NC,F1_N2-A3.NC,2077458.996,194564.758,5712.1,4121.8179,100,35.98333,50,100,0,7,100,11000.0,4151.26,955.655,4.34389,0.000621377,0.676385,0,629.9102729,12122.1,445.306,27.222,0.000209916,0.175003,0,289.8317954,1320.94,380.305,3.47337,0.000105031,0.070913,6,-353.8570125,1970.96,824.335,2.39097,0.000232565,0.274818
232.000135,1,AUTO,ARMED,5,AVAILABLE,UNAVAILABLE,UNAVAILABLE,230,7,ACTIVE,11,F1_N2-A3.NC,F1_N2-A3.NC,2077458.996,194564.758,5712.1,4121.8179,100,35.98333,50,100,0,7,100,11000.0,4103.27,1021.19,4.01813,0.000628146,0.681182,0,637.3230454,11666.0,546.283,21.3552,0.000470507,0.457099,0,289.8318025,1368.98,165.702,8.2617,0.000119292,0.0614687,6,-353.857001,2187.29,944.417,2.31602,0.000268111,0.312322
232.170667,1,AUTO,ARMED,5,AVAILABLE,UNAVAILABLE,UNAVAILABLE,230,7,ACTIVE,11,F1_N2-A3.NC,F1_N2-A3.NC,2077458.996,194564.758,5712.1,4121.8179,100,35.98333,50,100,0,6,100,11000.0,4103.27,1021.19,4.01813,0.000628146,0.681182,0,641.0293105,11666.0,546.283,21.3552,0.000470507,0.457099,0,289.8317954,1368.98,165.702,8.2617,0.000119292,0.0614687,6,-353.8569896,2187.29,944.417,2.31602,0.000268111,0.312322
232.321854,1,AUTO,ARMED,5,AVAILABLE,UNAVAILABLE,UNAVAILABLE,230,7,ACTIVE,11,F1_N2-A3.NC,F1_N2-A3.NC,2077458.996,194564.758,5712.1,4121.8179,100,35.98333,51,100,0,6,100,11000.0,4103.27,1021.19,4.01813,0.000628146,0.681182,0,650.2950661,11666.0,546.283,21.3552,0.000470507,0.457099,0,289.8319027,1368.98,165.702,8.2617,0.000119292,0.0614687,6,-353.857001,2187.29,944.417,2.31602,0.000268111,0.312322
232.462002,1,AUTO,ARMED,5,AVAILABLE,UNAVAILABLE,UNAVAILABLE,230,7,ACTIVE,11,F1_N2-A3.NC,F1_N2-A3.NC,2077458.996,194564.758,5712.1,4121.8179,100,35.98333,51,100,0,5,100,11000.0,4103.27,1021.19,4.01813,0.000628146,0.681182,0,654.001181,11666.0,546.283,21.3552,0.000470507,0.457099,0,289.8318454,1368.98,165.702,8.2617,0.000119292,0.0614687,6,-353.857001,2187.29,944.417,2.31602,0.000268111,0.312322
232.600366,1,AUTO,ARMED,5,AVAILABLE,UNAVAILABLE,UNAVAILABLE,230,7,ACTIVE,11,F1_N2-A3.NC,F1_N2-A3.NC,2077458.996,194564.758,5712.1,4121.8179,100,33.81667,51,100,0,5,100,11000.0,4103.27,1021.19,4.01813,0.000628146,0.681182,0,655.636964,11666.0,546.283,21.3552,0.000470507,0.457099,0,289.8318168,1368.98,165.702,8.2617,0.000119292,0.0614687,6,-353.857001,2187.29,944.417,2.31602,0.000268111,0.312322
232.74131,1,AUTO,ARMED,5,AVAILABLE,UNAVAILABLE,UNAVAILABLE,231,7,ACTIVE,11,F1_N2-A3.NC,F1_N2-A3.NC,2077458.996,194564.758,5712.1,3716.8237,100,9.833333,51,100,0,4,100,11000.0,4103.27,1021.19,4.01813,0.000628146,0.681182,0,655.642228,11666.0,546.283,21.3552,0.000470507,0.457099,0,289.8318097,1368.98,165.702,8.2617,0.000119292,0.0614687,6,-353.857001,2187.29,944.417,2.31602,0.000268111,0.312322
232.879942,1,AUTO,ARMED,5,AVAILABLE,UNAVAILABLE,UNAVAILABLE,231,7,ACTIVE,11,F1_N2-A3.NC,F1_N2-A3.NC,2077458.996,194564.758,5712.1,3716.8237,100,0.0,51,100,0,4,100,11000.0,4103.27,1021.19,4.01813,0.000628146,0.681182,0,655.6425713,11666.0,546.283,21.3552,0.000470507,0.457099,0,289.8318097,1368.98,165.702,8.2617,0.000119292,0.0614687,6,-353.857001,2187.29,944.417,2.31602,0.000268111,0.312322
233.026604,1,AUTO,ARMED,5,AVAILABLE,UNAVAILABLE,UNAVAILABLE,231,7,ACTIVE,11,F1_N2-A3.NC,F1_N2-A3.NC,2077458.996,194564.758,5712.1,3716.8237,100,0.0,51,100,0,4,100,11000.0,4103.27,1021.19,4.01813,0.000628146,0.681182,0,655.6425499,11666.0,546.283,21.3552,0.000470507,0.457099,0,289.8318025,1368.98,165.702,8.2617,0.000119292,0.0614687,6,-353.857001,2187.29,944.417,2.31602,0.000268111,0.312322
233.167575,1,AUTO,ARMED,5,AVAILABLE,UNAVAILABLE,UNAVAILABLE,231,7,ACTIVE,11,F1_N2-A3.NC,F1_N2-A3.NC,2077458.996,194564.758,5712.1,3716.8237,100,0.0,52,100,0,4,100,11000.0,3311.41,878.819,3.76802,0.000665423,0.703516,0,655.6425427,1464.25,190.667,7.67962,0.000236565,0.164659,0,289.8317954,624.445,110.492,5.6515,0.000177438,0.0659259,6,-353.857001,2331.5,700.316,3.32921,0.000407519,0.253059
233.344112,1,AUTO,ARMED,5,AVAILABLE,UNAVAILABLE,UNAVAILABLE,231,7,ACTIVE,11,F1_N2-A3.NC,F1_N2-A3.NC,2077458.996,194564.758,5712.1,3716.8237,100,0.0,52,100,0,5,100,11000.0,3311.41,878.819,3.76802,0.000665423,0.703516,0,655.6425141,1464.25,190.667,7.67962,0.000236565,0.164659,0,289.8317954,624.445,110.492,5.6515,0.000177438,0.0659259,6,-353.8569896,2331.5,700.316,3.32921,0.000407519,0.253059
233.491077,1,AUTO,ARMED,5,AVAILABLE,UNAVAILABLE,UNAVAILABLE,231,7,ACTIVE,11,F1_N2-A3.NC,F1_N2-A3.NC,2077458.996,194564.758,5712.1,3716.8237,100,0.0,52,100,0,4,100,11000.0,3311.41,878.819,3.76802,0.000665423,0.703516,0,655.6424927,1464.25,190.667,7.67962,0.000236565,0.164659,0,289.8317954,624.445,110.492,5.6515,0.000177438,0.0659259,6,-353.857001,2331.5,700.316,3.32921,0.000407519,0.253059
233.629633,1,AUTO,ARMED,5,AVAILABLE,UNAVAILABLE,UNAVAILABLE,233,7,ACTIVE,11,F1_N2-A3.NC,F1_N2-A3.NC,2077458.996,194564.758,5712.1,3716.8237,100,0.0,52,100,0,4,100,11000.0,3311.41,878.819,3.76802,0.000665423,0.703516,1,654.5842427,1464.25,190.667,7.67962,0.000236565,0.164659,0,289.9590237,624.445,110.492,5.6515,0.000177438,0.0659259,6,-353.857001,2331.5,700.316,3.32921,0.000407519,0.253059
233.79723,1,AUTO,ARMED,5,AVAILABLE,UNAVAILABLE,UNAVAILABLE,233,7,ACTIVE,11,F1_N2-A3.NC,F1_N2-A3.NC,2077458.996,194564.758,5712.1,4242.0957,100,35.98333,52,100,0,4,100,11000.0,3311.41,878.819,3.76802,0.000665423,0.703516,1,650.9101422,1464.25,190.667,7.67962,0.000236565,0.164659,0,289.9588592,624.445,110.492,5.6515,0.000177438,0.0659259,6,-353.857001,2331.5,700.316,3.32921,0.000407519,0.253059
233.975061,1,AUTO,ARMED,5,AVAILABLE,UNAVAILABLE,UNAVAILABLE,233,7,ACTIVE,11,F1_N2-A3.NC,F1_N2-A3.NC,2077458.996,194564.758,5712.1,4242.0957,100,35.98333,52,100,0,5,100,11000.0,3311.41,878.819,3.76802,0.000665423,0.703516,0,643.507391,1464.25,190.667,7.67962,0.000236565,0.164659,0,289.9587806,624.445,110.492,5.6515,0.000177438,0.0659259,6,-353.8569896,2331.5,700.316,3.32921,0.000407519,0.253059
234.14561,1,AUTO,ARMED,5,AVAILABLE,UNAVAILABLE,UNAVAILABLE,233,7,ACTIVE,11,F1_N2-A3.NC,F1_N2-A3.NC,2077458.996,194564.758,5712.1,4242.0957,100,35.98333,53,100,0,7,100,11000.0,3623.36,907.494,3.99271,0.0005892,0.653432,0,637.9479768,10033.7,368.724,27.212,0.000244297,0.157005,0,289.9587949,1296.93,302.471,4.28778,9.60388e-05,0.0642065,6,-353.857001,2547.83,1066.63,2.38867,0.000224653,0.336835
234.319312,1,AUTO,ARMED,5,AVAILABLE,UNAVAILABLE,UNAVAILABLE,233,7,ACTIVE,11,F1_N2-A3.NC,F1_N2-A3.NC,2077458.996,194564.758,5712.1,4242.0957,100,35.98333,53,100,0,7,100,11000.0,3623.36,907.494,3.99271,0.0005892,0.653432,0,634.250459,10033.7,368.724,27.212,0.000244297,0.157005,0,289.958802,1296.93,302.471,4.28778,9.60388e-05,0.0642065,6,-353.857001,2547.83,1066.63,2.38867,0.000224653,0.336835
234.488143,1,AUTO,ARMED,5,AVAILABLE,UNAVAILABLE,UNAVAILABLE,233,7,ACTIVE,11,F1_N2-A3.NC,F1_N2-A3.NC,2077458.996,194564.758,5712.1,4242.0957,100,35.98333,53,100,0,7,100,11000.0,3623.36,907.494,3.99271,0.0005892,0.653432,0,626.8291137,10033.7,368.724,27.212,0.000244297,0.157005,0,289.9588163,1296.93,302.471,4.28778,9.60388e-05,0.0642065,6,-353.857001,2547.83,1066.63,2.38867,0.000224653,0.336835
234.677289,1,AUTO,ARMED,5,AVAILABLE,UNAVAILABLE,UNAVAILABLE,233,7,ACTIVE,11,F1_N2-A3.NC,F1_N2-A3.NC,2077458.996,194564.758,5712.1,4161.8936,100,35.98333,53,100,0,7,100,11000.0,3623.36,907.494,3.99271,0.0005892,0.653432,0,619.41653,10033.7,368.724,27.212,0.000244297,0.157005,0,289.9588092,1296.93,302.471,4.28778,9.60388e-05,0.0642065,6,-353.857001,2547.83,1066.63,2.38867,0.000224653,0.336835
234.820515,1,AUTO,ARMED,5,AVAILABLE,UNAVAILABLE,UNAVAILABLE,233,7,ACTIVE,11,F1_N2-A3.NC,F1_N2-A3.NC,2077458.996,194564.758,5712.1,4161.8936,100,35.98333,53,100,0,7,100,11000.0,3623.36,907.494,3.99271,0.0005892,0.653432,0,615.7102274,10033.7,368.724,27.212,0.000244297,0.157005,0,289.9587949,1296.93,302.471,4.28778,9.60388e-05,0.0642065,6,-353.857001,2547.83,1066.63,2.38867,0.000224653,0.336835
234.959225,1,AUTO,ARMED,5,AVAILABLE,UNAVAILABLE,UNAVAILABLE,233,7,ACTIVE,11,F1_N2-A3.NC,F1_N2-A3.NC,2077458.996,194564.758,5712.1,4161.8936,100,35.98333,53,100,0,6,100,11000.0,3599.36,883.64,4.07333,0.000579467,0.646612,0,608.3066632,9985.72,533.675,18.7112,0.0003075,0.355151,0,289.958802,1080.77,346.206,3.12175,9.72629e-05,0.0755488,6,-353.8569896,2427.65,1071.68,2.26528,0.000301593,0.344551
235.105394,1,AUTO,ARMED,5,AVAILABLE,UNAVAILABLE,UNAVAILABLE,233,7,ACTIVE,11,F1_N2-A3.NC,F1_N2-A3.NC,2077458.996,194564.758,5712.1,4161.8936,100,35.98333,53,100,0,6,100,11000.0,3599.36,883.64,4.07333,0.000579467,0.646612,0,604.5912123,9985.72,533.675,18.7112,0.0003075,0.355151,0,289.9587949,1080.77,346.206,3.12175,9.72629e-05,0.0755488,6,-353.8569896,2427.65,1071.68,2.26528,0.000301593,0.344551
235.568698,1,AUTO,ARMED,5,AVAILABLE,UNAVAILABLE,UNAVAILABLE,233,7,ACTIVE,11,F1_N2-A3.NC,F1_N2-A3.NC,2077458.996,194564.758,5712.1,4161.8936,100,35.98333,54,100,0,7,100,11000.0,3599.36,883.64,4.07333,0.000579467,0.646612,0,586.0691047,9985.72,533.675,18.7112,0.0003075,0.355151,0,289.9587949,1080.77,346.206,3.12175,9.72629e-05,0.0755488,6,-353.857001,2427.65,1071.68,2.26528,0.000301593,0.344551
235.725781,1,AUTO,ARMED,5,AVAILABLE,UNAVAILABLE,UNAVAILABLE,233,7,ACTIVE,11,F1_N2-A3.NC,F1_N2-A3.NC,2077458.996,194564.758,5712.1,4161.8936,100,35.98333,54,100,0,7,100,11000.0,3599.36,883.64,4.07333,0.000579467,0.646612,0,582.3535375,9985.72,533.675,18.7112,0.0003075,0.355151,0,289.9588092,1080.77,346.206,3.12175,9.72629e-05,0.0755488,6,-353.857001,2427.65,1071.68,2.26528,0.000301593,0.344551
235.89062,1,AUTO,ARMED,5,AVAILABLE,UNAVAILABLE,UNAVAILABLE,233,7,ACTIVE,11,F1_N2-A3.NC,F1_N2-A3.NC,2077458.996,194564.758,5712.1,4157.5278,100,35.98333,54,100,0,7,100,11000.0,3599.36,883.64,4.07333,0.000579467,0.646612,0,574.9501016,9985.72,533.675,18.7112,0.0003075,0.355151,0,289.9588092,1080.77,346.206,3.12175,9.72629e-05,0.0755488,6,-353.8569896,2427.65,1071.68,2.26528,0.000301593,0.344551
236.044831,1,AUTO,ARMED,5,AVAILABLE,UNAVAILABLE,UNAVAILABLE,233,7,ACTIVE,11,F1_N2-A3.NC,F1_N2-A3.NC,2077458.996,194564.758,5712.1,4157.5278,100,35.98333,54,100,0,6,100,11000.0,3599.36,883.64,4.07333,0.000579467,0.646612,0,571.2436665,9985.72,533.675,18.7112,0.0003075,0.355151,0,289.9588163,1080.77,346.206,3.12175,9.72629e-05,0.0755488,6,-353.857001,2427.65,1071.68,2.26528,0.000301593,0.344551
236.234506,1,AUTO,ARMED,5,AVAILABLE,UNAVAILABLE,UNAVAILABLE,233,7,ACTIVE,11,F1_N2-A3.NC,F1_N2-A3.NC,2077458.996,194564.758,5712.1,4157.5278,100,35.98333,55,100,0,6,100,11000.0,3575.36,910.447,3.92704,0.000596736,0.670302,0,561.9780187,9697.67,581.571,16.675,0.000320123,0.377482,0,289.9588092,1200.86,355.263,3.3802,0.000109874,0.0711581,6,-353.8569896,2331.5,797.415,2.92382,0.000263918,0.274942
236.441546,1,AUTO,ARMED,5,AVAILABLE,UNAVAILABLE,UNAVAILABLE,233,7,ACTIVE,11,F1_N2-A3.NC,F1_N2-A3.NC,2077458.996,194564.758,5712.1,4157.5278,100,35.98333,55,100,0,7,100,11000.0,3575.36,910.447,3.92704,0.000596736,0.670302,0,558.2809776,9697.67,581.571,16.675,0.000320123,0.377482,0,289.9588163,1200.86,355.263,3.3802,0.000109874,0.0711581,6,-353.857001,2331.5,797.415,2.92382,0.000263918,0.274942
236.590967,1,AUTO,ARMED,5,AVAILABLE,UNAVAILABLE,UNAVAILABLE,233,7,ACTIVE,11,F1_N2-A3.NC,F1_N2-A3.NC,2077458.996,194564.758,5712.1,4157.5278,100,35.98333,55,100,0,7,100,11000.0,3575.36,910.447,3.92704,0.000596736,0.670302,0,554.5653359,9697.67,581.571,16.675,0.000320123,0.377482,0,289.958802,1200.86,355.263,3.3802,0.000109874,0.0711581,6,-353.857001,2331.5,797.415,2.92382,0.000263918,0.274942
236.738349,1,AUTO,ARMED,5,AVAILABLE,UNAVAILABLE,UNAVAILABLE,233,7,ACTIVE,11,F1_N2-A3.NC,F1_N2-A3.NC,2077458.996,194564.758,5712.1,4157.5278,100,35.98333,55,100,0,6,100,11000.0,3575.36,910.447,3.92704,0.000596736,0.670302,0,543.4375791,9697.67,581.571,16.675,0.000320123,0.377482,0,289.9588163,1200.86,355.263,3.3802,0.000109874,0.0711581,6,-353.8570125,2331.5,797.415,2.92382,0.000263918,0.274942
236.899598,1,AUTO,ARMED,5,AVAILABLE,UNAVAILABLE,UNAVAILABLE,233,7,ACTIVE,11,F1_N2-A3.NC,F1_N2-A3.NC,2077458.996,194564.758,5712.1,4157.5278,100,35.98333,55,100,0,5,100,11000.0,3575.36,910.447,3.92704,0.000596736,0.670302,0,539.7225525,9697.67,581.571,16.675,0.000320123,0.377482,0,289.9588521,1200.86,355.263,3.3802,0.000109874,0.0711581,6,-353.857001,2331.5,797.415,2.92382,0.000263918,0.274942
237.0471,1,AUTO,ARMED,5,AVAILABLE,UNAVAILABLE,UNAVAILABLE,234,7,ACTIVE,11,F1_N2-A3.NC,F1_N2-A3.NC,2077458.996,194564.758,5712.1,4157.5278,100,14.23333,55,100,0,5,100,11000.0,3575.36,910.447,3.92704,0.000596736,0.670302,0,536.4744951,9697.67,581.571,16.675,0.000320123,0.377482,0,289.9588163,1200.86,355.263,3.3802,0.000109874,0.0711581,6,-353.8569896,2331.5,797.415,2.92382,0.000263918,0.274942
237.191112,1,AUTO,ARMED,5,AVAILABLE,UNAVAILABLE,UNAVAILABLE,234,7,ACTIVE,11,F1_N2-A3.NC,F1_N2-A3.NC,2077458.996,194564.758,5712.1,3687.5803,100,14.23333,56,100,0,4,100,11000.0,3575.36,910.447,3.92704,0.000596736,0.670302,0,536.2624535,9697.67,581.571,16.675,0.000320123,0.377482,0,289.958802,1200.86,355.263,3.3802,0.000109874,0.0711581,6,-353.857001,2331.5,797.415,2.92382,0.000263918,0.274942
237.338787,1,AUTO,ARMED,5,AVAILABLE,UNAVAILABLE,UNAVAILABLE,234,7,ACTIVE,11,F1_N2-A3.NC,F1_N2-A3.NC,2077458.996,194564.758,5712.1,3687.5803,100,0.0,56,100,0,4,100,11000.0,3167.44,834.045,3.79768,0.000619358,0.678218,0,536.2624464,8977.55,155.12,57.8749,0.000167889,0.13362,0,289.958802,720.516,141.665,5.08606,0.000107562,0.0670767,6,-353.857001,1995.0,519.625,3.83931,0.000242285,0.216148
237.478102,1,AUTO,ARMED,5,AVAILABLE,UNAVAILABLE,UNAVAILABLE,234,7,ACTIVE,11,F1_N2-A3.NC,F1_N2-A3.NC,2077458.996,194564.758,5712.1,3687.5803,100,0.0,56,100,0,4,100,11000.0,3167.44,834.045,3.79768,0.000619358,0.678218,0,536.2624607,8977.55,155.12,57.8749,0.000167889,0.13362,0,289.9587949,720.516,141.665,5.08606,0.000107562,0.0670767,6,-353.857001,1995.0,519.625,3.83931,0.000242285,0.216148
237.627885,1,AUTO,ARMED,5,AVAILABLE,UNAVAILABLE,UNAVAILABLE,234,7,ACTIVE,11,F1_N2-A3.NC,F1_N2-A3.NC,2077458.996,194564.758,5712.1,3687.5803,100,0.0,56,100,0,4,100,11000.0,3167.44,834.045,3.79768,0.000619358,0.678218,0,536.262475,8977.55,155.12,57.8749,0.000167889,0.13362,0,289.9587949,720.516,141.665,5.08606,0.000107562,0.0670767,6,-353.8569896,1995.0,519.625,3.83931,0.000242285,0.216148
237.781114,1,AUTO,ARMED,5,AVAILABLE,UNAVAILABLE,UNAVAILABLE,234,7,ACTIVE,11,F1_N2-A3.NC,F1_N2-A3.NC,2077458.996,194564.758,5712.1,3687.5803,100,0.0,56,100,0,5,100,11000.0,3167.44,834.045,3.79768,0.000619358,0.678218,0,536.2624821,8977.55,155.12,57.8749,0.000167889,0.13362,0,289.9587949,720.516,141.665,5.08606,0.000107562,0.0670767,6,-353.857001,1995.0,519.625,3.83931,0.000242285,0.216148
237.940212,1,AUTO,ARMED,5,AVAILABLE,UNAVAILABLE,UNAVAILABLE,234,7,ACTIVE,11,F1_N2-A3.NC,F1_N2-A3.NC,2077458.996,194564.758,5712.1,3687.5803,100,0.0,56,100,0,4,100,11000.0,3167.44,834.045,3.79768,0.000619358,0.678218,0,536.2624893,8977.55,155.12,57.8749,0.000167889,0.13362,0,289.958802,720.516,141.665,5.08606,0.000107562,0.0670767,6,-353.857001,1995.0,519.625,3.83931,0.000242285,0.216148
238.08969,1,AUTO,ARMED,5,AVAILABLE,UNAVAILABLE,UNAVAILABLE,238,7,ACTIVE,11,F1_N2-A3.NC,F1_N2-A3.NC,2077458.996,194564.758,5712.1,3687.5803,100,0.0,56,100,0,5,100,11000.0,3167.44,834.045,3.79768,0.000619358,0.678218,0,536.2624893,8977.55,155.12,57.8749,0.000167889,0.13362,0,289.958802,720.516,141.665,5.08606,0.000107562,0.0670767,6,-353.857001,1995.0,519.625,3.83931,0.000242285,0.216148
238.267968,1,AUTO,ARMED,5,AVAILABLE,UNAVAILABLE,UNAVAILABLE,238,7,ACTIVE,11,F1_N2-A3.NC,F1_N2-A3.NC,2077458.996,194564.758,5712.1,3714.1367,100,0.0,57,100,0,4,100,11000.0,3167.44,834.045,3.79768,0.000619358,0.678218,0,536.2625036,8977.55,155.12,57.8749,0.000167889,0.13362,0,290.0858444,720.516,141.665,5.08606,0.000107562,0.0670767,6,-353.8570125,1995.0,519.625,3.83931,0.000242285,0.216148
238.414196,1,AUTO,ARMED,5,AVAILABLE,UNAVAILABLE,UNAVAILABLE,238,7,ACTIVE,11,F1_N2-A3.NC,F1_N2-A3.NC,2077458.996,194564.758,5712.1,3714.1367,100,0.0,57,100,0,5,100,11000.0,3287.42,838.08,3.92256,0.000624698,0.678877,0,536.2624964,3432.59,157.877,21.7422,0.000222089,0.143727,0,290.0858087,624.448,109.709,5.69186,0.000102008,0.0631887,6,-353.8570125,2235.36,742.683,3.00984,0.000195108,0.258777
238.554656,1,AUTO,ARMED,5,AVAILABLE,UNAVAILABLE,UNAVAILABLE,238,7,ACTIVE,11,F1_N2-A3.NC,F1_N2-A3.NC,2077458.996,194564.758,5712.1,3714.1367,100,0.0,57,100,0,4,100,11000.0,3287.42,838.08,3.92256,0.000624698,0.678877,0,536.2624964,3432.59,157.877,21.7422,0.000222089,0.143727,0,290.0858015,624.448,109.709,5.69186,0.000102008,0.0631887,6,-353.857001,2235.36,742.683,3.00984,0.000195108,0.258777
238.695435,1,AUTO,ARMED,5,AVAILABLE,UNAVAILABLE,UNAVAILABLE,238,7,ACTIVE,11,F1_N2-A3.NC,F1_N2-A3.NC,2077458.996,194564.758,5712.1,3714.1367,100,0.0,57,100,0,5,100,11000.0,3287.42,838.08,3.92256,0.000624698,0.678877,0,536.2624964,3432.59,157.877,21.7422,0.000222089,0.143727,0,290.0857872,624.448,109.709,5.69186,0.000102008,0.0631887,6,-353.8569896,2235.36,742.683,3.00984,0.000195108,0.258777
238.845073,1,AUTO,ARMED,5,AVAILABLE,UNAVAILABLE,UNAVAILABLE,238,7,ACTIVE,11,F1_N2-A3.NC,F1_N2-A3.NC,2077458.996,194564.758,5712.1,3714.1367,100,0.0,57,100,0,5,100,11000.0,3287.42,838.08,3.92256,0.000624698,0.678877,0,536.2624964,3432.59,157.877,21.7422,0.000222089,0.143727,0,290.0858087,624.448,109.709,5.69186,0.000102008,0.0631887,6,-353.857001,2235.36,742.683,3.00984,0.000195108,0.258777
238.99349,1,AUTO,ARMED,5,AVAILABLE,UNAVAILABLE,UNAVAILABLE,238,7,ACTIVE,11,F1_N2-A3.NC,F1_N2-A3.NC,2077458.996,194564.758,5712.1,3714.1367,100,0.0,57,100,0,4,100,11000.0,3287.42,838.08,3.92256,0.000624698,0.678877,0,536.2625036,3432.59,157.877,21.7422,0.000222089,0.143727,0,290.0858087,624.448,109.709,5.69186,0.000102008,0.0631887,6,-353.857001,2235.36,742.683,3.00984,0.000195108,0.258777
239.136663,1,AUTO,ARMED,5,AVAILABLE,UNAVAILABLE,UNAVAILABLE,238,7,ACTIVE,11,F1_N2-A3.NC,F1_N2-A3.NC,2077458.996,194564.758,5712.1,3714.1367,100,0.0,57,100,0,5,100,11000.0,3287.42,838.08,3.92256,0.000624698,0.678877,0,536.2625036,3432.59,157.877,21.7422,0.000222089,0.143727,0,290.0857944,624.448,109.709,5.69186,0.000102008,0.0631887,6,-353.8569896,2235.36,742.683,3.00984,0.000195108,0.258777
239.28868,1,AUTO,ARMED,5,AVAILABLE,UNAVAILABLE,UNAVAILABLE,239,7,ACTIVE,11,F1_N2-A3.NC,F1_N2-A3.NC,2077458.996,194564.758,5712.1,4318.2188,100,42.33333,58,100,0,4,100,11000.0,3287.42,838.08,3.92256,0.000624698,0.678877,0,541.4896934,3432.59,157.877,21.7422,0.000222089,0.143727,0,290.0858015,624.448,109.709,5.69186,0.000102008,0.0631887,6,-353.8569896,2235.36,742.683,3.00984,0.000195108,0.258777
239.428276,1,AUTO,ARMED,5,AVAILABLE,UNAVAILABLE,UNAVAILABLE,239,7,ACTIVE,11,F1_N2-A3.NC,F1_N2-A3.NC,2077458.996,194564.758,5712.1,4318.2188,100,42.33333,58,100,0,4,100,11000.0,3527.37,989.464,3.56493,0.000599517,0.654899,0,545.8383355,13298.3,468.25,28.4,0.000261521,0.216888,0,290.0857085,1368.98,427.512,3.2022,0.000121275,0.0857434,6,-353.8569896,2043.07,735.684,2.7771,0.000291116,0.25174
239.576701,1,AUTO,ARMED,5,AVAILABLE,UNAVAILABLE,UNAVAILABLE,239,7,ACTIVE,11,F1_N2-A3.NC,F1_N2-A3.NC,2077458.996,194564.758,5712.1,4318.2188,100,42.33333,58,100,0,7,100,11000.0,3527.37,989.464,3.56493,0.000599517,0.654899,0,550.1985933,13298.3,468.25,28.4,0.000261521,0.216888,0,290.0857801,1368.98,427.512,3.2022,0.000121275,0.0857434,6,-353.857001,2043.07,735.684,2.7771,0.000291116,0.25174
239.723543,1,AUTO,ARMED,5,AVAILABLE,UNAVAILABLE,UNAVAILABLE,239,7,ACTIVE,11,F1_N2-A3.NC,F1_N2-A3.NC,2077458.996,194564.758,5712.1,4318.2188,100,42.33333,58,100,0,7,100,11000.0,3527.37,989.464,3.56493,0.000599517,0.654899,0,558.929767,13298.3,468.25,28.4,0.000261521,0.216888,0,290.0858087,1368.98,427.512,3.2022,0.000121275,0.0857434,6,-353.8570125,2043.07,735.684,2.7771,0.000291116,0.25174
239.877433,1,AUTO,ARMED,5,AVAILABLE,UNAVAILABLE,UNAVAILABLE,239,7,ACTIVE,11,F1_N2-A3.NC,F1_N2-A3.NC,2077458.996,194564.758,5712.1,4181.8789,100,42.33333,58,100,0,8,100,11000.0,3527.37,989.464,3.56493,0.000599517,0.654899,0,563.2797469,13298.3,468.25,28.4,0.000261521,0.216888,0,290.0858015,1368.98,427.512,3.2022,0.000121275,0.0857434,6,-353.857001,2043.07,735.684,2.7771,0.000291116,0.25174
240.040201,1,AUTO,ARMED,5,AVAILABLE,UNAVAILABLE,UNAVAILABLE,239,7,ACTIVE,11,F1_N2-A3.NC,F1_N2-A3.NC,2077458.996,194564.758,5712.1,4181.8789,100,42.33333,58,100,0,7,100,11000.0,3527.37,989.464,3.56493,0.000599517,0.654899,0,569.8307554,13298.3,468.25,28.4,0.000261521,0.216888,0,290.0858015,1368.98,427.512,3.2022,0.000121275,0.0857434,6,-353.857001,2043.07,735.684,2.7771,0.000291116,0.25174
240.19345,1,AUTO,ARMED,5,AVAILABLE,UNAVAILABLE,UNAVAILABLE,239,7,ACTIVE,11,F1_N2-A3.NC,F1_N2-A3.NC,2077458.996,194564.758,5712.1,4181.8789,100,42.33333,59,100,0,7,100,11000.0,4319.23,1011.89,4.26848,0.000636834,0.687035,0,574.1911135,14114.4,535.308,26.3669,0.000394913,0.318328,0,290.0858087,1272.91,387.235,3.28718,0.00013952,0.0769247,6,-353.8570125,2211.32,803.083,2.75354,0.000326349,0.268885
240.344808,1,AUTO,ARMED,5,AVAILABLE,UNAVAILABLE,UNAVAILABLE,239,7,ACTIVE,11,F1_N2-A3.NC,F1_N2-A3.NC,2077458.996,194564.758,5712.1,4181.8789,100,42.33333,59,100,0,6,100,11000.0,4319.23,1011.89,4.26848,0.000636834,0.687035,0,587.2719424,14114.4,535.308,26.3669,0.000394913,0.318328,0,290.0858015,1272.91,387.235,3.28718,0.00013952,0.0769247,6,-353.857001,2211.32,803.083,2.75354,0.000326349,0.268885
240.529467,1,AUTO,ARMED,5,AVAILABLE,UNAVAILABLE,UNAVAILABLE,239,7,ACTIVE,11,F1_N2-A3.NC,F1_N2-A3.NC,2077458.996,194564.758,5712.1,4181.8789,100,42.33333,59,100,0,6,100,11000.0,4319.23,1011.89,4.26848,0.000636834,0.687035,0,591.6218229,14114.4,535.308,26.3669,0.000394913,0.318328,0,290.0858015,1272.91,387.235,3.28718,0.00013952,0.0769247,6,-353.8569896,2211.32,803.083,2.75354,0.000326349,0.268885
240.687498,1,AUTO,ARMED,5,AVAILABLE,UNAVAILABLE,UNAVAILABLE,239,7,ACTIVE,11,F1_N2-A3.NC,F1_N2-A3.NC,2077458.996,194564.758,5712.1,4181.8789,100,42.33333,59,100,0,6,100,11000.0,4319.23,1011.89,4.26848,0.000636834,0.687035,0,595.9926674,14114.4,535.308,26.3669,0.000394913,0.318328,0,290.0858015,1272.91,387.235,3.28718,0.00013952,0.0769247,6,-353.857001,2211.32,803.083,2.75354,0.000326349,0.268885
241.212253,1,AUTO,ARMED,5,AVAILABLE,UNAVAILABLE,UNAVAILABLE,239,7,ACTIVE,11,F1_N2-A3.NC,F1_N2-A3.NC,2077458.996,194564.758,5712.1,4181.8789,100,42.33333,0,100,0,6,100,11000.0,4319.23,1011.89,4.26848,0.000636834,0.687035,0,622.1440257,14114.4,535.308,26.3669,0.000394913,0.318328,0,290.0858015,1272.91,387.235,3.28718,0.00013952,0.0769247,6,-353.857001,2211.32,803.083,2.75354,0.000326349,0.268885
241.374715,1,AUTO,ARMED,5,AVAILABLE,UNAVAILABLE,UNAVAILABLE,239,7,ACTIVE,11,F1_N2-A3.NC,F1_N2-A3.NC,2077458.996,194564.758,5712.1,4181.8789,100,42.33333,0,100,0,6,100,11000.0,4319.23,1011.89,4.26848,0.000636834,0.687035,0,626.5150762,14114.4,535.308,26.3669,0.000394913,0.318328,0,290.0858087,1272.91,387.235,3.28718,0.00013952,0.0769247,6,-353.8569896,2211.32,803.083,2.75354,0.000326349,0.268885
241.518251,1,AUTO,ARMED,5,AVAILABLE,UNAVAILABLE,UNAVAILABLE,239,7,ACTIVE,11,F1_N2-A3.NC,F1_N2-A3.NC,2077458.996,194564.758,5712.1,3773.4558,100,42.33333,0,100,0,6,100,11000.0,3935.3,833.761,4.71994,0.00064173,0.694552,0,635.22507,13946.4,604.994,23.0521,0.000464058,0.405332,0,290.0858015,1392.99,172.276,8.0858,0.000160614,0.067202,6,-353.857001,2091.14,667.671,3.13199,0.000416514,0.247682
241.670475,1,AUTO,ARMED,5,AVAILABLE,UNAVAILABLE,UNAVAILABLE,239,7,ACTIVE,11,F1_N2-A3.NC,F1_N2-A3.NC,2077458.996,194564.758,5712.1,3773.4558,100,42.33333,0,100,0,7,100,11000.0,3935.3,833.761,4.71994,0.00064173,0.694552,0,643.9563956,13946.4,604.994,23.0521,0.000464058,0.405332,0,290.0858015,1392.99,172.276,8.0858,0.000160614,0.067202,6,-353.857001,2091.14,667.671,3.13199,0.000416514,0.247682
241.818252,1,AUTO,ARMED,5,AVAILABLE,UNAVAILABLE,UNAVAILABLE,239,7,ACTIVE,11,F1_N2-A3.NC,F1_N2-A3.NC,2077458.996,194564.758,5712.1,3773.4558,100,42.33333,0,100,0,7,100,11000.0,3935.3,833.761,4.71994,0.00064173,0.694552,0,648.3060552,13946.4,604.994,23.0521,0.000464058,0.405332,0,290.0857944,1392.99,172.276,8.0858,0.000160614,0.067202,6,-353.857001,2091.14,667.671,3.13199,0.000416514,0.247682
241.983454,1,AUTO,ARMED,5,AVAILABLE,UNAVAILABLE,UNAVAILABLE,239,7,ACTIVE,11,F1_N2-A3.NC,F1_N2-A3.NC,2077458.996,194564.758,5712.1,3773.4558,100,42.33333,0,100,0,7,100,11000.0,3935.3,833.761,4.71994,0.00064173,0.694552,0,650.4864889,13946.4,604.994,23.0521,0.000464058,0.405332,0,290.0859088,1392.99,172.276,8.0858,0.000160614,0.067202,6,-353.857001,2091.14,667.671,3.13199,0.000416514,0.247682
242.141561,1,AUTO,ARMED,5,AVAILABLE,UNAVAILABLE,UNAVAILABLE,240,7,ACTIVE,11,F1_N2-A3.NC,F1_N2-A3.NC,2077458.996,194564.758,5712.1,3773.4558,100,18.96667,1,100,0,5,100,11000.0,3935.3,833.761,4.71994,0.00064173,0.694552,0,655.6424569,13946.4,604.994,23.0521,0.000464058,0.405332,0,290.0858087,1392.99,172.276,8.0858,0.000160614,0.067202,6,-353.857001,2091.14,667.671,3.13199,0.000416514,0.247682
242.281691,1,AUTO,ARMED,5,AVAILABLE,UNAVAILABLE,UNAVAILABLE,240,7,ACTIVE,11,F1_N2-A3.NC,F1_N2-A3.NC,2077458.996,194564.758,5712.1,3773.4558,100,0.0,1,100,0,3,100,11000.0,3935.3,833.761,4.71994,0.00064173,0.694552,0,655.6426071,13946.4,604.994,23.0521,0.000464058,0.405332,0,290.0858087,1392.99,172.276,8.0858,0.000160614,0.067202,6,-353.857001,2091.14,667.671,3.13199,0.000416514,0.247682
242.454726,1,AUTO,ARMED,5,AVAILABLE,UNAVAILABLE,UNAVAILABLE,240,7,ACTIVE,11,F1_N2-A3.NC,F1_N2-A3.NC,2077458.996,194564.758,5712.1,3734.116,100,0.0,1,100,0,3,100,11000.0,3935.3,833.761,4.71994,0.00064173,0.694552,0,655.6425785,13946.4,604.994,23.0521,0.000464058,0.405332,0,290.0857872,1392.99,172.276,8.0858,0.000160614,0.067202,6,-353.8569896,2091.14,667.671,3.13199,0.000416514,0.247682
242.604088,1,AUTO,ARMED,5,AVAILABLE,UNAVAILABLE,UNAVAILABLE,240,7,ACTIVE,11,F1_N2-A3.NC,F1_N2-A3.NC,2077458.996,194564.758,5712.1,3734.116,100,0.0,1,100,0,4,100,11000.0,3119.45,839.848,3.7143,0.000644773,0.704203,0,655.6425284,1344.23,199.087,6.75197,0.000265749,0.161376,0,290.0857944,624.445,93.3923,6.68626,0.000134453,0.0526961,6,-353.857001,1922.89,658.475,2.92022,0.000444189,0.254261
242.775589,1,AUTO,ARMED,5,AVAILABLE,UNAVAILABLE,UNAVAILABLE,240,7,ACTIVE,11,F1_N2-A3.NC,F1_N2-A3.NC,2077458.996,194564.758,5712.1,3734.116,100,0.0,1,100,0,4,100,11000.0,3119.45,839.848,3.7143,0.000644773,0.704203,0,655.6425141,1344.23,199.087,6.75197,0.000265749,0.161376,0,290.0858015,624.445,93.3923,6.68626,0.000134453,0.0526961,6,-353.8570125,1922.89,658.475,2.92022,0.000444189,0.254261
242.943492,1,AUTO,ARMED,5,AVAILABLE,UNAVAILABLE,UNAVAILABLE,240,7,ACTIVE,11,F1_N2-A3.NC,F1_N2-A3.NC,2077458.996,194564.758,5712.1,3734.116,100,0.0,1,100,0,4,100,11000.0,3119.45,839.848,3.7143,0.000644773,0.704203,0,655.642507,1344.23,199.087,6.75197,0.000265749,0.161376,0,290.0858087,624.445,93.3923,6.68626,0.000134453,0.0526961,6,-353.8569896,1922.89,658.475,2.92022,0.000444189,0.254261
243.092082,1,AUTO,ARMED,5,AVAILABLE,UNAVAILABLE,UNAVAILABLE,240,7,ACTIVE,11,F1_N2-A3.NC,F1_N2-A3.NC,2077458.996,194564.758,5712.1,3734.116,100,0.0,1,100,0,5,100,11000.0,3119.45,839.848,3.7143,0.000644773,0.704203,0,655.6451586,1344.23,199.087,6.75197,0.000265749,0.161376,0,290.1616894,624.445,93.3923,6.68626,0.000134453,0.0526961,6,-353.8569896,1922.89,658.475,2.92022,0.000444189,0.254261
243.243217,1,AUTO,ARMED,5,AVAILABLE,UNAVAILABLE,UNAVAILABLE,242,7,ACTIVE,11,F1_N2-A3.NC,F1_N2-A3.NC,2077458.996,194564.758,5712.1,3734.116,100,0.0,2,100,0,4,100,11000.0,3119.45,839.848,3.7143,0.000644773,0.704203,0,653.6682459,1344.23,199.087,6.75197,0.000265749,0.161376,0,290.2129441,624.445,93.3923,6.68626,0.000134453,0.0526961,6,-353.8569896,1922.89,658.475,2.92022,0.000444189,0.254261
243.383122,1,AUTO,ARMED,5,AVAILABLE,UNAVAILABLE,UNAVAILABLE,242,7,ACTIVE,11,F1_N2-A3.NC,F1_N2-A3.NC,2077458.996,194564.758,5712.1,3734.116,100,42.33333,2,100,0,5,100,11000.0,3119.45,839.848,3.7143,0.000644773,0.704203,0,644.9587128,1344.23,199.087,6.75197,0.000265749,0.161376,0,290.2127223,624.445,93.3923,6.68626,0.000134453,0.0526961,6,-353.8570125,1922.89,658.475,2.92022,0.000444189,0.254261
243.524017,1,AUTO,ARMED,5,AVAILABLE,UNAVAILABLE,UNAVAILABLE,242,7,ACTIVE,11,F1_N2-A3.NC,F1_N2-A3.NC,2077458.996,194564.758,5712.1,3734.116,100,42.33333,2,100,0,6,100,11000.0,3119.45,839.848,3.7143,0.000644773,0.704203,0,640.5981744,1344.23,199.087,6.75197,0.000265749,0.161376,0,290.2127795,624.445,93.3923,6.68626,0.000134453,0.0526961,6,-353.8570125,1922.89,658.475,2.92022,0.000444189,0.254261
243.670028,1,AUTO,ARMED,5,AVAILABLE,UNAVAILABLE,UNAVAILABLE,242,7,ACTIVE,11,F1_N2-A3.NC,F1_N2-A3.NC,2077458.996,194564.758,5712.1,4185.8081,100,42.33333,2,100,0,7,100,11000.0,3863.31,896.093,4.31128,0.000617522,0.664338,0,636.2486075,11618.0,400.57,29.0037,0.000194359,0.177924,0,290.212801,1272.91,334.451,3.80597,8.71291e-05,0.0711085,6,-353.8569896,2379.58,799.904,2.97483,0.00028813,0.272187
243.825478,1,AUTO,ARMED,5,AVAILABLE,UNAVAILABLE,UNAVAILABLE,242,7,ACTIVE,11,F1_N2-A3.NC,F1_N2-A3.NC,2077458.996,194564.758,5712.1,4185.8081,100,42.33333,2,100,0,7,100,11000.0,3863.31,896.093,4.31128,0.000617522,0.664338,0,627.5173677,11618.0,400.57,29.0037,0.000194359,0.177924,0,290.2128082,1272.91,334.451,3.80597,8.71291e-05,0.0711085,6,-353.8569896,2379.58,799.904,2.97483,0.00028813,0.272187
243.981877,1,AUTO,ARMED,5,AVAILABLE,UNAVAILABLE,UNAVAILABLE,242,7,ACTIVE,11,F1_N2-A3.NC,F1_N2-A3.NC,2077458.996,194564.758,5712.1,4185.8081,100,42.33333,2,100,0,7,100,11000.0,3863.31,896.093,4.31128,0.000617522,0.664338,0,620.9874475,11618.0,400.57,29.0037,0.000194359,0.177924,0,290.2128082,1272.91,334.451,3.80597,8.71291e-05,0.0711085,6,-353.8569896,2379.58,799.904,2.97483,0.00028813,0.272187
244.124241,1,AUTO,ARMED,5,AVAILABLE,UNAVAILABLE,UNAVAILABLE,242,7,ACTIVE,11,F1_N2-A3.NC,F1_N2-A3.NC,2077458.996,194564.758,5712.1,4185.8081,100,42.33333,3,100,0,6,100,11000.0,3863.31,896.093,4.31128,0.000617522,0.664338,0,616.6164795,11618.0,400.57,29.0037,0.000194359,0.177924,0,290.2128082,1272.91,334.451,3.80597,8.71291e-05,0.0711085,6,-353.8569896,2379.58,799.904,2.97483,0.00028813,0.272187
244.272753,1,AUTO,ARMED,5,AVAILABLE,UNAVAILABLE,UNAVAILABLE,242,7,ACTIVE,11,F1_N2-A3.NC,F1_N2-A3.NC,2077458.996,194564.758,5712.1,4185.8081,100,42.33333,3,100,0,7,100,11000.0,3863.31,896.093,4.31128,0.000617522,0.664338,0,607.9063517,11618.0,400.57,29.0037,0.000194359,0.177924,0,290.212801,1272.91,334.451,3.80597,8.71291e-05,0.0711085,6,-353.857001,2379.58,799.904,2.97483,0.00028813,0.272187
244.428632,1,AUTO,ARMED,5,AVAILABLE,UNAVAILABLE,UNAVAILABLE,242,7,ACTIVE,11,F1_N2-A3.NC,F1_N2-A3.NC,2077458.996,194564.758,5712.1,4185.8081,100,42.33333,3,100,0,7,100,11000.0,3863.31,896.093,4.31128,0.000617522,0.664338,0,603.5356264,11618.0,400.57,29.0037,0.000194359,0.177924,0,290.2128082,1272.91,334.451,3.80597,8.71291e-05,0.0711085,6,-353.857001,2379.58,799.904,2.97483,0.00028813,0.272187
244.568712,1,AUTO,ARMED,5,AVAILABLE,UNAVAILABLE,UNAVAILABLE,242,7,ACTIVE,11,F1_N2-A3.NC,F1_N2-A3.NC,2077458.996,194564.758,5712.1,4185.8081,100,42.33333,3,100,0,7,100,11000.0,3863.31,896.093,4.31128,0.000617522,0.664338,0,599.1750292,11618.0,400.57,29.0037,0.000194359,0.177924,0,290.212801,1272.91,334.451,3.80597,8.71291e-05,0.0711085,6,-353.8570125,2379.58,799.904,2.97483,0.00028813,0.272187
244.713508,1,AUTO,ARMED,5,AVAILABLE,UNAVAILABLE,UNAVAILABLE,242,7,ACTIVE,11,F1_N2-A3.NC,F1_N2-A3.NC,2077458.996,194564.758,5712.1,4160.1426,100,42.33333,3,100,0,5,100,11000.0,3671.35,923.663,3.97477,0.000577364,0.634904,0,590.4544571,11161.9,583.156,19.1405,0.000367268,0.381462,0,290.212801,1176.84,323.291,3.64019,6.17855e-05,0.0621807,6,-353.857001,2235.36,758.101,2.94863,0.00024559,0.261308
244.857736,1,AUTO,ARMED,5,AVAILABLE,UNAVAILABLE,UNAVAILABLE,242,7,ACTIVE,11,F1_N2-A3.NC,F1_N2-A3.NC,2077458.996,194564.758,5712.1,4160.1426,100,42.33333,3,100,0,5,100,11000.0,3671.35,923.663,3.97477,0.000577364,0.634904,0,586.0942819,11161.9,583.156,19.1405,0.000367268,0.381462,0,290.212801,1176.84,323.291,3.64019,6.17855e-05,0.0621807,6,-353.8569896,2235.36,758.101,2.94863,0.00024559,0.261308
245.005815,1,AUTO,ARMED,5,AVAILABLE,UNAVAILABLE,UNAVAILABLE,242,7,ACTIVE,11,F1_N2-A3.NC,F1_N2-A3.NC,2077458.996,194564.758,5712.1,4160.1426,100,42.33333,3,100,0,6,100,11000.0,3671.35,923.663,3.97477,0.000577364,0.634904,0,577.3840699,11161.9,583.156,19.1405,0.000367268,0.381462,0,290.212801,1176.84,323.291,3.64019,6.17855e-05,0.0621807,6,-353.8569896,2235.36,758.101,2.94863,0.00024559,0.261308
245.157668,1,AUTO,ARMED,5,AVAILABLE,UNAVAILABLE,UNAVAILABLE,242,7,ACTIVE,11,F1_N2-A3.NC,F1_N2-A3.NC,2077458.996,194564.758,5712.1,4160.1426,100,42.33333,4,100,0,6,100,11000.0,3671.35,923.663,3.97477,0.000577364,0.634904,0,573.0129806,11161.9,583.156,19.1405,0.000367268,0.381462,0,290.2128082,1176.84,323.291,3.64019,6.17855e-05,0.0621807,6,-353.857001,2235.36,758.101,2.94863,0.00024559,0.261308
245.306037,1,AUTO,ARMED,5,AVAILABLE,UNAVAILABLE,UNAVAILABLE,242,7,ACTIVE,11,F1_N2-A3.NC,F1_N2-A3.NC,2077458.996,194564.758,5712.1,4160.1426,100,42.33333,4,100,0,7,100,11000.0,3671.35,923.663,3.97477,0.000577364,0.634904,0,564.3031389,11161.9,583.156,19.1405,0.000367268,0.381462,0,290.212801,1176.84,323.291,3.64019,6.17855e-05,0.0621807,6,-353.8570125,2235.36,758.101,2.94863,0.00024559,0.261308
245.464383,1,AUTO,ARMED,5,AVAILABLE,UNAVAILABLE,UNAVAILABLE,242,7,ACTIVE,11,F1_N2-A3.NC,F1_N2-A3.NC,2077458.996,194564.758,5712.1,4160.1426,100,42.33333,4,100,0,7,100,11000.0,3671.35,923.663,3.97477,0.000577364,0.634904,0,559.9320854,11161.9,583.156,19.1405,0.000367268,0.381462,0,290.2127938,1176.84,323.291,3.64019,6.17855e-05,0.0621807,6,-353.857001,2235.36,758.101,2.94863,0.00024559,0.261308
245.615261,1,AUTO,ARMED,5,AVAILABLE,UNAVAILABLE,UNAVAILABLE,242,7,ACTIVE,11,F1_N2-A3.NC,F1_N2-A3.NC,2077458.996,194564.758,5712.1,4160.1426,100,42.33333,4,100,0,7,100,11000.0,3671.35,923.663,3.97477,0.000577364,0.634904,0,555.5824074,11161.9,583.156,19.1405,0.000367268,0.381462,0,290.212801,1176.84,323.291,3.64019,6.17855e-05,0.0621807,6,-353.857001,2235.36,758.101,2.94863,0.00024559,0.261308
245.759689,1,AUTO,ARMED,5,AVAILABLE,UNAVAILABLE,UNAVAILABLE,242,7,ACTIVE,11,F1_N2-A3.NC,F1_N2-A3.NC,2077458.996,194564.758,5712.1,3578.0112,100,42.33333,4,100,0,6,100,11000.0,3647.35,846.001,4.31128,0.000622402,0.690493,0,542.5016664,12146.1,168.698,71.9991,0.000170878,0.133959,0,290.2128797,1152.82,106.228,10.8523,0.00010048,0.0660253,6,-353.857001,2211.32,773.446,2.85905,0.000267427,0.266638
245.915721,1,AUTO,ARMED,5,AVAILABLE,UNAVAILABLE,UNAVAILABLE,242,7,ACTIVE,11,F1_N2-A3.NC,F1_N2-A3.NC,2077458.996,194564.758,5712.1,3578.0112,100,42.33333,4,100,0,6,100,11000.0,3647.35,846.001,4.31128,0.000622402,0.690493,0,540.3214202,12146.1,168.698,71.9991,0.000170878,0.133959,0,290.2128654,1152.82,106.228,10.8523,0.00010048,0.0660253,6,-353.857001,2211.32,773.446,2.85905,0.000267427,0.266638
246.056562,1,AUTO,ARMED,5,AVAILABLE,UNAVAILABLE,UNAVAILABLE,242,7,ACTIVE,11,F1_N2-A3.NC,F1_N2-A3.NC,2077458.996,194564.758,5712.1,3578.0112,100,37.43333,4,100,0,6,100,11000.0,3647.35,846.001,4.31128,0.000622402,0.690493,0,536.5294617,12146.1,168.698,71.9991,0.000170878,0.133959,0,290.2128296,1152.82,106.228,10.8523,0.00010048,0.0660253,6,-353.857001,2211.32,773.446,2.85905,0.000267427,0.266638
246.198597,1,AUTO,ARMED,5,AVAILABLE,UNAVAILABLE,UNAVAILABLE,242,7,ACTIVE,11,F1_N2-A3.NC,F1_N2-A3.NC,2077458.996,194564.758,5712.1,3578.0112,100,24.95,5,100,0,5,100,11000.0,3647.35,846.001,4.31128,0.000622402,0.690493,0,536.2642416,12146.1,168.698,71.9991,0.000170878,0.133959,0,290.2128153,1152.82,106.228,10.8523,0.00010048,0.0660253,6,-353.857001,2211.32,773.446,2.85905,0.000267427,0.266638
246.347868,1,AUTO,ARMED,5,AVAILABLE,UNAVAILABLE,UNAVAILABLE,243,7,ACTIVE,11,F1_N2-A3.NC,F1_N2-A3.NC,2077458.996,194564.758,5712.1,3578.0112,100,0.0,5,100,0,4,100,11000.0,3647.35,846.001,4.31128,0.000622402,0.690493,0,536.2624249,12146.1,168.698,71.9991,0.000170878,0.133959,0,290.2128153,1152.82,106.228,10.8523,0.00010048,0.0660253,6,-353.8570125,2211.32,773.446,2.85905,0.000267427,0.266638
246.490504,1,AUTO,ARMED,5,AVAILABLE,UNAVAILABLE,UNAVAILABLE,243,7,ACTIVE,11,F1_N2-A3.NC,F1_N2-A3.NC,2077458.996,194564.758,5712.1,3578.0112,100,0.0,5,100,0,4,100,11000.0,3647.35,846.001,4.31128,0.000622402,0.690493,0,536.2624535,12146.1,168.698,71.9991,0.000170878,0.133959,0,290.212801,1152.82,106.228,10.8523,0.00010048,0.0660253,6,-353.857001,2211.32,773.446,2.85905,0.000267427,0.266638
246.649406,1,AUTO,ARMED,5,AVAILABLE,UNAVAILABLE,UNAVAILABLE,243,7,ACTIVE,11,F1_N2-A3.NC,F1_N2-A3.NC,2077458.996,194564.758,5712.1,3578.0112,100,0.0,5,100,0,4,100,11000.0,3647.35,846.001,4.31128,0.000622402,0.690493,0,536.2624678,12146.1,168.698,71.9991,0.000170878,0.133959,0,290.212801,1152.82,106.228,10.8523,0.00010048,0.0660253,6,-353.8569896,2211.32,773.446,2.85905,0.000267427,0.266638
246.791867,1,AUTO,ARMED,5,AVAILABLE,UNAVAILABLE,UNAVAILABLE,243,7,ACTIVE,11,F1_N2-A3.NC,F1_N2-A3.NC,2077458.996,194564.758,5712.1,3707.6504,100,0.0,5,100,0,4,100,11000.0,3599.36,828.746,4.34314,0.000685244,0.679033,0,536.2624893,3504.6,157.375,22.2691,0.000204707,0.142205,0,290.212801,792.566,122.414,6.47447,0.00015007,0.0721168,6,-353.857001,2067.11,700.482,2.95098,0.000231365,0.248713
246.931159,1,AUTO,ARMED,5,AVAILABLE,UNAVAILABLE,UNAVAILABLE,243,7,ACTIVE,11,F1_N2-A3.NC,F1_N2-A3.NC,2077458.996,194564.758,5712.1,3707.6504,100,0.0,5,100,0,5,100,11000.0,3599.36,828.746,4.34314,0.000685244,0.679033,0,536.2624893,3504.6,157.375,22.2691,0.000204707,0.142205,0,290.2127938,792.566,122.414,6.47447,0.00015007,0.0721168,6,-353.857001,2067.11,700.482,2.95098,0.000231365,0.248713
247.07433,1,AUTO,ARMED,5,AVAILABLE,UNAVAILABLE,UNAVAILABLE,243,7,ACTIVE,11,F1_N2-A3.NC,F1_N2-A3.NC,2077458.996,194564.758,5712.1,3707.6504,100,0.0,5,100,0,5,100,11000.0,3599.36,828.746,4.34314,0.000685244,0.679033,0,536.2624893,3504.6,157.375,22.2691,0.000204707,0.142205,0,290.2128082,792.566,122.414,6.47447,0.00015007,0.0721168,6,-353.8570125,2067.11,700.482,2.95098,0.000231365,0.248713
247.226016,1,AUTO,ARMED,5,AVAILABLE,UNAVAILABLE,UNAVAILABLE,243,7,ACTIVE,11,F1_N2-A3.NC,F1_N2-A3.NC,2077458.996,194564.758,5712.1,3707.6504,100,0.0,6,100,0,4,100,11000.0,3599.36,828.746,4.34314,0.000685244,0.679033,0,536.2624964,3504.6,157.375,22.2691,0.000204707,0.142205,0,290.343012,792.566,122.414,6.47447,0.00015007,0.0721168,6,-353.8569896,2067.11,700.482,2.95098,0.000231365,0.248713
247.384763,1,AUTO,ARMED,5,AVAILABLE,UNAVAILABLE,UNAVAILABLE,247,7,ACTIVE,11,F1_N2-A3.NC,F1_N2-A3.NC,2077458.996,194564.758,5712.1,3707.6504,100,0.0,6,100,0,4,100,11000.0,3599.36,828.746,4.34314,0.000685244,0.679033,0,536.2625036,3504.6,157.375,22.2691,0.000204707,0.142205,0,290.3398076,792.566,122.414,6.47447,0.00015007,0.0721168,6,-353.8569896,2067.11,700.482,2.95098,0.000231365,0.248713
247.543772,1,AUTO,ARMED,5,AVAILABLE,UNAVAILABLE,UNAVAILABLE,247,7,ACTIVE,11,F1_N2-A3.NC,F1_N2-A3.NC,2077458.996,194564.758,5712.1,3707.6504,100,0.0,6,100,0,4,100,11000.0,3599.36,828.746,4.34314,0.000685244,0.679033,0,536.2625036,3504.6,157.375,22.2691,0.000204707,0.142205,0,290.3398076,792.566,122.414,6.47447,0.00015007,0.0721168,6,-353.857001,2067.11,700.482,2.95098,0.000231365,0.248713
247.68492,1,AUTO,ARMED,5,AVAILABLE,UNAVAILABLE,UNAVAILABLE,247,7,ACTIVE,11,F1_N2-A3.NC,F1_N2-A3.NC,2077458.996,194564.758,5712.1,3707.6504,100,0.0,6,100,0,4,100,11000.0,3599.36,828.746,4.34314,0.000685244,0.679033,0,536.2624964,3504.6,157.375,22.2691,0.000204707,0.142205,0,290.3398076,792.566,122.414,6.47447,0.00015007,0.0721168,6,-353.8570125,2067.11,700.482,2.95098,0.000231365,0.248713
247.836622,1,AUTO,ARMED,5,AVAILABLE,UNAVAILABLE,UNAVAILABLE,247,7,ACTIVE,11,F1_N2-A3.NC,F1_N2-A3.NC,2077458.996,194564.758,5712.1,3707.6504,100,0.0,6,100,0,4,100,11000.0,3599.36,828.746,4.34314,0.000685244,0.679033,0,536.2624964,3504.6,157.375,22.2691,0.000204707,0.142205,0,290.3398005,792.566,122.414,6.47447,0.00015007,0.0721168,6,-353.857001,2067.11,700.482,2.95098,0.000231365,0.248713
247.976476,1,AUTO,ARMED,5,AVAILABLE,UNAVAILABLE,UNAVAILABLE,247,7,ACTIVE,11,F1_N2-A3.NC,F1_N2-A3.NC,2077458.996,194564.758,5712.1,3815.3137,100,0.0,6,100,0,5,100,11000.0,3431.39,1005.69,3.41198,0.000636856,0.677164,0,536.2624964,3456.6,718.418,4.81141,0.000279399,0.287901,0,290.3398005,624.445,143.073,4.36452,0.000122404,0.0719421,6,-353.857001,2091.14,727.111,2.87596,0.000397327,0.267328
248.115475,1,AUTO,ARMED,5,AVAILABLE,UNAVAILABLE,UNAVAILABLE,247,7,ACTIVE,11,F1_N2-A3.NC,F1_N2-A3.NC,2077458.996,194564.758,5712.1,3815.3137,100,0.0,6,100,0,4,100,11000.0,3431.39,1005.69,3.41198,0.000636856,0.677164,0,536.2624964,3456.6,718.418,4.81141,0.000279399,0.287901,0,290.3397933,624.445,143.073,4.36452,0.000122404,0.0719421,6,-353.8569896,2091.14,727.111,2.87596,0.000397327,0.267328
248.256551,1,AUTO,ARMED,5,AVAILABLE,UNAVAILABLE,UNAVAILABLE,247,7,ACTIVE,11,F1_N2-A3.NC,F1_N2-A3.NC,2077458.996,194564.758,5712.1,3815.3137,100,0.0,7,100,0,5,100,11000.0,3431.39,1005.69,3.41198,0.000636856,0.677164,0,537.1001464,3456.6,718.418,4.81141,0.000279399,0.287901,0,290.3398005,624.445,143.073,4.36452,0.000122404,0.0719421,6,-353.857001,2091.14,727.111,2.87596,0.000397327,0.267328
248.411889,1,AUTO,ARMED,5,AVAILABLE,UNAVAILABLE,UNAVAILABLE,248,7,ACTIVE,11,F1_N2-A3.NC,F1_N2-A3.NC,2077458.996,194564.758,5712.1,3815.3137,100,48.68333,7,100,0,5,100,11000.0,3431.39,1005.69,3.41198,0.000636856,0.677164,0,546.9196865,3456.6,718.418,4.81141,0.000279399,0.287901,0,290.3397218,624.445,143.073,4.36452,0.000122404,0.0719421,6,-353.857001,2091.14,727.111,2.87596,0.000397327,0.267328
248.569911,1,AUTO,ARMED,5,AVAILABLE,UNAVAILABLE,UNAVAILABLE,248,7,ACTIVE,11,F1_N2-A3.NC,F1_N2-A3.NC,2077458.996,194564.758,5712.1,3815.3137,100,48.68333,7,100,0,6,100,11000.0,3431.39,1005.69,3.41198,0.000636856,0.677164,0,551.9341506,3456.6,718.418,4.81141,0.000279399,0.287901,0,290.339779,624.445,143.073,4.36452,0.000122404,0.0719421,6,-353.857001,2091.14,727.111,2.87596,0.000397327,0.267328
248.72765,1,AUTO,ARMED,5,AVAILABLE,UNAVAILABLE,UNAVAILABLE,248,7,ACTIVE,11,F1_N2-A3.NC,F1_N2-A3.NC,2077458.996,194564.758,5712.1,3815.3137,100,48.68333,7,100,0,6,100,11000.0,3431.39,1005.69,3.41198,0.000636856,0.677164,0,556.9607096,3456.6,718.418,4.81141,0.000279399,0.287901,0,290.3397933,624.445,143.073,4.36452,0.000122404,0.0719421,6,-353.857001,2091.14,727.111,2.87596,0.000397327,0.267328
248.867399,1,AUTO,ARMED,5,AVAILABLE,UNAVAILABLE,UNAVAILABLE,248,7,ACTIVE,11,F1_N2-A3.NC,F1_N2-A3.NC,2077458.996,194564.758,5712.1,3815.3137,100,48.68333,7,100,0,7,100,11000.0,3431.39,1005.69,3.41198,0.000636856,0.677164,0,572.003739,3456.6,718.418,4.81141,0.000279399,0.287901,0,290.3398148,624.445,143.073,4.36452,0.000122404,0.0719421,6,-353.857001,2091.14,727.111,2.87596,0.000397327,0.267328
249.022386,1,AUTO,ARMED,5,AVAILABLE,UNAVAILABLE,UNAVAILABLE,248,7,ACTIVE,11,F1_N2-A3.NC,F1_N2-A3.NC,2077458.996,194564.758,5712.1,4151.7505,100,48.68333,7,100,0,7,100,11000.0,4295.24,1029.04,4.17403,0.000640314,0.672301,1,577.005928,15914.7,581.774,27.3555,0.00038823,0.37209,0,290.3398005,1465.04,413.387,3.54399,0.000119609,0.0841348,6,-353.8569896,2163.25,852.393,2.53786,0.000427368,0.288466
249.170658,1,AUTO,ARMED,5,AVAILABLE,UNAVAILABLE,UNAVAILABLE,248,7,ACTIVE,11,F1_N2-A3.NC,F1_N2-A3.NC,2077458.996,194564.758,5712.1,4151.7505,100,48.68333,8,100,0,7,100,11000.0,4295.24,1029.04,4.17403,0.000640314,0.672301,0,582.0204336,15914.7,581.774,27.3555,0.00038823,0.37209,0,290.3398076,1465.04,413.387,3.54399,0.000119609,0.0841348,6,-353.8569896,2163.25,852.393,2.53786,0.000427368,0.288466
249.330426,1,AUTO,ARMED,5,AVAILABLE,UNAVAILABLE,UNAVAILABLE,248,7,ACTIVE,11,F1_N2-A3.NC,F1_N2-A3.NC,2077458.996,194564.758,5712.1,4151.7505,100,48.68333,8,100,0,7,100,11000.0,4295.24,1029.04,4.17403,0.000640314,0.672301,0,592.049313,15914.7,581.774,27.3555,0.00038823,0.37209,0,290.3398076,1465.04,413.387,3.54399,0.000119609,0.0841348,6,-353.857001,2163.25,852.393,2.53786,0.000427368,0.288466
249.471866,1,AUTO,ARMED,5,AVAILABLE,UNAVAILABLE,UNAVAILABLE,248,7,ACTIVE,11,F1_N2-A3.NC,F1_N2-A3.NC,2077458.996,194564.758,5712.1,4151.7505,100,48.68333,8,100,0,7,100,11000.0,4295.24,1029.04,4.17403,0.000640314,0.672301,0,597.0635026,15914.7,581.774,27.3555,0.00038823,0.37209,0,290.3398076,1465.04,413.387,3.54399,0.000119609,0.0841348,6,-353.8570125,2163.25,852.393,2.53786,0.000427368,0.288466
249.622968,1,AUTO,ARMED,5,AVAILABLE,UNAVAILABLE,UNAVAILABLE,248,7,ACTIVE,11,F1_N2-A3.NC,F1_N2-A3.NC,2077458.996,194564.758,5712.1,4151.7505,100,48.68333,8,100,0,7,100,11000.0,4295.24,1029.04,4.17403,0.000640314,0.672301,0,602.0657976,15914.7,581.774,27.3555,0.00038823,0.37209,0,290.3397719,1465.04,413.387,3.54399,0.000119609,0.0841348,6,-353.857001,2163.25,852.393,2.53786,0.000427368,0.288466
249.779525,1,AUTO,ARMED,5,AVAILABLE,UNAVAILABLE,UNAVAILABLE,248,7,ACTIVE,11,F1_N2-A3.NC,F1_N2-A3.NC,2077458.996,194564.758,5712.1,4151.7505,100,48.68333,8,100,0,6,100,11000.0,4295.24,1029.04,4.17403,0.000640314,0.672301,1,614.6140387,15914.7,581.774,27.3555,0.00038823,0.37209,0,290.3398148,1465.04,413.387,3.54399,0.000119609,0.0841348,6,-353.8570125,2163.25,852.393,2.53786,0.000427368,0.288466
249.934747,1,AUTO,ARMED,5,AVAILABLE,UNAVAILABLE,UNAVAILABLE,248,7,ACTIVE,11,F1_N2-A3.NC,F1_N2-A3.NC,2077458.996,194564.758,5712.1,4151.7505,100,48.68333,8,100,0,6,100,11000.0,4295.24,1029.04,4.17403,0.000640314,0.672301,0,619.628289,15914.7,581.774,27.3555,0.00038823,0.37209,0,290.3398005,1465.04,413.387,3.54399,0.000119609,0.0841348,6,-353.857001,2163.25,852.393,2.53786,0.000427368,0.288466
250.07864,1,AUTO,ARMED,5,AVAILABLE,UNAVAILABLE,UNAVAILABLE,248,7,ACTIVE,11,F1_N2-A3.NC,F1_N2-A3.NC,2077458.996,194564.758,5712.1,4017.583,100,48.68333,8,100,0,6,100,11000.0,4415.22,1040.6,4.24296,0.000642808,0.689709,0,624.6548701,16082.8,673.582,23.8765,0.000461797,0.427428,0,290.3398005,1513.08,325.221,4.65247,0.00013377,0.0756936,6,-353.8569896,2163.25,630.536,3.43081,0.000319978,0.237833
250.223357,1,AUTO,ARMED,5,AVAILABLE,UNAVAILABLE,UNAVAILABLE,248,7,ACTIVE,11,F1_N2-A3.NC,F1_N2-A3.NC,2077458.996,194564.758,5712.1,4017.583,100,48.68333,9,100,0,6,100,11000.0,4415.22,1040.6,4.24296,0.000642808,0.689709,1,634.6713045,16082.8,673.582,23.8765,0.000461797,0.427428,0,290.3397933,1513.08,325.221,4.65247,0.00013377,0.0756936,6,-353.857001,2163.25,630.536,3.43081,0.000319978,0.237833
250.383502,1,AUTO,ARMED,5,AVAILABLE,UNAVAILABLE,UNAVAILABLE,248,7,ACTIVE,11,F1_N2-A3.NC,F1_N2-A3.NC,2077458.996,194564.758,5712.1,4017.583,100,48.68333,9,100,0,7,100,11000.0,4415.22,1040.6,4.24296,0.000642808,0.689709,0,639.6977697,16082.8,673.582,23.8765,0.000461797,0.427428,0,290.3398076,1513.08,325.221,4.65247,0.00013377,0.0756936,6,-353.8569896,2163.25,630.536,3.43081,0.000319978,0.237833
250.524349,1,AUTO,ARMED,5,AVAILABLE,UNAVAILABLE,UNAVAILABLE,248,7,ACTIVE,11,F1_N2-A3.NC,F1_N2-A3.NC,2077458.996,194564.758,5712.1,4017.583,100,48.68333,9,100,0,6,100,11000.0,4415.22,1040.6,4.24296,0.000642808,0.689709,1,649.7149046,16082.8,673.582,23.8765,0.000461797,0.427428,0,290.3398935,1513.08,325.221,4.65247,0.00013377,0.0756936,6,-353.857001,2163.25,630.536,3.43081,0.000319978,0.237833
250.667242,1,AUTO,ARMED,5,AVAILABLE,UNAVAILABLE,UNAVAILABLE,248,7,ACTIVE,11,F1_N2-A3.NC,F1_N2-A3.NC,2077458.996,194564.758,5712.1,4017.583,100,33.28333,9,100,0,5,100,11000.0,4415.22,1040.6,4.24296,0.000642808,0.689709,1,654.6104379,16082.8,673.582,23.8765,0.000461797,0.427428,0,290.3398434,1513.08,325.221,4.65247,0.00013377,0.0756936,6,-353.857001,2163.25,630.536,3.43081,0.000319978,0.237833
250.804947,1,AUTO,ARMED,5,AVAILABLE,UNAVAILABLE,UNAVAILABLE,249,7,ACTIVE,11,F1_N2-A3.NC,F1_N2-A3.NC,2077458.996,194564.758,5712.1,4017.583,100,8.933333,9,100,0,4,100,11000.0,4415.22,1040.6,4.24296,0.000642808,0.689709,0,655.6375934,16082.8,673.582,23.8765,0.000461797,0.427428,0,290.3398076,1513.08,325.221,4.65247,0.00013377,0.0756936,6,-353.857001,2163.25,630.536,3.43081,0.000319978,0.237833
250.963331,1,AUTO,ARMED,5,AVAILABLE,UNAVAILABLE,UNAVAILABLE,249,7,ACTIVE,11,F1_N2-A3.NC,F1_N2-A3.NC,2077458.996,194564.758,5712.1,4017.583,100,0.0,9,100,0,4,100,11000.0,4415.22,1040.6,4.24296,0.000642808,0.689709,0,655.6423997,16082.8,673.582,23.8765,0.000461797,0.427428,0,290.3398005,1513.08,325.221,4.65247,0.00013377,0.0756936,6,-353.8569896,2163.25,630.536,3.43081,0.000319978,0.237833
251.106515,1,AUTO,ARMED,5,AVAILABLE,UNAVAILABLE,UNAVAILABLE,249,7,ACTIVE,11,F1_N2-A3.NC,F1_N2-A3.NC,2077458.996,194564.758,5712.1,3738.468,100,0.0,10,100,0,4,100,11000.0,3095.45,848.438,3.64841,0.000654987,0.704509,0,655.6425427,15986.8,197.978,80.7504,0.000274442,0.165779,0,290.3398005,624.446,92.9412,6.71872,0.000164364,0.0718714,6,-353.857001,2163.25,818.531,2.64284,0.000231607,0.278561
251.2571,1,AUTO,ARMED,5,AVAILABLE,UNAVAILABLE,UNAVAILABLE,249,7,ACTIVE,11,F1_N2-A3.NC,F1_N2-A3.NC,2077458.996,194564.758,5712.1,3738.468,100,0.0,10,100,0,5,100,11000.0,3095.45,848.438,3.64841,0.000654987,0.704509,0,655.6425284,15986.8,197.978,80.7504,0.000274442,0.165779,0,290.3398076,624.446,92.9412,6.71872,0.000164364,0.0718714,6,-353.857001,2163.25,818.531,2.64284,0.000231607,0.278561
251.415479,1,AUTO,ARMED,5,AVAILABLE,UNAVAILABLE,UNAVAILABLE,249,7,ACTIVE,11,F1_N2-A3.NC,F1_N2-A3.NC,2077458.996,194564.758,5712.1,3738.468,100,0.0,10,100,0,4,100,11000.0,3095.45,848.438,3.64841,0.000654987,0.704509,0,655.6425284,15986.8,197.978,80.7504,0.000274442,0.165779,0,290.3398076,624.446,92.9412,6.71872,0.000164364,0.0718714,6,-353.857001,2163.25,818.531,2.64284,0.000231607,0.278561
251.559477,1,AUTO,ARMED,5,AVAILABLE,UNAVAILABLE,UNAVAILABLE,249,7,ACTIVE,11,F1_N2-A3.NC,F1_N2-A3.NC,2077458.996,194564.758,5712.1,3738.468,100,0.0,10,100,0,5,100,11000.0,3095.45,848.438,3.64841,0.000654987,0.704509,0,655.6425213,15986.8,197.978,80.7504,0.000274442,0.165779,0,290.3398005,624.446,92.9412,6.71872,0.000164364,0.0718714,6,-353.857001,2163.25,818.531,2.64284,0.000231607,0.278561
251.713453,1,AUTO,ARMED,5,AVAILABLE,UNAVAILABLE,UNAVAILABLE,249,7,ACTIVE,11,F1_N2-A3.NC,F1_N2-A3.NC,2077458.996,194564.758,5712.1,3738.468,100,0.0,10,100,0,5,100,11000.0,3095.45,848.438,3.64841,0.000654987,0.704509,0,655.6461885,15986.8,197.978,80.7504,0.000274442,0.165779,0,290.4020843,624.446,92.9412,6.71872,0.000164364,0.0718714,6,-353.8569896,2163.25,818.531,2.64284,0.000231607,0.278561
251.857447,1,AUTO,ARMED,5,AVAILABLE,UNAVAILABLE,UNAVAILABLE,251,7,ACTIVE,11,F1_N2-A3.NC,F1_N2-A3.NC,2077458.996,194564.758,5712.1,3738.468,100,0.0,10,100,0,5,100,11000.0,3095.45,848.438,3.64841,0.000654987,0.704509,0,655.3610781,15986.8,197.978,80.7504,0.000274442,0.165779,0,290.4670718,624.446,92.9412,6.71872,0.000164364,0.0718714,6,-353.857001,2163.25,818.531,2.64284,0.000231607,0.278561
252.010467,1,AUTO,ARMED,5,AVAILABLE,UNAVAILABLE,UNAVAILABLE,251,7,ACTIVE,11,F1_N2-A3.NC,F1_N2-A3.NC,2077458.996,194564.758,5712.1,3738.468,100,48.68333,10,100,0,4,100,11000.0,3095.45,848.438,3.64841,0.000654987,0.704509,0,651.2613968,15986.8,197.978,80.7504,0.000274442,0.165779,0,290.4668858,624.446,92.9412,6.71872,0.000164364,0.0718714,6,-353.857001,2163.25,818.531,2.64284,0.000231607,0.278561
252.158211,1,AUTO,ARMED,5,AVAILABLE,UNAVAILABLE,UNAVAILABLE,251,7,ACTIVE,11,F1_N2-A3.NC,F1_N2-A3.NC,2077458.996,194564.758,5712.1,3738.468,100,48.68333,11,100,0,5,100,11000.0,3767.33,916.348,4.11124,0.000632273,0.659082,0,646.2388811,14210.4,638.419,22.2587,0.000372168,0.324943,0,290.4667142,1344.96,326.06,4.12488,7.42823e-05,0.0655681,6,-353.8569896,2716.08,614.552,4.41961,0.000274528,0.224866
252.313585,1,AUTO,ARMED,5,AVAILABLE,UNAVAILABLE,UNAVAILABLE,251,7,ACTIVE,11,F1_N2-A3.NC,F1_N2-A3.NC,2077458.996,194564.758,5712.1,4142.5645,100,48.68333,11,100,0,6,100,11000.0,3767.33,916.348,4.11124,0.000632273,0.659082,0,631.2082354,14210.4,638.419,22.2587,0.000372168,0.324943,0,290.4668071,1344.96,326.06,4.12488,7.42823e-05,0.0655681,6,-353.857001,2716.08,614.552,4.41961,0.000274528,0.224866
252.459468,1,AUTO,ARMED,5,AVAILABLE,UNAVAILABLE,UNAVAILABLE,251,7,ACTIVE,11,F1_N2-A3.NC,F1_N2-A3.NC,2077458.996,194564.758,5712.1,4142.5645,100,48.68333,11,100,0,7,100,11000.0,3767.33,916.348,4.11124,0.000632273,0.659082,0,626.1816497,14210.4,638.419,22.2587,0.000372168,0.324943,0,290.4668,1344.96,326.06,4.12488,7.42823e-05,0.0655681,6,-353.8570125,2716.08,614.552,4.41961,0.000274528,0.224866
252.603956,1,AUTO,ARMED,5,AVAILABLE,UNAVAILABLE,UNAVAILABLE,251,7,ACTIVE,11,F1_N2-A3.NC,F1_N2-A3.NC,2077458.996,194564.758,5712.1,4142.5645,100,48.68333,11,100,0,7,100,11000.0,3767.33,916.348,4.11124,0.000632273,0.659082,0,616.1650915,14210.4,638.419,22.2587,0.000372168,0.324943,0,290.4668,1344.96,326.06,4.12488,7.42823e-05,0.0655681,6,-353.857001,2716.08,614.552,4.41961,0.000274528,0.224866
252.76017,1,AUTO,ARMED,5,AVAILABLE,UNAVAILABLE,UNAVAILABLE,251,7,ACTIVE,11,F1_N2-A3.NC,F1_N2-A3.NC,2077458.996,194564.758,5712.1,4142.5645,100,48.68333,11,100,0,5,100,11000.0,3767.33,916.348,4.11124,0.000632273,0.659082,0,611.1383985,14210.4,638.419,22.2587,0.000372168,0.324943,0,290.4668,1344.96,326.06,4.12488,7.42823e-05,0.0655681,6,-353.857001,2716.08,614.552,4.41961,0.000274528,0.224866
252.921298,1,AUTO,ARMED,5,AVAILABLE,UNAVAILABLE,UNAVAILABLE,251,7,ACTIVE,11,F1_N2-A3.NC,F1_N2-A3.NC,2077458.996,194564.758,5712.1,4142.5645,100,48.68333,11,100,0,5,100,11000.0,3767.33,916.348,4.11124,0.000632273,0.659082,0,606.1361029,14210.4,638.419,22.2587,0.000372168,0.324943,0,290.4668071,1344.96,326.06,4.12488,7.42823e-05,0.0655681,6,-353.8569896,2716.08,614.552,4.41961,0.000274528,0.224866
253.06522,1,AUTO,ARMED,5,AVAILABLE,UNAVAILABLE,UNAVAILABLE,251,7,ACTIVE,11,F1_N2-A3.NC,F1_N2-A3.NC,2077458.996,194564.758,5712.1,4142.5645,100,48.68333,11,100,0,5,100,11000.0,3767.33,916.348,4.11124,0.000632273,0.659082,0,596.0951686,14210.4,638.419,22.2587,0.000372168,0.324943,0,290.4668071,1344.96,326.06,4.12488,7.42823e-05,0.0655681,6,-353.8570125,2716.08,614.552,4.41961,0.000274528,0.224866
253.211165,1,AUTO,ARMED,5,AVAILABLE,UNAVAILABLE,UNAVAILABLE,251,7,ACTIVE,11,F1_N2-A3.NC,F1_N2-A3.NC,2077458.996,194564.758,5712.1,4142.5645,100,48.68333,12,100,0,7,100,11000.0,3623.36,978.737,3.70208,0.000653363,0.693898,0,586.0788752,13154.3,762.285,17.2564,0.000412478,0.461706,0,290.4668,1344.96,385.312,3.49057,9.19785e-05,0.0836691,6,-353.857001,2836.26,1161.65,2.44158,0.000359776,0.367961
253.350734,1,AUTO,ARMED,5,AVAILABLE,UNAVAILABLE,UNAVAILABLE,251,7,ACTIVE,11,F1_N2-A3.NC,F1_N2-A3.NC,2077458.996,194564.758,5712.1,4185.4307,100,48.68333,12,100,0,7,100,11000.0,3623.36,978.737,3.70208,0.000653363,0.693898,0,581.0766218,13154.3,762.285,17.2564,0.000412478,0.461706,0,290.4668,1344.96,385.312,3.49057,9.19785e-05,0.0836691,6,-353.8569896,2836.26,1161.65,2.44158,0.000359776,0.367961
253.492963,1,AUTO,ARMED,5,AVAILABLE,UNAVAILABLE,UNAVAILABLE,251,7,ACTIVE,11,F1_N2-A3.NC,F1_N2-A3.NC,2077458.996,194564.758,5712.1,4185.4307,100,48.68333,12,100,0,7,100,11000.0,3623.36,978.737,3.70208,0.000653363,0.693898,0,576.0499621,13154.3,762.285,17.2564,0.000412478,0.461706,0,290.4668,1344.96,385.312,3.49057,9.19785e-05,0.0836691,6,-353.8569896,2836.26,1161.65,2.44158,0.000359776,0.367961
253.635929,1,AUTO,ARMED,5,AVAILABLE,UNAVAILABLE,UNAVAILABLE,251,7,ACTIVE,11,F1_N2-A3.NC,F1_N2-A3.NC,2077458.996,194564.758,5712.1,4185.4307,100,48.68333,12,100,0,7,100,11000.0,3623.36,978.737,3.70208,0.000653363,0.693898,0,571.0353831,13154.3,762.285,17.2564,0.000412478,0.461706,0,290.4668071,1344.96,385.312,3.49057,9.19785e-05,0.0836691,6,-353.8569896,2836.26,1161.65,2.44158,0.000359776,0.367961
253.779738,1,AUTO,ARMED,5,AVAILABLE,UNAVAILABLE,UNAVAILABLE,251,7,ACTIVE,11,F1_N2-A3.NC,F1_N2-A3.NC,2077458.996,194564.758,5712.1,4185.4307,100,48.68333,12,100,0,7,100,11000.0,3623.36,978.737,3.70208,0.000653363,0.693898,0,558.4997211,13154.3,762.285,17.2564,0.000412478,0.461706,0,290.4668143,1344.96,385.312,3.49057,9.19785e-05,0.0836691,6,-353.857001,2836.26,1161.65,2.44158,0.000359776,0.367961
253.929284,1,AUTO,ARMED,5,AVAILABLE,UNAVAILABLE,UNAVAILABLE,251,7,ACTIVE,11,F1_N2-A3.NC,F1_N2-A3.NC,2077458.996,194564.758,5712.1,4185.4307,100,48.68333,12,100,0,6,100,11000.0,3623.36,978.737,3.70208,0.000653363,0.693898,0,553.4851225,13154.3,762.285,17.2564,0.000412478,0.461706,0,290.4668071,1344.96,385.312,3.49057,9.19785e-05,0.0836691,6,-353.8569896,2836.26,1161.65,2.44158,0.000359776,0.367961
254.091755,1,AUTO,ARMED,5,AVAILABLE,UNAVAILABLE,UNAVAILABLE,251,7,ACTIVE,11,F1_N2-A3.NC,F1_N2-A3.NC,2077458.996,194564.758,5712.1,4185.4307,100,48.68333,12,100,0,7,100,11000.0,3623.36,978.737,3.70208,0.000653363,0.693898,0,548.4830835,13154.3,762.285,17.2564,0.000412478,0.461706,0,290.4668,1344.96,385.312,3.49057,9.19785e-05,0.0836691,6,-353.8569896,2836.26,1161.65,2.44158,0.000359776,0.367961
254.245626,1,AUTO,ARMED,5,AVAILABLE,UNAVAILABLE,UNAVAILABLE,251,7,ACTIVE,11,F1_N2-A3.NC,F1_N2-A3.NC,2077458.996,194564.758,5712.1,4185.4307,100,48.68333,13,100,0,5,100,11000.0,3743.33,840.499,4.4537,0.00061903,0.678277,0,538.4521267,13658.4,155.327,87.9332,0.000155371,0.132353,0,290.4668644,1200.86,119.119,10.0812,0.000106316,0.0639871,6,-353.857001,2643.97,935.275,2.82694,0.000185179,0.305884
254.391159,1,AUTO,ARMED,5,AVAILABLE,UNAVAILABLE,UNAVAILABLE,251,7,ACTIVE,11,F1_N2-A3.NC,F1_N2-A3.NC,2077458.996,194564.758,5712.1,3665.4153,100,42.76667,13,100,0,4,100,11000.0,3743.33,840.499,4.4537,0.00061903,0.678277,0,536.2700208,13658.4,155.327,87.9332,0.000155371,0.132353,0,290.4668358,1200.86,119.119,10.0812,0.000106316,0.0639871,6,-353.857001,2643.97,935.275,2.82694,0.000185179,0.305884
254.531148,1,AUTO,ARMED,5,AVAILABLE,UNAVAILABLE,UNAVAILABLE,252,7,ACTIVE,11,F1_N2-A3.NC,F1_N2-A3.NC,2077458.996,194564.758,5712.1,3665.4153,100,0.0,13,100,0,4,100,11000.0,3743.33,840.499,4.4537,0.00061903,0.678277,0,536.2627968,13658.4,155.327,87.9332,0.000155371,0.132353,0,290.4668143,1200.86,119.119,10.0812,0.000106316,0.0639871,6,-353.857001,2643.97,935.275,2.82694,0.000185179,0.305884
254.678737,1,AUTO,ARMED,5,AVAILABLE,UNAVAILABLE,UNAVAILABLE,252,7,ACTIVE,11,F1_N2-A3.NC,F1_N2-A3.NC,2077458.996,194564.758,5712.1,3665.4153,100,0.0,13,100,0,4,100,11000.0,3743.33,840.499,4.4537,0.00061903,0.678277,0,536.2624178,13658.4,155.327,87.9332,0.000155371,0.132353,0,290.4668,1200.86,119.119,10.0812,0.000106316,0.0639871,6,-353.8569896,2643.97,935.275,2.82694,0.000185179,0.305884
254.818564,1,AUTO,ARMED,5,AVAILABLE,UNAVAILABLE,UNAVAILABLE,252,7,ACTIVE,11,F1_N2-A3.NC,F1_N2-A3.NC,2077458.996,194564.758,5712.1,3665.4153,100,0.0,13,100,0,4,100,11000.0,3743.33,840.499,4.4537,0.00061903,0.678277,0,536.2624392,13658.4,155.327,87.9332,0.000155371,0.132353,0,290.4667928,1200.86,119.119,10.0812,0.000106316,0.0639871,6,-353.857001,2643.97,935.275,2.82694,0.000185179,0.305884
254.961537,1,AUTO,ARMED,5,AVAILABLE,UNAVAILABLE,UNAVAILABLE,252,7,ACTIVE,11,F1_N2-A3.NC,F1_N2-A3.NC,2077458.996,194564.758,5712.1,3665.4153,100,0.0,13,100,0,4,100,11000.0,3743.33,840.499,4.4537,0.00061903,0.678277,0,536.2624821,13658.4,155.327,87.9332,0.000155371,0.132353,0,290.4668071,1200.86,119.119,10.0812,0.000106316,0.0639871,6,-353.857001,2643.97,935.275,2.82694,0.000185179,0.305884
255.117405,1,AUTO,ARMED,5,AVAILABLE,UNAVAILABLE,UNAVAILABLE,252,7,ACTIVE,11,F1_N2-A3.NC,F1_N2-A3.NC,2077458.996,194564.758,5712.1,3665.4153,100,0.0,13,100,0,5,100,11000.0,3743.33,840.499,4.4537,0.00061903,0.678277,0,536.2624821,13658.4,155.327,87.9332,0.000155371,0.132353,0,290.4668071,1200.86,119.119,10.0812,0.000106316,0.0639871,6,-353.8570125,2643.97,935.275,2.82694,0.000185179,0.305884
255.2619,1,AUTO,ARMED,5,AVAILABLE,UNAVAILABLE,UNAVAILABLE,252,7,ACTIVE,11,F1_N2-A3.NC,F1_N2-A3.NC,2077458.996,194564.758,5712.1,3665.4153,100,0.0,14,100,0,5,100,11000.0,3503.38,863.354,4.05787,0.000625977,0.689954,0,536.2624821,3480.6,157.171,22.1453,0.000136426,0.131721,0,290.4668,672.48,99.2377,6.77646,8.81295e-05,0.0602043,6,-353.857001,2475.72,924.642,2.67749,0.000332115,0.309461
255.401615,1,AUTO,ARMED,5,AVAILABLE,UNAVAILABLE,UNAVAILABLE,255,7,ACTIVE,11,F1_N2-A3.NC,F1_N2-A3.NC,2077458.996,194564.758,5712.1,3665.4153,100,0.0,14,100,0,5,100,11000.0,3503.38,863.354,4.05787,0.000625977,0.689954,0,536.2624964,3480.6,157.171,22.1453,0.000136426,0.131721,0,290.5943145,672.48,99.2377,6.77646,8.81295e-05,0.0602043,6,-353.857001,2475.72,924.642,2.67749,0.000332115,0.309461
255.54398,1,AUTO,ARMED,5,AVAILABLE,UNAVAILABLE,UNAVAILABLE,256,7,ACTIVE,11,F1_N2-A3.NC,F1_N2-A3.NC,2077458.996,194564.758,5712.1,3715.6328,100,0.0,14,100,0,4,100,11000.0,3503.38,863.354,4.05787,0.000625977,0.689954,0,536.2624964,3480.6,157.171,22.1453,0.000136426,0.131721,0,290.5938424,672.48,99.2377,6.77646,8.81295e-05,0.0602043,6,-353.857001,2475.72,924.642,2.67749,0.000332115,0.309461
255.691656,1,AUTO,ARMED,5,AVAILABLE,UNAVAILABLE,UNAVAILABLE,256,7,ACTIVE,11,F1_N2-A3.NC,F1_N2-A3.NC,2077458.996,194564.758,5712.1,3715.6328,100,0.0,14,100,0,4,100,11000.0,3503.38,863.354,4.05787,0.000625977,0.689954,0,536.2624964,3480.6,157.171,22.1453,0.000136426,0.131721,0,290.5938066,672.48,99.2377,6.77646,8.81295e-05,0.0602043,6,-353.857001,2475.72,924.642,2.67749,0.000332115,0.309461
255.833444,1,AUTO,ARMED,5,AVAILABLE,UNAVAILABLE,UNAVAILABLE,256,7,ACTIVE,11,F1_N2-A3.NC,F1_N2-A3.NC,2077458.996,194564.758,5712.1,3715.6328,100,0.0,14,100,0,4,100,11000.0,3503.38,863.354,4.05787,0.000625977,0.689954,0,536.2624964,3480.6,157.171,22.1453,0.000136426,0.131721,0,290.5937923,672.48,99.2377,6.77646,8.81295e-05,0.0602043,6,-353.857001,2475.72,924.642,2.67749,0.000332115,0.309461
255.977452,1,AUTO,ARMED,5,AVAILABLE,UNAVAILABLE,UNAVAILABLE,256,7,ACTIVE,11,F1_N2-A3.NC,F1_N2-A3.NC,2077458.996,194564.758,5712.1,3715.6328,100,0.0,14,100,0,5,100,11000.0,3503.38,863.354,4.05787,0.000625977,0.689954,0,536.2624964,3480.6,157.171,22.1453,0.000136426,0.131721,0,290.5937995,672.48,99.2377,6.77646,8.81295e-05,0.0602043,6,-353.8570125,2475.72,924.642,2.67749,0.000332115,0.309461
256.127688,1,AUTO,ARMED,5,AVAILABLE,UNAVAILABLE,UNAVAILABLE,256,7,ACTIVE,11,F1_N2-A3.NC,F1_N2-A3.NC,2077458.996,194564.758,5712.1,3715.6328,100,0.0,15,100,0,5,100,11000.0,3503.38,863.354,4.05787,0.000625977,0.689954,0,536.2624964,3480.6,157.171,22.1453,0.000136426,0.131721,0,290.5937923,672.48,99.2377,6.77646,8.81295e-05,0.0602043,6,-353.8569896,2475.72,924.642,2.67749,0.000332115,0.309461
256.26862,1,AUTO,ARMED,5,AVAILABLE,UNAVAILABLE,UNAVAILABLE,256,7,ACTIVE,11,F1_N2-A3.NC,F1_N2-A3.NC,2077458.996,194564.758,5712.1,3715.6328,100,0.0,15,100,0,5,100,11000.0,3503.38,863.354,4.05787,0.000625977,0.689954,0,536.2624964,3480.6,157.171,22.1453,0.000136426,0.131721,0,290.5937923,672.48,99.2377,6.77646,8.81295e-05,0.0602043,6,-353.857001,2475.72,924.642,2.67749,0.000332115,0.309461
256.419577,1,AUTO,ARMED,5,AVAILABLE,UNAVAILABLE,UNAVAILABLE,256,7,ACTIVE,11,F1_N2-A3.NC,F1_N2-A3.NC,2077458.996,194564.758,5712.1,3715.6328,100,0.0,15,100,0,4,100,11000.0,3311.41,1014.38,3.26447,0.0006417,0.697679,0,536.2636954,8545.47,584.825,14.612,0.000235011,0.212338,0,290.5937923,600.428,488.264,1.22972,8.60106e-05,0.0819317,6,-353.8569896,2379.58,635.123,3.74664,0.00034829,0.233111
256.558493,1,AUTO,ARMED,5,AVAILABLE,UNAVAILABLE,UNAVAILABLE,257,7,ACTIVE,11,F1_N2-A3.NC,F1_N2-A3.NC,2077458.996,194564.758,5712.1,4326.8135,100,55.03333,15,100,0,4,100,11000.0,3311.41,1014.38,3.26447,0.0006417,0.697679,1,539.4267825,8545.47,584.825,14.612,0.000235011,0.212338,0,290.5937995,600.428,488.264,1.22972,8.60106e-05,0.0819317,6,-353.8570125,2379.58,635.123,3.74664,0.00034829,0.233111
256.703466,1,AUTO,ARMED,5,AVAILABLE,UNAVAILABLE,UNAVAILABLE,257,7,ACTIVE,11,F1_N2-A3.NC,F1_N2-A3.NC,2077458.996,194564.758,5712.1,4326.8135,100,55.03333,15,100,0,5,100,11000.0,3311.41,1014.38,3.26447,0.0006417,0.697679,1,545.0740171,8545.47,584.825,14.612,0.000235011,0.212338,0,290.5936779,600.428,488.264,1.22972,8.60106e-05,0.0819317,6,-353.8570125,2379.58,635.123,3.74664,0.00034829,0.233111
256.869463,1,AUTO,ARMED,5,AVAILABLE,UNAVAILABLE,UNAVAILABLE,257,7,ACTIVE,11,F1_N2-A3.NC,F1_N2-A3.NC,2077458.996,194564.758,5712.1,4326.8135,100,55.03333,15,100,0,7,100,11000.0,3311.41,1014.38,3.26447,0.0006417,0.697679,0,556.3970818,8545.47,584.825,14.612,0.000235011,0.212338,0,290.5937852,600.428,488.264,1.22972,8.60106e-05,0.0819317,6,-353.8569896,2379.58,635.123,3.74664,0.00034829,0.233111
257.015532,1,AUTO,ARMED,5,AVAILABLE,UNAVAILABLE,UNAVAILABLE,257,7,ACTIVE,11,F1_N2-A3.NC,F1_N2-A3.NC,2077458.996,194564.758,5712.1,4326.8135,100,55.03333,15,100,0,7,100,11000.0,3311.41,1014.38,3.26447,0.0006417,0.697679,0,562.0789758,8545.47,584.825,14.612,0.000235011,0.212338,0,290.5937995,600.428,488.264,1.22972,8.60106e-05,0.0819317,6,-353.8569896,2379.58,635.123,3.74664,0.00034829,0.233111
257.157296,1,AUTO,ARMED,5,AVAILABLE,UNAVAILABLE,UNAVAILABLE,257,7,ACTIVE,11,F1_N2-A3.NC,F1_N2-A3.NC,2077458.996,194564.758,5712.1,4326.8135,100,55.03333,16,100,0,7,100,11000.0,3311.41,1014.38,3.26447,0.0006417,0.697679,1,573.4022557,8545.47,584.825,14.612,0.000235011,0.212338,0,290.5938066,600.428,488.264,1.22972,8.60106e-05,0.0819317,6,-353.8569896,2379.58,635.123,3.74664,0.00034829,0.233111
257.305913,1,AUTO,ARMED,5,AVAILABLE,UNAVAILABLE,UNAVAILABLE,257,7,ACTIVE,11,F1_N2-A3.NC,F1_N2-A3.NC,2077458.996,194564.758,5712.1,4326.8135,100,55.03333,16,100,0,6,100,11000.0,3311.41,1014.38,3.26447,0.0006417,0.697679,0,579.0843697,8545.47,584.825,14.612,0.000235011,0.212338,0,290.5938066,600.428,488.264,1.22972,8.60106e-05,0.0819317,6,-353.8570125,2379.58,635.123,3.74664,0.00034829,0.233111
257.464484,1,AUTO,ARMED,5,AVAILABLE,UNAVAILABLE,UNAVAILABLE,257,7,ACTIVE,11,F1_N2-A3.NC,F1_N2-A3.NC,2077458.996,194564.758,5712.1,4326.8135,100,55.03333,16,100,0,7,100,11000.0,4343.23,999.461,4.34557,0.000621075,0.654414,0,590.4075159,20307.5,821.429,24.7222,0.000469273,0.496827,0,290.5937995,1272.91,409.486,3.10856,0.000103658,0.0882568,6,-353.8570125,2427.65,902.886,2.68877,0.000224305,0.295742
257.610824,1,AUTO,ARMED,5,AVAILABLE,UNAVAILABLE,UNAVAILABLE,257,7,ACTIVE,11,F1_N2-A3.NC,F1_N2-A3.NC,2077458.996,194564.758,5712.1,4326.8135,100,55.03333,16,100,0,7,100,11000.0,4343.23,999.461,4.34557,0.000621075,0.654414,0,596.0897839,20307.5,821.429,24.7222,0.000469273,0.496827,0,290.5937995,1272.91,409.486,3.10856,0.000103658,0.0882568,6,-353.857001,2427.65,902.886,2.68877,0.000224305,0.295742
257.753459,1,AUTO,ARMED,5,AVAILABLE,UNAVAILABLE,UNAVAILABLE,257,7,ACTIVE,11,F1_N2-A3.NC,F1_N2-A3.NC,2077458.996,194564.758,5712.1,4209.3721,100,55.03333,16,100,0,6,100,11000.0,4343.23,999.461,4.34557,0.000621075,0.654414,0,601.7581046,20307.5,821.429,24.7222,0.000469273,0.496827,0,290.5937995,1272.91,409.486,3.10856,0.000103658,0.0882568,6,-353.8569896,2427.65,902.886,2.68877,0.000224305,0.295742
257.897104,1,AUTO,ARMED,5,AVAILABLE,UNAVAILABLE,UNAVAILABLE,257,7,ACTIVE,11,F1_N2-A3.NC,F1_N2-A3.NC,2077458.996,194564.758,5712.1,4209.3721,100,55.03333,16,100,0,5,100,11000.0,4343.23,999.461,4.34557,0.000621075,0.654414,0,610.2470794,20307.5,821.429,24.7222,0.000469273,0.496827,0,290.5937637,1272.91,409.486,3.10856,0.000103658,0.0882568,6,-353.857001,2427.65,902.886,2.68877,0.000224305,0.295742
258.04446,1,AUTO,ARMED,5,AVAILABLE,UNAVAILABLE,UNAVAILABLE,257,7,ACTIVE,11,F1_N2-A3.NC,F1_N2-A3.NC,2077458.996,194564.758,5712.1,4209.3721,100,55.03333,16,100,0,7,100,11000.0,4343.23,999.461,4.34557,0.000621075,0.654414,0,621.597656,20307.5,821.429,24.7222,0.000469273,0.496827,0,290.5937923,1272.91,409.486,3.10856,0.000103658,0.0882568,6,-353.857001,2427.65,902.886,2.68877,0.000224305,0.295742
258.184056,1,AUTO,ARMED,5,AVAILABLE,UNAVAILABLE,UNAVAILABLE,257,7,ACTIVE,11,F1_N2-A3.NC,F1_N2-A3.NC,2077458.996,194564.758,5712.1,4209.3721,100,55.03333,17,100,0,7,100,11000.0,4343.23,999.461,4.34557,0.000621075,0.654414,1,627.2525026,20307.5,821.429,24.7222,0.000469273,0.496827,0,290.5938066,1272.91,409.486,3.10856,0.000103658,0.0882568,6,-353.8569782,2427.65,902.886,2.68877,0.000224305,0.295742
258.335459,1,AUTO,ARMED,5,AVAILABLE,UNAVAILABLE,UNAVAILABLE,257,7,ACTIVE,11,F1_N2-A3.NC,F1_N2-A3.NC,2077458.996,194564.758,5712.1,4209.3721,100,55.03333,17,100,0,8,100,11000.0,4343.23,999.461,4.34557,0.000621075,0.654414,1,632.9208315,20307.5,821.429,24.7222,0.000469273,0.496827,0,290.5938066,1272.91,409.486,3.10856,0.000103658,0.0882568,6,-353.8569896,2427.65,902.886,2.68877,0.000224305,0.295742
258.477775,1,AUTO,ARMED,5,AVAILABLE,UNAVAILABLE,UNAVAILABLE,257,7,ACTIVE,11,F1_N2-A3.NC,F1_N2-A3.NC,2077458.996,194564.758,5712.1,4209.3721,100,55.03333,17,100,0,6,100,11000.0,4295.24,850.865,5.04809,0.000649184,0.706531,0,644.2577126,18579.2,284.474,65.3107,0.000278364,0.164419,0,290.5938066,1368.98,95.4129,14.348,0.00019122,0.0709294,6,-353.8570125,2139.22,686.193,3.11752,0.000198229,0.246922
258.622442,1,AUTO,ARMED,5,AVAILABLE,UNAVAILABLE,UNAVAILABLE,257,7,ACTIVE,11,F1_N2-A3.NC,F1_N2-A3.NC,2077458.996,194564.758,5712.1,4209.3721,100,55.03333,17,100,0,6,100,11000.0,4295.24,850.865,5.04809,0.000649184,0.706531,0,655.0865772,18579.2,284.474,65.3107,0.000278364,0.164419,0,290.5938495,1368.98,95.4129,14.348,0.00019122,0.0709294,6,-353.857001,2139.22,686.193,3.11752,0.000198229,0.246922
258.772438,1,AUTO,ARMED,5,AVAILABLE,UNAVAILABLE,UNAVAILABLE,257,7,ACTIVE,11,F1_N2-A3.NC,F1_N2-A3.NC,2077458.996,194564.758,5712.1,3604.7754,100,4.383333,17,100,0,6,100,11000.0,4295.24,850.865,5.04809,0.000649184,0.706531,0,655.6391454,18579.2,284.474,65.3107,0.000278364,0.164419,0,290.5938209,1368.98,95.4129,14.348,0.00019122,0.0709294,6,-353.857001,2139.22,686.193,3.11752,0.000198229,0.246922
258.918399,1,AUTO,ARMED,5,AVAILABLE,UNAVAILABLE,UNAVAILABLE,258,7,ACTIVE,11,F1_N2-A3.NC,F1_N2-A3.NC,2077458.996,194564.758,5712.1,3604.7754,100,0.0,17,100,0,4,100,11000.0,4295.24,850.865,5.04809,0.000649184,0.706531,0,655.6426,18579.2,284.474,65.3107,0.000278364,0.164419,0,290.5938066,1368.98,95.4129,14.348,0.00019122,0.0709294,6,-353.8569896,2139.22,686.193,3.11752,0.000198229,0.246922
259.071482,1,AUTO,ARMED,5,AVAILABLE,UNAVAILABLE,UNAVAILABLE,258,7,ACTIVE,11,F1_N2-A3.NC,F1_N2-A3.NC,2077458.996,194564.758,5712.1,3604.7754,100,0.0,17,100,0,4,100,11000.0,4295.24,850.865,5.04809,0.000649184,0.706531,0,655.6425785,18579.2,284.474,65.3107,0.000278364,0.164419,0,290.5938066,1368.98,95.4129,14.348,0.00019122,0.0709294,6,-353.857001,2139.22,686.193,3.11752,0.000198229,0.246922
259.221735,1,AUTO,ARMED,5,AVAILABLE,UNAVAILABLE,UNAVAILABLE,258,7,ACTIVE,11,F1_N2-A3.NC,F1_N2-A3.NC,2077458.996,194564.758,5712.1,3604.7754,100,0.0,18,100,0,4,100,11000.0,4295.24,850.865,5.04809,0.000649184,0.706531,0,655.6425642,18579.2,284.474,65.3107,0.000278364,0.164419,0,290.5937995,1368.98,95.4129,14.348,0.00019122,0.0709294,6,-353.857001,2139.22,686.193,3.11752,0.000198229,0.246922
259.365556,1,AUTO,ARMED,5,AVAILABLE,UNAVAILABLE,UNAVAILABLE,258,7,ACTIVE,11,F1_N2-A3.NC,F1_N2-A3.NC,2077458.996,194564.758,5712.1,3604.7754,100,0.0,18,100,0,5,100,11000.0,4295.24,850.865,5.04809,0.000649184,0.706531,0,655.6425213,18579.2,284.474,65.3107,0.000278364,0.164419,0,290.5937995,1368.98,95.4129,14.348,0.00019122,0.0709294,6,-353.8570125,2139.22,686.193,3.11752,0.000198229,0.246922
259.503443,1,AUTO,ARMED,5,AVAILABLE,UNAVAILABLE,UNAVAILABLE,258,7,ACTIVE,11,F1_N2-A3.NC,F1_N2-A3.NC,2077458.996,194564.758,5712.1,3604.7754,100,0.0,18,100,0,5,100,11000.0,3215.43,854.161,3.76443,0.000651188,0.707706,0,655.642507,1440.25,273.544,5.26515,0.00029601,0.159035,0,290.5937923,600.428,327.457,1.83361,0.000151826,0.0854286,6,-353.857001,2067.11,986.32,2.09578,0.000404798,0.324331
259.651583,1,AUTO,ARMED,5,AVAILABLE,UNAVAILABLE,UNAVAILABLE,258,7,ACTIVE,11,F1_N2-A3.NC,F1_N2-A3.NC,2077458.996,194564.758,5712.1,3604.7754,100,0.0,18,100,0,6,100,11000.0,3215.43,854.161,3.76443,0.000651188,0.707706,0,655.6424998,1440.25,273.544,5.26515,0.00029601,0.159035,0,290.5937995,600.428,327.457,1.83361,0.000151826,0.0854286,6,-353.8569896,2067.11,986.32,2.09578,0.000404798,0.324331
259.797027,1,AUTO,ARMED,5,AVAILABLE,UNAVAILABLE,UNAVAILABLE,258,7,ACTIVE,11,F1_N2-A3.NC,F1_N2-A3.NC,2077458.996,194564.758,5712.1,4247.1636,100,0.0,18,100,0,5,100,11000.0,3215.43,854.161,3.76443,0.000651188,0.707706,0,655.642507,1440.25,273.544,5.26515,0.00029601,0.159035,0,290.5938066,600.428,327.457,1.83361,0.000151826,0.0854286,6,-353.857001,2067.11,986.32,2.09578,0.000404798,0.324331
259.962197,1,AUTO,ARMED,5,AVAILABLE,UNAVAILABLE,UNAVAILABLE,260,7,ACTIVE,11,F1_N2-A3.NC,F1_N2-A3.NC,2077458.996,194564.758,5712.1,4247.1636,100,43.5,18,100,0,5,100,11000.0,3215.43,854.161,3.76443,0.000651188,0.707706,0,650.1081953,1440.25,273.544,5.26515,0.00029601,0.159035,0,290.7207704,600.428,327.457,1.83361,0.000151826,0.0854286,6,-353.8569896,2067.11,986.32,2.09578,0.000404798,0.324331
260.10391,1,AUTO,ARMED,5,AVAILABLE,UNAVAILABLE,UNAVAILABLE,260,7,ACTIVE,11,F1_N2-A3.NC,F1_N2-A3.NC,2077458.996,194564.758,5712.1,4247.1636,100,49.26667,18,100,0,6,100,11000.0,3215.43,854.161,3.76443,0.000651188,0.707706,0,644.4297676,1440.25,273.544,5.26515,0.00029601,0.159035,0,290.7207418,600.428,327.457,1.83361,0.000151826,0.0854286,6,-353.857001,2067.11,986.32,2.09578,0.000404798,0.324331
260.267516,1,AUTO,ARMED,5,AVAILABLE,UNAVAILABLE,UNAVAILABLE,260,7,ACTIVE,11,F1_N2-A3.NC,F1_N2-A3.NC,2077458.996,194564.758,5712.1,4247.1636,100,55.03333,19,100,0,7,100,11000.0,3215.43,854.161,3.76443,0.000651188,0.707706,0,633.1064826,1440.25,273.544,5.26515,0.00029601,0.159035,0,290.720799,600.428,327.457,1.83361,0.000151826,0.0854286,6,-353.8570125,2067.11,986.32,2.09578,0.000404798,0.324331
260.414025,1,AUTO,ARMED,5,AVAILABLE,UNAVAILABLE,UNAVAILABLE,260,7,ACTIVE,11,F1_N2-A3.NC,F1_N2-A3.NC,2077458.996,194564.758,5712.1,4247.1636,100,55.03333,19,100,0,7,100,11000.0,3215.43,854.161,3.76443,0.000651188,0.707706,0,621.7558299,1440.25,273.544,5.26515,0.00029601,0.159035,0,290.7208133,600.428,327.457,1.83361,0.000151826,0.0854286,6,-353.857001,2067.11,986.32,2.09578,0.000404798,0.324331
260.561742,1,AUTO,ARMED,5,AVAILABLE,UNAVAILABLE,UNAVAILABLE,260,7,ACTIVE,11,F1_N2-A3.NC,F1_N2-A3.NC,2077458.996,194564.758,5712.1,4247.1636,100,55.03333,19,100,0,6,100,11000.0,3695.34,956.805,3.86217,0.000637587,0.679331,0,616.1013564,15506.7,624.105,24.8463,0.000323899,0.321563,0,290.7208204,1392.99,353.064,3.94543,0.000155415,0.0741401,6,-353.8569896,2427.65,892.055,2.72141,0.000297091,0.302724
260.707705,1,AUTO,ARMED,5,AVAILABLE,UNAVAILABLE,UNAVAILABLE,260,7,ACTIVE,11,F1_N2-A3.NC,F1_N2-A3.NC,2077458.996,194564.758,5712.1,4247.1636,100,55.03333,19,100,0,6,100,11000.0,3695.34,956.805,3.86217,0.000637587,0.679331,0,610.4329501,15506.7,624.105,24.8463,0.000323899,0.321563,0,290.7208061,1392.99,353.064,3.94543,0.000155415,0.0741401,6,-353.8569896,2427.65,892.055,2.72141,0.000297091,0.302724
260.847305,1,AUTO,ARMED,5,AVAILABLE,UNAVAILABLE,UNAVAILABLE,260,7,ACTIVE,11,F1_N2-A3.NC,F1_N2-A3.NC,2077458.996,194564.758,5712.1,4247.1636,100,55.03333,19,100,0,6,100,11000.0,3695.34,956.805,3.86217,0.000637587,0.679331,0,604.7504658,15506.7,624.105,24.8463,0.000323899,0.321563,0,290.7208133,1392.99,353.064,3.94543,0.000155415,0.0741401,6,-353.8569896,2427.65,892.055,2.72141,0.000297091,0.302724
260.989831,1,AUTO,ARMED,5,AVAILABLE,UNAVAILABLE,UNAVAILABLE,260,7,ACTIVE,11,F1_N2-A3.NC,F1_N2-A3.NC,2077458.996,194564.758,5712.1,4215.2271,100,55.03333,19,100,0,6,100,11000.0,3695.34,956.805,3.86217,0.000637587,0.679331,0,599.0958352,15506.7,624.105,24.8463,0.000323899,0.321563,0,290.7208061,1392.99,353.064,3.94543,0.000155415,0.0741401,6,-353.857001,2427.65,892.055,2.72141,0.000297091,0.302724
261.130547,1,AUTO,ARMED,5,AVAILABLE,UNAVAILABLE,UNAVAILABLE,260,7,ACTIVE,11,F1_N2-A3.NC,F1_N2-A3.NC,2077458.996,194564.758,5712.1,4215.2271,100,55.03333,20,100,0,7,100,11000.0,3695.34,956.805,3.86217,0.000637587,0.679331,0,582.0905368,15506.7,624.105,24.8463,0.000323899,0.321563,0,290.7207847,1392.99,353.064,3.94543,0.000155415,0.0741401,6,-353.8570125,2427.65,892.055,2.72141,0.000297091,0.302724
261.27308,1,AUTO,ARMED,5,AVAILABLE,UNAVAILABLE,UNAVAILABLE,260,7,ACTIVE,11,F1_N2-A3.NC,F1_N2-A3.NC,2077458.996,194564.758,5712.1,4215.2271,100,55.03333,20,100,0,7,100,11000.0,3695.34,956.805,3.86217,0.000637587,0.679331,0,576.4222185,15506.7,624.105,24.8463,0.000323899,0.321563,0,290.7208061,1392.99,353.064,3.94543,0.000155415,0.0741401,6,-353.857001,2427.65,892.055,2.72141,0.000297091,0.302724
261.418452,1,AUTO,ARMED,5,AVAILABLE,UNAVAILABLE,UNAVAILABLE,260,7,ACTIVE,11,F1_N2-A3.NC,F1_N2-A3.NC,2077458.996,194564.758,5712.1,4215.2271,100,55.03333,20,100,0,7,100,11000.0,3695.34,956.805,3.86217,0.000637587,0.679331,0,570.7398239,15506.7,624.105,24.8463,0.000323899,0.321563,0,290.720799,1392.99,353.064,3.94543,0.000155415,0.0741401,6,-353.8569896,2427.65,892.055,2.72141,0.000297091,0.302724
261.560472,1,AUTO,ARMED,5,AVAILABLE,UNAVAILABLE,UNAVAILABLE,260,7,ACTIVE,11,F1_N2-A3.NC,F1_N2-A3.NC,2077458.996,194564.758,5712.1,4215.2271,100,55.03333,20,100,0,7,100,11000.0,3695.34,956.805,3.86217,0.000637587,0.679331,0,559.416813,15506.7,624.105,24.8463,0.000323899,0.321563,0,290.7208061,1392.99,353.064,3.94543,0.000155415,0.0741401,6,-353.857001,2427.65,892.055,2.72141,0.000297091,0.302724
261.708339,1,AUTO,ARMED,5,AVAILABLE,UNAVAILABLE,UNAVAILABLE,260,7,ACTIVE,11,F1_N2-A3.NC,F1_N2-A3.NC,2077458.996,194564.758,5712.1,4215.2271,100,55.03333,20,100,0,7,100,11000.0,3791.33,855.806,4.43013,0.000639017,0.696024,0,556.5828281,16586.9,595.758,27.8417,0.000300364,0.241306,0,290.7207918,1320.94,171.676,7.69438,9.9828e-05,0.0646966,6,-353.857001,2547.83,770.853,3.30521,0.000229516,0.264257
261.849661,1,AUTO,ARMED,5,AVAILABLE,UNAVAILABLE,UNAVAILABLE,260,7,ACTIVE,11,F1_N2-A3.NC,F1_N2-A3.NC,2077458.996,194564.758,5712.1,4215.2271,100,55.03333,20,100,0,7,100,11000.0,3791.33,855.806,4.43013,0.000639017,0.696024,0,545.245948,16586.9,595.758,27.8417,0.000300364,0.241306,0,290.7208061,1320.94,171.676,7.69438,9.9828e-05,0.0646966,6,-353.8569896,2547.83,770.853,3.30521,0.000229516,0.264257
261.989352,1,AUTO,ARMED,5,AVAILABLE,UNAVAILABLE,UNAVAILABLE,260,7,ACTIVE,11,F1_N2-A3.NC,F1_N2-A3.NC,2077458.996,194564.758,5712.1,3629.1917,100,55.03333,20,100,0,6,100,11000.0,3791.33,855.806,4.43013,0.000639017,0.696024,0,539.5787596,16586.9,595.758,27.8417,0.000300364,0.241306,0,290.7208848,1320.94,171.676,7.69438,9.9828e-05,0.0646966,6,-353.857001,2547.83,770.853,3.30521,0.000229516,0.264257
262.136177,1,AUTO,ARMED,5,AVAILABLE,UNAVAILABLE,UNAVAILABLE,260,7,ACTIVE,11,F1_N2-A3.NC,F1_N2-A3.NC,2077458.996,194564.758,5712.1,3629.1917,100,34.55,20,100,0,4,100,11000.0,3791.33,855.806,4.43013,0.000639017,0.696024,0,536.289876,16586.9,595.758,27.8417,0.000300364,0.241306,0,290.7208419,1320.94,171.676,7.69438,9.9828e-05,0.0646966,6,-353.8569896,2547.83,770.853,3.30521,0.000229516,0.264257
262.279284,1,AUTO,ARMED,5,AVAILABLE,UNAVAILABLE,UNAVAILABLE,261,7,ACTIVE,11,F1_N2-A3.NC,F1_N2-A3.NC,2077458.996,194564.758,5712.1,3629.1917,100,0.0,21,100,0,4,100,11000.0,3791.33,855.806,4.43013,0.000639017,0.696024,0,536.2624178,16586.9,595.758,27.8417,0.000300364,0.241306,0,290.7208133,1320.94,171.676,7.69438,9.9828e-05,0.0646966,6,-353.857001,2547.83,770.853,3.30521,0.000229516,0.264257
262.428877,1,AUTO,ARMED,5,AVAILABLE,UNAVAILABLE,UNAVAILABLE,261,7,ACTIVE,11,F1_N2-A3.NC,F1_N2-A3.NC,2077458.996,194564.758,5712.1,3629.1917,100,0.0,21,100,0,3,100,11000.0,3791.33,855.806,4.43013,0.000639017,0.696024,0,536.2624106,16586.9,595.758,27.8417,0.000300364,0.241306,0,290.720799,1320.94,171.676,7.69438,9.9828e-05,0.0646966,6,-353.8569896,2547.83,770.853,3.30521,0.000229516,0.264257
262.570269,1,AUTO,ARMED,5,AVAILABLE,UNAVAILABLE,UNAVAILABLE,261,7,ACTIVE,11,F1_N2-A3.NC,F1_N2-A3.NC,2077458.996,194564.758,5712.1,3629.1917,100,0.0,21,100,0,3,100,11000.0,3791.33,855.806,4.43013,0.000639017,0.696024,0,536.2624392,16586.9,595.758,27.8417,0.000300364,0.241306,0,290.7207918,1320.94,171.676,7.69438,9.9828e-05,0.0646966,6,-353.8569896,2547.83,770.853,3.30521,0.000229516,0.264257
262.713156,1,AUTO,ARMED,5,AVAILABLE,UNAVAILABLE,UNAVAILABLE,261,7,ACTIVE,11,F1_N2-A3.NC,F1_N2-A3.NC,2077458.996,194925.237,5712.1,3629.1917,100,0.0,21,100,0,4,100,11000.0,3287.42,847.232,3.88019,0.000619982,0.685938,0,536.262475,3624.62,151.189,23.9741,0.000143607,0.127951,0,290.720799,600.428,106.313,5.64774,0.000124333,0.0670429,6,-353.857001,2211.32,868.104,2.5473,0.000201346,0.28784
262.856,1,AUTO,ARMED,5,AVAILABLE,UNAVAILABLE,UNAVAILABLE,261,7,ACTIVE,11,F1_N2-A3.NC,F1_N2-A3.NC,2077458.996,194925.237,5712.1,3629.1917,100,0.0,21,100,0,5,100,11000.0,3287.42,847.232,3.88019,0.000619982,0.685938,0,536.2624821,3624.62,151.189,23.9741,0.000143607,0.127951,0,290.720799,600.428,106.313,5.64774,0.000124333,0.0670429,6,-353.857001,2211.32,868.104,2.5473,0.000201346,0.28784
262.999992,1,AUTO,ARMED,5,AVAILABLE,UNAVAILABLE,UNAVAILABLE,261,7,ACTIVE,11,F1_N2-A3.NC,F1_N2-A3.NC,2077458.996,194925.237,5712.1,10114.4209,100,0.0,21,100,0,5,100,11000.0,3287.42,847.232,3.88019,0.000619982,0.685938,0,536.2624893,3624.62,151.189,23.9741,0.000143607,0.127951,0,290.7208061,600.428,106.313,5.64774,0.000124333,0.0670429,6,-353.857001,2211.32,868.104,2.5473,0.000201346,0.28784
263.147129,1,AUTO,ARMED,5,AVAILABLE,UNAVAILABLE,UNAVAILABLE,261,7,ACTIVE,11,F1_N2-A3.NC,F1_N2-A3.NC,2077458.996,194925.237,5712.1,10114.4209,100,0.0,21,100,0,4,100,11000.0,3287.42,847.232,3.88019,0.000619982,0.685938,0,536.2624964,3624.62,151.189,23.9741,0.000143607,0.127951,0,290.720799,600.428,106.313,5.64774,0.000124333,0.0670429,6,-353.857001,2211.32,868.104,2.5473,0.000201346,0.28784
263.290698,1,AUTO,ARMED,5,AVAILABLE,UNAVAILABLE,UNAVAILABLE,264,7,ACTIVE,11,F1_N2-A3.NC,F1_N2-A3.NC,2077458.996,194925.237,5712.1,10114.4209,100,0.0,22,100,0,7,100,11034.77961,3287.42,847.232,3.88019,0.000619982,0.685938,0,536.2624964,3624.62,151.189,23.9741,0.000143607,0.127951,0,290.720799,600.428,106.313,5.64774,0.000124333,0.0670429,6,-353.857001,2211.32,868.104,2.5473,0.000201346,0.28784
263.43462,1,AUTO,ARMED,5,AVAILABLE,UNAVAILABLE,UNAVAILABLE,264,7,ACTIVE,11,F1_N2-A3.NC,F1_N2-A3.NC,2077458.996,194925.237,5712.1,10114.4209,100,0.0,22,100,0,45,100,11719.16667,3287.42,847.232,3.88019,0.000619982,0.685938,0,536.2624964,3624.62,151.189,23.9741,0.000143607,0.127951,0,290.7207847,600.428,106.313,5.64774,0.000124333,0.0670429,6,-353.8569896,2211.32,868.104,2.5473,0.000201346,0.28784
263.624342,1,AUTO,ARMED,5,AVAILABLE,UNAVAILABLE,UNAVAILABLE,264,7,ACTIVE,11,F1_N2-A3.NC,F1_N2-A3.NC,2077458.996,194925.237,5712.1,10114.4209,100,0.0,22,100,0,44,100,12000.0,3287.42,847.232,3.88019,0.000619982,0.685938,0,536.2625036,3624.62,151.189,23.9741,0.000143607,0.127951,0,290.7207918,600.428,106.313,5.64774,0.000124333,0.0670429,6,-353.8569896,2211.32,868.104,2.5473,0.000201346,0.28784
263.78215,1,AUTO,ARMED,5,AVAILABLE,UNAVAILABLE,UNAVAILABLE,264,7,ACTIVE,11,F1_N2-A3.NC,F1_N2-A3.NC,2077458.996,194925.237,5712.1,10114.4209,100,0.0,22,100,0,44,100,12000.0,3311.41,1053.53,3.14316,0.000702065,0.823337,0,536.2624964,3528.61,233.478,15.1132,0.000211218,0.188182,0,290.7207918,744.534,179.634,4.14473,7.67931e-05,0.0622802,6,-353.8569896,2475.72,783.541,3.15966,0.000187899,0.245085
263.942573,1,AUTO,ARMED,5,AVAILABLE,UNAVAILABLE,UNAVAILABLE,264,7,ACTIVE,11,F1_N2-A3.NC,F1_N2-A3.NC,2077458.996,194925.237,5712.1,10114.4209,100,0.0,22,100,0,44,100,12000.0,3311.41,1053.53,3.14316,0.000702065,0.823337,0,536.2625036,3528.61,233.478,15.1132,0.000211218,0.188182,0,290.720799,744.534,179.634,4.14473,7.67931e-05,0.0622802,6,-353.8570125,2475.72,783.541,3.15966,0.000187899,0.245085
264.090405,1,AUTO,ARMED,5,AVAILABLE,UNAVAILABLE,UNAVAILABLE,264,7,ACTIVE,11,F1_N2-A3.NC,F1_N2-A3.NC,2077458.996,194925.237,5712.1,9123.1699,100,0.0,22,100,0,42,100,12000.0,3311.41,1053.53,3.14316,0.000702065,0.823337,0,536.2624964,3528.61,233.478,15.1132,0.000211218,0.188182,0,290.720799,744.534,179.634,4.14473,7.67931e-05,0.0622802,6,-353.8570354,2475.72,783.541,3.15966,0.000187899,0.245085
264.230039,1,AUTO,ARMED,5,AVAILABLE,UNAVAILABLE,UNAVAILABLE,264,7,ACTIVE,11,F1_N2-A3.NC,F1_N2-A3.NC,2077458.996,194925.237,5712.1,9123.1699,100,0.0,23,100,0,42,100,12000.0,3311.41,1053.53,3.14316,0.000702065,0.823337,0,536.2624964,3528.61,233.478,15.1132,0.000211218,0.188182,0,290.720799,744.534,179.634,4.14473,7.67931e-05,0.0622802,6,-353.8569324,2475.72,783.541,3.15966,0.000187899,0.245085
264.405711,1,AUTO,ARMED,5,AVAILABLE,UNAVAILABLE,UNAVAILABLE,264,7,ACTIVE,11,F1_N2-A3.NC,F1_N2-A3.NC,2077458.996,194925.237,5712.1,9123.1699,100,0.0,23,100,0,44,100,12000.0,3311.41,1053.53,3.14316,0.000702065,0.823337,0,536.2625036,3528.61,233.478,15.1132,0.000211218,0.188182,0,290.7207847,744.534,179.634,4.14473,7.67931e-05,0.0622802,6,-353.8569896,2475.72,783.541,3.15966,0.000187899,0.245085
264.556484,1,AUTO,ARMED,5,AVAILABLE,UNAVAILABLE,UNAVAILABLE,265,7,ACTIVE,11,F1_N2-A3.NC,F1_N2-A3.NC,2077458.996,194925.237,5712.1,9123.1699,100,0.0,23,100,0,42,100,12000.0,3311.41,1053.53,3.14316,0.000702065,0.823337,0,536.2624964,3528.61,233.478,15.1132,0.000211218,0.188182,0,290.8493363,744.534,179.634,4.14473,7.67931e-05,0.0622802,6,-353.8569324,2475.72,783.541,3.15966,0.000187899,0.245085
264.699323,1,AUTO,ARMED,5,AVAILABLE,UNAVAILABLE,UNAVAILABLE,265,7,ACTIVE,11,F1_N2-A3.NC,F1_N2-A3.NC,2077458.996,194925.237,5712.1,9123.1699,100,0.0,23,100,0,38,100,12000.0,5327.05,2332.09,2.28424,0.0014661,1.83181,0,536.2625036,3768.65,360.624,10.4504,0.000240137,0.277463,0,290.8479272,912.651,140.661,6.4883,7.70772e-05,0.0370368,6,-353.8570468,2019.03,707.069,2.85549,0.00033543,0.242548
264.867781,1,AUTO,ARMED,5,AVAILABLE,UNAVAILABLE,UNAVAILABLE,265,7,ACTIVE,11,F1_N2-A3.NC,F1_N2-A3.NC,2077458.996,194925.237,5712.1,9123.1699,100,0.0,23,100,0,38,100,12000.0,5327.05,2332.09,2.28424,0.0014661,1.83181,0,536.2624964,3768.65,360.624,10.4504,0.000240137,0.277463,0,290.8478056,912.651,140.661,6.4883,7.70772e-05,0.0370368,6,-353.8569667,2019.03,707.069,2.85549,0.00033543,0.242548
265.023397,1,AUTO,ARMED,5,AVAILABLE,UNAVAILABLE,UNAVAILABLE,265,7,ACTIVE,11,F1_N2-A3.NC,F1_N2-A3.NC,2077458.996,194925.237,5712.1,9123.1699,100,0.0,23,100,0,30,100,12000.0,5327.05,2332.09,2.28424,0.0014661,1.83181,0,536.2624964,3768.65,360.624,10.4504,0.000240137,0.277463,0,290.8477913,912.651,140.661,6.4883,7.70772e-05,0.0370368,6,-353.8569782,2019.03,707.069,2.85549,0.00033543,0.242548
265.17106,1,AUTO,ARMED,5,AVAILABLE,UNAVAILABLE,UNAVAILABLE,265,7,ACTIVE,11,F1_N2-A3.NC,F1_N2-A3.NC,2077458.996,194925.237,5712.1,9123.1699,100,0.0,23,100,0,0,100,12000.0,5327.05,2332.09,2.28424,0.0014661,1.83181,0,536.2625036,3768.65,360.624,10.4504,0.000240137,0.277463,0,290.8478056,912.651,140.661,6.4883,7.70772e-05,0.0370368,6,-353.857001,2019.03,707.069,2.85549,0.00033543,0.242548
265.328975,1,AUTO,ARMED,5,AVAILABLE,UNAVAILABLE,UNAVAILABLE,265,7,ACTIVE,11,F1_N2-A3.NC,F1_N2-A3.NC,2077458.996,194925.237,5712.1,3626.6152,100,0.0,24,100,0,12,100,12000.0,5327.05,2332.09,2.28424,0.0014661,1.83181,0,536.2624964,3768.65,360.624,10.4504,0.000240137,0.277463,0,290.8477985,912.651,140.661,6.4883,7.70772e-05,0.0370368,6,-353.8569438,2019.03,707.069,2.85549,0.00033543,0.242548
265.492911,1,AUTO,ARMED,5,AVAILABLE,UNAVAILABLE,UNAVAILABLE,265,7,ACTIVE,11,F1_N2-A3.NC,F1_N2-A3.NC,2077458.996,194925.237,5712.1,3626.6152,100,0.0,24,100,0,4,100,12000.0,5327.05,2332.09,2.28424,0.0014661,1.83181,0,536.2625036,3768.65,360.624,10.4504,0.000240137,0.277463,0,290.8478056,912.651,140.661,6.4883,7.70772e-05,0.0370368,6,-353.8570468,2019.03,707.069,2.85549,0.00033543,0.242548
265.631598,1,AUTO,ARMED,5,AVAILABLE,UNAVAILABLE,UNAVAILABLE,265,7,ACTIVE,11,F1_N2-A3.NC,F1_N2-A3.NC,2077458.996,194925.237,5712.1,3626.6152,100,0.0,24,100,0,1,100,12000.0,5327.05,2332.09,2.28424,0.0014661,1.83181,0,536.2935212,3768.65,360.624,10.4504,0.000240137,0.277463,0,290.8477913,912.651,140.661,6.4883,7.70772e-05,0.0370368,6,-353.8569667,2019.03,707.069,2.85549,0.00033543,0.242548
265.776853,1,AUTO,ARMED,5,AVAILABLE,UNAVAILABLE,UNAVAILABLE,266,7,ACTIVE,11,F1_N2-A3.NC,F1_N2-A3.NC,2077458.996,194925.237,5712.1,3626.6152,100,35.98333,24,100,0,7,100,12000.0,5327.05,2332.09,2.28424,0.0014661,1.83181,0,540.9693237,3768.65,360.624,10.4504,0.000240137,0.277463,0,290.8478056,912.651,140.661,6.4883,7.70772e-05,0.0370368,6,-353.8569667,2019.03,707.069,2.85549,0.00033543,0.242548
265.919572,1,AUTO,ARMED,5,AVAILABLE,UNAVAILABLE,UNAVAILABLE,266,7,ACTIVE,11,F1_N2-A3.NC,F1_N2-A3.NC,2077458.996,194925.237,5712.1,3626.6152,100,35.98333,24,100,0,8,100,12000.0,5231.07,2121.27,2.46601,0.00132927,1.65227,0,544.6746598,11570.0,621.523,18.6156,0.000335896,0.395083,0,290.847684,1633.17,521.185,3.13357,8.60746e-05,0.0736517,6,-353.8570583,2115.18,618.447,3.42015,0.000133083,0.212125
266.068632,1,AUTO,ARMED,5,AVAILABLE,UNAVAILABLE,UNAVAILABLE,266,7,ACTIVE,11,F1_N2-A3.NC,F1_N2-A3.NC,2077458.996,194925.237,5712.1,3626.6152,100,35.98333,24,100,0,8,100,12000.0,5231.07,2121.27,2.46601,0.00132927,1.65227,0,548.3901095,11570.0,621.523,18.6156,0.000335896,0.395083,0,290.8477627,1633.17,521.185,3.13357,8.60746e-05,0.0736517,6,-353.8569553,2115.18,618.447,3.42015,0.000133083,0.212125
266.221995,1,AUTO,ARMED,5,AVAILABLE,UNAVAILABLE,UNAVAILABLE,266,7,ACTIVE,11,F1_N2-A3.NC,F1_N2-A3.NC,2077458.996,194925.237,5712.1,3626.6152,100,35.98333,25,100,0,6,100,12000.0,5231.07,2121.27,2.46601,0.00132927,1.65227,0,559.5089203,11570.0,621.523,18.6156,0.000335896,0.395083,0,290.8477985,1633.17,521.185,3.13357,8.60746e-05,0.0736517,6,-353.8570583,2115.18,618.447,3.42015,0.000133083,0.212125
266.3653,1,AUTO,ARMED,5,AVAILABLE,UNAVAILABLE,UNAVAILABLE,266,7,ACTIVE,11,F1_N2-A3.NC,F1_N2-A3.NC,2077458.996,194925.237,5712.1,4353.981,100,35.98333,25,100,0,7,100,12000.0,5231.07,2121.27,2.46601,0.00132927,1.65227,0,563.2063263,11570.0,621.523,18.6156,0.000335896,0.395083,0,290.8478056,1633.17,521.185,3.13357,8.60746e-05,0.0736517,6,-353.8570125,2115.18,618.447,3.42015,0.000133083,0.212125
266.525991,1,AUTO,ARMED,5,AVAILABLE,UNAVAILABLE,UNAVAILABLE,266,7,ACTIVE,11,F1_N2-A3.NC,F1_N2-A3.NC,2077458.996,194925.237,5712.1,4353.981,100,35.98333,25,100,0,8,100,12000.0,5231.07,2121.27,2.46601,0.00132927,1.65227,0,566.9125299,11570.0,621.523,18.6156,0.000335896,0.395083,0,290.8477985,1633.17,521.185,3.13357,8.60746e-05,0.0736517,6,-353.8569667,2115.18,618.447,3.42015,0.000133083,0.212125
266.663595,1,AUTO,ARMED,5,AVAILABLE,UNAVAILABLE,UNAVAILABLE,266,7,ACTIVE,11,F1_N2-A3.NC,F1_N2-A3.NC,2077458.996,194925.237,5712.1,4353.981,100,35.98333,25,100,0,7,100,12000.0,5231.07,2121.27,2.46601,0.00132927,1.65227,0,574.3342711,11570.0,621.523,18.6156,0.000335896,0.395083,0,290.8478056,1633.17,521.185,3.13357,8.60746e-05,0.0736517,6,-353.8570354,2115.18,618.447,3.42015,0.000133083,0.212125
266.808453,1,AUTO,ARMED,5,AVAILABLE,UNAVAILABLE,UNAVAILABLE,266,7,ACTIVE,11,F1_N2-A3.NC,F1_N2-A3.NC,2077458.996,194925.237,5712.1,4353.981,100,35.98333,25,100,0,5,100,12000.0,5231.07,2121.27,2.46601,0.00132927,1.65227,0,578.031205,11570.0,621.523,18.6156,0.000335896,0.395083,0,290.8478056,1633.17,521.185,3.13357,8.60746e-05,0.0736517,6,-353.8570354,2115.18,618.447,3.42015,0.000133083,0.212125
266.947546,1,AUTO,ARMED,5,AVAILABLE,UNAVAILABLE,UNAVAILABLE,266,7,ACTIVE,11,F1_N2-A3.NC,F1_N2-A3.NC,2077458.996,194925.237,5712.1,4353.981,100,35.98333,25,100,0,5,100,12000.0,5543.01,2344.04,2.36473,0.001471,1.82513,0,581.7378306,11618.0,510.288,22.7675,0.000332515,0.328043,0,290.8477842,1320.94,452.963,2.91622,7.08358e-05,0.0631988,6,-353.8569782,2139.22,671.889,3.18389,0.000250235,0.229794
267.08445,1,AUTO,ARMED,5,AVAILABLE,UNAVAILABLE,UNAVAILABLE,266,7,ACTIVE,11,F1_N2-A3.NC,F1_N2-A3.NC,2077458.996,194925.237,5712.1,4353.981,100,35.98333,25,100,0,8,100,12000.0,5543.01,2344.04,2.36473,0.001471,1.82513,0,585.4530496,11618.0,510.288,22.7675,0.000332515,0.328043,0,290.8477985,1320.94,452.963,2.91622,7.08358e-05,0.0631988,6,-353.8569782,2139.22,671.889,3.18389,0.000250235,0.229794
267.228297,1,AUTO,ARMED,5,AVAILABLE,UNAVAILABLE,UNAVAILABLE,266,7,ACTIVE,11,F1_N2-A3.NC,F1_N2-A3.NC,2077458.996,194925.237,5712.1,4353.981,100,35.98333,26,100,0,6,100,12000.0,5543.01,2344.04,2.36473,0.001471,1.82513,0,596.571776,11618.0,510.288,22.7675,0.000332515,0.328043,0,290.8478056,1320.94,452.963,2.91622,7.08358e-05,0.0631988,6,-353.8570583,2139.22,671.889,3.18389,0.000250235,0.229794
267.374746,1,AUTO,ARMED,5,AVAILABLE,UNAVAILABLE,UNAVAILABLE,266,7,ACTIVE,11,F1_N2-A3.NC,F1_N2-A3.NC,2077458.996,194925.237,5712.1,4353.981,100,35.98333,26,100,0,7,100,12000.0,5543.01,2344.04,2.36473,0.001471,1.82513,0,600.2690346,11618.0,510.288,22.7675,0.000332515,0.328043,0,290.8477842,1320.94,452.963,2.91622,7.08358e-05,0.0631988,6,-353.8569553,2139.22,671.889,3.18389,0.000250235,0.229794
267.516452,1,AUTO,ARMED,5,AVAILABLE,UNAVAILABLE,UNAVAILABLE,266,7,ACTIVE,11,F1_N2-A3.NC,F1_N2-A3.NC,2077458.996,194925.237,5712.1,4378.6768,100,35.98333,26,100,0,9,100,12000.0,5543.01,2344.04,2.36473,0.001471,1.82513,0,603.9753554,11618.0,510.288,22.7675,0.000332515,0.328043,0,290.8478056,1320.94,452.963,2.91622,7.08358e-05,0.0631988,6,-353.8570468,2139.22,671.889,3.18389,0.000250235,0.229794
267.66447,1,AUTO,ARMED,5,AVAILABLE,UNAVAILABLE,UNAVAILABLE,266,7,ACTIVE,11,F1_N2-A3.NC,F1_N2-A3.NC,2077458.996,194925.237,5712.1,4378.6768,100,35.98333,26,100,0,9,100,12000.0,5543.01,2344.04,2.36473,0.001471,1.82513,0,607.6728214,11618.0,510.288,22.7675,0.000332515,0.328043,0,290.8477913,1320.94,452.963,2.91622,7.08358e-05,0.0631988,6,-353.8569667,2139.22,671.889,3.18389,0.000250235,0.229794
267.806743,1,AUTO,ARMED,5,AVAILABLE,UNAVAILABLE,UNAVAILABLE,266,7,ACTIVE,11,F1_N2-A3.NC,F1_N2-A3.NC,2077458.996,194925.237,5712.1,4378.6768,100,35.98333,26,100,0,7,100,12000.0,5543.01,2344.04,2.36473,0.001471,1.82513,0,609.5439775,11618.0,510.288,22.7675,0.000332515,0.328043,0,290.8478199,1320.94,452.963,2.91622,7.08358e-05,0.0631988,6,-353.8570468,2139.22,671.889,3.18389,0.000250235,0.229794
267.946355,1,AUTO,ARMED,5,AVAILABLE,UNAVAILABLE,UNAVAILABLE,266,7,ACTIVE,11,F1_N2-A3.NC,F1_N2-A3.NC,2077458.996,194925.237,5712.1,4378.6768,100,35.98333,26,100,0,8,100,12000.0,5591.01,2365.3,2.36376,0.00147366,1.83428,0,620.6625856,11810.0,390.066,30.2769,0.000285287,0.234818,0,290.8477985,1489.06,463.124,3.21525,7.63277e-05,0.0700029,6,-353.8570125,2091.14,675.497,3.09571,0.000160192,0.222204
268.100252,1,AUTO,ARMED,5,AVAILABLE,UNAVAILABLE,UNAVAILABLE,266,7,ACTIVE,11,F1_N2-A3.NC,F1_N2-A3.NC,2077458.996,194925.237,5712.1,4378.6768,100,35.98333,27,100,0,8,100,12000.0,5591.01,2365.3,2.36376,0.00147366,1.83428,0,624.3599453,11810.0,390.066,30.2769,0.000285287,0.234818,0,290.8477985,1489.06,463.124,3.21525,7.63277e-05,0.0700029,6,-353.8569782,2091.14,675.497,3.09571,0.000160192,0.222204
268.240933,1,AUTO,ARMED,5,AVAILABLE,UNAVAILABLE,UNAVAILABLE,266,7,ACTIVE,11,F1_N2-A3.NC,F1_N2-A3.NC,2077458.996,194925.237,5712.1,4378.6768,100,35.98333,27,100,0,7,100,12000.0,5591.01,2365.3,2.36376,0.00147366,1.83428,0,628.0660955,11810.0,390.066,30.2769,0.000285287,0.234818,0,290.8478056,1489.06,463.124,3.21525,7.63277e-05,0.0700029,6,-353.8570354,2091.14,675.497,3.09571,0.000160192,0.222204
268.389689,1,AUTO,ARMED,5,AVAILABLE,UNAVAILABLE,UNAVAILABLE,266,7,ACTIVE,11,F1_N2-A3.NC,F1_N2-A3.NC,2077458.996,194925.237,5712.1,4378.6768,100,35.98333,27,100,0,6,100,12000.0,5591.01,2365.3,2.36376,0.00147366,1.83428,0,635.4787459,11810.0,390.066,30.2769,0.000285287,0.234818,0,290.8478056,1489.06,463.124,3.21525,7.63277e-05,0.0700029,6,-353.8570583,2091.14,675.497,3.09571,0.000160192,0.222204
268.536487,1,AUTO,ARMED,5,AVAILABLE,UNAVAILABLE,UNAVAILABLE,266,7,ACTIVE,11,F1_N2-A3.NC,F1_N2-A3.NC,2077458.996,194925.237,5712.1,3875.999,100,35.98333,27,100,0,8,100,12000.0,5591.01,2365.3,2.36376,0.00147366,1.83428,0,639.1940514,11810.0,390.066,30.2769,0.000285287,0.234818,0,290.8477842,1489.06,463.124,3.21525,7.63277e-05,0.0700029,6,-353.8569667,2091.14,675.497,3.09571,0.000160192,0.222204
268.676924,1,AUTO,ARMED,5,AVAILABLE,UNAVAILABLE,UNAVAILABLE,266,7,ACTIVE,11,F1_N2-A3.NC,F1_N2-A3.NC,2077458.996,194925.237,5712.1,3875.999,100,35.98333,27,100,0,8,100,12000.0,5591.01,2365.3,2.36376,0.00147366,1.83428,0,646.5974839,11810.0,390.066,30.2769,0.000285287,0.234818,0,290.8478128,1489.06,463.124,3.21525,7.63277e-05,0.0700029,6,-353.857001,2091.14,675.497,3.09571,0.000160192,0.222204
268.820929,1,AUTO,ARMED,5,AVAILABLE,UNAVAILABLE,UNAVAILABLE,266,7,ACTIVE,11,F1_N2-A3.NC,F1_N2-A3.NC,2077458.996,194925.237,5712.1,3875.999,100,35.98333,27,100,0,7,100,12000.0,5591.01,2365.3,2.36376,0.00147366,1.83428,0,650.3039564,11810.0,390.066,30.2769,0.000285287,0.234818,0,290.8479272,1489.06,463.124,3.21525,7.63277e-05,0.0700029,6,-353.8569667,2091.14,675.497,3.09571,0.000160192,0.222204
268.970051,1,AUTO,ARMED,5,AVAILABLE,UNAVAILABLE,UNAVAILABLE,266,7,ACTIVE,11,F1_N2-A3.NC,F1_N2-A3.NC,2077458.996,194925.237,5712.1,3875.999,100,18.88333,27,100,0,3,100,12000.0,5591.01,2365.3,2.36376,0.00147366,1.83428,0,655.6370069,11810.0,390.066,30.2769,0.000285287,0.234818,0,290.8478199,1489.06,463.124,3.21525,7.63277e-05,0.0700029,6,-353.8569438,2091.14,675.497,3.09571,0.000160192,0.222204
269.116473,1,AUTO,ARMED,5,AVAILABLE,UNAVAILABLE,UNAVAILABLE,267,7,ACTIVE,11,F1_N2-A3.NC,F1_N2-A3.NC,2077458.996,194925.237,5712.1,3875.999,100,0.0,27,100,0,4,100,12000.0,5159.08,2315.15,2.2284,0.00146531,1.82488,0,655.6422423,6433.1,236.906,27.1547,0.000164717,0.177335,0,290.8478056,648.462,155.138,4.1799,6.94412e-05,0.0492784,6,-353.8570468,1706.56,543.753,3.13848,0.000287624,0.20791
269.263635,1,AUTO,ARMED,5,AVAILABLE,UNAVAILABLE,UNAVAILABLE,267,7,ACTIVE,11,F1_N2-A3.NC,F1_N2-A3.NC,2077458.996,194925.237,5712.1,3875.999,100,0.0,28,100,0,5,100,12000.0,5159.08,2315.15,2.2284,0.00146531,1.82488,0,655.6425785,6433.1,236.906,27.1547,0.000164717,0.177335,0,290.8477985,648.462,155.138,4.1799,6.94412e-05,0.0492784,6,-353.8569553,1706.56,543.753,3.13848,0.000287624,0.20791
269.405736,1,AUTO,ARMED,5,AVAILABLE,UNAVAILABLE,UNAVAILABLE,267,7,ACTIVE,11,F1_N2-A3.NC,F1_N2-A3.NC,2077458.996,194925.237,5712.1,3875.999,100,0.0,28,100,0,6,100,12000.0,5159.08,2315.15,2.2284,0.00146531,1.82488,0,655.6425713,6433.1,236.906,27.1547,0.000164717,0.177335,0,290.8478056,648.462,155.138,4.1799,6.94412e-05,0.0492784,6,-353.8570354,1706.56,543.753,3.13848,0.000287624,0.20791
269.54863,1,AUTO,ARMED,5,AVAILABLE,UNAVAILABLE,UNAVAILABLE,267,7,ACTIVE,11,F1_N2-A3.NC,F1_N2-A3.NC,2077458.996,194925.237,5712.1,3970.6904,100,0.0,28,100,0,7,100,12000.0,5159.08,2315.15,2.2284,0.00146531,1.82488,0,655.6425356,6433.1,236.906,27.1547,0.000164717,0.177335,0,290.8477985,648.462,155.138,4.1799,6.94412e-05,0.0492784,6,-353.8569782,1706.56,543.753,3.13848,0.000287624,0.20791
269.689243,1,AUTO,ARMED,5,AVAILABLE,UNAVAILABLE,UNAVAILABLE,267,7,ACTIVE,11,F1_N2-A3.NC,F1_N2-A3.NC,2077458.996,194925.237,5712.1,3970.6904,100,0.0,28,100,0,7,100,12000.0,5159.08,2315.15,2.2284,0.00146531,1.82488,0,655.6425213,6433.1,236.906,27.1547,0.000164717,0.177335,0,290.8477913,648.462,155.138,4.1799,6.94412e-05,0.0492784,6,-353.8570239,1706.56,543.753,3.13848,0.000287624,0.20791
269.834652,1,AUTO,ARMED,5,AVAILABLE,UNAVAILABLE,UNAVAILABLE,267,7,ACTIVE,11,F1_N2-A3.NC,F1_N2-A3.NC,2077458.996,194925.237,5712.1,3970.6904,100,0.0,28,100,0,6,100,12000.0,5159.08,2315.15,2.2284,0.00146531,1.82488,0,655.6425141,6433.1,236.906,27.1547,0.000164717,0.177335,0,290.8477985,648.462,155.138,4.1799,6.94412e-05,0.0492784,6,-353.8569896,1706.56,543.753,3.13848,0.000287624,0.20791
269.974119,1,AUTO,ARMED,5,AVAILABLE,UNAVAILABLE,UNAVAILABLE,267,7,ACTIVE,11,F1_N2-A3.NC,F1_N2-A3.NC,2077458.996,194925.237,5712.1,3970.6904,100,0.0,28,100,0,5,100,12000.0,5159.08,2315.15,2.2284,0.00146531,1.82488,0,655.642507,6433.1,236.906,27.1547,0.000164717,0.177335,0,290.8478128,648.462,155.138,4.1799,6.94412e-05,0.0492784,6,-353.8570583,1706.56,543.753,3.13848,0.000287624,0.20791
270.120389,1,AUTO,ARMED,5,AVAILABLE,UNAVAILABLE,UNAVAILABLE,268,7,ACTIVE,11,F1_N2-A3.NC,F1_N2-A3.NC,2077458.996,194925.237,5712.1,3970.6904,100,0.0,29,100,0,5,100,12000.0,5207.07,2306.1,2.25795,0.00144399,1.80065,0,655.5558984,9553.65,455.992,20.9514,0.000347243,0.347206,0,290.9759924,648.46,491.214,1.32012,9.84326e-05,0.0721651,6,-353.8569553,1874.82,704.625,2.66073,0.000182318,0.232467
270.284695,1,AUTO,ARMED,5,AVAILABLE,UNAVAILABLE,UNAVAILABLE,269,7,ACTIVE,11,F1_N2-A3.NC,F1_N2-A3.NC,2077458.996,194925.237,5712.1,3970.6904,100,35.85,29,100,0,3,100,12000.0,5207.07,2306.1,2.25795,0.00144399,1.80065,0,649.0664833,9553.65,455.992,20.9514,0.000347243,0.347206,0,290.9746406,648.46,491.214,1.32012,9.84326e-05,0.0721651,6,-353.8569438,1874.82,704.625,2.66073,0.000182318,0.232467
270.429096,1,AUTO,ARMED,5,AVAILABLE,UNAVAILABLE,UNAVAILABLE,269,7,ACTIVE,11,F1_N2-A3.NC,F1_N2-A3.NC,2077458.996,194925.237,5712.1,3970.6904,100,35.93333,29,100,0,5,100,12000.0,5207.07,2306.1,2.25795,0.00144399,1.80065,0,645.3605266,9553.65,455.992,20.9514,0.000347243,0.347206,0,290.9747622,648.46,491.214,1.32012,9.84326e-05,0.0721651,6,-353.8570468,1874.82,704.625,2.66073,0.000182318,0.232467
270.567798,1,AUTO,ARMED,5,AVAILABLE,UNAVAILABLE,UNAVAILABLE,269,7,ACTIVE,11,F1_N2-A3.NC,F1_N2-A3.NC,2077458.996,194925.237,5712.1,3970.6904,100,35.98333,29,100,0,6,100,12000.0,5207.07,2306.1,2.25795,0.00144399,1.80065,0,641.6452434,9553.65,455.992,20.9514,0.000347243,0.347206,0,290.9747765,648.46,491.214,1.32012,9.84326e-05,0.0721651,6,-353.8569896,1874.82,704.625,2.66073,0.000182318,0.232467
270.714647,1,AUTO,ARMED,5,AVAILABLE,UNAVAILABLE,UNAVAILABLE,269,7,ACTIVE,11,F1_N2-A3.NC,F1_N2-A3.NC,2077458.996,194925.237,5712.1,4438.6011,100,35.98333,29,100,0,9,100,12000.0,5207.07,2306.1,2.25795,0.00144399,1.80065,0,634.2413755,9553.65,455.992,20.9514,0.000347243,0.347206,0,290.974798,648.46,491.214,1.32012,9.84326e-05,0.0721651,6,-353.8570125,1874.82,704.625,2.66073,0.000182318,0.232467
270.861281,1,AUTO,ARMED,5,AVAILABLE,UNAVAILABLE,UNAVAILABLE,269,7,ACTIVE,11,F1_N2-A3.NC,F1_N2-A3.NC,2077458.996,194925.237,5712.1,4438.6011,100,35.98333,29,100,0,9,100,12000.0,5207.07,2306.1,2.25795,0.00144399,1.80065,0,630.5262111,9553.65,455.992,20.9514,0.000347243,0.347206,0,290.9748051,648.46,491.214,1.32012,9.84326e-05,0.0721651,6,-353.8569438,1874.82,704.625,2.66073,0.000182318,0.232467
271.041306,1,AUTO,ARMED,5,AVAILABLE,UNAVAILABLE,UNAVAILABLE,269,7,ACTIVE,11,F1_N2-A3.NC,F1_N2-A3.NC,2077458.996,194925.237,5712.1,4438.6011,100,35.98333,29,100,0,6,100,12000.0,5207.07,2306.1,2.25795,0.00144399,1.80065,0,623.1226609,9553.65,455.992,20.9514,0.000347243,0.347206,0,290.974798,648.46,491.214,1.32012,9.84326e-05,0.0721651,6,-353.8569438,1874.82,704.625,2.66073,0.000182318,0.232467
271.177841,1,AUTO,ARMED,5,AVAILABLE,UNAVAILABLE,UNAVAILABLE,269,7,ACTIVE,11,F1_N2-A3.NC,F1_N2-A3.NC,2077458.996,194925.237,5712.1,4438.6011,100,35.98333,29,100,0,6,100,12000.0,5662.99,2336.79,2.42341,0.00146429,1.82409,0,619.407568,9913.71,393.659,25.1835,0.000182708,0.189053,0,290.9748123,1272.91,465.906,2.73212,7.11941e-05,0.0656926,6,-353.8570354,1995.0,666.919,2.99137,0.000273025,0.232274
271.332964,1,AUTO,ARMED,5,AVAILABLE,UNAVAILABLE,UNAVAILABLE,269,7,ACTIVE,11,F1_N2-A3.NC,F1_N2-A3.NC,2077458.996,194925.237,5712.1,4438.6011,100,35.98333,30,100,0,8,100,12000.0,5662.99,2336.79,2.42341,0.00146429,1.82409,0,612.0037317,9913.71,393.659,25.1835,0.000182708,0.189053,0,290.9748194,1272.91,465.906,2.73212,7.11941e-05,0.0656926,6,-353.8569896,1995.0,666.919,2.99137,0.000273025,0.232274
271.493451,1,AUTO,ARMED,5,AVAILABLE,UNAVAILABLE,UNAVAILABLE,269,7,ACTIVE,11,F1_N2-A3.NC,F1_N2-A3.NC,2077458.996,194925.237,5712.1,4438.6011,100,35.98333,30,100,0,6,100,12000.0,5662.99,2336.79,2.42341,0.00146429,1.82409,0,604.5912195,9913.71,393.659,25.1835,0.000182708,0.189053,0,290.9748123,1272.91,465.906,2.73212,7.11941e-05,0.0656926,6,-353.8569438,1995.0,666.919,2.99137,0.000273025,0.232274
271.636435,1,AUTO,ARMED,5,AVAILABLE,UNAVAILABLE,UNAVAILABLE,269,7,ACTIVE,11,F1_N2-A3.NC,F1_N2-A3.NC,2077458.996,194925.237,5712.1,4438.6011,100,35.98333,30,100,0,6,100,12000.0,5662.99,2336.79,2.42341,0.00146429,1.82409,0,600.8849526,9913.71,393.659,25.1835,0.000182708,0.189053,0,290.9748051,1272.91,465.906,2.73212,7.11941e-05,0.0656926,6,-353.8570697,1995.0,666.919,2.99137,0.000273025,0.232274
271.791167,1,AUTO,ARMED,5,AVAILABLE,UNAVAILABLE,UNAVAILABLE,269,7,ACTIVE,11,F1_N2-A3.NC,F1_N2-A3.NC,2077458.996,194925.237,5712.1,4384.0439,100,35.98333,30,100,0,8,100,12000.0,5662.99,2336.79,2.42341,0.00146429,1.82409,0,599.0319049,9913.71,393.659,25.1835,0.000182708,0.189053,0,290.9748123,1272.91,465.906,2.73212,7.11941e-05,0.0656926,6,-353.8569896,1995.0,666.919,2.99137,0.000273025,0.232274
271.928733,1,AUTO,ARMED,5,AVAILABLE,UNAVAILABLE,UNAVAILABLE,269,7,ACTIVE,11,F1_N2-A3.NC,F1_N2-A3.NC,2077458.996,194925.237,5712.1,4384.0439,100,35.98333,30,100,0,7,100,12000.0,5662.99,2336.79,2.42341,0.00146429,1.82409,0,591.6195142,9913.71,393.659,25.1835,0.000182708,0.189053,0,290.974798,1272.91,465.906,2.73212,7.11941e-05,0.0656926,6,-353.8569553,1995.0,666.919,2.99137,0.000273025,0.232274
272.074737,1,AUTO,ARMED,5,AVAILABLE,UNAVAILABLE,UNAVAILABLE,269,7,ACTIVE,11,F1_N2-A3.NC,F1_N2-A3.NC,2077458.996,194925.237,5712.1,4384.0439,100,35.98333,30,100,0,6,100,12000.0,5662.99,2336.79,2.42341,0.00146429,1.82409,0,584.2067157,9913.71,393.659,25.1835,0.000182708,0.189053,0,290.9747837,1272.91,465.906,2.73212,7.11941e-05,0.0656926,6,-353.8569553,1995.0,666.919,2.99137,0.000273025,0.232274
272.227644,1,AUTO,ARMED,5,AVAILABLE,UNAVAILABLE,UNAVAILABLE,269,7,ACTIVE,11,F1_N2-A3.NC,F1_N2-A3.NC,2077458.996,194925.237,5712.1,4384.0439,100,35.98333,31,100,0,8,100,12000.0,5662.99,2355.82,2.40383,0.00147335,1.83707,0,580.4913971,10273.8,329.5,31.18,0.000234506,0.166069,0,290.9748123,1320.94,496.671,2.65959,7.19437e-05,0.0770378,6,-353.8570125,2307.47,734.428,3.14186,0.000174663,0.239309
272.377147,1,AUTO,ARMED,5,AVAILABLE,UNAVAILABLE,UNAVAILABLE,269,7,ACTIVE,11,F1_N2-A3.NC,F1_N2-A3.NC,2077458.996,194925.237,5712.1,4384.0439,100,35.98333,31,100,0,8,100,12000.0,5662.99,2355.82,2.40383,0.00147335,1.83707,0,573.0878038,10273.8,329.5,31.18,0.000234506,0.166069,0,290.9748051,1320.94,496.671,2.65959,7.19437e-05,0.0770378,6,-353.8569782,2307.47,734.428,3.14186,0.000174663,0.239309
272.516674,1,AUTO,ARMED,5,AVAILABLE,UNAVAILABLE,UNAVAILABLE,269,7,ACTIVE,11,F1_N2-A3.NC,F1_N2-A3.NC,2077458.996,194925.237,5712.1,4384.0439,100,35.98333,31,100,0,6,100,12000.0,5662.99,2355.82,2.40383,0.00147335,1.83707,0,569.3727713,10273.8,329.5,31.18,0.000234506,0.166069,0,290.9748051,1320.94,496.671,2.65959,7.19437e-05,0.0770378,6,-353.8570468,2307.47,734.428,3.14186,0.000174663,0.239309
272.659199,1,AUTO,ARMED,5,AVAILABLE,UNAVAILABLE,UNAVAILABLE,269,7,ACTIVE,11,F1_N2-A3.NC,F1_N2-A3.NC,2077458.996,194925.237,5712.1,4384.0439,100,35.98333,31,100,0,7,100,12000.0,5662.99,2355.82,2.40383,0.00147335,1.83707,0,561.9689921,10273.8,329.5,31.18,0.000234506,0.166069,0,290.9748194,1320.94,496.671,2.65959,7.19437e-05,0.0770378,6,-353.8570583,2307.47,734.428,3.14186,0.000174663,0.239309
272.807037,1,AUTO,ARMED,5,AVAILABLE,UNAVAILABLE,UNAVAILABLE,269,7,ACTIVE,11,F1_N2-A3.NC,F1_N2-A3.NC,2077458.996,194925.237,5712.1,4218.3564,100,35.98333,31,100,0,9,100,12000.0,5662.99,2355.82,2.40383,0.00147335,1.83707,0,558.2538913,10273.8,329.5,31.18,0.000234506,0.166069,0,290.9747908,1320.94,496.671,2.65959,7.19437e-05,0.0770378,6,-353.8569667,2307.47,734.428,3.14186,0.000174663,0.239309
272.948797,1,AUTO,ARMED,5,AVAILABLE,UNAVAILABLE,UNAVAILABLE,269,7,ACTIVE,11,F1_N2-A3.NC,F1_N2-A3.NC,2077458.996,194925.237,5712.1,4218.3564,100,35.98333,31,100,0,8,100,12000.0,5662.99,2355.82,2.40383,0.00147335,1.83707,0,554.5474476,10273.8,329.5,31.18,0.000234506,0.166069,0,290.9748123,1320.94,496.671,2.65959,7.19437e-05,0.0770378,6,-353.857001,2307.47,734.428,3.14186,0.000174663,0.239309
273.092473,1,AUTO,ARMED,5,AVAILABLE,UNAVAILABLE,UNAVAILABLE,269,7,ACTIVE,11,F1_N2-A3.NC,F1_N2-A3.NC,2077458.996,194925.237,5712.1,4218.3564,100,35.98333,31,100,0,7,100,12000.0,5662.99,2355.82,2.40383,0.00147335,1.83707,0,550.8502949,10273.8,329.5,31.18,0.000234506,0.166069,0,290.9747908,1320.94,496.671,2.65959,7.19437e-05,0.0770378,6,-353.857001,2307.47,734.428,3.14186,0.000174663,0.239309
273.236823,1,AUTO,ARMED,5,AVAILABLE,UNAVAILABLE,UNAVAILABLE,269,7,ACTIVE,11,F1_N2-A3.NC,F1_N2-A3.NC,2077458.996,194925.237,5712.1,4218.3564,100,35.98333,32,100,0,8,100,12000.0,5543.01,2369.13,2.33968,0.00149904,1.86926,0,543.4285527,9769.68,252.199,38.738,0.000194674,0.194794,0,290.9748194,1224.87,108.907,11.2469,5.09035e-05,0.0414487,6,-353.8570583,2187.29,665.147,3.28843,0.00014622,0.241224
273.386754,1,AUTO,ARMED,5,AVAILABLE,UNAVAILABLE,UNAVAILABLE,269,7,ACTIVE,11,F1_N2-A3.NC,F1_N2-A3.NC,2077458.996,194925.237,5712.1,4218.3564,100,35.98333,32,100,0,8,100,12000.0,5543.01,2369.13,2.33968,0.00149904,1.86926,0,539.7225239,9769.68,252.199,38.738,0.000194674,0.194794,0,290.974848,1224.87,108.907,11.2469,5.09035e-05,0.0414487,6,-353.8569324,2187.29,665.147,3.28843,0.00014622,0.241224
273.536704,1,AUTO,ARMED,5,AVAILABLE,UNAVAILABLE,UNAVAILABLE,269,7,ACTIVE,11,F1_N2-A3.NC,F1_N2-A3.NC,2077458.996,194925.237,5712.1,4218.3564,100,17.98333,32,100,0,5,100,12000.0,5543.01,2369.13,2.33968,0.00149904,1.86926,1,536.2639341,9769.68,252.199,38.738,0.000194674,0.194794,0,290.9748123,1224.87,108.907,11.2469,5.09035e-05,0.0414487,6,-353.8569896,2187.29,665.147,3.28843,0.00014622,0.241224
273.677713,1,AUTO,ARMED,5,AVAILABLE,UNAVAILABLE,UNAVAILABLE,270,7,ACTIVE,11,F1_N2-A3.NC,F1_N2-A3.NC,2077458.996,194925.237,5712.1,4218.3564,100,0.0,32,100,0,5,100,12000.0,5543.01,2369.13,2.33968,0.00149904,1.86926,1,536.2626896,9769.68,252.199,38.738,0.000194674,0.194794,0,290.9748123,1224.87,108.907,11.2469,5.09035e-05,0.0414487,6,-353.8570583,2187.29,665.147,3.28843,0.00014622,0.241224
273.827491,1,AUTO,ARMED,5,AVAILABLE,UNAVAILABLE,UNAVAILABLE,270,7,ACTIVE,11,F1_N2-A3.NC,F1_N2-A3.NC,2077458.996,194925.237,5712.1,4218.3564,100,0.0,32,100,0,5,100,12000.0,5543.01,2369.13,2.33968,0.00149904,1.86926,0,536.2624106,9769.68,252.199,38.738,0.000194674,0.194794,0,290.974798,1224.87,108.907,11.2469,5.09035e-05,0.0414487,6,-353.8569438,2187.29,665.147,3.28843,0.00014622,0.241224
273.968498,1,AUTO,ARMED,5,AVAILABLE,UNAVAILABLE,UNAVAILABLE,270,7,ACTIVE,11,F1_N2-A3.NC,F1_N2-A3.NC,2077458.996,194925.237,5712.1,3956.8262,100,0.0,32,100,0,6,100,12000.0,5543.01,2369.13,2.33968,0.00149904,1.86926,0,536.2624678,9769.68,252.199,38.738,0.000194674,0.194794,0,290.9748051,1224.87,108.907,11.2469,5.09035e-05,0.0414487,6,-353.8570125,2187.29,665.147,3.28843,0.00014622,0.241224
274.11345,1,AUTO,ARMED,5,AVAILABLE,UNAVAILABLE,UNAVAILABLE,270,7,ACTIVE,11,F1_N2-A3.NC,F1_N2-A3.NC,2077458.996,194925.237,5712.1,3956.8262,100,0.0,33,100,0,6,100,12000.0,5543.01,2369.13,2.33968,0.00149904,1.86926,0,536.2624821,9769.68,252.199,38.738,0.000194674,0.194794,0,290.974798,1224.87,108.907,11.2469,5.09035e-05,0.0414487,6,-353.857001,2187.29,665.147,3.28843,0.00014622,0.241224
274.254822,1,AUTO,ARMED,5,AVAILABLE,UNAVAILABLE,UNAVAILABLE,270,7,ACTIVE,11,F1_N2-A3.NC,F1_N2-A3.NC,2077458.996,194925.237,5712.1,3956.8262,100,0.0,33,100,0,6,100,12000.0,5183.08,2333.36,2.22129,0.00149147,1.84705,0,536.2624821,3672.63,242.736,15.1301,0.000183593,0.18838,0,290.974798,576.411,104.704,5.50515,7.24837e-05,0.0435537,6,-353.8569553,2067.11,633.283,3.26412,0.000499044,0.229541
274.394506,1,AUTO,ARMED,5,AVAILABLE,UNAVAILABLE,UNAVAILABLE,270,7,ACTIVE,11,F1_N2-A3.NC,F1_N2-A3.NC,2077458.996,194925.237,5712.1,3956.8262,100,0.0,33,100,0,6,100,12000.0,5183.08,2333.36,2.22129,0.00149147,1.84705,0,536.2624893,3672.63,242.736,15.1301,0.000183593,0.18838,0,290.974798,576.411,104.704,5.50515,7.24837e-05,0.0435537,6,-353.8570468,2067.11,633.283,3.26412,0.000499044,0.229541
274.541374,1,AUTO,ARMED,5,AVAILABLE,UNAVAILABLE,UNAVAILABLE,273,7,ACTIVE,11,F1_N2-A3.NC,F1_N2-A3.NC,2077458.996,194925.237,5712.1,3956.8262,100,0.0,33,100,0,7,100,12000.0,5183.08,2333.36,2.22129,0.00149147,1.84705,0,536.2624964,3672.63,242.736,15.1301,0.000183593,0.18838,0,290.9780237,576.411,104.704,5.50515,7.24837e-05,0.0435537,6,-353.8570583,2067.11,633.283,3.26412,0.000499044,0.229541
274.684501,1,AUTO,ARMED,5,AVAILABLE,UNAVAILABLE,UNAVAILABLE,274,7,ACTIVE,11,F1_N2-A3.NC,F1_N2-A3.NC,2077458.996,194925.237,5712.1,3956.8262,100,0.0,33,100,0,7,100,12000.0,5183.08,2333.36,2.22129,0.00149147,1.84705,0,536.2624964,3672.63,242.736,15.1301,0.000183593,0.18838,0,291.1021336,576.411,104.704,5.50515,7.24837e-05,0.0435537,6,-353.8569438,2067.11,633.283,3.26412,0.000499044,0.229541
274.842505,1,AUTO,ARMED,5,AVAILABLE,UNAVAILABLE,UNAVAILABLE,274,7,ACTIVE,11,F1_N2-A3.NC,F1_N2-A3.NC,2077458.996,194925.237,5712.1,3956.8262,100,0.0,33,100,0,5,100,12000.0,5183.08,2333.36,2.22129,0.00149147,1.84705,0,536.2624964,3672.63,242.736,15.1301,0.000183593,0.18838,0,291.1017903,576.411,104.704,5.50515,7.24837e-05,0.0435537,6,-353.8569667,2067.11,633.283,3.26412,0.000499044,0.229541
274.980898,1,AUTO,ARMED,5,AVAILABLE,UNAVAILABLE,UNAVAILABLE,274,7,ACTIVE,11,F1_N2-A3.NC,F1_N2-A3.NC,2077458.996,194925.237,5712.1,3939.1826,100,0.0,33,100,0,5,100,12000.0,5183.08,2333.36,2.22129,0.00149147,1.84705,0,536.2624964,3672.63,242.736,15.1301,0.000183593,0.18838,0,291.1018118,576.411,104.704,5.50515,7.24837e-05,0.0435537,6,-353.857001,2067.11,633.283,3.26412,0.000499044,0.229541
275.124479,1,AUTO,ARMED,5,AVAILABLE,UNAVAILABLE,UNAVAILABLE,274,7,ACTIVE,11,F1_N2-A3.NC,F1_N2-A3.NC,2077458.996,194925.237,5712.1,3939.1826,100,0.0,34,100,0,4,100,12000.0,5183.08,2333.36,2.22129,0.00149147,1.84705,0,536.2624964,3672.63,242.736,15.1301,0.000183593,0.18838,0,291.1018046,576.411,104.704,5.50515,7.24837e-05,0.0435537,6,-353.8569667,2067.11,633.283,3.26412,0.000499044,0.229541
275.299972,1,AUTO,ARMED,5,AVAILABLE,UNAVAILABLE,UNAVAILABLE,274,7,ACTIVE,11,F1_N2-A3.NC,F1_N2-A3.NC,2077458.996,194925.237,5712.1,3939.1826,100,0.0,34,100,0,4,100,12000.0,5543.01,2364.63,2.34413,0.00149187,1.85368,0,536.2624964,3576.62,255.697,13.9877,0.00018457,0.188274,0,291.1018118,528.375,112.968,4.67721,6.28229e-05,0.0426539,6,-353.8570468,1922.89,667.698,2.87988,0.000224362,0.228978
275.4791,1,AUTO,ARMED,5,AVAILABLE,UNAVAILABLE,UNAVAILABLE,274,7,ACTIVE,11,F1_N2-A3.NC,F1_N2-A3.NC,2077458.996,194925.237,5712.1,3939.1826,100,0.0,34,100,0,4,100,12000.0,5543.01,2364.63,2.34413,0.00149187,1.85368,0,536.2625036,3576.62,255.697,13.9877,0.00018457,0.188274,0,291.1018046,528.375,112.968,4.67721,6.28229e-05,0.0426539,6,-353.8569438,1922.89,667.698,2.87988,0.000224362,0.228978
275.645741,1,AUTO,ARMED,5,AVAILABLE,UNAVAILABLE,UNAVAILABLE,274,7,ACTIVE,11,F1_N2-A3.NC,F1_N2-A3.NC,2077458.996,194925.237,5712.1,3939.1826,100,17.91667,34,100,0,6,100,12000.0,5543.01,2364.63,2.34413,0.00149187,1.85368,0,536.2798171,3576.62,255.697,13.9877,0.00018457,0.188274,0,291.1017903,528.375,112.968,4.67721,6.28229e-05,0.0426539,6,-353.8570239,1922.89,667.698,2.87988,0.000224362,0.228978
275.815383,1,AUTO,ARMED,5,AVAILABLE,UNAVAILABLE,UNAVAILABLE,275,7,ACTIVE,11,F1_N2-A3.NC,F1_N2-A3.NC,2077458.996,194925.237,5712.1,3939.1826,100,30.13333,34,100,0,7,100,12000.0,5543.01,2364.63,2.34413,0.00149187,1.85368,3,543.6790167,3576.62,255.697,13.9877,0.00018457,0.188274,0,291.1016687,528.375,112.968,4.67721,6.28229e-05,0.0426539,6,-353.8570468,1922.89,667.698,2.87988,0.000224362,0.228978
275.982622,1,AUTO,ARMED,5,AVAILABLE,UNAVAILABLE,UNAVAILABLE,275,7,ACTIVE,11,F1_N2-A3.NC,F1_N2-A3.NC,2077458.996,194925.237,5712.1,4506.2739,100,34.2,34,100,0,8,100,12000.0,5543.01,2364.63,2.34413,0.00149187,1.85368,0,552.3998541,3576.62,255.697,13.9877,0.00018457,0.188274,0,291.1018046,528.375,112.968,4.67721,6.28229e-05,0.0426539,6,-353.8570125,1922.89,667.698,2.87988,0.000224362,0.228978
276.153953,1,AUTO,ARMED,5,AVAILABLE,UNAVAILABLE,UNAVAILABLE,275,7,ACTIVE,11,F1_N2-A3.NC,F1_N2-A3.NC,2077458.996,194925.237,5712.1,4506.2739,100,42.33333,35,100,0,9,100,12000.0,5543.01,2364.63,2.34413,0.00149187,1.85368,1,556.7603192,3576.62,255.697,13.9877,0.00018457,0.188274,0,291.101776,528.375,112.968,4.67721,6.28229e-05,0.0426539,6,-353.8570125,1922.89,667.698,2.87988,0.000224362,0.228978
276.306244,1,AUTO,ARMED,5,AVAILABLE,UNAVAILABLE,UNAVAILABLE,275,7,ACTIVE,11,F1_N2-A3.NC,F1_N2-A3.NC,2077458.996,194925.237,5712.1,4506.2739,100,42.33333,35,100,0,9,100,12000.0,5734.98,2381.61,2.40803,0.00149877,1.85397,1,561.1099175,14138.4,475.821,29.7137,0.000225246,0.252533,0,291.1017975,1513.08,477.532,3.16854,7.4918e-05,0.0657174,6,-353.8569896,2115.18,580.918,3.6411,0.000157362,0.201678
276.456796,1,AUTO,ARMED,5,AVAILABLE,UNAVAILABLE,UNAVAILABLE,275,7,ACTIVE,11,F1_N2-A3.NC,F1_N2-A3.NC,2077458.996,194925.237,5712.1,4506.2739,100,42.33333,35,100,0,7,100,12000.0,5734.98,2381.61,2.40803,0.00149877,1.85397,0,574.1911207,14138.4,475.821,29.7137,0.000225246,0.252533,0,291.1018189,1513.08,477.532,3.16854,7.4918e-05,0.0657174,6,-353.8570468,2115.18,580.918,3.6411,0.000157362,0.201678
276.634644,1,AUTO,ARMED,5,AVAILABLE,UNAVAILABLE,UNAVAILABLE,275,7,ACTIVE,11,F1_N2-A3.NC,F1_N2-A3.NC,2077458.996,194925.237,5712.1,4506.2739,100,42.33333,35,100,0,8,100,12000.0,5734.98,2381.61,2.40803,0.00149877,1.85397,0,578.5514145,14138.4,475.821,29.7137,0.000225246,0.252533,0,291.1017832,1513.08,477.532,3.16854,7.4918e-05,0.0657174,6,-353.8569438,2115.18,580.918,3.6411,0.000157362,0.201678
276.794451,1,AUTO,ARMED,5,AVAILABLE,UNAVAILABLE,UNAVAILABLE,275,7,ACTIVE,11,F1_N2-A3.NC,F1_N2-A3.NC,2077458.996,194925.237,5712.1,4506.2739,100,42.33333,35,100,0,6,100,12000.0,5734.98,2381.61,2.40803,0.00149877,1.85397,0,587.2719925,14138.4,475.821,29.7137,0.000225246,0.252533,0,291.1017903,1513.08,477.532,3.16854,7.4918e-05,0.0657174,6,-353.857001,2115.18,580.918,3.6411,0.000157362,0.201678
276.972432,1,AUTO,ARMED,5,AVAILABLE,UNAVAILABLE,UNAVAILABLE,275,7,ACTIVE,11,F1_N2-A3.NC,F1_N2-A3.NC,2077458.996,194925.237,5712.1,4506.2739,100,42.33333,35,100,0,9,100,12000.0,5734.98,2381.61,2.40803,0.00149877,1.85397,0,591.6325016,14138.4,475.821,29.7137,0.000225246,0.252533,0,291.1017975,1513.08,477.532,3.16854,7.4918e-05,0.0657174,6,-353.8569667,2115.18,580.918,3.6411,0.000157362,0.201678
277.114975,1,AUTO,ARMED,5,AVAILABLE,UNAVAILABLE,UNAVAILABLE,275,7,ACTIVE,11,F1_N2-A3.NC,F1_N2-A3.NC,2077458.996,194925.237,5712.1,4506.2739,100,42.33333,36,100,0,8,100,12000.0,5734.98,2381.61,2.40803,0.00149877,1.85397,0,596.0031673,14138.4,475.821,29.7137,0.000225246,0.252533,0,291.1018046,1513.08,477.532,3.16854,7.4918e-05,0.0657174,6,-353.8570583,2115.18,580.918,3.6411,0.000157362,0.201678
277.276341,1,AUTO,ARMED,5,AVAILABLE,UNAVAILABLE,UNAVAILABLE,275,7,ACTIVE,11,F1_N2-A3.NC,F1_N2-A3.NC,2077458.996,194925.237,5712.1,4389.3398,100,42.33333,36,100,0,6,100,12000.0,5734.98,2381.61,2.40803,0.00149877,1.85397,0,609.0844657,14138.4,475.821,29.7137,0.000225246,0.252533,0,291.1017903,1513.08,477.532,3.16854,7.4918e-05,0.0657174,6,-353.8569667,2115.18,580.918,3.6411,0.000157362,0.201678
277.424019,1,AUTO,ARMED,5,AVAILABLE,UNAVAILABLE,UNAVAILABLE,275,7,ACTIVE,11,F1_N2-A3.NC,F1_N2-A3.NC,2077458.996,194925.237,5712.1,4389.3398,100,42.33333,36,100,0,7,100,12000.0,5734.98,2381.61,2.40803,0.00149877,1.85397,0,613.4445533,14138.4,475.821,29.7137,0.000225246,0.252533,0,291.1018046,1513.08,477.532,3.16854,7.4918e-05,0.0657174,6,-353.857001,2115.18,580.918,3.6411,0.000157362,0.201678
277.563356,1,AUTO,ARMED,5,AVAILABLE,UNAVAILABLE,UNAVAILABLE,275,7,ACTIVE,11,F1_N2-A3.NC,F1_N2-A3.NC,2077458.996,194925.237,5712.1,4389.3398,100,42.33333,36,100,0,9,100,12000.0,5854.96,2363.25,2.4775,0.0014761,1.83815,0,615.6353035,13922.4,493.997,28.1832,0.00026257,0.287363,0,291.1017975,1417.01,478.07,2.96402,7.28983e-05,0.0670284,6,-353.8569553,2259.4,747.348,3.02322,0.000219025,0.242634
277.704079,1,AUTO,ARMED,5,AVAILABLE,UNAVAILABLE,UNAVAILABLE,275,7,ACTIVE,11,F1_N2-A3.NC,F1_N2-A3.NC,2077458.996,194925.237,5712.1,4389.3398,100,42.33333,36,100,0,8,100,12000.0,5854.96,2363.25,2.4775,0.0014761,1.83815,0,624.3453543,13922.4,493.997,28.1832,0.00026257,0.287363,0,291.1017975,1417.01,478.07,2.96402,7.28983e-05,0.0670284,6,-353.8569896,2259.4,747.348,3.02322,0.000219025,0.242634
277.845359,1,AUTO,ARMED,5,AVAILABLE,UNAVAILABLE,UNAVAILABLE,275,7,ACTIVE,11,F1_N2-A3.NC,F1_N2-A3.NC,2077458.996,194925.237,5712.1,4389.3398,100,42.33333,36,100,0,6,100,12000.0,5854.96,2363.25,2.4775,0.0014761,1.83815,0,628.7056904,13922.4,493.997,28.1832,0.00026257,0.287363,0,291.1018046,1417.01,478.07,2.96402,7.28983e-05,0.0670284,6,-353.8569896,2259.4,747.348,3.02322,0.000219025,0.242634
277.993449,1,AUTO,ARMED,5,AVAILABLE,UNAVAILABLE,UNAVAILABLE,275,7,ACTIVE,11,F1_N2-A3.NC,F1_N2-A3.NC,2077458.996,194925.237,5712.1,4389.3398,100,42.33333,36,100,0,6,100,12000.0,5854.96,2363.25,2.4775,0.0014761,1.83815,0,633.0555124,13922.4,493.997,28.1832,0.00026257,0.287363,0,291.1017975,1417.01,478.07,2.96402,7.28983e-05,0.0670284,6,-353.8570125,2259.4,747.348,3.02322,0.000219025,0.242634
278.13713,1,AUTO,ARMED,5,AVAILABLE,UNAVAILABLE,UNAVAILABLE,275,7,ACTIVE,11,F1_N2-A3.NC,F1_N2-A3.NC,2077458.996,194925.237,5712.1,4389.3398,100,42.33333,36,100,0,9,100,12000.0,5854.96,2363.25,2.4775,0.0014761,1.83815,0,641.7867547,13922.4,493.997,28.1832,0.00026257,0.287363,0,291.1017832,1417.01,478.07,2.96402,7.28983e-05,0.0670284,6,-353.8570583,2259.4,747.348,3.02322,0.000219025,0.242634
278.281704,1,AUTO,ARMED,5,AVAILABLE,UNAVAILABLE,UNAVAILABLE,275,7,ACTIVE,11,F1_N2-A3.NC,F1_N2-A3.NC,2077458.996,194925.237,5712.1,3799.9473,100,42.33333,37,100,0,9,100,12000.0,5854.96,2363.25,2.4775,0.0014761,1.83815,0,650.4970027,13922.4,493.997,28.1832,0.00026257,0.287363,0,291.1018904,1417.01,478.07,2.96402,7.28983e-05,0.0670284,6,-353.8570468,2259.4,747.348,3.02322,0.000219025,0.242634
278.433504,1,AUTO,ARMED,5,AVAILABLE,UNAVAILABLE,UNAVAILABLE,275,7,ACTIVE,11,F1_N2-A3.NC,F1_N2-A3.NC,2077458.996,194925.237,5712.1,3799.9473,100,42.11667,37,100,0,6,100,12000.0,5662.99,2306.9,2.45481,0.00146396,1.82275,2,654.7719142,13682.4,249.31,54.8811,0.000188541,0.182875,0,291.1018332,1344.96,119.416,11.2628,0.000113612,0.0544701,6,-353.857001,2115.18,735.6,2.87545,0.000157388,0.235497
278.576813,1,AUTO,ARMED,5,AVAILABLE,UNAVAILABLE,UNAVAILABLE,276,7,ACTIVE,11,F1_N2-A3.NC,F1_N2-A3.NC,2077458.996,194925.237,5712.1,3799.9473,100,13.88333,37,100,0,6,100,12000.0,5662.99,2306.9,2.45481,0.00146396,1.82275,2,655.6382156,13682.4,249.31,54.8811,0.000188541,0.182875,0,291.1018189,1344.96,119.416,11.2628,0.000113612,0.0544701,6,-353.8569896,2115.18,735.6,2.87545,0.000157388,0.235497
278.731205,1,AUTO,ARMED,5,AVAILABLE,UNAVAILABLE,UNAVAILABLE,276,7,ACTIVE,11,F1_N2-A3.NC,F1_N2-A3.NC,2077458.996,194925.237,5712.1,3799.9473,100,0.0,37,100,0,6,100,12000.0,5662.99,2306.9,2.45481,0.00146396,1.82275,0,655.6424283,13682.4,249.31,54.8811,0.000188541,0.182875,0,291.1018046,1344.96,119.416,11.2628,0.000113612,0.0544701,6,-353.8570239,2115.18,735.6,2.87545,0.000157388,0.235497
278.897739,1,AUTO,ARMED,5,AVAILABLE,UNAVAILABLE,UNAVAILABLE,276,7,ACTIVE,11,F1_N2-A3.NC,F1_N2-A3.NC,2077458.996,194925.237,5712.1,3799.9473,100,0.0,37,100,0,6,100,12000.0,5662.99,2306.9,2.45481,0.00146396,1.82275,0,655.6425427,13682.4,249.31,54.8811,0.000188541,0.182875,0,291.1018046,1344.96,119.416,11.2628,0.000113612,0.0544701,6,-353.8569438,2115.18,735.6,2.87545,0.000157388,0.235497
279.06189,1,AUTO,ARMED,5,AVAILABLE,UNAVAILABLE,UNAVAILABLE,276,7,ACTIVE,11,F1_N2-A3.NC,F1_N2-A3.NC,2077458.996,194925.237,5712.1,3799.9473,100,0.0,37,100,0,6,100,12000.0,5662.99,2306.9,2.45481,0.00146396,1.82275,0,655.6425356,13682.4,249.31,54.8811,0.000188541,0.182875,0,291.1018046,1344.96,119.416,11.2628,0.000113612,0.0544701,6,-353.8570468,2115.18,735.6,2.87545,0.000157388,0.235497
279.200444,1,AUTO,ARMED,5,AVAILABLE,UNAVAILABLE,UNAVAILABLE,276,7,ACTIVE,11,F1_N2-A3.NC,F1_N2-A3.NC,2077458.996,194925.237,5712.1,3799.9473,100,0.0,38,100,0,5,100,12000.0,5662.99,2306.9,2.45481,0.00146396,1.82275,0,655.6425141,13682.4,249.31,54.8811,0.000188541,0.182875,0,291.1018046,1344.96,119.416,11.2628,0.000113612,0.0544701,6,-353.857001,2115.18,735.6,2.87545,0.000157388,0.235497
279.350257,1,AUTO,ARMED,5,AVAILABLE,UNAVAILABLE,UNAVAILABLE,276,7,ACTIVE,11,F1_N2-A3.NC,F1_N2-A3.NC,2077458.996,194925.237,5712.1,4158.7056,100,0.0,38,100,0,5,100,12000.0,5662.99,2306.9,2.45481,0.00146396,1.82275,0,655.6425213,13682.4,249.31,54.8811,0.000188541,0.182875,0,291.1017903,1344.96,119.416,11.2628,0.000113612,0.0544701,6,-353.8569782,2115.18,735.6,2.87545,0.000157388,0.235497
279.492467,1,AUTO,ARMED,5,AVAILABLE,UNAVAILABLE,UNAVAILABLE,276,7,ACTIVE,11,F1_N2-A3.NC,F1_N2-A3.NC,2077458.996,194925.237,5712.1,4158.7056,100,0.0,38,100,0,4,100,12000.0,5662.99,2306.9,2.45481,0.00146396,1.82275,0,655.642507,13682.4,249.31,54.8811,0.000188541,0.182875,0,291.1017975,1344.96,119.416,11.2628,0.000113612,0.0544701,6,-353.8569667,2115.18,735.6,2.87545,0.000157388,0.235497
279.637926,1,AUTO,ARMED,5,AVAILABLE,UNAVAILABLE,UNAVAILABLE,278,7,ACTIVE,11,F1_N2-A3.NC,F1_N2-A3.NC,2077458.996,194925.237,5712.1,4158.7056,100,0.0,38,100,0,4,100,12000.0,5327.05,2313.14,2.30295,0.00146338,1.80357,0,655.642507,11257.9,430.361,26.1592,0.000226176,0.231437,0,291.1017975,1368.98,519.359,2.6359,8.38767e-05,0.0715957,6,-353.8569553,2043.07,658.678,3.10177,0.000284934,0.224962
279.791491,1,AUTO,ARMED,5,AVAILABLE,UNAVAILABLE,UNAVAILABLE,278,7,ACTIVE,11,F1_N2-A3.NC,F1_N2-A3.NC,2077458.996,194925.237,5712.1,4158.7056,100,42.33333,38,100,0,5,100,12000.0,5327.05,2313.14,2.30295,0.00146338,1.80357,1,647.1281785,11257.9,430.361,26.1592,0.000226176,0.231437,0,291.2287111,1368.98,519.359,2.6359,8.38767e-05,0.0715957,6,-353.8569667,2043.07,658.678,3.10177,0.000284934,0.224962
279.937962,1,AUTO,ARMED,5,AVAILABLE,UNAVAILABLE,UNAVAILABLE,278,7,ACTIVE,11,F1_N2-A3.NC,F1_N2-A3.NC,2077458.996,194925.237,5712.1,4158.7056,100,42.33333,38,100,0,7,100,12000.0,5327.05,2313.14,2.30295,0.00146338,1.80357,0,642.7786403,11257.9,430.361,26.1592,0.000226176,0.231437,0,291.2287683,1368.98,519.359,2.6359,8.38767e-05,0.0715957,6,-353.8570468,2043.07,658.678,3.10177,0.000284934,0.224962
280.076556,1,AUTO,ARMED,5,AVAILABLE,UNAVAILABLE,UNAVAILABLE,278,7,ACTIVE,11,F1_N2-A3.NC,F1_N2-A3.NC,2077458.996,194925.237,5712.1,4158.7056,100,42.33333,38,100,0,8,100,12000.0,5327.05,2313.14,2.30295,0.00146338,1.80357,0,638.4182949,11257.9,430.361,26.1592,0.000226176,0.231437,0,291.2288184,1368.98,519.359,2.6359,8.38767e-05,0.0715957,6,-353.8570583,2043.07,658.678,3.10177,0.000284934,0.224962
280.220972,1,AUTO,ARMED,5,AVAILABLE,UNAVAILABLE,UNAVAILABLE,278,7,ACTIVE,11,F1_N2-A3.NC,F1_N2-A3.NC,2077458.996,194925.237,5712.1,4158.7056,100,42.33333,39,100,0,10,100,12000.0,5327.05,2313.14,2.30295,0.00146338,1.80357,0,629.6974624,11257.9,430.361,26.1592,0.000226176,0.231437,0,291.2288041,1368.98,519.359,2.6359,8.38767e-05,0.0715957,6,-353.8569438,2043.07,658.678,3.10177,0.000284934,0.224962
280.363876,1,AUTO,ARMED,5,AVAILABLE,UNAVAILABLE,UNAVAILABLE,278,7,ACTIVE,11,F1_N2-A3.NC,F1_N2-A3.NC,2077458.996,194925.237,5712.1,4158.7056,100,42.33333,39,100,0,10,100,12000.0,5327.05,2313.14,2.30295,0.00146338,1.80357,0,625.3372301,11257.9,430.361,26.1592,0.000226176,0.231437,0,291.2288327,1368.98,519.359,2.6359,8.38767e-05,0.0715957,6,-353.8570354,2043.07,658.678,3.10177,0.000284934,0.224962
280.504765,1,AUTO,ARMED,5,AVAILABLE,UNAVAILABLE,UNAVAILABLE,278,7,ACTIVE,11,F1_N2-A3.NC,F1_N2-A3.NC,2077458.996,194925.237,5712.1,4374.123,100,42.33333,39,100,0,7,100,12000.0,5327.05,2313.14,2.30295,0.00146338,1.80357,0,620.9874475,11257.9,430.361,26.1592,0.000226176,0.231437,0,291.2288041,1368.98,519.359,2.6359,8.38767e-05,0.0715957,6,-353.8569782,2043.07,658.678,3.10177,0.000284934,0.224962
280.65415,1,AUTO,ARMED,5,AVAILABLE,UNAVAILABLE,UNAVAILABLE,278,7,ACTIVE,11,F1_N2-A3.NC,F1_N2-A3.NC,2077458.996,194925.237,5712.1,4374.123,100,42.33333,39,100,0,7,100,12000.0,5806.97,2368.85,2.45139,0.00148496,1.84384,0,612.256097,11281.9,450.968,25.0171,0.00020567,0.213518,0,291.228797,1417.01,526.826,2.68971,7.01709e-05,0.0702065,6,-353.8570354,2307.47,595.349,3.87583,0.000306795,0.210628
280.793703,1,AUTO,ARMED,5,AVAILABLE,UNAVAILABLE,UNAVAILABLE,278,7,ACTIVE,11,F1_N2-A3.NC,F1_N2-A3.NC,2077458.996,194925.237,5712.1,4374.123,100,42.33333,39,100,0,7,100,12000.0,5806.97,2368.85,2.45139,0.00148496,1.84384,0,607.9063731,11281.9,450.968,25.0171,0.00020567,0.213518,0,291.2288041,1417.01,526.826,2.68971,7.01709e-05,0.0702065,6,-353.8569438,2307.47,595.349,3.87583,0.000306795,0.210628
280.939938,1,AUTO,ARMED,5,AVAILABLE,UNAVAILABLE,UNAVAILABLE,278,7,ACTIVE,11,F1_N2-A3.NC,F1_N2-A3.NC,2077458.996,194925.237,5712.1,4374.123,100,42.33333,39,100,0,6,100,12000.0,5806.97,2368.85,2.45139,0.00148496,1.84384,0,599.1750077,11281.9,450.968,25.0171,0.00020567,0.213518,0,291.228797,1417.01,526.826,2.68971,7.01709e-05,0.0702065,6,-353.8569553,2307.47,595.349,3.87583,0.000306795,0.210628
281.087937,1,AUTO,ARMED,5,AVAILABLE,UNAVAILABLE,UNAVAILABLE,278,7,ACTIVE,11,F1_N2-A3.NC,F1_N2-A3.NC,2077458.996,194925.237,5712.1,4374.123,100,42.33333,39,100,0,7,100,12000.0,5806.97,2368.85,2.45139,0.00148496,1.84384,0,594.8252253,11281.9,450.968,25.0171,0.00020567,0.213518,0,291.2288113,1417.01,526.826,2.68971,7.01709e-05,0.0702065,6,-353.8570354,2307.47,595.349,3.87583,0.000306795,0.210628
281.263596,1,AUTO,ARMED,5,AVAILABLE,UNAVAILABLE,UNAVAILABLE,278,7,ACTIVE,11,F1_N2-A3.NC,F1_N2-A3.NC,2077458.996,194925.237,5712.1,4374.123,100,42.33333,40,100,0,9,100,12000.0,5806.97,2368.85,2.45139,0.00148496,1.84384,0,581.7444374,11281.9,450.968,25.0171,0.00020567,0.213518,0,291.228797,1417.01,526.826,2.68971,7.01709e-05,0.0702065,6,-353.8570468,2307.47,595.349,3.87583,0.000306795,0.210628
281.415442,1,AUTO,ARMED,5,AVAILABLE,UNAVAILABLE,UNAVAILABLE,278,7,ACTIVE,11,F1_N2-A3.NC,F1_N2-A3.NC,2077458.996,194925.237,5712.1,4374.123,100,42.33333,40,100,0,8,100,12000.0,5806.97,2368.85,2.45139,0.00148496,1.84384,0,577.3840699,11281.9,450.968,25.0171,0.00020567,0.213518,0,291.2288041,1417.01,526.826,2.68971,7.01709e-05,0.0702065,6,-353.8569438,2307.47,595.349,3.87583,0.000306795,0.210628
281.558545,1,AUTO,ARMED,5,AVAILABLE,UNAVAILABLE,UNAVAILABLE,278,7,ACTIVE,11,F1_N2-A3.NC,F1_N2-A3.NC,2077458.996,194925.237,5712.1,4401.0889,100,42.33333,40,100,0,7,100,12000.0,5806.97,2368.85,2.45139,0.00148496,1.84384,0,575.1933038,11281.9,450.968,25.0171,0.00020567,0.213518,0,291.2288041,1417.01,526.826,2.68971,7.01709e-05,0.0702065,6,-353.8570125,2307.47,595.349,3.87583,0.000306795,0.210628
281.701535,1,AUTO,ARMED,5,AVAILABLE,UNAVAILABLE,UNAVAILABLE,278,7,ACTIVE,11,F1_N2-A3.NC,F1_N2-A3.NC,2077458.996,194925.237,5712.1,4401.0889,100,42.33333,40,100,0,9,100,12000.0,5782.97,2354.9,2.45572,0.00147966,1.83512,0,570.8329005,12410.1,666.614,18.6166,0.000374407,0.445458,0,291.228797,1489.07,509.295,2.92379,7.85896e-05,0.0669944,6,-353.8569553,2379.58,733.405,3.24456,0.000288656,0.248307
281.871114,1,AUTO,ARMED,5,AVAILABLE,UNAVAILABLE,UNAVAILABLE,278,7,ACTIVE,11,F1_N2-A3.NC,F1_N2-A3.NC,2077458.996,194925.237,5712.1,4401.0889,100,42.33333,40,100,0,7,100,12000.0,5782.97,2354.9,2.45572,0.00147966,1.83512,0,562.1229086,12410.1,666.614,18.6166,0.000374407,0.445458,0,291.228797,1489.07,509.295,2.92379,7.85896e-05,0.0669944,6,-353.8569438,2379.58,733.405,3.24456,0.000288656,0.248307
282.013277,1,AUTO,ARMED,5,AVAILABLE,UNAVAILABLE,UNAVAILABLE,278,7,ACTIVE,11,F1_N2-A3.NC,F1_N2-A3.NC,2077458.996,194925.237,5712.1,4401.0889,100,42.33333,40,100,0,6,100,12000.0,5782.97,2354.9,2.45572,0.00147966,1.83512,0,557.7520037,12410.1,666.614,18.6166,0.000374407,0.445458,0,291.2288041,1489.07,509.295,2.92379,7.85896e-05,0.0669944,6,-353.8570468,2379.58,733.405,3.24456,0.000288656,0.248307
282.155558,1,AUTO,ARMED,5,AVAILABLE,UNAVAILABLE,UNAVAILABLE,278,7,ACTIVE,11,F1_N2-A3.NC,F1_N2-A3.NC,2077458.996,194925.237,5712.1,4401.0889,100,42.33333,41,100,0,9,100,12000.0,5782.97,2354.9,2.45572,0.00147966,1.83512,0,549.0417973,12410.1,666.614,18.6166,0.000374407,0.445458,0,291.2288041,1489.07,509.295,2.92379,7.85896e-05,0.0669944,6,-353.8570125,2379.58,733.405,3.24456,0.000288656,0.248307
282.300109,1,AUTO,ARMED,5,AVAILABLE,UNAVAILABLE,UNAVAILABLE,278,7,ACTIVE,11,F1_N2-A3.NC,F1_N2-A3.NC,2077458.996,194925.237,5712.1,4401.0889,100,42.33333,41,100,0,9,100,12000.0,5782.97,2354.9,2.45572,0.00147966,1.83512,0,544.6709051,12410.1,666.614,18.6166,0.000374407,0.445458,0,291.2288041,1489.07,509.295,2.92379,7.85896e-05,0.0669944,6,-353.8570239,2379.58,733.405,3.24456,0.000288656,0.248307
282.447511,1,AUTO,ARMED,5,AVAILABLE,UNAVAILABLE,UNAVAILABLE,278,7,ACTIVE,11,F1_N2-A3.NC,F1_N2-A3.NC,2077458.996,194925.237,5712.1,4401.0889,100,24.91667,41,100,0,8,100,12000.0,5782.97,2354.9,2.45572,0.00147966,1.83512,0,540.3214774,12410.1,666.614,18.6166,0.000374407,0.445458,0,291.2288756,1489.07,509.295,2.92379,7.85896e-05,0.0669944,6,-353.8569667,2379.58,733.405,3.24456,0.000288656,0.248307
282.601933,1,AUTO,ARMED,5,AVAILABLE,UNAVAILABLE,UNAVAILABLE,278,7,ACTIVE,11,F1_N2-A3.NC,F1_N2-A3.NC,2077458.996,194925.237,5712.1,3871.0095,100,24.91667,41,100,0,6,100,12000.0,5782.97,2354.9,2.45572,0.00147966,1.83512,0,536.2624464,12410.1,666.614,18.6166,0.000374407,0.445458,0,291.2288113,1489.07,509.295,2.92379,7.85896e-05,0.0669944,6,-353.8570583,2379.58,733.405,3.24456,0.000288656,0.248307
282.749079,1,AUTO,ARMED,5,AVAILABLE,UNAVAILABLE,UNAVAILABLE,279,7,ACTIVE,11,F1_N2-A3.NC,F1_N2-A3.NC,2077458.996,194925.237,5712.1,3871.0095,100,0.0,41,100,0,6,100,12000.0,5758.98,2343.23,2.45771,0.00149512,1.85314,0,536.2624035,3768.65,254.64,14.7999,0.000234926,0.206549,0,291.2288041,552.394,123.892,4.45867,0.000117917,0.0557347,6,-353.8569667,2091.14,725.217,2.88347,0.000350095,0.244246
282.885527,1,AUTO,ARMED,5,AVAILABLE,UNAVAILABLE,UNAVAILABLE,279,7,ACTIVE,11,F1_N2-A3.NC,F1_N2-A3.NC,2077458.996,194925.237,5712.1,3871.0095,100,0.0,41,100,0,6,100,12000.0,5758.98,2343.23,2.45771,0.00149512,1.85314,0,536.2624321,3768.65,254.64,14.7999,0.000234926,0.206549,0,291.2288041,552.394,123.892,4.45867,0.000117917,0.0557347,6,-353.8570125,2091.14,725.217,2.88347,0.000350095,0.244246
283.030009,1,AUTO,ARMED,5,AVAILABLE,UNAVAILABLE,UNAVAILABLE,279,7,ACTIVE,11,F1_N2-A3.NC,F1_N2-A3.NC,2077458.996,194925.237,5712.1,3871.0095,100,0.0,41,100,0,7,100,12000.0,5758.98,2343.23,2.45771,0.00149512,1.85314,0,536.2624535,3768.65,254.64,14.7999,0.000234926,0.206549,0,291.2288041,552.394,123.892,4.45867,0.000117917,0.0557347,6,-353.8570239,2091.14,725.217,2.88347,0.000350095,0.244246
283.182444,1,AUTO,ARMED,5,AVAILABLE,UNAVAILABLE,UNAVAILABLE,279,7,ACTIVE,11,F1_N2-A3.NC,F1_N2-A3.NC,2077458.996,194925.237,5712.1,3871.0095,100,0.0,42,100,0,6,100,12000.0,5758.98,2343.23,2.45771,0.00149512,1.85314,0,536.2624893,3768.65,254.64,14.7999,0.000234926,0.206549,0,291.228797,552.394,123.892,4.45867,0.000117917,0.0557347,6,-353.8569438,2091.14,725.217,2.88347,0.000350095,0.244246
283.328814,1,AUTO,ARMED,5,AVAILABLE,UNAVAILABLE,UNAVAILABLE,279,7,ACTIVE,11,F1_N2-A3.NC,F1_N2-A3.NC,2077458.996,194925.237,5712.1,3871.0095,100,0.0,42,100,0,6,100,12000.0,5758.98,2343.23,2.45771,0.00149512,1.85314,0,536.2624893,3768.65,254.64,14.7999,0.000234926,0.206549,0,291.228797,552.394,123.892,4.45867,0.000117917,0.0557347,6,-353.8570583,2091.14,725.217,2.88347,0.000350095,0.244246
283.491376,1,AUTO,ARMED,5,AVAILABLE,UNAVAILABLE,UNAVAILABLE,279,7,ACTIVE,11,F1_N2-A3.NC,F1_N2-A3.NC,2077458.996,194925.237,5712.1,3871.0095,100,0.0,42,100,0,5,100,12000.0,5758.98,2343.23,2.45771,0.00149512,1.85314,0,536.2624893,3768.65,254.64,14.7999,0.000234926,0.206549,0,291.228797,552.394,123.892,4.45867,0.000117917,0.0557347,6,-353.8569896,2091.14,725.217,2.88347,0.000350095,0.244246
283.637139,1,AUTO,ARMED,5,AVAILABLE,UNAVAILABLE,UNAVAILABLE,282,7,ACTIVE,11,F1_N2-A3.NC,F1_N2-A3.NC,2077458.996,194925.237,5712.1,3907.8708,100,0.0,42,100,0,4,100,12000.0,5758.98,2343.23,2.45771,0.00149512,1.85314,0,536.2624964,3768.65,254.64,14.7999,0.000234926,0.206549,0,291.2299342,552.394,123.892,4.45867,0.000117917,0.0557347,6,-353.8570239,2091.14,725.217,2.88347,0.000350095,0.244246
283.781197,1,AUTO,ARMED,5,AVAILABLE,UNAVAILABLE,UNAVAILABLE,283,7,ACTIVE,11,F1_N2-A3.NC,F1_N2-A3.NC,2077458.996,194925.237,5712.1,3907.8708,100,0.0,42,100,0,4,100,12000.0,5686.99,2370.95,2.39861,0.00151145,1.87342,0,536.2624964,3672.63,261.831,14.0267,0.000233512,0.2092,0,291.3558537,744.533,101.728,7.31886,7.7841e-05,0.0453162,6,-353.8569438,2307.47,724.409,3.18531,0.000510621,0.250728
283.941152,1,AUTO,ARMED,5,AVAILABLE,UNAVAILABLE,UNAVAILABLE,283,7,ACTIVE,11,F1_N2-A3.NC,F1_N2-A3.NC,2077458.996,194925.237,5712.1,3907.8708,100,0.0,42,100,0,5,100,12000.0,5686.99,2370.95,2.39861,0.00151145,1.87342,0,536.2624964,3672.63,261.831,14.0267,0.000233512,0.2092,0,291.3558036,744.533,101.728,7.31886,7.7841e-05,0.0453162,6,-353.8570239,2307.47,724.409,3.18531,0.000510621,0.250728
284.095124,1,AUTO,ARMED,5,AVAILABLE,UNAVAILABLE,UNAVAILABLE,283,7,ACTIVE,11,F1_N2-A3.NC,F1_N2-A3.NC,2077458.996,194925.237,5712.1,3907.8708,100,0.0,42,100,0,5,100,12000.0,5686.99,2370.95,2.39861,0.00151145,1.87342,0,536.2625036,3672.63,261.831,14.0267,0.000233512,0.2092,0,291.3557893,744.533,101.728,7.31886,7.7841e-05,0.0453162,6,-353.8569782,2307.47,724.409,3.18531,0.000510621,0.250728
284.242452,1,AUTO,ARMED,5,AVAILABLE,UNAVAILABLE,UNAVAILABLE,283,7,ACTIVE,11,F1_N2-A3.NC,F1_N2-A3.NC,2077458.996,194925.237,5712.1,3907.8708,100,0.0,43,100,0,6,100,12000.0,5686.99,2370.95,2.39861,0.00151145,1.87342,0,536.2624964,3672.63,261.831,14.0267,0.000233512,0.2092,0,291.3558036,744.533,101.728,7.31886,7.7841e-05,0.0453162,6,-353.8570125,2307.47,724.409,3.18531,0.000510621,0.250728
284.390271,1,AUTO,ARMED,5,AVAILABLE,UNAVAILABLE,UNAVAILABLE,283,7,ACTIVE,11,F1_N2-A3.NC,F1_N2-A3.NC,2077458.996,194925.237,5712.1,4577.5889,100,0.0,43,100,0,7,100,12000.0,5686.99,2370.95,2.39861,0.00151145,1.87342,0,536.2625036,3672.63,261.831,14.0267,0.000233512,0.2092,0,291.3558036,744.533,101.728,7.31886,7.7841e-05,0.0453162,6,-353.8569896,2307.47,724.409,3.18531,0.000510621,0.250728
284.545908,1,AUTO,ARMED,5,AVAILABLE,UNAVAILABLE,UNAVAILABLE,283,7,ACTIVE,11,F1_N2-A3.NC,F1_N2-A3.NC,2077458.996,194925.237,5712.1,4577.5889,100,0.0,43,100,0,6,100,12000.0,5639.0,2387.05,2.36233,0.00151027,1.85843,0,536.2624964,15866.7,650.751,24.3821,0.000228845,0.26414,0,291.3557964,1705.22,590.869,2.88595,9.55019e-05,0.0841808,6,-353.8569438,2379.58,747.16,3.18483,0.000215357,0.246638
285.04,1,AUTO,ARMED,5,AVAILABLE,UNAVAILABLE,UNAVAILABLE,284,7,ACTIVE,11,F1_N2-A3.NC,F1_N2-A3.NC,2077458.996,194925.237,5712.1,4577.5889,100,48.68333,43,100,0,6,100,12000.0,5639.0,2387.05,2.36233,0.00151027,1.85843,1,551.9463026,15866.7,650.751,24.3821,0.000228845,0.26414,0,291.3557607,1705.22,590.869,2.88595,9.55019e-05,0.0841808,6,-353.8569896,2379.58,747.16,3.18483,0.000215357,0.246638
285.197949,1,AUTO,ARMED,5,AVAILABLE,UNAVAILABLE,UNAVAILABLE,284,7,ACTIVE,11,F1_N2-A3.NC,F1_N2-A3.NC,2077458.996,194925.237,5712.1,4577.5889,100,48.68333,44,100,0,8,100,12000.0,5639.0,2387.05,2.36233,0.00151027,1.85843,0,561.9748781,15866.7,650.751,24.3821,0.000228845,0.26414,0,291.3557893,1705.22,590.869,2.88595,9.55019e-05,0.0841808,6,-353.8570354,2379.58,747.16,3.18483,0.000215357,0.246638
285.34319,1,AUTO,ARMED,5,AVAILABLE,UNAVAILABLE,UNAVAILABLE,284,7,ACTIVE,11,F1_N2-A3.NC,F1_N2-A3.NC,2077458.996,194925.237,5712.1,4577.5889,100,48.68333,44,100,0,9,100,12000.0,5639.0,2387.05,2.36233,0.00151027,1.85843,0,569.4966257,15866.7,650.751,24.3821,0.000228845,0.26414,0,291.3558036,1705.22,590.869,2.88595,9.55019e-05,0.0841808,6,-353.8569667,2379.58,747.16,3.18483,0.000215357,0.246638
285.487075,1,AUTO,ARMED,5,AVAILABLE,UNAVAILABLE,UNAVAILABLE,284,7,ACTIVE,11,F1_N2-A3.NC,F1_N2-A3.NC,2077458.996,194925.237,5712.1,4577.5889,100,48.68333,44,100,0,9,100,12000.0,5639.0,2387.05,2.36233,0.00151027,1.85843,0,574.511117,15866.7,650.751,24.3821,0.000228845,0.26414,0,291.3558107,1705.22,590.869,2.88595,9.55019e-05,0.0841808,6,-353.857001,2379.58,747.16,3.18483,0.000215357,0.246638
285.644515,1,AUTO,ARMED,5,AVAILABLE,UNAVAILABLE,UNAVAILABLE,284,7,ACTIVE,11,F1_N2-A3.NC,F1_N2-A3.NC,2077458.996,194925.237,5712.1,4577.5889,100,48.68333,44,100,0,6,100,12000.0,5639.0,2387.05,2.36233,0.00151027,1.85843,0,584.5398696,15866.7,650.751,24.3821,0.000228845,0.26414,0,291.3557964,1705.22,590.869,2.88595,9.55019e-05,0.0841808,6,-353.8569553,2379.58,747.16,3.18483,0.000215357,0.246638
285.789412,1,AUTO,ARMED,5,AVAILABLE,UNAVAILABLE,UNAVAILABLE,284,7,ACTIVE,11,F1_N2-A3.NC,F1_N2-A3.NC,2077458.996,194925.237,5712.1,4406.8662,100,48.68333,44,100,0,7,100,12000.0,5639.0,2387.05,2.36233,0.00151027,1.85843,0,589.5661612,15866.7,650.751,24.3821,0.000228845,0.26414,0,291.3558107,1705.22,590.869,2.88595,9.55019e-05,0.0841808,6,-353.8570468,2379.58,747.16,3.18483,0.000215357,0.246638
285.948595,1,AUTO,ARMED,5,AVAILABLE,UNAVAILABLE,UNAVAILABLE,284,7,ACTIVE,11,F1_N2-A3.NC,F1_N2-A3.NC,2077458.996,194925.237,5712.1,4406.8662,100,48.68333,44,100,0,9,100,12000.0,5854.96,2394.23,2.44545,0.00150829,1.86095,0,594.592839,16922.9,615.453,27.4967,0.000239908,0.300714,0,291.3557893,1633.17,489.254,3.33808,0.000142482,0.0759095,6,-353.8569667,2451.68,723.295,3.3896,0.000347287,0.247635
286.092679,1,AUTO,ARMED,5,AVAILABLE,UNAVAILABLE,UNAVAILABLE,284,7,ACTIVE,11,F1_N2-A3.NC,F1_N2-A3.NC,2077458.996,194925.237,5712.1,4406.8662,100,48.68333,44,100,0,7,100,12000.0,5854.96,2394.23,2.44545,0.00150829,1.86095,0,604.6093951,16922.9,615.453,27.4967,0.000239908,0.300714,0,291.3558036,1633.17,489.254,3.33808,0.000142482,0.0759095,6,-353.8570125,2451.68,723.295,3.3896,0.000347287,0.247635
286.23396,1,AUTO,ARMED,5,AVAILABLE,UNAVAILABLE,UNAVAILABLE,284,7,ACTIVE,11,F1_N2-A3.NC,F1_N2-A3.NC,2077458.996,194925.237,5712.1,4406.8662,100,48.68333,45,100,0,8,100,12000.0,5854.96,2394.23,2.44545,0.00150829,1.86095,0,614.6260405,16922.9,615.453,27.4967,0.000239908,0.300714,0,291.3558036,1633.17,489.254,3.33808,0.000142482,0.0759095,6,-353.8570354,2451.68,723.295,3.3896,0.000347287,0.247635
286.381658,1,AUTO,ARMED,5,AVAILABLE,UNAVAILABLE,UNAVAILABLE,284,7,ACTIVE,11,F1_N2-A3.NC,F1_N2-A3.NC,2077458.996,194925.237,5712.1,4406.8662,100,48.68333,45,100,0,8,100,12000.0,5854.96,2394.23,2.44545,0.00150829,1.86095,0,619.6404839,16922.9,615.453,27.4967,0.000239908,0.300714,0,291.3558107,1633.17,489.254,3.33808,0.000142482,0.0759095,6,-353.8569553,2451.68,723.295,3.3896,0.000347287,0.247635
286.532155,1,AUTO,ARMED,5,AVAILABLE,UNAVAILABLE,UNAVAILABLE,284,7,ACTIVE,11,F1_N2-A3.NC,F1_N2-A3.NC,2077458.996,194925.237,5712.1,4406.8662,100,48.68333,45,100,0,8,100,12000.0,5854.96,2394.23,2.44545,0.00150829,1.86095,0,624.6670221,16922.9,615.453,27.4967,0.000239908,0.300714,0,291.3558107,1633.17,489.254,3.33808,0.000142482,0.0759095,6,-353.8570583,2451.68,723.295,3.3896,0.000347287,0.247635
286.691332,1,AUTO,ARMED,5,AVAILABLE,UNAVAILABLE,UNAVAILABLE,284,7,ACTIVE,11,F1_N2-A3.NC,F1_N2-A3.NC,2077458.996,194925.237,5712.1,4406.8662,100,48.68333,45,100,0,6,100,12000.0,5854.96,2394.23,2.44545,0.00150829,1.86095,0,634.6835352,16922.9,615.453,27.4967,0.000239908,0.300714,0,291.3558107,1633.17,489.254,3.33808,0.000142482,0.0759095,6,-353.8570125,2451.68,723.295,3.3896,0.000347287,0.247635
286.871406,1,AUTO,ARMED,5,AVAILABLE,UNAVAILABLE,UNAVAILABLE,284,7,ACTIVE,11,F1_N2-A3.NC,F1_N2-A3.NC,2077458.996,194925.237,5712.1,4406.8662,100,48.68333,45,100,0,8,100,12000.0,5854.96,2394.23,2.44545,0.00150829,1.86095,0,644.7124452,16922.9,615.453,27.4967,0.000239908,0.300714,0,291.3557964,1633.17,489.254,3.33808,0.000142482,0.0759095,6,-353.8569667,2451.68,723.295,3.3896,0.000347287,0.247635
287.011682,1,AUTO,ARMED,5,AVAILABLE,UNAVAILABLE,UNAVAILABLE,284,7,ACTIVE,11,F1_N2-A3.NC,F1_N2-A3.NC,2077458.996,194925.237,5712.1,3859.5918,100,48.68333,45,100,0,8,100,12000.0,5710.98,2333.85,2.44702,0.00149818,1.84767,1,649.7271063,16082.8,249.408,64.4839,0.000234832,0.194971,0,291.3558894,1465.05,121.078,12.1001,8.69496e-05,0.0537086,6,-353.8570468,1970.96,683.015,2.88568,0.000225831,0.227352
287.148263,1,AUTO,ARMED,5,AVAILABLE,UNAVAILABLE,UNAVAILABLE,284,7,ACTIVE,11,F1_N2-A3.NC,F1_N2-A3.NC,2077458.996,194925.237,5712.1,3859.5918,100,48.68333,45,100,0,8,100,12000.0,5710.98,2333.85,2.44702,0.00149818,1.84767,1,654.6198431,16082.8,249.408,64.4839,0.000234832,0.194971,0,291.3558394,1465.05,121.078,12.1001,8.69496e-05,0.0537086,6,-353.8569324,1970.96,683.015,2.88568,0.000225831,0.227352
287.291226,1,AUTO,ARMED,5,AVAILABLE,UNAVAILABLE,UNAVAILABLE,284,7,ACTIVE,11,F1_N2-A3.NC,F1_N2-A3.NC,2077458.996,194925.237,5712.1,3859.5918,100,22.18333,46,100,0,6,100,12000.0,5710.98,2333.85,2.44702,0.00149818,1.84767,2,655.6423997,16082.8,249.408,64.4839,0.000234832,0.194971,0,291.3557964,1465.05,121.078,12.1001,8.69496e-05,0.0537086,6,-353.8569553,1970.96,683.015,2.88568,0.000225831,0.227352
287.43783,1,AUTO,ARMED,5,AVAILABLE,UNAVAILABLE,UNAVAILABLE,285,7,ACTIVE,11,F1_N2-A3.NC,F1_N2-A3.NC,2077458.996,194925.237,5712.1,3859.5918,100,0.0,46,100,0,4,100,12000.0,5710.98,2333.85,2.44702,0.00149818,1.84767,0,655.6425713,16082.8,249.408,64.4839,0.000234832,0.194971,0,291.3557964,1465.05,121.078,12.1001,8.69496e-05,0.0537086,6,-353.8570468,1970.96,683.015,2.88568,0.000225831,0.227352
287.576489,1,AUTO,ARMED,5,AVAILABLE,UNAVAILABLE,UNAVAILABLE,285,7,ACTIVE,11,F1_N2-A3.NC,F1_N2-A3.NC,2077458.996,194925.237,5712.1,3859.5918,100,0.0,46,100,0,5,100,12000.0,5710.98,2333.85,2.44702,0.00149818,1.84767,0,655.6425499,16082.8,249.408,64.4839,0.000234832,0.194971,0,291.3558107,1465.05,121.078,12.1001,8.69496e-05,0.0537086,6,-353.8570468,1970.96,683.015,2.88568,0.000225831,0.227352
287.729403,1,AUTO,ARMED,5,AVAILABLE,UNAVAILABLE,UNAVAILABLE,285,7,ACTIVE,11,F1_N2-A3.NC,F1_N2-A3.NC,2077458.996,194925.237,5712.1,3859.5918,100,0.0,46,100,0,6,100,12000.0,5710.98,2333.85,2.44702,0.00149818,1.84767,0,655.6425427,16082.8,249.408,64.4839,0.000234832,0.194971,0,291.3557893,1465.05,121.078,12.1001,8.69496e-05,0.0537086,6,-353.8569667,1970.96,683.015,2.88568,0.000225831,0.227352
287.868054,1,AUTO,ARMED,5,AVAILABLE,UNAVAILABLE,UNAVAILABLE,285,7,ACTIVE,11,F1_N2-A3.NC,F1_N2-A3.NC,2077458.996,194925.237,5712.1,3859.5918,100,0.0,46,100,0,6,100,12000.0,5710.98,2333.85,2.44702,0.00149818,1.84767,0,655.6425213,16082.8,249.408,64.4839,0.000234832,0.194971,0,291.3558179,1465.05,121.078,12.1001,8.69496e-05,0.0537086,6,-353.8570468,1970.96,683.015,2.88568,0.000225831,0.227352
288.005642,1,AUTO,ARMED,5,AVAILABLE,UNAVAILABLE,UNAVAILABLE,285,7,ACTIVE,11,F1_N2-A3.NC,F1_N2-A3.NC,2077458.996,194925.237,5712.2,4043.521,100,0.0,46,100,0,7,100,12000.0,5950.94,2317.51,2.56782,0.00146874,1.80528,0,655.642507,13250.3,646.855,20.4842,0.000431308,0.461136,0,291.3558036,1368.98,150.544,9.09355,0.000110952,0.0529898,6,-353.8570125,2043.07,708.542,2.88348,0.000307614,0.243986
288.149544,1,AUTO,ARMED,5,AVAILABLE,UNAVAILABLE,UNAVAILABLE,285,7,ACTIVE,11,F1_N2-A3.NC,F1_N2-A3.NC,2077458.996,194925.237,5712.2,4043.521,100,0.0,47,100,0,6,100,12000.0,5950.94,2317.51,2.56782,0.00146874,1.80528,0,655.6425141,13250.3,646.855,20.4842,0.000431308,0.461136,0,291.3557964,1368.98,150.544,9.09355,0.000110952,0.0529898,6,-353.8569438,2043.07,708.542,2.88348,0.000307614,0.243986
288.286855,1,AUTO,ARMED,5,AVAILABLE,UNAVAILABLE,UNAVAILABLE,286,7,ACTIVE,11,F1_N2-A3.NC,F1_N2-A3.NC,2077458.996,194925.237,5712.2,4043.521,100,0.0,47,100,0,6,100,12000.0,5950.94,2317.51,2.56782,0.00146874,1.80528,0,655.3574233,13250.3,646.855,20.4842,0.000431308,0.461136,0,291.4830677,1368.98,150.544,9.09355,0.000110952,0.0529898,6,-353.8570468,2043.07,708.542,2.88348,0.000307614,0.243986
288.429995,1,AUTO,ARMED,5,AVAILABLE,UNAVAILABLE,UNAVAILABLE,287,7,ACTIVE,11,F1_N2-A3.NC,F1_N2-A3.NC,2077458.996,194925.237,5712.2,4043.521,100,40.81667,47,100,0,5,100,12000.0,5950.94,2317.51,2.56782,0.00146874,1.80528,2,651.2613968,13250.3,646.855,20.4842,0.000431308,0.461136,0,291.4828675,1368.98,150.544,9.09355,0.000110952,0.0529898,6,-353.8569324,2043.07,708.542,2.88348,0.000307614,0.243986
288.573861,1,AUTO,ARMED,5,AVAILABLE,UNAVAILABLE,UNAVAILABLE,287,7,ACTIVE,11,F1_N2-A3.NC,F1_N2-A3.NC,2077458.996,194925.237,5712.2,4043.521,100,48.68333,47,100,0,4,100,12000.0,5950.94,2317.51,2.56782,0.00146874,1.80528,0,641.2246692,13250.3,646.855,20.4842,0.000431308,0.461136,0,291.4827316,1368.98,150.544,9.09355,0.000110952,0.0529898,6,-353.8570125,2043.07,708.542,2.88348,0.000307614,0.243986
288.713892,1,AUTO,ARMED,5,AVAILABLE,UNAVAILABLE,UNAVAILABLE,287,7,ACTIVE,11,F1_N2-A3.NC,F1_N2-A3.NC,2077458.996,194925.237,5712.2,4043.521,100,48.68333,47,100,0,6,100,12000.0,5950.94,2317.51,2.56782,0.00146874,1.80528,0,631.2081782,13250.3,646.855,20.4842,0.000431308,0.461136,0,291.4828031,1368.98,150.544,9.09355,0.000110952,0.0529898,6,-353.8570239,2043.07,708.542,2.88348,0.000307614,0.243986
288.857735,1,AUTO,ARMED,5,AVAILABLE,UNAVAILABLE,UNAVAILABLE,287,7,ACTIVE,11,F1_N2-A3.NC,F1_N2-A3.NC,2077458.996,194925.237,5712.2,4043.521,100,48.68333,47,100,0,8,100,12000.0,5950.94,2317.51,2.56782,0.00146874,1.80528,0,626.1816569,13250.3,646.855,20.4842,0.000431308,0.461136,0,291.4828031,1368.98,150.544,9.09355,0.000110952,0.0529898,6,-353.8569438,2043.07,708.542,2.88348,0.000307614,0.243986
289.00185,1,AUTO,ARMED,5,AVAILABLE,UNAVAILABLE,UNAVAILABLE,287,7,ACTIVE,11,F1_N2-A3.NC,F1_N2-A3.NC,2077458.996,194925.237,5712.2,4043.521,100,48.68333,47,100,0,9,100,12000.0,5950.94,2317.51,2.56782,0.00146874,1.80528,0,621.1794823,13250.3,646.855,20.4842,0.000431308,0.461136,0,291.4828102,1368.98,150.544,9.09355,0.000110952,0.0529898,6,-353.8570583,2043.07,708.542,2.88348,0.000307614,0.243986
289.141706,1,AUTO,ARMED,5,AVAILABLE,UNAVAILABLE,UNAVAILABLE,287,7,ACTIVE,11,F1_N2-A3.NC,F1_N2-A3.NC,2077458.996,194925.237,5712.2,4407.2109,100,48.68333,47,100,0,10,100,12000.0,5902.95,2381.49,2.47868,0.00148884,1.85374,0,616.1651201,13754.4,545.711,25.2045,0.00026121,0.271366,0,291.4828031,1441.03,532.529,2.70601,7.53011e-05,0.0734122,6,-353.8569438,2091.14,690.918,3.02661,0.000298459,0.236935
289.280452,1,AUTO,ARMED,5,AVAILABLE,UNAVAILABLE,UNAVAILABLE,287,7,ACTIVE,11,F1_N2-A3.NC,F1_N2-A3.NC,2077458.996,194925.237,5712.2,4407.2109,100,48.68333,48,100,0,7,100,12000.0,5902.95,2381.49,2.47868,0.00148884,1.85374,0,608.6435309,13754.4,545.711,25.2045,0.00026121,0.271366,0,291.4828102,1441.03,532.529,2.70601,7.53011e-05,0.0734122,6,-353.8569553,2091.14,690.918,3.02661,0.000298459,0.236935
289.421048,1,AUTO,ARMED,5,AVAILABLE,UNAVAILABLE,UNAVAILABLE,287,7,ACTIVE,11,F1_N2-A3.NC,F1_N2-A3.NC,2077458.996,194925.237,5712.2,4407.2109,100,48.68333,48,100,0,7,100,12000.0,5902.95,2381.49,2.47868,0.00148884,1.85374,0,603.6291328,13754.4,545.711,25.2045,0.00026121,0.271366,0,291.4828102,1441.03,532.529,2.70601,7.53011e-05,0.0734122,6,-353.8570468,2091.14,690.918,3.02661,0.000298459,0.236935
289.576564,1,AUTO,ARMED,5,AVAILABLE,UNAVAILABLE,UNAVAILABLE,287,7,ACTIVE,11,F1_N2-A3.NC,F1_N2-A3.NC,2077458.996,194925.237,5712.2,4407.2109,100,48.68333,48,100,0,7,100,12000.0,5902.95,2381.49,2.47868,0.00148884,1.85374,0,598.6268297,13754.4,545.711,25.2045,0.00026121,0.271366,0,291.4828031,1441.03,532.529,2.70601,7.53011e-05,0.0734122,6,-353.8570354,2091.14,690.918,3.02661,0.000298459,0.236935
289.721775,1,AUTO,ARMED,5,AVAILABLE,UNAVAILABLE,UNAVAILABLE,287,7,ACTIVE,11,F1_N2-A3.NC,F1_N2-A3.NC,2077458.996,194925.237,5712.2,4407.2109,100,48.68333,48,100,0,6,100,12000.0,5902.95,2381.49,2.47868,0.00148884,1.85374,0,588.585688,13754.4,545.711,25.2045,0.00026121,0.271366,0,291.4827888,1441.03,532.529,2.70601,7.53011e-05,0.0734122,6,-353.8569782,2091.14,690.918,3.02661,0.000298459,0.236935
289.871354,1,AUTO,ARMED,5,AVAILABLE,UNAVAILABLE,UNAVAILABLE,287,7,ACTIVE,11,F1_N2-A3.NC,F1_N2-A3.NC,2077458.996,194925.237,5712.2,4407.2109,100,48.68333,48,100,0,8,100,12000.0,5902.95,2381.49,2.47868,0.00148884,1.85374,0,578.5570585,13754.4,545.711,25.2045,0.00026121,0.271366,0,291.4827959,1441.03,532.529,2.70601,7.53011e-05,0.0734122,6,-353.8570354,2091.14,690.918,3.02661,0.000298459,0.236935
290.015269,1,AUTO,ARMED,5,AVAILABLE,UNAVAILABLE,UNAVAILABLE,287,7,ACTIVE,11,F1_N2-A3.NC,F1_N2-A3.NC,2077458.996,194925.237,5712.2,4407.2109,100,48.68333,48,100,0,8,100,12000.0,5902.95,2381.49,2.47868,0.00148884,1.85374,0,568.5405606,13754.4,545.711,25.2045,0.00026121,0.271366,0,291.4828174,1441.03,532.529,2.70601,7.53011e-05,0.0734122,6,-353.8570468,2091.14,690.918,3.02661,0.000298459,0.236935
290.165264,1,AUTO,ARMED,5,AVAILABLE,UNAVAILABLE,UNAVAILABLE,287,7,ACTIVE,11,F1_N2-A3.NC,F1_N2-A3.NC,2077458.996,194925.237,5712.2,4211.0049,100,48.68333,49,100,0,6,100,12000.0,5950.94,2376.74,2.50382,0.00151478,1.84899,0,563.5262463,13706.4,649.8,21.0933,0.000199772,0.268128,0,291.4827959,1465.05,220.672,6.63904,5.98719e-05,0.0779335,6,-353.8569553,1946.93,606.881,3.20809,0.000204803,0.211772
290.305341,1,AUTO,ARMED,5,AVAILABLE,UNAVAILABLE,UNAVAILABLE,287,7,ACTIVE,11,F1_N2-A3.NC,F1_N2-A3.NC,2077458.996,194925.237,5712.2,4211.0049,100,48.68333,49,100,0,6,100,12000.0,5950.94,2376.74,2.50382,0.00151478,1.84899,0,558.4997354,13706.4,649.8,21.0933,0.000199772,0.268128,0,291.4828245,1465.05,220.672,6.63904,5.98719e-05,0.0779335,6,-353.8570354,1946.93,606.881,3.20809,0.000204803,0.211772
290.440139,1,AUTO,ARMED,5,AVAILABLE,UNAVAILABLE,UNAVAILABLE,287,7,ACTIVE,11,F1_N2-A3.NC,F1_N2-A3.NC,2077458.996,194925.237,5712.2,4211.0049,100,48.68333,49,100,0,8,100,12000.0,5950.94,2376.74,2.50382,0.00151478,1.84899,0,548.4830048,13706.4,649.8,21.0933,0.000199772,0.268128,0,291.4828102,1465.05,220.672,6.63904,5.98719e-05,0.0779335,6,-353.857001,1946.93,606.881,3.20809,0.000204803,0.211772
290.580834,1,AUTO,ARMED,5,AVAILABLE,UNAVAILABLE,UNAVAILABLE,287,7,ACTIVE,11,F1_N2-A3.NC,F1_N2-A3.NC,2077458.996,194925.237,5712.2,4211.0049,100,48.68333,49,100,0,8,100,12000.0,5950.94,2376.74,2.50382,0.00151478,1.84899,0,543.4563615,13706.4,649.8,21.0933,0.000199772,0.268128,0,291.4828031,1465.05,220.672,6.63904,5.98719e-05,0.0779335,6,-353.8570354,1946.93,606.881,3.20809,0.000204803,0.211772
290.725199,1,AUTO,ARMED,5,AVAILABLE,UNAVAILABLE,UNAVAILABLE,287,7,ACTIVE,11,F1_N2-A3.NC,F1_N2-A3.NC,2077458.996,194925.237,5712.2,4211.0049,100,42.76667,49,100,0,6,100,12000.0,5950.94,2376.74,2.50382,0.00151478,1.84899,0,538.4521267,13706.4,649.8,21.0933,0.000199772,0.268128,0,291.4828603,1465.05,220.672,6.63904,5.98719e-05,0.0779335,6,-353.8569438,1946.93,606.881,3.20809,0.000204803,0.211772
290.871478,1,AUTO,ARMED,5,AVAILABLE,UNAVAILABLE,UNAVAILABLE,287,7,ACTIVE,11,F1_N2-A3.NC,F1_N2-A3.NC,2077458.996,194925.237,5712.2,4211.0049,100,42.76667,49,100,0,5,100,12000.0,5950.94,2376.74,2.50382,0.00151478,1.84899,1,536.2628183,13706.4,649.8,21.0933,0.000199772,0.268128,0,291.4827959,1465.05,220.672,6.63904,5.98719e-05,0.0779335,6,-353.8569667,1946.93,606.881,3.20809,0.000204803,0.211772
291.019573,1,AUTO,ARMED,5,AVAILABLE,UNAVAILABLE,UNAVAILABLE,287,7,ACTIVE,11,F1_N2-A3.NC,F1_N2-A3.NC,2077458.996,194925.237,5712.2,4211.0049,100,18.43333,49,100,0,6,100,12000.0,5950.94,2376.74,2.50382,0.00151478,1.84899,0,536.2624106,13706.4,649.8,21.0933,0.000199772,0.268128,0,291.4828102,1465.05,220.672,6.63904,5.98719e-05,0.0779335,6,-353.8570239,1946.93,606.881,3.20809,0.000204803,0.211772
291.155489,1,AUTO,ARMED,5,AVAILABLE,UNAVAILABLE,UNAVAILABLE,288,7,ACTIVE,11,F1_N2-A3.NC,F1_N2-A3.NC,2077458.996,194925.237,5712.2,4211.0049,100,0.0,49,100,0,5,100,12000.0,5519.02,2354.54,2.34399,0.00151425,1.86052,0,536.2624249,12962.2,255.527,50.7273,0.000177855,0.19768,0,291.4827888,1272.91,158.207,8.04585,6.21917e-05,0.0452055,6,-353.8570125,1850.78,669.237,2.76551,0.000199773,0.221435
291.296278,1,AUTO,ARMED,5,AVAILABLE,UNAVAILABLE,UNAVAILABLE,288,7,ACTIVE,11,F1_N2-A3.NC,F1_N2-A3.NC,2077458.996,194925.237,5712.2,3931.5061,100,0.0,50,100,0,6,100,12000.0,5519.02,2354.54,2.34399,0.00151425,1.86052,0,536.2624535,12962.2,255.527,50.7273,0.000177855,0.19768,0,291.4827959,1272.91,158.207,8.04585,6.21917e-05,0.0452055,6,-353.8569667,1850.78,669.237,2.76551,0.000199773,0.221435
291.442348,1,AUTO,ARMED,5,AVAILABLE,UNAVAILABLE,UNAVAILABLE,288,7,ACTIVE,11,F1_N2-A3.NC,F1_N2-A3.NC,2077458.996,194925.237,5712.2,3931.5061,100,0.0,50,100,0,4,100,12000.0,5519.02,2354.54,2.34399,0.00151425,1.86052,0,536.2624821,12962.2,255.527,50.7273,0.000177855,0.19768,0,291.4827959,1272.91,158.207,8.04585,6.21917e-05,0.0452055,6,-353.8569782,1850.78,669.237,2.76551,0.000199773,0.221435
291.588363,1,AUTO,ARMED,5,AVAILABLE,UNAVAILABLE,UNAVAILABLE,288,7,ACTIVE,11,F1_N2-A3.NC,F1_N2-A3.NC,2077458.996,194925.237,5712.2,3931.5061,100,0.0,50,100,0,5,100,12000.0,5519.02,2354.54,2.34399,0.00151425,1.86052,0,536.2624893,12962.2,255.527,50.7273,0.000177855,0.19768,0,291.4828102,1272.91,158.207,8.04585,6.21917e-05,0.0452055,6,-353.8570125,1850.78,669.237,2.76551,0.000199773,0.221435
291.741444,1,AUTO,ARMED,5,AVAILABLE,UNAVAILABLE,UNAVAILABLE,288,7,ACTIVE,11,F1_N2-A3.NC,F1_N2-A3.NC,2077458.996,194925.237,5712.2,3931.5061,100,0.0,50,100,0,4,100,12000.0,5519.02,2354.54,2.34399,0.00151425,1.86052,0,536.2624893,12962.2,255.527,50.7273,0.000177855,0.19768,0,291.4827959,1272.91,158.207,8.04585,6.21917e-05,0.0452055,6,-353.8569667,1850.78,669.237,2.76551,0.000199773,0.221435
291.87881,1,AUTO,ARMED,5,AVAILABLE,UNAVAILABLE,UNAVAILABLE,292,7,ACTIVE,11,F1_N2-A3.NC,F1_N2-A3.NC,2077458.996,194925.237,5712.2,3931.5061,100,0.0,50,100,0,4,100,12000.0,5519.02,2354.54,2.34399,0.00151425,1.86052,0,536.2624964,12962.2,255.527,50.7273,0.000177855,0.19768,0,291.612964,1272.91,158.207,8.04585,6.21917e-05,0.0452055,6,-353.8570354,1850.78,669.237,2.76551,0.000199773,0.221435
292.036453,1,AUTO,ARMED,5,AVAILABLE,UNAVAILABLE,UNAVAILABLE,292,7,ACTIVE,11,F1_N2-A3.NC,F1_N2-A3.NC,2077458.996,194925.237,5712.2,3931.5061,100,0.0,50,100,0,4,100,12000.0,5519.02,2354.54,2.34399,0.00151425,1.86052,0,536.2624964,12962.2,255.527,50.7273,0.000177855,0.19768,0,291.6099528,1272.91,158.207,8.04585,6.21917e-05,0.0452055,6,-353.8569438,1850.78,669.237,2.76551,0.000199773,0.221435
292.179488,1,AUTO,ARMED,5,AVAILABLE,UNAVAILABLE,UNAVAILABLE,292,7,ACTIVE,11,F1_N2-A3.NC,F1_N2-A3.NC,2077458.996,194925.237,5712.2,3931.5061,100,0.0,51,100,0,4,100,12000.0,5519.02,2354.54,2.34399,0.00151425,1.86052,0,536.2625036,12962.2,255.527,50.7273,0.000177855,0.19768,0,291.6097883,1272.91,158.207,8.04585,6.21917e-05,0.0452055,6,-353.8569553,1850.78,669.237,2.76551,0.000199773,0.221435
292.320219,1,AUTO,ARMED,5,AVAILABLE,UNAVAILABLE,UNAVAILABLE,292,7,ACTIVE,11,F1_N2-A3.NC,F1_N2-A3.NC,2077458.996,194925.237,5712.2,3967.6389,100,0.0,51,100,0,4,100,12000.0,5471.03,2363.4,2.3149,0.00149848,1.86837,0,536.2624964,3648.63,248.981,14.6543,0.000184669,0.192164,0,291.6098097,744.531,171.451,4.34253,6.77724e-05,0.046019,6,-353.857001,2067.11,682.132,3.03037,0.000250864,0.229786
292.466177,1,AUTO,ARMED,5,AVAILABLE,UNAVAILABLE,UNAVAILABLE,292,7,ACTIVE,11,F1_N2-A3.NC,F1_N2-A3.NC,2077458.996,194925.237,5712.2,3967.6389,100,0.0,51,100,0,6,100,12000.0,5471.03,2363.4,2.3149,0.00149848,1.86837,0,536.2624964,3648.63,248.981,14.6543,0.000184669,0.192164,0,291.6098026,744.531,171.451,4.34253,6.77724e-05,0.046019,6,-353.8569896,2067.11,682.132,3.03037,0.000250864,0.229786
292.629463,1,AUTO,ARMED,5,AVAILABLE,UNAVAILABLE,UNAVAILABLE,292,7,ACTIVE,11,F1_N2-A3.NC,F1_N2-A3.NC,2077458.996,194925.237,5712.2,3967.6389,100,0.0,51,100,0,7,100,12000.0,5471.03,2363.4,2.3149,0.00149848,1.86837,0,536.2625036,3648.63,248.981,14.6543,0.000184669,0.192164,0,291.6098026,744.531,171.451,4.34253,6.77724e-05,0.046019,6,-353.8570125,2067.11,682.132,3.03037,0.000250864,0.229786
292.770406,1,AUTO,ARMED,5,AVAILABLE,UNAVAILABLE,UNAVAILABLE,292,7,ACTIVE,11,F1_N2-A3.NC,F1_N2-A3.NC,2077458.996,194925.237,5712.2,3967.6389,100,0.0,51,100,0,6,100,12000.0,5471.03,2363.4,2.3149,0.00149848,1.86837,0,536.2624964,3648.63,248.981,14.6543,0.000184669,0.192164,0,291.6097954,744.531,171.451,4.34253,6.77724e-05,0.046019,6,-353.8569553,2067.11,682.132,3.03037,0.000250864,0.229786
292.912735,1,AUTO,ARMED,5,AVAILABLE,UNAVAILABLE,UNAVAILABLE,293,7,ACTIVE,11,F1_N2-A3.NC,F1_N2-A3.NC,2077458.996,194925.237,5712.2,3967.6389,100,0.0,51,100,0,4,100,12000.0,5471.03,2363.4,2.3149,0.00149848,1.86837,3,539.426804,3648.63,248.981,14.6543,0.000184669,0.192164,0,291.6098026,744.531,171.451,4.34253,6.77724e-05,0.046019,6,-353.8570239,2067.11,682.132,3.03037,0.000250864,0.229786
293.060511,1,AUTO,ARMED,5,AVAILABLE,UNAVAILABLE,UNAVAILABLE,293,7,ACTIVE,11,F1_N2-A3.NC,F1_N2-A3.NC,2077458.996,194925.237,5712.2,3967.6389,100,55.03333,51,100,0,5,100,12000.0,5471.03,2363.4,2.3149,0.00149848,1.86837,3,545.0740028,3648.63,248.981,14.6543,0.000184669,0.192164,0,291.6096667,744.531,171.451,4.34253,6.77724e-05,0.046019,6,-353.8569896,2067.11,682.132,3.03037,0.000250864,0.229786
293.23801,1,AUTO,ARMED,5,AVAILABLE,UNAVAILABLE,UNAVAILABLE,293,7,ACTIVE,11,F1_N2-A3.NC,F1_N2-A3.NC,2077458.996,194925.237,5712.2,3967.6389,100,55.03333,52,100,0,4,100,12000.0,5734.98,2396.4,2.39316,0.00150559,1.86649,1,550.742516,18651.2,686.409,27.1721,0.00023693,0.283437,0,291.6097597,1753.25,562.585,3.11642,0.000120675,0.0743342,6,-353.8569896,2187.28,777.844,2.81198,0.000151319,0.247718
293.381697,1,AUTO,ARMED,5,AVAILABLE,UNAVAILABLE,UNAVAILABLE,293,7,ACTIVE,11,F1_N2-A3.NC,F1_N2-A3.NC,2077458.996,194925.237,5712.2,4491.1089,100,55.03333,52,100,0,5,100,12000.0,5734.98,2396.4,2.39316,0.00150559,1.86649,1,553.5626786,18651.2,686.409,27.1721,0.00023693,0.283437,0,291.6097883,1753.25,562.585,3.11642,0.000120675,0.0743342,6,-353.8569438,2187.28,777.844,2.81198,0.000151319,0.247718
293.527096,1,AUTO,ARMED,5,AVAILABLE,UNAVAILABLE,UNAVAILABLE,293,7,ACTIVE,11,F1_N2-A3.NC,F1_N2-A3.NC,2077458.996,194925.237,5712.2,4491.1089,100,55.03333,52,100,0,8,100,12000.0,5734.98,2396.4,2.39316,0.00150559,1.86649,0,570.5680222,18651.2,686.409,27.1721,0.00023693,0.283437,0,291.6098097,1753.25,562.585,3.11642,0.000120675,0.0743342,6,-353.8570239,2187.28,777.844,2.81198,0.000151319,0.247718
293.719701,1,AUTO,ARMED,5,AVAILABLE,UNAVAILABLE,UNAVAILABLE,293,7,ACTIVE,11,F1_N2-A3.NC,F1_N2-A3.NC,2077458.996,194925.237,5712.2,4491.1089,100,55.03333,52,100,0,8,100,12000.0,5734.98,2396.4,2.39316,0.00150559,1.86649,0,576.2640049,18651.2,686.409,27.1721,0.00023693,0.283437,0,291.6097954,1753.25,562.585,3.11642,0.000120675,0.0743342,6,-353.8570354,2187.28,777.844,2.81198,0.000151319,0.247718
293.882442,1,AUTO,ARMED,5,AVAILABLE,UNAVAILABLE,UNAVAILABLE,293,7,ACTIVE,11,F1_N2-A3.NC,F1_N2-A3.NC,2077458.996,194925.237,5712.2,4491.1089,100,55.03333,52,100,0,6,100,12000.0,5734.98,2396.4,2.39316,0.00150559,1.86649,0,587.5870597,18651.2,686.409,27.1721,0.00023693,0.283437,0,291.6097954,1753.25,562.585,3.11642,0.000120675,0.0743342,6,-353.8570468,2187.28,777.844,2.81198,0.000151319,0.247718
294.033454,1,AUTO,ARMED,5,AVAILABLE,UNAVAILABLE,UNAVAILABLE,293,7,ACTIVE,11,F1_N2-A3.NC,F1_N2-A3.NC,2077458.996,194925.237,5712.2,4491.1089,100,55.03333,52,100,0,8,100,12000.0,5734.98,2396.4,2.39316,0.00150559,1.86649,0,593.2419623,18651.2,686.409,27.1721,0.00023693,0.283437,0,291.6098097,1753.25,562.585,3.11642,0.000120675,0.0743342,6,-353.8569553,2187.28,777.844,2.81198,0.000151319,0.247718
294.193456,1,AUTO,ARMED,5,AVAILABLE,UNAVAILABLE,UNAVAILABLE,293,7,ACTIVE,11,F1_N2-A3.NC,F1_N2-A3.NC,2077458.996,194925.237,5712.2,4491.1089,100,55.03333,53,100,0,7,100,12000.0,5734.98,2396.4,2.39316,0.00150559,1.86649,0,598.9239228,18651.2,686.409,27.1721,0.00023693,0.283437,0,291.6098026,1753.25,562.585,3.11642,0.000120675,0.0743342,6,-353.8570468,2187.28,777.844,2.81198,0.000151319,0.247718
294.358674,1,AUTO,ARMED,5,AVAILABLE,UNAVAILABLE,UNAVAILABLE,293,7,ACTIVE,11,F1_N2-A3.NC,F1_N2-A3.NC,2077458.996,194925.237,5712.2,4491.1089,100,55.03333,53,100,0,5,100,12000.0,5686.99,2381.44,2.38805,0.00147928,1.84315,1,615.9292698,19059.3,561.149,33.9648,0.000262735,0.277166,0,291.6097954,1753.25,515.191,3.40311,7.7385e-05,0.0734403,6,-353.8570239,2307.47,726.669,3.17541,0.000237517,0.23836
294.500256,1,AUTO,ARMED,5,AVAILABLE,UNAVAILABLE,UNAVAILABLE,293,7,ACTIVE,11,F1_N2-A3.NC,F1_N2-A3.NC,2077458.996,194925.237,5712.2,4375.1055,100,55.03333,53,100,0,7,100,12000.0,5686.99,2381.44,2.38805,0.00147928,1.84315,1,621.5976631,19059.3,561.149,33.9648,0.000262735,0.277166,0,291.6097883,1753.25,515.191,3.40311,7.7385e-05,0.0734403,6,-353.8569438,2307.47,726.669,3.17541,0.000237517,0.23836
294.66505,1,AUTO,ARMED,5,AVAILABLE,UNAVAILABLE,UNAVAILABLE,293,7,ACTIVE,11,F1_N2-A3.NC,F1_N2-A3.NC,2077458.996,194925.237,5712.2,4375.1055,100,55.03333,53,100,0,8,100,12000.0,5686.99,2381.44,2.38805,0.00147928,1.84315,0,627.2524739,19059.3,561.149,33.9648,0.000262735,0.277166,0,291.6098097,1753.25,515.191,3.40311,7.7385e-05,0.0734403,6,-353.8570468,2307.47,726.669,3.17541,0.000237517,0.23836
294.815461,1,AUTO,ARMED,5,AVAILABLE,UNAVAILABLE,UNAVAILABLE,293,7,ACTIVE,11,F1_N2-A3.NC,F1_N2-A3.NC,2077458.996,194925.237,5712.2,4375.1055,100,55.03333,53,100,0,6,100,12000.0,5686.99,2381.44,2.38805,0.00147928,1.84315,0,638.602954,19059.3,561.149,33.9648,0.000262735,0.277166,0,291.6098169,1753.25,515.191,3.40311,7.7385e-05,0.0734403,6,-353.8570239,2307.47,726.669,3.17541,0.000237517,0.23836
294.964476,1,AUTO,ARMED,5,AVAILABLE,UNAVAILABLE,UNAVAILABLE,293,7,ACTIVE,11,F1_N2-A3.NC,F1_N2-A3.NC,2077458.996,194925.237,5712.2,4375.1055,100,55.03333,53,100,0,6,100,12000.0,5686.99,2381.44,2.38805,0.00147928,1.84315,0,644.2576911,19059.3,561.149,33.9648,0.000262735,0.277166,0,291.6097883,1753.25,515.191,3.40311,7.7385e-05,0.0734403,6,-353.8569896,2307.47,726.669,3.17541,0.000237517,0.23836
295.125327,1,AUTO,ARMED,5,AVAILABLE,UNAVAILABLE,UNAVAILABLE,293,7,ACTIVE,11,F1_N2-A3.NC,F1_N2-A3.NC,2077458.996,194925.237,5712.2,4375.1055,100,50.53333,54,100,0,6,100,12000.0,5686.99,2381.44,2.38805,0.00147928,1.84315,0,649.9264251,19059.3,561.149,33.9648,0.000262735,0.277166,0,291.609917,1753.25,515.191,3.40311,7.7385e-05,0.0734403,6,-353.8569896,2307.47,726.669,3.17541,0.000237517,0.23836
295.269768,1,AUTO,ARMED,5,AVAILABLE,UNAVAILABLE,UNAVAILABLE,294,7,ACTIVE,11,F1_N2-A3.NC,F1_N2-A3.NC,2077458.996,194925.237,5712.2,4375.1055,100,0.0,54,100,0,8,100,12000.0,5686.99,2381.44,2.38805,0.00147928,1.84315,1,655.6391454,19059.3,561.149,33.9648,0.000262735,0.277166,0,291.609824,1753.25,515.191,3.40311,7.7385e-05,0.0734403,6,-353.8569553,2307.47,726.669,3.17541,0.000237517,0.23836
295.418199,1,AUTO,ARMED,5,AVAILABLE,UNAVAILABLE,UNAVAILABLE,294,7,ACTIVE,11,F1_N2-A3.NC,F1_N2-A3.NC,2077458.996,194925.237,5712.2,4375.1055,100,0.0,54,100,0,5,100,12000.0,5591.01,2344.08,2.38516,0.0014817,1.83958,0,655.6419205,2136.37,238.578,8.9546,0.000154874,0.179596,0,291.6098169,576.41,110.689,5.20747,7.39631e-05,0.0513103,6,-353.857001,2163.25,638.29,3.38913,0.000221031,0.218168
295.5616,1,AUTO,ARMED,5,AVAILABLE,UNAVAILABLE,UNAVAILABLE,294,7,ACTIVE,11,F1_N2-A3.NC,F1_N2-A3.NC,2077458.996,194925.237,5712.2,3944.0425,100,0.0,54,100,0,4,100,12000.0,5591.01,2344.08,2.38516,0.0014817,1.83958,0,655.642557,2136.37,238.578,8.9546,0.000154874,0.179596,0,291.6098026,576.41,110.689,5.20747,7.39631e-05,0.0513103,6,-353.8569438,2163.25,638.29,3.38913,0.000221031,0.218168
295.702474,1,AUTO,ARMED,5,AVAILABLE,UNAVAILABLE,UNAVAILABLE,294,7,ACTIVE,11,F1_N2-A3.NC,F1_N2-A3.NC,2077458.996,194925.237,5712.2,3944.0425,100,0.0,54,100,0,4,100,12000.0,5591.01,2344.08,2.38516,0.0014817,1.83958,0,655.6425356,2136.37,238.578,8.9546,0.000154874,0.179596,0,291.6098026,576.41,110.689,5.20747,7.39631e-05,0.0513103,6,-353.8570468,2163.25,638.29,3.38913,0.000221031,0.218168
295.8388,1,AUTO,ARMED,5,AVAILABLE,UNAVAILABLE,UNAVAILABLE,294,7,ACTIVE,11,F1_N2-A3.NC,F1_N2-A3.NC,2077458.996,194925.237,5712.2,3944.0425,100,0.0,54,100,0,4,100,12000.0,5591.01,2344.08,2.38516,0.0014817,1.83958,0,655.6425284,2136.37,238.578,8.9546,0.000154874,0.179596,0,291.6098026,576.41,110.689,5.20747,7.39631e-05,0.0513103,6,-353.8569553,2163.25,638.29,3.38913,0.000221031,0.218168
295.979507,1,AUTO,ARMED,5,AVAILABLE,UNAVAILABLE,UNAVAILABLE,294,7,ACTIVE,11,F1_N2-A3.NC,F1_N2-A3.NC,2077458.996,194925.237,5712.2,3944.0425,100,0.0,54,100,0,4,100,12000.0,5591.01,2344.08,2.38516,0.0014817,1.83958,0,655.6425213,2136.37,238.578,8.9546,0.000154874,0.179596,0,291.6098026,576.41,110.689,5.20747,7.39631e-05,0.0513103,6,-353.8570354,2163.25,638.29,3.38913,0.000221031,0.218168
296.130686,1,AUTO,ARMED,5,AVAILABLE,UNAVAILABLE,UNAVAILABLE,294,7,ACTIVE,11,F1_N2-A3.NC,F1_N2-A3.NC,2077458.996,194925.237,5712.2,3944.0425,100,0.0,55,100,0,5,100,12000.0,5591.01,2344.08,2.38516,0.0014817,1.83958,0,655.6425141,2136.37,238.578,8.9546,0.000154874,0.179596,0,291.6098026,576.41,110.689,5.20747,7.39631e-05,0.0513103,6,-353.8570125,2163.25,638.29,3.38913,0.000221031,0.218168
296.27192,1,AUTO,ARMED,5,AVAILABLE,UNAVAILABLE,UNAVAILABLE,295,7,ACTIVE,11,F1_N2-A3.NC,F1_N2-A3.NC,2077458.996,194925.237,5712.2,3944.0425,100,0.0,55,100,0,6,100,12000.0,5591.01,2344.08,2.38516,0.0014817,1.83958,0,655.0852656,2136.37,238.578,8.9546,0.000154874,0.179596,0,291.7370167,576.41,110.689,5.20747,7.39631e-05,0.0513103,6,-353.8569667,2163.25,638.29,3.38913,0.000221031,0.218168
296.423626,1,AUTO,ARMED,5,AVAILABLE,UNAVAILABLE,UNAVAILABLE,296,7,ACTIVE,11,F1_N2-A3.NC,F1_N2-A3.NC,2077458.996,194925.237,5712.2,3944.0425,100,55.03333,55,100,0,6,100,12000.0,5591.01,2344.08,2.38516,0.0014817,1.83958,1,650.1219205,2136.37,238.578,8.9546,0.000154874,0.179596,0,291.7367806,576.41,110.689,5.20747,7.39631e-05,0.0513103,6,-353.8570354,2163.25,638.29,3.38913,0.000221031,0.218168
296.564244,1,AUTO,ARMED,5,AVAILABLE,UNAVAILABLE,UNAVAILABLE,296,7,ACTIVE,11,F1_N2-A3.NC,F1_N2-A3.NC,2077458.996,194925.237,5712.2,3944.0425,100,55.03333,55,100,0,6,100,12000.0,5639.0,2371.33,2.37799,0.00149626,1.84755,1,644.4435142,14474.5,501.957,28.8361,0.000217645,0.233248,0,291.7367306,1489.06,532.99,2.79379,0.000114022,0.074656,6,-353.8569553,2499.76,791.155,3.15963,0.000339928,0.257811
296.720163,1,AUTO,ARMED,5,AVAILABLE,UNAVAILABLE,UNAVAILABLE,296,7,ACTIVE,11,F1_N2-A3.NC,F1_N2-A3.NC,2077458.996,194925.237,5712.2,4472.5479,100,55.03333,55,100,0,7,100,12000.0,5639.0,2371.33,2.37799,0.00149626,1.84755,0,627.4381549,14474.5,501.957,28.8361,0.000217645,0.233248,0,291.7368235,1489.06,532.99,2.79379,0.000114022,0.074656,6,-353.8569896,2499.76,791.155,3.15963,0.000339928,0.257811
296.867719,1,AUTO,ARMED,5,AVAILABLE,UNAVAILABLE,UNAVAILABLE,296,7,ACTIVE,11,F1_N2-A3.NC,F1_N2-A3.NC,2077458.996,194925.237,5712.2,4472.5479,100,55.03333,55,100,0,7,100,12000.0,5639.0,2371.33,2.37799,0.00149626,1.84755,0,621.7833309,14474.5,501.957,28.8361,0.000217645,0.233248,0,291.7367949,1489.06,532.99,2.79379,0.000114022,0.074656,6,-353.8570125,2499.76,791.155,3.15963,0.000339928,0.257811
297.013388,1,AUTO,ARMED,5,AVAILABLE,UNAVAILABLE,UNAVAILABLE,296,7,ACTIVE,11,F1_N2-A3.NC,F1_N2-A3.NC,2077458.996,194925.237,5712.2,4472.5479,100,55.03333,55,100,0,6,100,12000.0,5639.0,2371.33,2.37799,0.00149626,1.84755,0,616.1150318,14474.5,501.957,28.8361,0.000217645,0.233248,0,291.7368164,1489.06,532.99,2.79379,0.000114022,0.074656,6,-353.8569667,2499.76,791.155,3.15963,0.000339928,0.257811
297.155988,1,AUTO,ARMED,5,AVAILABLE,UNAVAILABLE,UNAVAILABLE,296,7,ACTIVE,11,F1_N2-A3.NC,F1_N2-A3.NC,2077458.996,194925.237,5712.2,4472.5479,100,55.03333,56,100,0,8,100,12000.0,5758.98,2399.36,2.40022,0.00149712,1.86401,0,607.5985737,15722.7,607.563,25.8783,0.000218711,0.238403,0,291.7368092,1537.1,561.374,2.7381,5.53692e-05,0.0969009,6,-353.8569896,2427.65,697.548,3.48026,0.000222102,0.234369
297.302448,1,AUTO,ARMED,5,AVAILABLE,UNAVAILABLE,UNAVAILABLE,296,7,ACTIVE,11,F1_N2-A3.NC,F1_N2-A3.NC,2077458.996,194925.237,5712.2,4472.5479,100,55.03333,56,100,0,7,100,12000.0,5758.98,2399.36,2.40022,0.00149712,1.86401,0,601.9440791,15722.7,607.563,25.8783,0.000218711,0.238403,0,291.7368092,1537.1,561.374,2.7381,5.53692e-05,0.0969009,6,-353.8570125,2427.65,697.548,3.48026,0.000222102,0.234369
297.457685,1,AUTO,ARMED,5,AVAILABLE,UNAVAILABLE,UNAVAILABLE,296,7,ACTIVE,11,F1_N2-A3.NC,F1_N2-A3.NC,2077458.996,194925.237,5712.2,4339.2524,100,55.03333,56,100,0,5,100,12000.0,5758.98,2399.36,2.40022,0.00149712,1.86401,0,596.2753793,15722.7,607.563,25.8783,0.000218711,0.238403,0,291.7367949,1537.1,561.374,2.7381,5.53692e-05,0.0969009,6,-353.8569667,2427.65,697.548,3.48026,0.000222102,0.234369
297.610462,1,AUTO,ARMED,5,AVAILABLE,UNAVAILABLE,UNAVAILABLE,296,7,ACTIVE,11,F1_N2-A3.NC,F1_N2-A3.NC,2077458.996,194925.237,5712.2,4339.2524,100,55.03333,56,100,0,8,100,12000.0,5758.98,2399.36,2.40022,0.00149712,1.86401,0,584.9386807,15722.7,607.563,25.8783,0.000218711,0.238403,0,291.7368021,1537.1,561.374,2.7381,5.53692e-05,0.0969009,6,-353.8569553,2427.65,697.548,3.48026,0.000222102,0.234369
298.112108,1,AUTO,ARMED,5,AVAILABLE,UNAVAILABLE,UNAVAILABLE,296,7,ACTIVE,11,F1_N2-A3.NC,F1_N2-A3.NC,2077458.996,194925.237,5712.2,4339.2524,100,55.03333,57,100,0,7,100,12000.0,5758.98,2399.36,2.40022,0.00149712,1.86401,0,556.6103293,15722.7,607.563,25.8783,0.000218711,0.238403,0,291.7368092,1537.1,561.374,2.7381,5.53692e-05,0.0969009,6,-353.8569667,2427.65,697.548,3.48026,0.000222102,0.234369
298.283243,1,AUTO,ARMED,5,AVAILABLE,UNAVAILABLE,UNAVAILABLE,296,7,ACTIVE,11,F1_N2-A3.NC,F1_N2-A3.NC,2077458.996,194925.237,5712.2,4339.2524,100,55.03333,57,100,0,7,100,12000.0,5758.98,2399.36,2.40022,0.00149712,1.86401,0,550.9280707,15722.7,607.563,25.8783,0.000218711,0.238403,0,291.7368092,1537.1,561.374,2.7381,5.53692e-05,0.0969009,6,-353.8570583,2427.65,697.548,3.48026,0.000222102,0.234369
298.426353,1,AUTO,ARMED,5,AVAILABLE,UNAVAILABLE,UNAVAILABLE,296,7,ACTIVE,11,F1_N2-A3.NC,F1_N2-A3.NC,2077458.996,194925.237,5712.2,4339.2524,100,52.16667,57,100,0,5,100,12000.0,5758.98,2399.36,2.40022,0.00149712,1.86401,0,536.2919431,15722.7,607.563,25.8783,0.000218711,0.238403,0,291.7368235,1537.1,561.374,2.7381,5.53692e-05,0.0969009,6,-353.8569782,2427.65,697.548,3.48026,0.000222102,0.234369
298.569659,1,AUTO,ARMED,5,AVAILABLE,UNAVAILABLE,UNAVAILABLE,296,7,ACTIVE,11,F1_N2-A3.NC,F1_N2-A3.NC,2077458.996,194925.237,5712.2,4339.2524,100,34.78333,57,100,0,6,100,12000.0,5543.01,2358.89,2.34984,0.00151133,1.86288,0,536.2632117,12962.2,265.651,48.7941,0.000189588,0.205843,0,291.7368164,600.429,95.3235,6.29886,9.41727e-05,0.0502287,6,-353.8569667,2139.21,569.433,3.75674,0.000259073,0.205236
298.727459,1,AUTO,ARMED,5,AVAILABLE,UNAVAILABLE,UNAVAILABLE,297,7,ACTIVE,11,F1_N2-A3.NC,F1_N2-A3.NC,2077458.996,194925.237,5712.2,4339.2524,100,0.0,57,100,0,6,100,12000.0,5543.01,2358.89,2.34984,0.00151133,1.86288,0,536.2624321,12962.2,265.651,48.7941,0.000189588,0.205843,0,291.7367949,600.429,95.3235,6.29886,9.41727e-05,0.0502287,6,-353.8570354,2139.21,569.433,3.75674,0.000259073,0.205236
298.875117,1,AUTO,ARMED,5,AVAILABLE,UNAVAILABLE,UNAVAILABLE,297,7,ACTIVE,11,F1_N2-A3.NC,F1_N2-A3.NC,2077458.996,194925.237,5712.2,3911.7939,100,0.0,57,100,0,4,100,12000.0,5543.01,2358.89,2.34984,0.00151133,1.86288,0,536.2624392,12962.2,265.651,48.7941,0.000189588,0.205843,0,291.7368021,600.429,95.3235,6.29886,9.41727e-05,0.0502287,6,-353.8570468,2139.21,569.433,3.75674,0.000259073,0.205236
299.014858,1,AUTO,ARMED,5,AVAILABLE,UNAVAILABLE,UNAVAILABLE,297,7,ACTIVE,11,F1_N2-A3.NC,F1_N2-A3.NC,2077458.996,194925.237,5712.2,3911.7939,100,0.0,57,100,0,4,100,12000.0,5543.01,2358.89,2.34984,0.00151133,1.86288,0,536.2624607,12962.2,265.651,48.7941,0.000189588,0.205843,0,291.7368021,600.429,95.3235,6.29886,9.41727e-05,0.0502287,6,-353.8569438,2139.21,569.433,3.75674,0.000259073,0.205236
299.162418,1,AUTO,ARMED,5,AVAILABLE,UNAVAILABLE,UNAVAILABLE,297,7,ACTIVE,11,F1_N2-A3.NC,F1_N2-A3.NC,2077458.996,194925.237,5712.2,3911.7939,100,0.0,58,100,0,3,100,12000.0,5543.01,2358.89,2.34984,0.00151133,1.86288,0,536.262475,12962.2,265.651,48.7941,0.000189588,0.205843,0,291.7368021,600.429,95.3235,6.29886,9.41727e-05,0.0502287,6,-353.8570468,2139.21,569.433,3.75674,0.000259073,0.205236
299.306678,1,AUTO,ARMED,5,AVAILABLE,UNAVAILABLE,UNAVAILABLE,297,7,ACTIVE,11,F1_N2-A3.NC,F1_N2-A3.NC,2077458.996,194925.237,5712.2,3911.7939,100,0.0,58,100,0,4,100,12000.0,5543.01,2358.89,2.34984,0.00151133,1.86288,0,536.2624821,12962.2,265.651,48.7941,0.000189588,0.205843,0,291.7368164,600.429,95.3235,6.29886,9.41727e-05,0.0502287,6,-353.8570583,2139.21,569.433,3.75674,0.000259073,0.205236
299.450122,1,AUTO,ARMED,5,AVAILABLE,UNAVAILABLE,UNAVAILABLE,297,7,ACTIVE,11,F1_N2-A3.NC,F1_N2-A3.NC,2077458.996,194925.237,5712.2,3911.7939,100,0.0,58,100,0,5,100,12000.0,5543.01,2358.89,2.34984,0.00151133,1.86288,0,536.2624893,12962.2,265.651,48.7941,0.000189588,0.205843,0,291.7368021,600.429,95.3235,6.29886,9.41727e-05,0.0502287,6,-353.8570468,2139.21,569.433,3.75674,0.000259073,0.205236
299.600701,1,AUTO,ARMED,5,AVAILABLE,UNAVAILABLE,UNAVAILABLE,297,7,ACTIVE,11,F1_N2-A3.NC,F1_N2-A3.NC,2077458.996,194925.237,5712.2,3911.7939,100,0.0,58,100,0,5,100,12000.0,47055.6,8079.24,5.82426,0.00289176,1.84514,0,536.2624964,3696.64,251.909,14.6745,0.000319228,0.205057,0,291.7367949,624.445,257.751,2.42267,0.000383849,0.104418,6,-353.8592261,2043.07,380.514,5.36924,0.00135791,0.386672
299.755386,1,AUTO,ARMED,5,AVAILABLE,UNAVAILABLE,UNAVAILABLE,300,7,ACTIVE,11,F1_N2-A3.NC,F1_N2-A3.NC,2077458.996,194925.237,5712.2,3911.7939,100,126.6667,58,100,0,5,100,11965.90909,47055.6,8079.24,5.82426,0.00289176,1.84514,0,536.2624964,3696.64,251.909,14.6745,0.000319228,0.205057,0,291.736752,624.445,257.751,2.42267,0.000383849,0.104418,6,-351.8457889,2043.07,380.514,5.36924,0.00135791,0.386672
299.909359,1,AUTO,ARMED,5,AVAILABLE,UNAVAILABLE,UNAVAILABLE,300,7,ACTIVE,11,F1_N2-A3.NC,F1_N2-A3.NC,2077458.996,194925.237,5712.2,3911.7939,100,281.75,58,100,0,53,100,11743.59133,47055.6,8079.24,5.82426,0.00289176,1.84514,0,536.2624964,3696.64,251.909,14.6745,0.000319228,0.205057,0,291.7368021,624.445,257.751,2.42267,0.000383849,0.104418,17,-333.7547582,2043.07,380.514,5.36924,0.00135791,0.386672
300.059292,1,AUTO,ARMED,5,AVAILABLE,UNAVAILABLE,UNAVAILABLE,300,7,ACTIVE,11,F1_N2-A3.NC,F1_N2-A3.NC,2077458.996,194925.237,5712.2,3911.7939,100,372.85,59,100,0,52,100,11282.1718,47055.6,8079.24,5.82426,0.00289176,1.84514,0,536.2624964,3696.64,251.909,14.6745,0.000319228,0.205057,0,291.7367949,624.445,257.751,2.42267,0.000383849,0.104418,10,-214.6673626,2043.07,380.514,5.36924,0.00135791,0.386672
300.215457,1,AUTO,ARMED,5,AVAILABLE,UNAVAILABLE,UNAVAILABLE,300,7,ACTIVE,11,F1_N2-A3.NC,F1_N2-A3.NC,2077458.996,194925.237,5712.2,3911.7939,100,400.0,59,100,0,52,100,11162.99921,47055.6,8079.24,5.82426,0.00289176,1.84514,0,536.2624964,3696.64,251.909,14.6745,0.000319228,0.205057,0,291.7367949,624.445,257.751,2.42267,0.000383849,0.104418,10,-173.5682161,2043.07,380.514,5.36924,0.00135791,0.386672
