time,COR_Status,Controller_Mode,EStop_State,Machine_Mode,avail,dev_asset_chg,dev_asset_rem,Block_Number,Current_Tool,Execution,Part_Count,Program_Name_Editing,Program_Name_Running,A_Axis_Load,A_Position,C_Axis_Load,C_Position,Machine_Time,Spindle_Time,energy,watt,Feed_Override,Feed_Rate,Program_Runtime_Seconds,Rapid_Override,Rapid_Speed,S_Axis_Load,Spindle_Override,Spindle_Speed,smapeak,smarms,smcrest,smtemp,smvrms,X_Axis_Load,X_Position,xmapeak,xmarms,xmcrest,xmtemp,xmvrms,Y_Axis_Load,Y_Position,ymapeak,ymarms,ymcrest,ymtemp,ymvrms,Z_Axis_Load,Z_Position,zmapeak,zmarms,zmcrest,zmtemp,zmvrms
0.0,1,AUTO,ARMED,4,AVAILABLE,UNAVAILABLE,UNAVAILABLE,0,4,ERROR,711,D_P3-A5.NC,D_P3-A5.NC,6,0.000167898,20,0.0005,1612515.148,468952.227,184.4,1174.296,100,0.0,34,100,0,0,100,0.0,300,100,3.3,25.0,0.0,7,4.93983159102415e-06,300,100,2.6,22.7,0.0,4,507.9999927,1400,900,1.6,26,0.0,34,-99.8670012,300,100,3.2,29.0,0.0
0.150262,1,AUTO,ARMED,4,AVAILABLE,UNAVAILABLE,UNAVAILABLE,0,4,ERROR,711,D_P3-A5.NC,D_P3-A5.NC,6,0.000167898,20,0.0005,1612515.148,468952.227,184.4,1174.296,100,0.0,34,100,0,0,100,0.0,300,100,3.3,25.0,0.0,7,4.93983159102415e-06,300,100,2.6,22.7,0.0,4,508.0000042,1400,900,1.6,26,0.0,34,-99.8670012,300,100,3.2,29.0,0.0
0.29937,1,AUTO,ARMED,4,AVAILABLE,UNAVAILABLE,UNAVAILABLE,0,4,ERROR,711,D_P3-A5.NC,D_P3-A5.NC,6,0.000167898,20,0.0005,1612515.148,468952.227,184.4,1174.296,100,0.0,34,100,0,0,100,0.0,300,100,3.3,25.0,0.0,7,-6.5e-06,300,100,2.6,22.7,0.0,4,508.0000042,1400,900,1.6,26,0.0,34,-99.86698976,300,100,3.2,29.0,0.0
0.446097,1,AUTO,ARMED,4,AVAILABLE,UNAVAILABLE,UNAVAILABLE,0,4,ERROR,711,D_P3-A5.NC,D_P3-A5.NC,6,0.000167898,20,0.0005,1612515.148,468952.227,184.4,1174.296,100,0.0,34,100,0,0,100,0.0,300,100,3.3,25.0,0.0,7,4.93983159102415e-06,300,100,2.6,22.7,0.0,4,508.0000042,1400,900,1.6,26,0.0,34,-99.8670012,300,100,3.2,29.0,0.0
0.590373,1,AUTO,ARMED,4,AVAILABLE,UNAVAILABLE,UNAVAILABLE,0,4,ERROR,711,D_P3-A5.NC,D_P3-A5.NC,6,0.000167898,20,0.0005,1612515.148,468952.227,184.4,1177.217,100,0.0,34,100,0,0,100,0.0,300,100,3.3,25.0,0.0,7,4.93983159102415e-06,300,100,2.6,22.7,0.0,4,508.0000042,1400,900,1.6,26,0.0,34,-99.8670012,300,100,3.2,29.0,0.0
0.733825,1,AUTO,ARMED,4,AVAILABLE,UNAVAILABLE,UNAVAILABLE,0,4,ERROR,711,D_P3-A5.NC,D_P3-A5.NC,6,0.000167898,20,0.0005,1612515.148,468952.227,184.4,1177.217,100,0.0,34,100,0,0,100,0.0,300,100,3.3,25.0,0.0,6,4.93983159102415e-06,300,100,2.6,22.7,0.0,4,507.9999927,1400,900,1.6,26,0.0,34,-99.8670012,300,100,3.2,29.0,0.0
0.876599,1,AUTO,ARMED,4,AVAILABLE,UNAVAILABLE,UNAVAILABLE,0,4,ERROR,711,D_P3-A5.NC,D_P3-A5.NC,6,0.000167898,20,0.0005,1612515.148,468952.227,184.4,1177.217,100,0.0,34,100,0,0,100,0.0,300,100,3.3,25.0,0.0,7,-6.5e-06,300,100,2.6,22.7,0.0,4,507.9999927,1400,900,1.6,26,0.0,34,-99.8670012,300,100,3.2,29.0,0.0
1.017343,1,AUTO,ARMED,4,AVAILABLE,UNAVAILABLE,UNAVAILABLE,0,4,ERROR,711,D_P3-A5.NC,D_P3-A5.NC,6,0.000167898,20,0.0005,1612515.148,468952.227,184.4,1177.217,100,0.0,34,100,0,0,100,0.0,300,100,3.3,25.0,0.0,7,4.93983159102415e-06,300,100,2.6,22.7,0.0,4,508.0000042,1400,900,1.6,26,0.0,34,-99.8670012,300,100,3.2,29.0,0.0
1.156822,1,AUTO,ARMED,4,AVAILABLE,UNAVAILABLE,UNAVAILABLE,0,4,ERROR,711,D_P3-A5.NC,D_P3-A5.NC,6,0.000167898,20,0.0005,1612515.148,468952.227,184.4,1177.217,100,0.0,34,100,0,0,100,0.0,300,100,3.6,25.0,0.0,7,-6.5e-06,400,100,3.5,22.7,0.0,4,508.0000042,2100,900,2.3,26,0.1,34,-99.8670012,300,100,3.3,29.0,0.0
1.302599,1,AUTO,ARMED,4,AVAILABLE,UNAVAILABLE,UNAVAILABLE,0,4,ERROR,711,D_P3-A5.NC,D_P3-A5.NC,6,0.000167898,20,0.0005,1612515.148,468952.227,184.4,1177.217,100,0.0,34,100,0,0,100,0.0,300,100,3.6,25.0,0.0,7,4.93983159102415e-06,400,100,3.5,22.7,0.0,4,507.9999927,2100,900,2.3,26,0.1,34,-99.8670012,300,100,3.3,29.0,0.0
1.443343,1,AUTO,ARMED,4,AVAILABLE,UNAVAILABLE,UNAVAILABLE,0,4,ERROR,711,D_P3-A5.NC,D_P3-A5.NC,6,0.000167898,20,0.0005,1612515.148,468952.227,184.4,1177.217,100,0.0,34,100,0,0,100,0.0,300,100,3.6,25.0,0.0,7,-6.5e-06,400,100,3.5,22.7,0.0,4,508.0000042,2100,900,2.3,26,0.1,34,-99.8670012,300,100,3.3,29.0,0.0
1.586737,1,AUTO,ARMED,4,AVAILABLE,UNAVAILABLE,UNAVAILABLE,0,4,ERROR,711,D_P3-A5.NC,D_P3-A5.NC,6,0.000167898,20,0.0005,1612515.148,468952.227,184.4,2850.8079,100,0.0,34,100,0,0,100,0.0,300,100,3.6,25.0,0.0,7,4.93983159102415e-06,400,100,3.5,22.7,0.0,4,507.9999927,2100,900,2.3,26,0.1,34,-99.8670012,300,100,3.3,29.0,0.0
1.726349,1,AUTO,ARMED,4,AVAILABLE,UNAVAILABLE,UNAVAILABLE,0,4,ERROR,711,D_P3-A5.NC,D_P3-A5.NC,6,0.000167898,20,0.0005,1612515.148,468952.227,184.4,2850.8079,100,0.0,34,100,0,0,100,0.0,300,100,3.6,25.0,0.0,7,-6.5e-06,400,100,3.5,22.7,0.0,4,508.0000042,2100,900,2.3,26,0.1,34,-99.8670012,300,100,3.3,29.0,0.0
1.86613,1,AUTO,ARMED,4,AVAILABLE,UNAVAILABLE,UNAVAILABLE,0,4,ERROR,711,D_P3-A5.NC,D_P3-A5.NC,6,0.000167898,20,0.0005,1612515.148,468952.227,184.4,2850.8079,100,0.0,34,100,0,0,100,0.0,300,100,3.6,25.0,0.0,7,4.93983159102415e-06,400,100,3.5,22.7,0.0,4,508.0000042,2100,900,2.3,26,0.1,34,-99.8670012,300,100,3.3,29.0,0.0
2.035802,1,AUTO,ARMED,4,AVAILABLE,UNAVAILABLE,UNAVAILABLE,0,4,ERROR,711,D_P3-A5.NC,D_P3-A5.NC,6,0.000167898,20,0.0005,1612515.148,468952.227,184.4,2850.8079,100,0.0,34,100,0,0,100,0.0,300,100,3.6,25.0,0.0,7,-6.5e-06,400,100,3.5,22.7,0.0,4,507.9999927,2100,900,2.3,26,0.1,34,-99.8670012,300,100,3.3,29.0,0.0
2.177178,1,AUTO,ARMED,4,AVAILABLE,UNAVAILABLE,UNAVAILABLE,0,4,ERROR,711,D_P3-A5.NC,D_P3-A5.NC,6,0.000167898,20,0.0005,1612515.148,468952.227,184.4,2850.8079,100,0.0,34,100,0,0,100,0.0,300,100,3.6,25.0,0.0,7,4.93983159102415e-06,400,100,3.5,22.7,0.0,4,507.9999927,2100,900,2.3,26,0.1,34,-99.8670012,300,100,3.3,29.0,0.0
2.333313,1,AUTO,ARMED,5,AVAILABLE,UNAVAILABLE,UNAVAILABLE,0,4,ERROR,711,D_P3-A5.NC,D_P3-A5.NC,6,0.000167898,20,0.0005,1612515.148,468952.227,184.4,2850.8079,100,0.0,0,100,0,0,100,0.0,300,100,3.6,25.0,0.0,7,4.93983159102415e-06,400,100,3.5,22.7,0.0,4,508.0000042,2100,900,2.3,26,0.1,34,-99.8670012,300,100,3.3,29.0,0.0
2.488097,1,AUTO,ARMED,5,AVAILABLE,UNAVAILABLE,UNAVAILABLE,0,4,ACTIVE,711,D_P3-A5.NC,D_P3-A5.NC,6,0.000167898,20,0.0005,1612515.148,468952.227,184.4,2850.8079,100,0.0,0,100,0,0,100,0.0,300,100,3.6,25.0,0.0,7,4.93983159102415e-06,400,100,3.5,22.7,0.0,4,508.0000042,2100,900,2.3,26,0.1,34,-99.8670012,300,100,3.3,29.0,0.0
2.663742,1,AUTO,ARMED,5,AVAILABLE,UNAVAILABLE,UNAVAILABLE,4,4,ACTIVE,711,D_P3-A5.NC,D_P3-A5.NC,6,0.000167898,20,0.0005,1612515.148,468952.227,184.4,1614.9286,100,0.0,0,100,0,0,100,0.0,300,100,3.6,25.0,0.0,7,-6.5e-06,400,100,3.5,22.7,0.0,4,508.0000042,2100,900,2.3,26,0.1,34,-99.8686118,300,100,3.3,29.0,0.0
2.806905,1,AUTO,ARMED,5,AVAILABLE,UNAVAILABLE,UNAVAILABLE,7,4,ACTIVE,711,D_P3-A5.NC,D_P3-A5.NC,6,0.000167898,20,0.0005,1612515.148,468952.227,184.4,1614.9286,100,168.1333,0,100,0,0,100,0.0,300,100,3.4,25.0,0.0,7,-6.5e-06,700,100,7.8,22.7,0.0,4,507.9999927,30100,4500,6.7,26,0.2,102,-76.821805,6200,500,12.0,29.0,0.1
2.954056,1,AUTO,ARMED,5,AVAILABLE,UNAVAILABLE,UNAVAILABLE,7,4,ACTIVE,711,D_P3-A5.NC,D_P3-A5.NC,6,0.000167898,20,0.0005,1612515.148,468952.227,184.4,1614.9286,100,271.1,0,100,0,0,100,0.0,300,100,3.4,25.0,0.0,7,-6.5e-06,700,100,7.8,22.7,0.0,4,508.0000042,30100,4500,6.7,26,0.2,102,-39.82830499,6200,500,12.0,29.0,0.1
3.092724,1,AUTO,ARMED,5,AVAILABLE,UNAVAILABLE,UNAVAILABLE,8,4,ACTIVE,711,D_P3-A5.NC,D_P3-A5.NC,6,0.000668021,20,0.0005,1612515.148,468952.227,184.4,1614.9286,100,214.8167,0,100,0,0,100,0.0,300,100,3.4,25.0,0.0,6,0.523169898,700,100,7.8,22.7,0.0,4,507.5168973,30100,4500,6.7,26,0.2,23,-24.39608723,6200,500,12.0,29.0,0.1
3.241744,1,AUTO,ARMED,5,AVAILABLE,UNAVAILABLE,UNAVAILABLE,8,4,ACTIVE,711,D_P3-A5.NC,D_P3-A5.NC,6,0.000668021,20,0.0005,1612515.148,468952.227,184.4,1614.9286,100,259.7333,0,100,0,0,100,0.0,300,100,3.4,25.0,0.0,85,39.89706467,700,100,7.8,22.7,0.0,57,470.9870026,30100,4500,6.7,26,0.2,39,-24.39597279,6200,500,12.0,29.0,0.1
3.387792,1,AUTO,ARMED,5,AVAILABLE,UNAVAILABLE,UNAVAILABLE,8,4,ACTIVE,711,D_P3-A5.NC,D_P3-A5.NC,6,0.000668021,20,0.0005,1612515.148,468952.227,184.4,1614.9286,100,363.0,1,100,0,0,100,0.0,300,100,3.4,25.0,0.0,85,85.00497801,700,100,7.8,22.7,0.0,57,429.1414874,30100,4500,6.7,26,0.2,39,-24.39604145,6200,500,12.0,29.0,0.1
3.5267,1,AUTO,ARMED,5,AVAILABLE,UNAVAILABLE,UNAVAILABLE,8,4,ACTIVE,711,D_P3-A5.NC,D_P3-A5.NC,6,0.000668021,20,0.0005,1612515.148,468952.227,184.4,1614.9286,100,633.3333,1,100,0,0,100,0.0,300,100,3.4,25.0,0.0,30,180.6449233,700,100,7.8,22.7,0.0,18,340.4171269,30100,4500,6.7,26,0.2,37,-24.39609867,6200,500,12.0,29.0,0.1
3.669981,1,AUTO,ARMED,5,AVAILABLE,UNAVAILABLE,UNAVAILABLE,8,4,ACTIVE,711,D_P3-A5.NC,D_P3-A5.NC,6,0.000668021,20,0.0005,1612515.148,468952.227,184.4,1661.0803,100,633.3333,1,100,0,0,100,0.0,300,100,3.4,25.0,0.0,22,228.4665626,700,100,7.8,22.7,0.0,19,296.0519282,30100,4500,6.7,26,0.2,37,-24.39609867,6200,500,12.0,29.0,0.1
3.81547,1,AUTO,ARMED,5,AVAILABLE,UNAVAILABLE,UNAVAILABLE,8,4,ACTIVE,711,D_P3-A5.NC,D_P3-A5.NC,6,0.000668021,20,0.0005,1612515.148,468952.227,184.4,1661.0803,100,504.1,1,100,0,0,100,0.0,300,100,3.4,25.0,0.0,22,276.1519896,700,100,7.8,22.7,0.0,19,251.8136208,30100,4500,6.7,26,0.2,37,-24.39609867,6200,500,12.0,29.0,0.1
4.000443,1,AUTO,ARMED,5,AVAILABLE,UNAVAILABLE,UNAVAILABLE,8,4,ACTIVE,711,D_P3-A5.NC,D_P3-A5.NC,6,0.000668021,20,0.0005,1612515.148,468952.227,184.4,1661.0803,100,12.28333,1,100,0,0,100,0.0,300,100,3.4,25.0,0.0,81,318.560732,700,100,7.8,22.7,0.0,58,212.5173659,30100,4500,6.7,26,0.2,37,-24.39609867,6200,500,12.0,29.0,0.1
4.162554,1,AUTO,ARMED,5,AVAILABLE,UNAVAILABLE,UNAVAILABLE,9,4,ACTIVE,711,D_P3-A5.NC,D_P3-A5.NC,6,0.000668021,20,0.0005,1612515.148,468952.227,184.4,1661.0803,100,22.88333,1,100,0,0,100,0.0,400,100,4.9,25.0,0.1,8,318.5609838,200,0,4.0,22.7,0.0,6,212.471455,1100,600,1.7,26,0.1,36,-35.42552156,1700,400,4.7,29.0,0.1
4.301742,1,AUTO,ARMED,5,AVAILABLE,UNAVAILABLE,UNAVAILABLE,9,4,ACTIVE,711,D_P3-A5.NC,D_P3-A5.NC,6,0.000668021,20,0.0005,1612515.148,468952.227,184.4,1661.0803,100,232.6,2,100,0,0,100,0.0,400,100,4.9,25.0,0.1,6,318.5609151,200,0,4.0,22.7,0.0,4,212.471558,1100,600,1.7,26,0.1,38,-126.4871077,1700,400,4.7,29.0,0.1
4.459737,1,AUTO,ARMED,5,AVAILABLE,UNAVAILABLE,UNAVAILABLE,9,4,ACTIVE,711,D_P3-A5.NC,D_P3-A5.NC,6,0.000668021,20,0.0005,1612515.148,468952.227,184.4,1661.0803,100,533.3333,2,100,0,0,100,0.0,400,100,4.9,25.0,0.1,6,318.5609037,200,0,4.0,22.7,0.0,4,212.4715808,1100,600,1.7,26,0.1,38,-181.4209057,1700,400,4.7,29.0,0.1
4.605293,1,AUTO,ARMED,5,AVAILABLE,UNAVAILABLE,UNAVAILABLE,9,4,ACTIVE,711,D_P3-A5.NC,D_P3-A5.NC,6,0.000668021,20,0.0005,1612515.148,468952.227,184.4,1643.2871,100,300.9167,2,100,0,0,100,0.0,400,100,4.9,25.0,0.1,6,318.5609037,200,0,4.0,22.7,0.0,4,212.4715808,1100,600,1.7,26,0.1,13,-248.1432171,1700,400,4.7,29.0,0.1
4.762859,1,AUTO,ARMED,5,AVAILABLE,UNAVAILABLE,UNAVAILABLE,10,4,ACTIVE,711,D_P3-A5.NC,D_P3-A5.NC,6,0.000668021,20,0.0005,1612515.148,468952.227,184.4,1643.2871,100,128.05,2,100,0,0,100,0.0,400,100,4.9,25.0,0.1,6,318.5609037,200,0,4.0,22.7,0.0,4,212.4715923,1100,600,1.7,26,0.1,53,-253.0139175,1700,400,4.7,29.0,0.1
4.94286,1,AUTO,ARMED,5,AVAILABLE,UNAVAILABLE,UNAVAILABLE,10,4,ACTIVE,711,D_P3-A5.NC,D_P3-A5.NC,6,0.000668021,20,0.0005,1612515.148,468952.227,184.4,1643.2871,100,14.78333,2,100,0,0,100,0.0,400,100,4.9,25.0,0.1,6,318.5609037,200,0,4.0,22.7,0.0,4,212.4716037,1100,600,1.7,26,0.1,27,-255.9573267,1700,400,4.7,29.0,0.1
5.122479,1,AUTO,ARMED,5,AVAILABLE,UNAVAILABLE,UNAVAILABLE,10,4,ACTIVE,711,D_P3-A5.NC,D_P3-A5.NC,6,0.000668021,20,0.0005,1612515.148,468952.227,184.4,1643.2871,100,14.81667,2,100,0,0,100,0.0,400,100,4.9,25.0,0.1,6,318.5609037,200,0,4.0,22.7,0.0,4,212.4716037,1100,600,1.7,26,0.1,27,-259.0164383,1700,400,4.7,29.0,0.1
5.272961,1,AUTO,ARMED,5,AVAILABLE,UNAVAILABLE,UNAVAILABLE,10,4,ACTIVE,711,D_P3-A5.NC,D_P3-A5.NC,6,0.000668021,20,0.0005,1612515.148,468952.227,184.4,1643.2871,100,14.81667,2,100,0,0,100,0.0,400,100,4.9,25.0,0.1,6,318.5609037,200,0,4.0,22.7,0.0,4,212.4716037,1100,600,1.7,26,0.1,27,-260.5430875,1700,400,4.7,29.0,0.1
5.421754,1,AUTO,ARMED,5,AVAILABLE,UNAVAILABLE,UNAVAILABLE,10,4,ACTIVE,711,D_P3-A5.NC,D_P3-A5.NC,6,0.000668021,20,0.0005,1612515.148,468952.227,184.4,1643.2871,100,14.81667,3,100,0,0,100,0.0,400,100,5.0,25.0,0.0,6,318.5609037,200,0,4.0,22.7,0.0,4,212.4716037,1100,600,1.7,26,0.0,26,-263.5987661,1500,300,4.4,29.0,0.0
5.570133,1,AUTO,ARMED,5,AVAILABLE,UNAVAILABLE,UNAVAILABLE,10,4,ACTIVE,711,D_P3-A5.NC,D_P3-A5.NC,6,0.000668021,20,0.0005,1612515.148,468952.227,184.4,1643.2871,100,14.81667,3,100,0,0,100,0.0,400,100,5.0,25.0,0.0,6,318.5608922,200,0,4.0,22.7,0.0,4,212.4715923,1100,600,1.7,26,0.0,26,-265.1249805,1500,300,4.4,29.0,0.0
5.733945,1,AUTO,ARMED,5,AVAILABLE,UNAVAILABLE,UNAVAILABLE,10,4,ACTIVE,711,D_P3-A5.NC,D_P3-A5.NC,6,0.000668021,20,0.0005,1612515.148,468952.227,184.4,1666.1221,100,14.81667,3,100,0,0,100,0.0,400,100,5.0,25.0,0.0,6,318.5608922,200,0,4.0,22.7,0.0,4,212.4715923,1100,600,1.7,26,0.0,26,-266.6547422,1500,300,4.4,29.0,0.0
5.900689,1,AUTO,ARMED,5,AVAILABLE,UNAVAILABLE,UNAVAILABLE,10,4,ACTIVE,711,D_P3-A5.NC,D_P3-A5.NC,6,0.000668021,20,0.0005,1612515.148,468952.227,184.4,1666.1221,100,14.81667,3,100,0,0,100,0.0,400,100,5.0,25.0,0.0,6,318.5608922,200,0,4.0,22.7,0.0,4,212.4715923,1100,600,1.7,26,0.0,26,-269.7107984,1500,300,4.4,29.0,0.0
6.08126,1,AUTO,ARMED,5,AVAILABLE,UNAVAILABLE,UNAVAILABLE,10,4,ACTIVE,711,D_P3-A5.NC,D_P3-A5.NC,6,0.000668021,20,0.0005,1612515.148,468952.227,184.4,1666.1221,100,14.81667,3,100,0,0,100,0.0,400,100,5.0,25.0,0.0,6,318.5609037,200,0,4.0,22.7,0.0,4,212.4715923,1100,600,1.7,26,0.0,25,-274.2891669,1500,300,4.4,29.0,0.0
6.235746,1,AUTO,ARMED,5,AVAILABLE,UNAVAILABLE,UNAVAILABLE,10,4,ACTIVE,711,D_P3-A5.NC,D_P3-A5.NC,6,0.000668021,20,0.0005,1612515.148,468952.227,184.4,1666.1221,100,14.81667,3,100,0,0,100,0.0,400,100,5.0,25.0,0.0,6,318.5609037,200,0,4.0,22.7,0.0,4,212.4716037,1100,600,1.7,26,0.0,26,-275.8149007,1500,300,4.4,29.0,0.0
6.382029,1,AUTO,ARMED,5,AVAILABLE,UNAVAILABLE,UNAVAILABLE,10,4,ACTIVE,711,D_P3-A5.NC,D_P3-A5.NC,6,0.000668021,20,0.0005,1612515.148,468952.227,184.4,1666.1221,100,14.81667,4,100,0,0,100,0.0,400,100,5.0,25.0,0.0,6,318.5609037,200,0,4.0,22.7,0.0,4,212.4716037,1100,600,1.7,26,0.0,26,-277.3450744,1500,300,4.4,29.0,0.0
6.550388,1,AUTO,ARMED,5,AVAILABLE,UNAVAILABLE,UNAVAILABLE,10,4,ACTIVE,711,D_P3-A5.NC,D_P3-A5.NC,6,0.000668021,20,0.0005,1612515.148,468952.227,184.4,1666.1221,100,14.81667,4,100,0,0,100,0.0,400,100,5.0,25.0,0.0,6,318.5608922,200,0,4.0,22.7,0.0,4,212.4716037,1100,600,1.7,26,0.0,27,-279.6342027,1500,300,4.4,29.0,0.0
6.699375,1,AUTO,ARMED,5,AVAILABLE,UNAVAILABLE,UNAVAILABLE,10,4,ACTIVE,711,D_P3-A5.NC,D_P3-A5.NC,6,0.000668021,20,0.0005,1612515.148,468952.227,184.4,5618.1079,100,14.81667,4,100,0,0,100,0.0,6200,1300,4.7,25.0,0.1,6,318.5609037,200,0,3.8,22.7,0.0,4,212.4716037,1300,600,2.2,26,0.1,27,-281.1604099,1300,600,2.1,29.0,0.1
6.852718,1,AUTO,ARMED,5,AVAILABLE,UNAVAILABLE,UNAVAILABLE,10,4,ACTIVE,711,D_P3-A5.NC,D_P3-A5.NC,6,0.000668021,20,0.0005,1612515.148,468952.227,184.4,5618.1079,100,14.81667,4,100,0,0,100,0.0,6200,1300,4.7,25.0,0.1,6,318.5609037,200,0,3.8,22.7,0.0,4,212.4715923,1300,600,2.2,26,0.1,27,-282.6900499,1300,600,2.1,29.0,0.1
7.015659,1,AUTO,ARMED,5,AVAILABLE,UNAVAILABLE,UNAVAILABLE,10,4,ACTIVE,711,D_P3-A5.NC,D_P3-A5.NC,6,0.000668021,20,0.0005,1612515.148,468952.227,184.4,5618.1079,100,14.81667,4,100,0,0,100,0.0,6200,1300,4.7,25.0,0.1,6,318.5608922,200,0,3.8,22.7,0.0,4,212.4716037,1300,600,2.2,26,0.1,26,-287.2761434,1300,600,2.1,29.0,0.1
7.321804,1,AUTO,ARMED,5,AVAILABLE,UNAVAILABLE,UNAVAILABLE,10,4,ACTIVE,711,D_P3-A5.NC,D_P3-A5.NC,6,0.000668021,20,0.0005,1612515.148,468952.227,184.4,5618.1079,100,14.81667,5,100,0,0,100,0.0,6200,1300,4.7,25.0,0.1,6,318.5609037,200,0,3.8,22.7,0.0,4,212.4715923,1300,600,2.2,26,0.1,27,-291.8580147,1300,600,2.1,29.0,0.1
7.493232,1,AUTO,ARMED,5,AVAILABLE,UNAVAILABLE,UNAVAILABLE,10,4,ACTIVE,711,D_P3-A5.NC,D_P3-A5.NC,6,0.000668021,20,0.0005,1612515.148,468952.227,184.4,5618.1079,100,14.81667,5,100,0,0,100,0.0,6200,1300,4.7,25.0,0.1,6,318.5609037,200,0,3.8,22.7,0.0,4,212.4716037,1300,600,2.2,26,0.1,27,-293.384199,1300,600,2.1,29.0,0.1
7.64831,1,AUTO,ARMED,5,AVAILABLE,UNAVAILABLE,UNAVAILABLE,10,4,ACTIVE,711,D_P3-A5.NC,D_P3-A5.NC,6,0.000668021,20,0.0005,1612515.148,468952.227,184.4,5618.1079,100,14.81667,5,100,0,0,100,0.0,6200,1300,4.7,25.0,0.1,6,318.5608922,200,0,3.8,22.7,0.0,4,212.4715923,1300,600,2.2,26,0.1,25,-296.4400804,1300,600,2.1,29.0,0.1
7.826848,1,AUTO,ARMED,5,AVAILABLE,UNAVAILABLE,UNAVAILABLE,13,4,ACTIVE,711,D_P3-A5.NC,D_P3-A5.NC,6,0.000668021,20,0.0005,1612515.148,468952.227,184.4,5618.1079,100,7.416667,5,100,0,0,100,0.0,6200,1300,4.7,25.0,0.1,6,318.5609037,200,0,3.8,22.7,0.0,4,212.4716037,1300,600,2.2,26,0.1,25,-297.4449726,1300,600,2.1,29.0,0.1
7.973696,1,AUTO,ARMED,5,AVAILABLE,UNAVAILABLE,UNAVAILABLE,13,4,ACTIVE,711,D_P3-A5.NC,D_P3-A5.NC,6,0.000668021,20,0.0005,1612515.148,468952.227,184.4,1911.6027,100,0.0,5,100,0,0,100,0.0,6200,1300,4.7,25.0,0.1,6,318.5609037,200,0,3.8,22.7,0.0,4,212.4716037,1300,600,2.2,26,0.1,25,-297.4461626,1300,600,2.1,29.0,0.1
8.119415,1,AUTO,ARMED,5,AVAILABLE,UNAVAILABLE,UNAVAILABLE,13,4,ACTIVE,711,D_P3-A5.NC,D_P3-A5.NC,6,0.000668021,20,0.0005,1612515.148,468952.227,184.4,1911.6027,100,0.0,5,100,0,16,100,683.2677869,6200,1300,4.7,25.0,0.1,6,318.5609037,200,0,3.8,22.7,0.0,4,212.4715923,1300,600,2.2,26,0.1,31,-297.4461054,1300,600,2.1,29.0,0.1
8.264639,1,AUTO,ARMED,5,AVAILABLE,UNAVAILABLE,UNAVAILABLE,13,4,ACTIVE,711,D_P3-A5.NC,D_P3-A5.NC,6,0.000668021,20,0.0005,1612515.148,468952.227,184.4,1911.6027,100,0.0,5,100,0,16,100,1109.402932,6200,1300,4.7,25.0,0.1,6,318.5608922,200,0,3.8,22.7,0.0,4,212.4716037,1300,600,2.2,26,0.1,31,-297.4461054,1300,600,2.1,29.0,0.1
8.409221,1,AUTO,ARMED,5,AVAILABLE,UNAVAILABLE,UNAVAILABLE,13,4,ACTIVE,711,D_P3-A5.NC,D_P3-A5.NC,6,0.000668021,20,0.0005,1612515.148,468952.227,184.4,1911.6027,100,0.0,6,100,0,23,100,1537.611727,2400,400,5.8,25.0,0.1,6,318.5609037,300,100,4.5,22.7,0.1,4,212.4716037,1200,500,2.6,26,0.1,31,-297.4461054,1200,600,2.0,29.0,0.1
8.570545,1,AUTO,ARMED,5,AVAILABLE,UNAVAILABLE,UNAVAILABLE,13,4,ACTIVE,711,D_P3-A5.NC,D_P3-A5.NC,6,0.000668021,20,0.0005,1612515.148,468952.227,184.4,1911.6027,100,0.0,6,100,0,42,100,2084.945305,2400,400,5.8,25.0,0.1,6,318.5609037,300,100,4.5,22.7,0.1,4,212.4716037,1200,500,2.6,26,0.1,31,-297.4461054,1200,600,2.0,29.0,0.1
8.717031,1,AUTO,ARMED,5,AVAILABLE,UNAVAILABLE,UNAVAILABLE,13,4,ACTIVE,711,D_P3-A5.NC,D_P3-A5.NC,6,0.000668021,20,0.0005,1612515.148,468952.227,184.4,1911.6027,100,0.0,6,100,0,42,100,2370.134799,2400,400,5.8,25.0,0.1,6,318.5608922,300,100,4.5,22.7,0.1,4,212.4716037,1200,500,2.6,26,0.1,31,-297.4461054,1200,600,2.0,29.0,0.1
8.860162,1,AUTO,ARMED,5,AVAILABLE,UNAVAILABLE,UNAVAILABLE,13,4,ACTIVE,711,D_P3-A5.NC,D_P3-A5.NC,6,0.000668021,20,0.0005,1612515.148,468952.227,184.4,1911.6027,100,0.0,6,100,0,31,100,2900.0,2400,400,5.8,25.0,0.1,6,318.5609037,300,100,4.5,22.7,0.1,4,212.4716037,1200,500,2.6,26,0.1,31,-297.4461054,1200,600,2.0,29.0,0.1
9.028279,1,AUTO,ARMED,5,AVAILABLE,UNAVAILABLE,UNAVAILABLE,14,4,ACTIVE,711,D_P3-A5.NC,D_P3-A5.NC,6,0.000668021,20,0.0005,1612515.148,468952.227,184.4,1894.5706,100,0.0,6,100,0,0,100,2900.0,2400,400,5.8,25.0,0.1,6,318.5609037,300,100,4.5,22.7,0.1,0,213.1064901,1200,500,2.6,26,0.1,31,-297.4461054,1200,600,2.0,29.0,0.1
9.170718,1,AUTO,ARMED,5,AVAILABLE,UNAVAILABLE,UNAVAILABLE,14,4,ACTIVE,711,D_P3-A5.NC,D_P3-A5.NC,6,0.000668021,20,0.0005,1612515.148,468952.227,184.4,1894.5706,100,0.0,6,100,0,0,100,2900.0,2400,400,5.8,25.0,0.1,6,318.5609037,300,100,4.5,22.7,0.1,1,213.1065702,1200,500,2.6,26,0.1,31,-297.446094,1200,600,2.0,29.0,0.1
9.32359,1,AUTO,ARMED,5,AVAILABLE,UNAVAILABLE,UNAVAILABLE,14,4,ACTIVE,711,D_P3-A5.NC,D_P3-A5.NC,6,0.000668021,20,0.0005,1612515.148,468952.227,184.4,1894.5706,100,0.0,6,100,0,0,100,2900.0,2400,400,5.8,25.0,0.1,6,318.5608922,300,100,4.5,22.7,0.1,1,213.1065931,1200,500,2.6,26,0.1,31,-297.4461054,1200,600,2.0,29.0,0.1
9.487245,1,AUTO,ARMED,5,AVAILABLE,UNAVAILABLE,UNAVAILABLE,14,4,ACTIVE,711,D_P3-A5.NC,D_P3-A5.NC,6,0.000668021,20,0.0005,1612515.148,468952.227,184.4,1894.5706,100,0.0,7,100,0,0,100,2900.0,2400,400,5.8,25.0,0.1,6,318.5609037,300,100,4.5,22.7,0.1,1,213.1066045,1200,500,2.6,26,0.1,31,-297.4461054,1200,600,2.0,29.0,0.1
9.626468,1,AUTO,ARMED,5,AVAILABLE,UNAVAILABLE,UNAVAILABLE,14,4,ACTIVE,711,D_P3-A5.NC,D_P3-A5.NC,6,0.000668021,20,0.0005,1612515.148,468952.227,184.4,1894.5706,100,0.0,7,100,0,1,100,2900.0,2400,400,5.8,25.0,0.1,6,318.5608922,300,100,4.5,22.7,0.1,1,213.1066045,1200,500,2.6,26,0.1,31,-297.446094,1200,600,2.0,29.0,0.1
9.792815,1,AUTO,ARMED,5,AVAILABLE,UNAVAILABLE,UNAVAILABLE,14,4,ACTIVE,711,D_P3-A5.NC,D_P3-A5.NC,6,0.000668021,20,0.0005,1612515.148,468952.227,184.4,1894.5706,100,0.0,7,100,0,1,100,2900.0,2400,400,5.8,25.0,0.1,6,318.5609037,300,100,4.5,22.7,0.1,1,213.1066045,1200,500,2.6,26,0.1,31,-297.4461054,1200,600,2.0,29.0,0.1
9.955438,1,AUTO,ARMED,5,AVAILABLE,UNAVAILABLE,UNAVAILABLE,15,4,ACTIVE,711,D_P3-A5.NC,D_P3-A5.NC,6,0.000668021,20,0.0005,1612515.148,468952.227,184.4,1894.5706,100,0.0,7,100,0,0,100,2900.0,2400,400,5.8,25.0,0.1,6,319.7725396,300,100,4.5,22.7,0.1,1,213.1066045,1200,500,2.6,26,0.1,31,-297.4461054,1200,600,2.0,29.0,0.1
10.105979,1,AUTO,ARMED,5,AVAILABLE,UNAVAILABLE,UNAVAILABLE,15,4,ACTIVE,711,D_P3-A5.NC,D_P3-A5.NC,6,0.000668021,20,0.0005,1612515.148,468952.227,184.4,1894.5706,100,14.81667,7,100,0,1,100,2900.0,3200,900,3.5,25.0,0.1,8,321.3055702,700,200,3.2,22.7,0.2,1,213.1066045,1500,500,3.1,26,0.1,31,-297.446094,1900,800,2.5,29.0,0.4
10.246224,1,AUTO,ARMED,5,AVAILABLE,UNAVAILABLE,UNAVAILABLE,15,4,ACTIVE,711,D_P3-A5.NC,D_P3-A5.NC,6,0.000668021,20,0.0005,1612515.148,468952.227,184.4,2352.8535,100,14.81667,7,100,0,1,100,2900.0,3200,900,3.5,25.0,0.1,8,322.8353162,700,200,3.2,22.7,0.2,1,213.1065931,1500,500,3.1,26,0.1,31,-297.446094,1900,800,2.5,29.0,0.4
10.390742,1,AUTO,ARMED,5,AVAILABLE,UNAVAILABLE,UNAVAILABLE,15,4,ACTIVE,711,D_P3-A5.NC,D_P3-A5.NC,6,0.000668021,20,0.0005,1612515.148,468952.227,184.4,2352.8535,100,14.81667,8,100,0,2,100,2900.0,3200,900,3.5,25.0,0.1,10,325.120877,700,200,3.2,22.7,0.2,1,213.1065931,1500,500,3.1,26,0.1,31,-297.4461054,1900,800,2.5,29.0,0.4
10.532742,1,AUTO,ARMED,5,AVAILABLE,UNAVAILABLE,UNAVAILABLE,15,4,ACTIVE,711,D_P3-A5.NC,D_P3-A5.NC,6,0.000668021,20,0.0005,1612515.148,468952.227,184.4,2352.8535,100,14.81667,8,100,0,0,100,2900.0,3200,900,3.5,25.0,0.1,9,326.6542852,700,200,3.2,22.7,0.2,1,213.1066045,1500,500,3.1,26,0.1,31,-297.446094,1900,800,2.5,29.0,0.4
10.674002,1,AUTO,ARMED,5,AVAILABLE,UNAVAILABLE,UNAVAILABLE,15,4,ACTIVE,711,D_P3-A5.NC,D_P3-A5.NC,6,0.000668021,20,0.0005,1612515.148,468952.227,184.4,2352.8535,100,14.81667,8,100,0,0,100,2900.0,3200,900,3.5,25.0,0.1,10,329.7061667,700,200,3.2,22.7,0.2,1,213.1065816,1500,500,3.1,26,0.1,31,-297.4461054,1900,800,2.5,29.0,0.4
10.839213,1,AUTO,ARMED,5,AVAILABLE,UNAVAILABLE,UNAVAILABLE,15,4,ACTIVE,711,D_P3-A5.NC,D_P3-A5.NC,6,0.000668021,20,0.0005,1612515.148,468952.227,184.4,2352.8535,100,14.81667,8,100,0,0,100,2900.0,3200,900,3.5,25.0,0.1,14,332.7624523,700,200,3.2,22.7,0.2,2,213.1065473,1500,500,3.1,26,0.1,32,-297.4461054,1900,800,2.5,29.0,0.4
10.984984,1,AUTO,ARMED,5,AVAILABLE,UNAVAILABLE,UNAVAILABLE,15,4,ACTIVE,711,D_P3-A5.NC,D_P3-A5.NC,6,0.000668021,20,0.0005,1612515.148,468952.227,184.4,2352.8535,100,14.81667,8,100,0,0,100,2900.0,3200,900,3.5,25.0,0.1,14,334.2887087,700,200,3.2,22.7,0.2,2,213.1065587,1500,500,3.1,26,0.1,32,-297.4461054,1900,800,2.5,29.0,0.4
11.13976,1,AUTO,ARMED,5,AVAILABLE,UNAVAILABLE,UNAVAILABLE,15,4,ACTIVE,711,D_P3-A5.NC,D_P3-A5.NC,6,0.000668021,20,0.0005,1612515.148,468952.227,184.4,2352.8535,100,14.81667,8,100,0,1,100,2900.0,3200,900,3.5,25.0,0.1,16,335.8219003,700,200,3.2,22.7,0.2,2,213.1065702,1500,500,3.1,26,0.1,32,-297.4461054,1900,800,2.5,29.0,0.4
11.284308,1,AUTO,ARMED,5,AVAILABLE,UNAVAILABLE,UNAVAILABLE,15,4,ACTIVE,711,D_P3-A5.NC,D_P3-A5.NC,6,0.000668021,20,0.0005,1612515.148,468952.227,184.4,2353.9138,100,14.81667,9,100,0,1,100,2900.0,3200,900,3.5,25.0,0.1,16,338.8705908,700,200,3.2,22.7,0.2,2,213.1065702,1500,500,3.1,26,0.1,32,-297.4461054,1900,800,2.5,29.0,0.4
11.421642,1,AUTO,ARMED,5,AVAILABLE,UNAVAILABLE,UNAVAILABLE,15,4,ACTIVE,711,D_P3-A5.NC,D_P3-A5.NC,6,0.000668021,20,0.0005,1612515.148,468952.227,184.4,2353.9138,100,14.81667,9,100,0,3,100,2900.0,3200,900,3.5,25.0,0.1,12,341.9262623,700,200,3.2,22.7,0.2,1,213.1065816,1500,500,3.1,26,0.1,32,-297.4461054,1900,800,2.5,29.0,0.4
11.567797,1,AUTO,ARMED,5,AVAILABLE,UNAVAILABLE,UNAVAILABLE,15,4,ACTIVE,711,D_P3-A5.NC,D_P3-A5.NC,6,0.000668021,20,0.0005,1612515.148,468952.227,184.4,2353.9138,100,14.81667,9,100,0,0,100,2900.0,2700,900,3.2,25.0,0.1,14,343.4523356,600,200,3.3,22.7,0.2,1,213.1065931,1500,500,3.2,26,0.1,32,-297.446094,1800,800,2.4,29.0,0.4
11.71216,1,AUTO,ARMED,5,AVAILABLE,UNAVAILABLE,UNAVAILABLE,15,4,ACTIVE,711,D_P3-A5.NC,D_P3-A5.NC,6,0.000668021,20,0.0005,1612515.148,468952.227,184.4,2353.9138,100,14.81667,9,100,0,0,100,2900.0,2700,900,3.2,25.0,0.1,14,344.9786035,600,200,3.3,22.7,0.2,1,213.1065931,1500,500,3.2,26,0.1,32,-297.446094,1800,800,2.4,29.0,0.4
11.853824,1,AUTO,ARMED,5,AVAILABLE,UNAVAILABLE,UNAVAILABLE,15,4,ACTIVE,711,D_P3-A5.NC,D_P3-A5.NC,6,0.000668021,20,0.0005,1612515.148,468952.227,184.4,2353.9138,100,14.81667,9,100,0,2,100,2900.0,2700,900,3.2,25.0,0.1,15,348.0342406,600,200,3.3,22.7,0.2,2,213.1065931,1500,500,3.2,26,0.1,32,-297.446094,1800,800,2.4,29.0,0.4
11.995704,1,AUTO,ARMED,5,AVAILABLE,UNAVAILABLE,UNAVAILABLE,15,4,ACTIVE,711,D_P3-A5.NC,D_P3-A5.NC,6,0.000668021,20,0.0005,1612515.148,468952.227,184.4,2353.9138,100,14.81667,9,100,0,2,100,2900.0,2700,900,3.2,25.0,0.1,15,349.5603826,600,200,3.3,22.7,0.2,2,213.1065816,1500,500,3.2,26,0.1,32,-297.4461054,1800,800,2.4,29.0,0.4
12.137862,1,AUTO,ARMED,5,AVAILABLE,UNAVAILABLE,UNAVAILABLE,15,4,ACTIVE,711,D_P3-A5.NC,D_P3-A5.NC,6,0.000668021,20,0.0005,1612515.148,468952.227,184.4,2353.9138,100,14.81667,9,100,0,2,100,2900.0,2700,900,3.2,25.0,0.1,15,351.0942493,600,200,3.3,22.7,0.2,2,213.1065816,1500,500,3.2,26,0.1,32,-297.446094,1800,800,2.4,29.0,0.4
12.294306,1,AUTO,ARMED,5,AVAILABLE,UNAVAILABLE,UNAVAILABLE,15,4,ACTIVE,711,D_P3-A5.NC,D_P3-A5.NC,6,0.000668021,20,0.0005,1612515.148,468952.227,184.4,2332.5488,100,14.81667,10,100,0,0,100,2900.0,2700,900,3.2,25.0,0.1,14,354.9065087,600,200,3.3,22.7,0.2,2,213.1066274,1500,500,3.2,26,0.1,32,-297.446094,1800,800,2.4,29.0,0.4
12.435981,1,AUTO,ARMED,5,AVAILABLE,UNAVAILABLE,UNAVAILABLE,15,4,ACTIVE,711,D_P3-A5.NC,D_P3-A5.NC,6,0.000668021,20,0.0005,1612515.148,468952.227,184.4,2332.5488,100,14.81667,10,100,0,0,100,2900.0,2700,900,3.2,25.0,0.1,14,356.4399155,600,200,3.3,22.7,0.2,2,213.1066274,1500,500,3.2,26,0.1,32,-297.446094,1800,800,2.4,29.0,0.4
12.582657,1,AUTO,ARMED,5,AVAILABLE,UNAVAILABLE,UNAVAILABLE,15,4,ACTIVE,711,D_P3-A5.NC,D_P3-A5.NC,6,0.000668021,20,0.0005,1612515.148,468952.227,184.4,2332.5488,100,14.81667,10,100,0,0,100,2900.0,2700,900,3.2,25.0,0.1,15,357.9661909,600,200,3.3,22.7,0.2,1,213.1066388,1500,500,3.2,26,0.1,32,-297.446094,1800,800,2.4,29.0,0.4
12.734653,1,AUTO,ARMED,5,AVAILABLE,UNAVAILABLE,UNAVAILABLE,15,4,ACTIVE,711,D_P3-A5.NC,D_P3-A5.NC,6,0.000668021,20,0.0005,1612515.148,468952.227,184.4,2332.5488,100,14.81667,10,100,0,1,100,2900.0,3100,900,3.6,25.0,0.1,11,361.0220146,600,200,3.7,22.7,0.2,1,213.1066388,1700,500,3.4,26,0.1,32,-297.446094,1900,800,2.6,29.0,0.4
12.878675,1,AUTO,ARMED,5,AVAILABLE,UNAVAILABLE,UNAVAILABLE,15,4,ACTIVE,711,D_P3-A5.NC,D_P3-A5.NC,6,0.000668021,20,0.0005,1612515.148,468952.227,184.4,2332.5488,100,14.81667,10,100,0,1,100,2900.0,3100,900,3.6,25.0,0.1,11,362.5480611,600,200,3.7,22.7,0.2,1,213.1066388,1700,500,3.4,26,0.1,32,-297.446094,1900,800,2.6,29.0,0.4
13.020213,1,AUTO,ARMED,5,AVAILABLE,UNAVAILABLE,UNAVAILABLE,15,4,ACTIVE,711,D_P3-A5.NC,D_P3-A5.NC,6,0.000668021,20,0.0005,1612515.148,468952.227,184.4,1917.9718,100,14.81667,10,100,0,1,100,2900.0,3100,900,3.6,25.0,0.1,13,364.0745539,600,200,3.7,22.7,0.2,2,213.1066503,1700,500,3.4,26,0.1,32,-297.4461054,1900,800,2.6,29.0,0.4
13.179216,1,AUTO,ARMED,5,AVAILABLE,UNAVAILABLE,UNAVAILABLE,15,4,ACTIVE,711,D_P3-A5.NC,D_P3-A5.NC,6,0.000668021,20,0.0005,1612515.148,468952.227,184.4,1917.9718,100,14.81667,10,100,0,1,100,2900.0,3100,900,3.6,25.0,0.1,13,367.1376789,600,200,3.7,22.7,0.2,2,213.1066503,1700,500,3.4,26,0.1,32,-297.4461054,1900,800,2.6,29.0,0.4
13.333048,1,AUTO,ARMED,5,AVAILABLE,UNAVAILABLE,UNAVAILABLE,15,4,ACTIVE,711,D_P3-A5.NC,D_P3-A5.NC,6,0.000668021,20,0.0005,1612515.148,468952.227,184.4,1917.9718,100,14.81667,10,100,0,4,100,2900.0,3100,900,3.6,25.0,0.1,16,368.659903,600,200,3.7,22.7,0.2,2,213.1066503,1700,500,3.4,26,0.1,32,-297.446094,1900,800,2.6,29.0,0.4
13.482671,1,AUTO,ARMED,5,AVAILABLE,UNAVAILABLE,UNAVAILABLE,15,4,ACTIVE,711,D_P3-A5.NC,D_P3-A5.NC,6,0.000668021,20,0.0005,1612515.148,468952.227,184.4,1917.9718,100,14.81667,11,100,0,4,100,2900.0,3100,900,3.6,25.0,0.1,13,370.1900694,600,200,3.7,22.7,0.2,2,213.1066503,1700,500,3.4,26,0.1,32,-297.4461054,1900,800,2.6,29.0,0.4
13.623644,1,AUTO,ARMED,5,AVAILABLE,UNAVAILABLE,UNAVAILABLE,15,4,ACTIVE,711,D_P3-A5.NC,D_P3-A5.NC,6,0.000668021,20,0.0005,1612515.148,468952.227,184.4,1917.9718,100,14.81667,11,100,0,1,100,2900.0,3100,900,3.6,25.0,0.1,13,373.2420021,600,200,3.7,22.7,0.2,1,213.1066503,1700,500,3.4,26,0.1,32,-297.4461054,1900,800,2.6,29.0,0.4
13.804695,1,AUTO,ARMED,5,AVAILABLE,UNAVAILABLE,UNAVAILABLE,15,4,ACTIVE,711,D_P3-A5.NC,D_P3-A5.NC,6,0.000668021,20,0.0005,1612515.148,468952.227,184.4,1917.9718,100,14.81667,11,100,0,1,100,2900.0,3100,900,3.6,25.0,0.1,13,376.2979288,600,200,3.7,22.7,0.2,1,213.1066388,1700,500,3.4,26,0.1,32,-297.446094,1900,800,2.6,29.0,0.4
14.103662,1,AUTO,ARMED,5,AVAILABLE,UNAVAILABLE,UNAVAILABLE,15,4,ACTIVE,711,D_P3-A5.NC,D_P3-A5.NC,6,0.000668021,20,0.0005,1612515.148,468952.227,184.4,1917.9718,100,14.81667,11,100,0,0,100,2900.0,3100,900,3.6,25.0,0.1,14,380.1201689,600,200,3.7,22.7,0.2,1,213.1065931,1700,500,3.4,26,0.1,32,-297.4461054,1900,800,2.6,29.0,0.4
14.249726,1,AUTO,ARMED,5,AVAILABLE,UNAVAILABLE,UNAVAILABLE,15,4,ACTIVE,711,D_P3-A5.NC,D_P3-A5.NC,6,0.000668021,20,0.0005,1612515.148,468952.227,184.4,1917.9718,100,14.81667,11,100,0,0,100,2900.0,1700,400,4.2,25.0,0.1,13,383.172718,200,0,4.4,22.7,0.0,2,213.1065816,1200,500,2.7,26,0.1,32,-297.4461054,1200,600,1.9,29.0,0.2
14.410352,1,AUTO,ARMED,5,AVAILABLE,UNAVAILABLE,UNAVAILABLE,15,4,ACTIVE,711,D_P3-A5.NC,D_P3-A5.NC,6,0.000668021,20,0.0005,1612515.148,468952.227,184.4,1901.4667,100,14.81667,12,100,0,0,100,2900.0,1700,400,4.2,25.0,0.1,13,384.7027078,200,0,4.4,22.7,0.0,2,213.1065816,1200,500,2.7,26,0.1,32,-297.446094,1200,600,1.9,29.0,0.2
14.556351,1,AUTO,ARMED,5,AVAILABLE,UNAVAILABLE,UNAVAILABLE,15,4,ACTIVE,711,D_P3-A5.NC,D_P3-A5.NC,6,0.000668021,20,0.0005,1612515.148,468952.227,184.4,1901.4667,100,14.81667,12,100,0,1,100,2900.0,1700,400,4.2,25.0,0.1,9,386.2290925,200,0,4.4,22.7,0.0,2,213.1066159,1200,500,2.7,26,0.1,32,-297.446094,1200,600,1.9,29.0,0.2
14.78604,1,AUTO,ARMED,5,AVAILABLE,UNAVAILABLE,UNAVAILABLE,15,4,ACTIVE,711,D_P3-A5.NC,D_P3-A5.NC,6,0.000668021,20,0.0005,1612515.148,468952.227,184.4,1901.4667,100,14.81667,12,100,0,1,100,2900.0,1700,400,4.2,25.0,0.1,9,390.8106386,200,0,4.4,22.7,0.0,1,213.1066045,1200,500,2.7,26,0.1,32,-297.4461054,1200,600,1.9,29.0,0.2
15.03709,1,AUTO,ARMED,5,AVAILABLE,UNAVAILABLE,UNAVAILABLE,15,4,ACTIVE,711,D_P3-A5.NC,D_P3-A5.NC,6,0.000668021,20,0.0005,1612515.148,468952.227,184.4,1901.4667,100,14.81667,12,100,0,1,100,2900.0,1700,400,4.2,25.0,0.1,10,395.3927913,200,0,4.4,22.7,0.0,1,213.1066045,1200,500,2.7,26,0.1,31,-297.446094,1200,600,1.9,29.0,0.2
15.181017,1,AUTO,ARMED,5,AVAILABLE,UNAVAILABLE,UNAVAILABLE,15,4,ACTIVE,711,D_P3-A5.NC,D_P3-A5.NC,6,0.000668021,20,0.0005,1612515.148,468952.227,184.4,1901.4667,100,14.81667,12,100,0,0,100,2900.0,1700,400,4.2,25.0,0.1,10,396.9186495,200,0,4.4,22.7,0.0,1,213.1065931,1200,500,2.7,26,0.1,32,-297.4461054,1200,600,1.9,29.0,0.2
15.326606,1,AUTO,ARMED,5,AVAILABLE,UNAVAILABLE,UNAVAILABLE,15,4,ACTIVE,711,D_P3-A5.NC,D_P3-A5.NC,6,0.000668021,20,0.0005,1612515.148,468952.227,184.4,1901.4667,100,14.81667,12,100,0,0,100,2900.0,1700,400,4.2,25.0,0.1,10,398.4448396,200,0,4.4,22.7,0.0,1,213.1066045,1200,500,2.7,26,0.1,32,-297.4461054,1200,600,1.9,29.0,0.2
15.477315,1,AUTO,ARMED,5,AVAILABLE,UNAVAILABLE,UNAVAILABLE,16,4,ACTIVE,711,D_P3-A5.NC,D_P3-A5.NC,6,0.000668021,20,0.0005,1612515.148,468952.227,184.4,1901.4667,100,7.416667,13,100,0,0,100,2900.0,1700,400,4.2,25.0,0.1,10,399.8403403,200,0,4.4,22.7,0.0,1,213.1066045,1200,500,2.7,26,0.1,32,-297.4461054,1200,600,1.9,29.0,0.2
15.626751,1,AUTO,ARMED,5,AVAILABLE,UNAVAILABLE,UNAVAILABLE,16,4,ACTIVE,711,D_P3-A5.NC,D_P3-A5.NC,6,0.000668021,20,0.0005,1612515.148,468952.227,184.4,1929.2982,100,0.0,13,100,0,0,100,2900.0,1700,400,4.2,25.0,0.1,5,399.8408096,200,0,4.4,22.7,0.0,1,213.1066045,1200,500,2.7,26,0.1,32,-297.4461054,1200,600,1.9,29.0,0.2
15.785194,1,AUTO,ARMED,5,AVAILABLE,UNAVAILABLE,UNAVAILABLE,16,4,ACTIVE,711,D_P3-A5.NC,D_P3-A5.NC,6,0.000668021,20,0.0005,1612515.148,468952.227,184.4,1929.2982,100,0.0,13,100,0,0,100,2900.0,1700,400,4.2,25.0,0.1,7,399.8409126,200,0,4.4,22.7,0.0,1,213.1066045,1200,500,2.7,26,0.1,32,-297.446094,1200,600,1.9,29.0,0.2
15.926223,1,AUTO,ARMED,5,AVAILABLE,UNAVAILABLE,UNAVAILABLE,16,4,ACTIVE,711,D_P3-A5.NC,D_P3-A5.NC,6,0.000668021,20,0.0005,1612515.148,468952.227,184.4,1929.2982,100,0.0,13,100,0,0,100,2900.0,1700,400,4.2,25.0,0.1,7,399.8409011,200,0,4.4,22.7,0.0,1,213.1065931,1200,500,2.7,26,0.1,32,-297.446094,1200,600,1.9,29.0,0.2
16.068725,1,AUTO,ARMED,5,AVAILABLE,UNAVAILABLE,UNAVAILABLE,16,4,ACTIVE,711,D_P3-A5.NC,D_P3-A5.NC,6,0.000668021,20,0.0005,1612515.148,468952.227,184.4,1929.2982,100,0.0,13,100,0,0,100,2900.0,1600,400,3.9,25.0,0.1,6,399.8409011,600,200,3.7,22.7,0.2,1,213.1065931,1300,400,3.7,26,0.1,32,-297.446094,1700,700,2.6,29.0,0.2
16.217975,1,AUTO,ARMED,5,AVAILABLE,UNAVAILABLE,UNAVAILABLE,16,4,ACTIVE,711,D_P3-A5.NC,D_P3-A5.NC,6,0.000668021,20,0.0005,1612515.148,468952.227,184.4,1929.2982,100,0.0,13,100,0,0,100,2900.0,1600,400,3.9,25.0,0.1,6,399.8409126,600,200,3.7,22.7,0.2,1,213.1065931,1300,400,3.7,26,0.1,32,-297.446094,1700,700,2.6,29.0,0.2
16.362675,1,AUTO,ARMED,5,AVAILABLE,UNAVAILABLE,UNAVAILABLE,16,4,ACTIVE,711,D_P3-A5.NC,D_P3-A5.NC,6,0.000668021,20,0.0005,1612515.148,468952.227,184.4,1929.2982,100,0.0,14,100,0,0,100,2900.0,1600,400,3.9,25.0,0.1,6,399.8409011,600,200,3.7,22.7,0.2,1,213.1065931,1300,400,3.7,26,0.1,31,-297.446094,1700,700,2.6,29.0,0.2
16.506424,1,AUTO,ARMED,5,AVAILABLE,UNAVAILABLE,UNAVAILABLE,17,4,ACTIVE,711,D_P3-A5.NC,D_P3-A5.NC,6,0.000668021,20,0.0005,1612515.148,468952.227,184.4,1929.2982,100,0.0,14,100,0,1,100,2900.0,1600,400,3.9,25.0,0.1,6,399.8409011,600,200,3.7,22.7,0.2,1,213.3116475,1300,400,3.7,26,0.1,31,-297.446094,1700,700,2.6,29.0,0.2
16.659339,1,AUTO,ARMED,5,AVAILABLE,UNAVAILABLE,UNAVAILABLE,18,4,ACTIVE,711,D_P3-A5.NC,D_P3-A5.NC,6,0.000668021,20,0.0005,1612515.148,468952.227,184.4,2303.7351,100,14.81667,14,100,0,0,100,2900.0,1600,400,3.9,25.0,0.1,9,398.8567427,600,200,3.7,22.7,0.2,4,213.7405008,1300,400,3.7,26,0.1,31,-297.446094,1700,700,2.6,29.0,0.2
16.811001,1,AUTO,ARMED,5,AVAILABLE,UNAVAILABLE,UNAVAILABLE,18,4,ACTIVE,711,D_P3-A5.NC,D_P3-A5.NC,6,0.000668021,20,0.0005,1612515.148,468952.227,184.4,2303.7351,100,14.81667,14,100,0,1,100,2900.0,1600,400,3.9,25.0,0.1,11,394.2718203,600,200,3.7,22.7,0.2,5,213.7416451,1300,400,3.7,26,0.1,32,-297.446094,1700,700,2.6,29.0,0.2
16.969446,1,AUTO,ARMED,5,AVAILABLE,UNAVAILABLE,UNAVAILABLE,18,4,ACTIVE,711,D_P3-A5.NC,D_P3-A5.NC,6,0.000668021,20,0.0005,1612515.148,468952.227,184.4,2303.7351,100,14.81667,14,100,0,1,100,2900.0,1600,400,3.9,25.0,0.1,11,392.745737,600,200,3.7,22.7,0.2,5,213.7416337,1300,400,3.7,26,0.1,32,-297.446094,1700,700,2.6,29.0,0.2
17.112932,1,AUTO,ARMED,5,AVAILABLE,UNAVAILABLE,UNAVAILABLE,18,4,ACTIVE,711,D_P3-A5.NC,D_P3-A5.NC,6,0.000668021,20,0.0005,1612515.148,468952.227,184.4,2303.7351,100,14.81667,14,100,0,1,100,2900.0,1600,400,3.9,25.0,0.1,8,391.2160943,600,200,3.7,22.7,0.2,4,213.7416222,1300,400,3.7,26,0.1,32,-297.446094,1700,700,2.6,29.0,0.2
17.256596,1,AUTO,ARMED,5,AVAILABLE,UNAVAILABLE,UNAVAILABLE,18,4,ACTIVE,711,D_P3-A5.NC,D_P3-A5.NC,6,0.000668021,20,0.0005,1612515.148,468952.227,184.4,2303.7351,100,14.81667,14,100,0,1,100,2900.0,1600,400,3.9,25.0,0.1,8,389.689679,600,200,3.7,22.7,0.2,4,213.7415078,1300,400,3.7,26,0.1,32,-297.4461397,1700,700,2.6,29.0,0.2
17.405522,1,AUTO,ARMED,5,AVAILABLE,UNAVAILABLE,UNAVAILABLE,18,4,ACTIVE,711,D_P3-A5.NC,D_P3-A5.NC,6,0.000668021,20,0.0005,1612515.148,468952.227,184.4,2303.7351,100,14.81667,15,100,0,0,100,2900.0,1600,400,3.9,25.0,0.1,7,386.629993,600,200,3.7,22.7,0.2,4,213.741565,1300,400,3.7,26,0.1,32,-297.4461283,1700,700,2.6,29.0,0.2
17.543762,1,AUTO,ARMED,5,AVAILABLE,UNAVAILABLE,UNAVAILABLE,18,4,ACTIVE,711,D_P3-A5.NC,D_P3-A5.NC,6,0.000668021,20,0.0005,1612515.148,468952.227,184.4,2303.7351,100,14.81667,15,100,0,3,100,2900.0,3000,900,3.4,25.0,0.2,7,385.1044362,600,200,3.2,22.7,0.2,4,213.7416222,1400,400,3.3,26,0.2,32,-297.4461169,1700,700,2.5,29.0,0.2
17.684275,1,AUTO,ARMED,5,AVAILABLE,UNAVAILABLE,UNAVAILABLE,18,4,ACTIVE,711,D_P3-A5.NC,D_P3-A5.NC,6,0.000668021,20,0.0005,1612515.148,468952.227,184.4,2303.7351,100,14.81667,15,100,0,1,100,2900.0,3000,900,3.4,25.0,0.2,5,382.0482981,600,200,3.2,22.7,0.2,5,213.7416108,1400,400,3.3,26,0.2,32,-297.4461169,1700,700,2.5,29.0,0.2
17.827302,1,AUTO,ARMED,5,AVAILABLE,UNAVAILABLE,UNAVAILABLE,18,4,ACTIVE,711,D_P3-A5.NC,D_P3-A5.NC,6,0.000668021,20,0.0005,1612515.148,468952.227,184.4,2333.6616,100,14.81667,15,100,0,1,100,2900.0,3000,900,3.4,25.0,0.2,5,380.522098,600,200,3.2,22.7,0.2,5,213.7415994,1400,400,3.3,26,0.2,32,-297.4461169,1700,700,2.5,29.0,0.2
17.989699,1,AUTO,ARMED,5,AVAILABLE,UNAVAILABLE,UNAVAILABLE,18,4,ACTIVE,711,D_P3-A5.NC,D_P3-A5.NC,6,0.000668021,20,0.0005,1612515.148,468952.227,184.4,2333.6616,100,14.81667,15,100,0,0,100,2900.0,3000,900,3.4,25.0,0.2,4,378.2363797,600,200,3.2,22.7,0.2,6,213.7415193,1400,400,3.3,26,0.2,32,-297.4461054,1700,700,2.5,29.0,0.2
18.137124,1,AUTO,ARMED,5,AVAILABLE,UNAVAILABLE,UNAVAILABLE,18,4,ACTIVE,711,D_P3-A5.NC,D_P3-A5.NC,6,0.000668021,20,0.0005,1612515.148,468952.227,184.4,2333.6616,100,14.81667,15,100,0,0,100,2900.0,3000,900,3.4,25.0,0.2,5,375.1767733,600,200,3.2,22.7,0.2,6,213.7415193,1400,400,3.3,26,0.2,32,-297.4461054,1700,700,2.5,29.0,0.2
18.282756,1,AUTO,ARMED,5,AVAILABLE,UNAVAILABLE,UNAVAILABLE,18,4,ACTIVE,711,D_P3-A5.NC,D_P3-A5.NC,6,0.000668021,20,0.0005,1612515.148,468952.227,184.4,2333.6616,100,14.81667,15,100,0,2,100,2900.0,3000,900,3.4,25.0,0.2,9,373.6504206,600,200,3.2,22.7,0.2,5,213.7415193,1400,400,3.3,26,0.2,32,-297.446094,1700,700,2.5,29.0,0.2
18.430518,1,AUTO,ARMED,5,AVAILABLE,UNAVAILABLE,UNAVAILABLE,18,4,ACTIVE,711,D_P3-A5.NC,D_P3-A5.NC,6,0.000668021,20,0.0005,1612515.148,468952.227,184.4,2333.6616,100,14.81667,16,100,0,2,100,2900.0,3000,900,3.4,25.0,0.2,9,372.1209092,600,200,3.2,22.7,0.2,5,213.7415193,1400,400,3.3,26,0.2,32,-297.4461054,1700,700,2.5,29.0,0.2
18.572545,1,AUTO,ARMED,5,AVAILABLE,UNAVAILABLE,UNAVAILABLE,18,4,ACTIVE,711,D_P3-A5.NC,D_P3-A5.NC,6,0.001168144,20,0.0005,1612515.148,468952.227,184.4,2333.6616,100,14.81667,16,100,0,0,100,2900.0,3000,900,3.4,25.0,0.2,5,370.5946938,600,200,3.2,22.7,0.2,6,213.7415421,1400,400,3.3,26,0.2,32,-297.446094,1700,700,2.5,29.0,0.2
18.716224,1,AUTO,ARMED,5,AVAILABLE,UNAVAILABLE,UNAVAILABLE,18,4,ACTIVE,711,D_P3-A5.NC,D_P3-A5.NC,6,0.001168144,20,0.0005,1612515.148,468952.227,184.4,2333.6616,100,14.81667,16,100,0,1,100,2900.0,3000,900,3.4,25.0,0.2,3,366.0125226,600,200,3.2,22.7,0.2,5,213.7415879,1400,400,3.3,26,0.2,32,-297.446094,1700,700,2.5,29.0,0.2
18.860679,1,AUTO,ARMED,5,AVAILABLE,UNAVAILABLE,UNAVAILABLE,18,4,ACTIVE,711,D_P3-A5.NC,D_P3-A5.NC,6,0.001168144,20,0.0005,1612515.148,468952.227,184.4,2322.7515,100,14.81667,16,100,0,1,100,2900.0,3000,900,3.4,25.0,0.2,3,364.4863644,600,200,3.2,22.7,0.2,5,213.7415879,1400,400,3.3,26,0.2,32,-297.446094,1700,700,2.5,29.0,0.2
19.008287,1,AUTO,ARMED,5,AVAILABLE,UNAVAILABLE,UNAVAILABLE,18,4,ACTIVE,711,D_P3-A5.NC,D_P3-A5.NC,6,0.000668021,20,0.0005,1612515.148,468952.227,184.4,2322.7515,100,14.81667,16,100,0,1,100,2900.0,3300,900,3.8,25.0,0.1,4,362.9638454,700,200,3.6,22.7,0.2,5,213.741565,1400,400,3.7,26,0.2,32,-297.4461054,1800,700,2.5,29.0,0.2
19.157994,1,AUTO,ARMED,5,AVAILABLE,UNAVAILABLE,UNAVAILABLE,18,4,ACTIVE,711,D_P3-A5.NC,D_P3-A5.NC,6,0.000668021,20,0.0005,1612515.148,468952.227,184.4,2322.7515,100,14.81667,16,100,0,1,100,2900.0,3300,900,3.8,25.0,0.1,4,361.4302256,700,200,3.6,22.7,0.2,5,213.7415765,1400,400,3.7,26,0.2,32,-297.446094,1800,700,2.5,29.0,0.2
19.298181,1,AUTO,ARMED,5,AVAILABLE,UNAVAILABLE,UNAVAILABLE,18,4,ACTIVE,711,D_P3-A5.NC,D_P3-A5.NC,6,0.000668021,20,0.0005,1612515.148,468952.227,184.4,2322.7515,100,14.81667,16,100,0,3,100,2900.0,3300,900,3.8,25.0,0.1,4,358.3780122,700,200,3.6,22.7,0.2,6,213.7414964,1400,400,3.7,26,0.2,32,-297.4461169,1800,700,2.5,29.0,0.2
19.442361,1,AUTO,ARMED,5,AVAILABLE,UNAVAILABLE,UNAVAILABLE,18,4,ACTIVE,711,D_P3-A5.NC,D_P3-A5.NC,6,0.000668021,20,0.0005,1612515.148,468952.227,184.4,2322.7515,100,14.81667,17,100,0,3,100,2900.0,3300,900,3.8,25.0,0.1,6,356.8481117,700,200,3.6,22.7,0.2,5,213.7414849,1400,400,3.7,26,0.2,32,-297.4461054,1800,700,2.5,29.0,0.2
19.586116,1,AUTO,ARMED,5,AVAILABLE,UNAVAILABLE,UNAVAILABLE,18,4,ACTIVE,711,D_P3-A5.NC,D_P3-A5.NC,6,0.000668021,20,0.0005,1612515.148,468952.227,184.4,2322.7515,100,14.81667,17,100,0,3,100,2900.0,3300,900,3.8,25.0,0.1,6,355.3221794,700,200,3.6,22.7,0.2,5,213.7414391,1400,400,3.7,26,0.2,32,-297.4461054,1800,700,2.5,29.0,0.2
19.732885,1,AUTO,ARMED,5,AVAILABLE,UNAVAILABLE,UNAVAILABLE,18,4,ACTIVE,711,D_P3-A5.NC,D_P3-A5.NC,6,0.000668021,20,0.0005,1612515.148,468952.227,184.4,2322.7515,100,14.81667,17,100,0,0,100,2900.0,3300,900,3.8,25.0,0.1,7,352.2624865,700,200,3.6,22.7,0.2,5,213.7414277,1400,400,3.7,26,0.2,32,-297.4461054,1800,700,2.5,29.0,0.2
19.878458,1,AUTO,ARMED,5,AVAILABLE,UNAVAILABLE,UNAVAILABLE,18,4,ACTIVE,711,D_P3-A5.NC,D_P3-A5.NC,6,0.001168144,20,0.0005,1612515.148,468952.227,184.4,2322.7515,100,14.81667,17,100,0,0,100,2900.0,3300,900,3.8,25.0,0.1,4,351.5041607,700,200,3.6,22.7,0.2,6,213.7416337,1400,400,3.7,26,0.2,32,-297.4460825,1800,700,2.5,29.0,0.2
20.023743,1,AUTO,ARMED,5,AVAILABLE,UNAVAILABLE,UNAVAILABLE,18,4,ACTIVE,711,D_P3-A5.NC,D_P3-A5.NC,6,0.001168144,20,0.0005,1612515.148,468952.227,184.4,1922.1614,100,14.81667,17,100,0,2,100,2900.0,3300,900,3.8,25.0,0.1,6,346.9219683,700,200,3.6,22.7,0.2,6,213.7416909,1400,400,3.7,26,0.2,32,-297.4460825,1800,700,2.5,29.0,0.2
20.171997,1,AUTO,ARMED,5,AVAILABLE,UNAVAILABLE,UNAVAILABLE,18,4,ACTIVE,711,D_P3-A5.NC,D_P3-A5.NC,6,0.001168144,20,0.0005,1612515.148,468952.227,184.4,1922.1614,100,14.81667,17,100,0,4,100,2900.0,3300,900,3.8,25.0,0.1,7,345.3958068,700,200,3.6,22.7,0.2,6,213.7417252,1400,400,3.7,26,0.2,32,-297.4460825,1800,700,2.5,29.0,0.2
20.313742,1,AUTO,ARMED,5,AVAILABLE,UNAVAILABLE,UNAVAILABLE,18,4,ACTIVE,711,D_P3-A5.NC,D_P3-A5.NC,6,0.001168144,20,0.0005,1612515.148,468952.227,184.4,1922.1614,100,14.81667,18,100,0,4,100,2900.0,3300,900,3.8,25.0,0.1,7,343.8694393,700,200,3.6,22.7,0.2,6,213.7417481,1400,400,3.7,26,0.2,32,-297.446094,1800,700,2.5,29.0,0.2
20.455678,1,AUTO,ARMED,5,AVAILABLE,UNAVAILABLE,UNAVAILABLE,18,4,ACTIVE,711,D_P3-A5.NC,D_P3-A5.NC,6,0.001168144,20,0.0005,1612515.148,468952.227,184.4,1922.1614,100,14.81667,18,100,0,0,100,2900.0,3300,900,3.8,25.0,0.1,4,342.3359881,700,200,3.6,22.7,0.2,5,213.7417367,1400,400,3.7,26,0.2,32,-297.446094,1800,700,2.5,29.0,0.2
20.609205,1,AUTO,ARMED,5,AVAILABLE,UNAVAILABLE,UNAVAILABLE,18,4,ACTIVE,711,D_P3-A5.NC,D_P3-A5.NC,6,0.000668021,20,0.0005,1612515.148,468952.227,184.4,1922.1614,100,14.81667,18,100,0,1,100,2900.0,1800,400,4.3,25.0,0.1,5,339.2837795,300,100,3.9,22.7,0.0,4,213.7417367,1000,300,3.4,26,0.1,32,-297.4461169,1200,600,1.9,29.0,0.1
20.755425,1,AUTO,ARMED,5,AVAILABLE,UNAVAILABLE,UNAVAILABLE,18,4,ACTIVE,711,D_P3-A5.NC,D_P3-A5.NC,6,0.000668021,20,0.0005,1612515.148,468952.227,184.4,1922.1614,100,14.81667,18,100,0,1,100,2900.0,1800,400,4.3,25.0,0.1,5,337.7574463,300,100,3.9,22.7,0.0,4,213.7417252,1000,300,3.4,26,0.1,32,-297.4461169,1200,600,1.9,29.0,0.1
20.900598,1,AUTO,ARMED,5,AVAILABLE,UNAVAILABLE,UNAVAILABLE,18,4,ACTIVE,711,D_P3-A5.NC,D_P3-A5.NC,6,0.000668021,20,0.0005,1612515.148,468952.227,184.4,1922.1614,100,14.81667,18,100,0,3,100,2900.0,1800,400,4.3,25.0,0.1,7,334.6979022,300,100,3.9,22.7,0.0,4,213.7417023,1000,300,3.4,26,0.1,32,-297.4461169,1200,600,1.9,29.0,0.1
21.043725,1,AUTO,ARMED,5,AVAILABLE,UNAVAILABLE,UNAVAILABLE,18,4,ACTIVE,711,D_P3-A5.NC,D_P3-A5.NC,6,0.000668021,20,0.0005,1612515.148,468952.227,184.4,1898.1293,100,14.81667,18,100,0,3,100,2900.0,1800,400,4.3,25.0,0.1,7,333.171981,300,100,3.9,22.7,0.0,4,213.7416909,1000,300,3.4,26,0.1,32,-297.446094,1200,600,1.9,29.0,0.1
21.183166,1,AUTO,ARMED,5,AVAILABLE,UNAVAILABLE,UNAVAILABLE,18,4,ACTIVE,711,D_P3-A5.NC,D_P3-A5.NC,6,0.000668021,20,0.0005,1612515.148,468952.227,184.4,1898.1293,100,14.81667,18,100,0,2,100,2900.0,1800,400,4.3,25.0,0.1,6,330.1195362,300,100,3.9,22.7,0.0,5,213.7416909,1000,300,3.4,26,0.1,32,-297.446094,1200,600,1.9,29.0,0.1
21.326038,1,AUTO,ARMED,5,AVAILABLE,UNAVAILABLE,UNAVAILABLE,18,4,ACTIVE,711,D_P3-A5.NC,D_P3-A5.NC,6,0.000668021,20,0.0005,1612515.148,468952.227,184.4,1898.1293,100,14.81667,18,100,0,1,100,2900.0,1800,400,4.3,25.0,0.1,9,328.5934309,300,100,3.9,22.7,0.0,4,213.7416451,1000,300,3.4,26,0.1,32,-297.446094,1200,600,1.9,29.0,0.1
21.471798,1,AUTO,ARMED,5,AVAILABLE,UNAVAILABLE,UNAVAILABLE,18,4,ACTIVE,711,D_P3-A5.NC,D_P3-A5.NC,6,0.000668021,20,0.0005,1612515.148,468952.227,184.4,1898.1293,100,14.81667,19,100,0,1,100,2900.0,1800,400,4.3,25.0,0.1,9,327.0597949,300,100,3.9,22.7,0.0,4,213.7416337,1000,300,3.4,26,0.1,32,-297.446094,1200,600,1.9,29.0,0.1
21.645547,1,AUTO,ARMED,5,AVAILABLE,UNAVAILABLE,UNAVAILABLE,18,4,ACTIVE,711,D_P3-A5.NC,D_P3-A5.NC,6,0.000668021,20,0.0005,1612515.148,468952.227,184.4,1898.1293,100,14.81667,19,100,0,1,100,2900.0,1800,400,4.3,25.0,0.1,8,324.0076758,300,100,3.9,22.7,0.0,3,213.7416108,1000,300,3.4,26,0.1,32,-297.446094,1200,600,1.9,29.0,0.1
21.784809,1,AUTO,ARMED,5,AVAILABLE,UNAVAILABLE,UNAVAILABLE,18,4,ACTIVE,711,D_P3-A5.NC,D_P3-A5.NC,6,0.000668021,20,0.0005,1612515.148,468952.227,184.4,1898.1293,100,14.81667,19,100,0,1,100,2900.0,1800,400,4.3,25.0,0.1,9,321.7147582,300,100,3.9,22.7,0.0,3,213.7415994,1000,300,3.4,26,0.1,32,-297.4461054,1200,600,1.9,29.0,0.1
21.941269,1,AUTO,ARMED,5,AVAILABLE,UNAVAILABLE,UNAVAILABLE,18,4,ACTIVE,711,D_P3-A5.NC,D_P3-A5.NC,6,0.000668021,20,0.0005,1612515.148,468952.227,184.4,1898.1293,100,14.81667,19,100,0,2,100,2900.0,1800,400,4.3,25.0,0.1,10,320.1887901,300,100,3.9,22.7,0.0,3,213.7415994,1000,300,3.4,26,0.1,32,-297.4461054,1200,600,1.9,29.0,0.1
22.095533,1,AUTO,ARMED,5,AVAILABLE,UNAVAILABLE,UNAVAILABLE,18,4,ACTIVE,711,D_P3-A5.NC,D_P3-A5.NC,6,0.000668021,20,0.0005,1612515.148,468952.227,184.4,1901.1804,100,7.3,19,100,0,1,100,2900.0,1800,400,4.4,25.0,0.2,7,318.561171,200,100,4.1,22.7,0.0,3,213.7415994,2100,500,4.6,26,0.1,32,-297.446094,1200,600,2.0,29.0,0.1
22.238052,1,AUTO,ARMED,5,AVAILABLE,UNAVAILABLE,UNAVAILABLE,19,4,ACTIVE,711,D_P3-A5.NC,D_P3-A5.NC,6,0.000668021,20,0.0005,1612515.148,468952.227,184.4,1901.1804,100,0.0,19,100,0,1,100,2900.0,1800,400,4.4,25.0,0.2,7,318.5608277,200,100,4.1,22.7,0.0,3,213.7415994,2100,500,4.6,26,0.1,32,-297.446094,1200,600,2.0,29.0,0.1
22.393624,1,AUTO,ARMED,5,AVAILABLE,UNAVAILABLE,UNAVAILABLE,19,4,ACTIVE,711,D_P3-A5.NC,D_P3-A5.NC,6,0.000668021,20,0.0005,1612515.148,468952.227,184.4,1901.1804,100,0.0,20,100,0,0,100,2900.0,1800,400,4.4,25.0,0.2,6,318.5608735,200,100,4.1,22.7,0.0,3,213.7415994,2100,500,4.6,26,0.1,32,-297.4461054,1200,600,2.0,29.0,0.1
22.542508,1,AUTO,ARMED,5,AVAILABLE,UNAVAILABLE,UNAVAILABLE,19,4,ACTIVE,711,D_P3-A5.NC,D_P3-A5.NC,6,0.000668021,20,0.0005,1612515.148,468952.227,184.4,1901.1804,100,0.0,20,100,0,0,100,2900.0,1800,400,4.4,25.0,0.2,6,318.5608849,200,100,4.1,22.7,0.0,3,213.7415994,2100,500,4.6,26,0.1,32,-297.4461054,1200,600,2.0,29.0,0.1
22.695336,1,AUTO,ARMED,5,AVAILABLE,UNAVAILABLE,UNAVAILABLE,19,4,ACTIVE,711,D_P3-A5.NC,D_P3-A5.NC,6,0.000668021,20,0.0005,1612515.148,468952.227,184.4,1901.1804,100,0.0,20,100,0,0,100,2900.0,1800,400,4.4,25.0,0.2,6,318.5608964,200,100,4.1,22.7,0.0,3,213.7415994,2100,500,4.6,26,0.1,32,-297.446094,1200,600,2.0,29.0,0.1
22.840869,1,AUTO,ARMED,5,AVAILABLE,UNAVAILABLE,UNAVAILABLE,19,4,ACTIVE,711,D_P3-A5.NC,D_P3-A5.NC,6,0.000668021,20,0.0005,1612515.148,468952.227,184.4,1901.1804,100,0.0,20,100,0,2,100,2900.0,1800,400,4.4,25.0,0.2,6,318.5608964,200,100,4.1,22.7,0.0,3,213.7415994,2100,500,4.6,26,0.1,32,-297.446094,1200,600,2.0,29.0,0.1
22.987431,1,AUTO,ARMED,5,AVAILABLE,UNAVAILABLE,UNAVAILABLE,19,4,ACTIVE,711,D_P3-A5.NC,D_P3-A5.NC,6,0.000668021,20,0.0005,1612515.148,468952.227,184.4,1901.1804,100,0.0,20,100,0,0,100,2900.0,1800,400,4.4,25.0,0.2,6,318.5608964,200,100,4.1,22.7,0.0,3,213.7415994,2100,500,4.6,26,0.1,32,-297.4461054,1200,600,2.0,29.0,0.1
23.133489,1,AUTO,ARMED,5,AVAILABLE,UNAVAILABLE,UNAVAILABLE,19,4,ACTIVE,711,D_P3-A5.NC,D_P3-A5.NC,6,0.000668021,20,0.0005,1612515.148,468952.227,184.4,1901.1804,100,0.0,20,100,0,0,100,2900.0,1800,400,4.4,25.0,0.2,6,318.5609078,200,100,4.1,22.7,0.0,3,214.3631024,2100,500,4.6,26,0.1,32,-297.446094,1200,600,2.0,29.0,0.1
23.279706,1,AUTO,ARMED,5,AVAILABLE,UNAVAILABLE,UNAVAILABLE,23,4,ACTIVE,711,D_P3-A5.NC,D_P3-A5.NC,6,0.000668021,20,0.0005,1612515.148,468952.227,184.4,1926.3837,100,0.0,20,100,0,1,100,2900.0,1800,400,4.4,25.0,0.2,6,318.5608964,200,100,4.1,22.7,0.0,1,214.3765027,2100,500,4.6,26,0.1,32,-297.446094,1200,600,2.0,29.0,0.1
23.42506,1,AUTO,ARMED,5,AVAILABLE,UNAVAILABLE,UNAVAILABLE,23,4,ACTIVE,711,D_P3-A5.NC,D_P3-A5.NC,6,0.000668021,20,0.0005,1612515.148,468952.227,184.4,1926.3837,100,0.0,21,100,0,1,100,2900.0,1800,400,4.4,25.0,0.2,6,318.5608964,200,100,4.1,22.7,0.0,1,214.3765599,2100,500,4.6,26,0.1,32,-297.4461054,1200,600,2.0,29.0,0.1
23.581985,1,AUTO,ARMED,5,AVAILABLE,UNAVAILABLE,UNAVAILABLE,23,4,ACTIVE,711,D_P3-A5.NC,D_P3-A5.NC,6,0.000668021,20,0.0005,1612515.148,468952.227,184.4,1926.3837,100,0.0,21,100,0,1,100,2900.0,2700,500,5.2,25.0,0.1,6,318.5608964,700,200,3.4,22.7,0.2,1,214.3765942,2000,600,3.0,26,0.1,32,-297.446094,2100,700,2.8,29.0,0.3
23.744308,1,AUTO,ARMED,5,AVAILABLE,UNAVAILABLE,UNAVAILABLE,23,4,ACTIVE,711,D_P3-A5.NC,D_P3-A5.NC,6,0.000668021,20,0.0005,1612515.148,468952.227,184.4,1926.3837,100,0.0,21,100,0,3,100,2900.0,2700,500,5.2,25.0,0.1,6,318.5608964,700,200,3.4,22.7,0.2,1,214.3765942,2000,600,3.0,26,0.1,32,-297.4461054,2100,700,2.8,29.0,0.3
23.892087,1,AUTO,ARMED,5,AVAILABLE,UNAVAILABLE,UNAVAILABLE,23,4,ACTIVE,711,D_P3-A5.NC,D_P3-A5.NC,6,0.000668021,20,0.0005,1612515.148,468952.227,184.4,1926.3837,100,0.0,21,100,0,0,100,2900.0,2700,500,5.2,25.0,0.1,6,318.5608964,700,200,3.4,22.7,0.2,1,214.3766057,2000,600,3.0,26,0.1,32,-297.446094,2100,700,2.8,29.0,0.3
24.044117,1,AUTO,ARMED,5,AVAILABLE,UNAVAILABLE,UNAVAILABLE,23,4,ACTIVE,711,D_P3-A5.NC,D_P3-A5.NC,6,0.000668021,20,0.0005,1612515.148,468952.227,184.4,1926.3837,100,0.0,21,100,0,1,100,2900.0,2700,500,5.2,25.0,0.1,6,318.5608964,700,200,3.4,22.7,0.2,1,214.3766057,2000,600,3.0,26,0.1,32,-297.446094,2100,700,2.8,29.0,0.3
24.186452,1,AUTO,ARMED,5,AVAILABLE,UNAVAILABLE,UNAVAILABLE,24,4,ACTIVE,711,D_P3-A5.NC,D_P3-A5.NC,6,0.000668021,20,0.0005,1612515.148,468952.227,184.4,1926.3837,100,0.0,21,100,0,0,100,2900.0,2700,500,5.2,25.0,0.1,7,319.1093792,700,200,3.4,22.7,0.2,1,214.3766057,2000,600,3.0,26,0.1,32,-297.446094,2100,700,2.8,29.0,0.3
24.326871,1,AUTO,ARMED,5,AVAILABLE,UNAVAILABLE,UNAVAILABLE,24,4,ACTIVE,711,D_P3-A5.NC,D_P3-A5.NC,6,0.000668021,20,0.0005,1612515.148,468952.227,184.4,2398.1719,100,16.93333,22,100,0,0,100,2900.0,2700,500,5.2,25.0,0.1,7,320.8506989,700,200,3.4,22.7,0.2,1,214.3766057,2000,600,3.0,26,0.1,32,-297.446094,2100,700,2.8,29.0,0.3
24.47079,1,AUTO,ARMED,5,AVAILABLE,UNAVAILABLE,UNAVAILABLE,24,4,ACTIVE,711,D_P3-A5.NC,D_P3-A5.NC,6,0.000668021,20,0.0005,1612515.148,468952.227,184.4,2398.1719,100,16.93333,22,100,0,1,100,2900.0,2700,500,5.2,25.0,0.1,9,322.594708,700,200,3.4,22.7,0.2,1,214.3766057,2000,600,3.0,26,0.1,32,-297.4461054,2100,700,2.8,29.0,0.3
24.609682,1,AUTO,ARMED,5,AVAILABLE,UNAVAILABLE,UNAVAILABLE,24,4,ACTIVE,711,D_P3-A5.NC,D_P3-A5.NC,6,0.000668021,20,0.0005,1612515.148,468952.227,184.4,2398.1719,100,16.93333,22,100,0,1,100,2900.0,2700,500,5.2,25.0,0.1,9,326.0872811,700,200,3.4,22.7,0.2,1,214.3765942,2000,600,3.0,26,0.1,32,-297.4461054,2100,700,2.8,29.0,0.3
24.751117,1,AUTO,ARMED,5,AVAILABLE,UNAVAILABLE,UNAVAILABLE,24,4,ACTIVE,711,D_P3-A5.NC,D_P3-A5.NC,6,0.000668021,20,0.0005,1612515.148,468952.227,184.4,2398.1719,100,16.93333,22,100,0,1,100,2900.0,2700,500,5.2,25.0,0.1,9,327.8313131,700,200,3.4,22.7,0.2,1,214.3765942,2000,600,3.0,26,0.1,32,-297.4461054,2100,700,2.8,29.0,0.3
24.896288,1,AUTO,ARMED,5,AVAILABLE,UNAVAILABLE,UNAVAILABLE,24,4,ACTIVE,711,D_P3-A5.NC,D_P3-A5.NC,6,0.000668021,20,0.0005,1612515.148,468952.227,184.4,2398.1719,100,16.93333,22,100,0,0,100,2900.0,2700,500,5.2,25.0,0.1,10,331.3282288,700,200,3.4,22.7,0.2,1,214.3765713,2000,600,3.0,26,0.1,32,-297.4461169,2100,700,2.8,29.0,0.3
25.044393,1,AUTO,ARMED,5,AVAILABLE,UNAVAILABLE,UNAVAILABLE,24,4,ACTIVE,711,D_P3-A5.NC,D_P3-A5.NC,6,0.000668021,20,0.0005,1612515.148,468952.227,184.4,2398.1719,100,16.93333,22,100,0,0,100,2900.0,2700,500,5.2,25.0,0.1,10,333.0686603,700,200,3.4,22.7,0.2,1,214.3766057,2000,600,3.0,26,0.1,32,-297.4461054,2100,700,2.8,29.0,0.3
25.208332,1,AUTO,ARMED,5,AVAILABLE,UNAVAILABLE,UNAVAILABLE,24,4,ACTIVE,711,D_P3-A5.NC,D_P3-A5.NC,6,0.000668021,20,0.0005,1612515.148,468952.227,184.4,2398.1719,100,16.93333,22,100,0,0,100,2900.0,3500,1000,3.5,25.0,0.1,14,334.8210051,700,200,3.2,22.7,0.2,2,214.37664,1900,700,2.8,26,0.2,32,-297.4461054,2100,800,2.6,29.0,0.4
25.356396,1,AUTO,ARMED,5,AVAILABLE,UNAVAILABLE,UNAVAILABLE,24,4,ACTIVE,711,D_P3-A5.NC,D_P3-A5.NC,6,0.000668021,20,0.0005,1612515.148,468952.227,184.4,2386.1365,100,16.93333,23,100,0,3,100,2900.0,3500,1000,3.5,25.0,0.1,16,340.0536636,700,200,3.2,22.7,0.2,2,214.3766514,1900,700,2.8,26,0.2,32,-297.4461054,2100,800,2.6,29.0,0.4
25.503673,1,AUTO,ARMED,5,AVAILABLE,UNAVAILABLE,UNAVAILABLE,24,4,ACTIVE,711,D_P3-A5.NC,D_P3-A5.NC,6,0.000668021,20,0.0005,1612515.148,468952.227,184.4,2386.1365,100,16.93333,23,100,0,4,100,2900.0,3500,1000,3.5,25.0,0.1,13,340.9244172,700,200,3.2,22.7,0.2,2,214.3765141,1900,700,2.8,26,0.2,32,-297.446094,2100,800,2.6,29.0,0.4
25.655865,1,AUTO,ARMED,5,AVAILABLE,UNAVAILABLE,UNAVAILABLE,24,4,ACTIVE,711,D_P3-A5.NC,D_P3-A5.NC,6,0.000668021,20,0.0005,1612515.148,468952.227,184.4,2386.1365,100,16.93333,23,100,0,4,100,2900.0,3500,1000,3.5,25.0,0.1,13,342.6731228,700,200,3.2,22.7,0.2,2,214.3765141,1900,700,2.8,26,0.2,32,-297.446094,2100,800,2.6,29.0,0.4
25.79869,1,AUTO,ARMED,5,AVAILABLE,UNAVAILABLE,UNAVAILABLE,24,4,ACTIVE,711,D_P3-A5.NC,D_P3-A5.NC,6,0.000668021,20,0.0005,1612515.148,468952.227,184.4,2386.1365,100,16.93333,23,100,0,0,100,2900.0,3500,1000,3.5,25.0,0.1,12,346.1656244,700,200,3.2,22.7,0.2,2,214.3764912,1900,700,2.8,26,0.2,32,-297.4461054,2100,800,2.6,29.0,0.4
25.952933,1,AUTO,ARMED,5,AVAILABLE,UNAVAILABLE,UNAVAILABLE,24,4,ACTIVE,711,D_P3-A5.NC,D_P3-A5.NC,6,0.000668021,20,0.0005,1612515.148,468952.227,184.4,2386.1365,100,16.93333,23,100,0,0,100,2900.0,3500,1000,3.5,25.0,0.1,17,347.9053693,700,200,3.2,22.7,0.2,2,214.3765027,1900,700,2.8,26,0.2,32,-297.4461054,2100,800,2.6,29.0,0.4
26.097607,1,AUTO,ARMED,5,AVAILABLE,UNAVAILABLE,UNAVAILABLE,24,4,ACTIVE,711,D_P3-A5.NC,D_P3-A5.NC,6,0.000668021,20,0.0005,1612515.148,468952.227,184.4,2386.1365,100,16.93333,23,100,0,1,100,2900.0,3500,1000,3.5,25.0,0.1,17,351.4021053,700,200,3.2,22.7,0.2,1,214.3765255,1900,700,2.8,26,0.2,32,-297.4461054,2100,800,2.6,29.0,0.4
26.245941,1,AUTO,ARMED,5,AVAILABLE,UNAVAILABLE,UNAVAILABLE,24,4,ACTIVE,711,D_P3-A5.NC,D_P3-A5.NC,6,0.000668021,20,0.0005,1612515.148,468952.227,184.4,2386.1365,100,16.93333,23,100,0,1,100,2900.0,3500,1000,3.5,25.0,0.1,17,353.1422049,700,200,3.2,22.7,0.2,1,214.3765599,1900,700,2.8,26,0.2,32,-297.4461169,2100,800,2.6,29.0,0.4
26.395701,1,AUTO,ARMED,5,AVAILABLE,UNAVAILABLE,UNAVAILABLE,24,4,ACTIVE,711,D_P3-A5.NC,D_P3-A5.NC,6,0.000668021,20,0.0005,1612515.148,468952.227,184.4,2392.0632,100,16.93333,24,100,0,4,100,2900.0,3500,1000,3.5,25.0,0.1,11,354.8863901,700,200,3.2,22.7,0.2,2,214.3765942,1900,700,2.8,26,0.2,32,-297.4461054,2100,800,2.6,29.0,0.4
26.549398,1,AUTO,ARMED,5,AVAILABLE,UNAVAILABLE,UNAVAILABLE,24,4,ACTIVE,711,D_P3-A5.NC,D_P3-A5.NC,6,0.000668021,20,0.0005,1612515.148,468952.227,184.4,2392.0632,100,16.93333,24,100,0,0,100,2900.0,3500,1000,3.5,25.0,0.1,15,360.1271164,700,200,3.2,22.7,0.2,2,214.3766057,1900,700,2.8,26,0.2,32,-297.4461054,2100,800,2.6,29.0,0.4
26.7062,1,AUTO,ARMED,5,AVAILABLE,UNAVAILABLE,UNAVAILABLE,24,4,ACTIVE,711,D_P3-A5.NC,D_P3-A5.NC,6,0.000668021,20,0.0005,1612515.148,468952.227,184.4,2392.0632,100,16.93333,24,100,0,0,100,2900.0,3400,1000,3.4,25.0,0.1,15,361.871709,800,200,3.9,22.7,0.2,2,214.3766171,2100,700,3.1,26,0.2,32,-297.4461054,2000,800,2.6,29.0,0.4
26.852499,1,AUTO,ARMED,5,AVAILABLE,UNAVAILABLE,UNAVAILABLE,24,4,ACTIVE,711,D_P3-A5.NC,D_P3-A5.NC,6,0.000668021,20,0.0005,1612515.148,468952.227,184.4,2392.0632,100,16.93333,24,100,0,0,100,2900.0,3400,1000,3.4,25.0,0.1,17,363.6196776,800,200,3.9,22.7,0.2,2,214.3766057,2100,700,3.1,26,0.2,32,-297.4461054,2000,800,2.6,29.0,0.4
27.004305,1,AUTO,ARMED,5,AVAILABLE,UNAVAILABLE,UNAVAILABLE,24,4,ACTIVE,711,D_P3-A5.NC,D_P3-A5.NC,6,0.000668021,20,0.0005,1612515.148,468952.227,184.4,2392.0632,100,16.93333,24,100,0,2,100,2900.0,3400,1000,3.4,25.0,0.1,12,367.1123762,800,200,3.9,22.7,0.2,2,214.3766171,2100,700,3.1,26,0.2,32,-297.446094,2000,800,2.6,29.0,0.4
27.174487,1,AUTO,ARMED,5,AVAILABLE,UNAVAILABLE,UNAVAILABLE,24,4,ACTIVE,711,D_P3-A5.NC,D_P3-A5.NC,6,0.000668021,20,0.0005,1612515.148,468952.227,184.4,2392.0632,100,16.93333,24,100,0,2,100,2900.0,3400,1000,3.4,25.0,0.1,12,368.8608483,800,200,3.9,22.7,0.2,2,214.3766057,2100,700,3.1,26,0.2,32,-297.446094,2000,800,2.6,29.0,0.4
27.334412,1,AUTO,ARMED,5,AVAILABLE,UNAVAILABLE,UNAVAILABLE,24,4,ACTIVE,711,D_P3-A5.NC,D_P3-A5.NC,6,0.000668021,20,0.0005,1612515.148,468952.227,184.4,2392.0632,100,16.93333,25,100,0,1,100,2900.0,3400,1000,3.4,25.0,0.1,15,370.6048458,800,200,3.9,22.7,0.2,2,214.3766057,2100,700,3.1,26,0.2,32,-297.4461054,2000,800,2.6,29.0,0.4
27.479314,1,AUTO,ARMED,5,AVAILABLE,UNAVAILABLE,UNAVAILABLE,24,4,ACTIVE,711,D_P3-A5.NC,D_P3-A5.NC,6,0.000668021,20,0.0005,1612515.148,468952.227,184.4,2392.0632,100,16.93333,25,100,0,0,100,2900.0,3400,1000,3.4,25.0,0.1,16,374.9696004,800,200,3.9,22.7,0.2,2,214.3765713,2100,700,3.1,26,0.2,32,-297.4461169,2000,800,2.6,29.0,0.4
27.636999,1,AUTO,ARMED,5,AVAILABLE,UNAVAILABLE,UNAVAILABLE,24,4,ACTIVE,711,D_P3-A5.NC,D_P3-A5.NC,6,0.000668021,20,0.0005,1612515.148,468952.227,184.4,1898.8904,100,16.93333,25,100,0,0,100,2900.0,3400,1000,3.4,25.0,0.1,17,376.7134606,800,200,3.9,22.7,0.2,2,214.3765713,2100,700,3.1,26,0.2,32,-297.4461054,2000,800,2.6,29.0,0.4
27.778272,1,AUTO,ARMED,5,AVAILABLE,UNAVAILABLE,UNAVAILABLE,24,4,ACTIVE,711,D_P3-A5.NC,D_P3-A5.NC,6,0.000668021,20,0.0005,1612515.148,468952.227,184.4,1898.8904,100,16.93333,25,100,0,0,100,2900.0,3400,1000,3.4,25.0,0.1,17,378.4576985,800,200,3.9,22.7,0.2,2,214.3765599,2100,700,3.1,26,0.2,32,-297.4461169,2000,800,2.6,29.0,0.4
27.9257,1,AUTO,ARMED,5,AVAILABLE,UNAVAILABLE,UNAVAILABLE,24,4,ACTIVE,711,D_P3-A5.NC,D_P3-A5.NC,6,0.000668021,20,0.0005,1612515.148,468952.227,184.4,1898.8904,100,16.93333,25,100,0,1,100,2900.0,3400,1000,3.4,25.0,0.1,12,381.9501384,800,200,3.9,22.7,0.2,2,214.3765713,2100,700,3.1,26,0.2,32,-297.4461054,2000,800,2.6,29.0,0.4
28.06572,1,AUTO,ARMED,5,AVAILABLE,UNAVAILABLE,UNAVAILABLE,24,4,ACTIVE,711,D_P3-A5.NC,D_P3-A5.NC,6,0.000668021,20,0.0005,1612515.148,468952.227,184.4,1898.8904,100,16.93333,25,100,0,3,100,2900.0,3400,1000,3.4,25.0,0.1,12,383.6941252,800,200,3.9,22.7,0.2,1,214.3765942,2100,700,3.1,26,0.2,32,-297.4461054,2000,800,2.6,29.0,0.4
28.214063,1,AUTO,ARMED,5,AVAILABLE,UNAVAILABLE,UNAVAILABLE,24,4,ACTIVE,711,D_P3-A5.NC,D_P3-A5.NC,6,0.000668021,20,0.0005,1612515.148,468952.227,184.4,1898.8904,100,16.93333,25,100,0,3,100,2900.0,3400,1000,3.4,25.0,0.1,12,385.4472793,800,200,3.9,22.7,0.2,1,214.3765828,2100,700,3.1,26,0.2,32,-297.446094,2000,800,2.6,29.0,0.4
28.363627,1,AUTO,ARMED,5,AVAILABLE,UNAVAILABLE,UNAVAILABLE,24,4,ACTIVE,711,D_P3-A5.NC,D_P3-A5.NC,6,0.000668021,20,0.0005,1612515.148,468952.227,184.4,1898.8904,100,16.93333,26,100,0,0,100,2900.0,1600,400,4.0,25.0,0.1,9,390.6837374,200,0,4.2,22.7,0.0,1,214.3766171,1200,500,2.2,26,0.1,32,-297.4461054,1200,600,1.9,29.0,0.1
28.517042,1,AUTO,ARMED,5,AVAILABLE,UNAVAILABLE,UNAVAILABLE,24,4,ACTIVE,711,D_P3-A5.NC,D_P3-A5.NC,6,0.000668021,20,0.0005,1612515.148,468952.227,184.4,1898.8904,100,16.93333,26,100,0,0,100,2900.0,1600,400,4.0,25.0,0.1,9,392.4278272,200,0,4.2,22.7,0.0,1,214.3766171,1200,500,2.2,26,0.1,32,-297.446094,1200,600,1.9,29.0,0.1
28.664964,1,AUTO,ARMED,5,AVAILABLE,UNAVAILABLE,UNAVAILABLE,24,4,ACTIVE,711,D_P3-A5.NC,D_P3-A5.NC,6,0.000668021,20,0.0005,1612515.148,468952.227,184.4,1883.7778,100,16.93333,26,100,0,0,100,2900.0,1600,400,4.0,25.0,0.1,9,394.1720886,200,0,4.2,22.7,0.0,1,214.3766057,1200,500,2.2,26,0.1,32,-297.4461054,1200,600,1.9,29.0,0.1
28.810956,1,AUTO,ARMED,5,AVAILABLE,UNAVAILABLE,UNAVAILABLE,24,4,ACTIVE,711,D_P3-A5.NC,D_P3-A5.NC,6,0.000668021,20,0.0005,1612515.148,468952.227,184.4,1883.7778,100,16.93333,26,100,0,0,100,2900.0,1600,400,4.0,25.0,0.1,10,397.66456,200,0,4.2,22.7,0.0,1,214.3765942,1200,500,2.2,26,0.1,32,-297.4461054,1200,600,1.9,29.0,0.1
28.959244,1,AUTO,ARMED,5,AVAILABLE,UNAVAILABLE,UNAVAILABLE,24,4,ACTIVE,711,D_P3-A5.NC,D_P3-A5.NC,6,0.000668021,20,0.0005,1612515.148,468952.227,184.4,1883.7778,100,16.93333,26,100,0,1,100,2900.0,1600,400,4.0,25.0,0.1,9,399.4084438,200,0,4.2,22.7,0.0,1,214.3766057,1200,500,2.2,26,0.1,32,-297.4461054,1200,600,1.9,29.0,0.1
29.096208,1,AUTO,ARMED,5,AVAILABLE,UNAVAILABLE,UNAVAILABLE,24,4,ACTIVE,711,D_P3-A5.NC,D_P3-A5.NC,6,0.000668021,20,0.0005,1612515.148,468952.227,184.4,1883.7778,100,8.25,26,100,0,1,100,2900.0,1600,400,4.0,25.0,0.1,9,399.8407295,200,0,4.2,22.7,0.0,1,214.3765942,1200,500,2.2,26,0.1,32,-297.4461054,1200,600,1.9,29.0,0.1
29.245849,1,AUTO,ARMED,5,AVAILABLE,UNAVAILABLE,UNAVAILABLE,25,4,ACTIVE,711,D_P3-A5.NC,D_P3-A5.NC,6,0.000668021,20,0.0005,1612515.148,468952.227,184.4,1883.7778,100,0.0,26,100,0,1,100,2900.0,1600,400,4.0,25.0,0.1,6,399.8408782,200,0,4.2,22.7,0.0,1,214.3765942,1200,500,2.2,26,0.1,32,-297.4461054,1200,600,1.9,29.0,0.1
29.387007,1,AUTO,ARMED,5,AVAILABLE,UNAVAILABLE,UNAVAILABLE,25,4,ACTIVE,711,D_P3-A5.NC,D_P3-A5.NC,6,0.000668021,20,0.0005,1612515.148,468952.227,184.4,1883.7778,100,0.0,27,100,0,1,100,2900.0,1600,400,4.0,25.0,0.1,7,399.840924,200,0,4.2,22.7,0.0,1,214.3765942,1200,500,2.2,26,0.1,32,-297.446094,1200,600,1.9,29.0,0.1
29.543827,1,AUTO,ARMED,5,AVAILABLE,UNAVAILABLE,UNAVAILABLE,25,4,ACTIVE,711,D_P3-A5.NC,D_P3-A5.NC,6,0.000668021,20,0.0005,1612515.148,468952.227,184.4,1883.7778,100,0.0,27,100,0,1,100,2900.0,1600,400,4.0,25.0,0.1,7,399.8409126,200,0,4.2,22.7,0.0,1,214.3766057,1200,500,2.2,26,0.1,32,-297.446094,1200,600,1.9,29.0,0.1
29.701435,1,AUTO,ARMED,5,AVAILABLE,UNAVAILABLE,UNAVAILABLE,25,4,ACTIVE,711,D_P3-A5.NC,D_P3-A5.NC,6,0.000668021,20,0.0005,1612515.148,468952.227,184.4,2375.9485,100,0.0,27,100,0,1,100,2900.0,1600,400,4.0,25.0,0.1,7,399.8409011,200,0,4.2,22.7,0.0,1,214.3766057,1200,500,2.2,26,0.1,32,-297.446094,1200,600,1.9,29.0,0.1
29.848942,1,AUTO,ARMED,5,AVAILABLE,UNAVAILABLE,UNAVAILABLE,25,4,ACTIVE,711,D_P3-A5.NC,D_P3-A5.NC,6,0.000668021,20,0.0005,1612515.148,468952.227,184.4,2375.9485,100,0.0,27,100,0,1,100,2900.0,3100,900,3.5,25.0,0.2,7,399.8409011,700,200,3.3,22.7,0.2,1,214.3765942,1400,500,3.1,26,0.2,32,-297.4461054,1800,700,2.5,29.0,0.3
29.98915,1,AUTO,ARMED,5,AVAILABLE,UNAVAILABLE,UNAVAILABLE,25,4,ACTIVE,711,D_P3-A5.NC,D_P3-A5.NC,6,0.000668021,20,0.0005,1612515.148,468952.227,184.4,2375.9485,100,0.0,27,100,0,2,100,2900.0,3100,900,3.5,25.0,0.2,7,399.8409011,700,200,3.3,22.7,0.2,1,214.3765942,1400,500,3.1,26,0.2,32,-297.446094,1800,700,2.5,29.0,0.3
30.133847,1,AUTO,ARMED,5,AVAILABLE,UNAVAILABLE,UNAVAILABLE,25,4,ACTIVE,711,D_P3-A5.NC,D_P3-A5.NC,6,0.000668021,20,0.0005,1612515.148,468952.227,184.4,2375.9485,100,0.0,27,100,0,0,100,2900.0,3100,900,3.5,25.0,0.2,8,399.3122948,700,200,3.3,22.7,0.2,4,215.0101815,1400,500,3.1,26,0.2,32,-297.446094,1800,700,2.5,29.0,0.3
30.282243,1,AUTO,ARMED,5,AVAILABLE,UNAVAILABLE,UNAVAILABLE,27,4,ACTIVE,711,D_P3-A5.NC,D_P3-A5.NC,6,0.000668021,20,0.0005,1612515.148,468952.227,184.4,2375.9485,100,0.0,27,100,0,0,100,2900.0,3100,900,3.5,25.0,0.2,8,397.5668131,700,200,3.3,22.7,0.2,4,215.0114517,1400,500,3.1,26,0.2,32,-297.446094,1800,700,2.5,29.0,0.3
30.425776,1,AUTO,ARMED,5,AVAILABLE,UNAVAILABLE,UNAVAILABLE,27,4,ACTIVE,711,D_P3-A5.NC,D_P3-A5.NC,6,0.000668021,20,0.0005,1612515.148,468952.227,184.4,2375.9485,100,16.93333,28,100,0,1,100,2900.0,3100,900,3.5,25.0,0.2,9,394.0702874,700,200,3.3,22.7,0.2,5,215.0116577,1400,500,3.1,26,0.2,32,-297.446094,1800,700,2.5,29.0,0.3
30.562912,1,AUTO,ARMED,5,AVAILABLE,UNAVAILABLE,UNAVAILABLE,27,4,ACTIVE,711,D_P3-A5.NC,D_P3-A5.NC,6,0.000668021,20,0.0005,1612515.148,468952.227,184.4,2375.9485,100,16.93333,28,100,0,1,100,2900.0,3100,900,3.5,25.0,0.2,9,392.3304137,700,200,3.3,22.7,0.2,5,215.0116348,1400,500,3.1,26,0.2,32,-297.446094,1800,700,2.5,29.0,0.3
30.727902,1,AUTO,ARMED,5,AVAILABLE,UNAVAILABLE,UNAVAILABLE,27,4,ACTIVE,711,D_P3-A5.NC,D_P3-A5.NC,6,0.000668021,20,0.0005,1612515.148,468952.227,184.4,2375.9485,100,16.93333,28,100,0,0,100,2900.0,3100,900,3.5,25.0,0.2,8,390.5860765,700,200,3.3,22.7,0.2,4,215.0116234,1400,500,3.1,26,0.2,32,-297.446094,1800,700,2.5,29.0,0.3
30.871811,1,AUTO,ARMED,5,AVAILABLE,UNAVAILABLE,UNAVAILABLE,27,4,ACTIVE,711,D_P3-A5.NC,D_P3-A5.NC,6,0.001168144,20,0.0005,1612515.148,468952.227,184.4,2362.4102,100,16.93333,28,100,0,1,100,2900.0,3100,900,3.5,25.0,0.2,5,385.3492651,700,200,3.3,22.7,0.2,4,215.0114975,1400,500,3.1,26,0.2,32,-297.4461054,1800,700,2.5,29.0,0.3
31.020481,1,AUTO,ARMED,5,AVAILABLE,UNAVAILABLE,UNAVAILABLE,27,4,ACTIVE,711,D_P3-A5.NC,D_P3-A5.NC,6,0.001168144,20,0.0005,1612515.148,468952.227,184.4,2362.4102,100,16.93333,28,100,0,4,100,2900.0,3100,900,3.5,25.0,0.2,7,383.6051567,700,200,3.3,22.7,0.2,5,215.011509,1400,500,3.1,26,0.2,32,-297.4461054,1800,700,2.5,29.0,0.3
31.16288,1,AUTO,ARMED,5,AVAILABLE,UNAVAILABLE,UNAVAILABLE,27,4,ACTIVE,711,D_P3-A5.NC,D_P3-A5.NC,6,0.000668021,20,0.0005,1612515.148,468952.227,184.4,2362.4102,100,16.93333,28,100,0,4,100,2900.0,3100,900,3.5,25.0,0.2,7,382.725114,700,200,3.3,22.7,0.2,5,215.0115776,1400,500,3.1,26,0.2,32,-297.4461054,1800,700,2.5,29.0,0.3
31.309714,1,AUTO,ARMED,5,AVAILABLE,UNAVAILABLE,UNAVAILABLE,27,4,ACTIVE,711,D_P3-A5.NC,D_P3-A5.NC,6,0.000668021,20,0.0005,1612515.148,468952.227,184.4,2362.4102,100,16.93333,29,100,0,0,100,2900.0,3100,900,3.5,25.0,0.2,4,379.2411422,700,200,3.3,22.7,0.2,6,215.0115891,1400,500,3.1,26,0.2,32,-297.4460825,1800,700,2.5,29.0,0.3
31.458204,1,AUTO,ARMED,5,AVAILABLE,UNAVAILABLE,UNAVAILABLE,27,4,ACTIVE,711,D_P3-A5.NC,D_P3-A5.NC,6,0.001168144,20,0.0005,1612515.148,468952.227,184.4,2362.4102,100,16.93333,29,100,0,0,100,2900.0,3100,900,3.5,25.0,0.2,2,377.4969156,700,200,3.3,22.7,0.2,7,215.0116005,1400,500,3.1,26,0.2,32,-297.446094,1800,700,2.5,29.0,0.3
31.598908,1,AUTO,ARMED,5,AVAILABLE,UNAVAILABLE,UNAVAILABLE,27,4,ACTIVE,711,D_P3-A5.NC,D_P3-A5.NC,6,0.001168144,20,0.0005,1612515.148,468952.227,184.4,2362.4102,100,16.93333,29,100,0,0,100,2900.0,3100,900,3.4,25.0,0.2,2,374.0046057,800,200,3.5,22.7,0.2,7,215.0116348,1500,500,3.3,26,0.2,32,-297.4460825,1700,700,2.5,29.0,0.3
31.743646,1,AUTO,ARMED,5,AVAILABLE,UNAVAILABLE,UNAVAILABLE,27,4,ACTIVE,711,D_P3-A5.NC,D_P3-A5.NC,6,0.001168144,20,0.0005,1612515.148,468952.227,184.4,2362.4102,100,16.93333,29,100,0,3,100,2900.0,3100,900,3.4,25.0,0.2,5,372.2603677,800,200,3.5,22.7,0.2,6,215.0116692,1500,500,3.3,26,0.2,32,-297.4460825,1700,700,2.5,29.0,0.3
31.895258,1,AUTO,ARMED,5,AVAILABLE,UNAVAILABLE,UNAVAILABLE,27,4,ACTIVE,711,D_P3-A5.NC,D_P3-A5.NC,6,0.001168144,20,0.0005,1612515.148,468952.227,184.4,2344.4543,100,16.93333,29,100,0,3,100,2900.0,3100,900,3.4,25.0,0.2,6,370.5078898,800,200,3.5,22.7,0.2,6,215.0116577,1500,500,3.3,26,0.2,32,-297.4460825,1700,700,2.5,29.0,0.3
32.035421,1,AUTO,ARMED,5,AVAILABLE,UNAVAILABLE,UNAVAILABLE,27,4,ACTIVE,711,D_P3-A5.NC,D_P3-A5.NC,6,0.001168144,20,0.0005,1612515.148,468952.227,184.4,2344.4543,100,16.93333,29,100,0,3,100,2900.0,3100,900,3.4,25.0,0.2,6,368.7593717,800,200,3.5,22.7,0.2,6,215.0116692,1500,500,3.3,26,0.2,32,-297.4460711,1700,700,2.5,29.0,0.3
32.183571,1,AUTO,ARMED,5,AVAILABLE,UNAVAILABLE,UNAVAILABLE,27,4,ACTIVE,711,D_P3-A5.NC,D_P3-A5.NC,6,0.001168144,20,0.0005,1612515.148,468952.227,184.4,2344.4543,100,16.93333,29,100,0,2,100,2900.0,3100,900,3.4,25.0,0.2,5,365.2711245,800,200,3.5,22.7,0.2,5,215.0116806,1500,500,3.3,26,0.2,32,-297.4460825,1700,700,2.5,29.0,0.3
32.324283,1,AUTO,ARMED,5,AVAILABLE,UNAVAILABLE,UNAVAILABLE,27,4,ACTIVE,711,D_P3-A5.NC,D_P3-A5.NC,6,0.000668021,20,0.0005,1612515.148,468952.227,184.4,2344.4543,100,16.93333,30,100,0,1,100,2900.0,3100,900,3.4,25.0,0.2,2,361.7828658,800,200,3.5,22.7,0.2,7,215.0116692,1500,500,3.3,26,0.2,32,-297.4461054,1700,700,2.5,29.0,0.3
32.464728,1,AUTO,ARMED,5,AVAILABLE,UNAVAILABLE,UNAVAILABLE,27,4,ACTIVE,711,D_P3-A5.NC,D_P3-A5.NC,6,0.000167898,20,0.0005,1612515.148,468952.227,184.4,2344.4543,100,16.93333,30,100,0,1,100,2900.0,3100,900,3.4,25.0,0.2,2,360.0346109,800,200,3.5,22.7,0.2,7,215.0116577,1500,500,3.3,26,0.2,32,-297.4461054,1700,700,2.5,29.0,0.3
32.615691,1,AUTO,ARMED,5,AVAILABLE,UNAVAILABLE,UNAVAILABLE,27,4,ACTIVE,711,D_P3-A5.NC,D_P3-A5.NC,6,0.000167898,20,0.0005,1612515.148,468952.227,184.4,2344.4543,100,16.93333,30,100,0,1,100,2900.0,3100,900,3.4,25.0,0.2,3,358.2903843,800,200,3.5,22.7,0.2,5,215.0116348,1500,500,3.3,26,0.2,32,-297.4461054,1700,700,2.5,29.0,0.3
32.768078,1,AUTO,ARMED,5,AVAILABLE,UNAVAILABLE,UNAVAILABLE,27,4,ACTIVE,711,D_P3-A5.NC,D_P3-A5.NC,6,0.000668021,20,0.0005,1612515.148,468952.227,184.4,2344.4543,100,16.93333,30,100,0,3,100,2900.0,3100,900,3.4,25.0,0.2,7,353.053908,800,200,3.5,22.7,0.2,4,215.0116234,1500,500,3.3,26,0.2,32,-297.446094,1700,700,2.5,29.0,0.3
32.910571,1,AUTO,ARMED,5,AVAILABLE,UNAVAILABLE,UNAVAILABLE,27,4,ACTIVE,711,D_P3-A5.NC,D_P3-A5.NC,6,0.001168144,20,0.0005,1612515.148,468952.227,184.4,2344.4543,100,16.93333,30,100,0,2,100,2900.0,3100,900,3.4,25.0,0.2,8,351.30981,800,200,3.5,22.7,0.2,6,215.0116348,1500,500,3.3,26,0.2,32,-297.446094,1700,700,2.5,29.0,0.3
33.054782,1,AUTO,ARMED,5,AVAILABLE,UNAVAILABLE,UNAVAILABLE,27,4,ACTIVE,711,D_P3-A5.NC,D_P3-A5.NC,6,0.001168144,20,0.0005,1612515.148,468952.227,184.4,2094.355,100,16.93333,30,100,0,2,100,2900.0,3100,900,3.4,25.0,0.2,8,350.4411312,800,200,3.5,22.7,0.2,6,215.0114174,1500,500,3.3,26,0.2,32,-297.4460825,1700,700,2.5,29.0,0.3
33.195451,1,AUTO,ARMED,5,AVAILABLE,UNAVAILABLE,UNAVAILABLE,27,4,ACTIVE,711,D_P3-A5.NC,D_P3-A5.NC,6,0.001168144,20,0.0005,1612515.148,468952.227,184.4,2094.355,100,16.93333,30,100,0,0,100,2900.0,2900,800,3.5,25.0,0.1,4,346.9445585,300,100,3.9,22.7,0.0,6,215.0114517,1000,200,5.1,26,0.1,32,-297.4460825,1800,700,2.6,29.0,0.2
33.341873,1,AUTO,ARMED,5,AVAILABLE,UNAVAILABLE,UNAVAILABLE,27,4,ACTIVE,711,D_P3-A5.NC,D_P3-A5.NC,6,0.001168144,20,0.0005,1612515.148,468952.227,184.4,2094.355,100,16.93333,31,100,0,1,100,2900.0,2900,800,3.5,25.0,0.1,2,345.2004605,300,100,3.9,22.7,0.0,7,215.0114975,1000,200,5.1,26,0.1,32,-297.446094,1800,700,2.6,29.0,0.2
33.482319,1,AUTO,ARMED,5,AVAILABLE,UNAVAILABLE,UNAVAILABLE,27,4,ACTIVE,711,D_P3-A5.NC,D_P3-A5.NC,6,0.001168144,20,0.0005,1612515.148,468952.227,184.4,2094.355,100,16.93333,31,100,0,1,100,2900.0,2900,800,3.5,25.0,0.1,2,343.4562253,300,100,3.9,22.7,0.0,7,215.0115662,1000,200,5.1,26,0.1,32,-297.4461054,1800,700,2.6,29.0,0.2
33.624612,1,AUTO,ARMED,5,AVAILABLE,UNAVAILABLE,UNAVAILABLE,27,4,ACTIVE,711,D_P3-A5.NC,D_P3-A5.NC,6,0.001168144,20,0.0005,1612515.148,468952.227,184.4,2094.355,100,16.93333,31,100,0,3,100,2900.0,2900,800,3.5,25.0,0.1,5,341.7037848,300,100,3.9,22.7,0.0,6,215.0115547,1000,200,5.1,26,0.1,32,-297.446094,1800,700,2.6,29.0,0.2
33.76887,1,AUTO,ARMED,5,AVAILABLE,UNAVAILABLE,UNAVAILABLE,27,4,ACTIVE,711,D_P3-A5.NC,D_P3-A5.NC,6,0.000668021,20,0.0005,1612515.148,468952.227,184.4,2094.355,100,16.93333,31,100,0,1,100,2900.0,2900,800,3.5,25.0,0.1,6,336.462908,300,100,3.9,22.7,0.0,6,215.0116348,1000,200,5.1,26,0.1,32,-297.4461169,1800,700,2.6,29.0,0.2
33.913865,1,AUTO,ARMED,5,AVAILABLE,UNAVAILABLE,UNAVAILABLE,27,4,ACTIVE,711,D_P3-A5.NC,D_P3-A5.NC,6,0.000668021,20,0.0005,1612515.148,468952.227,184.4,2094.355,100,16.93333,31,100,0,1,100,2900.0,2900,800,3.5,25.0,0.1,6,334.7189703,300,100,3.9,22.7,0.0,6,215.0116577,1000,200,5.1,26,0.1,32,-297.4461283,1800,700,2.6,29.0,0.2
34.052422,1,AUTO,ARMED,5,AVAILABLE,UNAVAILABLE,UNAVAILABLE,27,4,ACTIVE,711,D_P3-A5.NC,D_P3-A5.NC,6,0.000668021,20,0.0005,1612515.148,468952.227,184.4,1903.8348,100,16.93333,31,100,0,1,100,2900.0,2900,800,3.5,25.0,0.1,3,332.9750898,300,100,3.9,22.7,0.0,5,215.0117264,1000,200,5.1,26,0.1,32,-297.4461054,1800,700,2.6,29.0,0.2
34.199054,1,AUTO,ARMED,5,AVAILABLE,UNAVAILABLE,UNAVAILABLE,27,4,ACTIVE,711,D_P3-A5.NC,D_P3-A5.NC,6,0.000668021,20,0.0005,1612515.148,468952.227,184.4,1903.8348,100,16.93333,31,100,0,1,100,2900.0,2900,800,3.5,25.0,0.1,3,331.2267462,300,100,3.9,22.7,0.0,5,215.0117722,1000,200,5.1,26,0.1,32,-297.4460825,1800,700,2.6,29.0,0.2
34.352399,1,AUTO,ARMED,5,AVAILABLE,UNAVAILABLE,UNAVAILABLE,27,4,ACTIVE,711,D_P3-A5.NC,D_P3-A5.NC,6,0.000668021,20,0.0005,1612515.148,468952.227,184.4,1903.8348,100,16.93333,32,100,0,0,100,2900.0,2900,800,3.5,25.0,0.1,9,327.7380373,300,100,3.9,22.7,0.0,4,215.0116577,1000,200,5.1,26,0.1,32,-297.446094,1800,700,2.6,29.0,0.2
34.504677,1,AUTO,ARMED,5,AVAILABLE,UNAVAILABLE,UNAVAILABLE,27,4,ACTIVE,711,D_P3-A5.NC,D_P3-A5.NC,6,0.000668021,20,0.0005,1612515.148,468952.227,184.4,1903.8348,100,16.93333,32,100,0,0,100,2900.0,2900,800,3.5,25.0,0.1,10,325.9899178,300,100,3.9,22.7,0.0,3,215.0116348,1000,200,5.1,26,0.1,32,-297.4461054,1800,700,2.6,29.0,0.2
34.647042,1,AUTO,ARMED,5,AVAILABLE,UNAVAILABLE,UNAVAILABLE,27,4,ACTIVE,711,D_P3-A5.NC,D_P3-A5.NC,6,0.000668021,20,0.0005,1612515.148,468952.227,184.4,1903.8348,100,16.93333,32,100,0,0,100,2900.0,1600,400,4.0,25.0,0.1,9,322.5015985,200,0,3.8,22.7,0.0,3,215.0116119,4000,300,13.5,26,0.1,32,-297.4461054,1200,600,1.9,29.0,0.1
34.79122,1,AUTO,ARMED,5,AVAILABLE,UNAVAILABLE,UNAVAILABLE,27,4,ACTIVE,711,D_P3-A5.NC,D_P3-A5.NC,6,0.000668021,20,0.0005,1612515.148,468952.227,184.4,1903.8348,100,16.93333,32,100,0,0,100,2900.0,1600,400,4.0,25.0,0.1,9,319.8767298,200,0,3.8,22.7,0.0,3,215.0116005,4000,300,13.5,26,0.1,32,-297.446094,1200,600,1.9,29.0,0.1
34.936394,1,AUTO,ARMED,5,AVAILABLE,UNAVAILABLE,UNAVAILABLE,27,4,ACTIVE,711,D_P3-A5.NC,D_P3-A5.NC,6,0.000668021,20,0.0005,1612515.148,468952.227,184.4,1903.8348,100,16.93333,32,100,0,0,100,2900.0,1600,400,4.0,25.0,0.1,9,318.5666873,200,0,3.8,22.7,0.0,3,215.0116005,4000,300,13.5,26,0.1,32,-297.4461054,1200,600,1.9,29.0,0.1
35.098452,1,AUTO,ARMED,5,AVAILABLE,UNAVAILABLE,UNAVAILABLE,28,4,ACTIVE,711,D_P3-A5.NC,D_P3-A5.NC,6,0.000668021,20,0.0005,1612515.148,468952.227,184.4,1903.8348,100,0.0,32,100,0,1,100,2900.0,1600,400,4.0,25.0,0.1,7,318.5608277,200,0,3.8,22.7,0.0,3,215.0116005,4000,300,13.5,26,0.1,32,-297.4461054,1200,600,1.9,29.0,0.1
35.257206,1,AUTO,ARMED,5,AVAILABLE,UNAVAILABLE,UNAVAILABLE,28,4,ACTIVE,711,D_P3-A5.NC,D_P3-A5.NC,6,0.000668021,20,0.0005,1612515.148,468952.227,184.4,1888.3318,100,0.0,32,100,0,2,100,2900.0,1600,400,4.0,25.0,0.1,6,318.5608506,200,0,3.8,22.7,0.0,3,215.0116005,4000,300,13.5,26,0.1,32,-297.4461054,1200,600,1.9,29.0,0.1
35.40817,1,AUTO,ARMED,5,AVAILABLE,UNAVAILABLE,UNAVAILABLE,28,4,ACTIVE,711,D_P3-A5.NC,D_P3-A5.NC,6,0.000668021,20,0.0005,1612515.148,468952.227,184.4,1888.3318,100,0.0,33,100,0,2,100,2900.0,1600,400,4.0,25.0,0.1,6,318.5608849,200,0,3.8,22.7,0.0,3,215.0115891,4000,300,13.5,26,0.1,32,-297.446094,1200,600,1.9,29.0,0.1
35.552933,1,AUTO,ARMED,5,AVAILABLE,UNAVAILABLE,UNAVAILABLE,28,4,ACTIVE,711,D_P3-A5.NC,D_P3-A5.NC,6,0.000668021,20,0.0005,1612515.148,468952.227,184.4,1888.3318,100,0.0,33,100,0,0,100,2900.0,1600,400,4.0,25.0,0.1,6,318.5608964,200,0,3.8,22.7,0.0,3,215.0116005,4000,300,13.5,26,0.1,32,-297.4461054,1200,600,1.9,29.0,0.1
35.694694,1,AUTO,ARMED,5,AVAILABLE,UNAVAILABLE,UNAVAILABLE,28,4,ACTIVE,711,D_P3-A5.NC,D_P3-A5.NC,6,0.000668021,20,0.0005,1612515.148,468952.227,184.4,1888.3318,100,0.0,33,100,0,2,100,2900.0,1600,400,4.0,25.0,0.1,6,318.5608964,200,0,3.8,22.7,0.0,3,215.0116119,4000,300,13.5,26,0.1,32,-297.446094,1200,600,1.9,29.0,0.1
35.838319,1,AUTO,ARMED,5,AVAILABLE,UNAVAILABLE,UNAVAILABLE,28,4,ACTIVE,711,D_P3-A5.NC,D_P3-A5.NC,6,0.000668021,20,0.0005,1612515.148,468952.227,184.4,1888.3318,100,0.0,33,100,0,2,100,2900.0,1600,400,4.0,25.0,0.1,6,318.5608964,200,0,3.8,22.7,0.0,3,215.0116005,4000,300,13.5,26,0.1,32,-297.446094,1200,600,1.9,29.0,0.1
35.977772,1,AUTO,ARMED,5,AVAILABLE,UNAVAILABLE,UNAVAILABLE,28,4,ACTIVE,711,D_P3-A5.NC,D_P3-A5.NC,6,0.000668021,20,0.0005,1612515.148,468952.227,184.4,1888.3318,100,0.0,33,100,0,0,100,2900.0,1600,400,4.0,25.0,0.1,6,318.5608964,200,0,3.8,22.7,0.0,3,215.0116005,4000,300,13.5,26,0.1,32,-297.4461054,1200,600,1.9,29.0,0.1
36.120692,1,AUTO,ARMED,5,AVAILABLE,UNAVAILABLE,UNAVAILABLE,32,4,ACTIVE,711,D_P3-A5.NC,D_P3-A5.NC,6,0.000668021,20,0.0005,1612515.148,468952.227,184.4,1888.3318,100,0.0,33,100,0,0,100,2900.0,1600,400,4.0,25.0,0.1,6,318.5608964,200,0,3.8,22.7,0.0,0,215.6463894,4000,300,13.5,26,0.1,32,-297.4461054,1200,600,1.9,29.0,0.1
36.265703,1,AUTO,ARMED,5,AVAILABLE,UNAVAILABLE,UNAVAILABLE,32,4,ACTIVE,711,D_P3-A5.NC,D_P3-A5.NC,6,0.000668021,20,0.0005,1612515.148,468952.227,184.4,1942.0428,100,0.0,33,100,0,0,100,2900.0,1600,400,4.0,25.0,0.1,6,318.5608964,200,0,3.8,22.7,0.0,0,215.6465267,4000,300,13.5,26,0.1,32,-297.4461054,1200,600,1.9,29.0,0.1
36.403694,1,AUTO,ARMED,5,AVAILABLE,UNAVAILABLE,UNAVAILABLE,32,4,ACTIVE,711,D_P3-A5.NC,D_P3-A5.NC,6,0.000668021,20,0.0005,1612515.148,468952.227,184.4,1942.0428,100,0.0,34,100,0,1,100,2900.0,1600,400,4.0,25.0,0.1,6,318.5608964,200,0,3.8,22.7,0.0,1,215.6465954,4000,300,13.5,26,0.1,32,-297.446094,1200,600,1.9,29.0,0.1
36.559921,1,AUTO,ARMED,5,AVAILABLE,UNAVAILABLE,UNAVAILABLE,32,4,ACTIVE,711,D_P3-A5.NC,D_P3-A5.NC,6,0.000668021,20,0.0005,1612515.148,468952.227,184.4,1942.0428,100,0.0,34,100,0,1,100,2900.0,1900,400,4.7,25.0,0.1,6,318.5608964,900,200,3.6,22.7,0.2,1,215.6466068,2000,500,3.9,26,0.1,32,-297.446094,2000,700,2.9,29.0,0.2
36.704615,1,AUTO,ARMED,5,AVAILABLE,UNAVAILABLE,UNAVAILABLE,32,4,ACTIVE,711,D_P3-A5.NC,D_P3-A5.NC,6,0.000668021,20,0.0005,1612515.148,468952.227,184.4,1942.0428,100,0.0,34,100,0,2,100,2900.0,1900,400,4.7,25.0,0.1,6,318.5608964,900,200,3.6,22.7,0.2,1,215.6465954,2000,500,3.9,26,0.1,32,-297.446094,2000,700,2.9,29.0,0.2
36.849348,1,AUTO,ARMED,5,AVAILABLE,UNAVAILABLE,UNAVAILABLE,32,4,ACTIVE,711,D_P3-A5.NC,D_P3-A5.NC,6,0.000668021,20,0.0005,1612515.148,468952.227,184.4,1942.0428,100,0.0,34,100,0,2,100,2900.0,1900,400,4.7,25.0,0.1,6,318.5608964,900,200,3.6,22.7,0.2,1,215.6466068,2000,500,3.9,26,0.1,32,-297.4461054,2000,700,2.9,29.0,0.2
36.997951,1,AUTO,ARMED,5,AVAILABLE,UNAVAILABLE,UNAVAILABLE,32,4,ACTIVE,711,D_P3-A5.NC,D_P3-A5.NC,6,0.000668021,20,0.0005,1612515.148,468952.227,184.4,1942.0428,100,0.0,34,100,0,0,100,2900.0,1900,400,4.7,25.0,0.1,6,318.5608964,900,200,3.6,22.7,0.2,1,215.6466068,2000,500,3.9,26,0.1,32,-297.446094,2000,700,2.9,29.0,0.2
37.141559,1,AUTO,ARMED,5,AVAILABLE,UNAVAILABLE,UNAVAILABLE,33,4,ACTIVE,711,D_P3-A5.NC,D_P3-A5.NC,6,0.000668021,20,0.0005,1612515.148,468952.227,184.4,1942.0428,100,0.0,34,100,0,3,100,2900.0,1900,400,4.7,25.0,0.1,10,319.7201469,900,200,3.6,22.7,0.2,1,215.6465954,2000,500,3.9,26,0.1,32,-297.446094,2000,700,2.9,29.0,0.2
37.278626,1,AUTO,ARMED,5,AVAILABLE,UNAVAILABLE,UNAVAILABLE,33,4,ACTIVE,711,D_P3-A5.NC,D_P3-A5.NC,6,0.000668021,20,0.0005,1612515.148,468952.227,184.4,2395.5374,100,19.05,34,100,0,3,100,2900.0,1900,400,4.7,25.0,0.1,10,321.6858237,900,200,3.6,22.7,0.2,1,215.6465954,2000,500,3.9,26,0.1,32,-297.4461054,2000,700,2.9,29.0,0.2
37.44361,1,AUTO,ARMED,5,AVAILABLE,UNAVAILABLE,UNAVAILABLE,33,4,ACTIVE,711,D_P3-A5.NC,D_P3-A5.NC,6,0.000668021,20,0.0005,1612515.148,468952.227,184.4,2395.5374,100,19.05,35,100,0,2,100,2900.0,1900,400,4.7,25.0,0.1,8,325.6101503,900,200,3.6,22.7,0.2,1,215.6466068,2000,500,3.9,26,0.1,32,-297.446094,2000,700,2.9,29.0,0.2
37.599029,1,AUTO,ARMED,5,AVAILABLE,UNAVAILABLE,UNAVAILABLE,33,4,ACTIVE,711,D_P3-A5.NC,D_P3-A5.NC,6,0.000668021,20,0.0005,1612515.148,468952.227,184.4,2395.5374,100,19.05,35,100,0,1,100,2900.0,1900,400,4.7,25.0,0.1,8,327.5769601,900,200,3.6,22.7,0.2,1,215.6465954,2000,500,3.9,26,0.1,32,-297.4461054,2000,700,2.9,29.0,0.2
37.739867,1,AUTO,ARMED,5,AVAILABLE,UNAVAILABLE,UNAVAILABLE,33,4,ACTIVE,711,D_P3-A5.NC,D_P3-A5.NC,6,0.000668021,20,0.0005,1612515.148,468952.227,184.4,2395.5374,100,19.05,35,100,0,1,100,2900.0,1900,400,4.7,25.0,0.1,8,331.5007705,900,200,3.6,22.7,0.2,1,215.6465038,2000,500,3.9,26,0.1,32,-297.4461169,2000,700,2.9,29.0,0.2
37.882344,1,AUTO,ARMED,5,AVAILABLE,UNAVAILABLE,UNAVAILABLE,33,4,ACTIVE,711,D_P3-A5.NC,D_P3-A5.NC,6,0.000668021,20,0.0005,1612515.148,468952.227,184.4,2395.5374,100,19.05,35,100,0,1,100,2900.0,1900,400,4.7,25.0,0.1,12,333.4678396,900,200,3.6,22.7,0.2,2,215.6465381,2000,500,3.9,26,0.1,32,-297.4461054,2000,700,2.9,29.0,0.2
38.02618,1,AUTO,ARMED,5,AVAILABLE,UNAVAILABLE,UNAVAILABLE,33,4,ACTIVE,711,D_P3-A5.NC,D_P3-A5.NC,6,0.000668021,20,0.0005,1612515.148,468952.227,184.4,2395.5374,100,19.05,35,100,0,2,100,2900.0,1900,400,4.7,25.0,0.1,16,337.3919874,900,200,3.6,22.7,0.2,2,215.6465839,2000,500,3.9,26,0.1,32,-297.446094,2000,700,2.9,29.0,0.2
38.167692,1,AUTO,ARMED,5,AVAILABLE,UNAVAILABLE,UNAVAILABLE,33,4,ACTIVE,711,D_P3-A5.NC,D_P3-A5.NC,6,0.000668021,20,0.0005,1612515.148,468952.227,184.4,2395.5374,100,19.05,35,100,0,2,100,2900.0,1900,400,4.7,25.0,0.1,16,339.3589879,900,200,3.6,22.7,0.2,2,215.6465954,2000,500,3.9,26,0.1,32,-297.446094,2000,700,2.9,29.0,0.2
38.305732,1,AUTO,ARMED,5,AVAILABLE,UNAVAILABLE,UNAVAILABLE,33,4,ACTIVE,711,D_P3-A5.NC,D_P3-A5.NC,6,0.000668021,20,0.0005,1612515.148,468952.227,184.4,2395.5374,100,19.05,35,100,0,0,100,2900.0,1900,400,4.7,25.0,0.1,15,341.3213421,900,200,3.6,22.7,0.2,2,215.6465954,2000,500,3.9,26,0.1,32,-297.4460825,2000,700,2.9,29.0,0.2
38.443332,1,AUTO,ARMED,5,AVAILABLE,UNAVAILABLE,UNAVAILABLE,33,4,ACTIVE,711,D_P3-A5.NC,D_P3-A5.NC,6,0.000668021,20,0.0005,1612515.148,468952.227,184.4,2424.2666,100,19.05,36,100,0,0,100,2900.0,3900,1100,3.6,25.0,0.2,15,343.2833416,800,200,3.5,22.7,0.2,2,215.6465725,1900,600,3.5,26,0.2,32,-297.446094,2200,800,2.6,29.0,0.4
38.586185,1,AUTO,ARMED,5,AVAILABLE,UNAVAILABLE,UNAVAILABLE,33,4,ACTIVE,711,D_P3-A5.NC,D_P3-A5.NC,6,0.000668021,20,0.0005,1612515.148,468952.227,184.4,2424.2666,100,19.05,36,100,0,0,100,2900.0,3900,1100,3.6,25.0,0.2,15,348.1990919,800,200,3.5,22.7,0.2,2,215.6466526,1900,600,3.5,26,0.2,32,-297.4460825,2200,800,2.6,29.0,0.4
38.745972,1,AUTO,ARMED,5,AVAILABLE,UNAVAILABLE,UNAVAILABLE,33,4,ACTIVE,711,D_P3-A5.NC,D_P3-A5.NC,6,0.000668021,20,0.0005,1612515.148,468952.227,184.4,2424.2666,100,19.05,36,100,0,0,100,2900.0,3900,1100,3.6,25.0,0.2,15,350.1566053,800,200,3.5,22.7,0.2,2,215.646664,1900,600,3.5,26,0.2,32,-297.446094,2200,800,2.6,29.0,0.4
38.90253,1,AUTO,ARMED,5,AVAILABLE,UNAVAILABLE,UNAVAILABLE,33,4,ACTIVE,711,D_P3-A5.NC,D_P3-A5.NC,6,0.000668021,20,0.0005,1612515.148,468952.227,184.4,2424.2666,100,19.05,36,100,0,4,100,2900.0,3900,1100,3.6,25.0,0.2,18,352.128378,800,200,3.5,22.7,0.2,3,215.6466526,1900,600,3.5,26,0.2,32,-297.4460825,2200,800,2.6,29.0,0.4
39.046002,1,AUTO,ARMED,5,AVAILABLE,UNAVAILABLE,UNAVAILABLE,33,4,ACTIVE,711,D_P3-A5.NC,D_P3-A5.NC,6,0.001168144,20,0.0005,1612515.148,468952.227,184.4,2424.2666,100,19.05,36,100,0,4,100,2900.0,3900,1100,3.6,25.0,0.2,15,356.0478668,800,200,3.5,22.7,0.2,2,215.6466526,1900,600,3.5,26,0.2,32,-297.446094,2200,800,2.6,29.0,0.4
39.192185,1,AUTO,ARMED,5,AVAILABLE,UNAVAILABLE,UNAVAILABLE,33,4,ACTIVE,711,D_P3-A5.NC,D_P3-A5.NC,6,0.001168144,20,0.0005,1612515.148,468952.227,184.4,2424.2666,100,19.05,36,100,0,4,100,2900.0,3900,1100,3.6,25.0,0.2,15,358.0099184,800,200,3.5,22.7,0.2,2,215.6466526,1900,600,3.5,26,0.2,32,-297.4461054,2200,800,2.6,29.0,0.4
39.332488,1,AUTO,ARMED,5,AVAILABLE,UNAVAILABLE,UNAVAILABLE,33,4,ACTIVE,711,D_P3-A5.NC,D_P3-A5.NC,6,0.001168144,20,0.0005,1612515.148,468952.227,184.4,2424.2666,100,19.05,36,100,0,0,100,2900.0,3900,1100,3.6,25.0,0.2,15,359.9815715,800,200,3.5,22.7,0.2,2,215.6466526,1900,600,3.5,26,0.2,32,-297.4461054,2200,800,2.6,29.0,0.4
39.472962,1,AUTO,ARMED,5,AVAILABLE,UNAVAILABLE,UNAVAILABLE,33,4,ACTIVE,711,D_P3-A5.NC,D_P3-A5.NC,6,0.000668021,20,0.0005,1612515.148,468952.227,184.4,2128.5425,100,19.05,37,100,0,0,100,2900.0,3900,1100,3.6,25.0,0.2,15,361.9439207,800,200,3.5,22.7,0.2,2,215.6466526,1900,600,3.5,26,0.2,32,-297.4461054,2200,800,2.6,29.0,0.4
39.618708,1,AUTO,ARMED,5,AVAILABLE,UNAVAILABLE,UNAVAILABLE,33,4,ACTIVE,711,D_P3-A5.NC,D_P3-A5.NC,6,0.000668021,20,0.0005,1612515.148,468952.227,184.4,2128.5425,100,19.05,37,100,0,1,100,2900.0,3900,1100,3.6,25.0,0.2,17,367.835065,800,200,3.5,22.7,0.2,2,215.6466526,1900,600,3.5,26,0.2,32,-297.4461054,2200,800,2.6,29.0,0.4
39.764738,1,AUTO,ARMED,5,AVAILABLE,UNAVAILABLE,UNAVAILABLE,33,4,ACTIVE,711,D_P3-A5.NC,D_P3-A5.NC,6,0.000668021,20,0.0005,1612515.148,468952.227,184.4,2128.5425,100,19.05,37,100,0,2,100,2900.0,3900,1100,3.6,25.0,0.2,14,369.7968419,800,200,3.5,22.7,0.2,2,215.646664,1900,600,3.5,26,0.2,32,-297.446094,2200,800,2.6,29.0,0.4
39.919313,1,AUTO,ARMED,5,AVAILABLE,UNAVAILABLE,UNAVAILABLE,33,4,ACTIVE,711,D_P3-A5.NC,D_P3-A5.NC,6,0.000668021,20,0.0005,1612515.148,468952.227,184.4,2128.5425,100,19.05,37,100,0,2,100,2900.0,3900,1100,3.6,25.0,0.2,14,371.7685752,800,200,3.5,22.7,0.2,2,215.646664,1900,600,3.5,26,0.2,32,-297.4461054,2200,800,2.6,29.0,0.4
40.060141,1,AUTO,ARMED,5,AVAILABLE,UNAVAILABLE,UNAVAILABLE,33,4,ACTIVE,711,D_P3-A5.NC,D_P3-A5.NC,6,0.000668021,20,0.0005,1612515.148,468952.227,184.4,2128.5425,100,19.05,37,100,0,4,100,2900.0,2000,400,4.7,25.0,0.1,12,375.6926669,300,100,4.6,22.7,0.1,2,215.6466526,1100,400,2.7,26,0.1,32,-297.446094,1300,600,2.0,28.8,0.1
40.203276,1,AUTO,ARMED,5,AVAILABLE,UNAVAILABLE,UNAVAILABLE,33,4,ACTIVE,711,D_P3-A5.NC,D_P3-A5.NC,6,0.000668021,20,0.0005,1612515.148,468952.227,184.4,2128.5425,100,19.05,37,100,0,0,100,2900.0,2000,400,4.7,25.0,0.1,17,377.6645031,300,100,4.6,22.7,0.1,2,215.6466526,1100,400,2.7,26,0.1,32,-297.446094,1300,600,2.0,28.8,0.1
40.347591,1,AUTO,ARMED,5,AVAILABLE,UNAVAILABLE,UNAVAILABLE,33,4,ACTIVE,711,D_P3-A5.NC,D_P3-A5.NC,6,0.000668021,20,0.0005,1612515.148,468952.227,184.4,2128.5425,100,19.05,37,100,0,0,100,2900.0,2000,400,4.7,25.0,0.1,17,379.6266005,300,100,4.6,22.7,0.1,2,215.6466526,1100,400,2.7,26,0.1,32,-297.446094,1300,600,2.0,28.8,0.1
40.488212,1,AUTO,ARMED,5,AVAILABLE,UNAVAILABLE,UNAVAILABLE,33,4,ACTIVE,711,D_P3-A5.NC,D_P3-A5.NC,6,0.000668021,20,0.0005,1612515.148,468952.227,184.4,2128.5425,100,19.05,38,100,0,5,100,2900.0,2000,400,4.7,25.0,0.1,14,381.5885594,300,100,4.6,22.7,0.1,2,215.6466182,1100,400,2.7,26,0.1,32,-297.446094,1300,600,2.0,28.8,0.1
40.636176,1,AUTO,ARMED,5,AVAILABLE,UNAVAILABLE,UNAVAILABLE,33,4,ACTIVE,711,D_P3-A5.NC,D_P3-A5.NC,6,0.000668021,20,0.0005,1612515.148,468952.227,184.4,1895.5725,100,19.05,38,100,0,5,100,2900.0,2000,400,4.7,25.0,0.1,14,386.4991924,300,100,4.6,22.7,0.1,2,215.6466755,1100,400,2.7,26,0.1,32,-297.4460825,1300,600,2.0,28.8,0.1
40.785198,1,AUTO,ARMED,5,AVAILABLE,UNAVAILABLE,UNAVAILABLE,33,4,ACTIVE,711,D_P3-A5.NC,D_P3-A5.NC,6,0.000668021,20,0.0005,1612515.148,468952.227,184.4,1895.5725,100,19.05,38,100,0,2,100,2900.0,2000,400,4.7,25.0,0.1,9,388.4609186,300,100,4.6,22.7,0.1,1,215.646664,1100,400,2.7,26,0.1,32,-297.446094,1300,600,2.0,28.8,0.1
40.936739,1,AUTO,ARMED,5,AVAILABLE,UNAVAILABLE,UNAVAILABLE,33,4,ACTIVE,711,D_P3-A5.NC,D_P3-A5.NC,6,0.000668021,20,0.0005,1612515.148,468952.227,184.4,1895.5725,100,19.05,38,100,0,2,100,2900.0,2000,400,4.7,25.0,0.1,9,390.4278636,300,100,4.6,22.7,0.1,1,215.6466297,1100,400,2.7,26,0.1,32,-297.446094,1300,600,2.0,28.8,0.1
41.08472,1,AUTO,ARMED,5,AVAILABLE,UNAVAILABLE,UNAVAILABLE,33,4,ACTIVE,711,D_P3-A5.NC,D_P3-A5.NC,6,0.000668021,20,0.0005,1612515.148,468952.227,184.4,1895.5725,100,19.05,38,100,0,2,100,2900.0,2000,400,4.7,25.0,0.1,10,394.3522086,300,100,4.6,22.7,0.1,1,215.6466068,1100,400,2.7,26,0.1,32,-297.446094,1300,600,2.0,28.8,0.1
41.229601,1,AUTO,ARMED,5,AVAILABLE,UNAVAILABLE,UNAVAILABLE,33,4,ACTIVE,711,D_P3-A5.NC,D_P3-A5.NC,6,0.000668021,20,0.0005,1612515.148,468952.227,184.4,1895.5725,100,19.05,38,100,0,2,100,2900.0,2000,400,4.7,25.0,0.1,10,396.3190163,300,100,4.6,22.7,0.1,1,215.6466068,1100,400,2.7,26,0.1,32,-297.4461054,1300,600,2.0,28.8,0.1
41.367876,1,AUTO,ARMED,5,AVAILABLE,UNAVAILABLE,UNAVAILABLE,33,4,ACTIVE,711,D_P3-A5.NC,D_P3-A5.NC,6,0.000668021,20,0.0005,1612515.148,468952.227,184.4,1895.5725,100,15.53333,39,100,0,0,100,2900.0,2000,400,4.7,25.0,0.1,10,399.8395621,300,100,4.6,22.7,0.1,1,215.6466068,1100,400,2.7,26,0.1,32,-297.4461054,1300,600,2.0,28.8,0.1
41.50736,1,AUTO,ARMED,5,AVAILABLE,UNAVAILABLE,UNAVAILABLE,34,4,ACTIVE,711,D_P3-A5.NC,D_P3-A5.NC,6,0.000668021,20,0.0005,1612515.148,468952.227,184.4,1895.5725,100,6.0,39,100,0,1,100,2900.0,1600,400,3.9,25.0,0.2,3,399.8403174,600,100,4.7,22.7,0.1,1,215.6466068,1100,200,5.0,26,0.1,32,-297.4461054,1200,600,2.0,28.8,0.2
41.649249,1,AUTO,ARMED,5,AVAILABLE,UNAVAILABLE,UNAVAILABLE,34,4,ACTIVE,711,D_P3-A5.NC,D_P3-A5.NC,6,0.000668021,20,0.0005,1612515.148,468952.227,184.4,1989.2615,100,0.0,39,100,0,2,100,2900.0,1600,400,3.9,25.0,0.2,7,399.8409584,600,100,4.7,22.7,0.1,1,215.6466068,1100,200,5.0,26,0.1,32,-297.4461054,1200,600,2.0,28.8,0.2
41.792537,1,AUTO,ARMED,5,AVAILABLE,UNAVAILABLE,UNAVAILABLE,34,4,ACTIVE,711,D_P3-A5.NC,D_P3-A5.NC,6,0.000668021,20,0.0005,1612515.148,468952.227,184.4,1989.2615,100,0.0,39,100,0,2,100,2900.0,1600,400,3.9,25.0,0.2,7,399.8409355,600,100,4.7,22.7,0.1,1,215.6465954,1100,200,5.0,26,0.1,32,-297.446094,1200,600,2.0,28.8,0.2
41.938255,1,AUTO,ARMED,5,AVAILABLE,UNAVAILABLE,UNAVAILABLE,34,4,ACTIVE,711,D_P3-A5.NC,D_P3-A5.NC,6,0.000668021,20,0.0005,1612515.148,468952.227,184.4,1989.2615,100,0.0,39,100,0,0,100,2900.0,1600,400,3.9,25.0,0.2,7,399.8409126,600,100,4.7,22.7,0.1,1,215.6465954,1100,200,5.0,26,0.1,32,-297.4461054,1200,600,2.0,28.8,0.2
42.085695,1,AUTO,ARMED,5,AVAILABLE,UNAVAILABLE,UNAVAILABLE,34,4,ACTIVE,711,D_P3-A5.NC,D_P3-A5.NC,6,0.000668021,20,0.0005,1612515.148,468952.227,184.4,1989.2615,100,0.0,39,100,0,0,100,2900.0,1600,400,3.9,25.0,0.2,7,399.8409011,600,100,4.7,22.7,0.1,1,215.6465954,1100,200,5.0,26,0.1,32,-297.4461054,1200,600,2.0,28.8,0.2
42.224718,1,AUTO,ARMED,5,AVAILABLE,UNAVAILABLE,UNAVAILABLE,34,4,ACTIVE,711,D_P3-A5.NC,D_P3-A5.NC,6,0.000668021,20,0.0005,1612515.148,468952.227,184.4,1989.2615,100,0.0,39,100,0,1,100,2900.0,1600,400,3.9,25.0,0.2,7,399.8409011,600,100,4.7,22.7,0.1,1,215.6465954,1100,200,5.0,26,0.1,32,-297.4461054,1200,600,2.0,28.8,0.2
42.365714,1,AUTO,ARMED,5,AVAILABLE,UNAVAILABLE,UNAVAILABLE,34,4,ACTIVE,711,D_P3-A5.NC,D_P3-A5.NC,6,0.000668021,20,0.0005,1612515.148,468952.227,184.4,1989.2615,100,0.0,40,100,0,1,100,2900.0,1600,400,3.9,25.0,0.2,7,399.8409011,600,100,4.7,22.7,0.1,1,215.6466068,1100,200,5.0,26,0.1,32,-297.446094,1200,600,2.0,28.8,0.2
42.529207,1,AUTO,ARMED,5,AVAILABLE,UNAVAILABLE,UNAVAILABLE,36,4,ACTIVE,711,D_P3-A5.NC,D_P3-A5.NC,6,0.000668021,20,0.0005,1612515.148,468952.227,184.4,1989.2615,100,0.0,40,100,0,1,100,2900.0,1600,400,3.9,25.0,0.2,10,398.4297456,600,100,4.7,22.7,0.1,0,216.280629,1100,200,5.0,26,0.1,32,-297.4461054,1200,600,2.0,28.8,0.2
42.684552,1,AUTO,ARMED,5,AVAILABLE,UNAVAILABLE,UNAVAILABLE,36,4,ACTIVE,711,D_P3-A5.NC,D_P3-A5.NC,6,0.000668021,20,0.0005,1612515.148,468952.227,184.4,1989.2615,100,19.05,40,100,0,1,100,2900.0,1600,400,3.9,25.0,0.2,8,396.4682189,600,100,4.7,22.7,0.1,5,216.2816589,1100,200,5.0,26,0.1,32,-297.4461054,1200,600,2.0,28.8,0.2
42.823082,1,AUTO,ARMED,5,AVAILABLE,UNAVAILABLE,UNAVAILABLE,36,4,ACTIVE,711,D_P3-A5.NC,D_P3-A5.NC,6,0.000668021,20,0.0005,1612515.148,468952.227,184.4,2409.2644,100,19.05,40,100,0,1,100,2900.0,1600,400,3.9,25.0,0.2,8,394.5064289,600,100,4.7,22.7,0.1,5,216.2816818,1100,200,5.0,26,0.1,32,-297.4461054,1200,600,2.0,28.8,0.2
42.973279,1,AUTO,ARMED,5,AVAILABLE,UNAVAILABLE,UNAVAILABLE,36,4,ACTIVE,711,D_P3-A5.NC,D_P3-A5.NC,6,0.000668021,20,0.0005,1612515.148,468952.227,184.4,2409.2644,100,19.05,40,100,0,0,100,2900.0,1600,400,3.9,25.0,0.2,9,390.5770693,600,100,4.7,22.7,0.1,4,216.2816245,1100,200,5.0,26,0.1,32,-297.446094,1200,600,2.0,28.8,0.2
43.114212,1,AUTO,ARMED,5,AVAILABLE,UNAVAILABLE,UNAVAILABLE,36,4,ACTIVE,711,D_P3-A5.NC,D_P3-A5.NC,6,0.001168144,20,0.0005,1612515.148,468952.227,184.4,2409.2644,100,19.05,40,100,0,2,100,2900.0,3200,1000,3.2,25.0,0.2,6,386.6477212,800,200,3.5,22.7,0.2,4,216.2813385,1700,500,3.2,26,0.2,32,-297.4461054,1800,700,2.5,28.8,0.3
43.258004,1,AUTO,ARMED,5,AVAILABLE,UNAVAILABLE,UNAVAILABLE,36,4,ACTIVE,711,D_P3-A5.NC,D_P3-A5.NC,6,0.001168144,20,0.0005,1612515.148,468952.227,184.4,2409.2644,100,19.05,40,100,0,2,100,2900.0,3200,1000,3.2,25.0,0.2,6,384.6809527,800,200,3.5,22.7,0.2,4,216.2814758,1700,500,3.2,26,0.2,32,-297.446094,1800,700,2.5,28.8,0.3
43.423897,1,AUTO,ARMED,5,AVAILABLE,UNAVAILABLE,UNAVAILABLE,36,4,ACTIVE,711,D_P3-A5.NC,D_P3-A5.NC,6,0.001168144,20,0.0005,1612515.148,468952.227,184.4,2409.2644,100,19.05,41,100,0,3,100,2900.0,3200,1000,3.2,25.0,0.2,5,382.7189681,800,200,3.5,22.7,0.2,5,216.2815559,1700,500,3.2,26,0.2,32,-297.4461054,1800,700,2.5,28.8,0.3
43.564695,1,AUTO,ARMED,5,AVAILABLE,UNAVAILABLE,UNAVAILABLE,36,4,ACTIVE,711,D_P3-A5.NC,D_P3-A5.NC,6,0.000668021,20,0.0005,1612515.148,468952.227,184.4,2409.2644,100,19.05,41,100,0,3,100,2900.0,3200,1000,3.2,25.0,0.2,5,380.7567489,800,200,3.5,22.7,0.2,5,216.2816245,1700,500,3.2,26,0.2,32,-297.4461169,1800,700,2.5,28.8,0.3
43.709225,1,AUTO,ARMED,5,AVAILABLE,UNAVAILABLE,UNAVAILABLE,36,4,ACTIVE,711,D_P3-A5.NC,D_P3-A5.NC,6,0.000668021,20,0.0005,1612515.148,468952.227,184.4,2409.2644,100,19.05,41,100,0,0,100,2900.0,3200,1000,3.2,25.0,0.2,3,376.8278102,800,200,3.5,22.7,0.2,6,216.2816589,1700,500,3.2,26,0.2,32,-297.4461283,1800,700,2.5,28.8,0.3
43.85099,1,AUTO,ARMED,5,AVAILABLE,UNAVAILABLE,UNAVAILABLE,36,4,ACTIVE,711,D_P3-A5.NC,D_P3-A5.NC,6,0.000668021,20,0.0005,1612515.148,468952.227,184.4,2393.4751,100,19.05,41,100,0,0,100,2900.0,3200,1000,3.2,25.0,0.2,7,372.898963,800,200,3.5,22.7,0.2,6,216.2816703,1700,500,3.2,26,0.2,32,-297.4461283,1800,700,2.5,28.8,0.3
44.000088,1,AUTO,ARMED,5,AVAILABLE,UNAVAILABLE,UNAVAILABLE,36,4,ACTIVE,711,D_P3-A5.NC,D_P3-A5.NC,6,0.000668021,20,0.0005,1612515.148,468952.227,184.4,2393.4751,100,19.05,41,100,0,3,100,2900.0,3200,1000,3.2,25.0,0.2,8,370.9318729,800,200,3.5,22.7,0.2,6,216.2816474,1700,500,3.2,26,0.2,32,-297.4461283,1800,700,2.5,28.8,0.3
44.146644,1,AUTO,ARMED,5,AVAILABLE,UNAVAILABLE,UNAVAILABLE,36,4,ACTIVE,711,D_P3-A5.NC,D_P3-A5.NC,6,0.000668021,20,0.0005,1612515.148,468952.227,184.4,2393.4751,100,19.05,41,100,0,1,100,2900.0,3200,1000,3.2,25.0,0.2,4,367.0079124,800,200,3.5,22.7,0.2,5,216.2816017,1700,500,3.2,26,0.2,32,-297.4461169,1800,700,2.5,28.8,0.3
44.288961,1,AUTO,ARMED,5,AVAILABLE,UNAVAILABLE,UNAVAILABLE,36,4,ACTIVE,711,D_P3-A5.NC,D_P3-A5.NC,6,0.001168144,20,0.0005,1612515.148,468952.227,184.4,2393.4751,100,19.05,41,100,0,1,100,2900.0,3200,1000,3.2,25.0,0.2,4,366.0264273,800,200,3.5,22.7,0.2,5,216.2815673,1700,500,3.2,26,0.2,32,-297.4461054,1800,700,2.5,28.8,0.3
44.435378,1,AUTO,ARMED,5,AVAILABLE,UNAVAILABLE,UNAVAILABLE,36,4,ACTIVE,711,D_P3-A5.NC,D_P3-A5.NC,6,0.001168144,20,0.0005,1612515.148,468952.227,184.4,2393.4751,100,19.05,42,100,0,0,100,2900.0,3200,1000,3.2,25.0,0.2,3,364.0642239,800,200,3.5,22.7,0.2,5,216.2815215,1700,500,3.2,26,0.2,32,-297.4461054,1800,700,2.5,28.8,0.3
44.601777,1,AUTO,ARMED,5,AVAILABLE,UNAVAILABLE,UNAVAILABLE,36,4,ACTIVE,711,D_P3-A5.NC,D_P3-A5.NC,6,0.001168144,20,0.0005,1612515.148,468952.227,184.4,2393.4751,100,19.05,42,100,0,1,100,2900.0,3200,1000,3.3,25.0,0.2,7,360.1351592,700,200,4.0,22.7,0.2,5,216.2814987,1800,400,4.1,26,0.2,32,-297.4461054,1800,700,2.6,28.8,0.3
44.744631,1,AUTO,ARMED,5,AVAILABLE,UNAVAILABLE,UNAVAILABLE,36,4,ACTIVE,711,D_P3-A5.NC,D_P3-A5.NC,6,0.001168144,20,0.0005,1612515.148,468952.227,184.4,2393.4751,100,19.05,42,100,0,1,100,2900.0,3200,1000,3.3,25.0,0.2,7,356.2108554,700,200,4.0,22.7,0.2,5,216.2815101,1800,400,4.1,26,0.2,32,-297.446094,1800,700,2.6,28.8,0.3
44.890182,1,AUTO,ARMED,5,AVAILABLE,UNAVAILABLE,UNAVAILABLE,36,4,ACTIVE,711,D_P3-A5.NC,D_P3-A5.NC,6,0.001168144,20,0.0005,1612515.148,468952.227,184.4,2393.4751,100,19.05,42,100,0,0,100,2900.0,3200,1000,3.3,25.0,0.2,5,354.2390202,700,200,4.0,22.7,0.2,6,216.2814987,1800,400,4.1,26,0.2,32,-297.4461054,1800,700,2.6,28.8,0.3
45.031446,1,AUTO,ARMED,5,AVAILABLE,UNAVAILABLE,UNAVAILABLE,36,4,ACTIVE,711,D_P3-A5.NC,D_P3-A5.NC,6,0.001168144,20,0.0005,1612515.148,468952.227,184.4,2113.3062,100,19.05,42,100,0,0,100,2900.0,3200,1000,3.3,25.0,0.2,5,352.2768485,700,200,4.0,22.7,0.2,6,216.2815215,1800,400,4.1,26,0.2,32,-297.446094,1800,700,2.6,28.8,0.3
45.173302,1,AUTO,ARMED,5,AVAILABLE,UNAVAILABLE,UNAVAILABLE,36,4,ACTIVE,711,D_P3-A5.NC,D_P3-A5.NC,6,0.001168144,20,0.0005,1612515.148,468952.227,184.4,2113.3062,100,19.05,42,100,0,2,100,2900.0,3200,1000,3.3,25.0,0.2,4,348.3477674,700,200,4.0,22.7,0.2,7,216.2815559,1800,400,4.1,26,0.2,32,-297.4460825,1800,700,2.6,28.8,0.3
45.312551,1,AUTO,ARMED,5,AVAILABLE,UNAVAILABLE,UNAVAILABLE,36,4,ACTIVE,711,D_P3-A5.NC,D_P3-A5.NC,6,0.001168144,20,0.0005,1612515.148,468952.227,184.4,2113.3062,100,19.05,42,100,0,1,100,2900.0,3200,1000,3.3,25.0,0.2,6,346.3855843,700,200,4.0,22.7,0.2,6,216.2815902,1800,400,4.1,26,0.2,32,-297.446094,1800,700,2.6,28.8,0.3
45.455653,1,AUTO,ARMED,5,AVAILABLE,UNAVAILABLE,UNAVAILABLE,36,4,ACTIVE,711,D_P3-A5.NC,D_P3-A5.NC,6,0.000668021,20,0.0005,1612515.148,468952.227,184.4,2113.3062,100,19.05,43,100,0,1,100,2900.0,3200,1000,3.3,25.0,0.2,6,344.4232981,700,200,4.0,22.7,0.2,6,216.2815902,1800,400,4.1,26,0.2,32,-297.446094,1800,700,2.6,28.8,0.3
45.601114,1,AUTO,ARMED,5,AVAILABLE,UNAVAILABLE,UNAVAILABLE,36,4,ACTIVE,711,D_P3-A5.NC,D_P3-A5.NC,6,0.000668021,20,0.0005,1612515.148,468952.227,184.4,2113.3062,100,19.05,43,100,0,0,100,2900.0,3200,1000,3.3,25.0,0.2,6,340.4896738,700,200,4.0,22.7,0.2,4,216.2815788,1800,400,4.1,26,0.2,32,-297.4461054,1800,700,2.6,28.8,0.3
45.754659,1,AUTO,ARMED,5,AVAILABLE,UNAVAILABLE,UNAVAILABLE,36,4,ACTIVE,711,D_P3-A5.NC,D_P3-A5.NC,6,0.000167898,20,0.0005,1612515.148,468952.227,184.4,2113.3062,100,19.05,43,100,0,3,100,2900.0,3200,1000,3.3,25.0,0.2,7,336.5699422,700,200,4.0,22.7,0.2,5,216.2814758,1800,400,4.1,26,0.2,32,-297.4461054,1800,700,2.6,28.8,0.3
45.902113,1,AUTO,ARMED,5,AVAILABLE,UNAVAILABLE,UNAVAILABLE,36,4,ACTIVE,711,D_P3-A5.NC,D_P3-A5.NC,6,0.000167898,20,0.0005,1612515.148,468952.227,184.4,2113.3062,100,19.05,43,100,0,1,100,2900.0,3200,1000,3.3,25.0,0.2,4,334.5983752,700,200,4.0,22.7,0.2,6,216.2814987,1800,400,4.1,26,0.2,32,-297.4461054,1800,700,2.6,28.8,0.3
46.051725,1,AUTO,ARMED,5,AVAILABLE,UNAVAILABLE,UNAVAILABLE,36,4,ACTIVE,711,D_P3-A5.NC,D_P3-A5.NC,6,0.000668021,20,0.0005,1612515.148,468952.227,184.4,1921.3873,100,19.05,43,100,0,1,100,2900.0,3200,1000,3.3,25.0,0.2,4,332.6412502,700,200,4.0,22.7,0.2,6,216.2816703,1800,400,4.1,26,0.2,32,-297.4460825,1800,700,2.6,28.8,0.3
46.197277,1,AUTO,ARMED,5,AVAILABLE,UNAVAILABLE,UNAVAILABLE,36,4,ACTIVE,711,D_P3-A5.NC,D_P3-A5.NC,6,0.000668021,20,0.0005,1612515.148,468952.227,184.4,1921.3873,100,19.05,43,100,0,0,100,2900.0,2300,400,5.5,25.0,0.1,6,329.6983171,200,0,4.0,22.7,0.0,4,216.281739,800,300,3.2,26,0.1,32,-297.446094,1200,600,1.9,28.8,0.1
46.336911,1,AUTO,ARMED,5,AVAILABLE,UNAVAILABLE,UNAVAILABLE,36,4,ACTIVE,711,D_P3-A5.NC,D_P3-A5.NC,6,0.000668021,20,0.0005,1612515.148,468952.227,184.4,1921.3873,100,19.05,43,100,0,1,100,2900.0,2300,400,5.5,25.0,0.1,10,327.7311934,200,0,4.0,22.7,0.0,3,216.2816818,800,300,3.2,26,0.1,32,-297.446094,1200,600,1.9,28.8,0.1
46.481627,1,AUTO,ARMED,5,AVAILABLE,UNAVAILABLE,UNAVAILABLE,36,4,ACTIVE,711,D_P3-A5.NC,D_P3-A5.NC,6,0.000668021,20,0.0005,1612515.148,468952.227,184.4,1921.3873,100,19.05,44,100,0,0,100,2900.0,2300,400,5.5,25.0,0.1,9,323.8070974,200,0,4.0,22.7,0.0,3,216.2816245,800,300,3.2,26,0.1,32,-297.446094,1200,600,1.9,28.8,0.1
46.620782,1,AUTO,ARMED,5,AVAILABLE,UNAVAILABLE,UNAVAILABLE,36,4,ACTIVE,711,D_P3-A5.NC,D_P3-A5.NC,6,0.000668021,20,0.0005,1612515.148,468952.227,184.4,1921.3873,100,19.05,44,100,0,0,100,2900.0,2300,400,5.5,25.0,0.1,9,321.8352242,200,0,4.0,22.7,0.0,3,216.2816131,800,300,3.2,26,0.1,32,-297.4461054,1200,600,1.9,28.8,0.1
46.765834,1,AUTO,ARMED,5,AVAILABLE,UNAVAILABLE,UNAVAILABLE,36,4,ACTIVE,711,D_P3-A5.NC,D_P3-A5.NC,6,0.000668021,20,0.0005,1612515.148,468952.227,184.4,1921.3873,100,12.26667,44,100,0,0,100,2900.0,2300,400,5.5,25.0,0.1,9,319.8730789,200,0,4.0,22.7,0.0,3,216.2816017,800,300,3.2,26,0.1,32,-297.4461054,1200,600,1.9,28.8,0.1
46.90925,1,AUTO,ARMED,5,AVAILABLE,UNAVAILABLE,UNAVAILABLE,37,4,ACTIVE,711,D_P3-A5.NC,D_P3-A5.NC,6,0.000668021,20,0.0005,1612515.148,468952.227,184.4,1921.3873,100,0.0,44,100,0,2,100,2900.0,2300,400,5.5,25.0,0.1,9,318.5608964,200,0,4.0,22.7,0.0,3,216.2815902,800,300,3.2,26,0.1,32,-297.4461054,1200,600,1.9,28.8,0.1
47.060783,1,AUTO,ARMED,5,AVAILABLE,UNAVAILABLE,UNAVAILABLE,37,4,ACTIVE,711,D_P3-A5.NC,D_P3-A5.NC,6,0.000668021,20,0.0005,1612515.148,468952.227,184.4,1912.7931,100,0.0,44,100,0,1,100,2900.0,2300,400,5.5,25.0,0.1,7,318.5608277,200,0,4.0,22.7,0.0,3,216.2816017,800,300,3.2,26,0.1,32,-297.4461054,1200,600,1.9,28.8,0.1
47.211786,1,AUTO,ARMED,5,AVAILABLE,UNAVAILABLE,UNAVAILABLE,37,4,ACTIVE,711,D_P3-A5.NC,D_P3-A5.NC,6,0.000668021,20,0.0005,1612515.148,468952.227,184.4,1912.7931,100,0.0,44,100,0,0,100,2900.0,2300,400,5.5,25.0,0.1,6,318.5608735,200,0,4.0,22.7,0.0,3,216.2816017,800,300,3.2,26,0.1,32,-297.4461054,1200,600,1.9,28.8,0.1
47.357686,1,AUTO,ARMED,5,AVAILABLE,UNAVAILABLE,UNAVAILABLE,37,4,ACTIVE,711,D_P3-A5.NC,D_P3-A5.NC,6,0.000668021,20,0.0005,1612515.148,468952.227,184.4,1912.7931,100,0.0,45,100,0,0,100,2900.0,2300,400,5.5,25.0,0.1,6,318.5608964,200,0,4.0,22.7,0.0,3,216.2816017,800,300,3.2,26,0.1,32,-297.4461054,1200,600,1.9,28.8,0.1
47.501744,1,AUTO,ARMED,5,AVAILABLE,UNAVAILABLE,UNAVAILABLE,37,4,ACTIVE,711,D_P3-A5.NC,D_P3-A5.NC,6,0.000668021,20,0.0005,1612515.148,468952.227,184.4,1912.7931,100,0.0,45,100,0,0,100,2900.0,1800,400,4.4,25.0,0.1,6,318.5608964,300,100,4.2,22.7,0.1,3,216.2815902,600,200,3.5,26,0.1,32,-297.4461054,1200,600,2.0,28.8,0.1
47.644974,1,AUTO,ARMED,5,AVAILABLE,UNAVAILABLE,UNAVAILABLE,37,4,ACTIVE,711,D_P3-A5.NC,D_P3-A5.NC,6,0.000668021,20,0.0005,1612515.148,468952.227,184.4,1912.7931,100,0.0,45,100,0,2,100,2900.0,1800,400,4.4,25.0,0.1,6,318.5608964,300,100,4.2,22.7,0.1,3,216.2816017,600,200,3.5,26,0.1,32,-297.446094,1200,600,2.0,28.8,0.1
47.792554,1,AUTO,ARMED,5,AVAILABLE,UNAVAILABLE,UNAVAILABLE,37,4,ACTIVE,711,D_P3-A5.NC,D_P3-A5.NC,6,0.000668021,20,0.0005,1612515.148,468952.227,184.4,1912.7931,100,0.0,45,100,0,1,100,2900.0,1800,400,4.4,25.0,0.1,6,318.5608964,300,100,4.2,22.7,0.1,3,216.2819564,600,200,3.5,26,0.1,32,-297.4461054,1200,600,2.0,28.8,0.1
47.936008,1,AUTO,ARMED,5,AVAILABLE,UNAVAILABLE,UNAVAILABLE,40,4,ACTIVE,711,D_P3-A5.NC,D_P3-A5.NC,6,0.000668021,20,0.0005,1612515.148,468952.227,184.4,1912.7931,100,0.0,45,100,0,1,100,2900.0,1800,400,4.4,25.0,0.1,6,318.5608964,300,100,4.2,22.7,0.1,3,216.9162418,600,200,3.5,26,0.1,32,-297.446094,1200,600,2.0,28.8,0.1
48.091201,1,AUTO,ARMED,5,AVAILABLE,UNAVAILABLE,UNAVAILABLE,41,4,ACTIVE,711,D_P3-A5.NC,D_P3-A5.NC,6,0.000668021,20,0.0005,1612515.148,468952.227,184.4,2234.7417,100,0.0,45,100,0,0,100,2900.0,1800,400,4.4,25.0,0.1,6,318.5608964,300,100,4.2,22.7,0.1,0,216.9164935,600,200,3.5,26,0.1,32,-297.446094,1200,600,2.0,28.8,0.1
48.231915,1,AUTO,ARMED,5,AVAILABLE,UNAVAILABLE,UNAVAILABLE,41,4,ACTIVE,711,D_P3-A5.NC,D_P3-A5.NC,6,0.000668021,20,0.0005,1612515.148,468952.227,184.4,2234.7417,100,0.0,45,100,0,0,100,2900.0,1800,400,4.4,25.0,0.1,6,318.5609078,300,100,4.2,22.7,0.1,0,216.9165736,600,200,3.5,26,0.1,32,-297.446094,1200,600,2.0,28.8,0.1
48.478605,1,AUTO,ARMED,5,AVAILABLE,UNAVAILABLE,UNAVAILABLE,41,4,ACTIVE,711,D_P3-A5.NC,D_P3-A5.NC,6,0.000668021,20,0.0005,1612515.148,468952.227,184.4,2234.7417,100,0.0,46,100,0,1,100,2900.0,1800,400,4.4,25.0,0.1,6,318.5609078,300,100,4.2,22.7,0.1,0,216.9165965,600,200,3.5,26,0.1,32,-297.4461054,1200,600,2.0,28.8,0.1
48.62753,1,AUTO,ARMED,5,AVAILABLE,UNAVAILABLE,UNAVAILABLE,41,4,ACTIVE,711,D_P3-A5.NC,D_P3-A5.NC,6,0.000668021,20,0.0005,1612515.148,468952.227,184.4,2234.7417,100,0.0,46,100,0,1,100,2900.0,1800,400,4.4,25.0,0.1,6,318.5608964,300,100,4.2,22.7,0.1,0,216.9166079,600,200,3.5,26,0.1,32,-297.4461054,1200,600,2.0,28.8,0.1
48.770181,1,AUTO,ARMED,5,AVAILABLE,UNAVAILABLE,UNAVAILABLE,41,4,ACTIVE,711,D_P3-A5.NC,D_P3-A5.NC,6,0.000668021,20,0.0005,1612515.148,468952.227,184.4,2234.7417,100,0.0,46,100,0,0,100,2900.0,1800,400,4.4,25.0,0.1,5,318.5608964,300,100,4.2,22.7,0.1,0,216.9166079,600,200,3.5,26,0.1,32,-297.446094,1200,600,2.0,28.8,0.1
48.928019,1,AUTO,ARMED,5,AVAILABLE,UNAVAILABLE,UNAVAILABLE,41,4,ACTIVE,711,D_P3-A5.NC,D_P3-A5.NC,6,0.000668021,20,0.0005,1612515.148,468952.227,184.4,2234.7417,100,0.0,46,100,0,1,100,2900.0,1800,400,4.4,25.0,0.1,6,318.5608964,300,100,4.2,22.7,0.1,1,216.9166079,600,200,3.5,26,0.1,32,-297.446094,1200,600,2.0,28.8,0.1
49.066359,1,AUTO,ARMED,5,AVAILABLE,UNAVAILABLE,UNAVAILABLE,42,4,ACTIVE,711,D_P3-A5.NC,D_P3-A5.NC,6,0.000668021,20,0.0005,1612515.148,468952.227,184.4,2234.7417,100,0.0,46,100,0,1,100,2900.0,1800,400,4.4,25.0,0.1,6,319.989206,300,100,4.2,22.7,0.1,1,216.9165965,600,200,3.5,26,0.1,32,-297.446094,1200,600,2.0,28.8,0.1
49.222198,1,AUTO,ARMED,5,AVAILABLE,UNAVAILABLE,UNAVAILABLE,42,4,ACTIVE,711,D_P3-A5.NC,D_P3-A5.NC,6,0.000668021,20,0.0005,1612515.148,468952.227,184.4,2234.7417,100,21.16667,46,100,0,0,100,2900.0,3700,1100,3.3,25.0,0.2,10,326.5392913,900,300,3.6,22.7,0.2,0,216.9166079,1500,400,3.4,26,0.2,32,-297.446094,2200,900,2.6,28.8,0.5
49.368199,1,AUTO,ARMED,5,AVAILABLE,UNAVAILABLE,UNAVAILABLE,42,4,ACTIVE,711,D_P3-A5.NC,D_P3-A5.NC,6,0.000668021,20,0.0005,1612515.148,468952.227,184.4,2464.6672,100,21.16667,47,100,0,0,100,2900.0,3700,1100,3.3,25.0,0.2,10,328.7140125,900,300,3.6,22.7,0.2,0,216.9166079,1500,400,3.4,26,0.2,32,-297.446094,2200,900,2.6,28.8,0.5
49.506197,1,AUTO,ARMED,5,AVAILABLE,UNAVAILABLE,UNAVAILABLE,42,4,ACTIVE,711,D_P3-A5.NC,D_P3-A5.NC,6,0.000668021,20,0.0005,1612515.148,468952.227,184.4,2464.6672,100,21.16667,47,100,0,0,100,2900.0,3700,1100,3.3,25.0,0.2,12,330.8942596,900,300,3.6,22.7,0.2,1,216.9165851,1500,400,3.4,26,0.2,32,-297.4461169,2200,900,2.6,28.8,0.5
49.649502,1,AUTO,ARMED,5,AVAILABLE,UNAVAILABLE,UNAVAILABLE,42,4,ACTIVE,711,D_P3-A5.NC,D_P3-A5.NC,6,0.000668021,20,0.0005,1612515.148,468952.227,184.4,2464.6672,100,21.16667,47,100,0,0,100,2900.0,3700,1100,3.3,25.0,0.2,12,333.0857463,900,300,3.6,22.7,0.2,1,216.9166308,1500,400,3.4,26,0.2,32,-297.4461169,2200,900,2.6,28.8,0.5
49.81669,1,AUTO,ARMED,5,AVAILABLE,UNAVAILABLE,UNAVAILABLE,42,4,ACTIVE,711,D_P3-A5.NC,D_P3-A5.NC,6,0.000668021,20,0.0005,1612515.148,468952.227,184.4,2464.6672,100,21.16667,47,100,0,0,100,2900.0,3700,1100,3.3,25.0,0.2,18,337.4456026,900,300,3.6,22.7,0.2,1,216.9166537,1500,400,3.4,26,0.2,32,-297.4461054,2200,900,2.6,28.8,0.5
49.963009,1,AUTO,ARMED,5,AVAILABLE,UNAVAILABLE,UNAVAILABLE,42,4,ACTIVE,711,D_P3-A5.NC,D_P3-A5.NC,6,0.000668021,20,0.0005,1612515.148,468952.227,184.4,2464.6672,100,21.16667,47,100,0,0,100,2900.0,3700,1100,3.3,25.0,0.2,17,338.5458092,900,300,3.6,22.7,0.2,1,216.9166194,1500,400,3.4,26,0.2,32,-297.4461054,2200,900,2.6,28.8,0.5
50.100783,1,AUTO,ARMED,5,AVAILABLE,UNAVAILABLE,UNAVAILABLE,42,4,ACTIVE,711,D_P3-A5.NC,D_P3-A5.NC,6,0.000668021,20,0.0005,1612515.148,468952.227,184.4,2464.6672,100,21.16667,47,100,0,0,100,2900.0,3700,1100,3.3,25.0,0.2,17,340.7260692,900,300,3.6,22.7,0.2,1,216.9166308,1500,400,3.4,26,0.2,32,-297.446094,2200,900,2.6,28.8,0.5
50.250903,1,AUTO,ARMED,5,AVAILABLE,UNAVAILABLE,UNAVAILABLE,42,4,ACTIVE,711,D_P3-A5.NC,D_P3-A5.NC,6,0.000668021,20,0.0005,1612515.148,468952.227,184.4,2464.6672,100,21.16667,48,100,0,1,100,2900.0,3700,1100,3.3,25.0,0.2,15,345.086864,900,300,3.6,22.7,0.2,1,216.9166308,1500,400,3.4,26,0.2,32,-297.4461054,2200,900,2.6,28.8,0.5
50.409026,1,AUTO,ARMED,5,AVAILABLE,UNAVAILABLE,UNAVAILABLE,42,4,ACTIVE,711,D_P3-A5.NC,D_P3-A5.NC,6,0.000668021,20,0.0005,1612515.148,468952.227,184.4,2500.4292,100,21.16667,48,100,0,3,100,2900.0,3700,1100,3.3,25.0,0.2,16,349.4522365,900,300,3.6,22.7,0.2,1,216.9166194,1500,400,3.4,26,0.2,32,-297.446094,2200,900,2.6,28.8,0.5
50.551554,1,AUTO,ARMED,5,AVAILABLE,UNAVAILABLE,UNAVAILABLE,42,4,ACTIVE,711,D_P3-A5.NC,D_P3-A5.NC,6,0.000668021,20,0.0005,1612515.148,468952.227,184.4,2500.4292,100,21.16667,48,100,0,3,100,2900.0,3700,1100,3.3,25.0,0.2,16,351.6324508,900,300,3.6,22.7,0.2,1,216.9166079,1500,400,3.4,26,0.2,32,-297.4461169,2200,900,2.6,28.8,0.5
50.696733,1,AUTO,ARMED,5,AVAILABLE,UNAVAILABLE,UNAVAILABLE,42,4,ACTIVE,711,D_P3-A5.NC,D_P3-A5.NC,6,0.000668021,20,0.0005,1612515.148,468952.227,184.4,2500.4292,100,21.16667,48,100,0,1,100,2900.0,4100,1100,3.6,25.0,0.2,15,353.8231707,900,200,4.3,22.7,0.2,1,216.9166079,1700,400,3.9,26,0.2,32,-297.4461054,2300,900,2.7,28.8,0.5
50.843549,1,AUTO,ARMED,5,AVAILABLE,UNAVAILABLE,UNAVAILABLE,42,4,ACTIVE,711,D_P3-A5.NC,D_P3-A5.NC,6,0.001168144,20,0.0005,1612515.148,468952.227,184.4,2500.4292,100,21.16667,48,100,0,1,100,2900.0,4100,1100,3.6,25.0,0.2,16,360.3638699,900,200,4.3,22.7,0.2,1,216.9166079,1700,400,3.9,26,0.2,32,-297.4461054,2300,900,2.7,28.8,0.5
50.987248,1,AUTO,ARMED,5,AVAILABLE,UNAVAILABLE,UNAVAILABLE,42,4,ACTIVE,711,D_P3-A5.NC,D_P3-A5.NC,6,0.001168144,20,0.0005,1612515.148,468952.227,184.4,2500.4292,100,21.16667,48,100,0,3,100,2900.0,4100,1100,3.6,25.0,0.2,18,362.5438955,900,200,4.3,22.7,0.2,2,216.9166079,1700,400,3.9,26,0.2,32,-297.4461054,2300,900,2.7,28.8,0.5
51.129327,1,AUTO,ARMED,5,AVAILABLE,UNAVAILABLE,UNAVAILABLE,42,4,ACTIVE,711,D_P3-A5.NC,D_P3-A5.NC,6,0.000668021,20,0.0005,1612515.148,468952.227,184.4,2500.4292,100,21.16667,48,100,0,3,100,2900.0,4100,1100,3.6,25.0,0.2,18,364.7241384,900,200,4.3,22.7,0.2,2,216.9166194,1700,400,3.9,26,0.2,32,-297.4461054,2300,900,2.7,28.8,0.5
51.281316,1,AUTO,ARMED,5,AVAILABLE,UNAVAILABLE,UNAVAILABLE,42,4,ACTIVE,711,D_P3-A5.NC,D_P3-A5.NC,6,0.000668021,20,0.0005,1612515.148,468952.227,184.4,2500.4292,100,21.16667,48,100,0,3,100,2900.0,4100,1100,3.6,25.0,0.2,15,369.095336,900,200,4.3,22.7,0.2,1,216.9166308,1700,400,3.9,26,0.2,32,-297.446094,2300,900,2.7,28.8,0.5
51.421921,1,AUTO,ARMED,5,AVAILABLE,UNAVAILABLE,UNAVAILABLE,42,4,ACTIVE,711,D_P3-A5.NC,D_P3-A5.NC,6,0.000668021,20,0.0005,1612515.148,468952.227,184.4,1944.8859,100,21.16667,49,100,0,2,100,2900.0,4100,1100,3.6,25.0,0.2,14,371.2703376,900,200,4.3,22.7,0.2,1,216.9166423,1700,400,3.9,26,0.2,32,-297.4461054,2300,900,2.7,28.8,0.5
51.559447,1,AUTO,ARMED,5,AVAILABLE,UNAVAILABLE,UNAVAILABLE,42,4,ACTIVE,711,D_P3-A5.NC,D_P3-A5.NC,6,0.000668021,20,0.0005,1612515.148,468952.227,184.4,1944.8859,100,21.16667,49,100,0,2,100,2900.0,4100,1100,3.6,25.0,0.2,14,373.4503516,900,200,4.3,22.7,0.2,1,216.9166423,1700,400,3.9,26,0.2,32,-297.446094,2300,900,2.7,28.8,0.5
51.701309,1,AUTO,ARMED,5,AVAILABLE,UNAVAILABLE,UNAVAILABLE,42,4,ACTIVE,711,D_P3-A5.NC,D_P3-A5.NC,6,0.000668021,20,0.0005,1612515.148,468952.227,184.4,1944.8859,100,21.16667,49,100,0,0,100,2900.0,4100,1100,3.6,25.0,0.2,17,377.8159073,900,200,4.3,22.7,0.2,1,216.9166537,1700,400,3.9,26,0.2,32,-297.446094,2300,900,2.7,28.8,0.5
51.839438,1,AUTO,ARMED,5,AVAILABLE,UNAVAILABLE,UNAVAILABLE,42,4,ACTIVE,711,D_P3-A5.NC,D_P3-A5.NC,6,0.000668021,20,0.0005,1612515.148,468952.227,184.4,1944.8859,100,21.16667,49,100,0,0,100,2900.0,4100,1100,3.6,25.0,0.2,17,378.9051819,900,200,4.3,22.7,0.2,1,216.9165736,1700,400,3.9,26,0.2,32,-297.446094,2300,900,2.7,28.8,0.5
52.043317,1,AUTO,ARMED,5,AVAILABLE,UNAVAILABLE,UNAVAILABLE,42,4,ACTIVE,711,D_P3-A5.NC,D_P3-A5.NC,6,0.000668021,20,0.0005,1612515.148,468952.227,184.4,1944.8859,100,21.16667,49,100,0,3,100,2900.0,4100,1100,3.6,25.0,0.2,13,385.4516284,900,200,4.3,22.7,0.2,1,216.9165393,1700,400,3.9,26,0.2,32,-297.446094,2300,900,2.7,28.8,0.5
52.194459,1,AUTO,ARMED,5,AVAILABLE,UNAVAILABLE,UNAVAILABLE,42,4,ACTIVE,711,D_P3-A5.NC,D_P3-A5.NC,6,0.000668021,20,0.0005,1612515.148,468952.227,184.4,1923.2935,100,21.16667,49,100,0,3,100,2900.0,1600,400,3.8,25.0,0.1,13,387.6318035,300,100,4.1,22.7,0.0,1,216.9166652,4700,300,14.5,26,0.1,32,-297.4460825,1200,600,1.9,28.8,0.1
52.33474,1,AUTO,ARMED,5,AVAILABLE,UNAVAILABLE,UNAVAILABLE,42,4,ACTIVE,711,D_P3-A5.NC,D_P3-A5.NC,6,0.000668021,20,0.0005,1612515.148,468952.227,184.4,1923.2935,100,21.16667,50,100,0,0,100,2900.0,1600,400,3.8,25.0,0.1,10,389.8169915,300,100,4.1,22.7,0.0,1,216.9166537,4700,300,14.5,26,0.1,32,-297.446094,1200,600,1.9,28.8,0.1
52.474555,1,AUTO,ARMED,5,AVAILABLE,UNAVAILABLE,UNAVAILABLE,42,4,ACTIVE,711,D_P3-A5.NC,D_P3-A5.NC,6,0.000668021,20,0.0005,1612515.148,468952.227,184.4,1923.2935,100,21.16667,50,100,0,0,100,2900.0,1600,400,3.8,25.0,0.1,10,394.1776051,300,100,4.1,22.7,0.0,0,216.9166079,4700,300,14.5,26,0.1,32,-297.446094,1200,600,1.9,28.8,0.1
52.622471,1,AUTO,ARMED,5,AVAILABLE,UNAVAILABLE,UNAVAILABLE,42,4,ACTIVE,711,D_P3-A5.NC,D_P3-A5.NC,6,0.000668021,20,0.0005,1612515.148,468952.227,184.4,1923.2935,100,21.16667,50,100,0,0,100,2900.0,1600,400,3.8,25.0,0.1,10,396.368218,300,100,4.1,22.7,0.0,0,216.9165965,4700,300,14.5,26,0.1,32,-297.446094,1200,600,1.9,28.8,0.1
52.77366,1,AUTO,ARMED,5,AVAILABLE,UNAVAILABLE,UNAVAILABLE,42,4,ACTIVE,711,D_P3-A5.NC,D_P3-A5.NC,6,0.000668021,20,0.0005,1612515.148,468952.227,184.4,1923.2935,100,14.56667,50,100,0,1,100,2900.0,1600,400,3.8,25.0,0.1,9,398.5430369,300,100,4.1,22.7,0.0,0,216.9165965,4700,300,14.5,26,0.1,32,-297.4461054,1200,600,1.9,28.8,0.1
52.913938,1,AUTO,ARMED,5,AVAILABLE,UNAVAILABLE,UNAVAILABLE,42,4,ACTIVE,711,D_P3-A5.NC,D_P3-A5.NC,6,0.000668021,20,0.0005,1612515.148,468952.227,184.4,2419.1531,100,14.56667,50,100,0,1,100,2900.0,1600,400,3.8,25.0,0.1,9,399.8383604,300,100,4.1,22.7,0.0,0,216.9166079,4700,300,14.5,26,0.1,32,-297.446094,1200,600,1.9,28.8,0.1
53.055709,1,AUTO,ARMED,5,AVAILABLE,UNAVAILABLE,UNAVAILABLE,43,4,ACTIVE,711,D_P3-A5.NC,D_P3-A5.NC,6,0.000668021,20,0.0005,1612515.148,468952.227,184.4,2419.1531,100,0.0,50,100,0,0,100,2900.0,3500,1000,3.4,25.0,0.2,8,399.8409698,800,300,3.2,22.7,0.2,0,216.9166079,2300,700,3.3,26,0.2,32,-297.446094,1900,700,2.6,28.8,0.3
53.236761,1,AUTO,ARMED,5,AVAILABLE,UNAVAILABLE,UNAVAILABLE,43,4,ACTIVE,711,D_P3-A5.NC,D_P3-A5.NC,6,0.000668021,20,0.0005,1612515.148,468952.227,184.4,2419.1531,100,0.0,50,100,0,0,100,2900.0,3500,1000,3.4,25.0,0.2,7,399.840924,800,300,3.2,22.7,0.2,0,216.9166079,2300,700,3.3,26,0.2,32,-297.446094,1900,700,2.6,28.8,0.3
53.448492,1,AUTO,ARMED,5,AVAILABLE,UNAVAILABLE,UNAVAILABLE,43,4,ACTIVE,711,D_P3-A5.NC,D_P3-A5.NC,6,0.000668021,20,0.0005,1612515.148,468952.227,184.4,2419.1531,100,0.0,51,100,0,0,100,2900.0,3500,1000,3.4,25.0,0.2,7,399.8409011,800,300,3.2,22.7,0.2,0,216.9166079,2300,700,3.3,26,0.2,32,-297.446094,1900,700,2.6,28.8,0.3
53.71582,1,AUTO,ARMED,5,AVAILABLE,UNAVAILABLE,UNAVAILABLE,43,4,ACTIVE,711,D_P3-A5.NC,D_P3-A5.NC,6,0.000668021,20,0.0005,1612515.148,468952.227,184.4,2419.1531,100,0.0,51,100,0,2,100,2900.0,3500,1000,3.4,25.0,0.2,6,399.8409011,800,300,3.2,22.7,0.2,0,216.9165965,2300,700,3.3,26,0.2,32,-297.446094,1900,700,2.6,28.8,0.3
54.022739,1,AUTO,ARMED,5,AVAILABLE,UNAVAILABLE,UNAVAILABLE,45,4,ACTIVE,711,D_P3-A5.NC,D_P3-A5.NC,6,0.000668021,20,0.0005,1612515.148,468952.227,184.4,2419.1531,100,0.0,51,100,0,1,100,2900.0,3500,1000,3.4,25.0,0.2,13,397.8958877,800,300,3.2,22.7,0.2,3,217.5509391,2300,700,3.3,26,0.2,32,-297.4461054,1900,700,2.6,28.8,0.3
54.219564,1,AUTO,ARMED,5,AVAILABLE,UNAVAILABLE,UNAVAILABLE,45,4,ACTIVE,711,D_P3-A5.NC,D_P3-A5.NC,6,0.000668021,20,0.0005,1612515.148,468952.227,184.4,2402.1863,100,21.16667,51,100,0,0,100,2900.0,3500,1000,3.4,25.0,0.2,8,393.5359373,800,300,3.2,22.7,0.2,5,217.5516715,2300,700,3.3,26,0.2,32,-297.4461054,1900,700,2.6,28.8,0.3
54.397576,1,AUTO,ARMED,5,AVAILABLE,UNAVAILABLE,UNAVAILABLE,45,4,ACTIVE,711,D_P3-A5.NC,D_P3-A5.NC,6,0.000668021,20,0.0005,1612515.148,468952.227,184.4,2402.1863,100,21.16667,52,100,0,0,100,2900.0,3500,1000,3.4,25.0,0.2,8,391.3504,800,300,3.2,22.7,0.2,5,217.5516486,2300,700,3.3,26,0.2,32,-297.4461054,1900,700,2.6,28.8,0.3
54.666313,1,AUTO,ARMED,5,AVAILABLE,UNAVAILABLE,UNAVAILABLE,45,4,ACTIVE,711,D_P3-A5.NC,D_P3-A5.NC,6,0.001168144,20,0.0005,1612515.148,468952.227,184.4,2402.1863,100,21.16667,52,100,0,0,100,2900.0,3500,1000,3.4,25.0,0.2,2,382.6189628,800,300,3.2,22.7,0.2,6,217.5515227,2300,700,3.3,26,0.2,32,-297.446094,1900,700,2.6,28.8,0.3
54.867921,1,AUTO,ARMED,5,AVAILABLE,UNAVAILABLE,UNAVAILABLE,45,4,ACTIVE,711,D_P3-A5.NC,D_P3-A5.NC,6,0.001168144,20,0.0005,1612515.148,468952.227,184.4,2402.1863,100,21.16667,52,100,0,1,100,2900.0,3500,1000,3.4,25.0,0.2,3,378.2532713,800,300,3.2,22.7,0.2,6,217.5515799,2300,700,3.3,26,0.2,32,-297.4460825,1900,700,2.6,28.8,0.3
55.16966,1,AUTO,ARMED,5,AVAILABLE,UNAVAILABLE,UNAVAILABLE,45,4,ACTIVE,711,D_P3-A5.NC,D_P3-A5.NC,6,0.000668021,20,0.0005,1612515.148,468952.227,184.4,2402.1863,100,21.16667,52,100,0,3,100,2900.0,3500,1000,3.4,25.0,0.2,5,373.8929222,800,300,3.2,22.7,0.2,7,217.5516028,2300,700,3.3,26,0.2,32,-297.446094,1900,700,2.6,28.8,0.3
55.427444,1,AUTO,ARMED,5,AVAILABLE,UNAVAILABLE,UNAVAILABLE,45,4,ACTIVE,711,D_P3-A5.NC,D_P3-A5.NC,6,0.000167898,20,0.0005,1612515.148,468952.227,184.4,2402.1863,100,21.16667,53,100,0,1,100,2900.0,3500,1000,3.4,25.0,0.2,5,367.3470256,800,300,3.2,22.7,0.2,5,217.5515341,2300,700,3.3,26,0.2,32,-297.4461054,1900,700,2.6,28.8,0.3
55.626861,1,AUTO,ARMED,5,AVAILABLE,UNAVAILABLE,UNAVAILABLE,45,4,ACTIVE,711,D_P3-A5.NC,D_P3-A5.NC,6,0.000167898,20,0.0005,1612515.148,468952.227,184.4,2402.1863,100,21.16667,53,100,0,1,100,2900.0,3700,1000,3.6,25.0,0.2,5,364.0723492,800,200,4.0,22.7,0.2,5,217.55166,2000,700,3.0,26,0.2,32,-297.4461054,1900,700,2.6,28.7,0.3
55.815693,1,AUTO,ARMED,5,AVAILABLE,UNAVAILABLE,UNAVAILABLE,45,4,ACTIVE,711,D_P3-A5.NC,D_P3-A5.NC,6,0.000668021,20,0.0005,1612515.148,468952.227,184.4,2055.0864,100,21.16667,53,100,0,3,100,2900.0,3700,1000,3.6,25.0,0.2,3,361.8921918,800,200,4.0,22.7,0.2,5,217.5516257,2000,700,3.0,26,0.2,32,-297.446094,1900,700,2.6,28.7,0.3
55.959682,1,AUTO,ARMED,5,AVAILABLE,UNAVAILABLE,UNAVAILABLE,45,4,ACTIVE,711,D_P3-A5.NC,D_P3-A5.NC,6,0.001668267,20,0.0005,1612515.148,468952.227,184.4,2055.0864,100,21.16667,53,100,0,0,100,2900.0,3700,1000,3.6,25.0,0.2,4,355.3462916,800,200,4.0,22.7,0.2,5,217.5516371,2000,700,3.0,26,0.2,32,-297.4460825,1900,700,2.6,28.7,0.3
56.105707,1,AUTO,ARMED,5,AVAILABLE,UNAVAILABLE,UNAVAILABLE,45,4,ACTIVE,711,D_P3-A5.NC,D_P3-A5.NC,6,0.001668267,20,0.0005,1612515.148,468952.227,184.4,2055.0864,100,21.16667,53,100,0,4,100,2900.0,3700,1000,3.6,25.0,0.2,7,353.1714705,800,200,4.0,22.7,0.2,5,217.5516829,2000,700,3.0,26,0.2,32,-297.4460825,1900,700,2.6,28.7,0.3
56.249804,1,AUTO,ARMED,5,AVAILABLE,UNAVAILABLE,UNAVAILABLE,45,4,ACTIVE,711,D_P3-A5.NC,D_P3-A5.NC,6,0.001168144,20,0.0005,1612515.148,468952.227,184.4,2055.0864,100,21.16667,53,100,0,4,100,2900.0,3700,1000,3.6,25.0,0.2,7,350.9912136,800,200,4.0,22.7,0.2,5,217.5517172,2000,700,3.0,26,0.2,32,-297.4460825,1900,700,2.6,28.7,0.3
56.401117,1,AUTO,ARMED,5,AVAILABLE,UNAVAILABLE,UNAVAILABLE,45,4,ACTIVE,711,D_P3-A5.NC,D_P3-A5.NC,6,0.001668267,20,0.0005,1612515.148,468952.227,184.4,2055.0864,100,21.16667,54,100,0,0,100,2900.0,3700,1000,3.6,25.0,0.2,4,348.8004169,800,200,4.0,22.7,0.2,6,217.5517058,2000,700,3.0,26,0.2,32,-297.4460825,1900,700,2.6,28.7,0.3
56.550427,1,AUTO,ARMED,5,AVAILABLE,UNAVAILABLE,UNAVAILABLE,45,4,ACTIVE,711,D_P3-A5.NC,D_P3-A5.NC,6,0.000668021,20,0.0005,1612515.148,468952.227,184.4,2055.0864,100,21.16667,54,100,0,1,100,2900.0,3700,1000,3.6,25.0,0.2,2,344.4399718,800,200,4.0,22.7,0.2,7,217.551763,2000,700,3.0,26,0.2,32,-297.4461054,1900,700,2.6,28.7,0.3
56.696694,1,AUTO,ARMED,5,AVAILABLE,UNAVAILABLE,UNAVAILABLE,45,4,ACTIVE,711,D_P3-A5.NC,D_P3-A5.NC,6,0.000668021,20,0.0005,1612515.148,468952.227,184.4,2055.0864,100,21.16667,54,100,0,2,100,2900.0,3700,1000,3.6,25.0,0.2,2,340.0638028,800,200,4.0,22.7,0.2,7,217.551763,2000,700,3.0,26,0.2,32,-297.4461054,1900,700,2.6,28.7,0.3
56.837405,1,AUTO,ARMED,5,AVAILABLE,UNAVAILABLE,UNAVAILABLE,45,4,ACTIVE,711,D_P3-A5.NC,D_P3-A5.NC,6,0.000668021,20,0.0005,1612515.148,468952.227,184.4,1908.5449,100,21.16667,54,100,0,2,100,2900.0,3700,1000,3.6,25.0,0.2,5,337.888833,800,200,4.0,22.7,0.2,5,217.5517516,2000,700,3.0,26,0.2,32,-297.4461283,1900,700,2.6,28.7,0.3
56.97945,1,AUTO,ARMED,5,AVAILABLE,UNAVAILABLE,UNAVAILABLE,45,4,ACTIVE,711,D_P3-A5.NC,D_P3-A5.NC,6,0.000668021,20,0.0005,1612515.148,468952.227,184.4,1908.5449,100,21.16667,54,100,0,1,100,2900.0,3700,1000,3.6,25.0,0.2,5,333.5230894,800,200,4.0,22.7,0.2,5,217.5517516,2000,700,3.0,26,0.2,32,-297.4461169,1900,700,2.6,28.7,0.3
57.124488,1,AUTO,ARMED,5,AVAILABLE,UNAVAILABLE,UNAVAILABLE,45,4,ACTIVE,711,D_P3-A5.NC,D_P3-A5.NC,6,0.000668021,20,0.0005,1612515.148,468952.227,184.4,1908.5449,100,21.16667,54,100,0,0,100,2900.0,1600,400,3.8,25.0,0.1,7,331.3432673,200,0,4.4,22.7,0.0,5,217.5518431,1400,700,2.1,26,0.1,32,-297.4460825,1300,600,2.0,28.7,0.1
57.26315,1,AUTO,ARMED,5,AVAILABLE,UNAVAILABLE,UNAVAILABLE,45,4,ACTIVE,711,D_P3-A5.NC,D_P3-A5.NC,6,0.000668021,20,0.0005,1612515.148,468952.227,184.4,1908.5449,100,21.16667,54,100,0,0,100,2900.0,1600,400,3.8,25.0,0.1,7,329.1573987,200,0,4.4,22.7,0.0,5,217.5517401,1400,700,2.1,26,0.1,32,-297.446094,1300,600,2.0,28.7,0.1
57.407751,1,AUTO,ARMED,5,AVAILABLE,UNAVAILABLE,UNAVAILABLE,45,4,ACTIVE,711,D_P3-A5.NC,D_P3-A5.NC,6,0.000668021,20,0.0005,1612515.148,468952.227,184.4,1908.5449,100,21.16667,55,100,0,0,100,2900.0,1600,400,3.8,25.0,0.1,7,326.9772564,200,0,4.4,22.7,0.0,5,217.5516715,1400,700,2.1,26,0.1,32,-297.446094,1300,600,2.0,28.7,0.1
57.549602,1,AUTO,ARMED,5,AVAILABLE,UNAVAILABLE,UNAVAILABLE,45,4,ACTIVE,711,D_P3-A5.NC,D_P3-A5.NC,6,0.000668021,20,0.0005,1612515.148,468952.227,184.4,1908.5449,100,21.16667,55,100,0,1,100,2900.0,1600,400,3.8,25.0,0.1,9,323.7071973,200,0,4.4,22.7,0.0,3,217.5516257,1400,700,2.1,26,0.1,32,-297.446094,1300,600,2.0,28.7,0.1
57.719197,1,AUTO,ARMED,5,AVAILABLE,UNAVAILABLE,UNAVAILABLE,45,4,ACTIVE,711,D_P3-A5.NC,D_P3-A5.NC,6,0.000668021,20,0.0005,1612515.148,468952.227,184.4,1908.5449,100,21.16667,55,100,0,1,100,2900.0,1600,400,3.8,25.0,0.1,9,319.3419228,200,0,4.4,22.7,0.0,3,217.5516142,1400,700,2.1,26,0.1,32,-297.4461054,1300,600,2.0,28.7,0.1
57.867728,1,AUTO,ARMED,5,AVAILABLE,UNAVAILABLE,UNAVAILABLE,45,4,ACTIVE,711,D_P3-A5.NC,D_P3-A5.NC,6,0.000668021,20,0.0005,1612515.148,468952.227,184.4,1908.5449,100,14.13333,55,100,0,0,100,2900.0,1600,400,3.8,25.0,0.1,8,318.5626703,200,0,4.4,22.7,0.0,3,217.5516028,1400,700,2.1,26,0.1,32,-297.446094,1300,600,2.0,28.7,0.1
58.011703,1,AUTO,ARMED,5,AVAILABLE,UNAVAILABLE,UNAVAILABLE,46,4,ACTIVE,711,D_P3-A5.NC,D_P3-A5.NC,6,0.000668021,20,0.0005,1612515.148,468952.227,184.4,5504.2061,100,0.0,55,100,0,0,100,2900.0,1600,400,3.8,25.0,0.1,6,318.5608277,200,0,4.4,22.7,0.0,3,217.5516028,1400,700,2.1,26,0.1,32,-297.446094,1300,600,2.0,28.7,0.1
58.152702,1,AUTO,ARMED,5,AVAILABLE,UNAVAILABLE,UNAVAILABLE,46,4,ACTIVE,711,D_P3-A5.NC,D_P3-A5.NC,6,0.000668021,20,0.0005,1612515.148,468952.227,184.4,5504.2061,100,0.0,55,100,0,0,100,2900.0,1600,400,3.8,25.0,0.1,6,318.560862,200,0,4.4,22.7,0.0,3,217.5516028,1400,700,2.1,26,0.1,32,-297.4461054,1300,600,2.0,28.7,0.1
58.292143,1,AUTO,ARMED,5,AVAILABLE,UNAVAILABLE,UNAVAILABLE,46,4,ACTIVE,711,D_P3-A5.NC,D_P3-A5.NC,6,0.000668021,20,0.0005,1612515.148,468952.227,184.4,5504.2061,100,0.0,55,100,0,2,100,2900.0,1600,400,3.8,25.0,0.1,6,318.5608849,200,0,4.4,22.7,0.0,3,217.5516142,1400,700,2.1,26,0.1,32,-297.446094,1300,600,2.0,28.7,0.1
58.436674,1,AUTO,ARMED,5,AVAILABLE,UNAVAILABLE,UNAVAILABLE,46,4,ACTIVE,711,D_P3-A5.NC,D_P3-A5.NC,6,0.000668021,20,0.0005,1612515.148,468952.227,184.4,5504.2061,100,0.0,56,100,0,0,100,2900.0,1600,400,3.8,25.0,0.1,6,318.5608964,200,0,4.4,22.7,0.0,3,217.5516028,1400,700,2.1,26,0.1,32,-297.446094,1300,600,2.0,28.7,0.1
58.577907,1,AUTO,ARMED,5,AVAILABLE,UNAVAILABLE,UNAVAILABLE,46,4,ACTIVE,711,D_P3-A5.NC,D_P3-A5.NC,6,0.000668021,20,0.0005,1612515.148,468952.227,184.4,5504.2061,100,0.0,56,100,0,0,100,2900.0,4700,900,5.0,25.0,0.2,6,318.5608964,200,100,4.1,22.7,0.1,3,217.5516028,1300,400,3.4,26,0.1,32,-297.4461054,1300,600,2.0,28.7,0.1
58.729542,1,AUTO,ARMED,5,AVAILABLE,UNAVAILABLE,UNAVAILABLE,46,4,ACTIVE,711,D_P3-A5.NC,D_P3-A5.NC,6,0.000668021,20,0.0005,1612515.148,468952.227,184.4,5504.2061,100,0.0,56,100,0,0,100,2900.0,4700,900,5.0,25.0,0.2,6,318.5608964,200,100,4.1,22.7,0.1,3,217.5515914,1300,400,3.4,26,0.1,32,-297.446094,1300,600,2.0,28.7,0.1
58.872706,1,AUTO,ARMED,5,AVAILABLE,UNAVAILABLE,UNAVAILABLE,49,4,ACTIVE,711,D_P3-A5.NC,D_P3-A5.NC,6,0.000668021,20,0.0005,1612515.148,468952.227,184.4,5504.2061,100,0.0,56,100,0,0,100,2900.0,4700,900,5.0,25.0,0.2,6,318.5608964,200,100,4.1,22.7,0.1,3,217.5516028,1300,400,3.4,26,0.1,32,-297.4461054,1300,600,2.0,28.7,0.1
59.012674,1,AUTO,ARMED,5,AVAILABLE,UNAVAILABLE,UNAVAILABLE,49,4,ACTIVE,711,D_P3-A5.NC,D_P3-A5.NC,6,0.000668021,20,0.0005,1612515.148,468952.227,184.4,5504.2061,100,0.0,56,100,0,0,100,2992.127434,4700,900,5.0,25.0,0.2,6,318.5608964,200,100,4.1,22.7,0.1,3,217.5515914,1300,400,3.4,26,0.1,32,-297.446094,1300,600,2.0,28.7,0.1
59.157192,1,AUTO,ARMED,5,AVAILABLE,UNAVAILABLE,UNAVAILABLE,49,4,ACTIVE,711,D_P3-A5.NC,D_P3-A5.NC,6,0.000668021,20,0.0005,1612515.148,468952.227,184.4,1976.3149,100,0.0,56,100,0,27,100,3400.0,4700,900,5.0,25.0,0.2,6,318.5608964,200,100,4.1,22.7,0.1,3,217.5659299,1300,400,3.4,26,0.1,32,-297.446094,1300,600,2.0,28.7,0.1
59.301312,1,AUTO,ARMED,5,AVAILABLE,UNAVAILABLE,UNAVAILABLE,50,4,ACTIVE,711,D_P3-A5.NC,D_P3-A5.NC,6,0.000668021,20,0.0005,1612515.148,468952.227,184.4,1976.3149,100,0.0,57,100,0,1,100,3400.0,4700,900,5.0,25.0,0.2,6,318.5608964,200,100,4.1,22.7,0.1,1,218.1864489,1300,400,3.4,26,0.1,32,-297.4461054,1300,600,2.0,28.7,0.1
59.438724,1,AUTO,ARMED,5,AVAILABLE,UNAVAILABLE,UNAVAILABLE,50,4,ACTIVE,711,D_P3-A5.NC,D_P3-A5.NC,6,0.000668021,20,0.0005,1612515.148,468952.227,184.4,1976.3149,100,0.0,57,100,0,1,100,3400.0,4700,900,5.0,25.0,0.2,6,318.5608964,200,100,4.1,22.7,0.1,1,218.1865061,1300,400,3.4,26,0.1,32,-297.4461054,1300,600,2.0,28.7,0.1
59.584163,1,AUTO,ARMED,5,AVAILABLE,UNAVAILABLE,UNAVAILABLE,50,4,ACTIVE,711,D_P3-A5.NC,D_P3-A5.NC,6,0.000668021,20,0.0005,1612515.148,468952.227,184.4,1976.3149,100,0.0,57,100,0,1,100,3400.0,4700,900,5.0,25.0,0.2,5,318.5608964,200,100,4.1,22.7,0.1,0,218.1865748,1300,400,3.4,26,0.1,32,-297.4461054,1300,600,2.0,28.7,0.1
59.725157,1,AUTO,ARMED,5,AVAILABLE,UNAVAILABLE,UNAVAILABLE,50,4,ACTIVE,711,D_P3-A5.NC,D_P3-A5.NC,6,0.000668021,20,0.0005,1612515.148,468952.227,184.4,1976.3149,100,0.0,57,100,0,0,100,3400.0,4700,900,5.0,25.0,0.2,6,318.5608849,200,100,4.1,22.7,0.1,0,218.1865976,1300,400,3.4,26,0.1,32,-297.4461054,1300,600,2.0,28.7,0.1
59.86988,1,AUTO,ARMED,5,AVAILABLE,UNAVAILABLE,UNAVAILABLE,50,4,ACTIVE,711,D_P3-A5.NC,D_P3-A5.NC,6,0.000668021,20,0.0005,1612515.148,468952.227,184.4,1976.3149,100,0.0,57,100,0,2,100,3400.0,4700,900,5.0,25.0,0.2,6,318.5608964,200,100,4.1,22.7,0.1,0,218.1865976,1300,400,3.4,26,0.1,32,-297.4461054,1300,600,2.0,28.7,0.1
60.011707,1,AUTO,ARMED,5,AVAILABLE,UNAVAILABLE,UNAVAILABLE,50,4,ACTIVE,711,D_P3-A5.NC,D_P3-A5.NC,6,0.000668021,20,0.0005,1612515.148,468952.227,184.4,1976.3149,100,0.0,57,100,0,2,100,3400.0,4700,900,5.0,25.0,0.2,5,318.5608964,200,100,4.1,22.7,0.1,0,218.1865976,1300,400,3.4,26,0.1,32,-297.446094,1300,600,2.0,28.7,0.1
60.154194,1,AUTO,ARMED,5,AVAILABLE,UNAVAILABLE,UNAVAILABLE,50,4,ACTIVE,711,D_P3-A5.NC,D_P3-A5.NC,6,0.000668021,20,0.0005,1612515.148,468952.227,184.4,2409.6484,100,0.0,57,100,0,2,100,3400.0,3700,900,4.0,25.0,0.2,6,318.5608964,700,200,3.3,22.7,0.2,0,218.1866205,1300,400,3.0,26,0.1,32,-297.4461054,2100,700,3.0,28.7,0.3
60.293092,1,AUTO,ARMED,5,AVAILABLE,UNAVAILABLE,UNAVAILABLE,51,4,ACTIVE,711,D_P3-A5.NC,D_P3-A5.NC,6,0.000668021,20,0.0005,1612515.148,468952.227,184.4,2409.6484,100,0.0,58,100,0,2,100,3400.0,3700,900,4.0,25.0,0.2,6,318.5590268,700,200,3.3,22.7,0.2,0,218.1866091,1300,400,3.0,26,0.1,32,-297.446094,2100,700,3.0,28.7,0.3
60.430307,1,AUTO,ARMED,5,AVAILABLE,UNAVAILABLE,UNAVAILABLE,51,4,ACTIVE,711,D_P3-A5.NC,D_P3-A5.NC,6,0.000668021,20,0.0005,1612515.148,468952.227,184.4,2409.6484,100,14.81667,58,100,0,0,100,3400.0,3700,900,4.0,25.0,0.2,8,321.309324,700,200,3.3,22.7,0.2,0,218.1865862,1300,400,3.0,26,0.1,32,-297.446094,2100,700,3.0,28.7,0.3
60.576196,1,AUTO,ARMED,5,AVAILABLE,UNAVAILABLE,UNAVAILABLE,51,4,ACTIVE,711,D_P3-A5.NC,D_P3-A5.NC,6,0.000668021,20,0.0005,1612515.148,468952.227,184.4,2409.6484,100,14.81667,58,100,0,1,100,3400.0,3700,900,4.0,25.0,0.2,9,322.8353277,700,200,3.3,22.7,0.2,0,218.1865862,1300,400,3.0,26,0.1,32,-297.446094,2100,700,3.0,28.7,0.3
60.717619,1,AUTO,ARMED,5,AVAILABLE,UNAVAILABLE,UNAVAILABLE,51,4,ACTIVE,711,D_P3-A5.NC,D_P3-A5.NC,6,0.000668021,20,0.0005,1612515.148,468952.227,184.4,2409.6484,100,14.81667,58,100,0,1,100,3400.0,3700,900,4.0,25.0,0.2,9,324.3689762,700,200,3.3,22.7,0.2,0,218.1865976,1300,400,3.0,26,0.1,32,-297.4461054,2100,700,3.0,28.7,0.3
60.857825,1,AUTO,ARMED,5,AVAILABLE,UNAVAILABLE,UNAVAILABLE,51,4,ACTIVE,711,D_P3-A5.NC,D_P3-A5.NC,6,0.000668021,20,0.0005,1612515.148,468952.227,184.4,2409.6484,100,14.81667,58,100,0,0,100,3400.0,3700,900,4.0,25.0,0.2,8,328.9432221,700,200,3.3,22.7,0.2,0,218.1865976,1300,400,3.0,26,0.1,32,-297.4461054,2100,700,3.0,28.7,0.3
61.007958,1,AUTO,ARMED,5,AVAILABLE,UNAVAILABLE,UNAVAILABLE,51,4,ACTIVE,711,D_P3-A5.NC,D_P3-A5.NC,6,0.000668021,20,0.0005,1612515.148,468952.227,184.4,2409.6484,100,14.81667,58,100,0,2,100,3400.0,3700,900,4.0,25.0,0.2,9,330.4728903,700,200,3.3,22.7,0.2,0,218.1865748,1300,400,3.0,26,0.1,32,-297.446094,2100,700,3.0,28.7,0.3
61.153456,1,AUTO,ARMED,5,AVAILABLE,UNAVAILABLE,UNAVAILABLE,51,4,ACTIVE,711,D_P3-A5.NC,D_P3-A5.NC,6,0.000668021,20,0.0005,1612515.148,468952.227,184.4,2409.6484,100,14.81667,58,100,0,2,100,3400.0,3700,900,4.0,25.0,0.2,9,331.999284,700,200,3.3,22.7,0.2,0,218.1865404,1300,400,3.0,26,0.1,32,-297.4461054,2100,700,3.0,28.7,0.3
61.302514,1,AUTO,ARMED,5,AVAILABLE,UNAVAILABLE,UNAVAILABLE,51,4,ACTIVE,711,D_P3-A5.NC,D_P3-A5.NC,6,0.000668021,20,0.0005,1612515.148,468952.227,184.4,2410.4097,100,14.81667,59,100,0,2,100,3400.0,3700,900,4.0,25.0,0.2,14,334.296422,700,200,3.3,22.7,0.2,0,218.1865976,1300,400,3.0,26,0.1,32,-297.4461054,2100,700,3.0,28.7,0.3
61.440154,1,AUTO,ARMED,5,AVAILABLE,UNAVAILABLE,UNAVAILABLE,51,4,ACTIVE,711,D_P3-A5.NC,D_P3-A5.NC,6,0.000668021,20,0.0005,1612515.148,468952.227,184.4,2410.4097,100,14.81667,59,100,0,2,100,3400.0,3700,900,4.0,25.0,0.2,14,335.8223466,700,200,3.3,22.7,0.2,1,218.1865633,1300,400,3.0,26,0.1,32,-297.446094,2100,700,3.0,28.7,0.3
61.578006,1,AUTO,ARMED,5,AVAILABLE,UNAVAILABLE,UNAVAILABLE,51,4,ACTIVE,711,D_P3-A5.NC,D_P3-A5.NC,6,0.000668021,20,0.0005,1612515.148,468952.227,184.4,2410.4097,100,14.81667,59,100,0,2,100,3400.0,3700,900,4.0,25.0,0.2,14,337.3445404,700,200,3.3,22.7,0.2,1,218.1865976,1300,400,3.0,26,0.1,32,-297.446094,2100,700,3.0,28.7,0.3
61.719403,1,AUTO,ARMED,5,AVAILABLE,UNAVAILABLE,UNAVAILABLE,51,4,ACTIVE,711,D_P3-A5.NC,D_P3-A5.NC,6,0.000668021,20,0.0005,1612515.148,468952.227,184.4,2410.4097,100,14.81667,59,100,0,0,100,3400.0,3900,1100,3.6,25.0,0.2,13,338.8708083,700,200,3.5,22.7,0.2,1,218.1866549,1300,400,3.2,26,0.1,32,-297.4461054,2000,800,2.7,28.7,0.3
61.857123,1,AUTO,ARMED,5,AVAILABLE,UNAVAILABLE,UNAVAILABLE,51,4,ACTIVE,711,D_P3-A5.NC,D_P3-A5.NC,6,0.001168144,20,0.0005,1612515.148,468952.227,184.4,2410.4097,100,14.81667,59,100,0,1,100,3400.0,3900,1100,3.6,25.0,0.2,12,343.4564211,700,200,3.5,22.7,0.2,0,218.1865748,1300,400,3.2,26,0.1,32,-297.446094,2000,800,2.7,28.7,0.3
61.994904,1,AUTO,ARMED,5,AVAILABLE,UNAVAILABLE,UNAVAILABLE,51,4,ACTIVE,711,D_P3-A5.NC,D_P3-A5.NC,6,0.000668021,20,0.0005,1612515.148,468952.227,184.4,2410.4097,100,14.81667,59,100,0,2,100,3400.0,3900,1100,3.6,25.0,0.2,12,344.9867173,700,200,3.5,22.7,0.2,1,218.1865862,1300,400,3.2,26,0.1,32,-297.4461054,2000,800,2.7,28.7,0.3
62.140337,1,AUTO,ARMED,5,AVAILABLE,UNAVAILABLE,UNAVAILABLE,51,4,ACTIVE,711,D_P3-A5.NC,D_P3-A5.NC,6,0.000668021,20,0.0005,1612515.148,468952.227,184.4,2410.4097,100,14.81667,59,100,0,2,100,3400.0,3900,1100,3.6,25.0,0.2,12,346.5123901,700,200,3.5,22.7,0.2,1,218.1865862,1300,400,3.2,26,0.1,32,-297.4461054,2000,800,2.7,28.7,0.3
62.298749,1,AUTO,ARMED,5,AVAILABLE,UNAVAILABLE,UNAVAILABLE,51,4,ACTIVE,711,D_P3-A5.NC,D_P3-A5.NC,6,0.000668021,20,0.0005,1612515.148,468952.227,184.4,2393.488,100,14.81667,0,100,0,0,100,3400.0,3900,1100,3.6,25.0,0.2,13,348.0385779,700,200,3.5,22.7,0.2,1,218.1866549,1300,400,3.2,26,0.1,32,-297.446094,2000,800,2.7,28.7,0.3
62.446475,1,AUTO,ARMED,5,AVAILABLE,UNAVAILABLE,UNAVAILABLE,51,4,ACTIVE,711,D_P3-A5.NC,D_P3-A5.NC,6,0.000668021,20,0.0005,1612515.148,468952.227,184.4,2393.488,100,14.81667,0,100,0,0,100,3400.0,3900,1100,3.6,25.0,0.2,13,351.0944324,700,200,3.5,22.7,0.2,1,218.186632,1300,400,3.2,26,0.1,32,-297.4461054,2000,800,2.7,28.7,0.3
62.589334,1,AUTO,ARMED,5,AVAILABLE,UNAVAILABLE,UNAVAILABLE,51,4,ACTIVE,711,D_P3-A5.NC,D_P3-A5.NC,6,0.000668021,20,0.0005,1612515.148,468952.227,184.4,2393.488,100,14.81667,0,100,0,0,100,3400.0,3900,1100,3.6,25.0,0.2,13,352.6204142,700,200,3.5,22.7,0.2,1,218.1865175,1300,400,3.2,26,0.1,32,-297.4461054,2000,800,2.7,28.7,0.3
62.736114,1,AUTO,ARMED,5,AVAILABLE,UNAVAILABLE,UNAVAILABLE,51,4,ACTIVE,711,D_P3-A5.NC,D_P3-A5.NC,6,0.000668021,20,0.0005,1612515.148,468952.227,184.4,2393.488,100,14.81667,0,100,0,3,100,3400.0,3900,1100,3.6,25.0,0.2,13,355.6768637,700,200,3.5,22.7,0.2,1,218.1865862,1300,400,3.2,26,0.1,32,-297.446094,2000,800,2.7,28.7,0.3
62.875691,1,AUTO,ARMED,5,AVAILABLE,UNAVAILABLE,UNAVAILABLE,51,4,ACTIVE,711,D_P3-A5.NC,D_P3-A5.NC,6,0.000668021,20,0.0005,1612515.148,468952.227,184.4,2393.488,100,14.81667,0,100,0,3,100,3400.0,3900,1100,3.6,25.0,0.2,13,357.2028987,700,200,3.5,22.7,0.2,1,218.1866091,1300,400,3.2,26,0.1,32,-297.446094,2000,800,2.7,28.7,0.3
63.015572,1,AUTO,ARMED,5,AVAILABLE,UNAVAILABLE,UNAVAILABLE,51,4,ACTIVE,711,D_P3-A5.NC,D_P3-A5.NC,6,0.000668021,20,0.0005,1612515.148,468952.227,184.4,2393.488,100,14.81667,0,100,0,1,100,3400.0,3900,1100,3.6,25.0,0.2,11,360.2584707,700,200,3.5,22.7,0.2,1,218.1866205,1300,400,3.2,26,0.1,32,-297.4461054,2000,800,2.7,28.7,0.3
63.155692,1,AUTO,ARMED,5,AVAILABLE,UNAVAILABLE,UNAVAILABLE,51,4,ACTIVE,711,D_P3-A5.NC,D_P3-A5.NC,6,0.000668021,20,0.0005,1612515.148,468952.227,184.4,2393.488,100,14.81667,0,100,0,1,100,3400.0,3400,1100,3.2,25.0,0.2,15,361.0212822,700,200,3.8,22.7,0.2,1,218.186632,1400,400,3.5,26,0.2,32,-297.4461054,2100,700,2.8,28.7,0.3
63.295357,1,AUTO,ARMED,5,AVAILABLE,UNAVAILABLE,UNAVAILABLE,51,4,ACTIVE,711,D_P3-A5.NC,D_P3-A5.NC,6,0.000668021,20,0.0005,1612515.148,468952.227,184.4,2415.9458,100,14.81667,0,100,0,1,100,3400.0,3400,1100,3.2,25.0,0.2,15,362.5475232,700,200,3.8,22.7,0.2,1,218.1865404,1400,400,3.5,26,0.2,32,-297.4461054,2100,700,2.8,28.7,0.3
63.450842,1,AUTO,ARMED,5,AVAILABLE,UNAVAILABLE,UNAVAILABLE,51,4,ACTIVE,711,D_P3-A5.NC,D_P3-A5.NC,6,0.000668021,20,0.0005,1612515.148,468952.227,184.4,2415.9458,100,14.81667,1,100,0,1,100,3400.0,3400,1100,3.2,25.0,0.2,13,365.6038962,700,200,3.8,22.7,0.2,1,218.1865748,1400,400,3.5,26,0.2,32,-297.446094,2100,700,2.8,28.7,0.3
63.645776,1,AUTO,ARMED,5,AVAILABLE,UNAVAILABLE,UNAVAILABLE,51,4,ACTIVE,711,D_P3-A5.NC,D_P3-A5.NC,6,0.000668021,20,0.0005,1612515.148,468952.227,184.4,2415.9458,100,14.81667,1,100,0,1,100,3400.0,3400,1100,3.2,25.0,0.2,12,368.6594682,700,200,3.8,22.7,0.2,1,218.1866434,1400,400,3.5,26,0.2,32,-297.446094,2100,700,2.8,28.7,0.3
63.799491,1,AUTO,ARMED,5,AVAILABLE,UNAVAILABLE,UNAVAILABLE,51,4,ACTIVE,711,D_P3-A5.NC,D_P3-A5.NC,6,0.000668021,20,0.0005,1612515.148,468952.227,184.4,2415.9458,100,14.81667,1,100,0,3,100,3400.0,3400,1100,3.2,25.0,0.2,13,371.7152347,700,200,3.8,22.7,0.2,1,218.1865519,1400,400,3.5,26,0.2,32,-297.446094,2100,700,2.8,28.7,0.3
63.946092,1,AUTO,ARMED,5,AVAILABLE,UNAVAILABLE,UNAVAILABLE,51,4,ACTIVE,711,D_P3-A5.NC,D_P3-A5.NC,6,0.000668021,20,0.0005,1612515.148,468952.227,184.4,2415.9458,100,14.81667,1,100,0,0,100,3400.0,3400,1100,3.2,25.0,0.2,12,373.2382943,700,200,3.8,22.7,0.2,1,218.1866091,1400,400,3.5,26,0.2,32,-297.446094,2100,700,2.8,28.7,0.3
64.138746,1,AUTO,ARMED,5,AVAILABLE,UNAVAILABLE,UNAVAILABLE,51,4,ACTIVE,711,D_P3-A5.NC,D_P3-A5.NC,6,0.000668021,20,0.0005,1612515.148,468952.227,184.4,2415.9458,100,14.81667,1,100,0,1,100,3400.0,3400,1100,3.2,25.0,0.2,12,376.2942553,700,200,3.8,22.7,0.2,1,218.1865976,1400,400,3.5,26,0.2,32,-297.446094,2100,700,2.8,28.7,0.3
64.302818,1,AUTO,ARMED,5,AVAILABLE,UNAVAILABLE,UNAVAILABLE,51,4,ACTIVE,711,D_P3-A5.NC,D_P3-A5.NC,6,0.000668021,20,0.0005,1612515.148,468952.227,184.4,1985.2798,100,14.81667,1,100,0,1,100,3400.0,2300,600,3.8,25.0,0.2,12,377.8199585,200,100,4.1,22.7,0.1,1,218.1866663,1200,400,3.4,26,0.1,32,-297.4461054,1200,600,1.9,28.7,0.2
64.444831,1,AUTO,ARMED,5,AVAILABLE,UNAVAILABLE,UNAVAILABLE,51,4,ACTIVE,711,D_P3-A5.NC,D_P3-A5.NC,6,0.000668021,20,0.0005,1612515.148,468952.227,184.4,1985.2798,100,14.81667,2,100,0,1,100,3400.0,2300,600,3.8,25.0,0.2,13,379.3532375,200,100,4.1,22.7,0.1,1,218.1865976,1200,400,3.4,26,0.1,32,-297.446094,1200,600,1.9,28.7,0.2
64.587757,1,AUTO,ARMED,5,AVAILABLE,UNAVAILABLE,UNAVAILABLE,51,4,ACTIVE,711,D_P3-A5.NC,D_P3-A5.NC,6,0.000668021,20,0.0005,1612515.148,468952.227,184.4,1985.2798,100,14.81667,2,100,0,0,100,3400.0,2300,600,3.8,25.0,0.2,13,383.935773,200,100,4.1,22.7,0.1,1,218.1865862,1200,400,3.4,26,0.1,32,-297.4461054,1200,600,1.9,28.7,0.2
64.761746,1,AUTO,ARMED,5,AVAILABLE,UNAVAILABLE,UNAVAILABLE,51,4,ACTIVE,711,D_P3-A5.NC,D_P3-A5.NC,6,0.000668021,20,0.0005,1612515.148,468952.227,184.4,1985.2798,100,14.81667,2,100,0,0,100,3400.0,2300,600,3.8,25.0,0.2,13,385.4621577,200,100,4.1,22.7,0.1,1,218.1865862,1200,400,3.4,26,0.1,32,-297.4460825,1200,600,1.9,28.7,0.2
64.90889,1,AUTO,ARMED,5,AVAILABLE,UNAVAILABLE,UNAVAILABLE,51,4,ACTIVE,711,D_P3-A5.NC,D_P3-A5.NC,6,0.000668021,20,0.0005,1612515.148,468952.227,184.4,1985.2798,100,14.81667,2,100,0,0,100,3400.0,2300,600,3.8,25.0,0.2,10,388.5175594,200,100,4.1,22.7,0.1,1,218.1866778,1200,400,3.4,26,0.1,32,-297.4460825,1200,600,1.9,28.7,0.2
65.080648,1,AUTO,ARMED,5,AVAILABLE,UNAVAILABLE,UNAVAILABLE,51,4,ACTIVE,711,D_P3-A5.NC,D_P3-A5.NC,6,0.000668021,20,0.0005,1612515.148,468952.227,184.4,1960.3955,100,14.81667,2,100,0,3,100,3400.0,2300,600,3.8,25.0,0.2,10,389.2808548,200,100,4.1,22.7,0.1,0,218.1866205,1200,400,3.4,26,0.1,32,-297.4461054,1200,600,1.9,28.7,0.2
65.228928,1,AUTO,ARMED,5,AVAILABLE,UNAVAILABLE,UNAVAILABLE,51,4,ACTIVE,711,D_P3-A5.NC,D_P3-A5.NC,6,0.000668021,20,0.0005,1612515.148,468952.227,184.4,1960.3955,100,14.81667,2,100,0,3,100,3400.0,2300,600,3.8,25.0,0.2,10,390.8105928,200,100,4.1,22.7,0.1,0,218.1866091,1200,400,3.4,26,0.1,32,-297.446094,1200,600,1.9,28.7,0.2
65.378927,1,AUTO,ARMED,5,AVAILABLE,UNAVAILABLE,UNAVAILABLE,51,4,ACTIVE,711,D_P3-A5.NC,D_P3-A5.NC,6,0.000668021,20,0.0005,1612515.148,468952.227,184.4,1960.3955,100,14.81667,3,100,0,1,100,3400.0,2300,600,3.8,25.0,0.2,10,393.8664409,200,100,4.1,22.7,0.1,0,218.1866091,1200,400,3.4,26,0.1,32,-297.446094,1200,600,1.9,28.7,0.2
65.528744,1,AUTO,ARMED,5,AVAILABLE,UNAVAILABLE,UNAVAILABLE,51,4,ACTIVE,711,D_P3-A5.NC,D_P3-A5.NC,6,0.000668021,20,0.0005,1612515.148,468952.227,184.4,1960.3955,100,14.81667,3,100,0,1,100,3400.0,2300,600,3.8,25.0,0.2,9,396.9149184,200,100,4.1,22.7,0.1,0,218.1866091,1200,400,3.4,26,0.1,32,-297.4461054,1200,600,1.9,28.7,0.2
65.671778,1,AUTO,ARMED,5,AVAILABLE,UNAVAILABLE,UNAVAILABLE,51,4,ACTIVE,711,D_P3-A5.NC,D_P3-A5.NC,6,0.000668021,20,0.0005,1612515.148,468952.227,184.4,1960.3955,100,14.81667,3,100,0,1,100,3400.0,2400,600,4.0,25.0,0.2,9,398.4484791,900,200,4.4,22.7,0.1,0,218.1865976,2100,700,2.8,26,0.1,32,-297.4461054,1300,600,2.0,28.7,0.1
65.816488,1,AUTO,ARMED,5,AVAILABLE,UNAVAILABLE,UNAVAILABLE,52,4,ACTIVE,711,D_P3-A5.NC,D_P3-A5.NC,6,0.000668021,20,0.0005,1612515.148,468952.227,184.4,1960.3955,100,9.683333,3,100,0,1,100,3400.0,2400,600,4.0,25.0,0.2,9,399.834389,900,200,4.4,22.7,0.1,0,218.1865862,2100,700,2.8,26,0.1,32,-297.4461054,1300,600,2.0,28.7,0.1
66.32739,1,AUTO,ARMED,5,AVAILABLE,UNAVAILABLE,UNAVAILABLE,52,4,ACTIVE,711,D_P3-A5.NC,D_P3-A5.NC,6,0.000668021,20,0.0005,1612515.148,468952.227,184.4,1960.3955,100,0.0,4,100,0,0,100,3400.0,2400,600,4.0,25.0,0.2,6,399.8408897,900,200,4.4,22.7,0.1,0,218.1865976,2100,700,2.8,26,0.1,32,-297.446094,1300,600,2.0,28.7,0.1
66.477041,1,AUTO,ARMED,5,AVAILABLE,UNAVAILABLE,UNAVAILABLE,52,4,ACTIVE,711,D_P3-A5.NC,D_P3-A5.NC,6,0.000668021,20,0.0005,1612515.148,468952.227,184.4,2359.2678,100,0.0,4,100,0,0,100,3400.0,2400,600,4.0,25.0,0.2,6,399.8409126,900,200,4.4,22.7,0.1,0,218.1865862,2100,700,2.8,26,0.1,32,-297.446094,1300,600,2.0,28.7,0.1
66.621409,1,AUTO,ARMED,5,AVAILABLE,UNAVAILABLE,UNAVAILABLE,52,4,ACTIVE,711,D_P3-A5.NC,D_P3-A5.NC,6,0.000668021,20,0.0005,1612515.148,468952.227,184.4,2359.2678,100,0.0,4,100,0,1,100,3400.0,2400,600,4.0,25.0,0.2,6,399.8409011,900,200,4.4,22.7,0.1,0,218.1865976,2100,700,2.8,26,0.1,32,-297.4461054,1300,600,2.0,28.7,0.1
66.775473,1,AUTO,ARMED,5,AVAILABLE,UNAVAILABLE,UNAVAILABLE,52,4,ACTIVE,711,D_P3-A5.NC,D_P3-A5.NC,6,0.000668021,20,0.0005,1612515.148,468952.227,184.4,2359.2678,100,0.0,4,100,0,1,100,3400.0,2400,600,4.0,25.0,0.2,6,399.8409011,900,200,4.4,22.7,0.1,0,218.1866434,2100,700,2.8,26,0.1,32,-297.446094,1300,600,2.0,28.7,0.1
67.00085,1,AUTO,ARMED,5,AVAILABLE,UNAVAILABLE,UNAVAILABLE,54,4,ACTIVE,711,D_P3-A5.NC,D_P3-A5.NC,6,0.000668021,20,0.0005,1612515.148,468952.227,184.4,2359.2678,100,14.81667,4,100,0,0,100,3400.0,2400,600,4.0,25.0,0.2,14,398.8566855,900,200,4.4,22.7,0.1,2,218.820471,2100,700,2.8,26,0.1,32,-297.446094,1300,600,2.0,28.7,0.1
67.203756,1,AUTO,ARMED,5,AVAILABLE,UNAVAILABLE,UNAVAILABLE,54,4,ACTIVE,711,D_P3-A5.NC,D_P3-A5.NC,6,0.000668021,20,0.0005,1612515.148,468952.227,184.4,2359.2678,100,14.81667,4,100,0,0,100,3400.0,2400,600,4.0,25.0,0.2,8,394.2755628,900,200,4.4,22.7,0.1,5,218.8216497,2100,700,2.8,26,0.1,32,-297.446094,1300,600,2.0,28.7,0.1
67.422841,1,AUTO,ARMED,5,AVAILABLE,UNAVAILABLE,UNAVAILABLE,54,4,ACTIVE,711,D_P3-A5.NC,D_P3-A5.NC,6,0.000668021,20,0.0005,1612515.148,468952.227,184.4,2359.2678,100,14.81667,5,100,0,0,100,3400.0,2400,600,4.0,25.0,0.2,9,392.7420517,900,200,4.4,22.7,0.1,4,218.8216268,2100,700,2.8,26,0.1,32,-297.4461054,1300,600,2.0,28.7,0.1
67.578073,1,AUTO,ARMED,5,AVAILABLE,UNAVAILABLE,UNAVAILABLE,54,4,ACTIVE,711,D_P3-A5.NC,D_P3-A5.NC,6,0.000668021,20,0.0005,1612515.148,468952.227,184.4,2369.5664,100,14.81667,5,100,0,0,100,3400.0,3800,1100,3.6,25.0,0.2,9,389.6897248,1100,300,3.5,22.7,0.2,4,218.8215696,2400,800,2.8,26,0.3,32,-297.4461054,1700,700,2.5,28.7,0.2
67.726804,1,AUTO,ARMED,5,AVAILABLE,UNAVAILABLE,UNAVAILABLE,54,4,ACTIVE,711,D_P3-A5.NC,D_P3-A5.NC,6,0.000668021,20,0.0005,1612515.148,468952.227,184.4,2369.5664,100,14.81667,5,100,0,0,100,3400.0,3800,1100,3.6,25.0,0.2,9,386.6298557,1100,300,3.5,22.7,0.2,4,218.8215353,2400,800,2.8,26,0.3,32,-297.4461054,1700,700,2.5,28.7,0.2
67.954831,1,AUTO,ARMED,5,AVAILABLE,UNAVAILABLE,UNAVAILABLE,54,4,ACTIVE,711,D_P3-A5.NC,D_P3-A5.NC,6,0.001168144,20,0.0005,1612515.148,468952.227,184.4,2369.5664,100,14.81667,5,100,0,2,100,3400.0,3800,1100,3.6,25.0,0.2,5,383.578101,1100,300,3.5,22.7,0.2,5,218.8216268,2400,800,2.8,26,0.3,32,-297.446094,1700,700,2.5,28.7,0.2
68.098472,1,AUTO,ARMED,5,AVAILABLE,UNAVAILABLE,UNAVAILABLE,54,4,ACTIVE,711,D_P3-A5.NC,D_P3-A5.NC,6,0.000668021,20,0.0005,1612515.148,468952.227,184.4,2369.5664,100,14.81667,5,100,0,1,100,3400.0,3800,1100,3.6,25.0,0.2,8,382.0483668,1100,300,3.5,22.7,0.2,6,218.8216154,2400,800,2.8,26,0.3,32,-297.4461054,1700,700,2.5,28.7,0.2
68.241057,1,AUTO,ARMED,5,AVAILABLE,UNAVAILABLE,UNAVAILABLE,54,4,ACTIVE,711,D_P3-A5.NC,D_P3-A5.NC,6,0.000668021,20,0.0005,1612515.148,468952.227,184.4,2369.5664,100,14.81667,5,100,0,1,100,3400.0,3800,1100,3.6,25.0,0.2,8,380.5258402,1100,300,3.5,22.7,0.2,6,218.8215811,2400,800,2.8,26,0.3,32,-297.4461169,1700,700,2.5,28.7,0.2
68.390007,1,AUTO,ARMED,5,AVAILABLE,UNAVAILABLE,UNAVAILABLE,54,4,ACTIVE,711,D_P3-A5.NC,D_P3-A5.NC,6,0.001168144,20,0.0005,1612515.148,468952.227,184.4,2369.5664,100,14.81667,6,100,0,2,100,3400.0,3800,1100,3.6,25.0,0.2,6,378.9998536,1100,300,3.5,22.7,0.2,5,218.8217527,2400,800,2.8,26,0.3,32,-297.4461054,1700,700,2.5,28.7,0.2
68.533177,1,AUTO,ARMED,5,AVAILABLE,UNAVAILABLE,UNAVAILABLE,54,4,ACTIVE,711,D_P3-A5.NC,D_P3-A5.NC,6,0.001168144,20,0.0005,1612515.148,468952.227,184.4,2369.5664,100,14.81667,6,100,0,2,100,3400.0,3800,1100,3.6,25.0,0.2,6,374.4177054,1100,300,3.5,22.7,0.2,5,218.8215467,2400,800,2.8,26,0.3,32,-297.4460825,1700,700,2.5,28.7,0.2
68.679413,1,AUTO,ARMED,5,AVAILABLE,UNAVAILABLE,UNAVAILABLE,54,4,ACTIVE,711,D_P3-A5.NC,D_P3-A5.NC,6,0.000167898,20,0.0005,1612515.148,468952.227,184.4,2369.5664,100,14.81667,6,100,0,0,100,3400.0,3800,1100,3.6,25.0,0.2,5,372.8843259,1100,300,3.5,22.7,0.2,5,218.8216039,2400,800,2.8,26,0.3,32,-297.4461054,1700,700,2.5,28.7,0.2
68.826018,1,AUTO,ARMED,5,AVAILABLE,UNAVAILABLE,UNAVAILABLE,54,4,ACTIVE,711,D_P3-A5.NC,D_P3-A5.NC,6,0.001168144,20,0.0005,1612515.148,468952.227,184.4,2363.8936,100,14.81667,6,100,0,0,100,3400.0,3800,1100,3.6,25.0,0.2,5,371.3616467,1100,300,3.5,22.7,0.2,5,218.8215811,2400,800,2.8,26,0.3,32,-297.446094,1700,700,2.5,28.7,0.2
68.969965,1,AUTO,ARMED,5,AVAILABLE,UNAVAILABLE,UNAVAILABLE,54,4,ACTIVE,711,D_P3-A5.NC,D_P3-A5.NC,6,0.000668021,20,0.0005,1612515.148,468952.227,184.4,2363.8936,100,14.81667,6,100,0,3,100,3400.0,3800,1100,3.6,25.0,0.2,5,369.0723922,1100,300,3.5,22.7,0.2,4,218.8217298,2400,800,2.8,26,0.3,32,-297.4461169,1700,700,2.5,28.7,0.2
69.127159,1,AUTO,ARMED,5,AVAILABLE,UNAVAILABLE,UNAVAILABLE,54,4,ACTIVE,711,D_P3-A5.NC,D_P3-A5.NC,6,0.001168144,20,0.0005,1612515.148,468952.227,184.4,2363.8936,100,14.81667,6,100,0,2,100,3400.0,3800,1100,3.6,25.0,0.2,6,366.0165052,1100,300,3.5,22.7,0.2,4,218.8215582,2400,800,2.8,26,0.3,32,-297.4461054,1700,700,2.5,28.7,0.2
69.319851,1,AUTO,ARMED,5,AVAILABLE,UNAVAILABLE,UNAVAILABLE,54,4,ACTIVE,711,D_P3-A5.NC,D_P3-A5.NC,6,0.001168144,20,0.0005,1612515.148,468952.227,184.4,2363.8936,100,14.81667,6,100,0,0,100,3400.0,3700,1000,3.6,25.0,0.2,6,364.4906102,1100,300,3.5,22.7,0.2,4,218.8215811,2500,800,3.0,26,0.3,32,-297.446094,1700,700,2.5,28.7,0.2
69.479431,1,AUTO,ARMED,5,AVAILABLE,UNAVAILABLE,UNAVAILABLE,54,4,ACTIVE,711,D_P3-A5.NC,D_P3-A5.NC,6,0.001168144,20,0.0005,1612515.148,468952.227,184.4,2363.8936,100,14.81667,7,100,0,1,100,3400.0,3700,1000,3.6,25.0,0.2,7,361.4307063,1100,300,3.5,22.7,0.2,6,218.8215811,2500,800,3.0,26,0.3,32,-297.4460825,1700,700,2.5,28.7,0.2
69.623801,1,AUTO,ARMED,5,AVAILABLE,UNAVAILABLE,UNAVAILABLE,54,4,ACTIVE,711,D_P3-A5.NC,D_P3-A5.NC,6,0.001168144,20,0.0005,1612515.148,468952.227,184.4,2363.8936,100,14.81667,7,100,0,1,100,3400.0,3700,1000,3.6,25.0,0.2,7,359.9085878,1100,300,3.5,22.7,0.2,6,218.8217642,2500,800,3.0,26,0.3,32,-297.4460825,1700,700,2.5,28.7,0.2
69.762532,1,AUTO,ARMED,5,AVAILABLE,UNAVAILABLE,UNAVAILABLE,54,4,ACTIVE,711,D_P3-A5.NC,D_P3-A5.NC,6,0.001168144,20,0.0005,1612515.148,468952.227,184.4,2363.8936,100,14.81667,7,100,0,2,100,3400.0,3700,1000,3.6,25.0,0.2,6,356.8484436,1100,300,3.5,22.7,0.2,6,218.8216383,2500,800,3.0,26,0.3,32,-297.446094,1700,700,2.5,28.7,0.2
69.920179,1,AUTO,ARMED,5,AVAILABLE,UNAVAILABLE,UNAVAILABLE,54,4,ACTIVE,711,D_P3-A5.NC,D_P3-A5.NC,6,0.000668021,20,0.0005,1612515.148,468952.227,184.4,2382.6104,100,14.81667,7,100,0,0,100,3400.0,3700,1000,3.6,25.0,0.2,6,353.7968075,1100,300,3.5,22.7,0.2,5,218.8216039,2500,800,3.0,26,0.3,32,-297.4461169,1700,700,2.5,28.7,0.2
70.073724,1,AUTO,ARMED,5,AVAILABLE,UNAVAILABLE,UNAVAILABLE,54,4,ACTIVE,711,D_P3-A5.NC,D_P3-A5.NC,6,0.001168144,20,0.0005,1612515.148,468952.227,184.4,2382.6104,100,14.81667,7,100,0,0,100,3400.0,3700,1000,3.6,25.0,0.2,6,352.2667436,1100,300,3.5,22.7,0.2,5,218.8216039,2500,800,3.0,26,0.3,32,-297.4460825,1700,700,2.5,28.7,0.2
70.218066,1,AUTO,ARMED,5,AVAILABLE,UNAVAILABLE,UNAVAILABLE,54,4,ACTIVE,711,D_P3-A5.NC,D_P3-A5.NC,6,0.000668021,20,0.0005,1612515.148,468952.227,184.4,2382.6104,100,14.81667,7,100,0,1,100,3400.0,3700,1000,3.6,25.0,0.2,7,350.7405936,1100,300,3.5,22.7,0.2,5,218.8216039,2500,800,3.0,26,0.3,32,-297.4461054,1700,700,2.5,28.7,0.2
70.382151,1,AUTO,ARMED,5,AVAILABLE,UNAVAILABLE,UNAVAILABLE,54,4,ACTIVE,711,D_P3-A5.NC,D_P3-A5.NC,6,0.000668021,20,0.0005,1612515.148,468952.227,184.4,2382.6104,100,14.81667,8,100,0,3,100,3400.0,3700,1000,3.6,25.0,0.2,6,347.6844483,1100,300,3.5,22.7,0.2,5,218.8215696,2500,800,3.0,26,0.3,32,-297.446094,1700,700,2.5,28.7,0.2
70.53179,1,AUTO,ARMED,5,AVAILABLE,UNAVAILABLE,UNAVAILABLE,54,4,ACTIVE,711,D_P3-A5.NC,D_P3-A5.NC,6,0.001168144,20,0.0005,1612515.148,468952.227,184.4,2382.6104,100,14.81667,8,100,0,3,100,3400.0,3700,1000,3.6,25.0,0.2,6,346.1547506,1100,300,3.5,22.7,0.2,5,218.8215467,2500,800,3.0,26,0.3,32,-297.4461054,1700,700,2.5,28.7,0.2
70.67786,1,AUTO,ARMED,5,AVAILABLE,UNAVAILABLE,UNAVAILABLE,54,4,ACTIVE,711,D_P3-A5.NC,D_P3-A5.NC,6,0.000668021,20,0.0005,1612515.148,468952.227,184.4,2382.6104,100,14.81667,8,100,0,0,100,3400.0,3700,1000,3.6,25.0,0.2,6,343.1029655,1100,300,3.5,22.7,0.2,5,218.8216154,2500,800,3.0,26,0.3,32,-297.4461054,1700,700,2.5,28.7,0.2
70.822416,1,AUTO,ARMED,5,AVAILABLE,UNAVAILABLE,UNAVAILABLE,54,4,ACTIVE,711,D_P3-A5.NC,D_P3-A5.NC,6,0.001168144,20,0.0005,1612515.148,468952.227,184.4,2382.6104,100,14.81667,8,100,0,0,100,3400.0,2500,600,4.3,25.0,0.2,5,340.8134085,300,100,3.6,22.7,0.0,6,218.8216154,1900,800,2.4,26,0.1,32,-297.4461054,1200,600,1.9,28.6,0.1
70.979802,1,AUTO,ARMED,5,AVAILABLE,UNAVAILABLE,UNAVAILABLE,54,4,ACTIVE,711,D_P3-A5.NC,D_P3-A5.NC,6,0.000668021,20,0.0005,1612515.148,468952.227,184.4,1985.6183,100,14.81667,8,100,0,2,100,3400.0,2500,600,4.3,25.0,0.2,4,339.2872126,300,100,3.6,22.7,0.0,6,218.8216497,1900,800,2.4,26,0.1,32,-297.4461283,1200,600,1.9,28.6,0.1
71.134473,1,AUTO,ARMED,5,AVAILABLE,UNAVAILABLE,UNAVAILABLE,54,4,ACTIVE,711,D_P3-A5.NC,D_P3-A5.NC,6,0.000668021,20,0.0005,1612515.148,468952.227,184.4,1985.6183,100,14.81667,8,100,0,2,100,3400.0,2500,600,4.3,25.0,0.2,4,337.7572403,300,100,3.6,22.7,0.0,6,218.8216154,1900,800,2.4,26,0.1,32,-297.446094,1200,600,1.9,28.6,0.1
71.271079,1,AUTO,ARMED,5,AVAILABLE,UNAVAILABLE,UNAVAILABLE,54,4,ACTIVE,711,D_P3-A5.NC,D_P3-A5.NC,6,0.001168144,20,0.0005,1612515.148,468952.227,184.4,1985.6183,100,14.81667,8,100,0,0,100,3400.0,2500,600,4.3,25.0,0.2,4,334.7055009,300,100,3.6,22.7,0.0,4,218.8216154,1900,800,2.4,26,0.1,32,-297.446094,1200,600,1.9,28.6,0.1
71.40957,1,AUTO,ARMED,5,AVAILABLE,UNAVAILABLE,UNAVAILABLE,54,4,ACTIVE,711,D_P3-A5.NC,D_P3-A5.NC,6,0.000668021,20,0.0005,1612515.148,468952.227,184.4,1985.6183,100,14.81667,9,100,0,1,100,3400.0,2500,600,4.3,25.0,0.2,5,333.1721756,300,100,3.6,22.7,0.0,5,218.8216955,1900,800,2.4,26,0.1,32,-297.446094,1200,600,1.9,28.6,0.1
71.557975,1,AUTO,ARMED,5,AVAILABLE,UNAVAILABLE,UNAVAILABLE,54,4,ACTIVE,711,D_P3-A5.NC,D_P3-A5.NC,6,0.000668021,20,0.0005,1612515.148,468952.227,184.4,1985.6183,100,14.81667,9,100,0,3,100,3400.0,2500,600,4.3,25.0,0.2,8,330.1232557,300,100,3.6,22.7,0.0,4,218.821684,1900,800,2.4,26,0.1,32,-297.446094,1200,600,1.9,28.6,0.1
71.709322,1,AUTO,ARMED,5,AVAILABLE,UNAVAILABLE,UNAVAILABLE,54,4,ACTIVE,711,D_P3-A5.NC,D_P3-A5.NC,6,0.000668021,20,0.0005,1612515.148,468952.227,184.4,1985.6183,100,14.81667,9,100,0,3,100,3400.0,2500,600,4.3,25.0,0.2,8,328.58978,300,100,3.6,22.7,0.0,4,218.8216383,1900,800,2.4,26,0.1,32,-297.446094,1200,600,1.9,28.6,0.1
71.852261,1,AUTO,ARMED,5,AVAILABLE,UNAVAILABLE,UNAVAILABLE,54,4,ACTIVE,711,D_P3-A5.NC,D_P3-A5.NC,6,0.000668021,20,0.0005,1612515.148,468952.227,184.4,1985.6183,100,14.81667,9,100,0,3,100,3400.0,2500,600,4.3,25.0,0.2,8,327.0635488,300,100,3.6,22.7,0.0,4,218.8216154,1900,800,2.4,26,0.1,32,-297.446094,1200,600,1.9,28.6,0.1
71.994802,1,AUTO,ARMED,5,AVAILABLE,UNAVAILABLE,UNAVAILABLE,54,4,ACTIVE,711,D_P3-A5.NC,D_P3-A5.NC,6,0.000668021,20,0.0005,1612515.148,468952.227,184.4,1985.6183,100,14.81667,9,100,0,0,100,3400.0,2500,600,4.3,25.0,0.2,7,325.5372946,300,100,3.6,22.7,0.0,4,218.8216039,1900,800,2.4,26,0.1,32,-297.446094,1200,600,1.9,28.6,0.1
72.147054,1,AUTO,ARMED,5,AVAILABLE,UNAVAILABLE,UNAVAILABLE,54,4,ACTIVE,711,D_P3-A5.NC,D_P3-A5.NC,6,0.000668021,20,0.0005,1612515.148,468952.227,184.4,1954.7876,100,14.81667,9,100,0,0,100,3400.0,2500,600,4.2,25.0,0.2,7,320.9589099,200,100,4.2,22.7,0.1,3,218.8216039,2600,700,3.8,26,0.1,32,-297.446094,1300,600,2.1,28.6,0.1
72.302019,1,AUTO,ARMED,5,AVAILABLE,UNAVAILABLE,UNAVAILABLE,54,4,ACTIVE,711,D_P3-A5.NC,D_P3-A5.NC,6,0.000668021,20,0.0005,1612515.148,468952.227,184.4,1954.7876,100,14.81667,9,100,0,0,100,3400.0,2500,600,4.2,25.0,0.2,8,319.4327473,200,100,4.2,22.7,0.1,3,218.8215925,2600,700,3.8,26,0.1,32,-297.4461054,1300,600,2.1,28.6,0.1
72.440982,1,AUTO,ARMED,5,AVAILABLE,UNAVAILABLE,UNAVAILABLE,54,4,ACTIVE,711,D_P3-A5.NC,D_P3-A5.NC,6,0.000668021,20,0.0005,1612515.148,468952.227,184.4,1954.7876,100,10.28333,10,100,0,0,100,3400.0,2500,600,4.2,25.0,0.2,7,318.5608391,200,100,4.2,22.7,0.1,3,218.8215925,2600,700,3.8,26,0.1,32,-297.4461054,1300,600,2.1,28.6,0.1
72.582281,1,AUTO,ARMED,5,AVAILABLE,UNAVAILABLE,UNAVAILABLE,55,4,ACTIVE,711,D_P3-A5.NC,D_P3-A5.NC,6,0.000668021,20,0.0005,1612515.148,468952.227,184.4,1954.7876,100,0.0,10,100,0,0,100,3400.0,2500,600,4.2,25.0,0.2,7,318.5608391,200,100,4.2,22.7,0.1,3,218.8216039,2600,700,3.8,26,0.1,32,-297.446094,1300,600,2.1,28.6,0.1
72.722755,1,AUTO,ARMED,5,AVAILABLE,UNAVAILABLE,UNAVAILABLE,55,4,ACTIVE,711,D_P3-A5.NC,D_P3-A5.NC,6,0.000668021,20,0.0005,1612515.148,468952.227,184.4,1954.7876,100,0.0,10,100,0,1,100,3400.0,2500,600,4.2,25.0,0.2,6,318.5608506,200,100,4.2,22.7,0.1,3,218.8216039,2600,700,3.8,26,0.1,32,-297.446094,1300,600,2.1,28.6,0.1
72.87572,1,AUTO,ARMED,5,AVAILABLE,UNAVAILABLE,UNAVAILABLE,55,4,ACTIVE,711,D_P3-A5.NC,D_P3-A5.NC,6,0.000668021,20,0.0005,1612515.148,468952.227,184.4,1954.7876,100,0.0,10,100,0,1,100,3400.0,2500,600,4.2,25.0,0.2,6,318.5608849,200,100,4.2,22.7,0.1,3,218.8216039,2600,700,3.8,26,0.1,32,-297.4461054,1300,600,2.1,28.6,0.1
73.01701,1,AUTO,ARMED,5,AVAILABLE,UNAVAILABLE,UNAVAILABLE,55,4,ACTIVE,711,D_P3-A5.NC,D_P3-A5.NC,6,0.000668021,20,0.0005,1612515.148,468952.227,184.4,1954.7876,100,0.0,10,100,0,1,100,3400.0,2500,600,4.2,25.0,0.2,6,318.5608964,200,100,4.2,22.7,0.1,3,218.8215925,2600,700,3.8,26,0.1,32,-297.446094,1300,600,2.1,28.6,0.1
73.159614,1,AUTO,ARMED,5,AVAILABLE,UNAVAILABLE,UNAVAILABLE,55,4,ACTIVE,711,D_P3-A5.NC,D_P3-A5.NC,6,0.000668021,20,0.0005,1612515.148,468952.227,184.4,1981.0056,100,0.0,10,100,0,1,100,3400.0,2500,600,4.2,25.0,0.2,5,318.5608964,200,100,4.2,22.7,0.1,3,218.8215925,2600,700,3.8,26,0.1,32,-297.4461054,1300,600,2.1,28.6,0.1
73.321202,1,AUTO,ARMED,5,AVAILABLE,UNAVAILABLE,UNAVAILABLE,55,4,ACTIVE,711,D_P3-A5.NC,D_P3-A5.NC,6,0.000668021,20,0.0005,1612515.148,468952.227,184.4,1981.0056,100,0.0,11,100,0,1,100,3400.0,2500,600,4.2,25.0,0.2,6,318.5609078,200,100,4.2,22.7,0.1,3,218.8215925,2600,700,3.8,26,0.1,32,-297.4461054,1300,600,2.1,28.6,0.1
73.459304,1,AUTO,ARMED,5,AVAILABLE,UNAVAILABLE,UNAVAILABLE,55,4,ACTIVE,711,D_P3-A5.NC,D_P3-A5.NC,6,0.000668021,20,0.0005,1612515.148,468952.227,184.4,1981.0056,100,0.0,11,100,0,0,100,3400.0,2500,600,4.2,25.0,0.2,5,318.5608964,200,100,4.2,22.7,0.1,5,219.441894,2600,700,3.8,26,0.1,32,-297.4461054,1300,600,2.1,28.6,0.1
73.598702,1,AUTO,ARMED,5,AVAILABLE,UNAVAILABLE,UNAVAILABLE,59,4,ACTIVE,711,D_P3-A5.NC,D_P3-A5.NC,6,0.000668021,20,0.0005,1612515.148,468952.227,184.4,1981.0056,100,0.0,11,100,0,0,100,3400.0,2500,600,4.2,25.0,0.2,5,318.5608964,200,100,4.2,22.7,0.1,5,219.4562555,2600,700,3.8,26,0.1,32,-297.4461054,1300,600,2.1,28.6,0.1
73.741252,1,AUTO,ARMED,5,AVAILABLE,UNAVAILABLE,UNAVAILABLE,59,4,ACTIVE,711,D_P3-A5.NC,D_P3-A5.NC,6,0.000668021,20,0.0005,1612515.148,468952.227,184.4,1981.0056,100,0.0,11,100,0,0,100,3400.0,2500,600,4.2,25.0,0.2,5,318.5608964,200,100,4.2,22.7,0.1,5,219.4564844,2600,700,3.8,26,0.1,32,-297.4461054,1300,600,2.1,28.6,0.1
73.895994,1,AUTO,ARMED,5,AVAILABLE,UNAVAILABLE,UNAVAILABLE,59,4,ACTIVE,711,D_P3-A5.NC,D_P3-A5.NC,6,0.000668021,20,0.0005,1612515.148,468952.227,184.4,1981.0056,100,0.0,11,100,0,0,100,3400.0,2500,600,4.2,25.0,0.2,5,318.5608964,200,100,4.2,22.7,0.1,1,219.4566102,2600,700,3.8,26,0.1,32,-297.446094,1300,600,2.1,28.6,0.1
74.048664,1,AUTO,ARMED,5,AVAILABLE,UNAVAILABLE,UNAVAILABLE,59,4,ACTIVE,711,D_P3-A5.NC,D_P3-A5.NC,6,0.000668021,20,0.0005,1612515.148,468952.227,184.4,1981.0056,100,0.0,11,100,0,0,100,3400.0,2300,600,4.1,25.0,0.2,5,318.5608964,700,200,3.6,22.7,0.2,1,219.4566102,1900,600,2.9,26,0.2,32,-297.446094,1500,600,2.3,28.6,0.1
74.19698,1,AUTO,ARMED,5,AVAILABLE,UNAVAILABLE,UNAVAILABLE,59,4,ACTIVE,711,D_P3-A5.NC,D_P3-A5.NC,6,0.000668021,20,0.0005,1612515.148,468952.227,184.4,1981.0056,100,0.0,11,100,0,1,100,3400.0,2300,600,4.1,25.0,0.2,5,318.5608964,700,200,3.6,22.7,0.2,1,219.4566102,1900,600,2.9,26,0.2,32,-297.446094,1500,600,2.3,28.6,0.1
74.345049,1,AUTO,ARMED,5,AVAILABLE,UNAVAILABLE,UNAVAILABLE,59,4,ACTIVE,711,D_P3-A5.NC,D_P3-A5.NC,6,0.000668021,20,0.0005,1612515.148,468952.227,184.4,2402.3879,100,0.0,12,100,0,1,100,3400.0,2300,600,4.1,25.0,0.2,5,318.5608964,700,200,3.6,22.7,0.2,1,219.4565874,1900,600,2.9,26,0.2,32,-297.446094,1500,600,2.3,28.6,0.1
74.489855,1,AUTO,ARMED,5,AVAILABLE,UNAVAILABLE,UNAVAILABLE,60,4,ACTIVE,711,D_P3-A5.NC,D_P3-A5.NC,6,0.000668021,20,0.0005,1612515.148,468952.227,184.4,2402.3879,100,0.0,12,100,0,1,100,3400.0,2300,600,4.1,25.0,0.2,5,318.559187,700,200,3.6,22.7,0.2,1,219.4565988,1900,600,2.9,26,0.2,32,-297.446094,1500,600,2.3,28.6,0.1
74.635587,1,AUTO,ARMED,5,AVAILABLE,UNAVAILABLE,UNAVAILABLE,60,4,ACTIVE,711,D_P3-A5.NC,D_P3-A5.NC,6,0.000668021,20,0.0005,1612515.148,468952.227,184.4,2402.3879,100,0.0,12,100,0,1,100,3400.0,2300,600,4.1,25.0,0.2,19,319.096756,700,200,3.6,22.7,0.2,1,219.4566102,1900,600,2.9,26,0.2,32,-297.446094,1500,600,2.3,28.6,0.1
74.776316,1,AUTO,ARMED,5,AVAILABLE,UNAVAILABLE,UNAVAILABLE,60,4,ACTIVE,711,D_P3-A5.NC,D_P3-A5.NC,6,0.000668021,20,0.0005,1612515.148,468952.227,184.4,2402.3879,100,16.93333,12,100,0,1,100,3400.0,2300,600,4.1,25.0,0.2,19,320.8379497,700,200,3.6,22.7,0.2,1,219.4566217,1900,600,2.9,26,0.2,32,-297.4461054,1500,600,2.3,28.6,0.1
74.923386,1,AUTO,ARMED,5,AVAILABLE,UNAVAILABLE,UNAVAILABLE,60,4,ACTIVE,711,D_P3-A5.NC,D_P3-A5.NC,6,0.000668021,20,0.0005,1612515.148,468952.227,184.4,2402.3879,100,16.93333,12,100,0,2,100,3400.0,2300,600,4.1,25.0,0.2,10,326.074635,700,200,3.6,22.7,0.2,1,219.4565874,1900,600,2.9,26,0.2,32,-297.4461054,1500,600,2.3,28.6,0.1
75.090628,1,AUTO,ARMED,5,AVAILABLE,UNAVAILABLE,UNAVAILABLE,60,4,ACTIVE,711,D_P3-A5.NC,D_P3-A5.NC,6,0.000668021,20,0.0005,1612515.148,468952.227,184.4,2402.3879,100,16.93333,12,100,0,2,100,3400.0,2300,600,4.1,25.0,0.2,10,327.8270901,700,200,3.6,22.7,0.2,1,219.4565874,1900,600,2.9,26,0.2,32,-297.446094,1500,600,2.3,28.6,0.1
75.237153,1,AUTO,ARMED,5,AVAILABLE,UNAVAILABLE,UNAVAILABLE,60,4,ACTIVE,711,D_P3-A5.NC,D_P3-A5.NC,6,0.000668021,20,0.0005,1612515.148,468952.227,184.4,2402.3879,100,16.93333,12,100,0,2,100,3400.0,2300,600,4.1,25.0,0.2,10,329.5709047,700,200,3.6,22.7,0.2,1,219.4565759,1900,600,2.9,26,0.2,32,-297.4461169,1500,600,2.3,28.6,0.1
75.380845,1,AUTO,ARMED,5,AVAILABLE,UNAVAILABLE,UNAVAILABLE,60,4,ACTIVE,711,D_P3-A5.NC,D_P3-A5.NC,6,0.000668021,20,0.0005,1612515.148,468952.227,184.4,2441.8257,100,16.93333,13,100,0,1,100,3400.0,2300,600,4.1,25.0,0.2,13,333.064117,700,200,3.6,22.7,0.2,2,219.4565988,1900,600,2.9,26,0.2,32,-297.446094,1500,600,2.3,28.6,0.1
75.519324,1,AUTO,ARMED,5,AVAILABLE,UNAVAILABLE,UNAVAILABLE,60,4,ACTIVE,711,D_P3-A5.NC,D_P3-A5.NC,6,0.000668021,20,0.0005,1612515.148,468952.227,184.4,2441.8257,100,16.93333,13,100,0,1,100,3400.0,3900,1100,3.6,25.0,0.2,13,334.8077071,700,200,3.6,22.7,0.2,2,219.4566217,1600,500,3.0,26,0.1,32,-297.4461054,2100,800,2.7,28.6,0.3
75.661397,1,AUTO,ARMED,5,AVAILABLE,UNAVAILABLE,UNAVAILABLE,60,4,ACTIVE,711,D_P3-A5.NC,D_P3-A5.NC,6,0.000668021,20,0.0005,1612515.148,468952.227,184.4,2441.8257,100,16.93333,13,100,0,1,100,3400.0,3900,1100,3.6,25.0,0.2,13,336.5518007,700,200,3.6,22.7,0.2,2,219.4566102,1600,500,3.0,26,0.1,32,-297.4461054,2100,800,2.7,28.6,0.3
75.802029,1,AUTO,ARMED,5,AVAILABLE,UNAVAILABLE,UNAVAILABLE,60,4,ACTIVE,711,D_P3-A5.NC,D_P3-A5.NC,6,0.000668021,20,0.0005,1612515.148,468952.227,184.4,2441.8257,100,16.93333,13,100,0,2,100,3400.0,3900,1100,3.6,25.0,0.2,13,340.0490745,700,200,3.6,22.7,0.2,2,219.4566102,1600,500,3.0,26,0.1,32,-297.4461054,2100,800,2.7,28.6,0.3
75.944691,1,AUTO,ARMED,5,AVAILABLE,UNAVAILABLE,UNAVAILABLE,60,4,ACTIVE,711,D_P3-A5.NC,D_P3-A5.NC,6,0.000668021,20,0.0005,1612515.148,468952.227,184.4,2441.8257,100,16.93333,13,100,0,0,100,3400.0,3900,1100,3.6,25.0,0.2,12,343.5328673,700,200,3.6,22.7,0.2,2,219.4565988,1600,500,3.0,26,0.1,32,-297.4461054,2100,800,2.7,28.6,0.3
76.088716,1,AUTO,ARMED,5,AVAILABLE,UNAVAILABLE,UNAVAILABLE,60,4,ACTIVE,711,D_P3-A5.NC,D_P3-A5.NC,6,0.000668021,20,0.0005,1612515.148,468952.227,184.4,2450.0293,100,16.93333,13,100,0,0,100,3400.0,3900,1100,3.6,25.0,0.2,14,345.2854752,700,200,3.6,22.7,0.2,2,219.4566789,1600,500,3.0,26,0.1,32,-297.4461054,2100,800,2.7,28.6,0.3
76.227252,1,AUTO,ARMED,5,AVAILABLE,UNAVAILABLE,UNAVAILABLE,60,4,ACTIVE,711,D_P3-A5.NC,D_P3-A5.NC,6,0.000668021,20,0.0005,1612515.148,468952.227,184.4,2450.0293,100,16.93333,13,100,0,0,100,3400.0,3900,1100,3.6,25.0,0.2,14,347.0335171,700,200,3.6,22.7,0.2,2,219.4565874,1600,500,3.0,26,0.1,32,-297.446094,2100,800,2.7,28.6,0.3
76.382773,1,AUTO,ARMED,5,AVAILABLE,UNAVAILABLE,UNAVAILABLE,60,4,ACTIVE,711,D_P3-A5.NC,D_P3-A5.NC,6,0.000668021,20,0.0005,1612515.148,468952.227,184.4,2450.0293,100,16.93333,14,100,0,0,100,3400.0,3900,1100,3.6,25.0,0.2,14,350.5218874,700,200,3.6,22.7,0.2,2,219.4565645,1600,500,3.0,26,0.1,32,-297.446094,2100,800,2.7,28.6,0.3
76.524295,1,AUTO,ARMED,5,AVAILABLE,UNAVAILABLE,UNAVAILABLE,60,4,ACTIVE,711,D_P3-A5.NC,D_P3-A5.NC,6,0.000668021,20,0.0005,1612515.148,468952.227,184.4,2450.0293,100,16.93333,14,100,0,0,100,3400.0,3900,1100,3.6,25.0,0.2,15,351.3943119,700,200,3.6,22.7,0.2,2,219.4566102,1600,500,3.0,26,0.1,32,-297.446094,2100,800,2.7,28.6,0.3
76.670291,1,AUTO,ARMED,5,AVAILABLE,UNAVAILABLE,UNAVAILABLE,60,4,ACTIVE,711,D_P3-A5.NC,D_P3-A5.NC,6,0.000668021,20,0.0005,1612515.148,468952.227,184.4,2450.0293,100,16.93333,14,100,0,0,100,3400.0,4000,1100,3.6,25.0,0.2,15,354.8825334,700,200,4.0,22.7,0.2,2,219.4565988,1700,500,3.1,26,0.2,32,-297.446094,2100,800,2.8,28.6,0.3
76.86384,1,AUTO,ARMED,5,AVAILABLE,UNAVAILABLE,UNAVAILABLE,60,4,ACTIVE,711,D_P3-A5.NC,D_P3-A5.NC,6,0.000668021,20,0.0005,1612515.148,468952.227,184.4,2450.0293,100,16.93333,14,100,0,0,100,3400.0,4000,1100,3.6,25.0,0.2,15,358.3789418,700,200,4.0,22.7,0.2,2,219.4565874,1700,500,3.1,26,0.2,32,-297.4461054,2100,800,2.8,28.6,0.3
77.121685,1,AUTO,ARMED,5,AVAILABLE,UNAVAILABLE,UNAVAILABLE,60,4,ACTIVE,711,D_P3-A5.NC,D_P3-A5.NC,6,0.000668021,20,0.0005,1612515.148,468952.227,184.4,2450.0293,100,16.93333,14,100,0,0,100,3400.0,4000,1100,3.6,25.0,0.2,12,361.8718006,700,200,4.0,22.7,0.2,2,219.456553,1700,500,3.1,26,0.2,32,-297.446094,2100,800,2.8,28.6,0.3
77.273523,1,AUTO,ARMED,5,AVAILABLE,UNAVAILABLE,UNAVAILABLE,60,4,ACTIVE,711,D_P3-A5.NC,D_P3-A5.NC,6,0.000668021,20,0.0005,1612515.148,468952.227,184.4,2450.0293,100,16.93333,15,100,0,0,100,3400.0,4000,1100,3.6,25.0,0.2,14,365.3559733,700,200,4.0,22.7,0.2,2,219.4566102,1700,500,3.1,26,0.2,32,-297.4461054,2100,800,2.8,28.6,0.3
77.438929,1,AUTO,ARMED,5,AVAILABLE,UNAVAILABLE,UNAVAILABLE,60,4,ACTIVE,711,D_P3-A5.NC,D_P3-A5.NC,6,0.000668021,20,0.0005,1612515.148,468952.227,184.4,1995.663,100,16.93333,15,100,0,0,100,3400.0,4000,1100,3.6,25.0,0.2,14,367.1082563,700,200,4.0,22.7,0.2,2,219.4566331,1700,500,3.1,26,0.2,32,-297.4461054,2100,800,2.8,28.6,0.3
77.596323,1,AUTO,ARMED,5,AVAILABLE,UNAVAILABLE,UNAVAILABLE,60,4,ACTIVE,711,D_P3-A5.NC,D_P3-A5.NC,6,0.000668021,20,0.0005,1612515.148,468952.227,184.4,1995.663,100,16.93333,15,100,0,0,100,3400.0,4000,1100,3.6,25.0,0.2,14,368.8480196,700,200,4.0,22.7,0.2,2,219.4565988,1700,500,3.1,26,0.2,32,-297.4461054,2100,800,2.8,28.6,0.3
77.818134,1,AUTO,ARMED,5,AVAILABLE,UNAVAILABLE,UNAVAILABLE,60,4,ACTIVE,711,D_P3-A5.NC,D_P3-A5.NC,6,0.000668021,20,0.0005,1612515.148,468952.227,184.4,1995.663,100,16.93333,15,100,0,0,100,3400.0,4000,1100,3.6,25.0,0.2,13,374.0849903,700,200,4.0,22.7,0.2,2,219.4565988,1700,500,3.1,26,0.2,32,-297.4461054,2100,800,2.8,28.6,0.3
78.06635,1,AUTO,ARMED,5,AVAILABLE,UNAVAILABLE,UNAVAILABLE,60,4,ACTIVE,711,D_P3-A5.NC,D_P3-A5.NC,6,0.000668021,20,0.0005,1612515.148,468952.227,184.4,1995.663,100,16.93333,15,100,0,2,100,3400.0,4000,1100,3.6,25.0,0.2,13,377.5732372,700,200,4.0,22.7,0.2,2,219.4566217,1700,500,3.1,26,0.2,32,-297.4460825,2100,800,2.8,28.6,0.3
78.221398,1,AUTO,ARMED,5,AVAILABLE,UNAVAILABLE,UNAVAILABLE,60,4,ACTIVE,711,D_P3-A5.NC,D_P3-A5.NC,6,0.000668021,20,0.0005,1612515.148,468952.227,184.4,1995.663,100,16.93333,15,100,0,2,100,3400.0,4000,1100,3.6,25.0,0.2,14,382.8093764,700,200,4.0,22.7,0.2,2,219.4565301,1700,500,3.1,26,0.2,32,-297.446094,2100,800,2.8,28.6,0.3
78.363618,1,AUTO,ARMED,5,AVAILABLE,UNAVAILABLE,UNAVAILABLE,60,4,ACTIVE,711,D_P3-A5.NC,D_P3-A5.NC,6,0.000668021,20,0.0005,1612515.148,468952.227,184.4,1995.663,100,16.93333,16,100,0,0,100,3400.0,4000,1100,3.6,25.0,0.2,14,383.6816388,700,200,4.0,22.7,0.2,2,219.4565301,1700,500,3.1,26,0.2,32,-297.446094,2100,800,2.8,28.6,0.3
78.507263,1,AUTO,ARMED,5,AVAILABLE,UNAVAILABLE,UNAVAILABLE,60,4,ACTIVE,711,D_P3-A5.NC,D_P3-A5.NC,6,0.000668021,20,0.0005,1612515.148,468952.227,184.4,1995.663,100,16.93333,16,100,0,0,100,3400.0,4000,1100,3.6,25.0,0.2,14,385.4349188,700,200,4.0,22.7,0.2,2,219.4566102,1700,500,3.1,26,0.2,32,-297.4461054,2100,800,2.8,28.6,0.3
78.651713,1,AUTO,ARMED,5,AVAILABLE,UNAVAILABLE,UNAVAILABLE,60,4,ACTIVE,711,D_P3-A5.NC,D_P3-A5.NC,6,0.000668021,20,0.0005,1612515.148,468952.227,184.4,1981.6301,100,16.93333,16,100,0,0,100,3400.0,2400,600,4.0,25.0,0.2,11,387.17902,200,0,4.0,22.7,0.1,2,219.456656,1800,700,2.6,26,0.1,32,-297.446094,1200,600,1.9,28.6,0.1
78.792966,1,AUTO,ARMED,5,AVAILABLE,UNAVAILABLE,UNAVAILABLE,60,4,ACTIVE,711,D_P3-A5.NC,D_P3-A5.NC,6,0.000668021,20,0.0005,1612515.148,468952.227,184.4,1981.6301,100,16.93333,16,100,0,0,100,3400.0,2400,600,4.0,25.0,0.2,9,390.671045,200,0,4.0,22.7,0.1,1,219.4566217,1800,700,2.6,26,0.1,32,-297.4461054,1200,600,1.9,28.6,0.1
78.943982,1,AUTO,ARMED,5,AVAILABLE,UNAVAILABLE,UNAVAILABLE,60,4,ACTIVE,711,D_P3-A5.NC,D_P3-A5.NC,6,0.000668021,20,0.0005,1612515.148,468952.227,184.4,1981.6301,100,16.93333,16,100,0,0,100,3400.0,2400,600,4.0,25.0,0.2,9,392.4151462,200,0,4.0,22.7,0.1,1,219.4566102,1800,700,2.6,26,0.1,32,-297.446094,1200,600,1.9,28.6,0.1
79.089127,1,AUTO,ARMED,5,AVAILABLE,UNAVAILABLE,UNAVAILABLE,60,4,ACTIVE,711,D_P3-A5.NC,D_P3-A5.NC,6,0.000668021,20,0.0005,1612515.148,468952.227,184.4,1981.6301,100,16.93333,16,100,0,0,100,3400.0,2400,600,4.0,25.0,0.2,9,394.1594535,200,0,4.0,22.7,0.1,1,219.4565874,1800,700,2.6,26,0.1,32,-297.4461054,1200,600,1.9,28.6,0.1
79.230189,1,AUTO,ARMED,5,AVAILABLE,UNAVAILABLE,UNAVAILABLE,60,4,ACTIVE,711,D_P3-A5.NC,D_P3-A5.NC,6,0.000668021,20,0.0005,1612515.148,468952.227,184.4,1981.6301,100,16.93333,16,100,0,3,100,3400.0,2400,600,4.0,25.0,0.2,11,399.3958429,200,0,4.0,22.7,0.1,1,219.4566102,1800,700,2.6,26,0.1,32,-297.4461054,1200,600,1.9,28.6,0.1
79.370552,1,AUTO,ARMED,5,AVAILABLE,UNAVAILABLE,UNAVAILABLE,60,4,ACTIVE,711,D_P3-A5.NC,D_P3-A5.NC,6,0.000668021,20,0.0005,1612515.148,468952.227,184.4,1981.6301,100,16.93333,17,100,0,3,100,3400.0,2400,600,4.0,25.0,0.2,11,399.8397338,200,0,4.0,22.7,0.1,1,219.4566102,1800,700,2.6,26,0.1,32,-297.446094,1200,600,1.9,28.6,0.1
79.515602,1,AUTO,ARMED,5,AVAILABLE,UNAVAILABLE,UNAVAILABLE,61,4,ACTIVE,711,D_P3-A5.NC,D_P3-A5.NC,6,0.000668021,20,0.0005,1612515.148,468952.227,184.4,1981.6301,100,11.28333,17,100,0,0,100,3400.0,2400,600,4.0,25.0,0.2,4,399.840718,200,0,4.0,22.7,0.1,1,219.4565988,1800,700,2.6,26,0.1,32,-297.4461054,1200,600,1.9,28.6,0.1
79.657435,1,AUTO,ARMED,5,AVAILABLE,UNAVAILABLE,UNAVAILABLE,61,4,ACTIVE,711,D_P3-A5.NC,D_P3-A5.NC,6,0.000668021,20,0.0005,1612515.148,468952.227,184.4,1981.6301,100,0.0,17,100,0,0,100,3400.0,2400,600,4.0,25.0,0.2,4,399.840924,200,0,4.0,22.7,0.1,1,219.4565874,1800,700,2.6,26,0.1,32,-297.446094,1200,600,1.9,28.6,0.1
79.812238,1,AUTO,ARMED,5,AVAILABLE,UNAVAILABLE,UNAVAILABLE,61,4,ACTIVE,711,D_P3-A5.NC,D_P3-A5.NC,6,0.000668021,20,0.0005,1612515.148,468952.227,184.4,2089.8464,100,0.0,17,100,0,1,100,3400.0,2400,600,4.0,25.0,0.2,7,399.8409355,200,0,4.0,22.7,0.1,1,219.4565988,1800,700,2.6,26,0.1,32,-297.4461054,1200,600,1.9,28.6,0.1
79.954589,1,AUTO,ARMED,5,AVAILABLE,UNAVAILABLE,UNAVAILABLE,61,4,ACTIVE,711,D_P3-A5.NC,D_P3-A5.NC,6,0.000668021,20,0.0005,1612515.148,468952.227,184.4,2089.8464,100,0.0,17,100,0,0,100,3400.0,2400,600,4.0,25.0,0.2,7,399.8409126,200,0,4.0,22.7,0.1,1,219.4566102,1800,700,2.6,26,0.1,32,-297.446094,1200,600,1.9,28.6,0.1
80.096272,1,AUTO,ARMED,5,AVAILABLE,UNAVAILABLE,UNAVAILABLE,61,4,ACTIVE,711,D_P3-A5.NC,D_P3-A5.NC,6,0.000668021,20,0.0005,1612515.148,468952.227,184.4,2089.8464,100,0.0,17,100,0,0,100,3400.0,2400,600,4.0,25.0,0.2,7,399.8409011,200,0,4.0,22.7,0.1,1,219.4566102,1800,700,2.6,26,0.1,32,-297.4461054,1200,600,1.9,28.6,0.1
80.247705,1,AUTO,ARMED,5,AVAILABLE,UNAVAILABLE,UNAVAILABLE,61,4,ACTIVE,711,D_P3-A5.NC,D_P3-A5.NC,6,0.000668021,20,0.0005,1612515.148,468952.227,184.4,2089.8464,100,0.0,17,100,0,0,100,3400.0,3700,900,4.1,25.0,0.2,6,399.8409011,1000,300,3.4,22.7,0.2,1,219.4565874,2000,600,3.4,26,0.2,32,-297.446094,1800,700,2.6,28.6,0.2
80.389446,1,AUTO,ARMED,5,AVAILABLE,UNAVAILABLE,UNAVAILABLE,61,4,ACTIVE,711,D_P3-A5.NC,D_P3-A5.NC,6,0.000668021,20,0.0005,1612515.148,468952.227,184.4,2089.8464,100,0.0,18,100,0,0,100,3400.0,3700,900,4.1,25.0,0.2,6,399.8409126,1000,300,3.4,22.7,0.2,1,219.4588875,2000,600,3.4,26,0.2,32,-297.446094,1800,700,2.6,28.6,0.2
80.529382,1,AUTO,ARMED,5,AVAILABLE,UNAVAILABLE,UNAVAILABLE,63,4,ACTIVE,711,D_P3-A5.NC,D_P3-A5.NC,6,0.000668021,20,0.0005,1612515.148,468952.227,184.4,2089.8464,100,0.0,18,100,0,1,100,3400.0,3700,900,4.1,25.0,0.2,21,399.3248727,1000,300,3.4,22.7,0.2,0,220.0904035,2000,600,3.4,26,0.2,32,-297.446094,1800,700,2.6,28.6,0.2
80.671899,1,AUTO,ARMED,5,AVAILABLE,UNAVAILABLE,UNAVAILABLE,63,4,ACTIVE,711,D_P3-A5.NC,D_P3-A5.NC,6,0.000668021,20,0.0005,1612515.148,468952.227,184.4,2089.8464,100,16.93333,18,100,0,2,100,3400.0,3700,900,4.1,25.0,0.2,11,395.8441066,1000,300,3.4,22.7,0.2,4,220.0916738,2000,600,3.4,26,0.2,32,-297.4461054,1800,700,2.6,28.6,0.2
80.829532,1,AUTO,ARMED,5,AVAILABLE,UNAVAILABLE,UNAVAILABLE,63,4,ACTIVE,711,D_P3-A5.NC,D_P3-A5.NC,6,0.000668021,20,0.0005,1612515.148,468952.227,184.4,2431.1758,100,16.93333,18,100,0,2,100,3400.0,3700,900,4.1,25.0,0.2,11,394.0914375,1000,300,3.4,22.7,0.2,4,220.0916623,2000,600,3.4,26,0.2,32,-297.4461054,1800,700,2.6,28.6,0.2
80.971799,1,AUTO,ARMED,5,AVAILABLE,UNAVAILABLE,UNAVAILABLE,63,4,ACTIVE,711,D_P3-A5.NC,D_P3-A5.NC,6,0.000668021,20,0.0005,1612515.148,468952.227,184.4,2431.1758,100,16.93333,18,100,0,0,100,3400.0,3700,900,4.1,25.0,0.2,8,392.3473521,1000,300,3.4,22.7,0.2,4,220.091628,2000,600,3.4,26,0.2,32,-297.4461054,1800,700,2.6,28.6,0.2
81.108966,1,AUTO,ARMED,5,AVAILABLE,UNAVAILABLE,UNAVAILABLE,63,4,ACTIVE,711,D_P3-A5.NC,D_P3-A5.NC,6,0.001168144,20,0.0005,1612515.148,468952.227,184.4,2431.1758,100,16.93333,18,100,0,2,100,3400.0,3700,900,4.1,25.0,0.2,7,388.8501855,1000,300,3.4,22.7,0.2,4,220.0914907,2000,600,3.4,26,0.2,32,-297.4461054,1800,700,2.6,28.6,0.2
81.250429,1,AUTO,ARMED,5,AVAILABLE,UNAVAILABLE,UNAVAILABLE,63,4,ACTIVE,711,D_P3-A5.NC,D_P3-A5.NC,6,0.000668021,20,0.0005,1612515.148,468952.227,184.4,2431.1758,100,16.93333,18,100,0,2,100,3400.0,3700,900,4.1,25.0,0.2,7,387.1107925,1000,300,3.4,22.7,0.2,4,220.0914792,2000,600,3.4,26,0.2,32,-297.4461169,1800,700,2.6,28.6,0.2
81.395639,1,AUTO,ARMED,5,AVAILABLE,UNAVAILABLE,UNAVAILABLE,63,4,ACTIVE,711,D_P3-A5.NC,D_P3-A5.NC,6,0.000668021,20,0.0005,1612515.148,468952.227,184.4,2431.1758,100,16.93333,18,100,0,2,100,3400.0,3700,900,4.1,25.0,0.2,7,385.3664095,1000,300,3.4,22.7,0.2,4,220.0915364,2000,600,3.4,26,0.2,32,-297.4461054,1800,700,2.6,28.6,0.2
81.533746,1,AUTO,ARMED,5,AVAILABLE,UNAVAILABLE,UNAVAILABLE,63,4,ACTIVE,711,D_P3-A5.NC,D_P3-A5.NC,6,0.001168144,20,0.0005,1612515.148,468952.227,184.4,2431.1758,100,16.93333,19,100,0,1,100,3400.0,3700,900,4.1,25.0,0.2,6,380.1257296,1000,300,3.4,22.7,0.2,5,220.0916394,2000,600,3.4,26,0.2,32,-297.446094,1800,700,2.6,28.6,0.2
81.680905,1,AUTO,ARMED,5,AVAILABLE,UNAVAILABLE,UNAVAILABLE,63,4,ACTIVE,711,D_P3-A5.NC,D_P3-A5.NC,6,0.000668021,20,0.0005,1612515.148,468952.227,184.4,2431.1758,100,16.93333,19,100,0,1,100,3400.0,4400,1100,4.0,25.0,0.2,6,378.3814229,1200,300,3.6,22.7,0.2,5,220.0914907,2000,600,3.3,26,0.3,32,-297.446094,1800,700,2.6,28.6,0.2
81.822858,1,AUTO,ARMED,5,AVAILABLE,UNAVAILABLE,UNAVAILABLE,63,4,ACTIVE,711,D_P3-A5.NC,D_P3-A5.NC,6,0.000668021,20,0.0005,1612515.148,468952.227,184.4,2392.7659,100,16.93333,19,100,0,4,100,3400.0,4400,1100,4.0,25.0,0.2,5,376.6334312,1200,300,3.6,22.7,0.2,5,220.0916051,2000,600,3.3,26,0.3,32,-297.4461054,1800,700,2.6,28.6,0.2
81.984552,1,AUTO,ARMED,5,AVAILABLE,UNAVAILABLE,UNAVAILABLE,63,4,ACTIVE,711,D_P3-A5.NC,D_P3-A5.NC,6,0.001168144,20,0.0005,1612515.148,468952.227,184.4,2392.7659,100,16.93333,19,100,0,3,100,3400.0,4400,1100,4.0,25.0,0.2,5,373.1452298,1200,300,3.6,22.7,0.2,6,220.0916509,2000,600,3.3,26,0.3,32,-297.446094,1800,700,2.6,28.6,0.2
82.124095,1,AUTO,ARMED,5,AVAILABLE,UNAVAILABLE,UNAVAILABLE,63,4,ACTIVE,711,D_P3-A5.NC,D_P3-A5.NC,6,0.001168144,20,0.0005,1612515.148,468952.227,184.4,2392.7659,100,16.93333,19,100,0,3,100,3400.0,4400,1100,4.0,25.0,0.2,5,372.2642244,1200,300,3.6,22.7,0.2,6,220.0917424,2000,600,3.3,26,0.3,32,-297.446094,1800,700,2.6,28.6,0.2
82.264694,1,AUTO,ARMED,5,AVAILABLE,UNAVAILABLE,UNAVAILABLE,63,4,ACTIVE,711,D_P3-A5.NC,D_P3-A5.NC,6,0.001168144,20,0.0005,1612515.148,468952.227,184.4,2392.7659,100,16.93333,19,100,0,0,100,3400.0,4400,1100,4.0,25.0,0.2,5,370.5202038,1200,300,3.6,22.7,0.2,5,220.0915479,2000,600,3.3,26,0.3,32,-297.4461054,1800,700,2.6,28.6,0.2
82.419536,1,AUTO,ARMED,5,AVAILABLE,UNAVAILABLE,UNAVAILABLE,63,4,ACTIVE,711,D_P3-A5.NC,D_P3-A5.NC,6,0.000668021,20,0.0005,1612515.148,468952.227,184.4,2392.7659,100,16.93333,20,100,0,0,100,3400.0,4400,1100,4.0,25.0,0.2,5,367.0321397,1200,300,3.6,22.7,0.2,5,220.0914907,2000,600,3.3,26,0.3,32,-297.446094,1800,700,2.6,28.6,0.2
82.559731,1,AUTO,ARMED,5,AVAILABLE,UNAVAILABLE,UNAVAILABLE,63,4,ACTIVE,711,D_P3-A5.NC,D_P3-A5.NC,6,0.001168144,20,0.0005,1612515.148,468952.227,184.4,2392.7659,100,16.93333,20,100,0,0,100,3400.0,4400,1100,4.0,25.0,0.2,6,363.5397382,1200,300,3.6,22.7,0.2,5,220.0916051,2000,600,3.3,26,0.3,32,-297.446094,1800,700,2.6,28.6,0.2
82.706119,1,AUTO,ARMED,5,AVAILABLE,UNAVAILABLE,UNAVAILABLE,63,4,ACTIVE,711,D_P3-A5.NC,D_P3-A5.NC,6,0.001168144,20,0.0005,1612515.148,468952.227,184.4,2392.7659,100,16.93333,20,100,0,0,100,3400.0,4400,1100,4.0,25.0,0.2,6,361.7951683,1200,300,3.6,22.7,0.2,5,220.0916394,2000,600,3.3,26,0.3,32,-297.4460825,1800,700,2.6,28.6,0.2
82.864114,1,AUTO,ARMED,5,AVAILABLE,UNAVAILABLE,UNAVAILABLE,63,4,ACTIVE,711,D_P3-A5.NC,D_P3-A5.NC,6,0.000668021,20,0.0005,1612515.148,468952.227,184.4,2392.7659,100,16.93333,20,100,0,1,100,3400.0,4400,1100,4.0,25.0,0.2,5,360.0427477,1200,300,3.6,22.7,0.2,5,220.0916852,2000,600,3.3,26,0.3,32,-297.4461283,1800,700,2.6,28.6,0.2
83.010143,1,AUTO,ARMED,5,AVAILABLE,UNAVAILABLE,UNAVAILABLE,63,4,ACTIVE,711,D_P3-A5.NC,D_P3-A5.NC,6,0.000668021,20,0.0005,1612515.148,468952.227,184.4,2419.1987,100,16.93333,20,100,0,1,100,3400.0,4400,1100,4.0,25.0,0.2,5,358.3025952,1200,300,3.6,22.7,0.2,5,220.091628,2000,600,3.3,26,0.3,32,-297.446094,1800,700,2.6,28.6,0.2
83.157101,1,AUTO,ARMED,5,AVAILABLE,UNAVAILABLE,UNAVAILABLE,63,4,ACTIVE,711,D_P3-A5.NC,D_P3-A5.NC,6,0.000668021,20,0.0005,1612515.148,468952.227,184.4,2419.1987,100,16.93333,20,100,0,2,100,3400.0,4400,1100,4.0,25.0,0.2,4,353.0622162,1200,300,3.6,22.7,0.2,5,220.0916165,2000,600,3.3,26,0.3,32,-297.446094,1800,700,2.6,28.6,0.2
83.306088,1,AUTO,ARMED,5,AVAILABLE,UNAVAILABLE,UNAVAILABLE,63,4,ACTIVE,711,D_P3-A5.NC,D_P3-A5.NC,6,0.000668021,20,0.0005,1612515.148,468952.227,184.4,2419.1987,100,16.93333,20,100,0,2,100,3400.0,3800,1100,3.5,25.0,0.2,5,351.3179466,700,100,6.6,22.7,0.1,5,220.0915593,1800,500,3.8,26,0.2,32,-297.4461169,1800,700,2.6,28.6,0.2
83.4477,1,AUTO,ARMED,5,AVAILABLE,UNAVAILABLE,UNAVAILABLE,63,4,ACTIVE,711,D_P3-A5.NC,D_P3-A5.NC,6,0.001168144,20,0.0005,1612515.148,468952.227,184.4,2419.1987,100,16.93333,21,100,0,2,100,3400.0,3800,1100,3.5,25.0,0.2,5,349.5693855,700,100,6.6,22.7,0.1,5,220.0917653,1800,500,3.8,26,0.2,32,-297.446094,1800,700,2.6,28.6,0.2
83.599825,1,AUTO,ARMED,5,AVAILABLE,UNAVAILABLE,UNAVAILABLE,63,4,ACTIVE,711,D_P3-A5.NC,D_P3-A5.NC,6,0.001168144,20,0.0005,1612515.148,468952.227,184.4,2419.1987,100,16.93333,21,100,0,2,100,3400.0,3800,1100,3.5,25.0,0.2,4,346.0853323,700,100,6.6,22.7,0.1,5,220.0915822,1800,500,3.8,26,0.2,32,-297.4461054,1800,700,2.6,28.6,0.2
83.744868,1,AUTO,ARMED,5,AVAILABLE,UNAVAILABLE,UNAVAILABLE,63,4,ACTIVE,711,D_P3-A5.NC,D_P3-A5.NC,6,0.001168144,20,0.0005,1612515.148,468952.227,184.4,2419.1987,100,16.93333,21,100,0,0,100,3400.0,3800,1100,3.5,25.0,0.2,4,344.3415434,700,100,6.6,22.7,0.1,6,220.0915479,1800,500,3.8,26,0.2,32,-297.4460825,1800,700,2.6,28.6,0.2
83.883468,1,AUTO,ARMED,5,AVAILABLE,UNAVAILABLE,UNAVAILABLE,63,4,ACTIVE,711,D_P3-A5.NC,D_P3-A5.NC,6,0.000167898,20,0.0005,1612515.148,468952.227,184.4,2419.1987,100,16.93333,21,100,0,0,100,3400.0,3800,1100,3.5,25.0,0.2,4,342.5930052,700,100,6.6,22.7,0.1,6,220.0916051,1800,500,3.8,26,0.2,32,-297.446094,1800,700,2.6,28.6,0.2
84.034868,1,AUTO,ARMED,5,AVAILABLE,UNAVAILABLE,UNAVAILABLE,63,4,ACTIVE,711,D_P3-A5.NC,D_P3-A5.NC,6,0.000668021,20,0.0005,1612515.148,468952.227,184.4,1979.9127,100,16.93333,21,100,0,1,100,3400.0,3800,1100,3.5,25.0,0.2,5,339.9767152,700,100,6.6,22.7,0.1,4,220.0915708,1800,500,3.8,26,0.2,32,-297.4461169,1800,700,2.6,28.6,0.2
84.18048,1,AUTO,ARMED,5,AVAILABLE,UNAVAILABLE,UNAVAILABLE,63,4,ACTIVE,711,D_P3-A5.NC,D_P3-A5.NC,6,0.000668021,20,0.0005,1612515.148,468952.227,184.4,1979.9127,100,16.93333,21,100,0,1,100,3400.0,3800,1100,3.5,25.0,0.2,5,336.4839876,700,100,6.6,22.7,0.1,4,220.0915479,1800,500,3.8,26,0.2,32,-297.446094,1800,700,2.6,28.6,0.2
84.330922,1,AUTO,ARMED,5,AVAILABLE,UNAVAILABLE,UNAVAILABLE,63,4,ACTIVE,711,D_P3-A5.NC,D_P3-A5.NC,6,0.001168144,20,0.0005,1612515.148,468952.227,184.4,1979.9127,100,16.93333,22,100,0,0,100,3400.0,3800,1100,3.5,25.0,0.2,5,334.7399926,700,100,6.6,22.7,0.1,5,220.0915479,1800,500,3.8,26,0.2,32,-297.4461054,1800,700,2.6,28.6,0.2
84.485299,1,AUTO,ARMED,5,AVAILABLE,UNAVAILABLE,UNAVAILABLE,63,4,ACTIVE,711,D_P3-A5.NC,D_P3-A5.NC,6,0.001168144,20,0.0005,1612515.148,468952.227,184.4,1979.9127,100,16.93333,22,100,0,0,100,3400.0,3800,1100,3.5,25.0,0.2,7,332.996341,700,100,6.6,22.7,0.1,5,220.0917081,1800,500,3.8,26,0.2,32,-297.4460825,1800,700,2.6,28.6,0.2
84.634366,1,AUTO,ARMED,5,AVAILABLE,UNAVAILABLE,UNAVAILABLE,63,4,ACTIVE,711,D_P3-A5.NC,D_P3-A5.NC,6,0.000668021,20,0.0005,1612515.148,468952.227,184.4,1979.9127,100,16.93333,22,100,0,4,100,3400.0,3800,1100,3.5,25.0,0.2,7,329.5033695,700,100,6.6,22.7,0.1,4,220.0916852,1800,500,3.8,26,0.2,32,-297.446094,1800,700,2.6,28.6,0.2
84.775686,1,AUTO,ARMED,5,AVAILABLE,UNAVAILABLE,UNAVAILABLE,63,4,ACTIVE,711,D_P3-A5.NC,D_P3-A5.NC,6,0.000668021,20,0.0005,1612515.148,468952.227,184.4,1979.9127,100,16.93333,22,100,0,1,100,3400.0,2500,600,4.1,25.0,0.2,8,326.0067986,200,100,3.5,22.7,0.1,3,220.0916165,1600,400,4.2,26,0.1,32,-297.4461054,1300,600,2.0,28.5,0.1
84.918945,1,AUTO,ARMED,5,AVAILABLE,UNAVAILABLE,UNAVAILABLE,63,4,ACTIVE,711,D_P3-A5.NC,D_P3-A5.NC,6,0.000668021,20,0.0005,1612515.148,468952.227,184.4,1979.9127,100,16.93333,22,100,0,1,100,3400.0,2500,600,4.1,25.0,0.2,8,324.2625588,200,100,3.5,22.7,0.1,3,220.0916051,1600,400,4.2,26,0.1,32,-297.446094,1300,600,2.0,28.5,0.1
85.06448,1,AUTO,ARMED,5,AVAILABLE,UNAVAILABLE,UNAVAILABLE,63,4,ACTIVE,711,D_P3-A5.NC,D_P3-A5.NC,6,0.000668021,20,0.0005,1612515.148,468952.227,184.4,1979.9127,100,16.93333,22,100,0,0,100,3400.0,2500,600,4.1,25.0,0.2,8,322.5186395,200,100,3.5,22.7,0.1,3,220.0915936,1600,400,4.2,26,0.1,32,-297.446094,1300,600,2.0,28.5,0.1
85.203304,1,AUTO,ARMED,5,AVAILABLE,UNAVAILABLE,UNAVAILABLE,63,4,ACTIVE,711,D_P3-A5.NC,D_P3-A5.NC,6,0.000668021,20,0.0005,1612515.148,468952.227,184.4,1940.0718,100,12.88333,22,100,0,1,100,3400.0,2500,600,4.1,25.0,0.2,8,319.0288324,200,100,3.5,22.7,0.1,3,220.0916165,1600,400,4.2,26,0.1,32,-297.4461054,1300,600,2.0,28.5,0.1
85.345652,1,AUTO,ARMED,5,AVAILABLE,UNAVAILABLE,UNAVAILABLE,64,4,ACTIVE,711,D_P3-A5.NC,D_P3-A5.NC,6,0.000668021,20,0.0005,1612515.148,468952.227,184.4,1940.0718,100,8.583333,22,100,0,1,100,3400.0,2500,600,4.1,25.0,0.2,8,318.5617776,200,100,3.5,22.7,0.1,3,220.0916051,1600,400,4.2,26,0.1,32,-297.4461054,1300,600,2.0,28.5,0.1
85.498076,1,AUTO,ARMED,5,AVAILABLE,UNAVAILABLE,UNAVAILABLE,64,4,ACTIVE,711,D_P3-A5.NC,D_P3-A5.NC,6,0.000668021,20,0.0005,1612515.148,468952.227,184.4,1940.0718,100,0.0,23,100,0,0,100,3400.0,2500,600,4.1,25.0,0.2,7,318.5608048,200,100,3.5,22.7,0.1,3,220.0916051,1600,400,4.2,26,0.1,32,-297.4461054,1300,600,2.0,28.5,0.1
85.646802,1,AUTO,ARMED,5,AVAILABLE,UNAVAILABLE,UNAVAILABLE,64,4,ACTIVE,711,D_P3-A5.NC,D_P3-A5.NC,6,0.000668021,20,0.0005,1612515.148,468952.227,184.4,1940.0718,100,0.0,23,100,0,1,100,3400.0,2500,600,4.1,25.0,0.2,6,318.5608849,200,100,3.5,22.7,0.1,3,220.0916051,1600,400,4.2,26,0.1,32,-297.4461054,1300,600,2.0,28.5,0.1
85.793896,1,AUTO,ARMED,5,AVAILABLE,UNAVAILABLE,UNAVAILABLE,64,4,ACTIVE,711,D_P3-A5.NC,D_P3-A5.NC,6,0.000668021,20,0.0005,1612515.148,468952.227,184.4,1940.0718,100,0.0,23,100,0,3,100,3400.0,2500,600,4.1,25.0,0.2,5,318.5608964,200,100,3.5,22.7,0.1,3,220.0915936,1600,400,4.2,26,0.1,32,-297.4461054,1300,600,2.0,28.5,0.1
85.932877,1,AUTO,ARMED,5,AVAILABLE,UNAVAILABLE,UNAVAILABLE,64,4,ACTIVE,711,D_P3-A5.NC,D_P3-A5.NC,6,0.000668021,20,0.0005,1612515.148,468952.227,184.4,1940.0718,100,0.0,23,100,0,3,100,3400.0,2500,600,4.1,25.0,0.2,5,318.5609078,200,100,3.5,22.7,0.1,3,220.0916051,1600,400,4.2,26,0.1,32,-297.4461054,1300,600,2.0,28.5,0.1
86.074713,1,AUTO,ARMED,5,AVAILABLE,UNAVAILABLE,UNAVAILABLE,64,4,ACTIVE,711,D_P3-A5.NC,D_P3-A5.NC,6,0.000668021,20,0.0005,1612515.148,468952.227,184.4,1940.0718,100,0.0,23,100,0,0,100,3400.0,2500,600,4.1,25.0,0.2,5,318.5608964,200,100,3.5,22.7,0.1,3,220.0915936,1600,400,4.2,26,0.1,32,-297.4461054,1300,600,2.0,28.5,0.1
86.214754,1,AUTO,ARMED,5,AVAILABLE,UNAVAILABLE,UNAVAILABLE,64,4,ACTIVE,711,D_P3-A5.NC,D_P3-A5.NC,6,0.000668021,20,0.0005,1612515.148,468952.227,184.4,1989.1184,100,0.0,23,100,0,0,100,3400.0,2500,600,4.1,25.0,0.2,5,318.5608964,200,100,3.5,22.7,0.1,3,220.0915936,1600,400,4.2,26,0.1,32,-297.4461054,1300,600,2.0,28.5,0.1
86.360068,1,AUTO,ARMED,5,AVAILABLE,UNAVAILABLE,UNAVAILABLE,64,4,ACTIVE,711,D_P3-A5.NC,D_P3-A5.NC,6,0.000668021,20,0.0005,1612515.148,468952.227,184.4,1989.1184,100,0.0,24,100,0,0,100,3400.0,2700,600,4.5,25.0,0.2,5,318.5609078,800,100,6.8,22.7,0.1,3,220.0915936,1800,700,2.8,26,0.1,32,-297.446094,1300,600,2.0,28.5,0.2
86.503496,1,AUTO,ARMED,5,AVAILABLE,UNAVAILABLE,UNAVAILABLE,67,4,ACTIVE,711,D_P3-A5.NC,D_P3-A5.NC,6,0.000668021,20,0.0005,1612515.148,468952.227,184.4,1989.1184,100,0.0,24,100,0,0,100,3400.0,2700,600,4.5,25.0,0.2,5,318.5609078,800,100,6.8,22.7,0.1,0,220.7263139,1800,700,2.8,26,0.1,32,-297.4461054,1300,600,2.0,28.5,0.2
86.644628,1,AUTO,ARMED,5,AVAILABLE,UNAVAILABLE,UNAVAILABLE,68,4,ACTIVE,711,D_P3-A5.NC,D_P3-A5.NC,6,0.000668021,20,0.0005,1612515.148,468952.227,184.4,1989.1184,100,0.0,24,100,0,0,100,3400.0,2700,600,4.5,25.0,0.2,5,318.5609078,800,100,6.8,22.7,0.1,0,220.7265427,1800,700,2.8,26,0.1,32,-297.446094,1300,600,2.0,28.5,0.2
86.801639,1,AUTO,ARMED,5,AVAILABLE,UNAVAILABLE,UNAVAILABLE,68,4,ACTIVE,711,D_P3-A5.NC,D_P3-A5.NC,6,0.000668021,20,0.0005,1612515.148,468952.227,184.4,1989.1184,100,0.0,24,100,0,0,100,3400.0,2700,600,4.5,25.0,0.2,5,318.5608964,800,100,6.8,22.7,0.1,0,220.7265885,1800,700,2.8,26,0.1,32,-297.446094,1300,600,2.0,28.5,0.2
86.944252,1,AUTO,ARMED,5,AVAILABLE,UNAVAILABLE,UNAVAILABLE,68,4,ACTIVE,711,D_P3-A5.NC,D_P3-A5.NC,6,0.000668021,20,0.0005,1612515.148,468952.227,184.4,1989.1184,100,0.0,24,100,0,3,100,3400.0,2700,600,4.5,25.0,0.2,5,318.5609078,800,100,6.8,22.7,0.1,0,220.7265999,1800,700,2.8,26,0.1,32,-297.4461054,1300,600,2.0,28.5,0.2
87.082656,1,AUTO,ARMED,5,AVAILABLE,UNAVAILABLE,UNAVAILABLE,68,4,ACTIVE,711,D_P3-A5.NC,D_P3-A5.NC,6,0.000668021,20,0.0005,1612515.148,468952.227,184.4,1989.1184,100,0.0,24,100,0,0,100,3400.0,2700,600,4.5,25.0,0.2,5,318.5608964,800,100,6.8,22.7,0.1,0,220.7266114,1800,700,2.8,26,0.1,32,-297.446094,1300,600,2.0,28.5,0.2
87.224995,1,AUTO,ARMED,5,AVAILABLE,UNAVAILABLE,UNAVAILABLE,68,4,ACTIVE,711,D_P3-A5.NC,D_P3-A5.NC,6,0.000668021,20,0.0005,1612515.148,468952.227,184.4,1989.1184,100,0.0,24,100,0,0,100,3400.0,2700,600,4.5,25.0,0.2,5,318.5608964,800,100,6.8,22.7,0.1,0,220.7265999,1800,700,2.8,26,0.1,32,-297.446094,1300,600,2.0,28.5,0.2
87.364682,1,AUTO,ARMED,5,AVAILABLE,UNAVAILABLE,UNAVAILABLE,68,4,ACTIVE,711,D_P3-A5.NC,D_P3-A5.NC,6,0.000668021,20,0.0005,1612515.148,468952.227,184.4,2511.9248,100,0.0,25,100,0,1,100,3400.0,2700,600,4.5,25.0,0.2,5,318.5608964,800,100,6.8,22.7,0.1,0,220.7266114,1800,700,2.8,26,0.1,32,-297.446094,1300,600,2.0,28.5,0.2
87.503937,1,AUTO,ARMED,5,AVAILABLE,UNAVAILABLE,UNAVAILABLE,69,4,ACTIVE,711,D_P3-A5.NC,D_P3-A5.NC,6,0.000668021,20,0.0005,1612515.148,468952.227,184.4,2511.9248,100,0.0,25,100,0,1,100,3400.0,2700,600,4.5,25.0,0.2,5,318.7341041,800,100,6.8,22.7,0.1,0,220.7265885,1800,700,2.8,26,0.1,32,-297.4461054,1300,600,2.0,28.5,0.2
87.661191,1,AUTO,ARMED,5,AVAILABLE,UNAVAILABLE,UNAVAILABLE,69,4,ACTIVE,711,D_P3-A5.NC,D_P3-A5.NC,6,0.000668021,20,0.0005,1612515.148,468952.227,184.4,2511.9248,100,19.05,25,100,0,0,100,3400.0,2700,600,4.5,25.0,0.2,8,323.6288747,800,100,6.8,22.7,0.1,0,220.7265999,1800,700,2.8,26,0.1,32,-297.446094,1300,600,2.0,28.5,0.2
87.801298,1,AUTO,ARMED,5,AVAILABLE,UNAVAILABLE,UNAVAILABLE,69,4,ACTIVE,711,D_P3-A5.NC,D_P3-A5.NC,6,0.000668021,20,0.0005,1612515.148,468952.227,184.4,2511.9248,100,19.05,25,100,0,0,100,3400.0,3800,1200,3.3,25.0,0.2,8,325.6005484,700,200,3.3,22.7,0.2,0,220.7266114,2700,1200,2.2,26,0.2,32,-297.4461054,2300,800,3.0,28.5,0.4
87.953166,1,AUTO,ARMED,5,AVAILABLE,UNAVAILABLE,UNAVAILABLE,69,4,ACTIVE,711,D_P3-A5.NC,D_P3-A5.NC,6,0.000668021,20,0.0005,1612515.148,468952.227,184.4,2511.9248,100,19.05,25,100,0,0,100,3400.0,3800,1200,3.3,25.0,0.2,8,327.5579966,700,200,3.3,22.7,0.2,0,220.7266114,2700,1200,2.2,26,0.2,32,-297.4461054,2300,800,3.0,28.5,0.4
88.113283,1,AUTO,ARMED,5,AVAILABLE,UNAVAILABLE,UNAVAILABLE,69,4,ACTIVE,711,D_P3-A5.NC,D_P3-A5.NC,6,0.000668021,20,0.0005,1612515.148,468952.227,184.4,2511.9248,100,19.05,25,100,0,2,100,3400.0,3800,1200,3.3,25.0,0.2,14,331.4817276,700,200,3.3,22.7,0.2,1,220.7265656,2700,1200,2.2,26,0.2,32,-297.4461283,2300,800,3.0,28.5,0.4
88.25749,1,AUTO,ARMED,5,AVAILABLE,UNAVAILABLE,UNAVAILABLE,69,4,ACTIVE,711,D_P3-A5.NC,D_P3-A5.NC,6,0.000668021,20,0.0005,1612515.148,468952.227,184.4,2511.9248,100,19.05,25,100,0,2,100,3400.0,3800,1200,3.3,25.0,0.2,14,333.4537292,700,200,3.3,22.7,0.2,1,220.726497,2700,1200,2.2,26,0.2,32,-297.4461054,2300,800,3.0,28.5,0.4
88.398555,1,AUTO,ARMED,5,AVAILABLE,UNAVAILABLE,UNAVAILABLE,69,4,ACTIVE,711,D_P3-A5.NC,D_P3-A5.NC,6,0.000668021,20,0.0005,1612515.148,468952.227,184.4,2481.8682,100,19.05,26,100,0,2,100,3400.0,3800,1200,3.3,25.0,0.2,14,335.4164954,700,200,3.3,22.7,0.2,1,220.7265885,2700,1200,2.2,26,0.2,32,-297.4461054,2300,800,3.0,28.5,0.4
88.54482,1,AUTO,ARMED,5,AVAILABLE,UNAVAILABLE,UNAVAILABLE,69,4,ACTIVE,711,D_P3-A5.NC,D_P3-A5.NC,6,0.000668021,20,0.0005,1612515.148,468952.227,184.4,2481.8682,100,19.05,26,100,0,2,100,3400.0,3800,1200,3.3,25.0,0.2,14,337.3736197,700,200,3.3,22.7,0.2,1,220.7265885,2700,1200,2.2,26,0.2,32,-297.446094,2300,800,3.0,28.5,0.4
88.683506,1,AUTO,ARMED,5,AVAILABLE,UNAVAILABLE,UNAVAILABLE,69,4,ACTIVE,711,D_P3-A5.NC,D_P3-A5.NC,6,0.000668021,20,0.0005,1612515.148,468952.227,184.4,2481.8682,100,19.05,26,100,0,0,100,3400.0,3800,1200,3.3,25.0,0.2,15,343.2692539,700,200,3.3,22.7,0.2,1,220.7265885,2700,1200,2.2,26,0.2,32,-297.446094,2300,800,3.0,28.5,0.4
88.826932,1,AUTO,ARMED,5,AVAILABLE,UNAVAILABLE,UNAVAILABLE,69,4,ACTIVE,711,D_P3-A5.NC,D_P3-A5.NC,6,0.000668021,20,0.0005,1612515.148,468952.227,184.4,2481.8682,100,19.05,26,100,0,1,100,3400.0,3800,1200,3.3,25.0,0.2,15,345.2362545,700,200,3.3,22.7,0.2,1,220.7265885,2700,1200,2.2,26,0.2,32,-297.4461054,2300,800,3.0,28.5,0.4
88.97686,1,AUTO,ARMED,5,AVAILABLE,UNAVAILABLE,UNAVAILABLE,69,4,ACTIVE,711,D_P3-A5.NC,D_P3-A5.NC,6,0.001168144,20,0.0005,1612515.148,468952.227,184.4,2481.8682,100,19.05,26,100,0,1,100,3400.0,3800,1200,3.3,25.0,0.2,15,347.1987803,700,200,3.3,22.7,0.2,1,220.7265885,2700,1200,2.2,26,0.2,32,-297.446094,2300,800,3.0,28.5,0.4
89.137936,1,AUTO,ARMED,5,AVAILABLE,UNAVAILABLE,UNAVAILABLE,69,4,ACTIVE,711,D_P3-A5.NC,D_P3-A5.NC,6,0.000668021,20,0.0005,1612515.148,468952.227,184.4,2481.8682,100,19.05,26,100,0,0,100,3400.0,3800,1200,3.3,25.0,0.2,16,351.1279634,700,200,3.3,22.7,0.2,2,220.7266114,2700,1200,2.2,26,0.2,32,-297.4461054,2300,800,3.0,28.5,0.4
89.297225,1,AUTO,ARMED,5,AVAILABLE,UNAVAILABLE,UNAVAILABLE,69,4,ACTIVE,711,D_P3-A5.NC,D_P3-A5.NC,6,0.000668021,20,0.0005,1612515.148,468952.227,184.4,2481.8682,100,19.05,26,100,0,0,100,3400.0,4100,1200,3.6,25.0,0.2,15,353.0897455,800,200,3.6,22.7,0.2,1,220.7266457,2500,1200,2.1,26,0.2,32,-297.4461054,2300,800,2.9,28.5,0.4
89.44486,1,AUTO,ARMED,5,AVAILABLE,UNAVAILABLE,UNAVAILABLE,69,4,ACTIVE,711,D_P3-A5.NC,D_P3-A5.NC,6,0.000668021,20,0.0005,1612515.148,468952.227,184.4,2503.4541,100,19.05,27,100,0,1,100,3400.0,4100,1200,3.6,25.0,0.2,15,357.0139582,800,200,3.6,22.7,0.2,1,220.7266228,2500,1200,2.1,26,0.2,32,-297.4461054,2300,800,2.9,28.5,0.4
89.588753,1,AUTO,ARMED,5,AVAILABLE,UNAVAILABLE,UNAVAILABLE,69,4,ACTIVE,711,D_P3-A5.NC,D_P3-A5.NC,6,0.001168144,20,0.0005,1612515.148,468952.227,184.4,2503.4541,100,19.05,27,100,0,2,100,3400.0,4100,1200,3.6,25.0,0.2,16,359.9619794,800,200,3.6,22.7,0.2,1,220.7266114,2500,1200,2.1,26,0.2,32,-297.446094,2300,800,2.9,28.5,0.4
89.731892,1,AUTO,ARMED,5,AVAILABLE,UNAVAILABLE,UNAVAILABLE,69,4,ACTIVE,711,D_P3-A5.NC,D_P3-A5.NC,6,0.000668021,20,0.0005,1612515.148,468952.227,184.4,2503.4541,100,19.05,27,100,0,2,100,3400.0,4100,1200,3.6,25.0,0.2,16,361.9245002,800,200,3.6,22.7,0.2,1,220.7265656,2500,1200,2.1,26,0.2,32,-297.4461054,2300,800,2.9,28.5,0.4
89.876906,1,AUTO,ARMED,5,AVAILABLE,UNAVAILABLE,UNAVAILABLE,69,4,ACTIVE,711,D_P3-A5.NC,D_P3-A5.NC,6,0.000668021,20,0.0005,1612515.148,468952.227,184.4,2503.4541,100,19.05,27,100,0,3,100,3400.0,4100,1200,3.6,25.0,0.2,17,363.8912438,800,200,3.6,22.7,0.2,1,220.7265999,2500,1200,2.1,26,0.2,32,-297.446094,2300,800,2.9,28.5,0.4
90.01587,1,AUTO,ARMED,5,AVAILABLE,UNAVAILABLE,UNAVAILABLE,69,4,ACTIVE,711,D_P3-A5.NC,D_P3-A5.NC,6,0.000668021,20,0.0005,1612515.148,468952.227,184.4,2503.4541,100,19.05,27,100,0,0,100,3400.0,4100,1200,3.6,25.0,0.2,17,367.8154042,800,200,3.6,22.7,0.2,1,220.7265999,2500,1200,2.1,26,0.2,32,-297.446094,2300,800,2.9,28.5,0.4
90.159392,1,AUTO,ARMED,5,AVAILABLE,UNAVAILABLE,UNAVAILABLE,69,4,ACTIVE,711,D_P3-A5.NC,D_P3-A5.NC,6,0.000668021,20,0.0005,1612515.148,468952.227,184.4,2503.4541,100,19.05,27,100,0,0,100,3400.0,4100,1200,3.6,25.0,0.2,17,369.7770667,800,200,3.6,22.7,0.2,1,220.7266114,2500,1200,2.1,26,0.2,32,-297.446094,2300,800,2.9,28.5,0.4
90.322758,1,AUTO,ARMED,5,AVAILABLE,UNAVAILABLE,UNAVAILABLE,69,4,ACTIVE,711,D_P3-A5.NC,D_P3-A5.NC,6,0.000668021,20,0.0005,1612515.148,468952.227,184.4,2503.4541,100,19.05,27,100,0,2,100,3400.0,4100,1200,3.6,25.0,0.2,17,371.7489487,800,200,3.6,22.7,0.2,1,220.7265313,2500,1200,2.1,26,0.2,32,-297.4461054,2300,800,2.9,28.5,0.4
90.471562,1,AUTO,ARMED,5,AVAILABLE,UNAVAILABLE,UNAVAILABLE,69,4,ACTIVE,711,D_P3-A5.NC,D_P3-A5.NC,6,0.000668021,20,0.0005,1612515.148,468952.227,184.4,2503.4541,100,19.05,28,100,0,0,100,3400.0,4100,1200,3.6,25.0,0.2,18,377.6405508,800,200,3.6,22.7,0.2,2,220.7266114,2500,1200,2.1,26,0.2,32,-297.4461054,2300,800,2.9,28.5,0.4
90.613904,1,AUTO,ARMED,5,AVAILABLE,UNAVAILABLE,UNAVAILABLE,69,4,ACTIVE,711,D_P3-A5.NC,D_P3-A5.NC,6,0.000668021,20,0.0005,1612515.148,468952.227,184.4,1993.8806,100,19.05,28,100,0,0,100,3400.0,4100,1200,3.6,25.0,0.2,18,379.6025108,800,200,3.6,22.7,0.2,2,220.7266457,2500,1200,2.1,26,0.2,32,-297.446094,2300,800,2.9,28.5,0.4
90.753849,1,AUTO,ARMED,5,AVAILABLE,UNAVAILABLE,UNAVAILABLE,69,4,ACTIVE,711,D_P3-A5.NC,D_P3-A5.NC,6,0.000668021,20,0.0005,1612515.148,468952.227,184.4,1993.8806,100,19.05,28,100,0,1,100,3400.0,4100,1200,3.6,25.0,0.2,16,381.5595465,800,200,3.6,22.7,0.2,1,220.7266114,2500,1200,2.1,26,0.2,32,-297.4461169,2300,800,2.9,28.5,0.4
90.897694,1,AUTO,ARMED,5,AVAILABLE,UNAVAILABLE,UNAVAILABLE,69,4,ACTIVE,711,D_P3-A5.NC,D_P3-A5.NC,6,0.000668021,20,0.0005,1612515.148,468952.227,184.4,1993.8806,100,19.05,28,100,0,1,100,3400.0,2800,600,4.8,25.0,0.2,16,383.5315502,200,0,4.1,22.7,0.1,1,220.7265427,1500,600,2.7,26,0.1,32,-297.446094,1200,600,1.9,28.5,0.2
91.04127,1,AUTO,ARMED,5,AVAILABLE,UNAVAILABLE,UNAVAILABLE,69,4,ACTIVE,711,D_P3-A5.NC,D_P3-A5.NC,6,0.000668021,20,0.0005,1612515.148,468952.227,184.4,1993.8806,100,19.05,28,100,0,2,100,3400.0,2800,600,4.8,25.0,0.2,16,387.4562729,200,0,4.1,22.7,0.1,1,220.7266572,1500,600,2.7,26,0.1,32,-297.4460825,1200,600,1.9,28.5,0.2
91.18615,1,AUTO,ARMED,5,AVAILABLE,UNAVAILABLE,UNAVAILABLE,69,4,ACTIVE,711,D_P3-A5.NC,D_P3-A5.NC,6,0.000668021,20,0.0005,1612515.148,468952.227,184.4,1993.8806,100,19.05,28,100,0,1,100,3400.0,2800,600,4.8,25.0,0.2,11,389.4277616,200,0,4.1,22.7,0.1,1,220.7266572,1500,600,2.7,26,0.1,32,-297.446094,1200,600,1.9,28.5,0.2
91.342416,1,AUTO,ARMED,5,AVAILABLE,UNAVAILABLE,UNAVAILABLE,69,4,ACTIVE,711,D_P3-A5.NC,D_P3-A5.NC,6,0.000668021,20,0.0005,1612515.148,468952.227,184.4,1993.8806,100,19.05,28,100,0,1,100,3400.0,2800,600,4.8,25.0,0.2,11,393.3471739,200,0,4.1,22.7,0.1,1,220.7265999,1500,600,2.7,26,0.1,32,-297.446094,1200,600,1.9,28.5,0.2
91.492729,1,AUTO,ARMED,5,AVAILABLE,UNAVAILABLE,UNAVAILABLE,69,4,ACTIVE,711,D_P3-A5.NC,D_P3-A5.NC,6,0.000668021,20,0.0005,1612515.148,468952.227,184.4,1993.8806,100,19.05,29,100,0,1,100,3400.0,2800,600,4.8,25.0,0.2,9,395.319086,200,0,4.1,22.7,0.1,0,220.7265999,1500,600,2.7,26,0.1,32,-297.4461054,1200,600,1.9,28.5,0.2
91.651757,1,AUTO,ARMED,5,AVAILABLE,UNAVAILABLE,UNAVAILABLE,69,4,ACTIVE,711,D_P3-A5.NC,D_P3-A5.NC,6,0.000668021,20,0.0005,1612515.148,468952.227,184.4,1958.8601,100,19.05,29,100,0,1,100,3400.0,2800,600,4.8,25.0,0.2,8,398.2669857,200,0,4.1,22.7,0.1,0,220.7265999,1500,600,2.7,26,0.1,32,-297.446094,1200,600,1.9,28.5,0.2
91.796691,1,AUTO,ARMED,5,AVAILABLE,UNAVAILABLE,UNAVAILABLE,69,4,ACTIVE,711,D_P3-A5.NC,D_P3-A5.NC,6,0.000668021,20,0.0005,1612515.148,468952.227,184.4,1958.8601,100,9.533333,29,100,0,0,100,3400.0,2800,600,4.8,25.0,0.2,8,399.8402946,200,0,4.1,22.7,0.1,0,220.7266114,1500,600,2.7,26,0.1,32,-297.4461054,1200,600,1.9,28.5,0.2
91.940673,1,AUTO,ARMED,5,AVAILABLE,UNAVAILABLE,UNAVAILABLE,70,4,ACTIVE,711,D_P3-A5.NC,D_P3-A5.NC,6,0.000668021,20,0.0005,1612515.148,468952.227,184.4,1958.8601,100,0.0,29,100,0,0,100,3400.0,2800,600,4.8,25.0,0.2,7,399.8409698,200,0,4.1,22.7,0.1,0,220.7266114,1500,600,2.7,26,0.1,32,-297.446094,1200,600,1.9,28.5,0.2
92.082298,1,AUTO,ARMED,5,AVAILABLE,UNAVAILABLE,UNAVAILABLE,70,4,ACTIVE,711,D_P3-A5.NC,D_P3-A5.NC,6,0.000668021,20,0.0005,1612515.148,468952.227,184.4,1958.8601,100,0.0,29,100,0,0,100,3400.0,2800,600,4.8,25.0,0.2,7,399.8409469,200,0,4.1,22.7,0.1,0,220.7265999,1500,600,2.7,26,0.1,32,-297.446094,1200,600,1.9,28.5,0.2
92.222748,1,AUTO,ARMED,5,AVAILABLE,UNAVAILABLE,UNAVAILABLE,70,4,ACTIVE,711,D_P3-A5.NC,D_P3-A5.NC,6,0.000668021,20,0.0005,1612515.148,468952.227,184.4,1958.8601,100,0.0,29,100,0,3,100,3400.0,2800,600,4.8,25.0,0.2,7,399.840924,200,0,4.1,22.7,0.1,0,220.7265885,1500,600,2.7,26,0.1,32,-297.446094,1200,600,1.9,28.5,0.2
92.359872,1,AUTO,ARMED,5,AVAILABLE,UNAVAILABLE,UNAVAILABLE,70,4,ACTIVE,711,D_P3-A5.NC,D_P3-A5.NC,6,0.000668021,20,0.0005,1612515.148,468952.227,184.4,1958.8601,100,0.0,30,100,0,1,100,3400.0,3600,700,4.9,25.0,0.2,6,399.8409126,1100,300,3.6,22.7,0.2,0,220.7265999,1700,500,3.5,26,0.2,32,-297.446094,1800,700,2.6,28.5,0.2
92.500345,1,AUTO,ARMED,5,AVAILABLE,UNAVAILABLE,UNAVAILABLE,70,4,ACTIVE,711,D_P3-A5.NC,D_P3-A5.NC,6,0.000668021,20,0.0005,1612515.148,468952.227,184.4,1958.8601,100,0.0,30,100,0,1,100,3400.0,3600,700,4.9,25.0,0.2,6,399.8409126,1100,300,3.6,22.7,0.2,0,220.7266114,1700,500,3.5,26,0.2,32,-297.4461054,1800,700,2.6,28.5,0.2
92.652348,1,AUTO,ARMED,5,AVAILABLE,UNAVAILABLE,UNAVAILABLE,70,4,ACTIVE,711,D_P3-A5.NC,D_P3-A5.NC,6,0.000668021,20,0.0005,1612515.148,468952.227,184.4,1958.8601,100,0.0,30,100,0,1,100,3400.0,3600,700,4.9,25.0,0.2,6,399.8409011,1100,300,3.6,22.7,0.2,0,220.7266114,1700,500,3.5,26,0.2,32,-297.446094,1800,700,2.6,28.5,0.2
92.79342,1,AUTO,ARMED,5,AVAILABLE,UNAVAILABLE,UNAVAILABLE,71,4,ACTIVE,711,D_P3-A5.NC,D_P3-A5.NC,6,0.000668021,20,0.0005,1612515.148,468952.227,184.4,2463.7954,100,0.0,30,100,0,0,100,3400.0,3600,700,4.9,25.0,0.2,6,399.8408897,1100,300,3.6,22.7,0.2,0,220.7270462,1700,500,3.5,26,0.2,32,-297.446094,1800,700,2.6,28.5,0.2
92.941499,1,AUTO,ARMED,5,AVAILABLE,UNAVAILABLE,UNAVAILABLE,72,4,ACTIVE,711,D_P3-A5.NC,D_P3-A5.NC,6,0.000668021,20,0.0005,1612515.148,468952.227,184.4,2463.7954,100,19.05,30,100,0,0,100,3400.0,3600,700,4.9,25.0,0.2,6,399.4099768,1100,300,3.6,22.7,0.2,17,221.36013,1700,500,3.5,26,0.2,32,-297.4461054,1800,700,2.6,28.5,0.2
93.086939,1,AUTO,ARMED,5,AVAILABLE,UNAVAILABLE,UNAVAILABLE,72,4,ACTIVE,711,D_P3-A5.NC,D_P3-A5.NC,6,0.000668021,20,0.0005,1612515.148,468952.227,184.4,2463.7954,100,19.05,30,100,0,2,100,3400.0,3600,700,4.9,25.0,0.2,9,393.5301234,1100,300,3.6,22.7,0.2,5,221.3616749,1700,500,3.5,26,0.2,32,-297.446094,1800,700,2.6,28.5,0.2
93.229871,1,AUTO,ARMED,5,AVAILABLE,UNAVAILABLE,UNAVAILABLE,72,4,ACTIVE,711,D_P3-A5.NC,D_P3-A5.NC,6,0.000668021,20,0.0005,1612515.148,468952.227,184.4,2463.7954,100,19.05,30,100,0,2,100,3400.0,3600,700,4.9,25.0,0.2,8,391.5724078,1100,300,3.6,22.7,0.2,4,221.3616406,1700,500,3.5,26,0.2,32,-297.446094,1800,700,2.6,28.5,0.2
93.379198,1,AUTO,ARMED,5,AVAILABLE,UNAVAILABLE,UNAVAILABLE,72,4,ACTIVE,711,D_P3-A5.NC,D_P3-A5.NC,6,0.000668021,20,0.0005,1612515.148,468952.227,184.4,2463.7954,100,19.05,31,100,0,2,100,3400.0,3600,700,4.9,25.0,0.2,8,389.6101714,1100,300,3.6,22.7,0.2,4,221.3615719,1700,500,3.5,26,0.2,32,-297.4461054,1800,700,2.6,28.5,0.2
93.515736,1,AUTO,ARMED,5,AVAILABLE,UNAVAILABLE,UNAVAILABLE,72,4,ACTIVE,711,D_P3-A5.NC,D_P3-A5.NC,6,0.000668021,20,0.0005,1612515.148,468952.227,184.4,2463.7954,100,19.05,31,100,0,1,100,3400.0,3600,700,4.9,25.0,0.2,6,388.628956,1100,300,3.6,22.7,0.2,4,221.3614575,1700,500,3.5,26,0.2,32,-297.4461054,1800,700,2.6,28.5,0.2
93.661649,1,AUTO,ARMED,5,AVAILABLE,UNAVAILABLE,UNAVAILABLE,72,4,ACTIVE,711,D_P3-A5.NC,D_P3-A5.NC,6,0.001668267,20,0.0005,1612515.148,468952.227,184.4,2463.7954,100,19.05,31,100,0,3,100,3400.0,3600,700,4.9,25.0,0.2,5,384.6955449,1100,300,3.6,22.7,0.2,5,221.3615834,1700,500,3.5,26,0.2,32,-297.4461054,1800,700,2.6,28.5,0.2
93.814146,1,AUTO,ARMED,5,AVAILABLE,UNAVAILABLE,UNAVAILABLE,72,4,ACTIVE,711,D_P3-A5.NC,D_P3-A5.NC,6,0.001168144,20,0.0005,1612515.148,468952.227,184.4,2462.6699,100,19.05,31,100,0,3,100,3400.0,3600,700,4.9,25.0,0.2,5,382.73831,1100,300,3.6,22.7,0.2,5,221.3615948,1700,500,3.5,26,0.2,32,-297.4460825,1800,700,2.6,28.5,0.2
93.970705,1,AUTO,ARMED,5,AVAILABLE,UNAVAILABLE,UNAVAILABLE,72,4,ACTIVE,711,D_P3-A5.NC,D_P3-A5.NC,6,0.001168144,20,0.0005,1612515.148,468952.227,184.4,2462.6699,100,19.05,31,100,0,0,100,3400.0,4100,1200,3.6,25.0,0.2,3,378.8043531,1300,400,3.4,22.7,0.2,6,221.361755,2000,600,3.2,26,0.3,32,-297.4460825,1900,700,2.6,28.5,0.2
94.11425,1,AUTO,ARMED,5,AVAILABLE,UNAVAILABLE,UNAVAILABLE,72,4,ACTIVE,711,D_P3-A5.NC,D_P3-A5.NC,6,0.001168144,20,0.0005,1612515.148,468952.227,184.4,2462.6699,100,19.05,31,100,0,1,100,3400.0,4100,1200,3.6,25.0,0.2,5,374.8750367,1300,400,3.4,22.7,0.2,6,221.3616406,2000,600,3.2,26,0.3,32,-297.4461054,1900,700,2.6,28.5,0.2
94.271896,1,AUTO,ARMED,5,AVAILABLE,UNAVAILABLE,UNAVAILABLE,72,4,ACTIVE,711,D_P3-A5.NC,D_P3-A5.NC,6,0.000668021,20,0.0005,1612515.148,468952.227,184.4,2462.6699,100,19.05,31,100,0,1,100,3400.0,4100,1200,3.6,25.0,0.2,4,372.9133483,1300,400,3.4,22.7,0.2,6,221.3614689,2000,600,3.2,26,0.3,32,-297.446094,1900,700,2.6,28.5,0.2
94.408688,1,AUTO,ARMED,5,AVAILABLE,UNAVAILABLE,UNAVAILABLE,72,4,ACTIVE,711,D_P3-A5.NC,D_P3-A5.NC,6,0.000167898,20,0.0005,1612515.148,468952.227,184.4,2462.6699,100,19.05,32,100,0,1,100,3400.0,4100,1200,3.6,25.0,0.2,4,370.9511334,1300,400,3.4,22.7,0.2,6,221.3616062,2000,600,3.2,26,0.3,32,-297.4461169,1900,700,2.6,28.5,0.2
94.550655,1,AUTO,ARMED,5,AVAILABLE,UNAVAILABLE,UNAVAILABLE,72,4,ACTIVE,711,D_P3-A5.NC,D_P3-A5.NC,6,0.001168144,20,0.0005,1612515.148,468952.227,184.4,2462.6699,100,19.05,32,100,0,1,100,3400.0,4100,1200,3.6,25.0,0.2,6,368.9936679,1300,400,3.4,22.7,0.2,5,221.3615948,2000,600,3.2,26,0.3,32,-297.446094,1900,700,2.6,28.5,0.2
94.705567,1,AUTO,ARMED,5,AVAILABLE,UNAVAILABLE,UNAVAILABLE,72,4,ACTIVE,711,D_P3-A5.NC,D_P3-A5.NC,6,0.001168144,20,0.0005,1612515.148,468952.227,184.4,2462.6699,100,19.05,32,100,0,2,100,3400.0,4100,1200,3.6,25.0,0.2,5,363.1022968,1300,400,3.4,22.7,0.2,6,221.3616635,2000,600,3.2,26,0.3,32,-297.446094,1900,700,2.6,28.5,0.2
94.851451,1,AUTO,ARMED,5,AVAILABLE,UNAVAILABLE,UNAVAILABLE,72,4,ACTIVE,711,D_P3-A5.NC,D_P3-A5.NC,6,0.000167898,20,0.0005,1612515.148,468952.227,184.4,2462.6699,100,19.05,32,100,0,2,100,3400.0,4100,1200,3.6,25.0,0.2,5,361.1308236,1300,400,3.4,22.7,0.2,6,221.361446,2000,600,3.2,26,0.3,32,-297.4461054,1900,700,2.6,28.5,0.2
95.005369,1,AUTO,ARMED,5,AVAILABLE,UNAVAILABLE,UNAVAILABLE,72,4,ACTIVE,711,D_P3-A5.NC,D_P3-A5.NC,6,0.001168144,20,0.0005,1612515.148,468952.227,184.4,2432.5681,100,19.05,32,100,0,2,100,3400.0,4100,1200,3.6,25.0,0.2,6,359.1685973,1300,400,3.4,22.7,0.2,5,221.3616291,2000,600,3.2,26,0.3,32,-297.446094,1900,700,2.6,28.5,0.2
95.147714,1,AUTO,ARMED,5,AVAILABLE,UNAVAILABLE,UNAVAILABLE,72,4,ACTIVE,711,D_P3-A5.NC,D_P3-A5.NC,6,0.001668267,20,0.0005,1612515.148,468952.227,184.4,2432.5681,100,19.05,32,100,0,2,100,3400.0,4100,1200,3.6,25.0,0.2,6,357.2113378,1300,400,3.4,22.7,0.2,5,221.3616291,2000,600,3.2,26,0.3,32,-297.446094,1900,700,2.6,28.5,0.2
95.287405,1,AUTO,ARMED,5,AVAILABLE,UNAVAILABLE,UNAVAILABLE,72,4,ACTIVE,711,D_P3-A5.NC,D_P3-A5.NC,6,0.001168144,20,0.0005,1612515.148,468952.227,184.4,2432.5681,100,19.05,33,100,0,1,100,3400.0,4100,1200,3.6,25.0,0.2,6,352.2960513,1300,400,3.4,22.7,0.2,5,221.3615834,2000,600,3.2,26,0.3,32,-297.4461169,1900,700,2.6,28.5,0.2
95.425835,1,AUTO,ARMED,5,AVAILABLE,UNAVAILABLE,UNAVAILABLE,72,4,ACTIVE,711,D_P3-A5.NC,D_P3-A5.NC,6,0.001168144,20,0.0005,1612515.148,468952.227,184.4,2432.5681,100,19.05,33,100,0,1,100,3400.0,4100,1200,3.6,25.0,0.2,6,350.3340284,1300,400,3.4,22.7,0.2,5,221.361652,2000,600,3.2,26,0.3,32,-297.4461054,1900,700,2.6,28.5,0.2
95.565738,1,AUTO,ARMED,5,AVAILABLE,UNAVAILABLE,UNAVAILABLE,72,4,ACTIVE,711,D_P3-A5.NC,D_P3-A5.NC,6,0.000167898,20,0.0005,1612515.148,468952.227,184.4,2432.5681,100,19.05,33,100,0,0,100,3400.0,4100,1200,3.6,25.0,0.2,6,348.3671533,1300,400,3.4,22.7,0.2,5,221.361446,2000,600,3.2,26,0.3,32,-297.446094,1900,700,2.6,28.5,0.2
95.710007,1,AUTO,ARMED,5,AVAILABLE,UNAVAILABLE,UNAVAILABLE,72,4,ACTIVE,711,D_P3-A5.NC,D_P3-A5.NC,6,0.001168144,20,0.0005,1612515.148,468952.227,184.4,2432.5681,100,19.05,33,100,0,0,100,3400.0,4000,1000,4.2,25.0,0.2,6,346.4051647,300,100,3.6,22.7,0.0,5,221.3616291,1100,300,3.3,26,0.1,32,-297.4461054,1400,600,2.2,28.5,0.1
95.850764,1,AUTO,ARMED,5,AVAILABLE,UNAVAILABLE,UNAVAILABLE,72,4,ACTIVE,711,D_P3-A5.NC,D_P3-A5.NC,6,0.000668021,20,0.0005,1612515.148,468952.227,184.4,2432.5681,100,19.05,33,100,0,1,100,3400.0,4000,1000,4.2,25.0,0.2,5,342.4712771,300,100,3.6,22.7,0.0,5,221.361549,1100,300,3.3,26,0.1,32,-297.4461054,1400,600,2.2,28.5,0.1
96.008965,1,AUTO,ARMED,5,AVAILABLE,UNAVAILABLE,UNAVAILABLE,72,4,ACTIVE,711,D_P3-A5.NC,D_P3-A5.NC,6,0.000668021,20,0.0005,1612515.148,468952.227,184.4,1999.5144,100,19.05,33,100,0,3,100,3400.0,4000,1000,4.2,25.0,0.2,5,340.5138889,300,100,3.6,22.7,0.0,5,221.3617436,1100,300,3.3,26,0.1,32,-297.4461169,1400,600,2.2,28.5,0.1
96.15993,1,AUTO,ARMED,5,AVAILABLE,UNAVAILABLE,UNAVAILABLE,72,4,ACTIVE,711,D_P3-A5.NC,D_P3-A5.NC,6,0.000668021,20,0.0005,1612515.148,468952.227,184.4,1999.5144,100,19.05,33,100,0,3,100,3400.0,4000,1000,4.2,25.0,0.2,5,338.5515112,300,100,3.6,22.7,0.0,5,221.3615719,1100,300,3.3,26,0.1,32,-297.446094,1400,600,2.2,28.5,0.1
96.298641,1,AUTO,ARMED,5,AVAILABLE,UNAVAILABLE,UNAVAILABLE,72,4,ACTIVE,711,D_P3-A5.NC,D_P3-A5.NC,6,0.000668021,20,0.0005,1612515.148,468952.227,184.4,1999.5144,100,19.05,34,100,0,0,100,3400.0,4000,1000,4.2,25.0,0.2,5,332.6561043,300,100,3.6,22.7,0.0,5,221.3617436,1100,300,3.3,26,0.1,32,-297.4460825,1400,600,2.2,28.5,0.1
96.439656,1,AUTO,ARMED,5,AVAILABLE,UNAVAILABLE,UNAVAILABLE,72,4,ACTIVE,711,D_P3-A5.NC,D_P3-A5.NC,6,0.000668021,20,0.0005,1612515.148,468952.227,184.4,1999.5144,100,19.05,34,100,0,0,100,3400.0,4000,1000,4.2,25.0,0.2,7,330.6935778,300,100,3.6,22.7,0.0,5,221.3617436,1100,300,3.3,26,0.1,32,-297.446094,1400,600,2.2,28.5,0.1
96.584009,1,AUTO,ARMED,5,AVAILABLE,UNAVAILABLE,UNAVAILABLE,72,4,ACTIVE,711,D_P3-A5.NC,D_P3-A5.NC,6,0.000668021,20,0.0005,1612515.148,468952.227,184.4,1999.5144,100,19.05,34,100,0,0,100,3400.0,4000,1000,4.2,25.0,0.2,7,328.7267492,300,100,3.6,22.7,0.0,5,221.3616749,1100,300,3.3,26,0.1,32,-297.4460825,1400,600,2.2,28.5,0.1
96.7326,1,AUTO,ARMED,5,AVAILABLE,UNAVAILABLE,UNAVAILABLE,72,4,ACTIVE,711,D_P3-A5.NC,D_P3-A5.NC,6,0.000668021,20,0.0005,1612515.148,468952.227,184.4,1999.5144,100,19.05,34,100,0,0,100,3400.0,4000,1000,4.2,25.0,0.2,10,326.7643293,300,100,3.6,22.7,0.0,3,221.3616291,1100,300,3.3,26,0.1,32,-297.446094,1400,600,2.2,28.5,0.1
96.872731,1,AUTO,ARMED,5,AVAILABLE,UNAVAILABLE,UNAVAILABLE,72,4,ACTIVE,711,D_P3-A5.NC,D_P3-A5.NC,6,0.000668021,20,0.0005,1612515.148,468952.227,184.4,1999.5144,100,19.05,34,100,0,0,100,3400.0,4000,1000,4.2,25.0,0.2,10,322.8307113,300,100,3.6,22.7,0.0,3,221.3616062,1100,300,3.3,26,0.1,32,-297.446094,1400,600,2.2,28.5,0.1
97.017321,1,AUTO,ARMED,5,AVAILABLE,UNAVAILABLE,UNAVAILABLE,72,4,ACTIVE,711,D_P3-A5.NC,D_P3-A5.NC,6,0.000668021,20,0.0005,1612515.148,468952.227,184.4,1983.5037,100,19.05,34,100,0,0,100,3400.0,2300,600,3.9,25.0,0.2,10,320.8683601,200,100,4.0,22.7,0.1,3,221.3616062,2800,800,3.5,26,0.1,32,-297.4461054,1300,600,2.0,28.5,0.1
97.158155,1,AUTO,ARMED,5,AVAILABLE,UNAVAILABLE,UNAVAILABLE,72,4,ACTIVE,711,D_P3-A5.NC,D_P3-A5.NC,6,0.000668021,20,0.0005,1612515.148,468952.227,184.4,1983.5037,100,9.533333,34,100,0,0,100,3400.0,2300,600,3.9,25.0,0.2,9,318.5615373,200,100,4.0,22.7,0.1,3,221.3616062,2800,800,3.5,26,0.1,32,-297.4461054,1300,600,2.0,28.5,0.1
97.313895,1,AUTO,ARMED,5,AVAILABLE,UNAVAILABLE,UNAVAILABLE,73,4,ACTIVE,711,D_P3-A5.NC,D_P3-A5.NC,6,0.000668021,20,0.0005,1612515.148,468952.227,184.4,1983.5037,100,0.0,35,100,0,3,100,3400.0,2300,600,3.9,25.0,0.2,7,318.5608048,200,100,4.0,22.7,0.1,3,221.3615948,2800,800,3.5,26,0.1,32,-297.4461054,1300,600,2.0,28.5,0.1
97.46202,1,AUTO,ARMED,5,AVAILABLE,UNAVAILABLE,UNAVAILABLE,73,4,ACTIVE,711,D_P3-A5.NC,D_P3-A5.NC,6,0.000668021,20,0.0005,1612515.148,468952.227,184.4,1983.5037,100,0.0,35,100,0,0,100,3400.0,2300,600,3.9,25.0,0.2,6,318.5608506,200,100,4.0,22.7,0.1,3,221.3615948,2800,800,3.5,26,0.1,32,-297.446094,1300,600,2.0,28.5,0.1
97.610331,1,AUTO,ARMED,5,AVAILABLE,UNAVAILABLE,UNAVAILABLE,73,4,ACTIVE,711,D_P3-A5.NC,D_P3-A5.NC,6,0.000668021,20,0.0005,1612515.148,468952.227,184.4,1983.5037,100,0.0,35,100,0,0,100,3400.0,2300,600,3.9,25.0,0.2,6,318.5608849,200,100,4.0,22.7,0.1,3,221.3615948,2800,800,3.5,26,0.1,32,-297.4461054,1300,600,2.0,28.5,0.1
97.7579,1,AUTO,ARMED,5,AVAILABLE,UNAVAILABLE,UNAVAILABLE,73,4,ACTIVE,711,D_P3-A5.NC,D_P3-A5.NC,6,0.000668021,20,0.0005,1612515.148,468952.227,184.4,1983.5037,100,0.0,35,100,0,1,100,3400.0,2300,600,3.9,25.0,0.2,5,318.5608964,200,100,4.0,22.7,0.1,3,221.3616177,2800,800,3.5,26,0.1,32,-297.446094,1300,600,2.0,28.5,0.1
97.89833,1,AUTO,ARMED,5,AVAILABLE,UNAVAILABLE,UNAVAILABLE,73,4,ACTIVE,711,D_P3-A5.NC,D_P3-A5.NC,6,0.000668021,20,0.0005,1612515.148,468952.227,184.4,1983.5037,100,0.0,35,100,0,1,100,3400.0,2300,600,3.9,25.0,0.2,5,318.5608964,200,100,4.0,22.7,0.1,3,221.3616062,2800,800,3.5,26,0.1,32,-297.446094,1300,600,2.0,28.5,0.1
98.040325,1,AUTO,ARMED,5,AVAILABLE,UNAVAILABLE,UNAVAILABLE,73,4,ACTIVE,711,D_P3-A5.NC,D_P3-A5.NC,6,0.000668021,20,0.0005,1612515.148,468952.227,184.4,1983.5037,100,0.0,35,100,0,1,100,3400.0,2300,600,3.9,25.0,0.2,5,318.5608964,200,100,4.0,22.7,0.1,3,221.3615948,2800,800,3.5,26,0.1,32,-297.446094,1300,600,2.0,28.5,0.1
98.190935,1,AUTO,ARMED,5,AVAILABLE,UNAVAILABLE,UNAVAILABLE,73,4,ACTIVE,711,D_P3-A5.NC,D_P3-A5.NC,6,0.000668021,20,0.0005,1612515.148,468952.227,184.4,1987.4463,100,0.0,35,100,0,0,100,3400.0,2300,600,3.9,25.0,0.2,6,318.5608964,200,100,4.0,22.7,0.1,3,221.9961434,2800,800,3.5,26,0.1,32,-297.446094,1300,600,2.0,28.5,0.1
98.347671,1,AUTO,ARMED,5,AVAILABLE,UNAVAILABLE,UNAVAILABLE,77,4,ACTIVE,711,D_P3-A5.NC,D_P3-A5.NC,6,0.000668021,20,0.0005,1612515.148,468952.227,184.4,1987.4463,100,0.0,36,100,0,1,100,3400.0,2300,600,3.9,25.0,0.2,5,318.5608964,200,100,4.0,22.7,0.1,0,221.9964066,2800,800,3.5,26,0.1,32,-297.446094,1300,600,2.0,28.5,0.1
98.497351,1,AUTO,ARMED,5,AVAILABLE,UNAVAILABLE,UNAVAILABLE,77,4,ACTIVE,711,D_P3-A5.NC,D_P3-A5.NC,6,0.000668021,20,0.0005,1612515.148,468952.227,184.4,1987.4463,100,0.0,36,100,0,1,100,3400.0,2300,600,3.9,25.0,0.2,5,318.5608964,200,100,4.0,22.7,0.1,0,221.9965439,2800,800,3.5,26,0.1,32,-297.446094,1300,600,2.0,28.5,0.1
98.63992,1,AUTO,ARMED,5,AVAILABLE,UNAVAILABLE,UNAVAILABLE,77,4,ACTIVE,711,D_P3-A5.NC,D_P3-A5.NC,6,0.000668021,20,0.0005,1612515.148,468952.227,184.4,1987.4463,100,0.0,36,100,0,1,100,3400.0,2700,600,4.4,25.0,0.2,5,318.5608964,900,200,3.7,22.7,0.2,1,221.9965896,2900,1400,2.1,26,0.2,32,-297.4461054,2100,700,3.0,28.4,0.2
98.789957,1,AUTO,ARMED,5,AVAILABLE,UNAVAILABLE,UNAVAILABLE,77,4,ACTIVE,711,D_P3-A5.NC,D_P3-A5.NC,6,0.000668021,20,0.0005,1612515.148,468952.227,184.4,1987.4463,100,0.0,36,100,0,3,100,3400.0,2700,600,4.4,25.0,0.2,5,318.5609078,900,200,3.7,22.7,0.2,1,221.9965896,2900,1400,2.1,26,0.2,32,-297.446094,2100,700,3.0,28.4,0.2
98.933619,1,AUTO,ARMED,5,AVAILABLE,UNAVAILABLE,UNAVAILABLE,77,4,ACTIVE,711,D_P3-A5.NC,D_P3-A5.NC,6,0.000668021,20,0.0005,1612515.148,468952.227,184.4,1987.4463,100,0.0,36,100,0,3,100,3400.0,2700,600,4.4,25.0,0.2,5,318.5609078,900,200,3.7,22.7,0.2,1,221.9965896,2900,1400,2.1,26,0.2,32,-297.446094,2100,700,3.0,28.4,0.2
99.07506,1,AUTO,ARMED,5,AVAILABLE,UNAVAILABLE,UNAVAILABLE,77,4,ACTIVE,711,D_P3-A5.NC,D_P3-A5.NC,6,0.000668021,20,0.0005,1612515.148,468952.227,184.4,1987.4463,100,0.0,36,100,0,1,100,3400.0,2700,600,4.4,25.0,0.2,5,318.5609078,900,200,3.7,22.7,0.2,1,221.9966125,2900,1400,2.1,26,0.2,32,-297.446094,2100,700,3.0,28.4,0.2
99.233484,1,AUTO,ARMED,5,AVAILABLE,UNAVAILABLE,UNAVAILABLE,77,4,ACTIVE,711,D_P3-A5.NC,D_P3-A5.NC,6,0.000668021,20,0.0005,1612515.148,468952.227,184.4,2548.7275,100,0.0,36,100,0,1,100,3400.0,2700,600,4.4,25.0,0.2,5,318.5608964,900,200,3.7,22.7,0.2,1,221.9966011,2900,1400,2.1,26,0.2,32,-297.4461054,2100,700,3.0,28.4,0.2
99.381007,1,AUTO,ARMED,5,AVAILABLE,UNAVAILABLE,UNAVAILABLE,78,4,ACTIVE,711,D_P3-A5.NC,D_P3-A5.NC,6,0.000668021,20,0.0005,1612515.148,468952.227,184.4,2548.7275,100,0.0,37,100,0,1,100,3400.0,2700,600,4.4,25.0,0.2,10,319.9629067,900,200,3.7,22.7,0.2,1,221.9965896,2900,1400,2.1,26,0.2,32,-297.446094,2100,700,3.0,28.4,0.2
99.5236,1,AUTO,ARMED,5,AVAILABLE,UNAVAILABLE,UNAVAILABLE,78,4,ACTIVE,711,D_P3-A5.NC,D_P3-A5.NC,6,0.000668021,20,0.0005,1612515.148,468952.227,184.4,2548.7275,100,21.16667,37,100,0,1,100,3400.0,2700,600,4.4,25.0,0.2,10,324.3327889,900,200,3.7,22.7,0.2,1,221.9966011,2900,1400,2.1,26,0.2,32,-297.4461054,2100,700,3.0,28.4,0.2
99.673195,1,AUTO,ARMED,5,AVAILABLE,UNAVAILABLE,UNAVAILABLE,78,4,ACTIVE,711,D_P3-A5.NC,D_P3-A5.NC,6,0.000668021,20,0.0005,1612515.148,468952.227,184.4,2548.7275,100,21.16667,37,100,0,2,100,3400.0,2700,600,4.4,25.0,0.2,9,326.5127974,900,200,3.7,22.7,0.2,1,221.9966125,2900,1400,2.1,26,0.2,32,-297.446094,2100,700,3.0,28.4,0.2
99.815304,1,AUTO,ARMED,5,AVAILABLE,UNAVAILABLE,UNAVAILABLE,78,4,ACTIVE,711,D_P3-A5.NC,D_P3-A5.NC,6,0.000668021,20,0.0005,1612515.148,468952.227,184.4,2548.7275,100,21.16667,37,100,0,4,100,3400.0,2700,600,4.4,25.0,0.2,11,328.6928517,900,200,3.7,22.7,0.2,1,221.9966125,2900,1400,2.1,26,0.2,32,-297.4461054,2100,700,3.0,28.4,0.2
99.954579,1,AUTO,ARMED,5,AVAILABLE,UNAVAILABLE,UNAVAILABLE,78,4,ACTIVE,711,D_P3-A5.NC,D_P3-A5.NC,6,0.000668021,20,0.0005,1612515.148,468952.227,184.4,2548.7275,100,21.16667,37,100,0,2,100,3400.0,2700,600,4.4,25.0,0.2,14,333.0586353,900,200,3.7,22.7,0.2,2,221.9965896,2900,1400,2.1,26,0.2,32,-297.4461169,2100,700,3.0,28.4,0.2
100.099302,1,AUTO,ARMED,5,AVAILABLE,UNAVAILABLE,UNAVAILABLE,78,4,ACTIVE,711,D_P3-A5.NC,D_P3-A5.NC,6,0.000668021,20,0.0005,1612515.148,468952.227,184.4,2548.7275,100,21.16667,37,100,0,2,100,3400.0,4200,1200,3.5,25.0,0.2,14,335.2441139,800,200,3.3,22.7,0.2,2,221.9964867,3000,1500,2.0,26,0.2,32,-297.4461054,2200,800,2.8,28.4,0.4
100.245061,1,AUTO,ARMED,5,AVAILABLE,UNAVAILABLE,UNAVAILABLE,78,4,ACTIVE,711,D_P3-A5.NC,D_P3-A5.NC,6,0.000668021,20,0.0005,1612515.148,468952.227,184.4,2548.7275,100,21.16667,37,100,0,2,100,3400.0,4200,1200,3.5,25.0,0.2,14,337.4190754,800,200,3.3,22.7,0.2,2,221.9965896,3000,1500,2.0,26,0.2,32,-297.446094,2200,800,2.8,28.4,0.4
100.386525,1,AUTO,ARMED,5,AVAILABLE,UNAVAILABLE,UNAVAILABLE,78,4,ACTIVE,711,D_P3-A5.NC,D_P3-A5.NC,6,0.001168144,20,0.0005,1612515.148,468952.227,184.4,2530.4531,100,21.16667,38,100,0,2,100,3400.0,4200,1200,3.5,25.0,0.2,14,339.6099784,800,200,3.3,22.7,0.2,2,221.9965782,3000,1500,2.0,26,0.2,32,-297.446094,2200,800,2.8,28.4,0.4
100.530375,1,AUTO,ARMED,5,AVAILABLE,UNAVAILABLE,UNAVAILABLE,78,4,ACTIVE,711,D_P3-A5.NC,D_P3-A5.NC,6,0.000668021,20,0.0005,1612515.148,468952.227,184.4,2530.4531,100,21.16667,38,100,0,2,100,3400.0,4200,1200,3.5,25.0,0.2,14,346.1555308,800,200,3.3,22.7,0.2,2,221.9965896,3000,1500,2.0,26,0.2,32,-297.4461054,2200,800,2.8,28.4,0.4
100.66961,1,AUTO,ARMED,5,AVAILABLE,UNAVAILABLE,UNAVAILABLE,78,4,ACTIVE,711,D_P3-A5.NC,D_P3-A5.NC,6,0.000668021,20,0.0005,1612515.148,468952.227,184.4,2530.4531,100,21.16667,38,100,0,2,100,3400.0,4200,1200,3.5,25.0,0.2,14,348.340769,800,200,3.3,22.7,0.2,2,221.9966011,3000,1500,2.0,26,0.2,32,-297.446094,2200,800,2.8,28.4,0.4
100.831623,1,AUTO,ARMED,5,AVAILABLE,UNAVAILABLE,UNAVAILABLE,78,4,ACTIVE,711,D_P3-A5.NC,D_P3-A5.NC,6,0.000668021,20,0.0005,1612515.148,468952.227,184.4,2530.4531,100,21.16667,38,100,0,1,100,3400.0,4200,1200,3.5,25.0,0.2,16,352.7015753,800,200,3.3,22.7,0.2,2,221.9965668,3000,1500,2.0,26,0.2,32,-297.4461054,2200,800,2.8,28.4,0.4
100.971273,1,AUTO,ARMED,5,AVAILABLE,UNAVAILABLE,UNAVAILABLE,78,4,ACTIVE,711,D_P3-A5.NC,D_P3-A5.NC,6,0.000668021,20,0.0005,1612515.148,468952.227,184.4,2530.4531,100,21.16667,38,100,0,1,100,3400.0,4200,1200,3.5,25.0,0.2,16,354.8817667,800,200,3.3,22.7,0.2,2,221.9966354,3000,1500,2.0,26,0.2,32,-297.446094,2200,800,2.8,28.4,0.4
101.114373,1,AUTO,ARMED,5,AVAILABLE,UNAVAILABLE,UNAVAILABLE,78,4,ACTIVE,711,D_P3-A5.NC,D_P3-A5.NC,6,0.000668021,20,0.0005,1612515.148,468952.227,184.4,2530.4531,100,21.16667,38,100,0,2,100,3400.0,4200,1200,3.5,25.0,0.2,14,355.97181,800,200,3.3,22.7,0.2,2,221.9966125,3000,1500,2.0,26,0.2,32,-297.446094,2200,800,2.8,28.4,0.4
101.260252,1,AUTO,ARMED,5,AVAILABLE,UNAVAILABLE,UNAVAILABLE,78,4,ACTIVE,711,D_P3-A5.NC,D_P3-A5.NC,6,0.000668021,20,0.0005,1612515.148,468952.227,184.4,2530.4531,100,21.16667,38,100,0,2,100,3400.0,4200,1200,3.5,25.0,0.2,14,358.1518813,800,200,3.3,22.7,0.2,2,221.9966812,3000,1500,2.0,26,0.2,32,-297.4461054,2200,800,2.8,28.4,0.4
101.403404,1,AUTO,ARMED,5,AVAILABLE,UNAVAILABLE,UNAVAILABLE,78,4,ACTIVE,711,D_P3-A5.NC,D_P3-A5.NC,6,0.001168144,20,0.0005,1612515.148,468952.227,184.4,2017.5677,100,21.16667,39,100,0,2,100,3400.0,4200,1200,3.5,25.0,0.2,15,364.6976112,800,200,3.3,22.7,0.2,1,221.9966011,3000,1500,2.0,26,0.2,32,-297.446094,2200,800,2.8,28.4,0.4
101.553545,1,AUTO,ARMED,5,AVAILABLE,UNAVAILABLE,UNAVAILABLE,78,4,ACTIVE,711,D_P3-A5.NC,D_P3-A5.NC,6,0.000668021,20,0.0005,1612515.148,468952.227,184.4,2017.5677,100,21.16667,39,100,0,2,100,3400.0,4200,1200,3.5,25.0,0.2,15,366.8832901,800,200,3.3,22.7,0.2,1,221.9965553,3000,1500,2.0,26,0.2,32,-297.446094,2200,800,2.8,28.4,0.4
101.721018,1,AUTO,ARMED,5,AVAILABLE,UNAVAILABLE,UNAVAILABLE,78,4,ACTIVE,711,D_P3-A5.NC,D_P3-A5.NC,6,0.000668021,20,0.0005,1612515.148,468952.227,184.4,2017.5677,100,21.16667,39,100,0,0,100,3400.0,4200,1200,3.5,25.0,0.2,17,371.2435929,800,200,3.3,22.7,0.2,2,221.9966583,3000,1500,2.0,26,0.2,32,-297.4461054,2200,800,2.8,28.4,0.4
101.882793,1,AUTO,ARMED,5,AVAILABLE,UNAVAILABLE,UNAVAILABLE,78,4,ACTIVE,711,D_P3-A5.NC,D_P3-A5.NC,6,0.000668021,20,0.0005,1612515.148,468952.227,184.4,2017.5677,100,21.16667,39,100,0,0,100,3400.0,3400,800,4.5,25.0,0.2,17,373.4338952,300,100,4.3,22.7,0.1,2,221.996624,2700,1300,2.1,26,0.1,32,-297.4460825,1200,600,1.9,28.4,0.1
102.0321,1,AUTO,ARMED,5,AVAILABLE,UNAVAILABLE,UNAVAILABLE,78,4,ACTIVE,711,D_P3-A5.NC,D_P3-A5.NC,6,0.000668021,20,0.0005,1612515.148,468952.227,184.4,2017.5677,100,21.16667,39,100,0,2,100,3400.0,3400,800,4.5,25.0,0.2,18,375.6138177,300,100,4.3,22.7,0.1,2,221.996624,2700,1300,2.1,26,0.1,32,-297.4461054,1200,600,1.9,28.4,0.1
102.183792,1,AUTO,ARMED,5,AVAILABLE,UNAVAILABLE,UNAVAILABLE,78,4,ACTIVE,711,D_P3-A5.NC,D_P3-A5.NC,6,0.000668021,20,0.0005,1612515.148,468952.227,184.4,2017.5677,100,21.16667,39,100,0,2,100,3400.0,3400,800,4.5,25.0,0.2,16,379.9749331,300,100,4.3,22.7,0.1,1,221.9965896,2700,1300,2.1,26,0.1,32,-297.4461169,1200,600,1.9,28.4,0.1
102.331581,1,AUTO,ARMED,5,AVAILABLE,UNAVAILABLE,UNAVAILABLE,78,4,ACTIVE,711,D_P3-A5.NC,D_P3-A5.NC,6,0.001168144,20,0.0005,1612515.148,468952.227,184.4,2017.5677,100,21.16667,39,100,0,2,100,3400.0,3400,800,4.5,25.0,0.2,16,382.1603928,300,100,4.3,22.7,0.1,1,221.9966011,2700,1300,2.1,26,0.1,32,-297.4461054,1200,600,1.9,28.4,0.1
102.478919,1,AUTO,ARMED,5,AVAILABLE,UNAVAILABLE,UNAVAILABLE,78,4,ACTIVE,711,D_P3-A5.NC,D_P3-A5.NC,6,0.000668021,20,0.0005,1612515.148,468952.227,184.4,1983.3801,100,21.16667,40,100,0,0,100,3400.0,3400,800,4.5,25.0,0.2,15,386.5209034,300,100,4.3,22.7,0.1,1,221.9966926,2700,1300,2.1,26,0.1,32,-297.4460825,1200,600,1.9,28.4,0.1
102.620065,1,AUTO,ARMED,5,AVAILABLE,UNAVAILABLE,UNAVAILABLE,78,4,ACTIVE,711,D_P3-A5.NC,D_P3-A5.NC,6,0.000668021,20,0.0005,1612515.148,468952.227,184.4,1983.3801,100,21.16667,40,100,0,3,100,3400.0,3400,800,4.5,25.0,0.2,11,388.7058854,300,100,4.3,22.7,0.1,1,221.9966583,2700,1300,2.1,26,0.1,32,-297.446094,1200,600,1.9,28.4,0.1
102.761335,1,AUTO,ARMED,5,AVAILABLE,UNAVAILABLE,UNAVAILABLE,78,4,ACTIVE,711,D_P3-A5.NC,D_P3-A5.NC,6,0.000668021,20,0.0005,1612515.148,468952.227,184.4,1983.3801,100,21.16667,40,100,0,0,100,3400.0,3400,800,4.5,25.0,0.2,10,393.0664875,300,100,4.3,22.7,0.1,1,221.9966125,2700,1300,2.1,26,0.1,32,-297.446094,1200,600,1.9,28.4,0.1
102.913681,1,AUTO,ARMED,5,AVAILABLE,UNAVAILABLE,UNAVAILABLE,78,4,ACTIVE,711,D_P3-A5.NC,D_P3-A5.NC,6,0.000668021,20,0.0005,1612515.148,468952.227,184.4,1983.3801,100,21.16667,40,100,0,0,100,3400.0,3400,800,4.5,25.0,0.2,10,395.2570661,300,100,4.3,22.7,0.1,1,221.9966011,2700,1300,2.1,26,0.1,32,-297.4461054,1200,600,1.9,28.4,0.1
103.083494,1,AUTO,ARMED,5,AVAILABLE,UNAVAILABLE,UNAVAILABLE,78,4,ACTIVE,711,D_P3-A5.NC,D_P3-A5.NC,6,0.000668021,20,0.0005,1612515.148,468952.227,184.4,1983.3801,100,14.68333,40,100,0,1,100,3400.0,3400,800,4.5,25.0,0.2,9,398.5270942,300,100,4.3,22.7,0.1,1,221.9966125,2700,1300,2.1,26,0.1,32,-297.4461054,1200,600,1.9,28.4,0.1
103.234221,1,AUTO,ARMED,5,AVAILABLE,UNAVAILABLE,UNAVAILABLE,78,4,ACTIVE,711,D_P3-A5.NC,D_P3-A5.NC,6,0.000668021,20,0.0005,1612515.148,468952.227,184.4,1983.3801,100,14.68333,40,100,0,0,100,3400.0,3400,800,4.5,25.0,0.2,5,399.8407523,300,100,4.3,22.7,0.1,1,221.9965896,2700,1300,2.1,26,0.1,32,-297.4461054,1200,600,1.9,28.4,0.1
103.37358,1,AUTO,ARMED,5,AVAILABLE,UNAVAILABLE,UNAVAILABLE,79,4,ACTIVE,711,D_P3-A5.NC,D_P3-A5.NC,6,0.000668021,20,0.0005,1612515.148,468952.227,184.4,1983.3801,100,0.0,41,100,0,0,100,3400.0,3400,800,4.5,25.0,0.2,7,399.8409812,300,100,4.3,22.7,0.1,1,221.9966011,2700,1300,2.1,26,0.1,32,-297.4461054,1200,600,1.9,28.4,0.1
103.514328,1,AUTO,ARMED,5,AVAILABLE,UNAVAILABLE,UNAVAILABLE,79,4,ACTIVE,711,D_P3-A5.NC,D_P3-A5.NC,6,0.000668021,20,0.0005,1612515.148,468952.227,184.4,1983.3801,100,0.0,41,100,0,0,100,3400.0,3400,800,4.5,25.0,0.2,7,399.8409355,300,100,4.3,22.7,0.1,1,221.9966011,2700,1300,2.1,26,0.1,32,-297.446094,1200,600,1.9,28.4,0.1
103.653043,1,AUTO,ARMED,5,AVAILABLE,UNAVAILABLE,UNAVAILABLE,79,4,ACTIVE,711,D_P3-A5.NC,D_P3-A5.NC,6,0.000668021,20,0.0005,1612515.148,468952.227,184.4,2483.6509,100,0.0,41,100,0,0,100,3400.0,2400,600,4.1,25.0,0.2,7,399.840924,1200,300,3.6,22.7,0.2,1,221.9966011,1700,400,3.7,26,0.2,32,-297.4461054,1500,600,2.4,28.4,0.2
103.795644,1,AUTO,ARMED,5,AVAILABLE,UNAVAILABLE,UNAVAILABLE,79,4,ACTIVE,711,D_P3-A5.NC,D_P3-A5.NC,6,0.000668021,20,0.0005,1612515.148,468952.227,184.4,2483.6509,100,0.0,41,100,0,1,100,3400.0,2400,600,4.1,25.0,0.2,6,399.8408897,1200,300,3.6,22.7,0.2,1,221.9966125,1700,400,3.7,26,0.2,32,-297.446094,1500,600,2.4,28.4,0.2
103.936322,1,AUTO,ARMED,5,AVAILABLE,UNAVAILABLE,UNAVAILABLE,79,4,ACTIVE,711,D_P3-A5.NC,D_P3-A5.NC,6,0.000668021,20,0.0005,1612515.148,468952.227,184.4,2483.6509,100,0.0,41,100,0,0,100,3400.0,2400,600,4.1,25.0,0.2,6,399.8408897,1200,300,3.6,22.7,0.2,1,221.9966011,1700,400,3.7,26,0.2,32,-297.4461054,1500,600,2.4,28.4,0.2
104.085797,1,AUTO,ARMED,5,AVAILABLE,UNAVAILABLE,UNAVAILABLE,79,4,ACTIVE,711,D_P3-A5.NC,D_P3-A5.NC,6,0.000668021,20,0.0005,1612515.148,468952.227,184.4,2483.6509,100,0.0,41,100,0,0,100,3400.0,2400,600,4.1,25.0,0.2,6,399.8408897,1200,300,3.6,22.7,0.2,1,221.9965896,1700,400,3.7,26,0.2,32,-297.446094,1500,600,2.4,28.4,0.2
104.238222,1,AUTO,ARMED,5,AVAILABLE,UNAVAILABLE,UNAVAILABLE,80,4,ACTIVE,711,D_P3-A5.NC,D_P3-A5.NC,6,0.000668021,20,0.0005,1612515.148,468952.227,184.4,2483.6509,100,0.0,41,100,0,1,100,3400.0,2400,600,4.1,25.0,0.2,12,399.009406,1200,300,3.6,22.7,0.2,0,222.6302456,1700,400,3.7,26,0.2,32,-297.446094,1500,600,2.4,28.4,0.2
104.381493,1,AUTO,ARMED,5,AVAILABLE,UNAVAILABLE,UNAVAILABLE,80,4,ACTIVE,711,D_P3-A5.NC,D_P3-A5.NC,6,0.000668021,20,0.0005,1612515.148,468952.227,184.4,2483.6509,100,21.16667,42,100,0,1,100,3400.0,2400,600,4.1,25.0,0.2,12,396.8325667,1200,300,3.6,22.7,0.2,0,222.6315845,1700,400,3.7,26,0.2,32,-297.446094,1500,600,2.4,28.4,0.2
104.527747,1,AUTO,ARMED,5,AVAILABLE,UNAVAILABLE,UNAVAILABLE,81,4,ACTIVE,711,D_P3-A5.NC,D_P3-A5.NC,6,0.000668021,20,0.0005,1612515.148,468952.227,184.4,2483.6509,100,21.16667,42,100,0,0,100,3400.0,2400,600,4.1,25.0,0.2,10,394.6524771,1200,300,3.6,22.7,0.2,5,222.6316875,1700,400,3.7,26,0.2,32,-297.4461054,1500,600,2.4,28.4,0.2
104.674719,1,AUTO,ARMED,5,AVAILABLE,UNAVAILABLE,UNAVAILABLE,81,4,ACTIVE,711,D_P3-A5.NC,D_P3-A5.NC,6,0.000668021,20,0.0005,1612515.148,468952.227,184.4,2489.2393,100,21.16667,42,100,0,0,100,3400.0,2400,600,4.1,25.0,0.2,10,392.4670083,1200,300,3.6,22.7,0.2,5,222.6316417,1700,400,3.7,26,0.2,32,-297.4461054,1500,600,2.4,28.4,0.2
104.820342,1,AUTO,ARMED,5,AVAILABLE,UNAVAILABLE,UNAVAILABLE,81,4,ACTIVE,711,D_P3-A5.NC,D_P3-A5.NC,6,0.000668021,20,0.0005,1612515.148,468952.227,184.4,2489.2393,100,21.16667,42,100,0,4,100,3400.0,2400,600,4.1,25.0,0.2,4,387.0113937,1200,300,3.6,22.7,0.2,6,222.6314586,1700,400,3.7,26,0.2,32,-297.4461283,1500,600,2.4,28.4,0.2
104.959707,1,AUTO,ARMED,5,AVAILABLE,UNAVAILABLE,UNAVAILABLE,81,4,ACTIVE,711,D_P3-A5.NC,D_P3-A5.NC,6,0.001668267,20,0.0005,1612515.148,468952.227,184.4,2489.2393,100,21.16667,42,100,0,4,100,3400.0,2400,600,4.1,25.0,0.2,4,384.8258563,1200,300,3.6,22.7,0.2,6,222.6315616,1700,400,3.7,26,0.2,32,-297.446094,1500,600,2.4,28.4,0.2
105.105128,1,AUTO,ARMED,5,AVAILABLE,UNAVAILABLE,UNAVAILABLE,81,4,ACTIVE,711,D_P3-A5.NC,D_P3-A5.NC,6,0.001168144,20,0.0005,1612515.148,468952.227,184.4,2489.2393,100,21.16667,42,100,0,0,100,3400.0,3900,1200,3.3,25.0,0.2,5,382.6457552,1200,400,3.3,22.7,0.2,5,222.6315959,1900,600,3.3,26,0.3,32,-297.446094,1800,700,2.6,28.4,0.3
105.260218,1,AUTO,ARMED,5,AVAILABLE,UNAVAILABLE,UNAVAILABLE,81,4,ACTIVE,711,D_P3-A5.NC,D_P3-A5.NC,6,0.000668021,20,0.0005,1612515.148,468952.227,184.4,2489.2393,100,21.16667,42,100,0,0,100,3400.0,3900,1200,3.3,25.0,0.2,6,380.4653235,1200,400,3.3,22.7,0.2,5,222.6316646,1900,600,3.3,26,0.3,32,-297.4461169,1800,700,2.6,28.4,0.3
105.415219,1,AUTO,ARMED,5,AVAILABLE,UNAVAILABLE,UNAVAILABLE,81,4,ACTIVE,711,D_P3-A5.NC,D_P3-A5.NC,6,0.001168144,20,0.0005,1612515.148,468952.227,184.4,2489.2393,100,21.16667,43,100,0,1,100,3400.0,3900,1200,3.3,25.0,0.2,6,376.0944802,1200,400,3.3,22.7,0.2,5,222.6314815,1900,600,3.3,26,0.3,32,-297.446094,1800,700,2.6,28.4,0.3
105.57321,1,AUTO,ARMED,5,AVAILABLE,UNAVAILABLE,UNAVAILABLE,81,4,ACTIVE,711,D_P3-A5.NC,D_P3-A5.NC,6,0.000668021,20,0.0005,1612515.148,468952.227,184.4,2489.2393,100,21.16667,43,100,0,2,100,3400.0,3900,1200,3.3,25.0,0.2,7,371.729233,1200,400,3.3,22.7,0.2,7,222.6316074,1900,600,3.3,26,0.3,32,-297.4461054,1800,700,2.6,28.4,0.3
105.71376,1,AUTO,ARMED,5,AVAILABLE,UNAVAILABLE,UNAVAILABLE,81,4,ACTIVE,711,D_P3-A5.NC,D_P3-A5.NC,6,0.000668021,20,0.0005,1612515.148,468952.227,184.4,2489.2393,100,21.16667,43,100,0,2,100,3400.0,3900,1200,3.3,25.0,0.2,7,369.5541454,1200,400,3.3,22.7,0.2,7,222.6315616,1900,600,3.3,26,0.3,32,-297.4461054,1800,700,2.6,28.4,0.3
105.866078,1,AUTO,ARMED,5,AVAILABLE,UNAVAILABLE,UNAVAILABLE,81,4,ACTIVE,711,D_P3-A5.NC,D_P3-A5.NC,6,0.001168144,20,0.0005,1612515.148,468952.227,184.4,2497.7488,100,21.16667,43,100,0,1,100,3400.0,3900,1200,3.3,25.0,0.2,5,367.3738507,1200,400,3.3,22.7,0.2,6,222.6317676,1900,600,3.3,26,0.3,32,-297.4461054,1800,700,2.6,28.4,0.3
106.003666,1,AUTO,ARMED,5,AVAILABLE,UNAVAILABLE,UNAVAILABLE,81,4,ACTIVE,711,D_P3-A5.NC,D_P3-A5.NC,6,0.001168144,20,0.0005,1612515.148,468952.227,184.4,2497.7488,100,21.16667,43,100,0,0,100,3400.0,3900,1200,3.3,25.0,0.2,5,363.0028128,1200,400,3.3,22.7,0.2,5,222.6316417,1900,600,3.3,26,0.3,32,-297.4461054,1800,700,2.6,28.4,0.3
106.154674,1,AUTO,ARMED,5,AVAILABLE,UNAVAILABLE,UNAVAILABLE,81,4,ACTIVE,711,D_P3-A5.NC,D_P3-A5.NC,6,0.001168144,20,0.0005,1612515.148,468952.227,184.4,2497.7488,100,21.16667,43,100,0,0,100,3400.0,3900,1200,3.3,25.0,0.2,5,360.8228729,1200,400,3.3,22.7,0.2,5,222.6314701,1900,600,3.3,26,0.3,32,-297.4460825,1800,700,2.6,28.4,0.3
106.289197,1,AUTO,ARMED,5,AVAILABLE,UNAVAILABLE,UNAVAILABLE,81,4,ACTIVE,711,D_P3-A5.NC,D_P3-A5.NC,6,0.000167898,20,0.0005,1612515.148,468952.227,184.4,2497.7488,100,21.16667,43,100,0,1,100,3400.0,3900,1200,3.3,25.0,0.2,6,358.6430016,1200,400,3.3,22.7,0.2,6,222.6316188,1900,600,3.3,26,0.3,32,-297.4461054,1800,700,2.6,28.4,0.3
106.427887,1,AUTO,ARMED,5,AVAILABLE,UNAVAILABLE,UNAVAILABLE,81,4,ACTIVE,711,D_P3-A5.NC,D_P3-A5.NC,6,0.001168144,20,0.0005,1612515.148,468952.227,184.4,2497.7488,100,21.16667,44,100,0,2,100,3400.0,3900,1200,3.3,25.0,0.2,6,354.2770138,1200,400,3.3,22.7,0.2,6,222.6316417,1900,600,3.3,26,0.3,32,-297.4460825,1800,700,2.6,28.4,0.3
106.586827,1,AUTO,ARMED,5,AVAILABLE,UNAVAILABLE,UNAVAILABLE,81,4,ACTIVE,711,D_P3-A5.NC,D_P3-A5.NC,6,0.000668021,20,0.0005,1612515.148,468952.227,184.4,2497.7488,100,21.16667,44,100,0,0,100,3400.0,3900,1200,3.3,25.0,0.2,4,349.9060174,1200,400,3.3,22.7,0.2,6,222.6316188,1900,600,3.3,26,0.3,32,-297.446094,1800,700,2.6,28.4,0.3
106.74179,1,AUTO,ARMED,5,AVAILABLE,UNAVAILABLE,UNAVAILABLE,81,4,ACTIVE,711,D_P3-A5.NC,D_P3-A5.NC,6,0.000167898,20,0.0005,1612515.148,468952.227,184.4,2497.7488,100,21.16667,44,100,0,0,100,3400.0,3900,1200,3.3,25.0,0.2,4,347.7312879,1200,400,3.3,22.7,0.2,6,222.6314472,1900,600,3.3,26,0.3,32,-297.4461054,1800,700,2.6,28.4,0.3
106.882835,1,AUTO,ARMED,5,AVAILABLE,UNAVAILABLE,UNAVAILABLE,81,4,ACTIVE,711,D_P3-A5.NC,D_P3-A5.NC,6,0.001168144,20,0.0005,1612515.148,468952.227,184.4,1986.3467,100,21.16667,44,100,0,1,100,3400.0,4100,800,5.3,25.0,0.2,4,346.6412854,300,100,5.2,22.7,0.1,7,222.6315273,900,300,3.3,26,0.1,32,-297.4460825,1200,600,1.9,28.4,0.1
107.020579,1,AUTO,ARMED,5,AVAILABLE,UNAVAILABLE,UNAVAILABLE,81,4,ACTIVE,711,D_P3-A5.NC,D_P3-A5.NC,6,0.001168144,20,0.0005,1612515.148,468952.227,184.4,1986.3467,100,21.16667,44,100,0,0,100,3400.0,4100,800,5.3,25.0,0.2,3,340.0901122,300,100,5.2,22.7,0.1,6,222.6316646,900,300,3.3,26,0.1,32,-297.446094,1200,600,1.9,28.4,0.1
107.15963,1,AUTO,ARMED,5,AVAILABLE,UNAVAILABLE,UNAVAILABLE,81,4,ACTIVE,711,D_P3-A5.NC,D_P3-A5.NC,6,0.001168144,20,0.0005,1612515.148,468952.227,184.4,1986.3467,100,21.16667,44,100,0,0,100,3400.0,4100,800,5.3,25.0,0.2,3,337.9151767,300,100,5.2,22.7,0.1,6,222.6315731,900,300,3.3,26,0.1,32,-297.4461283,1200,600,1.9,28.4,0.1
107.302675,1,AUTO,ARMED,5,AVAILABLE,UNAVAILABLE,UNAVAILABLE,81,4,ACTIVE,711,D_P3-A5.NC,D_P3-A5.NC,6,0.000668021,20,0.0005,1612515.148,468952.227,184.4,1986.3467,100,21.16667,45,100,0,0,100,3400.0,4100,800,5.3,25.0,0.2,5,335.7244029,300,100,5.2,22.7,0.1,5,222.6316303,900,300,3.3,26,0.1,32,-297.446094,1200,600,1.9,28.4,0.1
107.4457,1,AUTO,ARMED,5,AVAILABLE,UNAVAILABLE,UNAVAILABLE,81,4,ACTIVE,711,D_P3-A5.NC,D_P3-A5.NC,6,0.000167898,20,0.0005,1612515.148,468952.227,184.4,1986.3467,100,21.16667,45,100,0,0,100,3400.0,4100,800,5.3,25.0,0.2,5,333.5442032,300,100,5.2,22.7,0.1,5,222.631493,900,300,3.3,26,0.1,32,-297.4461054,1200,600,1.9,28.4,0.1
107.595049,1,AUTO,ARMED,5,AVAILABLE,UNAVAILABLE,UNAVAILABLE,81,4,ACTIVE,711,D_P3-A5.NC,D_P3-A5.NC,6,0.000668021,20,0.0005,1612515.148,468952.227,184.4,1986.3467,100,21.16667,45,100,0,1,100,3400.0,4100,800,5.3,25.0,0.2,6,329.1785827,300,100,5.2,22.7,0.1,5,222.6317104,900,300,3.3,26,0.1,32,-297.446094,1200,600,1.9,28.4,0.1
107.750603,1,AUTO,ARMED,5,AVAILABLE,UNAVAILABLE,UNAVAILABLE,81,4,ACTIVE,711,D_P3-A5.NC,D_P3-A5.NC,6,0.000668021,20,0.0005,1612515.148,468952.227,184.4,1986.3467,100,21.16667,45,100,0,2,100,3400.0,4100,800,5.3,25.0,0.2,8,324.8183667,300,100,5.2,22.7,0.1,4,222.6316646,900,300,3.3,26,0.1,32,-297.4461054,1200,600,1.9,28.4,0.1
107.921481,1,AUTO,ARMED,5,AVAILABLE,UNAVAILABLE,UNAVAILABLE,81,4,ACTIVE,711,D_P3-A5.NC,D_P3-A5.NC,6,0.000668021,20,0.0005,1612515.148,468952.227,184.4,3097.6086,100,21.16667,45,100,0,1,100,3400.0,4100,800,5.3,25.0,0.2,9,322.6329827,300,100,5.2,22.7,0.1,3,222.6315959,900,300,3.3,26,0.1,32,-297.446094,1200,600,1.9,28.4,0.1
108.110879,1,AUTO,ARMED,5,AVAILABLE,UNAVAILABLE,UNAVAILABLE,81,4,ACTIVE,711,D_P3-A5.NC,D_P3-A5.NC,6,0.000668021,20,0.0005,1612515.148,468952.227,184.4,3097.6086,100,14.13333,45,100,0,1,100,3400.0,4100,800,5.3,25.0,0.2,7,318.5982859,300,100,5.2,22.7,0.1,3,222.6316074,900,300,3.3,26,0.1,32,-297.4461054,1200,600,1.9,28.4,0.1
108.255248,1,AUTO,ARMED,5,AVAILABLE,UNAVAILABLE,UNAVAILABLE,81,4,ACTIVE,711,D_P3-A5.NC,D_P3-A5.NC,6,0.000668021,20,0.0005,1612515.148,468952.227,184.4,3097.6086,100,0.0,45,100,0,1,100,3400.0,4100,800,5.3,25.0,0.2,7,318.5608162,300,100,5.2,22.7,0.1,3,222.6316074,900,300,3.3,26,0.1,32,-297.4461054,1200,600,1.9,28.4,0.1
108.396852,1,AUTO,ARMED,5,AVAILABLE,UNAVAILABLE,UNAVAILABLE,82,4,ACTIVE,711,D_P3-A5.NC,D_P3-A5.NC,6,0.000668021,20,0.0005,1612515.148,468952.227,184.4,3097.6086,100,0.0,46,100,0,0,100,3400.0,4100,800,5.3,25.0,0.2,7,318.5608506,300,100,5.2,22.7,0.1,3,222.6316074,900,300,3.3,26,0.1,32,-297.446094,1200,600,1.9,28.4,0.1
108.54163,1,AUTO,ARMED,5,AVAILABLE,UNAVAILABLE,UNAVAILABLE,82,4,ACTIVE,711,D_P3-A5.NC,D_P3-A5.NC,6,0.000668021,20,0.0005,1612515.148,468952.227,184.4,3097.6086,100,0.0,46,100,0,1,100,3400.0,6800,1700,4.0,25.0,0.2,6,318.5608735,200,0,3.9,22.7,0.1,3,222.6315959,2400,700,3.3,26,0.1,32,-297.4461054,1300,600,2.1,28.4,0.1
108.697381,1,AUTO,ARMED,5,AVAILABLE,UNAVAILABLE,UNAVAILABLE,82,4,ACTIVE,711,D_P3-A5.NC,D_P3-A5.NC,6,0.000668021,20,0.0005,1612515.148,468952.227,184.4,3097.6086,100,0.0,46,100,0,2,100,3400.0,6800,1700,4.0,25.0,0.2,6,318.5608964,200,0,3.9,22.7,0.1,3,222.6315959,2400,700,3.3,26,0.1,32,-297.4461054,1300,600,2.1,28.4,0.1
108.842311,1,AUTO,ARMED,5,AVAILABLE,UNAVAILABLE,UNAVAILABLE,82,4,ACTIVE,711,D_P3-A5.NC,D_P3-A5.NC,6,0.000668021,20,0.0005,1612515.148,468952.227,184.4,3097.6086,100,0.0,46,100,0,2,100,3400.0,6800,1700,4.0,25.0,0.2,6,318.5608964,200,0,3.9,22.7,0.1,3,222.6315959,2400,700,3.3,26,0.1,32,-297.4461054,1300,600,2.1,28.4,0.1
108.983924,1,AUTO,ARMED,5,AVAILABLE,UNAVAILABLE,UNAVAILABLE,82,4,ACTIVE,711,D_P3-A5.NC,D_P3-A5.NC,6,0.000668021,20,0.0005,1612515.148,468952.227,184.4,3097.6086,100,0.0,46,100,0,0,100,3400.0,6800,1700,4.0,25.0,0.2,5,318.5609078,200,0,3.9,22.7,0.1,3,222.6316074,2400,700,3.3,26,0.1,32,-297.446094,1300,600,2.1,28.4,0.1
109.127883,1,AUTO,ARMED,5,AVAILABLE,UNAVAILABLE,UNAVAILABLE,82,4,ACTIVE,711,D_P3-A5.NC,D_P3-A5.NC,6,0.000668021,20,0.0005,1612515.148,468952.227,184.4,2013.2545,100,0.0,46,100,0,0,100,3400.0,6800,1700,4.0,25.0,0.2,5,318.5608849,200,0,3.9,22.7,0.1,3,222.6316074,2400,700,3.3,26,0.1,32,-297.4461054,1300,600,2.1,28.4,0.1
109.269652,1,AUTO,ARMED,5,AVAILABLE,UNAVAILABLE,UNAVAILABLE,85,4,ACTIVE,711,D_P3-A5.NC,D_P3-A5.NC,6,0.000668021,20,0.0005,1612515.148,468952.227,184.4,2013.2545,100,0.0,47,100,0,0,100,3443.20449,6800,1700,4.0,25.0,0.2,6,318.5609078,200,0,3.9,22.7,0.1,3,222.6315845,2400,700,3.3,26,0.1,32,-297.4461054,1300,600,2.1,28.4,0.1
109.407309,1,AUTO,ARMED,5,AVAILABLE,UNAVAILABLE,UNAVAILABLE,85,4,ACTIVE,711,D_P3-A5.NC,D_P3-A5.NC,6,0.000668021,20,0.0005,1612515.148,468952.227,184.4,2013.2545,100,0.0,47,100,0,24,100,3600.374991,6800,1700,4.0,25.0,0.2,5,318.5608964,200,0,3.9,22.7,0.1,3,222.6315959,2400,700,3.3,26,0.1,32,-297.446094,1300,600,2.1,28.4,0.1
109.547157,1,AUTO,ARMED,5,AVAILABLE,UNAVAILABLE,UNAVAILABLE,85,4,ACTIVE,711,D_P3-A5.NC,D_P3-A5.NC,6,0.000668021,20,0.0005,1612515.148,468952.227,184.4,2013.2545,100,0.0,47,100,0,24,100,3900.0,6800,1700,4.0,25.0,0.2,5,318.5608849,200,0,3.9,22.7,0.1,3,222.6461748,2400,700,3.3,26,0.1,32,-297.446094,1300,600,2.1,28.4,0.1
109.689274,1,AUTO,ARMED,5,AVAILABLE,UNAVAILABLE,UNAVAILABLE,86,4,ACTIVE,711,D_P3-A5.NC,D_P3-A5.NC,6,0.000668021,20,0.0005,1612515.148,468952.227,184.4,2013.2545,100,0.0,47,100,0,0,100,3900.0,6800,1700,4.0,25.0,0.2,6,318.5608964,200,0,3.9,22.7,0.1,4,223.2664191,2400,700,3.3,26,0.1,32,-297.4461054,1300,600,2.1,28.4,0.1
109.837634,1,AUTO,ARMED,5,AVAILABLE,UNAVAILABLE,UNAVAILABLE,86,4,ACTIVE,711,D_P3-A5.NC,D_P3-A5.NC,6,0.000668021,20,0.0005,1612515.148,468952.227,184.4,2013.2545,100,0.0,47,100,0,0,100,3900.0,6800,1700,4.0,25.0,0.2,6,318.5608964,200,0,3.9,22.7,0.1,1,223.2665336,2400,700,3.3,26,0.1,32,-297.4461054,1300,600,2.1,28.4,0.1
109.98166,1,AUTO,ARMED,5,AVAILABLE,UNAVAILABLE,UNAVAILABLE,86,4,ACTIVE,711,D_P3-A5.NC,D_P3-A5.NC,6,0.000668021,20,0.0005,1612515.148,468952.227,184.4,2013.2545,100,0.0,47,100,0,0,100,3900.0,2300,500,4.4,25.0,0.1,6,318.5608964,800,200,4.3,22.7,0.1,1,223.2665908,2900,1200,2.5,26,0.2,32,-297.4461054,1500,600,2.3,28.4,0.1
110.130665,1,AUTO,ARMED,5,AVAILABLE,UNAVAILABLE,UNAVAILABLE,86,4,ACTIVE,711,D_P3-A5.NC,D_P3-A5.NC,6,0.000668021,20,0.0005,1612515.148,468952.227,184.4,2405.2244,100,0.0,47,100,0,2,100,3900.0,2300,500,4.4,25.0,0.1,5,318.5608964,800,200,4.3,22.7,0.1,1,223.2665908,2900,1200,2.5,26,0.2,32,-297.4461054,1500,600,2.3,28.4,0.1
110.270563,1,AUTO,ARMED,5,AVAILABLE,UNAVAILABLE,UNAVAILABLE,86,4,ACTIVE,711,D_P3-A5.NC,D_P3-A5.NC,6,0.000668021,20,0.0005,1612515.148,468952.227,184.4,2405.2244,100,0.0,47,100,0,0,100,3900.0,2300,500,4.4,25.0,0.1,5,318.5608964,800,200,4.3,22.7,0.1,1,223.2666022,2900,1200,2.5,26,0.2,32,-297.4461054,1500,600,2.3,28.4,0.1
110.409372,1,AUTO,ARMED,5,AVAILABLE,UNAVAILABLE,UNAVAILABLE,86,4,ACTIVE,711,D_P3-A5.NC,D_P3-A5.NC,6,0.000668021,20,0.0005,1612515.148,468952.227,184.4,2405.2244,100,0.0,48,100,0,0,100,3900.0,2300,500,4.4,25.0,0.1,5,318.5609078,800,200,4.3,22.7,0.1,1,223.2665908,2900,1200,2.5,26,0.2,32,-297.446094,1500,600,2.3,28.4,0.1
110.548944,1,AUTO,ARMED,5,AVAILABLE,UNAVAILABLE,UNAVAILABLE,86,4,ACTIVE,711,D_P3-A5.NC,D_P3-A5.NC,6,0.000668021,20,0.0005,1612515.148,468952.227,184.4,2405.2244,100,0.0,48,100,0,0,100,3900.0,2300,500,4.4,25.0,0.1,5,318.5608964,800,200,4.3,22.7,0.1,1,223.2665908,2900,1200,2.5,26,0.2,32,-297.4461054,1500,600,2.3,28.4,0.1
110.691502,1,AUTO,ARMED,5,AVAILABLE,UNAVAILABLE,UNAVAILABLE,87,4,ACTIVE,711,D_P3-A5.NC,D_P3-A5.NC,6,0.000668021,20,0.0005,1612515.148,468952.227,184.4,2405.2244,100,0.0,48,100,0,0,100,3900.0,2300,500,4.4,25.0,0.1,29,319.7797038,800,200,4.3,22.7,0.1,1,223.2665908,2900,1200,2.5,26,0.2,32,-297.446094,1500,600,2.3,28.4,0.1
110.847305,1,AUTO,ARMED,5,AVAILABLE,UNAVAILABLE,UNAVAILABLE,87,4,ACTIVE,711,D_P3-A5.NC,D_P3-A5.NC,6,0.000668021,20,0.0005,1612515.148,468952.227,184.4,2405.2244,100,14.81667,48,100,0,0,100,3900.0,2300,500,4.4,25.0,0.1,29,321.3056503,800,200,4.3,22.7,0.1,1,223.2666022,2900,1200,2.5,26,0.2,32,-297.446094,1500,600,2.3,28.4,0.1
110.995792,1,AUTO,ARMED,5,AVAILABLE,UNAVAILABLE,UNAVAILABLE,87,4,ACTIVE,711,D_P3-A5.NC,D_P3-A5.NC,6,0.000668021,20,0.0005,1612515.148,468952.227,184.4,2405.2244,100,14.81667,48,100,0,1,100,3900.0,2300,500,4.4,25.0,0.1,9,322.8316311,800,200,4.3,22.7,0.1,1,223.2666137,2900,1200,2.5,26,0.2,32,-297.446094,1500,600,2.3,28.4,0.1
111.138125,1,AUTO,ARMED,5,AVAILABLE,UNAVAILABLE,UNAVAILABLE,87,4,ACTIVE,711,D_P3-A5.NC,D_P3-A5.NC,6,0.000668021,20,0.0005,1612515.148,468952.227,184.4,2405.2244,100,14.81667,48,100,0,0,100,3900.0,2300,500,4.4,25.0,0.1,9,327.4175159,800,200,4.3,22.7,0.1,1,223.2666022,2900,1200,2.5,26,0.2,32,-297.446094,1500,600,2.3,28.4,0.1
111.302234,1,AUTO,ARMED,5,AVAILABLE,UNAVAILABLE,UNAVAILABLE,87,4,ACTIVE,711,D_P3-A5.NC,D_P3-A5.NC,6,0.000668021,20,0.0005,1612515.148,468952.227,184.4,2461.7461,100,14.81667,49,100,0,1,100,3900.0,2300,500,4.4,25.0,0.1,7,328.9468156,800,200,4.3,22.7,0.1,1,223.2666022,2900,1200,2.5,26,0.2,32,-297.4461054,1500,600,2.3,28.4,0.1
111.441831,1,AUTO,ARMED,5,AVAILABLE,UNAVAILABLE,UNAVAILABLE,87,4,ACTIVE,711,D_P3-A5.NC,D_P3-A5.NC,6,0.001168144,20,0.0005,1612515.148,468952.227,184.4,2461.7461,100,14.81667,49,100,0,1,100,3900.0,2300,500,4.4,25.0,0.1,7,330.4730734,800,200,4.3,22.7,0.1,1,223.2665794,2900,1200,2.5,26,0.2,32,-297.4461054,1500,600,2.3,28.4,0.1
111.586525,1,AUTO,ARMED,5,AVAILABLE,UNAVAILABLE,UNAVAILABLE,87,4,ACTIVE,711,D_P3-A5.NC,D_P3-A5.NC,6,0.000668021,20,0.0005,1612515.148,468952.227,184.4,2461.7461,100,14.81667,49,100,0,3,100,3900.0,3600,1100,3.4,25.0,0.2,12,333.5330363,900,300,3.2,22.7,0.2,2,223.2666022,3000,1100,2.7,26,0.2,32,-297.446094,1500,700,2.2,28.3,0.1
111.731422,1,AUTO,ARMED,5,AVAILABLE,UNAVAILABLE,UNAVAILABLE,87,4,ACTIVE,711,D_P3-A5.NC,D_P3-A5.NC,6,0.000167898,20,0.0005,1612515.148,468952.227,184.4,2461.7461,100,14.81667,49,100,0,1,100,3900.0,3600,1100,3.4,25.0,0.2,12,335.0591669,900,300,3.2,22.7,0.2,2,223.2665908,3000,1100,2.7,26,0.2,32,-297.446094,1500,700,2.2,28.3,0.1
111.884511,1,AUTO,ARMED,5,AVAILABLE,UNAVAILABLE,UNAVAILABLE,87,4,ACTIVE,711,D_P3-A5.NC,D_P3-A5.NC,6,0.000668021,20,0.0005,1612515.148,468952.227,184.4,2461.7461,100,14.81667,49,100,0,1,100,3900.0,3600,1100,3.4,25.0,0.2,12,336.5852059,900,300,3.2,22.7,0.2,2,223.2665679,3000,1100,2.7,26,0.2,32,-297.4461054,1500,700,2.2,28.3,0.1
112.043744,1,AUTO,ARMED,5,AVAILABLE,UNAVAILABLE,UNAVAILABLE,87,4,ACTIVE,711,D_P3-A5.NC,D_P3-A5.NC,6,0.000668021,20,0.0005,1612515.148,468952.227,184.4,2461.7461,100,14.81667,49,100,0,1,100,3900.0,3600,1100,3.4,25.0,0.2,14,338.1188094,900,300,3.2,22.7,0.2,2,223.2665908,3000,1100,2.7,26,0.2,32,-297.446094,1500,700,2.2,28.3,0.1
112.202346,1,AUTO,ARMED,5,AVAILABLE,UNAVAILABLE,UNAVAILABLE,87,4,ACTIVE,711,D_P3-A5.NC,D_P3-A5.NC,6,0.000167898,20,0.0005,1612515.148,468952.227,184.4,2461.7461,100,14.81667,49,100,0,1,100,3900.0,3600,1100,3.4,25.0,0.2,14,342.6972125,900,300,3.2,22.7,0.2,2,223.2665794,3000,1100,2.7,26,0.2,32,-297.4461054,1500,700,2.2,28.3,0.1
112.340549,1,AUTO,ARMED,5,AVAILABLE,UNAVAILABLE,UNAVAILABLE,87,4,ACTIVE,711,D_P3-A5.NC,D_P3-A5.NC,6,0.000167898,20,0.0005,1612515.148,468952.227,184.4,2430.2063,100,14.81667,50,100,0,3,100,3900.0,3600,1100,3.4,25.0,0.2,12,344.2271997,900,300,3.2,22.7,0.2,2,223.2665908,3000,1100,2.7,26,0.2,32,-297.446094,1500,700,2.2,28.3,0.1
112.488778,1,AUTO,ARMED,5,AVAILABLE,UNAVAILABLE,UNAVAILABLE,87,4,ACTIVE,711,D_P3-A5.NC,D_P3-A5.NC,6,0.000668021,20,0.0005,1612515.148,468952.227,184.4,2430.2063,100,14.81667,50,100,0,3,100,3900.0,3600,1100,3.4,25.0,0.2,12,346.5161552,900,300,3.2,22.7,0.2,2,223.2666137,3000,1100,2.7,26,0.2,32,-297.446094,1500,700,2.2,28.3,0.1
112.629614,1,AUTO,ARMED,5,AVAILABLE,UNAVAILABLE,UNAVAILABLE,87,4,ACTIVE,711,D_P3-A5.NC,D_P3-A5.NC,6,0.000167898,20,0.0005,1612515.148,468952.227,184.4,2430.2063,100,14.81667,50,100,0,1,100,3900.0,3600,1100,3.4,25.0,0.2,13,348.0496671,900,300,3.2,22.7,0.2,2,223.2666022,3000,1100,2.7,26,0.2,32,-297.446094,1500,700,2.2,28.3,0.1
112.767395,1,AUTO,ARMED,5,AVAILABLE,UNAVAILABLE,UNAVAILABLE,87,4,ACTIVE,711,D_P3-A5.NC,D_P3-A5.NC,6,0.000668021,20,0.0005,1612515.148,468952.227,184.4,2430.2063,100,14.81667,50,100,0,1,100,3900.0,3600,1100,3.4,25.0,0.2,13,351.1021915,900,300,3.2,22.7,0.2,2,223.2665908,3000,1100,2.7,26,0.2,32,-297.446094,1500,700,2.2,28.3,0.1
112.907748,1,AUTO,ARMED,5,AVAILABLE,UNAVAILABLE,UNAVAILABLE,87,4,ACTIVE,711,D_P3-A5.NC,D_P3-A5.NC,6,0.001168144,20,0.0005,1612515.148,468952.227,184.4,2430.2063,100,14.81667,50,100,0,1,100,3900.0,3600,1100,3.4,25.0,0.2,13,352.6279787,900,300,3.2,22.7,0.2,2,223.2666251,3000,1100,2.7,26,0.2,32,-297.446094,1500,700,2.2,28.3,0.1
113.045756,1,AUTO,ARMED,5,AVAILABLE,UNAVAILABLE,UNAVAILABLE,87,4,ACTIVE,711,D_P3-A5.NC,D_P3-A5.NC,6,0.001168144,20,0.0005,1612515.148,468952.227,184.4,2430.2063,100,14.81667,50,100,0,0,100,3900.0,3900,1100,3.6,25.0,0.2,14,354.1577027,900,300,3.1,22.7,0.2,2,223.2666137,2800,1100,2.6,26,0.2,32,-297.4461054,1600,700,2.4,28.3,0.1
113.20265,1,AUTO,ARMED,5,AVAILABLE,UNAVAILABLE,UNAVAILABLE,87,4,ACTIVE,711,D_P3-A5.NC,D_P3-A5.NC,6,0.000167898,20,0.0005,1612515.148,468952.227,184.4,2430.2063,100,14.81667,50,100,0,0,100,3900.0,3900,1100,3.6,25.0,0.2,14,355.683959,900,300,3.1,22.7,0.2,2,223.2665679,2800,1100,2.6,26,0.2,32,-297.4461054,1600,700,2.4,28.3,0.1
113.348701,1,AUTO,ARMED,5,AVAILABLE,UNAVAILABLE,UNAVAILABLE,87,4,ACTIVE,711,D_P3-A5.NC,D_P3-A5.NC,6,0.001168144,20,0.0005,1612515.148,468952.227,184.4,2476.8135,100,14.81667,51,100,0,0,100,3900.0,3900,1100,3.6,25.0,0.2,13,360.2694798,900,300,3.1,22.7,0.2,2,223.2665908,2800,1100,2.6,26,0.2,32,-297.4461054,1600,700,2.4,28.3,0.1
113.493782,1,AUTO,ARMED,5,AVAILABLE,UNAVAILABLE,UNAVAILABLE,87,4,ACTIVE,711,D_P3-A5.NC,D_P3-A5.NC,6,0.001168144,20,0.0005,1612515.148,468952.227,184.4,2476.8135,100,14.81667,51,100,0,0,100,3900.0,3900,1100,3.6,25.0,0.2,13,361.7924135,900,300,3.1,22.7,0.2,2,223.2666137,2800,1100,2.6,26,0.2,32,-297.4461054,1600,700,2.4,28.3,0.1
113.654567,1,AUTO,ARMED,5,AVAILABLE,UNAVAILABLE,UNAVAILABLE,87,4,ACTIVE,711,D_P3-A5.NC,D_P3-A5.NC,6,0.000668021,20,0.0005,1612515.148,468952.227,184.4,2476.8135,100,14.81667,51,100,0,1,100,3900.0,3900,1100,3.6,25.0,0.2,14,363.3257269,900,300,3.1,22.7,0.2,2,223.2666251,2800,1100,2.6,26,0.2,32,-297.446094,1600,700,2.4,28.3,0.1
113.799142,1,AUTO,ARMED,5,AVAILABLE,UNAVAILABLE,UNAVAILABLE,87,4,ACTIVE,711,D_P3-A5.NC,D_P3-A5.NC,6,0.000167898,20,0.0005,1612515.148,468952.227,184.4,2476.8135,100,14.81667,51,100,0,2,100,3900.0,3900,1100,3.6,25.0,0.2,15,366.3780373,900,300,3.1,22.7,0.2,2,223.2665679,2800,1100,2.6,26,0.2,32,-297.4461054,1600,700,2.4,28.3,0.1
113.943788,1,AUTO,ARMED,5,AVAILABLE,UNAVAILABLE,UNAVAILABLE,87,4,ACTIVE,711,D_P3-A5.NC,D_P3-A5.NC,6,0.000668021,20,0.0005,1612515.148,468952.227,184.4,2476.8135,100,14.81667,51,100,0,2,100,3900.0,3900,1100,3.6,25.0,0.2,15,367.9115567,900,300,3.1,22.7,0.2,2,223.2666022,2800,1100,2.6,26,0.2,32,-297.4460825,1600,700,2.4,28.3,0.1
114.085696,1,AUTO,ARMED,5,AVAILABLE,UNAVAILABLE,UNAVAILABLE,87,4,ACTIVE,711,D_P3-A5.NC,D_P3-A5.NC,6,0.001168144,20,0.0005,1612515.148,468952.227,184.4,2476.8135,100,14.81667,51,100,0,1,100,3900.0,3900,1100,3.6,25.0,0.2,13,369.4336436,900,300,3.1,22.7,0.2,2,223.2666366,2800,1100,2.6,26,0.2,32,-297.4461054,1600,700,2.4,28.3,0.1
114.225167,1,AUTO,ARMED,5,AVAILABLE,UNAVAILABLE,UNAVAILABLE,87,4,ACTIVE,711,D_P3-A5.NC,D_P3-A5.NC,6,0.000668021,20,0.0005,1612515.148,468952.227,184.4,2476.8135,100,14.81667,51,100,0,1,100,3900.0,3900,1100,3.6,25.0,0.2,13,370.9597015,900,300,3.1,22.7,0.2,2,223.2665908,2800,1100,2.6,26,0.2,32,-297.4461054,1600,700,2.4,28.3,0.1
114.389899,1,AUTO,ARMED,5,AVAILABLE,UNAVAILABLE,UNAVAILABLE,87,4,ACTIVE,711,D_P3-A5.NC,D_P3-A5.NC,6,0.001168144,20,0.0005,1612515.148,468952.227,184.4,2476.8135,100,14.81667,52,100,0,1,100,3900.0,3900,1100,3.6,25.0,0.2,13,374.786462,900,300,3.1,22.7,0.2,2,223.2666137,2800,1100,2.6,26,0.2,32,-297.4461054,1600,700,2.4,28.3,0.1
114.530364,1,AUTO,ARMED,5,AVAILABLE,UNAVAILABLE,UNAVAILABLE,87,4,ACTIVE,711,D_P3-A5.NC,D_P3-A5.NC,6,0.000668021,20,0.0005,1612515.148,468952.227,184.4,2002.2273,100,14.81667,52,100,0,0,100,3900.0,3900,1100,3.6,25.0,0.2,13,376.3090982,900,300,3.1,22.7,0.2,2,223.2666137,2800,1100,2.6,26,0.2,32,-297.446094,1600,700,2.4,28.3,0.1
114.686001,1,AUTO,ARMED,5,AVAILABLE,UNAVAILABLE,UNAVAILABLE,87,4,ACTIVE,711,D_P3-A5.NC,D_P3-A5.NC,6,0.000167898,20,0.0005,1612515.148,468952.227,184.4,2002.2273,100,14.81667,52,100,0,2,100,3900.0,3900,1100,3.6,25.0,0.2,11,379.3646472,900,300,3.1,22.7,0.2,2,223.2665679,2800,1100,2.6,26,0.2,32,-297.4461054,1600,700,2.4,28.3,0.1
114.837664,1,AUTO,ARMED,5,AVAILABLE,UNAVAILABLE,UNAVAILABLE,87,4,ACTIVE,711,D_P3-A5.NC,D_P3-A5.NC,6,0.001168144,20,0.0005,1612515.148,468952.227,184.4,2002.2273,100,14.81667,52,100,0,2,100,3900.0,3900,1100,3.6,25.0,0.2,11,380.8909684,900,300,3.1,22.7,0.2,2,223.2666137,2800,1100,2.6,26,0.2,32,-297.4460825,1600,700,2.4,28.3,0.1
114.97871,1,AUTO,ARMED,5,AVAILABLE,UNAVAILABLE,UNAVAILABLE,87,4,ACTIVE,711,D_P3-A5.NC,D_P3-A5.NC,6,0.001168144,20,0.0005,1612515.148,468952.227,184.4,2002.2273,100,14.81667,52,100,0,0,100,3900.0,2600,500,4.9,25.0,0.1,13,382.4204326,200,100,3.7,22.7,0.1,1,223.2666366,2400,1200,2.1,26,0.2,32,-297.4461054,1300,600,2.0,28.3,0.1
115.120817,1,AUTO,ARMED,5,AVAILABLE,UNAVAILABLE,UNAVAILABLE,87,4,ACTIVE,711,D_P3-A5.NC,D_P3-A5.NC,6,0.000668021,20,0.0005,1612515.148,468952.227,184.4,2002.2273,100,14.81667,52,100,0,0,100,3900.0,2600,500,4.9,25.0,0.1,13,383.94668,200,100,3.7,22.7,0.1,1,223.2665908,2400,1200,2.1,26,0.2,32,-297.446094,1300,600,2.0,28.3,0.1
115.262708,1,AUTO,ARMED,5,AVAILABLE,UNAVAILABLE,UNAVAILABLE,87,4,ACTIVE,711,D_P3-A5.NC,D_P3-A5.NC,6,0.000668021,20,0.0005,1612515.148,468952.227,184.4,2002.2273,100,14.81667,52,100,0,0,100,3900.0,2600,500,4.9,25.0,0.1,7,388.5324263,200,100,3.7,22.7,0.1,1,223.2666251,2400,1200,2.1,26,0.2,32,-297.446094,1300,600,2.0,28.3,0.1
115.401658,1,AUTO,ARMED,5,AVAILABLE,UNAVAILABLE,UNAVAILABLE,87,4,ACTIVE,711,D_P3-A5.NC,D_P3-A5.NC,6,0.000668021,20,0.0005,1612515.148,468952.227,184.4,2002.2273,100,14.81667,53,100,0,0,100,3900.0,2600,500,4.9,25.0,0.1,7,390.0585707,200,100,3.7,22.7,0.1,1,223.2666251,2400,1200,2.1,26,0.2,32,-297.446094,1300,600,2.0,28.3,0.1
115.558242,1,AUTO,ARMED,5,AVAILABLE,UNAVAILABLE,UNAVAILABLE,87,4,ACTIVE,711,D_P3-A5.NC,D_P3-A5.NC,6,0.000668021,20,0.0005,1612515.148,468952.227,184.4,2012.0315,100,14.81667,53,100,0,1,100,3900.0,2600,500,4.9,25.0,0.1,8,391.5846464,200,100,3.7,22.7,0.1,1,223.2666022,2400,1200,2.1,26,0.2,32,-297.4461054,1300,600,2.0,28.3,0.1
115.707993,1,AUTO,ARMED,5,AVAILABLE,UNAVAILABLE,UNAVAILABLE,87,4,ACTIVE,711,D_P3-A5.NC,D_P3-A5.NC,6,0.000668021,20,0.0005,1612515.148,468952.227,184.4,2012.0315,100,14.81667,53,100,0,1,100,3900.0,2600,500,4.9,25.0,0.1,9,394.6407119,200,100,3.7,22.7,0.1,1,223.2666137,2400,1200,2.1,26,0.2,32,-297.4461054,1300,600,2.0,28.3,0.1
115.864749,1,AUTO,ARMED,5,AVAILABLE,UNAVAILABLE,UNAVAILABLE,87,4,ACTIVE,711,D_P3-A5.NC,D_P3-A5.NC,6,0.000668021,20,0.0005,1612515.148,468952.227,184.4,2012.0315,100,14.81667,53,100,0,1,100,3900.0,2600,500,4.9,25.0,0.1,9,396.1667647,200,100,3.7,22.7,0.1,1,223.2666022,2400,1200,2.1,26,0.2,32,-297.4461054,1300,600,2.0,28.3,0.1
116.023696,1,AUTO,ARMED,5,AVAILABLE,UNAVAILABLE,UNAVAILABLE,87,4,ACTIVE,711,D_P3-A5.NC,D_P3-A5.NC,6,0.000668021,20,0.0005,1612515.148,468952.227,184.4,2012.0315,100,14.43333,53,100,0,1,100,3900.0,2600,500,4.9,25.0,0.1,8,397.6965485,200,100,3.7,22.7,0.1,1,223.2666022,2400,1200,2.1,26,0.2,32,-297.4461054,1300,600,2.0,28.3,0.1
116.16654,1,AUTO,ARMED,5,AVAILABLE,UNAVAILABLE,UNAVAILABLE,87,4,ACTIVE,711,D_P3-A5.NC,D_P3-A5.NC,6,0.000668021,20,0.0005,1612515.148,468952.227,184.4,2012.0315,100,7.016667,53,100,0,3,100,3900.0,2600,500,4.9,25.0,0.1,1,399.8403518,200,100,3.7,22.7,0.1,1,223.2666022,2400,1200,2.1,26,0.2,32,-297.4461054,1300,600,2.0,28.3,0.1
116.314726,1,AUTO,ARMED,5,AVAILABLE,UNAVAILABLE,UNAVAILABLE,88,4,ACTIVE,711,D_P3-A5.NC,D_P3-A5.NC,6,0.000668021,20,0.0005,1612515.148,468952.227,184.4,2012.0315,100,0.0,54,100,0,3,100,3900.0,2600,500,4.9,25.0,0.1,1,399.8408325,200,100,3.7,22.7,0.1,1,223.2666137,2400,1200,2.1,26,0.2,32,-297.446094,1300,600,2.0,28.3,0.1
116.453939,1,AUTO,ARMED,5,AVAILABLE,UNAVAILABLE,UNAVAILABLE,88,4,ACTIVE,711,D_P3-A5.NC,D_P3-A5.NC,6,0.000668021,20,0.0005,1612515.148,468952.227,184.4,2012.0315,100,0.0,54,100,0,1,100,3900.0,2600,500,4.9,25.0,0.1,6,399.8409011,200,100,3.7,22.7,0.1,1,223.2665908,2400,1200,2.1,26,0.2,32,-297.4461054,1300,600,2.0,28.3,0.1
116.599442,1,AUTO,ARMED,5,AVAILABLE,UNAVAILABLE,UNAVAILABLE,88,4,ACTIVE,711,D_P3-A5.NC,D_P3-A5.NC,6,0.000668021,20,0.0005,1612515.148,468952.227,184.4,2012.0315,100,0.0,54,100,0,1,100,3900.0,2800,500,5.3,25.0,0.2,6,399.8409126,1000,200,4.6,22.7,0.1,1,223.2666022,1900,500,4.1,26,0.2,32,-297.446094,1300,600,2.0,28.3,0.2
116.748692,1,AUTO,ARMED,5,AVAILABLE,UNAVAILABLE,UNAVAILABLE,88,4,ACTIVE,711,D_P3-A5.NC,D_P3-A5.NC,6,0.000668021,20,0.0005,1612515.148,468952.227,184.4,2312.5762,100,0.0,54,100,0,2,100,3900.0,2800,500,5.3,25.0,0.2,6,399.8408897,1000,200,4.6,22.7,0.1,1,223.2665908,1900,500,4.1,26,0.2,32,-297.4461054,1300,600,2.0,28.3,0.2
116.888764,1,AUTO,ARMED,5,AVAILABLE,UNAVAILABLE,UNAVAILABLE,88,4,ACTIVE,711,D_P3-A5.NC,D_P3-A5.NC,6,0.000668021,20,0.0005,1612515.148,468952.227,184.4,2312.5762,100,0.0,54,100,0,1,100,3900.0,2800,500,5.3,25.0,0.2,6,399.8409011,1000,200,4.6,22.7,0.1,1,223.2666022,1900,500,4.1,26,0.2,32,-297.446094,1300,600,2.0,28.3,0.2
117.054061,1,AUTO,ARMED,5,AVAILABLE,UNAVAILABLE,UNAVAILABLE,88,4,ACTIVE,711,D_P3-A5.NC,D_P3-A5.NC,6,0.000668021,20,0.0005,1612515.148,468952.227,184.4,2312.5762,100,0.0,54,100,0,1,100,3900.0,2800,500,5.3,25.0,0.2,6,399.8409011,1000,200,4.6,22.7,0.1,1,223.2666022,1900,500,4.1,26,0.2,32,-297.446094,1300,600,2.0,28.3,0.2
117.192539,1,AUTO,ARMED,5,AVAILABLE,UNAVAILABLE,UNAVAILABLE,89,4,ACTIVE,711,D_P3-A5.NC,D_P3-A5.NC,6,0.000668021,20,0.0005,1612515.148,468952.227,184.4,2312.5762,100,0.0,54,100,0,0,100,3900.0,2800,500,5.3,25.0,0.2,4,399.5954755,1000,200,4.6,22.7,0.1,10,223.9003726,1900,500,4.1,26,0.2,32,-297.4461054,1300,600,2.0,28.3,0.2
117.337513,1,AUTO,ARMED,5,AVAILABLE,UNAVAILABLE,UNAVAILABLE,90,4,ACTIVE,711,D_P3-A5.NC,D_P3-A5.NC,6,0.000668021,20,0.0005,1612515.148,468952.227,184.4,2312.5762,100,14.81667,55,100,0,0,100,3900.0,2800,500,5.3,25.0,0.2,4,398.0724822,1000,200,4.6,22.7,0.1,10,223.9012996,1900,500,4.1,26,0.2,32,-297.4461054,1300,600,2.0,28.3,0.2
117.481735,1,AUTO,ARMED,5,AVAILABLE,UNAVAILABLE,UNAVAILABLE,90,4,ACTIVE,711,D_P3-A5.NC,D_P3-A5.NC,6,0.000668021,20,0.0005,1612515.148,468952.227,184.4,2312.5762,100,14.81667,55,100,0,0,100,3900.0,2800,500,5.3,25.0,0.2,9,396.549798,1000,200,4.6,22.7,0.1,5,223.9016886,1900,500,4.1,26,0.2,32,-297.4461054,1300,600,2.0,28.3,0.2
117.627138,1,AUTO,ARMED,5,AVAILABLE,UNAVAILABLE,UNAVAILABLE,90,4,ACTIVE,711,D_P3-A5.NC,D_P3-A5.NC,6,0.000668021,20,0.0005,1612515.148,468952.227,184.4,2312.5762,100,14.81667,55,100,0,0,100,3900.0,2800,500,5.3,25.0,0.2,9,395.0238177,1000,200,4.6,22.7,0.1,5,223.9016658,1900,500,4.1,26,0.2,32,-297.446094,1300,600,2.0,28.3,0.2
117.770716,1,AUTO,ARMED,5,AVAILABLE,UNAVAILABLE,UNAVAILABLE,90,4,ACTIVE,711,D_P3-A5.NC,D_P3-A5.NC,6,0.000668021,20,0.0005,1612515.148,468952.227,184.4,2437.6553,100,14.81667,55,100,0,0,100,3900.0,2800,500,5.3,25.0,0.2,8,391.960435,1000,200,4.6,22.7,0.1,4,223.90162,1900,500,4.1,26,0.2,32,-297.4461054,1300,600,2.0,28.3,0.2
117.91971,1,AUTO,ARMED,5,AVAILABLE,UNAVAILABLE,UNAVAILABLE,90,4,ACTIVE,711,D_P3-A5.NC,D_P3-A5.NC,6,0.000668021,20,0.0005,1612515.148,468952.227,184.4,2437.6553,100,14.81667,55,100,0,0,100,3900.0,2800,500,5.3,25.0,0.2,8,388.9080394,1000,200,4.6,22.7,0.1,4,223.901517,1900,500,4.1,26,0.2,32,-297.4461054,1300,600,2.0,28.3,0.2
118.064755,1,AUTO,ARMED,5,AVAILABLE,UNAVAILABLE,UNAVAILABLE,90,4,ACTIVE,711,D_P3-A5.NC,D_P3-A5.NC,6,0.001668267,20,0.0005,1612515.148,468952.227,184.4,2437.6553,100,14.81667,55,100,0,0,100,3900.0,4200,1100,3.7,25.0,0.2,8,387.3821735,1200,400,2.9,22.7,0.2,4,223.9015055,2400,900,2.7,26,0.4,32,-297.446094,1700,700,2.5,28.3,0.1
118.211579,1,AUTO,ARMED,5,AVAILABLE,UNAVAILABLE,UNAVAILABLE,90,4,ACTIVE,711,D_P3-A5.NC,D_P3-A5.NC,6,0.000167898,20,0.0005,1612515.148,468952.227,184.4,2437.6553,100,14.81667,55,100,0,0,100,3900.0,4200,1100,3.7,25.0,0.2,5,386.6188114,1200,400,2.9,22.7,0.2,5,223.9014712,2400,900,2.7,26,0.4,32,-297.4461169,1700,700,2.5,28.3,0.1
118.364275,1,AUTO,ARMED,5,AVAILABLE,UNAVAILABLE,UNAVAILABLE,90,4,ACTIVE,711,D_P3-A5.NC,D_P3-A5.NC,6,0.000668021,20,0.0005,1612515.148,468952.227,184.4,2437.6553,100,14.81667,56,100,0,0,100,3900.0,4200,1100,3.7,25.0,0.2,4,385.0933575,1200,400,2.9,22.7,0.2,5,223.9015284,2400,900,2.7,26,0.4,32,-297.446094,1700,700,2.5,28.3,0.1
118.510174,1,AUTO,ARMED,5,AVAILABLE,UNAVAILABLE,UNAVAILABLE,90,4,ACTIVE,711,D_P3-A5.NC,D_P3-A5.NC,6,0.000167898,20,0.0005,1612515.148,468952.227,184.4,2437.6553,100,14.81667,56,100,0,1,100,3900.0,4200,1100,3.7,25.0,0.2,5,380.5146822,1200,400,2.9,22.7,0.2,6,223.9015513,2400,900,2.7,26,0.4,32,-297.4461054,1700,700,2.5,28.3,0.1
118.659238,1,AUTO,ARMED,5,AVAILABLE,UNAVAILABLE,UNAVAILABLE,90,4,ACTIVE,711,D_P3-A5.NC,D_P3-A5.NC,6,-0.000332225,20,0.0005,1612515.148,468952.227,184.4,2437.6553,100,14.81667,56,100,0,1,100,3900.0,4200,1100,3.7,25.0,0.2,5,378.9850449,1200,400,2.9,22.7,0.2,6,223.9015856,2400,900,2.7,26,0.4,32,-297.4461054,1700,700,2.5,28.3,0.1
118.803113,1,AUTO,ARMED,5,AVAILABLE,UNAVAILABLE,UNAVAILABLE,90,4,ACTIVE,711,D_P3-A5.NC,D_P3-A5.NC,6,0.000668021,20,0.0005,1612515.148,468952.227,184.4,2414.3386,100,14.81667,56,100,0,1,100,3900.0,4200,1100,3.7,25.0,0.2,5,377.4585777,1200,400,2.9,22.7,0.2,5,223.9016429,2400,900,2.7,26,0.4,32,-297.4461169,1700,700,2.5,28.3,0.1
118.945939,1,AUTO,ARMED,5,AVAILABLE,UNAVAILABLE,UNAVAILABLE,90,4,ACTIVE,711,D_P3-A5.NC,D_P3-A5.NC,6,0.001668267,20,0.0005,1612515.148,468952.227,184.4,2414.3386,100,14.81667,56,100,0,2,100,3900.0,4200,1100,3.7,25.0,0.2,6,374.399143,1200,400,2.9,22.7,0.2,5,223.9016314,2400,900,2.7,26,0.4,32,-297.4460825,1700,700,2.5,28.3,0.1
119.087743,1,AUTO,ARMED,5,AVAILABLE,UNAVAILABLE,UNAVAILABLE,90,4,ACTIVE,711,D_P3-A5.NC,D_P3-A5.NC,6,0.000167898,20,0.0005,1612515.148,468952.227,184.4,2414.3386,100,14.81667,56,100,0,2,100,3900.0,4200,1100,3.7,25.0,0.2,6,372.873042,1200,400,2.9,22.7,0.2,5,223.9016085,2400,900,2.7,26,0.4,32,-297.4461169,1700,700,2.5,28.3,0.1
119.226444,1,AUTO,ARMED,5,AVAILABLE,UNAVAILABLE,UNAVAILABLE,90,4,ACTIVE,711,D_P3-A5.NC,D_P3-A5.NC,6,0.000167898,20,0.0005,1612515.148,468952.227,184.4,2414.3386,100,14.81667,56,100,0,0,100,3900.0,4200,1100,3.7,25.0,0.2,8,369.8242503,1200,400,2.9,22.7,0.2,5,223.9015399,2400,900,2.7,26,0.4,32,-297.446094,1700,700,2.5,28.3,0.1
119.37148,1,AUTO,ARMED,5,AVAILABLE,UNAVAILABLE,UNAVAILABLE,90,4,ACTIVE,711,D_P3-A5.NC,D_P3-A5.NC,6,0.001168144,20,0.0005,1612515.148,468952.227,184.4,2414.3386,100,14.81667,57,100,0,1,100,3900.0,4200,1100,3.7,25.0,0.2,4,368.2911226,1200,400,2.9,22.7,0.2,4,223.9015856,2400,900,2.7,26,0.4,32,-297.4460825,1700,700,2.5,28.3,0.1
119.510006,1,AUTO,ARMED,5,AVAILABLE,UNAVAILABLE,UNAVAILABLE,90,4,ACTIVE,711,D_P3-A5.NC,D_P3-A5.NC,6,0.001668267,20,0.0005,1612515.148,468952.227,184.4,2414.3386,100,14.81667,57,100,0,1,100,3900.0,4200,1100,3.7,25.0,0.2,4,366.7683862,1200,400,2.9,22.7,0.2,4,223.9016772,2400,900,2.7,26,0.4,32,-297.4461283,1700,700,2.5,28.3,0.1
119.652755,1,AUTO,ARMED,5,AVAILABLE,UNAVAILABLE,UNAVAILABLE,90,4,ACTIVE,711,D_P3-A5.NC,D_P3-A5.NC,6,0.000167898,20,0.0005,1612515.148,468952.227,184.4,2414.3386,100,14.81667,57,100,0,0,100,3900.0,3900,1100,3.5,25.0,0.3,5,363.7088599,1300,500,2.9,22.7,0.2,5,223.90162,2800,1000,2.7,26,0.4,32,-297.4461054,1600,700,2.4,28.3,0.1
119.810684,1,AUTO,ARMED,5,AVAILABLE,UNAVAILABLE,UNAVAILABLE,90,4,ACTIVE,711,D_P3-A5.NC,D_P3-A5.NC,6,0.000167898,20,0.0005,1612515.148,468952.227,184.4,2414.3386,100,14.81667,57,100,0,0,100,3900.0,3900,1100,3.5,25.0,0.3,5,362.1865927,1300,500,2.9,22.7,0.2,5,223.90162,2800,1000,2.7,26,0.4,32,-297.4461054,1600,700,2.4,28.3,0.1
119.984685,1,AUTO,ARMED,5,AVAILABLE,UNAVAILABLE,UNAVAILABLE,90,4,ACTIVE,711,D_P3-A5.NC,D_P3-A5.NC,6,0.000167898,20,0.0005,1612515.148,468952.227,184.4,2409.0303,100,14.81667,57,100,0,0,100,3900.0,3900,1100,3.5,25.0,0.3,5,358.3673004,1300,500,2.9,22.7,0.2,5,223.9015399,2800,1000,2.7,26,0.4,32,-297.4461054,1600,700,2.4,28.3,0.1
120.128489,1,AUTO,ARMED,5,AVAILABLE,UNAVAILABLE,UNAVAILABLE,90,4,ACTIVE,711,D_P3-A5.NC,D_P3-A5.NC,6,0.000668021,20,0.0005,1612515.148,468952.227,184.4,2409.0303,100,14.81667,57,100,0,0,100,3900.0,3900,1100,3.5,25.0,0.3,5,356.8412109,1300,500,2.9,22.7,0.2,5,223.9015628,2800,1000,2.7,26,0.4,32,-297.4461054,1600,700,2.4,28.3,0.1
120.267113,1,AUTO,ARMED,5,AVAILABLE,UNAVAILABLE,UNAVAILABLE,90,4,ACTIVE,711,D_P3-A5.NC,D_P3-A5.NC,6,0.001668267,20,0.001,1612515.148,468952.227,184.4,2409.0303,100,14.81667,57,100,0,1,100,3900.0,3900,1100,3.5,25.0,0.3,7,355.3151987,1300,500,2.9,22.7,0.2,5,223.9016085,2800,1000,2.7,26,0.4,32,-297.4460825,1600,700,2.4,28.3,0.1
120.412798,1,AUTO,ARMED,5,AVAILABLE,UNAVAILABLE,UNAVAILABLE,90,4,ACTIVE,711,D_P3-A5.NC,D_P3-A5.NC,6,0.001668267,20,0.0005,1612515.148,468952.227,184.4,2409.0303,100,14.81667,58,100,0,1,100,3900.0,3900,1100,3.5,25.0,0.3,7,353.7854438,1300,500,2.9,22.7,0.2,5,223.9016543,2800,1000,2.7,26,0.4,32,-297.4461169,1600,700,2.4,28.3,0.1
120.560128,1,AUTO,ARMED,5,AVAILABLE,UNAVAILABLE,UNAVAILABLE,90,4,ACTIVE,711,D_P3-A5.NC,D_P3-A5.NC,6,-0.000332225,20,0.0005,1612515.148,468952.227,184.4,2409.0303,100,14.81667,58,100,0,2,100,3900.0,3900,1100,3.5,25.0,0.3,5,350.7331551,1300,500,2.9,22.7,0.2,5,223.9015742,2800,1000,2.7,26,0.4,32,-297.446094,1600,700,2.4,28.3,0.1
120.697656,1,AUTO,ARMED,5,AVAILABLE,UNAVAILABLE,UNAVAILABLE,90,4,ACTIVE,711,D_P3-A5.NC,D_P3-A5.NC,6,0.000167898,20,0.0005,1612515.148,468952.227,184.4,2409.0303,100,14.81667,58,100,0,2,100,3900.0,3900,1100,3.5,25.0,0.3,5,349.203446,1300,500,2.9,22.7,0.2,5,223.9016314,2800,1000,2.7,26,0.4,32,-297.4461169,1600,700,2.4,28.3,0.1
120.838277,1,AUTO,ARMED,5,AVAILABLE,UNAVAILABLE,UNAVAILABLE,90,4,ACTIVE,711,D_P3-A5.NC,D_P3-A5.NC,6,0.002168391,20,0.001,1612515.148,468952.227,184.4,2409.0303,100,14.81667,58,100,0,4,100,3900.0,3900,1100,3.5,25.0,0.3,5,346.1511916,1300,500,2.9,22.7,0.2,5,223.9016314,2800,1000,2.7,26,0.4,32,-297.4460825,1600,700,2.4,28.3,0.1
120.976899,1,AUTO,ARMED,5,AVAILABLE,UNAVAILABLE,UNAVAILABLE,90,4,ACTIVE,711,D_P3-A5.NC,D_P3-A5.NC,6,0.001168144,20,0.0005,1612515.148,468952.227,184.4,2027.2028,100,14.81667,58,100,0,4,100,3900.0,3000,500,5.6,25.0,0.1,5,344.6211849,300,100,3.5,22.7,0.0,5,223.9015971,1200,500,2.6,26,0.2,32,-297.4460825,1300,600,2.0,28.3,0.1
121.113721,1,AUTO,ARMED,5,AVAILABLE,UNAVAILABLE,UNAVAILABLE,90,4,ACTIVE,711,D_P3-A5.NC,D_P3-A5.NC,6,0.000167898,20,0.0005,1612515.148,468952.227,184.4,2027.2028,100,14.81667,58,100,0,1,100,3900.0,3000,500,5.6,25.0,0.1,4,343.0954469,300,100,3.5,22.7,0.0,4,223.9015513,1200,500,2.6,26,0.2,32,-297.4461054,1300,600,2.0,28.3,0.1
121.256719,1,AUTO,ARMED,5,AVAILABLE,UNAVAILABLE,UNAVAILABLE,90,4,ACTIVE,711,D_P3-A5.NC,D_P3-A5.NC,6,0.000167898,20,0.0005,1612515.148,468952.227,184.4,2027.2028,100,14.81667,58,100,0,1,100,3900.0,3000,500,5.6,25.0,0.1,4,341.5690336,300,100,3.5,22.7,0.0,4,223.9015513,1200,500,2.6,26,0.2,32,-297.4461054,1300,600,2.0,28.3,0.1
121.41048,1,AUTO,ARMED,5,AVAILABLE,UNAVAILABLE,UNAVAILABLE,90,4,ACTIVE,711,D_P3-A5.NC,D_P3-A5.NC,6,0.001668267,20,0.0005,1612515.148,468952.227,184.4,2027.2028,100,14.81667,59,100,0,3,100,3900.0,3000,500,5.6,25.0,0.1,6,336.987196,300,100,3.5,22.7,0.0,5,223.9016772,1200,500,2.6,26,0.2,32,-297.4461169,1300,600,2.0,28.3,0.1
121.567834,1,AUTO,ARMED,5,AVAILABLE,UNAVAILABLE,UNAVAILABLE,90,4,ACTIVE,711,D_P3-A5.NC,D_P3-A5.NC,6,-0.000332225,20,0.0005,1612515.148,468952.227,184.4,2027.2028,100,14.81667,59,100,0,1,100,3900.0,3000,500,5.6,25.0,0.1,6,333.9310393,300,100,3.5,22.7,0.0,5,223.9016085,1200,500,2.6,26,0.2,32,-297.4461169,1300,600,2.0,28.3,0.1
121.718627,1,AUTO,ARMED,5,AVAILABLE,UNAVAILABLE,UNAVAILABLE,90,4,ACTIVE,711,D_P3-A5.NC,D_P3-A5.NC,6,0.000668021,20,0.0005,1612515.148,468952.227,184.4,2027.2028,100,14.81667,59,100,0,2,100,3900.0,3000,500,5.6,25.0,0.1,4,332.4088488,300,100,3.5,22.7,0.0,4,223.9016772,1200,500,2.6,26,0.2,32,-297.446094,1300,600,2.0,28.3,0.1
121.863665,1,AUTO,ARMED,5,AVAILABLE,UNAVAILABLE,UNAVAILABLE,90,4,ACTIVE,711,D_P3-A5.NC,D_P3-A5.NC,6,0.000668021,20,0.0005,1612515.148,468952.227,184.4,2027.2028,100,14.81667,59,100,0,2,100,3900.0,3000,500,5.6,25.0,0.1,4,330.8828131,300,100,3.5,22.7,0.0,4,223.9016886,1200,500,2.6,26,0.2,32,-297.446094,1300,600,2.0,28.3,0.1
122.011412,1,AUTO,ARMED,5,AVAILABLE,UNAVAILABLE,UNAVAILABLE,90,4,ACTIVE,711,D_P3-A5.NC,D_P3-A5.NC,6,0.000668021,20,0.0005,1612515.148,468952.227,184.4,2027.2028,100,14.81667,59,100,0,0,100,3900.0,3000,500,5.6,25.0,0.1,9,330.1196964,300,100,3.5,22.7,0.0,4,223.9016658,1200,500,2.6,26,0.2,32,-297.446094,1300,600,2.0,28.3,0.1
122.155899,1,AUTO,ARMED,5,AVAILABLE,UNAVAILABLE,UNAVAILABLE,90,4,ACTIVE,711,D_P3-A5.NC,D_P3-A5.NC,6,0.000668021,20,0.0005,1612515.148,468952.227,184.4,1999.9634,100,14.81667,59,100,0,0,100,3900.0,3000,500,5.6,25.0,0.1,8,327.0596919,300,100,3.5,22.7,0.0,4,223.90162,1200,500,2.6,26,0.2,32,-297.4461054,1300,600,2.0,28.3,0.1
122.295425,1,AUTO,ARMED,5,AVAILABLE,UNAVAILABLE,UNAVAILABLE,90,4,ACTIVE,711,D_P3-A5.NC,D_P3-A5.NC,6,0.000668021,20,0.0005,1612515.148,468952.227,184.4,1999.9634,100,14.81667,0,100,0,0,100,3900.0,3000,500,5.6,25.0,0.1,8,325.5373404,300,100,3.5,22.7,0.0,4,223.9016085,1200,500,2.6,26,0.2,32,-297.446094,1300,600,2.0,28.3,0.1
122.439711,1,AUTO,ARMED,5,AVAILABLE,UNAVAILABLE,UNAVAILABLE,90,4,ACTIVE,711,D_P3-A5.NC,D_P3-A5.NC,6,0.000668021,20,0.0005,1612515.148,468952.227,184.4,1999.9634,100,14.81667,0,100,0,1,100,3900.0,2600,500,4.8,25.0,0.1,7,324.0040936,200,0,3.9,22.7,0.0,3,223.9016085,3100,500,6.2,26,0.2,32,-297.446094,1300,600,2.0,28.3,0.1
122.593696,1,AUTO,ARMED,5,AVAILABLE,UNAVAILABLE,UNAVAILABLE,90,4,ACTIVE,711,D_P3-A5.NC,D_P3-A5.NC,6,0.000668021,20,0.0005,1612515.148,468952.227,184.4,1999.9634,100,14.81667,0,100,0,1,100,3900.0,2600,500,4.8,25.0,0.1,8,319.4217719,200,0,3.9,22.7,0.0,3,223.9016085,3100,500,6.2,26,0.2,32,-297.446094,1300,600,2.0,28.3,0.1
122.731158,1,AUTO,ARMED,5,AVAILABLE,UNAVAILABLE,UNAVAILABLE,90,4,ACTIVE,711,D_P3-A5.NC,D_P3-A5.NC,6,0.000668021,20,0.0005,1612515.148,468952.227,184.4,1999.9634,100,10.26667,0,100,0,0,100,3900.0,2600,500,4.8,25.0,0.1,5,318.5633341,200,0,3.9,22.7,0.0,3,223.9016085,3100,500,6.2,26,0.2,32,-297.4461054,1300,600,2.0,28.3,0.1
122.877263,1,AUTO,ARMED,5,AVAILABLE,UNAVAILABLE,UNAVAILABLE,91,4,ACTIVE,711,D_P3-A5.NC,D_P3-A5.NC,6,0.000668021,20,0.0005,1612515.148,468952.227,184.4,1999.9634,100,0.0,0,100,0,0,100,3900.0,2600,500,4.8,25.0,0.1,5,318.5608162,200,0,3.9,22.7,0.0,3,223.9015971,3100,500,6.2,26,0.2,32,-297.4461054,1300,600,2.0,28.3,0.1
123.02925,1,AUTO,ARMED,5,AVAILABLE,UNAVAILABLE,UNAVAILABLE,91,4,ACTIVE,711,D_P3-A5.NC,D_P3-A5.NC,6,0.000668021,20,0.0005,1612515.148,468952.227,184.4,1999.9634,100,0.0,0,100,0,0,100,3900.0,2600,500,4.8,25.0,0.1,6,318.5608735,200,0,3.9,22.7,0.0,3,223.9016085,3100,500,6.2,26,0.2,32,-297.446094,1300,600,2.0,28.3,0.1
123.171228,1,AUTO,ARMED,5,AVAILABLE,UNAVAILABLE,UNAVAILABLE,91,4,ACTIVE,711,D_P3-A5.NC,D_P3-A5.NC,6,0.000668021,20,0.0005,1612515.148,468952.227,184.4,2008.8047,100,0.0,0,100,0,1,100,3900.0,2600,500,4.8,25.0,0.1,6,318.5608849,200,0,3.9,22.7,0.0,3,223.9015971,3100,500,6.2,26,0.2,32,-297.446094,1300,600,2.0,28.3,0.1
123.311127,1,AUTO,ARMED,5,AVAILABLE,UNAVAILABLE,UNAVAILABLE,91,4,ACTIVE,711,D_P3-A5.NC,D_P3-A5.NC,6,0.000668021,20,0.0005,1612515.148,468952.227,184.4,2008.8047,100,0.0,0,100,0,1,100,3900.0,2600,500,4.8,25.0,0.1,6,318.5608849,200,0,3.9,22.7,0.0,3,223.9015971,3100,500,6.2,26,0.2,32,-297.4461054,1300,600,2.0,28.3,0.1
123.451746,1,AUTO,ARMED,5,AVAILABLE,UNAVAILABLE,UNAVAILABLE,91,4,ACTIVE,711,D_P3-A5.NC,D_P3-A5.NC,6,0.000668021,20,0.0005,1612515.148,468952.227,184.4,2008.8047,100,0.0,1,100,0,1,100,3900.0,2600,500,4.8,25.0,0.1,6,318.5608964,200,0,3.9,22.7,0.0,3,223.9016085,3100,500,6.2,26,0.2,32,-297.4461054,1300,600,2.0,28.3,0.1
123.609712,1,AUTO,ARMED,5,AVAILABLE,UNAVAILABLE,UNAVAILABLE,91,4,ACTIVE,711,D_P3-A5.NC,D_P3-A5.NC,6,0.000668021,20,0.0005,1612515.148,468952.227,184.4,2008.8047,100,0.0,1,100,0,3,100,3900.0,2600,500,4.8,25.0,0.1,5,318.5608964,200,0,3.9,22.7,0.0,3,223.9015971,3100,500,6.2,26,0.2,32,-297.446094,1300,600,2.0,28.3,0.1
123.765497,1,AUTO,ARMED,5,AVAILABLE,UNAVAILABLE,UNAVAILABLE,91,4,ACTIVE,711,D_P3-A5.NC,D_P3-A5.NC,6,0.000668021,20,0.0005,1612515.148,468952.227,184.4,2008.8047,100,0.0,1,100,0,3,100,3900.0,2600,500,4.8,25.0,0.1,5,318.5608964,200,0,3.9,22.7,0.0,3,223.927402,3100,500,6.2,26,0.2,32,-297.4461054,1300,600,2.0,28.3,0.1
123.909258,1,AUTO,ARMED,5,AVAILABLE,UNAVAILABLE,UNAVAILABLE,94,4,ACTIVE,711,D_P3-A5.NC,D_P3-A5.NC,6,0.000668021,20,0.0005,1612515.148,468952.227,184.4,2008.8047,100,0.0,1,100,0,0,100,3900.0,2600,500,4.8,25.0,0.1,5,318.5608964,200,0,3.9,22.7,0.0,12,224.5219215,3100,500,6.2,26,0.2,32,-297.446094,1300,600,2.0,28.3,0.1
124.098135,1,AUTO,ARMED,5,AVAILABLE,UNAVAILABLE,UNAVAILABLE,95,4,ACTIVE,711,D_P3-A5.NC,D_P3-A5.NC,6,0.000668021,20,0.0005,1612515.148,468952.227,184.4,2062.9453,100,0.0,1,100,0,0,100,3900.0,2500,500,4.8,25.0,0.1,5,318.5608964,1000,300,3.4,22.7,0.2,1,224.5365004,2000,600,3.1,26,0.2,32,-297.4461054,1300,600,2.0,28.3,0.2
124.257873,1,AUTO,ARMED,5,AVAILABLE,UNAVAILABLE,UNAVAILABLE,95,4,ACTIVE,711,D_P3-A5.NC,D_P3-A5.NC,6,0.000668021,20,0.0005,1612515.148,468952.227,184.4,2062.9453,100,0.0,1,100,0,0,100,3900.0,2500,500,4.8,25.0,0.1,5,318.5608964,1000,300,3.4,22.7,0.2,1,224.5365805,2000,600,3.1,26,0.2,32,-297.446094,1300,600,2.0,28.3,0.2
124.400725,1,AUTO,ARMED,5,AVAILABLE,UNAVAILABLE,UNAVAILABLE,95,4,ACTIVE,711,D_P3-A5.NC,D_P3-A5.NC,6,0.000668021,20,0.0005,1612515.148,468952.227,184.4,2062.9453,100,0.0,2,100,0,1,100,3900.0,2500,500,4.8,25.0,0.1,5,318.5609078,1000,300,3.4,22.7,0.2,1,224.5366034,2000,600,3.1,26,0.2,32,-297.446094,1300,600,2.0,28.3,0.2
124.547687,1,AUTO,ARMED,5,AVAILABLE,UNAVAILABLE,UNAVAILABLE,95,4,ACTIVE,711,D_P3-A5.NC,D_P3-A5.NC,6,0.000668021,20,0.0005,1612515.148,468952.227,184.4,2062.9453,100,0.0,2,100,0,1,100,3900.0,2500,500,4.8,25.0,0.1,5,318.5608964,1000,300,3.4,22.7,0.2,1,224.5366034,2000,600,3.1,26,0.2,32,-297.4461054,1300,600,2.0,28.3,0.2
124.701018,1,AUTO,ARMED,5,AVAILABLE,UNAVAILABLE,UNAVAILABLE,95,4,ACTIVE,711,D_P3-A5.NC,D_P3-A5.NC,6,0.000668021,20,0.0005,1612515.148,468952.227,184.4,2062.9453,100,0.0,2,100,0,0,100,3900.0,2500,500,4.8,25.0,0.1,5,318.5608964,1000,300,3.4,22.7,0.2,1,224.5366034,2000,600,3.1,26,0.2,32,-297.4461054,1300,600,2.0,28.3,0.2
124.900466,1,AUTO,ARMED,5,AVAILABLE,UNAVAILABLE,UNAVAILABLE,96,4,ACTIVE,711,D_P3-A5.NC,D_P3-A5.NC,6,0.000668021,20,0.0005,1612515.148,468952.227,184.4,2062.9453,100,0.0,2,100,0,0,100,3900.0,2500,500,4.8,25.0,0.1,5,318.5592213,1000,300,3.4,22.7,0.2,1,224.5366034,2000,600,3.1,26,0.2,32,-297.4461054,1300,600,2.0,28.3,0.2
125.064209,1,AUTO,ARMED,5,AVAILABLE,UNAVAILABLE,UNAVAILABLE,96,4,ACTIVE,711,D_P3-A5.NC,D_P3-A5.NC,6,0.000668021,20,0.0005,1612515.148,468952.227,184.4,2506.5117,100,16.93333,2,100,0,0,100,3900.0,2500,500,4.8,25.0,0.1,5,321.7268063,1000,300,3.4,22.7,0.2,1,224.5365805,2000,600,3.1,26,0.2,32,-297.4461054,1300,600,2.0,28.3,0.2
125.209211,1,AUTO,ARMED,5,AVAILABLE,UNAVAILABLE,UNAVAILABLE,96,4,ACTIVE,711,D_P3-A5.NC,D_P3-A5.NC,6,0.000668021,20,0.0005,1612515.148,468952.227,184.4,2506.5117,100,16.93333,2,100,0,2,100,3900.0,2500,500,4.8,25.0,0.1,9,323.4711015,1000,300,3.4,22.7,0.2,1,224.5365919,2000,600,3.1,26,0.2,32,-297.4461054,1300,600,2.0,28.3,0.2
125.353565,1,AUTO,ARMED,5,AVAILABLE,UNAVAILABLE,UNAVAILABLE,96,4,ACTIVE,711,D_P3-A5.NC,D_P3-A5.NC,6,0.000668021,20,0.0005,1612515.148,468952.227,184.4,2506.5117,100,16.93333,3,100,0,1,100,3900.0,2500,500,4.8,25.0,0.1,9,326.9635373,1000,300,3.4,22.7,0.2,1,224.5365919,2000,600,3.1,26,0.2,32,-297.4461054,1300,600,2.0,28.3,0.2
125.497555,1,AUTO,ARMED,5,AVAILABLE,UNAVAILABLE,UNAVAILABLE,96,4,ACTIVE,711,D_P3-A5.NC,D_P3-A5.NC,6,0.000668021,20,0.0005,1612515.148,468952.227,184.4,2506.5117,100,16.93333,3,100,0,1,100,3900.0,4100,1100,3.6,25.0,0.2,9,330.4515014,1000,300,3.1,22.7,0.2,1,224.5365919,2200,600,3.4,26,0.2,32,-297.4461054,1500,700,2.3,28.2,0.1
125.728821,1,AUTO,ARMED,5,AVAILABLE,UNAVAILABLE,UNAVAILABLE,96,4,ACTIVE,711,D_P3-A5.NC,D_P3-A5.NC,6,0.001168144,20,0.0005,1612515.148,468952.227,184.4,2506.5117,100,16.93333,3,100,0,2,100,3900.0,4100,1100,3.6,25.0,0.2,13,333.0722881,1000,300,3.1,22.7,0.2,2,224.5365691,2200,600,3.4,26,0.2,32,-297.4461054,1500,700,2.3,28.2,0.1
125.968436,1,AUTO,ARMED,5,AVAILABLE,UNAVAILABLE,UNAVAILABLE,96,4,ACTIVE,711,D_P3-A5.NC,D_P3-A5.NC,6,0.000668021,20,0.0005,1612515.148,468952.227,184.4,2506.5117,100,16.93333,3,100,0,3,100,3900.0,4100,1100,3.6,25.0,0.2,13,336.5648698,1000,300,3.1,22.7,0.2,2,224.5365919,2200,600,3.4,26,0.2,32,-297.446094,1500,700,2.3,28.2,0.1
126.111109,1,AUTO,ARMED,5,AVAILABLE,UNAVAILABLE,UNAVAILABLE,96,4,ACTIVE,711,D_P3-A5.NC,D_P3-A5.NC,6,0.000668021,20,0.0005,1612515.148,468952.227,184.4,2501.4961,100,16.93333,3,100,0,1,100,3900.0,4100,1100,3.6,25.0,0.2,13,340.057463,1000,300,3.1,22.7,0.2,2,224.5365805,2200,600,3.4,26,0.2,32,-297.446094,1500,700,2.3,28.2,0.1
126.282955,1,AUTO,ARMED,5,AVAILABLE,UNAVAILABLE,UNAVAILABLE,96,4,ACTIVE,711,D_P3-A5.NC,D_P3-A5.NC,6,0.001168144,20,0.0005,1612515.148,468952.227,184.4,2501.4961,100,16.93333,3,100,0,1,100,3900.0,4100,1100,3.6,25.0,0.2,13,341.8013392,1000,300,3.1,22.7,0.2,2,224.5366148,2200,600,3.4,26,0.2,32,-297.4460825,1500,700,2.3,28.2,0.1
126.43447,1,AUTO,ARMED,5,AVAILABLE,UNAVAILABLE,UNAVAILABLE,96,4,ACTIVE,711,D_P3-A5.NC,D_P3-A5.NC,6,0.000668021,20,0.0005,1612515.148,468952.227,184.4,2501.4961,100,16.93333,4,100,0,0,100,3900.0,4100,1100,3.6,25.0,0.2,13,345.2938981,1000,300,3.1,22.7,0.2,2,224.5365919,2200,600,3.4,26,0.2,32,-297.4461054,1500,700,2.3,28.2,0.1
126.601848,1,AUTO,ARMED,5,AVAILABLE,UNAVAILABLE,UNAVAILABLE,96,4,ACTIVE,711,D_P3-A5.NC,D_P3-A5.NC,6,0.000167898,20,0.0005,1612515.148,468952.227,184.4,2501.4961,100,16.93333,4,100,0,0,100,3900.0,4100,1100,3.6,25.0,0.2,13,347.0381176,1000,300,3.1,22.7,0.2,2,224.5365919,2200,600,3.4,26,0.2,32,-297.446094,1500,700,2.3,28.2,0.1
126.77488,1,AUTO,ARMED,5,AVAILABLE,UNAVAILABLE,UNAVAILABLE,96,4,ACTIVE,711,D_P3-A5.NC,D_P3-A5.NC,6,0.000668021,20,0.0005,1612515.148,468952.227,184.4,2501.4961,100,16.93333,4,100,0,0,100,3900.0,4100,1100,3.6,25.0,0.2,13,350.5344301,1000,300,3.1,22.7,0.2,2,224.5365805,2200,600,3.4,26,0.2,32,-297.4461169,1500,700,2.3,28.2,0.1
126.968527,1,AUTO,ARMED,5,AVAILABLE,UNAVAILABLE,UNAVAILABLE,96,4,ACTIVE,711,D_P3-A5.NC,D_P3-A5.NC,6,0.001168144,20,0.0005,1612515.148,468952.227,184.4,2501.4961,100,16.93333,4,100,0,0,100,3900.0,4100,1100,3.6,25.0,0.2,13,354.0230865,1000,300,3.1,22.7,0.2,2,224.5366148,2200,600,3.4,26,0.2,32,-297.446094,1500,700,2.3,28.2,0.1
127.12845,1,AUTO,ARMED,5,AVAILABLE,UNAVAILABLE,UNAVAILABLE,96,4,ACTIVE,711,D_P3-A5.NC,D_P3-A5.NC,6,0.000167898,20,0.0005,1612515.148,468952.227,184.4,2501.4961,100,16.93333,4,100,0,1,100,3900.0,4100,1100,3.6,25.0,0.2,13,359.259947,1000,300,3.1,22.7,0.2,2,224.5366034,2200,600,3.4,26,0.2,32,-297.4461169,1500,700,2.3,28.2,0.1
127.409865,1,AUTO,ARMED,5,AVAILABLE,UNAVAILABLE,UNAVAILABLE,96,4,ACTIVE,711,D_P3-A5.NC,D_P3-A5.NC,6,0.001168144,20,0.0005,1612515.148,468952.227,184.4,2330.0442,100,16.93333,5,100,0,1,100,3900.0,4000,1100,3.6,25.0,0.2,13,361.0079156,900,200,4.2,22.7,0.1,2,224.5366377,2100,700,3.2,26,0.2,32,-297.4461054,1600,700,2.4,28.2,0.1
127.596006,1,AUTO,ARMED,5,AVAILABLE,UNAVAILABLE,UNAVAILABLE,96,4,ACTIVE,711,D_P3-A5.NC,D_P3-A5.NC,6,0.000167898,20,0.0005,1612515.148,468952.227,184.4,2330.0442,100,16.93333,5,100,0,2,100,3900.0,4000,1100,3.6,25.0,0.2,12,363.6241064,900,200,4.2,22.7,0.1,2,224.5366034,2100,700,3.2,26,0.2,32,-297.4461054,1600,700,2.4,28.2,0.1
127.77256,1,AUTO,ARMED,5,AVAILABLE,UNAVAILABLE,UNAVAILABLE,96,4,ACTIVE,711,D_P3-A5.NC,D_P3-A5.NC,6,0.001168144,20,0.0005,1612515.148,468952.227,184.4,2330.0442,100,16.93333,5,100,0,1,100,3900.0,4000,1100,3.6,25.0,0.2,12,365.3682871,900,200,4.2,22.7,0.1,2,224.5365919,2100,700,3.2,26,0.2,32,-297.446094,1600,700,2.4,28.2,0.1
127.919092,1,AUTO,ARMED,5,AVAILABLE,UNAVAILABLE,UNAVAILABLE,96,4,ACTIVE,711,D_P3-A5.NC,D_P3-A5.NC,6,0.000167898,20,0.0005,1612515.148,468952.227,184.4,2330.0442,100,16.93333,5,100,0,2,100,3900.0,4000,1100,3.6,25.0,0.2,13,370.6090229,900,200,4.2,22.7,0.1,2,224.5365805,2100,700,3.2,26,0.2,32,-297.4461169,1600,700,2.4,28.2,0.1
128.068121,1,AUTO,ARMED,5,AVAILABLE,UNAVAILABLE,UNAVAILABLE,96,4,ACTIVE,711,D_P3-A5.NC,D_P3-A5.NC,6,0.000167898,20,0.0005,1612515.148,468952.227,184.4,2330.0442,100,16.93333,5,100,0,0,100,3900.0,4000,1100,3.6,25.0,0.2,14,372.3575294,900,200,4.2,22.7,0.1,2,224.5365576,2100,700,3.2,26,0.2,32,-297.4461054,1600,700,2.4,28.2,0.1
128.242108,1,AUTO,ARMED,5,AVAILABLE,UNAVAILABLE,UNAVAILABLE,96,4,ACTIVE,711,D_P3-A5.NC,D_P3-A5.NC,6,0.001168144,20,0.0005,1612515.148,468952.227,184.4,2330.0442,100,16.93333,5,100,0,2,100,3900.0,4000,1100,3.6,25.0,0.2,16,375.8457419,900,200,4.2,22.7,0.1,2,224.5366377,2100,700,3.2,26,0.2,32,-297.4461054,1600,700,2.4,28.2,0.1
128.398641,1,AUTO,ARMED,5,AVAILABLE,UNAVAILABLE,UNAVAILABLE,96,4,ACTIVE,711,D_P3-A5.NC,D_P3-A5.NC,6,0.001168144,20,0.0005,1612515.148,468952.227,184.4,2330.0442,100,16.93333,6,100,0,2,100,3900.0,4000,1100,3.6,25.0,0.2,16,377.5940195,900,200,4.2,22.7,0.1,2,224.5365919,2100,700,3.2,26,0.2,32,-297.4461054,1600,700,2.4,28.2,0.1
128.540652,1,AUTO,ARMED,5,AVAILABLE,UNAVAILABLE,UNAVAILABLE,96,4,ACTIVE,711,D_P3-A5.NC,D_P3-A5.NC,6,0.000668021,20,0.0005,1612515.148,468952.227,184.4,1999.3779,100,16.93333,6,100,0,0,100,3900.0,4000,1100,3.6,25.0,0.2,15,379.3384061,900,200,4.2,22.7,0.1,2,224.5366148,2100,700,3.2,26,0.2,32,-297.446094,1600,700,2.4,28.2,0.1
128.692959,1,AUTO,ARMED,5,AVAILABLE,UNAVAILABLE,UNAVAILABLE,96,4,ACTIVE,711,D_P3-A5.NC,D_P3-A5.NC,6,0.000167898,20,0.0005,1612515.148,468952.227,184.4,1999.3779,100,16.93333,6,100,0,0,100,3900.0,4000,1100,3.6,25.0,0.2,15,382.8347727,900,200,4.2,22.7,0.1,2,224.5365691,2100,700,3.2,26,0.2,32,-297.4461054,1600,700,2.4,28.2,0.1
128.856337,1,AUTO,ARMED,5,AVAILABLE,UNAVAILABLE,UNAVAILABLE,96,4,ACTIVE,711,D_P3-A5.NC,D_P3-A5.NC,6,0.000668021,20,0.0005,1612515.148,468952.227,184.4,1999.3779,100,16.93333,6,100,0,0,100,3900.0,2900,500,5.3,25.0,0.1,14,386.3237877,200,0,3.7,22.7,0.0,2,224.5366492,1600,700,2.5,26,0.2,32,-297.4460825,1300,600,2.0,28.2,0.1
129.013843,1,AUTO,ARMED,5,AVAILABLE,UNAVAILABLE,UNAVAILABLE,96,4,ACTIVE,711,D_P3-A5.NC,D_P3-A5.NC,6,0.000668021,20,0.0005,1612515.148,468952.227,184.4,1999.3779,100,16.93333,6,100,0,0,100,3900.0,2900,500,5.3,25.0,0.1,10,388.0761521,200,0,3.7,22.7,0.0,2,224.5366377,1600,700,2.5,26,0.2,32,-297.4460825,1300,600,2.0,28.2,0.1
129.165295,1,AUTO,ARMED,5,AVAILABLE,UNAVAILABLE,UNAVAILABLE,96,4,ACTIVE,711,D_P3-A5.NC,D_P3-A5.NC,6,0.000668021,20,0.0005,1612515.148,468952.227,184.4,1999.3779,100,16.93333,6,100,0,1,100,3900.0,2900,500,5.3,25.0,0.1,9,391.5598567,200,0,3.7,22.7,0.0,1,224.5366148,1600,700,2.5,26,0.2,32,-297.446094,1300,600,2.0,28.2,0.1
129.333688,1,AUTO,ARMED,5,AVAILABLE,UNAVAILABLE,UNAVAILABLE,96,4,ACTIVE,711,D_P3-A5.NC,D_P3-A5.NC,6,0.000668021,20,0.0005,1612515.148,468952.227,184.4,1999.3779,100,16.93333,6,100,0,1,100,3900.0,2900,500,5.3,25.0,0.1,9,393.3041182,200,0,3.7,22.7,0.0,1,224.5365919,1600,700,2.5,26,0.2,32,-297.4461054,1300,600,2.0,28.2,0.1
129.48243,1,AUTO,ARMED,5,AVAILABLE,UNAVAILABLE,UNAVAILABLE,96,4,ACTIVE,711,D_P3-A5.NC,D_P3-A5.NC,6,0.000668021,20,0.0005,1612515.148,468952.227,184.4,1999.3779,100,16.93333,7,100,0,0,100,3900.0,2900,500,5.3,25.0,0.1,9,395.9245446,200,0,3.7,22.7,0.0,1,224.5366034,1600,700,2.5,26,0.2,32,-297.4461054,1300,600,2.0,28.2,0.1
129.626892,1,AUTO,ARMED,5,AVAILABLE,UNAVAILABLE,UNAVAILABLE,96,4,ACTIVE,711,D_P3-A5.NC,D_P3-A5.NC,6,0.000668021,20,0.0005,1612515.148,468952.227,184.4,2002.969,100,16.93333,7,100,0,1,100,3900.0,2900,500,5.3,25.0,0.1,9,399.4213651,200,0,3.7,22.7,0.0,1,224.5366034,1600,700,2.5,26,0.2,32,-297.4461054,1300,600,2.0,28.2,0.1
129.772968,1,AUTO,ARMED,5,AVAILABLE,UNAVAILABLE,UNAVAILABLE,96,4,ACTIVE,711,D_P3-A5.NC,D_P3-A5.NC,6,0.000668021,20,0.0005,1612515.148,468952.227,184.4,2002.969,100,11.28333,7,100,0,1,100,3900.0,2900,500,5.3,25.0,0.1,1,399.8397452,200,0,3.7,22.7,0.0,1,224.5365919,1600,700,2.5,26,0.2,32,-297.4461054,1300,600,2.0,28.2,0.1
129.926369,1,AUTO,ARMED,5,AVAILABLE,UNAVAILABLE,UNAVAILABLE,96,4,ACTIVE,711,D_P3-A5.NC,D_P3-A5.NC,6,0.000668021,20,0.0005,1612515.148,468952.227,184.4,2002.969,100,11.28333,7,100,0,1,100,3900.0,2900,500,5.3,25.0,0.1,1,399.8407409,200,0,3.7,22.7,0.0,1,224.5366034,1600,700,2.5,26,0.2,32,-297.446094,1300,600,2.0,28.2,0.1
130.096867,1,AUTO,ARMED,5,AVAILABLE,UNAVAILABLE,UNAVAILABLE,97,4,ACTIVE,711,D_P3-A5.NC,D_P3-A5.NC,6,0.000668021,20,0.0005,1612515.148,468952.227,184.4,2002.969,100,0.0,7,100,0,0,100,3900.0,2900,500,5.3,25.0,0.1,7,399.840924,200,0,3.7,22.7,0.0,1,224.5366034,1600,700,2.5,26,0.2,32,-297.446094,1300,600,2.0,28.2,0.1
130.242948,1,AUTO,ARMED,5,AVAILABLE,UNAVAILABLE,UNAVAILABLE,97,4,ACTIVE,711,D_P3-A5.NC,D_P3-A5.NC,6,0.000668021,20,0.0005,1612515.148,468952.227,184.4,2002.969,100,0.0,7,100,0,1,100,3900.0,2900,500,5.3,25.0,0.1,7,399.8409126,200,0,3.7,22.7,0.0,1,224.5366034,1600,700,2.5,26,0.2,32,-297.446094,1300,600,2.0,28.2,0.1
130.386504,1,AUTO,ARMED,5,AVAILABLE,UNAVAILABLE,UNAVAILABLE,97,4,ACTIVE,711,D_P3-A5.NC,D_P3-A5.NC,6,0.000668021,20,0.0005,1612515.148,468952.227,184.4,2002.969,100,0.0,8,100,0,1,100,3900.0,2900,500,5.3,25.0,0.1,7,399.8409126,200,0,3.7,22.7,0.0,1,224.5366034,1600,700,2.5,26,0.2,32,-297.4461054,1300,600,2.0,28.2,0.1
130.532099,1,AUTO,ARMED,5,AVAILABLE,UNAVAILABLE,UNAVAILABLE,97,4,ACTIVE,711,D_P3-A5.NC,D_P3-A5.NC,6,0.000668021,20,0.0005,1612515.148,468952.227,184.4,2002.969,100,0.0,8,100,0,1,100,3900.0,4300,900,5.0,25.0,0.2,7,399.8409011,1200,400,2.9,22.7,0.2,1,224.5366034,3000,1000,2.9,26,0.4,32,-297.4461054,1700,700,2.5,28.2,0.1
130.671745,1,AUTO,ARMED,5,AVAILABLE,UNAVAILABLE,UNAVAILABLE,97,4,ACTIVE,711,D_P3-A5.NC,D_P3-A5.NC,6,0.000668021,20,0.0005,1612515.148,468952.227,184.4,2002.969,100,0.0,8,100,0,2,100,3900.0,4300,900,5.0,25.0,0.2,6,399.8409126,1200,400,2.9,22.7,0.2,1,224.5366034,3000,1000,2.9,26,0.4,32,-297.446094,1700,700,2.5,28.2,0.1
130.823512,1,AUTO,ARMED,5,AVAILABLE,UNAVAILABLE,UNAVAILABLE,97,4,ACTIVE,711,D_P3-A5.NC,D_P3-A5.NC,6,0.000668021,20,0.0005,1612515.148,468952.227,184.4,2453.9587,100,0.0,8,100,0,2,100,3900.0,4300,900,5.0,25.0,0.2,6,399.838313,1200,400,2.9,22.7,0.2,1,224.9668985,3000,1000,2.9,26,0.4,32,-297.4461054,1700,700,2.5,28.2,0.1
130.974702,1,AUTO,ARMED,5,AVAILABLE,UNAVAILABLE,UNAVAILABLE,99,4,ACTIVE,711,D_P3-A5.NC,D_P3-A5.NC,6,0.000668021,20,0.0005,1612515.148,468952.227,184.4,2453.9587,100,16.93333,8,100,0,0,100,3900.0,4300,900,5.0,25.0,0.2,5,396.694736,1200,400,2.9,22.7,0.2,12,225.171644,3000,1000,2.9,26,0.4,32,-297.446094,1700,700,2.5,28.2,0.1
131.118085,1,AUTO,ARMED,5,AVAILABLE,UNAVAILABLE,UNAVAILABLE,99,4,ACTIVE,711,D_P3-A5.NC,D_P3-A5.NC,6,0.000668021,20,0.0005,1612515.148,468952.227,184.4,2453.9587,100,16.93333,8,100,0,2,100,3900.0,4300,900,5.0,25.0,0.2,8,394.9423187,1200,400,2.9,22.7,0.2,5,225.1716783,3000,1000,2.9,26,0.4,32,-297.4461054,1700,700,2.5,28.2,0.1
131.265054,1,AUTO,ARMED,5,AVAILABLE,UNAVAILABLE,UNAVAILABLE,99,4,ACTIVE,711,D_P3-A5.NC,D_P3-A5.NC,6,0.000668021,20,0.0005,1612515.148,468952.227,184.4,2453.9587,100,16.93333,8,100,0,0,100,3900.0,4300,900,5.0,25.0,0.2,9,391.4539876,1200,400,2.9,22.7,0.2,4,225.1716326,3000,1000,2.9,26,0.4,32,-297.446094,1700,700,2.5,28.2,0.1
131.404757,1,AUTO,ARMED,5,AVAILABLE,UNAVAILABLE,UNAVAILABLE,99,4,ACTIVE,711,D_P3-A5.NC,D_P3-A5.NC,6,0.000668021,20,0.0005,1612515.148,468952.227,184.4,2453.9587,100,16.93333,9,100,0,0,100,3900.0,4300,900,5.0,25.0,0.2,9,390.5775271,1200,400,2.9,22.7,0.2,4,225.1716211,3000,1000,2.9,26,0.4,32,-297.4461054,1700,700,2.5,28.2,0.1
131.549651,1,AUTO,ARMED,5,AVAILABLE,UNAVAILABLE,UNAVAILABLE,99,4,ACTIVE,711,D_P3-A5.NC,D_P3-A5.NC,6,0.000167898,20,0.0005,1612515.148,468952.227,184.4,2453.9587,100,16.93333,9,100,0,0,100,3900.0,4300,900,5.0,25.0,0.2,8,387.0937282,1200,400,2.9,22.7,0.2,4,225.1714037,3000,1000,2.9,26,0.4,32,-297.4461054,1700,700,2.5,28.2,0.1
131.691092,1,AUTO,ARMED,5,AVAILABLE,UNAVAILABLE,UNAVAILABLE,99,4,ACTIVE,711,D_P3-A5.NC,D_P3-A5.NC,6,0.001668267,20,0.0005,1612515.148,468952.227,184.4,2453.9587,100,16.93333,9,100,0,0,100,3900.0,4300,900,5.0,25.0,0.2,6,385.3494367,1200,400,2.9,22.7,0.2,4,225.1715754,3000,1000,2.9,26,0.4,32,-297.4460825,1700,700,2.5,28.2,0.1
131.840968,1,AUTO,ARMED,5,AVAILABLE,UNAVAILABLE,UNAVAILABLE,99,4,ACTIVE,711,D_P3-A5.NC,D_P3-A5.NC,6,0.001668267,20,0.0005,1612515.148,468952.227,184.4,2454.6873,100,16.93333,9,100,0,0,100,3900.0,4500,1200,3.7,25.0,0.3,6,383.5969279,1400,500,2.7,22.7,0.2,4,225.1716669,3500,1200,3.1,26,0.4,32,-297.4461169,1600,700,2.5,28.2,0.1
132.006354,1,AUTO,ARMED,5,AVAILABLE,UNAVAILABLE,UNAVAILABLE,99,4,ACTIVE,711,D_P3-A5.NC,D_P3-A5.NC,6,0.000167898,20,0.0005,1612515.148,468952.227,184.4,2454.6873,100,16.93333,9,100,0,2,100,3900.0,4500,1200,3.7,25.0,0.3,5,380.1090898,1400,500,2.7,22.7,0.2,5,225.1716097,3500,1200,3.1,26,0.4,32,-297.446094,1600,700,2.5,28.2,0.1
132.156312,1,AUTO,ARMED,5,AVAILABLE,UNAVAILABLE,UNAVAILABLE,99,4,ACTIVE,711,D_P3-A5.NC,D_P3-A5.NC,6,0.000668021,20,0.0005,1612515.148,468952.227,184.4,2454.6873,100,16.93333,9,100,0,1,100,3900.0,4500,1200,3.7,25.0,0.3,6,376.6162078,1400,500,2.7,22.7,0.2,5,225.1715754,3500,1200,3.1,26,0.4,32,-297.4461054,1600,700,2.5,28.2,0.1
132.310776,1,AUTO,ARMED,5,AVAILABLE,UNAVAILABLE,UNAVAILABLE,99,4,ACTIVE,711,D_P3-A5.NC,D_P3-A5.NC,6,0.002168391,20,0.0005,1612515.148,468952.227,184.4,2454.6873,100,16.93333,9,100,0,2,100,3900.0,4500,1200,3.7,25.0,0.3,5,374.8721414,1400,500,2.7,22.7,0.2,4,225.1716211,3500,1200,3.1,26,0.4,32,-297.4460825,1600,700,2.5,28.2,0.1
132.453846,1,AUTO,ARMED,5,AVAILABLE,UNAVAILABLE,UNAVAILABLE,99,4,ACTIVE,711,D_P3-A5.NC,D_P3-A5.NC,6,0.000668021,20,0.0005,1612515.148,468952.227,184.4,2454.6873,100,16.93333,10,100,0,2,100,3900.0,4500,1200,3.7,25.0,0.3,5,371.3793508,1400,500,2.7,22.7,0.2,4,225.1715868,3500,1200,3.1,26,0.4,32,-297.4461054,1600,700,2.5,28.2,0.1
132.603472,1,AUTO,ARMED,5,AVAILABLE,UNAVAILABLE,UNAVAILABLE,99,4,ACTIVE,711,D_P3-A5.NC,D_P3-A5.NC,6,-0.000332225,20,0.0005,1612515.148,468952.227,184.4,2454.6873,100,16.93333,10,100,0,3,100,3900.0,4500,1200,3.7,25.0,0.3,5,369.6354561,1400,500,2.7,22.7,0.2,5,225.1715296,3500,1200,3.1,26,0.4,32,-297.4461054,1600,700,2.5,28.2,0.1
132.746559,1,AUTO,ARMED,5,AVAILABLE,UNAVAILABLE,UNAVAILABLE,99,4,ACTIVE,711,D_P3-A5.NC,D_P3-A5.NC,6,0.001668267,20,0.0005,1612515.148,468952.227,184.4,2454.6873,100,16.93333,10,100,0,0,100,3900.0,4500,1200,3.7,25.0,0.3,5,366.1430089,1400,500,2.7,22.7,0.2,5,225.1716783,3500,1200,3.1,26,0.4,32,-297.4461169,1600,700,2.5,28.2,0.1
132.914694,1,AUTO,ARMED,5,AVAILABLE,UNAVAILABLE,UNAVAILABLE,99,4,ACTIVE,711,D_P3-A5.NC,D_P3-A5.NC,6,0.001668267,20,0.0005,1612515.148,468952.227,184.4,2484.9976,100,16.93333,10,100,0,0,100,3900.0,4500,1200,3.7,25.0,0.3,5,364.3986907,1400,500,2.7,22.7,0.2,5,225.1716211,3500,1200,3.1,26,0.4,32,-297.446094,1600,700,2.5,28.2,0.1
133.085332,1,AUTO,ARMED,5,AVAILABLE,UNAVAILABLE,UNAVAILABLE,99,4,ACTIVE,711,D_P3-A5.NC,D_P3-A5.NC,6,0.000167898,20,0.0005,1612515.148,468952.227,184.4,2484.9976,100,16.93333,10,100,0,1,100,3900.0,4500,1200,3.7,25.0,0.3,6,362.6589045,1400,500,2.7,22.7,0.2,5,225.1716097,3500,1200,3.1,26,0.4,32,-297.446094,1600,700,2.5,28.2,0.1
133.2347,1,AUTO,ARMED,5,AVAILABLE,UNAVAILABLE,UNAVAILABLE,99,4,ACTIVE,711,D_P3-A5.NC,D_P3-A5.NC,6,0.000668021,20,0.0005,1612515.148,468952.227,184.4,2484.9976,100,16.93333,10,100,0,0,100,3900.0,4500,1200,3.7,25.0,0.3,6,358.2943096,1400,500,2.7,22.7,0.2,5,225.1715982,3500,1200,3.1,26,0.4,32,-297.446094,1600,700,2.5,28.2,0.1
133.3777,1,AUTO,ARMED,5,AVAILABLE,UNAVAILABLE,UNAVAILABLE,99,4,ACTIVE,711,D_P3-A5.NC,D_P3-A5.NC,6,0.000167898,20,0.0005,1612515.148,468952.227,184.4,2484.9976,100,16.93333,11,100,0,0,100,3900.0,4000,1200,3.3,25.0,0.3,5,356.5458144,1400,400,3.9,22.7,0.2,5,225.171541,3600,1200,3.1,26,0.4,32,-297.4461169,1600,700,2.4,28.2,0.1
133.522874,1,AUTO,ARMED,5,AVAILABLE,UNAVAILABLE,UNAVAILABLE,99,4,ACTIVE,711,D_P3-A5.NC,D_P3-A5.NC,6,-0.000332225,20,0.0005,1612515.148,468952.227,184.4,2484.9976,100,16.93333,11,100,0,0,100,3900.0,4000,1200,3.3,25.0,0.3,5,354.801954,1400,400,3.9,22.7,0.2,5,225.1715296,3600,1200,3.1,26,0.4,32,-297.4461054,1600,700,2.4,28.2,0.1
133.671051,1,AUTO,ARMED,5,AVAILABLE,UNAVAILABLE,UNAVAILABLE,99,4,ACTIVE,711,D_P3-A5.NC,D_P3-A5.NC,6,0.002168391,20,0.0005,1612515.148,468952.227,184.4,2484.9976,100,16.93333,11,100,0,0,100,3900.0,4000,1200,3.3,25.0,0.3,6,351.3136094,1400,400,3.9,22.7,0.2,5,225.1716669,3600,1200,3.1,26,0.4,32,-297.4461054,1600,700,2.4,28.2,0.1
133.809745,1,AUTO,ARMED,5,AVAILABLE,UNAVAILABLE,UNAVAILABLE,99,4,ACTIVE,711,D_P3-A5.NC,D_P3-A5.NC,6,0.001168144,20,0.0005,1612515.148,468952.227,184.4,2484.9976,100,16.93333,11,100,0,2,100,3900.0,4000,1200,3.3,25.0,0.3,5,349.5651399,1400,400,3.9,22.7,0.2,4,225.1715982,3600,1200,3.1,26,0.4,32,-297.4461054,1600,700,2.4,28.2,0.1
133.968521,1,AUTO,ARMED,5,AVAILABLE,UNAVAILABLE,UNAVAILABLE,99,4,ACTIVE,711,D_P3-A5.NC,D_P3-A5.NC,6,-0.000332225,20,0.0005,1612515.148,468952.227,184.4,2484.9976,100,16.93333,11,100,0,2,100,3900.0,4000,1200,3.3,25.0,0.3,5,347.8211793,1400,400,3.9,22.7,0.2,4,225.1715982,3600,1200,3.1,26,0.4,32,-297.446094,1600,700,2.4,28.2,0.1
134.110667,1,AUTO,ARMED,5,AVAILABLE,UNAVAILABLE,UNAVAILABLE,99,4,ACTIVE,711,D_P3-A5.NC,D_P3-A5.NC,6,0.000167898,20,0.0005,1612515.148,468952.227,184.4,2025.9277,100,16.93333,11,100,0,3,100,3900.0,4000,1200,3.3,25.0,0.3,5,346.0770355,1400,400,3.9,22.7,0.2,5,225.1716211,3600,1200,3.1,26,0.4,32,-297.4461169,1600,700,2.4,28.2,0.1
134.253761,1,AUTO,ARMED,5,AVAILABLE,UNAVAILABLE,UNAVAILABLE,99,4,ACTIVE,711,D_P3-A5.NC,D_P3-A5.NC,6,0.001668267,20,0.001,1612515.148,468952.227,184.4,2025.9277,100,16.93333,11,100,0,1,100,3900.0,4000,1200,3.3,25.0,0.3,5,340.8403473,1400,400,3.9,22.7,0.2,5,225.1715982,3600,1200,3.1,26,0.4,32,-297.4460825,1600,700,2.4,28.2,0.1
134.396405,1,AUTO,ARMED,5,AVAILABLE,UNAVAILABLE,UNAVAILABLE,99,4,ACTIVE,711,D_P3-A5.NC,D_P3-A5.NC,6,0.000668021,20,0.0005,1612515.148,468952.227,184.4,2025.9277,100,16.93333,12,100,0,1,100,3900.0,4000,1200,3.3,25.0,0.3,5,339.0919808,1400,400,3.9,22.7,0.2,5,225.1715754,3600,1200,3.1,26,0.4,32,-297.4461169,1600,700,2.4,28.2,0.1
134.537774,1,AUTO,ARMED,5,AVAILABLE,UNAVAILABLE,UNAVAILABLE,99,4,ACTIVE,711,D_P3-A5.NC,D_P3-A5.NC,6,-0.000332225,20,0.0005,1612515.148,468952.227,184.4,2025.9277,100,16.93333,12,100,0,2,100,3900.0,4000,1200,3.3,25.0,0.3,6,337.3477798,1400,400,3.9,22.7,0.2,5,225.171541,3600,1200,3.1,26,0.4,32,-297.4461054,1600,700,2.4,28.2,0.1
134.684514,1,AUTO,ARMED,5,AVAILABLE,UNAVAILABLE,UNAVAILABLE,99,4,ACTIVE,711,D_P3-A5.NC,D_P3-A5.NC,6,0.000668021,20,0.0005,1612515.148,468952.227,184.4,2025.9277,100,16.93333,12,100,0,2,100,3900.0,4000,1200,3.3,25.0,0.3,6,335.6036361,1400,400,3.9,22.7,0.2,5,225.1715754,3600,1200,3.1,26,0.4,32,-297.446094,1600,700,2.4,28.2,0.1
134.836237,1,AUTO,ARMED,5,AVAILABLE,UNAVAILABLE,UNAVAILABLE,99,4,ACTIVE,711,D_P3-A5.NC,D_P3-A5.NC,6,0.000668021,20,0.0005,1612515.148,468952.227,184.4,2025.9277,100,16.93333,12,100,0,3,100,3900.0,4000,1200,3.3,25.0,0.3,8,330.3669021,1400,400,3.9,22.7,0.2,4,225.1717012,3600,1200,3.1,26,0.4,32,-297.4460825,1600,700,2.4,28.2,0.1
134.981462,1,AUTO,ARMED,5,AVAILABLE,UNAVAILABLE,UNAVAILABLE,99,4,ACTIVE,711,D_P3-A5.NC,D_P3-A5.NC,6,0.000668021,20,0.0005,1612515.148,468952.227,184.4,2025.9277,100,16.93333,12,100,0,3,100,3900.0,4000,1200,3.3,25.0,0.3,8,328.6230381,1400,400,3.9,22.7,0.2,4,225.171644,3600,1200,3.1,26,0.4,32,-297.446094,1600,700,2.4,28.2,0.1
135.125163,1,AUTO,ARMED,5,AVAILABLE,UNAVAILABLE,UNAVAILABLE,99,4,ACTIVE,711,D_P3-A5.NC,D_P3-A5.NC,6,0.000668021,20,0.0005,1612515.148,468952.227,184.4,2016.7546,100,16.93333,12,100,0,0,100,3900.0,2400,500,4.4,25.0,0.1,10,326.8744951,200,0,4.2,22.7,0.0,3,225.1716326,1700,700,2.4,26,0.2,32,-297.446094,1300,600,2.0,28.2,0.1
135.265668,1,AUTO,ARMED,5,AVAILABLE,UNAVAILABLE,UNAVAILABLE,99,4,ACTIVE,711,D_P3-A5.NC,D_P3-A5.NC,6,0.000668021,20,0.0005,1612515.148,468952.227,184.4,2016.7546,100,16.93333,12,100,0,0,100,3900.0,2400,500,4.4,25.0,0.1,9,324.258393,200,0,4.2,22.7,0.0,3,225.1716097,1700,700,2.4,26,0.2,32,-297.4461054,1300,600,2.0,28.2,0.1
135.407617,1,AUTO,ARMED,5,AVAILABLE,UNAVAILABLE,UNAVAILABLE,99,4,ACTIVE,711,D_P3-A5.NC,D_P3-A5.NC,6,0.000668021,20,0.0005,1612515.148,468952.227,184.4,2016.7546,100,16.93333,13,100,0,0,100,3900.0,2400,500,4.4,25.0,0.1,9,322.5101133,200,0,4.2,22.7,0.0,3,225.1716097,1700,700,2.4,26,0.2,32,-297.446094,1300,600,2.0,28.2,0.1
135.550706,1,AUTO,ARMED,5,AVAILABLE,UNAVAILABLE,UNAVAILABLE,99,4,ACTIVE,711,D_P3-A5.NC,D_P3-A5.NC,6,0.000668021,20,0.0005,1612515.148,468952.227,184.4,2016.7546,100,16.93333,13,100,0,0,100,3900.0,2400,500,4.4,25.0,0.1,8,320.7657591,200,0,4.2,22.7,0.0,3,225.1715982,1700,700,2.4,26,0.2,32,-297.4461054,1300,600,2.0,28.2,0.1
135.69028,1,AUTO,ARMED,5,AVAILABLE,UNAVAILABLE,UNAVAILABLE,99,4,ACTIVE,711,D_P3-A5.NC,D_P3-A5.NC,6,0.000668021,20,0.0005,1612515.148,468952.227,184.4,2016.7546,100,16.93333,13,100,0,0,100,3900.0,2400,500,4.4,25.0,0.1,8,319.0247581,200,0,4.2,22.7,0.0,3,225.1715982,1700,700,2.4,26,0.2,32,-297.4461054,1300,600,2.0,28.2,0.1
135.833228,1,AUTO,ARMED,5,AVAILABLE,UNAVAILABLE,UNAVAILABLE,100,4,ACTIVE,711,D_P3-A5.NC,D_P3-A5.NC,6,0.000668021,20,0.0005,1612515.148,468952.227,184.4,2016.7546,100,0.0,13,100,0,0,100,3900.0,2400,500,4.4,25.0,0.1,6,318.5608277,200,0,4.2,22.7,0.0,3,225.1715868,1700,700,2.4,26,0.2,32,-297.4461054,1300,600,2.0,28.2,0.1
135.977253,1,AUTO,ARMED,5,AVAILABLE,UNAVAILABLE,UNAVAILABLE,100,4,ACTIVE,711,D_P3-A5.NC,D_P3-A5.NC,6,0.000668021,20,0.0005,1612515.148,468952.227,184.4,2016.7546,100,0.0,13,100,0,0,100,3900.0,2400,500,4.4,25.0,0.1,6,318.5608735,200,0,4.2,22.7,0.0,3,225.1715982,1700,700,2.4,26,0.2,32,-297.446094,1300,600,2.0,28.2,0.1
136.125354,1,AUTO,ARMED,5,AVAILABLE,UNAVAILABLE,UNAVAILABLE,100,4,ACTIVE,711,D_P3-A5.NC,D_P3-A5.NC,6,0.000668021,20,0.0005,1612515.148,468952.227,184.4,2016.7546,100,0.0,13,100,0,0,100,3900.0,2400,500,4.4,25.0,0.1,5,318.5608964,200,0,4.2,22.7,0.0,3,225.1715982,1700,700,2.4,26,0.2,32,-297.4461054,1300,600,2.0,28.2,0.1
136.272922,1,AUTO,ARMED,5,AVAILABLE,UNAVAILABLE,UNAVAILABLE,100,4,ACTIVE,711,D_P3-A5.NC,D_P3-A5.NC,6,0.000668021,20,0.0005,1612515.148,468952.227,184.4,1998.8442,100,0.0,13,100,0,0,100,3900.0,2400,500,4.4,25.0,0.1,5,318.5608964,200,0,4.2,22.7,0.0,3,225.1715982,1700,700,2.4,26,0.2,32,-297.446094,1300,600,2.0,28.2,0.1
136.412728,1,AUTO,ARMED,5,AVAILABLE,UNAVAILABLE,UNAVAILABLE,100,4,ACTIVE,711,D_P3-A5.NC,D_P3-A5.NC,6,0.000668021,20,0.0005,1612515.148,468952.227,184.4,1998.8442,100,0.0,14,100,0,1,100,3900.0,2400,500,4.4,25.0,0.1,5,318.5608964,200,0,4.2,22.7,0.0,3,225.1715982,1700,700,2.4,26,0.2,32,-297.446094,1300,600,2.0,28.2,0.1
136.555628,1,AUTO,ARMED,5,AVAILABLE,UNAVAILABLE,UNAVAILABLE,100,4,ACTIVE,711,D_P3-A5.NC,D_P3-A5.NC,6,0.000668021,20,0.0005,1612515.148,468952.227,184.4,1998.8442,100,0.0,14,100,0,1,100,3900.0,2300,500,4.3,25.0,0.1,5,318.5608964,300,100,3.8,22.7,0.1,3,225.1715982,1100,400,2.5,26,0.2,32,-297.4461054,1200,600,1.9,28.2,0.2
136.707485,1,AUTO,ARMED,5,AVAILABLE,UNAVAILABLE,UNAVAILABLE,100,4,ACTIVE,711,D_P3-A5.NC,D_P3-A5.NC,6,0.000668021,20,0.0005,1612515.148,468952.227,184.4,1998.8442,100,0.0,14,100,0,1,100,3900.0,2300,500,4.3,25.0,0.1,5,318.5609192,300,100,3.8,22.7,0.1,3,225.5622419,1100,400,2.5,26,0.2,32,-297.446094,1200,600,1.9,28.2,0.2
136.847032,1,AUTO,ARMED,5,AVAILABLE,UNAVAILABLE,UNAVAILABLE,103,4,ACTIVE,711,D_P3-A5.NC,D_P3-A5.NC,6,0.000668021,20,0.0005,1612515.148,468952.227,184.4,1998.8442,100,0.0,14,100,0,1,100,3900.0,2300,500,4.3,25.0,0.1,5,318.5608964,300,100,3.8,22.7,0.1,0,225.8062956,1100,400,2.5,26,0.2,32,-297.446094,1200,600,1.9,28.2,0.2
136.992218,1,AUTO,ARMED,5,AVAILABLE,UNAVAILABLE,UNAVAILABLE,104,4,ACTIVE,711,D_P3-A5.NC,D_P3-A5.NC,6,0.000668021,20,0.0005,1612515.148,468952.227,184.4,1998.8442,100,0.0,14,100,0,0,100,3900.0,2300,500,4.3,25.0,0.1,5,318.5608964,300,100,3.8,22.7,0.1,1,225.8065702,1100,400,2.5,26,0.2,32,-297.4461054,1200,600,1.9,28.2,0.2
137.147752,1,AUTO,ARMED,5,AVAILABLE,UNAVAILABLE,UNAVAILABLE,104,4,ACTIVE,711,D_P3-A5.NC,D_P3-A5.NC,6,0.000668021,20,0.0005,1612515.148,468952.227,184.4,1998.8442,100,0.0,14,100,0,0,100,3900.0,2300,500,4.3,25.0,0.1,5,318.5609078,300,100,3.8,22.7,0.1,1,225.8065588,1100,400,2.5,26,0.2,32,-297.446094,1200,600,1.9,28.2,0.2
137.302888,1,AUTO,ARMED,5,AVAILABLE,UNAVAILABLE,UNAVAILABLE,104,4,ACTIVE,711,D_P3-A5.NC,D_P3-A5.NC,6,0.000668021,20,0.0005,1612515.148,468952.227,184.4,2495.27,100,0.0,14,100,0,1,100,3900.0,2300,500,4.3,25.0,0.1,5,318.5608964,300,100,3.8,22.7,0.1,1,225.8066045,1100,400,2.5,26,0.2,32,-297.4461054,1200,600,1.9,28.2,0.2
137.445492,1,AUTO,ARMED,5,AVAILABLE,UNAVAILABLE,UNAVAILABLE,104,4,ACTIVE,711,D_P3-A5.NC,D_P3-A5.NC,6,0.000668021,20,0.0005,1612515.148,468952.227,184.4,2495.27,100,0.0,15,100,0,1,100,3900.0,2300,500,4.3,25.0,0.1,5,318.5608964,300,100,3.8,22.7,0.1,1,225.8065816,1100,400,2.5,26,0.2,32,-297.4461054,1200,600,1.9,28.2,0.2
137.587909,1,AUTO,ARMED,5,AVAILABLE,UNAVAILABLE,UNAVAILABLE,104,4,ACTIVE,711,D_P3-A5.NC,D_P3-A5.NC,6,0.000668021,20,0.0005,1612515.148,468952.227,184.4,2495.27,100,0.0,15,100,0,1,100,3900.0,2300,500,4.3,25.0,0.1,5,318.5608964,300,100,3.8,22.7,0.1,1,225.806616,1100,400,2.5,26,0.2,32,-297.446094,1200,600,1.9,28.2,0.2
137.732632,1,AUTO,ARMED,5,AVAILABLE,UNAVAILABLE,UNAVAILABLE,104,4,ACTIVE,711,D_P3-A5.NC,D_P3-A5.NC,6,0.000668021,20,0.0005,1612515.148,468952.227,184.4,2495.27,100,0.0,15,100,0,1,100,3900.0,2300,500,4.3,25.0,0.1,5,318.5608964,300,100,3.8,22.7,0.1,1,225.8065931,1100,400,2.5,26,0.2,32,-297.4461054,1200,600,1.9,28.2,0.2
137.874694,1,AUTO,ARMED,5,AVAILABLE,UNAVAILABLE,UNAVAILABLE,105,4,ACTIVE,711,D_P3-A5.NC,D_P3-A5.NC,6,0.000668021,20,0.0005,1612515.148,468952.227,184.4,2495.27,100,0.0,15,100,0,0,100,3900.0,2300,500,4.3,25.0,0.1,27,320.6905909,300,100,3.8,22.7,0.1,1,225.8066045,1100,400,2.5,26,0.2,32,-297.446094,1200,600,1.9,28.2,0.2
138.021542,1,AUTO,ARMED,5,AVAILABLE,UNAVAILABLE,UNAVAILABLE,105,4,ACTIVE,711,D_P3-A5.NC,D_P3-A5.NC,6,0.000668021,20,0.0005,1612515.148,468952.227,184.4,2495.27,100,19.05,15,100,0,1,100,3900.0,2300,500,4.3,25.0,0.1,9,322.6525711,300,100,3.8,22.7,0.1,1,225.8066045,1100,400,2.5,26,0.2,32,-297.4461054,1200,600,1.9,28.2,0.2
138.175703,1,AUTO,ARMED,5,AVAILABLE,UNAVAILABLE,UNAVAILABLE,105,4,ACTIVE,711,D_P3-A5.NC,D_P3-A5.NC,6,0.000668021,20,0.0005,1612515.148,468952.227,184.4,2495.27,100,19.05,15,100,0,1,100,3900.0,4100,1200,3.5,25.0,0.2,9,324.6243249,1000,300,2.9,22.7,0.2,1,225.8065931,1900,600,3.3,26,0.2,32,-297.4461054,1700,700,2.5,28.2,0.1
138.322864,1,AUTO,ARMED,5,AVAILABLE,UNAVAILABLE,UNAVAILABLE,105,4,ACTIVE,711,D_P3-A5.NC,D_P3-A5.NC,6,0.000668021,20,0.0005,1612515.148,468952.227,184.4,2535.4624,100,19.05,16,100,0,1,100,3900.0,4100,1200,3.5,25.0,0.2,9,326.5864081,1000,300,2.9,22.7,0.2,1,225.8065931,1900,600,3.3,26,0.2,32,-297.4461054,1700,700,2.5,28.2,0.1
138.467126,1,AUTO,ARMED,5,AVAILABLE,UNAVAILABLE,UNAVAILABLE,105,4,ACTIVE,711,D_P3-A5.NC,D_P3-A5.NC,6,0.000167898,20,0.0005,1612515.148,468952.227,184.4,2535.4624,100,19.05,16,100,0,2,100,3900.0,4100,1200,3.5,25.0,0.2,14,332.4774844,1000,300,2.9,22.7,0.2,1,225.8065244,1900,600,3.3,26,0.2,32,-297.4461169,1700,700,2.5,28.2,0.1
138.608376,1,AUTO,ARMED,5,AVAILABLE,UNAVAILABLE,UNAVAILABLE,105,4,ACTIVE,711,D_P3-A5.NC,D_P3-A5.NC,6,0.000167898,20,0.0005,1612515.148,468952.227,184.4,2535.4624,100,19.05,16,100,0,2,100,3900.0,4100,1200,3.5,25.0,0.2,14,334.4398158,1000,300,2.9,22.7,0.2,1,225.8065473,1900,600,3.3,26,0.2,32,-297.4461054,1700,700,2.5,28.2,0.1
138.755158,1,AUTO,ARMED,5,AVAILABLE,UNAVAILABLE,UNAVAILABLE,105,4,ACTIVE,711,D_P3-A5.NC,D_P3-A5.NC,6,0.000668021,20,0.0005,1612515.148,468952.227,184.4,2535.4624,100,19.05,16,100,0,2,100,3900.0,4100,1200,3.5,25.0,0.2,14,336.4020327,1000,300,2.9,22.7,0.2,2,225.8065931,1900,600,3.3,26,0.2,32,-297.446094,1700,700,2.5,28.2,0.1
138.899854,1,AUTO,ARMED,5,AVAILABLE,UNAVAILABLE,UNAVAILABLE,105,4,ACTIVE,711,D_P3-A5.NC,D_P3-A5.NC,6,0.001168144,20,0.0005,1612515.148,468952.227,184.4,2535.4624,100,19.05,16,100,0,1,100,3900.0,4100,1200,3.5,25.0,0.2,13,340.3311585,1000,300,2.9,22.7,0.2,2,225.8066045,1900,600,3.3,26,0.2,32,-297.4461054,1700,700,2.5,28.2,0.1
139.046408,1,AUTO,ARMED,5,AVAILABLE,UNAVAILABLE,UNAVAILABLE,105,4,ACTIVE,711,D_P3-A5.NC,D_P3-A5.NC,6,0.000668021,20,0.0005,1612515.148,468952.227,184.4,2535.4624,100,19.05,16,100,0,1,100,3900.0,4100,1200,3.5,25.0,0.2,13,341.3122212,1000,300,2.9,22.7,0.2,2,225.8066045,1900,600,3.3,26,0.2,32,-297.446094,1700,700,2.5,28.2,0.1
139.197697,1,AUTO,ARMED,5,AVAILABLE,UNAVAILABLE,UNAVAILABLE,105,4,ACTIVE,711,D_P3-A5.NC,D_P3-A5.NC,6,0.001168144,20,0.0005,1612515.148,468952.227,184.4,2564.5496,100,19.05,16,100,0,4,100,3900.0,4100,1200,3.5,25.0,0.2,13,345.2462108,1000,300,2.9,22.7,0.2,2,225.806616,1900,600,3.3,26,0.2,32,-297.446094,1700,700,2.5,28.2,0.1
139.352666,1,AUTO,ARMED,5,AVAILABLE,UNAVAILABLE,UNAVAILABLE,105,4,ACTIVE,711,D_P3-A5.NC,D_P3-A5.NC,6,0.001168144,20,0.0005,1612515.148,468952.227,184.4,2564.5496,100,19.05,17,100,0,1,100,3900.0,4100,1200,3.5,25.0,0.2,14,347.208153,1000,300,2.9,22.7,0.2,2,225.8066045,1900,600,3.3,26,0.2,32,-297.446094,1700,700,2.5,28.2,0.1
139.49081,1,AUTO,ARMED,5,AVAILABLE,UNAVAILABLE,UNAVAILABLE,105,4,ACTIVE,711,D_P3-A5.NC,D_P3-A5.NC,6,0.000167898,20,0.0005,1612515.148,468952.227,184.4,2564.5496,100,19.05,17,100,0,1,100,3900.0,4100,1200,3.5,25.0,0.2,14,349.1701067,1000,300,2.9,22.7,0.2,2,225.8065702,1900,600,3.3,26,0.2,32,-297.4461054,1700,700,2.5,28.2,0.1
139.638694,1,AUTO,ARMED,5,AVAILABLE,UNAVAILABLE,UNAVAILABLE,105,4,ACTIVE,711,D_P3-A5.NC,D_P3-A5.NC,6,0.000668021,20,0.0005,1612515.148,468952.227,184.4,2564.5496,100,19.05,17,100,0,2,100,3900.0,4300,1200,3.6,25.0,0.2,14,353.0993127,1100,200,4.7,22.7,0.1,2,225.806616,1800,500,3.3,26,0.2,32,-297.446094,1700,700,2.5,28.2,0.1
139.862781,1,AUTO,ARMED,5,AVAILABLE,UNAVAILABLE,UNAVAILABLE,105,4,ACTIVE,711,D_P3-A5.NC,D_P3-A5.NC,6,0.000668021,20,0.0005,1612515.148,468952.227,184.4,2564.5496,100,19.05,17,100,0,0,100,3900.0,4300,1200,3.6,25.0,0.2,14,358.99519,1100,200,4.7,22.7,0.1,2,225.8066045,1800,500,3.3,26,0.2,32,-297.446094,1700,700,2.5,28.2,0.1
140.064702,1,AUTO,ARMED,5,AVAILABLE,UNAVAILABLE,UNAVAILABLE,105,4,ACTIVE,711,D_P3-A5.NC,D_P3-A5.NC,6,0.000167898,20,0.0005,1612515.148,468952.227,184.4,2564.5496,100,19.05,17,100,0,1,100,3900.0,4300,1200,3.6,25.0,0.2,15,362.9241912,1100,200,4.7,22.7,0.1,1,225.8065588,1800,500,3.3,26,0.2,32,-297.4461169,1700,700,2.5,28.2,0.1
140.241433,1,AUTO,ARMED,5,AVAILABLE,UNAVAILABLE,UNAVAILABLE,105,4,ACTIVE,711,D_P3-A5.NC,D_P3-A5.NC,6,0.001168144,20,0.0005,1612515.148,468952.227,184.4,2564.5496,100,19.05,17,100,0,0,100,3900.0,4300,1200,3.6,25.0,0.2,16,364.8865632,1100,200,4.7,22.7,0.1,2,225.8065931,1800,500,3.3,26,0.2,32,-297.446094,1700,700,2.5,28.2,0.1
140.388033,1,AUTO,ARMED,5,AVAILABLE,UNAVAILABLE,UNAVAILABLE,105,4,ACTIVE,711,D_P3-A5.NC,D_P3-A5.NC,6,0.001168144,20,0.0005,1612515.148,468952.227,184.4,2010.1318,100,19.05,17,100,0,0,100,3900.0,4300,1200,3.6,25.0,0.2,16,366.8486949,1100,200,4.7,22.7,0.1,2,225.806616,1800,500,3.3,26,0.2,32,-297.446094,1700,700,2.5,28.2,0.1
140.533153,1,AUTO,ARMED,5,AVAILABLE,UNAVAILABLE,UNAVAILABLE,105,4,ACTIVE,711,D_P3-A5.NC,D_P3-A5.NC,6,0.000167898,20,0.0005,1612515.148,468952.227,184.4,2010.1318,100,19.05,18,100,0,0,100,3900.0,4300,1200,3.6,25.0,0.2,14,370.7777304,1100,200,4.7,22.7,0.1,1,225.8065702,1800,500,3.3,26,0.2,32,-297.4461054,1700,700,2.5,28.2,0.1
140.676467,1,AUTO,ARMED,5,AVAILABLE,UNAVAILABLE,UNAVAILABLE,105,4,ACTIVE,711,D_P3-A5.NC,D_P3-A5.NC,6,0.000167898,20,0.0005,1612515.148,468952.227,184.4,2010.1318,100,19.05,18,100,0,0,100,3900.0,4300,1200,3.6,25.0,0.2,13,372.7399422,1100,200,4.7,22.7,0.1,2,225.8066045,1800,500,3.3,26,0.2,32,-297.446094,1700,700,2.5,28.2,0.1
140.878763,1,AUTO,ARMED,5,AVAILABLE,UNAVAILABLE,UNAVAILABLE,105,4,ACTIVE,711,D_P3-A5.NC,D_P3-A5.NC,6,0.000167898,20,0.0005,1612515.148,468952.227,184.4,2010.1318,100,19.05,18,100,0,0,100,3900.0,4300,1200,3.6,25.0,0.2,13,377.65481,1100,200,4.7,22.7,0.1,2,225.8065931,1800,500,3.3,26,0.2,32,-297.446094,1700,700,2.5,28.2,0.1
141.181236,1,AUTO,ARMED,5,AVAILABLE,UNAVAILABLE,UNAVAILABLE,105,4,ACTIVE,711,D_P3-A5.NC,D_P3-A5.NC,6,0.000668021,20,0.0005,1612515.148,468952.227,184.4,2010.1318,100,19.05,18,100,0,0,100,3900.0,4300,1200,3.6,25.0,0.2,13,381.5885022,1100,200,4.7,22.7,0.1,1,225.8065702,1800,500,3.3,26,0.2,32,-297.446094,1700,700,2.5,28.2,0.1
141.322302,1,AUTO,ARMED,5,AVAILABLE,UNAVAILABLE,UNAVAILABLE,105,4,ACTIVE,711,D_P3-A5.NC,D_P3-A5.NC,6,0.000668021,20,0.0005,1612515.148,468952.227,184.4,2010.1318,100,19.05,19,100,0,2,100,3900.0,4300,1200,3.6,25.0,0.2,15,385.5083608,1100,200,4.7,22.7,0.1,2,225.806616,1800,500,3.3,26,0.2,32,-297.4461054,1700,700,2.5,28.2,0.1
141.465111,1,AUTO,ARMED,5,AVAILABLE,UNAVAILABLE,UNAVAILABLE,105,4,ACTIVE,711,D_P3-A5.NC,D_P3-A5.NC,6,0.000668021,20,0.0005,1612515.148,468952.227,184.4,2010.1318,100,19.05,19,100,0,3,100,3900.0,4300,1200,3.6,25.0,0.2,10,387.4752143,1100,200,4.7,22.7,0.1,2,225.8066617,1800,500,3.3,26,0.2,32,-297.4460825,1700,700,2.5,28.2,0.1
141.608694,1,AUTO,ARMED,5,AVAILABLE,UNAVAILABLE,UNAVAILABLE,105,4,ACTIVE,711,D_P3-A5.NC,D_P3-A5.NC,6,0.000668021,20,0.0005,1612515.148,468952.227,184.4,2007.7896,100,19.05,19,100,0,3,100,3900.0,2700,500,5.2,25.0,0.2,10,389.4372609,200,100,4.1,22.7,0.0,2,225.8066389,1100,400,2.5,26,0.2,32,-297.446094,1300,600,2.0,28.1,0.1
141.752016,1,AUTO,ARMED,5,AVAILABLE,UNAVAILABLE,UNAVAILABLE,105,4,ACTIVE,711,D_P3-A5.NC,D_P3-A5.NC,6,0.000668021,20,0.0005,1612515.148,468952.227,184.4,2007.7896,100,19.05,19,100,0,0,100,3900.0,2700,500,5.2,25.0,0.2,9,395.328448,200,100,4.1,22.7,0.0,1,225.806616,1100,400,2.5,26,0.2,32,-297.446094,1300,600,2.0,28.1,0.1
141.896497,1,AUTO,ARMED,5,AVAILABLE,UNAVAILABLE,UNAVAILABLE,105,4,ACTIVE,711,D_P3-A5.NC,D_P3-A5.NC,6,0.000668021,20,0.0005,1612515.148,468952.227,184.4,2007.7896,100,19.05,19,100,0,1,100,3900.0,2700,500,5.2,25.0,0.2,9,397.29529,200,100,4.1,22.7,0.0,1,225.8065931,1100,400,2.5,26,0.2,32,-297.4461054,1300,600,2.0,28.1,0.1
142.038808,1,AUTO,ARMED,5,AVAILABLE,UNAVAILABLE,UNAVAILABLE,105,4,ACTIVE,711,D_P3-A5.NC,D_P3-A5.NC,6,0.000668021,20,0.0005,1612515.148,468952.227,184.4,2007.7896,100,19.05,19,100,0,1,100,3900.0,2700,500,5.2,25.0,0.2,9,399.2576914,200,100,4.1,22.7,0.0,1,225.8065931,1100,400,2.5,26,0.2,32,-297.4461054,1300,600,2.0,28.1,0.1
142.195083,1,AUTO,ARMED,5,AVAILABLE,UNAVAILABLE,UNAVAILABLE,106,4,ACTIVE,711,D_P3-A5.NC,D_P3-A5.NC,6,0.000668021,20,0.0005,1612515.148,468952.227,184.4,2007.7896,100,0.0,19,100,0,0,100,3900.0,2700,500,5.2,25.0,0.2,8,399.8408325,200,100,4.1,22.7,0.0,1,225.8066045,1100,400,2.5,26,0.2,32,-297.4461054,1300,600,2.0,28.1,0.1
142.340768,1,AUTO,ARMED,5,AVAILABLE,UNAVAILABLE,UNAVAILABLE,106,4,ACTIVE,711,D_P3-A5.NC,D_P3-A5.NC,6,0.000668021,20,0.0005,1612515.148,468952.227,184.4,2007.7896,100,0.0,19,100,0,0,100,3900.0,2700,500,5.2,25.0,0.2,8,399.8409584,200,100,4.1,22.7,0.0,1,225.8065931,1100,400,2.5,26,0.2,32,-297.446094,1300,600,2.0,28.1,0.1
142.484645,1,AUTO,ARMED,5,AVAILABLE,UNAVAILABLE,UNAVAILABLE,106,4,ACTIVE,711,D_P3-A5.NC,D_P3-A5.NC,6,0.000668021,20,0.0005,1612515.148,468952.227,184.4,2007.7896,100,0.0,20,100,0,0,100,3900.0,2700,500,5.2,25.0,0.2,8,399.840924,200,100,4.1,22.7,0.0,1,225.8066045,1100,400,2.5,26,0.2,32,-297.446094,1300,600,2.0,28.1,0.1
142.628566,1,AUTO,ARMED,5,AVAILABLE,UNAVAILABLE,UNAVAILABLE,106,4,ACTIVE,711,D_P3-A5.NC,D_P3-A5.NC,6,0.000668021,20,0.0005,1612515.148,468952.227,184.4,2007.7896,100,0.0,20,100,0,0,100,3900.0,2700,500,5.2,25.0,0.2,7,399.8409126,200,100,4.1,22.7,0.0,1,225.8065931,1100,400,2.5,26,0.2,32,-297.4461054,1300,600,2.0,28.1,0.1
142.766709,1,AUTO,ARMED,5,AVAILABLE,UNAVAILABLE,UNAVAILABLE,106,4,ACTIVE,711,D_P3-A5.NC,D_P3-A5.NC,6,0.000668021,20,0.0005,1612515.148,468952.227,184.4,2464.719,100,0.0,20,100,0,1,100,3900.0,2700,500,5.2,25.0,0.2,6,399.8409126,200,100,4.1,22.7,0.0,1,225.8065931,1100,400,2.5,26,0.2,32,-297.446094,1300,600,2.0,28.1,0.1
142.914817,1,AUTO,ARMED,5,AVAILABLE,UNAVAILABLE,UNAVAILABLE,106,4,ACTIVE,711,D_P3-A5.NC,D_P3-A5.NC,6,0.000668021,20,0.0005,1612515.148,468952.227,184.4,2464.719,100,0.0,20,100,0,1,100,3900.0,2700,500,5.2,25.0,0.2,6,399.8409126,200,100,4.1,22.7,0.0,1,225.8065931,1100,400,2.5,26,0.2,32,-297.446094,1300,600,2.0,28.1,0.1
143.062235,1,AUTO,ARMED,5,AVAILABLE,UNAVAILABLE,UNAVAILABLE,106,4,ACTIVE,711,D_P3-A5.NC,D_P3-A5.NC,6,0.000668021,20,0.0005,1612515.148,468952.227,184.4,2464.719,100,0.0,20,100,0,1,100,3900.0,2700,500,5.2,25.0,0.2,6,399.8409011,200,100,4.1,22.7,0.0,1,225.8066045,1100,400,2.5,26,0.2,32,-297.4461054,1300,600,2.0,28.1,0.1
143.208008,1,AUTO,ARMED,5,AVAILABLE,UNAVAILABLE,UNAVAILABLE,108,4,ACTIVE,711,D_P3-A5.NC,D_P3-A5.NC,6,0.000668021,20,0.0005,1612515.148,468952.227,184.4,2464.719,100,19.05,20,100,0,1,100,3900.0,4500,1200,3.6,25.0,0.3,6,399.4011872,1500,500,2.9,22.7,0.2,1,226.4399286,2600,1000,2.6,26,0.4,32,-297.4461054,1700,700,2.6,28.1,0.1
143.353423,1,AUTO,ARMED,5,AVAILABLE,UNAVAILABLE,UNAVAILABLE,108,4,ACTIVE,711,D_P3-A5.NC,D_P3-A5.NC,6,0.000668021,20,0.0005,1612515.148,468952.227,184.4,2464.719,100,19.05,21,100,0,1,100,3900.0,4500,1200,3.6,25.0,0.3,10,395.4872667,1500,500,2.9,22.7,0.2,5,226.4416909,2600,1000,2.6,26,0.4,32,-297.4461054,1700,700,2.6,28.1,0.1
143.49818,1,AUTO,ARMED,5,AVAILABLE,UNAVAILABLE,UNAVAILABLE,108,4,ACTIVE,711,D_P3-A5.NC,D_P3-A5.NC,6,0.000668021,20,0.0005,1612515.148,468952.227,184.4,2464.719,100,19.05,21,100,0,0,100,3900.0,4500,1200,3.6,25.0,0.3,9,393.5206127,1500,500,2.9,22.7,0.2,5,226.441668,2600,1000,2.6,26,0.4,32,-297.4461054,1700,700,2.6,28.1,0.1
143.640029,1,AUTO,ARMED,5,AVAILABLE,UNAVAILABLE,UNAVAILABLE,108,4,ACTIVE,711,D_P3-A5.NC,D_P3-A5.NC,6,0.000668021,20,0.0005,1612515.148,468952.227,184.4,2464.719,100,19.05,21,100,0,0,100,3900.0,4500,1200,3.6,25.0,0.3,9,391.5582504,1500,500,2.9,22.7,0.2,5,226.4416452,2600,1000,2.6,26,0.4,32,-297.446094,1700,700,2.6,28.1,0.1
143.781248,1,AUTO,ARMED,5,AVAILABLE,UNAVAILABLE,UNAVAILABLE,108,4,ACTIVE,711,D_P3-A5.NC,D_P3-A5.NC,6,0.002168391,20,0.0005,1612515.148,468952.227,184.4,2511.1375,100,19.05,21,100,0,0,100,3900.0,4500,1200,3.6,25.0,0.3,9,389.5958424,1500,500,2.9,22.7,0.2,5,226.4415651,2600,1000,2.6,26,0.4,32,-297.446094,1700,700,2.6,28.1,0.1
143.922276,1,AUTO,ARMED,5,AVAILABLE,UNAVAILABLE,UNAVAILABLE,108,4,ACTIVE,711,D_P3-A5.NC,D_P3-A5.NC,6,0.001168144,20,0.0005,1612515.148,468952.227,184.4,2511.1375,100,19.05,21,100,0,2,100,3900.0,4500,1200,3.6,25.0,0.3,7,385.6622482,1500,500,2.9,22.7,0.2,4,226.4415536,2600,1000,2.6,26,0.4,32,-297.4461169,1700,700,2.6,28.1,0.1
144.06791,1,AUTO,ARMED,5,AVAILABLE,UNAVAILABLE,UNAVAILABLE,108,4,ACTIVE,711,D_P3-A5.NC,D_P3-A5.NC,6,-0.000332225,20,0.0005,1612515.148,468952.227,184.4,2511.1375,100,19.05,21,100,0,1,100,3900.0,4500,1200,3.6,25.0,0.3,4,383.7003095,1500,500,2.9,22.7,0.2,6,226.4414964,2600,1000,2.6,26,0.4,32,-297.4461054,1700,700,2.6,28.1,0.1
144.207826,1,AUTO,ARMED,5,AVAILABLE,UNAVAILABLE,UNAVAILABLE,108,4,ACTIVE,711,D_P3-A5.NC,D_P3-A5.NC,6,-0.000332225,20,0.0005,1612515.148,468952.227,184.4,2511.1375,100,19.05,21,100,0,1,100,3900.0,4500,1200,3.6,25.0,0.3,4,381.7331633,1500,500,2.9,22.7,0.2,6,226.4415651,2600,1000,2.6,26,0.4,32,-297.4461054,1700,700,2.6,28.1,0.1
144.349781,1,AUTO,ARMED,5,AVAILABLE,UNAVAILABLE,UNAVAILABLE,108,4,ACTIVE,711,D_P3-A5.NC,D_P3-A5.NC,6,0.002168391,20,0.0005,1612515.148,468952.227,184.4,2511.1375,100,19.05,22,100,0,0,100,3900.0,4400,1300,3.4,25.0,0.3,6,377.8138043,1600,600,2.5,22.7,0.3,5,226.4416337,3100,1200,2.6,26,0.5,32,-297.446094,1700,700,2.6,28.1,0.1
144.495456,1,AUTO,ARMED,5,AVAILABLE,UNAVAILABLE,UNAVAILABLE,108,4,ACTIVE,711,D_P3-A5.NC,D_P3-A5.NC,6,0.000167898,20,0.0005,1612515.148,468952.227,184.4,2511.1375,100,19.05,22,100,0,0,100,3900.0,4400,1300,3.4,25.0,0.3,5,373.8800018,1600,600,2.5,22.7,0.3,6,226.4415994,3100,1200,2.6,26,0.5,32,-297.4461054,1700,700,2.6,28.1,0.1
144.640533,1,AUTO,ARMED,5,AVAILABLE,UNAVAILABLE,UNAVAILABLE,108,4,ACTIVE,711,D_P3-A5.NC,D_P3-A5.NC,6,0.002168391,20,0.0005,1612515.148,468952.227,184.4,2502.4001,100,19.05,22,100,0,0,100,3900.0,4400,1300,3.4,25.0,0.3,3,372.8989859,1600,600,2.5,22.7,0.3,6,226.4416108,3100,1200,2.6,26,0.5,32,-297.4460825,1700,700,2.6,28.1,0.1
144.782747,1,AUTO,ARMED,5,AVAILABLE,UNAVAILABLE,UNAVAILABLE,108,4,ACTIVE,711,D_P3-A5.NC,D_P3-A5.NC,6,0.001668267,20,0.0005,1612515.148,468952.227,184.4,2502.4001,100,19.05,22,100,0,0,100,3900.0,4400,1300,3.4,25.0,0.3,3,370.9367367,1600,600,2.5,22.7,0.3,6,226.4416108,3100,1200,2.6,26,0.5,32,-297.4460825,1700,700,2.6,28.1,0.1
144.928908,1,AUTO,ARMED,5,AVAILABLE,UNAVAILABLE,UNAVAILABLE,108,4,ACTIVE,711,D_P3-A5.NC,D_P3-A5.NC,6,-0.000832349,20,0.0005,1612515.148,468952.227,184.4,2502.4001,100,19.05,22,100,0,2,100,3900.0,4400,1300,3.4,25.0,0.3,6,367.0078666,1600,600,2.5,22.7,0.3,6,226.4415307,3100,1200,2.6,26,0.5,32,-297.4461054,1700,700,2.6,28.1,0.1
145.075621,1,AUTO,ARMED,5,AVAILABLE,UNAVAILABLE,UNAVAILABLE,108,4,ACTIVE,711,D_P3-A5.NC,D_P3-A5.NC,6,0.000167898,20,0.0005,1612515.148,468952.227,184.4,2502.4001,100,19.05,22,100,0,0,100,3900.0,4400,1300,3.4,25.0,0.3,6,365.0454572,1600,600,2.5,22.7,0.3,5,226.4415765,3100,1200,2.6,26,0.5,32,-297.446094,1700,700,2.6,28.1,0.1
145.218744,1,AUTO,ARMED,5,AVAILABLE,UNAVAILABLE,UNAVAILABLE,108,4,ACTIVE,711,D_P3-A5.NC,D_P3-A5.NC,6,0.002168391,20,0.0005,1612515.148,468952.227,184.4,2502.4001,100,19.05,22,100,0,0,100,3900.0,4400,1300,3.4,25.0,0.3,6,363.0785502,1600,600,2.5,22.7,0.3,5,226.4416452,3100,1200,2.6,26,0.5,32,-297.446094,1700,700,2.6,28.1,0.1
145.364693,1,AUTO,ARMED,5,AVAILABLE,UNAVAILABLE,UNAVAILABLE,108,4,ACTIVE,711,D_P3-A5.NC,D_P3-A5.NC,6,-0.000332225,20,0.0005,1612515.148,468952.227,184.4,2502.4001,100,19.05,23,100,0,2,100,3900.0,4400,1300,3.4,25.0,0.3,6,357.1874653,1600,600,2.5,22.7,0.3,6,226.4415879,3100,1200,2.6,26,0.5,32,-297.446094,1700,700,2.6,28.1,0.1
145.844841,1,AUTO,ARMED,5,AVAILABLE,UNAVAILABLE,UNAVAILABLE,108,4,ACTIVE,711,D_P3-A5.NC,D_P3-A5.NC,6,0.002168391,20,0.0005,1612515.148,468952.227,184.4,2502.4001,100,19.05,23,100,0,3,100,3900.0,4400,1300,3.4,25.0,0.3,6,349.3290306,1600,600,2.5,22.7,0.3,6,226.441668,3100,1200,2.6,26,0.5,32,-297.4461054,1700,700,2.6,28.1,0.1
145.988849,1,AUTO,ARMED,5,AVAILABLE,UNAVAILABLE,UNAVAILABLE,108,4,ACTIVE,711,D_P3-A5.NC,D_P3-A5.NC,6,0.000167898,20,0.0005,1612515.148,468952.227,184.4,2024.4509,100,19.05,23,100,0,0,100,3900.0,4400,1300,3.4,25.0,0.3,6,347.3670535,1600,600,2.5,22.7,0.3,5,226.4415765,3100,1200,2.6,26,0.5,32,-297.4461054,1700,700,2.6,28.1,0.1
146.13374,1,AUTO,ARMED,5,AVAILABLE,UNAVAILABLE,UNAVAILABLE,108,4,ACTIVE,711,D_P3-A5.NC,D_P3-A5.NC,6,-0.000332225,20,0.0005,1612515.148,468952.227,184.4,2024.4509,100,19.05,23,100,0,0,100,3900.0,2600,500,4.9,25.0,0.1,6,345.409837,300,100,4.9,22.7,0.0,5,226.4415651,1400,500,2.6,26,0.2,32,-297.4461054,1300,600,2.0,28.1,0.1
146.279489,1,AUTO,ARMED,5,AVAILABLE,UNAVAILABLE,UNAVAILABLE,108,4,ACTIVE,711,D_P3-A5.NC,D_P3-A5.NC,6,0.002168391,20,0.001,1612515.148,468952.227,184.4,2024.4509,100,19.05,24,100,0,2,100,3900.0,2600,500,4.9,25.0,0.1,5,341.4805155,300,100,4.9,22.7,0.0,5,226.4416452,1400,500,2.6,26,0.2,32,-297.4461054,1300,600,2.0,28.1,0.1
146.42443,1,AUTO,ARMED,5,AVAILABLE,UNAVAILABLE,UNAVAILABLE,108,4,ACTIVE,711,D_P3-A5.NC,D_P3-A5.NC,6,0.000668021,20,0.0005,1612515.148,468952.227,184.4,2024.4509,100,19.05,24,100,0,0,100,3900.0,2600,500,4.9,25.0,0.1,5,337.5514916,300,100,4.9,22.7,0.0,5,226.4415765,1400,500,2.6,26,0.2,32,-297.446094,1300,600,2.0,28.1,0.1
146.582909,1,AUTO,ARMED,5,AVAILABLE,UNAVAILABLE,UNAVAILABLE,108,4,ACTIVE,711,D_P3-A5.NC,D_P3-A5.NC,6,0.002168391,20,0.0005,1612515.148,468952.227,184.4,2024.4509,100,19.05,24,100,0,1,100,3900.0,2600,500,4.9,25.0,0.1,5,336.5704114,300,100,4.9,22.7,0.0,6,226.4415994,1400,500,2.6,26,0.2,32,-297.4460825,1300,600,2.0,28.1,0.1
146.729592,1,AUTO,ARMED,5,AVAILABLE,UNAVAILABLE,UNAVAILABLE,108,4,ACTIVE,711,D_P3-A5.NC,D_P3-A5.NC,6,0.000167898,20,0.0005,1612515.148,468952.227,184.4,2024.4509,100,19.05,24,100,0,0,100,3900.0,2600,500,4.9,25.0,0.1,6,332.6464342,300,100,4.9,22.7,0.0,6,226.4416909,1400,500,2.6,26,0.2,32,-297.446094,1300,600,2.0,28.1,0.1
146.88689,1,AUTO,ARMED,5,AVAILABLE,UNAVAILABLE,UNAVAILABLE,108,4,ACTIVE,711,D_P3-A5.NC,D_P3-A5.NC,6,0.000668021,20,0.0005,1612515.148,468952.227,184.4,2024.4509,100,19.05,24,100,0,0,100,3900.0,2600,500,4.9,25.0,0.1,6,330.6793875,300,100,4.9,22.7,0.0,6,226.4417596,1400,500,2.6,26,0.2,32,-297.4460825,1300,600,2.0,28.1,0.1
147.032626,1,AUTO,ARMED,5,AVAILABLE,UNAVAILABLE,UNAVAILABLE,108,4,ACTIVE,711,D_P3-A5.NC,D_P3-A5.NC,6,0.000668021,20,0.0005,1612515.148,468952.227,184.4,2014.8615,100,19.05,24,100,0,0,100,3900.0,2600,500,4.9,25.0,0.1,9,326.7548188,300,100,4.9,22.7,0.0,4,226.4416337,1400,500,2.6,26,0.2,32,-297.446094,1300,600,2.0,28.1,0.1
147.176814,1,AUTO,ARMED,5,AVAILABLE,UNAVAILABLE,UNAVAILABLE,108,4,ACTIVE,711,D_P3-A5.NC,D_P3-A5.NC,6,0.000668021,20,0.0005,1612515.148,468952.227,184.4,2014.8615,100,19.05,24,100,0,0,100,3900.0,2600,500,4.9,25.0,0.1,9,324.788027,300,100,4.9,22.7,0.0,4,226.4416223,1400,500,2.6,26,0.2,32,-297.446094,1300,600,2.0,28.1,0.1
147.321853,1,AUTO,ARMED,5,AVAILABLE,UNAVAILABLE,UNAVAILABLE,108,4,ACTIVE,711,D_P3-A5.NC,D_P3-A5.NC,6,0.000668021,20,0.0005,1612515.148,468952.227,184.4,2014.8615,100,19.05,24,100,0,0,100,3900.0,2600,500,4.9,25.0,0.1,9,322.8259389,300,100,4.9,22.7,0.0,4,226.4416108,1400,500,2.6,26,0.2,32,-297.446094,1300,600,2.0,28.1,0.1
147.461753,1,AUTO,ARMED,5,AVAILABLE,UNAVAILABLE,UNAVAILABLE,108,4,ACTIVE,711,D_P3-A5.NC,D_P3-A5.NC,6,0.000668021,20,0.0005,1612515.148,468952.227,184.4,2014.8615,100,19.05,25,100,0,1,100,3900.0,2600,500,4.9,25.0,0.1,10,318.9149241,300,100,4.9,22.7,0.0,4,226.4415994,1400,500,2.6,26,0.2,32,-297.4461054,1300,600,2.0,28.1,0.1
147.628269,1,AUTO,ARMED,5,AVAILABLE,UNAVAILABLE,UNAVAILABLE,109,4,ACTIVE,711,D_P3-A5.NC,D_P3-A5.NC,6,0.000668021,20,0.0005,1612515.148,468952.227,184.4,2014.8615,100,9.516667,25,100,0,2,100,3900.0,2600,500,4.9,25.0,0.1,7,318.5608162,300,100,4.9,22.7,0.0,4,226.4415879,1400,500,2.6,26,0.2,32,-297.4461054,1300,600,2.0,28.1,0.1
147.772696,1,AUTO,ARMED,5,AVAILABLE,UNAVAILABLE,UNAVAILABLE,109,4,ACTIVE,711,D_P3-A5.NC,D_P3-A5.NC,6,0.000668021,20,0.0005,1612515.148,468952.227,184.4,2014.8615,100,0.0,25,100,0,2,100,3900.0,2400,500,4.5,25.0,0.2,7,318.5608506,200,100,4.0,22.7,0.1,4,226.4415879,1200,500,2.6,26,0.2,32,-297.446094,1200,600,1.9,28.1,0.1
147.918295,1,AUTO,ARMED,5,AVAILABLE,UNAVAILABLE,UNAVAILABLE,109,4,ACTIVE,711,D_P3-A5.NC,D_P3-A5.NC,6,0.000668021,20,0.0005,1612515.148,468952.227,184.4,2014.8615,100,0.0,25,100,0,1,100,3900.0,2400,500,4.5,25.0,0.2,6,318.5608849,200,100,4.0,22.7,0.1,4,226.4415994,1200,500,2.6,26,0.2,32,-297.4461054,1200,600,1.9,28.1,0.1
148.063913,1,AUTO,ARMED,5,AVAILABLE,UNAVAILABLE,UNAVAILABLE,109,4,ACTIVE,711,D_P3-A5.NC,D_P3-A5.NC,6,0.000668021,20,0.0005,1612515.148,468952.227,184.4,2014.8615,100,0.0,25,100,0,3,100,3900.0,2400,500,4.5,25.0,0.2,5,318.5608849,200,100,4.0,22.7,0.1,4,226.4415879,1200,500,2.6,26,0.2,32,-297.446094,1200,600,1.9,28.1,0.1
148.203783,1,AUTO,ARMED,5,AVAILABLE,UNAVAILABLE,UNAVAILABLE,109,4,ACTIVE,711,D_P3-A5.NC,D_P3-A5.NC,6,0.000668021,20,0.0005,1612515.148,468952.227,184.4,1993.5747,100,0.0,25,100,0,3,100,3900.0,2400,500,4.5,25.0,0.2,5,318.5608964,200,100,4.0,22.7,0.1,4,226.4415994,1200,500,2.6,26,0.2,32,-297.446094,1200,600,1.9,28.1,0.1
148.34238,1,AUTO,ARMED,5,AVAILABLE,UNAVAILABLE,UNAVAILABLE,109,4,ACTIVE,711,D_P3-A5.NC,D_P3-A5.NC,6,0.000668021,20,0.0005,1612515.148,468952.227,184.4,1993.5747,100,0.0,25,100,0,0,100,3900.0,2400,500,4.5,25.0,0.2,5,318.5608964,200,100,4.0,22.7,0.1,4,226.4415994,1200,500,2.6,26,0.2,32,-297.446094,1200,600,1.9,28.1,0.1
148.488544,1,AUTO,ARMED,5,AVAILABLE,UNAVAILABLE,UNAVAILABLE,109,4,ACTIVE,711,D_P3-A5.NC,D_P3-A5.NC,6,0.000668021,20,0.0005,1612515.148,468952.227,184.4,1993.5747,100,0.0,26,100,0,0,100,3900.0,2400,500,4.5,25.0,0.2,6,318.5608964,200,100,4.0,22.7,0.1,4,226.4418626,1200,500,2.6,26,0.2,32,-297.4461054,1200,600,1.9,28.1,0.1
148.633556,1,AUTO,ARMED,5,AVAILABLE,UNAVAILABLE,UNAVAILABLE,112,4,ACTIVE,711,D_P3-A5.NC,D_P3-A5.NC,6,0.000668021,20,0.0005,1612515.148,468952.227,184.4,1993.5747,100,0.0,26,100,0,1,100,3900.0,2400,500,4.5,25.0,0.2,5,318.5608964,200,100,4.0,22.7,0.1,1,227.0763082,1200,500,2.6,26,0.2,32,-297.446094,1200,600,1.9,28.1,0.1
148.777769,1,AUTO,ARMED,5,AVAILABLE,UNAVAILABLE,UNAVAILABLE,113,4,ACTIVE,711,D_P3-A5.NC,D_P3-A5.NC,6,0.000668021,20,0.0005,1612515.148,468952.227,184.4,1993.5747,100,0.0,26,100,0,1,100,3900.0,2400,500,4.5,25.0,0.2,5,318.5608964,200,100,4.0,22.7,0.1,1,227.0764455,1200,500,2.6,26,0.2,32,-297.446094,1200,600,1.9,28.1,0.1
148.918921,1,AUTO,ARMED,5,AVAILABLE,UNAVAILABLE,UNAVAILABLE,113,4,ACTIVE,711,D_P3-A5.NC,D_P3-A5.NC,6,0.000668021,20,0.0005,1612515.148,468952.227,184.4,1993.5747,100,0.0,26,100,0,0,100,3900.0,2400,500,4.5,25.0,0.2,5,318.5608964,200,100,4.0,22.7,0.1,0,227.0765713,1200,500,2.6,26,0.2,32,-297.4461054,1200,600,1.9,28.1,0.1
149.063293,1,AUTO,ARMED,5,AVAILABLE,UNAVAILABLE,UNAVAILABLE,113,4,ACTIVE,711,D_P3-A5.NC,D_P3-A5.NC,6,0.000668021,20,0.0005,1612515.148,468952.227,184.4,1993.5747,100,0.0,26,100,0,0,100,3900.0,2400,500,4.5,25.0,0.2,5,318.5608964,200,100,4.0,22.7,0.1,1,227.0766057,1200,500,2.6,26,0.2,32,-297.446094,1200,600,1.9,28.1,0.1
149.208842,1,AUTO,ARMED,5,AVAILABLE,UNAVAILABLE,UNAVAILABLE,113,4,ACTIVE,711,D_P3-A5.NC,D_P3-A5.NC,6,0.000668021,20,0.0005,1612515.148,468952.227,184.4,2594.645,100,0.0,26,100,0,0,100,3900.0,4100,1100,3.8,25.0,0.2,5,318.5608964,1000,400,2.7,22.7,0.2,1,227.0766057,2200,700,3.4,26,0.3,32,-297.446094,1700,700,2.4,28.1,0.1
149.352809,1,AUTO,ARMED,5,AVAILABLE,UNAVAILABLE,UNAVAILABLE,113,4,ACTIVE,711,D_P3-A5.NC,D_P3-A5.NC,6,0.000668021,20,0.0005,1612515.148,468952.227,184.4,2594.645,100,0.0,27,100,0,0,100,3900.0,4100,1100,3.8,25.0,0.2,5,318.5608964,1000,400,2.7,22.7,0.2,1,227.0765828,2200,700,3.4,26,0.3,32,-297.4461054,1700,700,2.4,28.1,0.1
149.513922,1,AUTO,ARMED,5,AVAILABLE,UNAVAILABLE,UNAVAILABLE,113,4,ACTIVE,711,D_P3-A5.NC,D_P3-A5.NC,6,0.000668021,20,0.0005,1612515.148,468952.227,184.4,2594.645,100,0.0,27,100,0,1,100,3900.0,4100,1100,3.8,25.0,0.2,5,318.5608964,1000,400,2.7,22.7,0.2,0,227.0765828,2200,700,3.4,26,0.3,32,-297.4461054,1700,700,2.4,28.1,0.1
149.658449,1,AUTO,ARMED,5,AVAILABLE,UNAVAILABLE,UNAVAILABLE,113,4,ACTIVE,711,D_P3-A5.NC,D_P3-A5.NC,6,0.000668021,20,0.0005,1612515.148,468952.227,184.4,2594.645,100,0.0,27,100,0,1,100,3900.0,4100,1100,3.8,25.0,0.2,5,318.879998,1000,400,2.7,22.7,0.2,0,227.0766057,2200,700,3.4,26,0.3,32,-297.4461054,1700,700,2.4,28.1,0.1
149.805216,1,AUTO,ARMED,5,AVAILABLE,UNAVAILABLE,UNAVAILABLE,114,4,ACTIVE,711,D_P3-A5.NC,D_P3-A5.NC,6,0.000668021,20,0.0005,1612515.148,468952.227,184.4,2594.645,100,0.0,27,100,0,0,100,3900.0,4100,1100,3.8,25.0,0.2,7,321.057546,1000,400,2.7,22.7,0.2,1,227.0766057,2200,700,3.4,26,0.3,32,-297.4461054,1700,700,2.4,28.1,0.1
149.949185,1,AUTO,ARMED,5,AVAILABLE,UNAVAILABLE,UNAVAILABLE,114,4,ACTIVE,711,D_P3-A5.NC,D_P3-A5.NC,6,0.000668021,20,0.0005,1612515.148,468952.227,184.4,2594.645,100,21.16667,27,100,0,1,100,3900.0,4100,1100,3.8,25.0,0.2,9,325.4281262,1000,400,2.7,22.7,0.2,1,227.0765942,2200,700,3.4,26,0.3,32,-297.446094,1700,700,2.4,28.1,0.1
150.094916,1,AUTO,ARMED,5,AVAILABLE,UNAVAILABLE,UNAVAILABLE,114,4,ACTIVE,711,D_P3-A5.NC,D_P3-A5.NC,6,0.000668021,20,0.0005,1612515.148,468952.227,184.4,2594.645,100,21.16667,27,100,0,1,100,3900.0,4100,1100,3.8,25.0,0.2,9,327.6083866,1000,400,2.7,22.7,0.2,1,227.0766171,2200,700,3.4,26,0.3,32,-297.4461054,1700,700,2.4,28.1,0.1
150.233801,1,AUTO,ARMED,5,AVAILABLE,UNAVAILABLE,UNAVAILABLE,114,4,ACTIVE,711,D_P3-A5.NC,D_P3-A5.NC,6,0.001168144,20,0.0005,1612515.148,468952.227,184.4,2594.645,100,21.16667,27,100,0,0,100,3900.0,4100,1100,3.8,25.0,0.2,10,331.9740042,1000,400,2.7,22.7,0.2,1,227.0765713,2200,700,3.4,26,0.3,32,-297.4461169,1700,700,2.4,28.1,0.1
150.373812,1,AUTO,ARMED,5,AVAILABLE,UNAVAILABLE,UNAVAILABLE,114,4,ACTIVE,711,D_P3-A5.NC,D_P3-A5.NC,6,0.000167898,20,0.0005,1612515.148,468952.227,184.4,2592.4719,100,21.16667,28,100,0,4,100,3900.0,4100,1100,3.8,25.0,0.2,15,333.0695987,1000,400,2.7,22.7,0.2,1,227.0765599,2200,700,3.4,26,0.3,32,-297.4461054,1700,700,2.4,28.1,0.1
150.51767,1,AUTO,ARMED,5,AVAILABLE,UNAVAILABLE,UNAVAILABLE,114,4,ACTIVE,711,D_P3-A5.NC,D_P3-A5.NC,6,0.000167898,20,0.0005,1612515.148,468952.227,184.4,2592.4719,100,21.16667,28,100,0,4,100,3900.0,4100,1100,3.8,25.0,0.2,15,335.2443542,1000,400,2.7,22.7,0.2,1,227.0765713,2200,700,3.4,26,0.3,32,-297.446094,1700,700,2.4,28.1,0.1
150.658992,1,AUTO,ARMED,5,AVAILABLE,UNAVAILABLE,UNAVAILABLE,114,4,ACTIVE,711,D_P3-A5.NC,D_P3-A5.NC,6,0.000668021,20,0.0005,1612515.148,468952.227,184.4,2592.4719,100,21.16667,28,100,0,1,100,3900.0,4100,1100,3.8,25.0,0.2,15,337.4293407,1000,400,2.7,22.7,0.2,1,227.0765828,2200,700,3.4,26,0.3,32,-297.4461054,1700,700,2.4,28.1,0.1
150.806778,1,AUTO,ARMED,5,AVAILABLE,UNAVAILABLE,UNAVAILABLE,114,4,ACTIVE,711,D_P3-A5.NC,D_P3-A5.NC,6,0.000167898,20,0.0005,1612515.148,468952.227,184.4,2592.4719,100,21.16667,28,100,0,1,100,3900.0,4400,1200,3.6,25.0,0.2,15,343.9752822,1100,400,2.9,22.7,0.2,1,227.0765713,2400,600,3.8,26,0.2,32,-297.4461054,1700,700,2.4,28.1,0.1
150.954047,1,AUTO,ARMED,5,AVAILABLE,UNAVAILABLE,UNAVAILABLE,114,4,ACTIVE,711,D_P3-A5.NC,D_P3-A5.NC,6,0.000167898,20,0.0005,1612515.148,468952.227,184.4,2592.4719,100,21.16667,28,100,0,0,100,3900.0,4400,1200,3.6,25.0,0.2,15,346.155794,1100,400,2.9,22.7,0.2,1,227.0765713,2400,600,3.8,26,0.2,32,-297.4461054,1700,700,2.4,28.1,0.1
151.110932,1,AUTO,ARMED,5,AVAILABLE,UNAVAILABLE,UNAVAILABLE,114,4,ACTIVE,711,D_P3-A5.NC,D_P3-A5.NC,6,0.000668021,20,0.0005,1612515.148,468952.227,184.4,2592.4719,100,21.16667,28,100,0,0,100,3900.0,4400,1200,3.6,25.0,0.2,14,348.3357565,1100,400,2.9,22.7,0.2,1,227.0765942,2400,600,3.8,26,0.2,32,-297.4460825,1700,700,2.4,28.1,0.1
151.262794,1,AUTO,ARMED,5,AVAILABLE,UNAVAILABLE,UNAVAILABLE,114,4,ACTIVE,711,D_P3-A5.NC,D_P3-A5.NC,6,0.001168144,20,0.0005,1612515.148,468952.227,184.4,2592.4719,100,21.16667,28,100,0,0,100,3900.0,4400,1200,3.6,25.0,0.2,14,352.7012091,1100,400,2.9,22.7,0.2,1,227.0766057,2400,600,3.8,26,0.2,32,-297.4461054,1700,700,2.4,28.1,0.1
151.406837,1,AUTO,ARMED,5,AVAILABLE,UNAVAILABLE,UNAVAILABLE,114,4,ACTIVE,711,D_P3-A5.NC,D_P3-A5.NC,6,0.000668021,20,0.0005,1612515.148,468952.227,184.4,2502.7061,100,21.16667,29,100,0,0,100,3900.0,4400,1200,3.6,25.0,0.2,14,354.881698,1100,400,2.9,22.7,0.2,1,227.0766171,2400,600,3.8,26,0.2,32,-297.4461054,1700,700,2.4,28.1,0.1
151.551204,1,AUTO,ARMED,5,AVAILABLE,UNAVAILABLE,UNAVAILABLE,114,4,ACTIVE,711,D_P3-A5.NC,D_P3-A5.NC,6,0.000167898,20,0.0005,1612515.148,468952.227,184.4,2502.7061,100,21.16667,29,100,0,0,100,3900.0,4400,1200,3.6,25.0,0.2,15,357.062023,1100,400,2.9,22.7,0.2,2,227.0765828,2400,600,3.8,26,0.2,32,-297.446094,1700,700,2.4,28.1,0.1
151.700832,1,AUTO,ARMED,5,AVAILABLE,UNAVAILABLE,UNAVAILABLE,114,4,ACTIVE,711,D_P3-A5.NC,D_P3-A5.NC,6,0.001668267,20,0.0005,1612515.148,468952.227,184.4,2502.7061,100,21.16667,29,100,0,2,100,3900.0,4400,1200,3.6,25.0,0.2,15,363.6127311,1100,400,2.9,22.7,0.2,1,227.0766171,2400,600,3.8,26,0.2,32,-297.4460825,1700,700,2.4,28.1,0.1
151.844696,1,AUTO,ARMED,5,AVAILABLE,UNAVAILABLE,UNAVAILABLE,114,4,ACTIVE,711,D_P3-A5.NC,D_P3-A5.NC,6,0.001168144,20,0.0005,1612515.148,468952.227,184.4,2502.7061,100,21.16667,29,100,0,3,100,3900.0,4400,1200,3.6,25.0,0.2,16,365.7979293,1100,400,2.9,22.7,0.2,2,227.0766171,2400,600,3.8,26,0.2,32,-297.4461054,1700,700,2.4,28.1,0.1
151.98917,1,AUTO,ARMED,5,AVAILABLE,UNAVAILABLE,UNAVAILABLE,114,4,ACTIVE,711,D_P3-A5.NC,D_P3-A5.NC,6,0.000167898,20,0.0005,1612515.148,468952.227,184.4,2502.7061,100,21.16667,29,100,0,3,100,3900.0,4400,1200,3.6,25.0,0.2,16,367.9784813,1100,400,2.9,22.7,0.2,2,227.0765713,2400,600,3.8,26,0.2,32,-297.4461054,1700,700,2.4,28.1,0.1
152.131468,1,AUTO,ARMED,5,AVAILABLE,UNAVAILABLE,UNAVAILABLE,114,4,ACTIVE,711,D_P3-A5.NC,D_P3-A5.NC,6,0.000167898,20,0.0005,1612515.148,468952.227,184.4,2502.7061,100,21.16667,29,100,0,2,100,3900.0,2600,500,4.9,25.0,0.1,14,370.1588387,300,100,5.4,22.7,0.1,1,227.0765942,1200,400,2.6,26,0.2,32,-297.446094,1300,600,2.1,28.1,0.2
152.286647,1,AUTO,ARMED,5,AVAILABLE,UNAVAILABLE,UNAVAILABLE,114,4,ACTIVE,711,D_P3-A5.NC,D_P3-A5.NC,6,0.000167898,20,0.0005,1612515.148,468952.227,184.4,2502.7061,100,21.16667,29,100,0,3,100,3900.0,2600,500,4.9,25.0,0.1,14,373.4341355,300,100,5.4,22.7,0.1,1,227.0766057,1200,400,2.6,26,0.2,32,-297.4461054,1300,600,2.1,28.1,0.2
152.434976,1,AUTO,ARMED,5,AVAILABLE,UNAVAILABLE,UNAVAILABLE,114,4,ACTIVE,711,D_P3-A5.NC,D_P3-A5.NC,6,0.000668021,20,0.0005,1612515.148,468952.227,184.4,2003.4243,100,21.16667,30,100,0,3,100,3900.0,2600,500,4.9,25.0,0.1,14,375.614161,300,100,5.4,22.7,0.1,1,227.0765942,1200,400,2.6,26,0.2,32,-297.4461169,1300,600,2.1,28.1,0.2
152.592433,1,AUTO,ARMED,5,AVAILABLE,UNAVAILABLE,UNAVAILABLE,114,4,ACTIVE,711,D_P3-A5.NC,D_P3-A5.NC,6,0.001168144,20,0.0005,1612515.148,468952.227,184.4,2003.4243,100,21.16667,30,100,0,1,100,3900.0,2600,500,4.9,25.0,0.1,15,382.1603699,300,100,5.4,22.7,0.1,2,227.0766286,1200,400,2.6,26,0.2,32,-297.446094,1300,600,2.1,28.1,0.2
152.734935,1,AUTO,ARMED,5,AVAILABLE,UNAVAILABLE,UNAVAILABLE,114,4,ACTIVE,711,D_P3-A5.NC,D_P3-A5.NC,6,0.000668021,20,0.0005,1612515.148,468952.227,184.4,2003.4243,100,21.16667,30,100,0,1,100,3900.0,2600,500,4.9,25.0,0.1,15,384.3401102,300,100,5.4,22.7,0.1,2,227.0765942,1200,400,2.6,26,0.2,32,-297.4461054,1300,600,2.1,28.1,0.2
152.880343,1,AUTO,ARMED,5,AVAILABLE,UNAVAILABLE,UNAVAILABLE,114,4,ACTIVE,711,D_P3-A5.NC,D_P3-A5.NC,6,0.000668021,20,0.0005,1612515.148,468952.227,184.4,2003.4243,100,21.16667,30,100,0,0,100,3900.0,2600,500,4.9,25.0,0.1,10,386.5315128,300,100,5.4,22.7,0.1,1,227.07664,1200,400,2.6,26,0.2,32,-297.4460825,1300,600,2.1,28.1,0.2
153.03889,1,AUTO,ARMED,5,AVAILABLE,UNAVAILABLE,UNAVAILABLE,114,4,ACTIVE,711,D_P3-A5.NC,D_P3-A5.NC,6,0.000668021,20,0.0005,1612515.148,468952.227,184.4,2003.4243,100,21.16667,30,100,0,0,100,3900.0,2600,500,4.9,25.0,0.1,10,388.7111729,300,100,5.4,22.7,0.1,1,227.0766629,1200,400,2.6,26,0.2,32,-297.4460825,1300,600,2.1,28.1,0.2
153.179761,1,AUTO,ARMED,5,AVAILABLE,UNAVAILABLE,UNAVAILABLE,114,4,ACTIVE,711,D_P3-A5.NC,D_P3-A5.NC,6,0.000668021,20,0.0005,1612515.148,468952.227,184.4,2003.4243,100,21.16667,30,100,0,0,100,3900.0,2600,500,4.9,25.0,0.1,10,393.0770054,300,100,5.4,22.7,0.1,1,227.0766171,1200,400,2.6,26,0.2,32,-297.4461054,1300,600,2.1,28.1,0.2
153.319732,1,AUTO,ARMED,5,AVAILABLE,UNAVAILABLE,UNAVAILABLE,114,4,ACTIVE,711,D_P3-A5.NC,D_P3-A5.NC,6,0.000668021,20,0.0005,1612515.148,468952.227,184.4,2003.4243,100,21.16667,30,100,0,0,100,3900.0,2600,500,4.9,25.0,0.1,10,395.2570661,300,100,5.4,22.7,0.1,1,227.0766057,1200,400,2.6,26,0.2,32,-297.446094,1300,600,2.1,28.1,0.2
153.478688,1,AUTO,ARMED,5,AVAILABLE,UNAVAILABLE,UNAVAILABLE,115,4,ACTIVE,711,D_P3-A5.NC,D_P3-A5.NC,6,0.000668021,20,0.0005,1612515.148,468952.227,184.4,2003.4243,100,14.11667,31,100,0,1,100,3900.0,2600,500,4.9,25.0,0.1,10,399.6007526,300,100,5.4,22.7,0.1,0,227.0766057,1200,400,2.6,26,0.2,32,-297.446094,1300,600,2.1,28.1,0.2
153.638535,1,AUTO,ARMED,5,AVAILABLE,UNAVAILABLE,UNAVAILABLE,115,4,ACTIVE,711,D_P3-A5.NC,D_P3-A5.NC,6,0.000668021,20,0.0005,1612515.148,468952.227,184.4,2025.134,100,14.11667,31,100,0,1,100,3900.0,2600,500,4.9,25.0,0.1,0,399.8409469,300,100,5.4,22.7,0.1,0,227.0765942,1200,400,2.6,26,0.2,32,-297.4461054,1300,600,2.1,28.1,0.2
153.79655,1,AUTO,ARMED,5,AVAILABLE,UNAVAILABLE,UNAVAILABLE,115,4,ACTIVE,711,D_P3-A5.NC,D_P3-A5.NC,6,0.000668021,20,0.0005,1612515.148,468952.227,184.4,2025.134,100,0.0,31,100,0,1,100,3900.0,2600,500,4.9,25.0,0.1,7,399.8409469,300,100,5.4,22.7,0.1,0,227.0765942,1200,400,2.6,26,0.2,32,-297.446094,1300,600,2.1,28.1,0.2
153.943567,1,AUTO,ARMED,5,AVAILABLE,UNAVAILABLE,UNAVAILABLE,115,4,ACTIVE,711,D_P3-A5.NC,D_P3-A5.NC,6,0.000668021,20,0.0005,1612515.148,468952.227,184.4,2025.134,100,0.0,31,100,0,1,100,3900.0,3200,500,6.0,25.0,0.2,7,399.8409355,1500,500,3.0,22.7,0.2,0,227.0766057,2800,700,3.8,26,0.3,32,-297.446094,1700,700,2.6,28.1,0.2
154.086716,1,AUTO,ARMED,5,AVAILABLE,UNAVAILABLE,UNAVAILABLE,115,4,ACTIVE,711,D_P3-A5.NC,D_P3-A5.NC,6,0.000668021,20,0.0005,1612515.148,468952.227,184.4,2025.134,100,0.0,31,100,0,0,100,3900.0,3200,500,6.0,25.0,0.2,6,399.8409011,1500,500,3.0,22.7,0.2,0,227.0766057,2800,700,3.8,26,0.3,32,-297.446094,1700,700,2.6,28.1,0.2
154.223919,1,AUTO,ARMED,5,AVAILABLE,UNAVAILABLE,UNAVAILABLE,115,4,ACTIVE,711,D_P3-A5.NC,D_P3-A5.NC,6,0.000668021,20,0.0005,1612515.148,468952.227,184.4,2025.134,100,0.0,31,100,0,0,100,3900.0,3200,500,6.0,25.0,0.2,6,399.8408897,1500,500,3.0,22.7,0.2,0,227.0765942,2800,700,3.8,26,0.3,32,-297.4461054,1700,700,2.6,28.1,0.2
154.368006,1,AUTO,ARMED,5,AVAILABLE,UNAVAILABLE,UNAVAILABLE,115,4,ACTIVE,711,D_P3-A5.NC,D_P3-A5.NC,6,0.000668021,20,0.0005,1612515.148,468952.227,184.4,2025.134,100,0.0,32,100,0,1,100,3900.0,3200,500,6.0,25.0,0.2,6,399.8409126,1500,500,3.0,22.7,0.2,1,227.0765942,2800,700,3.8,26,0.3,32,-297.4461054,1700,700,2.6,28.1,0.2
154.513929,1,AUTO,ARMED,5,AVAILABLE,UNAVAILABLE,UNAVAILABLE,117,4,ACTIVE,711,D_P3-A5.NC,D_P3-A5.NC,6,0.000668021,20,0.0005,1612515.148,468952.227,184.4,2025.134,100,0.0,32,100,0,0,100,3900.0,3200,500,6.0,25.0,0.2,6,399.8408897,1500,500,3.0,22.7,0.2,17,227.1018384,2800,700,3.8,26,0.3,32,-297.446094,1700,700,2.6,28.1,0.2
154.66125,1,AUTO,ARMED,5,AVAILABLE,UNAVAILABLE,UNAVAILABLE,117,4,ACTIVE,711,D_P3-A5.NC,D_P3-A5.NC,6,0.000668021,20,0.0005,1612515.148,468952.227,184.4,2568.9866,100,21.16667,32,100,0,0,100,3900.0,3200,500,6.0,25.0,0.2,6,399.0041871,1500,500,3.0,22.7,0.2,17,227.7104333,2800,700,3.8,26,0.3,32,-297.446094,1700,700,2.6,28.1,0.2
154.821041,1,AUTO,ARMED,5,AVAILABLE,UNAVAILABLE,UNAVAILABLE,117,4,ACTIVE,711,D_P3-A5.NC,D_P3-A5.NC,6,0.000668021,20,0.0005,1612515.148,468952.227,184.4,2568.9866,100,21.16667,32,100,0,1,100,3900.0,3200,500,6.0,25.0,0.2,9,396.8273822,1500,500,3.0,22.7,0.2,5,227.7114975,2800,700,3.8,26,0.3,32,-297.446094,1700,700,2.6,28.1,0.2
154.961164,1,AUTO,ARMED,5,AVAILABLE,UNAVAILABLE,UNAVAILABLE,117,4,ACTIVE,711,D_P3-A5.NC,D_P3-A5.NC,6,0.000668021,20,0.0005,1612515.148,468952.227,184.4,2568.9866,100,21.16667,32,100,0,1,100,3900.0,3200,500,6.0,25.0,0.2,9,394.6419249,1500,500,3.0,22.7,0.2,5,227.7116921,2800,700,3.8,26,0.3,32,-297.446094,1700,700,2.6,28.1,0.2
155.109197,1,AUTO,ARMED,5,AVAILABLE,UNAVAILABLE,UNAVAILABLE,117,4,ACTIVE,711,D_P3-A5.NC,D_P3-A5.NC,6,0.002168391,20,0.0005,1612515.148,468952.227,184.4,2568.9866,100,21.16667,32,100,0,1,100,3900.0,3200,500,6.0,25.0,0.2,9,388.1010837,1500,500,3.0,22.7,0.2,4,227.7114518,2800,700,3.8,26,0.3,32,-297.446094,1700,700,2.6,28.1,0.2
155.252944,1,AUTO,ARMED,5,AVAILABLE,UNAVAILABLE,UNAVAILABLE,117,4,ACTIVE,711,D_P3-A5.NC,D_P3-A5.NC,6,0.002168391,20,0.0005,1612515.148,468952.227,184.4,2568.9866,100,21.16667,32,100,0,2,100,3900.0,3200,500,6.0,25.0,0.2,4,385.9106823,1500,500,3.0,22.7,0.2,5,227.7115433,2800,700,3.8,26,0.3,32,-297.4460825,1700,700,2.6,28.1,0.2
155.409652,1,AUTO,ARMED,5,AVAILABLE,UNAVAILABLE,UNAVAILABLE,117,4,ACTIVE,711,D_P3-A5.NC,D_P3-A5.NC,6,0.000668021,20,0.0005,1612515.148,468952.227,184.4,2568.9866,100,21.16667,33,100,0,2,100,3900.0,3200,500,6.0,25.0,0.2,4,383.7304438,1500,500,3.0,22.7,0.2,5,227.7115548,2800,700,3.8,26,0.3,32,-297.4461169,1700,700,2.6,28.1,0.2
155.55415,1,AUTO,ARMED,5,AVAILABLE,UNAVAILABLE,UNAVAILABLE,117,4,ACTIVE,711,D_P3-A5.NC,D_P3-A5.NC,6,-0.000832349,20,0.0005,1612515.148,468952.227,184.4,2568.9866,100,21.16667,33,100,0,0,100,3900.0,4900,1300,3.7,25.0,0.3,6,381.5504458,1700,700,2.4,22.7,0.3,6,227.711509,3000,1200,2.4,26,0.5,32,-297.4461054,1700,700,2.6,28.1,0.1
155.699542,1,AUTO,ARMED,5,AVAILABLE,UNAVAILABLE,UNAVAILABLE,117,4,ACTIVE,711,D_P3-A5.NC,D_P3-A5.NC,6,-0.000332225,20,0.0005,1612515.148,468952.227,184.4,2545.6831,100,21.16667,33,100,0,0,100,3900.0,4900,1300,3.7,25.0,0.3,5,375.0098031,1700,700,2.4,22.7,0.3,4,227.7116349,3000,1200,2.4,26,0.5,32,-297.446094,1700,700,2.6,28.1,0.1
155.845644,1,AUTO,ARMED,5,AVAILABLE,UNAVAILABLE,UNAVAILABLE,117,4,ACTIVE,711,D_P3-A5.NC,D_P3-A5.NC,6,0.001668267,20,0.0005,1612515.148,468952.227,184.4,2545.6831,100,21.16667,33,100,0,0,100,3900.0,4900,1300,3.7,25.0,0.3,4,372.8191286,1700,700,2.4,22.7,0.3,6,227.7116349,3000,1200,2.4,26,0.5,32,-297.4460825,1700,700,2.6,28.1,0.1
156.001873,1,AUTO,ARMED,5,AVAILABLE,UNAVAILABLE,UNAVAILABLE,117,4,ACTIVE,711,D_P3-A5.NC,D_P3-A5.NC,6,0.001668267,20,0.0005,1612515.148,468952.227,184.4,2545.6831,100,21.16667,33,100,0,0,100,3900.0,4900,1300,3.7,25.0,0.3,4,371.7342913,1700,700,2.4,22.7,0.3,6,227.711612,3000,1200,2.4,26,0.5,32,-297.4461054,1700,700,2.6,28.1,0.1
156.145147,1,AUTO,ARMED,5,AVAILABLE,UNAVAILABLE,UNAVAILABLE,117,4,ACTIVE,711,D_P3-A5.NC,D_P3-A5.NC,6,0.000668021,20,0.0005,1612515.148,468952.227,184.4,2545.6831,100,21.16667,33,100,0,0,100,3900.0,4900,1300,3.7,25.0,0.3,5,367.3739766,1700,700,2.4,22.7,0.3,5,227.711612,3000,1200,2.4,26,0.5,32,-297.4460825,1700,700,2.6,28.1,0.1
156.284543,1,AUTO,ARMED,5,AVAILABLE,UNAVAILABLE,UNAVAILABLE,117,4,ACTIVE,711,D_P3-A5.NC,D_P3-A5.NC,6,0.000167898,20,0.0005,1612515.148,468952.227,184.4,2545.6831,100,21.16667,33,100,0,0,100,3900.0,4900,1300,3.7,25.0,0.3,6,365.1830388,1700,700,2.4,22.7,0.3,6,227.7115548,3000,1200,2.4,26,0.5,32,-297.4461054,1700,700,2.6,28.1,0.1
156.430508,1,AUTO,ARMED,5,AVAILABLE,UNAVAILABLE,UNAVAILABLE,117,4,ACTIVE,711,D_P3-A5.NC,D_P3-A5.NC,6,0.001168144,20,0.0005,1612515.148,468952.227,184.4,2545.6831,100,21.16667,34,100,0,4,100,3900.0,4900,1300,3.7,25.0,0.3,6,360.8228957,1700,700,2.4,22.7,0.3,5,227.7115891,3000,1200,2.4,26,0.5,32,-297.446094,1700,700,2.6,28.1,0.1
156.575647,1,AUTO,ARMED,5,AVAILABLE,UNAVAILABLE,UNAVAILABLE,117,4,ACTIVE,711,D_P3-A5.NC,D_P3-A5.NC,6,0.002168391,20,0.001,1612515.148,468952.227,184.4,2545.6831,100,21.16667,34,100,0,4,100,3900.0,4900,1300,3.7,25.0,0.3,6,358.6374397,1700,700,2.4,22.7,0.3,5,227.7116921,3000,1200,2.4,26,0.5,32,-297.4461169,1700,700,2.6,28.1,0.1
156.72335,1,AUTO,ARMED,5,AVAILABLE,UNAVAILABLE,UNAVAILABLE,117,4,ACTIVE,711,D_P3-A5.NC,D_P3-A5.NC,6,0.002168391,20,0.0005,1612515.148,468952.227,184.4,2545.6831,100,21.16667,34,100,0,2,100,3900.0,4900,1300,3.7,25.0,0.3,6,356.4572938,1700,700,2.4,22.7,0.3,5,227.7116349,3000,1200,2.4,26,0.5,32,-297.446094,1700,700,2.6,28.1,0.1
156.866944,1,AUTO,ARMED,5,AVAILABLE,UNAVAILABLE,UNAVAILABLE,117,4,ACTIVE,711,D_P3-A5.NC,D_P3-A5.NC,6,0.000167898,20,0.0005,1612515.148,468952.227,184.4,2018.0361,100,21.16667,34,100,0,2,100,3900.0,4900,1300,3.7,25.0,0.3,6,354.2770252,1700,700,2.4,22.7,0.3,5,227.711612,3000,1200,2.4,26,0.5,32,-297.446094,1700,700,2.6,28.1,0.1
157.013011,1,AUTO,ARMED,5,AVAILABLE,UNAVAILABLE,UNAVAILABLE,117,4,ACTIVE,711,D_P3-A5.NC,D_P3-A5.NC,6,0.000167898,20,0.0005,1612515.148,468952.227,184.4,2018.0361,100,21.16667,34,100,0,4,100,3900.0,4500,700,6.1,25.0,0.2,5,349.9114533,300,100,3.8,22.7,0.0,4,227.7115662,1100,400,2.5,26,0.2,32,-297.4461054,1300,600,2.1,28.0,0.1
157.164202,1,AUTO,ARMED,5,AVAILABLE,UNAVAILABLE,UNAVAILABLE,117,4,ACTIVE,711,D_P3-A5.NC,D_P3-A5.NC,6,0.002668514,20,0.001,1612515.148,468952.227,184.4,2018.0361,100,21.16667,34,100,0,1,100,3900.0,4500,700,6.1,25.0,0.2,5,345.5512485,300,100,3.8,22.7,0.0,5,227.7116234,1100,400,2.5,26,0.2,32,-297.4460597,1300,600,2.1,28.0,0.1
157.314127,1,AUTO,ARMED,5,AVAILABLE,UNAVAILABLE,UNAVAILABLE,117,4,ACTIVE,711,D_P3-A5.NC,D_P3-A5.NC,6,0.001168144,20,0.0005,1612515.148,468952.227,184.4,2018.0361,100,21.16667,34,100,0,1,100,3900.0,4500,700,6.1,25.0,0.2,5,343.3654756,300,100,3.8,22.7,0.0,5,227.711612,1100,400,2.5,26,0.2,32,-297.4461169,1300,600,2.1,28.0,0.1
157.457216,1,AUTO,ARMED,5,AVAILABLE,UNAVAILABLE,UNAVAILABLE,117,4,ACTIVE,711,D_P3-A5.NC,D_P3-A5.NC,6,-0.000332225,20,0.0005,1612515.148,468952.227,184.4,2007.2822,100,21.16667,35,100,0,1,100,3900.0,2400,700,3.6,25.0,0.2,5,339.0053395,900,300,3.3,22.7,0.1,5,227.7115662,2400,700,3.4,26,0.2,32,-297.446094,1300,600,2.0,28.0,0.1
157.599729,1,AUTO,ARMED,5,AVAILABLE,UNAVAILABLE,UNAVAILABLE,117,4,ACTIVE,711,D_P3-A5.NC,D_P3-A5.NC,6,0.001168144,20,0.0005,1612515.148,468952.227,184.4,2007.2822,100,21.16667,35,100,0,0,100,3900.0,2400,700,3.6,25.0,0.2,6,336.8198756,900,300,3.3,22.7,0.1,5,227.7116692,2400,700,3.4,26,0.2,32,-297.4461283,1300,600,2.0,28.0,0.1
157.760686,1,AUTO,ARMED,5,AVAILABLE,UNAVAILABLE,UNAVAILABLE,117,4,ACTIVE,711,D_P3-A5.NC,D_P3-A5.NC,6,0.000668021,20,0.0005,1612515.148,468952.227,184.4,2007.2822,100,21.16667,35,100,0,3,100,3900.0,2400,700,3.6,25.0,0.2,4,332.4600027,900,300,3.3,22.7,0.1,6,227.7117264,2400,700,3.4,26,0.2,32,-297.4460825,1300,600,2.0,28.0,0.1
157.899644,1,AUTO,ARMED,5,AVAILABLE,UNAVAILABLE,UNAVAILABLE,117,4,ACTIVE,711,D_P3-A5.NC,D_P3-A5.NC,6,0.000668021,20,0.0005,1612515.148,468952.227,184.4,2007.2822,100,21.16667,35,100,0,3,100,3900.0,2400,700,3.6,25.0,0.2,4,331.3697026,900,300,3.3,22.7,0.1,6,227.7117607,2400,700,3.4,26,0.2,32,-297.4460825,1300,600,2.0,28.0,0.1
158.039846,1,AUTO,ARMED,5,AVAILABLE,UNAVAILABLE,UNAVAILABLE,117,4,ACTIVE,711,D_P3-A5.NC,D_P3-A5.NC,6,0.000668021,20,0.0005,1612515.148,468952.227,184.4,2510.0706,100,21.16667,35,100,0,1,100,3900.0,2400,700,3.6,25.0,0.2,10,329.1838472,900,300,3.3,22.7,0.1,4,227.711715,2400,700,3.4,26,0.2,32,-297.4460825,1300,600,2.0,28.0,0.1
158.183229,1,AUTO,ARMED,5,AVAILABLE,UNAVAILABLE,UNAVAILABLE,117,4,ACTIVE,711,D_P3-A5.NC,D_P3-A5.NC,6,0.000668021,20,0.0005,1612515.148,468952.227,184.4,2510.0706,100,21.16667,35,100,0,1,100,3900.0,2400,700,3.6,25.0,0.2,10,326.9983831,900,300,3.3,22.7,0.1,4,227.7116463,2400,700,3.4,26,0.2,32,-297.446094,1300,600,2.0,28.0,0.1
158.342817,1,AUTO,ARMED,5,AVAILABLE,UNAVAILABLE,UNAVAILABLE,117,4,ACTIVE,711,D_P3-A5.NC,D_P3-A5.NC,6,0.000668021,20,0.0005,1612515.148,468952.227,184.4,2510.0706,100,21.16667,36,100,0,0,100,3900.0,2400,700,3.6,25.0,0.2,9,320.4526458,900,300,3.3,22.7,0.1,3,227.7116005,2400,700,3.4,26,0.2,32,-297.446094,1300,600,2.0,28.0,0.1
158.487854,1,AUTO,ARMED,5,AVAILABLE,UNAVAILABLE,UNAVAILABLE,117,4,ACTIVE,711,D_P3-A5.NC,D_P3-A5.NC,6,0.000668021,20,0.0005,1612515.148,468952.227,184.4,2510.0706,100,19.4,36,100,0,0,100,3900.0,2400,700,3.6,25.0,0.2,9,318.5983203,900,300,3.3,22.7,0.1,3,227.7116005,2400,700,3.4,26,0.2,32,-297.446094,1300,600,2.0,28.0,0.1
158.63192,1,AUTO,ARMED,5,AVAILABLE,UNAVAILABLE,UNAVAILABLE,118,4,ACTIVE,711,D_P3-A5.NC,D_P3-A5.NC,6,0.000668021,20,0.0005,1612515.148,468952.227,184.4,2510.0706,100,0.0,36,100,0,1,100,3900.0,2400,700,3.6,25.0,0.2,7,318.5610222,900,300,3.3,22.7,0.1,3,227.7116005,2400,700,3.4,26,0.2,32,-297.446094,1300,600,2.0,28.0,0.1
158.786574,1,AUTO,ARMED,5,AVAILABLE,UNAVAILABLE,UNAVAILABLE,118,4,ACTIVE,711,D_P3-A5.NC,D_P3-A5.NC,6,0.000668021,20,0.0005,1612515.148,468952.227,184.4,2510.0706,100,0.0,36,100,0,1,100,3900.0,3700,1100,3.3,25.0,0.2,7,318.5608506,800,300,2.7,22.7,0.2,3,227.7116005,2300,800,2.7,26,0.2,32,-297.4461054,1500,700,2.3,28.0,0.2
158.92633,1,AUTO,ARMED,5,AVAILABLE,UNAVAILABLE,UNAVAILABLE,118,4,ACTIVE,711,D_P3-A5.NC,D_P3-A5.NC,6,0.000668021,20,0.0005,1612515.148,468952.227,184.4,2510.0706,100,0.0,36,100,0,0,100,3900.0,3700,1100,3.3,25.0,0.2,6,318.5608735,800,300,2.7,22.7,0.2,3,227.7116005,2300,800,2.7,26,0.2,32,-297.446094,1500,700,2.3,28.0,0.2
162.07584,1,AUTO,ARMED,5,AVAILABLE,UNAVAILABLE,UNAVAILABLE,123,4,ACTIVE,711,D_P3-A5.NC,D_P3-A5.NC,6,0.000668021,20,0.0005,1612515.148,468952.227,184.4,2510.0706,100,14.81667,39,100,0,0,100,4400.0,3700,1100,3.3,25.0,0.2,13,335.8220719,800,300,2.7,22.7,0.2,1,228.3465725,2300,800,2.7,26,0.2,32,-297.446094,1500,700,2.3,28.0,0.2
162.280792,1,AUTO,ARMED,5,AVAILABLE,UNAVAILABLE,UNAVAILABLE,123,4,ACTIVE,711,D_P3-A5.NC,D_P3-A5.NC,6,0.000668021,20,0.0005,1612515.148,468952.227,184.4,2501.3984,100,14.81667,39,100,0,0,100,4400.0,3700,1100,3.3,25.0,0.2,13,338.8781439,800,300,2.7,22.7,0.2,1,228.3465839,2300,800,2.7,26,0.2,32,-297.4461054,1500,700,2.3,28.0,0.2
162.424162,1,AUTO,ARMED,5,AVAILABLE,UNAVAILABLE,UNAVAILABLE,123,4,ACTIVE,711,D_P3-A5.NC,D_P3-A5.NC,6,0.000668021,20,0.0005,1612515.148,468952.227,184.4,2501.3984,100,14.81667,40,100,0,0,100,4400.0,3700,1100,3.3,25.0,0.2,13,340.4044118,800,300,2.7,22.7,0.2,1,228.3466068,2300,800,2.7,26,0.2,32,-297.446094,1500,700,2.3,28.0,0.2
162.592803,1,AUTO,ARMED,5,AVAILABLE,UNAVAILABLE,UNAVAILABLE,123,4,ACTIVE,711,D_P3-A5.NC,D_P3-A5.NC,6,0.000668021,20,0.0005,1612515.148,468952.227,184.4,2501.3984,100,14.81667,40,100,0,0,100,4400.0,3700,1100,3.3,25.0,0.2,13,343.4638597,800,300,2.7,22.7,0.2,1,228.3465954,2300,800,2.7,26,0.2,32,-297.446094,1500,700,2.3,28.0,0.2
162.74386,1,AUTO,ARMED,5,AVAILABLE,UNAVAILABLE,UNAVAILABLE,123,4,ACTIVE,711,D_P3-A5.NC,D_P3-A5.NC,6,0.000668021,20,0.0005,1612515.148,468952.227,184.4,2501.3984,100,14.81667,40,100,0,2,100,4400.0,3700,1100,3.3,25.0,0.2,13,344.9902192,800,300,2.7,22.7,0.2,1,228.3466183,2300,800,2.7,26,0.2,32,-297.446094,1500,700,2.3,28.0,0.2
162.88567,1,AUTO,ARMED,5,AVAILABLE,UNAVAILABLE,UNAVAILABLE,123,4,ACTIVE,711,D_P3-A5.NC,D_P3-A5.NC,6,0.000668021,20,0.0005,1612515.148,468952.227,184.4,2501.3984,100,14.81667,40,100,0,2,100,4400.0,3700,1100,3.3,25.0,0.2,13,346.512207,800,300,2.7,22.7,0.2,1,228.3465839,2300,800,2.7,26,0.2,32,-297.446094,1500,700,2.3,28.0,0.2
163.023429,1,AUTO,ARMED,5,AVAILABLE,UNAVAILABLE,UNAVAILABLE,123,4,ACTIVE,711,D_P3-A5.NC,D_P3-A5.NC,6,0.000668021,20,0.0005,1612515.148,468952.227,184.4,2501.3984,100,14.81667,40,100,0,1,100,4400.0,3700,1100,3.3,25.0,0.2,12,351.0983234,800,300,2.7,22.7,0.2,1,228.3466068,2300,800,2.7,26,0.2,32,-297.4460825,1500,700,2.3,28.0,0.2
163.161277,1,AUTO,ARMED,5,AVAILABLE,UNAVAILABLE,UNAVAILABLE,123,4,ACTIVE,711,D_P3-A5.NC,D_P3-A5.NC,6,0.000668021,20,0.0005,1612515.148,468952.227,184.4,2501.3984,100,14.81667,40,100,0,1,100,4400.0,3700,1100,3.3,25.0,0.2,12,352.6241335,800,300,2.7,22.7,0.2,1,228.3465954,2300,800,2.7,26,0.2,32,-297.446094,1500,700,2.3,28.0,0.2
163.301895,1,AUTO,ARMED,5,AVAILABLE,UNAVAILABLE,UNAVAILABLE,123,4,ACTIVE,711,D_P3-A5.NC,D_P3-A5.NC,6,0.000668021,20,0.0005,1612515.148,468952.227,184.4,2506.9153,100,14.81667,40,100,0,1,100,4400.0,3700,1100,3.3,25.0,0.2,12,354.1541207,800,300,2.7,22.7,0.2,1,228.3466068,2300,800,2.7,26,0.2,32,-297.446094,1500,700,2.3,28.0,0.2
163.440759,1,AUTO,ARMED,5,AVAILABLE,UNAVAILABLE,UNAVAILABLE,123,4,ACTIVE,711,D_P3-A5.NC,D_P3-A5.NC,6,0.000668021,20,0.0005,1612515.148,468952.227,184.4,2506.9153,100,14.81667,41,100,0,1,100,4400.0,3700,1100,3.3,25.0,0.2,12,355.680274,800,300,2.7,22.7,0.2,1,228.3466183,2300,800,2.7,26,0.2,32,-297.4461169,1500,700,2.3,28.0,0.2
163.581894,1,AUTO,ARMED,5,AVAILABLE,UNAVAILABLE,UNAVAILABLE,123,4,ACTIVE,711,D_P3-A5.NC,D_P3-A5.NC,6,0.000668021,20,0.0005,1612515.148,468952.227,184.4,2506.9153,100,14.81667,41,100,0,0,100,4400.0,3800,1100,3.3,25.0,0.2,14,357.9768681,900,300,3.0,22.7,0.2,1,228.3466068,2400,900,2.8,26,0.2,32,-297.446094,1500,700,2.3,28.0,0.1
163.725615,1,AUTO,ARMED,5,AVAILABLE,UNAVAILABLE,UNAVAILABLE,123,4,ACTIVE,711,D_P3-A5.NC,D_P3-A5.NC,6,0.000668021,20,0.0005,1612515.148,468952.227,184.4,2506.9153,100,14.81667,41,100,0,0,100,4400.0,3800,1100,3.3,25.0,0.2,13,359.4992068,900,300,3.0,22.7,0.2,1,228.3465954,2400,900,2.8,26,0.2,32,-297.4461054,1500,700,2.3,28.0,0.1
163.869027,1,AUTO,ARMED,5,AVAILABLE,UNAVAILABLE,UNAVAILABLE,123,4,ACTIVE,711,D_P3-A5.NC,D_P3-A5.NC,6,0.000668021,20,0.0005,1612515.148,468952.227,184.4,2506.9153,100,14.81667,41,100,0,0,100,4400.0,3800,1100,3.3,25.0,0.2,12,362.5513226,900,300,3.0,22.7,0.2,1,228.3466183,2400,900,2.8,26,0.2,32,-297.4461054,1500,700,2.3,28.0,0.1
164.010051,1,AUTO,ARMED,5,AVAILABLE,UNAVAILABLE,UNAVAILABLE,123,4,ACTIVE,711,D_P3-A5.NC,D_P3-A5.NC,6,0.000668021,20,0.0005,1612515.148,468952.227,184.4,2506.9153,100,14.81667,41,100,0,0,100,4400.0,3800,1100,3.3,25.0,0.2,12,364.085048,900,300,3.0,22.7,0.2,1,228.3465725,2400,900,2.8,26,0.2,32,-297.446094,1500,700,2.3,28.0,0.1
164.170944,1,AUTO,ARMED,5,AVAILABLE,UNAVAILABLE,UNAVAILABLE,123,4,ACTIVE,711,D_P3-A5.NC,D_P3-A5.NC,6,0.000668021,20,0.0005,1612515.148,468952.227,184.4,2506.9153,100,14.81667,41,100,0,0,100,4400.0,3800,1100,3.3,25.0,0.2,12,365.611106,900,300,3.0,22.7,0.2,1,228.3466068,2400,900,2.8,26,0.2,32,-297.4461054,1500,700,2.3,28.0,0.1
164.310405,1,AUTO,ARMED,5,AVAILABLE,UNAVAILABLE,UNAVAILABLE,123,4,ACTIVE,711,D_P3-A5.NC,D_P3-A5.NC,6,0.000668021,20,0.0005,1612515.148,468952.227,184.4,2187.1787,100,14.81667,42,100,0,1,100,4400.0,3800,1100,3.3,25.0,0.2,13,368.6670899,900,300,3.0,22.7,0.2,1,228.3465954,2400,900,2.8,26,0.2,32,-297.4461054,1500,700,2.3,28.0,0.1
164.455494,1,AUTO,ARMED,5,AVAILABLE,UNAVAILABLE,UNAVAILABLE,123,4,ACTIVE,711,D_P3-A5.NC,D_P3-A5.NC,6,0.000668021,20,0.0005,1612515.148,468952.227,184.4,2187.1787,100,14.81667,42,100,0,1,100,4400.0,3800,1100,3.3,25.0,0.2,13,371.7192286,900,300,3.0,22.7,0.2,1,228.3466068,2400,900,2.8,26,0.2,32,-297.446094,1500,700,2.3,28.0,0.1
164.599023,1,AUTO,ARMED,5,AVAILABLE,UNAVAILABLE,UNAVAILABLE,123,4,ACTIVE,711,D_P3-A5.NC,D_P3-A5.NC,6,0.000668021,20,0.0005,1612515.148,468952.227,184.4,2187.1787,100,14.81667,42,100,0,1,100,4400.0,3800,1100,3.3,25.0,0.2,13,374.7788975,900,300,3.0,22.7,0.2,1,228.3465839,2400,900,2.8,26,0.2,32,-297.446094,1500,700,2.3,28.0,0.1
164.817326,1,AUTO,ARMED,5,AVAILABLE,UNAVAILABLE,UNAVAILABLE,123,4,ACTIVE,711,D_P3-A5.NC,D_P3-A5.NC,6,0.000668021,20,0.0005,1612515.148,468952.227,184.4,2187.1787,100,14.81667,42,100,0,0,100,4400.0,3800,1100,3.3,25.0,0.2,13,376.3053445,900,300,3.0,22.7,0.2,1,228.3466068,2400,900,2.8,26,0.2,32,-297.446094,1500,700,2.3,28.0,0.1
164.963455,1,AUTO,ARMED,5,AVAILABLE,UNAVAILABLE,UNAVAILABLE,123,4,ACTIVE,711,D_P3-A5.NC,D_P3-A5.NC,6,0.000668021,20,0.0005,1612515.148,468952.227,184.4,2187.1787,100,14.81667,42,100,0,0,100,4400.0,3800,1100,3.3,25.0,0.2,13,377.8347441,900,300,3.0,22.7,0.2,1,228.3465725,2400,900,2.8,26,0.2,32,-297.4461054,1500,700,2.3,28.0,0.1
165.105441,1,AUTO,ARMED,5,AVAILABLE,UNAVAILABLE,UNAVAILABLE,123,4,ACTIVE,711,D_P3-A5.NC,D_P3-A5.NC,6,0.000668021,20,0.0005,1612515.148,468952.227,184.4,2187.1787,100,14.81667,42,100,0,0,100,4400.0,2300,700,3.4,25.0,0.1,12,380.8870316,300,100,5.3,22.7,0.1,1,228.3466068,1700,600,2.8,26,0.1,32,-297.446094,1200,600,1.9,28.0,0.1
165.262575,1,AUTO,ARMED,5,AVAILABLE,UNAVAILABLE,UNAVAILABLE,123,4,ACTIVE,711,D_P3-A5.NC,D_P3-A5.NC,6,0.000668021,20,0.0005,1612515.148,468952.227,184.4,2187.1787,100,14.81667,42,100,0,0,100,4400.0,2300,700,3.4,25.0,0.1,13,383.9428688,300,100,5.3,22.7,0.1,1,228.3466068,1700,600,2.8,26,0.1,32,-297.4461169,1200,600,1.9,28.0,0.1
165.413918,1,AUTO,ARMED,5,AVAILABLE,UNAVAILABLE,UNAVAILABLE,123,4,ACTIVE,711,D_P3-A5.NC,D_P3-A5.NC,6,0.000668021,20,0.0005,1612515.148,468952.227,184.4,2187.1787,100,14.81667,43,100,0,1,100,4400.0,2300,700,3.4,25.0,0.1,13,384.706107,300,100,5.3,22.7,0.1,1,228.3465725,1700,600,2.8,26,0.1,32,-297.4461054,1200,600,1.9,28.0,0.1
165.566889,1,AUTO,ARMED,5,AVAILABLE,UNAVAILABLE,UNAVAILABLE,123,4,ACTIVE,711,D_P3-A5.NC,D_P3-A5.NC,6,0.000668021,20,0.0005,1612515.148,468952.227,184.4,2011.4136,100,14.81667,43,100,0,0,100,4400.0,2300,700,3.4,25.0,0.1,7,387.7656975,300,100,5.3,22.7,0.1,1,228.3466412,1700,600,2.8,26,0.1,32,-297.446094,1200,600,1.9,28.0,0.1
165.711116,1,AUTO,ARMED,5,AVAILABLE,UNAVAILABLE,UNAVAILABLE,123,4,ACTIVE,711,D_P3-A5.NC,D_P3-A5.NC,6,0.000668021,20,0.0005,1612515.148,468952.227,184.4,2011.4136,100,14.81667,43,100,0,0,100,4400.0,2300,700,3.4,25.0,0.1,7,389.2920135,300,100,5.3,22.7,0.1,1,228.3466412,1700,600,2.8,26,0.1,32,-297.4461054,1200,600,1.9,28.0,0.1
165.85673,1,AUTO,ARMED,5,AVAILABLE,UNAVAILABLE,UNAVAILABLE,123,4,ACTIVE,711,D_P3-A5.NC,D_P3-A5.NC,6,0.000668021,20,0.0005,1612515.148,468952.227,184.4,2011.4136,100,14.81667,43,100,0,0,100,4400.0,2300,700,3.4,25.0,0.1,7,390.8180435,300,100,5.3,22.7,0.1,1,228.3466068,1700,600,2.8,26,0.1,32,-297.446094,1200,600,1.9,28.0,0.1
166.008182,1,AUTO,ARMED,5,AVAILABLE,UNAVAILABLE,UNAVAILABLE,123,4,ACTIVE,711,D_P3-A5.NC,D_P3-A5.NC,6,0.000668021,20,0.0005,1612515.148,468952.227,184.4,2011.4136,100,14.81667,43,100,0,1,100,4400.0,2300,700,3.4,25.0,0.1,9,393.8738572,300,100,5.3,22.7,0.1,1,228.3466068,1700,600,2.8,26,0.1,32,-297.4461054,1200,600,1.9,28.0,0.1
166.160233,1,AUTO,ARMED,5,AVAILABLE,UNAVAILABLE,UNAVAILABLE,123,4,ACTIVE,711,D_P3-A5.NC,D_P3-A5.NC,6,0.000668021,20,0.0005,1612515.148,468952.227,184.4,2011.4136,100,14.81667,43,100,0,0,100,4400.0,2300,700,3.4,25.0,0.1,9,396.9259971,300,100,5.3,22.7,0.1,1,228.3466068,1700,600,2.8,26,0.1,32,-297.4461054,1200,600,1.9,28.0,0.1
166.308909,1,AUTO,ARMED,5,AVAILABLE,UNAVAILABLE,UNAVAILABLE,123,4,ACTIVE,711,D_P3-A5.NC,D_P3-A5.NC,6,0.000668021,20,0.0005,1612515.148,468952.227,184.4,2011.4136,100,14.81667,44,100,0,0,100,4400.0,2300,700,3.4,25.0,0.1,9,398.4596493,300,100,5.3,22.7,0.1,1,228.3465954,1700,600,2.8,26,0.1,32,-297.446094,1200,600,1.9,28.0,0.1
166.468342,1,AUTO,ARMED,5,AVAILABLE,UNAVAILABLE,UNAVAILABLE,124,4,ACTIVE,711,D_P3-A5.NC,D_P3-A5.NC,6,0.000668021,20,0.0005,1612515.148,468952.227,184.4,2011.4136,100,0.0,44,100,0,2,100,4400.0,2300,700,3.4,25.0,0.1,2,399.8403174,300,100,5.3,22.7,0.1,1,228.3465954,1700,600,2.8,26,0.1,32,-297.4461054,1200,600,1.9,28.0,0.1
166.618971,1,AUTO,ARMED,5,AVAILABLE,UNAVAILABLE,UNAVAILABLE,124,4,ACTIVE,711,D_P3-A5.NC,D_P3-A5.NC,6,0.000668021,20,0.0005,1612515.148,468952.227,184.4,2011.1401,100,0.0,44,100,0,2,100,4400.0,2300,700,3.4,25.0,0.2,2,399.8407981,500,100,5.3,22.7,0.0,1,228.3465954,1100,300,3.3,26,0.1,32,-297.446094,1300,600,2.0,28.0,0.2
166.75773,1,AUTO,ARMED,5,AVAILABLE,UNAVAILABLE,UNAVAILABLE,124,4,ACTIVE,711,D_P3-A5.NC,D_P3-A5.NC,6,0.000668021,20,0.0005,1612515.148,468952.227,184.4,2011.1401,100,0.0,44,100,0,1,100,4400.0,2300,700,3.4,25.0,0.2,6,399.8409011,500,100,5.3,22.7,0.0,1,228.3466068,1100,300,3.3,26,0.1,32,-297.4461054,1300,600,2.0,28.0,0.2
166.899724,1,AUTO,ARMED,5,AVAILABLE,UNAVAILABLE,UNAVAILABLE,124,4,ACTIVE,711,D_P3-A5.NC,D_P3-A5.NC,6,0.000668021,20,0.0005,1612515.148,468952.227,184.4,2011.1401,100,0.0,44,100,0,1,100,4400.0,2300,700,3.4,25.0,0.2,6,399.8409126,500,100,5.3,22.7,0.0,1,228.3465954,1100,300,3.3,26,0.1,32,-297.4461054,1300,600,2.0,28.0,0.2
167.04211,1,AUTO,ARMED,5,AVAILABLE,UNAVAILABLE,UNAVAILABLE,124,4,ACTIVE,711,D_P3-A5.NC,D_P3-A5.NC,6,0.000668021,20,0.0005,1612515.148,468952.227,184.4,2011.1401,100,0.0,44,100,0,0,100,4400.0,2300,700,3.4,25.0,0.2,6,399.8409011,500,100,5.3,22.7,0.0,1,228.3466068,1100,300,3.3,26,0.1,32,-297.4461054,1300,600,2.0,28.0,0.2
167.18781,1,AUTO,ARMED,5,AVAILABLE,UNAVAILABLE,UNAVAILABLE,124,4,ACTIVE,711,D_P3-A5.NC,D_P3-A5.NC,6,0.000668021,20,0.0005,1612515.148,468952.227,184.4,2011.1401,100,0.0,44,100,0,0,100,4400.0,2300,700,3.4,25.0,0.2,6,399.8409126,500,100,5.3,22.7,0.0,1,228.3465954,1100,300,3.3,26,0.1,32,-297.4461054,1300,600,2.0,28.0,0.2
167.327816,1,AUTO,ARMED,5,AVAILABLE,UNAVAILABLE,UNAVAILABLE,124,4,ACTIVE,711,D_P3-A5.NC,D_P3-A5.NC,6,0.000668021,20,0.0005,1612515.148,468952.227,184.4,2011.1401,100,0.0,44,100,0,0,100,4400.0,2300,700,3.4,25.0,0.2,6,399.8409126,500,100,5.3,22.7,0.0,1,228.3465954,1100,300,3.3,26,0.1,32,-297.446094,1300,600,2.0,28.0,0.2
167.476707,1,AUTO,ARMED,5,AVAILABLE,UNAVAILABLE,UNAVAILABLE,125,4,ACTIVE,711,D_P3-A5.NC,D_P3-A5.NC,6,0.000668021,20,0.0005,1612515.148,468952.227,184.4,2458.981,100,0.0,45,100,0,0,100,4400.0,2300,700,3.4,25.0,0.2,6,399.8409126,500,100,5.3,22.7,0.0,1,228.3466068,1100,300,3.3,26,0.1,32,-297.446094,1300,600,2.0,28.0,0.2
167.636817,1,AUTO,ARMED,5,AVAILABLE,UNAVAILABLE,UNAVAILABLE,126,4,ACTIVE,711,D_P3-A5.NC,D_P3-A5.NC,6,0.000668021,20,0.0005,1612515.148,468952.227,184.4,2458.981,100,0.0,45,100,0,2,100,4400.0,2300,700,3.4,25.0,0.2,11,397.3167653,500,100,5.3,22.7,0.0,0,228.981621,1100,300,3.3,26,0.1,32,-297.4461054,1300,600,2.0,28.0,0.2
167.787382,1,AUTO,ARMED,5,AVAILABLE,UNAVAILABLE,UNAVAILABLE,126,4,ACTIVE,711,D_P3-A5.NC,D_P3-A5.NC,6,0.000668021,20,0.0005,1612515.148,468952.227,184.4,2458.981,100,14.81667,45,100,0,0,100,4400.0,2300,700,3.4,25.0,0.2,8,395.7907277,500,100,5.3,22.7,0.0,4,228.9816782,1100,300,3.3,26,0.1,32,-297.446094,1300,600,2.0,28.0,0.2
167.935316,1,AUTO,ARMED,5,AVAILABLE,UNAVAILABLE,UNAVAILABLE,126,4,ACTIVE,711,D_P3-A5.NC,D_P3-A5.NC,6,0.000668021,20,0.0005,1612515.148,468952.227,184.4,2458.981,100,14.81667,45,100,0,0,100,4400.0,3800,1100,3.5,25.0,0.2,8,394.2643583,600,200,2.9,22.7,0.1,4,228.9816554,1600,500,3.4,26,0.2,32,-297.446094,1500,700,2.2,28.0,0.1
168.076694,1,AUTO,ARMED,5,AVAILABLE,UNAVAILABLE,UNAVAILABLE,126,4,ACTIVE,711,D_P3-A5.NC,D_P3-A5.NC,6,0.000668021,20,0.0005,1612515.148,468952.227,184.4,2458.981,100,14.81667,45,100,0,0,100,4400.0,3800,1100,3.5,25.0,0.2,8,391.2086665,600,200,2.9,22.7,0.1,4,228.981621,1600,500,3.4,26,0.2,32,-297.4461054,1500,700,2.2,28.0,0.1
168.218902,1,AUTO,ARMED,5,AVAILABLE,UNAVAILABLE,UNAVAILABLE,126,4,ACTIVE,711,D_P3-A5.NC,D_P3-A5.NC,6,0.000668021,20,0.0005,1612515.148,468952.227,184.4,2458.981,100,14.81667,45,100,0,0,100,4400.0,3800,1100,3.5,25.0,0.2,8,389.6785432,600,200,2.9,22.7,0.1,3,228.9815867,1600,500,3.4,26,0.2,32,-297.446094,1500,700,2.2,28.0,0.1
168.420022,1,AUTO,ARMED,5,AVAILABLE,UNAVAILABLE,UNAVAILABLE,126,4,ACTIVE,711,D_P3-A5.NC,D_P3-A5.NC,6,0.000668021,20,0.0005,1612515.148,468952.227,184.4,2458.981,100,14.81667,46,100,0,1,100,4400.0,3800,1100,3.5,25.0,0.2,4,386.622634,600,200,2.9,22.7,0.1,4,228.9815409,1600,500,3.4,26,0.2,32,-297.4461283,1500,700,2.2,28.0,0.1
168.618025,1,AUTO,ARMED,5,AVAILABLE,UNAVAILABLE,UNAVAILABLE,126,4,ACTIVE,711,D_P3-A5.NC,D_P3-A5.NC,6,0.001168144,20,0.0005,1612515.148,468952.227,184.4,2466.5732,100,14.81667,46,100,0,1,100,4400.0,3800,1100,3.5,25.0,0.2,6,383.5631311,600,200,2.9,22.7,0.1,5,228.9816096,1600,500,3.4,26,0.2,32,-297.4461054,1500,700,2.2,28.0,0.1
168.794619,1,AUTO,ARMED,5,AVAILABLE,UNAVAILABLE,UNAVAILABLE,126,4,ACTIVE,711,D_P3-A5.NC,D_P3-A5.NC,6,0.000668021,20,0.0005,1612515.148,468952.227,184.4,2466.5732,100,14.81667,46,100,0,0,100,4400.0,3800,1100,3.5,25.0,0.2,6,380.5146593,600,200,2.9,22.7,0.1,4,228.9816096,1600,500,3.4,26,0.2,32,-297.4461169,1500,700,2.2,28.0,0.1
168.944072,1,AUTO,ARMED,5,AVAILABLE,UNAVAILABLE,UNAVAILABLE,126,4,ACTIVE,711,D_P3-A5.NC,D_P3-A5.NC,6,0.001168144,20,0.0005,1612515.148,468952.227,184.4,2466.5732,100,14.81667,46,100,0,0,100,4400.0,3800,1100,3.5,25.0,0.2,6,378.9813027,600,200,2.9,22.7,0.1,4,228.9815638,1600,500,3.4,26,0.2,32,-297.446094,1500,700,2.2,28.0,0.1
169.091687,1,AUTO,ARMED,5,AVAILABLE,UNAVAILABLE,UNAVAILABLE,126,4,ACTIVE,711,D_P3-A5.NC,D_P3-A5.NC,6,0.000668021,20,0.0005,1612515.148,468952.227,184.4,2466.5732,100,14.81667,46,100,0,1,100,4400.0,3800,1100,3.5,25.0,0.2,5,375.9287688,600,200,2.9,22.7,0.1,5,228.9815981,1600,500,3.4,26,0.2,32,-297.4461054,1500,700,2.2,28.0,0.1
169.235341,1,AUTO,ARMED,5,AVAILABLE,UNAVAILABLE,UNAVAILABLE,126,4,ACTIVE,711,D_P3-A5.NC,D_P3-A5.NC,6,0.000668021,20,0.0005,1612515.148,468952.227,184.4,2466.5732,100,14.81667,46,100,0,0,100,4400.0,3800,1100,3.5,25.0,0.2,6,375.1658899,600,200,2.9,22.7,0.1,5,228.9815524,1600,500,3.4,26,0.2,32,-297.4461054,1500,700,2.2,28.0,0.1
169.378608,1,AUTO,ARMED,5,AVAILABLE,UNAVAILABLE,UNAVAILABLE,126,4,ACTIVE,711,D_P3-A5.NC,D_P3-A5.NC,6,0.001168144,20,0.0005,1612515.148,468952.227,184.4,2466.5732,100,14.81667,47,100,0,0,100,4400.0,3800,1100,3.5,25.0,0.2,6,372.1061806,600,200,2.9,22.7,0.1,5,228.9815867,1600,500,3.4,26,0.2,32,-297.446094,1500,700,2.2,28.0,0.1
169.521048,1,AUTO,ARMED,5,AVAILABLE,UNAVAILABLE,UNAVAILABLE,126,4,ACTIVE,711,D_P3-A5.NC,D_P3-A5.NC,6,0.001168144,20,0.0005,1612515.148,468952.227,184.4,2466.5732,100,14.81667,47,100,0,1,100,4400.0,3800,1100,3.5,25.0,0.2,6,370.5839134,600,200,2.9,22.7,0.1,4,228.9816096,1600,500,3.4,26,0.2,32,-297.446094,1500,700,2.2,28.0,0.1
169.66775,1,AUTO,ARMED,5,AVAILABLE,UNAVAILABLE,UNAVAILABLE,126,4,ACTIVE,711,D_P3-A5.NC,D_P3-A5.NC,6,0.000668021,20,0.0005,1612515.148,468952.227,184.4,2481.5757,100,14.81667,47,100,0,1,100,4400.0,3800,1100,3.5,25.0,0.2,6,369.0538527,600,200,2.9,22.7,0.1,4,228.981621,1600,500,3.4,26,0.2,32,-297.4461169,1500,700,2.2,28.0,0.1
169.853469,1,AUTO,ARMED,5,AVAILABLE,UNAVAILABLE,UNAVAILABLE,126,4,ACTIVE,711,D_P3-A5.NC,D_P3-A5.NC,6,0.001168144,20,0.0005,1612515.148,468952.227,184.4,2481.5757,100,14.81667,47,100,0,1,100,4400.0,3800,1100,3.5,25.0,0.2,5,366.001891,600,200,2.9,22.7,0.1,5,228.9816325,1600,500,3.4,26,0.2,32,-297.4461054,1500,700,2.2,28.0,0.1
170.007205,1,AUTO,ARMED,5,AVAILABLE,UNAVAILABLE,UNAVAILABLE,126,4,ACTIVE,711,D_P3-A5.NC,D_P3-A5.NC,6,0.000668021,20,0.0005,1612515.148,468952.227,184.4,2481.5757,100,14.81667,47,100,0,2,100,4400.0,3500,1100,3.2,25.0,0.2,6,362.9420901,600,200,2.9,22.7,0.1,5,228.981621,1500,500,3.2,26,0.2,32,-297.4461169,1500,700,2.2,28.0,0.1
170.166642,1,AUTO,ARMED,5,AVAILABLE,UNAVAILABLE,UNAVAILABLE,126,4,ACTIVE,711,D_P3-A5.NC,D_P3-A5.NC,6,0.001168144,20,0.0005,1612515.148,468952.227,184.4,2481.5757,100,14.81667,47,100,0,1,100,4400.0,3500,1100,3.2,25.0,0.2,5,359.8900826,600,200,2.9,22.7,0.1,5,228.9816096,1500,500,3.2,26,0.2,32,-297.4460825,1500,700,2.2,28.0,0.1
170.306464,1,AUTO,ARMED,5,AVAILABLE,UNAVAILABLE,UNAVAILABLE,126,4,ACTIVE,711,D_P3-A5.NC,D_P3-A5.NC,6,0.000668021,20,0.0005,1612515.148,468952.227,184.4,2481.5757,100,14.81667,47,100,0,0,100,4400.0,3500,1100,3.2,25.0,0.2,7,358.3599075,600,200,2.9,22.7,0.1,5,228.9815867,1500,500,3.2,26,0.2,32,-297.4461054,1500,700,2.2,28.0,0.1
170.472809,1,AUTO,ARMED,5,AVAILABLE,UNAVAILABLE,UNAVAILABLE,126,4,ACTIVE,711,D_P3-A5.NC,D_P3-A5.NC,6,0.000167898,20,0.0005,1612515.148,468952.227,184.4,2481.5757,100,14.81667,48,100,0,0,100,4400.0,3500,1100,3.2,25.0,0.2,7,356.8338981,600,200,2.9,22.7,0.1,5,228.9816096,1500,500,3.2,26,0.2,32,-297.4461054,1500,700,2.2,28.0,0.1
170.632549,1,AUTO,ARMED,5,AVAILABLE,UNAVAILABLE,UNAVAILABLE,126,4,ACTIVE,711,D_P3-A5.NC,D_P3-A5.NC,6,0.001168144,20,0.0005,1612515.148,468952.227,184.4,2481.5757,100,14.81667,48,100,0,1,100,4400.0,3500,1100,3.2,25.0,0.2,5,353.7780739,600,200,2.9,22.7,0.1,4,228.9815752,1500,500,3.2,26,0.2,32,-297.4460825,1500,700,2.2,28.0,0.1
170.773756,1,AUTO,ARMED,5,AVAILABLE,UNAVAILABLE,UNAVAILABLE,126,4,ACTIVE,711,D_P3-A5.NC,D_P3-A5.NC,6,0.001168144,20,0.0005,1612515.148,468952.227,184.4,2481.5757,100,14.81667,48,100,0,3,100,4400.0,3500,1100,3.2,25.0,0.2,6,352.2517637,600,200,2.9,22.7,0.1,5,228.9816325,1500,500,3.2,26,0.2,32,-297.4461169,1500,700,2.2,28.0,0.1
170.921199,1,AUTO,ARMED,5,AVAILABLE,UNAVAILABLE,UNAVAILABLE,126,4,ACTIVE,711,D_P3-A5.NC,D_P3-A5.NC,6,0.000167898,20,0.0005,1612515.148,468952.227,184.4,2284.335,100,14.81667,48,100,0,3,100,4400.0,3500,1100,3.2,25.0,0.2,6,350.7256479,600,200,2.9,22.7,0.1,5,228.9815524,1500,500,3.2,26,0.2,32,-297.4461054,1500,700,2.2,28.0,0.1
171.065692,1,AUTO,ARMED,5,AVAILABLE,UNAVAILABLE,UNAVAILABLE,126,4,ACTIVE,711,D_P3-A5.NC,D_P3-A5.NC,6,0.001168144,20,0.0005,1612515.148,468952.227,184.4,2284.335,100,14.81667,48,100,0,0,100,4400.0,3500,1100,3.2,25.0,0.2,4,347.6697544,600,200,2.9,22.7,0.1,4,228.9815867,1500,500,3.2,26,0.2,32,-297.4460825,1500,700,2.2,28.0,0.1
171.231368,1,AUTO,ARMED,5,AVAILABLE,UNAVAILABLE,UNAVAILABLE,126,4,ACTIVE,711,D_P3-A5.NC,D_P3-A5.NC,6,0.000668021,20,0.0005,1612515.148,468952.227,184.4,2284.335,100,14.81667,48,100,0,1,100,4400.0,3500,1100,3.2,25.0,0.2,6,345.3807582,600,200,2.9,22.7,0.1,5,228.9816325,1500,500,3.2,26,0.2,32,-297.4461169,1500,700,2.2,28.0,0.1
171.374641,1,AUTO,ARMED,5,AVAILABLE,UNAVAILABLE,UNAVAILABLE,126,4,ACTIVE,711,D_P3-A5.NC,D_P3-A5.NC,6,0.001168144,20,0.0005,1612515.148,468952.227,184.4,2284.335,100,14.81667,49,100,0,1,100,4400.0,3500,1100,3.2,25.0,0.2,6,342.3247846,600,200,2.9,22.7,0.1,5,228.9816096,1500,500,3.2,26,0.2,32,-297.4460825,1500,700,2.2,28.0,0.1
171.519381,1,AUTO,ARMED,5,AVAILABLE,UNAVAILABLE,UNAVAILABLE,126,4,ACTIVE,711,D_P3-A5.NC,D_P3-A5.NC,6,0.001168144,20,0.0005,1612515.148,468952.227,184.4,2284.335,100,14.81667,49,100,0,0,100,4400.0,2400,700,3.5,25.0,0.1,5,340.7948122,300,100,3.5,22.7,0.0,5,228.9815867,1000,300,3.0,26,0.1,32,-297.446094,1200,600,1.9,28.0,0.1
171.660522,1,AUTO,ARMED,5,AVAILABLE,UNAVAILABLE,UNAVAILABLE,126,4,ACTIVE,711,D_P3-A5.NC,D_P3-A5.NC,6,0.000167898,20,0.0005,1612515.148,468952.227,184.4,2284.335,100,14.81667,49,100,0,3,100,4400.0,2400,700,3.5,25.0,0.1,5,339.265126,300,100,3.5,22.7,0.0,5,228.9815981,1000,300,3.0,26,0.1,32,-297.4461054,1200,600,1.9,28.0,0.1
171.804191,1,AUTO,ARMED,5,AVAILABLE,UNAVAILABLE,UNAVAILABLE,126,4,ACTIVE,711,D_P3-A5.NC,D_P3-A5.NC,6,0.001168144,20,0.0005,1612515.148,468952.227,184.4,2284.335,100,14.81667,49,100,0,1,100,4400.0,2400,700,3.5,25.0,0.1,7,336.212803,300,100,3.5,22.7,0.0,5,228.9815867,1000,300,3.0,26,0.1,32,-297.4460825,1200,600,1.9,28.0,0.1
171.947692,1,AUTO,ARMED,5,AVAILABLE,UNAVAILABLE,UNAVAILABLE,126,4,ACTIVE,711,D_P3-A5.NC,D_P3-A5.NC,6,0.001168144,20,0.0005,1612515.148,468952.227,184.4,2018.4329,100,14.81667,49,100,0,1,100,4400.0,2400,700,3.5,25.0,0.1,7,334.683174,300,100,3.5,22.7,0.0,5,228.981621,1000,300,3.0,26,0.1,32,-297.4461054,1200,600,1.9,28.0,0.1
172.097174,1,AUTO,ARMED,5,AVAILABLE,UNAVAILABLE,UNAVAILABLE,126,4,ACTIVE,711,D_P3-A5.NC,D_P3-A5.NC,6,0.000668021,20,0.0005,1612515.148,468952.227,184.4,2018.4329,100,14.81667,49,100,0,0,100,4400.0,2400,700,3.5,25.0,0.1,6,333.1571155,300,100,3.5,22.7,0.0,5,228.9816096,1000,300,3.0,26,0.1,32,-297.446094,1200,600,1.9,28.0,0.1
172.239756,1,AUTO,ARMED,5,AVAILABLE,UNAVAILABLE,UNAVAILABLE,126,4,ACTIVE,711,D_P3-A5.NC,D_P3-A5.NC,6,0.000668021,20,0.0005,1612515.148,468952.227,184.4,2018.4329,100,14.81667,49,100,0,0,100,4400.0,2400,700,3.5,25.0,0.1,8,331.6309196,300,100,3.5,22.7,0.0,5,228.981724,1000,300,3.0,26,0.1,32,-297.4461054,1200,600,1.9,28.0,0.1
172.389532,1,AUTO,ARMED,5,AVAILABLE,UNAVAILABLE,UNAVAILABLE,126,4,ACTIVE,711,D_P3-A5.NC,D_P3-A5.NC,6,0.000668021,20,0.0005,1612515.148,468952.227,184.4,2018.4329,100,14.81667,50,100,0,1,100,4400.0,2400,700,3.5,25.0,0.1,7,327.0486937,300,100,3.5,22.7,0.0,3,228.981621,1000,300,3.0,26,0.1,32,-297.446094,1200,600,1.9,28.0,0.1
172.538225,1,AUTO,ARMED,5,AVAILABLE,UNAVAILABLE,UNAVAILABLE,126,4,ACTIVE,711,D_P3-A5.NC,D_P3-A5.NC,6,0.000668021,20,0.0005,1612515.148,468952.227,184.4,2018.4329,100,14.81667,50,100,0,1,100,4400.0,2400,700,3.5,25.0,0.1,7,325.5225425,300,100,3.5,22.7,0.0,3,228.9816096,1000,300,3.0,26,0.1,32,-297.4461054,1200,600,1.9,28.0,0.1
172.684805,1,AUTO,ARMED,5,AVAILABLE,UNAVAILABLE,UNAVAILABLE,126,4,ACTIVE,711,D_P3-A5.NC,D_P3-A5.NC,6,0.000668021,20,0.0005,1612515.148,468952.227,184.4,2018.4329,100,14.81667,50,100,0,0,100,4400.0,2400,700,3.5,25.0,0.1,8,323.9891355,300,100,3.5,22.7,0.0,3,228.9816096,1000,300,3.0,26,0.1,32,-297.4461054,1200,600,1.9,28.0,0.1
172.824873,1,AUTO,ARMED,5,AVAILABLE,UNAVAILABLE,UNAVAILABLE,126,4,ACTIVE,711,D_P3-A5.NC,D_P3-A5.NC,6,0.000668021,20,0.0005,1612515.148,468952.227,184.4,2018.4329,100,14.81667,50,100,0,0,100,4400.0,2400,700,3.5,25.0,0.1,8,320.9367302,300,100,3.5,22.7,0.0,3,228.9815981,1000,300,3.0,26,0.1,32,-297.4461054,1200,600,1.9,28.0,0.1
172.967516,1,AUTO,ARMED,5,AVAILABLE,UNAVAILABLE,UNAVAILABLE,126,4,ACTIVE,711,D_P3-A5.NC,D_P3-A5.NC,6,0.000668021,20,0.0005,1612515.148,468952.227,184.4,2018.4329,100,14.81667,50,100,0,0,100,4400.0,2400,700,3.5,25.0,0.1,8,319.4068825,300,100,3.5,22.7,0.0,3,228.9815981,1000,300,3.0,26,0.1,32,-297.446094,1200,600,1.9,28.0,0.1
173.125215,1,AUTO,ARMED,5,AVAILABLE,UNAVAILABLE,UNAVAILABLE,126,4,ACTIVE,711,D_P3-A5.NC,D_P3-A5.NC,6,0.000668021,20,0.0005,1612515.148,468952.227,184.4,1988.7928,100,8.033333,50,100,0,0,100,4400.0,2400,700,3.4,25.0,0.2,2,318.5611596,200,0,3.8,22.7,0.0,3,228.9815981,2900,500,5.6,26,0.1,32,-297.446094,1300,600,1.9,28.0,0.1
173.266629,1,AUTO,ARMED,5,AVAILABLE,UNAVAILABLE,UNAVAILABLE,127,4,ACTIVE,711,D_P3-A5.NC,D_P3-A5.NC,6,0.000668021,20,0.0005,1612515.148,468952.227,184.4,1988.7928,100,0.0,50,100,0,0,100,4400.0,2400,700,3.4,25.0,0.2,2,318.5608162,200,0,3.8,22.7,0.0,3,228.9816096,2900,500,5.6,26,0.1,32,-297.446094,1300,600,1.9,28.0,0.1
173.407461,1,AUTO,ARMED,5,AVAILABLE,UNAVAILABLE,UNAVAILABLE,127,4,ACTIVE,711,D_P3-A5.NC,D_P3-A5.NC,6,0.000668021,20,0.0005,1612515.148,468952.227,184.4,1988.7928,100,0.0,51,100,0,0,100,4400.0,2400,700,3.4,25.0,0.2,6,318.5608506,200,0,3.8,22.7,0.0,3,228.9815981,2900,500,5.6,26,0.1,32,-297.4461054,1300,600,1.9,28.0,0.1
173.551483,1,AUTO,ARMED,5,AVAILABLE,UNAVAILABLE,UNAVAILABLE,127,4,ACTIVE,711,D_P3-A5.NC,D_P3-A5.NC,6,0.000668021,20,0.0005,1612515.148,468952.227,184.4,1988.7928,100,0.0,51,100,0,0,100,4400.0,2400,700,3.4,25.0,0.2,6,318.5608849,200,0,3.8,22.7,0.0,3,228.9816096,2900,500,5.6,26,0.1,32,-297.4461054,1300,600,1.9,28.0,0.1
173.692301,1,AUTO,ARMED,5,AVAILABLE,UNAVAILABLE,UNAVAILABLE,127,4,ACTIVE,711,D_P3-A5.NC,D_P3-A5.NC,6,0.000668021,20,0.0005,1612515.148,468952.227,184.4,1988.7928,100,0.0,51,100,0,0,100,4400.0,2400,700,3.4,25.0,0.2,6,318.5608964,200,0,3.8,22.7,0.0,3,228.9815981,2900,500,5.6,26,0.1,32,-297.446094,1300,600,1.9,28.0,0.1
173.841352,1,AUTO,ARMED,5,AVAILABLE,UNAVAILABLE,UNAVAILABLE,127,4,ACTIVE,711,D_P3-A5.NC,D_P3-A5.NC,6,0.000668021,20,0.0005,1612515.148,468952.227,184.4,1988.7928,100,0.0,51,100,0,0,100,4400.0,2400,700,3.4,25.0,0.2,6,318.5608964,200,0,3.8,22.7,0.0,3,228.9815981,2900,500,5.6,26,0.1,32,-297.446094,1300,600,1.9,28.0,0.1
173.984971,1,AUTO,ARMED,5,AVAILABLE,UNAVAILABLE,UNAVAILABLE,127,4,ACTIVE,711,D_P3-A5.NC,D_P3-A5.NC,6,0.000668021,20,0.0005,1612515.148,468952.227,184.4,1988.7928,100,0.0,51,100,0,2,100,4400.0,2400,700,3.4,25.0,0.2,5,318.5608964,200,0,3.8,22.7,0.0,3,228.9815981,2900,500,5.6,26,0.1,32,-297.4461054,1300,600,1.9,28.0,0.1
174.126928,1,AUTO,ARMED,5,AVAILABLE,UNAVAILABLE,UNAVAILABLE,131,4,ACTIVE,711,D_P3-A5.NC,D_P3-A5.NC,6,0.000668021,20,0.0005,1612515.148,468952.227,184.4,2008.6746,100,0.0,51,100,0,0,100,4400.0,2400,700,3.4,25.0,0.2,5,318.5608964,200,0,3.8,22.7,0.0,21,229.6069317,2900,500,5.6,26,0.1,32,-297.4461054,1300,600,1.9,28.0,0.1
174.276658,1,AUTO,ARMED,5,AVAILABLE,UNAVAILABLE,UNAVAILABLE,131,4,ACTIVE,711,D_P3-A5.NC,D_P3-A5.NC,6,0.000668021,20,0.0005,1612515.148,468952.227,184.4,2008.6746,100,0.0,51,100,0,0,100,4400.0,2400,700,3.4,25.0,0.2,5,318.5608964,200,0,3.8,22.7,0.0,21,229.6163043,2900,500,5.6,26,0.1,32,-297.4461054,1300,600,1.9,28.0,0.1
174.414211,1,AUTO,ARMED,5,AVAILABLE,UNAVAILABLE,UNAVAILABLE,131,4,ACTIVE,711,D_P3-A5.NC,D_P3-A5.NC,6,0.000668021,20,0.0005,1612515.148,468952.227,184.4,2008.6746,100,0.0,52,100,0,0,100,4400.0,2300,700,3.4,25.0,0.2,5,318.5608964,900,200,3.8,22.7,0.1,1,229.6164988,2600,800,3.3,26,0.1,32,-297.4461054,1700,600,2.6,27.9,0.1
174.558433,1,AUTO,ARMED,5,AVAILABLE,UNAVAILABLE,UNAVAILABLE,131,4,ACTIVE,711,D_P3-A5.NC,D_P3-A5.NC,6,0.000668021,20,0.0005,1612515.148,468952.227,184.4,2008.6746,100,0.0,52,100,0,0,100,4400.0,2300,700,3.4,25.0,0.2,5,318.5609078,900,200,3.8,22.7,0.1,1,229.6165904,2600,800,3.3,26,0.1,32,-297.446094,1700,600,2.6,27.9,0.1
174.71393,1,AUTO,ARMED,5,AVAILABLE,UNAVAILABLE,UNAVAILABLE,131,4,ACTIVE,711,D_P3-A5.NC,D_P3-A5.NC,6,0.000668021,20,0.0005,1612515.148,468952.227,184.4,2008.6746,100,0.0,52,100,0,0,100,4400.0,2300,700,3.4,25.0,0.2,5,318.5608964,900,200,3.8,22.7,0.1,1,229.6166018,2600,800,3.3,26,0.1,32,-297.446094,1700,600,2.6,27.9,0.1
174.853953,1,AUTO,ARMED,5,AVAILABLE,UNAVAILABLE,UNAVAILABLE,131,4,ACTIVE,711,D_P3-A5.NC,D_P3-A5.NC,6,0.000668021,20,0.0005,1612515.148,468952.227,184.4,2008.6746,100,0.0,52,100,0,2,100,4400.0,2300,700,3.4,25.0,0.2,5,318.5608964,900,200,3.8,22.7,0.1,1,229.6166018,2600,800,3.3,26,0.1,32,-297.446094,1700,600,2.6,27.9,0.1
175.008546,1,AUTO,ARMED,5,AVAILABLE,UNAVAILABLE,UNAVAILABLE,131,4,ACTIVE,711,D_P3-A5.NC,D_P3-A5.NC,6,0.000668021,20,0.0005,1612515.148,468952.227,184.4,2008.6746,100,0.0,52,100,0,0,100,4400.0,2300,700,3.4,25.0,0.2,5,318.5609078,900,200,3.8,22.7,0.1,1,229.6166018,2600,800,3.3,26,0.1,32,-297.4461054,1700,600,2.6,27.9,0.1
175.146928,1,AUTO,ARMED,5,AVAILABLE,UNAVAILABLE,UNAVAILABLE,132,4,ACTIVE,711,D_P3-A5.NC,D_P3-A5.NC,6,0.000668021,20,0.0005,1612515.148,468952.227,184.4,2008.6746,100,0.0,52,100,0,0,100,4400.0,2300,700,3.4,25.0,0.2,5,318.5608964,900,200,3.8,22.7,0.1,1,229.6166018,2600,800,3.3,26,0.1,32,-297.4461054,1700,600,2.6,27.9,0.1
175.292489,1,AUTO,ARMED,5,AVAILABLE,UNAVAILABLE,UNAVAILABLE,132,4,ACTIVE,711,D_P3-A5.NC,D_P3-A5.NC,6,0.000668021,20,0.0005,1612515.148,468952.227,184.4,2544.3623,100,16.93333,52,100,0,0,100,4400.0,2300,700,3.4,25.0,0.2,5,319.1222313,900,200,3.8,22.7,0.1,1,229.6166018,2600,800,3.3,26,0.1,32,-297.4461054,1700,600,2.6,27.9,0.1
175.438048,1,AUTO,ARMED,5,AVAILABLE,UNAVAILABLE,UNAVAILABLE,132,4,ACTIVE,711,D_P3-A5.NC,D_P3-A5.NC,6,0.000668021,20,0.0005,1612515.148,468952.227,184.4,2544.3623,100,16.93333,53,100,0,0,100,4400.0,2300,700,3.4,25.0,0.2,5,320.8718253,900,200,3.8,22.7,0.1,1,229.6166018,2600,800,3.3,26,0.1,32,-297.446094,1700,600,2.6,27.9,0.1
175.594661,1,AUTO,ARMED,5,AVAILABLE,UNAVAILABLE,UNAVAILABLE,132,4,ACTIVE,711,D_P3-A5.NC,D_P3-A5.NC,6,0.000668021,20,0.0005,1612515.148,468952.227,184.4,2544.3623,100,16.93333,53,100,0,0,100,4400.0,2300,700,3.4,25.0,0.2,10,326.1084533,900,200,3.8,22.7,0.1,1,229.6166018,2600,800,3.3,26,0.1,32,-297.4461054,1700,600,2.6,27.9,0.1
175.739457,1,AUTO,ARMED,5,AVAILABLE,UNAVAILABLE,UNAVAILABLE,132,4,ACTIVE,711,D_P3-A5.NC,D_P3-A5.NC,6,0.000668021,20,0.0005,1612515.148,468952.227,184.4,2544.3623,100,16.93333,53,100,0,0,100,4400.0,2300,700,3.4,25.0,0.2,10,327.8524052,900,200,3.8,22.7,0.1,1,229.6165904,2600,800,3.3,26,0.1,32,-297.4461054,1700,600,2.6,27.9,0.1
175.878929,1,AUTO,ARMED,5,AVAILABLE,UNAVAILABLE,UNAVAILABLE,132,4,ACTIVE,711,D_P3-A5.NC,D_P3-A5.NC,6,0.000668021,20,0.0005,1612515.148,468952.227,184.4,2544.3623,100,16.93333,53,100,0,1,100,4400.0,2300,700,3.4,25.0,0.2,10,329.5963113,900,200,3.8,22.7,0.1,1,229.616579,2600,800,3.3,26,0.1,32,-297.4461054,1700,600,2.6,27.9,0.1
176.022745,1,AUTO,ARMED,5,AVAILABLE,UNAVAILABLE,UNAVAILABLE,132,4,ACTIVE,711,D_P3-A5.NC,D_P3-A5.NC,6,0.000668021,20,0.0005,1612515.148,468952.227,184.4,2544.3623,100,16.93333,53,100,0,1,100,4400.0,2300,700,3.4,25.0,0.2,10,331.3362396,900,200,3.8,22.7,0.1,1,229.6165446,2600,800,3.3,26,0.1,32,-297.4461054,1700,600,2.6,27.9,0.1
176.164116,1,AUTO,ARMED,5,AVAILABLE,UNAVAILABLE,UNAVAILABLE,132,4,ACTIVE,711,D_P3-A5.NC,D_P3-A5.NC,6,0.000668021,20,0.0005,1612515.148,468952.227,184.4,2544.3623,100,16.93333,53,100,0,2,100,4400.0,4000,1200,3.4,25.0,0.2,13,334.8332273,800,300,2.8,22.7,0.2,1,229.6166133,2600,900,2.8,26,0.2,32,-297.4461054,1600,700,2.4,27.9,0.2
176.311047,1,AUTO,ARMED,5,AVAILABLE,UNAVAILABLE,UNAVAILABLE,132,4,ACTIVE,711,D_P3-A5.NC,D_P3-A5.NC,6,0.000668021,20,0.0005,1612515.148,468952.227,184.4,2544.3623,100,16.93333,54,100,0,0,100,4400.0,4000,1200,3.4,25.0,0.2,14,338.3259006,800,300,2.8,22.7,0.2,2,229.6166133,2600,900,2.8,26,0.2,32,-297.4461054,1600,700,2.4,27.9,0.2
176.452928,1,AUTO,ARMED,5,AVAILABLE,UNAVAILABLE,UNAVAILABLE,132,4,ACTIVE,711,D_P3-A5.NC,D_P3-A5.NC,6,0.000668021,20,0.0005,1612515.148,468952.227,184.4,2590.26,100,16.93333,54,100,0,2,100,4400.0,4000,1200,3.4,25.0,0.2,14,340.0699942,800,300,2.8,22.7,0.2,2,229.6165675,2600,900,2.8,26,0.2,32,-297.4461054,1600,700,2.4,27.9,0.2
176.593045,1,AUTO,ARMED,5,AVAILABLE,UNAVAILABLE,UNAVAILABLE,132,4,ACTIVE,711,D_P3-A5.NC,D_P3-A5.NC,6,0.000668021,20,0.0005,1612515.148,468952.227,184.4,2590.26,100,16.93333,54,100,0,2,100,4400.0,4000,1200,3.4,25.0,0.2,14,341.8140192,800,300,2.8,22.7,0.2,2,229.6166018,2600,900,2.8,26,0.2,32,-297.446094,1600,700,2.4,27.9,0.2
176.741883,1,AUTO,ARMED,5,AVAILABLE,UNAVAILABLE,UNAVAILABLE,132,4,ACTIVE,711,D_P3-A5.NC,D_P3-A5.NC,6,0.000668021,20,0.0005,1612515.148,468952.227,184.4,2590.26,100,16.93333,54,100,0,1,100,4400.0,4000,1200,3.4,25.0,0.2,13,345.3066353,800,300,2.8,22.7,0.2,2,229.6166018,2600,900,2.8,26,0.2,32,-297.4461054,1600,700,2.4,27.9,0.2
176.879964,1,AUTO,ARMED,5,AVAILABLE,UNAVAILABLE,UNAVAILABLE,132,4,ACTIVE,711,D_P3-A5.NC,D_P3-A5.NC,6,0.000668021,20,0.0005,1612515.148,468952.227,184.4,2590.26,100,16.93333,54,100,0,1,100,4400.0,4000,1200,3.4,25.0,0.2,13,346.1788766,800,300,2.8,22.7,0.2,2,229.6166018,2600,900,2.8,26,0.2,32,-297.4461054,1600,700,2.4,27.9,0.2
177.032296,1,AUTO,ARMED,5,AVAILABLE,UNAVAILABLE,UNAVAILABLE,132,4,ACTIVE,711,D_P3-A5.NC,D_P3-A5.NC,6,0.000668021,20,0.0005,1612515.148,468952.227,184.4,2590.26,100,16.93333,54,100,0,0,100,4400.0,4000,1200,3.4,25.0,0.2,13,347.9268727,800,300,2.8,22.7,0.2,2,229.6165675,2600,900,2.8,26,0.2,32,-297.4461054,1600,700,2.4,27.9,0.2
177.173874,1,AUTO,ARMED,5,AVAILABLE,UNAVAILABLE,UNAVAILABLE,132,4,ACTIVE,711,D_P3-A5.NC,D_P3-A5.NC,6,0.000668021,20,0.0005,1612515.148,468952.227,184.4,2590.26,100,16.93333,54,100,0,0,100,4400.0,4000,1200,3.4,25.0,0.2,12,353.1637197,800,300,2.8,22.7,0.2,2,229.6166133,2600,900,2.8,26,0.2,32,-297.446094,1600,700,2.4,27.9,0.2
177.321096,1,AUTO,ARMED,5,AVAILABLE,UNAVAILABLE,UNAVAILABLE,132,4,ACTIVE,711,D_P3-A5.NC,D_P3-A5.NC,6,0.000668021,20,0.0005,1612515.148,468952.227,184.4,2590.26,100,16.93333,55,100,0,2,100,4400.0,4000,1200,3.4,25.0,0.2,13,354.9119789,800,300,2.8,22.7,0.2,2,229.6166247,2600,900,2.8,26,0.2,32,-297.4461054,1600,700,2.4,27.9,0.2
177.461253,1,AUTO,ARMED,5,AVAILABLE,UNAVAILABLE,UNAVAILABLE,132,4,ACTIVE,711,D_P3-A5.NC,D_P3-A5.NC,6,0.000668021,20,0.0005,1612515.148,468952.227,184.4,2584.3984,100,16.93333,55,100,0,2,100,4400.0,4500,1200,3.9,25.0,0.2,13,356.6602469,800,300,3.0,22.7,0.2,2,229.616579,2500,900,2.8,26,0.2,32,-297.446094,1600,700,2.3,27.9,0.2
177.607894,1,AUTO,ARMED,5,AVAILABLE,UNAVAILABLE,UNAVAILABLE,132,4,ACTIVE,711,D_P3-A5.NC,D_P3-A5.NC,6,0.000668021,20,0.0005,1612515.148,468952.227,184.4,2584.3984,100,16.93333,55,100,0,1,100,4400.0,4500,1200,3.9,25.0,0.2,13,358.4003306,800,300,3.0,22.7,0.2,2,229.6166133,2500,900,2.8,26,0.2,32,-297.446094,1600,700,2.3,27.9,0.2
177.752997,1,AUTO,ARMED,5,AVAILABLE,UNAVAILABLE,UNAVAILABLE,132,4,ACTIVE,711,D_P3-A5.NC,D_P3-A5.NC,6,0.000668021,20,0.0005,1612515.148,468952.227,184.4,2584.3984,100,16.93333,55,100,0,2,100,4400.0,4500,1200,3.9,25.0,0.2,12,361.8930177,800,300,3.0,22.7,0.2,2,229.6166018,2500,900,2.8,26,0.2,32,-297.446094,1600,700,2.3,27.9,0.2
177.895695,1,AUTO,ARMED,5,AVAILABLE,UNAVAILABLE,UNAVAILABLE,132,4,ACTIVE,711,D_P3-A5.NC,D_P3-A5.NC,6,0.000668021,20,0.0005,1612515.148,468952.227,184.4,2584.3984,100,16.93333,55,100,0,2,100,4400.0,4500,1200,3.9,25.0,0.2,12,365.3897331,800,300,3.0,22.7,0.2,2,229.6166133,2500,900,2.8,26,0.2,32,-297.4461054,1600,700,2.3,27.9,0.2
178.03911,1,AUTO,ARMED,5,AVAILABLE,UNAVAILABLE,UNAVAILABLE,132,4,ACTIVE,711,D_P3-A5.NC,D_P3-A5.NC,6,0.000668021,20,0.0005,1612515.148,468952.227,184.4,2584.3984,100,16.93333,55,100,0,2,100,4400.0,4500,1200,3.9,25.0,0.2,14,367.1336277,800,300,3.0,22.7,0.2,2,229.6166247,2500,900,2.8,26,0.2,32,-297.4461054,1600,700,2.3,27.9,0.2
178.202987,1,AUTO,ARMED,5,AVAILABLE,UNAVAILABLE,UNAVAILABLE,132,4,ACTIVE,711,D_P3-A5.NC,D_P3-A5.NC,6,0.000668021,20,0.0005,1612515.148,468952.227,184.4,2584.3984,100,16.93333,55,100,0,2,100,4400.0,4500,1200,3.9,25.0,0.2,14,368.8779457,800,300,3.0,22.7,0.2,2,229.6165904,2500,900,2.8,26,0.2,32,-297.446094,1600,700,2.3,27.9,0.2
178.35251,1,AUTO,ARMED,5,AVAILABLE,UNAVAILABLE,UNAVAILABLE,132,4,ACTIVE,711,D_P3-A5.NC,D_P3-A5.NC,6,0.000668021,20,0.0005,1612515.148,468952.227,184.4,2584.3984,100,16.93333,56,100,0,2,100,4400.0,4500,1200,3.9,25.0,0.2,14,372.3702666,800,300,3.0,22.7,0.2,2,229.6165561,2500,900,2.8,26,0.2,32,-297.4461054,1600,700,2.3,27.9,0.2
178.504696,1,AUTO,ARMED,5,AVAILABLE,UNAVAILABLE,UNAVAILABLE,132,4,ACTIVE,711,D_P3-A5.NC,D_P3-A5.NC,6,0.000668021,20,0.0005,1612515.148,468952.227,184.4,2008.0695,100,16.93333,56,100,0,0,100,4400.0,4500,1200,3.9,25.0,0.2,14,374.1144243,800,300,3.0,22.7,0.2,2,229.6166018,2500,900,2.8,26,0.2,32,-297.4461054,1600,700,2.3,27.9,0.2
178.651096,1,AUTO,ARMED,5,AVAILABLE,UNAVAILABLE,UNAVAILABLE,132,4,ACTIVE,711,D_P3-A5.NC,D_P3-A5.NC,6,0.000668021,20,0.0005,1612515.148,468952.227,184.4,2008.0695,100,16.93333,56,100,0,0,100,4400.0,4500,1200,3.9,25.0,0.2,14,377.6111512,800,300,3.0,22.7,0.2,2,229.6166133,2500,900,2.8,26,0.2,32,-297.446094,1600,700,2.3,27.9,0.2
178.833943,1,AUTO,ARMED,5,AVAILABLE,UNAVAILABLE,UNAVAILABLE,132,4,ACTIVE,711,D_P3-A5.NC,D_P3-A5.NC,6,0.000668021,20,0.0005,1612515.148,468952.227,184.4,2008.0695,100,16.93333,56,100,0,1,100,4400.0,2300,700,3.5,25.0,0.1,13,380.2230848,200,0,4.1,22.7,0.0,2,229.616579,1900,800,2.5,26,0.1,32,-297.4461169,1300,600,2.0,27.9,0.2
178.987701,1,AUTO,ARMED,5,AVAILABLE,UNAVAILABLE,UNAVAILABLE,132,4,ACTIVE,711,D_P3-A5.NC,D_P3-A5.NC,6,0.000668021,20,0.0005,1612515.148,468952.227,184.4,2008.0695,100,16.93333,56,100,0,1,100,4400.0,2300,700,3.5,25.0,0.1,13,381.9672829,200,0,4.1,22.7,0.0,2,229.6166018,1900,800,2.5,26,0.1,32,-297.446094,1300,600,2.0,27.9,0.2
179.138969,1,AUTO,ARMED,5,AVAILABLE,UNAVAILABLE,UNAVAILABLE,132,4,ACTIVE,711,D_P3-A5.NC,D_P3-A5.NC,6,0.000668021,20,0.0005,1612515.148,468952.227,184.4,2008.0695,100,16.93333,56,100,0,0,100,4400.0,2300,700,3.5,25.0,0.1,14,385.4643093,200,0,4.1,22.7,0.0,2,229.6166247,1900,800,2.5,26,0.1,32,-297.4461054,1300,600,2.0,27.9,0.2
179.282928,1,AUTO,ARMED,5,AVAILABLE,UNAVAILABLE,UNAVAILABLE,132,4,ACTIVE,711,D_P3-A5.NC,D_P3-A5.NC,6,0.000668021,20,0.0005,1612515.148,468952.227,184.4,2008.0695,100,16.93333,56,100,0,0,100,4400.0,2300,700,3.5,25.0,0.1,10,387.2085364,200,0,4.1,22.7,0.0,2,229.6166476,1900,800,2.5,26,0.1,32,-297.446094,1300,600,2.0,27.9,0.2
179.441048,1,AUTO,ARMED,5,AVAILABLE,UNAVAILABLE,UNAVAILABLE,132,4,ACTIVE,711,D_P3-A5.NC,D_P3-A5.NC,6,0.000668021,20,0.0005,1612515.148,468952.227,184.4,2008.0695,100,16.93333,57,100,0,0,100,4400.0,2300,700,3.5,25.0,0.1,10,388.9564717,200,0,4.1,22.7,0.0,1,229.6166247,1900,800,2.5,26,0.1,32,-297.446094,1300,600,2.0,27.9,0.2
179.599392,1,AUTO,ARMED,5,AVAILABLE,UNAVAILABLE,UNAVAILABLE,132,4,ACTIVE,711,D_P3-A5.NC,D_P3-A5.NC,6,0.000668021,20,0.0005,1612515.148,468952.227,184.4,1995.585,100,16.93333,57,100,0,1,100,4400.0,2300,700,3.5,25.0,0.1,9,394.1933075,200,0,4.1,22.7,0.0,1,229.6166018,1900,800,2.5,26,0.1,32,-297.446094,1300,600,2.0,27.9,0.2
179.757013,1,AUTO,ARMED,5,AVAILABLE,UNAVAILABLE,UNAVAILABLE,132,4,ACTIVE,711,D_P3-A5.NC,D_P3-A5.NC,6,0.000668021,20,0.0005,1612515.148,468952.227,184.4,1995.585,100,16.93333,57,100,0,1,100,4400.0,2300,700,3.5,25.0,0.1,9,395.9371569,200,0,4.1,22.7,0.0,1,229.6166018,1900,800,2.5,26,0.1,32,-297.446094,1300,600,2.0,27.9,0.2
179.899252,1,AUTO,ARMED,5,AVAILABLE,UNAVAILABLE,UNAVAILABLE,132,4,ACTIVE,711,D_P3-A5.NC,D_P3-A5.NC,6,0.000668021,20,0.0005,1612515.148,468952.227,184.4,1995.585,100,16.93333,57,100,0,0,100,4400.0,2300,700,3.5,25.0,0.1,10,397.6814527,200,0,4.1,22.7,0.0,1,229.6166018,1900,800,2.5,26,0.1,32,-297.4461054,1300,600,2.0,27.9,0.2
180.037917,1,AUTO,ARMED,5,AVAILABLE,UNAVAILABLE,UNAVAILABLE,133,4,ACTIVE,711,D_P3-A5.NC,D_P3-A5.NC,6,0.000668021,20,0.0005,1612515.148,468952.227,184.4,1995.585,100,8.466667,57,100,0,0,100,4400.0,2300,700,3.5,25.0,0.1,2,399.8397566,200,0,4.1,22.7,0.0,1,229.6166018,1900,800,2.5,26,0.1,32,-297.4461054,1300,600,2.0,27.9,0.2
180.179085,1,AUTO,ARMED,5,AVAILABLE,UNAVAILABLE,UNAVAILABLE,133,4,ACTIVE,711,D_P3-A5.NC,D_P3-A5.NC,6,0.000668021,20,0.0005,1612515.148,468952.227,184.4,1995.585,100,0.0,57,100,0,0,100,4400.0,2300,700,3.5,25.0,0.1,2,399.8407523,200,0,4.1,22.7,0.0,1,229.6166133,1900,800,2.5,26,0.1,32,-297.4461054,1300,600,2.0,27.9,0.2
180.332623,1,AUTO,ARMED,5,AVAILABLE,UNAVAILABLE,UNAVAILABLE,133,4,ACTIVE,711,D_P3-A5.NC,D_P3-A5.NC,6,0.000668021,20,0.0005,1612515.148,468952.227,184.4,1995.585,100,0.0,57,100,0,0,100,4400.0,2300,700,3.5,25.0,0.1,2,399.840924,200,0,4.1,22.7,0.0,1,229.6166018,1900,800,2.5,26,0.1,32,-297.446094,1300,600,2.0,27.9,0.2
180.502812,1,AUTO,ARMED,5,AVAILABLE,UNAVAILABLE,UNAVAILABLE,133,4,ACTIVE,711,D_P3-A5.NC,D_P3-A5.NC,6,0.000668021,20,0.0005,1612515.148,468952.227,184.4,1995.585,100,0.0,58,100,0,0,100,4400.0,2300,700,3.5,25.0,0.1,7,399.8409126,200,0,4.1,22.7,0.0,1,229.6166018,1900,800,2.5,26,0.1,32,-297.446094,1300,600,2.0,27.9,0.2
180.649973,1,AUTO,ARMED,5,AVAILABLE,UNAVAILABLE,UNAVAILABLE,133,4,ACTIVE,711,D_P3-A5.NC,D_P3-A5.NC,6,0.000668021,20,0.0005,1612515.148,468952.227,184.4,1995.585,100,0.0,58,100,0,1,100,4400.0,2300,700,3.5,25.0,0.1,7,399.8409126,200,0,4.1,22.7,0.0,1,229.6166018,1900,800,2.5,26,0.1,32,-297.446094,1300,600,2.0,27.9,0.2
180.795743,1,AUTO,ARMED,5,AVAILABLE,UNAVAILABLE,UNAVAILABLE,133,4,ACTIVE,711,D_P3-A5.NC,D_P3-A5.NC,6,0.000668021,20,0.0005,1612515.148,468952.227,184.4,2544.8438,100,0.0,58,100,0,0,100,4400.0,2300,700,3.5,25.0,0.1,7,399.8409011,200,0,4.1,22.7,0.0,1,229.6166018,1900,800,2.5,26,0.1,32,-297.4461054,1300,600,2.0,27.9,0.2
180.936112,1,AUTO,ARMED,5,AVAILABLE,UNAVAILABLE,UNAVAILABLE,133,4,ACTIVE,711,D_P3-A5.NC,D_P3-A5.NC,6,0.000668021,20,0.0005,1612515.148,468952.227,184.4,2544.8438,100,0.0,58,100,0,0,100,4400.0,2400,700,3.6,25.0,0.2,6,399.8409011,700,200,2.9,22.7,0.1,1,229.6165904,1700,500,3.1,26,0.2,32,-297.446094,1500,700,2.3,27.9,0.1
181.080835,1,AUTO,ARMED,5,AVAILABLE,UNAVAILABLE,UNAVAILABLE,135,4,ACTIVE,711,D_P3-A5.NC,D_P3-A5.NC,6,0.000668021,20,0.0005,1612515.148,468952.227,184.4,2544.8438,100,0.0,58,100,0,0,100,4400.0,2400,700,3.6,25.0,0.2,6,399.8409011,700,200,2.9,22.7,0.1,1,229.6204356,1700,500,3.1,26,0.2,32,-297.446094,1500,700,2.3,27.9,0.1
181.224934,1,AUTO,ARMED,5,AVAILABLE,UNAVAILABLE,UNAVAILABLE,135,4,ACTIVE,711,D_P3-A5.NC,D_P3-A5.NC,6,0.000668021,20,0.0005,1612515.148,468952.227,184.4,2544.8438,100,0.0,58,100,0,0,100,4400.0,2400,700,3.6,25.0,0.2,9,399.2955166,700,200,2.9,22.7,0.1,1,230.2502208,1700,500,3.1,26,0.2,32,-297.446094,1500,700,2.3,27.9,0.1
181.373923,1,AUTO,ARMED,5,AVAILABLE,UNAVAILABLE,UNAVAILABLE,135,4,ACTIVE,711,D_P3-A5.NC,D_P3-A5.NC,6,0.000668021,20,0.0005,1612515.148,468952.227,184.4,2544.8438,100,16.93333,59,100,0,0,100,4400.0,2400,700,3.6,25.0,0.2,9,394.0575035,700,200,2.9,22.7,0.1,4,230.2516628,1700,500,3.1,26,0.2,32,-297.4461054,1500,700,2.3,27.9,0.1
181.525337,1,AUTO,ARMED,5,AVAILABLE,UNAVAILABLE,UNAVAILABLE,135,4,ACTIVE,711,D_P3-A5.NC,D_P3-A5.NC,6,0.000668021,20,0.0005,1612515.148,468952.227,184.4,2544.8438,100,16.93333,59,100,0,0,100,4400.0,2400,700,3.6,25.0,0.2,8,392.3178014,700,200,2.9,22.7,0.1,4,230.2516399,1700,500,3.1,26,0.2,32,-297.4461054,1500,700,2.3,27.9,0.1
181.663209,1,AUTO,ARMED,5,AVAILABLE,UNAVAILABLE,UNAVAILABLE,135,4,ACTIVE,711,D_P3-A5.NC,D_P3-A5.NC,6,0.000668021,20,0.0005,1612515.148,468952.227,184.4,2544.8438,100,16.93333,59,100,0,0,100,4400.0,2400,700,3.6,25.0,0.2,8,390.5649835,700,200,2.9,22.7,0.1,4,230.2516284,1700,500,3.1,26,0.2,32,-297.446094,1500,700,2.3,27.9,0.1
181.807395,1,AUTO,ARMED,5,AVAILABLE,UNAVAILABLE,UNAVAILABLE,135,4,ACTIVE,711,D_P3-A5.NC,D_P3-A5.NC,6,0.001168144,20,0.0005,1612515.148,468952.227,184.4,2533.4392,100,16.93333,59,100,0,1,100,4400.0,2400,700,3.6,25.0,0.2,8,388.8248924,700,200,2.9,22.7,0.1,3,230.251514,1700,500,3.1,26,0.2,32,-297.446094,1500,700,2.3,27.9,0.1
181.947738,1,AUTO,ARMED,5,AVAILABLE,UNAVAILABLE,UNAVAILABLE,135,4,ACTIVE,711,D_P3-A5.NC,D_P3-A5.NC,6,0.001168144,20,0.0005,1612515.148,468952.227,184.4,2533.4392,100,16.93333,59,100,0,1,100,4400.0,2400,700,3.6,25.0,0.2,8,385.3283553,700,200,2.9,22.7,0.1,3,230.2514797,1700,500,3.1,26,0.2,32,-297.4461054,1500,700,2.3,27.9,0.1
182.088884,1,AUTO,ARMED,5,AVAILABLE,UNAVAILABLE,UNAVAILABLE,135,4,ACTIVE,711,D_P3-A5.NC,D_P3-A5.NC,6,0.001168144,20,0.0005,1612515.148,468952.227,184.4,2533.4392,100,16.93333,59,100,0,2,100,4400.0,2400,700,3.6,25.0,0.2,5,383.5841897,700,200,2.9,22.7,0.1,5,230.2516056,1700,500,3.1,26,0.2,32,-297.4461054,1500,700,2.3,27.9,0.1
182.229528,1,AUTO,ARMED,5,AVAILABLE,UNAVAILABLE,UNAVAILABLE,135,4,ACTIVE,711,D_P3-A5.NC,D_P3-A5.NC,6,0.000668021,20,0.0005,1612515.148,468952.227,184.4,2533.4392,100,16.93333,0,100,0,3,100,4400.0,2400,700,3.6,25.0,0.2,7,380.0962609,700,200,2.9,22.7,0.1,5,230.251617,1700,500,3.1,26,0.2,32,-297.4461169,1500,700,2.3,27.9,0.1
182.374249,1,AUTO,ARMED,5,AVAILABLE,UNAVAILABLE,UNAVAILABLE,135,4,ACTIVE,711,D_P3-A5.NC,D_P3-A5.NC,6,0.000167898,20,0.0005,1612515.148,468952.227,184.4,2533.4392,100,16.93333,0,100,0,3,100,4400.0,3700,1100,3.3,25.0,0.2,7,378.3475368,700,200,2.9,22.7,0.1,5,230.2515483,1800,500,3.3,26,0.2,32,-297.4461054,1500,700,2.2,27.9,0.1
182.511229,1,AUTO,ARMED,5,AVAILABLE,UNAVAILABLE,UNAVAILABLE,135,4,ACTIVE,711,D_P3-A5.NC,D_P3-A5.NC,6,0.000668021,20,0.0005,1612515.148,468952.227,184.4,2533.4392,100,16.93333,0,100,0,1,100,4400.0,3700,1100,3.3,25.0,0.2,6,377.4755265,700,200,2.9,22.7,0.1,5,230.2515941,1800,500,3.3,26,0.2,32,-297.4460825,1500,700,2.2,27.9,0.1
182.652206,1,AUTO,ARMED,5,AVAILABLE,UNAVAILABLE,UNAVAILABLE,135,4,ACTIVE,711,D_P3-A5.NC,D_P3-A5.NC,6,0.000668021,20,0.0005,1612515.148,468952.227,184.4,2533.4392,100,16.93333,0,100,0,0,100,4400.0,3700,1100,3.3,25.0,0.2,6,373.9788449,700,200,2.9,22.7,0.1,5,230.2515483,1800,500,3.3,26,0.2,32,-297.446094,1500,700,2.2,27.9,0.1
182.79328,1,AUTO,ARMED,5,AVAILABLE,UNAVAILABLE,UNAVAILABLE,135,4,ACTIVE,711,D_P3-A5.NC,D_P3-A5.NC,6,0.000668021,20,0.0005,1612515.148,468952.227,184.4,2555.8643,100,16.93333,0,100,0,0,100,4400.0,3700,1100,3.3,25.0,0.2,6,372.2347328,700,200,2.9,22.7,0.1,5,230.251617,1800,500,3.3,26,0.2,32,-297.4461169,1500,700,2.2,27.9,0.1
182.936824,1,AUTO,ARMED,5,AVAILABLE,UNAVAILABLE,UNAVAILABLE,135,4,ACTIVE,711,D_P3-A5.NC,D_P3-A5.NC,6,0.001168144,20,0.0005,1612515.148,468952.227,184.4,2555.8643,100,16.93333,0,100,0,0,100,4400.0,3700,1100,3.3,25.0,0.2,7,368.7506284,700,200,2.9,22.7,0.1,5,230.2516284,1800,500,3.3,26,0.2,32,-297.4460825,1500,700,2.2,27.9,0.1
183.081742,1,AUTO,ARMED,5,AVAILABLE,UNAVAILABLE,UNAVAILABLE,135,4,ACTIVE,711,D_P3-A5.NC,D_P3-A5.NC,6,0.000668021,20,0.0005,1612515.148,468952.227,184.4,2555.8643,100,16.93333,0,100,0,2,100,4400.0,3700,1100,3.3,25.0,0.2,5,366.9981848,700,200,2.9,22.7,0.1,5,230.2516056,1800,500,3.3,26,0.2,32,-297.446094,1500,700,2.2,27.9,0.1
183.221068,1,AUTO,ARMED,5,AVAILABLE,UNAVAILABLE,UNAVAILABLE,135,4,ACTIVE,711,D_P3-A5.NC,D_P3-A5.NC,6,0.000167898,20,0.0005,1612515.148,468952.227,184.4,2555.8643,100,16.93333,0,100,0,2,100,4400.0,3700,1100,3.3,25.0,0.2,5,365.2538896,700,200,2.9,22.7,0.1,5,230.2516284,1800,500,3.3,26,0.2,32,-297.4461054,1500,700,2.2,27.9,0.1
183.364934,1,AUTO,ARMED,5,AVAILABLE,UNAVAILABLE,UNAVAILABLE,135,4,ACTIVE,711,D_P3-A5.NC,D_P3-A5.NC,6,0.000668021,20,0.0005,1612515.148,468952.227,184.4,2555.8643,100,16.93333,0,100,0,0,100,4400.0,3700,1100,3.3,25.0,0.2,7,363.5142521,700,200,2.9,22.7,0.1,5,230.2516284,1800,500,3.3,26,0.2,32,-297.4461169,1500,700,2.2,27.9,0.1
183.500841,1,AUTO,ARMED,5,AVAILABLE,UNAVAILABLE,UNAVAILABLE,135,4,ACTIVE,711,D_P3-A5.NC,D_P3-A5.NC,6,0.001168144,20,0.0005,1612515.148,468952.227,184.4,2555.8643,100,16.93333,1,100,0,0,100,4400.0,3700,1100,3.3,25.0,0.2,5,360.017479,700,200,2.9,22.7,0.1,5,230.251617,1800,500,3.3,26,0.2,32,-297.4461054,1500,700,2.2,27.9,0.1
183.640756,1,AUTO,ARMED,5,AVAILABLE,UNAVAILABLE,UNAVAILABLE,135,4,ACTIVE,711,D_P3-A5.NC,D_P3-A5.NC,6,0.000668021,20,0.0005,1612515.148,468952.227,184.4,2555.8643,100,16.93333,1,100,0,0,100,4400.0,3600,1100,3.2,25.0,0.2,5,358.2773036,700,200,4.2,22.7,0.1,5,230.2515483,1600,500,3.1,26,0.2,32,-297.4461054,1500,700,2.2,27.9,0.1
183.783309,1,AUTO,ARMED,5,AVAILABLE,UNAVAILABLE,UNAVAILABLE,135,4,ACTIVE,711,D_P3-A5.NC,D_P3-A5.NC,6,0.001168144,20,0.0005,1612515.148,468952.227,184.4,2200.4373,100,16.93333,1,100,0,1,100,4400.0,3600,1100,3.2,25.0,0.2,6,354.7848112,700,200,4.2,22.7,0.1,5,230.2515827,1600,500,3.1,26,0.2,32,-297.446094,1500,700,2.2,27.9,0.1
183.940469,1,AUTO,ARMED,5,AVAILABLE,UNAVAILABLE,UNAVAILABLE,135,4,ACTIVE,711,D_P3-A5.NC,D_P3-A5.NC,6,0.000167898,20,0.0005,1612515.148,468952.227,184.4,2200.4373,100,16.93333,1,100,0,2,100,4400.0,3600,1100,3.2,25.0,0.2,6,351.2882269,700,200,4.2,22.7,0.1,5,230.251617,1600,500,3.1,26,0.2,32,-297.4461283,1500,700,2.2,27.9,0.1
184.172524,1,AUTO,ARMED,5,AVAILABLE,UNAVAILABLE,UNAVAILABLE,135,4,ACTIVE,711,D_P3-A5.NC,D_P3-A5.NC,6,0.001168144,20,0.0005,1612515.148,468952.227,184.4,2200.4373,100,16.93333,1,100,0,0,100,4400.0,3600,1100,3.2,25.0,0.2,6,347.7999967,700,200,4.2,22.7,0.1,5,230.2516399,1600,500,3.1,26,0.2,32,-297.4461054,1500,700,2.2,27.9,0.1
184.330393,1,AUTO,ARMED,5,AVAILABLE,UNAVAILABLE,UNAVAILABLE,135,4,ACTIVE,711,D_P3-A5.NC,D_P3-A5.NC,6,0.000167898,20,0.0005,1612515.148,468952.227,184.4,2200.4373,100,16.93333,2,100,0,1,100,4400.0,3600,1100,3.2,25.0,0.2,6,345.1796327,700,200,4.2,22.7,0.1,5,230.2516056,1600,500,3.1,26,0.2,32,-297.4461054,1500,700,2.2,27.9,0.1
184.46925,1,AUTO,ARMED,5,AVAILABLE,UNAVAILABLE,UNAVAILABLE,135,4,ACTIVE,711,D_P3-A5.NC,D_P3-A5.NC,6,0.000668021,20,0.0005,1612515.148,468952.227,184.4,2200.4373,100,16.93333,2,100,0,1,100,4400.0,3600,1100,3.2,25.0,0.2,6,343.4351915,700,200,4.2,22.7,0.1,5,230.2516284,1600,500,3.1,26,0.2,32,-297.4461169,1500,700,2.2,27.9,0.1
184.660201,1,AUTO,ARMED,5,AVAILABLE,UNAVAILABLE,UNAVAILABLE,135,4,ACTIVE,711,D_P3-A5.NC,D_P3-A5.NC,6,0.001168144,20,0.0005,1612515.148,468952.227,184.4,2200.4373,100,16.93333,2,100,0,1,100,4400.0,3600,1100,3.2,25.0,0.2,6,341.691311,700,200,4.2,22.7,0.1,5,230.2515827,1600,500,3.1,26,0.2,32,-297.4460825,1500,700,2.2,27.9,0.1
184.801383,1,AUTO,ARMED,5,AVAILABLE,UNAVAILABLE,UNAVAILABLE,135,4,ACTIVE,711,D_P3-A5.NC,D_P3-A5.NC,6,0.000668021,20,0.0005,1612515.148,468952.227,184.4,2200.4373,100,16.93333,2,100,0,2,100,4400.0,3600,1100,3.2,25.0,0.2,6,336.4545312,700,200,4.2,22.7,0.1,5,230.251617,1600,500,3.1,26,0.2,32,-297.4461054,1500,700,2.2,27.9,0.1
184.948815,1,AUTO,ARMED,5,AVAILABLE,UNAVAILABLE,UNAVAILABLE,135,4,ACTIVE,711,D_P3-A5.NC,D_P3-A5.NC,6,0.001168144,20,0.0005,1612515.148,468952.227,184.4,1974.4348,100,16.93333,2,100,0,1,100,4400.0,3600,1100,3.2,25.0,0.2,5,334.7062791,700,200,4.2,22.7,0.1,5,230.2515712,1600,500,3.1,26,0.2,32,-297.4460825,1500,700,2.2,27.9,0.1
185.131761,1,AUTO,ARMED,5,AVAILABLE,UNAVAILABLE,UNAVAILABLE,135,4,ACTIVE,711,D_P3-A5.NC,D_P3-A5.NC,6,0.000668021,20,0.0005,1612515.148,468952.227,184.4,1974.4348,100,16.93333,2,100,0,0,100,4400.0,2400,700,3.4,25.0,0.1,8,331.218232,200,0,4.1,22.7,0.0,4,230.2517314,1300,400,3.0,26,0.1,32,-297.446094,1200,600,1.9,27.9,0.1
185.288476,1,AUTO,ARMED,5,AVAILABLE,UNAVAILABLE,UNAVAILABLE,135,4,ACTIVE,711,D_P3-A5.NC,D_P3-A5.NC,6,0.000668021,20,0.0005,1612515.148,468952.227,184.4,1974.4348,100,16.93333,2,100,0,0,100,4400.0,2400,700,3.4,25.0,0.1,8,329.473705,200,0,4.1,22.7,0.0,4,230.2516857,1300,400,3.0,26,0.1,32,-297.446094,1200,600,1.9,27.9,0.1
185.464893,1,AUTO,ARMED,5,AVAILABLE,UNAVAILABLE,UNAVAILABLE,135,4,ACTIVE,711,D_P3-A5.NC,D_P3-A5.NC,6,0.000668021,20,0.0005,1612515.148,468952.227,184.4,1974.4348,100,16.93333,3,100,0,1,100,4400.0,2400,700,3.4,25.0,0.1,9,327.7212022,200,0,4.1,22.7,0.0,3,230.251617,1300,400,3.0,26,0.1,32,-297.446094,1200,600,1.9,27.9,0.1
185.62598,1,AUTO,ARMED,5,AVAILABLE,UNAVAILABLE,UNAVAILABLE,135,4,ACTIVE,711,D_P3-A5.NC,D_P3-A5.NC,6,0.000668021,20,0.0005,1612515.148,468952.227,184.4,1974.4348,100,16.93333,3,100,0,0,100,4400.0,2400,700,3.4,25.0,0.1,9,322.484649,200,0,4.1,22.7,0.0,3,230.2516056,1300,400,3.0,26,0.1,32,-297.446094,1200,600,1.9,27.9,0.1
185.78393,1,AUTO,ARMED,5,AVAILABLE,UNAVAILABLE,UNAVAILABLE,135,4,ACTIVE,711,D_P3-A5.NC,D_P3-A5.NC,6,0.000668021,20,0.0005,1612515.148,468952.227,184.4,2003.5936,100,16.93333,3,100,0,0,100,4400.0,2400,700,3.4,25.0,0.1,9,320.7445636,200,0,4.1,22.7,0.0,3,230.2516056,1300,400,3.0,26,0.1,32,-297.4461054,1200,600,1.9,27.9,0.1
185.935352,1,AUTO,ARMED,5,AVAILABLE,UNAVAILABLE,UNAVAILABLE,136,4,ACTIVE,711,D_P3-A5.NC,D_P3-A5.NC,6,0.000668021,20,0.0005,1612515.148,468952.227,184.4,2003.5936,100,11.28333,3,100,0,0,100,4400.0,2400,700,3.4,25.0,0.1,8,318.5617089,200,0,4.1,22.7,0.0,3,230.2516056,1300,400,3.0,26,0.1,32,-297.4461054,1200,600,1.9,27.9,0.1
186.092215,1,AUTO,ARMED,5,AVAILABLE,UNAVAILABLE,UNAVAILABLE,136,4,ACTIVE,711,D_P3-A5.NC,D_P3-A5.NC,6,0.000668021,20,0.0005,1612515.148,468952.227,184.4,2003.5936,100,0.0,3,100,0,0,100,4400.0,2400,700,3.4,25.0,0.1,7,318.5608162,200,0,4.1,22.7,0.0,3,230.2516056,1300,400,3.0,26,0.1,32,-297.4461054,1200,600,1.9,27.9,0.1
186.245684,1,AUTO,ARMED,5,AVAILABLE,UNAVAILABLE,UNAVAILABLE,136,4,ACTIVE,711,D_P3-A5.NC,D_P3-A5.NC,6,0.000668021,20,0.0005,1612515.148,468952.227,184.4,2003.5936,100,0.0,3,100,0,0,100,4400.0,2400,700,3.4,25.0,0.1,7,318.5608391,200,0,4.1,22.7,0.0,3,230.2515941,1300,400,3.0,26,0.1,32,-297.446094,1200,600,1.9,27.9,0.1
186.41269,1,AUTO,ARMED,5,AVAILABLE,UNAVAILABLE,UNAVAILABLE,136,4,ACTIVE,711,D_P3-A5.NC,D_P3-A5.NC,6,0.000668021,20,0.0005,1612515.148,468952.227,184.4,2003.5936,100,0.0,4,100,0,1,100,4400.0,2700,700,3.9,25.0,0.1,6,318.5608849,300,100,4.6,22.7,0.1,3,230.2516056,1400,400,3.2,26,0.1,32,-297.4461054,1200,600,1.9,27.9,0.1
186.586519,1,AUTO,ARMED,5,AVAILABLE,UNAVAILABLE,UNAVAILABLE,136,4,ACTIVE,711,D_P3-A5.NC,D_P3-A5.NC,6,0.000668021,20,0.0005,1612515.148,468952.227,184.4,2003.5936,100,0.0,4,100,0,1,100,4400.0,2700,700,3.9,25.0,0.1,6,318.5608964,300,100,4.6,22.7,0.1,3,230.2516056,1400,400,3.2,26,0.1,32,-297.446094,1200,600,1.9,27.9,0.1
186.746788,1,AUTO,ARMED,5,AVAILABLE,UNAVAILABLE,UNAVAILABLE,136,4,ACTIVE,711,D_P3-A5.NC,D_P3-A5.NC,6,0.000668021,20,0.0005,1612515.148,468952.227,184.4,2003.5936,100,0.0,4,100,0,0,100,4400.0,2700,700,3.9,25.0,0.1,6,318.5608964,300,100,4.6,22.7,0.1,3,230.2516056,1400,400,3.2,26,0.1,32,-297.446094,1200,600,1.9,27.9,0.1
186.940419,1,AUTO,ARMED,5,AVAILABLE,UNAVAILABLE,UNAVAILABLE,139,4,ACTIVE,711,D_P3-A5.NC,D_P3-A5.NC,6,0.000668021,20,0.0005,1612515.148,468952.227,184.4,1996.9055,100,0.0,4,100,0,0,100,4400.0,2700,700,3.9,25.0,0.1,6,318.5608964,300,100,4.6,22.7,0.1,3,230.2516056,1400,400,3.2,26,0.1,32,-297.4461054,1200,600,1.9,27.9,0.1
187.142792,1,AUTO,ARMED,5,AVAILABLE,UNAVAILABLE,UNAVAILABLE,139,4,ACTIVE,711,D_P3-A5.NC,D_P3-A5.NC,6,0.000668021,20,0.0005,1612515.148,468952.227,184.4,1996.9055,100,0.0,4,100,0,0,100,4400.0,2700,700,3.9,25.0,0.1,6,318.5608964,300,100,4.6,22.7,0.1,10,230.8862888,1400,400,3.2,26,0.1,32,-297.446094,1200,600,1.9,27.9,0.1
187.386372,1,AUTO,ARMED,5,AVAILABLE,UNAVAILABLE,UNAVAILABLE,140,4,ACTIVE,711,D_P3-A5.NC,D_P3-A5.NC,6,0.000668021,20,0.0005,1612515.148,468952.227,184.4,1996.9055,100,0.0,5,100,0,1,100,4400.0,2700,700,3.9,25.0,0.1,6,318.5608964,300,100,4.6,22.7,0.1,0,230.8865864,1400,400,3.2,26,0.1,32,-297.4461054,1200,600,1.9,27.9,0.1
187.554318,1,AUTO,ARMED,5,AVAILABLE,UNAVAILABLE,UNAVAILABLE,140,4,ACTIVE,711,D_P3-A5.NC,D_P3-A5.NC,6,0.000668021,20,0.0005,1612515.148,468952.227,184.4,1996.9055,100,0.0,5,100,0,0,100,4400.0,2700,700,3.9,25.0,0.1,6,318.5608964,300,100,4.6,22.7,0.1,1,230.8865978,1400,400,3.2,26,0.1,32,-297.446094,1200,600,1.9,27.9,0.1
187.740417,1,AUTO,ARMED,5,AVAILABLE,UNAVAILABLE,UNAVAILABLE,140,4,ACTIVE,711,D_P3-A5.NC,D_P3-A5.NC,6,0.000668021,20,0.0005,1612515.148,468952.227,184.4,1996.9055,100,0.0,5,100,0,0,100,4400.0,2700,700,3.9,25.0,0.1,5,318.5608964,300,100,4.6,22.7,0.1,1,230.8865978,1400,400,3.2,26,0.1,32,-297.4461054,1200,600,1.9,27.9,0.1
187.897364,1,AUTO,ARMED,5,AVAILABLE,UNAVAILABLE,UNAVAILABLE,140,4,ACTIVE,711,D_P3-A5.NC,D_P3-A5.NC,6,0.000668021,20,0.0005,1612515.148,468952.227,184.4,1996.9055,100,0.0,5,100,0,0,100,4400.0,2700,700,3.9,25.0,0.1,5,318.5608964,300,100,4.6,22.7,0.1,1,230.8865978,1400,400,3.2,26,0.1,32,-297.4461054,1200,600,1.9,27.9,0.1
188.046009,1,AUTO,ARMED,5,AVAILABLE,UNAVAILABLE,UNAVAILABLE,140,4,ACTIVE,711,D_P3-A5.NC,D_P3-A5.NC,6,0.000668021,20,0.0005,1612515.148,468952.227,184.4,1996.9055,100,0.0,5,100,0,1,100,4400.0,2700,700,3.9,25.0,0.1,6,318.5609078,300,100,4.6,22.7,0.1,1,230.8865978,1400,400,3.2,26,0.1,32,-297.446094,1200,600,1.9,27.9,0.1
188.195466,1,AUTO,ARMED,5,AVAILABLE,UNAVAILABLE,UNAVAILABLE,141,4,ACTIVE,711,D_P3-A5.NC,D_P3-A5.NC,6,0.000668021,20,0.0005,1612515.148,468952.227,184.4,1996.9055,100,0.0,5,100,0,1,100,4400.0,4200,1200,3.4,25.0,0.2,6,319.7391561,900,300,2.9,22.7,0.2,1,230.8866093,2100,700,3.1,26,0.2,32,-297.4461054,1700,700,2.4,27.9,0.2
188.336371,1,AUTO,ARMED,5,AVAILABLE,UNAVAILABLE,UNAVAILABLE,141,4,ACTIVE,711,D_P3-A5.NC,D_P3-A5.NC,6,0.000668021,20,0.0005,1612515.148,468952.227,184.4,2613.7393,100,19.05,6,100,0,1,100,4400.0,4200,1200,3.4,25.0,0.2,8,321.700072,900,300,2.9,22.7,0.2,1,230.8865978,2100,700,3.1,26,0.2,32,-297.446094,1700,700,2.4,27.9,0.2
188.49234,1,AUTO,ARMED,5,AVAILABLE,UNAVAILABLE,UNAVAILABLE,141,4,ACTIVE,711,D_P3-A5.NC,D_P3-A5.NC,6,0.000668021,20,0.0005,1612515.148,468952.227,184.4,2613.7393,100,19.05,6,100,0,0,100,4400.0,4200,1200,3.4,25.0,0.2,8,325.634012,900,300,2.9,22.7,0.2,1,230.8865978,2100,700,3.1,26,0.2,32,-297.446094,1700,700,2.4,27.9,0.2
188.706702,1,AUTO,ARMED,5,AVAILABLE,UNAVAILABLE,UNAVAILABLE,141,4,ACTIVE,711,D_P3-A5.NC,D_P3-A5.NC,6,0.000668021,20,0.0005,1612515.148,468952.227,184.4,2613.7393,100,19.05,6,100,0,0,100,4400.0,4200,1200,3.4,25.0,0.2,9,329.5529826,900,300,2.9,22.7,0.2,1,230.8865749,2100,700,3.1,26,0.2,32,-297.4461054,1700,700,2.4,27.9,0.2
188.845672,1,AUTO,ARMED,5,AVAILABLE,UNAVAILABLE,UNAVAILABLE,141,4,ACTIVE,711,D_P3-A5.NC,D_P3-A5.NC,6,0.000668021,20,0.0005,1612515.148,468952.227,184.4,2613.7393,100,19.05,6,100,0,3,100,4400.0,4200,1200,3.4,25.0,0.2,12,333.4872487,900,300,2.9,22.7,0.2,1,230.8865978,2100,700,3.1,26,0.2,32,-297.4461054,1700,700,2.4,27.9,0.2
188.989591,1,AUTO,ARMED,5,AVAILABLE,UNAVAILABLE,UNAVAILABLE,141,4,ACTIVE,711,D_P3-A5.NC,D_P3-A5.NC,6,0.000668021,20,0.0005,1612515.148,468952.227,184.4,2613.7393,100,19.05,6,100,0,0,100,4400.0,4200,1200,3.4,25.0,0.2,14,335.4496258,900,300,2.9,22.7,0.2,1,230.8865635,2100,700,3.1,26,0.2,32,-297.4460825,1700,700,2.4,27.9,0.2
189.146699,1,AUTO,ARMED,5,AVAILABLE,UNAVAILABLE,UNAVAILABLE,141,4,ACTIVE,711,D_P3-A5.NC,D_P3-A5.NC,6,0.000668021,20,0.0005,1612515.148,468952.227,184.4,2613.7393,100,19.05,6,100,0,0,100,4400.0,4200,1200,3.4,25.0,0.2,14,339.3783855,900,300,2.9,22.7,0.2,1,230.8865635,2100,700,3.1,26,0.2,32,-297.4461169,1700,700,2.4,27.9,0.2
189.307003,1,AUTO,ARMED,5,AVAILABLE,UNAVAILABLE,UNAVAILABLE,141,4,ACTIVE,711,D_P3-A5.NC,D_P3-A5.NC,6,0.000668021,20,0.0005,1612515.148,468952.227,184.4,2613.7393,100,19.05,6,100,0,1,100,4400.0,4200,1200,3.4,25.0,0.2,12,341.3408427,900,300,2.9,22.7,0.2,1,230.8865978,2100,700,3.1,26,0.2,32,-297.446094,1700,700,2.4,27.9,0.2
189.464617,1,AUTO,ARMED,5,AVAILABLE,UNAVAILABLE,UNAVAILABLE,141,4,ACTIVE,711,D_P3-A5.NC,D_P3-A5.NC,6,0.000668021,20,0.0005,1612515.148,468952.227,184.4,2611.2739,100,19.05,7,100,0,1,100,4400.0,4200,1200,3.4,25.0,0.2,12,343.3122263,900,300,2.9,22.7,0.2,1,230.8865978,2100,700,3.1,26,0.2,32,-297.4461054,1700,700,2.4,27.9,0.2
189.610983,1,AUTO,ARMED,5,AVAILABLE,UNAVAILABLE,UNAVAILABLE,141,4,ACTIVE,711,D_P3-A5.NC,D_P3-A5.NC,6,0.000668021,20,0.0005,1612515.148,468952.227,184.4,2611.2739,100,19.05,7,100,0,1,100,4400.0,4200,1200,3.4,25.0,0.2,13,349.2035347,900,300,2.9,22.7,0.2,1,230.8865978,2100,700,3.1,26,0.2,32,-297.446094,1700,700,2.4,27.9,0.2
189.751967,1,AUTO,ARMED,5,AVAILABLE,UNAVAILABLE,UNAVAILABLE,141,4,ACTIVE,711,D_P3-A5.NC,D_P3-A5.NC,6,0.000668021,20,0.0005,1612515.148,468952.227,184.4,2611.2739,100,19.05,7,100,0,1,100,4400.0,4200,1200,3.4,25.0,0.2,13,351.1659118,900,300,2.9,22.7,0.2,1,230.8866207,2100,700,3.1,26,0.2,32,-297.446094,1700,700,2.4,27.9,0.2
189.890287,1,AUTO,ARMED,5,AVAILABLE,UNAVAILABLE,UNAVAILABLE,141,4,ACTIVE,711,D_P3-A5.NC,D_P3-A5.NC,6,0.000668021,20,0.0005,1612515.148,468952.227,184.4,2611.2739,100,19.05,7,100,0,1,100,4400.0,4400,1200,3.6,25.0,0.2,14,353.1278083,900,300,2.9,22.7,0.2,1,230.8865749,2100,700,3.1,26,0.2,32,-297.4461054,1700,700,2.4,27.9,0.2
190.042664,1,AUTO,ARMED,5,AVAILABLE,UNAVAILABLE,UNAVAILABLE,141,4,ACTIVE,711,D_P3-A5.NC,D_P3-A5.NC,6,0.000668021,20,0.0005,1612515.148,468952.227,184.4,2611.2739,100,19.05,7,100,0,1,100,4400.0,4400,1200,3.6,25.0,0.2,14,355.0948088,900,300,2.9,22.7,0.2,1,230.8865978,2100,700,3.1,26,0.2,32,-297.4461054,1700,700,2.4,27.9,0.2
190.188686,1,AUTO,ARMED,5,AVAILABLE,UNAVAILABLE,UNAVAILABLE,141,4,ACTIVE,711,D_P3-A5.NC,D_P3-A5.NC,6,0.000668021,20,0.0005,1612515.148,468952.227,184.4,2611.2739,100,19.05,7,100,0,1,100,4400.0,4400,1200,3.6,25.0,0.2,13,358.0428314,900,300,2.9,22.7,0.2,1,230.8865749,2100,700,3.1,26,0.2,32,-297.4460825,1700,700,2.4,27.9,0.2
190.351791,1,AUTO,ARMED,5,AVAILABLE,UNAVAILABLE,UNAVAILABLE,141,4,ACTIVE,711,D_P3-A5.NC,D_P3-A5.NC,6,0.000668021,20,0.0005,1612515.148,468952.227,184.4,2611.2739,100,19.05,7,100,0,0,100,4400.0,4400,1200,3.6,25.0,0.2,16,360.0002482,900,300,2.9,22.7,0.2,1,230.8866093,2100,700,3.1,26,0.2,32,-297.4460825,1700,700,2.4,27.9,0.2
190.493051,1,AUTO,ARMED,5,AVAILABLE,UNAVAILABLE,UNAVAILABLE,141,4,ACTIVE,711,D_P3-A5.NC,D_P3-A5.NC,6,0.000668021,20,0.0005,1612515.148,468952.227,184.4,2175.7153,100,19.05,8,100,0,0,100,4400.0,4400,1200,3.6,25.0,0.2,14,361.967152,900,300,2.9,22.7,0.2,1,230.8865635,2100,700,3.1,26,0.2,32,-297.4461054,1700,700,2.4,27.9,0.2
190.63784,1,AUTO,ARMED,5,AVAILABLE,UNAVAILABLE,UNAVAILABLE,141,4,ACTIVE,711,D_P3-A5.NC,D_P3-A5.NC,6,0.000668021,20,0.0005,1612515.148,468952.227,184.4,2175.7153,100,19.05,8,100,0,1,100,4400.0,4400,1200,3.6,25.0,0.2,12,367.8631944,900,300,2.9,22.7,0.2,1,230.8866093,2100,700,3.1,26,0.2,32,-297.4461054,1700,700,2.4,27.9,0.2
190.796204,1,AUTO,ARMED,5,AVAILABLE,UNAVAILABLE,UNAVAILABLE,141,4,ACTIVE,711,D_P3-A5.NC,D_P3-A5.NC,6,0.000668021,20,0.0005,1612515.148,468952.227,184.4,2175.7153,100,19.05,8,100,0,1,100,4400.0,4400,1200,3.6,25.0,0.2,12,369.8250056,900,300,2.9,22.7,0.2,1,230.8866093,2100,700,3.1,26,0.2,32,-297.4461054,1700,700,2.4,27.9,0.2
190.939805,1,AUTO,ARMED,5,AVAILABLE,UNAVAILABLE,UNAVAILABLE,141,4,ACTIVE,711,D_P3-A5.NC,D_P3-A5.NC,6,0.000668021,20,0.0005,1612515.148,468952.227,184.4,2175.7153,100,19.05,8,100,0,0,100,4400.0,4400,1200,3.6,25.0,0.2,14,371.7872976,900,300,2.9,22.7,0.2,1,230.8865978,2100,700,3.1,26,0.2,32,-297.446094,1700,700,2.4,27.9,0.2
191.077678,1,AUTO,ARMED,5,AVAILABLE,UNAVAILABLE,UNAVAILABLE,141,4,ACTIVE,711,D_P3-A5.NC,D_P3-A5.NC,6,0.000668021,20,0.0005,1612515.148,468952.227,184.4,2175.7153,100,19.05,8,100,0,0,100,4400.0,4400,1200,3.6,25.0,0.2,14,373.7496124,900,300,2.9,22.7,0.2,1,230.8866207,2100,700,3.1,26,0.2,32,-297.446094,1700,700,2.4,27.9,0.2
191.216678,1,AUTO,ARMED,5,AVAILABLE,UNAVAILABLE,UNAVAILABLE,141,4,ACTIVE,711,D_P3-A5.NC,D_P3-A5.NC,6,0.000668021,20,0.0005,1612515.148,468952.227,184.4,2175.7153,100,19.05,8,100,0,0,100,4400.0,4400,1200,3.6,25.0,0.2,13,377.6785335,900,300,2.9,22.7,0.2,1,230.8866093,2100,700,3.1,26,0.2,32,-297.4461054,1700,700,2.4,27.9,0.2
191.358794,1,AUTO,ARMED,5,AVAILABLE,UNAVAILABLE,UNAVAILABLE,141,4,ACTIVE,711,D_P3-A5.NC,D_P3-A5.NC,6,0.000668021,20,0.0005,1612515.148,468952.227,184.4,2175.7153,100,19.05,8,100,0,0,100,4400.0,2500,700,3.6,25.0,0.1,13,379.6405736,200,0,4.3,22.7,0.1,1,230.8865864,1200,400,3.3,26,0.1,32,-297.4461054,1200,600,1.9,27.9,0.2
191.495165,1,AUTO,ARMED,5,AVAILABLE,UNAVAILABLE,UNAVAILABLE,141,4,ACTIVE,711,D_P3-A5.NC,D_P3-A5.NC,6,0.000668021,20,0.0005,1612515.148,468952.227,184.4,2175.7153,100,19.05,9,100,0,1,100,4400.0,2500,700,3.6,25.0,0.1,15,383.5697762,200,0,4.3,22.7,0.1,1,230.8865978,1200,400,3.3,26,0.1,32,-297.4461054,1200,600,1.9,27.9,0.2
191.637164,1,AUTO,ARMED,5,AVAILABLE,UNAVAILABLE,UNAVAILABLE,141,4,ACTIVE,711,D_P3-A5.NC,D_P3-A5.NC,6,0.000668021,20,0.0005,1612515.148,468952.227,184.4,1975.9962,100,19.05,9,100,0,0,100,4400.0,2500,700,3.6,25.0,0.1,14,385.5322806,200,0,4.3,22.7,0.1,1,230.8866093,1200,400,3.3,26,0.1,32,-297.446094,1200,600,1.9,27.9,0.2
191.778569,1,AUTO,ARMED,5,AVAILABLE,UNAVAILABLE,UNAVAILABLE,141,4,ACTIVE,711,D_P3-A5.NC,D_P3-A5.NC,6,0.000668021,20,0.0005,1612515.148,468952.227,184.4,1975.9962,100,19.05,9,100,0,0,100,4400.0,2500,700,3.6,25.0,0.1,11,389.4611006,200,0,4.3,22.7,0.1,1,230.8866322,1200,400,3.3,26,0.1,32,-297.446094,1200,600,1.9,27.9,0.2
191.931785,1,AUTO,ARMED,5,AVAILABLE,UNAVAILABLE,UNAVAILABLE,141,4,ACTIVE,711,D_P3-A5.NC,D_P3-A5.NC,6,0.000668021,20,0.0005,1612515.148,468952.227,184.4,1975.9962,100,19.05,9,100,0,0,100,4400.0,2500,700,3.6,25.0,0.1,11,391.4230786,200,0,4.3,22.7,0.1,1,230.8866207,1200,400,3.3,26,0.1,32,-297.446094,1200,600,1.9,27.9,0.2
192.081227,1,AUTO,ARMED,5,AVAILABLE,UNAVAILABLE,UNAVAILABLE,141,4,ACTIVE,711,D_P3-A5.NC,D_P3-A5.NC,6,0.000668021,20,0.0005,1612515.148,468952.227,184.4,1975.9962,100,19.05,9,100,0,0,100,4400.0,2500,700,3.6,25.0,0.1,9,392.4042049,200,0,4.3,22.7,0.1,1,230.8866093,1200,400,3.3,26,0.1,32,-297.4461054,1200,600,1.9,27.9,0.2
192.220923,1,AUTO,ARMED,5,AVAILABLE,UNAVAILABLE,UNAVAILABLE,141,4,ACTIVE,711,D_P3-A5.NC,D_P3-A5.NC,6,0.000668021,20,0.0005,1612515.148,468952.227,184.4,1975.9962,100,19.05,9,100,0,0,100,4400.0,2500,700,3.6,25.0,0.1,10,396.333208,200,0,4.3,22.7,0.1,1,230.8866093,1200,400,3.3,26,0.1,32,-297.4461054,1200,600,1.9,27.9,0.2
192.362516,1,AUTO,ARMED,5,AVAILABLE,UNAVAILABLE,UNAVAILABLE,141,4,ACTIVE,711,D_P3-A5.NC,D_P3-A5.NC,6,0.000668021,20,0.0005,1612515.148,468952.227,184.4,1975.9962,100,19.05,10,100,0,1,100,4400.0,2500,700,3.6,25.0,0.1,9,399.8391958,200,0,4.3,22.7,0.1,0,230.8866093,1200,400,3.3,26,0.1,32,-297.4461054,1200,600,1.9,27.9,0.2
192.514259,1,AUTO,ARMED,5,AVAILABLE,UNAVAILABLE,UNAVAILABLE,142,4,ACTIVE,711,D_P3-A5.NC,D_P3-A5.NC,6,0.000668021,20,0.0005,1612515.148,468952.227,184.4,1975.9962,100,9.533333,10,100,0,1,100,4400.0,2500,700,3.6,25.0,0.1,9,399.8403403,200,0,4.3,22.7,0.1,0,230.8865978,1200,400,3.3,26,0.1,32,-297.446094,1200,600,1.9,27.9,0.2
192.660719,1,AUTO,ARMED,5,AVAILABLE,UNAVAILABLE,UNAVAILABLE,142,4,ACTIVE,711,D_P3-A5.NC,D_P3-A5.NC,6,0.000668021,20,0.0005,1612515.148,468952.227,184.4,2067.8701,100,0.0,10,100,0,0,100,4400.0,2500,700,3.6,25.0,0.1,8,399.8409469,200,0,4.3,22.7,0.1,1,230.8865978,1200,400,3.3,26,0.1,32,-297.4461054,1200,600,1.9,27.9,0.2
192.814235,1,AUTO,ARMED,5,AVAILABLE,UNAVAILABLE,UNAVAILABLE,142,4,ACTIVE,711,D_P3-A5.NC,D_P3-A5.NC,6,0.000668021,20,0.0005,1612515.148,468952.227,184.4,2067.8701,100,0.0,10,100,0,1,100,4400.0,2500,700,3.6,25.0,0.1,7,399.840924,200,0,4.3,22.7,0.1,0,230.8866093,1200,400,3.3,26,0.1,32,-297.4461054,1200,600,1.9,27.9,0.2
192.955708,1,AUTO,ARMED,5,AVAILABLE,UNAVAILABLE,UNAVAILABLE,142,4,ACTIVE,711,D_P3-A5.NC,D_P3-A5.NC,6,0.000668021,20,0.0005,1612515.148,468952.227,184.4,2067.8701,100,0.0,10,100,0,1,100,4400.0,2600,700,3.8,25.0,0.2,7,399.8409126,700,200,3.0,22.7,0.1,0,230.8865864,2200,700,2.9,26,0.2,32,-297.4461054,1400,700,2.2,27.9,0.1
193.107926,1,AUTO,ARMED,5,AVAILABLE,UNAVAILABLE,UNAVAILABLE,142,4,ACTIVE,711,D_P3-A5.NC,D_P3-A5.NC,6,0.000668021,20,0.0005,1612515.148,468952.227,184.4,2067.8701,100,0.0,10,100,0,0,100,4400.0,2600,700,3.8,25.0,0.2,7,399.8409011,700,200,3.0,22.7,0.1,0,230.8865978,2200,700,2.9,26,0.2,32,-297.4461054,1400,700,2.2,27.9,0.1
193.245921,1,AUTO,ARMED,5,AVAILABLE,UNAVAILABLE,UNAVAILABLE,142,4,ACTIVE,711,D_P3-A5.NC,D_P3-A5.NC,6,0.000668021,20,0.0005,1612515.148,468952.227,184.4,2067.8701,100,0.0,10,100,0,0,100,4400.0,2600,700,3.8,25.0,0.2,6,399.8409011,700,200,3.0,22.7,0.1,0,230.8866093,2200,700,2.9,26,0.2,32,-297.4461054,1400,700,2.2,27.9,0.1
193.386502,1,AUTO,ARMED,5,AVAILABLE,UNAVAILABLE,UNAVAILABLE,142,4,ACTIVE,711,D_P3-A5.NC,D_P3-A5.NC,6,0.000668021,20,0.0005,1612515.148,468952.227,184.4,2067.8701,100,0.0,11,100,0,0,100,4400.0,2600,700,3.8,25.0,0.2,6,399.8409011,700,200,3.0,22.7,0.1,0,230.887376,2200,700,2.9,26,0.2,32,-297.446094,1400,700,2.2,27.9,0.1
193.528252,1,AUTO,ARMED,5,AVAILABLE,UNAVAILABLE,UNAVAILABLE,143,4,ACTIVE,711,D_P3-A5.NC,D_P3-A5.NC,6,0.000668021,20,0.0005,1612515.148,468952.227,184.4,2067.8701,100,0.0,11,100,0,0,100,4400.0,2600,700,3.8,25.0,0.2,6,399.3831386,700,200,3.0,22.7,0.1,2,231.5201482,2200,700,2.9,26,0.2,32,-297.4461054,1400,700,2.2,27.9,0.1
193.669889,1,AUTO,ARMED,5,AVAILABLE,UNAVAILABLE,UNAVAILABLE,144,4,ACTIVE,711,D_P3-A5.NC,D_P3-A5.NC,6,0.000668021,20,0.0005,1612515.148,468952.227,184.4,2067.8701,100,19.05,11,100,0,0,100,4400.0,2600,700,3.8,25.0,0.2,8,395.4634613,700,200,3.0,22.7,0.1,5,231.5217045,2200,700,2.9,26,0.2,32,-297.446094,1400,700,2.2,27.9,0.1
193.81733,1,AUTO,ARMED,5,AVAILABLE,UNAVAILABLE,UNAVAILABLE,144,4,ACTIVE,711,D_P3-A5.NC,D_P3-A5.NC,6,0.000668021,20,0.0005,1612515.148,468952.227,184.4,2581.8354,100,19.05,11,100,0,0,100,4400.0,2600,700,3.8,25.0,0.2,8,393.5015569,700,200,3.0,22.7,0.1,5,231.5216588,2200,700,2.9,26,0.2,32,-297.4461054,1400,700,2.2,27.9,0.1
193.968047,1,AUTO,ARMED,5,AVAILABLE,UNAVAILABLE,UNAVAILABLE,144,4,ACTIVE,711,D_P3-A5.NC,D_P3-A5.NC,6,0.000668021,20,0.0005,1612515.148,468952.227,184.4,2581.8354,100,19.05,11,100,0,0,100,4400.0,2600,700,3.8,25.0,0.2,9,392.5202843,700,200,3.0,22.7,0.1,4,231.5216359,2200,700,2.9,26,0.2,32,-297.446094,1400,700,2.2,27.9,0.1
194.107528,1,AUTO,ARMED,5,AVAILABLE,UNAVAILABLE,UNAVAILABLE,144,4,ACTIVE,711,D_P3-A5.NC,D_P3-A5.NC,6,0.001168144,20,0.0005,1612515.148,468952.227,184.4,2581.8354,100,19.05,11,100,0,1,100,4400.0,2600,700,3.8,25.0,0.2,8,388.586381,700,200,3.0,22.7,0.1,4,231.5214986,2200,700,2.9,26,0.2,32,-297.4461169,1400,700,2.2,27.9,0.1
194.259206,1,AUTO,ARMED,5,AVAILABLE,UNAVAILABLE,UNAVAILABLE,144,4,ACTIVE,711,D_P3-A5.NC,D_P3-A5.NC,6,0.000668021,20,0.0005,1612515.148,468952.227,184.4,2581.8354,100,19.05,11,100,0,1,100,4400.0,4000,1200,3.5,25.0,0.2,8,386.6193722,700,300,2.7,22.7,0.1,4,231.5214299,2100,700,2.9,26,0.2,32,-297.446094,1500,700,2.3,27.8,0.1
194.398209,1,AUTO,ARMED,5,AVAILABLE,UNAVAILABLE,UNAVAILABLE,144,4,ACTIVE,711,D_P3-A5.NC,D_P3-A5.NC,6,0.000668021,20,0.0005,1612515.148,468952.227,184.4,2581.8354,100,19.05,11,100,0,0,100,4400.0,4000,1200,3.5,25.0,0.2,6,384.662103,700,300,2.7,22.7,0.1,5,231.5215672,2100,700,2.9,26,0.2,32,-297.4461169,1500,700,2.3,27.8,0.1
194.540917,1,AUTO,ARMED,5,AVAILABLE,UNAVAILABLE,UNAVAILABLE,144,4,ACTIVE,711,D_P3-A5.NC,D_P3-A5.NC,6,0.001168144,20,0.0005,1612515.148,468952.227,184.4,2581.8354,100,19.05,12,100,0,0,100,4400.0,4000,1200,3.5,25.0,0.2,6,380.7330481,700,300,2.7,22.7,0.1,5,231.5216015,2100,700,2.9,26,0.2,32,-297.4460825,1500,700,2.3,27.8,0.1
194.694001,1,AUTO,ARMED,5,AVAILABLE,UNAVAILABLE,UNAVAILABLE,144,4,ACTIVE,711,D_P3-A5.NC,D_P3-A5.NC,6,0.000167898,20,0.0005,1612515.148,468952.227,184.4,2581.8354,100,19.05,12,100,0,0,100,4400.0,4000,1200,3.5,25.0,0.2,6,376.7993142,700,300,2.7,22.7,0.1,5,231.521613,2100,700,2.9,26,0.2,32,-297.4461054,1500,700,2.3,27.8,0.1
194.839427,1,AUTO,ARMED,5,AVAILABLE,UNAVAILABLE,UNAVAILABLE,144,4,ACTIVE,711,D_P3-A5.NC,D_P3-A5.NC,6,0.000668021,20,0.0005,1612515.148,468952.227,184.4,2573.0718,100,19.05,12,100,0,0,100,4400.0,4000,1200,3.5,25.0,0.2,6,374.8417915,700,300,2.7,22.7,0.1,5,231.5216359,2100,700,2.9,26,0.2,32,-297.4461169,1500,700,2.3,27.8,0.1
194.98616,1,AUTO,ARMED,5,AVAILABLE,UNAVAILABLE,UNAVAILABLE,144,4,ACTIVE,711,D_P3-A5.NC,D_P3-A5.NC,6,0.001168144,20,0.0005,1612515.148,468952.227,184.4,2573.0718,100,19.05,12,100,0,0,100,4400.0,4000,1200,3.5,25.0,0.2,6,372.879897,700,300,2.7,22.7,0.1,5,231.5215901,2100,700,2.9,26,0.2,32,-297.4460825,1500,700,2.3,27.8,0.1
195.137532,1,AUTO,ARMED,5,AVAILABLE,UNAVAILABLE,UNAVAILABLE,144,4,ACTIVE,711,D_P3-A5.NC,D_P3-A5.NC,6,0.000668021,20,0.0005,1612515.148,468952.227,184.4,2573.0718,100,19.05,12,100,0,0,100,4400.0,4000,1200,3.5,25.0,0.2,7,366.9887892,700,300,2.7,22.7,0.1,6,231.521613,2100,700,2.9,26,0.2,32,-297.4461054,1500,700,2.3,27.8,0.1
195.282842,1,AUTO,ARMED,5,AVAILABLE,UNAVAILABLE,UNAVAILABLE,144,4,ACTIVE,711,D_P3-A5.NC,D_P3-A5.NC,6,0.001168144,20,0.0005,1612515.148,468952.227,184.4,2573.0718,100,19.05,12,100,0,0,100,4400.0,4000,1200,3.5,25.0,0.2,6,365.0263111,700,300,2.7,22.7,0.1,5,231.5215672,2100,700,2.9,26,0.2,32,-297.446094,1500,700,2.3,27.8,0.1
195.435765,1,AUTO,ARMED,5,AVAILABLE,UNAVAILABLE,UNAVAILABLE,144,4,ACTIVE,711,D_P3-A5.NC,D_P3-A5.NC,6,0.000668021,20,0.0005,1612515.148,468952.227,184.4,2573.0718,100,19.05,13,100,0,2,100,4400.0,4000,1200,3.5,25.0,0.2,5,363.0548265,700,300,2.7,22.7,0.1,5,231.5216015,2100,700,2.9,26,0.2,32,-297.446094,1500,700,2.3,27.8,0.1
195.587628,1,AUTO,ARMED,5,AVAILABLE,UNAVAILABLE,UNAVAILABLE,144,4,ACTIVE,711,D_P3-A5.NC,D_P3-A5.NC,6,0.000668021,20,0.0005,1612515.148,468952.227,184.4,2573.0718,100,19.05,13,100,0,0,100,4400.0,4000,1200,3.5,25.0,0.2,5,359.1352948,700,300,2.7,22.7,0.1,5,231.521613,2100,700,2.9,26,0.2,32,-297.446094,1500,700,2.3,27.8,0.1
195.733854,1,AUTO,ARMED,5,AVAILABLE,UNAVAILABLE,UNAVAILABLE,144,4,ACTIVE,711,D_P3-A5.NC,D_P3-A5.NC,6,0.001168144,20,0.0005,1612515.148,468952.227,184.4,2573.0718,100,19.05,13,100,0,0,100,4400.0,4000,1200,3.5,25.0,0.2,5,357.16365,700,300,2.7,22.7,0.1,5,231.5216359,2100,700,2.9,26,0.2,32,-297.4461169,1500,700,2.3,27.8,0.1
195.878,1,AUTO,ARMED,5,AVAILABLE,UNAVAILABLE,UNAVAILABLE,144,4,ACTIVE,711,D_P3-A5.NC,D_P3-A5.NC,6,0.001168144,20,0.0005,1612515.148,468952.227,184.4,2191.0234,100,19.05,13,100,0,2,100,4400.0,4600,1200,4.0,25.0,0.2,6,356.182554,300,100,3.6,22.7,0.0,5,231.5215787,1900,700,2.7,26,0.2,32,-297.446094,1500,700,2.3,27.8,0.1
196.029673,1,AUTO,ARMED,5,AVAILABLE,UNAVAILABLE,UNAVAILABLE,144,4,ACTIVE,711,D_P3-A5.NC,D_P3-A5.NC,6,0.001168144,20,0.0005,1612515.148,468952.227,184.4,2191.0234,100,19.05,13,100,0,1,100,4400.0,4600,1200,4.0,25.0,0.2,5,350.2914001,300,100,3.6,22.7,0.0,5,231.5215901,1900,700,2.7,26,0.2,32,-297.4460825,1500,700,2.3,27.8,0.1
196.176484,1,AUTO,ARMED,5,AVAILABLE,UNAVAILABLE,UNAVAILABLE,144,4,ACTIVE,711,D_P3-A5.NC,D_P3-A5.NC,6,0.001168144,20,0.0005,1612515.148,468952.227,184.4,2191.0234,100,19.05,13,100,0,3,100,4400.0,4600,1200,4.0,25.0,0.2,6,348.3243876,300,100,3.6,22.7,0.0,5,231.5216359,1900,700,2.7,26,0.2,32,-297.4461054,1500,700,2.3,27.8,0.1
196.342804,1,AUTO,ARMED,5,AVAILABLE,UNAVAILABLE,UNAVAILABLE,144,4,ACTIVE,711,D_P3-A5.NC,D_P3-A5.NC,6,0.000668021,20,0.0005,1612515.148,468952.227,184.4,2191.0234,100,19.05,14,100,0,3,100,4400.0,4600,1200,4.0,25.0,0.2,6,346.3669194,300,100,3.6,22.7,0.0,5,231.5215558,1900,700,2.7,26,0.2,32,-297.446094,1500,700,2.3,27.8,0.1
196.486079,1,AUTO,ARMED,5,AVAILABLE,UNAVAILABLE,UNAVAILABLE,144,4,ACTIVE,711,D_P3-A5.NC,D_P3-A5.NC,6,0.000668021,20,0.0005,1612515.148,468952.227,184.4,2191.0234,100,19.05,14,100,0,0,100,4400.0,4600,1200,4.0,25.0,0.2,7,344.3952722,300,100,3.6,22.7,0.0,5,231.5216244,1900,700,2.7,26,0.2,32,-297.446094,1500,700,2.3,27.8,0.1
196.634144,1,AUTO,ARMED,5,AVAILABLE,UNAVAILABLE,UNAVAILABLE,144,4,ACTIVE,711,D_P3-A5.NC,D_P3-A5.NC,6,0.000668021,20,0.0005,1612515.148,468952.227,184.4,2191.0234,100,19.05,14,100,0,0,100,4400.0,4600,1200,4.0,25.0,0.2,6,338.5040765,300,100,3.6,22.7,0.0,5,231.5216244,1900,700,2.7,26,0.2,32,-297.4461169,1500,700,2.3,27.8,0.1
196.78679,1,AUTO,ARMED,5,AVAILABLE,UNAVAILABLE,UNAVAILABLE,144,4,ACTIVE,711,D_P3-A5.NC,D_P3-A5.NC,6,0.000668021,20,0.0005,1612515.148,468952.227,184.4,2191.0234,100,19.05,14,100,0,0,100,4400.0,4600,1200,4.0,25.0,0.2,6,336.5466197,300,100,3.6,22.7,0.0,5,231.5216015,1900,700,2.7,26,0.2,32,-297.446094,1500,700,2.3,27.8,0.1
196.932841,1,AUTO,ARMED,5,AVAILABLE,UNAVAILABLE,UNAVAILABLE,144,4,ACTIVE,711,D_P3-A5.NC,D_P3-A5.NC,6,0.001168144,20,0.0005,1612515.148,468952.227,184.4,2191.0234,100,19.05,14,100,0,1,100,4400.0,4600,1200,4.0,25.0,0.2,6,334.5845853,300,100,3.6,22.7,0.0,5,231.5216359,1900,700,2.7,26,0.2,32,-297.4461054,1500,700,2.3,27.8,0.1
197.092445,1,AUTO,ARMED,5,AVAILABLE,UNAVAILABLE,UNAVAILABLE,144,4,ACTIVE,711,D_P3-A5.NC,D_P3-A5.NC,6,0.000668021,20,0.0005,1612515.148,468952.227,184.4,1997.8035,100,19.05,14,100,0,2,100,4400.0,4600,1200,4.0,25.0,0.2,7,330.6506978,300,100,3.6,22.7,0.0,5,231.5217045,1900,700,2.7,26,0.2,32,-297.4460825,1500,700,2.3,27.8,0.1
197.235511,1,AUTO,ARMED,5,AVAILABLE,UNAVAILABLE,UNAVAILABLE,144,4,ACTIVE,711,D_P3-A5.NC,D_P3-A5.NC,6,0.000668021,20,0.0005,1612515.148,468952.227,184.4,1997.8035,100,19.05,14,100,0,2,100,4400.0,4600,1200,4.0,25.0,0.2,7,328.6886958,300,100,3.6,22.7,0.0,5,231.5216702,1900,700,2.7,26,0.2,32,-297.4461054,1500,700,2.3,27.8,0.1
197.37859,1,AUTO,ARMED,5,AVAILABLE,UNAVAILABLE,UNAVAILABLE,144,4,ACTIVE,711,D_P3-A5.NC,D_P3-A5.NC,6,0.000668021,20,0.0005,1612515.148,468952.227,184.4,1997.8035,100,19.05,15,100,0,0,100,4400.0,2300,700,3.4,25.0,0.1,10,324.7593811,200,0,4.2,22.7,0.0,4,231.5216244,2100,700,2.8,26,0.1,32,-297.4461054,1200,600,1.9,27.8,0.1
197.530111,1,AUTO,ARMED,5,AVAILABLE,UNAVAILABLE,UNAVAILABLE,144,4,ACTIVE,711,D_P3-A5.NC,D_P3-A5.NC,6,0.000668021,20,0.0005,1612515.148,468952.227,184.4,1997.8035,100,19.05,15,100,0,0,100,4400.0,2300,700,3.4,25.0,0.1,9,322.7972931,200,0,4.2,22.7,0.0,3,231.521613,2100,700,2.8,26,0.1,32,-297.4461054,1200,600,1.9,27.8,0.1
197.667318,1,AUTO,ARMED,5,AVAILABLE,UNAVAILABLE,UNAVAILABLE,144,4,ACTIVE,711,D_P3-A5.NC,D_P3-A5.NC,6,0.000668021,20,0.0005,1612515.148,468952.227,184.4,1997.8035,100,19.01667,15,100,0,0,100,4400.0,2300,700,3.4,25.0,0.1,9,320.8350906,200,0,4.2,22.7,0.0,3,231.521613,2100,700,2.8,26,0.1,32,-297.4461054,1200,600,1.9,27.8,0.1
197.814756,1,AUTO,ARMED,5,AVAILABLE,UNAVAILABLE,UNAVAILABLE,145,4,ACTIVE,711,D_P3-A5.NC,D_P3-A5.NC,6,0.000668021,20,0.0005,1612515.148,468952.227,184.4,1997.8035,100,9.5,15,100,0,0,100,4400.0,2300,700,3.4,25.0,0.1,10,318.5645701,200,0,4.2,22.7,0.0,3,231.5216015,2100,700,2.8,26,0.1,32,-297.4461054,1200,600,1.9,27.8,0.1
197.955926,1,AUTO,ARMED,5,AVAILABLE,UNAVAILABLE,UNAVAILABLE,145,4,ACTIVE,711,D_P3-A5.NC,D_P3-A5.NC,6,0.000668021,20,0.0005,1612515.148,468952.227,184.4,1997.8035,100,0.0,15,100,0,1,100,4400.0,2300,700,3.4,25.0,0.1,7,318.5608735,200,0,4.2,22.7,0.0,3,231.5216015,2100,700,2.8,26,0.1,32,-297.4461054,1200,600,1.9,27.8,0.1
198.093862,1,AUTO,ARMED,5,AVAILABLE,UNAVAILABLE,UNAVAILABLE,145,4,ACTIVE,711,D_P3-A5.NC,D_P3-A5.NC,6,0.000668021,20,0.0005,1612515.148,468952.227,184.4,1976.0157,100,0.0,15,100,0,1,100,4400.0,2300,700,3.4,25.0,0.1,7,318.5608277,200,0,4.2,22.7,0.0,3,231.5216015,2100,700,2.8,26,0.1,32,-297.4461054,1200,600,1.9,27.8,0.1
198.247979,1,AUTO,ARMED,5,AVAILABLE,UNAVAILABLE,UNAVAILABLE,145,4,ACTIVE,711,D_P3-A5.NC,D_P3-A5.NC,6,0.000668021,20,0.0005,1612515.148,468952.227,184.4,1976.0157,100,0.0,15,100,0,0,100,4400.0,2300,700,3.4,25.0,0.1,6,318.5608964,200,0,4.2,22.7,0.0,3,231.5216015,2100,700,2.8,26,0.1,32,-297.4461054,1200,600,1.9,27.8,0.1
198.391057,1,AUTO,ARMED,5,AVAILABLE,UNAVAILABLE,UNAVAILABLE,145,4,ACTIVE,711,D_P3-A5.NC,D_P3-A5.NC,6,0.000668021,20,0.0005,1612515.148,468952.227,184.4,1976.0157,100,0.0,16,100,0,0,100,4400.0,2300,700,3.4,25.0,0.1,6,318.5608964,200,0,4.2,22.7,0.0,3,231.5215901,2100,700,2.8,26,0.1,32,-297.446094,1200,600,1.9,27.8,0.1
198.530575,1,AUTO,ARMED,5,AVAILABLE,UNAVAILABLE,UNAVAILABLE,145,4,ACTIVE,711,D_P3-A5.NC,D_P3-A5.NC,6,0.000668021,20,0.0005,1612515.148,468952.227,184.4,1976.0157,100,0.0,16,100,0,0,100,4400.0,2300,700,3.4,25.0,0.1,5,318.5608964,200,0,4.2,22.7,0.0,3,231.5215901,2100,700,2.8,26,0.1,32,-297.4461054,1200,600,1.9,27.8,0.1
198.668934,1,AUTO,ARMED,5,AVAILABLE,UNAVAILABLE,UNAVAILABLE,145,4,ACTIVE,711,D_P3-A5.NC,D_P3-A5.NC,6,0.000668021,20,0.0005,1612515.148,468952.227,184.4,1976.0157,100,0.0,16,100,0,0,100,4400.0,2300,700,3.4,25.0,0.1,5,318.5608964,200,0,4.2,22.7,0.0,3,231.5216015,2100,700,2.8,26,0.1,32,-297.4461054,1200,600,1.9,27.8,0.1
198.811746,1,AUTO,ARMED,5,AVAILABLE,UNAVAILABLE,UNAVAILABLE,148,4,ACTIVE,711,D_P3-A5.NC,D_P3-A5.NC,6,0.000668021,20,0.0005,1612515.148,468952.227,184.4,1976.0157,100,0.0,16,100,0,1,100,4400.0,2300,700,3.4,25.0,0.1,5,318.5608964,200,0,4.2,22.7,0.0,3,231.5221966,2100,700,2.8,26,0.1,32,-297.446094,1200,600,1.9,27.8,0.1
198.95636,1,AUTO,ARMED,5,AVAILABLE,UNAVAILABLE,UNAVAILABLE,148,4,ACTIVE,711,D_P3-A5.NC,D_P3-A5.NC,6,0.000668021,20,0.0005,1612515.148,468952.227,184.4,1976.0157,100,0.0,16,100,0,1,100,4400.0,2200,700,3.3,25.0,0.1,5,318.5608964,800,100,6.2,22.7,0.1,3,232.1562619,1000,300,3.2,26,0.1,32,-297.4461054,1300,600,2.0,27.8,0.2
199.113391,1,AUTO,ARMED,5,AVAILABLE,UNAVAILABLE,UNAVAILABLE,149,4,ACTIVE,711,D_P3-A5.NC,D_P3-A5.NC,6,0.000668021,20,0.0005,1612515.148,468952.227,184.4,1976.0157,100,0.0,16,100,0,0,100,4400.0,2200,700,3.3,25.0,0.1,5,318.5608849,800,100,6.2,22.7,0.1,0,232.1565595,1000,300,3.2,26,0.1,32,-297.446094,1300,600,2.0,27.8,0.2
199.255127,1,AUTO,ARMED,5,AVAILABLE,UNAVAILABLE,UNAVAILABLE,149,4,ACTIVE,711,D_P3-A5.NC,D_P3-A5.NC,6,0.000668021,20,0.0005,1612515.148,468952.227,184.4,2418.2229,100,0.0,16,100,0,1,100,4400.0,2200,700,3.3,25.0,0.1,5,318.5609078,800,100,6.2,22.7,0.1,0,232.1565938,1000,300,3.2,26,0.1,32,-297.446094,1300,600,2.0,27.8,0.2
199.402339,1,AUTO,ARMED,5,AVAILABLE,UNAVAILABLE,UNAVAILABLE,149,4,ACTIVE,711,D_P3-A5.NC,D_P3-A5.NC,6,0.000668021,20,0.0005,1612515.148,468952.227,184.4,2418.2229,100,0.0,17,100,0,0,100,4400.0,2200,700,3.3,25.0,0.1,5,318.5609078,800,100,6.2,22.7,0.1,0,232.1566053,1000,300,3.2,26,0.1,32,-297.4461054,1300,600,2.0,27.8,0.2
199.544562,1,AUTO,ARMED,5,AVAILABLE,UNAVAILABLE,UNAVAILABLE,149,4,ACTIVE,711,D_P3-A5.NC,D_P3-A5.NC,6,0.000668021,20,0.0005,1612515.148,468952.227,184.4,2418.2229,100,0.0,17,100,0,0,100,4400.0,2200,700,3.3,25.0,0.1,5,318.5609078,800,100,6.2,22.7,0.1,0,232.1565938,1000,300,3.2,26,0.1,32,-297.446094,1300,600,2.0,27.8,0.2
199.682949,1,AUTO,ARMED,5,AVAILABLE,UNAVAILABLE,UNAVAILABLE,149,4,ACTIVE,711,D_P3-A5.NC,D_P3-A5.NC,6,0.000668021,20,0.0005,1612515.148,468952.227,184.4,2418.2229,100,0.0,17,100,0,2,100,4400.0,2200,700,3.3,25.0,0.1,5,318.5608964,800,100,6.2,22.7,0.1,0,232.1565938,1000,300,3.2,26,0.1,32,-297.446094,1300,600,2.0,27.8,0.2
199.82071,1,AUTO,ARMED,5,AVAILABLE,UNAVAILABLE,UNAVAILABLE,149,4,ACTIVE,711,D_P3-A5.NC,D_P3-A5.NC,6,0.000668021,20,0.0005,1612515.148,468952.227,184.4,2418.2229,100,0.0,17,100,0,0,100,4400.0,2200,700,3.3,25.0,0.1,5,318.5608964,800,100,6.2,22.7,0.1,0,232.1565938,1000,300,3.2,26,0.1,32,-297.446094,1300,600,2.0,27.8,0.2
199.961895,1,AUTO,ARMED,5,AVAILABLE,UNAVAILABLE,UNAVAILABLE,150,4,ACTIVE,711,D_P3-A5.NC,D_P3-A5.NC,6,0.000668021,20,0.0005,1612515.148,468952.227,184.4,2418.2229,100,0.0,17,100,0,0,100,4400.0,2200,700,3.3,25.0,0.1,5,318.5608964,800,100,6.2,22.7,0.1,0,232.1566053,1000,300,3.2,26,0.1,32,-297.4461054,1300,600,2.0,27.8,0.2
200.099777,1,AUTO,ARMED,5,AVAILABLE,UNAVAILABLE,UNAVAILABLE,150,4,ACTIVE,711,D_P3-A5.NC,D_P3-A5.NC,6,0.000668021,20,0.0005,1612515.148,468952.227,184.4,2418.2229,100,21.16667,17,100,0,0,100,4400.0,2200,700,3.3,25.0,0.1,8,322.2003549,800,100,6.2,22.7,0.1,0,232.1566053,1000,300,3.2,26,0.1,32,-297.4461054,1300,600,2.0,27.8,0.2
200.247304,1,AUTO,ARMED,5,AVAILABLE,UNAVAILABLE,UNAVAILABLE,150,4,ACTIVE,711,D_P3-A5.NC,D_P3-A5.NC,6,0.000668021,20,0.0005,1612515.148,468952.227,184.4,2418.2229,100,21.16667,17,100,0,0,100,4400.0,2200,700,3.3,25.0,0.1,8,324.3804092,800,100,6.2,22.7,0.1,0,232.1566053,1000,300,3.2,26,0.1,32,-297.446094,1300,600,2.0,27.8,0.2
200.393396,1,AUTO,ARMED,5,AVAILABLE,UNAVAILABLE,UNAVAILABLE,150,4,ACTIVE,711,D_P3-A5.NC,D_P3-A5.NC,6,0.000668021,20,0.0005,1612515.148,468952.227,184.4,2663.853,100,21.16667,18,100,0,0,100,4400.0,4700,1300,3.7,25.0,0.2,8,326.5604292,1000,300,2.9,22.7,0.2,0,232.1566167,1800,600,3.2,26,0.2,32,-297.4461054,1700,700,2.4,27.8,0.2
200.536993,1,AUTO,ARMED,5,AVAILABLE,UNAVAILABLE,UNAVAILABLE,150,4,ACTIVE,711,D_P3-A5.NC,D_P3-A5.NC,6,0.000668021,20,0.0005,1612515.148,468952.227,184.4,2663.853,100,21.16667,18,100,0,0,100,4400.0,4700,1300,3.7,25.0,0.2,11,333.1066087,1000,300,2.9,22.7,0.2,0,232.1566053,1800,600,3.2,26,0.2,32,-297.446094,1700,700,2.4,27.8,0.2
200.677845,1,AUTO,ARMED,5,AVAILABLE,UNAVAILABLE,UNAVAILABLE,150,4,ACTIVE,711,D_P3-A5.NC,D_P3-A5.NC,6,0.000668021,20,0.0005,1612515.148,468952.227,184.4,2663.853,100,21.16667,18,100,0,1,100,4400.0,4700,1300,3.7,25.0,0.2,13,335.2865827,1000,300,2.9,22.7,0.2,1,232.156548,1800,600,3.2,26,0.2,32,-297.4461054,1700,700,2.4,27.8,0.2
200.830907,1,AUTO,ARMED,5,AVAILABLE,UNAVAILABLE,UNAVAILABLE,150,4,ACTIVE,711,D_P3-A5.NC,D_P3-A5.NC,6,0.000668021,20,0.0005,1612515.148,468952.227,184.4,2663.853,100,21.16667,18,100,0,1,100,4400.0,4700,1300,3.7,25.0,0.2,13,337.472004,1000,300,2.9,22.7,0.2,1,232.1565824,1800,600,3.2,26,0.2,32,-297.4461054,1700,700,2.4,27.8,0.2
200.982453,1,AUTO,ARMED,5,AVAILABLE,UNAVAILABLE,UNAVAILABLE,150,4,ACTIVE,711,D_P3-A5.NC,D_P3-A5.NC,6,0.000668021,20,0.0005,1612515.148,468952.227,184.4,2663.853,100,21.16667,18,100,0,1,100,4400.0,4700,1300,3.7,25.0,0.2,12,339.6519322,1000,300,2.9,22.7,0.2,1,232.1565709,1800,600,3.2,26,0.2,32,-297.446094,1700,700,2.4,27.8,0.2
201.126742,1,AUTO,ARMED,5,AVAILABLE,UNAVAILABLE,UNAVAILABLE,150,4,ACTIVE,711,D_P3-A5.NC,D_P3-A5.NC,6,0.000668021,20,0.0005,1612515.148,468952.227,184.4,2663.853,100,21.16667,18,100,0,1,100,4400.0,4700,1300,3.7,25.0,0.2,15,344.0230267,1000,300,2.9,22.7,0.2,1,232.1566167,1800,600,3.2,26,0.2,32,-297.4461169,1700,700,2.4,27.8,0.2
201.274725,1,AUTO,ARMED,5,AVAILABLE,UNAVAILABLE,UNAVAILABLE,150,4,ACTIVE,711,D_P3-A5.NC,D_P3-A5.NC,6,0.000668021,20,0.0005,1612515.148,468952.227,184.4,2663.853,100,21.16667,18,100,0,1,100,4400.0,4700,1300,3.7,25.0,0.2,15,348.378088,1000,300,2.9,22.7,0.2,1,232.1566282,1800,600,3.2,26,0.2,32,-297.446094,1700,700,2.4,27.8,0.2
201.414828,1,AUTO,ARMED,5,AVAILABLE,UNAVAILABLE,UNAVAILABLE,150,4,ACTIVE,711,D_P3-A5.NC,D_P3-A5.NC,6,0.000668021,20,0.0005,1612515.148,468952.227,184.4,2678.9722,100,21.16667,19,100,0,0,100,4400.0,4700,1300,3.7,25.0,0.2,14,350.5686363,1000,300,2.9,22.7,0.2,1,232.1565709,1800,600,3.2,26,0.2,32,-297.4461054,1700,700,2.4,27.8,0.2
201.557285,1,AUTO,ARMED,5,AVAILABLE,UNAVAILABLE,UNAVAILABLE,150,4,ACTIVE,711,D_P3-A5.NC,D_P3-A5.NC,6,0.000668021,20,0.0005,1612515.148,468952.227,184.4,2678.9722,100,21.16667,19,100,0,1,100,4400.0,4700,1300,3.7,25.0,0.2,15,351.6588178,1000,300,2.9,22.7,0.2,1,232.1566053,1800,600,3.2,26,0.2,32,-297.4461054,1700,700,2.4,27.8,0.2
201.695509,1,AUTO,ARMED,5,AVAILABLE,UNAVAILABLE,UNAVAILABLE,150,4,ACTIVE,711,D_P3-A5.NC,D_P3-A5.NC,6,0.000668021,20,0.0005,1612515.148,468952.227,184.4,2678.9722,100,21.16667,19,100,0,1,100,4400.0,4500,1300,3.6,25.0,0.2,15,353.8389978,900,200,4.4,22.7,0.1,1,232.1566396,1900,600,3.3,26,0.2,32,-297.4461169,1800,700,2.6,27.8,0.2
201.844273,1,AUTO,ARMED,5,AVAILABLE,UNAVAILABLE,UNAVAILABLE,150,4,ACTIVE,711,D_P3-A5.NC,D_P3-A5.NC,6,0.000668021,20,0.0005,1612515.148,468952.227,184.4,2678.9722,100,21.16667,19,100,0,2,100,4400.0,4500,1300,3.6,25.0,0.2,14,358.20497,900,200,4.4,22.7,0.1,1,232.1566282,1900,600,3.3,26,0.2,32,-297.4460825,1800,700,2.6,27.8,0.2
201.986052,1,AUTO,ARMED,5,AVAILABLE,UNAVAILABLE,UNAVAILABLE,150,4,ACTIVE,711,D_P3-A5.NC,D_P3-A5.NC,6,0.000668021,20,0.0005,1612515.148,468952.227,184.4,2678.9722,100,21.16667,19,100,0,0,100,4400.0,4500,1300,3.6,25.0,0.2,17,362.5649524,900,200,4.4,22.7,0.1,1,232.1565938,1900,600,3.3,26,0.2,32,-297.4461054,1800,700,2.6,27.8,0.2
202.128105,1,AUTO,ARMED,5,AVAILABLE,UNAVAILABLE,UNAVAILABLE,150,4,ACTIVE,711,D_P3-A5.NC,D_P3-A5.NC,6,0.000668021,20,0.0005,1612515.148,468952.227,184.4,2678.9722,100,21.16667,19,100,0,0,100,4400.0,4500,1300,3.6,25.0,0.2,14,364.7556094,900,200,4.4,22.7,0.1,1,232.1565938,1900,600,3.3,26,0.2,32,-297.4461054,1800,700,2.6,27.8,0.2
202.271048,1,AUTO,ARMED,5,AVAILABLE,UNAVAILABLE,UNAVAILABLE,150,4,ACTIVE,711,D_P3-A5.NC,D_P3-A5.NC,6,0.000668021,20,0.0005,1612515.148,468952.227,184.4,2028.1333,100,21.16667,19,100,0,0,100,4400.0,4500,1300,3.6,25.0,0.2,14,366.9306568,900,200,4.4,22.7,0.1,1,232.1565938,1900,600,3.3,26,0.2,32,-297.446094,1800,700,2.6,27.8,0.2
202.411406,1,AUTO,ARMED,5,AVAILABLE,UNAVAILABLE,UNAVAILABLE,150,4,ACTIVE,711,D_P3-A5.NC,D_P3-A5.NC,6,0.000668021,20,0.0005,1612515.148,468952.227,184.4,2028.1333,100,21.16667,20,100,0,2,100,4400.0,4500,1300,3.6,25.0,0.2,14,371.3017285,900,200,4.4,22.7,0.1,1,232.1565938,1900,600,3.3,26,0.2,32,-297.446094,1800,700,2.6,27.8,0.2
202.550128,1,AUTO,ARMED,5,AVAILABLE,UNAVAILABLE,UNAVAILABLE,150,4,ACTIVE,711,D_P3-A5.NC,D_P3-A5.NC,6,0.000668021,20,0.0005,1612515.148,468952.227,184.4,2028.1333,100,21.16667,20,100,0,2,100,4400.0,4500,1300,3.6,25.0,0.2,14,373.4764325,900,200,4.4,22.7,0.1,1,232.1566282,1900,600,3.3,26,0.2,32,-297.446094,1800,700,2.6,27.8,0.2
202.693947,1,AUTO,ARMED,5,AVAILABLE,UNAVAILABLE,UNAVAILABLE,150,4,ACTIVE,711,D_P3-A5.NC,D_P3-A5.NC,6,0.000668021,20,0.0005,1612515.148,468952.227,184.4,2028.1333,100,21.16667,20,100,0,0,100,4400.0,4500,1300,3.6,25.0,0.2,14,375.6565839,900,200,4.4,22.7,0.1,1,232.1565709,1900,600,3.3,26,0.2,32,-297.446094,1800,700,2.6,27.8,0.2
202.860929,1,AUTO,ARMED,5,AVAILABLE,UNAVAILABLE,UNAVAILABLE,150,4,ACTIVE,711,D_P3-A5.NC,D_P3-A5.NC,6,0.001168144,20,0.0005,1612515.148,468952.227,184.4,2028.1333,100,21.16667,20,100,0,2,100,4400.0,4500,1300,3.6,25.0,0.2,15,382.2027047,900,200,4.4,22.7,0.1,1,232.1566053,1900,600,3.3,26,0.2,32,-297.446094,1800,700,2.6,27.8,0.2
203.05895,1,AUTO,ARMED,5,AVAILABLE,UNAVAILABLE,UNAVAILABLE,150,4,ACTIVE,711,D_P3-A5.NC,D_P3-A5.NC,6,0.000668021,20,0.0005,1612515.148,468952.227,184.4,2028.1333,100,21.16667,20,100,0,2,100,4400.0,4500,1300,3.6,25.0,0.2,15,384.3825365,900,200,4.4,22.7,0.1,1,232.1566053,1900,600,3.3,26,0.2,32,-297.4461054,1800,700,2.6,27.8,0.2
203.240857,1,AUTO,ARMED,5,AVAILABLE,UNAVAILABLE,UNAVAILABLE,150,4,ACTIVE,711,D_P3-A5.NC,D_P3-A5.NC,6,0.000668021,20,0.0005,1612515.148,468952.227,184.4,2028.1333,100,21.16667,20,100,0,0,100,4400.0,2400,700,3.5,25.0,0.2,10,388.7534962,200,100,4.5,22.7,0.0,1,232.1566625,1900,300,5.6,26,0.1,32,-297.446094,1300,600,1.9,27.8,0.1
203.383761,1,AUTO,ARMED,5,AVAILABLE,UNAVAILABLE,UNAVAILABLE,150,4,ACTIVE,711,D_P3-A5.NC,D_P3-A5.NC,6,0.000668021,20,0.0005,1612515.148,468952.227,184.4,2028.1333,100,21.16667,21,100,0,0,100,4400.0,2400,700,3.5,25.0,0.2,10,390.9283953,200,100,4.5,22.7,0.0,1,232.1566282,1900,300,5.6,26,0.1,32,-297.446094,1300,600,1.9,27.8,0.1
203.528227,1,AUTO,ARMED,5,AVAILABLE,UNAVAILABLE,UNAVAILABLE,150,4,ACTIVE,711,D_P3-A5.NC,D_P3-A5.NC,6,0.000668021,20,0.0005,1612515.148,468952.227,184.4,2014.4257,100,21.16667,21,100,0,0,100,4400.0,2400,700,3.5,25.0,0.2,9,394.2094563,200,100,4.5,22.7,0.0,0,232.1565938,1900,300,5.6,26,0.1,32,-297.4461054,1300,600,1.9,27.8,0.1
203.670488,1,AUTO,ARMED,5,AVAILABLE,UNAVAILABLE,UNAVAILABLE,150,4,ACTIVE,711,D_P3-A5.NC,D_P3-A5.NC,6,0.000668021,20,0.0005,1612515.148,468952.227,184.4,2014.4257,100,21.16667,21,100,0,0,100,4400.0,2400,700,3.5,25.0,0.2,9,396.3894025,200,100,4.5,22.7,0.0,0,232.1565938,1900,300,5.6,26,0.1,32,-297.446094,1300,600,1.9,27.8,0.1
203.855625,1,AUTO,ARMED,5,AVAILABLE,UNAVAILABLE,UNAVAILABLE,150,4,ACTIVE,711,D_P3-A5.NC,D_P3-A5.NC,6,0.000668021,20,0.0005,1612515.148,468952.227,184.4,2014.4257,100,21.16667,21,100,0,0,100,4400.0,2400,700,3.5,25.0,0.2,1,399.8383833,200,100,4.5,22.7,0.0,0,232.1565938,1900,300,5.6,26,0.1,32,-297.446094,1300,600,1.9,27.8,0.1
204.04941,1,AUTO,ARMED,5,AVAILABLE,UNAVAILABLE,UNAVAILABLE,151,4,ACTIVE,711,D_P3-A5.NC,D_P3-A5.NC,6,0.000668021,20,0.0005,1612515.148,468952.227,184.4,2014.4257,100,0.0,21,100,0,1,100,4400.0,2400,700,3.5,25.0,0.2,7,399.8409698,200,100,4.5,22.7,0.0,0,232.1565938,1900,300,5.6,26,0.1,32,-297.4461054,1300,600,1.9,27.8,0.1
204.196107,1,AUTO,ARMED,5,AVAILABLE,UNAVAILABLE,UNAVAILABLE,151,4,ACTIVE,711,D_P3-A5.NC,D_P3-A5.NC,6,0.000668021,20,0.0005,1612515.148,468952.227,184.4,2014.4257,100,0.0,21,100,0,1,100,4400.0,2400,700,3.5,25.0,0.2,7,399.8409355,200,100,4.5,22.7,0.0,0,232.1565938,1900,300,5.6,26,0.1,32,-297.446094,1300,600,1.9,27.8,0.1
204.347735,1,AUTO,ARMED,5,AVAILABLE,UNAVAILABLE,UNAVAILABLE,151,4,ACTIVE,711,D_P3-A5.NC,D_P3-A5.NC,6,0.000668021,20,0.0005,1612515.148,468952.227,184.4,2014.4257,100,0.0,22,100,0,0,100,4400.0,2400,700,3.5,25.0,0.2,6,399.8409126,200,100,4.5,22.7,0.0,0,232.1566053,1900,300,5.6,26,0.1,32,-297.446094,1300,600,1.9,27.8,0.1
204.489097,1,AUTO,ARMED,5,AVAILABLE,UNAVAILABLE,UNAVAILABLE,151,4,ACTIVE,711,D_P3-A5.NC,D_P3-A5.NC,6,0.000668021,20,0.0005,1612515.148,468952.227,184.4,2014.4257,100,0.0,22,100,0,2,100,4400.0,2400,700,3.5,25.0,0.2,6,399.8409011,200,100,4.5,22.7,0.0,0,232.1566053,1900,300,5.6,26,0.1,32,-297.446094,1300,600,1.9,27.8,0.1
204.630501,1,AUTO,ARMED,5,AVAILABLE,UNAVAILABLE,UNAVAILABLE,151,4,ACTIVE,711,D_P3-A5.NC,D_P3-A5.NC,6,0.000668021,20,0.0005,1612515.148,468952.227,184.4,2631.4155,100,0.0,22,100,0,2,100,4400.0,2400,700,3.5,25.0,0.2,6,399.8409011,200,100,4.5,22.7,0.0,0,232.1566053,1900,300,5.6,26,0.1,32,-297.4461054,1300,600,1.9,27.8,0.1
204.809095,1,AUTO,ARMED,5,AVAILABLE,UNAVAILABLE,UNAVAILABLE,152,4,ACTIVE,711,D_P3-A5.NC,D_P3-A5.NC,6,0.000668021,20,0.0005,1612515.148,468952.227,184.4,2631.4155,100,0.0,22,100,0,0,100,4400.0,4200,1200,3.4,25.0,0.2,6,399.8409011,800,300,3.0,22.7,0.1,0,232.1876185,3800,1700,2.2,26,0.3,32,-297.4461054,1500,700,2.3,27.8,0.1
204.946761,1,AUTO,ARMED,5,AVAILABLE,UNAVAILABLE,UNAVAILABLE,152,4,ACTIVE,711,D_P3-A5.NC,D_P3-A5.NC,6,0.000668021,20,0.0005,1612515.148,468952.227,184.4,2631.4155,100,21.16667,22,100,0,0,100,4400.0,4200,1200,3.4,25.0,0.2,6,398.9726221,800,300,3.0,22.7,0.1,14,232.79027,3800,1700,2.2,26,0.3,32,-297.4460825,1500,700,2.3,27.8,0.1
205.090101,1,AUTO,ARMED,5,AVAILABLE,UNAVAILABLE,UNAVAILABLE,153,4,ACTIVE,711,D_P3-A5.NC,D_P3-A5.NC,6,0.000668021,20,0.0005,1612515.148,468952.227,184.4,2631.4155,100,21.16667,22,100,0,0,100,4400.0,4200,1200,3.4,25.0,0.2,6,396.7955654,800,300,3.0,22.7,0.1,14,232.7915518,3800,1700,2.2,26,0.3,32,-297.4461054,1500,700,2.3,27.8,0.1
205.231581,1,AUTO,ARMED,5,AVAILABLE,UNAVAILABLE,UNAVAILABLE,153,4,ACTIVE,711,D_P3-A5.NC,D_P3-A5.NC,6,0.000668021,20,0.0005,1612515.148,468952.227,184.4,2631.4155,100,21.16667,22,100,0,0,100,4400.0,4200,1200,3.4,25.0,0.2,8,394.6049007,800,300,3.0,22.7,0.1,5,232.7916776,3800,1700,2.2,26,0.3,32,-297.446094,1500,700,2.3,27.8,0.1
205.388713,1,AUTO,ARMED,5,AVAILABLE,UNAVAILABLE,UNAVAILABLE,153,4,ACTIVE,711,D_P3-A5.NC,D_P3-A5.NC,6,0.000668021,20,0.0005,1612515.148,468952.227,184.4,2631.4155,100,21.16667,23,100,0,1,100,4400.0,4200,1200,3.4,25.0,0.2,9,389.1540128,800,300,3.0,22.7,0.1,4,232.7915403,3800,1700,2.2,26,0.3,32,-297.4461054,1500,700,2.3,27.8,0.1
205.541225,1,AUTO,ARMED,5,AVAILABLE,UNAVAILABLE,UNAVAILABLE,153,4,ACTIVE,711,D_P3-A5.NC,D_P3-A5.NC,6,0.000167898,20,0.0005,1612515.148,468952.227,184.4,2631.4155,100,21.16667,23,100,0,0,100,4400.0,4200,1200,3.4,25.0,0.2,5,386.9688874,800,300,3.0,22.7,0.1,5,232.7914831,3800,1700,2.2,26,0.3,32,-297.4461169,1500,700,2.3,27.8,0.1
205.684011,1,AUTO,ARMED,5,AVAILABLE,UNAVAILABLE,UNAVAILABLE,153,4,ACTIVE,711,D_P3-A5.NC,D_P3-A5.NC,6,0.000668021,20,0.0005,1612515.148,468952.227,184.4,2631.4155,100,21.16667,23,100,0,0,100,4400.0,4200,1200,3.4,25.0,0.2,5,384.7887177,800,300,3.0,22.7,0.1,5,232.7915746,3800,1700,2.2,26,0.3,32,-297.4461169,1500,700,2.3,27.8,0.1
205.824523,1,AUTO,ARMED,5,AVAILABLE,UNAVAILABLE,UNAVAILABLE,153,4,ACTIVE,711,D_P3-A5.NC,D_P3-A5.NC,6,0.001168144,20,0.0005,1612515.148,468952.227,184.4,2602.1724,100,21.16667,23,100,0,2,100,4400.0,4200,1200,3.4,25.0,0.2,6,382.6086967,800,300,3.0,22.7,0.1,5,232.7915518,3800,1700,2.2,26,0.3,32,-297.4460825,1500,700,2.3,27.8,0.1
205.974236,1,AUTO,ARMED,5,AVAILABLE,UNAVAILABLE,UNAVAILABLE,153,4,ACTIVE,711,D_P3-A5.NC,D_P3-A5.NC,6,0.000668021,20,0.0005,1612515.148,468952.227,184.4,2602.1724,100,21.16667,23,100,0,2,100,4400.0,4200,1200,3.4,25.0,0.2,6,376.0629057,800,300,3.0,22.7,0.1,5,232.791609,3800,1700,2.2,26,0.3,32,-297.446094,1500,700,2.3,27.8,0.1
206.122044,1,AUTO,ARMED,5,AVAILABLE,UNAVAILABLE,UNAVAILABLE,153,4,ACTIVE,711,D_P3-A5.NC,D_P3-A5.NC,6,0.001168144,20,0.0005,1612515.148,468952.227,184.4,2602.1724,100,21.16667,23,100,0,2,100,4400.0,4200,1200,3.4,25.0,0.2,5,373.8720481,800,300,3.0,22.7,0.1,5,232.7915861,3800,1700,2.2,26,0.3,32,-297.446094,1500,700,2.3,27.8,0.1
206.266853,1,AUTO,ARMED,5,AVAILABLE,UNAVAILABLE,UNAVAILABLE,153,4,ACTIVE,711,D_P3-A5.NC,D_P3-A5.NC,6,0.000668021,20,0.0005,1612515.148,468952.227,184.4,2602.1724,100,21.16667,23,100,0,2,100,4400.0,4200,1200,3.4,25.0,0.2,5,371.6921196,800,300,3.0,22.7,0.1,5,232.791609,3800,1700,2.2,26,0.3,32,-297.446094,1500,700,2.3,27.8,0.1
206.405215,1,AUTO,ARMED,5,AVAILABLE,UNAVAILABLE,UNAVAILABLE,153,4,ACTIVE,711,D_P3-A5.NC,D_P3-A5.NC,6,0.000668021,20,0.0005,1612515.148,468952.227,184.4,2602.1724,100,21.16667,24,100,0,2,100,4400.0,3800,1200,3.1,25.2,0.2,5,369.5118821,800,300,3.1,22.7,0.1,5,232.7916319,3900,1700,2.3,26,0.3,32,-297.4461169,1500,700,2.3,27.8,0.1
206.547066,1,AUTO,ARMED,5,AVAILABLE,UNAVAILABLE,UNAVAILABLE,153,4,ACTIVE,711,D_P3-A5.NC,D_P3-A5.NC,6,0.001168144,20,0.0005,1612515.148,468952.227,184.4,2602.1724,100,21.16667,24,100,0,0,100,4400.0,3800,1200,3.1,25.2,0.2,6,365.1461886,800,300,3.1,22.7,0.1,5,232.7916319,3900,1700,2.3,26,0.3,32,-297.446094,1500,700,2.3,27.8,0.1
206.68703,1,AUTO,ARMED,5,AVAILABLE,UNAVAILABLE,UNAVAILABLE,153,4,ACTIVE,711,D_P3-A5.NC,D_P3-A5.NC,6,0.000668021,20,0.0005,1612515.148,468952.227,184.4,2602.1724,100,21.16667,24,100,0,2,100,4400.0,3800,1200,3.1,25.2,0.2,6,362.9658825,800,300,3.1,22.7,0.1,5,232.7915403,3900,1700,2.3,26,0.3,32,-297.4461054,1500,700,2.3,27.8,0.1
206.8272,1,AUTO,ARMED,5,AVAILABLE,UNAVAILABLE,UNAVAILABLE,153,4,ACTIVE,711,D_P3-A5.NC,D_P3-A5.NC,6,0.001168144,20,0.0005,1612515.148,468952.227,184.4,2562.0579,100,21.16667,24,100,0,2,100,4400.0,3800,1200,3.1,25.2,0.2,6,358.6003149,800,300,3.1,22.7,0.1,5,232.7915746,3900,1700,2.3,26,0.3,32,-297.446094,1500,700,2.3,27.8,0.1
206.968227,1,AUTO,ARMED,5,AVAILABLE,UNAVAILABLE,UNAVAILABLE,153,4,ACTIVE,711,D_P3-A5.NC,D_P3-A5.NC,6,0.001168144,20,0.0005,1612515.148,468952.227,184.4,2562.0579,100,21.16667,24,100,0,0,100,4400.0,3800,1200,3.1,25.2,0.2,5,356.4201575,800,300,3.1,22.7,0.1,5,232.7916204,3900,1700,2.3,26,0.3,32,-297.4460825,1500,700,2.3,27.8,0.1
207.108169,1,AUTO,ARMED,5,AVAILABLE,UNAVAILABLE,UNAVAILABLE,153,4,ACTIVE,711,D_P3-A5.NC,D_P3-A5.NC,6,0.000668021,20,0.0005,1612515.148,468952.227,184.4,2562.0579,100,21.16667,24,100,0,1,100,4400.0,3800,1200,3.1,25.2,0.2,5,352.0493107,800,300,3.1,22.7,0.1,5,232.7916204,3900,1700,2.3,26,0.3,32,-297.4460825,1500,700,2.3,27.8,0.1
207.245996,1,AUTO,ARMED,5,AVAILABLE,UNAVAILABLE,UNAVAILABLE,153,4,ACTIVE,711,D_P3-A5.NC,D_P3-A5.NC,6,0.000668021,20,0.0005,1612515.148,468952.227,184.4,2562.0579,100,21.16667,24,100,0,0,100,4400.0,3800,1200,3.1,25.2,0.2,4,350.9644808,800,300,3.1,22.7,0.1,5,232.7916319,3900,1700,2.3,26,0.3,32,-297.446094,1500,700,2.3,27.8,0.1
207.387166,1,AUTO,ARMED,5,AVAILABLE,UNAVAILABLE,UNAVAILABLE,153,4,ACTIVE,711,D_P3-A5.NC,D_P3-A5.NC,6,0.001168144,20,0.0005,1612515.148,468952.227,184.4,2562.0579,100,21.16667,25,100,0,0,100,4400.0,3800,1200,3.1,25.2,0.2,4,348.7841667,800,300,3.1,22.7,0.1,5,232.7915746,3900,1700,2.3,26,0.3,32,-297.4460825,1500,700,2.3,27.8,0.1
207.532064,1,AUTO,ARMED,5,AVAILABLE,UNAVAILABLE,UNAVAILABLE,153,4,ACTIVE,711,D_P3-A5.NC,D_P3-A5.NC,6,0.001168144,20,0.0005,1612515.148,468952.227,184.4,2562.0579,100,21.16667,25,100,0,0,100,4400.0,3800,1200,3.1,25.2,0.2,6,346.6042874,800,300,3.1,22.7,0.1,5,232.791609,3900,1700,2.3,26,0.3,32,-297.446094,1500,700,2.3,27.8,0.1
207.68027,1,AUTO,ARMED,5,AVAILABLE,UNAVAILABLE,UNAVAILABLE,153,4,ACTIVE,711,D_P3-A5.NC,D_P3-A5.NC,6,0.001168144,20,0.0005,1612515.148,468952.227,184.4,2562.0579,100,21.16667,25,100,0,1,100,4400.0,3800,1200,3.1,25.2,0.2,5,340.0584471,800,300,3.1,22.7,0.1,5,232.7916319,3900,1700,2.3,26,0.3,32,-297.4461169,1500,700,2.3,27.8,0.1
207.822131,1,AUTO,ARMED,5,AVAILABLE,UNAVAILABLE,UNAVAILABLE,153,4,ACTIVE,711,D_P3-A5.NC,D_P3-A5.NC,6,0.000668021,20,0.0005,1612515.148,468952.227,184.4,2562.0579,100,21.16667,25,100,0,2,100,4400.0,3800,1200,3.1,25.2,0.2,5,337.8675589,800,300,3.1,22.7,0.1,5,232.7915403,3900,1700,2.3,26,0.3,32,-297.446094,1500,700,2.3,27.8,0.1
207.972742,1,AUTO,ARMED,5,AVAILABLE,UNAVAILABLE,UNAVAILABLE,153,4,ACTIVE,711,D_P3-A5.NC,D_P3-A5.NC,6,0.000668021,20,0.0005,1612515.148,468952.227,184.4,1975.8336,100,21.16667,25,100,0,2,100,4400.0,2600,700,3.8,25.2,0.1,5,335.6929324,200,100,4.7,22.7,0.0,5,232.7916204,3100,1600,1.9,26,0.1,32,-297.4461283,1300,600,2.0,27.8,0.1
208.116496,1,AUTO,ARMED,5,AVAILABLE,UNAVAILABLE,UNAVAILABLE,153,4,ACTIVE,711,D_P3-A5.NC,D_P3-A5.NC,6,0.000668021,20,0.0005,1612515.148,468952.227,184.4,1975.8336,100,21.16667,25,100,0,0,100,4400.0,2600,700,3.8,25.2,0.1,7,331.3220619,200,100,4.7,22.7,0.0,5,232.7917921,3100,1600,1.9,26,0.1,32,-297.446094,1300,600,2.0,27.8,0.1
208.25855,1,AUTO,ARMED,5,AVAILABLE,UNAVAILABLE,UNAVAILABLE,153,4,ACTIVE,711,D_P3-A5.NC,D_P3-A5.NC,6,0.000668021,20,0.0005,1612515.148,468952.227,184.4,1975.8336,100,21.16667,25,100,0,0,100,4400.0,2600,700,3.8,25.2,0.1,7,329.1415822,200,100,4.7,22.7,0.0,5,232.791712,3100,1600,1.9,26,0.1,32,-297.446094,1300,600,2.0,27.8,0.1
208.399454,1,AUTO,ARMED,5,AVAILABLE,UNAVAILABLE,UNAVAILABLE,153,4,ACTIVE,711,D_P3-A5.NC,D_P3-A5.NC,6,0.000668021,20,0.0005,1612515.148,468952.227,184.4,1975.8336,100,21.16667,26,100,0,0,100,4400.0,2600,700,3.8,25.2,0.1,9,326.9613827,200,100,4.7,22.7,0.0,4,232.7916662,3100,1600,1.9,26,0.1,32,-297.4461054,1300,600,2.0,27.8,0.1
208.538138,1,AUTO,ARMED,5,AVAILABLE,UNAVAILABLE,UNAVAILABLE,153,4,ACTIVE,711,D_P3-A5.NC,D_P3-A5.NC,6,0.000668021,20,0.0005,1612515.148,468952.227,184.4,1975.8336,100,21.16667,26,100,0,0,100,4400.0,2600,700,3.8,25.2,0.1,9,324.7760101,200,100,4.7,22.7,0.0,4,232.7916319,3100,1600,1.9,26,0.1,32,-297.446094,1300,600,2.0,27.8,0.1
208.680462,1,AUTO,ARMED,5,AVAILABLE,UNAVAILABLE,UNAVAILABLE,153,4,ACTIVE,711,D_P3-A5.NC,D_P3-A5.NC,6,0.000668021,20,0.0005,1612515.148,468952.227,184.4,1975.8336,100,21.16667,26,100,0,1,100,4400.0,2600,700,3.8,25.2,0.1,9,318.5897711,200,100,4.7,22.7,0.0,3,232.791609,3100,1600,1.9,26,0.1,32,-297.4461054,1300,600,2.0,27.8,0.1
208.825451,1,AUTO,ARMED,5,AVAILABLE,UNAVAILABLE,UNAVAILABLE,153,4,ACTIVE,711,D_P3-A5.NC,D_P3-A5.NC,6,0.000668021,20,0.0005,1612515.148,468952.227,184.4,1975.8336,100,10.58333,26,100,0,1,100,4400.0,2600,700,3.8,25.2,0.1,9,318.5610108,200,100,4.7,22.7,0.0,3,232.7915975,3100,1600,1.9,26,0.1,32,-297.4461054,1300,600,2.0,27.8,0.1
208.969256,1,AUTO,ARMED,5,AVAILABLE,UNAVAILABLE,UNAVAILABLE,154,4,ACTIVE,711,D_P3-A5.NC,D_P3-A5.NC,6,0.000668021,20,0.0005,1612515.148,468952.227,184.4,-4445.0029,100,0.0,26,100,0,0,100,4400.0,2600,700,3.8,25.2,0.1,7,318.5608162,200,100,4.7,22.7,0.0,3,232.7915975,3100,1600,1.9,26,0.1,32,-297.446094,1300,600,2.0,27.8,0.1
209.111122,1,AUTO,ARMED,5,AVAILABLE,UNAVAILABLE,UNAVAILABLE,154,4,ACTIVE,711,D_P3-A5.NC,D_P3-A5.NC,6,0.000668021,20,0.0005,1612515.148,468952.227,184.4,-4445.0029,100,0.0,26,100,0,0,100,4400.0,2600,700,3.8,25.2,0.1,7,318.560862,200,100,4.7,22.7,0.0,3,232.7915975,3100,1600,1.9,26,0.1,32,-297.4461054,1300,600,2.0,27.8,0.1
209.248887,1,AUTO,ARMED,5,AVAILABLE,UNAVAILABLE,UNAVAILABLE,154,4,ACTIVE,711,D_P3-A5.NC,D_P3-A5.NC,6,0.000668021,20,0.0005,1612515.148,468952.227,184.4,-4445.0029,100,0.0,26,100,0,1,100,4400.0,2600,700,3.8,25.2,0.1,6,318.5608735,200,100,4.7,22.7,0.0,3,232.7915975,3100,1600,1.9,26,0.1,32,-297.446094,1300,600,2.0,27.8,0.1
209.39422,1,AUTO,ARMED,5,AVAILABLE,UNAVAILABLE,UNAVAILABLE,154,4,ACTIVE,711,D_P3-A5.NC,D_P3-A5.NC,6,0.000668021,20,0.0005,1612515.148,468952.227,184.4,-4445.0029,100,0.0,27,100,0,0,100,4400.0,2600,700,3.8,25.2,0.1,5,318.5608964,200,100,4.7,22.7,0.0,3,232.7915975,3100,1600,1.9,26,0.1,32,-297.4461054,1300,600,2.0,27.8,0.1
209.545581,1,AUTO,ARMED,5,AVAILABLE,UNAVAILABLE,UNAVAILABLE,154,4,ACTIVE,711,D_P3-A5.NC,D_P3-A5.NC,6,0.000668021,20,0.0005,1612515.148,468952.227,184.4,-4445.0029,100,0.0,27,100,0,0,100,4400.0,2600,700,3.8,25.2,0.1,5,318.5608964,200,100,4.7,22.7,0.0,3,232.791609,3100,1600,1.9,26,0.1,32,-297.4461054,1300,600,2.0,27.8,0.1
209.693098,1,AUTO,ARMED,5,AVAILABLE,UNAVAILABLE,UNAVAILABLE,154,4,ACTIVE,711,D_P3-A5.NC,D_P3-A5.NC,6,0.000668021,20,0.0005,1612515.148,468952.227,184.4,-4445.0029,100,0.0,27,100,0,0,100,4400.0,2600,700,3.8,25.2,0.1,5,318.5608964,200,100,4.7,22.7,0.0,3,232.7915975,3100,1600,1.9,26,0.1,32,-297.4461054,1300,600,2.0,27.8,0.1
209.87417,1,AUTO,ARMED,5,AVAILABLE,UNAVAILABLE,UNAVAILABLE,154,4,ACTIVE,711,D_P3-A5.NC,D_P3-A5.NC,6,0.000668021,20,0.0005,1612515.148,468952.227,184.4,-4445.0029,100,0.0,27,100,0,0,100,4400.0,2600,700,3.8,25.2,0.1,5,318.5608964,200,100,4.7,22.7,0.0,3,232.7915975,3100,1600,1.9,26,0.1,32,-297.446094,1300,600,2.0,27.8,0.1
210.019901,1,AUTO,ARMED,5,AVAILABLE,UNAVAILABLE,UNAVAILABLE,157,4,ACTIVE,711,D_P3-A5.NC,D_P3-A5.NC,6,0.000668021,20,0.0005,1612515.148,468952.227,184.4,-4445.0029,100,0.0,27,100,0,18,100,4356.735794,2600,700,3.8,25.2,0.1,5,318.5608964,200,100,4.7,22.7,0.0,3,232.7915975,3100,1600,1.9,26,0.1,32,-297.446094,1300,600,2.0,27.8,0.1
210.172036,1,AUTO,ARMED,5,AVAILABLE,UNAVAILABLE,UNAVAILABLE,157,4,ACTIVE,711,D_P3-A5.NC,D_P3-A5.NC,6,0.000668021,20,0.0005,1612515.148,468952.227,184.4,1937.9573,100,0.0,27,100,0,18,100,4103.383967,2600,700,3.8,25.2,0.1,5,318.5608849,200,100,4.7,22.7,0.0,3,232.7915975,3100,1600,1.9,26,0.1,32,-297.446094,1300,600,2.0,27.8,0.1
210.317608,1,AUTO,ARMED,5,AVAILABLE,UNAVAILABLE,UNAVAILABLE,157,4,ACTIVE,711,D_P3-A5.NC,D_P3-A5.NC,6,0.000668021,20,0.0005,1612515.148,468952.227,184.4,1937.9573,100,0.0,27,100,0,20,100,3823.166353,2600,700,3.8,25.2,0.1,5,318.5608964,200,100,4.7,22.7,0.0,3,232.7915975,3100,1600,1.9,26,0.1,32,-297.446094,1300,600,2.0,27.8,0.1
210.457449,1,AUTO,ARMED,5,AVAILABLE,UNAVAILABLE,UNAVAILABLE,157,4,ACTIVE,711,D_P3-A5.NC,D_P3-A5.NC,6,0.000668021,20,0.0005,1612515.148,468952.227,184.4,1937.9573,100,0.0,28,100,0,20,100,3502.348993,2600,700,3.8,25.2,0.1,5,318.5608964,200,100,4.7,22.7,0.0,3,232.7915861,3100,1600,1.9,26,0.1,32,-297.4461054,1300,600,2.0,27.8,0.1
210.592756,1,AUTO,ARMED,5,AVAILABLE,UNAVAILABLE,UNAVAILABLE,158,4,ACTIVE,711,D_P3-A5.NC,D_P3-A5.NC,6,0.000668021,20,0.0005,1612515.148,468952.227,184.4,1937.9573,100,0.0,28,100,0,0,100,2900.0,2600,700,3.8,25.2,0.1,5,318.5609078,200,100,4.7,22.7,0.0,0,232.9186029,3100,1600,1.9,26,0.1,32,-297.4461054,1300,600,2.0,27.8,0.1
210.734727,1,AUTO,ARMED,5,AVAILABLE,UNAVAILABLE,UNAVAILABLE,158,4,ACTIVE,711,D_P3-A5.NC,D_P3-A5.NC,6,0.000668021,20,0.0005,1612515.148,468952.227,184.4,1937.9573,100,0.0,28,100,0,0,100,2900.0,2600,700,3.8,25.2,0.1,5,318.5608964,200,100,4.7,22.7,0.0,0,232.9185571,3100,1600,1.9,26,0.1,32,-297.446094,1300,600,2.0,27.8,0.1
210.880589,1,AUTO,ARMED,5,AVAILABLE,UNAVAILABLE,UNAVAILABLE,158,4,ACTIVE,711,D_P3-A5.NC,D_P3-A5.NC,6,0.000668021,20,0.0005,1612515.148,468952.227,184.4,1937.9573,100,0.0,28,100,0,1,100,2900.0,2600,700,3.8,25.2,0.1,5,318.5608964,200,100,4.7,22.7,0.0,0,232.9185685,3100,1600,1.9,26,0.1,32,-297.4461054,1300,600,2.0,27.8,0.1
211.029724,1,AUTO,ARMED,5,AVAILABLE,UNAVAILABLE,UNAVAILABLE,158,4,ACTIVE,711,D_P3-A5.NC,D_P3-A5.NC,6,0.000668021,20,0.0005,1612515.148,468952.227,184.4,1937.9573,100,0.0,28,100,0,3,100,2900.0,2600,700,3.8,25.2,0.1,5,318.5608964,200,100,4.7,22.7,0.0,0,232.9185914,3100,1600,1.9,26,0.1,32,-297.446094,1300,600,2.0,27.8,0.1
211.168057,1,AUTO,ARMED,5,AVAILABLE,UNAVAILABLE,UNAVAILABLE,158,4,ACTIVE,711,D_P3-A5.NC,D_P3-A5.NC,6,0.000668021,20,0.0005,1612515.148,468952.227,184.4,2023.8719,100,0.0,28,100,0,3,100,2900.0,2600,700,3.8,25.2,0.1,5,318.5609078,200,100,4.7,22.7,0.0,0,232.9185914,3100,1600,1.9,26,0.1,32,-297.446094,1300,600,2.0,27.8,0.1
211.306896,1,AUTO,ARMED,5,AVAILABLE,UNAVAILABLE,UNAVAILABLE,158,4,ACTIVE,711,D_P3-A5.NC,D_P3-A5.NC,6,0.000668021,20,0.0005,1612515.148,468952.227,184.4,2023.8719,100,0.0,28,100,0,2,100,2900.0,2600,700,3.8,25.2,0.1,5,318.5608849,200,100,4.7,22.7,0.0,0,232.9185914,3100,1600,1.9,26,0.1,32,-297.446094,1300,600,2.0,27.8,0.1
211.448667,1,AUTO,ARMED,5,AVAILABLE,UNAVAILABLE,UNAVAILABLE,158,4,ACTIVE,711,D_P3-A5.NC,D_P3-A5.NC,6,0.000668021,20,0.0005,1612515.148,468952.227,184.4,2023.8719,100,0.0,29,100,0,2,100,2900.0,2600,700,3.8,25.2,0.1,5,318.5608964,200,100,4.7,22.7,0.0,0,232.9186029,3100,1600,1.9,26,0.1,32,-297.4461054,1300,600,2.0,27.8,0.1
211.589259,1,AUTO,ARMED,5,AVAILABLE,UNAVAILABLE,UNAVAILABLE,159,4,ACTIVE,711,D_P3-A5.NC,D_P3-A5.NC,6,0.000668021,20,0.0005,1612515.148,468952.227,184.4,2023.8719,100,0.0,29,100,0,1,100,2900.0,2600,700,3.8,25.2,0.1,8,319.5465917,200,100,4.7,22.7,0.0,0,232.9186029,3100,1600,1.9,26,0.1,32,-297.4461054,1300,600,2.0,27.8,0.1
211.73469,1,AUTO,ARMED,5,AVAILABLE,UNAVAILABLE,UNAVAILABLE,159,4,ACTIVE,711,D_P3-A5.NC,D_P3-A5.NC,6,0.000668021,20,0.0005,1612515.148,468952.227,184.4,2023.8719,100,14.81667,29,100,0,1,100,2900.0,2600,700,3.8,25.2,0.1,8,321.072378,200,100,4.7,22.7,0.0,0,232.9186029,3100,1600,1.9,26,0.1,32,-297.4461054,1300,600,2.0,27.8,0.1
211.885399,1,AUTO,ARMED,5,AVAILABLE,UNAVAILABLE,UNAVAILABLE,159,4,ACTIVE,711,D_P3-A5.NC,D_P3-A5.NC,6,0.000668021,20,0.0005,1612515.148,468952.227,184.4,2023.8719,100,14.81667,29,100,0,1,100,2900.0,2600,700,3.8,25.2,0.1,9,322.6056718,200,100,4.7,22.7,0.0,0,232.9186029,3100,1600,1.9,26,0.1,32,-297.4461054,1300,600,2.0,27.8,0.1
212.026302,1,AUTO,ARMED,5,AVAILABLE,UNAVAILABLE,UNAVAILABLE,159,4,ACTIVE,711,D_P3-A5.NC,D_P3-A5.NC,6,0.000668021,20,0.0005,1612515.148,468952.227,184.4,2023.8719,100,14.81667,29,100,0,1,100,2900.0,2600,700,3.8,25.2,0.1,9,324.1318471,200,100,4.7,22.7,0.0,0,232.9186029,3100,1600,1.9,26,0.1,32,-297.446094,1300,600,2.0,27.8,0.1
212.177685,1,AUTO,ARMED,5,AVAILABLE,UNAVAILABLE,UNAVAILABLE,159,4,ACTIVE,711,D_P3-A5.NC,D_P3-A5.NC,6,0.000668021,20,0.0005,1612515.148,468952.227,184.4,2023.8719,100,14.81667,29,100,0,1,100,2900.0,2600,700,3.8,25.2,0.1,9,327.1916367,200,100,4.7,22.7,0.0,0,232.9186029,3100,1600,1.9,26,0.1,32,-297.446094,1300,600,2.0,27.8,0.1
212.319415,1,AUTO,ARMED,5,AVAILABLE,UNAVAILABLE,UNAVAILABLE,159,4,ACTIVE,711,D_P3-A5.NC,D_P3-A5.NC,6,0.000668021,20,0.0005,1612515.148,468952.227,184.4,2075.7224,100,14.81667,29,100,0,1,100,2900.0,8600,2900,3.0,25.2,0.2,9,328.7139095,500,100,3.8,22.7,0.2,0,232.9186029,3000,1300,2.3,26,0.1,32,-297.446094,1300,600,2.0,27.8,0.1
212.460689,1,AUTO,ARMED,5,AVAILABLE,UNAVAILABLE,UNAVAILABLE,159,4,ACTIVE,711,D_P3-A5.NC,D_P3-A5.NC,6,0.000668021,20,0.0005,1612515.148,468952.227,184.4,2075.7224,100,14.81667,30,100,0,1,100,2900.0,8600,2900,3.0,25.2,0.2,9,330.2400042,500,100,3.8,22.7,0.2,0,232.9186029,3000,1300,2.3,26,0.1,32,-297.4461054,1300,600,2.0,27.8,0.1
212.601712,1,AUTO,ARMED,5,AVAILABLE,UNAVAILABLE,UNAVAILABLE,159,4,ACTIVE,711,D_P3-A5.NC,D_P3-A5.NC,6,0.000668021,20,0.0005,1612515.148,468952.227,184.4,2075.7224,100,14.81667,30,100,0,0,100,2900.0,8600,2900,3.0,25.2,0.2,10,334.8261549,500,100,3.8,22.7,0.2,0,232.9186257,3000,1300,2.3,26,0.1,32,-297.446094,1300,600,2.0,27.8,0.1
212.740445,1,AUTO,ARMED,5,AVAILABLE,UNAVAILABLE,UNAVAILABLE,159,4,ACTIVE,711,D_P3-A5.NC,D_P3-A5.NC,6,0.000668021,20,0.0005,1612515.148,468952.227,184.4,2075.7224,100,14.81667,30,100,0,0,100,2900.0,8600,2900,3.0,25.2,0.2,8,336.3522168,500,100,3.8,22.7,0.2,0,232.9186372,3000,1300,2.3,26,0.1,32,-297.446094,1300,600,2.0,27.8,0.1
212.882399,1,AUTO,ARMED,5,AVAILABLE,UNAVAILABLE,UNAVAILABLE,159,4,ACTIVE,711,D_P3-A5.NC,D_P3-A5.NC,6,0.000668021,20,0.0005,1612515.148,468952.227,184.4,2075.7224,100,14.81667,30,100,0,0,100,2900.0,8600,2900,3.0,25.2,0.2,8,337.8821239,500,100,3.8,22.7,0.2,0,232.9186372,3000,1300,2.3,26,0.1,32,-297.4461054,1300,600,2.0,27.8,0.1
213.024273,1,AUTO,ARMED,5,AVAILABLE,UNAVAILABLE,UNAVAILABLE,159,4,ACTIVE,711,D_P3-A5.NC,D_P3-A5.NC,6,0.000668021,20,0.0005,1612515.148,468952.227,184.4,2075.7224,100,14.81667,30,100,0,1,100,2900.0,8600,2900,3.0,25.2,0.2,12,338.6442965,500,100,3.8,22.7,0.2,0,232.9185227,3000,1300,2.3,26,0.1,32,-297.446094,1300,600,2.0,27.8,0.1
213.168898,1,AUTO,ARMED,5,AVAILABLE,UNAVAILABLE,UNAVAILABLE,159,4,ACTIVE,711,D_P3-A5.NC,D_P3-A5.NC,6,0.000668021,20,0.0005,1612515.148,468952.227,184.4,2075.7224,100,14.81667,30,100,0,0,100,2900.0,8600,2900,3.0,25.2,0.2,13,341.7001167,500,100,3.8,22.7,0.2,0,232.9185113,3000,1300,2.3,26,0.1,32,-297.446094,1300,600,2.0,27.8,0.1
213.311581,1,AUTO,ARMED,5,AVAILABLE,UNAVAILABLE,UNAVAILABLE,159,4,ACTIVE,711,D_P3-A5.NC,D_P3-A5.NC,6,0.000668021,20,0.0005,1612515.148,468952.227,184.4,2075.7224,100,14.81667,30,100,0,0,100,2900.0,8600,2900,3.0,25.2,0.2,13,343.2264762,500,100,3.8,22.7,0.2,0,232.9184999,3000,1300,2.3,26,0.1,32,-297.446094,1300,600,2.0,27.8,0.1
213.451135,1,AUTO,ARMED,5,AVAILABLE,UNAVAILABLE,UNAVAILABLE,159,4,ACTIVE,711,D_P3-A5.NC,D_P3-A5.NC,6,0.000668021,20,0.0005,1612515.148,468952.227,184.4,2049.6799,100,14.81667,31,100,0,0,100,2900.0,8600,2900,3.0,25.2,0.2,8,346.2788517,500,100,3.8,22.7,0.2,0,232.9185113,3000,1300,2.3,26,0.1,32,-297.4461054,1300,600,2.0,27.8,0.1
213.59696,1,AUTO,ARMED,5,AVAILABLE,UNAVAILABLE,UNAVAILABLE,159,4,ACTIVE,711,D_P3-A5.NC,D_P3-A5.NC,6,0.000668021,20,0.0005,1612515.148,468952.227,184.4,2049.6799,100,14.81667,31,100,0,0,100,2900.0,8600,2900,3.0,25.2,0.2,10,347.8084727,500,100,3.8,22.7,0.2,0,232.9185113,3000,1300,2.3,26,0.1,32,-297.446094,1300,600,2.0,27.8,0.1
213.736684,1,AUTO,ARMED,5,AVAILABLE,UNAVAILABLE,UNAVAILABLE,159,4,ACTIVE,711,D_P3-A5.NC,D_P3-A5.NC,6,0.000668021,20,0.0005,1612515.148,468952.227,184.4,2049.6799,100,14.81667,31,100,0,0,100,2900.0,2400,600,4.0,25.2,0.1,13,349.3346032,500,100,3.7,22.7,0.2,0,232.9185227,1100,300,3.7,26,0.1,32,-297.446094,1600,700,2.3,27.8,0.2
213.875706,1,AUTO,ARMED,5,AVAILABLE,UNAVAILABLE,UNAVAILABLE,159,4,ACTIVE,711,D_P3-A5.NC,D_P3-A5.NC,6,0.000668021,20,0.0005,1612515.148,468952.227,184.4,2049.6799,100,14.81667,31,100,0,2,100,2900.0,2400,600,4.0,25.2,0.1,13,352.3943144,500,100,3.7,22.7,0.2,0,232.9185342,1100,300,3.7,26,0.1,32,-297.446094,1600,700,2.3,27.8,0.2
214.015735,1,AUTO,ARMED,5,AVAILABLE,UNAVAILABLE,UNAVAILABLE,159,4,ACTIVE,711,D_P3-A5.NC,D_P3-A5.NC,6,0.000668021,20,0.0005,1612515.148,468952.227,184.4,2049.6799,100,14.81667,31,100,0,2,100,2900.0,2400,600,4.0,25.2,0.1,13,353.920342,500,100,3.7,22.7,0.2,0,232.9185571,1100,300,3.7,26,0.1,32,-297.446094,1600,700,2.3,27.8,0.2
214.169378,1,AUTO,ARMED,5,AVAILABLE,UNAVAILABLE,UNAVAILABLE,159,4,ACTIVE,711,D_P3-A5.NC,D_P3-A5.NC,6,0.000668021,20,0.0005,1612515.148,468952.227,184.4,2049.6799,100,14.81667,31,100,0,2,100,2900.0,2400,600,4.0,25.2,0.1,8,355.4428219,500,100,3.7,22.7,0.2,0,232.9185685,1100,300,3.7,26,0.1,32,-297.4461054,1600,700,2.3,27.8,0.2
214.311744,1,AUTO,ARMED,5,AVAILABLE,UNAVAILABLE,UNAVAILABLE,159,4,ACTIVE,711,D_P3-A5.NC,D_P3-A5.NC,6,0.000668021,20,0.0005,1612515.148,468952.227,184.4,2049.6799,100,14.81667,32,100,0,1,100,2900.0,2400,600,4.0,25.2,0.1,10,360.0287094,500,100,3.7,22.7,0.2,0,232.9186029,1100,300,3.7,26,0.1,32,-297.4461054,1600,700,2.3,27.8,0.2
214.452242,1,AUTO,ARMED,5,AVAILABLE,UNAVAILABLE,UNAVAILABLE,159,4,ACTIVE,711,D_P3-A5.NC,D_P3-A5.NC,6,0.000668021,20,0.0005,1612515.148,468952.227,184.4,2039.9604,100,14.81667,32,100,0,0,100,2900.0,2400,600,4.0,25.2,0.1,12,361.5621716,500,100,3.7,22.7,0.2,0,232.9185914,1100,300,3.7,26,0.1,32,-297.4461054,1600,700,2.3,27.8,0.2
214.594973,1,AUTO,ARMED,5,AVAILABLE,UNAVAILABLE,UNAVAILABLE,159,4,ACTIVE,711,D_P3-A5.NC,D_P3-A5.NC,6,0.000668021,20,0.0005,1612515.148,468952.227,184.4,2039.9604,100,14.81667,32,100,0,0,100,2900.0,2400,600,4.0,25.2,0.1,12,363.0885499,500,100,3.7,22.7,0.2,0,232.9185914,1100,300,3.7,26,0.1,32,-297.4461054,1600,700,2.3,27.8,0.2
214.739933,1,AUTO,ARMED,5,AVAILABLE,UNAVAILABLE,UNAVAILABLE,159,4,ACTIVE,711,D_P3-A5.NC,D_P3-A5.NC,6,0.000668021,20,0.0005,1612515.148,468952.227,184.4,2039.9604,100,14.81667,32,100,0,1,100,2900.0,2400,600,4.0,25.2,0.1,9,364.6145278,500,100,3.7,22.7,0.2,0,232.9185914,1100,300,3.7,26,0.1,32,-297.4461054,1600,700,2.3,27.8,0.2
214.880083,1,AUTO,ARMED,5,AVAILABLE,UNAVAILABLE,UNAVAILABLE,159,4,ACTIVE,711,D_P3-A5.NC,D_P3-A5.NC,6,0.000668021,20,0.0005,1612515.148,468952.227,184.4,2039.9604,100,14.81667,32,100,0,0,100,2900.0,2400,600,4.0,25.2,0.1,9,366.9112135,500,100,3.7,22.7,0.2,0,232.9186143,1100,300,3.7,26,0.1,32,-297.4461054,1600,700,2.3,27.8,0.2
215.020587,1,AUTO,ARMED,5,AVAILABLE,UNAVAILABLE,UNAVAILABLE,159,4,ACTIVE,711,D_P3-A5.NC,D_P3-A5.NC,6,0.000668021,20,0.0005,1612515.148,468952.227,184.4,2039.9604,100,14.81667,32,100,0,0,100,2900.0,2400,600,4.0,25.2,0.1,9,368.441025,500,100,3.7,22.7,0.2,0,232.9186029,1100,300,3.7,26,0.1,32,-297.4461054,1600,700,2.3,27.8,0.2
215.16069,1,AUTO,ARMED,5,AVAILABLE,UNAVAILABLE,UNAVAILABLE,159,4,ACTIVE,711,D_P3-A5.NC,D_P3-A5.NC,6,0.000668021,20,0.0005,1612515.148,468952.227,184.4,2039.9604,100,14.81667,32,100,0,1,100,2900.0,2400,600,4.0,25.2,0.1,11,371.4932668,500,100,3.7,22.7,0.2,0,232.91858,1100,300,3.7,26,0.1,32,-297.446094,1600,700,2.3,27.8,0.2
215.316977,1,AUTO,ARMED,5,AVAILABLE,UNAVAILABLE,UNAVAILABLE,159,4,ACTIVE,711,D_P3-A5.NC,D_P3-A5.NC,6,0.000668021,20,0.0005,1612515.148,468952.227,184.4,2039.9604,100,14.81667,32,100,0,0,100,2900.0,2000,500,3.8,25.2,0.1,12,373.0192904,300,100,3.6,22.7,0.0,0,232.9185685,500,200,3.3,26,0.1,32,-297.446094,1300,600,2.1,27.7,0.1
215.46926,1,AUTO,ARMED,5,AVAILABLE,UNAVAILABLE,UNAVAILABLE,159,4,ACTIVE,711,D_P3-A5.NC,D_P3-A5.NC,6,0.000668021,20,0.0005,1612515.148,468952.227,184.4,2039.9604,100,14.81667,33,100,0,3,100,2900.0,2000,500,3.8,25.2,0.1,10,376.0754574,300,100,3.6,22.7,0.0,0,232.9185571,500,200,3.3,26,0.1,32,-297.4461054,1300,600,2.1,27.7,0.1
215.620052,1,AUTO,ARMED,5,AVAILABLE,UNAVAILABLE,UNAVAILABLE,159,4,ACTIVE,711,D_P3-A5.NC,D_P3-A5.NC,6,0.000668021,20,0.0005,1612515.148,468952.227,184.4,1923.5016,100,14.81667,33,100,0,3,100,2900.0,2000,500,3.8,25.2,0.1,10,377.6013322,300,100,3.6,22.7,0.0,0,232.9185685,500,200,3.3,26,0.1,32,-297.4461054,1300,600,2.1,27.7,0.1
215.781275,1,AUTO,ARMED,5,AVAILABLE,UNAVAILABLE,UNAVAILABLE,159,4,ACTIVE,711,D_P3-A5.NC,D_P3-A5.NC,6,0.000668021,20,0.0005,1612515.148,468952.227,184.4,1923.5016,100,14.81667,33,100,0,4,100,2900.0,2000,500,3.8,25.2,0.1,10,380.6534023,300,100,3.6,22.7,0.0,0,232.9185685,500,200,3.3,26,0.1,32,-297.4461054,1300,600,2.1,27.7,0.1
215.91786,1,AUTO,ARMED,5,AVAILABLE,UNAVAILABLE,UNAVAILABLE,159,4,ACTIVE,711,D_P3-A5.NC,D_P3-A5.NC,6,0.000668021,20,0.0005,1612515.148,468952.227,184.4,1923.5016,100,14.81667,33,100,0,4,100,2900.0,2000,500,3.8,25.2,0.1,10,382.1834658,300,100,3.6,22.7,0.0,0,232.9185685,500,200,3.3,26,0.1,32,-297.4461054,1300,600,2.1,27.7,0.1
216.072199,1,AUTO,ARMED,5,AVAILABLE,UNAVAILABLE,UNAVAILABLE,159,4,ACTIVE,711,D_P3-A5.NC,D_P3-A5.NC,6,0.000668021,20,0.0005,1612515.148,468952.227,184.4,1923.5016,100,14.81667,33,100,0,0,100,2900.0,2000,500,3.8,25.2,0.1,9,385.2355485,300,100,3.6,22.7,0.0,0,232.9185685,500,200,3.3,26,0.1,32,-297.446094,1300,600,2.1,27.7,0.1
216.21128,1,AUTO,ARMED,5,AVAILABLE,UNAVAILABLE,UNAVAILABLE,159,4,ACTIVE,711,D_P3-A5.NC,D_P3-A5.NC,6,0.000668021,20,0.0005,1612515.148,468952.227,184.4,1923.5016,100,14.81667,33,100,0,1,100,2900.0,2000,500,3.8,25.2,0.1,9,386.7691664,300,100,3.6,22.7,0.0,0,232.9185914,500,200,3.3,26,0.1,32,-297.446094,1300,600,2.1,27.7,0.1
216.35462,1,AUTO,ARMED,5,AVAILABLE,UNAVAILABLE,UNAVAILABLE,159,4,ACTIVE,711,D_P3-A5.NC,D_P3-A5.NC,6,0.000668021,20,0.0005,1612515.148,468952.227,184.4,1923.5016,100,14.81667,34,100,0,0,100,2900.0,2000,500,3.8,25.2,0.1,9,389.8177126,300,100,3.6,22.7,0.0,0,232.9186029,500,200,3.3,26,0.1,32,-297.446094,1300,600,2.1,27.7,0.1
216.495733,1,AUTO,ARMED,5,AVAILABLE,UNAVAILABLE,UNAVAILABLE,159,4,ACTIVE,711,D_P3-A5.NC,D_P3-A5.NC,6,0.000668021,20,0.0005,1612515.148,468952.227,184.4,1923.5016,100,14.81667,34,100,0,0,100,2900.0,2000,500,3.8,25.2,0.1,9,391.3476223,300,100,3.6,22.7,0.0,0,232.9186029,500,200,3.3,26,0.1,32,-297.446094,1300,600,2.1,27.7,0.1
216.634352,1,AUTO,ARMED,5,AVAILABLE,UNAVAILABLE,UNAVAILABLE,159,4,ACTIVE,711,D_P3-A5.NC,D_P3-A5.NC,6,0.000668021,20,0.0005,1612515.148,468952.227,184.4,1929.9619,100,14.81667,34,100,0,1,100,2900.0,2000,500,3.8,25.2,0.1,9,392.8738124,300,100,3.6,22.7,0.0,0,232.9185914,500,200,3.3,26,0.1,32,-297.4461054,1300,600,2.1,27.7,0.1
216.783519,1,AUTO,ARMED,5,AVAILABLE,UNAVAILABLE,UNAVAILABLE,159,4,ACTIVE,711,D_P3-A5.NC,D_P3-A5.NC,6,0.000668021,20,0.0005,1612515.148,468952.227,184.4,1929.9619,100,14.81667,34,100,0,0,100,2900.0,1900,400,4.5,25.2,0.1,8,395.1629889,300,100,5.0,22.7,0.0,0,232.9186029,1900,200,9.4,26,0.1,32,-297.446094,1200,600,1.9,27.7,0.1
216.922423,1,AUTO,ARMED,5,AVAILABLE,UNAVAILABLE,UNAVAILABLE,159,4,ACTIVE,711,D_P3-A5.NC,D_P3-A5.NC,6,0.000668021,20,0.0005,1612515.148,468952.227,184.4,1929.9619,100,14.81667,34,100,0,0,100,2900.0,1900,400,4.5,25.2,0.1,9,398.2227512,300,100,5.0,22.7,0.0,0,232.9186029,1900,200,9.4,26,0.1,32,-297.446094,1200,600,1.9,27.7,0.1
217.071009,1,AUTO,ARMED,5,AVAILABLE,UNAVAILABLE,UNAVAILABLE,159,4,ACTIVE,711,D_P3-A5.NC,D_P3-A5.NC,6,0.000668021,20,0.0005,1612515.148,468952.227,184.4,1929.9619,100,14.81667,34,100,0,0,100,2900.0,1900,400,4.5,25.2,0.1,9,399.7291073,300,100,5.0,22.7,0.0,0,232.9186029,1900,200,9.4,26,0.1,32,-297.446094,1200,600,1.9,27.7,0.1
217.214694,1,AUTO,ARMED,5,AVAILABLE,UNAVAILABLE,UNAVAILABLE,160,4,ACTIVE,711,D_P3-A5.NC,D_P3-A5.NC,6,0.000668021,20,0.0005,1612515.148,468952.227,184.4,1929.9619,100,7.416667,34,100,0,0,100,2900.0,1900,400,4.5,25.2,0.1,5,399.8401915,300,100,5.0,22.7,0.0,0,232.9185914,1900,200,9.4,26,0.1,32,-297.4461054,1200,600,1.9,27.7,0.1
217.360863,1,AUTO,ARMED,5,AVAILABLE,UNAVAILABLE,UNAVAILABLE,160,4,ACTIVE,711,D_P3-A5.NC,D_P3-A5.NC,6,0.000668021,20,0.0005,1612515.148,468952.227,184.4,1929.9619,100,0.0,35,100,0,3,100,2900.0,1900,400,4.5,25.2,0.1,6,399.8409011,300,100,5.0,22.7,0.0,0,232.9186029,1900,200,9.4,26,0.1,32,-297.446094,1200,600,1.9,27.7,0.1
217.500355,1,AUTO,ARMED,5,AVAILABLE,UNAVAILABLE,UNAVAILABLE,160,4,ACTIVE,711,D_P3-A5.NC,D_P3-A5.NC,6,0.000668021,20,0.0005,1612515.148,468952.227,184.4,1929.9619,100,0.0,35,100,0,3,100,2900.0,1900,400,4.5,25.2,0.1,6,399.8409011,300,100,5.0,22.7,0.0,0,232.9185914,1900,200,9.4,26,0.1,32,-297.446094,1200,600,1.9,27.7,0.1
217.641707,1,AUTO,ARMED,5,AVAILABLE,UNAVAILABLE,UNAVAILABLE,160,4,ACTIVE,711,D_P3-A5.NC,D_P3-A5.NC,6,0.000668021,20,0.0005,1612515.148,468952.227,184.4,1929.9619,100,0.0,35,100,0,3,100,2900.0,1900,400,4.5,25.2,0.1,6,399.8409011,300,100,5.0,22.7,0.0,0,232.9185914,1900,200,9.4,26,0.1,32,-297.446094,1200,600,1.9,27.7,0.1
217.791743,1,AUTO,ARMED,5,AVAILABLE,UNAVAILABLE,UNAVAILABLE,160,4,ACTIVE,711,D_P3-A5.NC,D_P3-A5.NC,6,0.000668021,20,0.0005,1612515.148,468952.227,184.4,1996.7756,100,0.0,35,100,0,1,100,2900.0,1900,400,4.5,25.2,0.1,6,399.8409126,300,100,5.0,22.7,0.0,0,232.9185914,1900,200,9.4,26,0.1,32,-297.446094,1200,600,1.9,27.7,0.1
217.931296,1,AUTO,ARMED,5,AVAILABLE,UNAVAILABLE,UNAVAILABLE,160,4,ACTIVE,711,D_P3-A5.NC,D_P3-A5.NC,6,0.000668021,20,0.0005,1612515.148,468952.227,184.4,1996.7756,100,0.0,35,100,0,1,100,2900.0,1900,400,4.5,25.2,0.1,6,399.8409011,300,100,5.0,22.7,0.0,0,232.9185914,1900,200,9.4,26,0.1,32,-297.4461054,1200,600,1.9,27.7,0.1
218.070189,1,AUTO,ARMED,5,AVAILABLE,UNAVAILABLE,UNAVAILABLE,160,4,ACTIVE,711,D_P3-A5.NC,D_P3-A5.NC,6,0.000668021,20,0.0005,1612515.148,468952.227,184.4,1996.7756,100,0.0,35,100,0,0,100,2900.0,2200,500,4.1,25.2,0.1,6,399.8409011,500,100,4.0,22.7,0.2,0,232.9185914,800,200,3.9,26,0.1,32,-297.4461054,1400,700,2.2,27.7,0.1
218.213725,1,AUTO,ARMED,5,AVAILABLE,UNAVAILABLE,UNAVAILABLE,161,4,ACTIVE,711,D_P3-A5.NC,D_P3-A5.NC,6,0.000668021,20,0.0005,1612515.148,468952.227,184.4,1996.7756,100,0.0,35,100,0,0,100,2900.0,2200,500,4.1,25.2,0.1,6,399.4000083,500,100,4.0,22.7,0.2,0,233.0457226,800,200,3.9,26,0.1,32,-297.446094,1400,700,2.2,27.7,0.1
218.359855,1,AUTO,ARMED,5,AVAILABLE,UNAVAILABLE,UNAVAILABLE,162,4,ACTIVE,711,D_P3-A5.NC,D_P3-A5.NC,6,0.000668021,20,0.0005,1612515.148,468952.227,184.4,1996.7756,100,14.81667,35,100,0,1,100,2900.0,2200,500,4.1,25.2,0.1,8,397.8765344,500,100,4.0,22.7,0.2,3,233.0456654,800,200,3.9,26,0.1,32,-297.4461054,1400,700,2.2,27.7,0.1
218.506839,1,AUTO,ARMED,5,AVAILABLE,UNAVAILABLE,UNAVAILABLE,162,4,ACTIVE,711,D_P3-A5.NC,D_P3-A5.NC,6,0.000668021,20,0.0005,1612515.148,468952.227,184.4,1996.7756,100,14.81667,36,100,0,1,100,2900.0,2200,500,4.1,25.2,0.1,8,396.3505198,500,100,4.0,22.7,0.2,3,233.0456425,800,200,3.9,26,0.1,32,-297.4461054,1400,700,2.2,27.7,0.1
218.656256,1,AUTO,ARMED,5,AVAILABLE,UNAVAILABLE,UNAVAILABLE,162,4,ACTIVE,711,D_P3-A5.NC,D_P3-A5.NC,6,0.000668021,20,0.0005,1612515.148,468952.227,184.4,1996.7756,100,14.81667,36,100,0,0,100,2900.0,2200,500,4.1,25.2,0.1,10,392.5316261,500,100,4.0,22.7,0.2,3,233.0456082,800,200,3.9,26,0.1,32,-297.4461054,1400,700,2.2,27.7,0.1
218.798153,1,AUTO,ARMED,5,AVAILABLE,UNAVAILABLE,UNAVAILABLE,162,4,ACTIVE,711,D_P3-A5.NC,D_P3-A5.NC,6,0.000668021,20,0.0005,1612515.148,468952.227,184.4,2017.5743,100,14.81667,36,100,0,0,100,2900.0,2200,500,4.1,25.2,0.1,10,391.0056687,500,100,4.0,22.7,0.2,3,233.0456082,800,200,3.9,26,0.1,32,-297.446094,1400,700,2.2,27.7,0.1
218.94024,1,AUTO,ARMED,5,AVAILABLE,UNAVAILABLE,UNAVAILABLE,162,4,ACTIVE,711,D_P3-A5.NC,D_P3-A5.NC,6,0.000668021,20,0.0005,1612515.148,468952.227,184.4,2017.5743,100,14.81667,36,100,0,2,100,2900.0,2200,500,4.1,25.2,0.1,8,387.9492331,500,100,4.0,22.7,0.2,3,233.045551,800,200,3.9,26,0.1,32,-297.446094,1400,700,2.2,27.7,0.1
219.08484,1,AUTO,ARMED,5,AVAILABLE,UNAVAILABLE,UNAVAILABLE,162,4,ACTIVE,711,D_P3-A5.NC,D_P3-A5.NC,6,0.000668021,20,0.0005,1612515.148,468952.227,184.4,2017.5743,100,14.81667,36,100,0,0,100,2900.0,2200,500,4.1,25.2,0.1,6,386.4235846,500,100,4.0,22.7,0.2,4,233.045551,800,200,3.9,26,0.1,32,-297.4461054,1400,700,2.2,27.7,0.1
219.225524,1,AUTO,ARMED,5,AVAILABLE,UNAVAILABLE,UNAVAILABLE,162,4,ACTIVE,711,D_P3-A5.NC,D_P3-A5.NC,6,0.000668021,20,0.0005,1612515.148,468952.227,184.4,2017.5743,100,14.81667,36,100,0,0,100,2900.0,2200,500,4.1,25.2,0.1,6,384.8901537,500,100,4.0,22.7,0.2,4,233.0455967,800,200,3.9,26,0.1,32,-297.446094,1400,700,2.2,27.7,0.1
219.363311,1,AUTO,ARMED,5,AVAILABLE,UNAVAILABLE,UNAVAILABLE,162,4,ACTIVE,711,D_P3-A5.NC,D_P3-A5.NC,6,0.000668021,20,0.0005,1612515.148,468952.227,184.4,2017.5743,100,14.81667,37,100,0,2,100,2900.0,2200,500,4.1,25.2,0.1,6,381.8414548,500,100,4.0,22.7,0.2,4,233.0456311,800,200,3.9,26,0.1,32,-297.446094,1400,700,2.2,27.7,0.1
219.523279,1,AUTO,ARMED,5,AVAILABLE,UNAVAILABLE,UNAVAILABLE,162,4,ACTIVE,711,D_P3-A5.NC,D_P3-A5.NC,6,0.000668021,20,0.0005,1612515.148,468952.227,184.4,2017.5743,100,14.81667,37,100,0,2,100,2900.0,2200,500,4.1,25.2,0.1,6,380.3082525,500,100,4.0,22.7,0.2,4,233.0456311,800,200,3.9,26,0.1,32,-297.446094,1400,700,2.2,27.7,0.1
219.66808,1,AUTO,ARMED,5,AVAILABLE,UNAVAILABLE,UNAVAILABLE,162,4,ACTIVE,711,D_P3-A5.NC,D_P3-A5.NC,6,0.000668021,20,0.0005,1612515.148,468952.227,184.4,2017.5743,100,14.81667,37,100,0,2,100,2900.0,1800,500,3.4,25.2,0.1,8,378.781934,500,100,3.8,22.7,0.2,4,233.0456425,900,200,3.8,26,0.1,32,-297.446094,1400,700,2.1,27.7,0.1
219.812006,1,AUTO,ARMED,5,AVAILABLE,UNAVAILABLE,UNAVAILABLE,162,4,ACTIVE,711,D_P3-A5.NC,D_P3-A5.NC,6,0.000668021,20,0.0005,1612515.148,468952.227,184.4,2017.5743,100,14.81667,37,100,0,2,100,2900.0,1800,500,3.4,25.2,0.1,9,375.7298007,500,100,3.8,22.7,0.2,3,233.0456425,900,200,3.8,26,0.1,32,-297.446094,1400,700,2.1,27.7,0.1
219.954365,1,AUTO,ARMED,5,AVAILABLE,UNAVAILABLE,UNAVAILABLE,162,4,ACTIVE,711,D_P3-A5.NC,D_P3-A5.NC,6,0.000668021,20,0.0005,1612515.148,468952.227,184.4,2004.6084,100,14.81667,37,100,0,1,100,2900.0,1800,500,3.4,25.2,0.1,6,372.6737191,500,100,3.8,22.7,0.2,4,233.0456311,900,200,3.8,26,0.1,32,-297.446094,1400,700,2.1,27.7,0.1
220.095758,1,AUTO,ARMED,5,AVAILABLE,UNAVAILABLE,UNAVAILABLE,162,4,ACTIVE,711,D_P3-A5.NC,D_P3-A5.NC,6,0.000668021,20,0.0005,1612515.148,468952.227,184.4,2004.6084,100,14.81667,37,100,0,1,100,2900.0,1800,500,3.4,25.2,0.1,6,371.1478127,500,100,3.8,22.7,0.2,4,233.0456425,900,200,3.8,26,0.1,32,-297.4461054,1400,700,2.1,27.7,0.1
220.241156,1,AUTO,ARMED,5,AVAILABLE,UNAVAILABLE,UNAVAILABLE,162,4,ACTIVE,711,D_P3-A5.NC,D_P3-A5.NC,6,0.000668021,20,0.0005,1612515.148,468952.227,184.4,2004.6084,100,14.81667,37,100,0,1,100,2900.0,1800,500,3.4,25.2,0.1,5,369.6143073,500,100,3.8,22.7,0.2,4,233.0456425,900,200,3.8,26,0.1,32,-297.446094,1400,700,2.1,27.7,0.1
220.380596,1,AUTO,ARMED,5,AVAILABLE,UNAVAILABLE,UNAVAILABLE,162,4,ACTIVE,711,D_P3-A5.NC,D_P3-A5.NC,6,0.000668021,20,0.0005,1612515.148,468952.227,184.4,2004.6084,100,14.81667,38,100,0,1,100,2900.0,1800,500,3.4,25.2,0.1,7,368.0883894,500,100,3.8,22.7,0.2,3,233.0456425,900,200,3.8,26,0.1,32,-297.4461054,1400,700,2.1,27.7,0.1
220.523142,1,AUTO,ARMED,5,AVAILABLE,UNAVAILABLE,UNAVAILABLE,162,4,ACTIVE,711,D_P3-A5.NC,D_P3-A5.NC,6,0.000668021,20,0.0005,1612515.148,468952.227,184.4,2004.6084,100,14.81667,38,100,0,0,100,2900.0,1800,500,3.4,25.2,0.1,7,365.8020532,500,100,3.8,22.7,0.2,3,233.0455281,900,200,3.8,26,0.1,32,-297.4461054,1400,700,2.1,27.7,0.1
220.673708,1,AUTO,ARMED,5,AVAILABLE,UNAVAILABLE,UNAVAILABLE,162,4,ACTIVE,711,D_P3-A5.NC,D_P3-A5.NC,6,0.000668021,20,0.0005,1612515.148,468952.227,184.4,2004.6084,100,14.81667,38,100,0,0,100,2900.0,1800,500,3.4,25.2,0.1,8,362.7423324,500,100,3.8,22.7,0.2,4,233.0455395,900,200,3.8,26,0.1,32,-297.4461054,1400,700,2.1,27.7,0.1
220.81291,1,AUTO,ARMED,5,AVAILABLE,UNAVAILABLE,UNAVAILABLE,162,4,ACTIVE,711,D_P3-A5.NC,D_P3-A5.NC,6,0.000668021,20,0.0005,1612515.148,468952.227,184.4,2004.6084,100,14.81667,38,100,0,2,100,2900.0,1800,500,3.4,25.2,0.1,10,361.2164717,500,100,3.8,22.7,0.2,4,233.0455395,900,200,3.8,26,0.1,32,-297.4461054,1400,700,2.1,27.7,0.1
220.957356,1,AUTO,ARMED,5,AVAILABLE,UNAVAILABLE,UNAVAILABLE,162,4,ACTIVE,711,D_P3-A5.NC,D_P3-A5.NC,6,0.000668021,20,0.0005,1612515.148,468952.227,184.4,2044.6576,100,14.81667,38,100,0,2,100,2900.0,1800,500,3.4,25.2,0.1,6,358.1604359,500,100,3.8,22.7,0.2,4,233.0455624,900,200,3.8,26,0.1,32,-297.446094,1400,700,2.1,27.7,0.1
221.101276,1,AUTO,ARMED,5,AVAILABLE,UNAVAILABLE,UNAVAILABLE,162,4,ACTIVE,711,D_P3-A5.NC,D_P3-A5.NC,6,0.000668021,20,0.0005,1612515.148,468952.227,184.4,2044.6576,100,14.81667,38,100,0,2,100,2900.0,1800,500,3.4,25.2,0.1,6,356.6341632,500,100,3.8,22.7,0.2,4,233.0455967,900,200,3.8,26,0.1,32,-297.446094,1400,700,2.1,27.7,0.1
221.246761,1,AUTO,ARMED,5,AVAILABLE,UNAVAILABLE,UNAVAILABLE,162,4,ACTIVE,711,D_P3-A5.NC,D_P3-A5.NC,6,0.000668021,20,0.0005,1612515.148,468952.227,184.4,2044.6576,100,14.81667,38,100,0,2,100,2900.0,2400,500,4.4,25.2,0.1,5,355.1010845,400,100,4.0,22.7,0.1,4,233.0455853,700,200,3.4,26,0.1,32,-297.446094,1400,700,2.1,27.7,0.1
221.385756,1,AUTO,ARMED,5,AVAILABLE,UNAVAILABLE,UNAVAILABLE,162,4,ACTIVE,711,D_P3-A5.NC,D_P3-A5.NC,6,0.000668021,20,0.0005,1612515.148,468952.227,184.4,2044.6576,100,14.81667,39,100,0,2,100,2900.0,2400,500,4.4,25.2,0.1,5,353.5746826,400,100,4.0,22.7,0.1,4,233.0455967,700,200,3.4,26,0.1,32,-297.4461054,1400,700,2.1,27.7,0.1
221.522756,1,AUTO,ARMED,5,AVAILABLE,UNAVAILABLE,UNAVAILABLE,162,4,ACTIVE,711,D_P3-A5.NC,D_P3-A5.NC,6,0.000668021,20,0.0005,1612515.148,468952.227,184.4,2044.6576,100,14.81667,39,100,0,1,100,2900.0,2400,500,4.4,25.2,0.1,10,348.9892631,400,100,4.0,22.7,0.1,3,233.0456082,700,200,3.4,26,0.1,32,-297.4461054,1400,700,2.1,27.7,0.1
221.665949,1,AUTO,ARMED,5,AVAILABLE,UNAVAILABLE,UNAVAILABLE,162,4,ACTIVE,711,D_P3-A5.NC,D_P3-A5.NC,6,0.000668021,20,0.0005,1612515.148,468952.227,184.4,2044.6576,100,14.81667,39,100,0,0,100,2900.0,2400,500,4.4,25.2,0.1,6,347.4628269,400,100,4.0,22.7,0.1,3,233.0456082,700,200,3.4,26,0.1,32,-297.446094,1400,700,2.1,27.7,0.1
221.803933,1,AUTO,ARMED,5,AVAILABLE,UNAVAILABLE,UNAVAILABLE,162,4,ACTIVE,711,D_P3-A5.NC,D_P3-A5.NC,6,0.000668021,20,0.0005,1612515.148,468952.227,184.4,2044.6576,100,14.81667,39,100,0,0,100,2900.0,2400,500,4.4,25.2,0.1,6,345.9294215,400,100,4.0,22.7,0.1,3,233.0455967,700,200,3.4,26,0.1,32,-297.4461054,1400,700,2.1,27.7,0.1
221.94198,1,AUTO,ARMED,5,AVAILABLE,UNAVAILABLE,UNAVAILABLE,162,4,ACTIVE,711,D_P3-A5.NC,D_P3-A5.NC,6,0.000668021,20,0.0005,1612515.148,468952.227,184.4,2044.6576,100,14.81667,39,100,0,0,100,2900.0,2400,500,4.4,25.2,0.1,6,344.4071051,400,100,4.0,22.7,0.1,4,233.0456082,700,200,3.4,26,0.1,32,-297.446094,1400,700,2.1,27.7,0.1
222.080696,1,AUTO,ARMED,5,AVAILABLE,UNAVAILABLE,UNAVAILABLE,162,4,ACTIVE,711,D_P3-A5.NC,D_P3-A5.NC,6,0.000668021,20,0.0005,1612515.148,468952.227,184.4,1921.6539,100,14.81667,39,100,0,0,100,2900.0,2400,500,4.4,25.2,0.1,9,341.3548164,400,100,4.0,22.7,0.1,4,233.0455853,700,200,3.4,26,0.1,32,-297.4461054,1400,700,2.1,27.7,0.1
222.229123,1,AUTO,ARMED,5,AVAILABLE,UNAVAILABLE,UNAVAILABLE,162,4,ACTIVE,711,D_P3-A5.NC,D_P3-A5.NC,6,0.000668021,20,0.0005,1612515.148,468952.227,184.4,1921.6539,100,14.81667,39,100,0,0,100,2900.0,2400,500,4.4,25.2,0.1,9,339.8249585,400,100,4.0,22.7,0.1,4,233.0455853,700,200,3.4,26,0.1,32,-297.4461054,1400,700,2.1,27.7,0.1
222.387769,1,AUTO,ARMED,5,AVAILABLE,UNAVAILABLE,UNAVAILABLE,162,4,ACTIVE,711,D_P3-A5.NC,D_P3-A5.NC,6,0.000668021,20,0.0005,1612515.148,468952.227,184.4,1921.6539,100,14.81667,39,100,0,0,100,2900.0,2400,500,4.4,25.2,0.1,8,339.0618491,400,100,4.0,22.7,0.1,4,233.0455853,700,200,3.4,26,0.1,32,-297.446094,1400,700,2.1,27.7,0.1
222.565934,1,AUTO,ARMED,5,AVAILABLE,UNAVAILABLE,UNAVAILABLE,162,4,ACTIVE,711,D_P3-A5.NC,D_P3-A5.NC,6,0.000668021,20,0.0005,1612515.148,468952.227,184.4,1921.6539,100,14.81667,40,100,0,0,100,2900.0,2400,500,4.4,25.2,0.1,5,334.479817,400,100,4.0,22.7,0.1,3,233.0455738,700,200,3.4,26,0.1,32,-297.4461054,1400,700,2.1,27.7,0.1
222.742756,1,AUTO,ARMED,5,AVAILABLE,UNAVAILABLE,UNAVAILABLE,162,4,ACTIVE,711,D_P3-A5.NC,D_P3-A5.NC,6,0.000668021,20,0.0005,1612515.148,468952.227,184.4,1921.6539,100,14.81667,40,100,0,0,100,2900.0,1800,400,4.4,25.2,0.1,7,332.9535868,200,0,3.7,22.7,0.0,3,233.0455853,700,200,3.5,26,0.1,32,-297.4461054,1200,600,1.9,27.7,0.1
222.881743,1,AUTO,ARMED,5,AVAILABLE,UNAVAILABLE,UNAVAILABLE,162,4,ACTIVE,711,D_P3-A5.NC,D_P3-A5.NC,6,0.000668021,20,0.0005,1612515.148,468952.227,184.4,1921.6539,100,14.81667,40,100,0,0,100,2900.0,1800,400,4.4,25.2,0.1,7,331.4275397,200,0,3.7,22.7,0.0,3,233.0456196,700,200,3.5,26,0.1,32,-297.4461054,1200,600,1.9,27.7,0.1
223.024071,1,AUTO,ARMED,5,AVAILABLE,UNAVAILABLE,UNAVAILABLE,162,4,ACTIVE,711,D_P3-A5.NC,D_P3-A5.NC,6,0.000668021,20,0.0005,1612515.148,468952.227,184.4,1921.6539,100,14.81667,40,100,0,1,100,2900.0,1800,400,4.4,25.2,0.1,8,329.8942375,200,0,3.7,22.7,0.0,3,233.0456311,700,200,3.5,26,0.1,32,-297.446094,1200,600,1.9,27.7,0.1
223.178193,1,AUTO,ARMED,5,AVAILABLE,UNAVAILABLE,UNAVAILABLE,162,4,ACTIVE,711,D_P3-A5.NC,D_P3-A5.NC,6,0.000668021,20,0.0005,1612515.148,468952.227,184.4,1909.3906,100,14.81667,40,100,0,0,100,2900.0,1800,400,4.4,25.2,0.1,9,325.3121218,200,0,3.7,22.7,0.0,3,233.0456082,700,200,3.5,26,0.1,32,-297.446094,1200,600,1.9,27.7,0.1
223.32369,1,AUTO,ARMED,5,AVAILABLE,UNAVAILABLE,UNAVAILABLE,162,4,ACTIVE,711,D_P3-A5.NC,D_P3-A5.NC,6,0.000668021,20,0.0005,1612515.148,468952.227,184.4,1909.3906,100,14.81667,40,100,0,0,100,2900.0,1800,400,4.4,25.2,0.1,9,323.7860736,200,0,3.7,22.7,0.0,3,233.0455967,700,200,3.5,26,0.1,32,-297.4461054,1200,600,1.9,27.7,0.1
223.463245,1,AUTO,ARMED,5,AVAILABLE,UNAVAILABLE,UNAVAILABLE,162,4,ACTIVE,711,D_P3-A5.NC,D_P3-A5.NC,6,0.000668021,20,0.0005,1612515.148,468952.227,184.4,1909.3906,100,14.81667,41,100,0,0,100,2900.0,1800,400,4.4,25.2,0.1,9,322.2597051,200,0,3.7,22.7,0.0,3,233.0455967,700,200,3.5,26,0.1,32,-297.446094,1200,600,1.9,27.7,0.1
223.602528,1,AUTO,ARMED,5,AVAILABLE,UNAVAILABLE,UNAVAILABLE,162,4,ACTIVE,711,D_P3-A5.NC,D_P3-A5.NC,6,0.000668021,20,0.0005,1612515.148,468952.227,184.4,1909.3906,100,14.13333,41,100,0,2,100,2900.0,1800,400,4.4,25.2,0.1,8,319.2040266,200,0,3.7,22.7,0.0,3,233.0455967,700,200,3.5,26,0.1,32,-297.4461054,1200,600,1.9,27.7,0.1
223.748595,1,AUTO,ARMED,5,AVAILABLE,UNAVAILABLE,UNAVAILABLE,162,4,ACTIVE,711,D_P3-A5.NC,D_P3-A5.NC,6,0.000668021,20,0.0005,1612515.148,468952.227,184.4,1909.3906,100,0.0,41,100,0,2,100,2900.0,1800,400,4.4,25.2,0.1,8,318.56251,200,0,3.7,22.7,0.0,3,233.0456082,700,200,3.5,26,0.1,32,-297.4461054,1200,600,1.9,27.7,0.1
223.890069,1,AUTO,ARMED,5,AVAILABLE,UNAVAILABLE,UNAVAILABLE,163,4,ACTIVE,711,D_P3-A5.NC,D_P3-A5.NC,6,0.000668021,20,0.0005,1612515.148,468952.227,184.4,1909.3906,100,0.0,41,100,0,0,100,2900.0,1800,400,4.4,25.2,0.1,7,318.5608277,200,0,3.7,22.7,0.0,3,233.0455967,700,200,3.5,26,0.1,32,-297.446094,1200,600,1.9,27.7,0.1
224.036447,1,AUTO,ARMED,5,AVAILABLE,UNAVAILABLE,UNAVAILABLE,163,4,ACTIVE,711,D_P3-A5.NC,D_P3-A5.NC,6,0.000668021,20,0.0005,1612515.148,468952.227,184.4,1909.3906,100,0.0,41,100,0,3,100,2900.0,1800,400,4.4,25.2,0.1,6,318.560862,200,0,3.7,22.7,0.0,3,233.0456082,700,200,3.5,26,0.1,32,-297.446094,1200,600,1.9,27.7,0.1
224.17874,1,AUTO,ARMED,5,AVAILABLE,UNAVAILABLE,UNAVAILABLE,163,4,ACTIVE,711,D_P3-A5.NC,D_P3-A5.NC,6,0.000668021,20,0.0005,1612515.148,468952.227,184.4,1909.3906,100,0.0,41,100,0,2,100,2900.0,1800,400,4.4,25.2,0.1,6,318.5608964,200,0,3.7,22.7,0.0,3,233.0455967,700,200,3.5,26,0.1,32,-297.446094,1200,600,1.9,27.7,0.1
224.317532,1,AUTO,ARMED,5,AVAILABLE,UNAVAILABLE,UNAVAILABLE,163,4,ACTIVE,711,D_P3-A5.NC,D_P3-A5.NC,6,0.000668021,20,0.0005,1612515.148,468952.227,184.4,1922.6167,100,0.0,41,100,0,2,100,2900.0,2100,400,5.2,25.2,0.1,6,318.5608964,300,100,4.5,22.7,0.1,3,233.0455967,800,300,3.0,26,0.1,32,-297.446094,1200,600,1.9,27.7,0.1
224.457779,1,AUTO,ARMED,5,AVAILABLE,UNAVAILABLE,UNAVAILABLE,163,4,ACTIVE,711,D_P3-A5.NC,D_P3-A5.NC,6,0.000668021,20,0.0005,1612515.148,468952.227,184.4,1922.6167,100,0.0,42,100,0,0,100,2900.0,2100,400,5.2,25.2,0.1,6,318.5608964,300,100,4.5,22.7,0.1,3,233.0455967,800,300,3.0,26,0.1,32,-297.446094,1200,600,1.9,27.7,0.1
224.601947,1,AUTO,ARMED,5,AVAILABLE,UNAVAILABLE,UNAVAILABLE,163,4,ACTIVE,711,D_P3-A5.NC,D_P3-A5.NC,6,0.000668021,20,0.0005,1612515.148,468952.227,184.4,1922.6167,100,0.0,42,100,0,1,100,2900.0,2100,400,5.2,25.2,0.1,6,318.5608964,300,100,4.5,22.7,0.1,3,233.0455967,800,300,3.0,26,0.1,32,-297.4461054,1200,600,1.9,27.7,0.1
224.759692,1,AUTO,ARMED,5,AVAILABLE,UNAVAILABLE,UNAVAILABLE,163,4,ACTIVE,711,D_P3-A5.NC,D_P3-A5.NC,6,0.000668021,20,0.0005,1612515.148,468952.227,184.4,1922.6167,100,0.0,42,100,0,1,100,2900.0,2100,400,5.2,25.2,0.1,6,318.5608964,300,100,4.5,22.7,0.1,3,233.1736778,800,300,3.0,26,0.1,32,-297.4461054,1200,600,1.9,27.7,0.1
224.902729,1,AUTO,ARMED,5,AVAILABLE,UNAVAILABLE,UNAVAILABLE,166,4,ACTIVE,711,D_P3-A5.NC,D_P3-A5.NC,6,0.000668021,20,0.0005,1612515.148,468952.227,184.4,1922.6167,100,0.0,42,100,0,0,100,2900.0,2100,400,5.2,25.2,0.1,6,318.5609078,300,100,4.5,22.7,0.1,1,233.1725563,800,300,3.0,26,0.1,32,-297.446094,1200,600,1.9,27.7,0.1
225.048799,1,AUTO,ARMED,5,AVAILABLE,UNAVAILABLE,UNAVAILABLE,167,4,ACTIVE,711,D_P3-A5.NC,D_P3-A5.NC,6,0.000668021,20,0.0005,1612515.148,468952.227,184.4,1922.6167,100,0.0,42,100,0,0,100,2900.0,2100,400,5.2,25.2,0.1,6,318.5608964,300,100,4.5,22.7,0.1,1,233.1725448,800,300,3.0,26,0.1,32,-297.446094,1200,600,1.9,27.7,0.1
225.18861,1,AUTO,ARMED,5,AVAILABLE,UNAVAILABLE,UNAVAILABLE,167,4,ACTIVE,711,D_P3-A5.NC,D_P3-A5.NC,6,0.000668021,20,0.0005,1612515.148,468952.227,184.4,1922.6167,100,0.0,42,100,0,0,100,2900.0,2100,400,5.2,25.2,0.1,5,318.5608964,300,100,4.5,22.7,0.1,1,233.1725677,800,300,3.0,26,0.1,32,-297.446094,1200,600,1.9,27.7,0.1
225.335785,1,AUTO,ARMED,5,AVAILABLE,UNAVAILABLE,UNAVAILABLE,167,4,ACTIVE,711,D_P3-A5.NC,D_P3-A5.NC,6,0.000668021,20,0.0005,1612515.148,468952.227,184.4,2036.3694,100,0.0,43,100,0,0,100,2900.0,2100,400,5.2,25.2,0.1,6,318.5608964,300,100,4.5,22.7,0.1,0,233.1725906,800,300,3.0,26,0.1,32,-297.4461054,1200,600,1.9,27.7,0.1
225.477227,1,AUTO,ARMED,5,AVAILABLE,UNAVAILABLE,UNAVAILABLE,167,4,ACTIVE,711,D_P3-A5.NC,D_P3-A5.NC,6,0.000668021,20,0.0005,1612515.148,468952.227,184.4,2036.3694,100,0.0,43,100,0,0,100,2900.0,2100,400,5.2,25.2,0.1,6,318.5609078,300,100,4.5,22.7,0.1,0,233.1725906,800,300,3.0,26,0.1,32,-297.446094,1200,600,1.9,27.7,0.1
225.634799,1,AUTO,ARMED,5,AVAILABLE,UNAVAILABLE,UNAVAILABLE,167,4,ACTIVE,711,D_P3-A5.NC,D_P3-A5.NC,6,0.000668021,20,0.0005,1612515.148,468952.227,184.4,2036.3694,100,0.0,43,100,0,0,100,2900.0,2100,400,5.2,25.2,0.1,6,318.5608964,300,100,4.5,22.7,0.1,0,233.1725792,800,300,3.0,26,0.1,32,-297.4461054,1200,600,1.9,27.7,0.1
225.77856,1,AUTO,ARMED,5,AVAILABLE,UNAVAILABLE,UNAVAILABLE,168,4,ACTIVE,711,D_P3-A5.NC,D_P3-A5.NC,6,0.000668021,20,0.0005,1612515.148,468952.227,184.4,2036.3694,100,0.0,43,100,0,0,100,2900.0,2200,600,3.6,25.2,0.1,5,319.0967789,500,100,3.9,22.7,0.2,0,233.1725906,900,200,4.1,26,0.1,32,-297.4461054,1500,700,2.2,27.7,0.2
225.950292,1,AUTO,ARMED,5,AVAILABLE,UNAVAILABLE,UNAVAILABLE,168,4,ACTIVE,711,D_P3-A5.NC,D_P3-A5.NC,6,0.000668021,20,0.0005,1612515.148,468952.227,184.4,2036.3694,100,16.93333,43,100,0,1,100,2900.0,2200,600,3.6,25.2,0.1,9,320.8421842,500,100,3.9,22.7,0.2,0,233.1725906,900,200,4.1,26,0.1,32,-297.446094,1500,700,2.2,27.7,0.2
226.106274,1,AUTO,ARMED,5,AVAILABLE,UNAVAILABLE,UNAVAILABLE,168,4,ACTIVE,711,D_P3-A5.NC,D_P3-A5.NC,6,0.000668021,20,0.0005,1612515.148,468952.227,184.4,2036.3694,100,16.93333,43,100,0,1,100,2900.0,2200,600,3.6,25.2,0.1,9,322.5861819,500,100,3.9,22.7,0.2,0,233.1725906,900,200,4.1,26,0.1,32,-297.446094,1500,700,2.2,27.7,0.2
226.247896,1,AUTO,ARMED,5,AVAILABLE,UNAVAILABLE,UNAVAILABLE,168,4,ACTIVE,711,D_P3-A5.NC,D_P3-A5.NC,6,0.000668021,20,0.0005,1612515.148,468952.227,184.4,2036.3694,100,16.93333,44,100,0,1,100,2900.0,2200,600,3.6,25.2,0.1,9,325.2110822,500,100,3.9,22.7,0.2,0,233.1726021,900,200,4.1,26,0.1,32,-297.446094,1500,700,2.2,27.7,0.2
226.391409,1,AUTO,ARMED,5,AVAILABLE,UNAVAILABLE,UNAVAILABLE,168,4,ACTIVE,711,D_P3-A5.NC,D_P3-A5.NC,6,0.000668021,20,0.0005,1612515.148,468952.227,184.4,2036.3694,100,16.93333,44,100,0,1,100,2900.0,2200,600,3.6,25.2,0.1,8,328.6992148,500,100,3.9,22.7,0.2,0,233.1726021,900,200,4.1,26,0.1,32,-297.4461054,1500,700,2.2,27.7,0.2
226.542227,1,AUTO,ARMED,5,AVAILABLE,UNAVAILABLE,UNAVAILABLE,168,4,ACTIVE,711,D_P3-A5.NC,D_P3-A5.NC,6,0.000668021,20,0.0005,1612515.148,468952.227,184.4,2066.9724,100,16.93333,44,100,0,0,100,2900.0,2200,600,3.6,25.2,0.1,11,330.4433418,500,100,3.9,22.7,0.2,0,233.1725792,900,200,4.1,26,0.1,32,-297.4461054,1500,700,2.2,27.7,0.2
226.691747,1,AUTO,ARMED,5,AVAILABLE,UNAVAILABLE,UNAVAILABLE,168,4,ACTIVE,711,D_P3-A5.NC,D_P3-A5.NC,6,0.000668021,20,0.0005,1612515.148,468952.227,184.4,2066.9724,100,16.93333,44,100,0,0,100,2900.0,2200,600,3.6,25.2,0.1,11,332.1920931,500,100,3.9,22.7,0.2,0,233.1725563,900,200,4.1,26,0.1,32,-297.446094,1500,700,2.2,27.7,0.2
226.835587,1,AUTO,ARMED,5,AVAILABLE,UNAVAILABLE,UNAVAILABLE,168,4,ACTIVE,711,D_P3-A5.NC,D_P3-A5.NC,6,0.000668021,20,0.0005,1612515.148,468952.227,184.4,2066.9724,100,16.93333,44,100,0,1,100,2900.0,2200,600,3.6,25.2,0.1,11,335.6803833,500,100,3.9,22.7,0.2,0,233.1726249,900,200,4.1,26,0.1,32,-297.446094,1500,700,2.2,27.7,0.2
226.983765,1,AUTO,ARMED,5,AVAILABLE,UNAVAILABLE,UNAVAILABLE,168,4,ACTIVE,711,D_P3-A5.NC,D_P3-A5.NC,6,0.000668021,20,0.0005,1612515.148,468952.227,184.4,2066.9724,100,16.93333,44,100,0,0,100,2900.0,2200,600,3.6,25.2,0.1,8,339.1729536,500,100,3.9,22.7,0.2,0,233.1726364,900,200,4.1,26,0.1,32,-297.446094,1500,700,2.2,27.7,0.2
227.122058,1,AUTO,ARMED,5,AVAILABLE,UNAVAILABLE,UNAVAILABLE,168,4,ACTIVE,711,D_P3-A5.NC,D_P3-A5.NC,6,0.000668021,20,0.0005,1612515.148,468952.227,184.4,2066.9724,100,16.93333,44,100,0,0,100,2900.0,2200,600,3.6,25.2,0.1,8,340.9169557,500,100,3.9,22.7,0.2,0,233.1726364,900,200,4.1,26,0.1,32,-297.446094,1500,700,2.2,27.7,0.2
227.262767,1,AUTO,ARMED,5,AVAILABLE,UNAVAILABLE,UNAVAILABLE,168,4,ACTIVE,711,D_P3-A5.NC,D_P3-A5.NC,6,0.000668021,20,0.0005,1612515.148,468952.227,184.4,2066.9724,100,16.93333,44,100,0,1,100,2900.0,2200,600,3.6,25.2,0.1,11,342.6697354,500,100,3.9,22.7,0.2,0,233.1726478,900,200,4.1,26,0.1,32,-297.446094,1500,700,2.2,27.7,0.2
227.404711,1,AUTO,ARMED,5,AVAILABLE,UNAVAILABLE,UNAVAILABLE,168,4,ACTIVE,711,D_P3-A5.NC,D_P3-A5.NC,6,0.000668021,20,0.0005,1612515.148,468952.227,184.4,2066.9724,100,16.93333,45,100,0,1,100,2900.0,2200,600,3.6,25.2,0.1,12,346.1536997,500,100,3.8,22.7,0.2,0,233.1726478,900,300,3.4,26,0.1,32,-297.4461054,1600,700,2.3,27.7,0.2
227.543845,1,AUTO,ARMED,5,AVAILABLE,UNAVAILABLE,UNAVAILABLE,168,4,ACTIVE,711,D_P3-A5.NC,D_P3-A5.NC,6,0.000668021,20,0.0005,1612515.148,468952.227,184.4,2066.8162,100,16.93333,45,100,0,1,100,2900.0,2200,600,3.6,25.2,0.1,12,347.9061246,500,100,3.8,22.7,0.2,0,233.1726478,900,300,3.4,26,0.1,32,-297.446094,1600,700,2.3,27.7,0.2
227.685221,1,AUTO,ARMED,5,AVAILABLE,UNAVAILABLE,UNAVAILABLE,168,4,ACTIVE,711,D_P3-A5.NC,D_P3-A5.NC,6,0.000668021,20,0.0005,1612515.148,468952.227,184.4,2066.8162,100,16.93333,45,100,0,0,100,2900.0,2200,600,3.6,25.2,0.1,10,349.6502526,500,100,3.8,22.7,0.2,0,233.1726478,900,300,3.4,26,0.1,32,-297.4461054,1600,700,2.3,27.7,0.2
227.826664,1,AUTO,ARMED,5,AVAILABLE,UNAVAILABLE,UNAVAILABLE,168,4,ACTIVE,711,D_P3-A5.NC,D_P3-A5.NC,6,0.000668021,20,0.0005,1612515.148,468952.227,184.4,2066.8162,100,16.93333,45,100,0,0,100,2900.0,2200,600,3.6,25.2,0.1,10,351.3900776,500,100,3.8,22.7,0.2,0,233.1726364,900,300,3.4,26,0.1,32,-297.446094,1600,700,2.3,27.7,0.2
227.962898,1,AUTO,ARMED,5,AVAILABLE,UNAVAILABLE,UNAVAILABLE,168,4,ACTIVE,711,D_P3-A5.NC,D_P3-A5.NC,6,0.000668021,20,0.0005,1612515.148,468952.227,184.4,2066.8162,100,16.93333,45,100,0,1,100,2900.0,2200,600,3.6,25.2,0.1,13,355.7585739,500,100,3.8,22.7,0.2,0,233.1726021,900,300,3.4,26,0.1,32,-297.4461054,1600,700,2.3,27.7,0.2
228.100311,1,AUTO,ARMED,5,AVAILABLE,UNAVAILABLE,UNAVAILABLE,168,4,ACTIVE,711,D_P3-A5.NC,D_P3-A5.NC,6,0.000668021,20,0.0005,1612515.148,468952.227,184.4,2066.8162,100,16.93333,45,100,0,1,100,2900.0,2200,600,3.6,25.2,0.1,13,357.5068286,500,100,3.8,22.7,0.2,0,233.1726021,900,300,3.4,26,0.1,32,-297.4461054,1600,700,2.3,27.7,0.2
228.257835,1,AUTO,ARMED,5,AVAILABLE,UNAVAILABLE,UNAVAILABLE,168,4,ACTIVE,711,D_P3-A5.NC,D_P3-A5.NC,6,0.000668021,20,0.0005,1612515.148,468952.227,184.4,2066.8162,100,16.93333,45,100,0,1,100,2900.0,2200,600,3.6,25.2,0.1,13,359.2554037,500,100,3.8,22.7,0.2,0,233.1726021,900,300,3.4,26,0.1,32,-297.4461054,1600,700,2.3,27.7,0.2
228.400849,1,AUTO,ARMED,5,AVAILABLE,UNAVAILABLE,UNAVAILABLE,168,4,ACTIVE,711,D_P3-A5.NC,D_P3-A5.NC,6,0.000668021,20,0.0005,1612515.148,468952.227,184.4,2066.8162,100,16.93333,46,100,0,0,100,2900.0,2200,600,3.6,25.2,0.1,12,362.7435704,500,100,3.8,22.7,0.2,0,233.1726021,900,300,3.4,26,0.1,32,-297.4461054,1600,700,2.3,27.7,0.2
228.607696,1,AUTO,ARMED,5,AVAILABLE,UNAVAILABLE,UNAVAILABLE,168,4,ACTIVE,711,D_P3-A5.NC,D_P3-A5.NC,6,0.000668021,20,0.0005,1612515.148,468952.227,184.4,2005.1094,100,16.93333,46,100,0,1,100,2900.0,2200,600,3.6,25.2,0.1,9,364.4919396,500,100,3.8,22.7,0.2,0,233.1726021,900,300,3.4,26,0.1,32,-297.4461054,1600,700,2.3,27.7,0.2
228.750605,1,AUTO,ARMED,5,AVAILABLE,UNAVAILABLE,UNAVAILABLE,168,4,ACTIVE,711,D_P3-A5.NC,D_P3-A5.NC,6,0.000668021,20,0.0005,1612515.148,468952.227,184.4,2005.1094,100,16.93333,46,100,0,1,100,2900.0,2200,600,3.6,25.2,0.1,8,367.9803581,500,100,3.8,22.7,0.2,0,233.1726021,900,300,3.4,26,0.1,32,-297.4461054,1600,700,2.3,27.7,0.2
228.891972,1,AUTO,ARMED,5,AVAILABLE,UNAVAILABLE,UNAVAILABLE,168,4,ACTIVE,711,D_P3-A5.NC,D_P3-A5.NC,6,0.000668021,20,0.0005,1612515.148,468952.227,184.4,2005.1094,100,16.93333,46,100,0,1,100,2900.0,2200,600,3.6,25.2,0.1,8,369.7244243,500,100,3.8,22.7,0.2,0,233.1726021,900,300,3.4,26,0.1,32,-297.446094,1600,700,2.3,27.7,0.2
229.034687,1,AUTO,ARMED,5,AVAILABLE,UNAVAILABLE,UNAVAILABLE,168,4,ACTIVE,711,D_P3-A5.NC,D_P3-A5.NC,6,0.000668021,20,0.0005,1612515.148,468952.227,184.4,2005.1094,100,16.93333,46,100,0,2,100,2900.0,2200,500,4.2,25.2,0.1,12,373.2213686,300,100,3.8,22.7,0.0,0,233.1726135,800,200,4.2,26,0.1,32,-297.446094,1500,700,2.3,27.7,0.1
229.191617,1,AUTO,ARMED,5,AVAILABLE,UNAVAILABLE,UNAVAILABLE,168,4,ACTIVE,711,D_P3-A5.NC,D_P3-A5.NC,6,0.000668021,20,0.0005,1612515.148,468952.227,184.4,2005.1094,100,16.93333,46,100,0,1,100,2900.0,2200,500,4.2,25.2,0.1,13,374.9613149,300,100,3.8,22.7,0.0,0,233.1726135,800,200,4.2,26,0.1,32,-297.4461054,1500,700,2.3,27.7,0.1
229.332575,1,AUTO,ARMED,5,AVAILABLE,UNAVAILABLE,UNAVAILABLE,168,4,ACTIVE,711,D_P3-A5.NC,D_P3-A5.NC,6,0.000668021,20,0.0005,1612515.148,468952.227,184.4,2005.1094,100,16.93333,46,100,0,2,100,2900.0,2200,500,4.2,25.2,0.1,10,378.4580418,300,100,3.8,22.7,0.0,0,233.1726135,800,200,4.2,26,0.1,32,-297.4461054,1500,700,2.3,27.7,0.1
229.475692,1,AUTO,ARMED,5,AVAILABLE,UNAVAILABLE,UNAVAILABLE,168,4,ACTIVE,711,D_P3-A5.NC,D_P3-A5.NC,6,0.000668021,20,0.0005,1612515.148,468952.227,184.4,2005.1094,100,16.93333,47,100,0,2,100,2900.0,2200,500,4.2,25.2,0.1,9,381.9505619,300,100,3.8,22.7,0.0,0,233.1726364,800,200,4.2,26,0.1,32,-297.446094,1500,700,2.3,27.7,0.1
229.620447,1,AUTO,ARMED,5,AVAILABLE,UNAVAILABLE,UNAVAILABLE,168,4,ACTIVE,711,D_P3-A5.NC,D_P3-A5.NC,6,0.000668021,20,0.0005,1612515.148,468952.227,184.4,2005.1094,100,16.93333,47,100,0,2,100,2900.0,2200,500,4.2,25.2,0.1,9,383.694686,300,100,3.8,22.7,0.0,0,233.1726364,800,200,4.2,26,0.1,32,-297.446094,1500,700,2.3,27.7,0.1
229.762502,1,AUTO,ARMED,5,AVAILABLE,UNAVAILABLE,UNAVAILABLE,168,4,ACTIVE,711,D_P3-A5.NC,D_P3-A5.NC,6,0.000668021,20,0.0005,1612515.148,468952.227,184.4,1906.6974,100,16.93333,47,100,0,1,100,2900.0,2200,500,4.2,25.2,0.1,10,385.434564,300,100,3.8,22.7,0.0,0,233.1726364,800,200,4.2,26,0.1,32,-297.446094,1500,700,2.3,27.7,0.1
229.921943,1,AUTO,ARMED,5,AVAILABLE,UNAVAILABLE,UNAVAILABLE,168,4,ACTIVE,711,D_P3-A5.NC,D_P3-A5.NC,6,0.000668021,20,0.0005,1612515.148,468952.227,184.4,1906.6974,100,16.93333,47,100,0,0,100,2900.0,2200,500,4.2,25.2,0.1,10,388.0548875,300,100,3.8,22.7,0.0,0,233.1726135,800,200,4.2,26,0.1,32,-297.446094,1500,700,2.3,27.7,0.1
230.061924,1,AUTO,ARMED,5,AVAILABLE,UNAVAILABLE,UNAVAILABLE,168,4,ACTIVE,711,D_P3-A5.NC,D_P3-A5.NC,6,0.000668021,20,0.0005,1612515.148,468952.227,184.4,1906.6974,100,16.93333,47,100,0,0,100,2900.0,2200,500,4.2,25.2,0.1,10,389.8030402,300,100,3.8,22.7,0.0,0,233.1726135,800,200,4.2,26,0.1,32,-297.4461054,1500,700,2.3,27.7,0.1
230.205705,1,AUTO,ARMED,5,AVAILABLE,UNAVAILABLE,UNAVAILABLE,168,4,ACTIVE,711,D_P3-A5.NC,D_P3-A5.NC,6,0.000668021,20,0.0005,1612515.148,468952.227,184.4,1906.6974,100,16.93333,47,100,0,0,100,2900.0,2200,500,4.2,25.2,0.1,9,391.5429068,300,100,3.8,22.7,0.0,0,233.1726135,800,200,4.2,26,0.1,32,-297.4461054,1500,700,2.3,27.7,0.1
230.345737,1,AUTO,ARMED,5,AVAILABLE,UNAVAILABLE,UNAVAILABLE,168,4,ACTIVE,711,D_P3-A5.NC,D_P3-A5.NC,6,0.000668021,20,0.0005,1612515.148,468952.227,184.4,1906.6974,100,16.93333,48,100,0,0,100,2900.0,1800,400,4.2,25.2,0.1,9,395.0397501,300,100,4.5,22.7,0.0,0,233.1726021,1800,300,5.8,26,0.1,32,-297.446094,1200,600,1.9,27.7,0.1
230.487953,1,AUTO,ARMED,5,AVAILABLE,UNAVAILABLE,UNAVAILABLE,168,4,ACTIVE,711,D_P3-A5.NC,D_P3-A5.NC,6,0.000668021,20,0.0005,1612515.148,468952.227,184.4,1906.6974,100,16.93333,48,100,0,0,100,2900.0,1800,400,4.2,25.2,0.1,10,398.5321528,300,100,4.5,22.7,0.0,0,233.1726021,1800,300,5.8,26,0.1,32,-297.4461054,1200,600,1.9,27.7,0.1
230.638526,1,AUTO,ARMED,5,AVAILABLE,UNAVAILABLE,UNAVAILABLE,168,4,ACTIVE,711,D_P3-A5.NC,D_P3-A5.NC,6,0.000668021,20,0.0005,1612515.148,468952.227,184.4,1906.6974,100,14.0,48,100,0,1,100,2900.0,1800,400,4.2,25.2,0.1,8,399.839173,300,100,4.5,22.7,0.0,0,233.1726021,1800,300,5.8,26,0.1,32,-297.4461054,1200,600,1.9,27.7,0.1
230.800177,1,AUTO,ARMED,5,AVAILABLE,UNAVAILABLE,UNAVAILABLE,169,4,ACTIVE,711,D_P3-A5.NC,D_P3-A5.NC,6,0.000668021,20,0.0005,1612515.148,468952.227,184.4,1912.1361,100,0.0,48,100,0,1,100,2900.0,1800,400,4.2,25.2,0.1,8,399.8403747,300,100,4.5,22.7,0.0,0,233.1725906,1800,300,5.8,26,0.1,32,-297.4461054,1200,600,1.9,27.7,0.1
230.940803,1,AUTO,ARMED,5,AVAILABLE,UNAVAILABLE,UNAVAILABLE,169,4,ACTIVE,711,D_P3-A5.NC,D_P3-A5.NC,6,0.000668021,20,0.0005,1612515.148,468952.227,184.4,1912.1361,100,0.0,48,100,0,1,100,2900.0,1800,400,4.2,25.2,0.1,7,399.840924,300,100,4.5,22.7,0.0,0,233.1726021,1800,300,5.8,26,0.1,32,-297.4461054,1200,600,1.9,27.7,0.1
231.085912,1,AUTO,ARMED,5,AVAILABLE,UNAVAILABLE,UNAVAILABLE,169,4,ACTIVE,711,D_P3-A5.NC,D_P3-A5.NC,6,0.000668021,20,0.0005,1612515.148,468952.227,184.4,1912.1361,100,0.0,48,100,0,2,100,2900.0,1800,400,4.2,25.2,0.1,7,399.8409126,300,100,4.5,22.7,0.0,0,233.1726021,1800,300,5.8,26,0.1,32,-297.4461054,1200,600,1.9,27.7,0.1
231.233841,1,AUTO,ARMED,5,AVAILABLE,UNAVAILABLE,UNAVAILABLE,169,4,ACTIVE,711,D_P3-A5.NC,D_P3-A5.NC,6,0.000668021,20,0.0005,1612515.148,468952.227,184.4,1912.1361,100,0.0,48,100,0,2,100,2900.0,1800,400,4.2,25.2,0.1,7,399.8409126,300,100,4.5,22.7,0.0,0,233.1726021,1800,300,5.8,26,0.1,32,-297.446094,1200,600,1.9,27.7,0.1
231.373564,1,AUTO,ARMED,5,AVAILABLE,UNAVAILABLE,UNAVAILABLE,169,4,ACTIVE,711,D_P3-A5.NC,D_P3-A5.NC,6,0.000668021,20,0.0005,1612515.148,468952.227,184.4,1912.1361,100,0.0,49,100,0,0,100,2900.0,1800,400,4.2,25.2,0.1,7,399.8409011,300,100,4.5,22.7,0.0,0,233.1726021,1800,300,5.8,26,0.1,32,-297.4461054,1200,600,1.9,27.7,0.1
231.515935,1,AUTO,ARMED,5,AVAILABLE,UNAVAILABLE,UNAVAILABLE,169,4,ACTIVE,711,D_P3-A5.NC,D_P3-A5.NC,6,0.000668021,20,0.0005,1612515.148,468952.227,184.4,1912.1361,100,0.0,49,100,0,0,100,2900.0,1800,400,4.2,25.2,0.1,7,399.8409011,300,100,4.5,22.7,0.0,0,233.1726021,1800,300,5.8,26,0.1,32,-297.446094,1200,600,1.9,27.7,0.1
231.661881,1,AUTO,ARMED,5,AVAILABLE,UNAVAILABLE,UNAVAILABLE,169,4,ACTIVE,711,D_P3-A5.NC,D_P3-A5.NC,6,0.000668021,20,0.0005,1612515.148,468952.227,184.4,1912.1361,100,0.0,49,100,0,2,100,2900.0,1800,400,4.2,25.2,0.1,6,399.8409011,300,100,4.5,22.7,0.0,0,233.1751426,1800,300,5.8,26,0.1,32,-297.446094,1200,600,1.9,27.7,0.1
231.811013,1,AUTO,ARMED,5,AVAILABLE,UNAVAILABLE,UNAVAILABLE,171,4,ACTIVE,711,D_P3-A5.NC,D_P3-A5.NC,6,0.000668021,20,0.0005,1612515.148,468952.227,184.4,1912.1361,100,16.93333,49,100,0,2,100,2900.0,1800,400,4.2,25.2,0.1,6,397.9876642,300,100,4.5,22.7,0.0,0,233.2996989,1800,300,5.8,26,0.1,32,-297.4461054,1200,600,1.9,27.7,0.1
231.966635,1,AUTO,ARMED,5,AVAILABLE,UNAVAILABLE,UNAVAILABLE,171,4,ACTIVE,711,D_P3-A5.NC,D_P3-A5.NC,6,0.000668021,20,0.0005,1612515.148,468952.227,184.4,2023.2213,100,16.93333,49,100,0,0,100,2900.0,1800,400,4.2,25.2,0.1,10,396.239287,300,100,4.5,22.7,0.0,3,233.2996417,1800,300,5.8,26,0.1,32,-297.446094,1200,600,1.9,27.7,0.1
232.112385,1,AUTO,ARMED,5,AVAILABLE,UNAVAILABLE,UNAVAILABLE,171,4,ACTIVE,711,D_P3-A5.NC,D_P3-A5.NC,6,0.000668021,20,0.0005,1612515.148,468952.227,184.4,2023.2213,100,16.93333,49,100,0,0,100,2900.0,1800,400,4.2,25.2,0.1,10,394.4910356,300,100,4.5,22.7,0.0,3,233.2996188,1800,300,5.8,26,0.1,32,-297.446094,1200,600,1.9,27.7,0.1
232.24977,1,AUTO,ARMED,5,AVAILABLE,UNAVAILABLE,UNAVAILABLE,171,4,ACTIVE,711,D_P3-A5.NC,D_P3-A5.NC,6,0.000668021,20,0.0005,1612515.148,468952.227,184.4,2023.2213,100,16.93333,49,100,0,1,100,2900.0,1800,400,4.2,25.2,0.1,8,391.0029334,300,100,4.5,22.7,0.0,3,233.2996074,1800,300,5.8,26,0.1,32,-297.4461054,1200,600,1.9,27.7,0.1
232.387217,1,AUTO,ARMED,5,AVAILABLE,UNAVAILABLE,UNAVAILABLE,171,4,ACTIVE,711,D_P3-A5.NC,D_P3-A5.NC,6,0.000668021,20,0.0005,1612515.148,468952.227,184.4,2023.2213,100,16.93333,50,100,0,0,100,2900.0,2200,600,3.8,25.2,0.1,8,389.2584931,500,100,4.1,22.7,0.2,2,233.2995959,1100,300,3.5,26,0.1,32,-297.446094,1400,700,2.1,27.7,0.1
232.525698,1,AUTO,ARMED,5,AVAILABLE,UNAVAILABLE,UNAVAILABLE,171,4,ACTIVE,711,D_P3-A5.NC,D_P3-A5.NC,6,0.000668021,20,0.0005,1612515.148,468952.227,184.4,2023.2213,100,16.93333,50,100,0,4,100,2900.0,2200,600,3.8,25.2,0.1,8,385.7615326,500,100,4.1,22.7,0.2,3,233.2995273,1100,300,3.5,26,0.1,32,-297.4461054,1400,700,2.1,27.7,0.1
232.665673,1,AUTO,ARMED,5,AVAILABLE,UNAVAILABLE,UNAVAILABLE,171,4,ACTIVE,711,D_P3-A5.NC,D_P3-A5.NC,6,0.000668021,20,0.0005,1612515.148,468952.227,184.4,2023.2213,100,16.93333,50,100,0,4,100,2900.0,2200,600,3.8,25.2,0.1,8,384.0176531,500,100,4.1,22.7,0.2,3,233.2995616,1100,300,3.5,26,0.1,32,-297.4461054,1400,700,2.1,27.7,0.1
232.804277,1,AUTO,ARMED,5,AVAILABLE,UNAVAILABLE,UNAVAILABLE,171,4,ACTIVE,711,D_P3-A5.NC,D_P3-A5.NC,6,0.000668021,20,0.0005,1612515.148,468952.227,184.4,2023.2213,100,16.93333,50,100,0,0,100,2900.0,2200,600,3.8,25.2,0.1,8,382.2732587,500,100,4.1,22.7,0.2,3,233.2995959,1100,300,3.5,26,0.1,32,-297.4461054,1400,700,2.1,27.7,0.1
232.95506,1,AUTO,ARMED,5,AVAILABLE,UNAVAILABLE,UNAVAILABLE,171,4,ACTIVE,711,D_P3-A5.NC,D_P3-A5.NC,6,0.000668021,20,0.0005,1612515.148,468952.227,184.4,2048.0405,100,16.93333,50,100,0,1,100,2900.0,2200,600,3.8,25.2,0.1,5,377.0366546,500,100,4.1,22.7,0.2,4,233.2995959,1100,300,3.5,26,0.1,32,-297.4461054,1400,700,2.1,27.7,0.1
233.096807,1,AUTO,ARMED,5,AVAILABLE,UNAVAILABLE,UNAVAILABLE,171,4,ACTIVE,711,D_P3-A5.NC,D_P3-A5.NC,6,0.000668021,20,0.0005,1612515.148,468952.227,184.4,2048.0405,100,16.93333,50,100,0,0,100,2900.0,2200,600,3.8,25.2,0.1,8,375.2968111,500,100,4.1,22.7,0.2,3,233.2995845,1100,300,3.5,26,0.1,32,-297.446094,1400,700,2.1,27.7,0.1
233.240405,1,AUTO,ARMED,5,AVAILABLE,UNAVAILABLE,UNAVAILABLE,171,4,ACTIVE,711,D_P3-A5.NC,D_P3-A5.NC,6,0.000668021,20,0.0005,1612515.148,468952.227,184.4,2048.0405,100,16.93333,50,100,0,0,100,2900.0,2200,600,3.8,25.2,0.1,8,373.5441616,500,100,4.1,22.7,0.2,3,233.2995845,1100,300,3.5,26,0.1,32,-297.446094,1400,700,2.1,27.7,0.1
233.389115,1,AUTO,ARMED,5,AVAILABLE,UNAVAILABLE,UNAVAILABLE,171,4,ACTIVE,711,D_P3-A5.NC,D_P3-A5.NC,6,0.000668021,20,0.0005,1612515.148,468952.227,184.4,2048.0405,100,16.93333,51,100,0,3,100,2900.0,2200,600,3.8,25.2,0.1,9,371.8000265,500,100,4.1,22.7,0.2,3,233.299573,1100,300,3.5,26,0.1,32,-297.4461054,1400,700,2.1,27.7,0.1
233.528916,1,AUTO,ARMED,5,AVAILABLE,UNAVAILABLE,UNAVAILABLE,171,4,ACTIVE,711,D_P3-A5.NC,D_P3-A5.NC,6,0.000668021,20,0.0005,1612515.148,468952.227,184.4,2048.0405,100,16.93333,51,100,0,1,100,2900.0,2200,600,3.8,25.2,0.1,9,368.3075908,500,100,4.1,22.7,0.2,3,233.2995387,1100,300,3.5,26,0.1,32,-297.4461054,1400,700,2.1,27.7,0.1
233.669247,1,AUTO,ARMED,5,AVAILABLE,UNAVAILABLE,UNAVAILABLE,171,4,ACTIVE,711,D_P3-A5.NC,D_P3-A5.NC,6,0.000668021,20,0.0005,1612515.148,468952.227,184.4,2048.0405,100,16.93333,51,100,0,1,100,2900.0,2200,600,3.8,25.2,0.1,9,366.5674726,500,100,4.1,22.7,0.2,3,233.2995158,1100,300,3.5,26,0.1,32,-297.4461054,1400,700,2.1,27.7,0.1
233.810839,1,AUTO,ARMED,5,AVAILABLE,UNAVAILABLE,UNAVAILABLE,171,4,ACTIVE,711,D_P3-A5.NC,D_P3-A5.NC,6,0.000668021,20,0.0005,1612515.148,468952.227,184.4,2048.0405,100,16.93333,51,100,0,1,100,2900.0,2200,500,4.0,25.2,0.1,9,363.9520139,500,100,3.9,22.7,0.2,3,233.2996417,1000,300,3.4,26,0.1,32,-297.4461054,1400,700,2.1,27.7,0.1
233.960844,1,AUTO,ARMED,5,AVAILABLE,UNAVAILABLE,UNAVAILABLE,171,4,ACTIVE,711,D_P3-A5.NC,D_P3-A5.NC,6,0.000668021,20,0.0005,1612515.148,468952.227,184.4,2048.0405,100,16.93333,51,100,0,0,100,2900.0,2200,500,4.0,25.2,0.1,5,362.2039535,500,100,3.9,22.7,0.2,3,233.2996417,1000,300,3.4,26,0.1,32,-297.446094,1400,700,2.1,27.7,0.1
234.111742,1,AUTO,ARMED,5,AVAILABLE,UNAVAILABLE,UNAVAILABLE,171,4,ACTIVE,711,D_P3-A5.NC,D_P3-A5.NC,6,0.000668021,20,0.0005,1612515.148,468952.227,184.4,2038.5944,100,16.93333,51,100,0,1,100,2900.0,2200,500,4.0,25.2,0.1,5,358.715569,500,100,3.9,22.7,0.2,3,233.2996646,1000,300,3.4,26,0.1,32,-297.446094,1400,700,2.1,27.7,0.1
234.254714,1,AUTO,ARMED,5,AVAILABLE,UNAVAILABLE,UNAVAILABLE,171,4,ACTIVE,711,D_P3-A5.NC,D_P3-A5.NC,6,0.000668021,20,0.0005,1612515.148,468952.227,184.4,2038.5944,100,16.93333,51,100,0,1,100,2900.0,2200,500,4.0,25.2,0.1,8,356.9627593,500,100,3.9,22.7,0.2,3,233.2996646,1000,300,3.4,26,0.1,32,-297.446094,1400,700,2.1,27.7,0.1
234.400481,1,AUTO,ARMED,5,AVAILABLE,UNAVAILABLE,UNAVAILABLE,171,4,ACTIVE,711,D_P3-A5.NC,D_P3-A5.NC,6,0.000668021,20,0.0005,1612515.148,468952.227,184.4,2038.5944,100,16.93333,52,100,0,1,100,2900.0,2200,500,4.0,25.2,0.1,8,355.2188072,500,100,3.9,22.7,0.2,3,233.299676,1000,300,3.4,26,0.1,32,-297.446094,1400,700,2.1,27.7,0.1
234.537771,1,AUTO,ARMED,5,AVAILABLE,UNAVAILABLE,UNAVAILABLE,171,4,ACTIVE,711,D_P3-A5.NC,D_P3-A5.NC,6,0.000668021,20,0.0005,1612515.148,468952.227,184.4,2038.5944,100,16.93333,52,100,0,0,100,2900.0,2200,500,4.0,25.2,0.1,9,351.7261368,500,100,3.9,22.7,0.2,3,233.299676,1000,300,3.4,26,0.1,32,-297.4461054,1400,700,2.1,27.7,0.1
234.682318,1,AUTO,ARMED,5,AVAILABLE,UNAVAILABLE,UNAVAILABLE,171,4,ACTIVE,711,D_P3-A5.NC,D_P3-A5.NC,6,0.000668021,20,0.0005,1612515.148,468952.227,184.4,2038.5944,100,16.93333,52,100,0,0,100,2900.0,2200,500,4.0,25.2,0.1,6,349.982016,500,100,3.9,22.7,0.2,4,233.2996875,1000,300,3.4,26,0.1,32,-297.4461054,1400,700,2.1,27.7,0.1
234.829936,1,AUTO,ARMED,5,AVAILABLE,UNAVAILABLE,UNAVAILABLE,171,4,ACTIVE,711,D_P3-A5.NC,D_P3-A5.NC,6,0.000668021,20,0.0005,1612515.148,468952.227,184.4,2038.5944,100,16.93333,52,100,0,0,100,2900.0,2200,500,4.0,25.2,0.1,6,348.2377235,500,100,3.9,22.7,0.2,4,233.2996646,1000,300,3.4,26,0.1,32,-297.4461054,1400,700,2.1,27.7,0.1
234.975624,1,AUTO,ARMED,5,AVAILABLE,UNAVAILABLE,UNAVAILABLE,171,4,ACTIVE,711,D_P3-A5.NC,D_P3-A5.NC,6,0.000668021,20,0.0005,1612515.148,468952.227,184.4,2038.5944,100,16.93333,52,100,0,2,100,2900.0,2200,500,4.0,25.2,0.1,9,342.9970871,500,100,3.9,22.7,0.2,3,233.2996417,1000,300,3.4,26,0.1,32,-297.4461054,1400,700,2.1,27.7,0.1
235.116332,1,AUTO,ARMED,5,AVAILABLE,UNAVAILABLE,UNAVAILABLE,171,4,ACTIVE,711,D_P3-A5.NC,D_P3-A5.NC,6,0.000668021,20,0.0005,1612515.148,468952.227,184.4,1892.5148,100,16.93333,52,100,0,2,100,2900.0,2200,500,4.0,25.2,0.1,9,341.2526,500,100,3.9,22.7,0.2,3,233.2996188,1000,300,3.4,26,0.1,32,-297.446094,1400,700,2.1,27.7,0.1
235.255357,1,AUTO,ARMED,5,AVAILABLE,UNAVAILABLE,UNAVAILABLE,171,4,ACTIVE,711,D_P3-A5.NC,D_P3-A5.NC,6,0.000668021,20,0.0005,1612515.148,468952.227,184.4,1892.5148,100,16.93333,52,100,0,2,100,2900.0,2200,500,4.0,25.2,0.1,7,339.5002053,500,100,3.9,22.7,0.2,3,233.2996188,1000,300,3.4,26,0.1,32,-297.4461054,1400,700,2.1,27.7,0.1
235.396283,1,AUTO,ARMED,5,AVAILABLE,UNAVAILABLE,UNAVAILABLE,171,4,ACTIVE,711,D_P3-A5.NC,D_P3-A5.NC,6,0.000668021,20,0.0005,1612515.148,468952.227,184.4,1892.5148,100,16.93333,53,100,0,2,100,2900.0,1800,400,4.3,25.2,0.1,7,337.7599868,300,0,5.2,22.7,0.0,3,233.2996074,900,300,3.1,26,0.1,32,-297.446094,1300,600,1.9,27.7,0.1
235.536865,1,AUTO,ARMED,5,AVAILABLE,UNAVAILABLE,UNAVAILABLE,171,4,ACTIVE,711,D_P3-A5.NC,D_P3-A5.NC,6,0.000668021,20,0.0005,1612515.148,468952.227,184.4,1892.5148,100,16.93333,53,100,0,1,100,2900.0,1800,400,4.3,25.2,0.1,5,336.0159804,300,0,5.2,22.7,0.0,4,233.2995845,900,300,3.1,26,0.1,32,-297.446094,1300,600,1.9,27.7,0.1
235.683534,1,AUTO,ARMED,5,AVAILABLE,UNAVAILABLE,UNAVAILABLE,171,4,ACTIVE,711,D_P3-A5.NC,D_P3-A5.NC,6,0.000668021,20,0.0005,1612515.148,468952.227,184.4,1892.5148,100,16.93333,53,100,0,1,100,2900.0,1800,400,4.3,25.2,0.1,5,333.3915539,300,0,5.2,22.7,0.0,4,233.2995845,900,300,3.1,26,0.1,32,-297.4461054,1300,600,1.9,27.7,0.1
235.823555,1,AUTO,ARMED,5,AVAILABLE,UNAVAILABLE,UNAVAILABLE,171,4,ACTIVE,711,D_P3-A5.NC,D_P3-A5.NC,6,0.000668021,20,0.0005,1612515.148,468952.227,184.4,1892.5148,100,16.93333,53,100,0,0,100,2900.0,1800,400,4.3,25.2,0.1,8,329.9076277,300,0,5.2,22.7,0.0,3,233.2996417,900,300,3.1,26,0.1,32,-297.4461054,1300,600,1.9,27.7,0.1
235.981678,1,AUTO,ARMED,5,AVAILABLE,UNAVAILABLE,UNAVAILABLE,171,4,ACTIVE,711,D_P3-A5.NC,D_P3-A5.NC,6,0.000668021,20,0.0005,1612515.148,468952.227,184.4,1892.5148,100,16.93333,53,100,0,0,100,2900.0,1800,400,4.3,25.2,0.1,9,328.1546786,300,0,5.2,22.7,0.0,3,233.2996188,900,300,3.1,26,0.1,32,-297.4461054,1300,600,1.9,27.7,0.1
236.139928,1,AUTO,ARMED,5,AVAILABLE,UNAVAILABLE,UNAVAILABLE,171,4,ACTIVE,711,D_P3-A5.NC,D_P3-A5.NC,6,0.000668021,20,0.0005,1612515.148,468952.227,184.4,1892.5148,100,16.93333,53,100,0,3,100,2900.0,1800,400,4.3,25.2,0.1,9,324.6663135,300,0,5.2,22.7,0.0,3,233.2996188,900,300,3.1,26,0.1,32,-297.446094,1300,600,1.9,27.7,0.1
236.283551,1,AUTO,ARMED,5,AVAILABLE,UNAVAILABLE,UNAVAILABLE,171,4,ACTIVE,711,D_P3-A5.NC,D_P3-A5.NC,6,0.000668021,20,0.0005,1612515.148,468952.227,184.4,1911.6613,100,16.93333,53,100,0,3,100,2900.0,1800,400,4.3,25.2,0.1,9,322.9181253,300,0,5.2,22.7,0.0,3,233.2996074,900,300,3.1,26,0.1,32,-297.4461054,1300,600,1.9,27.7,0.1
236.439419,1,AUTO,ARMED,5,AVAILABLE,UNAVAILABLE,UNAVAILABLE,171,4,ACTIVE,711,D_P3-A5.NC,D_P3-A5.NC,6,0.000668021,20,0.0005,1612515.148,468952.227,184.4,1911.6613,100,11.18333,54,100,0,1,100,2900.0,1800,400,4.3,25.2,0.1,8,321.1697312,300,0,5.2,22.7,0.0,3,233.2996074,900,300,3.1,26,0.1,32,-297.4461054,1300,600,1.9,27.7,0.1
236.582455,1,AUTO,ARMED,5,AVAILABLE,UNAVAILABLE,UNAVAILABLE,171,4,ACTIVE,711,D_P3-A5.NC,D_P3-A5.NC,6,0.000668021,20,0.0005,1612515.148,468952.227,184.4,1911.6613,100,0.0,54,100,0,0,100,2900.0,1800,400,4.3,25.2,0.1,5,318.5608277,300,0,5.2,22.7,0.0,3,233.2996074,900,300,3.1,26,0.1,32,-297.446094,1300,600,1.9,27.7,0.1
236.720672,1,AUTO,ARMED,5,AVAILABLE,UNAVAILABLE,UNAVAILABLE,172,4,ACTIVE,711,D_P3-A5.NC,D_P3-A5.NC,6,0.000668021,20,0.0005,1612515.148,468952.227,184.4,1911.6613,100,0.0,54,100,0,0,100,2900.0,1800,400,4.3,25.2,0.1,6,318.5608277,300,0,5.2,22.7,0.0,3,233.2995959,900,300,3.1,26,0.1,32,-297.446094,1300,600,1.9,27.7,0.1
236.867014,1,AUTO,ARMED,5,AVAILABLE,UNAVAILABLE,UNAVAILABLE,172,4,ACTIVE,711,D_P3-A5.NC,D_P3-A5.NC,6,0.000668021,20,0.0005,1612515.148,468952.227,184.4,1911.6613,100,0.0,54,100,0,0,100,2900.0,2000,400,5.0,25.2,0.2,6,318.560862,200,0,4.1,22.7,0.0,3,233.2996074,700,200,4.2,26,0.1,32,-297.446094,1300,600,2.0,27.7,0.1
237.013648,1,AUTO,ARMED,5,AVAILABLE,UNAVAILABLE,UNAVAILABLE,172,4,ACTIVE,711,D_P3-A5.NC,D_P3-A5.NC,6,0.000668021,20,0.0005,1612515.148,468952.227,184.4,1911.6613,100,0.0,54,100,0,0,100,2900.0,2000,400,5.0,25.2,0.2,6,318.5608735,200,0,4.1,22.7,0.0,3,233.2996074,700,200,4.2,26,0.1,32,-297.4461054,1300,600,2.0,27.7,0.1
237.162267,1,AUTO,ARMED,5,AVAILABLE,UNAVAILABLE,UNAVAILABLE,172,4,ACTIVE,711,D_P3-A5.NC,D_P3-A5.NC,6,0.000668021,20,0.0005,1612515.148,468952.227,184.4,1911.6613,100,0.0,54,100,0,0,100,2900.0,2000,400,5.0,25.2,0.2,5,318.5608964,200,0,4.1,22.7,0.0,3,233.2996074,700,200,4.2,26,0.1,32,-297.4461054,1300,600,2.0,27.7,0.1
237.304894,1,AUTO,ARMED,5,AVAILABLE,UNAVAILABLE,UNAVAILABLE,172,4,ACTIVE,711,D_P3-A5.NC,D_P3-A5.NC,6,0.000668021,20,0.0005,1612515.148,468952.227,184.4,1934.8346,100,0.0,54,100,0,0,100,2900.0,2000,400,5.0,25.2,0.2,5,318.5608964,200,0,4.1,22.7,0.0,3,233.2995959,700,200,4.2,26,0.1,32,-297.4461054,1300,600,2.0,27.7,0.1
237.456076,1,AUTO,ARMED,5,AVAILABLE,UNAVAILABLE,UNAVAILABLE,172,4,ACTIVE,711,D_P3-A5.NC,D_P3-A5.NC,6,0.000668021,20,0.0005,1612515.148,468952.227,184.4,1934.8346,100,0.0,55,100,0,1,100,2900.0,2000,400,5.0,25.2,0.2,6,318.5608964,200,0,4.1,22.7,0.0,3,233.2995959,700,200,4.2,26,0.1,32,-297.446094,1300,600,2.0,27.7,0.1
237.599801,1,AUTO,ARMED,5,AVAILABLE,UNAVAILABLE,UNAVAILABLE,172,4,ACTIVE,711,D_P3-A5.NC,D_P3-A5.NC,6,0.000668021,20,0.0005,1612515.148,468952.227,184.4,1934.8346,100,0.0,55,100,0,1,100,2900.0,2000,400,5.0,25.2,0.2,6,318.5608964,200,0,4.1,22.7,0.0,10,233.4281004,700,200,4.2,26,0.1,32,-297.446094,1300,600,2.0,27.7,0.1
237.743118,1,AUTO,ARMED,5,AVAILABLE,UNAVAILABLE,UNAVAILABLE,175,4,ACTIVE,711,D_P3-A5.NC,D_P3-A5.NC,6,0.000668021,20,0.0005,1612515.148,468952.227,184.4,1934.8346,100,0.0,55,100,0,1,100,2900.0,2000,400,5.0,25.2,0.2,6,318.5608964,200,0,4.1,22.7,0.0,10,233.4265898,700,200,4.2,26,0.1,32,-297.446094,1300,600,2.0,27.7,0.1
237.890794,1,AUTO,ARMED,5,AVAILABLE,UNAVAILABLE,UNAVAILABLE,176,4,ACTIVE,711,D_P3-A5.NC,D_P3-A5.NC,6,0.000668021,20,0.0005,1612515.148,468952.227,184.4,1934.8346,100,0.0,55,100,0,1,100,2900.0,2000,400,5.0,25.2,0.2,5,318.5608964,200,0,4.1,22.7,0.0,0,233.4265555,700,200,4.2,26,0.1,32,-297.446094,1300,600,2.0,27.7,0.1
238.03707,1,AUTO,ARMED,5,AVAILABLE,UNAVAILABLE,UNAVAILABLE,176,4,ACTIVE,711,D_P3-A5.NC,D_P3-A5.NC,6,0.000668021,20,0.0005,1612515.148,468952.227,184.4,1934.8346,100,0.0,55,100,0,1,100,2900.0,2000,400,5.0,25.2,0.2,5,318.5609078,200,0,4.1,22.7,0.0,0,233.4265784,700,200,4.2,26,0.1,32,-297.446094,1300,600,2.0,27.7,0.1
238.180387,1,AUTO,ARMED,5,AVAILABLE,UNAVAILABLE,UNAVAILABLE,176,4,ACTIVE,711,D_P3-A5.NC,D_P3-A5.NC,6,0.000668021,20,0.0005,1612515.148,468952.227,184.4,1934.8346,100,0.0,55,100,0,0,100,2900.0,2000,400,5.0,25.2,0.2,5,318.5608964,200,0,4.1,22.7,0.0,0,233.4266013,700,200,4.2,26,0.1,32,-297.4461054,1300,600,2.0,27.7,0.1
238.315851,1,AUTO,ARMED,5,AVAILABLE,UNAVAILABLE,UNAVAILABLE,176,4,ACTIVE,711,D_P3-A5.NC,D_P3-A5.NC,6,0.000668021,20,0.0005,1612515.148,468952.227,184.4,2077.427,100,0.0,56,100,0,2,100,2900.0,2000,400,5.0,25.2,0.2,5,318.5609078,200,0,4.1,22.7,0.0,0,233.4265898,700,200,4.2,26,0.1,32,-297.446094,1300,600,2.0,27.7,0.1
238.46474,1,AUTO,ARMED,5,AVAILABLE,UNAVAILABLE,UNAVAILABLE,176,4,ACTIVE,711,D_P3-A5.NC,D_P3-A5.NC,6,0.000668021,20,0.0005,1612515.148,468952.227,184.4,2077.427,100,0.0,56,100,0,0,100,2900.0,2200,600,4.0,25.2,0.1,5,318.5608964,500,100,3.8,22.7,0.2,0,233.4266013,800,300,3.3,26,0.1,32,-297.4461054,1600,700,2.3,27.7,0.1
238.606697,1,AUTO,ARMED,5,AVAILABLE,UNAVAILABLE,UNAVAILABLE,176,4,ACTIVE,711,D_P3-A5.NC,D_P3-A5.NC,6,0.000668021,20,0.0005,1612515.148,468952.227,184.4,2077.427,100,0.0,56,100,0,0,100,2900.0,2200,600,4.0,25.2,0.1,5,318.5608964,500,100,3.8,22.7,0.2,0,233.4266013,800,300,3.3,26,0.1,32,-297.446094,1600,700,2.3,27.7,0.1
238.760863,1,AUTO,ARMED,5,AVAILABLE,UNAVAILABLE,UNAVAILABLE,177,4,ACTIVE,711,D_P3-A5.NC,D_P3-A5.NC,6,0.000668021,20,0.0005,1612515.148,468952.227,184.4,2077.427,100,19.05,56,100,0,1,100,2900.0,2200,600,4.0,25.2,0.1,0,320.9240006,500,100,3.8,22.7,0.2,0,233.4266013,800,300,3.3,26,0.1,32,-297.4461054,1600,700,2.3,27.7,0.1
238.91231,1,AUTO,ARMED,5,AVAILABLE,UNAVAILABLE,UNAVAILABLE,177,4,ACTIVE,711,D_P3-A5.NC,D_P3-A5.NC,6,0.000668021,20,0.0005,1612515.148,468952.227,184.4,2077.427,100,19.05,56,100,0,1,100,2900.0,2200,600,4.0,25.2,0.1,8,324.852905,500,100,3.8,22.7,0.2,0,233.4266013,800,300,3.3,26,0.1,32,-297.446094,1600,700,2.3,27.7,0.1
239.070819,1,AUTO,ARMED,5,AVAILABLE,UNAVAILABLE,UNAVAILABLE,177,4,ACTIVE,711,D_P3-A5.NC,D_P3-A5.NC,6,0.000668021,20,0.0005,1612515.148,468952.227,184.4,2077.427,100,19.05,56,100,0,0,100,2900.0,2200,600,4.0,25.2,0.1,9,326.8150226,500,100,3.8,22.7,0.2,0,233.4266013,800,300,3.3,26,0.1,32,-297.446094,1600,700,2.3,27.7,0.1
239.218069,1,AUTO,ARMED,5,AVAILABLE,UNAVAILABLE,UNAVAILABLE,177,4,ACTIVE,711,D_P3-A5.NC,D_P3-A5.NC,6,0.000668021,20,0.0005,1612515.148,468952.227,184.4,2077.427,100,19.05,56,100,0,0,100,2900.0,2200,600,4.0,25.2,0.1,9,328.7772431,500,100,3.8,22.7,0.2,0,233.4266013,800,300,3.3,26,0.1,32,-297.4461054,1600,700,2.3,27.7,0.1
239.363974,1,AUTO,ARMED,5,AVAILABLE,UNAVAILABLE,UNAVAILABLE,177,4,ACTIVE,711,D_P3-A5.NC,D_P3-A5.NC,6,0.000668021,20,0.0005,1612515.148,468952.227,184.4,2087.9141,100,19.05,56,100,0,0,100,2900.0,2200,600,4.0,25.2,0.1,9,330.7440337,500,100,3.8,22.7,0.2,0,233.4265784,800,300,3.3,26,0.1,32,-297.4461054,1600,700,2.3,27.7,0.1
239.518931,1,AUTO,ARMED,5,AVAILABLE,UNAVAILABLE,UNAVAILABLE,177,4,ACTIVE,711,D_P3-A5.NC,D_P3-A5.NC,6,0.000668021,20,0.0005,1612515.148,468952.227,184.4,2087.9141,100,19.05,57,100,0,1,100,2900.0,2200,600,4.0,25.2,0.1,12,333.6869586,500,100,3.8,22.7,0.2,0,233.4265326,800,300,3.3,26,0.1,32,-297.446094,1600,700,2.3,27.7,0.1
239.681742,1,AUTO,ARMED,5,AVAILABLE,UNAVAILABLE,UNAVAILABLE,177,4,ACTIVE,711,D_P3-A5.NC,D_P3-A5.NC,6,0.000668021,20,0.0005,1612515.148,468952.227,184.4,2087.9141,100,19.05,57,100,0,3,100,2900.0,2200,600,4.0,25.2,0.1,12,337.616073,500,100,3.8,22.7,0.2,0,233.4265326,800,300,3.3,26,0.1,32,-297.4461054,1600,700,2.3,27.7,0.1
239.826444,1,AUTO,ARMED,5,AVAILABLE,UNAVAILABLE,UNAVAILABLE,177,4,ACTIVE,711,D_P3-A5.NC,D_P3-A5.NC,6,0.000668021,20,0.0005,1612515.148,468952.227,184.4,2087.9141,100,19.05,57,100,0,3,100,2900.0,2300,600,3.7,25.2,0.1,9,341.5403237,600,100,4.0,22.7,0.2,0,233.4265097,700,200,3.3,26,0.1,32,-297.446094,1600,700,2.4,27.6,0.2
239.978559,1,AUTO,ARMED,5,AVAILABLE,UNAVAILABLE,UNAVAILABLE,177,4,ACTIVE,711,D_P3-A5.NC,D_P3-A5.NC,6,0.000668021,20,0.0005,1612515.148,468952.227,184.4,2087.9141,100,19.05,57,100,0,1,100,2900.0,2300,600,3.7,25.2,0.1,8,343.5070953,600,100,4.0,22.7,0.2,0,233.4265097,700,200,3.3,26,0.1,32,-297.4461054,1600,700,2.4,27.6,0.2
240.122318,1,AUTO,ARMED,5,AVAILABLE,UNAVAILABLE,UNAVAILABLE,177,4,ACTIVE,711,D_P3-A5.NC,D_P3-A5.NC,6,0.000668021,20,0.0005,1612515.148,468952.227,184.4,2087.9141,100,19.05,57,100,0,0,100,2900.0,2300,600,3.7,25.2,0.1,12,347.4316664,600,100,4.0,22.7,0.2,0,233.4264983,700,200,3.3,26,0.1,32,-297.4461054,1600,700,2.4,27.6,0.2
240.282301,1,AUTO,ARMED,5,AVAILABLE,UNAVAILABLE,UNAVAILABLE,177,4,ACTIVE,711,D_P3-A5.NC,D_P3-A5.NC,6,0.000668021,20,0.0005,1612515.148,468952.227,184.4,2087.9141,100,19.05,57,100,0,0,100,2900.0,2300,600,3.7,25.2,0.1,12,349.4031759,600,100,4.0,22.7,0.2,0,233.4265097,700,200,3.3,26,0.1,32,-297.4461054,1600,700,2.4,27.6,0.2
240.438507,1,AUTO,ARMED,5,AVAILABLE,UNAVAILABLE,UNAVAILABLE,177,4,ACTIVE,711,D_P3-A5.NC,D_P3-A5.NC,6,0.000668021,20,0.0005,1612515.148,468952.227,184.4,2087.9141,100,19.05,58,100,0,1,100,2900.0,2300,600,3.7,25.2,0.1,12,351.3653241,600,100,4.0,22.7,0.2,0,233.4265097,700,200,3.3,26,0.1,32,-297.4461054,1600,700,2.4,27.6,0.2
240.595185,1,AUTO,ARMED,5,AVAILABLE,UNAVAILABLE,UNAVAILABLE,177,4,ACTIVE,711,D_P3-A5.NC,D_P3-A5.NC,6,0.000668021,20,0.0005,1612515.148,468952.227,184.4,2078.8647,100,19.05,58,100,0,2,100,2900.0,2300,600,3.7,25.2,0.1,9,355.2944729,600,100,4.0,22.7,0.2,0,233.4265326,700,200,3.3,26,0.1,32,-297.446094,1600,700,2.4,27.6,0.2
240.753967,1,AUTO,ARMED,5,AVAILABLE,UNAVAILABLE,UNAVAILABLE,177,4,ACTIVE,711,D_P3-A5.NC,D_P3-A5.NC,6,0.000668021,20,0.0005,1612515.148,468952.227,184.4,2078.8647,100,19.05,58,100,0,2,100,2900.0,2300,600,3.7,25.2,0.1,9,359.2188859,600,100,4.0,22.7,0.2,0,233.4265555,700,200,3.3,26,0.1,32,-297.4461054,1600,700,2.4,27.6,0.2
240.914232,1,AUTO,ARMED,5,AVAILABLE,UNAVAILABLE,UNAVAILABLE,177,4,ACTIVE,711,D_P3-A5.NC,D_P3-A5.NC,6,0.000668021,20,0.0005,1612515.148,468952.227,184.4,2078.8647,100,19.05,58,100,0,0,100,2900.0,2300,600,3.7,25.2,0.1,11,363.1479787,600,100,4.0,22.7,0.2,0,233.4265784,700,200,3.3,26,0.1,32,-297.4461054,1600,700,2.4,27.6,0.2
241.054647,1,AUTO,ARMED,5,AVAILABLE,UNAVAILABLE,UNAVAILABLE,177,4,ACTIVE,711,D_P3-A5.NC,D_P3-A5.NC,6,0.000668021,20,0.0005,1612515.148,468952.227,184.4,2078.8647,100,19.05,58,100,0,0,100,2900.0,2300,600,3.7,25.2,0.1,12,365.1148367,600,100,4.0,22.7,0.2,1,233.4265784,700,200,3.3,26,0.1,32,-297.4461054,1600,700,2.4,27.6,0.2
241.208688,1,AUTO,ARMED,5,AVAILABLE,UNAVAILABLE,UNAVAILABLE,177,4,ACTIVE,711,D_P3-A5.NC,D_P3-A5.NC,6,0.000668021,20,0.0005,1612515.148,468952.227,184.4,2078.8647,100,19.05,58,100,0,0,100,2900.0,2300,600,3.7,25.2,0.1,12,367.0769799,600,100,4.0,22.7,0.2,1,233.4265898,700,200,3.3,26,0.1,32,-297.4461054,1600,700,2.4,27.6,0.2
241.355388,1,AUTO,ARMED,5,AVAILABLE,UNAVAILABLE,UNAVAILABLE,177,4,ACTIVE,711,D_P3-A5.NC,D_P3-A5.NC,6,0.000668021,20,0.0005,1612515.148,468952.227,184.4,2078.8647,100,19.05,59,100,0,2,100,2900.0,2300,600,3.7,25.2,0.1,9,370.0254359,600,100,4.0,22.7,0.2,0,233.426647,700,200,3.3,26,0.1,32,-297.4461054,1600,700,2.4,27.6,0.2
241.498176,1,AUTO,ARMED,5,AVAILABLE,UNAVAILABLE,UNAVAILABLE,177,4,ACTIVE,711,D_P3-A5.NC,D_P3-A5.NC,6,0.000668021,20,0.0005,1612515.148,468952.227,184.4,2078.8647,100,19.05,59,100,0,0,100,2900.0,2500,400,5.6,25.2,0.1,10,371.9873616,300,100,4.2,22.7,0.1,0,233.4266356,700,200,3.5,26,0.1,32,-297.446094,1200,600,1.9,27.6,0.0
241.637967,1,AUTO,ARMED,5,AVAILABLE,UNAVAILABLE,UNAVAILABLE,177,4,ACTIVE,711,D_P3-A5.NC,D_P3-A5.NC,6,0.000668021,20,0.0005,1612515.148,468952.227,184.4,1942.1079,100,19.05,59,100,0,0,100,2900.0,2500,400,5.6,25.2,0.1,10,373.9592894,300,100,4.2,22.7,0.1,0,233.426647,700,200,3.5,26,0.1,32,-297.446094,1200,600,1.9,27.6,0.0
241.776767,1,AUTO,ARMED,5,AVAILABLE,UNAVAILABLE,UNAVAILABLE,177,4,ACTIVE,711,D_P3-A5.NC,D_P3-A5.NC,6,0.000668021,20,0.0005,1612515.148,468952.227,184.4,1942.1079,100,19.05,59,100,0,0,100,2900.0,2500,400,5.6,25.2,0.1,13,377.8833697,300,100,4.2,22.7,0.1,1,233.4266127,700,200,3.5,26,0.1,32,-297.446094,1200,600,1.9,27.6,0.0
241.921642,1,AUTO,ARMED,5,AVAILABLE,UNAVAILABLE,UNAVAILABLE,177,4,ACTIVE,711,D_P3-A5.NC,D_P3-A5.NC,6,0.000668021,20,0.0005,1612515.148,468952.227,184.4,1942.1079,100,19.05,59,100,0,2,100,2900.0,2500,400,5.6,25.2,0.1,11,379.8456616,300,100,4.2,22.7,0.1,0,233.4266127,700,200,3.5,26,0.1,32,-297.446094,1200,600,1.9,27.6,0.0
242.0677,1,AUTO,ARMED,5,AVAILABLE,UNAVAILABLE,UNAVAILABLE,177,4,ACTIVE,711,D_P3-A5.NC,D_P3-A5.NC,6,0.000668021,20,0.0005,1612515.148,468952.227,184.4,1942.1079,100,19.05,59,100,0,2,100,2900.0,2500,400,5.6,25.2,0.1,12,381.8123302,300,100,4.2,22.7,0.1,0,233.4266013,700,200,3.5,26,0.1,32,-297.4461054,1200,600,1.9,27.6,0.0
242.217939,1,AUTO,ARMED,5,AVAILABLE,UNAVAILABLE,UNAVAILABLE,177,4,ACTIVE,711,D_P3-A5.NC,D_P3-A5.NC,6,0.000668021,20,0.0005,1612515.148,468952.227,184.4,1942.1079,100,19.05,0,100,0,0,100,2900.0,2500,400,5.6,25.2,0.1,8,387.703689,300,100,4.2,22.7,0.1,0,233.426647,700,200,3.5,26,0.1,32,-297.446094,1200,600,1.9,27.6,0.0
242.377607,1,AUTO,ARMED,5,AVAILABLE,UNAVAILABLE,UNAVAILABLE,177,4,ACTIVE,711,D_P3-A5.NC,D_P3-A5.NC,6,0.000668021,20,0.0005,1612515.148,468952.227,184.4,1942.1079,100,19.05,0,100,0,0,100,2900.0,2500,400,5.6,25.2,0.1,8,389.6704395,300,100,4.2,22.7,0.1,0,233.4266241,700,200,3.5,26,0.1,32,-297.4461054,1200,600,1.9,27.6,0.0
242.552494,1,AUTO,ARMED,5,AVAILABLE,UNAVAILABLE,UNAVAILABLE,177,4,ACTIVE,711,D_P3-A5.NC,D_P3-A5.NC,6,0.000668021,20,0.0005,1612515.148,468952.227,184.4,1942.1079,100,19.05,0,100,0,1,100,2900.0,2500,400,5.6,25.2,0.1,9,391.6279081,300,100,4.2,22.7,0.1,0,233.4266127,700,200,3.5,26,0.1,32,-297.446094,1200,600,1.9,27.6,0.0
242.696534,1,AUTO,ARMED,5,AVAILABLE,UNAVAILABLE,UNAVAILABLE,177,4,ACTIVE,711,D_P3-A5.NC,D_P3-A5.NC,6,0.000668021,20,0.0005,1612515.148,468952.227,184.4,1923.7161,100,19.05,0,100,0,1,100,2900.0,2500,400,5.6,25.2,0.1,10,395.5569914,300,100,4.2,22.7,0.1,0,233.4266013,700,200,3.5,26,0.1,32,-297.446094,1200,600,1.9,27.6,0.0
242.834865,1,AUTO,ARMED,5,AVAILABLE,UNAVAILABLE,UNAVAILABLE,177,4,ACTIVE,711,D_P3-A5.NC,D_P3-A5.NC,6,0.000668021,20,0.0005,1612515.148,468952.227,184.4,1923.7161,100,19.05,0,100,0,1,100,2900.0,2500,400,5.6,25.2,0.1,10,397.5190609,300,100,4.2,22.7,0.1,0,233.4266013,700,200,3.5,26,0.1,32,-297.446094,1200,600,1.9,27.6,0.0
242.983529,1,AUTO,ARMED,5,AVAILABLE,UNAVAILABLE,UNAVAILABLE,177,4,ACTIVE,711,D_P3-A5.NC,D_P3-A5.NC,6,0.000668021,20,0.0005,1612515.148,468952.227,184.4,1923.7161,100,9.533333,0,100,0,0,100,2900.0,2500,400,5.6,25.2,0.1,9,399.839585,300,100,4.2,22.7,0.1,0,233.4266013,700,200,3.5,26,0.1,32,-297.446094,1200,600,1.9,27.6,0.0
243.1271,1,AUTO,ARMED,5,AVAILABLE,UNAVAILABLE,UNAVAILABLE,178,4,ACTIVE,711,D_P3-A5.NC,D_P3-A5.NC,6,0.000668021,20,0.0005,1612515.148,468952.227,184.4,1923.7161,100,9.533333,0,100,0,0,100,2900.0,1800,400,4.5,25.2,0.1,9,399.8404891,400,100,4.6,22.7,0.1,0,233.4266013,1100,500,2.2,26,0.1,32,-297.446094,1200,600,1.9,27.6,0.1
243.276174,1,AUTO,ARMED,5,AVAILABLE,UNAVAILABLE,UNAVAILABLE,178,4,ACTIVE,711,D_P3-A5.NC,D_P3-A5.NC,6,0.000668021,20,0.0005,1612515.148,468952.227,184.4,1923.7161,100,0.0,0,100,0,2,100,2900.0,1800,400,4.5,25.2,0.1,8,399.8409469,400,100,4.6,22.7,0.1,0,233.4266013,1100,500,2.2,26,0.1,32,-297.4461054,1200,600,1.9,27.6,0.1
243.427147,1,AUTO,ARMED,5,AVAILABLE,UNAVAILABLE,UNAVAILABLE,178,4,ACTIVE,711,D_P3-A5.NC,D_P3-A5.NC,6,0.000668021,20,0.0005,1612515.148,468952.227,184.4,1923.7161,100,0.0,1,100,0,1,100,2900.0,1800,400,4.5,25.2,0.1,7,399.840924,400,100,4.6,22.7,0.1,0,233.4266013,1100,500,2.2,26,0.1,32,-297.446094,1200,600,1.9,27.6,0.1
243.584702,1,AUTO,ARMED,5,AVAILABLE,UNAVAILABLE,UNAVAILABLE,178,4,ACTIVE,711,D_P3-A5.NC,D_P3-A5.NC,6,0.000668021,20,0.0005,1612515.148,468952.227,184.4,1923.7161,100,0.0,1,100,0,2,100,2900.0,1800,400,4.5,25.2,0.1,7,399.8409126,400,100,4.6,22.7,0.1,0,233.4266013,1100,500,2.2,26,0.1,32,-297.446094,1200,600,1.9,27.6,0.1
243.729483,1,AUTO,ARMED,5,AVAILABLE,UNAVAILABLE,UNAVAILABLE,178,4,ACTIVE,711,D_P3-A5.NC,D_P3-A5.NC,6,0.000668021,20,0.0005,1612515.148,468952.227,184.4,2062.6589,100,0.0,1,100,0,1,100,2900.0,1800,400,4.5,25.2,0.1,6,399.8409011,400,100,4.6,22.7,0.1,0,233.4266013,1100,500,2.2,26,0.1,32,-297.446094,1200,600,1.9,27.6,0.1
243.868711,1,AUTO,ARMED,5,AVAILABLE,UNAVAILABLE,UNAVAILABLE,178,4,ACTIVE,711,D_P3-A5.NC,D_P3-A5.NC,6,0.000668021,20,0.0005,1612515.148,468952.227,184.4,2062.6589,100,0.0,1,100,0,1,100,2900.0,1800,400,4.5,25.2,0.1,6,399.8409011,400,100,4.6,22.7,0.1,0,233.4265898,1100,500,2.2,26,0.1,32,-297.446094,1200,600,1.9,27.6,0.1
244.013954,1,AUTO,ARMED,5,AVAILABLE,UNAVAILABLE,UNAVAILABLE,180,4,ACTIVE,711,D_P3-A5.NC,D_P3-A5.NC,6,0.000668021,20,0.0005,1612515.148,468952.227,184.4,2062.6589,100,0.0,1,100,0,1,100,2900.0,1800,400,4.5,25.2,0.1,6,399.8429825,400,100,4.6,22.7,0.1,0,233.433811,1100,500,2.2,26,0.1,32,-297.4461054,1200,600,1.9,27.6,0.1
244.157171,1,AUTO,ARMED,5,AVAILABLE,UNAVAILABLE,UNAVAILABLE,180,4,ACTIVE,711,D_P3-A5.NC,D_P3-A5.NC,6,0.000668021,20,0.0005,1612515.148,468952.227,184.4,2062.6589,100,19.05,1,100,0,0,100,2900.0,1800,400,4.5,25.2,0.1,9,396.7078175,400,100,4.6,22.7,0.1,3,233.5536981,1100,500,2.2,26,0.1,32,-297.4461054,1200,600,1.9,27.6,0.1
244.312222,1,AUTO,ARMED,5,AVAILABLE,UNAVAILABLE,UNAVAILABLE,180,4,ACTIVE,711,D_P3-A5.NC,D_P3-A5.NC,6,0.000668021,20,0.0005,1612515.148,468952.227,184.4,2062.6589,100,19.05,1,100,0,0,100,2900.0,1800,400,4.5,25.2,0.1,9,394.7363452,400,100,4.6,22.7,0.1,3,233.5536295,1100,500,2.2,26,0.1,32,-297.446094,1200,600,1.9,27.6,0.1
244.481741,1,AUTO,ARMED,5,AVAILABLE,UNAVAILABLE,UNAVAILABLE,180,4,ACTIVE,711,D_P3-A5.NC,D_P3-A5.NC,6,0.000668021,20,0.0005,1612515.148,468952.227,184.4,2062.6589,100,19.05,2,100,0,0,100,2900.0,2100,600,3.7,25.2,0.1,9,388.8403201,500,100,4.1,22.7,0.2,2,233.5535951,1200,500,2.5,26,0.1,32,-297.4461054,1400,700,2.1,27.6,0.1
244.654251,1,AUTO,ARMED,5,AVAILABLE,UNAVAILABLE,UNAVAILABLE,180,4,ACTIVE,711,D_P3-A5.NC,D_P3-A5.NC,6,0.000668021,20,0.0005,1612515.148,468952.227,184.4,2062.6589,100,19.05,2,100,0,3,100,2900.0,2100,600,3.7,25.2,0.1,8,386.8782096,500,100,4.1,22.7,0.2,2,233.5535837,1200,500,2.5,26,0.1,32,-297.446094,1400,700,2.1,27.6,0.1
244.79715,1,AUTO,ARMED,5,AVAILABLE,UNAVAILABLE,UNAVAILABLE,180,4,ACTIVE,711,D_P3-A5.NC,D_P3-A5.NC,6,0.000668021,20,0.0005,1612515.148,468952.227,184.4,2064.4741,100,19.05,2,100,0,3,100,2900.0,2100,600,3.7,25.2,0.1,8,384.9164197,500,100,4.1,22.7,0.2,2,233.5536295,1200,500,2.5,26,0.1,32,-297.446094,1400,700,2.1,27.6,0.1
244.959815,1,AUTO,ARMED,5,AVAILABLE,UNAVAILABLE,UNAVAILABLE,180,4,ACTIVE,711,D_P3-A5.NC,D_P3-A5.NC,6,0.000668021,20,0.0005,1612515.148,468952.227,184.4,2064.4741,100,19.05,2,100,0,0,100,2900.0,2100,600,3.7,25.2,0.1,9,382.9445467,500,100,4.1,22.7,0.2,3,233.5536523,1200,500,2.5,26,0.1,32,-297.446094,1400,700,2.1,27.6,0.1
245.1167,1,AUTO,ARMED,5,AVAILABLE,UNAVAILABLE,UNAVAILABLE,180,4,ACTIVE,711,D_P3-A5.NC,D_P3-A5.NC,6,0.000668021,20,0.0005,1612515.148,468952.227,184.4,2064.4741,100,19.05,2,100,0,1,100,2900.0,2100,600,3.7,25.2,0.1,7,378.0389795,500,100,4.1,22.7,0.2,4,233.5535951,1200,500,2.5,26,0.1,32,-297.446094,1400,700,2.1,27.6,0.1
245.284467,1,AUTO,ARMED,5,AVAILABLE,UNAVAILABLE,UNAVAILABLE,180,4,ACTIVE,711,D_P3-A5.NC,D_P3-A5.NC,6,0.000668021,20,0.0005,1612515.148,468952.227,184.4,2064.4741,100,19.05,2,100,0,1,100,2900.0,2100,600,3.7,25.2,0.1,9,376.0671973,500,100,4.1,22.7,0.2,3,233.5536066,1200,500,2.5,26,0.1,32,-297.4461054,1400,700,2.1,27.6,0.1
245.439505,1,AUTO,ARMED,5,AVAILABLE,UNAVAILABLE,UNAVAILABLE,180,4,ACTIVE,711,D_P3-A5.NC,D_P3-A5.NC,6,0.000668021,20,0.0005,1612515.148,468952.227,184.4,2064.4741,100,19.05,3,100,0,1,100,2900.0,2100,600,3.7,25.2,0.1,9,374.1101781,500,100,4.1,22.7,0.2,3,233.5535837,1200,500,2.5,26,0.1,32,-297.4461054,1400,700,2.1,27.6,0.1
245.604146,1,AUTO,ARMED,5,AVAILABLE,UNAVAILABLE,UNAVAILABLE,180,4,ACTIVE,711,D_P3-A5.NC,D_P3-A5.NC,6,0.000668021,20,0.0005,1612515.148,468952.227,184.4,2064.4741,100,19.05,3,100,0,0,100,2900.0,2100,600,3.7,25.2,0.1,7,370.1760551,500,100,4.1,22.7,0.2,3,233.5535837,1200,500,2.5,26,0.1,32,-297.4461054,1400,700,2.1,27.6,0.1
245.775715,1,AUTO,ARMED,5,AVAILABLE,UNAVAILABLE,UNAVAILABLE,180,4,ACTIVE,711,D_P3-A5.NC,D_P3-A5.NC,6,0.000668021,20,0.0005,1612515.148,468952.227,184.4,2064.4741,100,19.05,3,100,0,0,100,2900.0,2100,600,3.7,25.2,0.1,5,368.2141263,500,100,4.1,22.7,0.2,3,233.5535722,1200,500,2.5,26,0.1,32,-297.4461054,1400,700,2.1,27.6,0.1
245.935745,1,AUTO,ARMED,5,AVAILABLE,UNAVAILABLE,UNAVAILABLE,180,4,ACTIVE,711,D_P3-A5.NC,D_P3-A5.NC,6,0.000668021,20,0.0005,1612515.148,468952.227,184.4,2070.3552,100,19.05,3,100,0,2,100,2900.0,2100,600,3.7,25.2,0.1,8,362.3230528,500,100,4.1,22.7,0.2,3,233.5535951,1200,500,2.5,26,0.1,32,-297.446094,1400,700,2.1,27.6,0.1
246.08575,1,AUTO,ARMED,5,AVAILABLE,UNAVAILABLE,UNAVAILABLE,180,4,ACTIVE,711,D_P3-A5.NC,D_P3-A5.NC,6,0.000668021,20,0.0005,1612515.148,468952.227,184.4,2070.3552,100,19.05,3,100,0,0,100,2900.0,2000,600,3.6,25.2,0.1,9,360.3605976,500,100,4.2,22.7,0.1,3,233.5535951,1400,500,2.7,26,0.1,32,-297.4461054,1400,700,2.1,27.6,0.1
246.239499,1,AUTO,ARMED,5,AVAILABLE,UNAVAILABLE,UNAVAILABLE,180,4,ACTIVE,711,D_P3-A5.NC,D_P3-A5.NC,6,0.000668021,20,0.0005,1612515.148,468952.227,184.4,2070.3552,100,19.05,3,100,0,0,100,2900.0,2000,600,3.6,25.2,0.1,9,356.4317848,500,100,4.2,22.7,0.1,3,233.553618,1400,500,2.7,26,0.1,32,-297.4461054,1400,700,2.1,27.6,0.1
246.39747,1,AUTO,ARMED,5,AVAILABLE,UNAVAILABLE,UNAVAILABLE,180,4,ACTIVE,711,D_P3-A5.NC,D_P3-A5.NC,6,0.000668021,20,0.0005,1612515.148,468952.227,184.4,2070.3552,100,19.05,4,100,0,2,100,2900.0,2000,600,3.6,25.2,0.1,6,354.4695335,500,100,4.2,22.7,0.1,3,233.5536295,1400,500,2.7,26,0.1,32,-297.446094,1400,700,2.1,27.6,0.1
246.558361,1,AUTO,ARMED,5,AVAILABLE,UNAVAILABLE,UNAVAILABLE,180,4,ACTIVE,711,D_P3-A5.NC,D_P3-A5.NC,6,0.000668021,20,0.0005,1612515.148,468952.227,184.4,2070.3552,100,19.05,4,100,0,2,100,2900.0,2000,600,3.6,25.2,0.1,6,352.5076707,500,100,4.2,22.7,0.1,3,233.5536409,1400,500,2.7,26,0.1,32,-297.446094,1400,700,2.1,27.6,0.1
246.722605,1,AUTO,ARMED,5,AVAILABLE,UNAVAILABLE,UNAVAILABLE,180,4,ACTIVE,711,D_P3-A5.NC,D_P3-A5.NC,6,0.000668021,20,0.0005,1612515.148,468952.227,184.4,2070.3552,100,19.05,4,100,0,1,100,2900.0,2000,600,3.6,25.2,0.1,6,348.5783378,500,100,4.2,22.7,0.1,3,233.5535837,1400,500,2.7,26,0.1,32,-297.446094,1400,700,2.1,27.6,0.1
246.875249,1,AUTO,ARMED,5,AVAILABLE,UNAVAILABLE,UNAVAILABLE,180,4,ACTIVE,711,D_P3-A5.NC,D_P3-A5.NC,6,0.000668021,20,0.0005,1612515.148,468952.227,184.4,1928.6411,100,19.05,4,100,0,1,100,2900.0,2000,600,3.6,25.2,0.1,6,345.6344909,500,100,4.2,22.7,0.1,3,233.5535608,1400,500,2.7,26,0.1,32,-297.446094,1400,700,2.1,27.6,0.1
247.013682,1,AUTO,ARMED,5,AVAILABLE,UNAVAILABLE,UNAVAILABLE,180,4,ACTIVE,711,D_P3-A5.NC,D_P3-A5.NC,6,0.000668021,20,0.0005,1612515.148,468952.227,184.4,1928.6411,100,19.05,4,100,0,0,100,2900.0,2000,600,3.6,25.2,0.1,8,343.6675014,500,100,4.2,22.7,0.1,3,233.5535494,1400,500,2.7,26,0.1,32,-297.446094,1400,700,2.1,27.6,0.1
247.247894,1,AUTO,ARMED,5,AVAILABLE,UNAVAILABLE,UNAVAILABLE,180,4,ACTIVE,711,D_P3-A5.NC,D_P3-A5.NC,6,0.000668021,20,0.0005,1612515.148,468952.227,184.4,1928.6411,100,19.05,4,100,0,0,100,2900.0,2000,600,3.6,25.2,0.1,10,339.7432724,500,100,4.2,22.7,0.1,3,233.553515,1400,500,2.7,26,0.1,32,-297.4461054,1400,700,2.1,27.6,0.1
247.416706,1,AUTO,ARMED,5,AVAILABLE,UNAVAILABLE,UNAVAILABLE,180,4,ACTIVE,711,D_P3-A5.NC,D_P3-A5.NC,6,0.000668021,20,0.0005,1612515.148,468952.227,184.4,1928.6411,100,19.05,5,100,0,0,100,2900.0,2000,600,3.6,25.2,0.1,8,335.8144545,500,100,4.2,22.7,0.1,3,233.5534921,1400,500,2.7,26,0.1,32,-297.4461054,1400,700,2.1,27.6,0.1
247.569253,1,AUTO,ARMED,5,AVAILABLE,UNAVAILABLE,UNAVAILABLE,180,4,ACTIVE,711,D_P3-A5.NC,D_P3-A5.NC,6,0.000668021,20,0.0005,1612515.148,468952.227,184.4,1928.6411,100,19.05,5,100,0,0,100,2900.0,2000,600,3.6,25.2,0.1,5,331.8853619,500,100,4.2,22.7,0.1,3,233.5535379,1400,500,2.7,26,0.1,32,-297.4461054,1400,700,2.1,27.6,0.1
247.750979,1,AUTO,ARMED,5,AVAILABLE,UNAVAILABLE,UNAVAILABLE,180,4,ACTIVE,711,D_P3-A5.NC,D_P3-A5.NC,6,0.000668021,20,0.0005,1612515.148,468952.227,184.4,1928.6411,100,19.05,5,100,0,0,100,2900.0,1800,400,4.5,25.2,0.1,9,327.9613447,200,0,4.4,22.7,0.0,3,233.553618,1100,500,2.2,26,0.1,32,-297.446094,1200,600,1.9,27.6,0.0
247.896562,1,AUTO,ARMED,5,AVAILABLE,UNAVAILABLE,UNAVAILABLE,180,4,ACTIVE,711,D_P3-A5.NC,D_P3-A5.NC,6,0.000668021,20,0.0005,1612515.148,468952.227,184.4,1928.6411,100,19.05,5,100,0,0,100,2900.0,1800,400,4.5,25.2,0.1,9,325.989769,200,0,4.4,22.7,0.0,3,233.5536066,1100,500,2.2,26,0.1,32,-297.4461054,1200,600,1.9,27.6,0.0
248.047597,1,AUTO,ARMED,5,AVAILABLE,UNAVAILABLE,UNAVAILABLE,180,4,ACTIVE,711,D_P3-A5.NC,D_P3-A5.NC,6,0.000668021,20,0.0005,1612515.148,468952.227,184.4,1928.6411,100,19.05,5,100,0,0,100,2900.0,1800,400,4.5,25.2,0.1,8,322.0653297,200,0,4.4,22.7,0.0,3,233.5536066,1100,500,2.2,26,0.1,32,-297.446094,1200,600,1.9,27.6,0.0
248.206229,1,AUTO,ARMED,5,AVAILABLE,UNAVAILABLE,UNAVAILABLE,180,4,ACTIVE,711,D_P3-A5.NC,D_P3-A5.NC,6,0.000668021,20,0.0005,1612515.148,468952.227,184.4,1918.2513,100,19.05,5,100,0,0,100,2900.0,1800,400,4.5,25.2,0.1,8,320.1034019,200,0,4.4,22.7,0.0,3,233.5536066,1100,500,2.2,26,0.1,32,-297.446094,1200,600,1.9,27.6,0.0
248.35169,1,AUTO,ARMED,5,AVAILABLE,UNAVAILABLE,UNAVAILABLE,180,4,ACTIVE,711,D_P3-A5.NC,D_P3-A5.NC,6,0.000668021,20,0.0005,1612515.148,468952.227,184.4,1918.2513,100,19.05,5,100,0,2,100,2900.0,1800,400,4.5,25.2,0.1,10,318.5710592,200,0,4.4,22.7,0.0,3,233.5535951,1100,500,2.2,26,0.1,32,-297.446094,1200,600,1.9,27.6,0.0
248.499808,1,AUTO,ARMED,5,AVAILABLE,UNAVAILABLE,UNAVAILABLE,180,4,ACTIVE,711,D_P3-A5.NC,D_P3-A5.NC,6,0.000668021,20,0.0005,1612515.148,468952.227,184.4,1918.2513,100,9.516667,6,100,0,0,100,2900.0,1800,400,4.5,25.2,0.1,7,318.5608277,200,0,4.4,22.7,0.0,3,233.5536066,1100,500,2.2,26,0.1,32,-297.4461054,1200,600,1.9,27.6,0.0
248.647469,1,AUTO,ARMED,5,AVAILABLE,UNAVAILABLE,UNAVAILABLE,181,4,ACTIVE,711,D_P3-A5.NC,D_P3-A5.NC,6,0.000668021,20,0.0005,1612515.148,468952.227,184.4,1918.2513,100,0.0,6,100,0,0,100,2900.0,1800,400,4.5,25.2,0.1,6,318.560862,200,0,4.4,22.7,0.0,3,233.5535951,1100,500,2.2,26,0.1,32,-297.446094,1200,600,1.9,27.6,0.0
248.808884,1,AUTO,ARMED,5,AVAILABLE,UNAVAILABLE,UNAVAILABLE,181,4,ACTIVE,711,D_P3-A5.NC,D_P3-A5.NC,6,0.000668021,20,0.0005,1612515.148,468952.227,184.4,1918.2513,100,0.0,6,100,0,0,100,2900.0,1800,400,4.5,25.2,0.1,6,318.5608849,200,0,4.4,22.7,0.0,3,233.5535951,1100,500,2.2,26,0.1,32,-297.446094,1200,600,1.9,27.6,0.0
248.95657,1,AUTO,ARMED,5,AVAILABLE,UNAVAILABLE,UNAVAILABLE,181,4,ACTIVE,711,D_P3-A5.NC,D_P3-A5.NC,6,0.000668021,20,0.0005,1612515.148,468952.227,184.4,1918.2513,100,0.0,6,100,0,0,100,2900.0,1800,400,4.5,25.2,0.1,6,318.5608964,200,0,4.4,22.7,0.0,3,233.5536066,1100,500,2.2,26,0.1,32,-297.446094,1200,600,1.9,27.6,0.0
249.103304,1,AUTO,ARMED,5,AVAILABLE,UNAVAILABLE,UNAVAILABLE,181,4,ACTIVE,711,D_P3-A5.NC,D_P3-A5.NC,6,0.000668021,20,0.0005,1612515.148,468952.227,184.4,1918.2513,100,0.0,6,100,0,0,100,2900.0,1800,400,4.5,25.2,0.1,6,318.5608964,200,0,4.4,22.7,0.0,3,233.5535951,1100,500,2.2,26,0.1,32,-297.4461054,1200,600,1.9,27.6,0.0
249.269122,1,AUTO,ARMED,5,AVAILABLE,UNAVAILABLE,UNAVAILABLE,181,4,ACTIVE,711,D_P3-A5.NC,D_P3-A5.NC,6,0.000668021,20,0.0005,1612515.148,468952.227,184.4,1906.4045,100,0.0,6,100,0,0,100,2900.0,1800,400,4.5,25.2,0.1,6,318.5608964,200,0,4.4,22.7,0.0,3,233.5536066,1100,500,2.2,26,0.1,32,-297.4461054,1200,600,1.9,27.6,0.0
249.428683,1,AUTO,ARMED,5,AVAILABLE,UNAVAILABLE,UNAVAILABLE,181,4,ACTIVE,711,D_P3-A5.NC,D_P3-A5.NC,6,0.000668021,20,0.0005,1612515.148,468952.227,184.4,1906.4045,100,0.0,7,100,0,0,100,2900.0,1900,400,4.6,25.2,0.1,6,318.5608964,500,100,4.7,22.7,0.1,1,233.6806691,700,200,3.5,26,0.1,32,-297.4461054,1300,600,1.9,27.6,0.2
249.586027,1,AUTO,ARMED,5,AVAILABLE,UNAVAILABLE,UNAVAILABLE,185,4,ACTIVE,711,D_P3-A5.NC,D_P3-A5.NC,6,0.000668021,20,0.0005,1612515.148,468952.227,184.4,1906.4045,100,0.0,7,100,0,0,100,2900.0,1900,400,4.6,25.2,0.1,6,318.5608964,500,100,4.7,22.7,0.1,1,233.6805432,700,200,3.5,26,0.1,32,-297.4461054,1300,600,1.9,27.6,0.2
249.736403,1,AUTO,ARMED,5,AVAILABLE,UNAVAILABLE,UNAVAILABLE,185,4,ACTIVE,711,D_P3-A5.NC,D_P3-A5.NC,6,0.000668021,20,0.0005,1612515.148,468952.227,184.4,1906.4045,100,0.0,7,100,0,1,100,2900.0,1900,400,4.6,25.2,0.1,6,318.5608964,500,100,4.7,22.7,0.1,0,233.6805661,700,200,3.5,26,0.1,32,-297.446094,1300,600,1.9,27.6,0.2
249.89086,1,AUTO,ARMED,5,AVAILABLE,UNAVAILABLE,UNAVAILABLE,185,4,ACTIVE,711,D_P3-A5.NC,D_P3-A5.NC,6,0.000668021,20,0.0005,1612515.148,468952.227,184.4,1906.4045,100,0.0,7,100,0,1,100,2900.0,1900,400,4.6,25.2,0.1,6,318.5608964,500,100,4.7,22.7,0.1,0,233.680589,700,200,3.5,26,0.1,32,-297.4461054,1300,600,1.9,27.6,0.2
250.038117,1,AUTO,ARMED,5,AVAILABLE,UNAVAILABLE,UNAVAILABLE,185,4,ACTIVE,711,D_P3-A5.NC,D_P3-A5.NC,6,0.000668021,20,0.0005,1612515.148,468952.227,184.4,1906.4045,100,0.0,7,100,0,2,100,2900.0,1900,400,4.6,25.2,0.1,5,318.5608964,500,100,4.7,22.7,0.1,0,233.680589,700,200,3.5,26,0.1,32,-297.446094,1300,600,1.9,27.6,0.2
250.181028,1,AUTO,ARMED,5,AVAILABLE,UNAVAILABLE,UNAVAILABLE,185,4,ACTIVE,711,D_P3-A5.NC,D_P3-A5.NC,6,0.000668021,20,0.0005,1612515.148,468952.227,184.4,1906.4045,100,0.0,7,100,0,0,100,2900.0,1900,400,4.6,25.2,0.1,6,318.5609078,500,100,4.7,22.7,0.1,0,233.680589,700,200,3.5,26,0.1,32,-297.446094,1300,600,1.9,27.6,0.2
250.339097,1,AUTO,ARMED,5,AVAILABLE,UNAVAILABLE,UNAVAILABLE,185,4,ACTIVE,711,D_P3-A5.NC,D_P3-A5.NC,6,0.000668021,20,0.0005,1612515.148,468952.227,184.4,2080.335,100,0.0,7,100,0,0,100,2900.0,1900,400,4.6,25.2,0.1,6,318.5608964,500,100,4.7,22.7,0.1,0,233.6806004,700,200,3.5,26,0.1,32,-297.446094,1300,600,1.9,27.6,0.2
250.480268,1,AUTO,ARMED,5,AVAILABLE,UNAVAILABLE,UNAVAILABLE,185,4,ACTIVE,711,D_P3-A5.NC,D_P3-A5.NC,6,0.000668021,20,0.0005,1612515.148,468952.227,184.4,2080.335,100,0.0,8,100,0,1,100,2900.0,1900,400,4.6,25.2,0.1,5,318.5708031,500,100,4.7,22.7,0.1,0,233.680589,700,200,3.5,26,0.1,32,-297.4461054,1300,600,1.9,27.6,0.2
250.621472,1,AUTO,ARMED,5,AVAILABLE,UNAVAILABLE,UNAVAILABLE,186,4,ACTIVE,711,D_P3-A5.NC,D_P3-A5.NC,6,0.000668021,20,0.0005,1612515.148,468952.227,184.4,2080.335,100,21.16667,8,100,0,0,100,2900.0,1900,400,4.6,25.2,0.1,9,323.7717588,500,100,4.7,22.7,0.1,0,233.6806004,700,200,3.5,26,0.1,32,-297.446094,1300,600,1.9,27.6,0.2
250.773694,1,AUTO,ARMED,5,AVAILABLE,UNAVAILABLE,UNAVAILABLE,186,4,ACTIVE,711,D_P3-A5.NC,D_P3-A5.NC,6,0.000668021,20,0.0005,1612515.148,468952.227,184.4,2080.335,100,21.16667,8,100,0,1,100,2900.0,1900,400,4.6,25.2,0.1,10,325.9520191,500,100,4.7,22.7,0.1,0,233.6806004,700,200,3.5,26,0.1,32,-297.446094,1300,600,1.9,27.6,0.2
250.931071,1,AUTO,ARMED,5,AVAILABLE,UNAVAILABLE,UNAVAILABLE,186,4,ACTIVE,711,D_P3-A5.NC,D_P3-A5.NC,6,0.000668021,20,0.0005,1612515.148,468952.227,184.4,2080.335,100,21.16667,8,100,0,1,100,2900.0,1900,400,4.6,25.2,0.1,10,328.1322679,500,100,4.7,22.7,0.1,0,233.6806004,700,200,3.5,26,0.1,32,-297.4461054,1300,600,1.9,27.6,0.2
251.072789,1,AUTO,ARMED,5,AVAILABLE,UNAVAILABLE,UNAVAILABLE,186,4,ACTIVE,711,D_P3-A5.NC,D_P3-A5.NC,6,0.000668021,20,0.0005,1612515.148,468952.227,184.4,2080.335,100,21.16667,8,100,0,2,100,2900.0,2500,600,3.9,25.2,0.1,8,330.3228018,600,100,3.8,22.7,0.2,0,233.6806004,900,300,3.3,26,0.1,32,-297.4461054,1600,700,2.3,27.6,0.2
251.226612,1,AUTO,ARMED,5,AVAILABLE,UNAVAILABLE,UNAVAILABLE,186,4,ACTIVE,711,D_P3-A5.NC,D_P3-A5.NC,6,0.000668021,20,0.0005,1612515.148,468952.227,184.4,2080.335,100,21.16667,9,100,0,1,100,2900.0,2500,600,3.9,25.2,0.1,11,336.8740991,600,100,3.8,22.7,0.2,0,233.6806233,900,300,3.3,26,0.1,32,-297.4461054,1600,700,2.3,27.6,0.2
251.36927,1,AUTO,ARMED,5,AVAILABLE,UNAVAILABLE,UNAVAILABLE,186,4,ACTIVE,711,D_P3-A5.NC,D_P3-A5.NC,6,0.000668021,20,0.0005,1612515.148,468952.227,184.4,2054.6829,100,21.16667,9,100,0,0,100,2900.0,2500,600,3.9,25.2,0.1,12,339.0491178,600,100,3.8,22.7,0.2,0,233.6806233,900,300,3.3,26,0.1,32,-297.4461054,1600,700,2.3,27.6,0.2
251.522917,1,AUTO,ARMED,5,AVAILABLE,UNAVAILABLE,UNAVAILABLE,186,4,ACTIVE,711,D_P3-A5.NC,D_P3-A5.NC,6,0.000668021,20,0.0005,1612515.148,468952.227,184.4,2054.6829,100,21.16667,9,100,0,0,100,2900.0,2500,600,3.9,25.2,0.1,12,341.2345277,600,100,3.8,22.7,0.2,0,233.6806119,900,300,3.3,26,0.1,32,-297.4461054,1600,700,2.3,27.6,0.2
251.676883,1,AUTO,ARMED,5,AVAILABLE,UNAVAILABLE,UNAVAILABLE,186,4,ACTIVE,711,D_P3-A5.NC,D_P3-A5.NC,6,0.000668021,20,0.0005,1612515.148,468952.227,184.4,2054.6829,100,21.16667,9,100,0,0,100,2900.0,2500,600,3.9,25.2,0.1,13,343.4198002,600,100,3.8,22.7,0.2,0,233.6806119,900,300,3.3,26,0.1,32,-297.4461054,1600,700,2.3,27.6,0.2
251.81485,1,AUTO,ARMED,5,AVAILABLE,UNAVAILABLE,UNAVAILABLE,186,4,ACTIVE,711,D_P3-A5.NC,D_P3-A5.NC,6,0.000668021,20,0.0005,1612515.148,468952.227,184.4,2054.6829,100,21.16667,9,100,0,0,100,2900.0,2500,600,3.9,25.2,0.1,13,347.7799542,600,100,3.8,22.7,0.2,0,233.680589,900,300,3.3,26,0.1,32,-297.4461054,1600,700,2.3,27.6,0.2
251.960491,1,AUTO,ARMED,5,AVAILABLE,UNAVAILABLE,UNAVAILABLE,186,4,ACTIVE,711,D_P3-A5.NC,D_P3-A5.NC,6,0.000668021,20,0.0005,1612515.148,468952.227,184.4,2054.6829,100,21.16667,9,100,0,0,100,2900.0,2500,600,3.9,25.2,0.1,10,352.1458644,600,100,3.8,22.7,0.2,0,233.6805776,900,300,3.3,26,0.1,32,-297.446094,1600,700,2.3,27.6,0.2
252.10529,1,AUTO,ARMED,5,AVAILABLE,UNAVAILABLE,UNAVAILABLE,186,4,ACTIVE,711,D_P3-A5.NC,D_P3-A5.NC,6,0.000668021,20,0.0005,1612515.148,468952.227,184.4,2054.6829,100,21.16667,9,100,0,0,100,2900.0,2500,600,3.9,25.2,0.1,10,354.3258499,600,100,3.8,22.7,0.2,0,233.6805547,900,300,3.3,26,0.1,32,-297.4461054,1600,700,2.3,27.6,0.2
252.245846,1,AUTO,ARMED,5,AVAILABLE,UNAVAILABLE,UNAVAILABLE,186,4,ACTIVE,711,D_P3-A5.NC,D_P3-A5.NC,6,0.000668021,20,0.0005,1612515.148,468952.227,184.4,2054.6829,100,21.16667,9,100,0,0,100,2900.0,2500,600,3.9,25.2,0.1,10,356.5058559,600,100,3.8,22.7,0.2,0,233.6805547,900,300,3.3,26,0.1,32,-297.4461054,1600,700,2.3,27.6,0.2
252.401781,1,AUTO,ARMED,5,AVAILABLE,UNAVAILABLE,UNAVAILABLE,186,4,ACTIVE,711,D_P3-A5.NC,D_P3-A5.NC,6,0.000668021,20,0.0005,1612515.148,468952.227,184.4,1981.4612,100,21.16667,10,100,0,0,100,2900.0,2500,600,3.9,25.2,0.1,11,360.876733,600,100,3.8,22.7,0.2,0,233.6805547,900,300,3.3,26,0.1,32,-297.4461054,1600,700,2.3,27.6,0.2
252.548476,1,AUTO,ARMED,5,AVAILABLE,UNAVAILABLE,UNAVAILABLE,186,4,ACTIVE,711,D_P3-A5.NC,D_P3-A5.NC,6,0.000668021,20,0.0005,1612515.148,468952.227,184.4,1981.4612,100,21.16667,10,100,0,1,100,2900.0,2500,600,3.9,25.2,0.1,13,361.9673122,600,100,3.8,22.7,0.2,0,233.6806119,900,300,3.3,26,0.1,32,-297.4461054,1600,700,2.3,27.6,0.2
252.69615,1,AUTO,ARMED,5,AVAILABLE,UNAVAILABLE,UNAVAILABLE,186,4,ACTIVE,711,D_P3-A5.NC,D_P3-A5.NC,6,0.000668021,20,0.0005,1612515.148,468952.227,184.4,1981.4612,100,21.16667,10,100,0,1,100,2900.0,2500,600,4.0,25.2,0.1,9,364.1475323,300,100,3.7,22.7,0.0,0,233.6806119,700,200,4.0,26,0.1,32,-297.4461054,1600,700,2.5,27.6,0.1
252.855059,1,AUTO,ARMED,5,AVAILABLE,UNAVAILABLE,UNAVAILABLE,186,4,ACTIVE,711,D_P3-A5.NC,D_P3-A5.NC,6,0.000668021,20,0.0005,1612515.148,468952.227,184.4,1981.4612,100,21.16667,10,100,0,2,100,2900.0,2500,600,4.0,25.2,0.1,11,370.6932279,300,100,3.7,22.7,0.0,0,233.6806348,700,200,4.0,26,0.1,32,-297.446094,1600,700,2.5,27.6,0.1
253.00203,1,AUTO,ARMED,5,AVAILABLE,UNAVAILABLE,UNAVAILABLE,186,4,ACTIVE,711,D_P3-A5.NC,D_P3-A5.NC,6,0.000668021,20,0.0005,1612515.148,468952.227,184.4,1981.4612,100,21.16667,10,100,0,2,100,2900.0,2500,600,4.0,25.2,0.1,11,372.8787351,300,100,3.7,22.7,0.0,0,233.6806348,700,200,4.0,26,0.1,32,-297.446094,1600,700,2.5,27.6,0.1
253.140379,1,AUTO,ARMED,5,AVAILABLE,UNAVAILABLE,UNAVAILABLE,186,4,ACTIVE,711,D_P3-A5.NC,D_P3-A5.NC,6,0.000668021,20,0.0005,1612515.148,468952.227,184.4,1981.4612,100,21.16667,10,100,0,0,100,2900.0,2500,600,4.0,25.2,0.1,14,375.0590582,300,100,3.7,22.7,0.0,0,233.6806462,700,200,4.0,26,0.1,32,-297.446094,1600,700,2.5,27.6,0.1
253.276089,1,AUTO,ARMED,5,AVAILABLE,UNAVAILABLE,UNAVAILABLE,186,4,ACTIVE,711,D_P3-A5.NC,D_P3-A5.NC,6,0.000668021,20,0.0005,1612515.148,468952.227,184.4,1981.4612,100,21.16667,11,100,0,1,100,2900.0,2500,600,4.0,25.2,0.1,10,379.4298323,300,100,3.7,22.7,0.0,0,233.6806462,700,200,4.0,26,0.1,32,-297.446094,1600,700,2.5,27.6,0.1
253.423897,1,AUTO,ARMED,5,AVAILABLE,UNAVAILABLE,UNAVAILABLE,186,4,ACTIVE,711,D_P3-A5.NC,D_P3-A5.NC,6,0.000668021,20,0.0005,1612515.148,468952.227,184.4,1981.4612,100,21.16667,11,100,0,1,100,2900.0,2500,600,4.0,25.2,0.1,10,381.6100186,300,100,3.7,22.7,0.0,0,233.6806348,700,200,4.0,26,0.1,32,-297.4461054,1600,700,2.5,27.6,0.1
253.578923,1,AUTO,ARMED,5,AVAILABLE,UNAVAILABLE,UNAVAILABLE,186,4,ACTIVE,711,D_P3-A5.NC,D_P3-A5.NC,6,0.000668021,20,0.0005,1612515.148,468952.227,184.4,1933.4556,100,21.16667,11,100,0,1,100,2900.0,2500,600,4.0,25.2,0.1,10,383.7902281,300,100,3.7,22.7,0.0,0,233.6806348,700,200,4.0,26,0.1,32,-297.4461054,1600,700,2.5,27.6,0.1
253.727491,1,AUTO,ARMED,5,AVAILABLE,UNAVAILABLE,UNAVAILABLE,186,4,ACTIVE,711,D_P3-A5.NC,D_P3-A5.NC,6,0.000668021,20,0.0005,1612515.148,468952.227,184.4,1933.4556,100,21.16667,11,100,0,2,100,2900.0,2500,600,4.0,25.2,0.1,11,390.3357206,300,100,3.7,22.7,0.0,0,233.6806233,700,200,4.0,26,0.1,32,-297.446094,1600,700,2.5,27.6,0.1
253.919036,1,AUTO,ARMED,5,AVAILABLE,UNAVAILABLE,UNAVAILABLE,186,4,ACTIVE,711,D_P3-A5.NC,D_P3-A5.NC,6,0.000668021,20,0.0005,1612515.148,468952.227,184.4,1933.4556,100,21.16667,11,100,0,2,100,2900.0,2500,600,4.0,25.2,0.1,11,392.5210345,300,100,3.7,22.7,0.0,0,233.6806119,700,200,4.0,26,0.1,32,-297.4461054,1600,700,2.5,27.6,0.1
254.067719,1,AUTO,ARMED,5,AVAILABLE,UNAVAILABLE,UNAVAILABLE,186,4,ACTIVE,711,D_P3-A5.NC,D_P3-A5.NC,6,0.000668021,20,0.0005,1612515.148,468952.227,184.4,1933.4556,100,21.16667,11,100,0,0,100,2900.0,2500,600,4.0,25.2,0.1,9,396.8814421,300,100,3.7,22.7,0.0,0,233.6806004,700,200,4.0,26,0.1,32,-297.446094,1600,700,2.5,27.6,0.1
254.20765,1,AUTO,ARMED,5,AVAILABLE,UNAVAILABLE,UNAVAILABLE,186,4,ACTIVE,711,D_P3-A5.NC,D_P3-A5.NC,6,0.000668021,20,0.0005,1612515.148,468952.227,184.4,1933.4556,100,19.75,11,100,0,0,100,2900.0,1700,400,4.2,25.2,0.1,10,399.061766,300,100,3.3,22.7,0.0,0,233.6806004,2700,200,11.4,26,0.1,32,-297.446094,1200,600,1.9,27.6,0.1
254.357392,1,AUTO,ARMED,5,AVAILABLE,UNAVAILABLE,UNAVAILABLE,186,4,ACTIVE,711,D_P3-A5.NC,D_P3-A5.NC,6,0.000668021,20,0.0005,1612515.148,468952.227,184.4,1933.4556,100,12.7,11,100,0,0,100,2900.0,1700,400,4.2,25.2,0.1,10,399.8389097,300,100,3.3,22.7,0.0,0,233.6806004,2700,200,11.4,26,0.1,32,-297.4461054,1200,600,1.9,27.6,0.1
254.510279,1,AUTO,ARMED,5,AVAILABLE,UNAVAILABLE,UNAVAILABLE,187,4,ACTIVE,711,D_P3-A5.NC,D_P3-A5.NC,6,0.000668021,20,0.0005,1612515.148,468952.227,184.4,1933.4556,100,12.7,12,100,0,0,100,2900.0,1700,400,4.2,25.2,0.1,6,399.840306,300,100,3.3,22.7,0.0,0,233.6806004,2700,200,11.4,26,0.1,32,-297.4461054,1200,600,1.9,27.6,0.1
254.661492,1,AUTO,ARMED,5,AVAILABLE,UNAVAILABLE,UNAVAILABLE,187,4,ACTIVE,711,D_P3-A5.NC,D_P3-A5.NC,6,0.000668021,20,0.0005,1612515.148,468952.227,184.4,2010.2748,100,0.0,12,100,0,0,100,2900.0,1700,400,4.2,25.2,0.1,7,399.8409126,300,100,3.3,22.7,0.0,0,233.680589,2700,200,11.4,26,0.1,32,-297.4461054,1200,600,1.9,27.6,0.1
254.809718,1,AUTO,ARMED,5,AVAILABLE,UNAVAILABLE,UNAVAILABLE,187,4,ACTIVE,711,D_P3-A5.NC,D_P3-A5.NC,6,0.000668021,20,0.0005,1612515.148,468952.227,184.4,2010.2748,100,0.0,12,100,0,4,100,2900.0,1700,400,4.2,25.2,0.1,6,399.8409126,300,100,3.3,22.7,0.0,0,233.6806004,2700,200,11.4,26,0.1,32,-297.446094,1200,600,1.9,27.6,0.1
254.963727,1,AUTO,ARMED,5,AVAILABLE,UNAVAILABLE,UNAVAILABLE,187,4,ACTIVE,711,D_P3-A5.NC,D_P3-A5.NC,6,0.000668021,20,0.0005,1612515.148,468952.227,184.4,2010.2748,100,0.0,12,100,0,4,100,2900.0,1700,400,4.2,25.2,0.1,6,399.8409011,300,100,3.3,22.7,0.0,0,233.6806004,2700,200,11.4,26,0.1,32,-297.446094,1200,600,1.9,27.6,0.1
255.126733,1,AUTO,ARMED,5,AVAILABLE,UNAVAILABLE,UNAVAILABLE,187,4,ACTIVE,711,D_P3-A5.NC,D_P3-A5.NC,6,0.000668021,20,0.0005,1612515.148,468952.227,184.4,2010.2748,100,0.0,12,100,0,0,100,2900.0,1700,400,4.2,25.2,0.1,6,399.8409011,300,100,3.3,22.7,0.0,0,233.6806004,2700,200,11.4,26,0.1,32,-297.446094,1200,600,1.9,27.6,0.1
255.277736,1,AUTO,ARMED,5,AVAILABLE,UNAVAILABLE,UNAVAILABLE,187,4,ACTIVE,711,D_P3-A5.NC,D_P3-A5.NC,6,0.000668021,20,0.0005,1612515.148,468952.227,184.4,2010.2748,100,0.0,12,100,0,0,100,2900.0,1700,400,4.2,25.2,0.1,6,399.8408897,300,100,3.3,22.7,0.0,0,233.6806004,2700,200,11.4,26,0.1,32,-297.4461054,1200,600,1.9,27.6,0.1
255.460261,1,AUTO,ARMED,5,AVAILABLE,UNAVAILABLE,UNAVAILABLE,189,4,ACTIVE,711,D_P3-A5.NC,D_P3-A5.NC,6,0.000668021,20,0.0005,1612515.148,468952.227,184.4,2010.2748,100,0.0,13,100,0,1,100,2900.0,1700,400,4.2,25.2,0.1,15,396.8010361,300,100,3.3,22.7,0.0,4,233.807663,2700,200,11.4,26,0.1,32,-297.4461054,1200,600,1.9,27.6,0.1
255.601154,1,AUTO,ARMED,5,AVAILABLE,UNAVAILABLE,UNAVAILABLE,189,4,ACTIVE,711,D_P3-A5.NC,D_P3-A5.NC,6,0.000668021,20,0.0005,1612515.148,468952.227,184.4,2010.2748,100,21.16667,13,100,0,1,100,2900.0,2200,600,3.7,25.2,0.1,15,394.6156932,600,100,4.2,22.7,0.2,4,233.8076287,900,300,3.4,26,0.1,32,-297.4461054,1500,700,2.2,27.6,0.1
255.765431,1,AUTO,ARMED,5,AVAILABLE,UNAVAILABLE,UNAVAILABLE,189,4,ACTIVE,711,D_P3-A5.NC,D_P3-A5.NC,6,0.000668021,20,0.0005,1612515.148,468952.227,184.4,2077.1472,100,21.16667,13,100,0,0,100,2900.0,2200,600,3.7,25.2,0.1,9,392.435512,600,100,4.2,22.7,0.2,3,233.8076172,900,300,3.4,26,0.1,32,-297.4461054,1500,700,2.2,27.6,0.1
255.911226,1,AUTO,ARMED,5,AVAILABLE,UNAVAILABLE,UNAVAILABLE,189,4,ACTIVE,711,D_P3-A5.NC,D_P3-A5.NC,6,0.000668021,20,0.0005,1612515.148,468952.227,184.4,2077.1472,100,21.16667,13,100,0,0,100,2900.0,2200,600,3.7,25.2,0.1,9,388.0749436,600,100,4.2,22.7,0.2,3,233.8075714,900,300,3.4,26,0.1,32,-297.4461054,1500,700,2.2,27.6,0.1
256.054694,1,AUTO,ARMED,5,AVAILABLE,UNAVAILABLE,UNAVAILABLE,189,4,ACTIVE,711,D_P3-A5.NC,D_P3-A5.NC,6,0.000668021,20,0.0005,1612515.148,468952.227,184.4,2077.1472,100,21.16667,13,100,0,0,100,2900.0,2200,600,3.7,25.2,0.1,9,385.8844277,600,100,4.2,22.7,0.2,3,233.8075371,900,300,3.4,26,0.1,32,-297.4461054,1500,700,2.2,27.6,0.1
256.195711,1,AUTO,ARMED,5,AVAILABLE,UNAVAILABLE,UNAVAILABLE,189,4,ACTIVE,711,D_P3-A5.NC,D_P3-A5.NC,6,0.000668021,20,0.0005,1612515.148,468952.227,184.4,2077.1472,100,21.16667,13,100,0,0,100,2900.0,2200,600,3.7,25.2,0.1,8,381.529742,600,100,4.2,22.7,0.2,3,233.8076287,900,300,3.4,26,0.1,32,-297.446094,1500,700,2.2,27.6,0.1
256.352483,1,AUTO,ARMED,5,AVAILABLE,UNAVAILABLE,UNAVAILABLE,189,4,ACTIVE,711,D_P3-A5.NC,D_P3-A5.NC,6,0.000668021,20,0.0005,1612515.148,468952.227,184.4,2077.1472,100,21.16667,14,100,0,0,100,2900.0,2200,600,3.7,25.2,0.1,7,380.4283589,600,100,4.2,22.7,0.2,4,233.8076058,900,300,3.4,26,0.1,32,-297.4461054,1500,700,2.2,27.6,0.1
256.503092,1,AUTO,ARMED,5,AVAILABLE,UNAVAILABLE,UNAVAILABLE,189,4,ACTIVE,711,D_P3-A5.NC,D_P3-A5.NC,6,0.000668021,20,0.0005,1612515.148,468952.227,184.4,2077.1472,100,21.16667,14,100,0,0,100,2900.0,2200,600,3.7,25.2,0.1,6,378.2481214,600,100,4.2,22.7,0.2,4,233.8076058,900,300,3.4,26,0.1,32,-297.4461054,1500,700,2.2,27.6,0.1
256.665543,1,AUTO,ARMED,5,AVAILABLE,UNAVAILABLE,UNAVAILABLE,189,4,ACTIVE,711,D_P3-A5.NC,D_P3-A5.NC,6,0.000668021,20,0.0005,1612515.148,468952.227,184.4,2077.1472,100,21.16667,14,100,0,0,100,2900.0,2200,600,3.7,25.2,0.1,6,373.893174,600,100,4.2,22.7,0.2,4,233.8075714,900,300,3.4,26,0.1,32,-297.446094,1500,700,2.2,27.6,0.1
256.826704,1,AUTO,ARMED,5,AVAILABLE,UNAVAILABLE,UNAVAILABLE,189,4,ACTIVE,711,D_P3-A5.NC,D_P3-A5.NC,6,0.000668021,20,0.0005,1612515.148,468952.227,184.4,2069.1973,100,21.16667,14,100,0,2,100,2900.0,2200,600,3.7,25.2,0.1,8,369.5275377,600,100,4.2,22.7,0.2,4,233.80756,900,300,3.4,26,0.1,32,-297.446094,1500,700,2.2,27.6,0.1
256.969832,1,AUTO,ARMED,5,AVAILABLE,UNAVAILABLE,UNAVAILABLE,189,4,ACTIVE,711,D_P3-A5.NC,D_P3-A5.NC,6,0.000668021,20,0.0005,1612515.148,468952.227,184.4,2069.1973,100,21.16667,14,100,0,0,100,2900.0,2200,600,3.7,25.2,0.1,8,365.1565685,600,100,4.2,22.7,0.2,3,233.8075485,900,300,3.4,26,0.1,32,-297.4461054,1500,700,2.2,27.6,0.1
257.111265,1,AUTO,ARMED,5,AVAILABLE,UNAVAILABLE,UNAVAILABLE,189,4,ACTIVE,711,D_P3-A5.NC,D_P3-A5.NC,6,0.000668021,20,0.0005,1612515.148,468952.227,184.4,2069.1973,100,21.16667,14,100,0,0,100,2900.0,2000,600,3.5,25.2,0.1,5,362.9763882,500,100,4.2,22.7,0.1,4,233.8075257,1000,300,3.5,26,0.1,32,-297.4461054,1400,700,2.1,27.6,0.1
257.250095,1,AUTO,ARMED,5,AVAILABLE,UNAVAILABLE,UNAVAILABLE,189,4,ACTIVE,711,D_P3-A5.NC,D_P3-A5.NC,6,0.000668021,20,0.0005,1612515.148,468952.227,184.4,2069.1973,100,21.16667,14,100,0,0,100,2900.0,2000,600,3.5,25.2,0.1,5,360.8015524,500,100,4.2,22.7,0.1,4,233.8075257,1000,300,3.5,26,0.1,32,-297.446094,1400,700,2.1,27.6,0.1
257.391754,1,AUTO,ARMED,5,AVAILABLE,UNAVAILABLE,UNAVAILABLE,189,4,ACTIVE,711,D_P3-A5.NC,D_P3-A5.NC,6,0.000668021,20,0.0005,1612515.148,468952.227,184.4,2069.1973,100,21.16667,14,100,0,0,100,2900.0,2000,600,3.5,25.2,0.1,5,358.6108893,500,100,4.2,22.7,0.1,4,233.8075257,1000,300,3.5,26,0.1,32,-297.4461054,1400,700,2.1,27.6,0.1
257.534759,1,AUTO,ARMED,5,AVAILABLE,UNAVAILABLE,UNAVAILABLE,189,4,ACTIVE,711,D_P3-A5.NC,D_P3-A5.NC,6,0.000668021,20,0.0005,1612515.148,468952.227,184.4,2069.1973,100,21.16667,15,100,0,2,100,2900.0,2000,600,3.5,25.2,0.1,8,356.4305946,500,100,4.2,22.7,0.1,4,233.8075257,1000,300,3.5,26,0.1,32,-297.4461054,1400,700,2.1,27.6,0.1
257.67808,1,AUTO,ARMED,5,AVAILABLE,UNAVAILABLE,UNAVAILABLE,189,4,ACTIVE,711,D_P3-A5.NC,D_P3-A5.NC,6,0.000668021,20,0.0005,1612515.148,468952.227,184.4,2069.1973,100,21.16667,15,100,0,0,100,2900.0,2000,600,3.5,25.2,0.1,9,349.8849379,500,100,4.2,22.7,0.1,4,233.8075714,1000,300,3.5,26,0.1,32,-297.446094,1400,700,2.1,27.6,0.1
257.839689,1,AUTO,ARMED,5,AVAILABLE,UNAVAILABLE,UNAVAILABLE,189,4,ACTIVE,711,D_P3-A5.NC,D_P3-A5.NC,6,0.000668021,20,0.0005,1612515.148,468952.227,184.4,1945.5299,100,21.16667,15,100,0,1,100,2900.0,2000,600,3.5,25.2,0.1,6,347.7049442,500,100,4.2,22.7,0.1,4,233.8075829,1000,300,3.5,26,0.1,32,-297.446094,1400,700,2.1,27.6,0.1
258.028028,1,AUTO,ARMED,5,AVAILABLE,UNAVAILABLE,UNAVAILABLE,189,4,ACTIVE,711,D_P3-A5.NC,D_P3-A5.NC,6,0.000668021,20,0.0005,1612515.148,468952.227,184.4,1945.5299,100,21.16667,15,100,0,0,100,2900.0,2000,600,3.5,25.2,0.1,7,343.3339135,500,100,4.2,22.7,0.1,3,233.8075943,1000,300,3.5,26,0.1,32,-297.446094,1400,700,2.1,27.6,0.1
258.174501,1,AUTO,ARMED,5,AVAILABLE,UNAVAILABLE,UNAVAILABLE,189,4,ACTIVE,711,D_P3-A5.NC,D_P3-A5.NC,6,0.000668021,20,0.0005,1612515.148,468952.227,184.4,1945.5299,100,21.16667,15,100,0,0,100,2900.0,2000,600,3.5,25.2,0.1,7,341.1538512,500,100,4.2,22.7,0.1,3,233.8076058,1000,300,3.5,26,0.1,32,-297.446094,1400,700,2.1,27.6,0.1
258.31831,1,AUTO,ARMED,5,AVAILABLE,UNAVAILABLE,UNAVAILABLE,189,4,ACTIVE,711,D_P3-A5.NC,D_P3-A5.NC,6,0.000668021,20,0.0005,1612515.148,468952.227,184.4,1945.5299,100,21.16667,15,100,0,3,100,2900.0,2000,600,3.5,25.2,0.1,10,340.0640317,500,100,4.2,22.7,0.1,3,233.8076744,1000,300,3.5,26,0.1,32,-297.4461054,1400,700,2.1,27.6,0.1
258.467477,1,AUTO,ARMED,5,AVAILABLE,UNAVAILABLE,UNAVAILABLE,189,4,ACTIVE,711,D_P3-A5.NC,D_P3-A5.NC,6,0.000668021,20,0.0005,1612515.148,468952.227,184.4,1945.5299,100,21.16667,16,100,0,3,100,2900.0,1800,400,4.4,25.2,0.1,7,333.507789,200,0,4.0,22.7,0.0,4,233.8076515,800,200,3.5,26,0.1,32,-297.4461054,1200,600,1.9,27.6,0.1
258.6287,1,AUTO,ARMED,5,AVAILABLE,UNAVAILABLE,UNAVAILABLE,189,4,ACTIVE,711,D_P3-A5.NC,D_P3-A5.NC,6,0.000668021,20,0.0005,1612515.148,468952.227,184.4,1945.5299,100,21.16667,16,100,0,2,100,2900.0,1800,400,4.4,25.2,0.1,6,331.3224052,200,0,4.0,22.7,0.0,4,233.8076515,800,200,3.5,26,0.1,32,-297.446094,1200,600,1.9,27.6,0.1
258.789027,1,AUTO,ARMED,5,AVAILABLE,UNAVAILABLE,UNAVAILABLE,189,4,ACTIVE,711,D_P3-A5.NC,D_P3-A5.NC,6,0.000668021,20,0.0005,1612515.148,468952.227,184.4,1945.5299,100,21.16667,16,100,0,2,100,2900.0,1800,400,4.4,25.2,0.1,8,326.9615658,200,0,4.0,22.7,0.0,3,233.8076172,800,200,3.5,26,0.1,32,-297.446094,1200,600,1.9,27.6,0.1
258.926975,1,AUTO,ARMED,5,AVAILABLE,UNAVAILABLE,UNAVAILABLE,189,4,ACTIVE,711,D_P3-A5.NC,D_P3-A5.NC,6,0.000668021,20,0.0005,1612515.148,468952.227,184.4,1945.5299,100,21.16667,16,100,0,2,100,2900.0,1800,400,4.4,25.2,0.1,8,324.7709058,200,0,4.0,22.7,0.0,3,233.8076058,800,200,3.5,26,0.1,32,-297.446094,1200,600,1.9,27.6,0.1
259.06974,1,AUTO,ARMED,5,AVAILABLE,UNAVAILABLE,UNAVAILABLE,189,4,ACTIVE,711,D_P3-A5.NC,D_P3-A5.NC,6,0.000668021,20,0.0005,1612515.148,468952.227,184.4,2014.9524,100,21.16667,16,100,0,1,100,2900.0,1800,400,4.4,25.2,0.1,9,322.5961882,200,0,4.0,22.7,0.0,3,233.8076058,800,200,3.5,26,0.1,32,-297.446094,1200,600,1.9,27.6,0.1
259.244708,1,AUTO,ARMED,5,AVAILABLE,UNAVAILABLE,UNAVAILABLE,189,4,ACTIVE,711,D_P3-A5.NC,D_P3-A5.NC,6,0.000668021,20,0.0005,1612515.148,468952.227,184.4,2014.9524,100,12.11667,16,100,0,1,100,2900.0,1800,400,4.4,25.2,0.1,9,318.5906409,200,0,4.0,22.7,0.0,3,233.8076058,800,200,3.5,26,0.1,32,-297.4461054,1200,600,1.9,27.6,0.1
259.399969,1,AUTO,ARMED,5,AVAILABLE,UNAVAILABLE,UNAVAILABLE,190,4,ACTIVE,711,D_P3-A5.NC,D_P3-A5.NC,6,0.000668021,20,0.0005,1612515.148,468952.227,184.4,2014.9524,100,0.0,16,100,0,1,100,2900.0,1800,400,4.4,25.2,0.1,6,318.5609994,200,0,4.0,22.7,0.0,3,233.8076058,800,200,3.5,26,0.1,32,-297.446094,1200,600,1.9,27.6,0.1
259.55576,1,AUTO,ARMED,5,AVAILABLE,UNAVAILABLE,UNAVAILABLE,190,4,ACTIVE,711,D_P3-A5.NC,D_P3-A5.NC,6,0.000668021,20,0.0005,1612515.148,468952.227,184.4,2014.9524,100,0.0,17,100,0,1,100,2900.0,1800,400,4.4,25.2,0.1,6,318.560862,200,0,4.0,22.7,0.0,3,233.8076058,800,200,3.5,26,0.1,32,-297.4461054,1200,600,1.9,27.6,0.1
259.698692,1,AUTO,ARMED,5,AVAILABLE,UNAVAILABLE,UNAVAILABLE,190,4,ACTIVE,711,D_P3-A5.NC,D_P3-A5.NC,6,0.000668021,20,0.0005,1612515.148,468952.227,184.4,2014.9524,100,0.0,17,100,0,1,100,2900.0,1800,400,4.4,25.2,0.1,6,318.5608849,200,0,4.0,22.7,0.0,3,233.8075943,800,200,3.5,26,0.1,32,-297.446094,1200,600,1.9,27.6,0.1
259.838611,1,AUTO,ARMED,5,AVAILABLE,UNAVAILABLE,UNAVAILABLE,190,4,ACTIVE,711,D_P3-A5.NC,D_P3-A5.NC,6,0.000668021,20,0.0005,1612515.148,468952.227,184.4,2014.9524,100,0.0,17,100,0,1,100,2900.0,1800,400,4.4,25.2,0.1,6,318.5608964,200,0,4.0,22.7,0.0,3,233.8075943,800,200,3.5,26,0.1,32,-297.4461054,1200,600,1.9,27.6,0.1
260.003789,1,AUTO,ARMED,5,AVAILABLE,UNAVAILABLE,UNAVAILABLE,190,4,ACTIVE,711,D_P3-A5.NC,D_P3-A5.NC,6,0.000668021,20,0.0005,1612515.148,468952.227,184.4,2014.9524,100,0.0,17,100,0,3,100,2900.0,4300,1000,4.2,25.2,0.2,6,318.5608964,200,100,3.8,22.7,0.0,3,233.8076058,1600,600,2.8,26,0.1,32,-297.446094,1300,600,2.0,27.6,0.1
260.154738,1,AUTO,ARMED,5,AVAILABLE,UNAVAILABLE,UNAVAILABLE,190,4,ACTIVE,711,D_P3-A5.NC,D_P3-A5.NC,6,0.000668021,20,0.0005,1612515.148,468952.227,184.4,1976.2823,100,0.0,17,100,0,0,100,2900.0,4300,1000,4.2,25.2,0.2,6,318.5608964,200,100,3.8,22.7,0.0,3,233.8075943,1600,600,2.8,26,0.1,32,-297.446094,1300,600,2.0,27.6,0.1
260.30103,1,AUTO,ARMED,5,AVAILABLE,UNAVAILABLE,UNAVAILABLE,190,4,ACTIVE,711,D_P3-A5.NC,D_P3-A5.NC,6,0.000668021,20,0.0005,1612515.148,468952.227,184.4,1976.2823,100,0.0,17,100,0,0,100,2900.0,4300,1000,4.2,25.2,0.2,6,318.5608964,200,100,3.8,22.7,0.0,3,233.8075943,1600,600,2.8,26,0.1,32,-297.446094,1300,600,2.0,27.6,0.1
260.444788,1,AUTO,ARMED,5,AVAILABLE,UNAVAILABLE,UNAVAILABLE,193,4,ACTIVE,711,D_P3-A5.NC,D_P3-A5.NC,6,0.000668021,20,0.0005,1612515.148,468952.227,184.4,1976.2823,100,0.0,18,100,0,27,100,3110.344008,4300,1000,4.2,25.2,0.2,5,318.5608964,200,100,3.8,22.7,0.0,3,233.8076058,1600,600,2.8,26,0.1,32,-297.446094,1300,600,2.0,27.6,0.1
260.595734,1,AUTO,ARMED,5,AVAILABLE,UNAVAILABLE,UNAVAILABLE,193,4,ACTIVE,711,D_P3-A5.NC,D_P3-A5.NC,6,0.000668021,20,0.0005,1612515.148,468952.227,184.4,1976.2823,100,0.0,18,100,0,27,100,3400.0,4300,1000,4.2,25.2,0.2,5,318.5608849,200,100,3.8,22.7,0.0,3,233.8226546,1600,600,2.8,26,0.1,32,-297.446094,1300,600,2.0,27.6,0.1
260.735579,1,AUTO,ARMED,5,AVAILABLE,UNAVAILABLE,UNAVAILABLE,193,4,ACTIVE,711,D_P3-A5.NC,D_P3-A5.NC,6,0.000668021,20,0.0005,1612515.148,468952.227,184.4,1976.2823,100,0.0,18,100,0,0,100,3400.0,4300,1000,4.2,25.2,0.2,5,318.5608964,200,100,3.8,22.7,0.0,1,233.9349773,1600,600,2.8,26,0.1,32,-297.446094,1300,600,2.0,27.6,0.1
260.88998,1,AUTO,ARMED,5,AVAILABLE,UNAVAILABLE,UNAVAILABLE,194,4,ACTIVE,711,D_P3-A5.NC,D_P3-A5.NC,6,0.000668021,20,0.0005,1612515.148,468952.227,184.4,1976.2823,100,0.0,18,100,0,1,100,3400.0,4300,1000,4.2,25.2,0.2,5,318.5608964,200,100,3.8,22.7,0.0,1,233.9345653,1600,600,2.8,26,0.1,32,-297.4461054,1300,600,2.0,27.6,0.1
261.056588,1,AUTO,ARMED,5,AVAILABLE,UNAVAILABLE,UNAVAILABLE,194,4,ACTIVE,711,D_P3-A5.NC,D_P3-A5.NC,6,0.000668021,20,0.0005,1612515.148,468952.227,184.4,1976.2823,100,0.0,18,100,0,1,100,3400.0,4300,1000,4.2,25.2,0.2,5,318.5608964,200,100,3.8,22.7,0.0,1,233.9345882,1600,600,2.8,26,0.1,32,-297.4461054,1300,600,2.0,27.6,0.1
261.211651,1,AUTO,ARMED,5,AVAILABLE,UNAVAILABLE,UNAVAILABLE,194,4,ACTIVE,711,D_P3-A5.NC,D_P3-A5.NC,6,0.000668021,20,0.0005,1612515.148,468952.227,184.4,2023.5466,100,0.0,18,100,0,1,100,3400.0,4300,1000,4.2,25.2,0.2,5,318.5608964,200,100,3.8,22.7,0.0,0,233.9345996,1600,600,2.8,26,0.1,32,-297.4461054,1300,600,2.0,27.6,0.1
261.354191,1,AUTO,ARMED,5,AVAILABLE,UNAVAILABLE,UNAVAILABLE,194,4,ACTIVE,711,D_P3-A5.NC,D_P3-A5.NC,6,0.000668021,20,0.0005,1612515.148,468952.227,184.4,2023.5466,100,0.0,19,100,0,0,100,3400.0,4300,1000,4.2,25.2,0.2,5,318.5608964,200,100,3.8,22.7,0.0,0,233.9345768,1600,600,2.8,26,0.1,32,-297.4461054,1300,600,2.0,27.6,0.1
261.49672,1,AUTO,ARMED,5,AVAILABLE,UNAVAILABLE,UNAVAILABLE,194,4,ACTIVE,711,D_P3-A5.NC,D_P3-A5.NC,6,0.000668021,20,0.0005,1612515.148,468952.227,184.4,2023.5466,100,0.0,19,100,0,0,100,3400.0,2700,700,4.1,25.2,0.2,5,318.5608964,500,100,3.5,22.7,0.1,0,233.9345996,1500,400,4.2,26,0.1,32,-297.4461054,1500,700,2.3,27.6,0.1
261.643813,1,AUTO,ARMED,5,AVAILABLE,UNAVAILABLE,UNAVAILABLE,194,4,ACTIVE,711,D_P3-A5.NC,D_P3-A5.NC,6,0.000668021,20,0.0005,1612515.148,468952.227,184.4,2023.5466,100,0.0,19,100,0,1,100,3400.0,2700,700,4.1,25.2,0.2,5,318.5609078,500,100,3.5,22.7,0.1,0,233.9345882,1500,400,4.2,26,0.1,32,-297.4461054,1500,700,2.3,27.6,0.1
261.802991,1,AUTO,ARMED,5,AVAILABLE,UNAVAILABLE,UNAVAILABLE,195,4,ACTIVE,711,D_P3-A5.NC,D_P3-A5.NC,6,0.000668021,20,0.0005,1612515.148,468952.227,184.4,2023.5466,100,14.81667,19,100,0,1,100,3400.0,2700,700,4.1,25.2,0.2,8,319.5391643,500,100,3.5,22.7,0.1,0,233.9345996,1500,400,4.2,26,0.1,32,-297.446094,1500,700,2.3,27.6,0.1
261.947827,1,AUTO,ARMED,5,AVAILABLE,UNAVAILABLE,UNAVAILABLE,195,4,ACTIVE,711,D_P3-A5.NC,D_P3-A5.NC,6,0.000668021,20,0.0005,1612515.148,468952.227,184.4,2023.5466,100,14.81667,19,100,0,1,100,3400.0,2700,700,4.1,25.2,0.2,8,321.827815,500,100,3.5,22.7,0.1,0,233.9345882,1500,400,4.2,26,0.1,32,-297.446094,1500,700,2.3,27.6,0.1
262.101829,1,AUTO,ARMED,5,AVAILABLE,UNAVAILABLE,UNAVAILABLE,195,4,ACTIVE,711,D_P3-A5.NC,D_P3-A5.NC,6,0.000668021,20,0.0005,1612515.148,468952.227,184.4,2023.5466,100,14.81667,19,100,0,3,100,3400.0,2700,700,4.1,25.2,0.2,9,324.8837364,500,100,3.5,22.7,0.1,0,233.9345882,1500,400,4.2,26,0.1,32,-297.4461054,1500,700,2.3,27.6,0.1
262.253527,1,AUTO,ARMED,5,AVAILABLE,UNAVAILABLE,UNAVAILABLE,195,4,ACTIVE,711,D_P3-A5.NC,D_P3-A5.NC,6,0.000668021,20,0.0005,1612515.148,468952.227,184.4,2023.5466,100,14.81667,19,100,0,1,100,3400.0,2700,700,4.1,25.2,0.2,7,326.4099575,500,100,3.5,22.7,0.1,0,233.9346111,1500,400,4.2,26,0.1,32,-297.446094,1500,700,2.3,27.6,0.1
262.401734,1,AUTO,ARMED,5,AVAILABLE,UNAVAILABLE,UNAVAILABLE,195,4,ACTIVE,711,D_P3-A5.NC,D_P3-A5.NC,6,0.000668021,20,0.0005,1612515.148,468952.227,184.4,2091.9998,100,14.81667,20,100,0,1,100,3400.0,2700,700,4.1,25.2,0.2,8,329.4658674,500,100,3.5,22.7,0.1,0,233.9346111,1500,400,4.2,26,0.1,32,-297.446094,1500,700,2.3,27.6,0.1
262.544179,1,AUTO,ARMED,5,AVAILABLE,UNAVAILABLE,UNAVAILABLE,195,4,ACTIVE,711,D_P3-A5.NC,D_P3-A5.NC,6,0.000668021,20,0.0005,1612515.148,468952.227,184.4,2091.9998,100,14.81667,20,100,0,1,100,3400.0,2700,700,4.1,25.2,0.2,8,330.9916369,500,100,3.5,22.7,0.1,0,233.9345424,1500,400,4.2,26,0.1,32,-297.4461054,1500,700,2.3,27.6,0.1
262.696014,1,AUTO,ARMED,5,AVAILABLE,UNAVAILABLE,UNAVAILABLE,195,4,ACTIVE,711,D_P3-A5.NC,D_P3-A5.NC,6,0.000668021,20,0.0005,1612515.148,468952.227,184.4,2091.9998,100,14.81667,20,100,0,1,100,3400.0,2700,700,4.1,25.2,0.2,10,332.5176988,500,100,3.5,22.7,0.1,0,233.9345768,1500,400,4.2,26,0.1,32,-297.446094,1500,700,2.3,27.6,0.1
262.835565,1,AUTO,ARMED,5,AVAILABLE,UNAVAILABLE,UNAVAILABLE,195,4,ACTIVE,711,D_P3-A5.NC,D_P3-A5.NC,6,0.000668021,20,0.0005,1612515.148,468952.227,184.4,2091.9998,100,14.81667,20,100,0,1,100,3400.0,3200,700,4.4,25.2,0.2,10,334.0516227,500,200,3.2,22.7,0.1,0,233.934531,1400,400,3.8,26,0.1,32,-297.4461054,1500,700,2.2,27.6,0.1
262.977142,1,AUTO,ARMED,5,AVAILABLE,UNAVAILABLE,UNAVAILABLE,195,4,ACTIVE,711,D_P3-A5.NC,D_P3-A5.NC,6,0.000668021,20,0.0005,1612515.148,468952.227,184.4,2091.9998,100,14.81667,20,100,0,2,100,3400.0,3200,700,4.4,25.2,0.2,8,338.6337337,500,200,3.2,22.7,0.1,0,233.9346111,1400,400,3.8,26,0.1,32,-297.4461054,1500,700,2.2,27.6,0.1
263.120478,1,AUTO,ARMED,5,AVAILABLE,UNAVAILABLE,UNAVAILABLE,195,4,ACTIVE,711,D_P3-A5.NC,D_P3-A5.NC,6,0.000668021,20,0.0005,1612515.148,468952.227,184.4,2091.9998,100,14.81667,20,100,0,0,100,3400.0,3200,700,4.4,25.2,0.2,9,340.1597727,500,200,3.2,22.7,0.1,0,233.934634,1400,400,3.8,26,0.1,32,-297.446094,1500,700,2.2,27.6,0.1
263.279382,1,AUTO,ARMED,5,AVAILABLE,UNAVAILABLE,UNAVAILABLE,195,4,ACTIVE,711,D_P3-A5.NC,D_P3-A5.NC,6,0.000668021,20,0.0005,1612515.148,468952.227,184.4,2091.9998,100,14.81667,20,100,0,0,100,3400.0,3200,700,4.4,25.2,0.2,9,341.6856057,500,200,3.2,22.7,0.1,0,233.9345882,1400,400,3.8,26,0.1,32,-297.4461054,1500,700,2.2,27.6,0.1
263.438936,1,AUTO,ARMED,5,AVAILABLE,UNAVAILABLE,UNAVAILABLE,195,4,ACTIVE,711,D_P3-A5.NC,D_P3-A5.NC,6,0.000668021,20,0.0005,1612515.148,468952.227,184.4,2067.6033,100,14.81667,21,100,0,2,100,3400.0,3200,700,4.4,25.2,0.2,9,344.7454885,500,200,3.2,22.7,0.1,0,233.9345768,1400,400,3.8,26,0.1,32,-297.446094,1500,700,2.2,27.6,0.1
263.588268,1,AUTO,ARMED,5,AVAILABLE,UNAVAILABLE,UNAVAILABLE,195,4,ACTIVE,711,D_P3-A5.NC,D_P3-A5.NC,6,0.000668021,20,0.0005,1612515.148,468952.227,184.4,2067.6033,100,14.81667,21,100,0,4,100,3400.0,3200,700,4.4,25.2,0.2,8,346.2720311,500,200,3.2,22.7,0.1,0,233.9345882,1400,400,3.8,26,0.1,32,-297.4461054,1500,700,2.2,27.6,0.1
263.734675,1,AUTO,ARMED,5,AVAILABLE,UNAVAILABLE,UNAVAILABLE,195,4,ACTIVE,711,D_P3-A5.NC,D_P3-A5.NC,6,0.000668021,20,0.0005,1612515.148,468952.227,184.4,2067.6033,100,14.81667,21,100,0,4,100,3400.0,3200,700,4.4,25.2,0.2,8,347.8053027,500,200,3.2,22.7,0.1,0,233.9346111,1400,400,3.8,26,0.1,32,-297.446094,1500,700,2.2,27.6,0.1
263.876063,1,AUTO,ARMED,5,AVAILABLE,UNAVAILABLE,UNAVAILABLE,195,4,ACTIVE,711,D_P3-A5.NC,D_P3-A5.NC,6,0.000668021,20,0.0005,1612515.148,468952.227,184.4,2067.6033,100,14.81667,21,100,0,0,100,3400.0,3200,700,4.4,25.2,0.2,12,351.6164863,500,200,3.2,22.7,0.1,0,233.9345996,1400,400,3.8,26,0.1,32,-297.4461054,1500,700,2.2,27.6,0.1
264.016485,1,AUTO,ARMED,5,AVAILABLE,UNAVAILABLE,UNAVAILABLE,195,4,ACTIVE,711,D_P3-A5.NC,D_P3-A5.NC,6,0.000668021,20,0.0005,1612515.148,468952.227,184.4,2067.6033,100,14.81667,21,100,0,0,100,3400.0,3200,700,4.4,25.2,0.2,8,353.1501127,500,200,3.2,22.7,0.1,0,233.9345653,1400,400,3.8,26,0.1,32,-297.446094,1500,700,2.2,27.6,0.1
264.166117,1,AUTO,ARMED,5,AVAILABLE,UNAVAILABLE,UNAVAILABLE,195,4,ACTIVE,711,D_P3-A5.NC,D_P3-A5.NC,6,0.000668021,20,0.0005,1612515.148,468952.227,184.4,2067.6033,100,14.81667,21,100,0,1,100,3400.0,3200,700,4.4,25.2,0.2,10,354.6802601,500,200,3.2,22.7,0.1,0,233.9345768,1400,400,3.8,26,0.1,32,-297.446094,1500,700,2.2,27.6,0.1
264.307608,1,AUTO,ARMED,5,AVAILABLE,UNAVAILABLE,UNAVAILABLE,195,4,ACTIVE,711,D_P3-A5.NC,D_P3-A5.NC,6,0.000668021,20,0.0005,1612515.148,468952.227,184.4,2110.5085,100,14.81667,22,100,0,1,100,3400.0,3200,700,4.4,25.2,0.2,9,356.2027729,500,200,3.2,22.7,0.1,0,233.9345768,1400,400,3.8,26,0.1,32,-297.4461054,1500,700,2.2,27.6,0.1
264.462191,1,AUTO,ARMED,5,AVAILABLE,UNAVAILABLE,UNAVAILABLE,195,4,ACTIVE,711,D_P3-A5.NC,D_P3-A5.NC,6,0.000668021,20,0.0005,1612515.148,468952.227,184.4,2110.5085,100,14.81667,22,100,0,1,100,3400.0,3000,700,4.1,25.2,0.2,9,359.2585851,500,200,3.3,22.7,0.1,0,233.934634,1400,400,3.6,26,0.1,32,-297.4461054,1500,700,2.2,27.6,0.1
264.62869,1,AUTO,ARMED,5,AVAILABLE,UNAVAILABLE,UNAVAILABLE,195,4,ACTIVE,711,D_P3-A5.NC,D_P3-A5.NC,6,0.000668021,20,0.0005,1612515.148,468952.227,184.4,2110.5085,100,14.81667,22,100,0,2,100,3400.0,3000,700,4.1,25.2,0.2,9,360.7844371,500,200,3.3,22.7,0.1,0,233.9346111,1400,400,3.6,26,0.1,32,-297.446094,1500,700,2.2,27.6,0.1
264.778603,1,AUTO,ARMED,5,AVAILABLE,UNAVAILABLE,UNAVAILABLE,195,4,ACTIVE,711,D_P3-A5.NC,D_P3-A5.NC,6,0.000668021,20,0.0005,1612515.148,468952.227,184.4,2110.5085,100,14.81667,22,100,0,0,100,3400.0,3000,700,4.1,25.2,0.2,11,365.3669138,500,200,3.3,22.7,0.1,0,233.9345996,1400,400,3.6,26,0.1,32,-297.4461054,1500,700,2.2,27.6,0.1
264.928586,1,AUTO,ARMED,5,AVAILABLE,UNAVAILABLE,UNAVAILABLE,195,4,ACTIVE,711,D_P3-A5.NC,D_P3-A5.NC,6,0.000668021,20,0.0005,1612515.148,468952.227,184.4,2110.5085,100,14.81667,22,100,0,0,100,3400.0,3000,700,4.1,25.2,0.2,11,366.8928115,500,200,3.3,22.7,0.1,0,233.9346111,1400,400,3.6,26,0.1,32,-297.446094,1500,700,2.2,27.6,0.1
265.094695,1,AUTO,ARMED,5,AVAILABLE,UNAVAILABLE,UNAVAILABLE,195,4,ACTIVE,711,D_P3-A5.NC,D_P3-A5.NC,6,0.000668021,20,0.0005,1612515.148,468952.227,184.4,2110.5085,100,14.81667,22,100,0,2,100,3400.0,3000,700,4.1,25.2,0.2,10,368.4262966,500,200,3.3,22.7,0.1,0,233.9346225,1400,400,3.6,26,0.1,32,-297.4461054,1500,700,2.2,27.6,0.1
265.243858,1,AUTO,ARMED,5,AVAILABLE,UNAVAILABLE,UNAVAILABLE,195,4,ACTIVE,711,D_P3-A5.NC,D_P3-A5.NC,6,0.000668021,20,0.0005,1612515.148,468952.227,184.4,1989.1963,100,14.81667,22,100,0,1,100,3400.0,3000,700,4.1,25.2,0.2,10,371.4747046,500,200,3.3,22.7,0.1,0,233.9346111,1400,400,3.6,26,0.1,32,-297.446094,1500,700,2.2,27.6,0.1
265.392743,1,AUTO,ARMED,5,AVAILABLE,UNAVAILABLE,UNAVAILABLE,195,4,ACTIVE,711,D_P3-A5.NC,D_P3-A5.NC,6,0.000668021,20,0.0005,1612515.148,468952.227,184.4,1989.1963,100,14.81667,23,100,0,1,100,3400.0,3000,700,4.1,25.2,0.2,10,373.0081439,500,200,3.3,22.7,0.1,0,233.9345539,1400,400,3.6,26,0.1,32,-297.4461054,1500,700,2.2,27.6,0.1
265.542315,1,AUTO,ARMED,5,AVAILABLE,UNAVAILABLE,UNAVAILABLE,195,4,ACTIVE,711,D_P3-A5.NC,D_P3-A5.NC,6,0.000668021,20,0.0005,1612515.148,468952.227,184.4,1989.1963,100,14.81667,23,100,0,0,100,3400.0,3000,700,4.1,25.2,0.2,8,374.534362,500,200,3.3,22.7,0.1,0,233.9345882,1400,400,3.6,26,0.1,32,-297.4461054,1500,700,2.2,27.6,0.1
265.685368,1,AUTO,ARMED,5,AVAILABLE,UNAVAILABLE,UNAVAILABLE,195,4,ACTIVE,711,D_P3-A5.NC,D_P3-A5.NC,6,0.000668021,20,0.0005,1612515.148,468952.227,184.4,1989.1963,100,14.81667,23,100,0,0,100,3400.0,3000,700,4.1,25.2,0.2,7,378.3536038,500,200,3.3,22.7,0.1,0,233.934634,1400,400,3.6,26,0.1,32,-297.4461054,1500,700,2.2,27.6,0.1
265.857258,1,AUTO,ARMED,5,AVAILABLE,UNAVAILABLE,UNAVAILABLE,195,4,ACTIVE,711,D_P3-A5.NC,D_P3-A5.NC,6,0.000668021,20,0.0005,1612515.148,468952.227,184.4,1989.1963,100,14.81667,23,100,0,2,100,3400.0,2200,600,3.8,25.2,0.2,9,379.8795931,200,100,3.6,22.7,0.1,0,233.934634,1100,400,3.2,26,0.1,32,-297.4461054,1300,700,1.9,27.6,0.2
266.065887,1,AUTO,ARMED,5,AVAILABLE,UNAVAILABLE,UNAVAILABLE,195,4,ACTIVE,711,D_P3-A5.NC,D_P3-A5.NC,6,0.000668021,20,0.0005,1612515.148,468952.227,184.4,1989.1963,100,14.81667,23,100,0,1,100,3400.0,2200,600,3.8,25.2,0.2,9,382.9352361,200,100,3.6,22.7,0.1,0,233.9345539,1100,400,3.2,26,0.1,32,-297.446094,1300,700,1.9,27.6,0.2
266.247519,1,AUTO,ARMED,5,AVAILABLE,UNAVAILABLE,UNAVAILABLE,195,4,ACTIVE,711,D_P3-A5.NC,D_P3-A5.NC,6,0.000668021,20,0.0005,1612515.148,468952.227,184.4,1989.1963,100,14.81667,23,100,0,1,100,3400.0,2200,600,3.8,25.2,0.2,9,385.9879941,200,100,3.6,22.7,0.1,0,233.9345768,1100,400,3.2,26,0.1,32,-297.4461054,1300,700,1.9,27.6,0.2
266.41299,1,AUTO,ARMED,5,AVAILABLE,UNAVAILABLE,UNAVAILABLE,195,4,ACTIVE,711,D_P3-A5.NC,D_P3-A5.NC,6,0.000668021,20,0.0005,1612515.148,468952.227,184.4,1975.4174,100,14.81667,24,100,0,1,100,3400.0,2200,600,3.8,25.2,0.2,9,389.043659,200,100,3.6,22.7,0.1,0,233.934634,1100,400,3.2,26,0.1,32,-297.446094,1300,700,1.9,27.6,0.2
266.558976,1,AUTO,ARMED,5,AVAILABLE,UNAVAILABLE,UNAVAILABLE,195,4,ACTIVE,711,D_P3-A5.NC,D_P3-A5.NC,6,0.000668021,20,0.0005,1612515.148,468952.227,184.4,1975.4174,100,14.81667,24,100,0,1,100,3400.0,2200,600,3.8,25.2,0.2,9,390.5697576,200,100,3.6,22.7,0.1,0,233.9345996,1100,400,3.2,26,0.1,32,-297.446094,1300,700,1.9,27.6,0.2
266.731747,1,AUTO,ARMED,5,AVAILABLE,UNAVAILABLE,UNAVAILABLE,195,4,ACTIVE,711,D_P3-A5.NC,D_P3-A5.NC,6,0.000668021,20,0.0005,1612515.148,468952.227,184.4,1975.4174,100,14.81667,24,100,0,1,100,3400.0,2200,600,3.8,25.2,0.2,9,392.0995758,200,100,3.6,22.7,0.1,0,233.9345882,1100,400,3.2,26,0.1,32,-297.446094,1300,700,1.9,27.6,0.2
267.008119,1,AUTO,ARMED,5,AVAILABLE,UNAVAILABLE,UNAVAILABLE,195,4,ACTIVE,711,D_P3-A5.NC,D_P3-A5.NC,6,0.000668021,20,0.0005,1612515.148,468952.227,184.4,1975.4174,100,14.81667,24,100,0,0,100,3400.0,2200,600,3.8,25.2,0.2,8,398.2115695,200,100,3.6,22.7,0.1,0,233.9345996,1100,400,3.2,26,0.1,32,-297.446094,1300,700,1.9,27.6,0.2
267.191685,1,AUTO,ARMED,5,AVAILABLE,UNAVAILABLE,UNAVAILABLE,195,4,ACTIVE,711,D_P3-A5.NC,D_P3-A5.NC,6,0.000668021,20,0.0005,1612515.148,468952.227,184.4,1975.4174,100,7.416667,24,100,0,0,100,3400.0,2200,600,3.8,25.2,0.2,9,399.8401915,200,100,3.6,22.7,0.1,0,233.9345882,1100,400,3.2,26,0.1,32,-297.446094,1300,700,1.9,27.6,0.2
267.344775,1,AUTO,ARMED,5,AVAILABLE,UNAVAILABLE,UNAVAILABLE,196,4,ACTIVE,711,D_P3-A5.NC,D_P3-A5.NC,6,0.000668021,20,0.0005,1612515.148,468952.227,184.4,1975.4174,100,0.0,25,100,0,2,100,3400.0,2200,600,3.8,25.2,0.2,5,399.8407752,200,100,3.6,22.7,0.1,0,233.9345882,1100,400,3.2,26,0.1,32,-297.446094,1300,700,1.9,27.6,0.2
267.486833,1,AUTO,ARMED,5,AVAILABLE,UNAVAILABLE,UNAVAILABLE,196,4,ACTIVE,711,D_P3-A5.NC,D_P3-A5.NC,6,0.000668021,20,0.0005,1612515.148,468952.227,184.4,1975.4174,100,0.0,25,100,0,2,100,3400.0,2200,600,3.8,25.2,0.2,5,399.8409126,200,100,3.6,22.7,0.1,0,233.9345996,1100,400,3.2,26,0.1,32,-297.446094,1300,700,1.9,27.6,0.2
267.628132,1,AUTO,ARMED,5,AVAILABLE,UNAVAILABLE,UNAVAILABLE,196,4,ACTIVE,711,D_P3-A5.NC,D_P3-A5.NC,6,0.000668021,20,0.0005,1612515.148,468952.227,184.4,1975.4174,100,0.0,25,100,0,0,100,3400.0,2200,600,3.8,25.2,0.2,6,399.840924,200,100,3.6,22.7,0.1,0,233.9346111,1100,400,3.2,26,0.1,32,-297.4461054,1300,700,1.9,27.6,0.2
267.775322,1,AUTO,ARMED,5,AVAILABLE,UNAVAILABLE,UNAVAILABLE,196,4,ACTIVE,711,D_P3-A5.NC,D_P3-A5.NC,6,0.000668021,20,0.0005,1612515.148,468952.227,184.4,2006.9374,100,0.0,25,100,0,0,100,3400.0,2600,600,4.2,25.2,0.2,6,399.8408897,500,100,4.0,22.7,0.1,0,233.9345996,1900,800,2.3,26,0.1,32,-297.4461054,1200,700,1.9,27.6,0.1
267.918723,1,AUTO,ARMED,5,AVAILABLE,UNAVAILABLE,UNAVAILABLE,196,4,ACTIVE,711,D_P3-A5.NC,D_P3-A5.NC,6,0.000668021,20,0.0005,1612515.148,468952.227,184.4,2006.9374,100,0.0,25,100,0,0,100,3400.0,2600,600,4.2,25.2,0.2,6,399.8408897,500,100,4.0,22.7,0.1,0,233.9345996,1900,800,2.3,26,0.1,32,-297.4461054,1200,700,1.9,27.6,0.1
268.063943,1,AUTO,ARMED,5,AVAILABLE,UNAVAILABLE,UNAVAILABLE,196,4,ACTIVE,711,D_P3-A5.NC,D_P3-A5.NC,6,0.000668021,20,0.0005,1612515.148,468952.227,184.4,2006.9374,100,0.0,25,100,0,0,100,3400.0,2600,600,4.2,25.2,0.2,6,399.8409011,500,100,4.0,22.7,0.1,0,233.9345882,1900,800,2.3,26,0.1,32,-297.4461054,1200,700,1.9,27.6,0.1
268.207078,1,AUTO,ARMED,5,AVAILABLE,UNAVAILABLE,UNAVAILABLE,196,4,ACTIVE,711,D_P3-A5.NC,D_P3-A5.NC,6,0.000668021,20,0.0005,1612515.148,468952.227,184.4,2006.9374,100,0.0,25,100,0,2,100,3400.0,2600,600,4.2,25.2,0.2,6,399.8401785,500,100,4.0,22.7,0.1,0,233.9766105,1900,800,2.3,26,0.1,32,-297.4461054,1200,700,1.9,27.6,0.1
268.343937,1,AUTO,ARMED,5,AVAILABLE,UNAVAILABLE,UNAVAILABLE,198,4,ACTIVE,711,D_P3-A5.NC,D_P3-A5.NC,6,0.000668021,20,0.0005,1612515.148,468952.227,184.4,2006.9374,100,0.0,26,100,0,0,100,3400.0,2600,600,4.2,25.2,0.2,8,398.6502656,500,100,4.0,22.7,0.1,4,234.0616965,1900,800,2.3,26,0.1,32,-297.446094,1200,700,1.9,27.6,0.1
268.488093,1,AUTO,ARMED,5,AVAILABLE,UNAVAILABLE,UNAVAILABLE,198,4,ACTIVE,711,D_P3-A5.NC,D_P3-A5.NC,6,0.000668021,20,0.0005,1612515.148,468952.227,184.4,2006.9374,100,0.0,26,100,0,0,100,3400.0,2600,600,4.2,25.2,0.2,8,397.1287144,500,100,4.0,22.7,0.1,4,234.0616393,1900,800,2.3,26,0.1,32,-297.446094,1200,700,1.9,27.6,0.1
268.631533,1,AUTO,ARMED,5,AVAILABLE,UNAVAILABLE,UNAVAILABLE,198,4,ACTIVE,711,D_P3-A5.NC,D_P3-A5.NC,6,0.000668021,20,0.0005,1612515.148,468952.227,184.4,2006.9374,100,14.81667,26,100,0,0,100,3400.0,2600,600,4.2,25.2,0.2,8,395.6023221,500,100,4.0,22.7,0.1,4,234.0616279,1900,800,2.3,26,0.1,32,-297.446094,1200,700,1.9,27.6,0.1
268.771013,1,AUTO,ARMED,5,AVAILABLE,UNAVAILABLE,UNAVAILABLE,198,4,ACTIVE,711,D_P3-A5.NC,D_P3-A5.NC,6,0.000668021,20,0.0005,1612515.148,468952.227,184.4,2062.8738,100,14.81667,26,100,0,2,100,3400.0,2600,600,4.2,25.2,0.2,9,392.5463443,500,100,4.0,22.7,0.1,3,234.061605,1900,800,2.3,26,0.1,32,-297.4461054,1200,700,1.9,27.6,0.1
268.913631,1,AUTO,ARMED,5,AVAILABLE,UNAVAILABLE,UNAVAILABLE,198,4,ACTIVE,711,D_P3-A5.NC,D_P3-A5.NC,6,0.000668021,20,0.0005,1612515.148,468952.227,184.4,2062.8738,100,14.81667,26,100,0,0,100,3400.0,2600,600,4.2,25.2,0.2,9,391.0205127,500,100,4.0,22.7,0.1,3,234.061605,1900,800,2.3,26,0.1,32,-297.446094,1200,700,1.9,27.6,0.1
269.063003,1,AUTO,ARMED,5,AVAILABLE,UNAVAILABLE,UNAVAILABLE,198,4,ACTIVE,711,D_P3-A5.NC,D_P3-A5.NC,6,0.000668021,20,0.0005,1612515.148,468952.227,184.4,2062.8738,100,14.81667,26,100,0,0,100,3400.0,2600,600,4.2,25.2,0.2,9,389.4940402,500,100,4.0,22.7,0.1,3,234.061605,1900,800,2.3,26,0.1,32,-297.4461054,1200,700,1.9,27.6,0.1
269.209946,1,AUTO,ARMED,5,AVAILABLE,UNAVAILABLE,UNAVAILABLE,198,4,ACTIVE,711,D_P3-A5.NC,D_P3-A5.NC,6,0.000668021,20,0.0005,1612515.148,468952.227,184.4,2062.8738,100,14.81667,26,100,0,0,100,3400.0,2600,700,3.6,25.2,0.2,8,384.908351,600,200,3.8,22.7,0.1,4,234.0615935,2000,800,2.7,26,0.1,32,-297.446094,1400,700,2.1,27.6,0.1
269.356053,1,AUTO,ARMED,5,AVAILABLE,UNAVAILABLE,UNAVAILABLE,198,4,ACTIVE,711,D_P3-A5.NC,D_P3-A5.NC,6,0.000668021,20,0.0005,1612515.148,468952.227,184.4,2062.8738,100,14.81667,27,100,0,0,100,3400.0,2600,700,3.6,25.2,0.2,8,383.3783535,600,200,3.8,22.7,0.1,4,234.0615363,2000,800,2.7,26,0.1,32,-297.4461054,1400,700,2.1,27.6,0.1
269.500695,1,AUTO,ARMED,5,AVAILABLE,UNAVAILABLE,UNAVAILABLE,198,4,ACTIVE,711,D_P3-A5.NC,D_P3-A5.NC,6,0.000668021,20,0.0005,1612515.148,468952.227,184.4,2062.8738,100,14.81667,27,100,0,1,100,3400.0,2600,700,3.6,25.2,0.2,6,382.6157124,600,200,3.8,22.7,0.1,3,234.0615935,2000,800,2.7,26,0.1,32,-297.446094,1400,700,2.1,27.6,0.1
269.650226,1,AUTO,ARMED,5,AVAILABLE,UNAVAILABLE,UNAVAILABLE,198,4,ACTIVE,711,D_P3-A5.NC,D_P3-A5.NC,6,0.000668021,20,0.0005,1612515.148,468952.227,184.4,2062.8738,100,14.81667,27,100,0,1,100,3400.0,2600,700,3.6,25.2,0.2,6,381.0896291,600,200,3.8,22.7,0.1,3,234.0615935,2000,800,2.7,26,0.1,32,-297.446094,1400,700,2.1,27.6,0.1
269.792756,1,AUTO,ARMED,5,AVAILABLE,UNAVAILABLE,UNAVAILABLE,198,4,ACTIVE,711,D_P3-A5.NC,D_P3-A5.NC,6,0.000668021,20,0.0005,1612515.148,468952.227,184.4,2062.8738,100,14.81667,27,100,0,2,100,3400.0,2600,700,3.6,25.2,0.2,6,376.5073738,600,200,3.8,22.7,0.1,3,234.0615935,2000,800,2.7,26,0.1,32,-297.4461054,1400,700,2.1,27.6,0.1
269.930636,1,AUTO,ARMED,5,AVAILABLE,UNAVAILABLE,UNAVAILABLE,198,4,ACTIVE,711,D_P3-A5.NC,D_P3-A5.NC,6,0.000668021,20,0.0005,1612515.148,468952.227,184.4,2063.6479,100,14.81667,27,100,0,0,100,3400.0,2600,700,3.6,25.2,0.2,8,374.9772559,600,200,3.8,22.7,0.1,4,234.0615935,2000,800,2.7,26,0.1,32,-297.446094,1400,700,2.1,27.6,0.1
270.080151,1,AUTO,ARMED,5,AVAILABLE,UNAVAILABLE,UNAVAILABLE,198,4,ACTIVE,711,D_P3-A5.NC,D_P3-A5.NC,6,0.000668021,20,0.0005,1612515.148,468952.227,184.4,2063.6479,100,14.81667,27,100,0,0,100,3400.0,2600,700,3.6,25.2,0.2,7,373.4475844,600,200,3.8,22.7,0.1,4,234.0615477,2000,800,2.7,26,0.1,32,-297.4461054,1400,700,2.1,27.6,0.1
270.22486,1,AUTO,ARMED,5,AVAILABLE,UNAVAILABLE,UNAVAILABLE,198,4,ACTIVE,711,D_P3-A5.NC,D_P3-A5.NC,6,0.000668021,20,0.0005,1612515.148,468952.227,184.4,2063.6479,100,14.81667,27,100,0,0,100,3400.0,2600,700,3.6,25.2,0.2,7,371.9219297,600,200,3.8,22.7,0.1,4,234.061605,2000,800,2.7,26,0.1,32,-297.446094,1400,700,2.1,27.6,0.1
270.387232,1,AUTO,ARMED,5,AVAILABLE,UNAVAILABLE,UNAVAILABLE,198,4,ACTIVE,711,D_P3-A5.NC,D_P3-A5.NC,6,0.000668021,20,0.0005,1612515.148,468952.227,184.4,2063.6479,100,14.81667,28,100,0,0,100,3400.0,2600,700,3.6,25.2,0.2,7,367.3358103,600,200,3.8,22.7,0.1,3,234.0616393,2000,800,2.7,26,0.1,32,-297.446094,1400,700,2.1,27.6,0.1
270.54648,1,AUTO,ARMED,5,AVAILABLE,UNAVAILABLE,UNAVAILABLE,198,4,ACTIVE,711,D_P3-A5.NC,D_P3-A5.NC,6,0.000668021,20,0.0005,1612515.148,468952.227,184.4,2063.6479,100,14.81667,28,100,0,2,100,3400.0,2600,700,3.6,25.2,0.2,9,365.81336,600,200,3.8,22.7,0.1,3,234.0616164,2000,800,2.7,26,0.1,32,-297.446094,1400,700,2.1,27.6,0.1
270.687731,1,AUTO,ARMED,5,AVAILABLE,UNAVAILABLE,UNAVAILABLE,198,4,ACTIVE,711,D_P3-A5.NC,D_P3-A5.NC,6,0.000668021,20,0.0005,1612515.148,468952.227,184.4,2063.6479,100,14.81667,28,100,0,2,100,3400.0,2800,700,3.8,25.2,0.2,9,364.2796715,500,200,3.6,22.7,0.1,3,234.0615592,2000,800,2.6,26,0.2,32,-297.446094,1400,700,2.1,27.5,0.1
270.829612,1,AUTO,ARMED,5,AVAILABLE,UNAVAILABLE,UNAVAILABLE,198,4,ACTIVE,711,D_P3-A5.NC,D_P3-A5.NC,6,0.000668021,20,0.0005,1612515.148,468952.227,184.4,2063.6479,100,14.81667,28,100,0,1,100,3400.0,2800,700,3.8,25.2,0.2,8,361.2278357,500,200,3.6,22.7,0.1,4,234.061605,2000,800,2.6,26,0.2,32,-297.4461054,1400,700,2.1,27.5,0.1
270.970537,1,AUTO,ARMED,5,AVAILABLE,UNAVAILABLE,UNAVAILABLE,198,4,ACTIVE,711,D_P3-A5.NC,D_P3-A5.NC,6,0.000668021,20,0.0005,1612515.148,468952.227,184.4,2086.405,100,14.81667,28,100,0,2,100,3400.0,2800,700,3.8,25.2,0.2,9,359.6943075,500,200,3.6,22.7,0.1,4,234.0615935,2000,800,2.6,26,0.2,32,-297.4461054,1400,700,2.1,27.5,0.1
271.122746,1,AUTO,ARMED,5,AVAILABLE,UNAVAILABLE,UNAVAILABLE,198,4,ACTIVE,711,D_P3-A5.NC,D_P3-A5.NC,6,0.000668021,20,0.0005,1612515.148,468952.227,184.4,2086.405,100,14.81667,28,100,0,2,100,3400.0,2800,700,3.8,25.2,0.2,9,358.1717198,500,200,3.6,22.7,0.1,4,234.0616507,2000,800,2.6,26,0.2,32,-297.446094,1400,700,2.1,27.5,0.1
271.28966,1,AUTO,ARMED,5,AVAILABLE,UNAVAILABLE,UNAVAILABLE,198,4,ACTIVE,711,D_P3-A5.NC,D_P3-A5.NC,6,0.000668021,20,0.0005,1612515.148,468952.227,184.4,2086.405,100,14.81667,28,100,0,0,100,3400.0,2800,700,3.8,25.2,0.2,8,354.3489612,500,200,3.6,22.7,0.1,4,234.0615706,2000,800,2.6,26,0.2,32,-297.446094,1400,700,2.1,27.5,0.1
271.436792,1,AUTO,ARMED,5,AVAILABLE,UNAVAILABLE,UNAVAILABLE,198,4,ACTIVE,711,D_P3-A5.NC,D_P3-A5.NC,6,0.000668021,20,0.0005,1612515.148,468952.227,184.4,2086.405,100,14.81667,29,100,0,0,100,3400.0,2800,700,3.8,25.2,0.2,8,352.8230057,500,200,3.6,22.7,0.1,4,234.0615935,2000,800,2.6,26,0.2,32,-297.446094,1400,700,2.1,27.5,0.1
271.612405,1,AUTO,ARMED,5,AVAILABLE,UNAVAILABLE,UNAVAILABLE,198,4,ACTIVE,711,D_P3-A5.NC,D_P3-A5.NC,6,0.000668021,20,0.0005,1612515.148,468952.227,184.4,2086.405,100,14.81667,29,100,0,1,100,3400.0,2800,700,3.8,25.2,0.2,9,349.7669062,500,200,3.6,22.7,0.1,4,234.061605,2000,800,2.6,26,0.2,32,-297.4461054,1400,700,2.1,27.5,0.1
271.765693,1,AUTO,ARMED,5,AVAILABLE,UNAVAILABLE,UNAVAILABLE,198,4,ACTIVE,711,D_P3-A5.NC,D_P3-A5.NC,6,0.000668021,20,0.0005,1612515.148,468952.227,184.4,2086.405,100,14.81667,29,100,0,1,100,3400.0,2800,700,3.8,25.2,0.2,6,348.2407218,500,200,3.6,22.7,0.1,4,234.0616736,2000,800,2.6,26,0.2,32,-297.446094,1400,700,2.1,27.5,0.1
271.907513,1,AUTO,ARMED,5,AVAILABLE,UNAVAILABLE,UNAVAILABLE,198,4,ACTIVE,711,D_P3-A5.NC,D_P3-A5.NC,6,0.000668021,20,0.0005,1612515.148,468952.227,184.4,2086.405,100,14.81667,29,100,0,1,100,3400.0,2800,700,3.8,25.2,0.2,6,346.7146976,500,200,3.6,22.7,0.1,4,234.0615821,2000,800,2.6,26,0.2,32,-297.446094,1400,700,2.1,27.5,0.1
272.051164,1,AUTO,ARMED,5,AVAILABLE,UNAVAILABLE,UNAVAILABLE,198,4,ACTIVE,711,D_P3-A5.NC,D_P3-A5.NC,6,0.000668021,20,0.0005,1612515.148,468952.227,184.4,1983.7576,100,14.81667,29,100,0,0,100,3400.0,2800,700,3.8,25.2,0.2,7,343.6550161,500,200,3.6,22.7,0.1,4,234.0615592,2000,800,2.6,26,0.2,32,-297.446094,1400,700,2.1,27.5,0.1
272.193312,1,AUTO,ARMED,5,AVAILABLE,UNAVAILABLE,UNAVAILABLE,198,4,ACTIVE,711,D_P3-A5.NC,D_P3-A5.NC,6,0.000668021,20,0.0005,1612515.148,468952.227,184.4,1983.7576,100,14.81667,29,100,0,0,100,3400.0,2300,600,3.9,25.2,0.2,7,342.1328714,300,100,3.7,22.7,0.0,4,234.0615821,1900,800,2.4,26,0.1,32,-297.4461054,1200,700,1.9,27.5,0.1
272.340847,1,AUTO,ARMED,5,AVAILABLE,UNAVAILABLE,UNAVAILABLE,198,4,ACTIVE,711,D_P3-A5.NC,D_P3-A5.NC,6,0.000668021,20,0.0005,1612515.148,468952.227,184.4,1983.7576,100,14.81667,29,100,0,0,100,3400.0,2300,600,3.9,25.2,0.2,7,340.6068243,300,100,3.7,22.7,0.0,4,234.061605,1900,800,2.4,26,0.1,32,-297.446094,1200,700,1.9,27.5,0.1
272.489482,1,AUTO,ARMED,5,AVAILABLE,UNAVAILABLE,UNAVAILABLE,198,4,ACTIVE,711,D_P3-A5.NC,D_P3-A5.NC,6,0.000668021,20,0.0005,1612515.148,468952.227,184.4,1983.7576,100,14.81667,30,100,0,0,100,3400.0,2300,600,3.9,25.2,0.2,7,339.07319,300,100,3.7,22.7,0.0,4,234.0616279,1900,800,2.4,26,0.1,32,-297.4461054,1200,700,1.9,27.5,0.1
272.627527,1,AUTO,ARMED,5,AVAILABLE,UNAVAILABLE,UNAVAILABLE,198,4,ACTIVE,711,D_P3-A5.NC,D_P3-A5.NC,6,0.000668021,20,0.0005,1612515.148,468952.227,184.4,1983.7576,100,14.81667,30,100,0,0,100,3400.0,2300,600,3.9,25.2,0.2,8,334.4909976,300,100,3.7,22.7,0.0,3,234.0615477,1900,800,2.4,26,0.1,32,-297.4461054,1200,700,1.9,27.5,0.1
272.782755,1,AUTO,ARMED,5,AVAILABLE,UNAVAILABLE,UNAVAILABLE,198,4,ACTIVE,711,D_P3-A5.NC,D_P3-A5.NC,6,0.000668021,20,0.0005,1612515.148,468952.227,184.4,1983.7576,100,14.81667,30,100,0,0,100,3400.0,2300,600,3.9,25.2,0.2,8,332.9648476,300,100,3.7,22.7,0.0,3,234.0615935,1900,800,2.4,26,0.1,32,-297.4461054,1200,700,1.9,27.5,0.1
272.940767,1,AUTO,ARMED,5,AVAILABLE,UNAVAILABLE,UNAVAILABLE,198,4,ACTIVE,711,D_P3-A5.NC,D_P3-A5.NC,6,0.000668021,20,0.0005,1612515.148,468952.227,184.4,1983.7576,100,14.81667,30,100,0,0,100,3400.0,2300,600,3.9,25.2,0.2,5,331.4389264,300,100,3.7,22.7,0.0,3,234.0616279,1900,800,2.4,26,0.1,32,-297.446094,1200,700,1.9,27.5,0.1
273.08287,1,AUTO,ARMED,5,AVAILABLE,UNAVAILABLE,UNAVAILABLE,198,4,ACTIVE,711,D_P3-A5.NC,D_P3-A5.NC,6,0.000668021,20,0.0005,1612515.148,468952.227,184.4,1983.7576,100,14.81667,30,100,0,0,100,3400.0,2300,600,3.9,25.2,0.2,8,328.3827812,300,100,3.7,22.7,0.0,3,234.0616164,1900,800,2.4,26,0.1,32,-297.446094,1200,700,1.9,27.5,0.1
273.224239,1,AUTO,ARMED,5,AVAILABLE,UNAVAILABLE,UNAVAILABLE,198,4,ACTIVE,711,D_P3-A5.NC,D_P3-A5.NC,6,0.000668021,20,0.0005,1612515.148,468952.227,184.4,1973.6346,100,14.81667,30,100,0,0,100,3400.0,2300,600,3.9,25.2,0.2,9,326.0939036,300,100,3.7,22.7,0.0,3,234.061605,1900,800,2.4,26,0.1,32,-297.4461054,1200,700,1.9,27.5,0.1
273.374722,1,AUTO,ARMED,5,AVAILABLE,UNAVAILABLE,UNAVAILABLE,198,4,ACTIVE,711,D_P3-A5.NC,D_P3-A5.NC,6,0.000668021,20,0.0005,1612515.148,468952.227,184.4,1973.6346,100,14.81667,31,100,0,0,100,3400.0,2300,600,3.9,25.2,0.2,9,324.5600044,300,100,3.7,22.7,0.0,3,234.0615935,1900,800,2.4,26,0.1,32,-297.4461054,1200,700,1.9,27.5,0.1
273.516754,1,AUTO,ARMED,5,AVAILABLE,UNAVAILABLE,UNAVAILABLE,198,4,ACTIVE,711,D_P3-A5.NC,D_P3-A5.NC,6,0.000668021,20,0.0005,1612515.148,468952.227,184.4,1973.6346,100,14.81667,31,100,0,0,100,3400.0,2300,600,3.9,25.2,0.2,9,323.0340021,300,100,3.7,22.7,0.0,3,234.0615935,1900,800,2.4,26,0.1,32,-297.446094,1200,700,1.9,27.5,0.1
273.667526,1,AUTO,ARMED,5,AVAILABLE,UNAVAILABLE,UNAVAILABLE,198,4,ACTIVE,711,D_P3-A5.NC,D_P3-A5.NC,6,0.000668021,20,0.0005,1612515.148,468952.227,184.4,1973.6346,100,14.81667,31,100,0,2,100,3400.0,2300,600,3.9,25.2,0.2,10,319.9742837,300,100,3.7,22.7,0.0,3,234.061605,1900,800,2.4,26,0.1,32,-297.4461054,1200,700,1.9,27.5,0.1
273.812342,1,AUTO,ARMED,5,AVAILABLE,UNAVAILABLE,UNAVAILABLE,198,4,ACTIVE,711,D_P3-A5.NC,D_P3-A5.NC,6,0.000668021,20,0.0005,1612515.148,468952.227,184.4,1973.6346,100,9.916667,31,100,0,2,100,3400.0,2600,600,4.2,25.2,0.2,10,318.6038938,200,100,3.7,22.7,0.1,3,234.061605,2300,400,5.4,26,0.1,32,-297.4461054,1300,700,2.0,27.5,0.1
273.967567,1,AUTO,ARMED,5,AVAILABLE,UNAVAILABLE,UNAVAILABLE,199,4,ACTIVE,711,D_P3-A5.NC,D_P3-A5.NC,6,0.000668021,20,0.0005,1612515.148,468952.227,184.4,1973.6346,100,0.0,31,100,0,1,100,3400.0,2600,600,4.2,25.2,0.2,7,318.5609994,200,100,3.7,22.7,0.1,3,234.0615935,2300,400,5.4,26,0.1,32,-297.4461054,1300,700,2.0,27.5,0.1
274.116277,1,AUTO,ARMED,5,AVAILABLE,UNAVAILABLE,UNAVAILABLE,199,4,ACTIVE,711,D_P3-A5.NC,D_P3-A5.NC,6,0.000668021,20,0.0005,1612515.148,468952.227,184.4,1973.6346,100,0.0,31,100,0,0,100,3400.0,2600,600,4.2,25.2,0.2,6,318.5608735,200,100,3.7,22.7,0.1,3,234.061605,2300,400,5.4,26,0.1,32,-297.446094,1300,700,2.0,27.5,0.1
274.268762,1,AUTO,ARMED,5,AVAILABLE,UNAVAILABLE,UNAVAILABLE,199,4,ACTIVE,711,D_P3-A5.NC,D_P3-A5.NC,6,0.000668021,20,0.0005,1612515.148,468952.227,184.4,1979.9843,100,0.0,31,100,0,0,100,3400.0,2600,600,4.2,25.2,0.2,6,318.5608849,200,100,3.7,22.7,0.1,3,234.061605,2300,400,5.4,26,0.1,32,-297.446094,1300,700,2.0,27.5,0.1
274.415821,1,AUTO,ARMED,5,AVAILABLE,UNAVAILABLE,UNAVAILABLE,199,4,ACTIVE,711,D_P3-A5.NC,D_P3-A5.NC,6,0.000668021,20,0.0005,1612515.148,468952.227,184.4,1979.9843,100,0.0,32,100,0,0,100,3400.0,2600,600,4.2,25.2,0.2,5,318.5608849,200,100,3.7,22.7,0.1,3,234.0615935,2300,400,5.4,26,0.1,32,-297.446094,1300,700,2.0,27.5,0.1
274.553707,1,AUTO,ARMED,5,AVAILABLE,UNAVAILABLE,UNAVAILABLE,199,4,ACTIVE,711,D_P3-A5.NC,D_P3-A5.NC,6,0.000668021,20,0.0005,1612515.148,468952.227,184.4,1979.9843,100,0.0,32,100,0,0,100,3400.0,2600,600,4.2,25.2,0.2,5,318.5609078,200,100,3.7,22.7,0.1,3,234.0615935,2300,400,5.4,26,0.1,32,-297.446094,1300,700,2.0,27.5,0.1
274.702033,1,AUTO,ARMED,5,AVAILABLE,UNAVAILABLE,UNAVAILABLE,199,4,ACTIVE,711,D_P3-A5.NC,D_P3-A5.NC,6,0.000668021,20,0.0005,1612515.148,468952.227,184.4,1979.9843,100,0.0,32,100,0,0,100,3400.0,2600,600,4.2,25.2,0.2,5,318.5608964,200,100,3.7,22.7,0.1,3,234.0615935,2300,400,5.4,26,0.1,32,-297.446094,1300,700,2.0,27.5,0.1
274.84749,1,AUTO,ARMED,5,AVAILABLE,UNAVAILABLE,UNAVAILABLE,199,4,ACTIVE,711,D_P3-A5.NC,D_P3-A5.NC,6,0.000668021,20,0.0005,1612515.148,468952.227,184.4,1979.9843,100,0.0,32,100,0,3,100,3400.0,2600,600,4.2,25.2,0.2,5,318.5608964,200,100,3.7,22.7,0.1,3,234.0615935,2300,400,5.4,26,0.1,32,-297.446094,1300,700,2.0,27.5,0.1
274.994265,1,AUTO,ARMED,5,AVAILABLE,UNAVAILABLE,UNAVAILABLE,203,4,ACTIVE,711,D_P3-A5.NC,D_P3-A5.NC,6,0.000668021,20,0.0005,1612515.148,468952.227,184.4,1979.9843,100,0.0,32,100,0,0,100,3400.0,2600,600,4.2,25.2,0.2,5,318.5608964,200,100,3.7,22.7,0.1,1,234.1885416,2300,400,5.4,26,0.1,32,-297.4461054,1300,700,2.0,27.5,0.1
275.141111,1,AUTO,ARMED,5,AVAILABLE,UNAVAILABLE,UNAVAILABLE,203,4,ACTIVE,711,D_P3-A5.NC,D_P3-A5.NC,6,0.000668021,20,0.0005,1612515.148,468952.227,184.4,1979.9843,100,0.0,32,100,0,1,100,3400.0,2600,600,4.2,25.2,0.2,5,318.5608964,200,100,3.7,22.7,0.1,0,234.1885531,2300,400,5.4,26,0.1,32,-297.446094,1300,700,2.0,27.5,0.1
275.290698,1,AUTO,ARMED,5,AVAILABLE,UNAVAILABLE,UNAVAILABLE,203,4,ACTIVE,711,D_P3-A5.NC,D_P3-A5.NC,6,0.000668021,20,0.0005,1612515.148,468952.227,184.4,1979.9843,100,0.0,32,100,0,1,100,3400.0,2900,600,4.7,25.2,0.2,5,318.5609078,500,100,3.7,22.7,0.1,0,234.1885645,1000,300,3.3,26,0.1,32,-297.446094,1400,700,2.1,27.5,0.1
275.442718,1,AUTO,ARMED,5,AVAILABLE,UNAVAILABLE,UNAVAILABLE,203,4,ACTIVE,711,D_P3-A5.NC,D_P3-A5.NC,6,0.000668021,20,0.0005,1612515.148,468952.227,184.4,2075.3323,100,0.0,33,100,0,1,100,3400.0,2900,600,4.7,25.2,0.2,5,318.5608964,500,100,3.7,22.7,0.1,0,234.1885874,1000,300,3.3,26,0.1,32,-297.446094,1400,700,2.1,27.5,0.1
275.579908,1,AUTO,ARMED,5,AVAILABLE,UNAVAILABLE,UNAVAILABLE,203,4,ACTIVE,711,D_P3-A5.NC,D_P3-A5.NC,6,0.000668021,20,0.0005,1612515.148,468952.227,184.4,2075.3323,100,0.0,33,100,0,0,100,3400.0,2900,600,4.7,25.2,0.2,5,318.5608964,500,100,3.7,22.7,0.1,0,234.1885988,1000,300,3.3,26,0.1,32,-297.4461054,1400,700,2.1,27.5,0.1
275.732548,1,AUTO,ARMED,5,AVAILABLE,UNAVAILABLE,UNAVAILABLE,203,4,ACTIVE,711,D_P3-A5.NC,D_P3-A5.NC,6,0.000668021,20,0.0005,1612515.148,468952.227,184.4,2075.3323,100,0.0,33,100,0,0,100,3400.0,2900,600,4.7,25.2,0.2,5,318.5608964,500,100,3.7,22.7,0.1,0,234.1885988,1000,300,3.3,26,0.1,32,-297.4461054,1400,700,2.1,27.5,0.1
275.879953,1,AUTO,ARMED,5,AVAILABLE,UNAVAILABLE,UNAVAILABLE,204,4,ACTIVE,711,D_P3-A5.NC,D_P3-A5.NC,6,0.000668021,20,0.0005,1612515.148,468952.227,184.4,2075.3323,100,0.0,33,100,0,2,100,3400.0,2900,600,4.7,25.2,0.2,5,318.5608849,500,100,3.7,22.7,0.1,0,234.1885874,1000,300,3.3,26,0.1,32,-297.4461054,1400,700,2.1,27.5,0.1
276.034653,1,AUTO,ARMED,5,AVAILABLE,UNAVAILABLE,UNAVAILABLE,204,4,ACTIVE,711,D_P3-A5.NC,D_P3-A5.NC,6,0.000668021,20,0.0005,1612515.148,468952.227,184.4,2075.3323,100,16.93333,33,100,0,2,100,3400.0,2900,600,4.7,25.2,0.2,9,321.7057141,500,100,3.7,22.7,0.1,0,234.1885988,1000,300,3.3,26,0.1,32,-297.446094,1400,700,2.1,27.5,0.1
276.188206,1,AUTO,ARMED,5,AVAILABLE,UNAVAILABLE,UNAVAILABLE,204,4,ACTIVE,711,D_P3-A5.NC,D_P3-A5.NC,6,0.000668021,20,0.0005,1612515.148,468952.227,184.4,2075.3323,100,16.93333,33,100,0,2,100,3400.0,2900,600,4.7,25.2,0.2,9,323.4499636,500,100,3.7,22.7,0.1,0,234.1885988,1000,300,3.3,26,0.1,32,-297.4461054,1400,700,2.1,27.5,0.1
276.334877,1,AUTO,ARMED,5,AVAILABLE,UNAVAILABLE,UNAVAILABLE,204,4,ACTIVE,711,D_P3-A5.NC,D_P3-A5.NC,6,0.000668021,20,0.0005,1612515.148,468952.227,184.4,2075.3323,100,16.93333,34,100,0,1,100,3400.0,2900,600,4.7,25.2,0.2,9,326.942365,500,100,3.7,22.7,0.1,0,234.1885988,1000,300,3.3,26,0.1,32,-297.446094,1400,700,2.1,27.5,0.1
276.484098,1,AUTO,ARMED,5,AVAILABLE,UNAVAILABLE,UNAVAILABLE,204,4,ACTIVE,711,D_P3-A5.NC,D_P3-A5.NC,6,0.000668021,20,0.0005,1612515.148,468952.227,184.4,2074.9939,100,16.93333,34,100,0,0,100,3400.0,2900,600,4.7,25.2,0.2,9,328.6865458,500,100,3.7,22.7,0.1,0,234.1885988,1000,300,3.3,26,0.1,32,-297.4461054,1400,700,2.1,27.5,0.1
276.63006,1,AUTO,ARMED,5,AVAILABLE,UNAVAILABLE,UNAVAILABLE,204,4,ACTIVE,711,D_P3-A5.NC,D_P3-A5.NC,6,0.000668021,20,0.0005,1612515.148,468952.227,184.4,2074.9939,100,16.93333,34,100,0,0,100,3400.0,2900,600,4.7,25.2,0.2,9,330.4303528,500,100,3.7,22.7,0.1,0,234.1885645,1000,300,3.3,26,0.1,32,-297.4461054,1400,700,2.1,27.5,0.1
276.782372,1,AUTO,ARMED,5,AVAILABLE,UNAVAILABLE,UNAVAILABLE,204,4,ACTIVE,711,D_P3-A5.NC,D_P3-A5.NC,6,0.000668021,20,0.0005,1612515.148,468952.227,184.4,2074.9939,100,16.93333,34,100,0,0,100,3400.0,3000,800,3.9,25.2,0.2,10,333.9275121,600,200,3.4,22.7,0.1,0,234.188576,1200,300,3.7,26,0.1,32,-297.446094,1500,700,2.3,27.5,0.1
276.927481,1,AUTO,ARMED,5,AVAILABLE,UNAVAILABLE,UNAVAILABLE,204,4,ACTIVE,711,D_P3-A5.NC,D_P3-A5.NC,6,0.000668021,20,0.0005,1612515.148,468952.227,184.4,2074.9939,100,16.93333,34,100,0,1,100,3400.0,3000,800,3.9,25.2,0.2,10,336.5394297,600,200,3.4,22.7,0.1,0,234.1886217,1200,300,3.7,26,0.1,32,-297.4461054,1500,700,2.3,27.5,0.1
277.076679,1,AUTO,ARMED,5,AVAILABLE,UNAVAILABLE,UNAVAILABLE,204,4,ACTIVE,711,D_P3-A5.NC,D_P3-A5.NC,6,0.000668021,20,0.0005,1612515.148,468952.227,184.4,2074.9939,100,16.93333,34,100,0,1,100,3400.0,3000,800,3.9,25.2,0.2,10,338.2876203,600,200,3.4,22.7,0.1,0,234.1886103,1200,300,3.7,26,0.1,32,-297.4461054,1500,700,2.3,27.5,0.1
277.216739,1,AUTO,ARMED,5,AVAILABLE,UNAVAILABLE,UNAVAILABLE,204,4,ACTIVE,711,D_P3-A5.NC,D_P3-A5.NC,6,0.000668021,20,0.0005,1612515.148,468952.227,184.4,2074.9939,100,16.93333,34,100,0,0,100,3400.0,3000,800,3.9,25.2,0.2,11,341.7799961,600,200,3.4,22.7,0.1,0,234.1885645,1200,300,3.7,26,0.1,32,-297.446094,1500,700,2.3,27.5,0.1
277.405735,1,AUTO,ARMED,5,AVAILABLE,UNAVAILABLE,UNAVAILABLE,204,4,ACTIVE,711,D_P3-A5.NC,D_P3-A5.NC,6,0.000668021,20,0.0005,1612515.148,468952.227,184.4,2074.9939,100,16.93333,35,100,0,0,100,3400.0,3000,800,3.9,25.2,0.2,11,343.5285414,600,200,3.4,22.7,0.1,0,234.1885874,1200,300,3.7,26,0.1,32,-297.446094,1500,700,2.3,27.5,0.1
277.549306,1,AUTO,ARMED,5,AVAILABLE,UNAVAILABLE,UNAVAILABLE,204,4,ACTIVE,711,D_P3-A5.NC,D_P3-A5.NC,6,0.000668021,20,0.0005,1612515.148,468952.227,184.4,2091.7136,100,16.93333,35,100,0,0,100,3400.0,3000,800,3.9,25.2,0.2,12,345.2729898,600,200,3.4,22.7,0.1,0,234.1885988,1200,300,3.7,26,0.1,32,-297.446094,1500,700,2.3,27.5,0.1
277.702364,1,AUTO,ARMED,5,AVAILABLE,UNAVAILABLE,UNAVAILABLE,204,4,ACTIVE,711,D_P3-A5.NC,D_P3-A5.NC,6,0.000668021,20,0.0005,1612515.148,468952.227,184.4,2091.7136,100,16.93333,35,100,0,0,100,3400.0,3000,800,3.9,25.2,0.2,12,347.0168889,600,200,3.4,22.7,0.1,0,234.1886103,1200,300,3.7,26,0.1,32,-297.4461054,1500,700,2.3,27.5,0.1
277.846493,1,AUTO,ARMED,5,AVAILABLE,UNAVAILABLE,UNAVAILABLE,204,4,ACTIVE,711,D_P3-A5.NC,D_P3-A5.NC,6,0.000668021,20,0.0005,1612515.148,468952.227,184.4,2091.7136,100,16.93333,35,100,0,0,100,3400.0,3000,800,3.9,25.2,0.2,10,352.2535414,600,200,3.4,22.7,0.1,0,234.1885988,1200,300,3.7,26,0.1,32,-297.4461054,1500,700,2.3,27.5,0.1
277.993042,1,AUTO,ARMED,5,AVAILABLE,UNAVAILABLE,UNAVAILABLE,204,4,ACTIVE,711,D_P3-A5.NC,D_P3-A5.NC,6,0.000668021,20,0.0005,1612515.148,468952.227,184.4,2091.7136,100,16.93333,35,100,0,1,100,3400.0,3000,800,3.9,25.2,0.2,11,353.9977494,600,200,3.4,22.7,0.1,0,234.188576,1200,300,3.7,26,0.1,32,-297.446094,1500,700,2.3,27.5,0.1
278.146308,1,AUTO,ARMED,5,AVAILABLE,UNAVAILABLE,UNAVAILABLE,204,4,ACTIVE,711,D_P3-A5.NC,D_P3-A5.NC,6,0.000668021,20,0.0005,1612515.148,468952.227,184.4,2091.7136,100,16.93333,35,100,0,1,100,3400.0,3000,800,3.9,25.2,0.2,11,355.74618,600,200,3.4,22.7,0.1,0,234.188576,1200,300,3.7,26,0.1,32,-297.4461054,1500,700,2.3,27.5,0.1
278.301282,1,AUTO,ARMED,5,AVAILABLE,UNAVAILABLE,UNAVAILABLE,204,4,ACTIVE,711,D_P3-A5.NC,D_P3-A5.NC,6,0.000668021,20,0.0005,1612515.148,468952.227,184.4,2091.7136,100,16.93333,35,100,0,0,100,3400.0,3000,800,3.9,25.2,0.2,10,359.2344383,600,200,3.4,22.7,0.1,0,234.1886446,1200,300,3.7,26,0.1,32,-297.4461054,1500,700,2.3,27.5,0.1
278.440254,1,AUTO,ARMED,5,AVAILABLE,UNAVAILABLE,UNAVAILABLE,204,4,ACTIVE,711,D_P3-A5.NC,D_P3-A5.NC,6,0.000668021,20,0.0005,1612515.148,468952.227,184.4,2091.7136,100,16.93333,36,100,0,0,100,3400.0,3000,800,3.9,25.2,0.2,9,360.9824183,600,200,3.4,22.7,0.1,0,234.1886103,1200,300,3.7,26,0.1,32,-297.446094,1500,700,2.3,27.5,0.1
278.581314,1,AUTO,ARMED,5,AVAILABLE,UNAVAILABLE,UNAVAILABLE,204,4,ACTIVE,711,D_P3-A5.NC,D_P3-A5.NC,6,0.000668021,20,0.0005,1612515.148,468952.227,184.4,2059.3411,100,16.93333,36,100,0,0,100,3400.0,3000,800,3.9,25.2,0.2,9,362.7306502,600,100,4.7,22.7,0.1,0,234.1885988,1100,300,3.6,26,0.1,32,-297.446094,1500,700,2.2,27.5,0.1
278.726783,1,AUTO,ARMED,5,AVAILABLE,UNAVAILABLE,UNAVAILABLE,204,4,ACTIVE,711,D_P3-A5.NC,D_P3-A5.NC,6,0.000668021,20,0.0005,1612515.148,468952.227,184.4,2059.3411,100,16.93333,36,100,0,1,100,3400.0,3000,800,3.9,25.2,0.2,9,367.9677468,600,100,4.7,22.7,0.1,0,234.1885874,1100,300,3.6,26,0.1,32,-297.446094,1500,700,2.2,27.5,0.1
278.871525,1,AUTO,ARMED,5,AVAILABLE,UNAVAILABLE,UNAVAILABLE,204,4,ACTIVE,711,D_P3-A5.NC,D_P3-A5.NC,6,0.000668021,20,0.0005,1612515.148,468952.227,184.4,2059.3411,100,16.93333,36,100,0,1,100,3400.0,3000,800,3.9,25.2,0.2,9,368.8399058,600,100,4.7,22.7,0.1,0,234.1886217,1100,300,3.6,26,0.1,32,-297.446094,1500,700,2.2,27.5,0.1
279.016038,1,AUTO,ARMED,5,AVAILABLE,UNAVAILABLE,UNAVAILABLE,204,4,ACTIVE,711,D_P3-A5.NC,D_P3-A5.NC,6,0.000668021,20,0.0005,1612515.148,468952.227,184.4,2059.3411,100,16.93333,36,100,0,0,100,3400.0,3000,800,3.9,25.2,0.2,9,370.5836744,600,100,4.7,22.7,0.1,0,234.1886446,1100,300,3.6,26,0.1,32,-297.4461054,1500,700,2.2,27.5,0.1
279.1667,1,AUTO,ARMED,5,AVAILABLE,UNAVAILABLE,UNAVAILABLE,204,4,ACTIVE,711,D_P3-A5.NC,D_P3-A5.NC,6,0.000668021,20,0.0005,1612515.148,468952.227,184.4,2059.3411,100,16.93333,36,100,0,0,100,3400.0,3000,800,3.9,25.2,0.2,9,372.336255,600,100,4.7,22.7,0.1,0,234.1886217,1100,300,3.6,26,0.1,32,-297.4461054,1500,700,2.2,27.5,0.1
279.317577,1,AUTO,ARMED,5,AVAILABLE,UNAVAILABLE,UNAVAILABLE,204,4,ACTIVE,711,D_P3-A5.NC,D_P3-A5.NC,6,0.000668021,20,0.0005,1612515.148,468952.227,184.4,2059.3411,100,16.93333,36,100,0,1,100,3400.0,3000,800,3.9,25.2,0.2,9,375.824456,600,100,4.7,22.7,0.1,0,234.1885416,1100,300,3.6,26,0.1,32,-297.4461054,1500,700,2.2,27.5,0.1
279.463935,1,AUTO,ARMED,5,AVAILABLE,UNAVAILABLE,UNAVAILABLE,204,4,ACTIVE,711,D_P3-A5.NC,D_P3-A5.NC,6,0.000668021,20,0.0005,1612515.148,468952.227,184.4,2059.3411,100,16.93333,37,100,0,1,100,3400.0,3000,800,3.9,25.2,0.2,10,379.3258063,600,100,4.7,22.7,0.1,0,234.1885988,1100,300,3.6,26,0.1,32,-297.446094,1500,700,2.2,27.5,0.1
279.608678,1,AUTO,ARMED,5,AVAILABLE,UNAVAILABLE,UNAVAILABLE,204,4,ACTIVE,711,D_P3-A5.NC,D_P3-A5.NC,6,0.000668021,20,0.0005,1612515.148,468952.227,184.4,2059.3411,100,16.93333,37,100,0,0,100,3400.0,3000,800,3.9,25.2,0.2,10,381.0615442,600,100,4.7,22.7,0.1,0,234.1886217,1100,300,3.6,26,0.1,32,-297.4461054,1500,700,2.2,27.5,0.1
279.765606,1,AUTO,ARMED,5,AVAILABLE,UNAVAILABLE,UNAVAILABLE,204,4,ACTIVE,711,D_P3-A5.NC,D_P3-A5.NC,6,0.000668021,20,0.0005,1612515.148,468952.227,184.4,1949.2642,100,16.93333,37,100,0,0,100,3400.0,3000,800,3.9,25.2,0.2,10,384.5536493,600,100,4.7,22.7,0.1,0,234.1885988,1100,300,3.6,26,0.1,32,-297.4461054,1500,700,2.2,27.5,0.1
279.907043,1,AUTO,ARMED,5,AVAILABLE,UNAVAILABLE,UNAVAILABLE,204,4,ACTIVE,711,D_P3-A5.NC,D_P3-A5.NC,6,0.000668021,20,0.0005,1612515.148,468952.227,184.4,1949.2642,100,16.93333,37,100,0,0,100,3400.0,3000,800,3.9,25.2,0.2,12,386.3021225,600,100,4.7,22.7,0.1,0,234.188576,1100,300,3.6,26,0.1,32,-297.446094,1500,700,2.2,27.5,0.1
280.049388,1,AUTO,ARMED,5,AVAILABLE,UNAVAILABLE,UNAVAILABLE,204,4,ACTIVE,711,D_P3-A5.NC,D_P3-A5.NC,6,0.000668021,20,0.0005,1612515.148,468952.227,184.4,1949.2642,100,16.93333,37,100,0,0,100,3400.0,2500,600,4.2,25.2,0.2,12,388.0507788,200,0,3.8,22.7,0.0,0,234.1886217,900,300,3.1,26,0.1,32,-297.446094,1200,700,1.9,27.5,0.1
280.190857,1,AUTO,ARMED,5,AVAILABLE,UNAVAILABLE,UNAVAILABLE,204,4,ACTIVE,711,D_P3-A5.NC,D_P3-A5.NC,6,0.000668021,20,0.0005,1612515.148,468952.227,184.4,1949.2642,100,16.93333,37,100,0,3,100,3400.0,2500,600,4.2,25.2,0.2,9,389.7945824,200,0,3.8,22.7,0.0,0,234.1886217,900,300,3.1,26,0.1,32,-297.4461054,1200,700,1.9,27.5,0.1
280.330587,1,AUTO,ARMED,5,AVAILABLE,UNAVAILABLE,UNAVAILABLE,204,4,ACTIVE,711,D_P3-A5.NC,D_P3-A5.NC,6,0.000668021,20,0.0005,1612515.148,468952.227,184.4,1949.2642,100,16.93333,37,100,0,0,100,3400.0,2500,600,4.2,25.2,0.2,9,395.0312351,200,0,3.8,22.7,0.0,0,234.1885988,900,300,3.1,26,0.1,32,-297.446094,1200,700,1.9,27.5,0.1
280.476889,1,AUTO,ARMED,5,AVAILABLE,UNAVAILABLE,UNAVAILABLE,204,4,ACTIVE,711,D_P3-A5.NC,D_P3-A5.NC,6,0.000668021,20,0.0005,1612515.148,468952.227,184.4,1949.2642,100,16.93333,38,100,0,1,100,3400.0,2500,600,4.2,25.2,0.2,10,396.7712734,200,0,3.8,22.7,0.0,0,234.1885988,900,300,3.1,26,0.1,32,-297.4461054,1200,700,1.9,27.5,0.1
280.627157,1,AUTO,ARMED,5,AVAILABLE,UNAVAILABLE,UNAVAILABLE,204,4,ACTIVE,711,D_P3-A5.NC,D_P3-A5.NC,6,0.000668021,20,0.0005,1612515.148,468952.227,184.4,1949.2642,100,12.61667,38,100,0,1,100,3400.0,2500,600,4.2,25.2,0.2,10,398.5194948,200,0,3.8,22.7,0.0,0,234.1885874,900,300,3.1,26,0.1,32,-297.4461054,1200,700,1.9,27.5,0.1
280.789861,1,AUTO,ARMED,5,AVAILABLE,UNAVAILABLE,UNAVAILABLE,205,4,ACTIVE,711,D_P3-A5.NC,D_P3-A5.NC,6,0.000668021,20,0.0005,1612515.148,468952.227,184.4,1956.2189,100,12.61667,38,100,0,1,100,3400.0,2500,600,4.2,25.2,0.2,9,399.8397338,200,0,3.8,22.7,0.0,0,234.1886103,900,300,3.1,26,0.1,32,-297.4461054,1200,700,1.9,27.5,0.1
280.927921,1,AUTO,ARMED,5,AVAILABLE,UNAVAILABLE,UNAVAILABLE,205,4,ACTIVE,711,D_P3-A5.NC,D_P3-A5.NC,6,0.000668021,20,0.0005,1612515.148,468952.227,184.4,1956.2189,100,0.0,38,100,0,0,100,3400.0,2500,600,4.2,25.2,0.2,7,399.840924,200,0,3.8,22.7,0.0,0,234.1886103,900,300,3.1,26,0.1,32,-297.4461054,1200,700,1.9,27.5,0.1
281.06839,1,AUTO,ARMED,5,AVAILABLE,UNAVAILABLE,UNAVAILABLE,205,4,ACTIVE,711,D_P3-A5.NC,D_P3-A5.NC,6,0.000668021,20,0.0005,1612515.148,468952.227,184.4,1956.2189,100,0.0,38,100,0,0,100,3400.0,2500,600,4.2,25.2,0.2,7,399.8409126,200,0,3.8,22.7,0.0,0,234.1885988,900,300,3.1,26,0.1,32,-297.446094,1200,700,1.9,27.5,0.1
281.208714,1,AUTO,ARMED,5,AVAILABLE,UNAVAILABLE,UNAVAILABLE,205,4,ACTIVE,711,D_P3-A5.NC,D_P3-A5.NC,6,0.000668021,20,0.0005,1612515.148,468952.227,184.4,1956.2189,100,0.0,38,100,0,0,100,3400.0,2500,600,4.2,25.2,0.2,7,399.8409126,200,0,3.8,22.7,0.0,0,234.1885874,900,300,3.1,26,0.1,32,-297.446094,1200,700,1.9,27.5,0.1
281.353098,1,AUTO,ARMED,5,AVAILABLE,UNAVAILABLE,UNAVAILABLE,205,4,ACTIVE,711,D_P3-A5.NC,D_P3-A5.NC,6,0.000668021,20,0.0005,1612515.148,468952.227,184.4,1956.2189,100,0.0,39,100,0,1,100,3400.0,2500,600,4.2,25.2,0.2,6,399.8409126,200,0,3.8,22.7,0.0,0,234.1885988,900,300,3.1,26,0.1,32,-297.4460825,1200,700,1.9,27.5,0.1
281.501079,1,AUTO,ARMED,5,AVAILABLE,UNAVAILABLE,UNAVAILABLE,205,4,ACTIVE,711,D_P3-A5.NC,D_P3-A5.NC,6,0.000668021,20,0.0005,1612515.148,468952.227,184.4,1956.2189,100,0.0,39,100,0,2,100,3400.0,3000,700,4.2,25.2,0.2,6,399.8409126,600,200,3.5,22.7,0.1,0,234.1885988,1500,400,3.4,26,0.1,32,-297.446094,1400,700,2.2,27.5,0.1
281.641,1,AUTO,ARMED,5,AVAILABLE,UNAVAILABLE,UNAVAILABLE,205,4,ACTIVE,711,D_P3-A5.NC,D_P3-A5.NC,6,0.000668021,20,0.0005,1612515.148,468952.227,184.4,1956.2189,100,0.0,39,100,0,2,100,3400.0,3000,700,4.2,25.2,0.2,6,399.8409011,600,200,3.5,22.7,0.1,0,234.1885988,1500,400,3.4,26,0.1,32,-297.4461054,1400,700,2.2,27.5,0.1
281.784903,1,AUTO,ARMED,5,AVAILABLE,UNAVAILABLE,UNAVAILABLE,205,4,ACTIVE,711,D_P3-A5.NC,D_P3-A5.NC,6,0.000668021,20,0.0005,1612515.148,468952.227,184.4,2081.7856,100,0.0,39,100,0,2,100,3400.0,3000,700,4.2,25.2,0.2,6,399.8408897,600,200,3.5,22.7,0.1,0,234.1885988,1500,400,3.4,26,0.1,32,-297.446094,1400,700,2.2,27.5,0.1
281.93062,1,AUTO,ARMED,5,AVAILABLE,UNAVAILABLE,UNAVAILABLE,207,4,ACTIVE,711,D_P3-A5.NC,D_P3-A5.NC,6,0.000668021,20,0.0005,1612515.148,468952.227,184.4,2081.7856,100,0.0,39,100,0,1,100,3400.0,3000,700,4.2,25.2,0.2,8,399.6837384,600,200,3.5,22.7,0.1,3,234.3137388,1500,400,3.4,26,0.1,32,-297.446094,1400,700,2.2,27.5,0.1
282.082773,1,AUTO,ARMED,5,AVAILABLE,UNAVAILABLE,UNAVAILABLE,207,4,ACTIVE,711,D_P3-A5.NC,D_P3-A5.NC,6,0.000668021,20,0.0005,1612515.148,468952.227,184.4,2081.7856,100,16.93333,39,100,0,1,100,3400.0,3000,700,4.2,25.2,0.2,8,394.5080656,600,200,3.5,22.7,0.1,3,234.3156385,1500,400,3.4,26,0.1,32,-297.446094,1400,700,2.2,27.5,0.1
282.231289,1,AUTO,ARMED,5,AVAILABLE,UNAVAILABLE,UNAVAILABLE,207,4,ACTIVE,711,D_P3-A5.NC,D_P3-A5.NC,6,0.000668021,20,0.0005,1612515.148,468952.227,184.4,2081.7856,100,16.93333,39,100,0,2,100,3400.0,3000,700,4.2,25.2,0.2,9,392.7678828,600,200,3.5,22.7,0.1,3,234.3156156,1500,400,3.4,26,0.1,32,-297.4461054,1400,700,2.2,27.5,0.1
282.372318,1,AUTO,ARMED,5,AVAILABLE,UNAVAILABLE,UNAVAILABLE,207,4,ACTIVE,711,D_P3-A5.NC,D_P3-A5.NC,6,0.000668021,20,0.0005,1612515.148,468952.227,184.4,2081.7856,100,16.93333,39,100,0,0,100,3400.0,3000,700,4.2,25.2,0.2,8,389.2712313,600,200,3.5,22.7,0.1,3,234.3156042,1500,400,3.4,26,0.1,32,-297.4461054,1400,700,2.2,27.5,0.1
282.588431,1,AUTO,ARMED,5,AVAILABLE,UNAVAILABLE,UNAVAILABLE,207,4,ACTIVE,711,D_P3-A5.NC,D_P3-A5.NC,6,0.000668021,20,0.0005,1612515.148,468952.227,184.4,2081.7856,100,16.93333,40,100,0,2,100,3400.0,3000,700,4.2,25.2,0.2,7,386.6506282,600,200,3.5,22.7,0.1,3,234.3154668,1500,400,3.4,26,0.1,32,-297.446094,1400,700,2.2,27.5,0.1
282.752888,1,AUTO,ARMED,5,AVAILABLE,UNAVAILABLE,UNAVAILABLE,207,4,ACTIVE,711,D_P3-A5.NC,D_P3-A5.NC,6,0.000668021,20,0.0005,1612515.148,468952.227,184.4,2081.7856,100,16.93333,40,100,0,2,100,3400.0,3000,700,4.2,25.2,0.2,7,384.9112008,600,200,3.5,22.7,0.1,3,234.3155698,1500,400,3.4,26,0.1,32,-297.446094,1400,700,2.2,27.5,0.1
282.902732,1,AUTO,ARMED,5,AVAILABLE,UNAVAILABLE,UNAVAILABLE,207,4,ACTIVE,711,D_P3-A5.NC,D_P3-A5.NC,6,0.000668021,20,0.0005,1612515.148,468952.227,184.4,2081.7856,100,16.93333,40,100,0,1,100,3400.0,3000,700,4.2,25.2,0.2,8,381.4145149,600,200,3.5,22.7,0.1,3,234.3155927,1500,400,3.4,26,0.1,32,-297.4461054,1400,700,2.2,27.5,0.1
283.048219,1,AUTO,ARMED,5,AVAILABLE,UNAVAILABLE,UNAVAILABLE,207,4,ACTIVE,711,D_P3-A5.NC,D_P3-A5.NC,6,0.000668021,20,0.0005,1612515.148,468952.227,184.4,2088.3958,100,16.93333,40,100,0,1,100,3400.0,2700,700,3.6,25.2,0.2,8,379.6699318,600,200,3.5,22.7,0.1,3,234.3156385,1400,500,3.0,26,0.1,32,-297.446094,1400,700,2.2,27.5,0.1
283.20372,1,AUTO,ARMED,5,AVAILABLE,UNAVAILABLE,UNAVAILABLE,207,4,ACTIVE,711,D_P3-A5.NC,D_P3-A5.NC,6,0.000668021,20,0.0005,1612515.148,468952.227,184.4,2088.3958,100,16.93333,40,100,0,1,100,3400.0,2700,700,3.6,25.2,0.2,8,377.9218371,600,200,3.5,22.7,0.1,3,234.3155927,1400,500,3.0,26,0.1,32,-297.4461054,1400,700,2.2,27.5,0.1
283.363796,1,AUTO,ARMED,5,AVAILABLE,UNAVAILABLE,UNAVAILABLE,207,4,ACTIVE,711,D_P3-A5.NC,D_P3-A5.NC,6,0.000668021,20,0.0005,1612515.148,468952.227,184.4,2088.3958,100,16.93333,41,100,0,2,100,3400.0,2700,700,3.6,25.2,0.2,8,372.6809289,600,200,3.5,22.7,0.1,3,234.3155927,1400,500,3.0,26,0.1,32,-297.4461054,1400,700,2.2,27.5,0.1
283.505819,1,AUTO,ARMED,5,AVAILABLE,UNAVAILABLE,UNAVAILABLE,207,4,ACTIVE,711,D_P3-A5.NC,D_P3-A5.NC,6,0.000668021,20,0.0005,1612515.148,468952.227,184.4,2088.3958,100,16.93333,41,100,0,2,100,3400.0,2700,700,3.6,25.2,0.2,8,370.9326282,600,200,3.5,22.7,0.1,3,234.3156042,1400,500,3.0,26,0.1,32,-297.446094,1400,700,2.2,27.5,0.1
283.662923,1,AUTO,ARMED,5,AVAILABLE,UNAVAILABLE,UNAVAILABLE,207,4,ACTIVE,711,D_P3-A5.NC,D_P3-A5.NC,6,0.000668021,20,0.0005,1612515.148,468952.227,184.4,2088.3958,100,16.93333,41,100,0,2,100,3400.0,2700,700,3.6,25.2,0.2,8,369.1926703,600,200,3.5,22.7,0.1,3,234.3156499,1400,500,3.0,26,0.1,32,-297.4461054,1400,700,2.2,27.5,0.1
283.804694,1,AUTO,ARMED,5,AVAILABLE,UNAVAILABLE,UNAVAILABLE,207,4,ACTIVE,711,D_P3-A5.NC,D_P3-A5.NC,6,0.000668021,20,0.0005,1612515.148,468952.227,184.4,2088.3958,100,16.93333,41,100,0,0,100,3400.0,2700,700,3.6,25.2,0.2,8,365.70004,600,200,3.5,22.7,0.1,3,234.3156042,1400,500,3.0,26,0.1,32,-297.4461054,1400,700,2.2,27.5,0.1
283.949986,1,AUTO,ARMED,5,AVAILABLE,UNAVAILABLE,UNAVAILABLE,207,4,ACTIVE,711,D_P3-A5.NC,D_P3-A5.NC,6,0.000668021,20,0.0005,1612515.148,468952.227,184.4,2088.3958,100,16.93333,41,100,0,2,100,3400.0,2700,700,3.6,25.2,0.2,8,363.9559393,600,200,3.5,22.7,0.1,3,234.3155584,1400,500,3.0,26,0.1,32,-297.4461054,1400,700,2.2,27.5,0.1
284.096768,1,AUTO,ARMED,5,AVAILABLE,UNAVAILABLE,UNAVAILABLE,207,4,ACTIVE,711,D_P3-A5.NC,D_P3-A5.NC,6,0.000668021,20,0.0005,1612515.148,468952.227,184.4,2086.9187,100,16.93333,41,100,0,2,100,3400.0,2700,700,3.6,25.2,0.2,8,362.203656,600,200,3.5,22.7,0.1,3,234.3156042,1400,500,3.0,26,0.1,32,-297.446094,1400,700,2.2,27.5,0.1
284.240069,1,AUTO,ARMED,5,AVAILABLE,UNAVAILABLE,UNAVAILABLE,207,4,ACTIVE,711,D_P3-A5.NC,D_P3-A5.NC,6,0.000668021,20,0.0005,1612515.148,468952.227,184.4,2086.9187,100,16.93333,41,100,0,0,100,3400.0,2700,700,3.6,25.2,0.2,7,356.9751304,600,200,3.5,22.7,0.1,3,234.3156499,1400,500,3.0,26,0.1,32,-297.446094,1400,700,2.2,27.5,0.1
284.381619,1,AUTO,ARMED,5,AVAILABLE,UNAVAILABLE,UNAVAILABLE,207,4,ACTIVE,711,D_P3-A5.NC,D_P3-A5.NC,6,0.000668021,20,0.0005,1612515.148,468952.227,184.4,2086.9187,100,16.93333,42,100,0,0,100,3400.0,2700,700,3.6,25.2,0.2,7,355.2224807,600,200,3.5,22.7,0.1,3,234.3155698,1400,500,3.0,26,0.1,32,-297.4461054,1400,700,2.2,27.5,0.1
284.522674,1,AUTO,ARMED,5,AVAILABLE,UNAVAILABLE,UNAVAILABLE,207,4,ACTIVE,711,D_P3-A5.NC,D_P3-A5.NC,6,0.000668021,20,0.0005,1612515.148,468952.227,184.4,2086.9187,100,16.93333,42,100,0,0,100,3400.0,2700,700,3.6,25.2,0.2,7,354.3545687,600,200,3.5,22.7,0.1,3,234.3156156,1400,500,3.0,26,0.1,32,-297.4461054,1400,700,2.2,27.5,0.1
284.668348,1,AUTO,ARMED,5,AVAILABLE,UNAVAILABLE,UNAVAILABLE,207,4,ACTIVE,711,D_P3-A5.NC,D_P3-A5.NC,6,0.000668021,20,0.0005,1612515.148,468952.227,184.4,2086.9187,100,16.93333,42,100,0,0,100,3400.0,2700,700,3.6,25.2,0.2,7,352.6107912,500,100,5.0,22.7,0.1,3,234.3155469,1600,500,3.3,26,0.1,32,-297.4461054,1400,700,2.1,27.5,0.1
284.815601,1,AUTO,ARMED,5,AVAILABLE,UNAVAILABLE,UNAVAILABLE,207,4,ACTIVE,711,D_P3-A5.NC,D_P3-A5.NC,6,0.000668021,20,0.0005,1612515.148,468952.227,184.4,2086.9187,100,16.93333,42,100,0,1,100,3400.0,2700,700,3.6,25.2,0.2,6,349.1144244,500,100,5.0,22.7,0.1,3,234.3156042,1600,500,3.3,26,0.1,32,-297.4461054,1400,700,2.1,27.5,0.1
284.961142,1,AUTO,ARMED,5,AVAILABLE,UNAVAILABLE,UNAVAILABLE,207,4,ACTIVE,711,D_P3-A5.NC,D_P3-A5.NC,6,0.000668021,20,0.0005,1612515.148,468952.227,184.4,2086.9187,100,16.93333,42,100,0,1,100,3400.0,2700,700,3.6,25.2,0.2,6,347.3697084,500,100,5.0,22.7,0.1,3,234.3155927,1600,500,3.3,26,0.1,32,-297.4461054,1400,700,2.1,27.5,0.1
285.106883,1,AUTO,ARMED,5,AVAILABLE,UNAVAILABLE,UNAVAILABLE,207,4,ACTIVE,711,D_P3-A5.NC,D_P3-A5.NC,6,0.000668021,20,0.0005,1612515.148,468952.227,184.4,1988.2855,100,16.93333,42,100,0,1,100,3400.0,2700,700,3.6,25.2,0.2,6,345.6256334,500,100,5.0,22.7,0.1,3,234.3156499,1600,500,3.3,26,0.1,32,-297.4461054,1400,700,2.1,27.5,0.1
285.256137,1,AUTO,ARMED,5,AVAILABLE,UNAVAILABLE,UNAVAILABLE,207,4,ACTIVE,711,D_P3-A5.NC,D_P3-A5.NC,6,0.000668021,20,0.0005,1612515.148,468952.227,184.4,1988.2855,100,16.93333,43,100,0,3,100,3400.0,2700,700,3.6,25.2,0.2,5,340.388968,500,100,5.0,22.7,0.1,3,234.3155813,1600,500,3.3,26,0.1,32,-297.446094,1400,700,2.1,27.5,0.1
285.410055,1,AUTO,ARMED,5,AVAILABLE,UNAVAILABLE,UNAVAILABLE,207,4,ACTIVE,711,D_P3-A5.NC,D_P3-A5.NC,6,0.000668021,20,0.0005,1612515.148,468952.227,184.4,1988.2855,100,16.93333,43,100,0,3,100,3400.0,2700,700,3.6,25.2,0.2,5,338.6364703,500,100,5.0,22.7,0.1,3,234.3156042,1600,500,3.3,26,0.1,32,-297.4461054,1400,700,2.1,27.5,0.1
285.556348,1,AUTO,ARMED,5,AVAILABLE,UNAVAILABLE,UNAVAILABLE,207,4,ACTIVE,711,D_P3-A5.NC,D_P3-A5.NC,6,0.000668021,20,0.0005,1612515.148,468952.227,184.4,1988.2855,100,16.93333,43,100,0,3,100,3400.0,2700,700,3.6,25.2,0.2,5,336.8925554,500,100,5.0,22.7,0.1,3,234.3156042,1600,500,3.3,26,0.1,32,-297.446094,1400,700,2.1,27.5,0.1
285.693115,1,AUTO,ARMED,5,AVAILABLE,UNAVAILABLE,UNAVAILABLE,207,4,ACTIVE,711,D_P3-A5.NC,D_P3-A5.NC,6,0.000668021,20,0.0005,1612515.148,468952.227,184.4,1988.2855,100,16.93333,43,100,0,0,100,3400.0,2700,700,3.6,25.2,0.2,7,333.3998049,500,100,5.0,22.7,0.1,3,234.3156042,1600,500,3.3,26,0.1,32,-297.4461054,1400,700,2.1,27.5,0.1
285.843146,1,AUTO,ARMED,5,AVAILABLE,UNAVAILABLE,UNAVAILABLE,207,4,ACTIVE,711,D_P3-A5.NC,D_P3-A5.NC,6,0.000668021,20,0.0005,1612515.148,468952.227,184.4,1988.2855,100,16.93333,43,100,0,0,100,3400.0,2700,700,3.6,25.2,0.2,8,331.6556269,500,100,5.0,22.7,0.1,3,234.3156271,1600,500,3.3,26,0.1,32,-297.446094,1400,700,2.1,27.5,0.1
285.981298,1,AUTO,ARMED,5,AVAILABLE,UNAVAILABLE,UNAVAILABLE,207,4,ACTIVE,711,D_P3-A5.NC,D_P3-A5.NC,6,0.000668021,20,0.0005,1612515.148,468952.227,184.4,1988.2855,100,16.93333,43,100,0,0,100,3400.0,2700,700,3.6,25.2,0.2,8,329.9117706,500,100,5.0,22.7,0.1,3,234.3156271,1600,500,3.3,26,0.1,32,-297.446094,1400,700,2.1,27.5,0.1
286.124508,1,AUTO,ARMED,5,AVAILABLE,UNAVAILABLE,UNAVAILABLE,207,4,ACTIVE,711,D_P3-A5.NC,D_P3-A5.NC,6,0.000668021,20,0.0005,1612515.148,468952.227,184.4,1988.2855,100,16.93333,43,100,0,1,100,3400.0,2700,700,3.6,25.2,0.2,9,326.4148335,500,100,5.0,22.7,0.1,3,234.3156156,1600,500,3.3,26,0.1,32,-297.4461054,1400,700,2.1,27.5,0.1
286.268553,1,AUTO,ARMED,5,AVAILABLE,UNAVAILABLE,UNAVAILABLE,207,4,ACTIVE,711,D_P3-A5.NC,D_P3-A5.NC,6,0.000668021,20,0.0005,1612515.148,468952.227,184.4,1987.3357,100,16.93333,43,100,0,1,100,3400.0,2500,600,4.3,25.2,0.2,8,322.9223369,200,100,4.3,22.7,0.1,3,234.3156042,1500,500,3.0,26,0.1,32,-297.4461054,1300,700,1.9,27.5,0.1
286.411552,1,AUTO,ARMED,5,AVAILABLE,UNAVAILABLE,UNAVAILABLE,207,4,ACTIVE,711,D_P3-A5.NC,D_P3-A5.NC,6,0.000668021,20,0.0005,1612515.148,468952.227,184.4,1987.3357,100,16.93333,44,100,0,2,100,3400.0,2500,600,4.3,25.2,0.2,9,322.0501885,200,100,4.3,22.7,0.1,3,234.3156042,1500,500,3.0,26,0.1,32,-297.4461054,1300,700,1.9,27.5,0.1
286.581452,1,AUTO,ARMED,5,AVAILABLE,UNAVAILABLE,UNAVAILABLE,207,4,ACTIVE,711,D_P3-A5.NC,D_P3-A5.NC,6,0.000668021,20,0.0005,1612515.148,468952.227,184.4,1987.3357,100,16.93333,44,100,0,2,100,3400.0,2500,600,4.3,25.2,0.2,9,320.3020232,200,100,4.3,22.7,0.1,3,234.3156042,1500,500,3.0,26,0.1,32,-297.4461054,1300,700,1.9,27.5,0.1
286.72793,1,AUTO,ARMED,5,AVAILABLE,UNAVAILABLE,UNAVAILABLE,207,4,ACTIVE,711,D_P3-A5.NC,D_P3-A5.NC,6,0.000668021,20,0.0005,1612515.148,468952.227,184.4,1987.3357,100,5.883333,44,100,0,3,100,3400.0,2500,600,4.3,25.2,0.2,6,318.5611138,200,100,4.3,22.7,0.1,3,234.3156042,1500,500,3.0,26,0.1,32,-297.4461054,1300,700,1.9,27.5,0.1
286.874739,1,AUTO,ARMED,5,AVAILABLE,UNAVAILABLE,UNAVAILABLE,208,4,ACTIVE,711,D_P3-A5.NC,D_P3-A5.NC,6,0.000668021,20,0.0005,1612515.148,468952.227,184.4,1987.3357,100,0.0,44,100,0,0,100,3400.0,2500,600,4.3,25.2,0.2,6,318.5608048,200,100,4.3,22.7,0.1,3,234.3156042,1500,500,3.0,26,0.1,32,-297.4461054,1300,700,1.9,27.5,0.1
287.021696,1,AUTO,ARMED,5,AVAILABLE,UNAVAILABLE,UNAVAILABLE,208,4,ACTIVE,711,D_P3-A5.NC,D_P3-A5.NC,6,0.000668021,20,0.0005,1612515.148,468952.227,184.4,1987.3357,100,0.0,44,100,0,0,100,3400.0,2500,600,4.3,25.2,0.2,6,318.560862,200,100,4.3,22.7,0.1,3,234.3156042,1500,500,3.0,26,0.1,32,-297.446094,1300,700,1.9,27.5,0.1
287.167838,1,AUTO,ARMED,5,AVAILABLE,UNAVAILABLE,UNAVAILABLE,208,4,ACTIVE,711,D_P3-A5.NC,D_P3-A5.NC,6,0.000668021,20,0.0005,1612515.148,468952.227,184.4,1990.569,100,0.0,44,100,0,0,100,3400.0,2500,600,4.3,25.2,0.2,5,318.5608964,200,100,4.3,22.7,0.1,3,234.3155927,1500,500,3.0,26,0.1,32,-297.446094,1300,700,1.9,27.5,0.1
287.308796,1,AUTO,ARMED,5,AVAILABLE,UNAVAILABLE,UNAVAILABLE,208,4,ACTIVE,711,D_P3-A5.NC,D_P3-A5.NC,6,0.000668021,20,0.0005,1612515.148,468952.227,184.4,1990.569,100,0.0,45,100,0,0,100,3400.0,2500,600,4.3,25.2,0.2,5,318.5609078,200,100,4.3,22.7,0.1,3,234.3155927,1500,500,3.0,26,0.1,32,-297.4461054,1300,700,1.9,27.5,0.1
287.449833,1,AUTO,ARMED,5,AVAILABLE,UNAVAILABLE,UNAVAILABLE,208,4,ACTIVE,711,D_P3-A5.NC,D_P3-A5.NC,6,0.000668021,20,0.0005,1612515.148,468952.227,184.4,1990.569,100,0.0,45,100,0,0,100,3400.0,2500,600,4.3,25.2,0.2,5,318.5608964,200,100,4.3,22.7,0.1,3,234.3156042,1500,500,3.0,26,0.1,32,-297.4461054,1300,700,1.9,27.5,0.1
287.594947,1,AUTO,ARMED,5,AVAILABLE,UNAVAILABLE,UNAVAILABLE,208,4,ACTIVE,711,D_P3-A5.NC,D_P3-A5.NC,6,0.000668021,20,0.0005,1612515.148,468952.227,184.4,1990.569,100,0.0,45,100,0,0,100,3400.0,2700,600,4.5,25.2,0.2,5,318.5608964,300,100,3.7,22.7,0.1,3,234.3156042,1000,300,3.5,26,0.1,32,-297.446094,1300,700,2.0,27.5,0.2
287.748196,1,AUTO,ARMED,5,AVAILABLE,UNAVAILABLE,UNAVAILABLE,208,4,ACTIVE,711,D_P3-A5.NC,D_P3-A5.NC,6,0.000668021,20,0.0005,1612515.148,468952.227,184.4,1990.569,100,0.0,45,100,0,2,100,3400.0,2700,600,4.5,25.2,0.2,5,318.5608964,300,100,3.7,22.7,0.1,6,234.4441888,1000,300,3.5,26,0.1,32,-297.4461054,1300,700,2.0,27.5,0.2
287.89487,1,AUTO,ARMED,5,AVAILABLE,UNAVAILABLE,UNAVAILABLE,212,4,ACTIVE,711,D_P3-A5.NC,D_P3-A5.NC,6,0.000668021,20,0.0005,1612515.148,468952.227,184.4,1990.569,100,0.0,45,100,0,1,100,3400.0,2700,600,4.5,25.2,0.2,5,318.5609078,300,100,3.7,22.7,0.1,0,234.4425408,1000,300,3.5,26,0.1,32,-297.446094,1300,700,2.0,27.5,0.2
288.04194,1,AUTO,ARMED,5,AVAILABLE,UNAVAILABLE,UNAVAILABLE,212,4,ACTIVE,711,D_P3-A5.NC,D_P3-A5.NC,6,0.000668021,20,0.0005,1612515.148,468952.227,184.4,1990.569,100,0.0,45,100,0,1,100,3400.0,2700,600,4.5,25.2,0.2,5,318.5609078,300,100,3.7,22.7,0.1,0,234.4425752,1000,300,3.5,26,0.1,32,-297.446094,1300,700,2.0,27.5,0.2
288.189532,1,AUTO,ARMED,5,AVAILABLE,UNAVAILABLE,UNAVAILABLE,212,4,ACTIVE,711,D_P3-A5.NC,D_P3-A5.NC,6,0.000668021,20,0.0005,1612515.148,468952.227,184.4,1990.569,100,0.0,45,100,0,0,100,3400.0,2700,600,4.5,25.2,0.2,5,318.5608964,300,100,3.7,22.7,0.1,0,234.4425866,1000,300,3.5,26,0.1,32,-297.4461054,1300,700,2.0,27.5,0.2
288.357984,1,AUTO,ARMED,5,AVAILABLE,UNAVAILABLE,UNAVAILABLE,212,4,ACTIVE,711,D_P3-A5.NC,D_P3-A5.NC,6,0.000668021,20,0.0005,1612515.148,468952.227,184.4,2115.4724,100,0.0,46,100,0,1,100,3400.0,2700,600,4.5,25.2,0.2,5,318.5608964,300,100,3.7,22.7,0.1,0,234.4425866,1000,300,3.5,26,0.1,32,-297.446094,1300,700,2.0,27.5,0.2
288.552788,1,AUTO,ARMED,5,AVAILABLE,UNAVAILABLE,UNAVAILABLE,212,4,ACTIVE,711,D_P3-A5.NC,D_P3-A5.NC,6,0.000668021,20,0.0005,1612515.148,468952.227,184.4,2115.4724,100,0.0,46,100,0,0,100,3400.0,2700,600,4.5,25.2,0.2,5,318.5609078,300,100,3.7,22.7,0.1,0,234.4425866,1000,300,3.5,26,0.1,32,-297.446094,1300,700,2.0,27.5,0.2
288.750006,1,AUTO,ARMED,5,AVAILABLE,UNAVAILABLE,UNAVAILABLE,213,4,ACTIVE,711,D_P3-A5.NC,D_P3-A5.NC,6,0.000668021,20,0.0005,1612515.148,468952.227,184.4,2115.4724,100,0.0,46,100,0,0,100,3400.0,2700,600,4.5,25.2,0.2,8,319.9290654,300,100,3.7,22.7,0.1,0,234.4426095,1000,300,3.5,26,0.1,32,-297.446094,1300,700,2.0,27.5,0.2
288.88921,1,AUTO,ARMED,5,AVAILABLE,UNAVAILABLE,UNAVAILABLE,213,4,ACTIVE,711,D_P3-A5.NC,D_P3-A5.NC,6,0.000668021,20,0.0005,1612515.148,468952.227,184.4,2115.4724,100,19.05,46,100,0,0,100,3400.0,2700,600,4.5,25.2,0.2,9,321.8905306,300,100,3.7,22.7,0.1,0,234.442598,1000,300,3.5,26,0.1,32,-297.4461054,1300,700,2.0,27.5,0.2
289.030359,1,AUTO,ARMED,5,AVAILABLE,UNAVAILABLE,UNAVAILABLE,213,4,ACTIVE,711,D_P3-A5.NC,D_P3-A5.NC,6,0.000668021,20,0.0005,1612515.148,468952.227,184.4,2115.4724,100,19.05,46,100,0,0,100,3400.0,2700,600,4.5,25.2,0.2,9,323.8527855,300,100,3.7,22.7,0.1,0,234.442598,1000,300,3.5,26,0.1,32,-297.446094,1300,700,2.0,27.5,0.2
289.172932,1,AUTO,ARMED,5,AVAILABLE,UNAVAILABLE,UNAVAILABLE,213,4,ACTIVE,711,D_P3-A5.NC,D_P3-A5.NC,6,0.000668021,20,0.0005,1612515.148,468952.227,184.4,2115.4724,100,19.05,46,100,0,0,100,3400.0,2700,600,4.5,25.2,0.2,9,325.8246537,300,100,3.7,22.7,0.1,0,234.4425866,1000,300,3.5,26,0.1,32,-297.446094,1300,700,2.0,27.5,0.2
289.326039,1,AUTO,ARMED,5,AVAILABLE,UNAVAILABLE,UNAVAILABLE,213,4,ACTIVE,711,D_P3-A5.NC,D_P3-A5.NC,6,0.000668021,20,0.0005,1612515.148,468952.227,184.4,2115.4724,100,19.05,46,100,0,2,100,3400.0,2800,800,3.6,25.2,0.2,8,329.7487057,600,200,3.6,22.7,0.1,0,234.442598,1300,400,3.6,26,0.1,32,-297.446094,1500,700,2.3,27.5,0.1
289.464655,1,AUTO,ARMED,5,AVAILABLE,UNAVAILABLE,UNAVAILABLE,213,4,ACTIVE,711,D_P3-A5.NC,D_P3-A5.NC,6,0.000668021,20,0.0005,1612515.148,468952.227,184.4,2094.5046,100,19.05,47,100,0,0,100,3400.0,2800,800,3.6,25.2,0.2,8,331.7157581,600,200,3.6,22.7,0.1,0,234.4425637,1300,400,3.6,26,0.1,32,-297.446094,1500,700,2.3,27.5,0.1
289.602697,1,AUTO,ARMED,5,AVAILABLE,UNAVAILABLE,UNAVAILABLE,213,4,ACTIVE,711,D_P3-A5.NC,D_P3-A5.NC,6,0.000668021,20,0.0005,1612515.148,468952.227,184.4,2094.5046,100,19.05,47,100,0,0,100,3400.0,2800,800,3.6,25.2,0.2,8,333.6778148,600,200,3.6,22.7,0.1,0,234.4426095,1300,400,3.6,26,0.1,32,-297.446094,1500,700,2.3,27.5,0.1
289.744973,1,AUTO,ARMED,5,AVAILABLE,UNAVAILABLE,UNAVAILABLE,213,4,ACTIVE,711,D_P3-A5.NC,D_P3-A5.NC,6,0.000668021,20,0.0005,1612515.148,468952.227,184.4,2094.5046,100,19.05,47,100,0,1,100,3400.0,2800,800,3.6,25.2,0.2,11,335.6398142,600,200,3.6,22.7,0.1,0,234.442598,1300,400,3.6,26,0.1,32,-297.4461054,1500,700,2.3,27.5,0.1
289.883117,1,AUTO,ARMED,5,AVAILABLE,UNAVAILABLE,UNAVAILABLE,213,4,ACTIVE,711,D_P3-A5.NC,D_P3-A5.NC,6,0.000668021,20,0.0005,1612515.148,468952.227,184.4,2094.5046,100,19.05,47,100,0,0,100,3400.0,2800,800,3.6,25.2,0.2,12,341.5360322,600,200,3.6,22.7,0.1,0,234.4425866,1300,400,3.6,26,0.1,32,-297.4461054,1500,700,2.3,27.5,0.1
290.039963,1,AUTO,ARMED,5,AVAILABLE,UNAVAILABLE,UNAVAILABLE,213,4,ACTIVE,711,D_P3-A5.NC,D_P3-A5.NC,6,0.000668021,20,0.0005,1612515.148,468952.227,184.4,2094.5046,100,19.05,47,100,0,0,100,3400.0,2800,800,3.6,25.2,0.2,12,343.5076904,600,200,3.6,22.7,0.1,0,234.442598,1300,400,3.6,26,0.1,32,-297.446094,1500,700,2.3,27.5,0.1
290.188126,1,AUTO,ARMED,5,AVAILABLE,UNAVAILABLE,UNAVAILABLE,213,4,ACTIVE,711,D_P3-A5.NC,D_P3-A5.NC,6,0.000668021,20,0.0005,1612515.148,468952.227,184.4,2094.5046,100,19.05,47,100,0,0,100,3400.0,2800,800,3.6,25.2,0.2,12,345.4650321,600,200,3.6,22.7,0.1,0,234.4426095,1300,400,3.6,26,0.1,32,-297.4461054,1500,700,2.3,27.5,0.1
290.328541,1,AUTO,ARMED,5,AVAILABLE,UNAVAILABLE,UNAVAILABLE,213,4,ACTIVE,711,D_P3-A5.NC,D_P3-A5.NC,6,0.000668021,20,0.0005,1612515.148,468952.227,184.4,2094.5046,100,19.05,48,100,0,0,100,3400.0,2800,800,3.6,25.2,0.2,12,348.4081401,600,200,3.6,22.7,0.1,0,234.442598,1300,400,3.6,26,0.1,32,-297.4461054,1500,700,2.3,27.5,0.1
290.478446,1,AUTO,ARMED,5,AVAILABLE,UNAVAILABLE,UNAVAILABLE,213,4,ACTIVE,711,D_P3-A5.NC,D_P3-A5.NC,6,0.000668021,20,0.0005,1612515.148,468952.227,184.4,2094.5046,100,19.05,48,100,0,0,100,3400.0,2800,800,3.6,25.2,0.2,12,350.379661,600,200,3.6,22.7,0.1,0,234.4426095,1300,400,3.6,26,0.1,32,-297.4461054,1500,700,2.3,27.5,0.1
290.618242,1,AUTO,ARMED,5,AVAILABLE,UNAVAILABLE,UNAVAILABLE,213,4,ACTIVE,711,D_P3-A5.NC,D_P3-A5.NC,6,0.000668021,20,0.0005,1612515.148,468952.227,184.4,2088.3696,100,19.05,48,100,0,0,100,3400.0,2800,800,3.6,25.2,0.2,12,352.3420724,600,200,3.6,22.7,0.1,0,234.4425523,1300,400,3.6,26,0.1,32,-297.4461054,1500,700,2.3,27.5,0.1
290.772135,1,AUTO,ARMED,5,AVAILABLE,UNAVAILABLE,UNAVAILABLE,213,4,ACTIVE,711,D_P3-A5.NC,D_P3-A5.NC,6,0.000668021,20,0.0005,1612515.148,468952.227,184.4,2088.3696,100,19.05,48,100,0,3,100,3400.0,2800,800,3.6,25.2,0.2,10,358.2335343,600,200,3.6,22.7,0.1,0,234.4426095,1300,400,3.6,26,0.1,32,-297.4461054,1500,700,2.3,27.5,0.1
290.921678,1,AUTO,ARMED,5,AVAILABLE,UNAVAILABLE,UNAVAILABLE,213,4,ACTIVE,711,D_P3-A5.NC,D_P3-A5.NC,6,0.000668021,20,0.0005,1612515.148,468952.227,184.4,2088.3696,100,19.05,48,100,0,0,100,3400.0,2900,800,3.7,25.2,0.2,10,360.1952883,600,200,3.8,22.7,0.1,0,234.4426324,1400,400,3.8,26,0.1,32,-297.4461054,1600,700,2.4,27.5,0.1
291.064003,1,AUTO,ARMED,5,AVAILABLE,UNAVAILABLE,UNAVAILABLE,213,4,ACTIVE,711,D_P3-A5.NC,D_P3-A5.NC,6,0.000668021,20,0.0005,1612515.148,468952.227,184.4,2088.3696,100,19.05,48,100,0,0,100,3400.0,2900,800,3.7,25.2,0.2,10,362.1573971,600,200,3.8,22.7,0.1,0,234.4426095,1400,400,3.8,26,0.1,32,-297.446094,1600,700,2.4,27.5,0.1
291.204297,1,AUTO,ARMED,5,AVAILABLE,UNAVAILABLE,UNAVAILABLE,213,4,ACTIVE,711,D_P3-A5.NC,D_P3-A5.NC,6,0.000668021,20,0.0005,1612515.148,468952.227,184.4,2088.3696,100,19.05,48,100,0,0,100,3400.0,2900,800,3.7,25.2,0.2,12,364.1291532,600,200,3.8,22.7,0.1,0,234.4425637,1400,400,3.8,26,0.1,32,-297.4461054,1600,700,2.4,27.5,0.1
291.372192,1,AUTO,ARMED,5,AVAILABLE,UNAVAILABLE,UNAVAILABLE,213,4,ACTIVE,711,D_P3-A5.NC,D_P3-A5.NC,6,0.000668021,20,0.0005,1612515.148,468952.227,184.4,2088.3696,100,19.05,48,100,0,0,100,3400.0,2900,800,3.7,25.2,0.2,11,368.0537256,600,200,3.8,22.7,0.1,0,234.4425866,1400,400,3.8,26,0.1,32,-297.4461054,1600,700,2.4,27.5,0.1
291.515753,1,AUTO,ARMED,5,AVAILABLE,UNAVAILABLE,UNAVAILABLE,213,4,ACTIVE,711,D_P3-A5.NC,D_P3-A5.NC,6,0.000668021,20,0.0005,1612515.148,468952.227,184.4,2088.3696,100,19.05,49,100,0,0,100,3400.0,2900,800,3.7,25.2,0.2,11,370.020618,600,200,3.8,22.7,0.1,0,234.4426095,1400,400,3.8,26,0.1,32,-297.4461054,1600,700,2.4,27.5,0.1
291.663851,1,AUTO,ARMED,5,AVAILABLE,UNAVAILABLE,UNAVAILABLE,213,4,ACTIVE,711,D_P3-A5.NC,D_P3-A5.NC,6,0.000668021,20,0.0005,1612515.148,468952.227,184.4,1986.5746,100,19.05,49,100,0,1,100,3400.0,2900,800,3.7,25.2,0.2,12,373.9447212,600,200,3.8,22.7,0.1,0,234.442598,1400,400,3.8,26,0.1,32,-297.4461054,1600,700,2.4,27.5,0.1
291.808101,1,AUTO,ARMED,5,AVAILABLE,UNAVAILABLE,UNAVAILABLE,213,4,ACTIVE,711,D_P3-A5.NC,D_P3-A5.NC,6,0.000668021,20,0.0005,1612515.148,468952.227,184.4,1986.5746,100,19.05,49,100,0,1,100,3400.0,2900,800,3.7,25.2,0.2,12,377.8831866,600,200,3.8,22.7,0.1,0,234.4425408,1400,400,3.8,26,0.1,32,-297.4461054,1600,700,2.4,27.5,0.1
291.949402,1,AUTO,ARMED,5,AVAILABLE,UNAVAILABLE,UNAVAILABLE,213,4,ACTIVE,711,D_P3-A5.NC,D_P3-A5.NC,6,0.000668021,20,0.0005,1612515.148,468952.227,184.4,1986.5746,100,19.05,49,100,0,0,100,3400.0,2900,800,3.7,25.2,0.2,11,379.8409695,600,200,3.8,22.7,0.1,0,234.442598,1400,400,3.8,26,0.1,32,-297.4461054,1600,700,2.4,27.5,0.1
292.10613,1,AUTO,ARMED,5,AVAILABLE,UNAVAILABLE,UNAVAILABLE,213,4,ACTIVE,711,D_P3-A5.NC,D_P3-A5.NC,6,0.000668021,20,0.0005,1612515.148,468952.227,184.4,1986.5746,100,19.05,49,100,0,1,100,3400.0,2900,800,3.7,25.2,0.2,13,382.7888672,600,200,3.8,22.7,0.1,0,234.4426095,1400,400,3.8,26,0.1,32,-297.4461054,1600,700,2.4,27.5,0.1
292.261525,1,AUTO,ARMED,5,AVAILABLE,UNAVAILABLE,UNAVAILABLE,213,4,ACTIVE,711,D_P3-A5.NC,D_P3-A5.NC,6,0.000668021,20,0.0005,1612515.148,468952.227,184.4,1986.5746,100,19.05,49,100,0,1,100,3400.0,2900,800,3.7,25.2,0.2,13,384.7509824,600,200,3.8,22.7,0.1,0,234.4426438,1400,400,3.8,26,0.1,32,-297.446094,1600,700,2.4,27.5,0.1
292.405843,1,AUTO,ARMED,5,AVAILABLE,UNAVAILABLE,UNAVAILABLE,213,4,ACTIVE,711,D_P3-A5.NC,D_P3-A5.NC,6,0.000668021,20,0.0005,1612515.148,468952.227,184.4,1986.5746,100,19.05,50,100,0,0,100,3400.0,2900,800,3.7,25.2,0.2,11,386.7130405,600,200,3.8,22.7,0.1,0,234.4426209,1400,400,3.8,26,0.1,32,-297.4461054,1600,700,2.4,27.5,0.1
292.556046,1,AUTO,ARMED,5,AVAILABLE,UNAVAILABLE,UNAVAILABLE,213,4,ACTIVE,711,D_P3-A5.NC,D_P3-A5.NC,6,0.000668021,20,0.0005,1612515.148,468952.227,184.4,1986.5746,100,19.05,50,100,0,0,100,3400.0,3000,600,5.0,25.2,0.2,9,388.6847009,200,100,4.3,22.7,0.0,0,234.4426209,1200,300,3.7,26,0.1,32,-297.446094,1300,700,1.9,27.5,0.1
292.704728,1,AUTO,ARMED,5,AVAILABLE,UNAVAILABLE,UNAVAILABLE,213,4,ACTIVE,711,D_P3-A5.NC,D_P3-A5.NC,6,0.000668021,20,0.0005,1612515.148,468952.227,184.4,1986.5746,100,19.05,50,100,0,0,100,3400.0,3000,600,5.0,25.2,0.2,9,394.5758193,200,100,4.3,22.7,0.0,0,234.4426095,1200,300,3.7,26,0.1,32,-297.446094,1300,700,1.9,27.5,0.1
292.843443,1,AUTO,ARMED,5,AVAILABLE,UNAVAILABLE,UNAVAILABLE,213,4,ACTIVE,711,D_P3-A5.NC,D_P3-A5.NC,6,0.000668021,20,0.0005,1612515.148,468952.227,184.4,1988.2075,100,19.05,50,100,0,0,100,3400.0,3000,600,5.0,25.2,0.2,9,396.538049,200,100,4.3,22.7,0.0,0,234.4426095,1200,300,3.7,26,0.1,32,-297.4461054,1300,700,1.9,27.5,0.1
292.983957,1,AUTO,ARMED,5,AVAILABLE,UNAVAILABLE,UNAVAILABLE,213,4,ACTIVE,711,D_P3-A5.NC,D_P3-A5.NC,6,0.000668021,20,0.0005,1612515.148,468952.227,184.4,1988.2075,100,19.05,50,100,0,0,100,3400.0,3000,600,5.0,25.2,0.2,9,398.5000956,200,100,4.3,22.7,0.0,0,234.442598,1200,300,3.7,26,0.1,32,-297.446094,1300,700,1.9,27.5,0.1
293.127584,1,AUTO,ARMED,5,AVAILABLE,UNAVAILABLE,UNAVAILABLE,213,4,ACTIVE,711,D_P3-A5.NC,D_P3-A5.NC,6,0.000668021,20,0.0005,1612515.148,468952.227,184.4,1988.2075,100,11.7,50,100,0,3,100,3400.0,3000,600,5.0,25.2,0.2,9,399.840512,200,100,4.3,22.7,0.0,0,234.4425866,1200,300,3.7,26,0.1,32,-297.446094,1300,700,1.9,27.5,0.1
293.281959,1,AUTO,ARMED,5,AVAILABLE,UNAVAILABLE,UNAVAILABLE,214,4,ACTIVE,711,D_P3-A5.NC,D_P3-A5.NC,6,0.000668021,20,0.0005,1612515.148,468952.227,184.4,1988.2075,100,0.0,51,100,0,1,100,3400.0,3000,600,5.0,25.2,0.2,8,399.8409927,200,100,4.3,22.7,0.0,0,234.442598,1200,300,3.7,26,0.1,32,-297.446094,1300,700,1.9,27.5,0.1
293.420636,1,AUTO,ARMED,5,AVAILABLE,UNAVAILABLE,UNAVAILABLE,214,4,ACTIVE,711,D_P3-A5.NC,D_P3-A5.NC,6,0.000668021,20,0.0005,1612515.148,468952.227,184.4,1988.2075,100,0.0,51,100,0,0,100,3400.0,3000,600,5.0,25.2,0.2,7,399.8409355,200,100,4.3,22.7,0.0,0,234.4426095,1200,300,3.7,26,0.1,32,-297.446094,1300,700,1.9,27.5,0.1
293.557182,1,AUTO,ARMED,5,AVAILABLE,UNAVAILABLE,UNAVAILABLE,214,4,ACTIVE,711,D_P3-A5.NC,D_P3-A5.NC,6,0.000668021,20,0.0005,1612515.148,468952.227,184.4,1988.2075,100,0.0,51,100,0,0,100,3400.0,3000,600,5.0,25.2,0.2,7,399.8409126,200,100,4.3,22.7,0.0,0,234.442598,1200,300,3.7,26,0.1,32,-297.446094,1300,700,1.9,27.5,0.1
293.699873,1,AUTO,ARMED,5,AVAILABLE,UNAVAILABLE,UNAVAILABLE,214,4,ACTIVE,711,D_P3-A5.NC,D_P3-A5.NC,6,0.000668021,20,0.0005,1612515.148,468952.227,184.4,1988.2075,100,0.0,51,100,0,0,100,3400.0,3000,600,5.0,25.2,0.2,6,399.8409011,200,100,4.3,22.7,0.0,0,234.4425866,1200,300,3.7,26,0.1,32,-297.4461054,1300,700,1.9,27.5,0.1
293.851603,1,AUTO,ARMED,5,AVAILABLE,UNAVAILABLE,UNAVAILABLE,214,4,ACTIVE,711,D_P3-A5.NC,D_P3-A5.NC,6,0.000668021,20,0.0005,1612515.148,468952.227,184.4,2123.6306,100,0.0,51,100,0,0,100,3400.0,3000,600,5.0,25.2,0.2,6,399.8409011,200,100,4.3,22.7,0.0,0,234.4425866,1200,300,3.7,26,0.1,32,-297.446094,1300,700,1.9,27.5,0.1
293.994886,1,AUTO,ARMED,5,AVAILABLE,UNAVAILABLE,UNAVAILABLE,214,4,ACTIVE,711,D_P3-A5.NC,D_P3-A5.NC,6,0.000668021,20,0.0005,1612515.148,468952.227,184.4,2123.6306,100,0.0,51,100,0,1,100,3400.0,2500,700,3.4,25.2,0.2,6,399.8408897,700,200,3.9,22.7,0.1,0,234.4426095,1100,300,3.4,26,0.1,32,-297.4461054,1500,700,2.3,27.5,0.1
294.132858,1,AUTO,ARMED,5,AVAILABLE,UNAVAILABLE,UNAVAILABLE,215,4,ACTIVE,711,D_P3-A5.NC,D_P3-A5.NC,6,0.000668021,20,0.0005,1612515.148,468952.227,184.4,2123.6306,100,0.0,51,100,0,1,100,3400.0,2500,700,3.4,25.2,0.2,6,399.5990005,700,200,3.9,22.7,0.1,0,234.5699009,1100,300,3.4,26,0.1,32,-297.446094,1500,700,2.3,27.5,0.1
294.270455,1,AUTO,ARMED,5,AVAILABLE,UNAVAILABLE,UNAVAILABLE,216,4,ACTIVE,711,D_P3-A5.NC,D_P3-A5.NC,6,0.000668021,20,0.0005,1612515.148,468952.227,184.4,2123.6306,100,19.05,51,100,0,2,100,3400.0,2500,700,3.4,25.2,0.2,10,397.6887583,700,200,3.9,22.7,0.1,3,234.5697178,1100,300,3.4,26,0.1,32,-297.446094,1500,700,2.3,27.5,0.1
294.407669,1,AUTO,ARMED,5,AVAILABLE,UNAVAILABLE,UNAVAILABLE,216,4,ACTIVE,711,D_P3-A5.NC,D_P3-A5.NC,6,0.000668021,20,0.0005,1612515.148,468952.227,184.4,2123.6306,100,19.05,52,100,0,2,100,3400.0,2500,700,3.4,25.2,0.2,10,393.7598793,700,200,3.9,22.7,0.1,3,234.5696491,1100,300,3.4,26,0.1,32,-297.4461054,1500,700,2.3,27.5,0.1
294.564796,1,AUTO,ARMED,5,AVAILABLE,UNAVAILABLE,UNAVAILABLE,216,4,ACTIVE,711,D_P3-A5.NC,D_P3-A5.NC,6,0.000668021,20,0.0005,1612515.148,468952.227,184.4,2123.6306,100,19.05,52,100,0,0,100,3400.0,2500,700,3.4,25.2,0.2,10,391.7976888,700,200,3.9,22.7,0.1,3,234.5696148,1100,300,3.4,26,0.1,32,-297.4461054,1500,700,2.3,27.5,0.1
294.7047,1,AUTO,ARMED,5,AVAILABLE,UNAVAILABLE,UNAVAILABLE,216,4,ACTIVE,711,D_P3-A5.NC,D_P3-A5.NC,6,0.000668021,20,0.0005,1612515.148,468952.227,184.4,2123.6306,100,19.05,52,100,0,0,100,3400.0,2500,700,3.4,25.2,0.2,10,389.8358759,700,200,3.9,22.7,0.1,3,234.5696034,1100,300,3.4,26,0.1,32,-297.446094,1500,700,2.3,27.5,0.1
294.849943,1,AUTO,ARMED,5,AVAILABLE,UNAVAILABLE,UNAVAILABLE,216,4,ACTIVE,711,D_P3-A5.NC,D_P3-A5.NC,6,0.000668021,20,0.0005,1612515.148,468952.227,184.4,2123.6306,100,19.05,52,100,0,0,100,3400.0,2500,700,3.4,25.2,0.2,9,387.8637283,700,200,3.9,22.7,0.1,3,234.569569,1100,300,3.4,26,0.1,32,-297.4461054,1500,700,2.3,27.5,0.1
294.991699,1,AUTO,ARMED,5,AVAILABLE,UNAVAILABLE,UNAVAILABLE,216,4,ACTIVE,711,D_P3-A5.NC,D_P3-A5.NC,6,0.000668021,20,0.0005,1612515.148,468952.227,184.4,2104.2178,100,19.05,52,100,0,0,100,3400.0,2500,700,3.4,25.2,0.2,8,381.9726589,700,200,3.9,22.7,0.1,3,234.5695919,1100,300,3.4,26,0.1,32,-297.446094,1500,700,2.3,27.5,0.1
295.131551,1,AUTO,ARMED,5,AVAILABLE,UNAVAILABLE,UNAVAILABLE,216,4,ACTIVE,711,D_P3-A5.NC,D_P3-A5.NC,6,0.000668021,20,0.0005,1612515.148,468952.227,184.4,2104.2178,100,19.05,52,100,0,0,100,3400.0,2500,700,3.4,25.2,0.2,6,380.0106701,700,200,3.9,22.7,0.1,4,234.5695576,1100,300,3.4,26,0.1,32,-297.4461054,1500,700,2.3,27.5,0.1
295.273946,1,AUTO,ARMED,5,AVAILABLE,UNAVAILABLE,UNAVAILABLE,216,4,ACTIVE,711,D_P3-A5.NC,D_P3-A5.NC,6,0.000668021,20,0.0005,1612515.148,468952.227,184.4,2104.2178,100,19.05,52,100,0,0,100,3400.0,2500,700,3.4,25.2,0.2,6,378.0486956,700,200,3.9,22.7,0.1,4,234.5696034,1100,300,3.4,26,0.1,32,-297.4461054,1500,700,2.3,27.5,0.1
295.415702,1,AUTO,ARMED,5,AVAILABLE,UNAVAILABLE,UNAVAILABLE,216,4,ACTIVE,711,D_P3-A5.NC,D_P3-A5.NC,6,0.000668021,20,0.0005,1612515.148,468952.227,184.4,2104.2178,100,19.05,53,100,0,1,100,3400.0,3200,800,4.2,25.2,0.2,6,376.0864464,600,200,3.7,22.7,0.1,4,234.5696034,1200,300,3.6,26,0.1,32,-297.446094,1500,700,2.2,27.5,0.1
295.559605,1,AUTO,ARMED,5,AVAILABLE,UNAVAILABLE,UNAVAILABLE,216,4,ACTIVE,711,D_P3-A5.NC,D_P3-A5.NC,6,0.000668021,20,0.0005,1612515.148,468952.227,184.4,2104.2178,100,19.05,53,100,0,1,100,3400.0,3200,800,4.2,25.2,0.2,6,374.1150075,600,200,3.7,22.7,0.1,4,234.5696034,1200,300,3.6,26,0.1,32,-297.4461054,1500,700,2.2,27.5,0.1
295.71683,1,AUTO,ARMED,5,AVAILABLE,UNAVAILABLE,UNAVAILABLE,216,4,ACTIVE,711,D_P3-A5.NC,D_P3-A5.NC,6,0.000668021,20,0.0005,1612515.148,468952.227,184.4,2104.2178,100,19.05,53,100,0,3,100,3400.0,3200,800,4.2,25.2,0.2,7,368.2235449,600,200,3.7,22.7,0.1,3,234.5696034,1200,300,3.6,26,0.1,32,-297.4461054,1500,700,2.2,27.5,0.1
295.866451,1,AUTO,ARMED,5,AVAILABLE,UNAVAILABLE,UNAVAILABLE,216,4,ACTIVE,711,D_P3-A5.NC,D_P3-A5.NC,6,0.000668021,20,0.0005,1612515.148,468952.227,184.4,2104.2178,100,19.05,53,100,0,3,100,3400.0,3200,800,4.2,25.2,0.2,7,367.2423345,600,200,3.7,22.7,0.1,3,234.5695576,1200,300,3.6,26,0.1,32,-297.446094,1500,700,2.2,27.5,0.1
296.010728,1,AUTO,ARMED,5,AVAILABLE,UNAVAILABLE,UNAVAILABLE,216,4,ACTIVE,711,D_P3-A5.NC,D_P3-A5.NC,6,0.000668021,20,0.0005,1612515.148,468952.227,184.4,2103.8274,100,19.05,53,100,0,0,100,3400.0,3200,800,4.2,25.2,0.2,8,365.2801997,600,200,3.7,22.7,0.1,3,234.5696148,1200,300,3.6,26,0.1,32,-297.446094,1500,700,2.2,27.5,0.1
296.157978,1,AUTO,ARMED,5,AVAILABLE,UNAVAILABLE,UNAVAILABLE,216,4,ACTIVE,711,D_P3-A5.NC,D_P3-A5.NC,6,0.000668021,20,0.0005,1612515.148,468952.227,184.4,2103.8274,100,19.05,53,100,0,0,100,3400.0,3200,800,4.2,25.2,0.2,8,361.3511236,600,200,3.7,22.7,0.1,3,234.5695919,1200,300,3.6,26,0.1,32,-297.4461054,1500,700,2.2,27.5,0.1
296.294692,1,AUTO,ARMED,5,AVAILABLE,UNAVAILABLE,UNAVAILABLE,216,4,ACTIVE,711,D_P3-A5.NC,D_P3-A5.NC,6,0.000668021,20,0.0005,1612515.148,468952.227,184.4,2103.8274,100,19.05,53,100,0,0,100,3400.0,3200,800,4.2,25.2,0.2,8,359.3888744,600,200,3.7,22.7,0.1,3,234.5696491,1200,300,3.6,26,0.1,32,-297.4461054,1500,700,2.2,27.5,0.1
296.43633,1,AUTO,ARMED,5,AVAILABLE,UNAVAILABLE,UNAVAILABLE,216,4,ACTIVE,711,D_P3-A5.NC,D_P3-A5.NC,6,0.000668021,20,0.0005,1612515.148,468952.227,184.4,2103.8274,100,19.05,54,100,0,0,100,3400.0,3200,800,4.2,25.2,0.2,8,357.426877,600,200,3.7,22.7,0.1,3,234.5695919,1200,300,3.6,26,0.1,32,-297.4461054,1500,700,2.2,27.5,0.1
296.574696,1,AUTO,ARMED,5,AVAILABLE,UNAVAILABLE,UNAVAILABLE,216,4,ACTIVE,711,D_P3-A5.NC,D_P3-A5.NC,6,0.000668021,20,0.0005,1612515.148,468952.227,184.4,2103.8274,100,19.05,54,100,0,0,100,3400.0,3200,800,4.2,25.2,0.2,8,353.493008,600,200,3.7,22.7,0.1,3,234.5695805,1200,300,3.6,26,0.1,32,-297.446094,1500,700,2.2,27.5,0.1
296.720543,1,AUTO,ARMED,5,AVAILABLE,UNAVAILABLE,UNAVAILABLE,216,4,ACTIVE,711,D_P3-A5.NC,D_P3-A5.NC,6,0.000668021,20,0.0005,1612515.148,468952.227,184.4,2103.8274,100,19.05,54,100,0,1,100,3400.0,3200,800,4.2,25.2,0.2,8,349.5592005,600,200,3.7,22.7,0.1,3,234.5696148,1200,300,3.6,26,0.1,32,-297.446094,1500,700,2.2,27.5,0.1
296.870185,1,AUTO,ARMED,5,AVAILABLE,UNAVAILABLE,UNAVAILABLE,216,4,ACTIVE,711,D_P3-A5.NC,D_P3-A5.NC,6,0.000668021,20,0.0005,1612515.148,468952.227,184.4,2103.8274,100,19.05,54,100,0,2,100,3400.0,3200,800,4.2,25.2,0.2,7,347.5923025,600,200,3.7,22.7,0.1,3,234.5696148,1200,300,3.6,26,0.1,32,-297.446094,1500,700,2.2,27.5,0.1
297.011835,1,AUTO,ARMED,5,AVAILABLE,UNAVAILABLE,UNAVAILABLE,216,4,ACTIVE,711,D_P3-A5.NC,D_P3-A5.NC,6,0.000668021,20,0.0005,1612515.148,468952.227,184.4,2103.8274,100,19.05,54,100,0,2,100,3400.0,2200,600,3.6,25.2,0.2,7,345.6348113,300,100,3.7,22.7,0.0,3,234.5696034,1000,300,3.1,26,0.1,32,-297.4461054,1300,700,2.1,27.5,0.1
297.154704,1,AUTO,ARMED,5,AVAILABLE,UNAVAILABLE,UNAVAILABLE,216,4,ACTIVE,711,D_P3-A5.NC,D_P3-A5.NC,6,0.000668021,20,0.0005,1612515.148,468952.227,184.4,1946.2522,100,19.05,54,100,0,0,100,3400.0,2200,600,3.6,25.2,0.2,7,343.6676845,300,100,3.7,22.7,0.0,3,234.5696034,1000,300,3.1,26,0.1,32,-297.4461054,1300,700,2.1,27.5,0.1
297.293605,1,AUTO,ARMED,5,AVAILABLE,UNAVAILABLE,UNAVAILABLE,216,4,ACTIVE,711,D_P3-A5.NC,D_P3-A5.NC,6,0.000668021,20,0.0005,1612515.148,468952.227,184.4,1946.2522,100,19.05,55,100,0,0,100,3400.0,2200,600,3.6,25.2,0.2,8,337.7768093,300,100,3.7,22.7,0.0,3,234.5695919,1000,300,3.1,26,0.1,32,-297.4461054,1300,700,2.1,27.5,0.1
297.443433,1,AUTO,ARMED,5,AVAILABLE,UNAVAILABLE,UNAVAILABLE,216,4,ACTIVE,711,D_P3-A5.NC,D_P3-A5.NC,6,0.000668021,20,0.0005,1612515.148,468952.227,184.4,1946.2522,100,19.05,55,100,0,0,100,3400.0,2200,600,3.6,25.2,0.2,6,335.8148893,300,100,3.7,22.7,0.0,4,234.5695919,1000,300,3.1,26,0.1,32,-297.4461054,1300,700,2.1,27.5,0.1
297.590297,1,AUTO,ARMED,5,AVAILABLE,UNAVAILABLE,UNAVAILABLE,216,4,ACTIVE,711,D_P3-A5.NC,D_P3-A5.NC,6,0.000668021,20,0.0005,1612515.148,468952.227,184.4,1946.2522,100,19.05,55,100,0,0,100,3400.0,2200,600,3.6,25.2,0.2,6,333.8524201,300,100,3.7,22.7,0.0,4,234.5696491,1000,300,3.1,26,0.1,32,-297.4461054,1300,700,2.1,27.5,0.1
297.729889,1,AUTO,ARMED,5,AVAILABLE,UNAVAILABLE,UNAVAILABLE,216,4,ACTIVE,711,D_P3-A5.NC,D_P3-A5.NC,6,0.000668021,20,0.0005,1612515.148,468952.227,184.4,1946.2522,100,19.05,55,100,0,1,100,3400.0,2200,600,3.6,25.2,0.2,6,332.8712026,300,100,3.7,22.7,0.0,3,234.5695919,1000,300,3.1,26,0.1,32,-297.4461054,1300,700,2.1,27.5,0.1
297.877439,1,AUTO,ARMED,5,AVAILABLE,UNAVAILABLE,UNAVAILABLE,216,4,ACTIVE,711,D_P3-A5.NC,D_P3-A5.NC,6,0.000668021,20,0.0005,1612515.148,468952.227,184.4,1946.2522,100,19.05,55,100,0,0,100,3400.0,2200,600,3.6,25.2,0.2,10,328.9423658,300,100,3.7,22.7,0.0,3,234.5696148,1000,300,3.1,26,0.1,32,-297.446094,1300,700,2.1,27.5,0.1
298.022783,1,AUTO,ARMED,5,AVAILABLE,UNAVAILABLE,UNAVAILABLE,216,4,ACTIVE,711,D_P3-A5.NC,D_P3-A5.NC,6,0.000668021,20,0.0005,1612515.148,468952.227,184.4,1946.2522,100,19.05,55,100,0,0,100,3400.0,2200,600,3.6,25.2,0.2,10,326.980129,300,100,3.7,22.7,0.0,3,234.5696148,1000,300,3.1,26,0.1,32,-297.446094,1300,700,2.1,27.5,0.1
298.168266,1,AUTO,ARMED,5,AVAILABLE,UNAVAILABLE,UNAVAILABLE,216,4,ACTIVE,711,D_P3-A5.NC,D_P3-A5.NC,6,0.000668021,20,0.0005,1612515.148,468952.227,184.4,1993.7633,100,19.05,55,100,0,1,100,3400.0,2200,600,3.6,25.2,0.2,9,323.0462821,300,100,3.7,22.7,0.0,3,234.5696034,1000,300,3.1,26,0.1,32,-297.4461054,1300,700,2.1,27.5,0.1
298.32327,1,AUTO,ARMED,5,AVAILABLE,UNAVAILABLE,UNAVAILABLE,216,4,ACTIVE,711,D_P3-A5.NC,D_P3-A5.NC,6,0.000668021,20,0.0005,1612515.148,468952.227,184.4,1993.7633,100,19.05,56,100,0,2,100,3400.0,2200,600,3.6,25.2,0.2,10,319.1246811,300,100,3.7,22.7,0.0,3,234.5696034,1000,300,3.1,26,0.1,32,-297.4461054,1300,700,2.1,27.5,0.1
298.462678,1,AUTO,ARMED,5,AVAILABLE,UNAVAILABLE,UNAVAILABLE,216,4,ACTIVE,711,D_P3-A5.NC,D_P3-A5.NC,6,0.000668021,20,0.0005,1612515.148,468952.227,184.4,1993.7633,100,12.7,56,100,0,2,100,3400.0,2200,600,3.6,25.2,0.2,10,318.561995,300,100,3.7,22.7,0.0,3,234.5695919,1000,300,3.1,26,0.1,32,-297.446094,1300,700,2.1,27.5,0.1
298.605873,1,AUTO,ARMED,5,AVAILABLE,UNAVAILABLE,UNAVAILABLE,217,4,ACTIVE,711,D_P3-A5.NC,D_P3-A5.NC,6,0.000668021,20,0.0005,1612515.148,468952.227,184.4,1993.7633,100,0.0,56,100,0,0,100,3400.0,2200,600,3.6,25.2,0.2,7,318.5608162,300,100,3.7,22.7,0.0,3,234.5696034,1000,300,3.1,26,0.1,32,-297.446094,1300,700,2.1,27.5,0.1
298.749715,1,AUTO,ARMED,5,AVAILABLE,UNAVAILABLE,UNAVAILABLE,217,4,ACTIVE,711,D_P3-A5.NC,D_P3-A5.NC,6,0.000668021,20,0.0005,1612515.148,468952.227,184.4,1993.7633,100,0.0,56,100,0,0,100,3400.0,2700,600,4.4,25.2,0.2,7,318.5608391,200,100,4.1,22.7,0.1,3,234.5696034,1400,400,3.8,26,0.1,32,-297.446094,1300,700,1.9,27.5,0.1
298.89604,1,AUTO,ARMED,5,AVAILABLE,UNAVAILABLE,UNAVAILABLE,217,4,ACTIVE,711,D_P3-A5.NC,D_P3-A5.NC,6,0.000668021,20,0.0005,1612515.148,468952.227,184.4,1993.7633,100,0.0,56,100,0,1,100,3400.0,2700,600,4.4,25.2,0.2,5,318.5608849,200,100,4.1,22.7,0.1,3,234.5696034,1400,400,3.8,26,0.1,32,-297.446094,1300,700,1.9,27.5,0.1
299.040354,1,AUTO,ARMED,5,AVAILABLE,UNAVAILABLE,UNAVAILABLE,217,4,ACTIVE,711,D_P3-A5.NC,D_P3-A5.NC,6,0.000668021,20,0.0005,1612515.148,468952.227,184.4,1993.7633,100,0.0,56,100,0,1,100,3400.0,2700,600,4.4,25.2,0.2,5,318.5608964,200,100,4.1,22.7,0.1,3,234.5696034,1400,400,3.8,26,0.1,32,-297.446094,1300,700,1.9,27.5,0.1
299.184694,1,AUTO,ARMED,5,AVAILABLE,UNAVAILABLE,UNAVAILABLE,217,4,ACTIVE,711,D_P3-A5.NC,D_P3-A5.NC,6,0.000668021,20,0.0005,1612515.148,468952.227,184.4,1993.7633,100,0.0,56,100,0,2,100,3400.0,2700,600,4.4,25.2,0.2,5,318.5609078,200,100,4.1,22.7,0.1,3,234.5695919,1400,400,3.8,26,0.1,32,-297.446094,1300,700,1.9,27.5,0.1
299.327429,1,AUTO,ARMED,5,AVAILABLE,UNAVAILABLE,UNAVAILABLE,217,4,ACTIVE,711,D_P3-A5.NC,D_P3-A5.NC,6,0.000668021,20,0.0005,1612515.148,468952.227,184.4,1983.7122,100,0.0,56,100,0,2,100,3400.0,2700,600,4.4,25.2,0.2,5,318.5608964,200,100,4.1,22.7,0.1,3,234.5696034,1400,400,3.8,26,0.1,32,-297.4461054,1300,700,1.9,27.5,0.1
299.47681,1,AUTO,ARMED,5,AVAILABLE,UNAVAILABLE,UNAVAILABLE,220,4,ACTIVE,711,D_P3-A5.NC,D_P3-A5.NC,6,0.000668021,20,0.0005,1612515.148,468952.227,184.4,1983.7122,100,0.0,57,100,0,2,100,3400.0,2700,600,4.4,25.2,0.2,5,318.5608964,200,100,4.1,22.7,0.1,3,234.7017241,1400,400,3.8,26,0.1,32,-297.4461054,1300,700,1.9,27.5,0.1
299.619696,1,AUTO,ARMED,5,AVAILABLE,UNAVAILABLE,UNAVAILABLE,221,4,ACTIVE,711,D_P3-A5.NC,D_P3-A5.NC,6,0.000668021,20,0.0005,1612515.148,468952.227,184.4,1983.7122,100,0.0,57,100,0,3,100,3400.0,2700,600,4.4,25.2,0.2,5,318.5608964,200,100,4.1,22.7,0.1,1,234.6975585,1400,400,3.8,26,0.1,32,-297.446094,1300,700,1.9,27.5,0.1
299.761177,1,AUTO,ARMED,5,AVAILABLE,UNAVAILABLE,UNAVAILABLE,221,4,ACTIVE,711,D_P3-A5.NC,D_P3-A5.NC,6,0.000668021,20,0.0005,1612515.148,468952.227,184.4,1983.7122,100,0.0,57,100,0,3,100,3400.0,2700,600,4.4,25.2,0.2,5,318.5608849,200,100,4.1,22.7,0.1,1,234.69654,1400,400,3.8,26,0.1,32,-297.446094,1300,700,1.9,27.5,0.1
299.904162,1,AUTO,ARMED,5,AVAILABLE,UNAVAILABLE,UNAVAILABLE,221,4,ACTIVE,711,D_P3-A5.NC,D_P3-A5.NC,6,0.000668021,20,0.0005,1612515.148,468952.227,184.4,1983.7122,100,0.0,57,100,0,1,100,3400.0,2700,600,4.4,25.2,0.2,6,318.5608964,200,100,4.1,22.7,0.1,0,234.6965744,1400,400,3.8,26,0.1,32,-297.446094,1300,700,1.9,27.5,0.1
300.045761,1,AUTO,ARMED,5,AVAILABLE,UNAVAILABLE,UNAVAILABLE,221,4,ACTIVE,711,D_P3-A5.NC,D_P3-A5.NC,6,0.000668021,20,0.0005,1612515.148,468952.227,184.4,1983.7122,100,0.0,57,100,0,1,100,3400.0,2700,600,4.4,25.2,0.2,6,318.5608964,200,100,4.1,22.7,0.1,0,234.6965972,1400,400,3.8,26,0.1,32,-297.446094,1300,700,1.9,27.5,0.1
300.186685,1,AUTO,ARMED,5,AVAILABLE,UNAVAILABLE,UNAVAILABLE,221,4,ACTIVE,711,D_P3-A5.NC,D_P3-A5.NC,6,0.000668021,20,0.0005,1612515.148,468952.227,184.4,1983.7122,100,0.0,57,100,0,1,100,3400.0,2900,800,3.9,25.2,0.2,6,318.5608964,600,200,3.4,22.7,0.1,0,234.6965972,1200,300,3.5,26,0.1,32,-297.446094,1600,700,2.4,27.5,0.1
300.327827,1,AUTO,ARMED,5,AVAILABLE,UNAVAILABLE,UNAVAILABLE,221,4,ACTIVE,711,D_P3-A5.NC,D_P3-A5.NC,6,0.000668021,20,0.0005,1612515.148,468952.227,184.4,2133.1616,100,0.0,57,100,0,0,100,3400.0,2900,800,3.9,25.2,0.2,5,318.5608964,600,200,3.4,22.7,0.1,0,234.6965858,1200,300,3.5,26,0.1,32,-297.4461054,1600,700,2.4,27.5,0.1
300.469846,1,AUTO,ARMED,5,AVAILABLE,UNAVAILABLE,UNAVAILABLE,221,4,ACTIVE,711,D_P3-A5.NC,D_P3-A5.NC,6,0.000668021,20,0.0005,1612515.148,468952.227,184.4,2133.1616,100,0.0,58,100,0,2,100,3400.0,2900,800,3.9,25.2,0.2,5,318.5609078,600,200,3.4,22.7,0.1,0,234.6965972,1200,300,3.5,26,0.1,32,-297.4461054,1600,700,2.4,27.5,0.1
300.637704,1,AUTO,ARMED,5,AVAILABLE,UNAVAILABLE,UNAVAILABLE,222,4,ACTIVE,711,D_P3-A5.NC,D_P3-A5.NC,6,0.000668021,20,0.0005,1612515.148,468952.227,184.4,2133.1616,100,21.16667,58,100,0,0,100,3400.0,2900,800,3.9,25.2,0.2,9,321.5863141,600,200,3.4,22.7,0.1,0,234.6966087,1200,300,3.5,26,0.1,32,-297.446094,1600,700,2.4,27.5,0.1
300.782984,1,AUTO,ARMED,5,AVAILABLE,UNAVAILABLE,UNAVAILABLE,222,4,ACTIVE,711,D_P3-A5.NC,D_P3-A5.NC,6,0.000668021,20,0.0005,1612515.148,468952.227,184.4,2133.1616,100,21.16667,58,100,0,0,100,3400.0,2900,800,3.9,25.2,0.2,9,323.7717016,600,200,3.4,22.7,0.1,0,234.6966087,1200,300,3.5,26,0.1,32,-297.446094,1600,700,2.4,27.5,0.1
300.927802,1,AUTO,ARMED,5,AVAILABLE,UNAVAILABLE,UNAVAILABLE,222,4,ACTIVE,711,D_P3-A5.NC,D_P3-A5.NC,6,0.000668021,20,0.0005,1612515.148,468952.227,184.4,2133.1616,100,21.16667,58,100,0,1,100,3400.0,2900,800,3.9,25.2,0.2,9,328.1322451,600,200,3.4,22.7,0.1,0,234.6965972,1200,300,3.5,26,0.1,32,-297.446094,1600,700,2.4,27.5,0.1
301.07258,1,AUTO,ARMED,5,AVAILABLE,UNAVAILABLE,UNAVAILABLE,222,4,ACTIVE,711,D_P3-A5.NC,D_P3-A5.NC,6,0.000668021,20,0.0005,1612515.148,468952.227,184.4,2133.1616,100,21.16667,58,100,0,1,100,3400.0,2900,800,3.9,25.2,0.2,9,330.3227102,600,200,3.4,22.7,0.1,0,234.6965744,1200,300,3.5,26,0.1,32,-297.446094,1600,700,2.4,27.5,0.1
301.217795,1,AUTO,ARMED,5,AVAILABLE,UNAVAILABLE,UNAVAILABLE,222,4,ACTIVE,711,D_P3-A5.NC,D_P3-A5.NC,6,0.000668021,20,0.0005,1612515.148,468952.227,184.4,2133.1616,100,21.16667,58,100,0,1,100,3400.0,2900,800,3.9,25.2,0.2,9,332.5031648,600,200,3.4,22.7,0.1,0,234.6965515,1200,300,3.5,26,0.1,32,-297.446094,1600,700,2.4,27.5,0.1
301.362235,1,AUTO,ARMED,5,AVAILABLE,UNAVAILABLE,UNAVAILABLE,222,4,ACTIVE,711,D_P3-A5.NC,D_P3-A5.NC,6,0.000668021,20,0.0005,1612515.148,468952.227,184.4,2115.2251,100,21.16667,59,100,0,1,100,3400.0,2900,800,3.9,25.2,0.2,10,336.8635362,600,200,3.4,22.7,0.1,0,234.6966087,1200,300,3.5,26,0.1,32,-297.4461054,1600,700,2.4,27.5,0.1
301.504071,1,AUTO,ARMED,5,AVAILABLE,UNAVAILABLE,UNAVAILABLE,222,4,ACTIVE,711,D_P3-A5.NC,D_P3-A5.NC,6,0.000668021,20,0.0005,1612515.148,468952.227,184.4,2115.2251,100,21.16667,59,100,0,2,100,3400.0,2900,800,3.9,25.2,0.2,10,337.9589362,600,200,3.4,22.7,0.1,0,234.6966201,1200,300,3.5,26,0.1,32,-297.4461054,1600,700,2.4,27.5,0.1
301.653813,1,AUTO,ARMED,5,AVAILABLE,UNAVAILABLE,UNAVAILABLE,222,4,ACTIVE,711,D_P3-A5.NC,D_P3-A5.NC,6,0.000668021,20,0.0005,1612515.148,468952.227,184.4,2115.2251,100,21.16667,59,100,0,1,100,3400.0,2900,800,3.9,25.2,0.2,10,342.3189071,600,200,3.4,22.7,0.1,0,234.6965972,1200,300,3.5,26,0.1,32,-297.4461054,1600,700,2.4,27.5,0.1
301.823552,1,AUTO,ARMED,5,AVAILABLE,UNAVAILABLE,UNAVAILABLE,222,4,ACTIVE,711,D_P3-A5.NC,D_P3-A5.NC,6,0.000668021,20,0.0005,1612515.148,468952.227,184.4,2115.2251,100,21.16667,59,100,0,1,100,3400.0,2700,800,3.3,25.2,0.2,10,346.6900931,700,200,3.5,22.7,0.1,0,234.6965972,1000,300,3.3,26,0.1,32,-297.4461054,1700,700,2.5,27.5,0.1
301.970066,1,AUTO,ARMED,5,AVAILABLE,UNAVAILABLE,UNAVAILABLE,222,4,ACTIVE,711,D_P3-A5.NC,D_P3-A5.NC,6,0.000668021,20,0.0005,1612515.148,468952.227,184.4,2115.2251,100,21.16667,59,100,0,2,100,3400.0,2700,800,3.3,25.2,0.2,9,348.8651118,700,200,3.5,22.7,0.1,0,234.6965972,1000,300,3.3,26,0.1,32,-297.446094,1700,700,2.5,27.5,0.1
302.111238,1,AUTO,ARMED,5,AVAILABLE,UNAVAILABLE,UNAVAILABLE,222,4,ACTIVE,711,D_P3-A5.NC,D_P3-A5.NC,6,0.000668021,20,0.0005,1612515.148,468952.227,184.4,2115.2251,100,21.16667,59,100,0,2,100,3400.0,2700,800,3.3,25.2,0.2,9,351.0453489,700,200,3.5,22.7,0.1,0,234.6966087,1000,300,3.3,26,0.1,32,-297.4461054,1700,700,2.5,27.5,0.1
302.256272,1,AUTO,ARMED,5,AVAILABLE,UNAVAILABLE,UNAVAILABLE,222,4,ACTIVE,711,D_P3-A5.NC,D_P3-A5.NC,6,0.000668021,20,0.0005,1612515.148,468952.227,184.4,2115.2251,100,21.16667,59,100,0,1,100,3400.0,2700,800,3.3,25.2,0.2,10,353.2359201,700,200,3.5,22.7,0.1,0,234.696643,1000,300,3.3,26,0.1,32,-297.446094,1700,700,2.5,27.5,0.1
302.398767,1,AUTO,ARMED,5,AVAILABLE,UNAVAILABLE,UNAVAILABLE,222,4,ACTIVE,711,D_P3-A5.NC,D_P3-A5.NC,6,0.000668021,20,0.0005,1612515.148,468952.227,184.4,2115.2251,100,21.16667,0,100,0,1,100,3400.0,2700,800,3.3,25.2,0.2,10,355.4157911,700,200,3.5,22.7,0.1,0,234.6965972,1000,300,3.3,26,0.1,32,-297.4461054,1700,700,2.5,27.5,0.1
302.553006,1,AUTO,ARMED,5,AVAILABLE,UNAVAILABLE,UNAVAILABLE,222,4,ACTIVE,711,D_P3-A5.NC,D_P3-A5.NC,6,0.000668021,20,0.0005,1612515.148,468952.227,184.4,2039.798,100,21.16667,0,100,0,0,100,3400.0,2700,800,3.3,25.2,0.2,11,361.9673809,700,200,3.5,22.7,0.1,0,234.6965858,1000,300,3.3,26,0.1,32,-297.4461054,1700,700,2.5,27.5,0.1
302.715093,1,AUTO,ARMED,5,AVAILABLE,UNAVAILABLE,UNAVAILABLE,222,4,ACTIVE,711,D_P3-A5.NC,D_P3-A5.NC,6,0.000668021,20,0.0005,1612515.148,468952.227,184.4,2039.798,100,21.16667,0,100,0,0,100,3400.0,2700,800,3.3,25.2,0.2,11,364.1474751,700,200,3.5,22.7,0.1,0,234.6966087,1000,300,3.3,26,0.1,32,-297.446094,1700,700,2.5,27.5,0.1
302.858864,1,AUTO,ARMED,5,AVAILABLE,UNAVAILABLE,UNAVAILABLE,222,4,ACTIVE,711,D_P3-A5.NC,D_P3-A5.NC,6,0.000668021,20,0.0005,1612515.148,468952.227,184.4,2039.798,100,21.16667,0,100,0,0,100,3400.0,2700,800,3.3,25.2,0.2,12,368.5179173,700,200,3.5,22.7,0.1,0,234.6966201,1000,300,3.3,26,0.1,32,-297.4461054,1700,700,2.5,27.5,0.1
303.016652,1,AUTO,ARMED,5,AVAILABLE,UNAVAILABLE,UNAVAILABLE,222,4,ACTIVE,711,D_P3-A5.NC,D_P3-A5.NC,6,0.000668021,20,0.0005,1612515.148,468952.227,184.4,2039.798,100,21.16667,0,100,0,0,100,3400.0,2700,800,3.3,25.2,0.2,12,370.6927244,700,200,3.5,22.7,0.1,0,234.6965972,1000,300,3.3,26,0.1,32,-297.4461054,1700,700,2.5,27.5,0.1
303.156619,1,AUTO,ARMED,5,AVAILABLE,UNAVAILABLE,UNAVAILABLE,222,4,ACTIVE,711,D_P3-A5.NC,D_P3-A5.NC,6,0.000668021,20,0.0005,1612515.148,468952.227,184.4,2039.798,100,21.16667,0,100,0,0,100,3400.0,2700,800,3.3,25.2,0.2,12,375.0642652,700,200,3.5,22.7,0.1,0,234.6965972,1000,300,3.3,26,0.1,32,-297.446094,1700,700,2.5,27.5,0.1
303.300829,1,AUTO,ARMED,5,AVAILABLE,UNAVAILABLE,UNAVAILABLE,222,4,ACTIVE,711,D_P3-A5.NC,D_P3-A5.NC,6,0.000668021,20,0.0005,1612515.148,468952.227,184.4,2039.798,100,21.16667,0,100,0,0,100,3400.0,2600,600,4.4,25.2,0.2,12,377.2443479,200,100,3.9,22.7,0.1,0,234.6965972,1000,300,3.5,26,0.1,32,-297.446094,1300,700,1.9,27.5,0.2
303.442065,1,AUTO,ARMED,5,AVAILABLE,UNAVAILABLE,UNAVAILABLE,222,4,ACTIVE,711,D_P3-A5.NC,D_P3-A5.NC,6,0.000668021,20,0.0005,1612515.148,468952.227,184.4,2039.798,100,21.16667,1,100,0,0,100,3400.0,2600,600,4.4,25.2,0.2,12,378.3343664,200,100,3.9,22.7,0.1,0,234.6966201,1000,300,3.5,26,0.1,32,-297.446094,1300,700,1.9,27.5,0.2
303.586013,1,AUTO,ARMED,5,AVAILABLE,UNAVAILABLE,UNAVAILABLE,222,4,ACTIVE,711,D_P3-A5.NC,D_P3-A5.NC,6,0.000668021,20,0.0005,1612515.148,468952.227,184.4,1967.2656,100,21.16667,1,100,0,1,100,3400.0,2600,600,4.4,25.2,0.2,12,382.6996655,200,100,3.9,22.7,0.1,0,234.6966087,1000,300,3.5,26,0.1,32,-297.4461054,1300,700,1.9,27.5,0.2
303.7417,1,AUTO,ARMED,5,AVAILABLE,UNAVAILABLE,UNAVAILABLE,222,4,ACTIVE,711,D_P3-A5.NC,D_P3-A5.NC,6,0.000668021,20,0.0005,1612515.148,468952.227,184.4,1967.2656,100,21.16667,1,100,0,1,100,3400.0,2600,600,4.4,25.2,0.2,10,387.0711975,200,100,3.9,22.7,0.1,0,234.6965972,1000,300,3.5,26,0.1,32,-297.4461054,1300,700,1.9,27.5,0.2
303.894778,1,AUTO,ARMED,5,AVAILABLE,UNAVAILABLE,UNAVAILABLE,222,4,ACTIVE,711,D_P3-A5.NC,D_P3-A5.NC,6,0.000668021,20,0.0005,1612515.148,468952.227,184.4,1967.2656,100,21.16667,1,100,0,1,100,3400.0,2600,600,4.4,25.2,0.2,9,389.2510751,200,100,3.9,22.7,0.1,0,234.6966201,1000,300,3.5,26,0.1,32,-297.4461054,1300,700,1.9,27.5,0.2
304.047057,1,AUTO,ARMED,5,AVAILABLE,UNAVAILABLE,UNAVAILABLE,222,4,ACTIVE,711,D_P3-A5.NC,D_P3-A5.NC,6,0.000668021,20,0.0005,1612515.148,468952.227,184.4,1967.2656,100,21.16667,1,100,0,1,100,3400.0,2600,600,4.4,25.2,0.2,10,391.4310786,200,100,3.9,22.7,0.1,0,234.6966201,1000,300,3.5,26,0.1,32,-297.4461054,1300,700,1.9,27.5,0.2
304.218386,1,AUTO,ARMED,5,AVAILABLE,UNAVAILABLE,UNAVAILABLE,222,4,ACTIVE,711,D_P3-A5.NC,D_P3-A5.NC,6,0.000668021,20,0.0005,1612515.148,468952.227,184.4,1967.2656,100,21.16667,1,100,0,0,100,3400.0,2600,600,4.4,25.2,0.2,10,395.7965562,200,100,3.9,22.7,0.1,0,234.6966087,1000,300,3.5,26,0.1,32,-297.4461054,1300,700,1.9,27.5,0.2
304.381744,1,AUTO,ARMED,5,AVAILABLE,UNAVAILABLE,UNAVAILABLE,222,4,ACTIVE,711,D_P3-A5.NC,D_P3-A5.NC,6,0.000668021,20,0.0005,1612515.148,468952.227,184.4,1967.2656,100,18.98333,1,100,0,2,100,3400.0,2600,600,4.4,25.2,0.2,10,397.9769259,200,100,3.9,22.7,0.1,0,234.6965972,1000,300,3.5,26,0.1,32,-297.4461054,1300,700,1.9,27.5,0.2
304.533528,1,AUTO,ARMED,5,AVAILABLE,UNAVAILABLE,UNAVAILABLE,223,4,ACTIVE,711,D_P3-A5.NC,D_P3-A5.NC,6,0.000668021,20,0.0005,1612515.148,468952.227,184.4,2064.3438,100,0.0,2,100,0,0,100,3400.0,2600,600,4.4,25.2,0.2,6,399.8409927,200,100,3.9,22.7,0.1,0,234.6965972,1000,300,3.5,26,0.1,32,-297.4461054,1300,700,1.9,27.5,0.2
304.694367,1,AUTO,ARMED,5,AVAILABLE,UNAVAILABLE,UNAVAILABLE,223,4,ACTIVE,711,D_P3-A5.NC,D_P3-A5.NC,6,0.000668021,20,0.0005,1612515.148,468952.227,184.4,2064.3438,100,0.0,2,100,0,3,100,3400.0,2700,700,4.2,25.2,0.2,7,399.8409584,600,200,3.5,22.7,0.1,0,234.6966087,1600,500,3.3,26,0.1,32,-297.4461054,1400,700,2.1,27.4,0.1
304.885733,1,AUTO,ARMED,5,AVAILABLE,UNAVAILABLE,UNAVAILABLE,223,4,ACTIVE,711,D_P3-A5.NC,D_P3-A5.NC,6,0.000668021,20,0.0005,1612515.148,468952.227,184.4,2064.3438,100,0.0,2,100,0,0,100,3400.0,2700,700,4.2,25.2,0.2,6,399.8409126,600,200,3.5,22.7,0.1,0,234.6965972,1600,500,3.3,26,0.1,32,-297.446094,1400,700,2.1,27.4,0.1
305.035005,1,AUTO,ARMED,5,AVAILABLE,UNAVAILABLE,UNAVAILABLE,223,4,ACTIVE,711,D_P3-A5.NC,D_P3-A5.NC,6,0.000668021,20,0.0005,1612515.148,468952.227,184.4,2064.3438,100,0.0,2,100,0,0,100,3400.0,2700,700,4.2,25.2,0.2,6,399.8409011,600,200,3.5,22.7,0.1,0,234.6965972,1600,500,3.3,26,0.1,32,-297.446094,1400,700,2.1,27.4,0.1
305.17807,1,AUTO,ARMED,5,AVAILABLE,UNAVAILABLE,UNAVAILABLE,223,4,ACTIVE,711,D_P3-A5.NC,D_P3-A5.NC,6,0.000668021,20,0.0005,1612515.148,468952.227,184.4,2064.3438,100,0.0,2,100,0,1,100,3400.0,2700,700,4.2,25.2,0.2,6,399.8409126,600,200,3.5,22.7,0.1,0,234.6965972,1600,500,3.3,26,0.1,32,-297.4461054,1400,700,2.1,27.4,0.1
305.330827,1,AUTO,ARMED,5,AVAILABLE,UNAVAILABLE,UNAVAILABLE,223,4,ACTIVE,711,D_P3-A5.NC,D_P3-A5.NC,6,0.000668021,20,0.0005,1612515.148,468952.227,184.4,2064.3438,100,0.0,2,100,0,1,100,3400.0,2700,700,4.2,25.2,0.2,6,399.8409011,600,200,3.5,22.7,0.1,0,234.6965972,1600,500,3.3,26,0.1,32,-297.446094,1400,700,2.1,27.4,0.1
305.487696,1,AUTO,ARMED,5,AVAILABLE,UNAVAILABLE,UNAVAILABLE,223,4,ACTIVE,711,D_P3-A5.NC,D_P3-A5.NC,6,0.000668021,20,0.0005,1612515.148,468952.227,184.4,2064.3438,100,0.0,3,100,0,1,100,3400.0,2700,700,4.2,25.2,0.2,6,399.7866508,600,200,3.5,22.7,0.1,0,234.8030721,1600,500,3.3,26,0.1,32,-297.4461054,1400,700,2.1,27.4,0.1
305.70452,1,AUTO,ARMED,5,AVAILABLE,UNAVAILABLE,UNAVAILABLE,225,4,ACTIVE,711,D_P3-A5.NC,D_P3-A5.NC,6,0.000668021,20,0.0005,1612515.148,468952.227,184.4,2130.312,100,21.16667,3,100,0,2,100,3400.0,2700,700,4.2,25.2,0.2,17,395.7111171,600,200,3.5,22.7,0.1,4,234.8236254,1600,500,3.3,26,0.1,32,-297.446094,1400,700,2.1,27.4,0.1
305.863476,1,AUTO,ARMED,5,AVAILABLE,UNAVAILABLE,UNAVAILABLE,225,4,ACTIVE,711,D_P3-A5.NC,D_P3-A5.NC,6,0.000668021,20,0.0005,1612515.148,468952.227,184.4,2130.312,100,21.16667,3,100,0,1,100,3400.0,2700,700,4.2,25.2,0.2,8,391.3399737,600,200,3.5,22.7,0.1,3,234.8236026,1600,500,3.3,26,0.1,32,-297.4461054,1400,700,2.1,27.4,0.1
306.025143,1,AUTO,ARMED,5,AVAILABLE,UNAVAILABLE,UNAVAILABLE,225,4,ACTIVE,711,D_P3-A5.NC,D_P3-A5.NC,6,0.000668021,20,0.0005,1612515.148,468952.227,184.4,2130.312,100,21.16667,3,100,0,1,100,3400.0,2700,700,4.2,25.2,0.2,9,389.1598611,600,200,3.5,22.7,0.1,3,234.823614,1600,500,3.3,26,0.1,32,-297.4461054,1400,700,2.1,27.4,0.1
306.177764,1,AUTO,ARMED,5,AVAILABLE,UNAVAILABLE,UNAVAILABLE,225,4,ACTIVE,711,D_P3-A5.NC,D_P3-A5.NC,6,0.000668021,20,0.0005,1612515.148,468952.227,184.4,2130.312,100,21.16667,3,100,0,1,100,3400.0,3300,800,4.3,25.2,0.2,9,386.9690934,600,200,3.7,22.7,0.1,3,234.8236026,1500,500,2.9,26,0.1,32,-297.4461054,1400,700,2.2,27.4,0.1
306.361221,1,AUTO,ARMED,5,AVAILABLE,UNAVAILABLE,UNAVAILABLE,225,4,ACTIVE,711,D_P3-A5.NC,D_P3-A5.NC,6,0.000668021,20,0.0005,1612515.148,468952.227,184.4,2130.312,100,21.16667,4,100,0,0,100,3400.0,3300,800,4.3,25.2,0.2,8,380.4231518,600,200,3.7,22.7,0.1,4,234.8235568,1500,500,2.9,26,0.1,32,-297.4461054,1400,700,2.2,27.4,0.1
306.518753,1,AUTO,ARMED,5,AVAILABLE,UNAVAILABLE,UNAVAILABLE,225,4,ACTIVE,711,D_P3-A5.NC,D_P3-A5.NC,6,0.000668021,20,0.0005,1612515.148,468952.227,184.4,2130.312,100,21.16667,4,100,0,0,100,3400.0,3300,800,4.3,25.2,0.2,8,378.2431775,600,200,3.7,22.7,0.1,4,234.8236026,1500,500,2.9,26,0.1,32,-297.446094,1400,700,2.2,27.4,0.1
306.672994,1,AUTO,ARMED,5,AVAILABLE,UNAVAILABLE,UNAVAILABLE,225,4,ACTIVE,711,D_P3-A5.NC,D_P3-A5.NC,6,0.000668021,20,0.0005,1612515.148,468952.227,184.4,2122.9736,100,21.16667,4,100,0,2,100,3400.0,3300,800,4.3,25.2,0.2,8,373.8829315,600,200,3.7,22.7,0.1,4,234.8236026,1500,500,2.9,26,0.1,32,-297.4461054,1400,700,2.2,27.4,0.1
306.83465,1,AUTO,ARMED,5,AVAILABLE,UNAVAILABLE,UNAVAILABLE,225,4,ACTIVE,711,D_P3-A5.NC,D_P3-A5.NC,6,0.000668021,20,0.0005,1612515.148,468952.227,184.4,2122.9736,100,21.16667,4,100,0,2,100,3400.0,3300,800,4.3,25.2,0.2,8,371.6975785,600,200,3.7,22.7,0.1,4,234.8236483,1500,500,2.9,26,0.1,32,-297.446094,1400,700,2.2,27.4,0.1
306.982744,1,AUTO,ARMED,5,AVAILABLE,UNAVAILABLE,UNAVAILABLE,225,4,ACTIVE,711,D_P3-A5.NC,D_P3-A5.NC,6,0.000668021,20,0.0005,1612515.148,468952.227,184.4,2122.9736,100,21.16667,4,100,0,2,100,3400.0,3300,800,4.3,25.2,0.2,8,369.5173066,600,200,3.7,22.7,0.1,4,234.8236026,1500,500,2.9,26,0.1,32,-297.4461054,1400,700,2.2,27.4,0.1
307.239606,1,AUTO,ARMED,5,AVAILABLE,UNAVAILABLE,UNAVAILABLE,225,4,ACTIVE,711,D_P3-A5.NC,D_P3-A5.NC,6,0.000668021,20,0.0005,1612515.148,468952.227,184.4,2122.9736,100,21.16667,4,100,0,1,100,3400.0,3300,800,4.3,25.2,0.2,8,364.0563961,600,200,3.7,22.7,0.1,4,234.8236026,1500,500,2.9,26,0.1,32,-297.446094,1400,700,2.2,27.4,0.1
307.400949,1,AUTO,ARMED,5,AVAILABLE,UNAVAILABLE,UNAVAILABLE,225,4,ACTIVE,711,D_P3-A5.NC,D_P3-A5.NC,6,0.000668021,20,0.0005,1612515.148,468952.227,184.4,2122.9736,100,21.16667,5,100,0,3,100,3400.0,3300,800,4.3,25.2,0.2,9,359.6961729,600,200,3.7,22.7,0.1,4,234.8235911,1500,500,2.9,26,0.1,32,-297.446094,1400,700,2.2,27.4,0.1
307.567617,1,AUTO,ARMED,5,AVAILABLE,UNAVAILABLE,UNAVAILABLE,225,4,ACTIVE,711,D_P3-A5.NC,D_P3-A5.NC,6,0.000668021,20,0.0005,1612515.148,468952.227,184.4,2122.9736,100,21.16667,5,100,0,0,100,3400.0,3300,800,4.3,25.2,0.2,8,357.5106253,600,200,3.7,22.7,0.1,4,234.8236598,1500,500,2.9,26,0.1,32,-297.446094,1400,700,2.2,27.4,0.1
307.735703,1,AUTO,ARMED,5,AVAILABLE,UNAVAILABLE,UNAVAILABLE,225,4,ACTIVE,711,D_P3-A5.NC,D_P3-A5.NC,6,0.000668021,20,0.0005,1612515.148,468952.227,184.4,2122.9736,100,21.16667,5,100,0,0,100,3400.0,3300,800,4.3,25.2,0.2,7,353.1447262,600,200,3.7,22.7,0.1,4,234.823614,1500,500,2.9,26,0.1,32,-297.446094,1400,700,2.2,27.4,0.1
307.910943,1,AUTO,ARMED,5,AVAILABLE,UNAVAILABLE,UNAVAILABLE,225,4,ACTIVE,711,D_P3-A5.NC,D_P3-A5.NC,6,0.000668021,20,0.0005,1612515.148,468952.227,184.4,1985.9564,100,21.16667,5,100,0,0,100,3400.0,2700,600,4.4,25.2,0.2,7,348.7793374,300,100,4.1,22.7,0.0,4,234.8235911,1500,500,2.9,26,0.1,32,-297.4461054,1200,700,1.9,27.4,0.1
308.04987,1,AUTO,ARMED,5,AVAILABLE,UNAVAILABLE,UNAVAILABLE,225,4,ACTIVE,711,D_P3-A5.NC,D_P3-A5.NC,6,0.000668021,20,0.0005,1612515.148,468952.227,184.4,1985.9564,100,21.16667,5,100,0,0,100,3400.0,2700,600,4.4,25.2,0.2,7,346.5992521,300,100,4.1,22.7,0.0,4,234.823614,1500,500,2.9,26,0.1,32,-297.446094,1200,700,1.9,27.4,0.1
308.235738,1,AUTO,ARMED,5,AVAILABLE,UNAVAILABLE,UNAVAILABLE,225,4,ACTIVE,711,D_P3-A5.NC,D_P3-A5.NC,6,0.000668021,20,0.0005,1612515.148,468952.227,184.4,1985.9564,100,21.16667,5,100,0,1,100,3400.0,2700,600,4.4,25.2,0.2,7,340.0531372,300,100,4.1,22.7,0.0,4,234.8236026,1500,500,2.9,26,0.1,32,-297.4461054,1200,700,1.9,27.4,0.1
308.377689,1,AUTO,ARMED,5,AVAILABLE,UNAVAILABLE,UNAVAILABLE,225,4,ACTIVE,711,D_P3-A5.NC,D_P3-A5.NC,6,0.000668021,20,0.0005,1612515.148,468952.227,184.4,1985.9564,100,21.16667,6,100,0,1,100,3400.0,2700,600,4.4,25.2,0.2,7,337.8677306,300,100,4.1,22.7,0.0,4,234.8235568,1500,500,2.9,26,0.1,32,-297.4461054,1200,700,1.9,27.4,0.1
308.54272,1,AUTO,ARMED,5,AVAILABLE,UNAVAILABLE,UNAVAILABLE,225,4,ACTIVE,711,D_P3-A5.NC,D_P3-A5.NC,6,0.000668021,20,0.0005,1612515.148,468952.227,184.4,1985.9564,100,21.16667,6,100,0,2,100,3400.0,2700,600,4.4,25.2,0.2,7,335.6878742,300,100,4.1,22.7,0.0,4,234.8236026,1500,500,2.9,26,0.1,32,-297.446094,1200,700,1.9,27.4,0.1
308.706769,1,AUTO,ARMED,5,AVAILABLE,UNAVAILABLE,UNAVAILABLE,225,4,ACTIVE,711,D_P3-A5.NC,D_P3-A5.NC,6,0.000668021,20,0.0005,1612515.148,468952.227,184.4,1985.9564,100,21.16667,6,100,0,2,100,3400.0,2700,600,4.4,25.2,0.2,7,331.3275893,300,100,4.1,22.7,0.0,4,234.8236254,1500,500,2.9,26,0.1,32,-297.4461054,1200,700,1.9,27.4,0.1
308.851533,1,AUTO,ARMED,5,AVAILABLE,UNAVAILABLE,UNAVAILABLE,225,4,ACTIVE,711,D_P3-A5.NC,D_P3-A5.NC,6,0.000668021,20,0.0005,1612515.148,468952.227,184.4,1985.9564,100,21.16667,6,100,0,2,100,3400.0,2700,600,4.4,25.2,0.2,7,329.1364665,300,100,4.1,22.7,0.0,4,234.8236254,1500,500,2.9,26,0.1,32,-297.4461054,1200,700,1.9,27.4,0.1
308.998814,1,AUTO,ARMED,5,AVAILABLE,UNAVAILABLE,UNAVAILABLE,225,4,ACTIVE,711,D_P3-A5.NC,D_P3-A5.NC,6,0.000668021,20,0.0005,1612515.148,468952.227,184.4,1986.0345,100,21.16667,6,100,0,2,100,3400.0,2700,600,4.4,25.2,0.2,7,326.9563013,300,100,4.1,22.7,0.0,4,234.823614,1500,500,2.9,26,0.1,32,-297.446094,1200,700,1.9,27.4,0.1
309.156064,1,AUTO,ARMED,5,AVAILABLE,UNAVAILABLE,UNAVAILABLE,225,4,ACTIVE,711,D_P3-A5.NC,D_P3-A5.NC,6,0.000668021,20,0.0005,1612515.148,468952.227,184.4,1986.0345,100,21.16667,6,100,0,0,100,3400.0,2700,600,4.4,25.2,0.2,9,321.5008354,300,100,4.1,22.7,0.0,3,234.8236026,1500,500,2.9,26,0.1,32,-297.4461054,1200,700,1.9,27.4,0.1
309.326667,1,AUTO,ARMED,5,AVAILABLE,UNAVAILABLE,UNAVAILABLE,225,4,ACTIVE,711,D_P3-A5.NC,D_P3-A5.NC,6,0.000668021,20,0.0005,1612515.148,468952.227,184.4,1986.0345,100,21.16667,6,100,0,0,100,3400.0,6200,1300,4.8,25.2,0.2,9,319.3211852,200,100,4.4,22.7,0.0,3,234.8236026,4000,500,8.1,26,0.1,32,-297.446094,1300,700,1.9,27.4,0.1
309.475719,1,AUTO,ARMED,5,AVAILABLE,UNAVAILABLE,UNAVAILABLE,225,4,ACTIVE,711,D_P3-A5.NC,D_P3-A5.NC,6,0.000668021,20,0.0005,1612515.148,468952.227,184.4,1986.0345,100,10.6,7,100,0,0,100,3400.0,6200,1300,4.8,25.2,0.2,8,318.5625329,200,100,4.4,22.7,0.0,3,234.8236026,4000,500,8.1,26,0.1,32,-297.4461054,1300,700,1.9,27.4,0.1
309.625739,1,AUTO,ARMED,5,AVAILABLE,UNAVAILABLE,UNAVAILABLE,226,4,ACTIVE,711,D_P3-A5.NC,D_P3-A5.NC,6,0.000668021,20,0.0005,1612515.148,468952.227,184.4,1986.0345,100,0.0,7,100,0,1,100,3400.0,6200,1300,4.8,25.2,0.2,6,318.5608277,200,100,4.4,22.7,0.0,3,234.8236026,4000,500,8.1,26,0.1,32,-297.446094,1300,700,1.9,27.4,0.1
309.779442,1,AUTO,ARMED,5,AVAILABLE,UNAVAILABLE,UNAVAILABLE,226,4,ACTIVE,711,D_P3-A5.NC,D_P3-A5.NC,6,0.000668021,20,0.0005,1612515.148,468952.227,184.4,1986.0345,100,0.0,7,100,0,1,100,3400.0,6200,1300,4.8,25.2,0.2,6,318.5608849,200,100,4.4,22.7,0.0,3,234.8236026,4000,500,8.1,26,0.1,32,-297.4461054,1300,700,1.9,27.4,0.1
309.919543,1,AUTO,ARMED,5,AVAILABLE,UNAVAILABLE,UNAVAILABLE,226,4,ACTIVE,711,D_P3-A5.NC,D_P3-A5.NC,6,0.000668021,20,0.0005,1612515.148,468952.227,184.4,1986.0345,100,0.0,7,100,0,1,100,3400.0,6200,1300,4.8,25.2,0.2,6,318.5608964,200,100,4.4,22.7,0.0,3,234.8236026,4000,500,8.1,26,0.1,32,-297.4461054,1300,700,1.9,27.4,0.1
310.066512,1,AUTO,ARMED,5,AVAILABLE,UNAVAILABLE,UNAVAILABLE,226,4,ACTIVE,711,D_P3-A5.NC,D_P3-A5.NC,6,0.000668021,20,0.0005,1612515.148,468952.227,184.4,1986.0345,100,0.0,7,100,0,0,100,3400.0,6200,1300,4.8,25.2,0.2,6,318.5608964,200,100,4.4,22.7,0.0,3,234.8236026,4000,500,8.1,26,0.1,32,-297.446094,1300,700,1.9,27.4,0.1
310.203776,1,AUTO,ARMED,5,AVAILABLE,UNAVAILABLE,UNAVAILABLE,226,4,ACTIVE,711,D_P3-A5.NC,D_P3-A5.NC,6,0.000668021,20,0.0005,1612515.148,468952.227,184.4,2025.7,100,0.0,7,100,0,0,100,3400.0,6200,1300,4.8,25.2,0.2,6,318.5608964,200,100,4.4,22.7,0.0,3,234.8236026,4000,500,8.1,26,0.1,32,-297.4461054,1300,700,1.9,27.4,0.1
310.359131,1,AUTO,ARMED,5,AVAILABLE,UNAVAILABLE,UNAVAILABLE,226,4,ACTIVE,711,D_P3-A5.NC,D_P3-A5.NC,6,0.000668021,20,0.0005,1612515.148,468952.227,184.4,2025.7,100,0.0,7,100,0,0,100,3400.0,6200,1300,4.8,25.2,0.2,6,318.5608964,200,100,4.4,22.7,0.0,3,234.8236026,4000,500,8.1,26,0.1,32,-297.446094,1300,700,1.9,27.4,0.1
310.500069,1,AUTO,ARMED,5,AVAILABLE,UNAVAILABLE,UNAVAILABLE,226,4,ACTIVE,711,D_P3-A5.NC,D_P3-A5.NC,6,0.000668021,20,0.0005,1612515.148,468952.227,184.4,2025.7,100,0.0,8,100,0,0,100,3400.0,6200,1300,4.8,25.2,0.2,5,318.5609078,200,100,4.4,22.7,0.0,3,234.8235911,4000,500,8.1,26,0.1,32,-297.446094,1300,700,1.9,27.4,0.1
310.652676,1,AUTO,ARMED,5,AVAILABLE,UNAVAILABLE,UNAVAILABLE,229,4,ACTIVE,711,D_P3-A5.NC,D_P3-A5.NC,6,0.000668021,20,0.0005,1612515.148,468952.227,184.4,2025.7,100,0.0,8,100,0,23,100,3485.940796,6200,1300,4.8,25.2,0.2,5,318.5609078,200,100,4.4,22.7,0.0,3,234.8236026,4000,500,8.1,26,0.1,32,-297.4461054,1300,700,1.9,27.4,0.1
310.790857,1,AUTO,ARMED,5,AVAILABLE,UNAVAILABLE,UNAVAILABLE,229,4,ACTIVE,711,D_P3-A5.NC,D_P3-A5.NC,6,0.000668021,20,0.0005,1612515.148,468952.227,184.4,2025.7,100,0.0,8,100,0,23,100,3900.0,2500,500,4.6,25.2,0.1,5,318.5608964,300,100,3.9,22.7,0.0,3,234.9528852,1200,400,2.6,26,0.2,32,-297.4461054,1300,700,1.9,27.4,0.2
310.955824,1,AUTO,ARMED,5,AVAILABLE,UNAVAILABLE,UNAVAILABLE,230,4,ACTIVE,711,D_P3-A5.NC,D_P3-A5.NC,6,0.000668021,20,0.0005,1612515.148,468952.227,184.4,2025.7,100,0.0,8,100,0,0,100,3900.0,2500,500,4.6,25.2,0.1,5,318.5608964,300,100,3.9,22.7,0.0,1,234.9505964,1200,400,2.6,26,0.2,32,-297.446094,1300,700,1.9,27.4,0.2
311.095646,1,AUTO,ARMED,5,AVAILABLE,UNAVAILABLE,UNAVAILABLE,230,4,ACTIVE,711,D_P3-A5.NC,D_P3-A5.NC,6,0.000668021,20,0.0005,1612515.148,468952.227,184.4,2025.7,100,0.0,8,100,0,1,100,3900.0,2500,500,4.6,25.2,0.1,5,318.5608964,300,100,3.9,22.7,0.0,0,234.9505621,1200,400,2.6,26,0.2,32,-297.446094,1300,700,1.9,27.4,0.2
311.253252,1,AUTO,ARMED,5,AVAILABLE,UNAVAILABLE,UNAVAILABLE,230,4,ACTIVE,711,D_P3-A5.NC,D_P3-A5.NC,6,0.000668021,20,0.0005,1612515.148,468952.227,184.4,1993.7568,100,0.0,8,100,0,1,100,3900.0,2500,500,4.6,25.2,0.1,5,318.5609078,300,100,3.9,22.7,0.0,0,234.950585,1200,400,2.6,26,0.2,32,-297.446094,1300,700,1.9,27.4,0.2
311.40459,1,AUTO,ARMED,5,AVAILABLE,UNAVAILABLE,UNAVAILABLE,230,4,ACTIVE,711,D_P3-A5.NC,D_P3-A5.NC,6,0.000668021,20,0.0005,1612515.148,468952.227,184.4,1993.7568,100,0.0,8,100,0,0,100,3900.0,2500,500,4.6,25.2,0.1,5,318.5609078,300,100,3.9,22.7,0.0,0,234.950585,1200,400,2.6,26,0.2,32,-297.446094,1300,700,1.9,27.4,0.2
311.547766,1,AUTO,ARMED,5,AVAILABLE,UNAVAILABLE,UNAVAILABLE,230,4,ACTIVE,711,D_P3-A5.NC,D_P3-A5.NC,6,0.000668021,20,0.0005,1612515.148,468952.227,184.4,1993.7568,100,0.0,9,100,0,0,100,3900.0,2500,500,4.6,25.2,0.1,6,318.5609078,300,100,3.9,22.7,0.0,0,234.9505964,1200,400,2.6,26,0.2,32,-297.446094,1300,700,1.9,27.4,0.2
311.692485,1,AUTO,ARMED,5,AVAILABLE,UNAVAILABLE,UNAVAILABLE,230,4,ACTIVE,711,D_P3-A5.NC,D_P3-A5.NC,6,0.000668021,20,0.0005,1612515.148,468952.227,184.4,1993.7568,100,0.0,9,100,0,2,100,3900.0,2500,500,4.6,25.2,0.1,5,318.5608964,300,100,3.9,22.7,0.0,0,234.9505964,1200,400,2.6,26,0.2,32,-297.4461054,1300,700,1.9,27.4,0.2
311.842631,1,AUTO,ARMED,5,AVAILABLE,UNAVAILABLE,UNAVAILABLE,230,4,ACTIVE,711,D_P3-A5.NC,D_P3-A5.NC,6,0.000668021,20,0.0005,1612515.148,468952.227,184.4,1993.7568,100,0.0,9,100,0,2,100,3900.0,2500,500,4.6,25.2,0.1,5,318.7840133,300,100,3.9,22.7,0.0,0,234.9505964,1200,400,2.6,26,0.2,32,-297.4461054,1300,700,1.9,27.4,0.2
311.984053,1,AUTO,ARMED,5,AVAILABLE,UNAVAILABLE,UNAVAILABLE,231,4,ACTIVE,711,D_P3-A5.NC,D_P3-A5.NC,6,0.000668021,20,0.0005,1612515.148,468952.227,184.4,1993.7568,100,14.81667,9,100,0,0,100,3900.0,2500,500,4.6,25.2,0.1,8,321.8388475,300,100,3.9,22.7,0.0,0,234.9506079,1200,400,2.6,26,0.2,32,-297.446094,1300,700,1.9,27.4,0.2
312.142089,1,AUTO,ARMED,5,AVAILABLE,UNAVAILABLE,UNAVAILABLE,231,4,ACTIVE,711,D_P3-A5.NC,D_P3-A5.NC,6,0.000668021,20,0.0005,1612515.148,468952.227,184.4,1993.7568,100,14.81667,9,100,0,2,100,3900.0,2500,500,4.6,25.2,0.1,10,323.3689139,300,100,3.9,22.7,0.0,0,234.9505964,1200,400,2.6,26,0.2,32,-297.4461054,1300,700,1.9,27.4,0.2
312.284197,1,AUTO,ARMED,5,AVAILABLE,UNAVAILABLE,UNAVAILABLE,231,4,ACTIVE,711,D_P3-A5.NC,D_P3-A5.NC,6,0.000668021,20,0.0005,1612515.148,468952.227,184.4,1993.7568,100,14.81667,9,100,0,2,100,3900.0,2700,700,3.8,25.2,0.2,10,324.8948261,600,200,3.3,22.7,0.1,0,234.9505964,1300,500,2.9,26,0.2,32,-297.446094,1300,700,2.0,27.4,0.1
312.429274,1,AUTO,ARMED,5,AVAILABLE,UNAVAILABLE,UNAVAILABLE,231,4,ACTIVE,711,D_P3-A5.NC,D_P3-A5.NC,6,0.000668021,20,0.0005,1612515.148,468952.227,184.4,2123.5264,100,14.81667,10,100,0,0,100,3900.0,2700,700,3.8,25.2,0.2,10,327.9470394,600,200,3.3,22.7,0.1,0,234.9505964,1300,500,2.9,26,0.2,32,-297.446094,1300,700,2.0,27.4,0.1
312.573927,1,AUTO,ARMED,5,AVAILABLE,UNAVAILABLE,UNAVAILABLE,231,4,ACTIVE,711,D_P3-A5.NC,D_P3-A5.NC,6,0.000668021,20,0.0005,1612515.148,468952.227,184.4,2123.5264,100,14.81667,10,100,0,0,100,3900.0,2700,700,3.8,25.2,0.2,10,329.480688,600,200,3.3,22.7,0.1,0,234.950585,1300,500,2.9,26,0.2,32,-297.446094,1300,700,2.0,27.4,0.1
312.747808,1,AUTO,ARMED,5,AVAILABLE,UNAVAILABLE,UNAVAILABLE,231,4,ACTIVE,711,D_P3-A5.NC,D_P3-A5.NC,6,0.000668021,20,0.0005,1612515.148,468952.227,184.4,2123.5264,100,14.81667,10,100,0,0,100,3900.0,2700,700,3.8,25.2,0.2,8,331.7698769,600,200,3.3,22.7,0.1,0,234.950585,1300,500,2.9,26,0.2,32,-297.446094,1300,700,2.0,27.4,0.1
312.900343,1,AUTO,ARMED,5,AVAILABLE,UNAVAILABLE,UNAVAILABLE,231,4,ACTIVE,711,D_P3-A5.NC,D_P3-A5.NC,6,0.000668021,20,0.0005,1612515.148,468952.227,184.4,2123.5264,100,14.81667,10,100,0,0,100,3900.0,2700,700,3.8,25.2,0.2,11,334.8258345,600,200,3.3,22.7,0.1,0,234.950585,1300,500,2.9,26,0.2,32,-297.446094,1300,700,2.0,27.4,0.1
313.049064,1,AUTO,ARMED,5,AVAILABLE,UNAVAILABLE,UNAVAILABLE,231,4,ACTIVE,711,D_P3-A5.NC,D_P3-A5.NC,6,0.000668021,20,0.0005,1612515.148,468952.227,184.4,2123.5264,100,14.81667,10,100,0,0,100,3900.0,2700,700,3.8,25.2,0.2,10,337.8817348,600,200,3.3,22.7,0.1,0,234.9505964,1300,500,2.9,26,0.2,32,-297.4461054,1300,700,2.0,27.4,0.1
313.187804,1,AUTO,ARMED,5,AVAILABLE,UNAVAILABLE,UNAVAILABLE,231,4,ACTIVE,711,D_P3-A5.NC,D_P3-A5.NC,6,0.000668021,20,0.0005,1612515.148,468952.227,184.4,2123.5264,100,14.81667,10,100,0,1,100,3900.0,2700,700,3.8,25.2,0.2,10,339.4076708,600,200,3.3,22.7,0.1,0,234.950585,1300,500,2.9,26,0.2,32,-297.4461054,1300,700,2.0,27.4,0.1
313.334737,1,AUTO,ARMED,5,AVAILABLE,UNAVAILABLE,UNAVAILABLE,231,4,ACTIVE,711,D_P3-A5.NC,D_P3-A5.NC,6,0.000668021,20,0.0005,1612515.148,468952.227,184.4,2123.5264,100,14.81667,11,100,0,1,100,3900.0,2700,700,3.8,25.2,0.2,10,340.9339387,600,200,3.3,22.7,0.1,0,234.9505964,1300,500,2.9,26,0.2,32,-297.4461054,1300,700,2.0,27.4,0.1
313.474139,1,AUTO,ARMED,5,AVAILABLE,UNAVAILABLE,UNAVAILABLE,231,4,ACTIVE,711,D_P3-A5.NC,D_P3-A5.NC,6,0.000668021,20,0.0005,1612515.148,468952.227,184.4,2117.2031,100,14.81667,11,100,0,0,100,3900.0,2700,700,3.8,25.2,0.2,10,343.9898275,600,200,3.3,22.7,0.1,0,234.9505964,1300,500,2.9,26,0.2,32,-297.446094,1300,700,2.0,27.4,0.1
313.615745,1,AUTO,ARMED,5,AVAILABLE,UNAVAILABLE,UNAVAILABLE,231,4,ACTIVE,711,D_P3-A5.NC,D_P3-A5.NC,6,0.000668021,20,0.0005,1612515.148,468952.227,184.4,2117.2031,100,14.81667,11,100,0,1,100,3900.0,2700,700,3.8,25.2,0.2,9,345.5159924,600,200,3.3,22.7,0.1,0,234.9506079,1300,500,2.9,26,0.2,32,-297.446094,1300,700,2.0,27.4,0.1
313.763321,1,AUTO,ARMED,5,AVAILABLE,UNAVAILABLE,UNAVAILABLE,231,4,ACTIVE,711,D_P3-A5.NC,D_P3-A5.NC,6,0.000668021,20,0.0005,1612515.148,468952.227,184.4,2117.2031,100,14.81667,11,100,0,1,100,3900.0,2700,700,3.8,25.2,0.2,7,347.0420886,600,200,3.3,22.7,0.1,0,234.9505964,1300,500,2.9,26,0.2,32,-297.4461054,1300,700,2.0,27.4,0.1
313.906703,1,AUTO,ARMED,5,AVAILABLE,UNAVAILABLE,UNAVAILABLE,231,4,ACTIVE,711,D_P3-A5.NC,D_P3-A5.NC,6,0.000668021,20,0.0005,1612515.148,468952.227,184.4,2117.2031,100,14.81667,11,100,0,1,100,3900.0,3100,700,4.3,25.2,0.2,7,350.0980919,600,200,3.4,22.7,0.1,0,234.9505964,1300,500,2.9,26,0.2,32,-297.446094,1400,700,2.1,27.4,0.1
314.049332,1,AUTO,ARMED,5,AVAILABLE,UNAVAILABLE,UNAVAILABLE,231,4,ACTIVE,711,D_P3-A5.NC,D_P3-A5.NC,6,0.000668021,20,0.0005,1612515.148,468952.227,184.4,2117.2031,100,14.81667,11,100,0,1,100,3900.0,3100,700,4.3,25.2,0.2,9,351.6241424,600,200,3.4,22.7,0.1,0,234.9506079,1300,500,2.9,26,0.2,32,-297.446094,1400,700,2.1,27.4,0.1
314.195262,1,AUTO,ARMED,5,AVAILABLE,UNAVAILABLE,UNAVAILABLE,231,4,ACTIVE,711,D_P3-A5.NC,D_P3-A5.NC,6,0.000668021,20,0.0005,1612515.148,468952.227,184.4,2117.2031,100,14.81667,11,100,0,1,100,3900.0,3100,700,4.3,25.2,0.2,9,353.1576429,600,200,3.4,22.7,0.1,0,234.9506193,1300,500,2.9,26,0.2,32,-297.446094,1400,700,2.1,27.4,0.1
314.339748,1,AUTO,ARMED,5,AVAILABLE,UNAVAILABLE,UNAVAILABLE,231,4,ACTIVE,711,D_P3-A5.NC,D_P3-A5.NC,6,0.000668021,20,0.0005,1612515.148,468952.227,184.4,2117.2031,100,14.81667,12,100,0,0,100,3900.0,3100,700,4.3,25.2,0.2,8,357.7396454,600,200,3.4,22.7,0.1,0,234.9506079,1300,500,2.9,26,0.2,32,-297.446094,1400,700,2.1,27.4,0.1
314.487694,1,AUTO,ARMED,5,AVAILABLE,UNAVAILABLE,UNAVAILABLE,231,4,ACTIVE,711,D_P3-A5.NC,D_P3-A5.NC,6,0.000668021,20,0.0005,1612515.148,468952.227,184.4,2126.0898,100,14.81667,12,100,0,3,100,3900.0,3100,700,4.3,25.2,0.2,10,359.265875,600,200,3.4,22.7,0.1,0,234.9505964,1300,500,2.9,26,0.2,32,-297.4461054,1400,700,2.1,27.4,0.1
314.670208,1,AUTO,ARMED,5,AVAILABLE,UNAVAILABLE,UNAVAILABLE,231,4,ACTIVE,711,D_P3-A5.NC,D_P3-A5.NC,6,0.000668021,20,0.0005,1612515.148,468952.227,184.4,2126.0898,100,14.81667,12,100,0,0,100,3900.0,3100,700,4.3,25.2,0.2,9,361.554733,600,200,3.4,22.7,0.1,0,234.950585,1300,500,2.9,26,0.2,32,-297.4461054,1400,700,2.1,27.4,0.1
314.835888,1,AUTO,ARMED,5,AVAILABLE,UNAVAILABLE,UNAVAILABLE,231,4,ACTIVE,711,D_P3-A5.NC,D_P3-A5.NC,6,0.000668021,20,0.0005,1612515.148,468952.227,184.4,2126.0898,100,14.81667,12,100,0,0,100,3900.0,3100,700,4.3,25.2,0.2,9,363.0850481,600,200,3.4,22.7,0.1,0,234.950585,1300,500,2.9,26,0.2,32,-297.446094,1400,700,2.1,27.4,0.1
314.979388,1,AUTO,ARMED,5,AVAILABLE,UNAVAILABLE,UNAVAILABLE,231,4,ACTIVE,711,D_P3-A5.NC,D_P3-A5.NC,6,0.000668021,20,0.0005,1612515.148,468952.227,184.4,2126.0898,100,14.81667,12,100,0,2,100,3900.0,3100,700,4.3,25.2,0.2,11,364.6109687,600,200,3.4,22.7,0.1,0,234.9506193,1300,500,2.9,26,0.2,32,-297.4461054,1400,700,2.1,27.4,0.1
315.125061,1,AUTO,ARMED,5,AVAILABLE,UNAVAILABLE,UNAVAILABLE,231,4,ACTIVE,711,D_P3-A5.NC,D_P3-A5.NC,6,0.000668021,20,0.0005,1612515.148,468952.227,184.4,2126.0898,100,14.81667,12,100,0,2,100,3900.0,3100,700,4.3,25.2,0.2,11,366.1369923,600,200,3.4,22.7,0.1,0,234.9505964,1300,500,2.9,26,0.2,32,-297.4461054,1400,700,2.1,27.4,0.1
315.266614,1,AUTO,ARMED,5,AVAILABLE,UNAVAILABLE,UNAVAILABLE,231,4,ACTIVE,711,D_P3-A5.NC,D_P3-A5.NC,6,0.000668021,20,0.0005,1612515.148,468952.227,184.4,2126.0898,100,14.81667,13,100,0,1,100,3900.0,3100,700,4.3,25.2,0.2,9,369.1932051,600,200,3.4,22.7,0.1,0,234.9505964,1300,500,2.9,26,0.2,32,-297.4461054,1400,700,2.1,27.4,0.1
315.410986,1,AUTO,ARMED,5,AVAILABLE,UNAVAILABLE,UNAVAILABLE,231,4,ACTIVE,711,D_P3-A5.NC,D_P3-A5.NC,6,0.000668021,20,0.0005,1612515.148,468952.227,184.4,2126.0898,100,14.81667,13,100,0,0,100,3900.0,2900,700,4.3,25.2,0.1,9,370.7191486,300,100,3.9,22.7,0.0,0,234.9506079,1200,400,2.7,26,0.2,32,-297.446094,1300,700,2.0,27.4,0.1
315.555841,1,AUTO,ARMED,5,AVAILABLE,UNAVAILABLE,UNAVAILABLE,231,4,ACTIVE,711,D_P3-A5.NC,D_P3-A5.NC,6,0.000668021,20,0.0005,1612515.148,468952.227,184.4,2126.0898,100,14.81667,13,100,0,1,100,3900.0,2900,700,4.3,25.2,0.1,11,375.3013735,300,100,3.9,22.7,0.0,0,234.9506079,1200,400,2.7,26,0.2,32,-297.4461054,1300,700,2.0,27.4,0.1
315.72476,1,AUTO,ARMED,5,AVAILABLE,UNAVAILABLE,UNAVAILABLE,231,4,ACTIVE,711,D_P3-A5.NC,D_P3-A5.NC,6,0.000668021,20,0.0005,1612515.148,468952.227,184.4,1993.5292,100,14.81667,13,100,0,0,100,3900.0,2900,700,4.3,25.2,0.1,11,376.8271568,300,100,3.9,22.7,0.0,0,234.950585,1200,400,2.7,26,0.2,32,-297.4461054,1300,700,2.0,27.4,0.1
315.863089,1,AUTO,ARMED,5,AVAILABLE,UNAVAILABLE,UNAVAILABLE,231,4,ACTIVE,711,D_P3-A5.NC,D_P3-A5.NC,6,0.000668021,20,0.0005,1612515.148,468952.227,184.4,1993.5292,100,14.81667,13,100,0,0,100,3900.0,2900,700,4.3,25.2,0.1,11,378.3572201,300,100,3.9,22.7,0.0,0,234.9505735,1200,400,2.7,26,0.2,32,-297.4461054,1300,700,2.0,27.4,0.1
316.005525,1,AUTO,ARMED,5,AVAILABLE,UNAVAILABLE,UNAVAILABLE,231,4,ACTIVE,711,D_P3-A5.NC,D_P3-A5.NC,6,0.000668021,20,0.0005,1612515.148,468952.227,184.4,1993.5292,100,14.81667,13,100,0,0,100,3900.0,2900,700,4.3,25.2,0.1,10,381.4092405,300,100,3.9,22.7,0.0,0,234.9506193,1200,400,2.7,26,0.2,32,-297.4461054,1300,700,2.0,27.4,0.1
316.1456,1,AUTO,ARMED,5,AVAILABLE,UNAVAILABLE,UNAVAILABLE,231,4,ACTIVE,711,D_P3-A5.NC,D_P3-A5.NC,6,0.000668021,20,0.0005,1612515.148,468952.227,184.4,1993.5292,100,14.81667,13,100,0,0,100,3900.0,2900,700,4.3,25.2,0.1,10,382.942847,300,100,3.9,22.7,0.0,0,234.950585,1200,400,2.7,26,0.2,32,-297.446094,1300,700,2.0,27.4,0.1
316.290612,1,AUTO,ARMED,5,AVAILABLE,UNAVAILABLE,UNAVAILABLE,231,4,ACTIVE,711,D_P3-A5.NC,D_P3-A5.NC,6,0.000668021,20,0.0005,1612515.148,468952.227,184.4,1993.5292,100,14.81667,13,100,0,0,100,3900.0,2900,700,4.3,25.2,0.1,10,384.4690943,300,100,3.9,22.7,0.0,0,234.9506079,1200,400,2.7,26,0.2,32,-297.4461054,1300,700,2.0,27.4,0.1
316.43071,1,AUTO,ARMED,5,AVAILABLE,UNAVAILABLE,UNAVAILABLE,231,4,ACTIVE,711,D_P3-A5.NC,D_P3-A5.NC,6,0.000668021,20,0.0005,1612515.148,468952.227,184.4,1993.5292,100,14.81667,14,100,0,1,100,3900.0,2900,700,4.3,25.2,0.1,9,387.5249767,300,100,3.9,22.7,0.0,0,234.9506193,1200,400,2.7,26,0.2,32,-297.446094,1300,700,2.0,27.4,0.1
316.574788,1,AUTO,ARMED,5,AVAILABLE,UNAVAILABLE,UNAVAILABLE,231,4,ACTIVE,711,D_P3-A5.NC,D_P3-A5.NC,6,0.000668021,20,0.0005,1612515.148,468952.227,184.4,1993.5292,100,14.81667,14,100,0,0,100,3900.0,2900,700,4.3,25.2,0.1,9,389.8141532,300,100,3.9,22.7,0.0,0,234.9506079,1200,400,2.7,26,0.2,32,-297.4461054,1300,700,2.0,27.4,0.1
316.713541,1,AUTO,ARMED,5,AVAILABLE,UNAVAILABLE,UNAVAILABLE,231,4,ACTIVE,711,D_P3-A5.NC,D_P3-A5.NC,6,0.000668021,20,0.0005,1612515.148,468952.227,184.4,1996.5608,100,14.81667,14,100,0,0,100,3900.0,2900,700,4.3,25.2,0.1,9,391.3401602,300,100,3.9,22.7,0.0,0,234.9506193,1200,400,2.7,26,0.2,32,-297.4461054,1300,700,2.0,27.4,0.1
316.86863,1,AUTO,ARMED,5,AVAILABLE,UNAVAILABLE,UNAVAILABLE,231,4,ACTIVE,711,D_P3-A5.NC,D_P3-A5.NC,6,0.000668021,20,0.0005,1612515.148,468952.227,184.4,1996.5608,100,14.81667,14,100,0,0,100,3900.0,2600,500,4.9,25.2,0.1,10,392.8738239,300,100,4.3,22.7,0.0,0,234.9505964,1700,500,3.7,26,0.2,32,-297.4461054,1300,700,1.9,27.4,0.1
317.036245,1,AUTO,ARMED,5,AVAILABLE,UNAVAILABLE,UNAVAILABLE,231,4,ACTIVE,711,D_P3-A5.NC,D_P3-A5.NC,6,0.000668021,20,0.0005,1612515.148,468952.227,184.4,1996.5608,100,14.81667,14,100,0,1,100,3900.0,2600,500,4.9,25.2,0.1,8,395.9222557,300,100,4.3,22.7,0.0,0,234.9506079,1700,500,3.7,26,0.2,32,-297.4461054,1300,700,1.9,27.4,0.1
317.181621,1,AUTO,ARMED,5,AVAILABLE,UNAVAILABLE,UNAVAILABLE,231,4,ACTIVE,711,D_P3-A5.NC,D_P3-A5.NC,6,0.000668021,20,0.0005,1612515.148,468952.227,184.4,1996.5608,100,14.81667,14,100,0,1,100,3900.0,2600,500,4.9,25.2,0.1,8,397.4557591,300,100,4.3,22.7,0.0,0,234.9505964,1700,500,3.7,26,0.2,32,-297.4461054,1300,700,1.9,27.4,0.1
317.332162,1,AUTO,ARMED,5,AVAILABLE,UNAVAILABLE,UNAVAILABLE,231,4,ACTIVE,711,D_P3-A5.NC,D_P3-A5.NC,6,0.000668021,20,0.0005,1612515.148,468952.227,184.4,1996.5608,100,14.81667,15,100,0,0,100,3900.0,2600,500,4.9,25.2,0.1,9,399.8397338,300,100,4.3,22.7,0.0,0,234.9505964,1700,500,3.7,26,0.2,32,-297.4461054,1300,700,1.9,27.4,0.1
317.471075,1,AUTO,ARMED,5,AVAILABLE,UNAVAILABLE,UNAVAILABLE,232,4,ACTIVE,711,D_P3-A5.NC,D_P3-A5.NC,6,0.000668021,20,0.0005,1612515.148,468952.227,184.4,1996.5608,100,0.0,15,100,0,0,100,3900.0,2600,500,4.9,25.2,0.1,5,399.8408554,300,100,4.3,22.7,0.0,0,234.9505964,1700,500,3.7,26,0.2,32,-297.446094,1300,700,1.9,27.4,0.1
317.614719,1,AUTO,ARMED,5,AVAILABLE,UNAVAILABLE,UNAVAILABLE,232,4,ACTIVE,711,D_P3-A5.NC,D_P3-A5.NC,6,0.000668021,20,0.0005,1612515.148,468952.227,184.4,1996.5608,100,0.0,15,100,0,0,100,3900.0,2600,500,4.9,25.2,0.1,5,399.8409011,300,100,4.3,22.7,0.0,0,234.9505964,1700,500,3.7,26,0.2,32,-297.446094,1300,700,1.9,27.4,0.1
317.759786,1,AUTO,ARMED,5,AVAILABLE,UNAVAILABLE,UNAVAILABLE,232,4,ACTIVE,711,D_P3-A5.NC,D_P3-A5.NC,6,0.000668021,20,0.0005,1612515.148,468952.227,184.4,2029.2002,100,0.0,15,100,0,0,100,3900.0,2600,500,4.9,25.2,0.1,6,399.840924,300,100,4.3,22.7,0.0,0,234.9505964,1700,500,3.7,26,0.2,32,-297.4461054,1300,700,1.9,27.4,0.1
317.903873,1,AUTO,ARMED,5,AVAILABLE,UNAVAILABLE,UNAVAILABLE,232,4,ACTIVE,711,D_P3-A5.NC,D_P3-A5.NC,6,0.000668021,20,0.0005,1612515.148,468952.227,184.4,2029.2002,100,0.0,15,100,0,0,100,3900.0,2600,500,4.9,25.2,0.1,6,399.8409011,300,100,4.3,22.7,0.0,0,234.9505964,1700,500,3.7,26,0.2,32,-297.446094,1300,700,1.9,27.4,0.1
318.073905,1,AUTO,ARMED,5,AVAILABLE,UNAVAILABLE,UNAVAILABLE,232,4,ACTIVE,711,D_P3-A5.NC,D_P3-A5.NC,6,0.000668021,20,0.0005,1612515.148,468952.227,184.4,2029.2002,100,0.0,15,100,0,0,100,3900.0,2600,500,4.9,25.2,0.1,6,399.8409126,300,100,4.3,22.7,0.0,0,234.9506079,1700,500,3.7,26,0.2,32,-297.446094,1300,700,1.9,27.4,0.1
318.217344,1,AUTO,ARMED,5,AVAILABLE,UNAVAILABLE,UNAVAILABLE,232,4,ACTIVE,711,D_P3-A5.NC,D_P3-A5.NC,6,0.000668021,20,0.0005,1612515.148,468952.227,184.4,2029.2002,100,0.0,15,100,0,0,100,3900.0,2600,500,4.9,25.2,0.1,6,399.8408897,300,100,4.3,22.7,0.0,0,234.9505964,1700,500,3.7,26,0.2,32,-297.4461054,1300,700,1.9,27.4,0.1
318.361331,1,AUTO,ARMED,5,AVAILABLE,UNAVAILABLE,UNAVAILABLE,232,4,ACTIVE,711,D_P3-A5.NC,D_P3-A5.NC,6,0.000668021,20,0.0005,1612515.148,468952.227,184.4,2029.2002,100,0.0,16,100,0,0,100,3900.0,2600,500,4.9,25.2,0.1,6,399.8398923,300,100,4.3,22.7,0.0,0,234.9942438,1700,500,3.7,26,0.2,32,-297.446094,1300,700,1.9,27.4,0.1
318.501991,1,AUTO,ARMED,5,AVAILABLE,UNAVAILABLE,UNAVAILABLE,234,4,ACTIVE,711,D_P3-A5.NC,D_P3-A5.NC,6,0.000668021,20,0.0005,1612515.148,468952.227,184.4,2029.2002,100,14.81667,16,100,0,0,100,3900.0,3100,700,4.4,25.2,0.1,8,397.883985,500,200,3.4,22.7,0.1,3,235.0777162,1800,600,2.9,26,0.2,32,-297.446094,1300,700,2.0,27.4,0.1
318.649599,1,AUTO,ARMED,5,AVAILABLE,UNAVAILABLE,UNAVAILABLE,234,4,ACTIVE,711,D_P3-A5.NC,D_P3-A5.NC,6,0.000668021,20,0.0005,1612515.148,468952.227,184.4,2029.2002,100,14.81667,16,100,0,0,100,3900.0,3100,700,4.4,25.2,0.1,8,396.3579017,500,200,3.4,22.7,0.1,3,235.0776475,1800,600,2.9,26,0.2,32,-297.4461054,1300,700,2.0,27.4,0.1
318.795706,1,AUTO,ARMED,5,AVAILABLE,UNAVAILABLE,UNAVAILABLE,234,4,ACTIVE,711,D_P3-A5.NC,D_P3-A5.NC,6,0.000668021,20,0.0005,1612515.148,468952.227,184.4,2029.2002,100,14.81667,16,100,0,2,100,3900.0,3100,700,4.4,25.2,0.1,8,394.8318069,500,200,3.4,22.7,0.1,2,235.0776246,1800,600,2.9,26,0.2,32,-297.4461054,1300,700,2.0,27.4,0.1
318.933632,1,AUTO,ARMED,5,AVAILABLE,UNAVAILABLE,UNAVAILABLE,234,4,ACTIVE,711,D_P3-A5.NC,D_P3-A5.NC,6,0.000668021,20,0.0005,1612515.148,468952.227,184.4,2101.4331,100,14.81667,16,100,0,2,100,3900.0,3100,700,4.4,25.2,0.1,8,393.3021985,500,200,3.4,22.7,0.1,2,235.0776132,1800,600,2.9,26,0.2,32,-297.446094,1300,700,2.0,27.4,0.1
319.078329,1,AUTO,ARMED,5,AVAILABLE,UNAVAILABLE,UNAVAILABLE,234,4,ACTIVE,711,D_P3-A5.NC,D_P3-A5.NC,6,0.000668021,20,0.0005,1612515.148,468952.227,184.4,2101.4331,100,14.81667,16,100,0,2,100,3900.0,3100,700,4.4,25.2,0.1,8,388.7164292,500,200,3.4,22.7,0.1,2,235.0776018,1800,600,2.9,26,0.2,32,-297.4461054,1300,700,2.0,27.4,0.1
319.235731,1,AUTO,ARMED,5,AVAILABLE,UNAVAILABLE,UNAVAILABLE,234,4,ACTIVE,711,D_P3-A5.NC,D_P3-A5.NC,6,0.000668021,20,0.0005,1612515.148,468952.227,184.4,2101.4331,100,14.81667,16,100,0,2,100,3900.0,3100,700,4.4,25.2,0.1,8,387.1900254,500,200,3.4,22.7,0.1,2,235.0775445,1800,600,2.9,26,0.2,32,-297.4461054,1300,700,2.0,27.4,0.1
319.379249,1,AUTO,ARMED,5,AVAILABLE,UNAVAILABLE,UNAVAILABLE,234,4,ACTIVE,711,D_P3-A5.NC,D_P3-A5.NC,6,0.000668021,20,0.0005,1612515.148,468952.227,184.4,2101.4331,100,14.81667,17,100,0,1,100,3900.0,3100,700,4.4,25.2,0.1,9,384.1381105,500,200,3.4,22.7,0.1,3,235.0776018,1800,600,2.9,26,0.2,32,-297.446094,1300,700,2.0,27.4,0.1
319.522762,1,AUTO,ARMED,5,AVAILABLE,UNAVAILABLE,UNAVAILABLE,234,4,ACTIVE,711,D_P3-A5.NC,D_P3-A5.NC,6,0.000668021,20,0.0005,1612515.148,468952.227,184.4,2101.4331,100,14.81667,17,100,0,1,100,3900.0,3100,700,4.4,25.2,0.1,7,382.608113,500,200,3.4,22.7,0.1,3,235.0775789,1800,600,2.9,26,0.2,32,-297.4461054,1300,700,2.0,27.4,0.1
319.674927,1,AUTO,ARMED,5,AVAILABLE,UNAVAILABLE,UNAVAILABLE,234,4,ACTIVE,711,D_P3-A5.NC,D_P3-A5.NC,6,0.000668021,20,0.0005,1612515.148,468952.227,184.4,2101.4331,100,14.81667,17,100,0,1,100,3900.0,3100,700,4.4,25.2,0.1,7,381.0820297,500,200,3.4,22.7,0.1,3,235.0775674,1800,600,2.9,26,0.2,32,-297.446094,1300,700,2.0,27.4,0.1
319.826063,1,AUTO,ARMED,5,AVAILABLE,UNAVAILABLE,UNAVAILABLE,234,4,ACTIVE,711,D_P3-A5.NC,D_P3-A5.NC,6,0.000668021,20,0.0005,1612515.148,468952.227,184.4,2101.4331,100,14.81667,17,100,0,1,100,3900.0,3100,700,4.4,25.2,0.1,7,379.5557993,500,200,3.4,22.7,0.1,3,235.0776018,1800,600,2.9,26,0.2,32,-297.4461054,1300,700,2.0,27.4,0.1
319.976009,1,AUTO,ARMED,5,AVAILABLE,UNAVAILABLE,UNAVAILABLE,234,4,ACTIVE,711,D_P3-A5.NC,D_P3-A5.NC,6,0.000668021,20,0.0005,1612515.148,468952.227,184.4,2115.4854,100,14.81667,17,100,0,1,100,3900.0,2800,700,4.0,25.2,0.1,8,374.973857,500,100,3.6,22.7,0.1,3,235.0776132,1800,600,2.9,26,0.2,32,-297.446094,1400,700,2.2,27.4,0.1
320.117343,1,AUTO,ARMED,5,AVAILABLE,UNAVAILABLE,UNAVAILABLE,234,4,ACTIVE,711,D_P3-A5.NC,D_P3-A5.NC,6,0.000668021,20,0.0005,1612515.148,468952.227,184.4,2115.4854,100,14.81667,17,100,0,1,100,3900.0,2800,700,4.0,25.2,0.1,8,373.4402029,500,100,3.6,22.7,0.1,3,235.0776018,1800,600,2.9,26,0.2,32,-297.4461054,1400,700,2.2,27.4,0.1
320.262587,1,AUTO,ARMED,5,AVAILABLE,UNAVAILABLE,UNAVAILABLE,234,4,ACTIVE,711,D_P3-A5.NC,D_P3-A5.NC,6,0.000668021,20,0.0005,1612515.148,468952.227,184.4,2115.4854,100,14.81667,17,100,0,0,100,3900.0,2800,700,4.0,25.2,0.1,6,371.9142163,500,100,3.6,22.7,0.1,3,235.0775903,1800,600,2.9,26,0.2,32,-297.4461054,1400,700,2.2,27.4,0.1
320.42963,1,AUTO,ARMED,5,AVAILABLE,UNAVAILABLE,UNAVAILABLE,234,4,ACTIVE,711,D_P3-A5.NC,D_P3-A5.NC,6,0.000668021,20,0.0005,1612515.148,468952.227,184.4,2115.4854,100,14.81667,18,100,0,1,100,3900.0,2800,700,4.0,25.2,0.1,7,371.1512917,500,100,3.6,22.7,0.1,3,235.0776018,1800,600,2.9,26,0.2,32,-297.446094,1400,700,2.2,27.4,0.1
320.572648,1,AUTO,ARMED,5,AVAILABLE,UNAVAILABLE,UNAVAILABLE,234,4,ACTIVE,711,D_P3-A5.NC,D_P3-A5.NC,6,0.000668021,20,0.0005,1612515.148,468952.227,184.4,2115.4854,100,14.81667,18,100,0,0,100,3900.0,2800,700,4.0,25.2,0.1,8,366.5689489,500,100,3.6,22.7,0.1,3,235.0776018,1800,600,2.9,26,0.2,32,-297.446094,1400,700,2.2,27.4,0.1
320.718446,1,AUTO,ARMED,5,AVAILABLE,UNAVAILABLE,UNAVAILABLE,234,4,ACTIVE,711,D_P3-A5.NC,D_P3-A5.NC,6,0.000668021,20,0.0005,1612515.148,468952.227,184.4,2115.4854,100,14.81667,18,100,0,0,100,3900.0,2800,700,4.0,25.2,0.1,8,365.0428937,500,100,3.6,22.7,0.1,3,235.0776246,1800,600,2.9,26,0.2,32,-297.446094,1400,700,2.2,27.4,0.1
320.861554,1,AUTO,ARMED,5,AVAILABLE,UNAVAILABLE,UNAVAILABLE,234,4,ACTIVE,711,D_P3-A5.NC,D_P3-A5.NC,6,0.000668021,20,0.0005,1612515.148,468952.227,184.4,2115.4854,100,14.81667,18,100,0,0,100,3900.0,2800,700,4.0,25.2,0.1,7,363.5133709,500,100,3.6,22.7,0.1,3,235.0776018,1800,600,2.9,26,0.2,32,-297.446094,1400,700,2.2,27.4,0.1
321.005348,1,AUTO,ARMED,5,AVAILABLE,UNAVAILABLE,UNAVAILABLE,234,4,ACTIVE,711,D_P3-A5.NC,D_P3-A5.NC,6,0.000668021,20,0.0005,1612515.148,468952.227,184.4,2105.3689,100,14.81667,18,100,0,0,100,3900.0,2800,700,4.0,25.2,0.1,7,360.4608599,500,100,3.6,22.7,0.1,3,235.0776018,1800,600,2.9,26,0.2,32,-297.4461054,1400,700,2.2,27.4,0.1
321.152622,1,AUTO,ARMED,5,AVAILABLE,UNAVAILABLE,UNAVAILABLE,234,4,ACTIVE,711,D_P3-A5.NC,D_P3-A5.NC,6,0.000668021,20,0.0005,1612515.148,468952.227,184.4,2105.3689,100,14.81667,18,100,0,4,100,3900.0,2800,700,4.0,25.2,0.1,8,358.9272744,500,100,3.6,22.7,0.1,3,235.0775789,1800,600,2.9,26,0.2,32,-297.4461054,1400,700,2.2,27.4,0.1
321.29843,1,AUTO,ARMED,5,AVAILABLE,UNAVAILABLE,UNAVAILABLE,234,4,ACTIVE,711,D_P3-A5.NC,D_P3-A5.NC,6,0.000668021,20,0.0005,1612515.148,468952.227,184.4,2105.3689,100,14.81667,18,100,0,0,100,3900.0,2800,700,4.0,25.2,0.1,7,355.8751067,500,100,3.6,22.7,0.1,3,235.0776018,1800,600,2.9,26,0.2,32,-297.446094,1400,700,2.2,27.4,0.1
321.442271,1,AUTO,ARMED,5,AVAILABLE,UNAVAILABLE,UNAVAILABLE,234,4,ACTIVE,711,D_P3-A5.NC,D_P3-A5.NC,6,0.000668021,20,0.0005,1612515.148,468952.227,184.4,2105.3689,100,14.81667,19,100,0,0,100,3900.0,2800,700,4.0,25.2,0.1,7,354.3451962,500,100,3.6,22.7,0.1,3,235.0776132,1800,600,2.9,26,0.2,32,-297.4461169,1400,700,2.2,27.4,0.1
321.589873,1,AUTO,ARMED,5,AVAILABLE,UNAVAILABLE,UNAVAILABLE,234,4,ACTIVE,711,D_P3-A5.NC,D_P3-A5.NC,6,0.000668021,20,0.0005,1612515.148,468952.227,184.4,2105.3689,100,14.81667,19,100,0,0,100,3900.0,2800,700,4.0,25.2,0.1,6,352.8191834,500,100,3.6,22.7,0.1,3,235.0775789,1800,600,2.9,26,0.2,32,-297.4461054,1400,700,2.2,27.4,0.1
321.749444,1,AUTO,ARMED,5,AVAILABLE,UNAVAILABLE,UNAVAILABLE,234,4,ACTIVE,711,D_P3-A5.NC,D_P3-A5.NC,6,0.000668021,20,0.0005,1612515.148,468952.227,184.4,2105.3689,100,14.81667,19,100,0,1,100,3900.0,2900,700,4.3,25.2,0.1,8,349.7704881,400,100,4.7,22.7,0.1,3,235.0776246,1800,600,2.9,26,0.2,32,-297.4461054,1300,700,2.0,27.4,0.1
321.89684,1,AUTO,ARMED,5,AVAILABLE,UNAVAILABLE,UNAVAILABLE,234,4,ACTIVE,711,D_P3-A5.NC,D_P3-A5.NC,6,0.000668021,20,0.0005,1612515.148,468952.227,184.4,2105.3689,100,14.81667,19,100,0,1,100,3900.0,2900,700,4.3,25.2,0.1,8,348.2370712,400,100,4.7,22.7,0.1,3,235.0776132,1800,600,2.9,26,0.2,32,-297.446094,1300,700,2.0,27.4,0.1
322.043175,1,AUTO,ARMED,5,AVAILABLE,UNAVAILABLE,UNAVAILABLE,234,4,ACTIVE,711,D_P3-A5.NC,D_P3-A5.NC,6,0.000668021,20,0.0005,1612515.148,468952.227,184.4,2105.3689,100,14.81667,19,100,0,0,100,3900.0,2900,700,4.3,25.2,0.1,8,346.7149379,400,100,4.7,22.7,0.1,3,235.0776132,1800,600,2.9,26,0.2,32,-297.446094,1300,700,2.0,27.4,0.1
322.184683,1,AUTO,ARMED,5,AVAILABLE,UNAVAILABLE,UNAVAILABLE,234,4,ACTIVE,711,D_P3-A5.NC,D_P3-A5.NC,6,0.000668021,20,0.0005,1612515.148,468952.227,184.4,1953.7207,100,14.81667,19,100,0,1,100,3900.0,2900,700,4.3,25.2,0.1,8,342.8921929,400,100,4.7,22.7,0.1,3,235.0776018,1800,600,2.9,26,0.2,32,-297.446094,1300,700,2.0,27.4,0.1
322.328837,1,AUTO,ARMED,5,AVAILABLE,UNAVAILABLE,UNAVAILABLE,234,4,ACTIVE,711,D_P3-A5.NC,D_P3-A5.NC,6,0.000668021,20,0.0005,1612515.148,468952.227,184.4,1953.7207,100,14.81667,20,100,0,1,100,3900.0,2900,700,4.3,25.2,0.1,9,341.3657567,400,100,4.7,22.7,0.1,3,235.0776018,1800,600,2.9,26,0.2,32,-297.4461054,1300,700,2.0,27.4,0.1
322.474827,1,AUTO,ARMED,5,AVAILABLE,UNAVAILABLE,UNAVAILABLE,234,4,ACTIVE,711,D_P3-A5.NC,D_P3-A5.NC,6,0.000668021,20,0.0005,1612515.148,468952.227,184.4,1953.7207,100,14.81667,20,100,0,1,100,3900.0,2900,700,4.3,25.2,0.1,9,339.8396867,400,100,4.7,22.7,0.1,3,235.0775789,1800,600,2.9,26,0.2,32,-297.4461054,1300,700,2.0,27.4,0.1
322.631846,1,AUTO,ARMED,5,AVAILABLE,UNAVAILABLE,UNAVAILABLE,234,4,ACTIVE,711,D_P3-A5.NC,D_P3-A5.NC,6,0.000668021,20,0.0005,1612515.148,468952.227,184.4,1953.7207,100,14.81667,20,100,0,1,100,3900.0,2900,700,4.3,25.2,0.1,7,338.3102981,400,100,4.7,22.7,0.1,3,235.0776132,1800,600,2.9,26,0.2,32,-297.446094,1300,700,2.0,27.4,0.1
322.775177,1,AUTO,ARMED,5,AVAILABLE,UNAVAILABLE,UNAVAILABLE,234,4,ACTIVE,711,D_P3-A5.NC,D_P3-A5.NC,6,0.000668021,20,0.0005,1612515.148,468952.227,184.4,1953.7207,100,14.81667,20,100,0,0,100,3900.0,2900,700,4.3,25.2,0.1,9,333.724272,400,100,4.7,22.7,0.1,3,235.0776132,1800,600,2.9,26,0.2,32,-297.446094,1300,700,2.0,27.4,0.1
322.914851,1,AUTO,ARMED,5,AVAILABLE,UNAVAILABLE,UNAVAILABLE,234,4,ACTIVE,711,D_P3-A5.NC,D_P3-A5.NC,6,0.000668021,20,0.0005,1612515.148,468952.227,184.4,1989.0858,100,14.81667,20,100,0,0,100,3900.0,2900,700,4.3,25.2,0.1,6,332.1945858,400,100,4.7,22.7,0.1,3,235.0776018,1800,600,2.9,26,0.2,32,-297.446094,1300,700,2.0,27.4,0.1
323.057926,1,AUTO,ARMED,5,AVAILABLE,UNAVAILABLE,UNAVAILABLE,234,4,ACTIVE,711,D_P3-A5.NC,D_P3-A5.NC,6,0.000668021,20,0.0005,1612515.148,468952.227,184.4,1989.0858,100,14.81667,20,100,0,0,100,3900.0,2500,500,4.7,25.2,0.1,6,330.6720176,200,100,4.1,22.7,0.0,3,235.0776132,1800,600,2.8,26,0.2,32,-297.446094,1300,700,2.0,27.4,0.1
323.20572,1,AUTO,ARMED,5,AVAILABLE,UNAVAILABLE,UNAVAILABLE,234,4,ACTIVE,711,D_P3-A5.NC,D_P3-A5.NC,6,0.000668021,20,0.0005,1612515.148,468952.227,184.4,1989.0858,100,14.81667,20,100,0,1,100,3900.0,2500,500,4.7,25.2,0.1,9,329.1385151,200,100,4.1,22.7,0.0,3,235.0776246,1800,600,2.8,26,0.2,32,-297.4461054,1300,700,2.0,27.4,0.1
323.351851,1,AUTO,ARMED,5,AVAILABLE,UNAVAILABLE,UNAVAILABLE,234,4,ACTIVE,711,D_P3-A5.NC,D_P3-A5.NC,6,0.000668021,20,0.0005,1612875.616,468952.227,184.4,1989.0858,100,14.81667,21,100,0,1,100,3900.0,2500,500,4.7,25.2,0.1,9,326.0901612,200,100,4.1,22.7,0.0,3,235.0776018,1800,600,2.8,26,0.2,32,-297.4461054,1300,700,2.0,27.4,0.1
323.506322,1,AUTO,ARMED,5,AVAILABLE,UNAVAILABLE,UNAVAILABLE,234,4,ACTIVE,711,D_P3-A5.NC,D_P3-A5.NC,6,0.000668021,20,0.0005,1612875.616,468952.227,184.4,1989.0858,100,14.81667,21,100,0,0,100,3900.0,2500,500,4.7,25.2,0.1,9,324.5562849,200,100,4.1,22.7,0.0,3,235.0776018,1800,600,2.8,26,0.2,32,-297.446094,1300,700,2.0,27.4,0.1
323.647362,1,AUTO,ARMED,5,AVAILABLE,UNAVAILABLE,UNAVAILABLE,234,4,ACTIVE,711,D_P3-A5.NC,D_P3-A5.NC,6,0.000668021,20,0.0005,1612875.616,468952.227,184.4,1989.0858,100,14.81667,21,100,0,0,100,3900.0,2500,500,4.7,25.2,0.1,9,323.0302597,200,100,4.1,22.7,0.0,3,235.0776018,1800,600,2.8,26,0.2,32,-297.4461054,1300,700,2.0,27.4,0.1
323.800127,1,AUTO,ARMED,5,AVAILABLE,UNAVAILABLE,UNAVAILABLE,234,4,ACTIVE,711,D_P3-A5.NC,D_P3-A5.NC,6,0.000668021,20,0.0005,1612875.616,468952.227,184.4,1989.0858,100,13.83333,21,100,0,2,100,3900.0,2500,500,4.7,25.2,0.1,9,318.602818,200,100,4.1,22.7,0.0,2,235.0776018,1800,600,2.8,26,0.2,32,-297.446094,1300,700,2.0,27.4,0.1
323.940015,1,AUTO,ARMED,5,AVAILABLE,UNAVAILABLE,UNAVAILABLE,235,4,ACTIVE,711,D_P3-A5.NC,D_P3-A5.NC,6,0.000668021,20,0.0005,1612875.616,468952.227,184.4,1989.0858,100,6.433333,21,100,0,2,100,3900.0,2500,500,4.7,25.2,0.1,9,318.5609421,200,100,4.1,22.7,0.0,2,235.0776018,1800,600,2.8,26,0.2,32,-297.446094,1300,700,2.0,27.4,0.1
324.079101,1,AUTO,ARMED,5,AVAILABLE,UNAVAILABLE,UNAVAILABLE,235,4,ACTIVE,711,D_P3-A5.NC,D_P3-A5.NC,6,0.000668021,20,0.0005,1612875.616,468952.227,184.4,1993.2104,100,0.0,21,100,0,1,100,3900.0,2500,500,4.7,25.2,0.1,7,318.5608162,200,100,4.1,22.7,0.0,2,235.0776018,1800,600,2.8,26,0.2,32,-297.446094,1300,700,2.0,27.4,0.1
324.221282,1,AUTO,ARMED,5,AVAILABLE,UNAVAILABLE,UNAVAILABLE,235,4,ACTIVE,711,D_P3-A5.NC,D_P3-A5.NC,6,0.000668021,20,0.0005,1612875.616,468952.227,184.4,1993.2104,100,0.0,21,100,0,1,100,3900.0,2500,500,4.7,25.2,0.1,7,318.5608277,200,100,4.1,22.7,0.0,2,235.0776018,1800,600,2.8,26,0.2,32,-297.446094,1300,700,2.0,27.4,0.1
324.700796,1,AUTO,ARMED,5,AVAILABLE,UNAVAILABLE,UNAVAILABLE,235,4,ACTIVE,711,D_P3-A5.NC,D_P3-A5.NC,6,0.000668021,20,0.0005,1612875.616,468952.227,184.4,1993.2104,100,0.0,22,100,0,0,100,3900.0,2500,500,4.7,25.2,0.1,6,318.5608964,200,100,4.1,22.7,0.0,2,235.0776018,1800,600,2.8,26,0.2,32,-297.4461054,1300,700,2.0,27.4,0.1
324.863949,1,AUTO,ARMED,5,AVAILABLE,UNAVAILABLE,UNAVAILABLE,235,4,ACTIVE,711,D_P3-A5.NC,D_P3-A5.NC,6,0.000668021,20,0.0005,1612875.616,468952.227,184.4,1993.2104,100,0.0,22,100,0,1,100,3900.0,2700,500,5.0,25.2,0.1,6,318.5608964,300,100,3.8,22.7,0.1,2,235.0776018,1200,400,2.7,26,0.2,32,-297.4461054,1300,700,1.9,27.4,0.2
325.015063,1,AUTO,ARMED,5,AVAILABLE,UNAVAILABLE,UNAVAILABLE,239,4,ACTIVE,711,D_P3-A5.NC,D_P3-A5.NC,6,0.000668021,20,0.0005,1612875.616,468952.227,184.4,1993.2104,100,0.0,22,100,0,1,100,3900.0,2700,500,5.0,25.2,0.1,6,318.5608964,300,100,3.8,22.7,0.1,2,235.1823142,1200,400,2.7,26,0.2,32,-297.4461054,1300,700,1.9,27.4,0.2
325.167849,1,AUTO,ARMED,5,AVAILABLE,UNAVAILABLE,UNAVAILABLE,239,4,ACTIVE,711,D_P3-A5.NC,D_P3-A5.NC,6,0.000668021,20,0.0005,1612875.616,468952.227,184.4,1993.2104,100,0.0,22,100,0,0,100,3900.0,2700,500,5.0,25.2,0.1,5,318.5608964,300,100,3.8,22.7,0.1,1,235.2045384,1200,400,2.7,26,0.2,32,-297.4461054,1300,700,1.9,27.4,0.2
325.305581,1,AUTO,ARMED,5,AVAILABLE,UNAVAILABLE,UNAVAILABLE,239,4,ACTIVE,711,D_P3-A5.NC,D_P3-A5.NC,6,0.000668021,20,0.0005,1612875.616,468952.227,184.4,1993.2104,100,0.0,23,100,0,1,100,3900.0,2700,500,5.0,25.2,0.1,5,318.5608964,300,100,3.8,22.7,0.1,0,235.2045956,1200,400,2.7,26,0.2,32,-297.446094,1300,700,1.9,27.4,0.2
325.446705,1,AUTO,ARMED,5,AVAILABLE,UNAVAILABLE,UNAVAILABLE,239,4,ACTIVE,711,D_P3-A5.NC,D_P3-A5.NC,6,0.000668021,20,0.0005,1612875.616,468952.227,184.4,2094.8494,100,0.0,23,100,0,1,100,3900.0,2700,500,5.0,25.2,0.1,5,318.5608964,300,100,3.8,22.7,0.1,0,235.2045842,1200,400,2.7,26,0.2,32,-297.4461054,1300,700,1.9,27.4,0.2
325.591948,1,AUTO,ARMED,5,AVAILABLE,UNAVAILABLE,UNAVAILABLE,239,4,ACTIVE,711,D_P3-A5.NC,D_P3-A5.NC,6,0.000668021,20,0.0005,1612875.616,468952.227,184.4,2094.8494,100,0.0,23,100,0,1,100,3900.0,2700,500,5.0,25.2,0.1,5,318.5608964,300,100,3.8,22.7,0.1,0,235.2045842,1200,400,2.7,26,0.2,32,-297.4461054,1300,700,1.9,27.4,0.2
325.76191,1,AUTO,ARMED,5,AVAILABLE,UNAVAILABLE,UNAVAILABLE,239,4,ACTIVE,711,D_P3-A5.NC,D_P3-A5.NC,6,0.000668021,20,0.0005,1612875.616,468952.227,184.4,2094.8494,100,0.0,23,100,0,0,100,3900.0,2700,500,5.0,25.2,0.1,5,318.5608964,300,100,3.8,22.7,0.1,0,235.2045956,1200,400,2.7,26,0.2,32,-297.446094,1300,700,1.9,27.4,0.2
325.907655,1,AUTO,ARMED,5,AVAILABLE,UNAVAILABLE,UNAVAILABLE,239,4,ACTIVE,711,D_P3-A5.NC,D_P3-A5.NC,6,0.000668021,20,0.0005,1612875.616,468952.227,184.4,2094.8494,100,0.0,23,100,0,0,100,3900.0,2700,500,5.0,25.2,0.1,5,318.5608964,300,100,3.8,22.7,0.1,0,235.2045842,1200,400,2.7,26,0.2,32,-297.4461054,1300,700,1.9,27.4,0.2
326.056107,1,AUTO,ARMED,5,AVAILABLE,UNAVAILABLE,UNAVAILABLE,240,4,ACTIVE,711,D_P3-A5.NC,D_P3-A5.NC,6,0.000668021,20,0.0005,1612875.616,468952.227,184.4,2094.8494,100,0.0,23,100,0,1,100,3900.0,2700,500,5.0,25.2,0.1,5,319.0924529,300,100,3.8,22.7,0.1,0,235.2045956,1200,400,2.7,26,0.2,32,-297.4461054,1300,700,1.9,27.4,0.2
326.203726,1,AUTO,ARMED,5,AVAILABLE,UNAVAILABLE,UNAVAILABLE,240,4,ACTIVE,711,D_P3-A5.NC,D_P3-A5.NC,6,0.000668021,20,0.0005,1612875.616,468952.227,184.4,2094.8494,100,16.93333,23,100,0,2,100,3900.0,2700,500,5.0,25.2,0.1,8,320.833784,300,100,3.8,22.7,0.1,0,235.2045956,1200,400,2.7,26,0.2,32,-297.4461054,1300,700,1.9,27.4,0.2
326.369157,1,AUTO,ARMED,5,AVAILABLE,UNAVAILABLE,UNAVAILABLE,240,4,ACTIVE,711,D_P3-A5.NC,D_P3-A5.NC,6,0.000668021,20,0.0005,1612875.616,468952.227,184.4,2094.8494,100,16.93333,24,100,0,0,100,3900.0,3000,700,4.1,25.3,0.2,9,324.3303626,600,200,3.2,22.7,0.1,0,235.2045956,1200,400,2.7,26,0.2,32,-297.446094,1400,700,2.0,27.4,0.1
326.509705,1,AUTO,ARMED,5,AVAILABLE,UNAVAILABLE,UNAVAILABLE,240,4,ACTIVE,711,D_P3-A5.NC,D_P3-A5.NC,6,0.000668021,20,0.0005,1612875.616,468952.227,184.4,2122.2581,100,16.93333,24,100,0,0,100,3900.0,3000,700,4.1,25.3,0.2,10,327.8228785,600,200,3.2,22.7,0.1,0,235.2046071,1200,400,2.7,26,0.2,32,-297.446094,1400,700,2.0,27.4,0.1
326.655327,1,AUTO,ARMED,5,AVAILABLE,UNAVAILABLE,UNAVAILABLE,240,4,ACTIVE,711,D_P3-A5.NC,D_P3-A5.NC,6,0.000668021,20,0.0005,1612875.616,468952.227,184.4,2122.2581,100,16.93333,24,100,0,0,100,3900.0,3000,700,4.1,25.3,0.2,10,329.5669792,600,200,3.2,22.7,0.1,0,235.2046071,1200,400,2.7,26,0.2,32,-297.446094,1400,700,2.0,27.4,0.1
326.799585,1,AUTO,ARMED,5,AVAILABLE,UNAVAILABLE,UNAVAILABLE,240,4,ACTIVE,711,D_P3-A5.NC,D_P3-A5.NC,6,0.000668021,20,0.0005,1612875.616,468952.227,184.4,2122.2581,100,16.93333,24,100,0,0,100,3900.0,3000,700,4.1,25.3,0.2,10,331.3110856,600,200,3.2,22.7,0.1,0,235.2045727,1200,400,2.7,26,0.2,32,-297.4461054,1400,700,2.0,27.4,0.1
326.943114,1,AUTO,ARMED,5,AVAILABLE,UNAVAILABLE,UNAVAILABLE,240,4,ACTIVE,711,D_P3-A5.NC,D_P3-A5.NC,6,0.000668021,20,0.0005,1612875.616,468952.227,184.4,2122.2581,100,16.93333,24,100,0,0,100,3900.0,3000,700,4.1,25.3,0.2,10,333.0638881,600,200,3.2,22.7,0.1,0,235.2045613,1200,400,2.7,26,0.2,32,-297.4461054,1400,700,2.0,27.4,0.1
327.086733,1,AUTO,ARMED,5,AVAILABLE,UNAVAILABLE,UNAVAILABLE,240,4,ACTIVE,711,D_P3-A5.NC,D_P3-A5.NC,6,0.000668021,20,0.0005,1612875.616,468952.227,184.4,2122.2581,100,16.93333,24,100,0,0,100,3900.0,3000,700,4.1,25.3,0.2,11,334.8079474,600,200,3.2,22.7,0.1,0,235.2045842,1200,400,2.7,26,0.2,32,-297.446094,1400,700,2.0,27.4,0.1
327.238177,1,AUTO,ARMED,5,AVAILABLE,UNAVAILABLE,UNAVAILABLE,240,4,ACTIVE,711,D_P3-A5.NC,D_P3-A5.NC,6,0.000668021,20,0.0005,1612875.616,468952.227,184.4,2122.2581,100,16.93333,24,100,0,0,100,3900.0,3000,700,4.1,25.3,0.2,10,340.0445885,600,200,3.2,22.7,0.1,0,235.2045842,1200,400,2.7,26,0.2,32,-297.446094,1400,700,2.0,27.4,0.1
327.394661,1,AUTO,ARMED,5,AVAILABLE,UNAVAILABLE,UNAVAILABLE,240,4,ACTIVE,711,D_P3-A5.NC,D_P3-A5.NC,6,0.000668021,20,0.0005,1612875.616,468952.227,184.4,2122.2581,100,16.93333,25,100,0,0,100,3900.0,3000,700,4.1,25.3,0.2,10,341.7886935,600,200,3.2,22.7,0.1,0,235.2046071,1200,400,2.7,26,0.2,32,-297.4461054,1400,700,2.0,27.4,0.1
327.548925,1,AUTO,ARMED,5,AVAILABLE,UNAVAILABLE,UNAVAILABLE,240,4,ACTIVE,711,D_P3-A5.NC,D_P3-A5.NC,6,0.000668021,20,0.0005,1612875.616,468952.227,184.4,2134.9246,100,16.93333,25,100,0,2,100,3900.0,3000,700,4.1,25.3,0.2,10,343.5411299,600,200,3.2,22.7,0.1,0,235.2045956,1200,400,2.7,26,0.2,32,-297.446094,1400,700,2.0,27.4,0.1
327.691169,1,AUTO,ARMED,5,AVAILABLE,UNAVAILABLE,UNAVAILABLE,240,4,ACTIVE,711,D_P3-A5.NC,D_P3-A5.NC,6,0.000668021,20,0.0005,1612875.616,468952.227,184.4,2134.9246,100,16.93333,25,100,0,1,100,3900.0,3000,700,4.1,25.3,0.2,11,347.0294544,600,200,3.2,22.7,0.1,0,235.2046071,1200,400,2.7,26,0.2,32,-297.4461054,1400,700,2.0,27.4,0.1
327.838422,1,AUTO,ARMED,5,AVAILABLE,UNAVAILABLE,UNAVAILABLE,240,4,ACTIVE,711,D_P3-A5.NC,D_P3-A5.NC,6,0.000668021,20,0.0005,1612875.616,468952.227,184.4,2134.9246,100,16.93333,25,100,0,1,100,3900.0,3000,700,4.1,25.3,0.2,10,349.6542008,600,200,3.2,22.7,0.1,0,235.2045842,1200,400,2.7,26,0.2,32,-297.4461054,1400,700,2.0,27.4,0.1
327.988039,1,AUTO,ARMED,5,AVAILABLE,UNAVAILABLE,UNAVAILABLE,240,4,ACTIVE,711,D_P3-A5.NC,D_P3-A5.NC,6,0.000668021,20,0.0005,1612875.616,468952.227,184.4,2134.9246,100,16.93333,25,100,0,1,100,3900.0,3700,800,4.9,25.3,0.1,10,351.3984203,600,200,3.2,22.7,0.1,0,235.2046071,1200,500,2.7,26,0.2,32,-297.446094,1400,700,2.1,27.4,0.1
328.12748,1,AUTO,ARMED,5,AVAILABLE,UNAVAILABLE,UNAVAILABLE,240,4,ACTIVE,711,D_P3-A5.NC,D_P3-A5.NC,6,0.000668021,20,0.0005,1612875.616,468952.227,184.4,2134.9246,100,16.93333,25,100,0,3,100,3900.0,3700,800,4.9,25.3,0.1,9,353.1423995,600,200,3.2,22.7,0.1,0,235.2046185,1200,500,2.7,26,0.2,32,-297.4461054,1400,700,2.1,27.4,0.1
328.268763,1,AUTO,ARMED,5,AVAILABLE,UNAVAILABLE,UNAVAILABLE,240,4,ACTIVE,711,D_P3-A5.NC,D_P3-A5.NC,6,0.000668021,20,0.0005,1612875.616,468952.227,184.4,2134.9246,100,16.93333,25,100,0,1,100,3900.0,3700,800,4.9,25.3,0.1,10,356.6350015,600,200,3.2,22.7,0.1,0,235.2046071,1200,500,2.7,26,0.2,32,-297.446094,1400,700,2.1,27.4,0.1
328.441988,1,AUTO,ARMED,5,AVAILABLE,UNAVAILABLE,UNAVAILABLE,240,4,ACTIVE,711,D_P3-A5.NC,D_P3-A5.NC,6,0.000668021,20,0.0005,1612875.616,468952.227,184.4,2134.9246,100,16.93333,26,100,0,2,100,3900.0,3700,800,4.9,25.3,0.1,11,360.1230652,600,200,3.2,22.7,0.1,0,235.2045956,1200,500,2.7,26,0.2,32,-297.446094,1400,700,2.1,27.4,0.1
328.583978,1,AUTO,ARMED,5,AVAILABLE,UNAVAILABLE,UNAVAILABLE,240,4,ACTIVE,711,D_P3-A5.NC,D_P3-A5.NC,6,0.000668021,20,0.0005,1612875.616,468952.227,184.4,2108.4788,100,16.93333,26,100,0,2,100,3900.0,3700,800,4.9,25.3,0.1,11,361.8760806,600,200,3.2,22.7,0.1,0,235.2046071,1200,500,2.7,26,0.2,32,-297.446094,1400,700,2.1,27.4,0.1
328.725239,1,AUTO,ARMED,5,AVAILABLE,UNAVAILABLE,UNAVAILABLE,240,4,ACTIVE,711,D_P3-A5.NC,D_P3-A5.NC,6,0.000668021,20,0.0005,1612875.616,468952.227,184.4,2108.4788,100,16.93333,26,100,0,1,100,3900.0,3700,800,4.9,25.3,0.1,12,365.3641672,600,200,3.2,22.7,0.1,0,235.2045842,1200,500,2.7,26,0.2,32,-297.4461054,1400,700,2.1,27.4,0.1
328.872756,1,AUTO,ARMED,5,AVAILABLE,UNAVAILABLE,UNAVAILABLE,240,4,ACTIVE,711,D_P3-A5.NC,D_P3-A5.NC,6,0.000668021,20,0.0005,1612875.616,468952.227,184.4,2108.4788,100,16.93333,26,100,0,1,100,3900.0,3700,800,4.9,25.3,0.1,12,367.1124448,600,200,3.2,22.7,0.1,0,235.2045842,1200,500,2.7,26,0.2,32,-297.4461054,1400,700,2.1,27.4,0.1
329.075849,1,AUTO,ARMED,5,AVAILABLE,UNAVAILABLE,UNAVAILABLE,240,4,ACTIVE,711,D_P3-A5.NC,D_P3-A5.NC,6,0.000668021,20,0.0005,1612875.616,468952.227,184.4,2108.4788,100,16.93333,26,100,0,1,100,3900.0,3700,800,4.9,25.3,0.1,12,370.6006345,600,200,3.2,22.7,0.1,0,235.2046185,1200,500,2.7,26,0.2,32,-297.4461054,1400,700,2.1,27.4,0.1
329.239105,1,AUTO,ARMED,5,AVAILABLE,UNAVAILABLE,UNAVAILABLE,240,4,ACTIVE,711,D_P3-A5.NC,D_P3-A5.NC,6,0.000668021,20,0.0005,1612875.616,468952.227,184.4,2108.4788,100,16.93333,26,100,0,0,100,3900.0,2700,500,5.1,25.3,0.1,10,372.3490265,300,100,4.3,22.7,0.1,0,235.2045956,1100,500,2.5,26,0.2,32,-297.4461054,1300,700,1.9,27.4,0.1
329.378628,1,AUTO,ARMED,5,AVAILABLE,UNAVAILABLE,UNAVAILABLE,240,4,ACTIVE,711,D_P3-A5.NC,D_P3-A5.NC,6,0.000668021,20,0.0005,1612875.616,468952.227,184.4,2108.4788,100,16.93333,27,100,0,0,100,3900.0,2700,500,5.1,25.3,0.1,9,375.8373992,300,100,4.3,22.7,0.1,0,235.2046071,1100,500,2.5,26,0.2,32,-297.4461054,1300,700,1.9,27.4,0.1
329.524307,1,AUTO,ARMED,5,AVAILABLE,UNAVAILABLE,UNAVAILABLE,240,4,ACTIVE,711,D_P3-A5.NC,D_P3-A5.NC,6,0.000668021,20,0.0005,1612875.616,468952.227,184.4,2108.4788,100,16.93333,27,100,0,0,100,3900.0,2700,500,5.1,25.3,0.1,10,379.3341261,300,100,4.3,22.7,0.1,0,235.2045842,1100,500,2.5,26,0.2,32,-297.4461054,1300,700,1.9,27.4,0.1
329.671682,1,AUTO,ARMED,5,AVAILABLE,UNAVAILABLE,UNAVAILABLE,240,4,ACTIVE,711,D_P3-A5.NC,D_P3-A5.NC,6,0.000668021,20,0.0005,1612875.616,468952.227,184.4,1993.5813,100,16.93333,27,100,0,0,100,3900.0,2700,500,5.1,25.3,0.1,10,380.2061019,300,100,4.3,22.7,0.1,0,235.2045956,1100,500,2.5,26,0.2,32,-297.4461054,1300,700,1.9,27.4,0.1
329.890888,1,AUTO,ARMED,5,AVAILABLE,UNAVAILABLE,UNAVAILABLE,240,4,ACTIVE,711,D_P3-A5.NC,D_P3-A5.NC,6,0.000668021,20,0.0005,1612875.616,468952.227,184.4,1993.5813,100,16.93333,27,100,0,0,100,3900.0,2700,500,5.1,25.3,0.1,9,383.6986688,300,100,4.3,22.7,0.1,0,235.2046071,1100,500,2.5,26,0.2,32,-297.4461054,1300,700,1.9,27.4,0.1
330.091904,1,AUTO,ARMED,5,AVAILABLE,UNAVAILABLE,UNAVAILABLE,240,4,ACTIVE,711,D_P3-A5.NC,D_P3-A5.NC,6,0.000668021,20,0.0005,1612875.616,468952.227,184.4,1993.5813,100,16.93333,27,100,0,4,100,3900.0,2700,500,5.1,25.3,0.1,11,387.1873405,300,100,4.3,22.7,0.1,0,235.2046185,1100,500,2.5,26,0.2,32,-297.446094,1300,700,1.9,27.4,0.1
330.237524,1,AUTO,ARMED,5,AVAILABLE,UNAVAILABLE,UNAVAILABLE,240,4,ACTIVE,711,D_P3-A5.NC,D_P3-A5.NC,6,0.000668021,20,0.0005,1612875.616,468952.227,184.4,1993.5813,100,16.93333,27,100,0,0,100,3900.0,2700,500,5.1,25.3,0.1,10,390.683726,300,100,4.3,22.7,0.1,0,235.2045956,1100,500,2.5,26,0.2,32,-297.4461054,1300,700,1.9,27.4,0.1
330.391747,1,AUTO,ARMED,5,AVAILABLE,UNAVAILABLE,UNAVAILABLE,240,4,ACTIVE,711,D_P3-A5.NC,D_P3-A5.NC,6,0.000668021,20,0.0005,1612875.616,468952.227,184.4,1993.5813,100,16.93333,28,100,0,0,100,3900.0,2700,500,5.1,25.3,0.1,10,392.4278615,300,100,4.3,22.7,0.1,0,235.2046071,1100,500,2.5,26,0.2,32,-297.4461054,1300,700,1.9,27.4,0.1
330.540011,1,AUTO,ARMED,5,AVAILABLE,UNAVAILABLE,UNAVAILABLE,240,4,ACTIVE,711,D_P3-A5.NC,D_P3-A5.NC,6,0.000668021,20,0.0005,1612875.616,468952.227,184.4,1993.5813,100,16.93333,28,100,0,0,100,3900.0,2700,500,5.1,25.3,0.1,10,395.924476,300,100,4.3,22.7,0.1,0,235.2045956,1100,500,2.5,26,0.2,32,-297.446094,1300,700,1.9,27.4,0.1
330.681872,1,AUTO,ARMED,5,AVAILABLE,UNAVAILABLE,UNAVAILABLE,240,4,ACTIVE,711,D_P3-A5.NC,D_P3-A5.NC,6,0.000668021,20,0.0005,1612875.616,468952.227,184.4,1993.5813,100,16.93333,28,100,0,1,100,3900.0,2700,500,5.1,25.3,0.1,9,397.668726,300,100,4.3,22.7,0.1,0,235.2045956,1100,500,2.5,26,0.2,32,-297.4461054,1300,700,1.9,27.4,0.1
330.822768,1,AUTO,ARMED,5,AVAILABLE,UNAVAILABLE,UNAVAILABLE,240,4,ACTIVE,711,D_P3-A5.NC,D_P3-A5.NC,6,0.000668021,20,0.0005,1612875.616,468952.227,184.4,1993.5813,100,16.93333,28,100,0,1,100,3900.0,2700,500,5.1,25.3,0.1,9,399.417119,300,100,4.3,22.7,0.1,0,235.2045956,1100,500,2.5,26,0.2,32,-297.446094,1300,700,1.9,27.4,0.1
330.964123,1,AUTO,ARMED,5,AVAILABLE,UNAVAILABLE,UNAVAILABLE,241,4,ACTIVE,711,D_P3-A5.NC,D_P3-A5.NC,6,0.000668021,20,0.0005,1612875.616,468952.227,184.4,2011.2183,100,0.0,28,100,0,1,100,3900.0,2700,500,5.1,25.3,0.1,11,399.8407523,300,100,4.3,22.7,0.1,0,235.2045956,1100,500,2.5,26,0.2,32,-297.4461054,1300,700,1.9,27.4,0.1
331.114447,1,AUTO,ARMED,5,AVAILABLE,UNAVAILABLE,UNAVAILABLE,241,4,ACTIVE,711,D_P3-A5.NC,D_P3-A5.NC,6,0.000668021,20,0.0005,1612875.616,468952.227,184.4,2011.2183,100,0.0,28,100,0,0,100,3900.0,2700,500,5.1,25.3,0.1,7,399.840924,300,100,4.3,22.7,0.1,0,235.2046071,1100,500,2.5,26,0.2,32,-297.4461054,1300,700,1.9,27.4,0.1
331.255012,1,AUTO,ARMED,5,AVAILABLE,UNAVAILABLE,UNAVAILABLE,241,4,ACTIVE,711,D_P3-A5.NC,D_P3-A5.NC,6,0.000668021,20,0.0005,1612875.616,468952.227,184.4,2011.2183,100,0.0,28,100,0,0,100,3900.0,2700,500,5.1,25.3,0.1,7,399.8409355,300,100,4.3,22.7,0.1,0,235.2045956,1100,500,2.5,26,0.2,32,-297.4461054,1300,700,1.9,27.4,0.1
331.395634,1,AUTO,ARMED,5,AVAILABLE,UNAVAILABLE,UNAVAILABLE,241,4,ACTIVE,711,D_P3-A5.NC,D_P3-A5.NC,6,0.000668021,20,0.0005,1612875.616,468952.227,184.4,2011.2183,100,0.0,29,100,0,0,100,3900.0,3000,500,5.6,25.3,0.1,7,399.8409011,600,200,4.1,22.7,0.1,0,235.2046071,1500,500,2.8,26,0.2,32,-297.446094,1300,700,2.0,27.4,0.1
331.541458,1,AUTO,ARMED,5,AVAILABLE,UNAVAILABLE,UNAVAILABLE,241,4,ACTIVE,711,D_P3-A5.NC,D_P3-A5.NC,6,0.000668021,20,0.0005,1612875.616,468952.227,184.4,2011.2183,100,0.0,29,100,0,0,100,3900.0,3000,500,5.6,25.3,0.1,6,399.8409126,600,200,4.1,22.7,0.1,0,235.2046071,1500,500,2.8,26,0.2,32,-297.4461054,1300,700,2.0,27.4,0.1
331.687134,1,AUTO,ARMED,5,AVAILABLE,UNAVAILABLE,UNAVAILABLE,241,4,ACTIVE,711,D_P3-A5.NC,D_P3-A5.NC,6,0.000668021,20,0.0005,1612875.616,468952.227,184.4,2011.2183,100,0.0,29,100,0,0,100,3900.0,3000,500,5.6,25.3,0.1,6,399.8409126,600,200,4.1,22.7,0.1,0,235.2046071,1500,500,2.8,26,0.2,32,-297.446094,1300,700,2.0,27.4,0.1
331.83733,1,AUTO,ARMED,5,AVAILABLE,UNAVAILABLE,UNAVAILABLE,241,4,ACTIVE,711,D_P3-A5.NC,D_P3-A5.NC,6,0.000668021,20,0.0005,1612875.616,468952.227,184.4,2011.2183,100,0.0,29,100,0,0,100,3900.0,3000,500,5.6,25.3,0.1,6,399.8408897,600,200,4.1,22.7,0.1,0,235.2073307,1500,500,2.8,26,0.2,32,-297.4461054,1300,700,2.0,27.4,0.1
331.980946,1,AUTO,ARMED,5,AVAILABLE,UNAVAILABLE,UNAVAILABLE,243,4,ACTIVE,711,D_P3-A5.NC,D_P3-A5.NC,6,0.000668021,20,0.0005,1612875.616,468952.227,184.4,2153.4661,100,0.0,29,100,0,0,100,3900.0,3000,500,5.6,25.3,0.1,6,398.8454237,600,200,4.1,22.7,0.1,0,235.3317726,1500,500,2.8,26,0.2,32,-297.446094,1300,700,2.0,27.4,0.1
332.12051,1,AUTO,ARMED,5,AVAILABLE,UNAVAILABLE,UNAVAILABLE,243,4,ACTIVE,711,D_P3-A5.NC,D_P3-A5.NC,6,0.000668021,20,0.0005,1612875.616,468952.227,184.4,2153.4661,100,16.93333,29,100,0,1,100,3900.0,3000,500,5.6,25.3,0.1,8,395.3586262,600,200,4.1,22.7,0.1,3,235.3316353,1500,500,2.8,26,0.2,32,-297.4461054,1300,700,2.0,27.4,0.1
332.272044,1,AUTO,ARMED,5,AVAILABLE,UNAVAILABLE,UNAVAILABLE,243,4,ACTIVE,711,D_P3-A5.NC,D_P3-A5.NC,6,0.000668021,20,0.0005,1612875.616,468952.227,184.4,2153.4661,100,16.93333,29,100,0,0,100,3900.0,3000,500,5.6,25.3,0.1,9,393.6148155,600,200,4.1,22.7,0.1,3,235.3316238,1500,500,2.8,26,0.2,32,-297.4461054,1300,700,2.0,27.4,0.1
332.423624,1,AUTO,ARMED,5,AVAILABLE,UNAVAILABLE,UNAVAILABLE,243,4,ACTIVE,711,D_P3-A5.NC,D_P3-A5.NC,6,0.000668021,20,0.0005,1612875.616,468952.227,184.4,2153.4661,100,16.93333,30,100,0,0,100,3900.0,3000,500,5.6,25.3,0.1,9,391.870421,600,200,4.1,22.7,0.1,3,235.331601,1500,500,2.8,26,0.2,32,-297.4461054,1300,700,2.0,27.4,0.1
332.582488,1,AUTO,ARMED,5,AVAILABLE,UNAVAILABLE,UNAVAILABLE,243,4,ACTIVE,711,D_P3-A5.NC,D_P3-A5.NC,6,0.000668021,20,0.0005,1612875.616,468952.227,184.4,2153.4661,100,16.93333,30,100,0,0,100,3900.0,3000,500,5.6,25.3,0.1,9,388.3738038,600,200,4.1,22.7,0.1,3,235.331601,1500,500,2.8,26,0.2,32,-297.446094,1300,700,2.0,27.4,0.1
332.730213,1,AUTO,ARMED,5,AVAILABLE,UNAVAILABLE,UNAVAILABLE,243,4,ACTIVE,711,D_P3-A5.NC,D_P3-A5.NC,6,0.000668021,20,0.0005,1612875.616,468952.227,184.4,2153.4661,100,16.93333,30,100,0,0,100,3900.0,3000,500,5.6,25.3,0.1,9,386.6336554,600,200,4.1,22.7,0.1,3,235.3315094,1500,500,2.8,26,0.2,32,-297.446094,1300,700,2.0,27.4,0.1
332.883124,1,AUTO,ARMED,5,AVAILABLE,UNAVAILABLE,UNAVAILABLE,243,4,ACTIVE,711,D_P3-A5.NC,D_P3-A5.NC,6,0.000668021,20,0.0005,1612875.616,468952.227,184.4,2153.4661,100,16.93333,30,100,0,2,100,3900.0,3000,500,5.6,25.3,0.1,7,384.8900392,600,200,4.1,22.7,0.1,3,235.3315781,1500,500,2.8,26,0.2,32,-297.4461054,1300,700,2.0,27.4,0.1
333.024202,1,AUTO,ARMED,5,AVAILABLE,UNAVAILABLE,UNAVAILABLE,243,4,ACTIVE,711,D_P3-A5.NC,D_P3-A5.NC,6,0.000668021,20,0.0005,1612875.616,468952.227,184.4,2139.0298,100,16.93333,30,100,0,1,100,3900.0,2800,700,4.0,25.3,0.2,7,379.6532005,500,200,3.4,22.7,0.1,3,235.3316124,1600,500,3.0,26,0.2,32,-297.4460825,1400,700,2.1,27.4,0.1
333.168858,1,AUTO,ARMED,5,AVAILABLE,UNAVAILABLE,UNAVAILABLE,243,4,ACTIVE,711,D_P3-A5.NC,D_P3-A5.NC,6,0.000668021,20,0.0005,1612875.616,468952.227,184.4,2139.0298,100,16.93333,30,100,0,2,100,3900.0,2800,700,4.0,25.3,0.2,7,377.9050371,500,200,3.4,22.7,0.1,3,235.331601,1600,500,3.0,26,0.2,32,-297.4461054,1400,700,2.1,27.4,0.1
333.314534,1,AUTO,ARMED,5,AVAILABLE,UNAVAILABLE,UNAVAILABLE,243,4,ACTIVE,711,D_P3-A5.NC,D_P3-A5.NC,6,0.000668021,20,0.0005,1612875.616,468952.227,184.4,2139.0298,100,16.93333,30,100,0,2,100,3900.0,2800,700,4.0,25.3,0.2,7,376.156393,500,200,3.4,22.7,0.1,3,235.3315895,1600,500,3.0,26,0.2,32,-297.446094,1400,700,2.1,27.4,0.1
333.469862,1,AUTO,ARMED,5,AVAILABLE,UNAVAILABLE,UNAVAILABLE,243,4,ACTIVE,711,D_P3-A5.NC,D_P3-A5.NC,6,0.000668021,20,0.0005,1612875.616,468952.227,184.4,2139.0298,100,16.93333,31,100,0,0,100,3900.0,2800,700,4.0,25.3,0.2,5,373.5444935,500,200,3.4,22.7,0.1,3,235.331601,1600,500,3.0,26,0.2,32,-297.4461054,1400,700,2.1,27.4,0.1
333.629595,1,AUTO,ARMED,5,AVAILABLE,UNAVAILABLE,UNAVAILABLE,243,4,ACTIVE,711,D_P3-A5.NC,D_P3-A5.NC,6,0.000668021,20,0.0005,1612875.616,468952.227,184.4,2139.0298,100,16.93333,31,100,0,0,100,3900.0,2800,700,4.0,25.3,0.2,7,371.7919584,500,200,3.4,22.7,0.1,3,235.3315895,1600,500,3.0,26,0.2,32,-297.446094,1400,700,2.1,27.4,0.1
333.770678,1,AUTO,ARMED,5,AVAILABLE,UNAVAILABLE,UNAVAILABLE,243,4,ACTIVE,711,D_P3-A5.NC,D_P3-A5.NC,6,0.000668021,20,0.0005,1612875.616,468952.227,184.4,2139.0298,100,16.93333,31,100,0,1,100,3900.0,2800,700,4.0,25.3,0.2,7,368.3079799,500,200,3.4,22.7,0.1,3,235.3316124,1600,500,3.0,26,0.2,32,-297.4461054,1400,700,2.1,27.4,0.1
333.914366,1,AUTO,ARMED,5,AVAILABLE,UNAVAILABLE,UNAVAILABLE,243,4,ACTIVE,711,D_P3-A5.NC,D_P3-A5.NC,6,0.000668021,20,0.0005,1612875.616,468952.227,184.4,2139.0298,100,16.93333,31,100,0,1,100,3900.0,2800,700,4.0,25.3,0.2,7,366.5593015,500,200,3.4,22.7,0.1,3,235.331601,1600,500,3.0,26,0.2,32,-297.446094,1400,700,2.1,27.4,0.1
334.054381,1,AUTO,ARMED,5,AVAILABLE,UNAVAILABLE,UNAVAILABLE,243,4,ACTIVE,711,D_P3-A5.NC,D_P3-A5.NC,6,0.000668021,20,0.0005,1612875.616,468952.227,184.4,2135.6987,100,16.93333,31,100,0,1,100,3900.0,2800,700,4.0,25.3,0.2,8,364.8112182,500,200,3.4,22.7,0.1,3,235.3316124,1600,500,3.0,26,0.2,32,-297.446094,1400,700,2.1,27.4,0.1
334.203013,1,AUTO,ARMED,5,AVAILABLE,UNAVAILABLE,UNAVAILABLE,243,4,ACTIVE,711,D_P3-A5.NC,D_P3-A5.NC,6,0.000668021,20,0.0005,1612875.616,468952.227,184.4,2135.6987,100,16.93333,31,100,0,1,100,3900.0,2800,700,4.0,25.3,0.2,9,363.0713175,500,200,3.4,22.7,0.1,3,235.331601,1600,500,3.0,26,0.2,32,-297.4461054,1400,700,2.1,27.4,0.1
334.363457,1,AUTO,ARMED,5,AVAILABLE,UNAVAILABLE,UNAVAILABLE,243,4,ACTIVE,711,D_P3-A5.NC,D_P3-A5.NC,6,0.001168144,20,0.0005,1612875.616,468952.227,184.4,2135.6987,100,16.93333,32,100,0,0,100,3900.0,2800,700,4.0,25.3,0.2,6,357.8344835,500,200,3.4,22.7,0.1,3,235.331601,1600,500,3.0,26,0.2,32,-297.446094,1400,700,2.1,27.4,0.1
334.513088,1,AUTO,ARMED,5,AVAILABLE,UNAVAILABLE,UNAVAILABLE,243,4,ACTIVE,711,D_P3-A5.NC,D_P3-A5.NC,6,0.000668021,20,0.0005,1612875.616,468952.227,184.4,2135.6987,100,16.93333,32,100,0,0,100,3900.0,2600,700,3.7,25.3,0.2,6,356.0822116,500,100,4.0,22.7,0.1,3,235.3316238,1600,500,3.0,26,0.2,32,-297.446094,1400,700,2.2,27.4,0.1
334.67171,1,AUTO,ARMED,5,AVAILABLE,UNAVAILABLE,UNAVAILABLE,243,4,ACTIVE,711,D_P3-A5.NC,D_P3-A5.NC,6,0.000668021,20,0.0005,1612875.616,468952.227,184.4,2135.6987,100,16.93333,32,100,0,1,100,3900.0,2600,700,3.7,25.3,0.2,7,352.5981457,500,100,4.0,22.7,0.1,3,235.331601,1600,500,3.0,26,0.2,32,-297.4461054,1400,700,2.2,27.4,0.1
334.839143,1,AUTO,ARMED,5,AVAILABLE,UNAVAILABLE,UNAVAILABLE,243,4,ACTIVE,711,D_P3-A5.NC,D_P3-A5.NC,6,0.000668021,20,0.0005,1612875.616,468952.227,184.4,2135.6987,100,16.93333,32,100,0,1,100,3900.0,2600,700,3.7,25.3,0.2,7,350.8537731,500,100,4.0,22.7,0.1,3,235.331601,1600,500,3.0,26,0.2,32,-297.446094,1400,700,2.2,27.4,0.1
334.979392,1,AUTO,ARMED,5,AVAILABLE,UNAVAILABLE,UNAVAILABLE,243,4,ACTIVE,711,D_P3-A5.NC,D_P3-A5.NC,6,0.000668021,20,0.0005,1612875.616,468952.227,184.4,2135.6987,100,16.93333,32,100,0,1,100,3900.0,2600,700,3.7,25.3,0.2,7,349.1056813,500,100,4.0,22.7,0.1,3,235.331601,1600,500,3.0,26,0.2,32,-297.4461054,1400,700,2.2,27.4,0.1
335.128777,1,AUTO,ARMED,5,AVAILABLE,UNAVAILABLE,UNAVAILABLE,243,4,ACTIVE,711,D_P3-A5.NC,D_P3-A5.NC,6,0.000668021,20,0.0005,1612875.616,468952.227,184.4,2135.6987,100,16.93333,32,100,0,1,100,3900.0,2600,700,3.7,25.3,0.2,7,343.8686726,500,100,4.0,22.7,0.1,3,235.331601,1600,500,3.0,26,0.2,32,-297.4461054,1400,700,2.2,27.4,0.1
335.271151,1,AUTO,ARMED,5,AVAILABLE,UNAVAILABLE,UNAVAILABLE,243,4,ACTIVE,711,D_P3-A5.NC,D_P3-A5.NC,6,0.000668021,20,0.0005,1612875.616,468952.227,184.4,2017.6199,100,16.93333,32,100,0,0,100,3900.0,2600,700,3.7,25.3,0.2,8,342.1205922,500,100,4.0,22.7,0.1,3,235.3315781,1600,500,3.0,26,0.2,32,-297.446094,1400,700,2.2,27.4,0.1
335.413751,1,AUTO,ARMED,5,AVAILABLE,UNAVAILABLE,UNAVAILABLE,243,4,ACTIVE,711,D_P3-A5.NC,D_P3-A5.NC,6,0.000668021,20,0.0005,1612875.616,468952.227,184.4,2017.6199,100,16.93333,33,100,0,0,100,3900.0,2600,700,3.7,25.3,0.2,8,341.2525199,500,100,4.0,22.7,0.1,3,235.3316124,1600,500,3.0,26,0.2,32,-297.4461054,1400,700,2.2,27.4,0.1
335.560278,1,AUTO,ARMED,5,AVAILABLE,UNAVAILABLE,UNAVAILABLE,243,4,ACTIVE,711,D_P3-A5.NC,D_P3-A5.NC,6,0.000668021,20,0.0005,1612875.616,468952.227,184.4,2017.6199,100,16.93333,33,100,0,0,100,3900.0,2600,700,3.7,25.3,0.2,8,337.7600326,500,100,4.0,22.7,0.1,3,235.331601,1600,500,3.0,26,0.2,32,-297.446094,1400,700,2.2,27.4,0.1
335.711591,1,AUTO,ARMED,5,AVAILABLE,UNAVAILABLE,UNAVAILABLE,243,4,ACTIVE,711,D_P3-A5.NC,D_P3-A5.NC,6,0.000668021,20,0.0005,1612875.616,468952.227,184.4,2017.6199,100,16.93333,33,100,0,0,100,3900.0,2600,700,3.7,25.3,0.2,7,336.0160834,500,100,4.0,22.7,0.1,3,235.3316124,1600,500,3.0,26,0.2,32,-297.446094,1400,700,2.2,27.4,0.1
335.857686,1,AUTO,ARMED,5,AVAILABLE,UNAVAILABLE,UNAVAILABLE,243,4,ACTIVE,711,D_P3-A5.NC,D_P3-A5.NC,6,0.000668021,20,0.0005,1612875.616,468952.227,184.4,2017.6199,100,16.93333,33,100,0,0,100,3900.0,2200,500,4.2,25.3,0.1,7,334.2717108,200,0,4.1,22.7,0.0,3,235.3316124,1300,500,2.6,26,0.2,32,-297.446094,1300,700,1.9,27.4,0.1
336.017909,1,AUTO,ARMED,5,AVAILABLE,UNAVAILABLE,UNAVAILABLE,243,4,ACTIVE,711,D_P3-A5.NC,D_P3-A5.NC,6,0.000668021,20,0.0005,1612875.616,468952.227,184.4,2017.6199,100,16.93333,33,100,0,0,100,3900.0,2200,500,4.2,25.3,0.1,7,330.7751609,200,0,4.1,22.7,0.0,3,235.3316238,1300,500,2.6,26,0.2,32,-297.4461054,1300,700,1.9,27.4,0.1
336.157426,1,AUTO,ARMED,5,AVAILABLE,UNAVAILABLE,UNAVAILABLE,243,4,ACTIVE,711,D_P3-A5.NC,D_P3-A5.NC,6,0.000668021,20,0.0005,1612875.616,468952.227,184.4,2017.6199,100,16.93333,33,100,0,0,100,3900.0,2200,500,4.2,25.3,0.1,8,327.2869591,200,0,4.1,22.7,0.0,3,235.3316238,1300,500,2.6,26,0.2,32,-297.446094,1300,700,1.9,27.4,0.1
336.302861,1,AUTO,ARMED,5,AVAILABLE,UNAVAILABLE,UNAVAILABLE,243,4,ACTIVE,711,D_P3-A5.NC,D_P3-A5.NC,6,0.000668021,20,0.0005,1612875.616,468952.227,184.4,1975.4303,100,16.93333,33,100,0,0,100,3900.0,2200,500,4.2,25.3,0.1,8,325.5426049,200,0,4.1,22.7,0.0,3,235.3316124,1300,500,2.6,26,0.2,32,-297.4461054,1300,700,1.9,27.4,0.1
336.454907,1,AUTO,ARMED,5,AVAILABLE,UNAVAILABLE,UNAVAILABLE,243,4,ACTIVE,711,D_P3-A5.NC,D_P3-A5.NC,6,0.000668021,20,0.0005,1612875.616,468952.227,184.4,1975.4303,100,16.93333,34,100,0,0,100,3900.0,2200,500,4.2,25.3,0.1,8,323.7986627,200,0,4.1,22.7,0.0,3,235.331601,1300,500,2.6,26,0.2,32,-297.4461054,1300,700,1.9,27.4,0.1
336.604745,1,AUTO,ARMED,5,AVAILABLE,UNAVAILABLE,UNAVAILABLE,243,4,ACTIVE,711,D_P3-A5.NC,D_P3-A5.NC,6,0.000668021,20,0.0005,1612875.616,468952.227,184.4,1975.4303,100,16.93333,34,100,0,1,100,3900.0,2200,500,4.2,25.3,0.1,10,320.3062119,200,0,4.1,22.7,0.0,3,235.331601,1300,500,2.6,26,0.2,32,-297.446094,1300,700,1.9,27.4,0.1
336.747968,1,AUTO,ARMED,5,AVAILABLE,UNAVAILABLE,UNAVAILABLE,243,4,ACTIVE,711,D_P3-A5.NC,D_P3-A5.NC,6,0.000668021,20,0.0005,1612875.616,468952.227,184.4,1975.4303,100,16.46667,34,100,0,1,100,3900.0,2200,500,4.2,25.3,0.1,10,318.5611252,200,0,4.1,22.7,0.0,3,235.331601,1300,500,2.6,26,0.2,32,-297.4461054,1300,700,1.9,27.4,0.1
336.895249,1,AUTO,ARMED,5,AVAILABLE,UNAVAILABLE,UNAVAILABLE,244,4,ACTIVE,711,D_P3-A5.NC,D_P3-A5.NC,6,0.000668021,20,0.0005,1612875.616,468952.227,184.4,1975.4303,100,0.0,34,100,0,1,100,3900.0,2200,500,4.2,25.3,0.1,6,318.5608048,200,0,4.1,22.7,0.0,3,235.331601,1300,500,2.6,26,0.2,32,-297.446094,1300,700,1.9,27.4,0.1
337.040713,1,AUTO,ARMED,5,AVAILABLE,UNAVAILABLE,UNAVAILABLE,244,4,ACTIVE,711,D_P3-A5.NC,D_P3-A5.NC,6,0.000668021,20,0.0005,1612875.616,468952.227,184.4,1975.4303,100,0.0,34,100,0,1,100,3900.0,2200,500,4.2,25.3,0.1,6,318.5608735,200,0,4.1,22.7,0.0,3,235.331601,1300,500,2.6,26,0.2,32,-297.446094,1300,700,1.9,27.4,0.1
337.187177,1,AUTO,ARMED,5,AVAILABLE,UNAVAILABLE,UNAVAILABLE,244,4,ACTIVE,711,D_P3-A5.NC,D_P3-A5.NC,6,0.000668021,20,0.0005,1612875.616,468952.227,184.4,1975.4303,100,0.0,34,100,0,0,100,3900.0,2500,600,4.5,25.3,0.1,6,318.5608964,300,100,5.4,22.7,0.1,3,235.331601,1200,400,2.6,26,0.2,32,-297.4461054,1300,700,2.0,27.4,0.1
337.323742,1,AUTO,ARMED,5,AVAILABLE,UNAVAILABLE,UNAVAILABLE,244,4,ACTIVE,711,D_P3-A5.NC,D_P3-A5.NC,6,0.000668021,20,0.0005,1612875.616,468952.227,184.4,1996.4373,100,0.0,34,100,0,0,100,3900.0,2500,600,4.5,25.3,0.1,6,318.5608849,300,100,5.4,22.7,0.1,3,235.331601,1200,400,2.6,26,0.2,32,-297.4461054,1300,700,2.0,27.4,0.1
337.542184,1,AUTO,ARMED,5,AVAILABLE,UNAVAILABLE,UNAVAILABLE,244,4,ACTIVE,711,D_P3-A5.NC,D_P3-A5.NC,6,0.000668021,20,0.0005,1612875.616,468952.227,184.4,1996.4373,100,0.0,35,100,0,1,100,3900.0,2500,600,4.5,25.3,0.1,5,318.5608964,300,100,5.4,22.7,0.1,3,235.331601,1200,400,2.6,26,0.2,32,-297.4461054,1300,700,2.0,27.4,0.1
337.683857,1,AUTO,ARMED,5,AVAILABLE,UNAVAILABLE,UNAVAILABLE,244,4,ACTIVE,711,D_P3-A5.NC,D_P3-A5.NC,6,0.000668021,20,0.0005,1612875.616,468952.227,184.4,1996.4373,100,0.0,35,100,0,0,100,3900.0,2500,600,4.5,25.3,0.1,5,318.5608964,300,100,5.4,22.7,0.1,3,235.331601,1200,400,2.6,26,0.2,32,-297.446094,1300,700,2.0,27.4,0.1
337.829502,1,AUTO,ARMED,5,AVAILABLE,UNAVAILABLE,UNAVAILABLE,244,4,ACTIVE,711,D_P3-A5.NC,D_P3-A5.NC,6,0.000668021,20,0.0005,1612875.616,468952.227,184.4,1996.4373,100,0.0,35,100,0,1,100,3900.0,2500,600,4.5,25.3,0.1,5,318.5608964,300,100,5.4,22.7,0.1,11,235.3805469,1200,400,2.6,26,0.2,32,-297.4461054,1300,700,2.0,27.4,0.1
337.979295,1,AUTO,ARMED,5,AVAILABLE,UNAVAILABLE,UNAVAILABLE,248,4,ACTIVE,711,D_P3-A5.NC,D_P3-A5.NC,6,0.000668021,20,0.0005,1612875.616,468952.227,184.4,1996.4373,100,0.0,35,100,0,0,100,3900.0,2500,600,4.5,25.3,0.1,5,318.5609078,300,100,5.4,22.7,0.1,0,235.4588237,1200,400,2.6,26,0.2,32,-297.446094,1300,700,2.0,27.4,0.1
338.12916,1,AUTO,ARMED,5,AVAILABLE,UNAVAILABLE,UNAVAILABLE,248,4,ACTIVE,711,D_P3-A5.NC,D_P3-A5.NC,6,0.000668021,20,0.0005,1612875.616,468952.227,184.4,1996.4373,100,0.0,35,100,0,0,100,3900.0,2500,600,4.5,25.3,0.1,5,318.5608964,300,100,5.4,22.7,0.1,0,235.4585719,1200,400,2.6,26,0.2,32,-297.446094,1300,700,2.0,27.4,0.1
338.30961,1,AUTO,ARMED,5,AVAILABLE,UNAVAILABLE,UNAVAILABLE,248,4,ACTIVE,711,D_P3-A5.NC,D_P3-A5.NC,6,0.000668021,20,0.0005,1612875.616,468952.227,184.4,1996.4373,100,0.0,35,100,0,0,100,3900.0,2500,600,4.5,25.3,0.1,5,318.5608964,300,100,5.4,22.7,0.1,0,235.4585834,1200,400,2.6,26,0.2,32,-297.446094,1300,700,2.0,27.4,0.1
338.450492,1,AUTO,ARMED,5,AVAILABLE,UNAVAILABLE,UNAVAILABLE,248,4,ACTIVE,711,D_P3-A5.NC,D_P3-A5.NC,6,0.000668021,20,0.0005,1612875.616,468952.227,184.4,2127.5991,100,0.0,36,100,0,0,100,3900.0,2500,600,4.5,25.3,0.1,5,318.5608964,300,100,5.4,22.7,0.1,0,235.4585948,1200,400,2.6,26,0.2,32,-297.4461054,1300,700,2.0,27.4,0.1
338.589378,1,AUTO,ARMED,5,AVAILABLE,UNAVAILABLE,UNAVAILABLE,248,4,ACTIVE,711,D_P3-A5.NC,D_P3-A5.NC,6,0.000668021,20,0.0005,1612875.616,468952.227,184.4,2127.5991,100,0.0,36,100,0,0,100,3900.0,2500,600,4.5,25.3,0.1,5,318.5608964,300,100,5.4,22.7,0.1,0,235.4585948,1200,400,2.6,26,0.2,32,-297.4461054,1300,700,2.0,27.4,0.1
338.758633,1,AUTO,ARMED,5,AVAILABLE,UNAVAILABLE,UNAVAILABLE,249,4,ACTIVE,711,D_P3-A5.NC,D_P3-A5.NC,6,0.000668021,20,0.0005,1612875.616,468952.227,184.4,2127.5991,100,0.0,36,100,0,0,100,3900.0,2500,600,4.5,25.3,0.1,5,318.5608964,300,100,5.4,22.7,0.1,0,235.4585948,1200,400,2.6,26,0.2,32,-297.446094,1300,700,2.0,27.4,0.1
338.922595,1,AUTO,ARMED,5,AVAILABLE,UNAVAILABLE,UNAVAILABLE,249,4,ACTIVE,711,D_P3-A5.NC,D_P3-A5.NC,6,0.000668021,20,0.0005,1612875.616,468952.227,184.4,2127.5991,100,0.0,36,100,0,1,100,3900.0,2500,600,4.5,25.3,0.1,16,319.9195894,300,100,5.4,22.7,0.1,0,235.4585834,1200,400,2.6,26,0.2,32,-297.4461054,1300,700,2.0,27.4,0.1
339.05835,1,AUTO,ARMED,5,AVAILABLE,UNAVAILABLE,UNAVAILABLE,249,4,ACTIVE,711,D_P3-A5.NC,D_P3-A5.NC,6,0.000668021,20,0.0005,1612875.616,468952.227,184.4,2127.5991,100,0.0,36,100,0,1,100,3900.0,2500,600,4.5,25.3,0.1,16,321.8811119,300,100,5.4,22.7,0.1,0,235.4586063,1200,400,2.6,26,0.2,32,-297.446094,1300,700,2.0,27.4,0.1
339.19719,1,AUTO,ARMED,5,AVAILABLE,UNAVAILABLE,UNAVAILABLE,249,4,ACTIVE,711,D_P3-A5.NC,D_P3-A5.NC,6,0.000668021,20,0.0005,1612875.616,468952.227,184.4,2127.5991,100,19.05,36,100,0,1,100,3900.0,2500,600,4.5,25.3,0.1,9,324.829112,300,100,5.4,22.7,0.1,0,235.4585948,1200,400,2.6,26,0.2,32,-297.4461054,1300,700,2.0,27.4,0.1
339.338801,1,AUTO,ARMED,5,AVAILABLE,UNAVAILABLE,UNAVAILABLE,249,4,ACTIVE,711,D_P3-A5.NC,D_P3-A5.NC,6,0.000668021,20,0.0005,1612875.616,468952.227,184.4,2127.5991,100,19.05,36,100,0,2,100,3900.0,3100,800,4.1,25.3,0.2,9,326.7958989,600,200,3.1,22.7,0.1,0,235.4586063,1300,500,2.7,26,0.2,32,-297.446094,1400,700,2.1,27.4,0.1
339.479136,1,AUTO,ARMED,5,AVAILABLE,UNAVAILABLE,UNAVAILABLE,249,4,ACTIVE,711,D_P3-A5.NC,D_P3-A5.NC,6,0.000668021,20,0.0005,1612875.616,468952.227,184.4,2127.5991,100,19.05,37,100,0,0,100,3900.0,3100,800,4.1,25.3,0.2,10,330.7202302,600,200,3.1,22.7,0.1,0,235.4585834,1300,500,2.7,26,0.2,32,-297.4461054,1400,700,2.1,27.4,0.1
339.618954,1,AUTO,ARMED,5,AVAILABLE,UNAVAILABLE,UNAVAILABLE,249,4,ACTIVE,711,D_P3-A5.NC,D_P3-A5.NC,6,0.000668021,20,0.0005,1612875.616,468952.227,184.4,2144.5139,100,19.05,37,100,0,0,100,3900.0,3100,800,4.1,25.3,0.2,10,332.6869789,600,200,3.1,22.7,0.1,0,235.4585376,1300,500,2.7,26,0.2,32,-297.4461054,1400,700,2.1,27.4,0.1
339.758541,1,AUTO,ARMED,5,AVAILABLE,UNAVAILABLE,UNAVAILABLE,249,4,ACTIVE,711,D_P3-A5.NC,D_P3-A5.NC,6,0.000668021,20,0.0005,1612875.616,468952.227,184.4,2144.5139,100,19.05,37,100,0,1,100,3900.0,3100,800,4.1,25.3,0.2,11,334.649459,600,200,3.1,22.7,0.1,0,235.4585948,1300,500,2.7,26,0.2,32,-297.446094,1400,700,2.1,27.4,0.1
339.90083,1,AUTO,ARMED,5,AVAILABLE,UNAVAILABLE,UNAVAILABLE,249,4,ACTIVE,711,D_P3-A5.NC,D_P3-A5.NC,6,0.000668021,20,0.0005,1612875.616,468952.227,184.4,2144.5139,100,19.05,37,100,0,1,100,3900.0,3100,800,4.1,25.3,0.2,11,336.6115958,600,200,3.1,22.7,0.1,0,235.4585948,1300,500,2.7,26,0.2,32,-297.446094,1400,700,2.1,27.4,0.1
340.048276,1,AUTO,ARMED,5,AVAILABLE,UNAVAILABLE,UNAVAILABLE,249,4,ACTIVE,711,D_P3-A5.NC,D_P3-A5.NC,6,0.000668021,20,0.0005,1612875.616,468952.227,184.4,2144.5139,100,19.05,37,100,0,0,100,3900.0,3100,800,4.1,25.3,0.2,10,342.5074818,600,200,3.1,22.7,0.1,0,235.4586063,1300,500,2.7,26,0.2,32,-297.446094,1400,700,2.1,27.4,0.1
340.188697,1,AUTO,ARMED,5,AVAILABLE,UNAVAILABLE,UNAVAILABLE,249,4,ACTIVE,711,D_P3-A5.NC,D_P3-A5.NC,6,0.000668021,20,0.0005,1612875.616,468952.227,184.4,2144.5139,100,19.05,37,100,0,0,100,3900.0,3100,800,4.1,25.3,0.2,10,344.4791172,600,200,3.1,22.7,0.1,0,235.4586063,1300,500,2.7,26,0.2,32,-297.4461054,1400,700,2.1,27.4,0.1
340.33891,1,AUTO,ARMED,5,AVAILABLE,UNAVAILABLE,UNAVAILABLE,249,4,ACTIVE,711,D_P3-A5.NC,D_P3-A5.NC,6,0.000668021,20,0.0005,1612875.616,468952.227,184.4,2144.5139,100,19.05,37,100,0,0,100,3900.0,3100,800,4.1,25.3,0.2,10,346.4413112,600,200,3.1,22.7,0.1,0,235.4585834,1300,500,2.7,26,0.2,32,-297.4461054,1400,700,2.1,27.4,0.1
340.493464,1,AUTO,ARMED,5,AVAILABLE,UNAVAILABLE,UNAVAILABLE,249,4,ACTIVE,711,D_P3-A5.NC,D_P3-A5.NC,6,0.000668021,20,0.0005,1612875.616,468952.227,184.4,2144.5139,100,19.05,38,100,0,1,100,3900.0,3100,800,4.1,25.3,0.2,9,350.3608584,600,200,3.1,22.7,0.1,0,235.4586292,1300,500,2.7,26,0.2,32,-297.446094,1400,700,2.1,27.4,0.1
340.654285,1,AUTO,ARMED,5,AVAILABLE,UNAVAILABLE,UNAVAILABLE,249,4,ACTIVE,711,D_P3-A5.NC,D_P3-A5.NC,6,0.000668021,20,0.0005,1612875.616,468952.227,184.4,2147.7603,100,19.05,38,100,0,1,100,3900.0,3100,800,4.1,25.3,0.2,10,352.3325739,600,200,3.1,22.7,0.1,0,235.4585948,1300,500,2.7,26,0.2,32,-297.446094,1400,700,2.1,27.4,0.1
340.793326,1,AUTO,ARMED,5,AVAILABLE,UNAVAILABLE,UNAVAILABLE,249,4,ACTIVE,711,D_P3-A5.NC,D_P3-A5.NC,6,0.000668021,20,0.0005,1612875.616,468952.227,184.4,2147.7603,100,19.05,38,100,0,1,100,3900.0,3100,800,4.1,25.3,0.2,10,356.2569488,600,200,3.1,22.7,0.1,0,235.4586063,1300,500,2.7,26,0.2,32,-297.446094,1400,700,2.1,27.4,0.1
340.931906,1,AUTO,ARMED,5,AVAILABLE,UNAVAILABLE,UNAVAILABLE,249,4,ACTIVE,711,D_P3-A5.NC,D_P3-A5.NC,6,0.000668021,20,0.0005,1612875.616,468952.227,184.4,2147.7603,100,19.05,38,100,0,1,100,3900.0,3200,800,4.3,25.3,0.2,10,358.2285561,700,200,3.5,22.7,0.1,0,235.4585834,1300,500,2.8,26,0.2,32,-297.4461054,1500,700,2.2,27.4,0.1
341.070173,1,AUTO,ARMED,5,AVAILABLE,UNAVAILABLE,UNAVAILABLE,249,4,ACTIVE,711,D_P3-A5.NC,D_P3-A5.NC,6,0.000668021,20,0.0005,1612875.616,468952.227,184.4,2147.7603,100,19.05,38,100,0,0,100,3900.0,3200,800,4.3,25.3,0.2,10,360.1859958,700,200,3.5,22.7,0.1,0,235.4585834,1300,500,2.8,26,0.2,32,-297.4461054,1500,700,2.2,27.4,0.1
341.212414,1,AUTO,ARMED,5,AVAILABLE,UNAVAILABLE,UNAVAILABLE,249,4,ACTIVE,711,D_P3-A5.NC,D_P3-A5.NC,6,0.000668021,20,0.0005,1612875.616,468952.227,184.4,2147.7603,100,19.05,38,100,0,0,100,3900.0,3200,800,4.3,25.3,0.2,10,363.1292105,700,200,3.5,22.7,0.1,0,235.4585719,1300,500,2.8,26,0.2,32,-297.4461054,1500,700,2.2,27.4,0.1
341.369241,1,AUTO,ARMED,5,AVAILABLE,UNAVAILABLE,UNAVAILABLE,249,4,ACTIVE,711,D_P3-A5.NC,D_P3-A5.NC,6,0.000668021,20,0.0005,1612875.616,468952.227,184.4,2147.7603,100,19.05,38,100,0,0,100,3900.0,3200,800,4.3,25.3,0.2,10,365.1008178,700,200,3.5,22.7,0.1,0,235.4586063,1300,500,2.8,26,0.2,32,-297.446094,1500,700,2.2,27.4,0.1
341.513106,1,AUTO,ARMED,5,AVAILABLE,UNAVAILABLE,UNAVAILABLE,249,4,ACTIVE,711,D_P3-A5.NC,D_P3-A5.NC,6,0.000668021,20,0.0005,1612875.616,468952.227,184.4,2147.7603,100,19.05,39,100,0,0,100,3900.0,3200,800,4.3,25.3,0.2,11,369.0204235,700,200,3.5,22.7,0.1,0,235.4585834,1300,500,2.8,26,0.2,32,-297.446094,1500,700,2.2,27.4,0.1
341.656801,1,AUTO,ARMED,5,AVAILABLE,UNAVAILABLE,UNAVAILABLE,249,4,ACTIVE,711,D_P3-A5.NC,D_P3-A5.NC,6,0.000668021,20,0.0005,1612875.616,468952.227,184.4,2011.3938,100,19.05,39,100,0,2,100,3900.0,3200,800,4.3,25.3,0.2,12,372.9541282,700,200,3.5,22.7,0.1,0,235.4586063,1300,500,2.8,26,0.2,32,-297.446094,1500,700,2.2,27.4,0.1
341.810931,1,AUTO,ARMED,5,AVAILABLE,UNAVAILABLE,UNAVAILABLE,249,4,ACTIVE,711,D_P3-A5.NC,D_P3-A5.NC,6,0.000668021,20,0.0005,1612875.616,468952.227,184.4,2011.3938,100,19.05,39,100,0,1,100,3900.0,3200,800,4.3,25.3,0.2,11,374.9161798,700,200,3.5,22.7,0.1,0,235.4585834,1300,500,2.8,26,0.2,32,-297.4461054,1500,700,2.2,27.4,0.1
341.95765,1,AUTO,ARMED,5,AVAILABLE,UNAVAILABLE,UNAVAILABLE,249,4,ACTIVE,711,D_P3-A5.NC,D_P3-A5.NC,6,0.000668021,20,0.0005,1612875.616,468952.227,184.4,2011.3938,100,19.05,39,100,0,1,100,3900.0,3200,800,4.3,25.3,0.2,11,376.8879588,700,200,3.5,22.7,0.1,0,235.4585719,1300,500,2.8,26,0.2,32,-297.4461054,1500,700,2.2,27.4,0.1
342.09611,1,AUTO,ARMED,5,AVAILABLE,UNAVAILABLE,UNAVAILABLE,249,4,ACTIVE,711,D_P3-A5.NC,D_P3-A5.NC,6,0.000668021,20,0.0005,1612875.616,468952.227,184.4,2011.3938,100,19.05,39,100,0,3,100,3900.0,3200,800,4.3,25.3,0.2,11,380.8122107,700,200,3.5,22.7,0.1,0,235.4586063,1300,500,2.8,26,0.2,32,-297.4461054,1500,700,2.2,27.4,0.1
342.234704,1,AUTO,ARMED,5,AVAILABLE,UNAVAILABLE,UNAVAILABLE,249,4,ACTIVE,711,D_P3-A5.NC,D_P3-A5.NC,6,0.000668021,20,0.0005,1612875.616,468952.227,184.4,2011.3938,100,19.05,39,100,0,3,100,3900.0,2600,500,4.8,25.3,0.2,11,382.7791733,200,0,3.9,22.7,0.0,0,235.4585719,1100,400,2.7,26,0.2,32,-297.446094,1300,700,2.0,27.4,0.2
342.380184,1,AUTO,ARMED,5,AVAILABLE,UNAVAILABLE,UNAVAILABLE,249,4,ACTIVE,711,D_P3-A5.NC,D_P3-A5.NC,6,0.000668021,20,0.0005,1612875.616,468952.227,184.4,2011.3938,100,19.05,39,100,0,1,100,3900.0,2600,500,4.8,25.3,0.2,11,386.7036099,200,0,3.9,22.7,0.0,0,235.4586177,1100,400,2.7,26,0.2,32,-297.446094,1300,700,2.0,27.4,0.2
342.543665,1,AUTO,ARMED,5,AVAILABLE,UNAVAILABLE,UNAVAILABLE,249,4,ACTIVE,711,D_P3-A5.NC,D_P3-A5.NC,6,0.000668021,20,0.0005,1612875.616,468952.227,184.4,2011.3938,100,19.05,40,100,0,0,100,3900.0,2600,500,4.8,25.3,0.2,8,388.6752359,200,0,3.9,22.7,0.0,0,235.4586177,1100,400,2.7,26,0.2,32,-297.446094,1300,700,2.0,27.4,0.2
342.714295,1,AUTO,ARMED,5,AVAILABLE,UNAVAILABLE,UNAVAILABLE,249,4,ACTIVE,711,D_P3-A5.NC,D_P3-A5.NC,6,0.000668021,20,0.0005,1612875.616,468952.227,184.4,2011.3938,100,19.05,40,100,0,0,100,3900.0,2600,500,4.8,25.3,0.2,9,392.5994207,200,0,3.9,22.7,0.0,0,235.4586063,1100,400,2.7,26,0.2,32,-297.4461054,1300,700,2.0,27.4,0.2
342.864716,1,AUTO,ARMED,5,AVAILABLE,UNAVAILABLE,UNAVAILABLE,249,4,ACTIVE,711,D_P3-A5.NC,D_P3-A5.NC,6,0.000668021,20,0.0005,1612875.616,468952.227,184.4,2001.8109,100,19.05,40,100,0,0,100,3900.0,2600,500,4.8,25.3,0.2,8,395.5522417,200,0,3.9,22.7,0.0,0,235.4585948,1100,400,2.7,26,0.2,32,-297.4461054,1300,700,2.0,27.4,0.2
343.019709,1,AUTO,ARMED,5,AVAILABLE,UNAVAILABLE,UNAVAILABLE,249,4,ACTIVE,711,D_P3-A5.NC,D_P3-A5.NC,6,0.000668021,20,0.0005,1612875.616,468952.227,184.4,2001.8109,100,19.05,40,100,0,0,100,3900.0,2600,500,4.8,25.3,0.2,8,397.5142311,200,0,3.9,22.7,0.0,0,235.4585948,1100,400,2.7,26,0.2,32,-297.4461054,1300,700,2.0,27.4,0.2
343.161743,1,AUTO,ARMED,5,AVAILABLE,UNAVAILABLE,UNAVAILABLE,250,4,ACTIVE,711,D_P3-A5.NC,D_P3-A5.NC,6,0.000668021,20,0.0005,1612875.616,468952.227,184.4,2001.8109,100,12.7,40,100,0,2,100,3900.0,2600,500,4.8,25.3,0.2,8,399.8395964,200,0,3.9,22.7,0.0,0,235.4586063,1100,400,2.7,26,0.2,32,-297.446094,1300,700,2.0,27.4,0.2
343.301226,1,AUTO,ARMED,5,AVAILABLE,UNAVAILABLE,UNAVAILABLE,250,4,ACTIVE,711,D_P3-A5.NC,D_P3-A5.NC,6,0.000668021,20,0.0005,1612875.616,468952.227,184.4,2001.8109,100,0.0,41,100,0,0,100,3900.0,2600,500,4.8,25.3,0.2,7,399.8408782,200,0,3.9,22.7,0.0,0,235.4585948,1100,400,2.7,26,0.2,32,-297.4461054,1300,700,2.0,27.4,0.2
343.446731,1,AUTO,ARMED,5,AVAILABLE,UNAVAILABLE,UNAVAILABLE,250,4,ACTIVE,711,D_P3-A5.NC,D_P3-A5.NC,6,0.000668021,20,0.0005,1612875.616,468952.227,184.4,2001.8109,100,0.0,41,100,0,0,100,3900.0,2600,500,4.8,25.3,0.2,7,399.8409698,200,0,3.9,22.7,0.0,0,235.4586063,1100,400,2.7,26,0.2,32,-297.446094,1300,700,2.0,27.4,0.2
343.59366,1,AUTO,ARMED,5,AVAILABLE,UNAVAILABLE,UNAVAILABLE,250,4,ACTIVE,711,D_P3-A5.NC,D_P3-A5.NC,6,0.000668021,20,0.0005,1612875.616,468952.227,184.4,2001.8109,100,0.0,41,100,0,1,100,3900.0,2600,500,4.8,25.3,0.2,6,399.8409355,200,0,3.9,22.7,0.0,0,235.4585948,1100,400,2.7,26,0.2,32,-297.446094,1300,700,2.0,27.4,0.2
343.73634,1,AUTO,ARMED,5,AVAILABLE,UNAVAILABLE,UNAVAILABLE,250,4,ACTIVE,711,D_P3-A5.NC,D_P3-A5.NC,6,0.000668021,20,0.0005,1612875.616,468952.227,184.4,2001.8109,100,0.0,41,100,0,0,100,3900.0,2600,500,4.8,25.3,0.2,6,399.8409126,200,0,3.9,22.7,0.0,0,235.4586063,1100,400,2.7,26,0.2,32,-297.4461054,1300,700,2.0,27.4,0.2
343.874237,1,AUTO,ARMED,5,AVAILABLE,UNAVAILABLE,UNAVAILABLE,250,4,ACTIVE,711,D_P3-A5.NC,D_P3-A5.NC,6,0.000668021,20,0.0005,1612875.616,468952.227,184.4,2143.9546,100,0.0,41,100,0,0,100,3900.0,2500,600,4.2,25.3,0.1,6,399.8409126,600,200,3.6,22.7,0.1,0,235.4585948,2500,1000,2.5,26,0.2,32,-297.4461054,1400,700,2.0,27.4,0.1
344.023535,1,AUTO,ARMED,5,AVAILABLE,UNAVAILABLE,UNAVAILABLE,250,4,ACTIVE,711,D_P3-A5.NC,D_P3-A5.NC,6,0.000668021,20,0.0005,1612875.616,468952.227,184.4,2143.9546,100,0.0,41,100,0,0,100,3900.0,2500,600,4.2,25.3,0.1,6,399.8408897,600,200,3.6,22.7,0.1,0,235.4585948,2500,1000,2.5,26,0.2,32,-297.4461054,1400,700,2.0,27.4,0.1
344.167938,1,AUTO,ARMED,5,AVAILABLE,UNAVAILABLE,UNAVAILABLE,251,4,ACTIVE,711,D_P3-A5.NC,D_P3-A5.NC,6,0.000668021,20,0.0005,1612875.616,468952.227,184.4,2143.9546,100,0.0,41,100,0,0,100,3900.0,2500,600,4.2,25.3,0.1,6,399.6025942,600,200,3.6,22.7,0.1,0,235.5858748,2500,1000,2.5,26,0.2,32,-297.446094,1400,700,2.0,27.4,0.1
344.315228,1,AUTO,ARMED,5,AVAILABLE,UNAVAILABLE,UNAVAILABLE,252,4,ACTIVE,711,D_P3-A5.NC,D_P3-A5.NC,6,0.000668021,20,0.0005,1612875.616,468952.227,184.4,2143.9546,100,19.05,41,100,0,0,100,3900.0,2500,600,4.2,25.3,0.1,6,397.693485,600,200,3.6,22.7,0.1,0,235.585726,2500,1000,2.5,26,0.2,32,-297.4461054,1400,700,2.0,27.4,0.1
344.460929,1,AUTO,ARMED,5,AVAILABLE,UNAVAILABLE,UNAVAILABLE,252,4,ACTIVE,711,D_P3-A5.NC,D_P3-A5.NC,6,0.000668021,20,0.0005,1612875.616,468952.227,184.4,2143.9546,100,19.05,42,100,0,0,100,3900.0,2500,600,4.2,25.3,0.1,9,395.7317637,600,200,3.6,22.7,0.1,3,235.5856574,2500,1000,2.5,26,0.2,32,-297.446094,1400,700,2.0,27.4,0.1
344.604902,1,AUTO,ARMED,5,AVAILABLE,UNAVAILABLE,UNAVAILABLE,252,4,ACTIVE,711,D_P3-A5.NC,D_P3-A5.NC,6,0.000668021,20,0.0005,1612875.616,468952.227,184.4,2143.9546,100,19.05,42,100,0,0,100,3900.0,2500,600,4.2,25.3,0.1,9,393.7599251,600,200,3.6,22.7,0.1,3,235.585623,2500,1000,2.5,26,0.2,32,-297.446094,1400,700,2.0,27.4,0.1
344.761705,1,AUTO,ARMED,5,AVAILABLE,UNAVAILABLE,UNAVAILABLE,252,4,ACTIVE,711,D_P3-A5.NC,D_P3-A5.NC,6,0.000668021,20,0.0005,1612875.616,468952.227,184.4,2143.9546,100,19.05,42,100,0,0,100,3900.0,2500,600,4.2,25.3,0.1,9,388.8545117,600,200,3.6,22.7,0.1,3,235.5856002,2500,1000,2.5,26,0.2,32,-297.446094,1400,700,2.0,27.4,0.1
344.899972,1,AUTO,ARMED,5,AVAILABLE,UNAVAILABLE,UNAVAILABLE,252,4,ACTIVE,711,D_P3-A5.NC,D_P3-A5.NC,6,0.000668021,20,0.0005,1612875.616,468952.227,184.4,2143.9546,100,19.05,42,100,0,0,100,3900.0,2500,600,4.2,25.3,0.1,9,386.8875487,600,200,3.6,22.7,0.1,3,235.5855658,2500,1000,2.5,26,0.2,32,-297.446094,1400,700,2.0,27.4,0.1
345.043948,1,AUTO,ARMED,5,AVAILABLE,UNAVAILABLE,UNAVAILABLE,252,4,ACTIVE,711,D_P3-A5.NC,D_P3-A5.NC,6,0.000668021,20,0.0005,1612875.616,468952.227,184.4,2147.5198,100,19.05,42,100,0,0,100,3900.0,2500,600,4.2,25.3,0.1,8,384.9255985,600,200,3.6,22.7,0.1,3,235.5855544,2500,1000,2.5,26,0.2,32,-297.446094,1400,700,2.0,27.4,0.1
345.194211,1,AUTO,ARMED,5,AVAILABLE,UNAVAILABLE,UNAVAILABLE,252,4,ACTIVE,711,D_P3-A5.NC,D_P3-A5.NC,6,0.000668021,20,0.0005,1612875.616,468952.227,184.4,2147.5198,100,19.05,42,100,0,1,100,3900.0,2900,700,4.1,25.3,0.1,8,382.9634194,600,200,3.4,22.7,0.1,3,235.5856002,2400,1000,2.5,26,0.2,32,-297.4461054,1500,700,2.2,27.4,0.1
345.344696,1,AUTO,ARMED,5,AVAILABLE,UNAVAILABLE,UNAVAILABLE,252,4,ACTIVE,711,D_P3-A5.NC,D_P3-A5.NC,6,0.000668021,20,0.0005,1612875.616,468952.227,184.4,2147.5198,100,19.05,43,100,0,1,100,3900.0,2900,700,4.1,25.3,0.1,8,379.0297229,600,200,3.4,22.7,0.1,3,235.5855887,2400,1000,2.5,26,0.2,32,-297.4461054,1500,700,2.2,27.4,0.1
345.487689,1,AUTO,ARMED,5,AVAILABLE,UNAVAILABLE,UNAVAILABLE,252,4,ACTIVE,711,D_P3-A5.NC,D_P3-A5.NC,6,0.000668021,20,0.0005,1612875.616,468952.227,184.4,2147.5198,100,19.05,43,100,0,0,100,3900.0,2900,700,4.1,25.3,0.1,8,377.0722688,600,200,3.4,22.7,0.1,3,235.5855887,2400,1000,2.5,26,0.2,32,-297.4461054,1500,700,2.2,27.4,0.1
345.635877,1,AUTO,ARMED,5,AVAILABLE,UNAVAILABLE,UNAVAILABLE,252,4,ACTIVE,711,D_P3-A5.NC,D_P3-A5.NC,6,0.001168144,20,0.0005,1612875.616,468952.227,184.4,2147.5198,100,19.05,43,100,0,0,100,3900.0,2900,700,4.1,25.3,0.1,8,375.110134,600,200,3.4,22.7,0.1,3,235.5856002,2400,1000,2.5,26,0.2,32,-297.446094,1500,700,2.2,27.4,0.1
345.776756,1,AUTO,ARMED,5,AVAILABLE,UNAVAILABLE,UNAVAILABLE,252,4,ACTIVE,711,D_P3-A5.NC,D_P3-A5.NC,6,0.000668021,20,0.0005,1612875.616,468952.227,184.4,2147.5198,100,19.05,43,100,0,1,100,3900.0,2900,700,4.1,25.3,0.1,9,369.2188889,600,200,3.4,22.7,0.1,4,235.5856002,2400,1000,2.5,26,0.2,32,-297.4461054,1500,700,2.2,27.4,0.1
345.924473,1,AUTO,ARMED,5,AVAILABLE,UNAVAILABLE,UNAVAILABLE,252,4,ACTIVE,711,D_P3-A5.NC,D_P3-A5.NC,6,0.000668021,20,0.0005,1612875.616,468952.227,184.4,2147.5198,100,19.05,43,100,0,1,100,3900.0,2900,700,4.1,25.3,0.1,8,367.2471181,600,200,3.4,22.7,0.1,4,235.5856116,2400,1000,2.5,26,0.2,32,-297.446094,1500,700,2.2,27.4,0.1
346.065708,1,AUTO,ARMED,5,AVAILABLE,UNAVAILABLE,UNAVAILABLE,252,4,ACTIVE,711,D_P3-A5.NC,D_P3-A5.NC,6,0.000668021,20,0.0005,1612875.616,468952.227,184.4,2138.646,100,19.05,43,100,0,1,100,3900.0,2900,700,4.1,25.3,0.1,8,365.2896297,600,200,3.4,22.7,0.1,4,235.5856002,2400,1000,2.5,26,0.2,32,-297.446094,1500,700,2.2,27.4,0.1
346.202419,1,AUTO,ARMED,5,AVAILABLE,UNAVAILABLE,UNAVAILABLE,252,4,ACTIVE,711,D_P3-A5.NC,D_P3-A5.NC,6,0.000668021,20,0.0005,1612875.616,468952.227,184.4,2138.646,100,19.05,43,100,0,1,100,3900.0,2900,700,4.1,25.3,0.1,7,363.3278154,600,200,3.4,22.7,0.1,3,235.5856116,2400,1000,2.5,26,0.2,32,-297.446094,1500,700,2.2,27.4,0.1
346.34128,1,AUTO,ARMED,5,AVAILABLE,UNAVAILABLE,UNAVAILABLE,252,4,ACTIVE,711,D_P3-A5.NC,D_P3-A5.NC,6,0.000668021,20,0.0005,1612875.616,468952.227,184.4,2138.646,100,19.05,43,100,0,3,100,3900.0,2900,700,4.1,25.3,0.1,8,359.3935093,600,200,3.4,22.7,0.1,4,235.5855887,2400,1000,2.5,26,0.2,32,-297.4461054,1500,700,2.2,27.4,0.1
346.500114,1,AUTO,ARMED,5,AVAILABLE,UNAVAILABLE,UNAVAILABLE,252,4,ACTIVE,711,D_P3-A5.NC,D_P3-A5.NC,6,0.000668021,20,0.0005,1612875.616,468952.227,184.4,2138.646,100,19.05,44,100,0,3,100,3900.0,2900,700,4.1,25.3,0.1,8,357.4318323,600,200,3.4,22.7,0.1,4,235.5855773,2400,1000,2.5,26,0.2,32,-297.4461054,1500,700,2.2,27.4,0.1
346.647805,1,AUTO,ARMED,5,AVAILABLE,UNAVAILABLE,UNAVAILABLE,252,4,ACTIVE,711,D_P3-A5.NC,D_P3-A5.NC,6,0.000668021,20,0.0005,1612875.616,468952.227,184.4,2138.646,100,19.05,44,100,0,1,100,3900.0,2600,700,3.9,25.3,0.2,7,353.5024606,500,100,4.6,22.7,0.1,3,235.5856116,2600,1000,2.6,26,0.2,32,-297.446094,1300,700,2.0,27.4,0.1
346.808674,1,AUTO,ARMED,5,AVAILABLE,UNAVAILABLE,UNAVAILABLE,252,4,ACTIVE,711,D_P3-A5.NC,D_P3-A5.NC,6,0.000668021,20,0.0005,1612875.616,468952.227,184.4,2138.646,100,19.05,44,100,0,1,100,3900.0,2600,700,3.9,25.3,0.2,7,350.5592431,500,100,4.6,22.7,0.1,3,235.5856116,2600,1000,2.6,26,0.2,32,-297.4461054,1300,700,2.0,27.4,0.1
346.949235,1,AUTO,ARMED,5,AVAILABLE,UNAVAILABLE,UNAVAILABLE,252,4,ACTIVE,711,D_P3-A5.NC,D_P3-A5.NC,6,0.000668021,20,0.0005,1612875.616,468952.227,184.4,2138.646,100,19.05,44,100,0,0,100,3900.0,2600,700,3.9,25.3,0.2,8,348.5922764,500,100,4.6,22.7,0.1,3,235.5856116,2600,1000,2.6,26,0.2,32,-297.446094,1300,700,2.0,27.4,0.1
347.088877,1,AUTO,ARMED,5,AVAILABLE,UNAVAILABLE,UNAVAILABLE,252,4,ACTIVE,711,D_P3-A5.NC,D_P3-A5.NC,6,0.000668021,20,0.0005,1612875.616,468952.227,184.4,2004.4849,100,19.05,44,100,0,0,100,3900.0,2600,700,3.9,25.3,0.2,8,346.6303794,500,100,4.6,22.7,0.1,3,235.5856116,2600,1000,2.6,26,0.2,32,-297.446094,1300,700,2.0,27.4,0.1
347.231682,1,AUTO,ARMED,5,AVAILABLE,UNAVAILABLE,UNAVAILABLE,252,4,ACTIVE,711,D_P3-A5.NC,D_P3-A5.NC,6,0.000668021,20,0.0005,1612875.616,468952.227,184.4,2004.4849,100,19.05,44,100,0,0,100,3900.0,2600,700,3.9,25.3,0.2,7,342.6963888,500,100,4.6,22.7,0.1,3,235.5855887,2600,1000,2.6,26,0.2,32,-297.4461054,1300,700,2.0,27.4,0.1
347.371745,1,AUTO,ARMED,5,AVAILABLE,UNAVAILABLE,UNAVAILABLE,252,4,ACTIVE,711,D_P3-A5.NC,D_P3-A5.NC,6,0.001168144,20,0.0005,1612875.616,468952.227,184.4,2004.4849,100,19.05,45,100,0,0,100,3900.0,2600,700,3.9,25.3,0.2,8,338.7768633,500,100,4.6,22.7,0.1,3,235.5856002,2600,1000,2.6,26,0.2,32,-297.446094,1300,700,2.0,27.4,0.1
347.516467,1,AUTO,ARMED,5,AVAILABLE,UNAVAILABLE,UNAVAILABLE,252,4,ACTIVE,711,D_P3-A5.NC,D_P3-A5.NC,6,0.000668021,20,0.0005,1612875.616,468952.227,184.4,2004.4849,100,19.05,45,100,0,1,100,3900.0,2600,700,3.9,25.3,0.2,7,336.8052046,500,100,4.6,22.7,0.1,3,235.585623,2600,1000,2.6,26,0.2,32,-297.4461054,1300,700,2.0,27.4,0.1
347.6757,1,AUTO,ARMED,5,AVAILABLE,UNAVAILABLE,UNAVAILABLE,252,4,ACTIVE,711,D_P3-A5.NC,D_P3-A5.NC,6,0.000668021,20,0.0005,1612875.616,468952.227,184.4,2004.4849,100,19.05,45,100,0,1,100,3900.0,2600,700,3.9,25.3,0.2,7,334.8430215,500,100,4.6,22.7,0.1,3,235.5856002,2600,1000,2.6,26,0.2,32,-297.446094,1300,700,2.0,27.4,0.1
347.823773,1,AUTO,ARMED,5,AVAILABLE,UNAVAILABLE,UNAVAILABLE,252,4,ACTIVE,711,D_P3-A5.NC,D_P3-A5.NC,6,0.000668021,20,0.0005,1612875.616,468952.227,184.4,2004.4849,100,19.05,45,100,0,0,100,3900.0,2600,500,4.7,25.3,0.1,9,330.9190786,200,100,4.6,22.7,0.1,3,235.585623,2200,1000,2.3,26,0.2,32,-297.446094,1300,700,2.0,27.4,0.1
347.972282,1,AUTO,ARMED,5,AVAILABLE,UNAVAILABLE,UNAVAILABLE,252,4,ACTIVE,711,D_P3-A5.NC,D_P3-A5.NC,6,0.000668021,20,0.0005,1612875.616,468952.227,184.4,2004.4849,100,19.05,45,100,0,0,100,3900.0,2600,500,4.7,25.3,0.1,9,328.951922,200,100,4.6,22.7,0.1,3,235.585623,2200,1000,2.3,26,0.2,32,-297.446094,1300,700,2.0,27.4,0.1
348.114267,1,AUTO,ARMED,5,AVAILABLE,UNAVAILABLE,UNAVAILABLE,252,4,ACTIVE,711,D_P3-A5.NC,D_P3-A5.NC,6,0.000668021,20,0.0005,1612875.616,468952.227,184.4,1984.0244,100,19.05,45,100,0,0,100,3900.0,2600,500,4.7,25.3,0.1,10,326.9896509,200,100,4.6,22.7,0.1,3,235.5856116,2200,1000,2.3,26,0.2,32,-297.4461054,1300,700,2.0,27.4,0.1
348.256764,1,AUTO,ARMED,5,AVAILABLE,UNAVAILABLE,UNAVAILABLE,252,4,ACTIVE,711,D_P3-A5.NC,D_P3-A5.NC,6,0.000668021,20,0.0005,1612875.616,468952.227,184.4,1984.0244,100,19.05,45,100,0,3,100,3900.0,2600,500,4.7,25.3,0.1,8,321.0938305,200,100,4.6,22.7,0.1,3,235.5856002,2200,1000,2.3,26,0.2,32,-297.446094,1300,700,2.0,27.4,0.1
348.512246,1,AUTO,ARMED,5,AVAILABLE,UNAVAILABLE,UNAVAILABLE,252,4,ACTIVE,711,D_P3-A5.NC,D_P3-A5.NC,6,0.000668021,20,0.0005,1612875.616,468952.227,184.4,1984.0244,100,15.11667,46,100,0,1,100,3900.0,2600,500,4.7,25.3,0.1,9,318.572856,200,100,4.6,22.7,0.1,3,235.5856002,2200,1000,2.3,26,0.2,32,-297.4461054,1300,700,2.0,27.4,0.1
348.718244,1,AUTO,ARMED,5,AVAILABLE,UNAVAILABLE,UNAVAILABLE,253,4,ACTIVE,711,D_P3-A5.NC,D_P3-A5.NC,6,0.000668021,20,0.0005,1612875.616,468952.227,184.4,1984.0244,100,10.08333,46,100,0,1,100,3900.0,2600,500,4.7,25.3,0.1,7,318.5608162,200,100,4.6,22.7,0.1,3,235.5856002,2200,1000,2.3,26,0.2,32,-297.4461054,1300,700,2.0,27.4,0.1
348.873314,1,AUTO,ARMED,5,AVAILABLE,UNAVAILABLE,UNAVAILABLE,253,4,ACTIVE,711,D_P3-A5.NC,D_P3-A5.NC,6,0.000668021,20,0.0005,1612875.616,468952.227,184.4,1984.0244,100,0.0,46,100,0,0,100,3900.0,2600,500,4.7,25.3,0.1,6,318.560862,200,100,4.6,22.7,0.1,3,235.5856002,2200,1000,2.3,26,0.2,32,-297.446094,1300,700,2.0,27.4,0.1
349.015732,1,AUTO,ARMED,5,AVAILABLE,UNAVAILABLE,UNAVAILABLE,253,4,ACTIVE,711,D_P3-A5.NC,D_P3-A5.NC,6,0.000668021,20,0.0005,1612875.616,468952.227,184.4,1984.0244,100,0.0,46,100,0,1,100,3900.0,2600,500,4.7,25.3,0.1,6,318.5608849,200,100,4.6,22.7,0.1,3,235.5855887,2200,1000,2.3,26,0.2,32,-297.4461054,1300,700,2.0,27.4,0.1
349.165249,1,AUTO,ARMED,5,AVAILABLE,UNAVAILABLE,UNAVAILABLE,253,4,ACTIVE,711,D_P3-A5.NC,D_P3-A5.NC,6,0.000668021,20,0.0005,1612875.616,468952.227,184.4,1984.0244,100,0.0,46,100,0,1,100,3900.0,2600,500,4.7,25.3,0.1,6,318.5609078,200,100,4.6,22.7,0.1,3,235.5855887,2200,1000,2.3,26,0.2,32,-297.446094,1300,700,2.0,27.4,0.1
349.302626,1,AUTO,ARMED,5,AVAILABLE,UNAVAILABLE,UNAVAILABLE,253,4,ACTIVE,711,D_P3-A5.NC,D_P3-A5.NC,6,0.000668021,20,0.0005,1612875.616,468952.227,184.4,2005.5128,100,0.0,46,100,0,1,100,3900.0,2600,500,4.7,25.3,0.1,5,318.5608964,200,100,4.6,22.7,0.1,3,235.5856002,2200,1000,2.3,26,0.2,32,-297.4461054,1300,700,2.0,27.4,0.1
349.447309,1,AUTO,ARMED,5,AVAILABLE,UNAVAILABLE,UNAVAILABLE,253,4,ACTIVE,711,D_P3-A5.NC,D_P3-A5.NC,6,0.000668021,20,0.0005,1612875.616,468952.227,184.4,2005.5128,100,0.0,47,100,0,2,100,3900.0,2400,500,4.3,25.3,0.1,5,318.5608964,400,100,4.1,22.7,0.1,3,235.5855887,1200,400,2.8,26,0.2,32,-297.446094,1300,700,2.0,27.4,0.2
349.596615,1,AUTO,ARMED,5,AVAILABLE,UNAVAILABLE,UNAVAILABLE,256,4,ACTIVE,711,D_P3-A5.NC,D_P3-A5.NC,6,0.000668021,20,0.0005,1612875.616,468952.227,184.4,2005.5128,100,0.0,47,100,0,2,100,3900.0,2400,500,4.3,25.3,0.1,5,318.5608964,400,100,4.1,22.7,0.1,3,235.5856002,1200,400,2.8,26,0.2,32,-297.446094,1300,700,2.0,27.4,0.2
349.75115,1,AUTO,ARMED,5,AVAILABLE,UNAVAILABLE,UNAVAILABLE,256,4,ACTIVE,711,D_P3-A5.NC,D_P3-A5.NC,6,0.000668021,20,0.0005,1612875.616,468952.227,184.4,2005.5128,100,0.0,47,100,0,0,100,3900.0,2400,500,4.3,25.3,0.1,5,318.5608964,400,100,4.1,22.7,0.1,1,235.7125254,1200,400,2.8,26,0.2,32,-297.4461054,1300,700,2.0,27.4,0.2
349.927905,1,AUTO,ARMED,5,AVAILABLE,UNAVAILABLE,UNAVAILABLE,257,4,ACTIVE,711,D_P3-A5.NC,D_P3-A5.NC,6,0.000668021,20,0.0005,1612875.616,468952.227,184.4,2005.5128,100,0.0,47,100,0,0,100,3900.0,2400,500,4.3,25.3,0.1,5,318.5609078,400,100,4.1,22.7,0.1,0,235.7125826,1200,400,2.8,26,0.2,32,-297.446094,1300,700,2.0,27.4,0.2
350.071226,1,AUTO,ARMED,5,AVAILABLE,UNAVAILABLE,UNAVAILABLE,257,4,ACTIVE,711,D_P3-A5.NC,D_P3-A5.NC,6,0.000668021,20,0.0005,1612875.616,468952.227,184.4,2005.5128,100,0.0,47,100,0,0,100,3900.0,2400,500,4.3,25.3,0.1,5,318.5608964,400,100,4.1,22.7,0.1,0,235.7125826,1200,400,2.8,26,0.2,32,-297.4461054,1300,700,2.0,27.4,0.2
350.206526,1,AUTO,ARMED,5,AVAILABLE,UNAVAILABLE,UNAVAILABLE,257,4,ACTIVE,711,D_P3-A5.NC,D_P3-A5.NC,6,0.000668021,20,0.0005,1612875.616,468952.227,184.4,2005.5128,100,0.0,47,100,0,1,100,3900.0,2400,500,4.3,25.3,0.1,5,318.5609078,400,100,4.1,22.7,0.1,0,235.712594,1200,400,2.8,26,0.2,32,-297.446094,1300,700,2.0,27.4,0.2
350.365444,1,AUTO,ARMED,5,AVAILABLE,UNAVAILABLE,UNAVAILABLE,257,4,ACTIVE,711,D_P3-A5.NC,D_P3-A5.NC,6,0.000668021,20,0.0005,1612875.616,468952.227,184.4,2155.6777,100,0.0,48,100,0,0,100,3900.0,2400,500,4.3,25.3,0.1,5,318.5608964,400,100,4.1,22.7,0.1,0,235.712594,1200,400,2.8,26,0.2,32,-297.4461054,1300,700,2.0,27.4,0.2
350.50899,1,AUTO,ARMED,5,AVAILABLE,UNAVAILABLE,UNAVAILABLE,257,4,ACTIVE,711,D_P3-A5.NC,D_P3-A5.NC,6,0.000668021,20,0.0005,1612875.616,468952.227,184.4,2155.6777,100,0.0,48,100,0,0,100,3900.0,2400,500,4.3,25.3,0.1,5,318.5609078,400,100,4.1,22.7,0.1,0,235.7126169,1200,400,2.8,26,0.2,32,-297.446094,1300,700,2.0,27.4,0.2
350.665027,1,AUTO,ARMED,5,AVAILABLE,UNAVAILABLE,UNAVAILABLE,257,4,ACTIVE,711,D_P3-A5.NC,D_P3-A5.NC,6,0.000668021,20,0.0005,1612875.616,468952.227,184.4,2155.6777,100,0.0,48,100,0,0,100,3900.0,2400,500,4.3,25.3,0.1,10,320.4806882,400,100,4.1,22.7,0.1,0,235.7126055,1200,400,2.8,26,0.2,32,-297.4461054,1300,700,2.0,27.4,0.2
350.829972,1,AUTO,ARMED,5,AVAILABLE,UNAVAILABLE,UNAVAILABLE,258,4,ACTIVE,711,D_P3-A5.NC,D_P3-A5.NC,6,0.000668021,20,0.0005,1612875.616,468952.227,184.4,2155.6777,100,0.0,48,100,0,0,100,3900.0,2400,500,4.3,25.3,0.1,10,322.6605708,400,100,4.1,22.7,0.1,0,235.712594,1200,400,2.8,26,0.2,32,-297.446094,1300,700,2.0,27.4,0.2
350.969994,1,AUTO,ARMED,5,AVAILABLE,UNAVAILABLE,UNAVAILABLE,258,4,ACTIVE,711,D_P3-A5.NC,D_P3-A5.NC,6,0.000668021,20,0.0005,1612875.616,468952.227,184.4,2155.6777,100,21.16667,48,100,0,1,100,3900.0,2400,500,4.3,25.3,0.1,10,324.8460384,400,100,4.1,22.7,0.1,0,235.7125826,1200,400,2.8,26,0.2,32,-297.4461054,1300,700,2.0,27.4,0.2
351.112478,1,AUTO,ARMED,5,AVAILABLE,UNAVAILABLE,UNAVAILABLE,258,4,ACTIVE,711,D_P3-A5.NC,D_P3-A5.NC,6,0.000668021,20,0.0005,1612875.616,468952.227,184.4,2155.6777,100,21.16667,48,100,0,0,100,3900.0,3200,700,4.3,25.3,0.2,9,329.2064102,700,200,3.5,22.7,0.1,0,235.712594,1300,500,2.8,26,0.2,32,-297.446094,1400,700,2.0,27.4,0.1
351.255056,1,AUTO,ARMED,5,AVAILABLE,UNAVAILABLE,UNAVAILABLE,258,4,ACTIVE,711,D_P3-A5.NC,D_P3-A5.NC,6,0.000668021,20,0.0005,1612875.616,468952.227,184.4,2155.6777,100,21.16667,48,100,0,0,100,3900.0,3200,700,4.3,25.3,0.2,9,331.3916402,700,200,3.5,22.7,0.1,0,235.7125597,1300,500,2.8,26,0.2,32,-297.4461054,1400,700,2.0,27.4,0.1
351.400466,1,AUTO,ARMED,5,AVAILABLE,UNAVAILABLE,UNAVAILABLE,258,4,ACTIVE,711,D_P3-A5.NC,D_P3-A5.NC,6,0.000668021,20,0.0005,1612875.616,468952.227,184.4,2155.6777,100,21.16667,49,100,0,0,100,3900.0,3200,700,4.3,25.3,0.2,10,333.571843,700,200,3.5,22.7,0.1,0,235.7125597,1300,500,2.8,26,0.2,32,-297.4461054,1400,700,2.0,27.4,0.1
351.549688,1,AUTO,ARMED,5,AVAILABLE,UNAVAILABLE,UNAVAILABLE,258,4,ACTIVE,711,D_P3-A5.NC,D_P3-A5.NC,6,0.000668021,20,0.0005,1612875.616,468952.227,184.4,2164.1807,100,21.16667,49,100,0,0,100,3900.0,3200,700,4.3,25.3,0.2,10,337.9324204,700,200,3.5,22.7,0.1,0,235.712594,1300,500,2.8,26,0.2,32,-297.446094,1400,700,2.0,27.4,0.1
351.690344,1,AUTO,ARMED,5,AVAILABLE,UNAVAILABLE,UNAVAILABLE,258,4,ACTIVE,711,D_P3-A5.NC,D_P3-A5.NC,6,0.000668021,20,0.0005,1612875.616,468952.227,184.4,2164.1807,100,21.16667,49,100,0,0,100,3900.0,3200,700,4.3,25.3,0.2,11,340.1232433,700,200,3.5,22.7,0.1,0,235.7126055,1300,500,2.8,26,0.2,32,-297.446094,1400,700,2.0,27.4,0.1
351.838095,1,AUTO,ARMED,5,AVAILABLE,UNAVAILABLE,UNAVAILABLE,258,4,ACTIVE,711,D_P3-A5.NC,D_P3-A5.NC,6,0.000668021,20,0.0005,1612875.616,468952.227,184.4,2164.1807,100,21.16667,49,100,0,0,100,3900.0,3200,700,4.3,25.3,0.2,12,344.4781216,700,200,3.5,22.7,0.1,0,235.7126169,1300,500,2.8,26,0.2,32,-297.4461054,1400,700,2.0,27.4,0.1
351.980746,1,AUTO,ARMED,5,AVAILABLE,UNAVAILABLE,UNAVAILABLE,258,4,ACTIVE,711,D_P3-A5.NC,D_P3-A5.NC,6,0.000668021,20,0.0005,1612875.616,468952.227,184.4,2164.1807,100,21.16667,49,100,0,0,100,3900.0,3200,700,4.3,25.3,0.2,12,346.6689216,700,200,3.5,22.7,0.1,0,235.712594,1300,500,2.8,26,0.2,32,-297.4461054,1400,700,2.0,27.4,0.1
352.136215,1,AUTO,ARMED,5,AVAILABLE,UNAVAILABLE,UNAVAILABLE,258,4,ACTIVE,711,D_P3-A5.NC,D_P3-A5.NC,6,0.000668021,20,0.0005,1612875.616,468952.227,184.4,2164.1807,100,21.16667,49,100,0,0,100,3900.0,3200,700,4.3,25.3,0.2,11,351.024063,700,200,3.5,22.7,0.1,0,235.7126055,1300,500,2.8,26,0.2,32,-297.4461054,1400,700,2.0,27.4,0.1
352.27827,1,AUTO,ARMED,5,AVAILABLE,UNAVAILABLE,UNAVAILABLE,258,4,ACTIVE,711,D_P3-A5.NC,D_P3-A5.NC,6,0.000668021,20,0.0005,1612875.616,468952.227,184.4,2164.1807,100,21.16667,49,100,0,1,100,3900.0,3200,700,4.3,25.3,0.2,10,353.2147944,700,200,3.5,22.7,0.1,0,235.7126169,1300,500,2.8,26,0.2,32,-297.446094,1400,700,2.0,27.4,0.1
352.433444,1,AUTO,ARMED,5,AVAILABLE,UNAVAILABLE,UNAVAILABLE,258,4,ACTIVE,711,D_P3-A5.NC,D_P3-A5.NC,6,0.000668021,20,0.0005,1612875.616,468952.227,184.4,2164.1807,100,21.16667,50,100,0,3,100,3900.0,2800,700,3.7,25.3,0.1,11,356.4797063,700,200,4.2,22.7,0.1,0,235.7126055,1400,500,2.9,26,0.2,32,-297.446094,1400,700,2.1,27.3,0.1
352.577008,1,AUTO,ARMED,5,AVAILABLE,UNAVAILABLE,UNAVAILABLE,258,4,ACTIVE,711,D_P3-A5.NC,D_P3-A5.NC,6,0.000668021,20,0.0005,1612875.616,468952.227,184.4,2093.0015,100,21.16667,50,100,0,3,100,3900.0,2800,700,3.7,25.3,0.1,11,358.6596632,700,200,4.2,22.7,0.1,0,235.7126169,1400,500,2.9,26,0.2,32,-297.4461054,1400,700,2.1,27.3,0.1
352.720508,1,AUTO,ARMED,5,AVAILABLE,UNAVAILABLE,UNAVAILABLE,258,4,ACTIVE,711,D_P3-A5.NC,D_P3-A5.NC,6,0.000668021,20,0.0005,1612875.616,468952.227,184.4,2093.0015,100,21.16667,50,100,0,1,100,3900.0,2800,700,3.7,25.3,0.1,12,360.8504461,700,200,4.2,22.7,0.1,0,235.712594,1400,500,2.9,26,0.2,32,-297.446094,1400,700,2.1,27.3,0.1
352.870529,1,AUTO,ARMED,5,AVAILABLE,UNAVAILABLE,UNAVAILABLE,258,4,ACTIVE,711,D_P3-A5.NC,D_P3-A5.NC,6,0.000668021,20,0.0005,1612875.616,468952.227,184.4,2093.0015,100,21.16667,50,100,0,3,100,3900.0,2800,700,3.7,25.3,0.1,11,365.2109549,700,200,4.2,22.7,0.1,0,235.7126055,1400,500,2.9,26,0.2,32,-297.446094,1400,700,2.1,27.3,0.1
353.008468,1,AUTO,ARMED,5,AVAILABLE,UNAVAILABLE,UNAVAILABLE,258,4,ACTIVE,711,D_P3-A5.NC,D_P3-A5.NC,6,0.000668021,20,0.0005,1612875.616,468952.227,184.4,2093.0015,100,21.16667,50,100,0,1,100,3900.0,2800,700,3.7,25.3,0.1,12,369.5763847,700,200,4.2,22.7,0.1,0,235.712594,1400,500,2.9,26,0.2,32,-297.4461054,1400,700,2.1,27.3,0.1
353.155818,1,AUTO,ARMED,5,AVAILABLE,UNAVAILABLE,UNAVAILABLE,258,4,ACTIVE,711,D_P3-A5.NC,D_P3-A5.NC,6,0.000668021,20,0.0005,1612875.616,468952.227,184.4,2093.0015,100,21.16667,50,100,0,1,100,3900.0,2800,700,3.7,25.3,0.1,12,371.7566047,700,200,4.2,22.7,0.1,0,235.7126169,1400,500,2.9,26,0.2,32,-297.446094,1400,700,2.1,27.3,0.1
353.300724,1,AUTO,ARMED,5,AVAILABLE,UNAVAILABLE,UNAVAILABLE,258,4,ACTIVE,711,D_P3-A5.NC,D_P3-A5.NC,6,0.000668021,20,0.0005,1612875.616,468952.227,184.4,2093.0015,100,21.16667,51,100,0,1,100,3900.0,2800,700,3.7,25.3,0.1,12,373.9421692,700,200,4.2,22.7,0.1,0,235.7126055,1400,500,2.9,26,0.2,32,-297.4461054,1400,700,2.1,27.3,0.1
353.455734,1,AUTO,ARMED,5,AVAILABLE,UNAVAILABLE,UNAVAILABLE,258,4,ACTIVE,711,D_P3-A5.NC,D_P3-A5.NC,6,0.000668021,20,0.0005,1612875.616,468952.227,184.4,2093.0015,100,21.16667,51,100,0,1,100,3900.0,2800,700,3.7,25.3,0.1,12,378.302678,700,200,4.2,22.7,0.1,0,235.7126055,1400,500,2.9,26,0.2,32,-297.4461054,1400,700,2.1,27.3,0.1
353.604114,1,AUTO,ARMED,5,AVAILABLE,UNAVAILABLE,UNAVAILABLE,258,4,ACTIVE,711,D_P3-A5.NC,D_P3-A5.NC,6,0.000668021,20,0.0005,1612875.616,468952.227,184.4,2093.0015,100,21.16667,51,100,0,0,100,3900.0,2800,700,3.7,25.3,0.1,11,380.482509,700,200,4.2,22.7,0.1,0,235.7126055,1400,500,2.9,26,0.2,32,-297.446094,1400,700,2.1,27.3,0.1
353.749781,1,AUTO,ARMED,5,AVAILABLE,UNAVAILABLE,UNAVAILABLE,258,4,ACTIVE,711,D_P3-A5.NC,D_P3-A5.NC,6,0.000668021,20,0.0005,1612875.616,468952.227,184.4,1976.7898,100,21.16667,51,100,0,1,100,3900.0,2800,700,3.7,25.3,0.1,9,384.8483786,700,200,4.2,22.7,0.1,0,235.7126169,1400,500,2.9,26,0.2,32,-297.446094,1400,700,2.1,27.3,0.1
353.889048,1,AUTO,ARMED,5,AVAILABLE,UNAVAILABLE,UNAVAILABLE,258,4,ACTIVE,711,D_P3-A5.NC,D_P3-A5.NC,6,0.000668021,20,0.0005,1612875.616,468952.227,184.4,1976.7898,100,21.16667,51,100,0,1,100,3900.0,2600,500,4.9,25.3,0.2,9,387.0288628,200,0,3.7,22.7,0.0,0,235.7126284,1100,400,2.5,26,0.2,32,-297.446094,1300,700,2.0,27.3,0.1
354.034513,1,AUTO,ARMED,5,AVAILABLE,UNAVAILABLE,UNAVAILABLE,258,4,ACTIVE,711,D_P3-A5.NC,D_P3-A5.NC,6,0.000668021,20,0.0005,1612875.616,468952.227,184.4,1976.7898,100,21.16667,51,100,0,0,100,3900.0,2600,500,4.9,25.3,0.2,10,391.3993533,200,0,3.7,22.7,0.0,0,235.7126284,1100,400,2.5,26,0.2,32,-297.446094,1300,700,2.0,27.3,0.1
354.177644,1,AUTO,ARMED,5,AVAILABLE,UNAVAILABLE,UNAVAILABLE,258,4,ACTIVE,711,D_P3-A5.NC,D_P3-A5.NC,6,0.000668021,20,0.0005,1612875.616,468952.227,184.4,1976.7898,100,21.16667,51,100,0,0,100,3900.0,2600,500,4.9,25.3,0.2,9,393.574115,200,0,3.7,22.7,0.0,0,235.7126055,1100,400,2.5,26,0.2,32,-297.4461054,1300,700,2.0,27.3,0.1
354.318789,1,AUTO,ARMED,5,AVAILABLE,UNAVAILABLE,UNAVAILABLE,258,4,ACTIVE,711,D_P3-A5.NC,D_P3-A5.NC,6,0.000668021,20,0.0005,1612875.616,468952.227,184.4,1976.7898,100,21.16667,52,100,0,0,100,3900.0,2600,500,4.9,25.3,0.2,10,396.85497,200,0,3.7,22.7,0.0,0,235.712594,1100,400,2.5,26,0.2,32,-297.4461054,1300,700,2.0,27.3,0.1
354.46043,1,AUTO,ARMED,5,AVAILABLE,UNAVAILABLE,UNAVAILABLE,258,4,ACTIVE,711,D_P3-A5.NC,D_P3-A5.NC,6,0.000668021,20,0.0005,1612875.616,468952.227,184.4,1976.7898,100,19.46667,52,100,0,0,100,3900.0,2600,500,4.9,25.3,0.2,10,399.0354084,200,0,3.7,22.7,0.0,0,235.712594,1100,400,2.5,26,0.2,32,-297.446094,1300,700,2.0,27.3,0.1
354.607341,1,AUTO,ARMED,5,AVAILABLE,UNAVAILABLE,UNAVAILABLE,259,4,ACTIVE,711,D_P3-A5.NC,D_P3-A5.NC,6,0.000668021,20,0.0005,1612875.616,468952.227,184.4,1976.7898,100,0.0,52,100,0,0,100,3900.0,2600,500,4.9,25.3,0.2,6,399.8389097,200,0,3.7,22.7,0.0,0,235.7126055,1100,400,2.5,26,0.2,32,-297.446094,1300,700,2.0,27.3,0.1
354.750835,1,AUTO,ARMED,5,AVAILABLE,UNAVAILABLE,UNAVAILABLE,259,4,ACTIVE,711,D_P3-A5.NC,D_P3-A5.NC,6,0.000668021,20,0.0005,1612875.616,468952.227,184.4,2031.0867,100,0.0,52,100,0,0,100,3900.0,2600,500,4.9,25.3,0.2,6,399.8409126,200,0,3.7,22.7,0.0,0,235.7126055,1100,400,2.5,26,0.2,32,-297.446094,1300,700,2.0,27.3,0.1
354.901747,1,AUTO,ARMED,5,AVAILABLE,UNAVAILABLE,UNAVAILABLE,259,4,ACTIVE,711,D_P3-A5.NC,D_P3-A5.NC,6,0.000668021,20,0.0005,1612875.616,468952.227,184.4,2031.0867,100,0.0,52,100,0,1,100,3900.0,2600,500,4.9,25.3,0.2,6,399.840924,200,0,3.7,22.7,0.0,0,235.7126055,1100,400,2.5,26,0.2,32,-297.4461054,1300,700,2.0,27.3,0.1
355.04676,1,AUTO,ARMED,5,AVAILABLE,UNAVAILABLE,UNAVAILABLE,259,4,ACTIVE,711,D_P3-A5.NC,D_P3-A5.NC,6,0.000668021,20,0.0005,1612875.616,468952.227,184.4,2031.0867,100,0.0,52,100,0,1,100,3900.0,2600,500,4.9,25.3,0.2,6,399.8409126,200,0,3.7,22.7,0.0,0,235.712594,1100,400,2.5,26,0.2,32,-297.446094,1300,700,2.0,27.3,0.1
355.1938,1,AUTO,ARMED,5,AVAILABLE,UNAVAILABLE,UNAVAILABLE,259,4,ACTIVE,711,D_P3-A5.NC,D_P3-A5.NC,6,0.000668021,20,0.0005,1612875.616,468952.227,184.4,2031.0867,100,0.0,52,100,0,0,100,3900.0,2800,700,3.8,25.3,0.2,6,399.8409011,600,200,3.2,22.7,0.1,0,235.7126055,1500,500,3.2,26,0.2,32,-297.446094,1500,700,2.2,27.3,0.1
355.33996,1,AUTO,ARMED,5,AVAILABLE,UNAVAILABLE,UNAVAILABLE,259,4,ACTIVE,711,D_P3-A5.NC,D_P3-A5.NC,6,0.000668021,20,0.0005,1612875.616,468952.227,184.4,2031.0867,100,0.0,52,100,0,0,100,3900.0,2800,700,3.8,25.3,0.2,6,399.8409126,600,200,3.2,22.7,0.1,0,235.7126055,1500,500,3.2,26,0.2,32,-297.4461054,1500,700,2.2,27.3,0.1
355.487899,1,AUTO,ARMED,5,AVAILABLE,UNAVAILABLE,UNAVAILABLE,259,4,ACTIVE,711,D_P3-A5.NC,D_P3-A5.NC,6,0.000668021,20,0.0005,1612875.616,468952.227,184.4,2031.0867,100,0.0,53,100,0,0,100,3900.0,2800,700,3.8,25.3,0.2,6,399.7994919,600,200,3.2,22.7,0.1,0,235.8128662,1500,500,3.2,26,0.2,32,-297.446094,1500,700,2.2,27.3,0.1
355.635613,1,AUTO,ARMED,5,AVAILABLE,UNAVAILABLE,UNAVAILABLE,261,4,ACTIVE,711,D_P3-A5.NC,D_P3-A5.NC,6,0.000668021,20,0.0005,1612875.616,468952.227,184.4,2031.0867,100,0.0,53,100,0,3,100,3900.0,2800,700,3.8,25.3,0.2,14,397.9225314,600,200,3.2,22.7,0.1,4,235.8396451,1500,500,3.2,26,0.2,32,-297.446094,1500,700,2.2,27.3,0.1
355.777184,1,AUTO,ARMED,5,AVAILABLE,UNAVAILABLE,UNAVAILABLE,261,4,ACTIVE,711,D_P3-A5.NC,D_P3-A5.NC,6,0.000668021,20,0.0005,1612875.616,468952.227,184.4,2129.876,100,21.16667,53,100,0,3,100,3900.0,2800,700,3.8,25.3,0.2,14,395.7428881,600,200,3.2,22.7,0.1,4,235.8396222,1500,500,3.2,26,0.2,32,-297.4461054,1500,700,2.2,27.3,0.1
355.925238,1,AUTO,ARMED,5,AVAILABLE,UNAVAILABLE,UNAVAILABLE,261,4,ACTIVE,711,D_P3-A5.NC,D_P3-A5.NC,6,0.000668021,20,0.0005,1612875.616,468952.227,184.4,2129.876,100,21.16667,53,100,0,2,100,3900.0,2800,700,3.8,25.3,0.2,9,393.5626726,600,200,3.2,22.7,0.1,4,235.8396108,1500,500,3.2,26,0.2,32,-297.446094,1500,700,2.2,27.3,0.1
356.069599,1,AUTO,ARMED,5,AVAILABLE,UNAVAILABLE,UNAVAILABLE,261,4,ACTIVE,711,D_P3-A5.NC,D_P3-A5.NC,6,0.000668021,20,0.0005,1612875.616,468952.227,184.4,2129.876,100,21.16667,53,100,0,0,100,3900.0,2800,700,3.8,25.3,0.2,8,391.3770436,600,200,3.2,22.7,0.1,4,235.8396108,1500,500,3.2,26,0.2,32,-297.446094,1500,700,2.2,27.3,0.1
356.214923,1,AUTO,ARMED,5,AVAILABLE,UNAVAILABLE,UNAVAILABLE,261,4,ACTIVE,711,D_P3-A5.NC,D_P3-A5.NC,6,0.000668021,20,0.0005,1612875.616,468952.227,184.4,2129.876,100,21.16667,53,100,0,1,100,3900.0,2800,700,3.8,25.3,0.2,7,385.9267623,600,200,3.2,22.7,0.1,4,235.8395536,1500,500,3.2,26,0.2,32,-297.4461054,1500,700,2.2,27.3,0.1
356.355803,1,AUTO,ARMED,5,AVAILABLE,UNAVAILABLE,UNAVAILABLE,261,4,ACTIVE,711,D_P3-A5.NC,D_P3-A5.NC,6,0.000668021,20,0.0005,1612875.616,468952.227,184.4,2129.876,100,21.16667,54,100,0,1,100,3900.0,2800,700,3.8,25.3,0.2,7,383.7414424,600,200,3.2,22.7,0.1,4,235.8396108,1500,500,3.2,26,0.2,32,-297.446094,1500,700,2.2,27.3,0.1
356.500815,1,AUTO,ARMED,5,AVAILABLE,UNAVAILABLE,UNAVAILABLE,261,4,ACTIVE,711,D_P3-A5.NC,D_P3-A5.NC,6,0.000668021,20,0.0005,1612875.616,468952.227,184.4,2129.876,100,21.16667,54,100,0,0,100,3900.0,2800,700,3.8,25.3,0.2,9,381.5610666,600,200,3.2,22.7,0.1,4,235.8395993,1500,500,3.2,26,0.2,32,-297.446094,1500,700,2.2,27.3,0.1
356.64326,1,AUTO,ARMED,5,AVAILABLE,UNAVAILABLE,UNAVAILABLE,261,4,ACTIVE,711,D_P3-A5.NC,D_P3-A5.NC,6,0.000668021,20,0.0005,1612875.616,468952.227,184.4,2129.876,100,21.16667,54,100,0,0,100,3900.0,2800,700,3.8,25.3,0.2,9,379.3808067,600,200,3.2,22.7,0.1,4,235.8396108,1500,500,3.2,26,0.2,32,-297.4461054,1500,700,2.2,27.3,0.1
356.79005,1,AUTO,ARMED,5,AVAILABLE,UNAVAILABLE,UNAVAILABLE,261,4,ACTIVE,711,D_P3-A5.NC,D_P3-A5.NC,6,0.000668021,20,0.0005,1612875.616,468952.227,184.4,2129.876,100,21.16667,54,100,0,0,100,3900.0,3500,700,4.8,25.3,0.1,8,372.8351847,600,200,3.6,22.7,0.1,4,235.8395879,1400,500,3.2,26,0.2,32,-297.4461054,1400,700,2.1,27.3,0.1
356.95035,1,AUTO,ARMED,5,AVAILABLE,UNAVAILABLE,UNAVAILABLE,261,4,ACTIVE,711,D_P3-A5.NC,D_P3-A5.NC,6,0.001168144,20,0.0005,1612875.616,468952.227,184.4,2131.3333,100,21.16667,54,100,0,0,100,3900.0,3500,700,4.8,25.3,0.1,8,370.6499004,600,200,3.6,22.7,0.1,4,235.8396108,1400,500,3.2,26,0.2,32,-297.4461054,1400,700,2.1,27.3,0.1
357.094654,1,AUTO,ARMED,5,AVAILABLE,UNAVAILABLE,UNAVAILABLE,261,4,ACTIVE,711,D_P3-A5.NC,D_P3-A5.NC,6,0.001168144,20,0.0005,1612875.616,468952.227,184.4,2131.3333,100,21.16667,54,100,0,0,100,3900.0,3500,700,4.8,25.3,0.1,8,368.4641125,600,200,3.6,22.7,0.1,4,235.8396222,1400,500,3.2,26,0.2,32,-297.446094,1400,700,2.1,27.3,0.1
357.243031,1,AUTO,ARMED,5,AVAILABLE,UNAVAILABLE,UNAVAILABLE,261,4,ACTIVE,711,D_P3-A5.NC,D_P3-A5.NC,6,0.000167898,20,0.0005,1612875.616,468952.227,184.4,2131.3333,100,21.16667,54,100,0,3,100,3900.0,3500,700,4.8,25.3,0.1,8,364.1039694,600,200,3.6,22.7,0.1,4,235.8396108,1400,500,3.2,26,0.2,32,-297.446094,1400,700,2.1,27.3,0.1
357.383481,1,AUTO,ARMED,5,AVAILABLE,UNAVAILABLE,UNAVAILABLE,261,4,ACTIVE,711,D_P3-A5.NC,D_P3-A5.NC,6,0.000668021,20,0.0005,1612875.616,468952.227,184.4,2131.3333,100,21.16667,55,100,0,1,100,3900.0,3500,700,4.8,25.3,0.1,7,361.9238006,600,200,3.6,22.7,0.1,4,235.8396108,1400,500,3.2,26,0.2,32,-297.4461054,1400,700,2.1,27.3,0.1
357.539008,1,AUTO,ARMED,5,AVAILABLE,UNAVAILABLE,UNAVAILABLE,261,4,ACTIVE,711,D_P3-A5.NC,D_P3-A5.NC,6,0.000668021,20,0.0005,1612875.616,468952.227,184.4,2131.3333,100,21.16667,55,100,0,1,100,3900.0,3500,700,4.8,25.3,0.1,7,359.743689,600,200,3.6,22.7,0.1,4,235.8395993,1400,500,3.2,26,0.2,32,-297.446094,1400,700,2.1,27.3,0.1
357.687795,1,AUTO,ARMED,5,AVAILABLE,UNAVAILABLE,UNAVAILABLE,261,4,ACTIVE,711,D_P3-A5.NC,D_P3-A5.NC,6,0.000668021,20,0.0005,1612875.616,468952.227,184.4,2131.3333,100,21.16667,55,100,0,0,100,3900.0,3500,700,4.8,25.3,0.1,7,353.1977227,600,200,3.6,22.7,0.1,4,235.8395879,1400,500,3.2,26,0.2,32,-297.4461054,1400,700,2.1,27.3,0.1
357.827909,1,AUTO,ARMED,5,AVAILABLE,UNAVAILABLE,UNAVAILABLE,261,4,ACTIVE,711,D_P3-A5.NC,D_P3-A5.NC,6,0.000668021,20,0.0005,1612875.616,468952.227,184.4,2131.3333,100,21.16667,55,100,0,0,100,3900.0,3500,700,4.8,25.3,0.1,7,351.0175573,600,200,3.6,22.7,0.1,4,235.8395765,1400,500,3.2,26,0.2,32,-297.4461054,1400,700,2.1,27.3,0.1
357.972674,1,AUTO,ARMED,5,AVAILABLE,UNAVAILABLE,UNAVAILABLE,261,4,ACTIVE,711,D_P3-A5.NC,D_P3-A5.NC,6,0.000668021,20,0.0005,1612875.616,468952.227,184.4,1998.2981,100,21.16667,55,100,0,0,100,3900.0,3500,700,4.8,25.3,0.1,8,348.832288,600,200,3.6,22.7,0.1,4,235.8395993,1400,500,3.2,26,0.2,32,-297.446094,1400,700,2.1,27.3,0.1
358.113829,1,AUTO,ARMED,5,AVAILABLE,UNAVAILABLE,UNAVAILABLE,261,4,ACTIVE,711,D_P3-A5.NC,D_P3-A5.NC,6,0.000668021,20,0.0005,1612875.616,468952.227,184.4,1998.2981,100,21.16667,55,100,0,0,100,3900.0,3500,700,4.8,25.3,0.1,8,347.7421939,600,200,3.6,22.7,0.1,4,235.8395879,1400,500,3.2,26,0.2,32,-297.4461054,1400,700,2.1,27.3,0.1
358.267513,1,AUTO,ARMED,5,AVAILABLE,UNAVAILABLE,UNAVAILABLE,261,4,ACTIVE,711,D_P3-A5.NC,D_P3-A5.NC,6,0.000668021,20,0.0005,1612875.616,468952.227,184.4,1998.2981,100,21.16667,55,100,0,0,100,3900.0,2700,500,4.9,25.3,0.1,8,343.3815885,300,100,5.5,22.7,0.0,4,235.8396108,1100,400,2.4,26,0.2,32,-297.4461054,1300,700,1.9,27.3,0.1
358.409665,1,AUTO,ARMED,5,AVAILABLE,UNAVAILABLE,UNAVAILABLE,261,4,ACTIVE,711,D_P3-A5.NC,D_P3-A5.NC,6,0.000668021,20,0.0005,1612875.616,468952.227,184.4,1998.2981,100,21.16667,56,100,0,1,100,3900.0,2700,500,4.9,25.3,0.1,8,341.1962048,300,100,5.5,22.7,0.0,4,235.8396108,1100,400,2.4,26,0.2,32,-297.4461054,1300,700,1.9,27.3,0.1
358.553014,1,AUTO,ARMED,5,AVAILABLE,UNAVAILABLE,UNAVAILABLE,261,4,ACTIVE,711,D_P3-A5.NC,D_P3-A5.NC,6,0.000668021,20,0.0005,1612875.616,468952.227,184.4,1998.2981,100,21.16667,56,100,0,1,100,3900.0,2700,500,4.9,25.3,0.1,8,339.016131,300,100,5.5,22.7,0.0,4,235.8396108,1100,400,2.4,26,0.2,32,-297.446094,1300,700,1.9,27.3,0.1
358.695581,1,AUTO,ARMED,5,AVAILABLE,UNAVAILABLE,UNAVAILABLE,261,4,ACTIVE,711,D_P3-A5.NC,D_P3-A5.NC,6,0.000668021,20,0.0005,1612875.616,468952.227,184.4,1998.2981,100,21.16667,56,100,0,1,100,3900.0,2700,500,4.9,25.3,0.1,7,332.470222,300,100,5.5,22.7,0.0,4,235.8395765,1100,400,2.4,26,0.2,32,-297.4461054,1300,700,1.9,27.3,0.1
358.843238,1,AUTO,ARMED,5,AVAILABLE,UNAVAILABLE,UNAVAILABLE,261,4,ACTIVE,711,D_P3-A5.NC,D_P3-A5.NC,6,0.000668021,20,0.0005,1612875.616,468952.227,184.4,1998.2981,100,21.16667,56,100,0,1,100,3900.0,2700,500,4.9,25.3,0.1,8,330.2900567,300,100,5.5,22.7,0.0,4,235.8396337,1100,400,2.4,26,0.2,32,-297.4461054,1300,700,1.9,27.3,0.1
359.009197,1,AUTO,ARMED,5,AVAILABLE,UNAVAILABLE,UNAVAILABLE,261,4,ACTIVE,711,D_P3-A5.NC,D_P3-A5.NC,6,0.000668021,20,0.0005,1612875.616,468952.227,184.4,1976.0743,100,21.16667,56,100,0,1,100,3900.0,2700,500,4.9,25.3,0.1,10,328.0994697,300,100,5.5,22.7,0.0,4,235.8396108,1100,400,2.4,26,0.2,32,-297.446094,1300,700,1.9,27.3,0.1
359.169236,1,AUTO,ARMED,5,AVAILABLE,UNAVAILABLE,UNAVAILABLE,261,4,ACTIVE,711,D_P3-A5.NC,D_P3-A5.NC,6,0.000668021,20,0.0005,1612875.616,468952.227,184.4,1976.0743,100,21.16667,56,100,0,0,100,3900.0,2700,500,4.9,25.3,0.1,10,323.7444839,300,100,5.5,22.7,0.0,4,235.8396108,1100,400,2.4,26,0.2,32,-297.446094,1300,700,1.9,27.3,0.1
359.321751,1,AUTO,ARMED,5,AVAILABLE,UNAVAILABLE,UNAVAILABLE,261,4,ACTIVE,711,D_P3-A5.NC,D_P3-A5.NC,6,0.000668021,20,0.0005,1612875.616,468952.227,184.4,1976.0743,100,21.16667,56,100,0,0,100,3900.0,2700,500,4.9,25.3,0.1,9,321.5536752,300,100,5.5,22.7,0.0,3,235.8395993,1100,400,2.4,26,0.2,32,-297.446094,1300,700,1.9,27.3,0.1
359.473831,1,AUTO,ARMED,5,AVAILABLE,UNAVAILABLE,UNAVAILABLE,262,4,ACTIVE,711,D_P3-A5.NC,D_P3-A5.NC,6,0.000668021,20,0.0005,1612875.616,468952.227,184.4,1976.0743,100,10.63333,57,100,0,1,100,3900.0,2700,500,4.9,25.3,0.1,7,318.5627847,300,100,5.5,22.7,0.0,4,235.8395993,1100,400,2.4,26,0.2,32,-297.446094,1300,700,1.9,27.3,0.1
359.617362,1,AUTO,ARMED,5,AVAILABLE,UNAVAILABLE,UNAVAILABLE,262,4,ACTIVE,711,D_P3-A5.NC,D_P3-A5.NC,6,0.000668021,20,0.0005,1612875.616,468952.227,184.4,1976.0743,100,0.0,57,100,0,1,100,3900.0,2700,500,4.9,25.3,0.1,7,318.5608048,300,100,5.5,22.7,0.0,4,235.8395993,1100,400,2.4,26,0.2,32,-297.4461054,1300,700,1.9,27.3,0.1
359.764665,1,AUTO,ARMED,5,AVAILABLE,UNAVAILABLE,UNAVAILABLE,262,4,ACTIVE,711,D_P3-A5.NC,D_P3-A5.NC,6,0.000668021,20,0.0005,1612875.616,468952.227,184.4,1976.0743,100,0.0,57,100,0,1,100,3900.0,2700,500,4.9,25.3,0.1,6,318.5608735,300,100,5.5,22.7,0.0,3,235.8395993,1100,400,2.4,26,0.2,32,-297.4461054,1300,700,1.9,27.3,0.1
359.906796,1,AUTO,ARMED,5,AVAILABLE,UNAVAILABLE,UNAVAILABLE,262,4,ACTIVE,711,D_P3-A5.NC,D_P3-A5.NC,6,0.000668021,20,0.0005,1612875.616,468952.227,184.4,1976.0743,100,0.0,57,100,0,3,100,3900.0,5900,1700,3.4,25.3,0.2,6,318.5608849,200,0,3.8,22.7,0.0,3,235.8395993,1200,400,3.1,26,0.1,32,-297.446094,1300,700,1.9,27.3,0.1
360.054188,1,AUTO,ARMED,5,AVAILABLE,UNAVAILABLE,UNAVAILABLE,262,4,ACTIVE,711,D_P3-A5.NC,D_P3-A5.NC,6,0.000668021,20,0.0005,1612875.616,468952.227,184.4,1976.0743,100,0.0,57,100,0,0,100,3900.0,5900,1700,3.4,25.3,0.2,5,318.5608964,200,0,3.8,22.7,0.0,3,235.8395993,1200,400,3.1,26,0.1,32,-297.446094,1300,700,1.9,27.3,0.1
360.200528,1,AUTO,ARMED,5,AVAILABLE,UNAVAILABLE,UNAVAILABLE,262,4,ACTIVE,711,D_P3-A5.NC,D_P3-A5.NC,6,0.000668021,20,0.0005,1612875.616,468952.227,184.4,2021.1914,100,0.0,57,100,0,0,100,3900.0,5900,1700,3.4,25.3,0.2,5,318.5608964,200,0,3.8,22.7,0.0,3,235.8395993,1200,400,3.1,26,0.1,32,-297.4461054,1300,700,1.9,27.3,0.1
360.351349,1,AUTO,ARMED,5,AVAILABLE,UNAVAILABLE,UNAVAILABLE,262,4,ACTIVE,711,D_P3-A5.NC,D_P3-A5.NC,6,0.000668021,20,0.0005,1612875.616,468952.227,184.4,2021.1914,100,0.0,57,100,0,0,100,3900.0,5900,1700,3.4,25.3,0.2,5,318.5608964,200,0,3.8,22.7,0.0,3,235.8395993,1200,400,3.1,26,0.1,32,-297.446094,1300,700,1.9,27.3,0.1
360.507577,1,AUTO,ARMED,5,AVAILABLE,UNAVAILABLE,UNAVAILABLE,265,4,ACTIVE,711,D_P3-A5.NC,D_P3-A5.NC,6,0.000668021,20,0.0005,1612875.616,468952.227,184.4,2021.1914,100,0.0,58,100,0,0,100,3900.0,5900,1700,3.4,25.3,0.2,5,318.5608964,200,0,3.8,22.7,0.0,3,235.8395993,1200,400,3.1,26,0.1,32,-297.4461054,1300,700,1.9,27.3,0.1
360.653626,1,AUTO,ARMED,5,AVAILABLE,UNAVAILABLE,UNAVAILABLE,265,4,ACTIVE,711,D_P3-A5.NC,D_P3-A5.NC,6,0.000668021,20,0.0005,1612875.616,468952.227,184.4,2021.1914,100,0.0,58,100,0,0,100,3987.046169,5900,1700,3.4,25.3,0.2,5,318.5609078,200,0,3.8,22.7,0.0,3,235.8395993,1200,400,3.1,26,0.1,32,-297.4461054,1300,700,1.9,27.3,0.1
360.801708,1,AUTO,ARMED,5,AVAILABLE,UNAVAILABLE,UNAVAILABLE,265,4,ACTIVE,711,D_P3-A5.NC,D_P3-A5.NC,6,0.000668021,20,0.0005,1612875.616,468952.227,184.4,2021.1914,100,0.0,58,100,0,20,100,4400.0,5900,1700,3.4,25.3,0.2,6,318.5609078,200,0,3.8,22.7,0.0,3,235.8541103,1200,400,3.1,26,0.1,32,-297.446094,1300,700,1.9,27.3,0.1
360.967753,1,AUTO,ARMED,5,AVAILABLE,UNAVAILABLE,UNAVAILABLE,266,4,ACTIVE,711,D_P3-A5.NC,D_P3-A5.NC,6,0.000668021,20,0.0005,1612875.616,468952.227,184.4,2021.1914,100,0.0,58,100,0,0,100,4400.0,5900,1700,3.4,25.3,0.2,6,318.5608964,200,0,3.8,22.7,0.0,1,235.9665474,1200,400,3.1,26,0.1,32,-297.446094,1300,700,1.9,27.3,0.1
361.109454,1,AUTO,ARMED,5,AVAILABLE,UNAVAILABLE,UNAVAILABLE,266,4,ACTIVE,711,D_P3-A5.NC,D_P3-A5.NC,6,0.000668021,20,0.0005,1612875.616,468952.227,184.4,2021.1914,100,0.0,58,100,0,0,100,4400.0,5900,1700,3.4,25.3,0.2,6,318.5608964,200,0,3.8,22.7,0.0,1,235.9665703,1200,400,3.1,26,0.1,32,-297.4461054,1300,700,1.9,27.3,0.1
361.25283,1,AUTO,ARMED,5,AVAILABLE,UNAVAILABLE,UNAVAILABLE,266,4,ACTIVE,711,D_P3-A5.NC,D_P3-A5.NC,6,0.000668021,20,0.0005,1612875.616,468952.227,184.4,1962.5294,100,0.0,58,100,0,0,100,4400.0,5900,1700,3.4,25.3,0.2,5,318.5608964,200,0,3.8,22.7,0.0,0,235.9665818,1200,400,3.1,26,0.1,32,-297.446094,1300,700,1.9,27.3,0.1
361.395505,1,AUTO,ARMED,5,AVAILABLE,UNAVAILABLE,UNAVAILABLE,266,4,ACTIVE,711,D_P3-A5.NC,D_P3-A5.NC,6,0.000668021,20,0.0005,1612875.616,468952.227,184.4,1962.5294,100,0.0,59,100,0,0,100,4400.0,2900,700,4.2,25.3,0.1,5,318.5608964,500,100,4.2,22.7,0.1,0,235.9665932,1200,300,3.5,26,0.1,32,-297.4461054,1500,700,2.3,27.3,0.1
361.544688,1,AUTO,ARMED,5,AVAILABLE,UNAVAILABLE,UNAVAILABLE,266,4,ACTIVE,711,D_P3-A5.NC,D_P3-A5.NC,6,0.000668021,20,0.0005,1612875.616,468952.227,184.4,1962.5294,100,0.0,59,100,0,1,100,4400.0,2900,700,4.2,25.3,0.1,5,318.5609078,500,100,4.2,22.7,0.1,0,235.9665932,1200,300,3.5,26,0.1,32,-297.446094,1500,700,2.3,27.3,0.1
361.698119,1,AUTO,ARMED,5,AVAILABLE,UNAVAILABLE,UNAVAILABLE,266,4,ACTIVE,711,D_P3-A5.NC,D_P3-A5.NC,6,0.000668021,20,0.0005,1612875.616,468952.227,184.4,1962.5294,100,0.0,59,100,0,1,100,4400.0,2900,700,4.2,25.3,0.1,5,318.5609078,500,100,4.2,22.7,0.1,0,235.9665932,1200,300,3.5,26,0.1,32,-297.4461054,1500,700,2.3,27.3,0.1
361.840427,1,AUTO,ARMED,5,AVAILABLE,UNAVAILABLE,UNAVAILABLE,267,4,ACTIVE,711,D_P3-A5.NC,D_P3-A5.NC,6,0.000668021,20,0.0005,1612875.616,468952.227,184.4,1962.5294,100,0.0,59,100,0,0,100,4400.0,2900,700,4.2,25.3,0.1,5,318.7803511,500,100,4.2,22.7,0.1,0,235.9665932,1200,300,3.5,26,0.1,32,-297.4461054,1500,700,2.3,27.3,0.1
361.981656,1,AUTO,ARMED,5,AVAILABLE,UNAVAILABLE,UNAVAILABLE,267,4,ACTIVE,711,D_P3-A5.NC,D_P3-A5.NC,6,0.000668021,20,0.0005,1612875.616,468952.227,184.4,1962.5294,100,14.81667,59,100,0,0,100,4400.0,2900,700,4.2,25.3,0.1,8,320.3092388,500,100,4.2,22.7,0.1,0,235.9666047,1200,300,3.5,26,0.1,32,-297.446094,1500,700,2.3,27.3,0.1
362.120239,1,AUTO,ARMED,5,AVAILABLE,UNAVAILABLE,UNAVAILABLE,267,4,ACTIVE,711,D_P3-A5.NC,D_P3-A5.NC,6,0.000668021,20,0.0005,1612875.616,468952.227,184.4,1962.5294,100,14.81667,59,100,0,0,100,4400.0,2900,700,4.2,25.3,0.1,8,321.8425555,500,100,4.2,22.7,0.1,0,235.9666047,1200,300,3.5,26,0.1,32,-297.4461054,1500,700,2.3,27.3,0.1
362.262045,1,AUTO,ARMED,5,AVAILABLE,UNAVAILABLE,UNAVAILABLE,267,4,ACTIVE,711,D_P3-A5.NC,D_P3-A5.NC,6,0.000668021,20,0.0005,1612875.616,468952.227,184.4,1962.5294,100,14.81667,59,100,0,0,100,4400.0,2900,700,4.2,25.3,0.1,8,323.3688796,500,100,4.2,22.7,0.1,0,235.9666047,1200,300,3.5,26,0.1,32,-297.4461054,1500,700,2.3,27.3,0.1
362.399413,1,AUTO,ARMED,5,AVAILABLE,UNAVAILABLE,UNAVAILABLE,267,4,ACTIVE,711,D_P3-A5.NC,D_P3-A5.NC,6,0.000668021,20,0.0005,1612875.616,468952.227,184.4,2147.1228,100,14.81667,0,100,0,2,100,4400.0,2900,700,4.2,25.3,0.1,9,326.4247438,500,100,4.2,22.7,0.1,0,235.9666047,1200,300,3.5,26,0.1,32,-297.4461054,1500,700,2.3,27.3,0.1
362.558471,1,AUTO,ARMED,5,AVAILABLE,UNAVAILABLE,UNAVAILABLE,267,4,ACTIVE,711,D_P3-A5.NC,D_P3-A5.NC,6,0.000668021,20,0.0005,1612875.616,468952.227,184.4,2147.1228,100,14.81667,0,100,0,1,100,4400.0,2900,700,4.2,25.3,0.1,8,329.47698,500,100,4.2,22.7,0.1,0,235.9666047,1200,300,3.5,26,0.1,32,-297.446094,1500,700,2.3,27.3,0.1
362.709706,1,AUTO,ARMED,5,AVAILABLE,UNAVAILABLE,UNAVAILABLE,267,4,ACTIVE,711,D_P3-A5.NC,D_P3-A5.NC,6,0.000668021,20,0.0005,1612875.616,468952.227,184.4,2147.1228,100,14.81667,0,100,0,0,100,4400.0,2900,700,4.2,25.3,0.1,9,331.0103936,500,100,4.2,22.7,0.1,0,235.9665703,1200,300,3.5,26,0.1,32,-297.4461054,1500,700,2.3,27.3,0.1
362.857867,1,AUTO,ARMED,5,AVAILABLE,UNAVAILABLE,UNAVAILABLE,267,4,ACTIVE,711,D_P3-A5.NC,D_P3-A5.NC,6,0.000668021,20,0.0005,1612875.616,468952.227,184.4,2147.1228,100,14.81667,0,100,0,0,100,4400.0,2900,700,4.2,25.3,0.1,9,332.5363296,500,100,4.2,22.7,0.1,0,235.9665703,1200,300,3.5,26,0.1,32,-297.4461169,1500,700,2.3,27.3,0.1
363.002825,1,AUTO,ARMED,5,AVAILABLE,UNAVAILABLE,UNAVAILABLE,267,4,ACTIVE,711,D_P3-A5.NC,D_P3-A5.NC,6,0.000668021,20,0.0005,1612875.616,468952.227,184.4,2147.1228,100,14.81667,0,100,0,0,100,4400.0,3000,800,3.7,25.3,0.1,9,337.1186466,500,100,3.5,22.7,0.1,0,235.9665703,1300,400,3.6,26,0.1,32,-297.446094,1500,700,2.2,27.3,0.1
363.146299,1,AUTO,ARMED,5,AVAILABLE,UNAVAILABLE,UNAVAILABLE,267,4,ACTIVE,711,D_P3-A5.NC,D_P3-A5.NC,6,0.000668021,20,0.0005,1612875.616,468952.227,184.4,2147.1228,100,14.81667,0,100,0,0,100,4400.0,3000,800,3.7,25.3,0.1,11,338.6447428,500,100,3.5,22.7,0.1,0,235.9666047,1300,400,3.6,26,0.1,32,-297.4461054,1500,700,2.2,27.3,0.1
363.291409,1,AUTO,ARMED,5,AVAILABLE,UNAVAILABLE,UNAVAILABLE,267,4,ACTIVE,711,D_P3-A5.NC,D_P3-A5.NC,6,0.000668021,20,0.0005,1612875.616,468952.227,184.4,2147.1228,100,14.81667,0,100,0,0,100,4400.0,3000,800,3.7,25.3,0.1,11,340.1710794,500,100,3.5,22.7,0.1,0,235.9665703,1300,400,3.6,26,0.1,32,-297.446094,1500,700,2.2,27.3,0.1
363.429348,1,AUTO,ARMED,5,AVAILABLE,UNAVAILABLE,UNAVAILABLE,267,4,ACTIVE,711,D_P3-A5.NC,D_P3-A5.NC,6,0.000668021,20,0.0005,1612875.616,468952.227,184.4,2152.334,100,14.81667,1,100,0,0,100,4400.0,3000,800,3.7,25.3,0.1,11,341.700666,500,100,3.5,22.7,0.1,0,235.9666161,1300,400,3.6,26,0.1,32,-297.446094,1500,700,2.2,27.3,0.1
363.574675,1,AUTO,ARMED,5,AVAILABLE,UNAVAILABLE,UNAVAILABLE,267,4,ACTIVE,711,D_P3-A5.NC,D_P3-A5.NC,6,0.000668021,20,0.0005,1612875.616,468952.227,184.4,2152.334,100,14.81667,1,100,0,1,100,4400.0,3000,800,3.7,25.3,0.1,9,343.2268538,500,100,3.5,22.7,0.1,0,235.9665932,1300,400,3.6,26,0.1,32,-297.4461054,1500,700,2.2,27.3,0.1
363.716979,1,AUTO,ARMED,5,AVAILABLE,UNAVAILABLE,UNAVAILABLE,267,4,ACTIVE,711,D_P3-A5.NC,D_P3-A5.NC,6,0.000668021,20,0.0005,1612875.616,468952.227,184.4,2152.334,100,14.81667,1,100,0,0,100,4400.0,3000,800,3.7,25.3,0.1,9,346.2866451,500,100,3.5,22.7,0.1,0,235.9666161,1300,400,3.6,26,0.1,32,-297.446094,1500,700,2.2,27.3,0.1
363.862611,1,AUTO,ARMED,5,AVAILABLE,UNAVAILABLE,UNAVAILABLE,267,4,ACTIVE,711,D_P3-A5.NC,D_P3-A5.NC,6,0.000668021,20,0.0005,1612875.616,468952.227,184.4,2152.334,100,14.81667,1,100,0,1,100,4400.0,3000,800,3.7,25.3,0.1,9,348.5757265,500,100,3.5,22.7,0.1,0,235.9666161,1300,400,3.6,26,0.1,32,-297.446094,1500,700,2.2,27.3,0.1
364.015746,1,AUTO,ARMED,5,AVAILABLE,UNAVAILABLE,UNAVAILABLE,267,4,ACTIVE,711,D_P3-A5.NC,D_P3-A5.NC,6,0.000668021,20,0.0005,1612875.616,468952.227,184.4,2152.334,100,14.81667,1,100,0,2,100,4400.0,3000,800,3.7,25.3,0.1,9,351.6316382,500,100,3.5,22.7,0.1,0,235.9666047,1300,400,3.6,26,0.1,32,-297.446094,1500,700,2.2,27.3,0.1
364.194302,1,AUTO,ARMED,5,AVAILABLE,UNAVAILABLE,UNAVAILABLE,267,4,ACTIVE,711,D_P3-A5.NC,D_P3-A5.NC,6,0.000668021,20,0.0005,1612875.616,468952.227,184.4,2152.334,100,14.81667,1,100,0,2,100,4400.0,3000,800,3.7,25.3,0.1,9,353.1576658,500,100,3.5,22.7,0.1,0,235.9666161,1300,400,3.6,26,0.1,32,-297.446094,1500,700,2.2,27.3,0.1
364.347108,1,AUTO,ARMED,5,AVAILABLE,UNAVAILABLE,UNAVAILABLE,267,4,ACTIVE,711,D_P3-A5.NC,D_P3-A5.NC,6,0.000668021,20,0.0005,1612875.616,468952.227,184.4,2152.334,100,14.81667,1,100,0,2,100,4400.0,3000,800,3.7,25.3,0.1,9,354.6838765,500,100,3.5,22.7,0.1,0,235.9665818,1300,400,3.6,26,0.1,32,-297.446094,1500,700,2.2,27.3,0.1
364.509677,1,AUTO,ARMED,5,AVAILABLE,UNAVAILABLE,UNAVAILABLE,267,4,ACTIVE,711,D_P3-A5.NC,D_P3-A5.NC,6,0.000668021,20,0.0005,1612875.616,468952.227,184.4,2119.4863,100,14.81667,2,100,0,0,100,4400.0,3300,800,4.0,25.3,0.1,10,357.7395653,500,100,3.5,22.7,0.1,0,235.9665703,1300,300,3.9,26,0.1,32,-297.446094,1400,700,2.1,27.3,0.1
364.666028,1,AUTO,ARMED,5,AVAILABLE,UNAVAILABLE,UNAVAILABLE,267,4,ACTIVE,711,D_P3-A5.NC,D_P3-A5.NC,6,0.000668021,20,0.0005,1612875.616,468952.227,184.4,2119.4863,100,14.81667,2,100,0,1,100,4400.0,3300,800,4.0,25.3,0.1,9,359.2660695,500,100,3.5,22.7,0.1,0,235.9666047,1300,300,3.9,26,0.1,32,-297.446094,1400,700,2.1,27.3,0.1
364.808298,1,AUTO,ARMED,5,AVAILABLE,UNAVAILABLE,UNAVAILABLE,267,4,ACTIVE,711,D_P3-A5.NC,D_P3-A5.NC,6,0.000668021,20,0.0005,1612875.616,468952.227,184.4,2119.4863,100,14.81667,2,100,0,0,100,4400.0,3300,800,4.0,25.3,0.1,9,363.8514988,500,100,3.5,22.7,0.1,0,235.9666161,1300,300,3.9,26,0.1,32,-297.4461054,1400,700,2.1,27.3,0.1
364.972327,1,AUTO,ARMED,5,AVAILABLE,UNAVAILABLE,UNAVAILABLE,267,4,ACTIVE,711,D_P3-A5.NC,D_P3-A5.NC,6,0.000668021,20,0.0005,1612875.616,468952.227,184.4,2119.4863,100,14.81667,2,100,0,0,100,4400.0,3300,800,4.0,25.3,0.1,11,365.3815392,500,100,3.5,22.7,0.1,0,235.9665818,1300,300,3.9,26,0.1,32,-297.446094,1400,700,2.1,27.3,0.1
365.153632,1,AUTO,ARMED,5,AVAILABLE,UNAVAILABLE,UNAVAILABLE,267,4,ACTIVE,711,D_P3-A5.NC,D_P3-A5.NC,6,0.000668021,20,0.0005,1612875.616,468952.227,184.4,2119.4863,100,14.81667,2,100,0,1,100,4400.0,3300,800,4.0,25.3,0.1,10,368.4336894,500,100,3.5,22.7,0.1,0,235.9665703,1300,300,3.9,26,0.1,32,-297.4461054,1400,700,2.1,27.3,0.1
365.290869,1,AUTO,ARMED,5,AVAILABLE,UNAVAILABLE,UNAVAILABLE,267,4,ACTIVE,711,D_P3-A5.NC,D_P3-A5.NC,6,0.000668021,20,0.0005,1612875.616,468952.227,184.4,2119.4863,100,14.81667,2,100,0,1,100,4400.0,3300,800,4.0,25.3,0.1,10,369.9634438,500,100,3.5,22.7,0.1,0,235.9666047,1300,300,3.9,26,0.1,32,-297.4461054,1400,700,2.1,27.3,0.1
365.44377,1,AUTO,ARMED,5,AVAILABLE,UNAVAILABLE,UNAVAILABLE,267,4,ACTIVE,711,D_P3-A5.NC,D_P3-A5.NC,6,0.000668021,20,0.0005,1612875.616,468952.227,184.4,1995.6891,100,14.81667,3,100,0,0,100,4400.0,3300,800,4.0,25.3,0.1,10,371.4895932,500,100,3.5,22.7,0.1,0,235.9665818,1300,300,3.9,26,0.1,32,-297.446094,1400,700,2.1,27.3,0.1
365.603381,1,AUTO,ARMED,5,AVAILABLE,UNAVAILABLE,UNAVAILABLE,267,4,ACTIVE,711,D_P3-A5.NC,D_P3-A5.NC,6,0.000668021,20,0.0005,1612875.616,469312.686,184.4,1995.6891,100,14.81667,3,100,0,1,100,4400.0,3300,800,4.0,25.3,0.1,11,373.7789891,500,100,3.5,22.7,0.1,0,235.9666161,1300,300,3.9,26,0.1,32,-297.4461054,1400,700,2.1,27.3,0.1
365.742093,1,AUTO,ARMED,5,AVAILABLE,UNAVAILABLE,UNAVAILABLE,267,4,ACTIVE,711,D_P3-A5.NC,D_P3-A5.NC,6,0.000668021,20,0.0005,1612875.616,469312.686,184.4,1995.6891,100,14.81667,3,100,0,1,100,4400.0,2400,700,3.6,25.3,0.1,11,375.3122339,200,100,4.5,22.7,0.1,0,235.9665703,1100,300,3.6,26,0.1,32,-297.446094,1300,700,1.9,27.3,0.2
365.897018,1,AUTO,ARMED,5,AVAILABLE,UNAVAILABLE,UNAVAILABLE,267,4,ACTIVE,711,D_P3-A5.NC,D_P3-A5.NC,6,0.000668021,20,0.0005,1612875.616,469312.686,184.4,1995.6891,100,14.81667,3,100,0,1,100,4400.0,2400,700,3.6,25.3,0.1,9,378.3607449,200,100,4.5,22.7,0.1,0,235.9665818,1100,300,3.6,26,0.1,32,-297.446094,1300,700,1.9,27.3,0.2
366.052778,1,AUTO,ARMED,5,AVAILABLE,UNAVAILABLE,UNAVAILABLE,267,4,ACTIVE,711,D_P3-A5.NC,D_P3-A5.NC,6,0.000668021,20,0.0005,1612875.616,469312.686,184.4,1995.6891,100,14.81667,3,100,0,1,100,4400.0,2400,700,3.6,25.3,0.1,9,379.8944817,200,100,4.5,22.7,0.1,0,235.9666047,1100,300,3.6,26,0.1,32,-297.446094,1300,700,1.9,27.3,0.2
366.209281,1,AUTO,ARMED,5,AVAILABLE,UNAVAILABLE,UNAVAILABLE,267,4,ACTIVE,711,D_P3-A5.NC,D_P3-A5.NC,6,0.000668021,20,0.0005,1612875.616,469312.686,184.4,1995.6891,100,14.81667,3,100,0,1,100,4400.0,2400,700,3.6,25.3,0.1,11,384.4727338,200,100,4.5,22.7,0.1,0,235.9666276,1100,300,3.6,26,0.1,32,-297.446094,1300,700,1.9,27.3,0.2
366.38969,1,AUTO,ARMED,5,AVAILABLE,UNAVAILABLE,UNAVAILABLE,267,4,ACTIVE,711,D_P3-A5.NC,D_P3-A5.NC,6,0.000668021,20,0.0005,1612875.616,469312.686,184.4,1966.7908,100,14.81667,4,100,0,1,100,4400.0,2400,700,3.6,25.3,0.1,11,386.0026206,200,100,4.5,22.7,0.1,0,235.9665818,1100,300,3.6,26,0.1,32,-297.446094,1300,700,1.9,27.3,0.2
366.538913,1,AUTO,ARMED,5,AVAILABLE,UNAVAILABLE,UNAVAILABLE,267,4,ACTIVE,711,D_P3-A5.NC,D_P3-A5.NC,6,0.000668021,20,0.0005,1612875.616,469312.686,184.4,1966.7908,100,14.81667,4,100,0,1,100,4400.0,2400,700,3.6,25.3,0.1,10,387.5285475,200,100,4.5,22.7,0.1,0,235.9666276,1100,300,3.6,26,0.1,32,-297.4461054,1300,700,1.9,27.3,0.2
366.704218,1,AUTO,ARMED,5,AVAILABLE,UNAVAILABLE,UNAVAILABLE,267,4,ACTIVE,711,D_P3-A5.NC,D_P3-A5.NC,6,0.000668021,20,0.0005,1612875.616,469312.686,184.4,1966.7908,100,14.81667,4,100,0,1,100,4400.0,2400,700,3.6,25.3,0.1,10,389.0548064,200,100,4.5,22.7,0.1,0,235.9666047,1100,300,3.6,26,0.1,32,-297.446094,1300,700,1.9,27.3,0.2
366.870247,1,AUTO,ARMED,5,AVAILABLE,UNAVAILABLE,UNAVAILABLE,267,4,ACTIVE,711,D_P3-A5.NC,D_P3-A5.NC,6,0.000668021,20,0.0005,1612875.616,469312.686,184.4,1966.7908,100,14.81667,4,100,0,0,100,4400.0,2400,700,3.6,25.3,0.1,9,393.6368217,200,100,4.5,22.7,0.1,0,235.9666047,1100,300,3.6,26,0.1,32,-297.446094,1300,700,1.9,27.3,0.2
367.028673,1,AUTO,ARMED,5,AVAILABLE,UNAVAILABLE,UNAVAILABLE,267,4,ACTIVE,711,D_P3-A5.NC,D_P3-A5.NC,6,0.000668021,20,0.0005,1612875.616,469312.686,184.4,1966.7908,100,14.81667,4,100,0,0,100,4400.0,2400,700,3.6,25.3,0.1,9,395.1704052,200,100,4.5,22.7,0.1,0,235.9666047,1100,300,3.6,26,0.1,32,-297.4461054,1300,700,1.9,27.3,0.2
367.316716,1,AUTO,ARMED,5,AVAILABLE,UNAVAILABLE,UNAVAILABLE,267,4,ACTIVE,711,D_P3-A5.NC,D_P3-A5.NC,6,0.000668021,20,0.0005,1612875.616,469312.686,184.4,1966.7908,100,14.81667,4,100,0,3,100,4400.0,2500,700,3.8,25.3,0.2,8,399.7347267,300,100,3.7,22.7,0.0,0,235.9665932,1200,400,3.2,26,0.1,32,-297.446094,1300,700,2.0,27.3,0.1
367.467341,1,AUTO,ARMED,5,AVAILABLE,UNAVAILABLE,UNAVAILABLE,268,4,ACTIVE,711,D_P3-A5.NC,D_P3-A5.NC,6,0.000668021,20,0.0005,1612875.616,469312.686,184.4,1966.7908,100,0.0,5,100,0,0,100,4400.0,2500,700,3.8,25.3,0.2,6,399.8405692,300,100,3.7,22.7,0.0,0,235.9666047,1200,400,3.2,26,0.1,32,-297.4461054,1300,700,2.0,27.3,0.1
367.677576,1,AUTO,ARMED,5,AVAILABLE,UNAVAILABLE,UNAVAILABLE,268,4,ACTIVE,711,D_P3-A5.NC,D_P3-A5.NC,6,0.000668021,20,0.0005,1612875.616,469312.686,184.4,2002.8583,100,0.0,5,100,0,0,100,4400.0,2500,700,3.8,25.3,0.2,6,399.8409011,300,100,3.7,22.7,0.0,0,235.9666047,1200,400,3.2,26,0.1,32,-297.4461054,1300,700,2.0,27.3,0.1
367.848685,1,AUTO,ARMED,5,AVAILABLE,UNAVAILABLE,UNAVAILABLE,268,4,ACTIVE,711,D_P3-A5.NC,D_P3-A5.NC,6,0.000668021,20,0.0005,1612875.616,469312.686,184.4,2002.8583,100,0.0,5,100,0,0,100,4400.0,2500,700,3.8,25.3,0.2,6,399.8409126,300,100,3.7,22.7,0.0,0,235.9665932,1200,400,3.2,26,0.1,32,-297.446094,1300,700,2.0,27.3,0.1
367.996019,1,AUTO,ARMED,5,AVAILABLE,UNAVAILABLE,UNAVAILABLE,268,4,ACTIVE,711,D_P3-A5.NC,D_P3-A5.NC,6,0.000668021,20,0.0005,1612875.616,469312.686,184.4,2002.8583,100,0.0,5,100,0,0,100,4400.0,2500,700,3.8,25.3,0.2,6,399.8409011,300,100,3.7,22.7,0.0,0,235.9665932,1200,400,3.2,26,0.1,32,-297.4461054,1300,700,2.0,27.3,0.1
368.142941,1,AUTO,ARMED,5,AVAILABLE,UNAVAILABLE,UNAVAILABLE,268,4,ACTIVE,711,D_P3-A5.NC,D_P3-A5.NC,6,0.000668021,20,0.0005,1612875.616,469312.686,184.4,2002.8583,100,0.0,5,100,0,0,100,4400.0,2500,700,3.8,25.3,0.2,6,399.8409011,300,100,3.7,22.7,0.0,0,235.9665932,1200,400,3.2,26,0.1,32,-297.446094,1300,700,2.0,27.3,0.1
368.287993,1,AUTO,ARMED,5,AVAILABLE,UNAVAILABLE,UNAVAILABLE,268,4,ACTIVE,711,D_P3-A5.NC,D_P3-A5.NC,6,0.000668021,20,0.0005,1612875.616,469312.686,184.4,2002.8583,100,0.0,5,100,0,0,100,4400.0,2500,700,3.8,25.3,0.2,6,399.8408897,300,100,3.7,22.7,0.0,0,235.9665932,1200,400,3.2,26,0.1,32,-297.446094,1300,700,2.0,27.3,0.1
368.432746,1,AUTO,ARMED,5,AVAILABLE,UNAVAILABLE,UNAVAILABLE,268,4,ACTIVE,711,D_P3-A5.NC,D_P3-A5.NC,6,0.000668021,20,0.0005,1612875.616,469312.686,184.4,2002.8583,100,0.0,6,100,0,1,100,4400.0,2500,700,3.8,25.3,0.2,6,399.8394689,300,100,3.7,22.7,0.0,0,236.0119686,1200,400,3.2,26,0.1,32,-297.446094,1300,700,2.0,27.3,0.1
368.575085,1,AUTO,ARMED,5,AVAILABLE,UNAVAILABLE,UNAVAILABLE,270,4,ACTIVE,711,D_P3-A5.NC,D_P3-A5.NC,6,0.000668021,20,0.0005,1612875.616,469312.686,184.4,2002.8583,100,0.0,6,100,0,1,100,4400.0,2500,700,3.8,25.3,0.2,6,398.6428722,300,100,3.7,22.7,0.0,0,236.0938045,1200,400,3.2,26,0.1,32,-297.446094,1300,700,2.0,27.3,0.1
368.72663,1,AUTO,ARMED,5,AVAILABLE,UNAVAILABLE,UNAVAILABLE,270,4,ACTIVE,711,D_P3-A5.NC,D_P3-A5.NC,6,0.000668021,20,0.0005,1612875.616,469312.686,184.4,2128.3669,100,14.81667,6,100,0,1,100,4400.0,2500,700,3.8,25.3,0.2,9,395.5837356,300,100,3.7,22.7,0.0,3,236.0936443,1200,400,3.2,26,0.1,32,-297.446094,1300,700,2.0,27.3,0.1
368.895667,1,AUTO,ARMED,5,AVAILABLE,UNAVAILABLE,UNAVAILABLE,270,4,ACTIVE,711,D_P3-A5.NC,D_P3-A5.NC,6,0.000668021,20,0.0005,1612875.616,469312.686,184.4,2128.3669,100,14.81667,6,100,0,0,100,4400.0,2600,800,3.2,25.3,0.1,9,394.0576065,500,100,3.4,22.7,0.1,2,236.0936214,1200,400,3.4,26,0.1,32,-297.446094,1400,700,2.1,27.3,0.1
369.090652,1,AUTO,ARMED,5,AVAILABLE,UNAVAILABLE,UNAVAILABLE,270,4,ACTIVE,711,D_P3-A5.NC,D_P3-A5.NC,6,0.000668021,20,0.0005,1612875.616,469312.686,184.4,2128.3669,100,14.81667,6,100,0,1,100,4400.0,2600,800,3.2,25.3,0.1,8,389.4755224,500,100,3.4,22.7,0.1,2,236.0935985,1200,400,3.4,26,0.1,32,-297.446094,1400,700,2.1,27.3,0.1
369.237827,1,AUTO,ARMED,5,AVAILABLE,UNAVAILABLE,UNAVAILABLE,270,4,ACTIVE,711,D_P3-A5.NC,D_P3-A5.NC,6,0.000668021,20,0.0005,1612875.616,469312.686,184.4,2128.3669,100,14.81667,6,100,0,0,100,4400.0,2600,800,3.2,25.3,0.1,9,387.9492102,500,100,3.4,22.7,0.1,2,236.0935413,1200,400,3.4,26,0.1,32,-297.446094,1400,700,2.1,27.3,0.1
369.394696,1,AUTO,ARMED,5,AVAILABLE,UNAVAILABLE,UNAVAILABLE,270,4,ACTIVE,711,D_P3-A5.NC,D_P3-A5.NC,6,0.000668021,20,0.0005,1612875.616,469312.686,184.4,2128.3669,100,14.81667,7,100,0,1,100,4400.0,2600,800,3.2,25.3,0.1,7,385.6527833,500,100,3.4,22.7,0.1,3,236.0935871,1200,400,3.4,26,0.1,32,-297.4461054,1400,700,2.1,27.3,0.1
369.549762,1,AUTO,ARMED,5,AVAILABLE,UNAVAILABLE,UNAVAILABLE,270,4,ACTIVE,711,D_P3-A5.NC,D_P3-A5.NC,6,0.000668021,20,0.0005,1612875.616,469312.686,184.4,2128.3669,100,14.81667,7,100,0,1,100,4400.0,2600,800,3.2,25.3,0.1,7,384.1232093,500,100,3.4,22.7,0.1,3,236.0935528,1200,400,3.4,26,0.1,32,-297.446094,1400,700,2.1,27.3,0.1
369.704692,1,AUTO,ARMED,5,AVAILABLE,UNAVAILABLE,UNAVAILABLE,270,4,ACTIVE,711,D_P3-A5.NC,D_P3-A5.NC,6,0.000668021,20,0.0005,1612875.616,469312.686,184.4,2128.3669,100,14.81667,7,100,0,1,100,4400.0,2600,800,3.2,25.3,0.1,7,382.6008112,500,100,3.4,22.7,0.1,3,236.0935985,1200,400,3.4,26,0.1,32,-297.4461054,1400,700,2.1,27.3,0.1
369.862658,1,AUTO,ARMED,5,AVAILABLE,UNAVAILABLE,UNAVAILABLE,270,4,ACTIVE,711,D_P3-A5.NC,D_P3-A5.NC,6,0.000668021,20,0.0005,1612875.616,469312.686,184.4,2129.3557,100,14.81667,7,100,0,0,100,4400.0,2600,800,3.2,25.3,0.1,9,378.0187691,500,100,3.4,22.7,0.1,2,236.0935985,1200,400,3.4,26,0.1,32,-297.4461054,1400,700,2.1,27.3,0.1
370.0343,1,AUTO,ARMED,5,AVAILABLE,UNAVAILABLE,UNAVAILABLE,270,4,ACTIVE,711,D_P3-A5.NC,D_P3-A5.NC,6,0.000668021,20,0.0005,1612875.616,469312.686,184.4,2129.3557,100,14.81667,7,100,0,0,100,4400.0,2600,800,3.2,25.3,0.1,9,376.488903,500,100,3.4,22.7,0.1,2,236.0935985,1200,400,3.4,26,0.1,32,-297.446094,1400,700,2.1,27.3,0.1
370.2052,1,AUTO,ARMED,5,AVAILABLE,UNAVAILABLE,UNAVAILABLE,270,4,ACTIVE,711,D_P3-A5.NC,D_P3-A5.NC,6,0.000668021,20,0.0005,1612875.616,469312.686,184.4,2129.3557,100,14.81667,7,100,0,1,100,4400.0,2600,800,3.2,25.3,0.1,7,373.436392,500,100,3.4,22.7,0.1,3,236.0935985,1200,400,3.4,26,0.1,32,-297.446094,1400,700,2.1,27.3,0.1
370.36963,1,AUTO,ARMED,5,AVAILABLE,UNAVAILABLE,UNAVAILABLE,270,4,ACTIVE,711,D_P3-A5.NC,D_P3-A5.NC,6,0.000668021,20,0.0005,1612875.616,469312.686,184.4,2129.3557,100,14.81667,7,100,0,0,100,4400.0,2600,800,3.2,25.3,0.1,7,371.9107373,500,100,3.4,22.7,0.1,3,236.0936214,1200,400,3.4,26,0.1,32,-297.4461054,1400,700,2.1,27.3,0.1
370.507716,1,AUTO,ARMED,5,AVAILABLE,UNAVAILABLE,UNAVAILABLE,270,4,ACTIVE,711,D_P3-A5.NC,D_P3-A5.NC,6,0.000668021,20,0.0005,1612875.616,469312.686,184.4,2129.3557,100,14.81667,8,100,0,0,100,4400.0,2800,800,3.5,25.3,0.1,7,370.3805851,400,100,3.6,22.7,0.1,3,236.0935757,1300,400,3.6,26,0.1,32,-297.446094,1400,700,2.1,27.3,0.1
370.650752,1,AUTO,ARMED,5,AVAILABLE,UNAVAILABLE,UNAVAILABLE,270,4,ACTIVE,711,D_P3-A5.NC,D_P3-A5.NC,6,0.000668021,20,0.0005,1612875.616,469312.686,184.4,2129.3557,100,14.81667,8,100,0,1,100,4400.0,2800,800,3.5,25.3,0.1,7,365.7949921,400,100,3.6,22.7,0.1,3,236.0935985,1300,400,3.6,26,0.1,32,-297.446094,1400,700,2.1,27.3,0.1
370.814689,1,AUTO,ARMED,5,AVAILABLE,UNAVAILABLE,UNAVAILABLE,270,4,ACTIVE,711,D_P3-A5.NC,D_P3-A5.NC,6,0.000668021,20,0.0005,1612875.616,469312.686,184.4,2129.3557,100,14.81667,8,100,0,1,100,4400.0,2800,800,3.5,25.3,0.1,7,364.2686737,400,100,3.6,22.7,0.1,3,236.0935985,1300,400,3.6,26,0.1,32,-297.4461169,1400,700,2.1,27.3,0.1
370.960715,1,AUTO,ARMED,5,AVAILABLE,UNAVAILABLE,UNAVAILABLE,270,4,ACTIVE,711,D_P3-A5.NC,D_P3-A5.NC,6,0.000668021,20,0.0005,1612875.616,469312.686,184.4,2129.3557,100,14.81667,8,100,0,1,100,4400.0,2800,800,3.5,25.3,0.1,8,362.7463264,400,100,3.6,22.7,0.1,3,236.09361,1300,400,3.6,26,0.1,32,-297.446094,1400,700,2.1,27.3,0.1
371.100839,1,AUTO,ARMED,5,AVAILABLE,UNAVAILABLE,UNAVAILABLE,270,4,ACTIVE,711,D_P3-A5.NC,D_P3-A5.NC,6,0.000668021,20,0.0005,1612875.616,469312.686,184.4,2095.5129,100,14.81667,8,100,0,0,100,4400.0,2800,800,3.5,25.3,0.1,5,359.6867658,400,100,3.6,22.7,0.1,3,236.0935757,1300,400,3.6,26,0.1,32,-297.446094,1400,700,2.1,27.3,0.1
371.241747,1,AUTO,ARMED,5,AVAILABLE,UNAVAILABLE,UNAVAILABLE,270,4,ACTIVE,711,D_P3-A5.NC,D_P3-A5.NC,6,0.000668021,20,0.0005,1612875.616,469312.686,184.4,2095.5129,100,14.81667,8,100,0,0,100,4400.0,2800,800,3.5,25.3,0.1,5,358.1606533,400,100,3.6,22.7,0.1,3,236.09361,1300,400,3.6,26,0.1,32,-297.4461054,1400,700,2.1,27.3,0.1
371.387957,1,AUTO,ARMED,5,AVAILABLE,UNAVAILABLE,UNAVAILABLE,270,4,ACTIVE,711,D_P3-A5.NC,D_P3-A5.NC,6,0.000668021,20,0.0005,1612875.616,469312.686,184.4,2095.5129,100,14.81667,8,100,0,1,100,4400.0,2800,800,3.5,25.3,0.1,7,355.86388,400,100,3.6,22.7,0.1,3,236.0935985,1300,400,3.6,26,0.1,32,-297.4460825,1400,700,2.1,27.3,0.1
371.526738,1,AUTO,ARMED,5,AVAILABLE,UNAVAILABLE,UNAVAILABLE,270,4,ACTIVE,711,D_P3-A5.NC,D_P3-A5.NC,6,0.000668021,20,0.0005,1612875.616,469312.686,184.4,2095.5129,100,14.81667,9,100,0,1,100,4400.0,2800,800,3.5,25.3,0.1,7,354.3415341,400,100,3.6,22.7,0.1,3,236.0936214,1300,400,3.6,26,0.1,32,-297.4461054,1400,700,2.1,27.3,0.1
371.678436,1,AUTO,ARMED,5,AVAILABLE,UNAVAILABLE,UNAVAILABLE,270,4,ACTIVE,711,D_P3-A5.NC,D_P3-A5.NC,6,0.000668021,20,0.0005,1612875.616,469312.686,184.4,2095.5129,100,14.81667,9,100,0,0,100,4400.0,2800,800,3.5,25.3,0.1,7,351.2821503,400,100,3.6,22.7,0.1,3,236.09361,1300,400,3.6,26,0.1,32,-297.446094,1400,700,2.1,27.3,0.1
371.817993,1,AUTO,ARMED,5,AVAILABLE,UNAVAILABLE,UNAVAILABLE,270,4,ACTIVE,711,D_P3-A5.NC,D_P3-A5.NC,6,0.000668021,20,0.0005,1612875.616,469312.686,184.4,2095.5129,100,14.81667,9,100,0,0,100,4400.0,2800,800,3.5,25.3,0.1,8,349.7556798,400,100,3.6,22.7,0.1,2,236.0935871,1300,400,3.6,26,0.1,32,-297.446094,1400,700,2.1,27.3,0.1
371.956458,1,AUTO,ARMED,5,AVAILABLE,UNAVAILABLE,UNAVAILABLE,270,4,ACTIVE,711,D_P3-A5.NC,D_P3-A5.NC,6,0.000668021,20,0.0005,1612875.616,469312.686,184.4,2095.5129,100,14.81667,9,100,0,0,100,4400.0,2800,800,3.5,25.3,0.1,8,348.2297814,400,100,3.6,22.7,0.1,2,236.09361,1300,400,3.6,26,0.1,32,-297.4461054,1400,700,2.1,27.3,0.1
372.100628,1,AUTO,ARMED,5,AVAILABLE,UNAVAILABLE,UNAVAILABLE,270,4,ACTIVE,711,D_P3-A5.NC,D_P3-A5.NC,6,0.000668021,20,0.0005,1612875.616,469312.686,184.4,1999.7748,100,14.81667,9,100,0,1,100,4400.0,3000,800,3.9,25.3,0.1,8,346.7000495,300,100,3.6,22.7,0.0,3,236.0935985,1200,400,3.4,26,0.1,32,-297.4461169,1400,700,2.1,27.3,0.1
372.242698,1,AUTO,ARMED,5,AVAILABLE,UNAVAILABLE,UNAVAILABLE,270,4,ACTIVE,711,D_P3-A5.NC,D_P3-A5.NC,6,0.000668021,20,0.0005,1612875.616,469312.686,184.4,1999.7748,100,14.81667,9,100,0,1,100,4400.0,3000,800,3.9,25.3,0.1,9,342.1143553,300,100,3.6,22.7,0.0,2,236.0935642,1200,400,3.4,26,0.1,32,-297.4461054,1400,700,2.1,27.3,0.1
372.390136,1,AUTO,ARMED,5,AVAILABLE,UNAVAILABLE,UNAVAILABLE,270,4,ACTIVE,711,D_P3-A5.NC,D_P3-A5.NC,6,0.000668021,20,0.0005,1612875.616,469312.686,184.4,1999.7748,100,14.81667,10,100,0,1,100,4400.0,3000,800,3.9,25.3,0.1,7,340.5882167,300,100,3.6,22.7,0.0,3,236.09361,1200,400,3.4,26,0.1,32,-297.4461054,1400,700,2.1,27.3,0.1
372.538927,1,AUTO,ARMED,5,AVAILABLE,UNAVAILABLE,UNAVAILABLE,270,4,ACTIVE,711,D_P3-A5.NC,D_P3-A5.NC,6,0.000668021,20,0.0005,1612875.616,469312.686,184.4,1999.7748,100,14.81667,10,100,0,1,100,4400.0,3000,800,3.9,25.3,0.1,7,339.0618835,300,100,3.6,22.7,0.0,3,236.0935757,1200,400,3.4,26,0.1,32,-297.446094,1400,700,2.1,27.3,0.1
372.685448,1,AUTO,ARMED,5,AVAILABLE,UNAVAILABLE,UNAVAILABLE,270,4,ACTIVE,711,D_P3-A5.NC,D_P3-A5.NC,6,0.000668021,20,0.0005,1612875.616,469312.686,184.4,1999.7748,100,14.81667,10,100,0,1,100,4400.0,3000,800,3.9,25.3,0.1,9,337.5357105,300,100,3.6,22.7,0.0,2,236.09361,1200,400,3.4,26,0.1,32,-297.446094,1400,700,2.1,27.3,0.1
372.834693,1,AUTO,ARMED,5,AVAILABLE,UNAVAILABLE,UNAVAILABLE,270,4,ACTIVE,711,D_P3-A5.NC,D_P3-A5.NC,6,0.000668021,20,0.0005,1612875.616,469312.686,184.4,1999.7748,100,14.81667,10,100,0,0,100,4400.0,3000,800,3.9,25.3,0.1,7,334.4763037,300,100,3.6,22.7,0.0,3,236.09361,1200,400,3.4,26,0.1,32,-297.446094,1400,700,2.1,27.3,0.1
372.973623,1,AUTO,ARMED,5,AVAILABLE,UNAVAILABLE,UNAVAILABLE,270,4,ACTIVE,711,D_P3-A5.NC,D_P3-A5.NC,6,0.000668021,20,0.0005,1612875.616,469312.686,184.4,1999.7748,100,14.81667,10,100,0,0,100,4400.0,3000,800,3.9,25.3,0.1,7,331.4203072,300,100,3.6,22.7,0.0,3,236.0936214,1200,400,3.4,26,0.1,32,-297.446094,1400,700,2.1,27.3,0.1
373.12015,1,AUTO,ARMED,5,AVAILABLE,UNAVAILABLE,UNAVAILABLE,270,4,ACTIVE,711,D_P3-A5.NC,D_P3-A5.NC,6,0.000668021,20,0.0005,1612875.616,469312.686,184.4,2001.0498,100,14.81667,10,100,0,1,100,4400.0,3000,800,3.9,25.3,0.1,7,330.6570834,300,100,3.6,22.7,0.0,3,236.0936214,1200,400,3.4,26,0.1,32,-297.446094,1400,700,2.1,27.3,0.1
373.269372,1,AUTO,ARMED,5,AVAILABLE,UNAVAILABLE,UNAVAILABLE,270,4,ACTIVE,711,D_P3-A5.NC,D_P3-A5.NC,6,0.000668021,20,0.0005,1612875.616,469312.686,184.4,2001.0498,100,14.81667,10,100,0,1,100,4400.0,3000,800,3.9,25.3,0.1,7,329.1311447,300,100,3.6,22.7,0.0,3,236.09361,1200,400,3.4,26,0.1,32,-297.446094,1400,700,2.1,27.3,0.1
373.411635,1,AUTO,ARMED,5,AVAILABLE,UNAVAILABLE,UNAVAILABLE,270,4,ACTIVE,711,D_P3-A5.NC,D_P3-A5.NC,6,0.000668021,20,0.0005,1612875.616,469312.686,184.4,2001.0498,100,14.81667,11,100,0,0,100,4400.0,2400,700,3.6,25.3,0.1,9,327.6050279,200,0,3.6,22.7,0.0,2,236.09361,1200,400,3.3,26,0.1,32,-297.446094,1300,700,2.0,27.3,0.1
373.553508,1,AUTO,ARMED,5,AVAILABLE,UNAVAILABLE,UNAVAILABLE,270,4,ACTIVE,711,D_P3-A5.NC,D_P3-A5.NC,6,0.000668021,20,0.0005,1612875.616,469312.686,184.4,2001.0498,100,14.81667,11,100,0,0,100,4400.0,2400,700,3.6,25.3,0.1,8,324.5451837,200,0,3.6,22.7,0.0,2,236.0935985,1200,400,3.3,26,0.1,32,-297.446094,1300,700,2.0,27.3,0.1
373.69269,1,AUTO,ARMED,5,AVAILABLE,UNAVAILABLE,UNAVAILABLE,270,4,ACTIVE,711,D_P3-A5.NC,D_P3-A5.NC,6,0.000668021,20,0.0005,1612875.616,469312.686,184.4,2001.0498,100,14.81667,11,100,0,0,100,4400.0,2400,700,3.6,25.3,0.1,8,321.4895395,200,0,3.6,22.7,0.0,2,236.0935985,1200,400,3.3,26,0.1,32,-297.446094,1300,700,2.0,27.3,0.1
373.84082,1,AUTO,ARMED,5,AVAILABLE,UNAVAILABLE,UNAVAILABLE,270,4,ACTIVE,711,D_P3-A5.NC,D_P3-A5.NC,6,0.000668021,20,0.0005,1612875.616,469312.686,184.4,2001.0498,100,14.81667,11,100,0,0,100,4400.0,2400,700,3.6,25.3,0.1,8,319.9632511,200,0,3.6,22.7,0.0,2,236.09361,1200,400,3.3,26,0.1,32,-297.446094,1300,700,2.0,27.3,0.1
373.997709,1,AUTO,ARMED,5,AVAILABLE,UNAVAILABLE,UNAVAILABLE,270,4,ACTIVE,711,D_P3-A5.NC,D_P3-A5.NC,6,0.000668021,20,0.0005,1612875.616,469312.686,184.4,2001.0498,100,9.9,11,100,0,2,100,4400.0,2400,700,3.6,25.3,0.1,9,318.5994418,200,0,3.6,22.7,0.0,2,236.09361,1200,400,3.3,26,0.1,32,-297.4461054,1300,700,2.0,27.3,0.1
374.154762,1,AUTO,ARMED,5,AVAILABLE,UNAVAILABLE,UNAVAILABLE,271,4,ACTIVE,711,D_P3-A5.NC,D_P3-A5.NC,6,0.000668021,20,0.0005,1612875.616,469312.686,184.4,2001.0498,100,0.0,11,100,0,0,100,4400.0,2400,700,3.6,25.3,0.1,7,318.5608277,200,0,3.6,22.7,0.0,2,236.0935985,1200,400,3.3,26,0.1,32,-297.446094,1300,700,2.0,27.3,0.1
374.301802,1,AUTO,ARMED,5,AVAILABLE,UNAVAILABLE,UNAVAILABLE,271,4,ACTIVE,711,D_P3-A5.NC,D_P3-A5.NC,6,0.000668021,20,0.0005,1612875.616,469312.686,184.4,1983.4583,100,0.0,11,100,0,0,100,4400.0,2400,700,3.6,25.3,0.1,6,318.5608735,200,0,3.6,22.7,0.0,2,236.0935985,1200,400,3.3,26,0.1,32,-297.4461054,1300,700,2.0,27.3,0.1
374.460102,1,AUTO,ARMED,5,AVAILABLE,UNAVAILABLE,UNAVAILABLE,271,4,ACTIVE,711,D_P3-A5.NC,D_P3-A5.NC,6,0.000668021,20,0.0005,1612875.616,469312.686,184.4,1983.4583,100,0.0,12,100,0,0,100,4400.0,2400,700,3.6,25.3,0.1,6,318.5608849,200,0,3.6,22.7,0.0,2,236.0935985,1200,400,3.3,26,0.1,32,-297.446094,1300,700,2.0,27.3,0.1
374.614956,1,AUTO,ARMED,5,AVAILABLE,UNAVAILABLE,UNAVAILABLE,271,4,ACTIVE,711,D_P3-A5.NC,D_P3-A5.NC,6,0.000668021,20,0.0005,1612875.616,469312.686,184.4,1983.4583,100,0.0,12,100,0,0,100,4400.0,2400,700,3.6,25.3,0.1,6,318.5608964,200,0,3.6,22.7,0.0,2,236.0935985,1200,400,3.3,26,0.1,32,-297.446094,1300,700,2.0,27.3,0.1
374.80122,1,AUTO,ARMED,5,AVAILABLE,UNAVAILABLE,UNAVAILABLE,271,4,ACTIVE,711,D_P3-A5.NC,D_P3-A5.NC,6,0.000668021,20,0.0005,1612875.616,469312.686,184.4,1983.4583,100,0.0,12,100,0,0,100,4400.0,2400,700,3.6,25.3,0.1,6,318.5608964,200,0,3.6,22.7,0.0,2,236.0935985,1200,400,3.3,26,0.1,32,-297.446094,1300,700,2.0,27.3,0.1
374.954739,1,AUTO,ARMED,5,AVAILABLE,UNAVAILABLE,UNAVAILABLE,271,4,ACTIVE,711,D_P3-A5.NC,D_P3-A5.NC,6,0.000668021,20,0.0005,1612875.616,469312.686,184.4,1983.4583,100,0.0,12,100,0,0,100,4400.0,2400,700,3.6,25.3,0.1,6,318.5608964,200,0,3.6,22.7,0.0,2,236.0935985,1200,400,3.3,26,0.1,32,-297.4461054,1300,700,2.0,27.3,0.1
375.101747,1,AUTO,ARMED,5,AVAILABLE,UNAVAILABLE,UNAVAILABLE,275,4,ACTIVE,711,D_P3-A5.NC,D_P3-A5.NC,6,0.000668021,20,0.0005,1612875.616,469312.686,184.4,1983.4583,100,0.0,12,100,0,1,100,4400.0,2400,700,3.6,25.3,0.1,6,318.5608964,300,100,3.5,22.7,0.0,2,236.2015725,1300,400,3.5,26,0.1,32,-297.4461054,1300,700,1.9,27.3,0.2
375.246904,1,AUTO,ARMED,5,AVAILABLE,UNAVAILABLE,UNAVAILABLE,275,4,ACTIVE,711,D_P3-A5.NC,D_P3-A5.NC,6,0.000668021,20,0.0005,1612875.616,469312.686,184.4,1983.4583,100,0.0,12,100,0,0,100,4400.0,2400,700,3.6,25.3,0.1,6,318.5608964,300,100,3.5,22.7,0.0,1,236.2205581,1300,400,3.5,26,0.1,32,-297.4461054,1300,700,1.9,27.3,0.2
375.393027,1,AUTO,ARMED,5,AVAILABLE,UNAVAILABLE,UNAVAILABLE,275,4,ACTIVE,711,D_P3-A5.NC,D_P3-A5.NC,6,0.000668021,20,0.0005,1612875.616,469312.686,184.4,1982.2223,100,0.0,13,100,0,0,100,4400.0,2400,700,3.6,25.3,0.1,6,318.5608964,300,100,3.5,22.7,0.0,0,236.220581,1300,400,3.5,26,0.1,32,-297.446094,1300,700,1.9,27.3,0.2
375.535407,1,AUTO,ARMED,5,AVAILABLE,UNAVAILABLE,UNAVAILABLE,275,4,ACTIVE,711,D_P3-A5.NC,D_P3-A5.NC,6,0.000668021,20,0.0005,1612875.616,469312.686,184.4,1982.2223,100,0.0,13,100,0,0,100,4400.0,2400,700,3.6,25.3,0.1,6,318.5608964,300,100,3.5,22.7,0.0,0,236.2205924,1300,400,3.5,26,0.1,32,-297.4461054,1300,700,1.9,27.3,0.2
375.680577,1,AUTO,ARMED,5,AVAILABLE,UNAVAILABLE,UNAVAILABLE,275,4,ACTIVE,711,D_P3-A5.NC,D_P3-A5.NC,6,0.000668021,20,0.0005,1612875.616,469312.686,184.4,1982.2223,100,0.0,13,100,0,1,100,4400.0,2400,700,3.6,25.3,0.1,6,318.5608964,300,100,3.5,22.7,0.0,0,236.2205924,1300,400,3.5,26,0.1,32,-297.446094,1300,700,1.9,27.3,0.2
375.821826,1,AUTO,ARMED,5,AVAILABLE,UNAVAILABLE,UNAVAILABLE,275,4,ACTIVE,711,D_P3-A5.NC,D_P3-A5.NC,6,0.000668021,20,0.0005,1612875.616,469312.686,184.4,1982.2223,100,0.0,13,100,0,1,100,4400.0,2400,700,3.6,25.3,0.1,6,318.5608964,300,100,3.5,22.7,0.0,0,236.2205924,1300,400,3.5,26,0.1,32,-297.446094,1300,700,1.9,27.3,0.2
375.966671,1,AUTO,ARMED,5,AVAILABLE,UNAVAILABLE,UNAVAILABLE,275,4,ACTIVE,711,D_P3-A5.NC,D_P3-A5.NC,6,0.000668021,20,0.0005,1612875.616,469312.686,184.4,1982.2223,100,0.0,13,100,0,1,100,4400.0,2400,700,3.6,25.3,0.1,6,318.5608964,300,100,3.5,22.7,0.0,0,236.2206039,1300,400,3.5,26,0.1,32,-297.4461054,1300,700,1.9,27.3,0.2
376.135213,1,AUTO,ARMED,5,AVAILABLE,UNAVAILABLE,UNAVAILABLE,276,4,ACTIVE,711,D_P3-A5.NC,D_P3-A5.NC,6,0.000668021,20,0.0005,1612875.616,469312.686,184.4,1982.2223,100,0.0,13,100,0,0,100,4400.0,2400,700,3.6,25.3,0.1,5,318.5592557,300,100,3.5,22.7,0.0,0,236.2205924,1300,400,3.5,26,0.1,32,-297.446094,1300,700,1.9,27.3,0.2
376.272868,1,AUTO,ARMED,5,AVAILABLE,UNAVAILABLE,UNAVAILABLE,276,4,ACTIVE,711,D_P3-A5.NC,D_P3-A5.NC,6,0.000668021,20,0.0005,1612875.616,469312.686,184.4,1982.2223,100,16.93333,13,100,0,0,100,4400.0,2400,700,3.6,25.3,0.1,8,323.4668556,300,100,3.5,22.7,0.0,0,236.2205924,1300,400,3.5,26,0.1,32,-297.4461054,1300,700,1.9,27.3,0.2
376.430418,1,AUTO,ARMED,5,AVAILABLE,UNAVAILABLE,UNAVAILABLE,276,4,ACTIVE,711,D_P3-A5.NC,D_P3-A5.NC,6,0.000668021,20,0.0005,1612875.616,469312.686,184.4,2133.0703,100,16.93333,14,100,0,0,100,4400.0,2400,700,3.6,25.3,0.1,8,325.2195396,300,100,3.5,22.7,0.0,0,236.2205924,1300,400,3.5,26,0.1,32,-297.446094,1300,700,1.9,27.3,0.2
376.572869,1,AUTO,ARMED,5,AVAILABLE,UNAVAILABLE,UNAVAILABLE,276,4,ACTIVE,711,D_P3-A5.NC,D_P3-A5.NC,6,0.000668021,20,0.0005,1612875.616,469312.686,184.4,2133.0703,100,16.93333,14,100,0,0,100,4400.0,3200,900,3.7,25.3,0.1,8,326.9593257,500,100,3.7,22.7,0.1,0,236.2205924,1100,300,3.4,26,0.1,32,-297.4461054,1500,700,2.2,27.3,0.1
376.723097,1,AUTO,ARMED,5,AVAILABLE,UNAVAILABLE,UNAVAILABLE,276,4,ACTIVE,711,D_P3-A5.NC,D_P3-A5.NC,6,0.000668021,20,0.0005,1612875.616,469312.686,184.4,2133.0703,100,16.93333,14,100,0,1,100,4400.0,3200,900,3.7,25.3,0.1,7,330.4558272,500,100,3.7,22.7,0.1,0,236.220581,1100,300,3.4,26,0.1,32,-297.446094,1500,700,2.2,27.3,0.1
376.865749,1,AUTO,ARMED,5,AVAILABLE,UNAVAILABLE,UNAVAILABLE,276,4,ACTIVE,711,D_P3-A5.NC,D_P3-A5.NC,6,0.000668021,20,0.0005,1612875.616,469312.686,184.4,2133.0703,100,16.93333,14,100,0,1,100,4400.0,3200,900,3.7,25.3,0.1,7,332.2002184,500,100,3.7,22.7,0.1,0,236.220581,1100,300,3.4,26,0.1,32,-297.4461054,1500,700,2.2,27.3,0.1
377.020639,1,AUTO,ARMED,5,AVAILABLE,UNAVAILABLE,UNAVAILABLE,276,4,ACTIVE,711,D_P3-A5.NC,D_P3-A5.NC,6,0.000668021,20,0.0005,1612875.616,469312.686,184.4,2133.0703,100,16.93333,14,100,0,1,100,4400.0,3200,900,3.7,25.3,0.1,9,334.8205702,500,100,3.7,22.7,0.1,0,236.2205695,1100,300,3.4,26,0.1,32,-297.446094,1500,700,2.2,27.3,0.1
377.174808,1,AUTO,ARMED,5,AVAILABLE,UNAVAILABLE,UNAVAILABLE,276,4,ACTIVE,711,D_P3-A5.NC,D_P3-A5.NC,6,0.000668021,20,0.0005,1612875.616,469312.686,184.4,2133.0703,100,16.93333,14,100,0,1,100,4400.0,3200,900,3.7,25.3,0.1,9,336.5647897,500,100,3.7,22.7,0.1,0,236.2206153,1100,300,3.4,26,0.1,32,-297.4461054,1500,700,2.2,27.3,0.1
377.322138,1,AUTO,ARMED,5,AVAILABLE,UNAVAILABLE,UNAVAILABLE,276,4,ACTIVE,711,D_P3-A5.NC,D_P3-A5.NC,6,0.000668021,20,0.0005,1612875.616,469312.686,184.4,2133.0703,100,16.93333,14,100,0,1,100,4400.0,3200,900,3.7,25.3,0.1,9,338.308849,500,100,3.7,22.7,0.1,0,236.220581,1100,300,3.4,26,0.1,32,-297.446094,1500,700,2.2,27.3,0.1
377.475562,1,AUTO,ARMED,5,AVAILABLE,UNAVAILABLE,UNAVAILABLE,276,4,ACTIVE,711,D_P3-A5.NC,D_P3-A5.NC,6,0.000668021,20,0.0005,1612875.616,469312.686,184.4,2171.5256,100,16.93333,15,100,0,0,100,4400.0,3200,900,3.7,25.3,0.1,9,343.5454214,500,100,3.7,22.7,0.1,0,236.2205924,1100,300,3.4,26,0.1,32,-297.446094,1500,700,2.2,27.3,0.1
377.621493,1,AUTO,ARMED,5,AVAILABLE,UNAVAILABLE,UNAVAILABLE,276,4,ACTIVE,711,D_P3-A5.NC,D_P3-A5.NC,6,0.000668021,20,0.0005,1612875.616,469312.686,184.4,2171.5256,100,16.93333,15,100,0,0,100,4400.0,3200,900,3.7,25.3,0.1,9,345.2939782,500,100,3.7,22.7,0.1,0,236.2206153,1100,300,3.4,26,0.1,32,-297.4461054,1500,700,2.2,27.3,0.1
377.762517,1,AUTO,ARMED,5,AVAILABLE,UNAVAILABLE,UNAVAILABLE,276,4,ACTIVE,711,D_P3-A5.NC,D_P3-A5.NC,6,0.000668021,20,0.0005,1612875.616,469312.686,184.4,2171.5256,100,16.93333,15,100,0,0,100,4400.0,3200,900,3.7,25.3,0.1,9,347.0421459,500,100,3.7,22.7,0.1,0,236.2205695,1100,300,3.4,26,0.1,32,-297.4461054,1500,700,2.2,27.3,0.1
377.910635,1,AUTO,ARMED,5,AVAILABLE,UNAVAILABLE,UNAVAILABLE,276,4,ACTIVE,711,D_P3-A5.NC,D_P3-A5.NC,6,0.000668021,20,0.0005,1612875.616,469312.686,184.4,2171.5256,100,16.93333,15,100,0,0,100,4400.0,3200,900,3.7,25.3,0.1,9,348.7906569,500,100,3.7,22.7,0.1,0,236.2206039,1100,300,3.4,26,0.1,32,-297.4461054,1500,700,2.2,27.3,0.1
378.055792,1,AUTO,ARMED,5,AVAILABLE,UNAVAILABLE,UNAVAILABLE,276,4,ACTIVE,711,D_P3-A5.NC,D_P3-A5.NC,6,0.000668021,20,0.0005,1612875.616,469312.686,184.4,2171.5256,100,16.93333,15,100,0,1,100,4400.0,3100,800,3.6,25.3,0.1,9,352.2791646,600,100,3.9,22.7,0.1,0,236.2206039,1200,300,3.4,26,0.1,32,-297.4461054,1400,700,2.2,27.3,0.1
378.199686,1,AUTO,ARMED,5,AVAILABLE,UNAVAILABLE,UNAVAILABLE,276,4,ACTIVE,711,D_P3-A5.NC,D_P3-A5.NC,6,0.000668021,20,0.0005,1612875.616,469312.686,184.4,2171.5256,100,16.93333,15,100,0,0,100,4400.0,3100,800,3.6,25.3,0.1,9,354.022995,600,100,3.9,22.7,0.1,0,236.2205924,1200,300,3.4,26,0.1,32,-297.4461054,1400,700,2.2,27.3,0.1
378.344507,1,AUTO,ARMED,5,AVAILABLE,UNAVAILABLE,UNAVAILABLE,276,4,ACTIVE,711,D_P3-A5.NC,D_P3-A5.NC,6,0.000668021,20,0.0005,1612875.616,469312.686,184.4,2171.5256,100,16.93333,15,100,0,1,100,4400.0,3100,800,3.6,25.3,0.1,10,357.5196459,600,100,3.9,22.7,0.1,0,236.2206153,1200,300,3.4,26,0.1,32,-297.4461054,1400,700,2.2,27.3,0.1
378.492901,1,AUTO,ARMED,5,AVAILABLE,UNAVAILABLE,UNAVAILABLE,276,4,ACTIVE,711,D_P3-A5.NC,D_P3-A5.NC,6,0.000668021,20,0.0005,1612875.616,469312.686,184.4,2124.522,100,16.93333,16,100,0,1,100,4400.0,3100,800,3.6,25.3,0.1,10,361.0037957,600,100,3.9,22.7,0.1,0,236.2206153,1200,300,3.4,26,0.1,32,-297.4461054,1400,700,2.2,27.3,0.1
378.711312,1,AUTO,ARMED,5,AVAILABLE,UNAVAILABLE,UNAVAILABLE,276,4,ACTIVE,711,D_P3-A5.NC,D_P3-A5.NC,6,0.000668021,20,0.0005,1612875.616,469312.686,184.4,2124.522,100,16.93333,16,100,0,0,100,4400.0,3100,800,3.6,25.3,0.1,10,364.5004425,600,100,3.9,22.7,0.1,0,236.2206039,1200,300,3.4,26,0.1,32,-297.446094,1400,700,2.2,27.3,0.1
378.8657,1,AUTO,ARMED,5,AVAILABLE,UNAVAILABLE,UNAVAILABLE,276,4,ACTIVE,711,D_P3-A5.NC,D_P3-A5.NC,6,0.000668021,20,0.0005,1612875.616,469312.686,184.4,2124.522,100,16.93333,16,100,0,1,100,4400.0,3100,800,3.6,25.3,0.1,10,365.3727274,600,100,3.9,22.7,0.1,0,236.2206039,1200,300,3.4,26,0.1,32,-297.446094,1400,700,2.2,27.3,0.1
379.029925,1,AUTO,ARMED,5,AVAILABLE,UNAVAILABLE,UNAVAILABLE,276,4,ACTIVE,711,D_P3-A5.NC,D_P3-A5.NC,6,0.000668021,20,0.0005,1612875.616,469312.686,184.4,2124.522,100,16.93333,16,100,0,1,100,4400.0,3100,800,3.6,25.3,0.1,10,367.1166448,600,100,3.9,22.7,0.1,0,236.2205695,1200,300,3.4,26,0.1,32,-297.4461054,1400,700,2.2,27.3,0.1
379.197642,1,AUTO,ARMED,5,AVAILABLE,UNAVAILABLE,UNAVAILABLE,276,4,ACTIVE,711,D_P3-A5.NC,D_P3-A5.NC,6,0.000668021,20,0.0005,1612875.616,469312.686,184.4,2124.522,100,16.93333,16,100,0,0,100,4400.0,3100,800,3.6,25.3,0.1,10,372.3533294,600,100,3.9,22.7,0.1,0,236.2206039,1200,300,3.4,26,0.1,32,-297.446094,1400,700,2.2,27.3,0.1
379.346333,1,AUTO,ARMED,5,AVAILABLE,UNAVAILABLE,UNAVAILABLE,276,4,ACTIVE,711,D_P3-A5.NC,D_P3-A5.NC,6,0.000668021,20,0.0005,1612875.616,469312.686,184.4,2124.522,100,16.93333,17,100,0,0,100,4400.0,3100,800,3.6,25.3,0.1,10,374.0973842,600,100,3.9,22.7,0.1,0,236.2205924,1200,300,3.4,26,0.1,32,-297.4461054,1400,700,2.2,27.3,0.1
379.492847,1,AUTO,ARMED,5,AVAILABLE,UNAVAILABLE,UNAVAILABLE,276,4,ACTIVE,711,D_P3-A5.NC,D_P3-A5.NC,6,0.000668021,20,0.0005,1612875.616,469312.686,184.4,2124.522,100,16.93333,17,100,0,0,100,4400.0,3100,800,3.6,25.3,0.1,9,377.5899225,600,100,3.9,22.7,0.1,0,236.2206268,1200,300,3.4,26,0.1,32,-297.4461054,1400,700,2.2,27.3,0.1
379.659309,1,AUTO,ARMED,5,AVAILABLE,UNAVAILABLE,UNAVAILABLE,276,4,ACTIVE,711,D_P3-A5.NC,D_P3-A5.NC,6,0.000668021,20,0.0005,1612875.616,469312.686,184.4,2124.522,100,16.93333,17,100,0,1,100,4400.0,2600,700,3.9,25.3,0.1,9,379.3340345,200,100,4.3,22.7,0.1,0,236.2205924,1100,300,3.4,26,0.1,32,-297.446094,1300,700,1.9,27.3,0.2
379.810658,1,AUTO,ARMED,5,AVAILABLE,UNAVAILABLE,UNAVAILABLE,276,4,ACTIVE,711,D_P3-A5.NC,D_P3-A5.NC,6,0.000668021,20,0.0005,1612875.616,469312.686,184.4,1996.0535,100,16.93333,17,100,0,1,100,4400.0,2600,700,3.9,25.3,0.1,9,381.08266,200,100,4.3,22.7,0.1,0,236.2206153,1100,300,3.4,26,0.1,32,-297.446094,1300,700,1.9,27.3,0.2
379.954349,1,AUTO,ARMED,5,AVAILABLE,UNAVAILABLE,UNAVAILABLE,276,4,ACTIVE,711,D_P3-A5.NC,D_P3-A5.NC,6,0.000668021,20,0.0005,1612875.616,469312.686,184.4,1996.0535,100,16.93333,17,100,0,1,100,4400.0,2600,700,3.9,25.3,0.1,9,384.5708396,200,100,4.3,22.7,0.1,0,236.2206153,1100,300,3.4,26,0.1,32,-297.446094,1300,700,1.9,27.3,0.2
380.103462,1,AUTO,ARMED,5,AVAILABLE,UNAVAILABLE,UNAVAILABLE,276,4,ACTIVE,711,D_P3-A5.NC,D_P3-A5.NC,6,0.000668021,20,0.0005,1612875.616,469312.686,184.4,1996.0535,100,16.93333,17,100,0,0,100,4400.0,2600,700,3.9,25.3,0.1,9,388.0675685,200,100,4.3,22.7,0.1,0,236.2206268,1100,300,3.4,26,0.1,32,-297.4461054,1300,700,1.9,27.3,0.2
380.248011,1,AUTO,ARMED,5,AVAILABLE,UNAVAILABLE,UNAVAILABLE,276,4,ACTIVE,711,D_P3-A5.NC,D_P3-A5.NC,6,0.000668021,20,0.0005,1612875.616,469312.686,184.4,1996.0535,100,16.93333,17,100,0,0,100,4400.0,2600,700,3.9,25.3,0.1,9,389.8115896,200,100,4.3,22.7,0.1,0,236.2206039,1100,300,3.4,26,0.1,32,-297.4461054,1300,700,1.9,27.3,0.2
380.393893,1,AUTO,ARMED,5,AVAILABLE,UNAVAILABLE,UNAVAILABLE,276,4,ACTIVE,711,D_P3-A5.NC,D_P3-A5.NC,6,0.000668021,20,0.0005,1612875.616,469312.686,184.4,1996.0535,100,16.93333,18,100,0,0,100,4400.0,2600,700,3.9,25.3,0.1,8,393.3083642,200,100,4.3,22.7,0.1,0,236.2206039,1100,300,3.4,26,0.1,32,-297.446094,1300,700,1.9,27.3,0.2
380.540688,1,AUTO,ARMED,5,AVAILABLE,UNAVAILABLE,UNAVAILABLE,276,4,ACTIVE,711,D_P3-A5.NC,D_P3-A5.NC,6,0.000668021,20,0.0005,1612875.616,469312.686,184.4,1996.0535,100,16.93333,18,100,0,1,100,4400.0,2600,700,3.9,25.3,0.1,8,395.0524196,200,100,4.3,22.7,0.1,0,236.2206039,1100,300,3.4,26,0.1,32,-297.446094,1300,700,1.9,27.3,0.2
380.697685,1,AUTO,ARMED,5,AVAILABLE,UNAVAILABLE,UNAVAILABLE,276,4,ACTIVE,711,D_P3-A5.NC,D_P3-A5.NC,6,0.000668021,20,0.0005,1612875.616,469312.686,184.4,1996.0535,100,16.93333,18,100,0,1,100,4400.0,2600,700,3.9,25.3,0.1,8,396.800847,200,100,4.3,22.7,0.1,0,236.2206039,1100,300,3.4,26,0.1,32,-297.446094,1300,700,1.9,27.3,0.2
380.836114,1,AUTO,ARMED,5,AVAILABLE,UNAVAILABLE,UNAVAILABLE,276,4,ACTIVE,711,D_P3-A5.NC,D_P3-A5.NC,6,0.000668021,20,0.0005,1612875.616,469312.686,184.4,2002.6047,100,16.93333,18,100,0,0,100,4400.0,2600,700,3.9,25.3,0.1,9,399.4212964,200,100,4.3,22.7,0.1,0,236.2206039,1100,300,3.4,26,0.1,32,-297.4461054,1300,700,1.9,27.3,0.2
380.980003,1,AUTO,ARMED,5,AVAILABLE,UNAVAILABLE,UNAVAILABLE,276,4,ACTIVE,711,D_P3-A5.NC,D_P3-A5.NC,6,0.000668021,20,0.0005,1612875.616,469312.686,184.4,2002.6047,100,13.78333,18,100,0,1,100,4400.0,2600,700,3.9,25.3,0.1,1,399.8397566,200,100,4.3,22.7,0.1,0,236.2206039,1100,300,3.4,26,0.1,32,-297.4461054,1300,700,1.9,27.3,0.2
381.129782,1,AUTO,ARMED,5,AVAILABLE,UNAVAILABLE,UNAVAILABLE,277,4,ACTIVE,711,D_P3-A5.NC,D_P3-A5.NC,6,0.000668021,20,0.0005,1612875.616,469312.686,184.4,2002.6047,100,0.0,18,100,0,1,100,4400.0,2600,700,3.9,25.3,0.1,1,399.8407523,200,100,4.3,22.7,0.1,0,236.2206039,1100,300,3.4,26,0.1,32,-297.446094,1300,700,1.9,27.3,0.2
381.273396,1,AUTO,ARMED,5,AVAILABLE,UNAVAILABLE,UNAVAILABLE,277,4,ACTIVE,711,D_P3-A5.NC,D_P3-A5.NC,6,0.000668021,20,0.0005,1612875.616,469312.686,184.4,2002.6047,100,0.0,18,100,0,0,100,4400.0,2600,700,3.9,25.3,0.2,7,399.840924,500,100,4.6,22.7,0.1,0,236.2206039,2500,1200,2.1,26,0.1,32,-297.446094,1300,700,1.9,27.3,0.1
381.414066,1,AUTO,ARMED,5,AVAILABLE,UNAVAILABLE,UNAVAILABLE,277,4,ACTIVE,711,D_P3-A5.NC,D_P3-A5.NC,6,0.000668021,20,0.0005,1612875.616,469312.686,184.4,2002.6047,100,0.0,19,100,0,0,100,4400.0,2600,700,3.9,25.3,0.2,7,399.8409126,500,100,4.6,22.7,0.1,0,236.2205924,2500,1200,2.1,26,0.1,32,-297.4461054,1300,700,1.9,27.3,0.1
381.561498,1,AUTO,ARMED,5,AVAILABLE,UNAVAILABLE,UNAVAILABLE,277,4,ACTIVE,711,D_P3-A5.NC,D_P3-A5.NC,6,0.000668021,20,0.0005,1612875.616,469312.686,184.4,2002.6047,100,0.0,19,100,0,1,100,4400.0,2600,700,3.9,25.3,0.2,6,399.8409011,500,100,4.6,22.7,0.1,0,236.2205924,2500,1200,2.1,26,0.1,32,-297.4461054,1300,700,1.9,27.3,0.1
381.703742,1,AUTO,ARMED,5,AVAILABLE,UNAVAILABLE,UNAVAILABLE,277,4,ACTIVE,711,D_P3-A5.NC,D_P3-A5.NC,6,0.000668021,20,0.0005,1612875.616,469312.686,184.4,2002.6047,100,0.0,19,100,0,0,100,4400.0,2600,700,3.9,25.3,0.2,6,399.8409011,500,100,4.6,22.7,0.1,0,236.2206039,2500,1200,2.1,26,0.1,32,-297.446094,1300,700,1.9,27.3,0.1
381.850903,1,AUTO,ARMED,5,AVAILABLE,UNAVAILABLE,UNAVAILABLE,277,4,ACTIVE,711,D_P3-A5.NC,D_P3-A5.NC,6,0.000668021,20,0.0005,1612875.616,469312.686,184.4,2002.6047,100,0.0,19,100,0,0,100,4400.0,2600,700,3.9,25.3,0.2,6,399.8409011,500,100,4.6,22.7,0.1,0,236.2205924,2500,1200,2.1,26,0.1,32,-297.446094,1300,700,1.9,27.3,0.1
381.992388,1,AUTO,ARMED,5,AVAILABLE,UNAVAILABLE,UNAVAILABLE,277,4,ACTIVE,711,D_P3-A5.NC,D_P3-A5.NC,6,0.000668021,20,0.0005,1612875.616,469312.686,184.4,2145.6069,100,0.0,19,100,0,0,100,4400.0,2600,700,3.9,25.3,0.2,7,399.6667885,500,100,4.6,22.7,0.1,9,236.3465335,2500,1200,2.1,26,0.1,32,-297.446094,1300,700,1.9,27.3,0.1
382.141394,1,AUTO,ARMED,5,AVAILABLE,UNAVAILABLE,UNAVAILABLE,279,4,ACTIVE,711,D_P3-A5.NC,D_P3-A5.NC,6,0.000668021,20,0.0005,1612875.616,469312.686,184.4,2145.6069,100,0.0,19,100,0,0,100,4400.0,2600,700,3.9,25.3,0.2,7,396.2308979,500,100,4.6,22.7,0.1,9,236.3476435,2500,1200,2.1,26,0.1,32,-297.4461054,1300,700,1.9,27.3,0.1
382.287047,1,AUTO,ARMED,5,AVAILABLE,UNAVAILABLE,UNAVAILABLE,279,4,ACTIVE,711,D_P3-A5.NC,D_P3-A5.NC,6,0.000668021,20,0.0005,1612875.616,469312.686,184.4,2145.6069,100,16.93333,19,100,0,0,100,4400.0,2600,700,3.9,25.3,0.2,8,394.4868124,500,100,4.6,22.7,0.1,3,236.3476321,2500,1200,2.1,26,0.1,32,-297.446094,1300,700,1.9,27.3,0.1
382.429025,1,AUTO,ARMED,5,AVAILABLE,UNAVAILABLE,UNAVAILABLE,279,4,ACTIVE,711,D_P3-A5.NC,D_P3-A5.NC,6,0.000668021,20,0.0005,1612875.616,469312.686,184.4,2145.6069,100,16.93333,20,100,0,1,100,4400.0,2600,700,3.9,25.3,0.2,9,390.9944641,500,100,4.6,22.7,0.1,3,236.3476092,2500,1200,2.1,26,0.1,32,-297.446094,1300,700,1.9,27.3,0.1
382.572144,1,AUTO,ARMED,5,AVAILABLE,UNAVAILABLE,UNAVAILABLE,279,4,ACTIVE,711,D_P3-A5.NC,D_P3-A5.NC,6,0.000668021,20,0.0005,1612875.616,469312.686,184.4,2145.6069,100,16.93333,20,100,0,1,100,4400.0,2600,700,3.9,25.3,0.2,9,389.2500468,500,100,4.6,22.7,0.1,3,236.3476092,2500,1200,2.1,26,0.1,32,-297.4461169,1300,700,1.9,27.3,0.1
382.72477,1,AUTO,ARMED,5,AVAILABLE,UNAVAILABLE,UNAVAILABLE,279,4,ACTIVE,711,D_P3-A5.NC,D_P3-A5.NC,6,0.000668021,20,0.0005,1612875.616,469312.686,184.4,2145.6069,100,16.93333,20,100,0,0,100,4400.0,2600,700,3.9,25.3,0.2,8,388.3780728,500,100,4.6,22.7,0.1,3,236.3475977,2500,1200,2.1,26,0.1,32,-297.4461054,1300,700,1.9,27.3,0.1
382.865691,1,AUTO,ARMED,5,AVAILABLE,UNAVAILABLE,UNAVAILABLE,279,4,ACTIVE,711,D_P3-A5.NC,D_P3-A5.NC,6,0.000668021,20,0.0005,1612875.616,469312.686,184.4,2145.6069,100,16.93333,20,100,0,0,100,4400.0,2600,700,3.9,25.3,0.2,8,384.8814098,500,100,4.6,22.7,0.1,3,236.3475863,2500,1200,2.1,26,0.1,32,-297.4461054,1300,700,1.9,27.3,0.1
383.008613,1,AUTO,ARMED,5,AVAILABLE,UNAVAILABLE,UNAVAILABLE,279,4,ACTIVE,711,D_P3-A5.NC,D_P3-A5.NC,6,0.000668021,20,0.0005,1612875.616,469312.686,184.4,2156.4326,100,16.93333,20,100,0,0,100,4400.0,3200,800,3.9,25.3,0.1,7,381.3847697,500,100,3.5,22.7,0.1,3,236.3475977,2500,1100,2.2,26,0.1,32,-297.4461054,1400,700,2.1,27.3,0.1
383.152395,1,AUTO,ARMED,5,AVAILABLE,UNAVAILABLE,UNAVAILABLE,279,4,ACTIVE,711,D_P3-A5.NC,D_P3-A5.NC,6,0.000668021,20,0.0005,1612875.616,469312.686,184.4,2156.4326,100,16.93333,20,100,0,0,100,4400.0,3200,800,3.9,25.3,0.1,7,379.6444915,500,100,3.5,22.7,0.1,3,236.3475749,2500,1100,2.2,26,0.1,32,-297.446094,1400,700,2.1,27.3,0.1
383.292401,1,AUTO,ARMED,5,AVAILABLE,UNAVAILABLE,UNAVAILABLE,279,4,ACTIVE,711,D_P3-A5.NC,D_P3-A5.NC,6,0.000668021,20,0.0005,1612875.616,469312.686,184.4,2156.4326,100,16.93333,21,100,0,0,100,4400.0,3200,800,3.9,25.3,0.1,7,377.9008142,500,100,3.5,22.7,0.1,3,236.3475977,2500,1100,2.2,26,0.1,32,-297.446094,1400,700,2.1,27.3,0.1
383.440726,1,AUTO,ARMED,5,AVAILABLE,UNAVAILABLE,UNAVAILABLE,279,4,ACTIVE,711,D_P3-A5.NC,D_P3-A5.NC,6,0.000668021,20,0.0005,1612875.616,469312.686,184.4,2156.4326,100,16.93333,21,100,0,1,100,4400.0,3200,800,3.9,25.3,0.1,7,374.4081152,500,100,3.5,22.7,0.1,3,236.3476092,2500,1100,2.2,26,0.1,32,-297.446094,1400,700,2.1,27.3,0.1
383.588066,1,AUTO,ARMED,5,AVAILABLE,UNAVAILABLE,UNAVAILABLE,279,4,ACTIVE,711,D_P3-A5.NC,D_P3-A5.NC,6,0.000668021,20,0.0005,1612875.616,469312.686,184.4,2156.4326,100,16.93333,21,100,0,1,100,4400.0,3200,800,3.9,25.3,0.1,7,372.6638428,500,100,3.5,22.7,0.1,3,236.3476206,2500,1100,2.2,26,0.1,32,-297.4461054,1400,700,2.1,27.3,0.1
383.740056,1,AUTO,ARMED,5,AVAILABLE,UNAVAILABLE,UNAVAILABLE,279,4,ACTIVE,711,D_P3-A5.NC,D_P3-A5.NC,6,0.000668021,20,0.0005,1612875.616,469312.686,184.4,2156.4326,100,16.93333,21,100,0,2,100,4400.0,3200,800,3.9,25.3,0.1,7,370.9199023,500,100,3.5,22.7,0.1,3,236.3475977,2500,1100,2.2,26,0.1,32,-297.4460825,1400,700,2.1,27.3,0.1
383.878456,1,AUTO,ARMED,5,AVAILABLE,UNAVAILABLE,UNAVAILABLE,279,4,ACTIVE,711,D_P3-A5.NC,D_P3-A5.NC,6,0.000668021,20,0.0005,1612875.616,469312.686,184.4,2156.4326,100,16.93333,21,100,0,0,100,4400.0,3200,800,3.9,25.3,0.1,8,365.6832972,500,100,3.5,22.7,0.1,3,236.3476092,2500,1100,2.2,26,0.1,32,-297.4461054,1400,700,2.1,27.3,0.1
384.023532,1,AUTO,ARMED,5,AVAILABLE,UNAVAILABLE,UNAVAILABLE,279,4,ACTIVE,711,D_P3-A5.NC,D_P3-A5.NC,6,0.000668021,20,0.0005,1612875.616,469312.686,184.4,2160.4336,100,16.93333,21,100,0,0,100,4400.0,3200,800,3.9,25.3,0.1,8,363.930476,500,100,3.5,22.7,0.1,3,236.3475977,2500,1100,2.2,26,0.1,32,-297.446094,1400,700,2.1,27.3,0.1
384.172493,1,AUTO,ARMED,5,AVAILABLE,UNAVAILABLE,UNAVAILABLE,279,4,ACTIVE,711,D_P3-A5.NC,D_P3-A5.NC,6,0.000668021,20,0.0005,1612875.616,469312.686,184.4,2160.4336,100,16.93333,21,100,0,1,100,4400.0,3200,800,3.9,25.3,0.1,7,362.1824957,500,100,3.5,22.7,0.1,3,236.3475977,2500,1100,2.2,26,0.1,32,-297.4461054,1400,700,2.1,27.3,0.1
384.313225,1,AUTO,ARMED,5,AVAILABLE,UNAVAILABLE,UNAVAILABLE,279,4,ACTIVE,711,D_P3-A5.NC,D_P3-A5.NC,6,0.000668021,20,0.0005,1612875.616,469312.686,184.4,2160.4336,100,16.93333,21,100,0,1,100,4400.0,3200,800,3.9,25.3,0.1,7,360.4422174,500,100,3.5,22.7,0.1,3,236.3476092,2500,1100,2.2,26,0.1,32,-297.4461054,1400,700,2.1,27.3,0.1
384.459013,1,AUTO,ARMED,5,AVAILABLE,UNAVAILABLE,UNAVAILABLE,279,4,ACTIVE,711,D_P3-A5.NC,D_P3-A5.NC,6,0.000668021,20,0.0005,1612875.616,469312.686,184.4,2160.4336,100,16.93333,22,100,0,0,100,4400.0,3100,800,3.8,25.3,0.1,7,357.8217576,500,100,4.5,22.7,0.1,3,236.3475977,2700,1100,2.4,26,0.1,32,-297.446094,1400,700,2.0,27.3,0.1
384.61074,1,AUTO,ARMED,5,AVAILABLE,UNAVAILABLE,UNAVAILABLE,279,4,ACTIVE,711,D_P3-A5.NC,D_P3-A5.NC,6,0.000668021,20,0.0005,1612875.616,469312.686,184.4,2160.4336,100,16.93333,22,100,0,2,100,4400.0,3100,800,3.8,25.3,0.1,8,356.0778972,500,100,4.5,22.7,0.1,3,236.3475977,2700,1100,2.4,26,0.1,32,-297.4461054,1400,700,2.0,27.3,0.1
384.755004,1,AUTO,ARMED,5,AVAILABLE,UNAVAILABLE,UNAVAILABLE,279,4,ACTIVE,711,D_P3-A5.NC,D_P3-A5.NC,6,0.000668021,20,0.0005,1612875.616,469312.686,184.4,2160.4336,100,16.93333,22,100,0,2,100,4400.0,3100,800,3.8,25.3,0.1,8,354.3335235,500,100,4.5,22.7,0.1,3,236.3476092,2700,1100,2.4,26,0.1,32,-297.4461054,1400,700,2.0,27.3,0.1
384.900829,1,AUTO,ARMED,5,AVAILABLE,UNAVAILABLE,UNAVAILABLE,279,4,ACTIVE,711,D_P3-A5.NC,D_P3-A5.NC,6,0.000668021,20,0.0005,1612875.616,469312.686,184.4,2160.4336,100,16.93333,22,100,0,0,100,4400.0,3100,800,3.8,25.3,0.1,8,349.0974303,500,100,4.5,22.7,0.1,3,236.3476206,2700,1100,2.4,26,0.1,32,-297.4461054,1400,700,2.0,27.3,0.1
385.044826,1,AUTO,ARMED,5,AVAILABLE,UNAVAILABLE,UNAVAILABLE,279,4,ACTIVE,711,D_P3-A5.NC,D_P3-A5.NC,6,0.000668021,20,0.0005,1612875.616,469312.686,184.4,2160.4336,100,16.93333,22,100,0,0,100,4400.0,3100,800,3.8,25.3,0.1,8,347.3442802,500,100,4.5,22.7,0.1,3,236.3475749,2700,1100,2.4,26,0.1,32,-297.4461054,1400,700,2.0,27.3,0.1
385.188222,1,AUTO,ARMED,5,AVAILABLE,UNAVAILABLE,UNAVAILABLE,279,4,ACTIVE,711,D_P3-A5.NC,D_P3-A5.NC,6,0.000668021,20,0.0005,1612875.616,469312.686,184.4,2022.8571,100,16.93333,22,100,0,0,100,4400.0,3100,800,3.8,25.3,0.1,7,345.6045882,500,100,4.5,22.7,0.1,3,236.3476092,2700,1100,2.4,26,0.1,32,-297.4461054,1400,700,2.0,27.3,0.1
385.33519,1,AUTO,ARMED,5,AVAILABLE,UNAVAILABLE,UNAVAILABLE,279,4,ACTIVE,711,D_P3-A5.NC,D_P3-A5.NC,6,0.000668021,20,0.0005,1612875.616,469312.686,184.4,2022.8571,100,16.93333,23,100,0,2,100,4400.0,3100,800,3.8,25.3,0.1,8,342.1078094,500,100,4.5,22.7,0.1,3,236.3475977,2700,1100,2.4,26,0.1,32,-297.446094,1400,700,2.0,27.3,0.1
385.48258,1,AUTO,ARMED,5,AVAILABLE,UNAVAILABLE,UNAVAILABLE,279,4,ACTIVE,711,D_P3-A5.NC,D_P3-A5.NC,6,0.000668021,20,0.0005,1612875.616,469312.686,184.4,2022.8571,100,16.93333,23,100,0,2,100,4400.0,3100,800,3.8,25.3,0.1,8,340.3635741,500,100,4.5,22.7,0.1,3,236.3476092,2700,1100,2.4,26,0.1,32,-297.4461054,1400,700,2.0,27.3,0.1
385.62835,1,AUTO,ARMED,5,AVAILABLE,UNAVAILABLE,UNAVAILABLE,279,4,ACTIVE,711,D_P3-A5.NC,D_P3-A5.NC,6,0.000668021,20,0.0005,1612875.616,469312.686,184.4,2022.8571,100,16.93333,23,100,0,0,100,4400.0,3100,800,3.8,25.3,0.1,9,338.6194075,500,100,4.5,22.7,0.1,3,236.3475863,2700,1100,2.4,26,0.1,32,-297.446094,1400,700,2.0,27.3,0.1
385.763683,1,AUTO,ARMED,5,AVAILABLE,UNAVAILABLE,UNAVAILABLE,279,4,ACTIVE,711,D_P3-A5.NC,D_P3-A5.NC,6,0.000668021,20,0.0005,1612875.616,469312.686,184.4,2022.8571,100,16.93333,23,100,0,0,100,4400.0,3100,800,3.8,25.3,0.1,9,336.8754698,500,100,4.5,22.7,0.1,3,236.3476206,2700,1100,2.4,26,0.1,32,-297.4461054,1400,700,2.0,27.3,0.1
385.904772,1,AUTO,ARMED,5,AVAILABLE,UNAVAILABLE,UNAVAILABLE,279,4,ACTIVE,711,D_P3-A5.NC,D_P3-A5.NC,6,0.000668021,20,0.0005,1612875.616,469312.686,184.4,2022.8571,100,16.93333,23,100,0,1,100,4400.0,3100,800,3.8,25.3,0.1,8,333.3830397,500,100,4.5,22.7,0.1,3,236.3476092,2700,1100,2.4,26,0.1,32,-297.4461054,1400,700,2.0,27.3,0.1
386.04704,1,AUTO,ARMED,5,AVAILABLE,UNAVAILABLE,UNAVAILABLE,279,4,ACTIVE,711,D_P3-A5.NC,D_P3-A5.NC,6,0.000668021,20,0.0005,1612875.616,469312.686,184.4,2022.8571,100,16.93333,23,100,0,0,100,4400.0,3100,800,3.8,25.3,0.1,8,329.8905752,500,100,4.5,22.7,0.1,3,236.3476206,2700,1100,2.4,26,0.1,32,-297.4461054,1400,700,2.0,27.3,0.1
386.196258,1,AUTO,ARMED,5,AVAILABLE,UNAVAILABLE,UNAVAILABLE,279,4,ACTIVE,711,D_P3-A5.NC,D_P3-A5.NC,6,0.000668021,20,0.0005,1612875.616,469312.686,184.4,2022.8571,100,16.93333,23,100,0,0,100,4400.0,2200,700,3.3,25.3,0.1,8,328.1462782,200,0,4.0,22.7,0.0,3,236.3476092,2500,1200,2.2,26,0.1,32,-297.446094,1300,700,1.9,27.3,0.1
386.34016,1,AUTO,ARMED,5,AVAILABLE,UNAVAILABLE,UNAVAILABLE,279,4,ACTIVE,711,D_P3-A5.NC,D_P3-A5.NC,6,0.000668021,20,0.0005,1612875.616,469312.686,184.4,1997.6863,100,16.93333,23,100,0,0,100,4400.0,2200,700,3.3,25.3,0.1,9,326.4020842,200,0,4.0,22.7,0.0,3,236.3476092,2500,1200,2.2,26,0.1,32,-297.4461054,1300,700,1.9,27.3,0.1
386.478681,1,AUTO,ARMED,5,AVAILABLE,UNAVAILABLE,UNAVAILABLE,279,4,ACTIVE,711,D_P3-A5.NC,D_P3-A5.NC,6,0.000668021,20,0.0005,1612875.616,469312.686,184.4,1997.6863,100,16.93333,24,100,0,0,100,4400.0,2200,700,3.3,25.3,0.1,8,323.7775245,200,0,4.0,22.7,0.0,3,236.3476092,2500,1200,2.2,26,0.1,32,-297.446094,1300,700,1.9,27.3,0.1
386.632908,1,AUTO,ARMED,5,AVAILABLE,UNAVAILABLE,UNAVAILABLE,279,4,ACTIVE,711,D_P3-A5.NC,D_P3-A5.NC,6,0.000668021,20,0.0005,1612875.616,469312.686,184.4,1997.6863,100,16.93333,24,100,0,0,100,4400.0,2200,700,3.3,25.3,0.1,10,320.2936457,200,0,4.0,22.7,0.0,3,236.3475977,2500,1200,2.2,26,0.1,32,-297.4461054,1300,700,1.9,27.3,0.1
386.783006,1,AUTO,ARMED,5,AVAILABLE,UNAVAILABLE,UNAVAILABLE,279,4,ACTIVE,711,D_P3-A5.NC,D_P3-A5.NC,6,0.000668021,20,0.0005,1612875.616,469312.686,184.4,1997.6863,100,16.93333,24,100,0,0,100,4400.0,2200,700,3.3,25.3,0.1,10,318.653243,200,0,4.0,22.7,0.0,3,236.3475977,2500,1200,2.2,26,0.1,32,-297.446094,1300,700,1.9,27.3,0.1
386.935006,1,AUTO,ARMED,5,AVAILABLE,UNAVAILABLE,UNAVAILABLE,280,4,ACTIVE,711,D_P3-A5.NC,D_P3-A5.NC,6,0.000668021,20,0.0005,1612875.616,469312.686,184.4,1997.6863,100,0.0,24,100,0,0,100,4400.0,2200,700,3.3,25.3,0.1,7,318.5608277,200,0,4.0,22.7,0.0,3,236.3475977,2500,1200,2.2,26,0.1,32,-297.446094,1300,700,1.9,27.3,0.1
387.077036,1,AUTO,ARMED,5,AVAILABLE,UNAVAILABLE,UNAVAILABLE,280,4,ACTIVE,711,D_P3-A5.NC,D_P3-A5.NC,6,0.000668021,20,0.0005,1612875.616,469312.686,184.4,1997.6863,100,0.0,24,100,0,1,100,4400.0,2200,700,3.3,25.3,0.1,6,318.5608506,200,0,4.0,22.7,0.0,3,236.3475977,2500,1200,2.2,26,0.1,32,-297.446094,1300,700,1.9,27.3,0.1
387.216866,1,AUTO,ARMED,5,AVAILABLE,UNAVAILABLE,UNAVAILABLE,280,4,ACTIVE,711,D_P3-A5.NC,D_P3-A5.NC,6,0.000668021,20,0.0005,1612875.616,469312.686,184.4,1997.6863,100,0.0,24,100,0,1,100,4400.0,2200,700,3.3,25.3,0.1,6,318.5608735,200,0,4.0,22.7,0.0,3,236.3475977,2500,1200,2.2,26,0.1,32,-297.446094,1300,700,1.9,27.3,0.1
387.360421,1,AUTO,ARMED,5,AVAILABLE,UNAVAILABLE,UNAVAILABLE,280,4,ACTIVE,711,D_P3-A5.NC,D_P3-A5.NC,6,0.000668021,20,0.0005,1612875.616,469312.686,184.4,1999.1697,100,0.0,25,100,0,1,100,4400.0,2200,700,3.3,25.3,0.1,6,318.5608849,200,0,4.0,22.7,0.0,3,236.3476092,2500,1200,2.2,26,0.1,32,-297.4461054,1300,700,1.9,27.3,0.1
387.510959,1,AUTO,ARMED,5,AVAILABLE,UNAVAILABLE,UNAVAILABLE,280,4,ACTIVE,711,D_P3-A5.NC,D_P3-A5.NC,6,0.000668021,20,0.0005,1612875.616,469312.686,184.4,1999.1697,100,0.0,25,100,0,0,100,4400.0,2200,700,3.3,25.3,0.1,6,318.5608964,200,0,4.0,22.7,0.0,3,236.3475977,2500,1200,2.2,26,0.1,32,-297.4461054,1300,700,1.9,27.3,0.1
387.652199,1,AUTO,ARMED,5,AVAILABLE,UNAVAILABLE,UNAVAILABLE,280,4,ACTIVE,711,D_P3-A5.NC,D_P3-A5.NC,6,0.000668021,20,0.0005,1612875.616,469312.686,184.4,1999.1697,100,0.0,25,100,0,0,100,4400.0,2200,700,3.3,25.3,0.1,5,318.5609078,200,0,4.0,22.7,0.0,3,236.3476092,2500,1200,2.2,26,0.1,32,-297.446094,1300,700,1.9,27.3,0.1
387.797666,1,AUTO,ARMED,5,AVAILABLE,UNAVAILABLE,UNAVAILABLE,280,4,ACTIVE,711,D_P3-A5.NC,D_P3-A5.NC,6,0.000668021,20,0.0005,1612875.616,469312.686,184.4,1999.1697,100,0.0,25,100,0,1,100,4400.0,2400,700,3.5,25.3,0.1,6,318.5608964,300,100,3.8,22.7,0.1,3,236.3475977,1000,300,3.2,26,0.1,32,-297.4461054,1300,700,2.0,27.3,0.1
387.937715,1,AUTO,ARMED,5,AVAILABLE,UNAVAILABLE,UNAVAILABLE,284,4,ACTIVE,711,D_P3-A5.NC,D_P3-A5.NC,6,0.000668021,20,0.0005,1612875.616,469312.686,184.4,1999.1697,100,0.0,25,100,0,1,100,4400.0,2400,700,3.5,25.3,0.1,6,318.5608964,300,100,3.8,22.7,0.1,3,236.4762281,1000,300,3.2,26,0.1,32,-297.446094,1300,700,2.0,27.3,0.1
388.076913,1,AUTO,ARMED,5,AVAILABLE,UNAVAILABLE,UNAVAILABLE,284,4,ACTIVE,711,D_P3-A5.NC,D_P3-A5.NC,6,0.000668021,20,0.0005,1612875.616,469312.686,184.4,1999.1697,100,0.0,25,100,0,0,100,4400.0,2400,700,3.5,25.3,0.1,6,318.5608964,300,100,3.8,22.7,0.1,0,236.4745344,1000,300,3.2,26,0.1,32,-297.446094,1300,700,2.0,27.3,0.1
388.2218,1,AUTO,ARMED,5,AVAILABLE,UNAVAILABLE,UNAVAILABLE,284,4,ACTIVE,711,D_P3-A5.NC,D_P3-A5.NC,6,0.000668021,20,0.0005,1612875.616,469312.686,184.4,1999.1697,100,0.0,25,100,0,0,100,4400.0,2400,700,3.5,25.3,0.1,6,318.5608964,300,100,3.8,22.7,0.1,0,236.4745687,1000,300,3.2,26,0.1,32,-297.4461054,1300,700,2.0,27.3,0.1
388.361234,1,AUTO,ARMED,5,AVAILABLE,UNAVAILABLE,UNAVAILABLE,284,4,ACTIVE,711,D_P3-A5.NC,D_P3-A5.NC,6,0.000668021,20,0.0005,1612875.616,469312.686,184.4,1999.1697,100,0.0,25,100,0,0,100,4400.0,2400,700,3.5,25.3,0.1,6,318.5608964,300,100,3.8,22.7,0.1,0,236.4745802,1000,300,3.2,26,0.1,32,-297.4461054,1300,700,2.0,27.3,0.1
388.502428,1,AUTO,ARMED,5,AVAILABLE,UNAVAILABLE,UNAVAILABLE,284,4,ACTIVE,711,D_P3-A5.NC,D_P3-A5.NC,6,0.000668021,20,0.0005,1612875.616,469312.686,184.4,2138.6392,100,0.0,26,100,0,0,100,4400.0,2400,700,3.5,25.3,0.1,5,318.5608964,300,100,3.8,22.7,0.1,0,236.4745916,1000,300,3.2,26,0.1,32,-297.4461054,1300,700,2.0,27.3,0.1
388.647737,1,AUTO,ARMED,5,AVAILABLE,UNAVAILABLE,UNAVAILABLE,284,4,ACTIVE,711,D_P3-A5.NC,D_P3-A5.NC,6,0.000668021,20,0.0005,1612875.616,469312.686,184.4,2138.6392,100,0.0,26,100,0,0,100,4400.0,2400,700,3.5,25.3,0.1,5,318.5608964,300,100,3.8,22.7,0.1,0,236.4746031,1000,300,3.2,26,0.1,32,-297.4461054,1300,700,2.0,27.3,0.1
388.804696,1,AUTO,ARMED,5,AVAILABLE,UNAVAILABLE,UNAVAILABLE,284,4,ACTIVE,711,D_P3-A5.NC,D_P3-A5.NC,6,0.000668021,20,0.0005,1612875.616,469312.686,184.4,2138.6392,100,0.0,26,100,0,0,100,4400.0,2400,700,3.5,25.3,0.1,5,318.5609078,300,100,3.8,22.7,0.1,0,236.4745916,1000,300,3.2,26,0.1,32,-297.446094,1300,700,2.0,27.3,0.1
388.957567,1,AUTO,ARMED,5,AVAILABLE,UNAVAILABLE,UNAVAILABLE,284,4,ACTIVE,711,D_P3-A5.NC,D_P3-A5.NC,6,0.000668021,20,0.0005,1612875.616,469312.686,184.4,2138.6392,100,0.0,26,100,0,0,100,4400.0,2400,700,3.5,25.3,0.1,5,318.5608964,300,100,3.8,22.7,0.1,0,236.4746145,1000,300,3.2,26,0.1,32,-297.4461054,1300,700,2.0,27.3,0.1
389.098769,1,AUTO,ARMED,5,AVAILABLE,UNAVAILABLE,UNAVAILABLE,285,4,ACTIVE,711,D_P3-A5.NC,D_P3-A5.NC,6,0.000668021,20,0.0005,1612875.616,469312.686,184.4,2138.6392,100,19.05,26,100,0,0,100,4400.0,2400,700,3.5,25.3,0.1,9,321.923937,300,100,3.8,22.7,0.1,0,236.4745916,1000,300,3.2,26,0.1,32,-297.446094,1300,700,2.0,27.3,0.1
389.238116,1,AUTO,ARMED,5,AVAILABLE,UNAVAILABLE,UNAVAILABLE,285,4,ACTIVE,711,D_P3-A5.NC,D_P3-A5.NC,6,0.000668021,20,0.0005,1612875.616,469312.686,184.4,2138.6392,100,19.05,26,100,0,1,100,4400.0,3500,900,4.0,25.3,0.1,9,325.8484582,500,100,3.7,22.7,0.1,0,236.4746031,1300,400,3.5,26,0.1,32,-297.446094,1500,700,2.3,27.3,0.1
389.385986,1,AUTO,ARMED,5,AVAILABLE,UNAVAILABLE,UNAVAILABLE,285,4,ACTIVE,711,D_P3-A5.NC,D_P3-A5.NC,6,0.000668021,20,0.0005,1612875.616,469312.686,184.4,2138.6392,100,19.05,27,100,0,1,100,4400.0,3500,900,4.0,25.3,0.1,9,327.8151879,500,100,3.7,22.7,0.1,0,236.4746031,1300,400,3.5,26,0.1,32,-297.4461054,1500,700,2.3,27.3,0.1
389.534503,1,AUTO,ARMED,5,AVAILABLE,UNAVAILABLE,UNAVAILABLE,285,4,ACTIVE,711,D_P3-A5.NC,D_P3-A5.NC,6,0.000668021,20,0.0005,1612875.616,469312.686,184.4,2150.9678,100,19.05,27,100,0,0,100,4400.0,3500,900,4.0,25.3,0.1,8,331.7394701,500,100,3.7,22.7,0.1,0,236.4745687,1300,400,3.5,26,0.1,32,-297.4461054,1500,700,2.3,27.3,0.1
389.681773,1,AUTO,ARMED,5,AVAILABLE,UNAVAILABLE,UNAVAILABLE,285,4,ACTIVE,711,D_P3-A5.NC,D_P3-A5.NC,6,0.000668021,20,0.0005,1612875.616,469312.686,184.4,2150.9678,100,19.05,27,100,0,0,100,4400.0,3500,900,4.0,25.3,0.1,10,333.701481,500,100,3.7,22.7,0.1,0,236.4745687,1300,400,3.5,26,0.1,32,-297.4461054,1500,700,2.3,27.3,0.1
389.819702,1,AUTO,ARMED,5,AVAILABLE,UNAVAILABLE,UNAVAILABLE,285,4,ACTIVE,711,D_P3-A5.NC,D_P3-A5.NC,6,0.000668021,20,0.0005,1612875.616,469312.686,184.4,2150.9678,100,19.05,27,100,0,0,100,4400.0,3500,900,4.0,25.3,0.1,10,335.6732995,500,100,3.7,22.7,0.1,0,236.4745687,1300,400,3.5,26,0.1,32,-297.446094,1500,700,2.3,27.3,0.1
389.976704,1,AUTO,ARMED,5,AVAILABLE,UNAVAILABLE,UNAVAILABLE,285,4,ACTIVE,711,D_P3-A5.NC,D_P3-A5.NC,6,0.000668021,20,0.0005,1612875.616,469312.686,184.4,2150.9678,100,19.05,27,100,0,1,100,4400.0,3500,900,4.0,25.3,0.1,10,339.5974357,500,100,3.7,22.7,0.1,0,236.4745802,1300,400,3.5,26,0.1,32,-297.4461054,1500,700,2.3,27.3,0.1
390.14198,1,AUTO,ARMED,5,AVAILABLE,UNAVAILABLE,UNAVAILABLE,285,4,ACTIVE,711,D_P3-A5.NC,D_P3-A5.NC,6,0.000668021,20,0.0005,1612875.616,469312.686,184.4,2150.9678,100,19.05,27,100,0,0,100,4400.0,3500,900,4.0,25.3,0.1,11,342.5455676,500,100,3.7,22.7,0.1,0,236.474626,1300,400,3.5,26,0.1,32,-297.4461054,1500,700,2.3,27.3,0.1
390.280879,1,AUTO,ARMED,5,AVAILABLE,UNAVAILABLE,UNAVAILABLE,285,4,ACTIVE,711,D_P3-A5.NC,D_P3-A5.NC,6,0.000668021,20,0.0005,1612875.616,469312.686,184.4,2150.9678,100,19.05,27,100,0,0,100,4400.0,3500,900,4.0,25.3,0.1,10,344.5076014,500,100,3.7,22.7,0.1,0,236.4745916,1300,400,3.5,26,0.1,32,-297.446094,1500,700,2.3,27.3,0.1
390.422885,1,AUTO,ARMED,5,AVAILABLE,UNAVAILABLE,UNAVAILABLE,285,4,ACTIVE,711,D_P3-A5.NC,D_P3-A5.NC,6,0.000668021,20,0.0005,1612875.616,469312.686,184.4,2162.2876,100,19.05,28,100,0,0,100,4400.0,3500,900,4.0,25.3,0.1,10,346.4699098,500,100,3.7,22.7,0.1,0,236.474626,1300,400,3.5,26,0.1,32,-297.446094,1500,700,2.3,27.3,0.1
390.568459,1,AUTO,ARMED,5,AVAILABLE,UNAVAILABLE,UNAVAILABLE,285,4,ACTIVE,711,D_P3-A5.NC,D_P3-A5.NC,6,0.000668021,20,0.0005,1612875.616,469312.686,184.4,2162.2876,100,19.05,28,100,0,1,100,4400.0,3300,900,3.8,25.3,0.1,11,350.4037049,500,200,3.5,22.7,0.1,0,236.4746031,1500,400,3.8,26,0.1,32,-297.4461054,1500,700,2.2,27.3,0.1
390.726619,1,AUTO,ARMED,5,AVAILABLE,UNAVAILABLE,UNAVAILABLE,285,4,ACTIVE,711,D_P3-A5.NC,D_P3-A5.NC,6,0.000668021,20,0.0005,1612875.616,469312.686,184.4,2162.2876,100,19.05,28,100,0,0,100,4400.0,3300,900,3.8,25.3,0.1,11,352.3658188,500,200,3.5,22.7,0.1,0,236.4745802,1500,400,3.8,26,0.1,32,-297.4461054,1500,700,2.2,27.3,0.1
390.874475,1,AUTO,ARMED,5,AVAILABLE,UNAVAILABLE,UNAVAILABLE,285,4,ACTIVE,711,D_P3-A5.NC,D_P3-A5.NC,6,0.000668021,20,0.0005,1612875.616,469312.686,184.4,2162.2876,100,19.05,28,100,0,0,100,4400.0,3300,900,3.8,25.3,0.1,11,354.3327735,500,200,3.5,22.7,0.1,0,236.4746031,1500,400,3.8,26,0.1,32,-297.446094,1500,700,2.2,27.3,0.1
391.0202,1,AUTO,ARMED,5,AVAILABLE,UNAVAILABLE,UNAVAILABLE,285,4,ACTIVE,711,D_P3-A5.NC,D_P3-A5.NC,6,0.000668021,20,0.0005,1612875.616,469312.686,184.4,2162.2876,100,19.05,28,100,0,0,100,4400.0,3300,900,3.8,25.3,0.1,10,360.2288307,500,200,3.5,22.7,0.1,0,236.4746145,1500,400,3.8,26,0.1,32,-297.4461054,1500,700,2.2,27.3,0.1
391.166875,1,AUTO,ARMED,5,AVAILABLE,UNAVAILABLE,UNAVAILABLE,285,4,ACTIVE,711,D_P3-A5.NC,D_P3-A5.NC,6,0.000668021,20,0.0005,1612875.616,469312.686,184.4,2162.2876,100,19.05,28,100,0,1,100,4400.0,3300,900,3.8,25.3,0.1,11,362.1909166,500,200,3.5,22.7,0.1,0,236.4745687,1500,400,3.8,26,0.1,32,-297.446094,1500,700,2.2,27.3,0.1
391.303528,1,AUTO,ARMED,5,AVAILABLE,UNAVAILABLE,UNAVAILABLE,285,4,ACTIVE,711,D_P3-A5.NC,D_P3-A5.NC,6,0.000668021,20,0.0005,1612875.616,469312.686,184.4,1988.3441,100,19.05,28,100,0,1,100,4400.0,3300,900,3.8,25.3,0.1,11,364.1532085,500,200,3.5,22.7,0.1,0,236.4746145,1500,400,3.8,26,0.1,32,-297.4461054,1500,700,2.2,27.3,0.1
391.453093,1,AUTO,ARMED,5,AVAILABLE,UNAVAILABLE,UNAVAILABLE,285,4,ACTIVE,711,D_P3-A5.NC,D_P3-A5.NC,6,0.000668021,20,0.0005,1612875.616,469312.686,184.4,1988.3441,100,19.05,29,100,0,0,100,4400.0,3300,900,3.8,25.3,0.1,10,368.0821639,500,200,3.5,22.7,0.1,0,236.4746145,1500,400,3.8,26,0.1,32,-297.446094,1500,700,2.2,27.3,0.1
391.604099,1,AUTO,ARMED,5,AVAILABLE,UNAVAILABLE,UNAVAILABLE,285,4,ACTIVE,711,D_P3-A5.NC,D_P3-A5.NC,6,0.000668021,20,0.0005,1612875.616,469312.686,184.4,1988.3441,100,19.05,29,100,0,0,100,4400.0,3300,900,3.8,25.3,0.1,10,370.0443185,500,200,3.5,22.7,0.1,0,236.4746031,1500,400,3.8,26,0.1,32,-297.4461054,1500,700,2.2,27.3,0.1
391.851922,1,AUTO,ARMED,5,AVAILABLE,UNAVAILABLE,UNAVAILABLE,285,4,ACTIVE,711,D_P3-A5.NC,D_P3-A5.NC,6,0.000668021,20,0.0005,1612875.616,469312.686,184.4,1988.3441,100,19.05,29,100,0,1,100,4400.0,3300,900,3.8,25.3,0.1,9,373.9733884,500,200,3.5,22.7,0.1,0,236.474626,1500,400,3.8,26,0.1,32,-297.446094,1500,700,2.2,27.3,0.1
392.049938,1,AUTO,ARMED,5,AVAILABLE,UNAVAILABLE,UNAVAILABLE,285,4,ACTIVE,711,D_P3-A5.NC,D_P3-A5.NC,6,0.000668021,20,0.0005,1612875.616,469312.686,184.4,1988.3441,100,19.05,29,100,0,1,100,4400.0,2600,700,3.9,25.3,0.1,11,378.8882448,200,0,3.8,22.7,0.0,0,236.4746031,1100,300,3.7,26,0.1,32,-297.4461054,1300,700,2.0,27.3,0.2
392.275045,1,AUTO,ARMED,5,AVAILABLE,UNAVAILABLE,UNAVAILABLE,285,4,ACTIVE,711,D_P3-A5.NC,D_P3-A5.NC,6,0.000668021,20,0.0005,1612875.616,469312.686,184.4,1988.3441,100,19.05,29,100,0,1,100,4400.0,2600,700,3.9,25.3,0.1,11,382.8124894,200,0,3.8,22.7,0.0,0,236.4746145,1100,300,3.7,26,0.1,32,-297.446094,1300,700,2.0,27.3,0.2
392.428759,1,AUTO,ARMED,5,AVAILABLE,UNAVAILABLE,UNAVAILABLE,285,4,ACTIVE,711,D_P3-A5.NC,D_P3-A5.NC,6,0.000668021,20,0.0005,1612875.616,469312.686,184.4,1988.3441,100,19.05,30,100,0,0,100,4400.0,2600,700,3.9,25.3,0.1,12,384.7794459,200,0,3.8,22.7,0.0,0,236.4745802,1100,300,3.7,26,0.1,32,-297.4461054,1300,700,2.0,27.3,0.2
392.572299,1,AUTO,ARMED,5,AVAILABLE,UNAVAILABLE,UNAVAILABLE,285,4,ACTIVE,711,D_P3-A5.NC,D_P3-A5.NC,6,0.000668021,20,0.0005,1612875.616,469312.686,184.4,1988.3441,100,19.05,30,100,0,0,100,4400.0,2600,700,3.9,25.3,0.1,10,388.7037223,200,0,3.8,22.7,0.0,0,236.4746145,1100,300,3.7,26,0.1,32,-297.446094,1300,700,2.0,27.3,0.2
392.800742,1,AUTO,ARMED,5,AVAILABLE,UNAVAILABLE,UNAVAILABLE,285,4,ACTIVE,711,D_P3-A5.NC,D_P3-A5.NC,6,0.000668021,20,0.0005,1612875.616,469312.686,184.4,1998.5516,100,19.05,30,100,0,0,100,4400.0,2600,700,3.9,25.3,0.1,9,394.5949094,200,0,3.8,22.7,0.0,0,236.4746031,1100,300,3.7,26,0.1,32,-297.446094,1300,700,2.0,27.3,0.2
393.062239,1,AUTO,ARMED,5,AVAILABLE,UNAVAILABLE,UNAVAILABLE,285,4,ACTIVE,711,D_P3-A5.NC,D_P3-A5.NC,6,0.000668021,20,0.0005,1612875.616,469312.686,184.4,1998.5516,100,19.05,30,100,0,0,100,4400.0,2600,700,3.9,25.3,0.1,8,398.5286965,200,0,3.8,22.7,0.0,0,236.4745916,1100,300,3.7,26,0.1,32,-297.446094,1300,700,2.0,27.3,0.2
393.20977,1,AUTO,ARMED,5,AVAILABLE,UNAVAILABLE,UNAVAILABLE,285,4,ACTIVE,711,D_P3-A5.NC,D_P3-A5.NC,6,0.000668021,20,0.0005,1612875.616,469312.686,184.4,1998.5516,100,13.98333,30,100,0,0,100,4400.0,2600,700,3.9,25.3,0.1,8,399.8386923,200,0,3.8,22.7,0.0,0,236.4746031,1100,300,3.7,26,0.1,32,-297.4461054,1300,700,2.0,27.3,0.2
393.351021,1,AUTO,ARMED,5,AVAILABLE,UNAVAILABLE,UNAVAILABLE,286,4,ACTIVE,711,D_P3-A5.NC,D_P3-A5.NC,6,0.000668021,20,0.0005,1612875.616,469312.686,184.4,1998.5516,100,7.633333,30,100,0,0,100,4400.0,2600,700,3.9,25.3,0.1,1,399.8405235,200,0,3.8,22.7,0.0,0,236.4746031,1100,300,3.7,26,0.1,32,-297.446094,1300,700,2.0,27.3,0.2
393.501704,1,AUTO,ARMED,5,AVAILABLE,UNAVAILABLE,UNAVAILABLE,286,4,ACTIVE,711,D_P3-A5.NC,D_P3-A5.NC,6,0.000668021,20,0.0005,1612875.616,469312.686,184.4,1998.5516,100,0.0,31,100,0,0,100,4400.0,2600,700,3.9,25.3,0.1,7,399.8409584,200,0,3.8,22.7,0.0,0,236.4746031,1100,300,3.7,26,0.1,32,-297.4461054,1300,700,2.0,27.3,0.2
393.66675,1,AUTO,ARMED,5,AVAILABLE,UNAVAILABLE,UNAVAILABLE,286,4,ACTIVE,711,D_P3-A5.NC,D_P3-A5.NC,6,0.000668021,20,0.0005,1612875.616,469312.686,184.4,1998.5516,100,0.0,31,100,0,1,100,4400.0,2600,700,3.9,25.3,0.1,6,399.8409126,200,0,3.8,22.7,0.0,0,236.4745916,1100,300,3.7,26,0.1,32,-297.4461054,1300,700,2.0,27.3,0.2
393.805845,1,AUTO,ARMED,5,AVAILABLE,UNAVAILABLE,UNAVAILABLE,286,4,ACTIVE,711,D_P3-A5.NC,D_P3-A5.NC,6,0.000668021,20,0.0005,1612875.616,469312.686,184.4,1998.5516,100,0.0,31,100,0,1,100,4400.0,2600,700,3.8,25.3,0.1,6,399.8409011,600,100,3.8,22.7,0.1,0,236.4746031,1200,300,3.6,26,0.1,32,-297.4461054,1400,700,2.1,27.3,0.1
393.943847,1,AUTO,ARMED,5,AVAILABLE,UNAVAILABLE,UNAVAILABLE,286,4,ACTIVE,711,D_P3-A5.NC,D_P3-A5.NC,6,0.000668021,20,0.0005,1612875.616,469312.686,184.4,2147.8774,100,0.0,31,100,0,0,100,4400.0,2600,700,3.8,25.3,0.1,6,399.8409011,600,100,3.8,22.7,0.1,0,236.4746031,1200,300,3.6,26,0.1,32,-297.4461054,1400,700,2.1,27.3,0.1
394.084979,1,AUTO,ARMED,5,AVAILABLE,UNAVAILABLE,UNAVAILABLE,286,4,ACTIVE,711,D_P3-A5.NC,D_P3-A5.NC,6,0.000668021,20,0.0005,1612875.616,469312.686,184.4,2147.8774,100,0.0,31,100,0,0,100,4400.0,2600,700,3.8,25.3,0.1,6,399.8409011,600,100,3.8,22.7,0.1,0,236.4746031,1200,300,3.6,26,0.1,32,-297.446094,1400,700,2.1,27.3,0.1
394.229748,1,AUTO,ARMED,5,AVAILABLE,UNAVAILABLE,UNAVAILABLE,287,4,ACTIVE,711,D_P3-A5.NC,D_P3-A5.NC,6,0.000668021,20,0.0005,1612875.616,469312.686,184.4,2147.8774,100,5.15,31,100,0,0,100,4400.0,2600,700,3.8,25.3,0.1,6,399.8409011,600,100,3.8,22.7,0.1,0,236.4746031,1200,300,3.6,26,0.1,32,-297.446094,1400,700,2.1,27.3,0.1
394.369356,1,AUTO,ARMED,5,AVAILABLE,UNAVAILABLE,UNAVAILABLE,287,4,ACTIVE,711,D_P3-A5.NC,D_P3-A5.NC,6,0.000668021,20,0.0005,1612875.616,469312.686,184.4,2147.8774,100,12.1,31,100,0,0,100,4400.0,2600,700,3.8,25.3,0.1,10,399.5814898,600,100,3.8,22.7,0.1,9,236.6019288,1200,300,3.6,26,0.1,32,-297.4461054,1400,700,2.1,27.3,0.1
394.514091,1,AUTO,ARMED,5,AVAILABLE,UNAVAILABLE,UNAVAILABLE,288,4,ACTIVE,711,D_P3-A5.NC,D_P3-A5.NC,6,0.000668021,20,0.0005,1612875.616,469312.686,184.4,2147.8774,100,12.1,32,100,0,1,100,4400.0,2600,700,3.8,25.3,0.1,8,395.6984362,600,100,3.8,22.7,0.1,3,236.6016542,1200,300,3.6,26,0.1,32,-297.4461054,1400,700,2.1,27.3,0.1
394.668394,1,AUTO,ARMED,5,AVAILABLE,UNAVAILABLE,UNAVAILABLE,288,4,ACTIVE,711,D_P3-A5.NC,D_P3-A5.NC,6,0.000668021,20,0.0005,1612875.616,469312.686,184.4,2147.8774,100,19.05,32,100,0,0,100,4400.0,2600,700,3.8,25.3,0.1,8,391.7691109,600,100,3.8,22.7,0.1,3,236.6016084,1200,300,3.6,26,0.1,32,-297.446094,1400,700,2.1,27.3,0.1
394.836802,1,AUTO,ARMED,5,AVAILABLE,UNAVAILABLE,UNAVAILABLE,288,4,ACTIVE,711,D_P3-A5.NC,D_P3-A5.NC,6,0.000668021,20,0.0005,1612875.616,469312.686,184.4,2147.8774,100,19.05,32,100,0,0,100,4400.0,2600,700,3.8,25.3,0.1,8,389.8023997,600,100,3.8,22.7,0.1,3,236.6015969,1200,300,3.6,26,0.1,32,-297.446094,1400,700,2.1,27.3,0.1
394.977766,1,AUTO,ARMED,5,AVAILABLE,UNAVAILABLE,UNAVAILABLE,288,4,ACTIVE,711,D_P3-A5.NC,D_P3-A5.NC,6,0.000668021,20,0.0005,1612875.616,469312.686,184.4,2138.5549,100,19.05,32,100,0,0,100,4400.0,2600,700,3.8,25.3,0.1,9,385.8779842,600,100,3.8,22.7,0.1,3,236.6015397,1200,300,3.6,26,0.1,32,-297.446094,1400,700,2.1,27.3,0.1
395.127789,1,AUTO,ARMED,5,AVAILABLE,UNAVAILABLE,UNAVAILABLE,288,4,ACTIVE,711,D_P3-A5.NC,D_P3-A5.NC,6,0.000668021,20,0.0005,1612875.616,469312.686,184.4,2138.5549,100,19.05,32,100,0,0,100,4400.0,2600,700,3.8,25.3,0.1,9,383.9113188,600,100,3.8,22.7,0.1,3,236.6015969,1200,300,3.6,26,0.1,32,-297.4461054,1400,700,2.1,27.3,0.1
395.262795,1,AUTO,ARMED,5,AVAILABLE,UNAVAILABLE,UNAVAILABLE,288,4,ACTIVE,711,D_P3-A5.NC,D_P3-A5.NC,6,0.000668021,20,0.0005,1612875.616,469312.686,184.4,2138.5549,100,19.05,32,100,0,0,100,4400.0,3000,900,3.5,25.3,0.1,9,379.9869235,500,100,3.7,22.7,0.1,3,236.6016084,1200,300,3.4,26,0.1,32,-297.446094,1400,700,2.1,27.3,0.1
395.427666,1,AUTO,ARMED,5,AVAILABLE,UNAVAILABLE,UNAVAILABLE,288,4,ACTIVE,711,D_P3-A5.NC,D_P3-A5.NC,6,0.000668021,20,0.0005,1612875.616,469312.686,184.4,2138.5549,100,19.05,33,100,0,0,100,4400.0,3000,900,3.5,25.3,0.1,8,378.0151756,500,100,3.7,22.7,0.1,4,236.6015855,1200,300,3.4,26,0.1,32,-297.446094,1400,700,2.1,27.3,0.1
395.575698,1,AUTO,ARMED,5,AVAILABLE,UNAVAILABLE,UNAVAILABLE,288,4,ACTIVE,711,D_P3-A5.NC,D_P3-A5.NC,6,0.000668021,20,0.0005,1612875.616,469312.686,184.4,2138.5549,100,19.05,33,100,0,0,100,4400.0,3000,900,3.5,25.3,0.1,8,376.0530866,500,100,3.7,22.7,0.1,4,236.6016084,1200,300,3.4,26,0.1,32,-297.4461054,1400,700,2.1,27.3,0.1
395.720455,1,AUTO,ARMED,5,AVAILABLE,UNAVAILABLE,UNAVAILABLE,288,4,ACTIVE,711,D_P3-A5.NC,D_P3-A5.NC,6,0.000668021,20,0.0005,1612875.616,469312.686,184.4,2138.5549,100,19.05,33,100,0,1,100,4400.0,3000,900,3.5,25.3,0.1,7,372.1239877,500,100,3.7,22.7,0.1,4,236.6016084,1200,300,3.4,26,0.1,32,-297.446094,1400,700,2.1,27.3,0.1
395.885626,1,AUTO,ARMED,5,AVAILABLE,UNAVAILABLE,UNAVAILABLE,288,4,ACTIVE,711,D_P3-A5.NC,D_P3-A5.NC,6,0.000668021,20,0.0005,1612875.616,469312.686,184.4,2138.5549,100,19.05,33,100,0,0,100,4400.0,3000,900,3.5,25.3,0.1,7,371.1429031,500,100,3.7,22.7,0.1,4,236.6016084,1200,300,3.4,26,0.1,32,-297.4461054,1400,700,2.1,27.3,0.1
396.033286,1,AUTO,ARMED,5,AVAILABLE,UNAVAILABLE,UNAVAILABLE,288,4,ACTIVE,711,D_P3-A5.NC,D_P3-A5.NC,6,0.000668021,20,0.0005,1612875.616,469312.686,184.4,2149.1135,100,19.05,33,100,0,1,100,4400.0,3000,900,3.5,25.3,0.1,8,365.24684,500,100,3.7,22.7,0.1,4,236.6016084,1200,300,3.4,26,0.1,32,-297.4461054,1400,700,2.1,27.3,0.1
396.181811,1,AUTO,ARMED,5,AVAILABLE,UNAVAILABLE,UNAVAILABLE,288,4,ACTIVE,711,D_P3-A5.NC,D_P3-A5.NC,6,0.000668021,20,0.0005,1612875.616,469312.686,184.4,2149.1135,100,19.05,33,100,0,1,100,4400.0,3000,900,3.5,25.3,0.1,8,363.2848082,500,100,3.7,22.7,0.1,4,236.6015855,1200,300,3.4,26,0.1,32,-297.446094,1400,700,2.1,27.3,0.1
396.325455,1,AUTO,ARMED,5,AVAILABLE,UNAVAILABLE,UNAVAILABLE,288,4,ACTIVE,711,D_P3-A5.NC,D_P3-A5.NC,6,0.000668021,20,0.0005,1612875.616,469312.686,184.4,2149.1135,100,19.05,33,100,0,1,100,4400.0,3000,900,3.5,25.3,0.1,8,361.3225476,500,100,3.7,22.7,0.1,4,236.6016084,1200,300,3.4,26,0.1,32,-297.4461054,1400,700,2.1,27.3,0.1
396.476016,1,AUTO,ARMED,5,AVAILABLE,UNAVAILABLE,UNAVAILABLE,288,4,ACTIVE,711,D_P3-A5.NC,D_P3-A5.NC,6,0.000668021,20,0.0005,1612875.616,469312.686,184.4,2149.1135,100,19.05,34,100,0,0,100,4400.0,3000,900,3.5,25.3,0.1,9,357.3937118,500,100,3.7,22.7,0.1,4,236.6016084,1200,300,3.4,26,0.1,32,-297.446094,1400,700,2.1,27.3,0.1
396.615538,1,AUTO,ARMED,5,AVAILABLE,UNAVAILABLE,UNAVAILABLE,288,4,ACTIVE,711,D_P3-A5.NC,D_P3-A5.NC,6,0.000668021,20,0.0005,1612875.616,469312.686,184.4,2149.1135,100,19.05,34,100,0,1,100,4400.0,3000,900,3.5,25.3,0.1,7,355.4311476,500,100,3.7,22.7,0.1,4,236.6015969,1200,300,3.4,26,0.1,32,-297.446094,1400,700,2.1,27.3,0.1
396.754701,1,AUTO,ARMED,5,AVAILABLE,UNAVAILABLE,UNAVAILABLE,288,4,ACTIVE,711,D_P3-A5.NC,D_P3-A5.NC,6,0.000668021,20,0.0005,1612875.616,469312.686,184.4,2149.1135,100,19.05,34,100,0,1,100,4400.0,2800,800,3.5,25.3,0.1,7,351.4976606,300,100,3.6,22.7,0.0,4,236.6016198,1100,300,3.1,26,0.1,32,-297.4461054,1400,700,2.1,27.3,0.1
396.902128,1,AUTO,ARMED,5,AVAILABLE,UNAVAILABLE,UNAVAILABLE,288,4,ACTIVE,711,D_P3-A5.NC,D_P3-A5.NC,6,0.000668021,20,0.0005,1612875.616,469312.686,184.4,2149.1135,100,19.05,34,100,0,1,100,4400.0,2800,800,3.5,25.3,0.1,9,349.53526,300,100,3.6,22.7,0.0,4,236.6016084,1100,300,3.1,26,0.1,32,-297.4460825,1400,700,2.1,27.3,0.1
397.06013,1,AUTO,ARMED,5,AVAILABLE,UNAVAILABLE,UNAVAILABLE,288,4,ACTIVE,711,D_P3-A5.NC,D_P3-A5.NC,6,0.000668021,20,0.0005,1612875.616,469312.686,184.4,2149.1135,100,19.05,34,100,0,1,100,4400.0,2800,800,3.5,25.3,0.1,9,347.5732829,300,100,3.6,22.7,0.0,4,236.6016198,1100,300,3.1,26,0.1,32,-297.4461054,1400,700,2.1,27.3,0.1
397.223105,1,AUTO,ARMED,5,AVAILABLE,UNAVAILABLE,UNAVAILABLE,288,4,ACTIVE,711,D_P3-A5.NC,D_P3-A5.NC,6,0.000668021,20,0.0005,1612875.616,469312.686,184.4,2004.9598,100,19.05,34,100,0,0,100,4400.0,2800,800,3.5,25.3,0.1,7,343.6440873,300,100,3.6,22.7,0.0,4,236.6016198,1100,300,3.1,26,0.1,32,-297.4461054,1400,700,2.1,27.3,0.1
397.366938,1,AUTO,ARMED,5,AVAILABLE,UNAVAILABLE,UNAVAILABLE,288,4,ACTIVE,711,D_P3-A5.NC,D_P3-A5.NC,6,0.000668021,20,0.0005,1612875.616,469312.686,184.4,2004.9598,100,19.05,34,100,0,1,100,4400.0,2800,800,3.5,25.3,0.1,8,339.710337,300,100,3.6,22.7,0.0,4,236.6016084,1100,300,3.1,26,0.1,32,-297.446094,1400,700,2.1,27.3,0.1
397.511623,1,AUTO,ARMED,5,AVAILABLE,UNAVAILABLE,UNAVAILABLE,288,4,ACTIVE,711,D_P3-A5.NC,D_P3-A5.NC,6,0.000668021,20,0.0005,1612875.616,469312.686,184.4,2004.9598,100,19.05,35,100,0,0,100,4400.0,2800,800,3.5,25.3,0.1,8,337.7479937,300,100,3.6,22.7,0.0,3,236.6015969,1100,300,3.1,26,0.1,32,-297.4461054,1400,700,2.1,27.3,0.1
397.652455,1,AUTO,ARMED,5,AVAILABLE,UNAVAILABLE,UNAVAILABLE,288,4,ACTIVE,711,D_P3-A5.NC,D_P3-A5.NC,6,0.000668021,20,0.0005,1612875.616,469312.686,184.4,2004.9598,100,19.05,35,100,0,1,100,4400.0,2800,800,3.5,25.3,0.1,8,334.8050394,300,100,3.6,22.7,0.0,4,236.6016084,1100,300,3.1,26,0.1,32,-297.446094,1400,700,2.1,27.3,0.1
397.805144,1,AUTO,ARMED,5,AVAILABLE,UNAVAILABLE,UNAVAILABLE,288,4,ACTIVE,711,D_P3-A5.NC,D_P3-A5.NC,6,0.000668021,20,0.0005,1612875.616,469312.686,184.4,2004.9598,100,19.05,35,100,0,1,100,4400.0,2800,800,3.5,25.3,0.1,8,332.8379354,300,100,3.6,22.7,0.0,4,236.6015969,1100,300,3.1,26,0.1,32,-297.446094,1400,700,2.1,27.3,0.1
397.944074,1,AUTO,ARMED,5,AVAILABLE,UNAVAILABLE,UNAVAILABLE,288,4,ACTIVE,711,D_P3-A5.NC,D_P3-A5.NC,6,0.000668021,20,0.0005,1612875.616,469312.686,184.4,2004.9598,100,19.05,35,100,0,0,100,4400.0,2800,800,3.5,25.3,0.1,8,330.87621,300,100,3.6,22.7,0.0,3,236.6016313,1100,300,3.1,26,0.1,32,-297.446094,1400,700,2.1,27.3,0.1
398.08769,1,AUTO,ARMED,5,AVAILABLE,UNAVAILABLE,UNAVAILABLE,288,4,ACTIVE,711,D_P3-A5.NC,D_P3-A5.NC,6,0.000668021,20,0.0005,1612875.616,469312.686,184.4,2004.9598,100,19.05,35,100,0,0,100,4400.0,2800,800,3.5,25.3,0.1,8,328.9137886,300,100,3.6,22.7,0.0,3,236.6016313,1100,300,3.1,26,0.1,32,-297.4461054,1400,700,2.1,27.3,0.1
398.245395,1,AUTO,ARMED,5,AVAILABLE,UNAVAILABLE,UNAVAILABLE,288,4,ACTIVE,711,D_P3-A5.NC,D_P3-A5.NC,6,0.000668021,20,0.0005,1612875.616,469312.686,184.4,1988.4741,100,19.05,35,100,0,0,100,4400.0,2400,700,3.6,25.3,0.1,10,323.0224773,200,0,4.0,22.7,0.0,3,236.6016084,4000,400,9.4,26,0.1,32,-297.446094,1300,700,2.0,27.3,0.1
398.390091,1,AUTO,ARMED,5,AVAILABLE,UNAVAILABLE,UNAVAILABLE,288,4,ACTIVE,711,D_P3-A5.NC,D_P3-A5.NC,6,0.000668021,20,0.0005,1612875.616,469312.686,184.4,1988.4741,100,19.05,36,100,0,1,100,4400.0,2400,700,3.6,25.3,0.1,9,321.0508559,200,0,4.0,22.7,0.0,3,236.6016084,4000,400,9.4,26,0.1,32,-297.4461054,1300,700,2.0,27.3,0.1
398.532857,1,AUTO,ARMED,5,AVAILABLE,UNAVAILABLE,UNAVAILABLE,288,4,ACTIVE,711,D_P3-A5.NC,D_P3-A5.NC,6,0.000668021,20,0.0005,1612875.616,469312.686,184.4,1988.4741,100,19.05,36,100,0,1,100,4400.0,2400,700,3.6,25.3,0.1,8,319.09235,200,0,4.0,22.7,0.0,3,236.6015969,4000,400,9.4,26,0.1,32,-297.446094,1300,700,2.0,27.3,0.1
398.684732,1,AUTO,ARMED,5,AVAILABLE,UNAVAILABLE,UNAVAILABLE,289,4,ACTIVE,711,D_P3-A5.NC,D_P3-A5.NC,6,0.000668021,20,0.0005,1612875.616,469312.686,184.4,1988.4741,100,6.35,36,100,0,1,100,4400.0,2400,700,3.6,25.3,0.1,8,318.5608277,200,0,4.0,22.7,0.0,3,236.6015969,4000,400,9.4,26,0.1,32,-297.446094,1300,700,2.0,27.3,0.1
398.82669,1,AUTO,ARMED,5,AVAILABLE,UNAVAILABLE,UNAVAILABLE,289,4,ACTIVE,711,D_P3-A5.NC,D_P3-A5.NC,6,0.000668021,20,0.0005,1612875.616,469312.686,184.4,1988.4741,100,0.0,36,100,0,0,100,4400.0,2400,700,3.6,25.3,0.1,7,318.5608391,200,0,4.0,22.7,0.0,3,236.6015969,4000,400,9.4,26,0.1,32,-297.4461054,1300,700,2.0,27.3,0.1
398.965043,1,AUTO,ARMED,5,AVAILABLE,UNAVAILABLE,UNAVAILABLE,289,4,ACTIVE,711,D_P3-A5.NC,D_P3-A5.NC,6,0.000668021,20,0.0005,1612875.616,469312.686,184.4,1988.4741,100,0.0,36,100,0,0,100,4400.0,2400,700,3.6,25.3,0.1,7,318.5608735,200,0,4.0,22.7,0.0,3,236.6015969,4000,400,9.4,26,0.1,32,-297.4461054,1300,700,2.0,27.3,0.1
399.109748,1,AUTO,ARMED,5,AVAILABLE,UNAVAILABLE,UNAVAILABLE,289,4,ACTIVE,711,D_P3-A5.NC,D_P3-A5.NC,6,0.000668021,20,0.0005,1612875.616,469312.686,184.4,1988.4741,100,0.0,36,100,0,1,100,4400.0,2400,700,3.6,25.3,0.1,6,318.5609078,200,0,4.0,22.7,0.0,3,236.6015969,4000,400,9.4,26,0.1,32,-297.446094,1300,700,2.0,27.3,0.1
399.267416,1,AUTO,ARMED,5,AVAILABLE,UNAVAILABLE,UNAVAILABLE,289,4,ACTIVE,711,D_P3-A5.NC,D_P3-A5.NC,6,0.000668021,20,0.0005,1612875.616,469312.686,184.4,1988.4741,100,0.0,36,100,0,0,100,4400.0,2400,700,3.6,25.3,0.1,6,318.5608964,200,0,4.0,22.7,0.0,3,236.6016084,4000,400,9.4,26,0.1,32,-297.4461054,1300,700,2.0,27.3,0.1
399.421361,1,AUTO,ARMED,5,AVAILABLE,UNAVAILABLE,UNAVAILABLE,289,4,ACTIVE,711,D_P3-A5.NC,D_P3-A5.NC,6,0.000668021,20,0.0005,1612875.616,469312.686,184.4,1974.3699,100,0.0,37,100,0,0,100,4400.0,2400,700,3.6,25.3,0.1,6,318.5608964,200,0,4.0,22.7,0.0,3,236.6015969,4000,400,9.4,26,0.1,32,-297.446094,1300,700,2.0,27.3,0.1
399.57413,1,AUTO,ARMED,5,AVAILABLE,UNAVAILABLE,UNAVAILABLE,289,4,ACTIVE,711,D_P3-A5.NC,D_P3-A5.NC,6,0.000668021,20,0.0005,1612875.616,469312.686,184.4,1974.3699,100,0.0,37,100,0,1,100,4400.0,2400,700,3.6,25.3,0.1,6,318.5608964,200,0,4.0,22.7,0.0,3,236.6016084,4000,400,9.4,26,0.1,32,-297.4461054,1300,700,2.0,27.3,0.1
399.718302,1,AUTO,ARMED,5,AVAILABLE,UNAVAILABLE,UNAVAILABLE,292,4,ACTIVE,711,D_P3-A5.NC,D_P3-A5.NC,6,0.000668021,20,0.0005,1612875.616,469312.686,184.4,1974.3699,100,0.0,37,100,0,1,100,4400.0,2400,700,3.6,25.3,0.1,6,318.5608964,200,0,4.0,22.7,0.0,3,236.7295292,4000,400,9.4,26,0.1,32,-297.446094,1300,700,2.0,27.3,0.1
399.860572,1,AUTO,ARMED,5,AVAILABLE,UNAVAILABLE,UNAVAILABLE,293,4,ACTIVE,711,D_P3-A5.NC,D_P3-A5.NC,6,0.000668021,20,0.0005,1612875.616,469312.686,184.4,1974.3699,100,0.0,37,100,0,0,100,4400.0,2300,700,3.4,25.3,0.1,6,318.5609078,600,100,4.8,22.7,0.1,1,236.7285565,1300,300,3.9,26,0.1,32,-297.4461054,1400,700,2.1,27.3,0.2
400.00058,1,AUTO,ARMED,5,AVAILABLE,UNAVAILABLE,UNAVAILABLE,293,4,ACTIVE,711,D_P3-A5.NC,D_P3-A5.NC,6,0.000668021,20,0.0005,1612875.616,469312.686,184.4,1974.3699,100,0.0,37,100,0,1,100,4400.0,2300,700,3.4,25.3,0.1,5,318.5609078,600,100,4.8,22.7,0.1,0,236.7285679,1300,300,3.9,26,0.1,32,-297.4461054,1400,700,2.1,27.3,0.2
400.146198,1,AUTO,ARMED,5,AVAILABLE,UNAVAILABLE,UNAVAILABLE,293,4,ACTIVE,711,D_P3-A5.NC,D_P3-A5.NC,6,0.000668021,20,0.0005,1612875.616,469312.686,184.4,1974.3699,100,0.0,37,100,0,1,100,4400.0,2300,700,3.4,25.3,0.1,5,318.5608964,600,100,4.8,22.7,0.1,0,236.7285794,1300,300,3.9,26,0.1,32,-297.446094,1400,700,2.1,27.3,0.2
400.290581,1,AUTO,ARMED,5,AVAILABLE,UNAVAILABLE,UNAVAILABLE,293,4,ACTIVE,711,D_P3-A5.NC,D_P3-A5.NC,6,0.000668021,20,0.0005,1612875.616,469312.686,184.4,1974.3699,100,0.0,38,100,0,0,100,4400.0,2300,700,3.4,25.3,0.1,5,318.5608964,600,100,4.8,22.7,0.1,0,236.7285908,1300,300,3.9,26,0.1,32,-297.446094,1400,700,2.1,27.3,0.2
400.435203,1,AUTO,ARMED,5,AVAILABLE,UNAVAILABLE,UNAVAILABLE,293,4,ACTIVE,711,D_P3-A5.NC,D_P3-A5.NC,6,0.000668021,20,0.0005,1612875.616,469312.686,184.4,2200.1313,100,0.0,38,100,0,0,100,4400.0,2300,700,3.4,25.3,0.1,5,318.5608964,600,100,4.8,22.7,0.1,0,236.7285908,1300,300,3.9,26,0.1,32,-297.446094,1400,700,2.1,27.3,0.2
400.5935,1,AUTO,ARMED,5,AVAILABLE,UNAVAILABLE,UNAVAILABLE,293,4,ACTIVE,711,D_P3-A5.NC,D_P3-A5.NC,6,0.000668021,20,0.0005,1612875.616,469312.686,184.4,2200.1313,100,0.0,38,100,0,0,100,4400.0,2300,700,3.4,25.3,0.1,5,318.5608964,600,100,4.8,22.7,0.1,0,236.7285908,1300,300,3.9,26,0.1,32,-297.4461054,1400,700,2.1,27.3,0.2
400.734745,1,AUTO,ARMED,5,AVAILABLE,UNAVAILABLE,UNAVAILABLE,294,4,ACTIVE,711,D_P3-A5.NC,D_P3-A5.NC,6,0.000668021,20,0.0005,1612875.616,469312.686,184.4,2200.1313,100,0.0,38,100,0,0,100,4400.0,2300,700,3.4,25.3,0.1,5,319.4415431,600,100,4.8,22.7,0.1,0,236.7286023,1300,300,3.9,26,0.1,32,-297.4461054,1400,700,2.1,27.3,0.2
400.875173,1,AUTO,ARMED,5,AVAILABLE,UNAVAILABLE,UNAVAILABLE,294,4,ACTIVE,711,D_P3-A5.NC,D_P3-A5.NC,6,0.000668021,20,0.0005,1612875.616,469312.686,184.4,2200.1313,100,21.16667,38,100,0,0,100,4400.0,2300,700,3.4,25.3,0.1,5,321.6233484,600,100,4.8,22.7,0.1,0,236.7285908,1300,300,3.9,26,0.1,32,-297.446094,1400,700,2.1,27.3,0.2
401.012936,1,AUTO,ARMED,5,AVAILABLE,UNAVAILABLE,UNAVAILABLE,294,4,ACTIVE,711,D_P3-A5.NC,D_P3-A5.NC,6,0.000668021,20,0.0005,1612875.616,469312.686,184.4,2200.1313,100,21.16667,38,100,0,0,100,4400.0,2300,700,3.4,25.3,0.1,9,323.8035286,600,100,4.8,22.7,0.1,0,236.7285908,1300,300,3.9,26,0.1,32,-297.4461054,1400,700,2.1,27.3,0.2
401.161227,1,AUTO,ARMED,5,AVAILABLE,UNAVAILABLE,UNAVAILABLE,294,4,ACTIVE,711,D_P3-A5.NC,D_P3-A5.NC,6,0.000668021,20,0.0005,1612875.616,469312.686,184.4,2200.1313,100,21.16667,38,100,0,1,100,4400.0,2300,700,3.4,25.3,0.1,9,330.3492833,600,100,4.8,22.7,0.1,0,236.7285908,1300,300,3.9,26,0.1,32,-297.4461054,1400,700,2.1,27.3,0.2
401.308918,1,AUTO,ARMED,5,AVAILABLE,UNAVAILABLE,UNAVAILABLE,294,4,ACTIVE,711,D_P3-A5.NC,D_P3-A5.NC,6,0.000668021,20,0.0005,1612875.616,469312.686,184.4,2200.1313,100,21.16667,38,100,0,0,100,4400.0,2300,700,3.4,25.3,0.1,9,332.5294518,600,100,4.8,22.7,0.1,0,236.7285336,1300,300,3.9,26,0.1,32,-297.446094,1400,700,2.1,27.3,0.2
401.460757,1,AUTO,ARMED,5,AVAILABLE,UNAVAILABLE,UNAVAILABLE,294,4,ACTIVE,711,D_P3-A5.NC,D_P3-A5.NC,6,0.000668021,20,0.0005,1612875.616,469312.686,184.4,2200.1313,100,21.16667,39,100,0,0,100,4400.0,3400,900,3.9,25.3,0.1,9,333.6196562,500,200,3.4,22.7,0.1,0,236.7285794,1400,400,3.9,26,0.1,32,-297.4461054,1500,700,2.3,27.3,0.1
401.619107,1,AUTO,ARMED,5,AVAILABLE,UNAVAILABLE,UNAVAILABLE,294,4,ACTIVE,711,D_P3-A5.NC,D_P3-A5.NC,6,0.000668021,20,0.0005,1612875.616,469312.686,184.4,2186.6907,100,21.16667,39,100,0,0,100,4400.0,3400,900,3.9,25.3,0.1,11,337.9906591,500,200,3.4,22.7,0.1,0,236.7285908,1400,400,3.9,26,0.1,32,-297.446094,1500,700,2.3,27.3,0.1
401.775078,1,AUTO,ARMED,5,AVAILABLE,UNAVAILABLE,UNAVAILABLE,294,4,ACTIVE,711,D_P3-A5.NC,D_P3-A5.NC,6,0.000668021,20,0.0005,1612875.616,469312.686,184.4,2186.6907,100,21.16667,39,100,0,1,100,4400.0,3400,900,3.9,25.3,0.1,10,342.3561116,500,200,3.4,22.7,0.1,0,236.7285794,1400,400,3.9,26,0.1,32,-297.4461054,1500,700,2.3,27.3,0.1
401.92157,1,AUTO,ARMED,5,AVAILABLE,UNAVAILABLE,UNAVAILABLE,294,4,ACTIVE,711,D_P3-A5.NC,D_P3-A5.NC,6,0.000668021,20,0.0005,1612875.616,469312.686,184.4,2186.6907,100,21.16667,39,100,0,1,100,4400.0,3400,900,3.9,25.3,0.1,10,344.5362115,500,200,3.4,22.7,0.1,0,236.7286137,1400,400,3.9,26,0.1,32,-297.446094,1500,700,2.3,27.3,0.1
402.060307,1,AUTO,ARMED,5,AVAILABLE,UNAVAILABLE,UNAVAILABLE,294,4,ACTIVE,711,D_P3-A5.NC,D_P3-A5.NC,6,0.000668021,20,0.0005,1612875.616,469312.686,184.4,2186.6907,100,21.16667,39,100,0,1,100,4400.0,3400,900,3.9,25.3,0.1,10,346.7163342,500,200,3.4,22.7,0.1,0,236.7285908,1400,400,3.9,26,0.1,32,-297.446094,1500,700,2.3,27.3,0.1
402.205778,1,AUTO,ARMED,5,AVAILABLE,UNAVAILABLE,UNAVAILABLE,294,4,ACTIVE,711,D_P3-A5.NC,D_P3-A5.NC,6,0.000668021,20,0.0005,1612875.616,469312.686,184.4,2186.6907,100,21.16667,39,100,0,1,100,4400.0,3400,900,3.9,25.3,0.1,11,351.0822331,500,200,3.4,22.7,0.1,0,236.7286023,1400,400,3.9,26,0.1,32,-297.4461054,1500,700,2.3,27.3,0.1
402.347813,1,AUTO,ARMED,5,AVAILABLE,UNAVAILABLE,UNAVAILABLE,294,4,ACTIVE,711,D_P3-A5.NC,D_P3-A5.NC,6,0.000668021,20,0.0005,1612875.616,469312.686,184.4,2186.6907,100,21.16667,39,100,0,1,100,4400.0,3400,900,3.9,25.3,0.1,11,353.262413,500,200,3.4,22.7,0.1,0,236.7286137,1400,400,3.9,26,0.1,32,-297.446094,1500,700,2.3,27.3,0.1
402.485464,1,AUTO,ARMED,5,AVAILABLE,UNAVAILABLE,UNAVAILABLE,294,4,ACTIVE,711,D_P3-A5.NC,D_P3-A5.NC,6,0.000668021,20,0.0005,1612875.616,469312.686,184.4,2186.6907,100,21.16667,40,100,0,0,100,4400.0,3400,900,3.9,25.3,0.1,10,355.4529613,500,200,3.4,22.7,0.1,0,236.7286137,1400,400,3.9,26,0.1,32,-297.4461054,1500,700,2.3,27.3,0.1
402.628208,1,AUTO,ARMED,5,AVAILABLE,UNAVAILABLE,UNAVAILABLE,294,4,ACTIVE,711,D_P3-A5.NC,D_P3-A5.NC,6,0.000668021,20,0.0005,1612875.616,469312.686,184.4,2111.1658,100,21.16667,40,100,0,0,100,4400.0,3400,900,3.9,25.3,0.1,10,359.8081377,500,200,3.4,22.7,0.1,0,236.7286137,1400,400,3.9,26,0.1,32,-297.446094,1500,700,2.3,27.3,0.1
402.788942,1,AUTO,ARMED,5,AVAILABLE,UNAVAILABLE,UNAVAILABLE,294,4,ACTIVE,711,D_P3-A5.NC,D_P3-A5.NC,6,0.000668021,20,0.0005,1612875.616,469312.686,184.4,2111.1658,100,21.16667,40,100,0,1,100,4400.0,3400,900,3.9,25.3,0.1,11,364.1791521,500,200,3.4,22.7,0.1,0,236.7285908,1400,400,3.9,26,0.1,32,-297.4461054,1500,700,2.3,27.3,0.1
402.951773,1,AUTO,ARMED,5,AVAILABLE,UNAVAILABLE,UNAVAILABLE,294,4,ACTIVE,711,D_P3-A5.NC,D_P3-A5.NC,6,0.000668021,20,0.0005,1612875.616,469312.686,184.4,2111.1658,100,21.16667,40,100,0,1,100,4400.0,3400,900,3.9,25.3,0.1,11,366.3591089,500,200,3.4,22.7,0.1,0,236.7285908,1400,400,3.9,26,0.1,32,-297.4461054,1500,700,2.3,27.3,0.1
403.096637,1,AUTO,ARMED,5,AVAILABLE,UNAVAILABLE,UNAVAILABLE,294,4,ACTIVE,711,D_P3-A5.NC,D_P3-A5.NC,6,0.000668021,20,0.0005,1612875.616,469312.686,184.4,2111.1658,100,21.16667,40,100,0,0,100,4400.0,3300,800,4.1,25.3,0.1,10,370.7247561,300,100,4.3,22.7,0.0,0,236.7286137,1100,300,3.3,26,0.1,32,-297.4461054,1400,700,2.1,27.3,0.1
403.242735,1,AUTO,ARMED,5,AVAILABLE,UNAVAILABLE,UNAVAILABLE,294,4,ACTIVE,711,D_P3-A5.NC,D_P3-A5.NC,6,0.000668021,20,0.0005,1612875.616,469312.686,184.4,2111.1658,100,21.16667,40,100,0,1,100,4400.0,3300,800,4.1,25.3,0.1,10,371.8147174,300,100,4.3,22.7,0.0,0,236.7285908,1100,300,3.3,26,0.1,32,-297.4461054,1400,700,2.1,27.3,0.1
403.387775,1,AUTO,ARMED,5,AVAILABLE,UNAVAILABLE,UNAVAILABLE,294,4,ACTIVE,711,D_P3-A5.NC,D_P3-A5.NC,6,0.000668021,20,0.0005,1612875.616,469312.686,184.4,2111.1658,100,21.16667,40,100,0,1,100,4400.0,3300,800,4.1,25.3,0.1,10,373.9951206,300,100,4.3,22.7,0.0,0,236.7286023,1100,300,3.3,26,0.1,32,-297.4461054,1400,700,2.1,27.3,0.1
403.530925,1,AUTO,ARMED,5,AVAILABLE,UNAVAILABLE,UNAVAILABLE,294,4,ACTIVE,711,D_P3-A5.NC,D_P3-A5.NC,6,0.000668021,20,0.0005,1612875.616,469312.686,184.4,2111.1658,100,21.16667,41,100,0,1,100,4400.0,3300,800,4.1,25.3,0.1,10,378.3606648,300,100,4.3,22.7,0.0,0,236.7286137,1100,300,3.3,26,0.1,32,-297.446094,1400,700,2.1,27.3,0.1
403.680183,1,AUTO,ARMED,5,AVAILABLE,UNAVAILABLE,UNAVAILABLE,294,4,ACTIVE,711,D_P3-A5.NC,D_P3-A5.NC,6,0.000668021,20,0.0005,1612875.616,469312.686,184.4,1986.991,100,21.16667,41,100,0,1,100,4400.0,3300,800,4.1,25.3,0.1,10,382.7262292,300,100,4.3,22.7,0.0,0,236.7285794,1100,300,3.3,26,0.1,32,-297.4461054,1400,700,2.1,27.3,0.1
403.820187,1,AUTO,ARMED,5,AVAILABLE,UNAVAILABLE,UNAVAILABLE,294,4,ACTIVE,711,D_P3-A5.NC,D_P3-A5.NC,6,0.000668021,20,0.0005,1612875.616,469312.686,184.4,1986.991,100,21.16667,41,100,0,0,100,4400.0,3300,800,4.1,25.3,0.1,11,384.9118521,300,100,4.3,22.7,0.0,0,236.7286137,1100,300,3.3,26,0.1,32,-297.4461054,1400,700,2.1,27.3,0.1
403.963909,1,AUTO,ARMED,5,AVAILABLE,UNAVAILABLE,UNAVAILABLE,294,4,ACTIVE,711,D_P3-A5.NC,D_P3-A5.NC,6,0.000668021,20,0.0005,1612875.616,469312.686,184.4,1986.991,100,21.16667,41,100,0,0,100,4400.0,3300,800,4.1,25.3,0.1,11,387.0976696,300,100,4.3,22.7,0.0,0,236.7286137,1100,300,3.3,26,0.1,32,-297.446094,1400,700,2.1,27.3,0.1
404.126232,1,AUTO,ARMED,5,AVAILABLE,UNAVAILABLE,UNAVAILABLE,294,4,ACTIVE,711,D_P3-A5.NC,D_P3-A5.NC,6,0.000668021,20,0.0005,1612875.616,469312.686,184.4,1986.991,100,21.16667,41,100,0,0,100,4400.0,3300,800,4.1,25.3,0.1,10,391.4628153,300,100,4.3,22.7,0.0,0,236.7286251,1100,300,3.3,26,0.1,32,-297.446094,1400,700,2.1,27.3,0.1
404.283282,1,AUTO,ARMED,5,AVAILABLE,UNAVAILABLE,UNAVAILABLE,294,4,ACTIVE,711,D_P3-A5.NC,D_P3-A5.NC,6,0.000668021,20,0.0005,1612875.616,469312.686,184.4,1986.991,100,21.16667,41,100,0,0,100,4400.0,3300,800,4.1,25.3,0.1,9,395.7966821,300,100,4.3,22.7,0.0,0,236.7286023,1100,300,3.3,26,0.1,32,-297.4461054,1400,700,2.1,27.3,0.1
404.425288,1,AUTO,ARMED,5,AVAILABLE,UNAVAILABLE,UNAVAILABLE,294,4,ACTIVE,711,D_P3-A5.NC,D_P3-A5.NC,6,0.000668021,20,0.0005,1612875.616,469312.686,184.4,1986.991,100,21.16667,42,100,0,0,100,4400.0,3300,800,4.1,25.3,0.1,9,397.9875354,300,100,4.3,22.7,0.0,0,236.7286023,1100,300,3.3,26,0.1,32,-297.4461054,1400,700,2.1,27.3,0.1
404.562974,1,AUTO,ARMED,5,AVAILABLE,UNAVAILABLE,UNAVAILABLE,294,4,ACTIVE,711,D_P3-A5.NC,D_P3-A5.NC,6,0.000668021,20,0.0005,1612875.616,469312.686,184.4,1986.991,100,18.98333,42,100,0,1,100,4400.0,3300,800,4.1,25.3,0.1,9,399.8367466,300,100,4.3,22.7,0.0,0,236.7286023,1100,300,3.3,26,0.1,32,-297.4461054,1400,700,2.1,27.3,0.1
404.709197,1,AUTO,ARMED,5,AVAILABLE,UNAVAILABLE,UNAVAILABLE,295,4,ACTIVE,711,D_P3-A5.NC,D_P3-A5.NC,6,0.000668021,20,0.0005,1612875.616,469312.686,184.4,1986.991,100,12.65,42,100,0,1,100,4400.0,2300,700,3.3,25.3,0.1,9,399.8403289,500,100,4.4,22.7,0.1,0,236.7286023,3700,500,7.3,26,0.1,32,-297.446094,1300,700,1.9,27.3,0.1
404.863734,1,AUTO,ARMED,5,AVAILABLE,UNAVAILABLE,UNAVAILABLE,295,4,ACTIVE,711,D_P3-A5.NC,D_P3-A5.NC,6,0.000668021,20,0.0005,1612875.616,469312.686,184.4,2077.2449,100,0.0,42,100,0,1,100,4400.0,2300,700,3.3,25.3,0.1,7,399.8409355,500,100,4.4,22.7,0.1,0,236.7286023,3700,500,7.3,26,0.1,32,-297.4461054,1300,700,1.9,27.3,0.1
405.003187,1,AUTO,ARMED,5,AVAILABLE,UNAVAILABLE,UNAVAILABLE,295,4,ACTIVE,711,D_P3-A5.NC,D_P3-A5.NC,6,0.000668021,20,0.0005,1612875.616,469312.686,184.4,2077.2449,100,0.0,42,100,0,1,100,4400.0,2300,700,3.3,25.3,0.1,7,399.840924,500,100,4.4,22.7,0.1,0,236.7286023,3700,500,7.3,26,0.1,32,-297.446094,1300,700,1.9,27.3,0.1
405.145464,1,AUTO,ARMED,5,AVAILABLE,UNAVAILABLE,UNAVAILABLE,295,4,ACTIVE,711,D_P3-A5.NC,D_P3-A5.NC,6,0.000668021,20,0.0005,1612875.616,469312.686,184.4,2077.2449,100,0.0,42,100,0,0,100,4400.0,2300,700,3.3,25.3,0.1,6,399.8409126,500,100,4.4,22.7,0.1,0,236.7286023,3700,500,7.3,26,0.1,32,-297.446094,1300,700,1.9,27.3,0.1
405.301352,1,AUTO,ARMED,5,AVAILABLE,UNAVAILABLE,UNAVAILABLE,295,4,ACTIVE,711,D_P3-A5.NC,D_P3-A5.NC,6,0.000668021,20,0.0005,1612875.616,469312.686,184.4,2077.2449,100,0.0,43,100,0,0,100,4400.0,2300,700,3.3,25.3,0.1,6,399.8409126,500,100,4.4,22.7,0.1,0,236.7286023,3700,500,7.3,26,0.1,32,-297.446094,1300,700,1.9,27.3,0.1
405.444322,1,AUTO,ARMED,5,AVAILABLE,UNAVAILABLE,UNAVAILABLE,295,4,ACTIVE,711,D_P3-A5.NC,D_P3-A5.NC,6,0.000668021,20,0.0005,1612875.616,469312.686,184.4,2077.2449,100,0.0,43,100,0,0,100,4400.0,2300,700,3.3,25.3,0.1,6,399.8409011,500,100,4.4,22.7,0.1,0,236.7286023,3700,500,7.3,26,0.1,32,-297.446094,1300,700,1.9,27.3,0.1
405.58782,1,AUTO,ARMED,5,AVAILABLE,UNAVAILABLE,UNAVAILABLE,295,4,ACTIVE,711,D_P3-A5.NC,D_P3-A5.NC,6,0.000668021,20,0.0005,1612875.616,469312.686,184.4,2077.2449,100,0.0,43,100,0,0,100,4400.0,2300,700,3.3,25.3,0.1,6,399.8409011,500,100,4.4,22.7,0.1,0,236.7286023,3700,500,7.3,26,0.1,32,-297.4461054,1300,700,1.9,27.3,0.1
405.735341,1,AUTO,ARMED,5,AVAILABLE,UNAVAILABLE,UNAVAILABLE,297,4,ACTIVE,711,D_P3-A5.NC,D_P3-A5.NC,6,0.000668021,20,0.0005,1612875.616,469312.686,184.4,2077.2449,100,0.0,43,100,0,0,100,4400.0,2300,700,3.3,25.3,0.1,6,399.7867881,500,100,4.4,22.7,0.1,0,236.8349741,3700,500,7.3,26,0.1,32,-297.446094,1300,700,1.9,27.3,0.1
405.902357,1,AUTO,ARMED,5,AVAILABLE,UNAVAILABLE,UNAVAILABLE,297,4,ACTIVE,711,D_P3-A5.NC,D_P3-A5.NC,6,0.000668021,20,0.0005,1612875.616,469312.686,184.4,2162.7886,100,21.16667,43,100,0,0,100,4400.0,2300,700,3.3,25.3,0.1,9,393.5202922,500,100,4.4,22.7,0.1,3,236.855619,3700,500,7.3,26,0.1,32,-297.4461054,1300,700,1.9,27.3,0.1
406.044715,1,AUTO,ARMED,5,AVAILABLE,UNAVAILABLE,UNAVAILABLE,297,4,ACTIVE,711,D_P3-A5.NC,D_P3-A5.NC,6,0.000668021,20,0.0005,1612875.616,469312.686,184.4,2162.7886,100,21.16667,43,100,0,0,100,4400.0,2300,700,3.3,25.3,0.1,9,391.3399393,500,100,4.4,22.7,0.1,3,236.855619,3700,500,7.3,26,0.1,32,-297.446094,1300,700,1.9,27.3,0.1
406.18011,1,AUTO,ARMED,5,AVAILABLE,UNAVAILABLE,UNAVAILABLE,297,4,ACTIVE,711,D_P3-A5.NC,D_P3-A5.NC,6,0.000668021,20,0.0005,1612875.616,469312.686,184.4,2162.7886,100,21.16667,43,100,0,0,100,4400.0,3100,900,3.7,25.3,0.1,9,389.149309,500,100,3.6,22.7,0.1,3,236.855619,1700,500,3.3,26,0.1,32,-297.4461054,1500,700,2.2,27.3,0.1
406.324667,1,AUTO,ARMED,5,AVAILABLE,UNAVAILABLE,UNAVAILABLE,297,4,ACTIVE,711,D_P3-A5.NC,D_P3-A5.NC,6,0.000668021,20,0.0005,1612875.616,469312.686,184.4,2162.7886,100,21.16667,43,100,0,0,100,4400.0,3100,900,3.7,25.3,0.1,9,384.7889924,500,100,3.6,22.7,0.1,3,236.8555847,1700,500,3.3,26,0.1,32,-297.446094,1500,700,2.2,27.3,0.1
406.477486,1,AUTO,ARMED,5,AVAILABLE,UNAVAILABLE,UNAVAILABLE,297,4,ACTIVE,711,D_P3-A5.NC,D_P3-A5.NC,6,0.000668021,20,0.0005,1612875.616,469312.686,184.4,2162.7886,100,21.16667,44,100,0,0,100,4400.0,3100,900,3.7,25.3,0.1,8,382.5983505,500,100,3.6,22.7,0.1,3,236.8556076,1700,500,3.3,26,0.1,32,-297.4461054,1500,700,2.2,27.3,0.1
406.635833,1,AUTO,ARMED,5,AVAILABLE,UNAVAILABLE,UNAVAILABLE,297,4,ACTIVE,711,D_P3-A5.NC,D_P3-A5.NC,6,0.000668021,20,0.0005,1612875.616,469312.686,184.4,2162.7886,100,21.16667,44,100,0,1,100,4400.0,3100,900,3.7,25.3,0.1,8,378.2378789,500,100,3.6,22.7,0.1,4,236.8556076,1700,500,3.3,26,0.1,32,-297.4461054,1500,700,2.2,27.3,0.1
406.786991,1,AUTO,ARMED,5,AVAILABLE,UNAVAILABLE,UNAVAILABLE,297,4,ACTIVE,711,D_P3-A5.NC,D_P3-A5.NC,6,0.000668021,20,0.0005,1612875.616,469312.686,184.4,2162.7886,100,21.16667,44,100,0,1,100,4400.0,3100,900,3.7,25.3,0.1,8,373.8723571,500,100,3.6,22.7,0.1,4,236.8555961,1700,500,3.3,26,0.1,32,-297.446094,1500,700,2.2,27.3,0.1
406.931742,1,AUTO,ARMED,5,AVAILABLE,UNAVAILABLE,UNAVAILABLE,297,4,ACTIVE,711,D_P3-A5.NC,D_P3-A5.NC,6,0.000668021,20,0.0005,1612875.616,469312.686,184.4,2162.0078,100,21.16667,44,100,0,1,100,4400.0,3100,900,3.7,25.3,0.1,7,371.692234,500,100,3.6,22.7,0.1,4,236.8555961,1700,500,3.3,26,0.1,32,-297.446094,1500,700,2.2,27.3,0.1
407.071852,1,AUTO,ARMED,5,AVAILABLE,UNAVAILABLE,UNAVAILABLE,297,4,ACTIVE,711,D_P3-A5.NC,D_P3-A5.NC,6,0.000668021,20,0.0005,1612875.616,469312.686,184.4,2162.0078,100,21.16667,44,100,0,1,100,4400.0,3100,900,3.7,25.3,0.1,7,370.6021782,500,100,3.6,22.7,0.1,4,236.8555733,1700,500,3.3,26,0.1,32,-297.446094,1500,700,2.2,27.3,0.1
407.214741,1,AUTO,ARMED,5,AVAILABLE,UNAVAILABLE,UNAVAILABLE,297,4,ACTIVE,711,D_P3-A5.NC,D_P3-A5.NC,6,0.000668021,20,0.0005,1612875.616,469312.686,184.4,2162.0078,100,21.16667,44,100,0,1,100,4400.0,3100,900,3.7,25.3,0.1,7,368.4113893,500,100,3.6,22.7,0.1,4,236.8556076,1700,500,3.3,26,0.1,32,-297.4461054,1500,700,2.2,27.3,0.1
407.355413,1,AUTO,ARMED,5,AVAILABLE,UNAVAILABLE,UNAVAILABLE,297,4,ACTIVE,711,D_P3-A5.NC,D_P3-A5.NC,6,0.000668021,20,0.0005,1612875.616,469312.686,184.4,2162.0078,100,21.16667,45,100,0,0,100,4400.0,3100,900,3.7,25.3,0.1,7,364.0563274,500,100,3.6,22.7,0.1,4,236.8556076,1700,500,3.3,26,0.1,32,-297.446094,1500,700,2.2,27.3,0.1
407.50563,1,AUTO,ARMED,5,AVAILABLE,UNAVAILABLE,UNAVAILABLE,297,4,ACTIVE,711,D_P3-A5.NC,D_P3-A5.NC,6,0.000668021,20,0.0005,1612875.616,469312.686,184.4,2162.0078,100,21.16667,45,100,0,0,100,4400.0,3100,900,3.7,25.3,0.1,8,359.6854497,500,100,3.6,22.7,0.1,4,236.8556076,1700,500,3.3,26,0.1,32,-297.4461054,1500,700,2.2,27.3,0.1
407.667053,1,AUTO,ARMED,5,AVAILABLE,UNAVAILABLE,UNAVAILABLE,297,4,ACTIVE,711,D_P3-A5.NC,D_P3-A5.NC,6,0.000668021,20,0.0005,1612875.616,469312.686,184.4,2162.0078,100,21.16667,45,100,0,0,100,4400.0,3200,800,3.8,25.3,0.1,7,357.5000738,400,100,3.8,22.7,0.0,4,236.855619,1700,500,3.3,26,0.1,32,-297.446094,1500,700,2.2,27.3,0.1
407.80743,1,AUTO,ARMED,5,AVAILABLE,UNAVAILABLE,UNAVAILABLE,297,4,ACTIVE,711,D_P3-A5.NC,D_P3-A5.NC,6,0.000668021,20,0.0005,1612875.616,469312.686,184.4,2162.0078,100,21.16667,45,100,0,0,100,4400.0,3200,800,3.8,25.3,0.1,7,353.134278,400,100,3.8,22.7,0.0,4,236.8555961,1700,500,3.3,26,0.1,32,-297.4460825,1500,700,2.2,27.3,0.1
407.952233,1,AUTO,ARMED,5,AVAILABLE,UNAVAILABLE,UNAVAILABLE,297,4,ACTIVE,711,D_P3-A5.NC,D_P3-A5.NC,6,0.000668021,20,0.0005,1612875.616,469312.686,184.4,2024.4639,100,21.16667,45,100,0,0,100,4400.0,3200,800,3.8,25.3,0.1,7,350.9540211,400,100,3.8,22.7,0.0,4,236.8555733,1700,500,3.3,26,0.1,32,-297.446094,1500,700,2.2,27.3,0.1
408.117622,1,AUTO,ARMED,5,AVAILABLE,UNAVAILABLE,UNAVAILABLE,297,4,ACTIVE,711,D_P3-A5.NC,D_P3-A5.NC,6,0.000668021,20,0.0005,1612875.616,469312.686,184.4,2024.4639,100,21.16667,45,100,0,0,100,4400.0,3200,800,3.8,25.3,0.1,7,348.7739359,400,100,3.8,22.7,0.0,4,236.8555961,1700,500,3.3,26,0.1,32,-297.446094,1500,700,2.2,27.3,0.1
408.260233,1,AUTO,ARMED,5,AVAILABLE,UNAVAILABLE,UNAVAILABLE,297,4,ACTIVE,711,D_P3-A5.NC,D_P3-A5.NC,6,0.000668021,20,0.0005,1612875.616,469312.686,184.4,2024.4639,100,21.16667,45,100,0,0,100,4400.0,3200,800,3.8,25.3,0.1,7,342.2280498,400,100,3.8,22.7,0.0,4,236.855619,1700,500,3.3,26,0.1,32,-297.4461054,1500,700,2.2,27.3,0.1
408.415201,1,AUTO,ARMED,5,AVAILABLE,UNAVAILABLE,UNAVAILABLE,297,4,ACTIVE,711,D_P3-A5.NC,D_P3-A5.NC,6,0.000668021,20,0.0005,1612875.616,469312.686,184.4,2024.4639,100,21.16667,46,100,0,0,100,4400.0,3200,800,3.8,25.3,0.1,7,340.037379,400,100,3.8,22.7,0.0,4,236.8555961,1700,500,3.3,26,0.1,32,-297.446094,1500,700,2.2,27.3,0.1
408.571009,1,AUTO,ARMED,5,AVAILABLE,UNAVAILABLE,UNAVAILABLE,297,4,ACTIVE,711,D_P3-A5.NC,D_P3-A5.NC,6,0.000668021,20,0.0005,1612875.616,469312.686,184.4,2024.4639,100,21.16667,46,100,0,2,100,4400.0,3200,800,3.8,25.3,0.1,9,335.6771284,400,100,3.8,22.7,0.0,4,236.8555733,1700,500,3.3,26,0.1,32,-297.4461054,1500,700,2.2,27.3,0.1
408.77626,1,AUTO,ARMED,5,AVAILABLE,UNAVAILABLE,UNAVAILABLE,297,4,ACTIVE,711,D_P3-A5.NC,D_P3-A5.NC,6,0.000668021,20,0.0005,1612875.616,469312.686,184.4,2024.4639,100,21.16667,46,100,0,0,100,4400.0,3200,800,3.8,25.3,0.1,8,333.4917905,400,100,3.8,22.7,0.0,3,236.8556076,1700,500,3.3,26,0.1,32,-297.446094,1500,700,2.2,27.3,0.1
408.946705,1,AUTO,ARMED,5,AVAILABLE,UNAVAILABLE,UNAVAILABLE,297,4,ACTIVE,711,D_P3-A5.NC,D_P3-A5.NC,6,0.000668021,20,0.0005,1612875.616,469312.686,184.4,2024.4639,100,21.16667,46,100,0,0,100,4400.0,3200,800,3.8,25.3,0.1,8,332.4015247,400,100,3.8,22.7,0.0,3,236.8556305,1700,500,3.3,26,0.1,32,-297.4461054,1500,700,2.2,27.3,0.1
409.097419,1,AUTO,ARMED,5,AVAILABLE,UNAVAILABLE,UNAVAILABLE,297,4,ACTIVE,711,D_P3-A5.NC,D_P3-A5.NC,6,0.000668021,20,0.0005,1612875.616,469312.686,184.4,1989.0337,100,21.16667,46,100,0,0,100,4400.0,3200,800,3.8,25.3,0.1,10,325.8556724,400,100,3.8,22.7,0.0,3,236.8556076,1700,500,3.3,26,0.1,32,-297.446094,1500,700,2.2,27.3,0.1
409.239653,1,AUTO,ARMED,5,AVAILABLE,UNAVAILABLE,UNAVAILABLE,297,4,ACTIVE,711,D_P3-A5.NC,D_P3-A5.NC,6,0.000668021,20,0.0005,1612875.616,469312.686,184.4,1989.0337,100,21.16667,46,100,0,0,100,4400.0,2400,700,3.6,25.3,0.1,10,323.6756102,500,100,6.3,22.7,0.0,3,236.8556076,2400,600,4.2,26,0.1,32,-297.4461054,21600,2400,8.9,27.3,0.2
409.389696,1,AUTO,ARMED,5,AVAILABLE,UNAVAILABLE,UNAVAILABLE,297,4,ACTIVE,711,D_P3-A5.NC,D_P3-A5.NC,6,0.000668021,20,0.0005,1612875.616,469312.686,184.4,1989.0337,100,21.16667,47,100,0,0,100,4400.0,2400,700,3.6,25.3,0.1,9,321.495548,500,100,6.3,22.7,0.0,3,236.8555961,2400,600,4.2,26,0.1,32,-297.446094,21600,2400,8.9,27.3,0.2
409.539081,1,AUTO,ARMED,5,AVAILABLE,UNAVAILABLE,UNAVAILABLE,297,4,ACTIVE,711,D_P3-A5.NC,D_P3-A5.NC,6,0.000668021,20,0.0005,1612875.616,469312.686,184.4,1989.0337,100,17.93333,47,100,0,1,100,4400.0,2400,700,3.6,25.3,0.1,7,318.5625329,500,100,6.3,22.7,0.0,3,236.8555961,2400,600,4.2,26,0.1,32,-297.4461054,21600,2400,8.9,27.3,0.2
409.692811,1,AUTO,ARMED,5,AVAILABLE,UNAVAILABLE,UNAVAILABLE,298,4,ACTIVE,711,D_P3-A5.NC,D_P3-A5.NC,6,0.000668021,20,0.0005,1612875.616,469312.686,184.4,1989.0337,100,0.0,47,100,0,1,100,4400.0,2400,700,3.6,25.3,0.1,7,318.5608162,500,100,6.3,22.7,0.0,3,236.8556076,2400,600,4.2,26,0.1,32,-297.446094,21600,2400,8.9,27.3,0.2
409.836434,1,AUTO,ARMED,5,AVAILABLE,UNAVAILABLE,UNAVAILABLE,298,4,ACTIVE,711,D_P3-A5.NC,D_P3-A5.NC,6,0.000668021,20,0.0005,1612875.616,469312.686,184.4,1989.0337,100,0.0,47,100,0,0,100,4400.0,2400,700,3.6,25.3,0.1,6,318.560862,500,100,6.3,22.7,0.0,3,236.8556076,2400,600,4.2,26,0.1,32,-297.446094,21600,2400,8.9,27.3,0.2
409.99796,1,AUTO,ARMED,5,AVAILABLE,UNAVAILABLE,UNAVAILABLE,298,4,ACTIVE,711,D_P3-A5.NC,D_P3-A5.NC,6,0.000668021,20,0.0005,1612875.616,469312.686,184.4,1989.0337,100,0.0,47,100,0,1,100,4400.0,2400,700,3.6,25.3,0.1,6,318.5608964,500,100,6.3,22.7,0.0,3,236.8556076,2400,600,4.2,26,0.1,32,-297.4461054,21600,2400,8.9,27.3,0.2
410.147784,1,AUTO,ARMED,5,AVAILABLE,UNAVAILABLE,UNAVAILABLE,298,4,ACTIVE,711,D_P3-A5.NC,D_P3-A5.NC,6,0.000668021,20,0.0005,1612875.616,469312.686,184.4,1989.0337,100,0.0,47,100,0,1,100,4400.0,2400,700,3.6,25.3,0.1,6,318.5608849,500,100,6.3,22.7,0.0,3,236.8555961,2400,600,4.2,26,0.1,32,-297.4461054,21600,2400,8.9,27.3,0.2
410.294667,1,AUTO,ARMED,5,AVAILABLE,UNAVAILABLE,UNAVAILABLE,298,4,ACTIVE,711,D_P3-A5.NC,D_P3-A5.NC,6,0.000668021,20,0.0005,1612875.616,469312.686,184.4,-4681.915,100,0.0,47,100,0,0,100,4400.0,2400,700,3.6,25.3,0.1,5,318.5608964,500,100,6.3,22.7,0.0,3,236.8555961,2400,600,4.2,26,0.1,32,-297.446094,21600,2400,8.9,27.3,0.2
410.452196,1,AUTO,ARMED,5,AVAILABLE,UNAVAILABLE,UNAVAILABLE,298,4,ACTIVE,711,D_P3-A5.NC,D_P3-A5.NC,6,0.000668021,20,0.0005,1612875.616,469312.686,184.4,-4681.915,100,0.0,48,100,0,0,100,4400.0,2400,700,3.6,25.3,0.1,5,318.5608964,500,100,6.3,22.7,0.0,3,236.8556076,2400,600,4.2,26,0.1,32,-297.4461054,21600,2400,8.9,27.3,0.2
410.609982,1,AUTO,ARMED,5,AVAILABLE,UNAVAILABLE,UNAVAILABLE,298,4,ACTIVE,711,D_P3-A5.NC,D_P3-A5.NC,6,0.000668021,20,0.0005,1612875.616,469312.686,184.4,-4681.915,100,0.0,48,100,0,0,100,4400.0,2400,700,3.6,25.3,0.1,5,318.5609078,500,100,6.3,22.7,0.0,3,236.8555961,2400,600,4.2,26,0.1,32,-297.44695,21600,2400,8.9,27.3,0.2
410.759085,1,AUTO,ARMED,5,AVAILABLE,UNAVAILABLE,UNAVAILABLE,301,4,ACTIVE,711,D_P3-A5.NC,D_P3-A5.NC,6,0.000668021,20,0.0005,1612875.616,469312.686,184.4,-4681.915,100,0.0,48,100,0,1,100,4320.550483,2400,700,3.6,25.3,0.1,5,318.5609078,500,100,6.3,22.7,0.0,3,236.8555961,2400,600,4.2,26,0.1,42,-286.7516324,21600,2400,8.9,27.3,0.2
410.903751,1,AUTO,ARMED,5,AVAILABLE,UNAVAILABLE,UNAVAILABLE,301,4,ACTIVE,711,D_P3-A5.NC,D_P3-A5.NC,6,0.000668021,20,0.0005,1612875.616,469312.686,184.4,-4681.915,100,409.7667,48,100,0,19,100,4098.180676,5200,900,6.0,25.3,0.2,5,318.5608849,3100,200,13.1,22.7,0.1,3,236.8555961,48100,6100,7.9,26,0.4,102,-250.9759519,1100,200,4.9,27.3,0.1
411.061013,1,AUTO,ARMED,5,AVAILABLE,UNAVAILABLE,UNAVAILABLE,301,4,ACTIVE,711,D_P3-A5.NC,D_P3-A5.NC,6,0.000668021,20,0.0005,1612875.616,469312.686,184.4,-4681.915,100,533.3333,48,100,0,22,100,3497.861616,5200,900,6.0,25.3,0.2,5,318.5609078,3100,200,13.1,22.7,0.1,3,236.8556076,48100,6100,7.9,26,0.4,56,-87.36476092,1100,200,4.9,27.3,0.1
411.212764,1,AUTO,ARMED,5,AVAILABLE,UNAVAILABLE,UNAVAILABLE,301,4,ACTIVE,711,D_P3-A5.NC,D_P3-A5.NC,6,0.000668021,20,0.0005,1612875.616,469312.686,184.4,-4681.915,100,529.0667,48,100,0,28,100,2730.814289,5200,900,6.0,25.3,0.2,5,318.5609078,3100,200,13.1,22.7,0.1,3,236.8556076,48100,6100,7.9,26,0.4,31,-39.12841037,1100,200,4.9,27.3,0.1
411.3758,1,AUTO,ARMED,5,AVAILABLE,UNAVAILABLE,UNAVAILABLE,301,4,ACTIVE,711,D_P3-A5.NC,D_P3-A5.NC,6,0.000668021,20,0.0005,1612875.616,469312.686,184.4,1162.2539,100,263.35,49,100,0,28,100,2278.035868,5200,900,6.0,25.3,0.2,5,318.5608964,3100,200,13.1,22.7,0.1,3,236.8555961,48100,6100,7.9,26,0.4,31,-24.61541537,1100,200,4.9,27.3,0.1
411.527913,1,AUTO,ARMED,5,AVAILABLE,UNAVAILABLE,UNAVAILABLE,302,4,ACTIVE,711,D_P3-A5.NC,D_P3-A5.NC,6,0.000668021,20,0.0005,1612875.616,469312.686,184.4,1162.2539,100,168.05,49,100,0,0,100,1345.610482,5200,900,6.0,25.3,0.2,18,321.9459218,3100,200,13.1,22.7,0.1,42,251.5567653,48100,6100,7.9,26,0.4,40,-24.3959499,1100,200,4.9,27.3,0.1
411.675827,1,AUTO,ARMED,5,AVAILABLE,UNAVAILABLE,UNAVAILABLE,302,4,ACTIVE,711,D_P3-A5.NC,D_P3-A5.NC,6,0.000668021,20,0.0005,1612875.616,469312.686,184.4,1162.2539,100,460.6833,49,100,0,101,100,962.0598847,5200,900,6.0,25.3,0.2,18,331.0921956,3100,200,13.1,22.7,0.1,42,291.2737483,48100,6100,7.9,26,0.4,38,-24.39603001,1100,200,4.9,27.3,0.1
411.818397,1,AUTO,ARMED,5,AVAILABLE,UNAVAILABLE,UNAVAILABLE,302,4,ACTIVE,711,D_P3-A5.NC,D_P3-A5.NC,6,0.000668021,20,0.0005,1612875.616,469312.686,184.4,1162.2539,100,518.2333,49,100,0,101,100,0.0,5200,900,6.0,25.3,0.2,34,359.7781544,3100,200,13.1,22.7,0.1,78,415.844578,48100,6100,7.9,26,0.4,38,-24.39609867,1100,200,4.9,27.3,0.1
411.966502,1,AUTO,ARMED,5,AVAILABLE,UNAVAILABLE,UNAVAILABLE,302,4,ACTIVE,711,D_P3-A5.NC,D_P3-A5.NC,6,0.000668021,20,0.0005,1612875.616,469312.686,184.4,1162.2539,100,559.8167,49,100,0,0,100,0.0,5200,900,6.0,25.3,0.2,19,373.837777,3100,200,13.1,22.7,0.1,22,476.9025849,48100,6100,7.9,26,0.4,37,-24.39608723,1100,200,4.9,27.3,0.1
412.114467,1,AUTO,ARMED,5,AVAILABLE,UNAVAILABLE,UNAVAILABLE,302,4,ACTIVE,711,D_P3-A5.NC,D_P3-A5.NC,6,0.000668021,20,0.0005,1612875.616,469312.686,184.4,1162.2539,100,559.8167,49,100,0,0,100,0.0,5200,900,6.0,25.3,0.2,19,380.6434574,3100,200,13.1,22.7,0.1,22,506.4465259,48100,6100,7.9,26,0.4,37,-24.39609867,1100,200,4.9,27.3,0.1
412.253018,1,AUTO,ARMED,5,AVAILABLE,UNAVAILABLE,UNAVAILABLE,302,4,ACTIVE,712,D_P3-A5.NC,D_P3-A5.NC,6,0.000668021,20,0.0005,1612875.616,469312.686,184.4,1162.2539,100,145.35,49,100,0,0,100,0.0,5200,900,6.0,25.3,0.2,6,380.9991943,3100,200,13.1,22.7,0.1,39,507.9957127,48100,6100,7.9,26,0.4,38,-24.39609867,1100,200,4.9,27.3,0.1
412.393585,1,AUTO,ARMED,4,AVAILABLE,UNAVAILABLE,UNAVAILABLE,302,4,PROGRAM_COMPLETED,712,D_P3-A5.NC,D_P3-A5.NC,6,0.000668021,20,0.0005,1612875.616,469312.686,184.4,1162.2539,100,0.0,50,100,0,0,100,0.0,300,100,3.8,25.3,0.0,6,381.0000183,200,0,4.1,22.7,0.0,6,508.0000614,1500,900,1.6,26,0.0,38,-24.39611012,500,200,3.2,27.3,0.0
412.534785,1,AUTO,ARMED,4,AVAILABLE,UNAVAILABLE,UNAVAILABLE,302,4,PROGRAM_COMPLETED,712,D_P3-A5.NC,D_P3-A5.NC,6,0.000668021,20,0.0005,1612875.616,469312.686,184.4,1138.1827,100,0.0,50,100,0,0,100,0.0,300,100,3.8,25.3,0.0,6,381.0000183,200,0,4.1,22.7,0.0,6,508.0000385,1500,900,1.6,26,0.0,38,-24.39609867,500,200,3.2,27.3,0.0
412.676158,1,AUTO,ARMED,4,AVAILABLE,UNAVAILABLE,UNAVAILABLE,302,4,PROGRAM_COMPLETED,712,D_P3-A5.NC,D_P3-A5.NC,6,0.000668021,20,0.0005,1612875.616,469312.686,184.4,1138.1827,100,0.0,50,100,0,0,100,0.0,300,100,3.8,25.3,0.0,6,381.0000068,200,0,4.1,22.7,0.0,6,508.0000156,1500,900,1.6,26,0.0,38,-24.39609867,500,200,3.2,27.3,0.0
412.822002,1,AUTO,ARMED,4,AVAILABLE,UNAVAILABLE,UNAVAILABLE,302,4,PROGRAM_COMPLETED,712,D_P3-A5.NC,D_P3-A5.NC,6,0.000668021,20,0.0005,1612875.616,469312.686,184.4,1138.1827,100,0.0,50,100,0,0,100,0.0,300,100,3.8,25.3,0.0,6,381.0000068,200,0,4.1,22.7,0.0,5,508.0000042,1500,900,1.6,26,0.0,38,-24.39609867,500,200,3.2,27.3,0.0
412.964541,1,AUTO,ARMED,4,AVAILABLE,UNAVAILABLE,UNAVAILABLE,302,4,PROGRAM_COMPLETED,712,D_P3-A5.NC,D_P3-A5.NC,6,0.000668021,20,0.0005,1612875.616,469312.686,184.4,1138.1827,100,0.0,50,100,0,0,100,0.0,300,100,3.8,25.3,0.0,6,380.9999954,200,0,4.1,22.7,0.0,5,508.0000042,1500,900,1.6,26,0.0,38,-24.39609867,500,200,3.2,27.3,0.0
413.110729,1,AUTO,ARMED,4,AVAILABLE,UNAVAILABLE,UNAVAILABLE,302,4,PROGRAM_COMPLETED,712,D_P3-A5.NC,D_P3-A5.NC,6,0.000668021,20,0.0005,1612875.616,469312.686,184.4,1138.1827,100,0.0,50,100,0,0,100,0.0,300,100,3.8,25.3,0.0,6,380.9999954,200,0,4.1,22.7,0.0,5,508.0000042,1500,900,1.6,26,0.0,38,-24.39609867,500,200,3.2,27.3,0.0
413.254126,1,AUTO,ARMED,4,AVAILABLE,UNAVAILABLE,UNAVAILABLE,302,4,PROGRAM_COMPLETED,712,D_P3-A5.NC,D_P3-A5.NC,6,0.000668021,20,0.0005,1612875.616,469312.686,184.4,1131.7095,100,0.0,50,100,0,0,100,0.0,300,100,3.8,25.3,0.0,6,380.9999954,200,0,4.1,22.7,0.0,5,508.0000042,1500,900,1.6,26,0.0,38,-24.39609867,500,200,3.2,27.3,0.0
413.392031,1,AUTO,ARMED,4,AVAILABLE,UNAVAILABLE,UNAVAILABLE,302,4,PROGRAM_COMPLETED,712,D_P3-A5.NC,D_P3-A5.NC,6,0.000668021,20,0.0005,1612875.616,469312.686,184.4,1131.7095,100,0.0,50,100,0,0,100,0.0,300,100,3.4,25.3,0.0,6,380.9999954,200,0,3.8,22.7,0.0,5,508.0000042,1500,900,1.6,26,0.1,38,-24.39609867,500,200,3.2,27.3,0.0
413.531164,1,AUTO,ARMED,4,AVAILABLE,UNAVAILABLE,UNAVAILABLE,302,4,PROGRAM_COMPLETED,712,D_P3-A5.NC,D_P3-A5.NC,6,0.000668021,20,0.0005,1612875.616,469312.686,184.4,1131.7095,100,0.0,50,100,0,0,100,0.0,300,100,3.4,25.3,0.0,6,380.9999954,200,0,3.8,22.7,0.0,5,508.0000042,1500,900,1.6,26,0.1,38,-24.39609867,500,200,3.2,27.3,0.0
413.675959,1,AUTO,ARMED,4,AVAILABLE,UNAVAILABLE,UNAVAILABLE,302,4,PROGRAM_COMPLETED,712,D_P3-A5.NC,D_P3-A5.NC,6,0.000668021,20,0.0005,1612875.616,469312.686,184.4,1131.7095,100,0.0,50,100,0,0,100,0.0,300,100,3.4,25.3,0.0,6,380.9999954,200,0,3.8,22.7,0.0,5,508.0000042,1500,900,1.6,26,0.1,38,-24.39609867,500,200,3.2,27.3,0.0
413.812911,1,AUTO,ARMED,4,AVAILABLE,UNAVAILABLE,UNAVAILABLE,302,4,PROGRAM_COMPLETED,712,D_P3-A5.NC,D_P3-A5.NC,6,0.000668021,20,0.0005,1612875.616,469312.686,184.4,1131.7095,100,0.0,50,100,0,0,100,0.0,300,100,3.4,25.3,0.0,6,380.9999954,200,0,3.8,22.7,0.0,5,508.0000042,1500,900,1.6,26,0.1,38,-24.39609867,500,200,3.2,27.3,0.0
413.960012,1,AUTO,ARMED,4,AVAILABLE,UNAVAILABLE,UNAVAILABLE,302,4,PROGRAM_COMPLETED,712,D_P3-A5.NC,D_P3-A5.NC,6,0.000668021,20,0.0005,1612875.616,469312.686,184.4,1131.7095,100,0.0,50,100,0,0,100,0.0,300,100,3.4,25.3,0.0,6,381.0000068,200,0,3.8,22.7,0.0,5,508.0000042,1500,900,1.6,26,0.1,38,-24.39609867,500,200,3.2,27.3,0.0
414.103291,1,AUTO,ARMED,4,AVAILABLE,UNAVAILABLE,UNAVAILABLE,302,4,PROGRAM_COMPLETED,712,D_P3-A5.NC,D_P3-A5.NC,6,0.000668021,20,0.0005,1612875.616,469312.686,184.4,1131.7095,100,0.0,50,100,0,0,100,0.0,300,100,3.4,25.3,0.0,6,380.9999954,200,0,3.8,22.7,0.0,5,508.0000042,1500,900,1.6,26,0.1,38,-24.39609867,500,200,3.2,27.3,0.0
414.246307,1,AUTO,ARMED,4,AVAILABLE,UNAVAILABLE,UNAVAILABLE,302,4,PROGRAM_COMPLETED,712,D_P3-A5.NC,D_P3-A5.NC,6,0.000668021,20,0.0005,1612875.616,469312.686,184.4,1174.257,100,0.0,50,100,0,0,100,0.0,300,100,3.4,25.3,0.0,6,380.9999954,200,0,3.8,22.7,0.0,5,507.9999927,1500,900,1.6,26,0.1,38,-24.39609867,500,200,3.2,27.3,0.0
414.391214,1,AUTO,ARMED,4,AVAILABLE,UNAVAILABLE,UNAVAILABLE,302,4,PROGRAM_COMPLETED,712,D_P3-A5.NC,D_P3-A5.NC,6,0.000668021,20,0.0005,1612875.616,469312.686,184.4,1174.257,100,0.0,50,100,0,0,100,0.0,300,100,3.4,25.3,0.0,6,381.0000068,200,0,3.8,22.7,0.0,5,507.9999927,1500,900,1.6,26,0.1,38,-24.39609867,500,200,3.2,27.3,0.0
414.528884,1,AUTO,ARMED,4,AVAILABLE,UNAVAILABLE,UNAVAILABLE,302,4,PROGRAM_COMPLETED,712,D_P3-A5.NC,D_P3-A5.NC,6,0.000668021,20,0.0005,1612875.616,469312.686,184.4,1174.257,100,0.0,50,100,0,0,100,0.0,300,100,3.4,25.3,0.0,6,381.0000068,200,0,3.8,22.7,0.0,5,507.9999927,1500,900,1.6,26,0.1,38,-24.39609867,500,200,3.2,27.3,0.0
415.023541,1,AUTO,ARMED,4,AVAILABLE,UNAVAILABLE,UNAVAILABLE,302,4,PROGRAM_COMPLETED,712,D_P3-A5.NC,D_P3-A5.NC,6,0.000668021,20,0.0005,1612875.616,469312.686,184.4,1174.257,100,0.0,50,100,0,0,100,0.0,300,100,3.4,25.3,0.0,6,380.9999954,200,0,3.8,22.7,0.0,5,507.9999927,1500,900,1.6,26,0.1,38,-24.39609867,500,200,3.2,27.3,0.0
415.162726,1,AUTO,ARMED,4,AVAILABLE,UNAVAILABLE,UNAVAILABLE,302,4,PROGRAM_COMPLETED,712,D_P3-A5.NC,D_P3-A5.NC,6,0.000668021,20,0.0005,1612875.616,469312.686,184.4,1174.257,100,0.0,50,100,0,0,100,0.0,300,100,3.4,25.3,0.0,6,381.0000068,200,0,3.8,22.7,0.0,5,508.0000042,1500,900,1.6,26,0.1,38,-24.39609867,500,200,3.2,27.3,0.0
415.306455,1,AUTO,ARMED,4,AVAILABLE,UNAVAILABLE,UNAVAILABLE,302,4,PROGRAM_COMPLETED,712,D_P3-A5.NC,D_P3-A5.NC,6,0.000668021,20,0.0005,1612875.616,469312.686,184.4,1174.257,100,0.0,50,100,0,0,100,0.0,300,100,3.3,25.3,0.0,6,381.0000068,200,0,4.3,22.7,0.0,5,508.0000042,1500,900,1.6,26,0.1,38,-24.39609867,600,200,3.5,27.3,0.0
415.452348,1,AUTO,ARMED,4,AVAILABLE,UNAVAILABLE,UNAVAILABLE,302,4,PROGRAM_COMPLETED,712,D_P3-A5.NC,D_P3-A5.NC,6,0.000668021,20,0.0005,1612875.616,469312.686,184.4,1174.257,100,0.0,50,100,0,0,100,0.0,300,100,3.3,25.3,0.0,5,381.0000068,200,0,4.3,22.7,0.0,5,508.0000042,1500,900,1.6,26,0.1,38,-24.39609867,600,200,3.5,27.3,0.0
415.599362,1,AUTO,ARMED,4,AVAILABLE,UNAVAILABLE,UNAVAILABLE,302,4,PROGRAM_COMPLETED,712,D_P3-A5.NC,D_P3-A5.NC,6,0.000668021,20,0.0005,1612875.616,469312.686,184.4,1174.257,100,0.0,50,100,0,0,100,0.0,300,100,3.3,25.3,0.0,5,380.9999954,200,0,4.3,22.7,0.0,5,507.9999927,1500,900,1.6,26,0.1,38,-24.39609867,600,200,3.5,27.3,0.0
415.757709,1,AUTO,ARMED,4,AVAILABLE,UNAVAILABLE,UNAVAILABLE,302,4,PROGRAM_COMPLETED,712,D_P3-A5.NC,D_P3-A5.NC,6,0.000668021,20,0.0005,1612875.616,469312.686,184.4,1165.1879,100,0.0,50,100,0,0,100,0.0,300,100,3.3,25.3,0.0,6,380.9999954,200,0,4.3,22.7,0.0,5,507.9999927,1500,900,1.6,26,0.1,38,-24.39609867,600,200,3.5,27.3,0.0
415.903182,1,AUTO,ARMED,4,AVAILABLE,UNAVAILABLE,UNAVAILABLE,302,4,PROGRAM_COMPLETED,712,D_P3-A5.NC,D_P3-A5.NC,6,0.000668021,20,0.0005,1612875.616,469312.686,184.4,1165.1879,100,0.0,50,100,0,0,100,0.0,300,100,3.3,25.3,0.0,6,381.0000068,200,0,4.3,22.7,0.0,5,507.9999927,1500,900,1.6,26,0.1,38,-24.39609867,600,200,3.5,27.3,0.0
416.043525,1,AUTO,ARMED,4,AVAILABLE,UNAVAILABLE,UNAVAILABLE,302,4,PROGRAM_COMPLETED,712,D_P3-A5.NC,D_P3-A5.NC,6,0.000668021,20,0.0005,1612875.616,469312.686,184.4,1165.1879,100,0.0,50,100,0,0,100,0.0,300,100,3.3,25.3,0.0,5,380.9999954,200,0,4.3,22.7,0.0,5,508.0000042,1500,900,1.6,26,0.1,38,-24.39609867,600,200,3.5,27.3,0.0
416.18622,1,AUTO,ARMED,4,AVAILABLE,UNAVAILABLE,UNAVAILABLE,302,4,PROGRAM_COMPLETED,712,D_P3-A5.NC,D_P3-A5.NC,6,0.000668021,20,0.0005,1612875.616,469312.686,184.4,1165.1879,100,0.0,50,100,0,0,100,0.0,300,100,3.3,25.3,0.0,6,380.9999954,200,0,4.3,22.7,0.0,5,508.0000042,1500,900,1.6,26,0.1,38,-24.39609867,600,200,3.5,27.3,0.0
416.329682,1,AUTO,ARMED,4,AVAILABLE,UNAVAILABLE,UNAVAILABLE,302,4,PROGRAM_COMPLETED,712,D_P3-A5.NC,D_P3-A5.NC,6,0.000668021,20,0.0005,1612875.616,469312.686,184.4,1165.1879,100,0.0,50,100,0,0,100,0.0,300,100,3.3,25.3,0.0,6,381.0000068,200,0,4.3,22.7,0.0,5,507.9999927,1500,900,1.6,26,0.1,38,-24.39609867,600,200,3.5,27.3,0.0
416.475655,1,AUTO,ARMED,4,AVAILABLE,UNAVAILABLE,UNAVAILABLE,302,4,PROGRAM_COMPLETED,712,D_P3-A5.NC,D_P3-A5.NC,6,0.000668021,20,0.0005,1612875.616,469312.686,184.4,1165.1879,100,0.0,50,100,0,0,100,0.0,300,100,3.3,25.3,0.0,6,380.9999954,200,0,4.3,22.7,0.0,5,508.0000042,1500,900,1.6,26,0.1,38,-24.39609867,600,200,3.5,27.3,0.0
416.62873,1,AUTO,ARMED,4,AVAILABLE,UNAVAILABLE,UNAVAILABLE,302,4,PROGRAM_COMPLETED,712,D_P3-A5.NC,D_P3-A5.NC,6,0.000668021,20,0.0005,1612875.616,469312.686,184.4,1165.1879,100,0.0,50,100,0,0,100,0.0,300,100,3.3,25.3,0.0,5,380.9999954,200,0,4.3,22.7,0.0,5,507.9999927,1500,900,1.6,26,0.1,38,-24.39609867,600,200,3.5,27.3,0.0
416.783883,1,AUTO,ARMED,4,AVAILABLE,UNAVAILABLE,UNAVAILABLE,302,4,PROGRAM_COMPLETED,712,D_P3-A5.NC,D_P3-A5.NC,6,0.000668021,20,0.0005,1612875.616,469312.686,184.4,1165.1879,100,0.0,50,100,0,0,100,0.0,300,100,3.3,25.3,0.0,5,380.9999954,200,0,4.3,22.7,0.0,5,507.9999927,1500,900,1.6,26,0.1,38,-24.39609867,600,200,3.5,27.3,0.0
416.939525,1,AUTO,ARMED,4,AVAILABLE,UNAVAILABLE,UNAVAILABLE,302,4,PROGRAM_COMPLETED,712,D_P3-A5.NC,D_P3-A5.NC,6,0.000668021,20,0.0005,1612875.616,469312.686,184.4,1165.1879,100,0.0,50,100,0,0,100,0.0,300,100,3.3,25.3,0.0,5,380.9999954,200,0,4.3,22.7,0.0,5,508.0000042,1500,900,1.6,26,0.1,38,-24.39609867,600,200,3.5,27.3,0.0
417.085107,1,AUTO,ARMED,4,AVAILABLE,UNAVAILABLE,UNAVAILABLE,302,4,PROGRAM_COMPLETED,712,D_P3-A5.NC,D_P3-A5.NC,6,0.000668021,20,0.0005,1612875.616,469312.686,184.4,1165.1879,100,0.0,50,100,0,0,100,0.0,300,100,3.3,25.3,0.0,6,380.9999954,200,0,4.3,22.7,0.0,5,508.0000042,1500,900,1.6,26,0.1,38,-24.39609867,600,200,3.5,27.3,0.0
417.226676,1,AUTO,ARMED,4,AVAILABLE,UNAVAILABLE,UNAVAILABLE,302,4,PROGRAM_COMPLETED,712,D_P3-A5.NC,D_P3-A5.NC,6,0.000668021,20,0.0005,1612875.616,469312.686,184.4,1165.1879,100,0.0,50,100,0,0,100,0.0,300,100,3.3,25.3,0.0,5,381.0000068,200,0,4.3,22.7,0.0,5,508.0000042,1500,900,1.6,26,0.1,38,-24.39609867,600,200,3.5,27.3,0.0
417.36479,1,AUTO,ARMED,4,AVAILABLE,UNAVAILABLE,UNAVAILABLE,302,4,PROGRAM_COMPLETED,712,D_P3-A5.NC,D_P3-A5.NC,6,0.000668021,20,0.0005,1612875.616,469312.686,184.4,1165.1879,100,0.0,50,100,0,0,100,0.0,300,100,3.3,25.3,0.0,6,381.0000068,200,0,4.3,22.7,0.0,5,508.0000042,1500,900,1.6,26,0.1,38,-24.39609867,600,200,3.5,27.3,0.0
