time,COR_Status,Controller_Mode,EStop_State,Machine_Mode,avail,dev_asset_chg,dev_asset_rem,Block_Number,Current_Tool,Execution,Part_Count,Program_Name_Editing,Program_Name_Running,Machine_Time,Spindle_Time,energy,watt,Feed_Override,Feed_Rate,Program_Runtime_Seconds,Rapid_Override,Rapid_Speed,S_Axis_Load,Spindle_Override,Spindle_Speed,smapeak,smarms,smcrest,smdisp,smvrms,X_Axis_Load,X_Position,xmapeak,xmarms,xmcrest,xmdisp,xmvrms,Y_Axis_Load,Y_Position,ymapeak,ymarms,ymcrest,ymdisp,ymvrms,Z_Axis_Load,Z_Position,zmapeak,zmarms,zmcrest,zmdisp,zmvrms
0.0,1,AUTO,ARMED,4,AVAILABLE,UNAVAILABLE,UNAVAILABLE,0,5,ERROR,41,E_P3_NEW3-A3.NC,E_P3_NEW3-A3.NC,41429.939,211495.799,5768.4,2026.7865,100,0.0,19,50,0,0,100,0.0,1895.66,88.984,21.3034,3.98368e-05,0.0161062,0,597.9576792,3048.52,42.9468,70.9836,2.4673e-05,0.00830066,0,507.9999976,432.307,53.0881,8.1432,1.68303e-05,0.00870558,7,-70.61693238,192.287,38.2679,5.02476,4.27207e-05,0.010268
0.152534,1,AUTO,ARMED,4,AVAILABLE,UNAVAILABLE,UNAVAILABLE,0,5,ERROR,41,E_P3_NEW3-A3.NC,E_P3_NEW3-A3.NC,41429.939,211495.799,5768.4,2026.7865,100,0.0,19,50,0,0,100,0.0,1847.67,87.6081,21.0902,0.000138223,0.0282347,0,597.9576792,2976.52,38.452,77.4087,5.05927e-05,0.0120197,0,508.0000047,408.289,51.0865,7.99211,2.21703e-05,0.00820277,7,-70.61693238,216.323,31.4437,6.87969,4.45914e-05,0.0134621
0.29582,1,AUTO,ARMED,4,AVAILABLE,UNAVAILABLE,UNAVAILABLE,0,5,ERROR,41,E_P3_NEW3-A3.NC,E_P3_NEW3-A3.NC,41429.939,211495.799,5768.4,2026.7865,100,0.0,19,50,0,0,100,0.0,1847.67,87.6081,21.0902,0.000138223,0.0282347,0,597.9576792,2976.52,38.452,77.4087,5.05927e-05,0.0120197,0,508.0000047,408.289,51.0865,7.99211,2.21703e-05,0.00820277,7,-70.61693238,216.323,31.4437,6.87969,4.45914e-05,0.0134621
0.447654,1,AUTO,ARMED,4,AVAILABLE,UNAVAILABLE,UNAVAILABLE,0,5,ERROR,41,E_P3_NEW3-A3.NC,E_P3_NEW3-A3.NC,41429.939,211495.799,5768.4,2026.7865,100,0.0,19,50,0,0,100,0.0,1847.67,87.6081,21.0902,0.000138223,0.0282347,0,597.9576792,2976.52,38.452,77.4087,5.05927e-05,0.0120197,0,507.9999976,408.289,51.0865,7.99211,2.21703e-05,0.00820277,7,-70.61692094,216.323,31.4437,6.87969,4.45914e-05,0.0134621
0.58789,1,AUTO,ARMED,4,AVAILABLE,UNAVAILABLE,UNAVAILABLE,0,5,ERROR,41,E_P3_NEW3-A3.NC,E_P3_NEW3-A3.NC,41429.939,211495.799,5768.4,2026.7865,100,0.0,19,50,0,0,100,0.0,1847.67,87.6081,21.0902,0.000138223,0.0282347,0,597.9576792,2976.52,38.452,77.4087,5.05927e-05,0.0120197,0,507.9999976,408.289,51.0865,7.99211,2.21703e-05,0.00820277,7,-70.61692094,216.323,31.4437,6.87969,4.45914e-05,0.0134621
0.734391,1,AUTO,ARMED,4,AVAILABLE,UNAVAILABLE,UNAVAILABLE,0,5,ERROR,41,E_P3_NEW3-A3.NC,E_P3_NEW3-A3.NC,41429.939,211495.799,5768.4,2039.375,100,0.0,19,50,0,0,100,0.0,1847.67,87.6081,21.0902,0.000138223,0.0282347,0,597.9576864,2976.52,38.452,77.4087,5.05927e-05,0.0120197,0,507.9999976,408.289,51.0865,7.99211,2.21703e-05,0.00820277,7,-70.61692094,216.323,31.4437,6.87969,4.45914e-05,0.0134621
0.874383,1,AUTO,ARMED,4,AVAILABLE,UNAVAILABLE,UNAVAILABLE,0,5,ERROR,41,E_P3_NEW3-A3.NC,E_P3_NEW3-A3.NC,41429.939,211495.799,5768.4,2039.375,100,0.0,19,50,0,0,100,0.0,1847.67,87.6081,21.0902,0.000138223,0.0282347,0,597.9576792,2976.52,38.452,77.4087,5.05927e-05,0.0120197,0,507.9999976,408.289,51.0865,7.99211,2.21703e-05,0.00820277,7,-70.61692094,216.323,31.4437,6.87969,4.45914e-05,0.0134621
1.01579,1,AUTO,ARMED,4,AVAILABLE,UNAVAILABLE,UNAVAILABLE,0,5,ERROR,41,E_P3_NEW3-A3.NC,E_P3_NEW3-A3.NC,41429.939,211495.799,5768.4,2039.375,100,0.0,19,50,0,0,100,0.0,1847.67,87.6081,21.0902,0.000138223,0.0282347,0,597.9576792,2976.52,38.452,77.4087,5.05927e-05,0.0120197,0,508.0000047,408.289,51.0865,7.99211,2.21703e-05,0.00820277,7,-70.61693238,216.323,31.4437,6.87969,4.45914e-05,0.0134621
1.174845,1,AUTO,ARMED,4,AVAILABLE,UNAVAILABLE,UNAVAILABLE,0,5,ERROR,41,E_P3_NEW3-A3.NC,E_P3_NEW3-A3.NC,41429.939,211495.799,5768.4,2039.375,100,0.0,19,50,0,0,100,0.0,1967.65,1518.7,1.29561,0.000160994,0.118126,0,597.9576792,3000.52,39.7011,75.5778,8.15105e-05,0.0194933,0,508.0000047,408.287,49.8753,8.18616,2.45377e-05,0.00716369,7,-70.61693238,216.323,47.074,4.59538,0.0010218,0.158159
1.329866,1,AUTO,ARMED,4,AVAILABLE,UNAVAILABLE,UNAVAILABLE,0,5,ERROR,41,E_P3_NEW3-A3.NC,E_P3_NEW3-A3.NC,41429.939,211495.799,5768.4,2039.375,100,0.0,19,50,0,0,100,0.0,1967.65,1518.7,1.29561,0.000160994,0.118126,0,597.9576792,3000.52,39.7011,75.5778,8.15105e-05,0.0194933,0,507.9999976,408.287,49.8753,8.18616,2.45377e-05,0.00716369,7,-70.61692094,216.323,47.074,4.59538,0.0010218,0.158159
1.472934,1,AUTO,ARMED,4,AVAILABLE,UNAVAILABLE,UNAVAILABLE,0,5,ERROR,41,E_P3_NEW3-A3.NC,E_P3_NEW3-A3.NC,41429.939,211495.799,5768.4,2039.375,100,0.0,19,50,0,0,100,0.0,1967.65,1518.7,1.29561,0.000160994,0.118126,0,597.9576792,3000.52,39.7011,75.5778,8.15105e-05,0.0194933,0,507.9999976,408.287,49.8753,8.18616,2.45377e-05,0.00716369,7,-70.61693238,216.323,47.074,4.59538,0.0010218,0.158159
1.615504,1,AUTO,ARMED,5,AVAILABLE,UNAVAILABLE,UNAVAILABLE,0,5,ACTIVE,41,E_P3_NEW3-A3.NC,E_P3_NEW3-A3.NC,41429.939,211495.799,5768.4,2039.375,100,0.0,0,50,0,0,100,0.0,1967.65,1518.7,1.29561,0.000160994,0.118126,0,597.9576792,3000.52,39.7011,75.5778,8.15105e-05,0.0194933,0,507.9999976,408.287,49.8753,8.18616,2.45377e-05,0.00716369,7,-70.61693238,216.323,47.074,4.59538,0.0010218,0.158159
1.758933,1,AUTO,ARMED,5,AVAILABLE,UNAVAILABLE,UNAVAILABLE,4,5,ACTIVE,41,E_P3_NEW3-A3.NC,E_P3_NEW3-A3.NC,41429.939,211495.799,5768.4,2082.3257,100,0.0,0,50,0,0,100,0.0,1967.65,1518.7,1.29561,0.000160994,0.118126,0,597.9576792,3000.52,39.7011,75.5778,8.15105e-05,0.0194933,0,507.9999976,408.287,49.8753,8.18616,2.45377e-05,0.00716369,7,-70.61693238,216.323,47.074,4.59538,0.0010218,0.158159
1.901537,1,AUTO,ARMED,5,AVAILABLE,UNAVAILABLE,UNAVAILABLE,6,5,ACTIVE,41,E_P3_NEW3-A3.NC,E_P3_NEW3-A3.NC,41429.939,211495.799,5768.4,2082.3257,100,0.0,0,50,0,0,100,0.0,1967.65,1518.7,1.29561,0.000160994,0.118126,0,597.9576792,3000.52,39.7011,75.5778,8.15105e-05,0.0194933,0,507.9999976,408.287,49.8753,8.18616,2.45377e-05,0.00716369,7,-72.20135064,216.323,47.074,4.59538,0.0010218,0.158159
2.054719,1,AUTO,ARMED,5,AVAILABLE,UNAVAILABLE,UNAVAILABLE,6,5,ACTIVE,41,E_P3_NEW3-A3.NC,E_P3_NEW3-A3.NC,41429.939,211495.799,5768.4,2082.3257,100,162.2,0,50,0,0,100,0.0,1967.65,1518.7,1.29561,0.000160994,0.118126,0,597.9552538,3000.52,39.7011,75.5778,8.15105e-05,0.0194933,0,507.9999976,408.287,49.8753,8.18616,2.45377e-05,0.00716369,3,-87.39998728,216.323,47.074,4.59538,0.0010218,0.158159
2.198472,1,AUTO,ARMED,5,AVAILABLE,UNAVAILABLE,UNAVAILABLE,6,5,ACTIVE,41,E_P3_NEW3-A3.NC,E_P3_NEW3-A3.NC,41429.939,211495.799,5768.4,2082.3257,100,174.8,0,50,0,0,100,0.0,35633.7,154.509,230.625,8.57507e-05,0.0505823,0,597.9575497,16298.8,920.717,17.7023,0.000422459,0.532067,0,508.0000047,6772.84,1950.04,3.47318,0.00016019,0.349022,3,-107.968387,2764.16,64.4714,42.8742,0.000124174,0.0339215
2.361691,1,AUTO,ARMED,5,AVAILABLE,UNAVAILABLE,UNAVAILABLE,6,5,ACTIVE,41,E_P3_NEW3-A3.NC,E_P3_NEW3-A3.NC,41429.939,211495.799,5768.4,2082.3257,100,200.0,0,50,0,0,100,0.0,35633.7,154.509,230.625,8.57507e-05,0.0505823,0,597.9577285,16298.8,920.717,17.7023,0.000422459,0.532067,0,508.0000047,6772.84,1950.04,3.47318,0.00016019,0.349022,3,-148.8781924,2764.16,64.4714,42.8742,0.000124174,0.0339215
2.524606,1,AUTO,ARMED,5,AVAILABLE,UNAVAILABLE,UNAVAILABLE,6,5,ACTIVE,41,E_P3_NEW3-A3.NC,E_P3_NEW3-A3.NC,41429.939,211495.799,5768.4,2082.3257,100,38.41667,1,50,0,0,100,0.0,35633.7,154.509,230.625,8.57507e-05,0.0505823,0,593.8624591,16298.8,920.717,17.7023,0.000422459,0.532067,0,494.4148558,6772.84,1950.04,3.47318,0.00016019,0.349022,9,-158.1161369,2764.16,64.4714,42.8742,0.000124174,0.0339215
2.671144,1,AUTO,ARMED,5,AVAILABLE,UNAVAILABLE,UNAVAILABLE,7,5,ACTIVE,41,E_P3_NEW3-A3.NC,E_P3_NEW3-A3.NC,41429.939,211495.799,5768.4,2082.3257,100,185.25,1,50,0,0,100,0.0,35633.7,154.509,230.625,8.57507e-05,0.0505823,1,587.9314436,16298.8,920.717,17.7023,0.000422459,0.532067,2,474.740899,6772.84,1950.04,3.47318,0.00016019,0.349022,5,-158.1177505,2764.16,64.4714,42.8742,0.000124174,0.0339215
2.810886,1,AUTO,ARMED,5,AVAILABLE,UNAVAILABLE,UNAVAILABLE,7,5,ACTIVE,41,E_P3_NEW3-A3.NC,E_P3_NEW3-A3.NC,41429.939,211495.799,5768.4,2388.251,100,199.7833,1,50,0,0,100,0.0,35633.7,154.509,230.625,8.57507e-05,0.0505823,1,581.9862664,16298.8,920.717,17.7023,0.000422459,0.532067,2,455.0195509,6772.84,1950.04,3.47318,0.00016019,0.349022,5,-158.1177848,2764.16,64.4714,42.8742,0.000124174,0.0339215
2.953365,1,AUTO,ARMED,5,AVAILABLE,UNAVAILABLE,UNAVAILABLE,7,5,ACTIVE,41,E_P3_NEW3-A3.NC,E_P3_NEW3-A3.NC,41429.939,211495.799,5768.4,2388.251,100,200.0,1,50,0,0,100,0.0,35633.7,154.509,230.625,8.57507e-05,0.0505823,0,573.0825109,16298.8,920.717,17.7023,0.000422459,0.532067,1,425.4829915,6772.84,1950.04,3.47318,0.00016019,0.349022,5,-158.1177391,2764.16,64.4714,42.8742,0.000124174,0.0339215
3.09856,1,AUTO,ARMED,5,AVAILABLE,UNAVAILABLE,UNAVAILABLE,7,5,ACTIVE,41,E_P3_NEW3-A3.NC,E_P3_NEW3-A3.NC,41429.939,211495.799,5768.4,2388.251,100,200.0,1,50,0,0,100,0.0,35633.7,154.509,230.625,8.57507e-05,0.0505823,0,567.122367,16298.8,920.717,17.7023,0.000422459,0.532067,1,405.7112458,6772.84,1950.04,3.47318,0.00016019,0.349022,5,-158.1177047,2764.16,64.4714,42.8742,0.000124174,0.0339215
3.240441,1,AUTO,ARMED,5,AVAILABLE,UNAVAILABLE,UNAVAILABLE,7,5,ACTIVE,41,E_P3_NEW3-A3.NC,E_P3_NEW3-A3.NC,41429.939,211495.799,5768.4,2388.251,100,200.0,1,50,0,0,100,0.0,2903.48,1785.2,1.62642,0.000193974,0.158206,0,555.2455699,16802.9,72.2665,232.513,9.29739e-05,0.0253851,1,366.3124452,6220.44,75.7373,82.1318,2.99338e-05,0.0242641,6,-158.1176475,288.435,81.8412,3.52433,0.00146224,0.234472
3.390971,1,AUTO,ARMED,5,AVAILABLE,UNAVAILABLE,UNAVAILABLE,7,5,ACTIVE,41,E_P3_NEW3-A3.NC,E_P3_NEW3-A3.NC,41429.939,211495.799,5768.4,2388.251,100,200.0,1,50,0,0,100,0.0,2903.48,1785.2,1.62642,0.000193974,0.158206,0,549.2854528,16802.9,72.2665,232.513,9.29739e-05,0.0253851,1,346.5412977,6220.44,75.7373,82.1318,2.99338e-05,0.0242641,6,-158.1176475,288.435,81.8412,3.52433,0.00146224,0.234472
3.542518,1,AUTO,ARMED,5,AVAILABLE,UNAVAILABLE,UNAVAILABLE,7,5,ACTIVE,41,E_P3_NEW3-A3.NC,E_P3_NEW3-A3.NC,41429.939,211495.799,5768.4,2388.251,100,200.0,2,50,0,0,100,0.0,2903.48,1785.2,1.62642,0.000193974,0.158206,0,543.3398695,16802.9,72.2665,232.513,9.29739e-05,0.0253851,0,326.8177058,6220.44,75.7373,82.1318,2.99338e-05,0.0242641,6,-158.1176246,288.435,81.8412,3.52433,0.00146224,0.234472
3.716347,1,AUTO,ARMED,5,AVAILABLE,UNAVAILABLE,UNAVAILABLE,7,5,ACTIVE,41,E_P3_NEW3-A3.NC,E_P3_NEW3-A3.NC,41429.939,211495.799,5768.4,2388.251,100,141.25,2,50,0,0,100,0.0,2903.48,1785.2,1.62642,0.000193974,0.158206,0,530.394109,16802.9,72.2665,232.513,9.29739e-05,0.0253851,0,283.8750958,6220.44,75.7373,82.1318,2.99338e-05,0.0242641,6,-158.1176132,288.435,81.8412,3.52433,0.00146224,0.234472
3.87477,1,AUTO,ARMED,5,AVAILABLE,UNAVAILABLE,UNAVAILABLE,7,5,ACTIVE,41,E_P3_NEW3-A3.NC,E_P3_NEW3-A3.NC,41429.939,211495.799,5768.4,2574.718,100,0.0,2,50,0,0,100,0.0,2903.48,1785.2,1.62642,0.000193974,0.158206,0,530.386985,16802.9,72.2665,232.513,9.29739e-05,0.0253851,0,283.8497829,6220.44,75.7373,82.1318,2.99338e-05,0.0242641,6,-158.1363923,288.435,81.8412,3.52433,0.00146224,0.234472
4.025334,1,AUTO,ARMED,5,AVAILABLE,UNAVAILABLE,UNAVAILABLE,8,5,ACTIVE,41,E_P3_NEW3-A3.NC,E_P3_NEW3-A3.NC,41429.939,211495.799,5768.4,2574.718,100,45.0,2,50,0,0,100,0.0,2903.48,1785.2,1.62642,0.000193974,0.158206,0,530.3867204,16802.9,72.2665,232.513,9.29739e-05,0.0253851,0,283.8488387,6220.44,75.7373,82.1318,2.99338e-05,0.0242641,6,-187.3210957,288.435,81.8412,3.52433,0.00146224,0.234472
4.167975,1,AUTO,ARMED,5,AVAILABLE,UNAVAILABLE,UNAVAILABLE,8,5,ACTIVE,41,E_P3_NEW3-A3.NC,E_P3_NEW3-A3.NC,41429.939,211495.799,5768.4,2574.718,100,200.0,2,50,0,0,100,0.0,2903.48,1785.2,1.62642,0.000193974,0.158206,0,530.3867418,16802.9,72.2665,232.513,9.29739e-05,0.0253851,0,283.8488674,6220.44,75.7373,82.1318,2.99338e-05,0.0242641,3,-207.8689984,288.435,81.8412,3.52433,0.00146224,0.234472
4.310129,1,AUTO,ARMED,5,AVAILABLE,UNAVAILABLE,UNAVAILABLE,8,5,ACTIVE,41,E_P3_NEW3-A3.NC,E_P3_NEW3-A3.NC,41429.939,211495.799,5768.4,2574.718,100,200.0,2,50,0,0,100,0.0,38921.1,240.638,161.741,7.04886e-05,0.0303342,0,530.3867704,744.13,38.1786,19.4908,0.000114648,0.0208193,0,283.8488817,576.409,47.4471,12.1485,2.71509e-05,0.00894742,3,-249.0848734,624.938,33.6086,18.5946,0.000272202,0.0501013
4.459201,1,AUTO,ARMED,5,AVAILABLE,UNAVAILABLE,UNAVAILABLE,8,5,ACTIVE,41,E_P3_NEW3-A3.NC,E_P3_NEW3-A3.NC,41429.939,211495.799,5768.4,2574.718,100,147.3333,2,50,0,0,100,0.0,38921.1,240.638,161.741,7.04886e-05,0.0303342,0,530.3867776,744.13,38.1786,19.4908,0.000114648,0.0208193,0,283.8488817,576.409,47.4471,12.1485,2.71509e-05,0.00894742,8,-259.6418571,624.938,33.6086,18.5946,0.000272202,0.0501013
4.610443,1,AUTO,ARMED,5,AVAILABLE,UNAVAILABLE,UNAVAILABLE,9,5,ACTIVE,41,E_P3_NEW3-A3.NC,E_P3_NEW3-A3.NC,41429.939,211495.799,5768.4,2574.718,100,15.65,3,50,0,0,100,0.0,38921.1,240.638,161.741,7.04886e-05,0.0303342,0,530.3867847,744.13,38.1786,19.4908,0.000114648,0.0208193,0,283.8489031,576.409,47.4471,12.1485,2.71509e-05,0.00894742,8,-260.6487024,624.938,33.6086,18.5946,0.000272202,0.0501013
4.772655,1,AUTO,ARMED,5,AVAILABLE,UNAVAILABLE,UNAVAILABLE,9,5,ACTIVE,41,E_P3_NEW3-A3.NC,E_P3_NEW3-A3.NC,41429.939,211495.799,5768.4,2574.718,100,23.28333,3,50,0,0,100,0.0,38921.1,240.638,161.741,7.04886e-05,0.0303342,0,530.3867919,744.13,38.1786,19.4908,0.000114648,0.0208193,0,283.8488888,576.409,47.4471,12.1485,2.71509e-05,0.00894742,5,-264.2496299,624.938,33.6086,18.5946,0.000272202,0.0501013
4.918692,1,AUTO,ARMED,5,AVAILABLE,UNAVAILABLE,UNAVAILABLE,9,5,ACTIVE,41,E_P3_NEW3-A3.NC,E_P3_NEW3-A3.NC,41429.939,211495.799,5768.4,2574.718,100,23.28333,3,50,0,0,100,0.0,38921.1,240.638,161.741,7.04886e-05,0.0303342,0,530.386799,744.13,38.1786,19.4908,0.000114648,0.0208193,0,283.848896,576.409,47.4471,12.1485,2.71509e-05,0.00894742,5,-266.6536698,624.938,33.6086,18.5946,0.000272202,0.0501013
5.069407,1,AUTO,ARMED,5,AVAILABLE,UNAVAILABLE,UNAVAILABLE,9,5,ACTIVE,41,E_P3_NEW3-A3.NC,E_P3_NEW3-A3.NC,41429.939,211495.799,5768.4,2559.1042,100,23.28333,3,50,0,0,100,0.0,38921.1,240.638,161.741,7.04886e-05,0.0303342,0,530.386799,744.13,38.1786,19.4908,0.000114648,0.0208193,0,283.8488888,576.409,47.4471,12.1485,2.71509e-05,0.00894742,5,-273.842525,624.938,33.6086,18.5946,0.000272202,0.0501013
5.221703,1,AUTO,ARMED,5,AVAILABLE,UNAVAILABLE,UNAVAILABLE,9,5,ACTIVE,41,E_P3_NEW3-A3.NC,E_P3_NEW3-A3.NC,41429.939,211495.799,5768.4,2559.1042,100,23.28333,3,50,0,0,100,0.0,38921.1,240.638,161.741,7.04886e-05,0.0303342,0,530.386799,744.13,38.1786,19.4908,0.000114648,0.0208193,0,283.848896,576.409,47.4471,12.1485,2.71509e-05,0.00894742,5,-276.234801,624.938,33.6086,18.5946,0.000272202,0.0501013
5.363806,1,AUTO,ARMED,5,AVAILABLE,UNAVAILABLE,UNAVAILABLE,9,5,ACTIVE,41,E_P3_NEW3-A3.NC,E_P3_NEW3-A3.NC,41429.939,211495.799,5768.4,2559.1042,100,23.28333,3,50,0,0,100,0.0,5471.03,229.666,23.8217,9.2186e-05,0.0287487,0,530.386799,672.118,38.2987,17.5494,1.47182e-05,0.006304,0,283.848896,384.273,46.7684,8.21651,2.8152e-05,0.00820095,5,-278.6329475,697.047,55.1365,12.6422,0.00133875,0.22822
5.507642,1,AUTO,ARMED,5,AVAILABLE,UNAVAILABLE,UNAVAILABLE,9,5,ACTIVE,41,E_P3_NEW3-A3.NC,E_P3_NEW3-A3.NC,41429.939,211495.799,5768.4,2559.1042,100,23.28333,4,50,0,0,100,0.0,5471.03,229.666,23.8217,9.2186e-05,0.0287487,0,530.386799,672.118,38.2987,17.5494,1.47182e-05,0.006304,0,283.848896,384.273,46.7684,8.21651,2.8152e-05,0.00820095,5,-283.4292102,697.047,55.1365,12.6422,0.00133875,0.22822
5.652215,1,AUTO,ARMED,5,AVAILABLE,UNAVAILABLE,UNAVAILABLE,9,5,ACTIVE,41,E_P3_NEW3-A3.NC,E_P3_NEW3-A3.NC,41429.939,211495.799,5768.4,2559.1042,100,23.28333,4,50,0,0,100,0.0,5471.03,229.666,23.8217,9.2186e-05,0.0287487,0,530.386799,672.118,38.2987,17.5494,1.47182e-05,0.006304,0,283.848896,384.273,46.7684,8.21651,2.8152e-05,0.00820095,5,-285.8274435,697.047,55.1365,12.6422,0.00133875,0.22822
5.797858,1,AUTO,ARMED,5,AVAILABLE,UNAVAILABLE,UNAVAILABLE,9,5,ACTIVE,41,E_P3_NEW3-A3.NC,E_P3_NEW3-A3.NC,41429.939,211495.799,5768.4,2559.1042,100,23.28333,4,50,0,0,100,0.0,5471.03,229.666,23.8217,9.2186e-05,0.0287487,0,530.386799,672.118,38.2987,17.5494,1.47182e-05,0.006304,0,283.848896,384.273,46.7684,8.21651,2.8152e-05,0.00820095,5,-288.2314782,697.047,55.1365,12.6422,0.00133875,0.22822
5.945482,1,AUTO,ARMED,5,AVAILABLE,UNAVAILABLE,UNAVAILABLE,9,5,ACTIVE,41,E_P3_NEW3-A3.NC,E_P3_NEW3-A3.NC,41429.939,211495.799,5768.4,2559.1042,100,23.28333,4,50,0,0,100,0.0,5471.03,229.666,23.8217,9.2186e-05,0.0287487,0,530.386799,672.118,38.2987,17.5494,1.47182e-05,0.006304,0,283.848896,384.273,46.7684,8.21651,2.8152e-05,0.00820095,5,-290.6354213,697.047,55.1365,12.6422,0.00133875,0.22822
6.09434,1,AUTO,ARMED,5,AVAILABLE,UNAVAILABLE,UNAVAILABLE,9,5,ACTIVE,41,E_P3_NEW3-A3.NC,E_P3_NEW3-A3.NC,41429.939,211495.799,5768.4,2547.2766,100,23.28333,4,50,0,0,100,0.0,5471.03,229.666,23.8217,9.2186e-05,0.0287487,0,530.386799,672.118,38.2987,17.5494,1.47182e-05,0.006304,0,283.8488888,384.273,46.7684,8.21651,2.8152e-05,0.00820095,5,-297.8242281,697.047,55.1365,12.6422,0.00133875,0.22822
6.254811,1,AUTO,ARMED,5,AVAILABLE,UNAVAILABLE,UNAVAILABLE,9,5,ACTIVE,41,E_P3_NEW3-A3.NC,E_P3_NEW3-A3.NC,41429.939,211495.799,5768.4,2547.2766,100,23.28333,4,50,0,0,100,0.0,5471.03,229.666,23.8217,9.2186e-05,0.0287487,0,530.386799,672.118,38.2987,17.5494,1.47182e-05,0.006304,0,283.848896,384.273,46.7684,8.21651,2.8152e-05,0.00820095,5,-300.216557,697.047,55.1365,12.6422,0.00133875,0.22822
6.399353,1,AUTO,ARMED,5,AVAILABLE,UNAVAILABLE,UNAVAILABLE,9,5,ACTIVE,41,E_P3_NEW3-A3.NC,E_P3_NEW3-A3.NC,41429.939,211495.799,5768.4,2547.2766,100,23.28333,4,50,0,0,100,0.0,5135.09,284.926,18.0225,4.04338e-05,0.0283747,0,530.386799,624.109,39.8993,15.6421,4.3777e-05,0.0105696,0,283.848896,384.273,52.3054,7.34672,3.16607e-05,0.0112743,5,-302.6146987,216.324,41.1178,5.26108,0.000364662,0.0645586
6.5435,1,AUTO,ARMED,5,AVAILABLE,UNAVAILABLE,UNAVAILABLE,9,5,ACTIVE,41,E_P3_NEW3-A3.NC,E_P3_NEW3-A3.NC,41429.939,211495.799,5768.4,2547.2766,100,23.28333,5,50,0,0,100,0.0,5135.09,284.926,18.0225,4.04338e-05,0.0283747,0,530.386799,624.109,39.8993,15.6421,4.3777e-05,0.0105696,0,283.848896,384.273,52.3054,7.34672,3.16607e-05,0.0112743,5,-307.4169458,216.324,41.1178,5.26108,0.000364662,0.0645586
6.689146,1,AUTO,ARMED,5,AVAILABLE,UNAVAILABLE,UNAVAILABLE,9,5,ACTIVE,41,E_P3_NEW3-A3.NC,E_P3_NEW3-A3.NC,41429.939,211495.799,5768.4,2547.2766,100,23.28333,5,50,0,0,100,0.0,5135.09,284.926,18.0225,4.04338e-05,0.0283747,0,530.386799,624.109,39.8993,15.6421,4.3777e-05,0.0105696,0,283.848896,384.273,52.3054,7.34672,3.16607e-05,0.0112743,5,-309.8092757,216.324,41.1178,5.26108,0.000364662,0.0645586
6.833372,1,AUTO,ARMED,5,AVAILABLE,UNAVAILABLE,UNAVAILABLE,9,5,ACTIVE,41,E_P3_NEW3-A3.NC,E_P3_NEW3-A3.NC,41429.939,211495.799,5768.4,2547.2766,100,23.28333,5,50,0,0,100,0.0,5135.09,284.926,18.0225,4.04338e-05,0.0283747,0,530.386799,624.109,39.8993,15.6421,4.3777e-05,0.0105696,0,283.848896,384.273,52.3054,7.34672,3.16607e-05,0.0112743,5,-313.4124465,216.324,41.1178,5.26108,0.000364662,0.0645586
7.002575,1,AUTO,ARMED,5,AVAILABLE,UNAVAILABLE,UNAVAILABLE,9,5,ACTIVE,41,E_P3_NEW3-A3.NC,E_P3_NEW3-A3.NC,41429.939,211495.799,5768.4,2547.2766,100,23.28333,5,50,0,0,100,0.0,5135.09,284.926,18.0225,4.04338e-05,0.0283747,0,530.386799,624.109,39.8993,15.6421,4.3777e-05,0.0105696,0,283.848896,384.273,52.3054,7.34672,3.16607e-05,0.0112743,5,-315.8049251,216.324,41.1178,5.26108,0.000364662,0.0645586
7.157159,1,AUTO,ARMED,5,AVAILABLE,UNAVAILABLE,UNAVAILABLE,9,5,ACTIVE,41,E_P3_NEW3-A3.NC,E_P3_NEW3-A3.NC,41429.939,211495.799,5768.4,3241.8149,100,23.28333,5,50,0,0,100,0.0,5135.09,284.926,18.0225,4.04338e-05,0.0283747,0,530.386799,624.109,39.8993,15.6421,4.3777e-05,0.0105696,0,283.848896,384.273,52.3054,7.34672,3.16607e-05,0.0112743,5,-318.2028736,216.324,41.1178,5.26108,0.000364662,0.0645586
7.300903,1,AUTO,ARMED,5,AVAILABLE,UNAVAILABLE,UNAVAILABLE,9,5,ACTIVE,41,E_P3_NEW3-A3.NC,E_P3_NEW3-A3.NC,41429.939,211495.799,5768.4,3241.8149,100,13.45,5,50,0,0,100,0.0,5135.09,284.926,18.0225,4.04338e-05,0.0283747,0,530.3868062,624.109,39.8993,15.6421,4.3777e-05,0.0105696,0,283.848896,384.273,52.3054,7.34672,3.16607e-05,0.0112743,5,-323.216226,216.324,41.1178,5.26108,0.000364662,0.0645586
7.451912,1,AUTO,ARMED,5,AVAILABLE,UNAVAILABLE,UNAVAILABLE,12,5,ACTIVE,41,E_P3_NEW3-A3.NC,E_P3_NEW3-A3.NC,41429.939,211495.799,5768.4,3241.8149,100,0.0,5,50,0,0,100,0.0,5135.09,284.926,18.0225,4.04338e-05,0.0283747,0,530.386799,624.109,39.8993,15.6421,4.3777e-05,0.0105696,0,283.8489031,384.273,52.3054,7.34672,3.16607e-05,0.0112743,5,-323.2174848,216.324,41.1178,5.26108,0.000364662,0.0645586
7.612435,1,AUTO,ARMED,5,AVAILABLE,UNAVAILABLE,UNAVAILABLE,12,5,ACTIVE,41,E_P3_NEW3-A3.NC,E_P3_NEW3-A3.NC,41429.939,211495.799,5768.4,3241.8149,100,0.0,6,50,0,0,100,38.70898415,4607.18,223.95,20.5724,0.00012369,0.0420146,0,530.3868062,1080.19,49.9185,21.6391,9.30376e-05,0.0209718,0,283.848896,504.358,74.1965,6.7976,2.65761e-05,0.0167589,5,-323.2177136,1346.02,228.441,5.8922,0.000139433,0.103575
7.751367,1,AUTO,ARMED,5,AVAILABLE,UNAVAILABLE,UNAVAILABLE,12,5,ACTIVE,41,E_P3_NEW3-A3.NC,E_P3_NEW3-A3.NC,41429.939,211495.799,5768.4,3241.8149,100,0.0,6,50,0,27,100,544.696238,4607.18,223.95,20.5724,0.00012369,0.0420146,0,530.386799,1080.19,49.9185,21.6391,9.30376e-05,0.0209718,0,283.8489031,504.358,74.1965,6.7976,2.65761e-05,0.0167589,6,-323.2177136,1346.02,228.441,5.8922,0.000139433,0.103575
7.895849,1,AUTO,ARMED,5,AVAILABLE,UNAVAILABLE,UNAVAILABLE,12,5,ACTIVE,41,E_P3_NEW3-A3.NC,E_P3_NEW3-A3.NC,41429.939,211495.799,5768.4,3241.8149,100,0.0,6,50,0,28,100,1262.892731,4607.18,223.95,20.5724,0.00012369,0.0420146,0,530.386799,1080.19,49.9185,21.6391,9.30376e-05,0.0209718,0,283.848896,504.358,74.1965,6.7976,2.65761e-05,0.0167589,6,-323.2176679,1346.02,228.441,5.8922,0.000139433,0.103575
8.039308,1,AUTO,ARMED,5,AVAILABLE,UNAVAILABLE,UNAVAILABLE,12,5,ACTIVE,41,E_P3_NEW3-A3.NC,E_P3_NEW3-A3.NC,41429.939,211495.799,5768.4,3241.8149,100,0.0,6,50,0,30,100,1610.831313,4607.18,223.95,20.5724,0.00012369,0.0420146,0,530.386799,1080.19,49.9185,21.6391,9.30376e-05,0.0209718,0,283.8489031,504.358,74.1965,6.7976,2.65761e-05,0.0167589,6,-323.2176564,1346.02,228.441,5.8922,0.000139433,0.103575
8.188757,1,AUTO,ARMED,5,AVAILABLE,UNAVAILABLE,UNAVAILABLE,12,5,ACTIVE,41,E_P3_NEW3-A3.NC,E_P3_NEW3-A3.NC,41429.939,211495.799,5768.4,9457.5703,100,0.0,6,50,0,28,100,1952.390971,4607.18,223.95,20.5724,0.00012369,0.0420146,0,530.386799,1080.19,49.9185,21.6391,9.30376e-05,0.0209718,0,283.848896,504.358,74.1965,6.7976,2.65761e-05,0.0167589,6,-323.217645,1346.02,228.441,5.8922,0.000139433,0.103575
8.33131,1,AUTO,ARMED,5,AVAILABLE,UNAVAILABLE,UNAVAILABLE,12,5,ACTIVE,41,E_P3_NEW3-A3.NC,E_P3_NEW3-A3.NC,41429.939,211495.799,5768.4,9457.5703,100,0.0,6,50,0,26,100,2221.633085,4607.18,223.95,20.5724,0.00012369,0.0420146,0,530.386799,1080.19,49.9185,21.6391,9.30376e-05,0.0209718,0,283.848896,504.358,74.1965,6.7976,2.65761e-05,0.0167589,6,-323.2176221,1346.02,228.441,5.8922,0.000139433,0.103575
8.47537,1,AUTO,ARMED,5,AVAILABLE,UNAVAILABLE,UNAVAILABLE,12,5,ACTIVE,41,E_P3_NEW3-A3.NC,E_P3_NEW3-A3.NC,41429.939,211495.799,5768.4,9457.5703,100,0.0,6,50,0,27,100,3022.392842,4727.16,294.525,16.0501,0.000225212,0.108252,0,530.386799,864.146,66.0603,13.0812,0.000132688,0.0564765,0,283.848896,600.427,106.638,5.63052,0.000102624,0.0589675,6,-323.2176106,1514.28,356.772,4.24439,0.000151229,0.150149
8.636494,1,AUTO,ARMED,5,AVAILABLE,UNAVAILABLE,UNAVAILABLE,12,5,ACTIVE,41,E_P3_NEW3-A3.NC,E_P3_NEW3-A3.NC,41429.939,211495.799,5768.4,9457.5703,100,0.0,6,50,0,27,100,3022.392842,4727.16,294.525,16.0501,0.000225212,0.108252,0,530.386799,864.146,66.0603,13.0812,0.000132688,0.0564765,0,283.848896,600.427,106.638,5.63052,0.000102624,0.0589675,6,-323.2176106,1514.28,356.772,4.24439,0.000151229,0.150149
8.784568,1,AUTO,ARMED,5,AVAILABLE,UNAVAILABLE,UNAVAILABLE,12,5,ACTIVE,41,E_P3_NEW3-A3.NC,E_P3_NEW3-A3.NC,41429.939,211495.799,5768.4,9457.5703,100,0.0,7,50,0,33,100,4332.408612,4727.16,294.525,16.0501,0.000225212,0.108252,0,530.386799,864.146,66.0603,13.0812,0.000132688,0.0564765,0,283.8489031,600.427,106.638,5.63052,0.000102624,0.0589675,6,-323.2175992,1514.28,356.772,4.24439,0.000151229,0.150149
8.958743,1,AUTO,ARMED,5,AVAILABLE,UNAVAILABLE,UNAVAILABLE,12,5,ACTIVE,41,E_P3_NEW3-A3.NC,E_P3_NEW3-A3.NC,41429.939,211495.799,5768.4,12071.8047,100,0.0,7,50,0,37,100,4666.54048,4727.16,294.525,16.0501,0.000225212,0.108252,0,530.386799,864.146,66.0603,13.0812,0.000132688,0.0564765,0,283.8489103,600.427,106.638,5.63052,0.000102624,0.0589675,6,-323.2175992,1514.28,356.772,4.24439,0.000151229,0.150149
9.146442,1,AUTO,ARMED,5,AVAILABLE,UNAVAILABLE,UNAVAILABLE,12,5,ACTIVE,41,E_P3_NEW3-A3.NC,E_P3_NEW3-A3.NC,41429.939,211495.799,5768.4,12071.8047,100,0.0,7,50,0,47,100,5332.998106,3647.35,432.394,8.43525,0.000251876,0.19847,0,530.386799,888.154,129.998,6.83206,0.000332398,0.150292,0,283.8489031,576.414,102.571,5.61966,0.000114041,0.0633464,6,-323.2175992,1874.82,638.456,2.93649,0.000288369,0.28268
9.304648,1,AUTO,ARMED,5,AVAILABLE,UNAVAILABLE,UNAVAILABLE,12,5,ACTIVE,41,E_P3_NEW3-A3.NC,E_P3_NEW3-A3.NC,41429.939,211495.799,5768.4,12071.8047,100,0.0,7,50,0,53,100,5658.336689,3647.35,432.394,8.43525,0.000251876,0.19847,0,530.386799,888.154,129.998,6.83206,0.000332398,0.150292,0,283.848896,576.414,102.571,5.61966,0.000114041,0.0633464,6,-323.2175992,1874.82,638.456,2.93649,0.000288369,0.28268
9.759112,1,AUTO,ARMED,5,AVAILABLE,UNAVAILABLE,UNAVAILABLE,12,5,ACTIVE,41,E_P3_NEW3-A3.NC,E_P3_NEW3-A3.NC,41429.939,211495.799,5768.4,12071.8047,100,0.0,8,50,0,61,100,6750.462975,3647.35,432.394,8.43525,0.000251876,0.19847,0,530.386799,888.154,129.998,6.83206,0.000332398,0.150292,0,283.8489031,576.414,102.571,5.61966,0.000114041,0.0633464,6,-323.2175992,1874.82,638.456,2.93649,0.000288369,0.28268
9.92931,1,AUTO,ARMED,5,AVAILABLE,UNAVAILABLE,UNAVAILABLE,12,5,ACTIVE,41,E_P3_NEW3-A3.NC,E_P3_NEW3-A3.NC,41429.939,211495.799,5768.4,12071.8047,100,0.0,8,50,0,59,100,7499.587664,3647.35,432.394,8.43525,0.000251876,0.19847,0,530.386799,888.154,129.998,6.83206,0.000332398,0.150292,0,283.848896,576.414,102.571,5.61966,0.000114041,0.0633464,6,-323.2175992,1874.82,638.456,2.93649,0.000288369,0.28268
10.077694,1,AUTO,ARMED,5,AVAILABLE,UNAVAILABLE,UNAVAILABLE,12,5,ACTIVE,41,E_P3_NEW3-A3.NC,E_P3_NEW3-A3.NC,41429.939,211495.799,5768.4,12071.8047,100,0.0,8,50,0,60,100,8250.0,3647.35,432.394,8.43525,0.000251876,0.19847,0,530.386799,888.154,129.998,6.83206,0.000332398,0.150292,0,283.8489031,576.414,102.571,5.61966,0.000114041,0.0633464,6,-323.2176106,1874.82,638.456,2.93649,0.000288369,0.28268
10.321635,1,AUTO,ARMED,5,AVAILABLE,UNAVAILABLE,UNAVAILABLE,12,5,ACTIVE,41,E_P3_NEW3-A3.NC,E_P3_NEW3-A3.NC,41429.939,211495.799,5768.4,12071.8047,100,0.0,8,50,0,58,100,8250.0,3647.35,432.394,8.43525,0.000251876,0.19847,0,530.386799,888.154,129.998,6.83206,0.000332398,0.150292,0,283.8489031,576.414,102.571,5.61966,0.000114041,0.0633464,6,-323.2175992,1874.82,638.456,2.93649,0.000288369,0.28268
10.47094,1,AUTO,ARMED,5,AVAILABLE,UNAVAILABLE,UNAVAILABLE,13,5,ACTIVE,41,E_P3_NEW3-A3.NC,E_P3_NEW3-A3.NC,41429.939,211495.799,5768.4,2669.3567,100,0.0,8,50,0,34,100,8250.0,3647.35,432.394,8.43525,0.000251876,0.19847,0,530.3867919,888.154,129.998,6.83206,0.000332398,0.150292,1,284.4831612,576.414,102.571,5.61966,0.000114041,0.0633464,6,-323.2176335,1874.82,638.456,2.93649,0.000288369,0.28268
10.63243,1,AUTO,ARMED,5,AVAILABLE,UNAVAILABLE,UNAVAILABLE,13,5,ACTIVE,41,E_P3_NEW3-A3.NC,E_P3_NEW3-A3.NC,41429.939,211495.799,5768.4,2669.3567,100,0.0,9,50,0,8,100,8250.0,3551.37,343.091,10.3511,0.000297372,0.228256,0,530.386799,8089.39,98.6567,81.9953,0.000161307,0.115978,1,284.4838192,792.565,111.577,7.1033,0.000122924,0.0522593,6,-323.2175878,1706.56,468.25,3.64455,0.000243242,0.20784
10.782428,1,AUTO,ARMED,5,AVAILABLE,UNAVAILABLE,UNAVAILABLE,13,5,ACTIVE,41,E_P3_NEW3-A3.NC,E_P3_NEW3-A3.NC,41429.939,211495.799,5768.4,2669.3567,100,0.0,9,50,0,17,100,8250.0,3551.37,343.091,10.3511,0.000297372,0.228256,0,530.3867919,8089.39,98.6567,81.9953,0.000161307,0.115978,0,284.4839194,792.565,111.577,7.1033,0.000122924,0.0522593,6,-323.2176221,1706.56,468.25,3.64455,0.000243242,0.20784
10.930407,1,AUTO,ARMED,5,AVAILABLE,UNAVAILABLE,UNAVAILABLE,13,5,ACTIVE,41,E_P3_NEW3-A3.NC,E_P3_NEW3-A3.NC,41429.939,211495.799,5768.4,2669.3567,100,0.0,9,50,0,6,100,8250.0,3551.37,343.091,10.3511,0.000297372,0.228256,0,530.386799,8089.39,98.6567,81.9953,0.000161307,0.115978,0,284.4839194,792.565,111.577,7.1033,0.000122924,0.0522593,6,-323.2175992,1706.56,468.25,3.64455,0.000243242,0.20784
11.078404,1,AUTO,ARMED,5,AVAILABLE,UNAVAILABLE,UNAVAILABLE,13,5,ACTIVE,41,E_P3_NEW3-A3.NC,E_P3_NEW3-A3.NC,41429.939,211495.799,5768.4,2669.3567,100,0.0,9,50,0,1,100,8250.0,3551.37,343.091,10.3511,0.000297372,0.228256,0,530.386799,8089.39,98.6567,81.9953,0.000161307,0.115978,0,284.4839194,792.565,111.577,7.1033,0.000122924,0.0522593,6,-323.2175992,1706.56,468.25,3.64455,0.000243242,0.20784
11.230723,1,AUTO,ARMED,5,AVAILABLE,UNAVAILABLE,UNAVAILABLE,13,5,ACTIVE,41,E_P3_NEW3-A3.NC,E_P3_NEW3-A3.NC,41429.939,211495.799,5768.4,2669.3567,100,0.0,9,50,0,5,100,8250.0,3551.37,343.091,10.3511,0.000297372,0.228256,0,530.386799,8089.39,98.6567,81.9953,0.000161307,0.115978,0,284.4838979,792.565,111.577,7.1033,0.000122924,0.0522593,6,-323.2175992,1706.56,468.25,3.64455,0.000243242,0.20784
11.375716,1,AUTO,ARMED,5,AVAILABLE,UNAVAILABLE,UNAVAILABLE,13,5,ACTIVE,41,E_P3_NEW3-A3.NC,E_P3_NEW3-A3.NC,41429.939,211495.799,5768.4,2669.3567,100,0.0,9,50,0,5,100,8250.0,3551.37,343.091,10.3511,0.000297372,0.228256,0,530.386799,8089.39,98.6567,81.9953,0.000161307,0.115978,0,284.4839051,792.565,111.577,7.1033,0.000122924,0.0522593,6,-323.2175992,1706.56,468.25,3.64455,0.000243242,0.20784
11.521887,1,AUTO,ARMED,5,AVAILABLE,UNAVAILABLE,UNAVAILABLE,13,5,ACTIVE,41,E_P3_NEW3-A3.NC,E_P3_NEW3-A3.NC,41429.939,211495.799,5768.4,5282.6016,100,0.0,9,50,0,4,100,8250.0,3551.37,343.091,10.3511,0.000297372,0.228256,0,530.4544046,8089.39,98.6567,81.9953,0.000161307,0.115978,0,284.4839051,792.565,111.577,7.1033,0.000122924,0.0522593,6,-323.2176106,1706.56,468.25,3.64455,0.000243242,0.20784
11.677755,1,AUTO,ARMED,5,AVAILABLE,UNAVAILABLE,UNAVAILABLE,14,5,ACTIVE,41,E_P3_NEW3-A3.NC,E_P3_NEW3-A3.NC,41429.939,211495.799,5768.4,5282.6016,100,23.28333,10,50,0,3,100,8250.0,12045.9,2573.08,4.68151,0.000332143,0.426985,0,535.0079462,13874.4,2031.21,6.83061,0.000286709,0.29593,0,284.4839051,4515.22,1075.17,4.19954,0.000108617,0.134138,6,-323.2175992,2427.65,797.896,3.04256,0.000238884,0.2618
11.832905,1,AUTO,ARMED,5,AVAILABLE,UNAVAILABLE,UNAVAILABLE,14,5,ACTIVE,41,E_P3_NEW3-A3.NC,E_P3_NEW3-A3.NC,41429.939,211495.799,5768.4,5282.6016,100,23.28333,10,50,0,3,100,8250.0,12045.9,2573.08,4.68151,0.000332143,0.426985,0,539.7986958,13874.4,2031.21,6.83061,0.000286709,0.29593,0,284.4838979,4515.22,1075.17,4.19954,0.000108617,0.134138,6,-323.2175992,2427.65,797.896,3.04256,0.000238884,0.2618
11.989703,1,AUTO,ARMED,5,AVAILABLE,UNAVAILABLE,UNAVAILABLE,14,5,ACTIVE,41,E_P3_NEW3-A3.NC,E_P3_NEW3-A3.NC,41429.939,211495.799,5768.4,5282.6016,100,23.28333,10,50,0,2,100,8250.0,12045.9,2573.08,4.68151,0.000332143,0.426985,0,542.2013841,13874.4,2031.21,6.83061,0.000286709,0.29593,0,284.483762,4515.22,1075.17,4.19954,0.000108617,0.134138,6,-323.2177136,2427.65,797.896,3.04256,0.000238884,0.2618
12.139269,1,AUTO,ARMED,5,AVAILABLE,UNAVAILABLE,UNAVAILABLE,14,5,ACTIVE,41,E_P3_NEW3-A3.NC,E_P3_NEW3-A3.NC,41429.939,211495.799,5768.4,5282.6016,100,23.28333,10,50,0,15,100,8250.0,12045.9,2573.08,4.68151,0.000332143,0.426985,1,546.9928919,13874.4,2031.21,6.83061,0.000286709,0.29593,0,284.4838264,4515.22,1075.17,4.19954,0.000108617,0.134138,6,-323.2176793,2427.65,797.896,3.04256,0.000238884,0.2618
12.286547,1,AUTO,ARMED,5,AVAILABLE,UNAVAILABLE,UNAVAILABLE,14,5,ACTIVE,41,E_P3_NEW3-A3.NC,E_P3_NEW3-A3.NC,41429.939,211495.799,5768.4,5282.6016,100,23.28333,10,50,0,19,100,8250.0,12045.9,2573.08,4.68151,0.000332143,0.426985,1,549.3969534,13874.4,2031.21,6.83061,0.000286709,0.29593,0,284.4838764,4515.22,1075.17,4.19954,0.000108617,0.134138,6,-323.2176335,2427.65,797.896,3.04256,0.000238884,0.2618
12.430963,1,AUTO,ARMED,5,AVAILABLE,UNAVAILABLE,UNAVAILABLE,14,5,ACTIVE,41,E_P3_NEW3-A3.NC,E_P3_NEW3-A3.NC,41429.939,211495.799,5768.4,5282.6016,100,23.28333,10,50,0,20,100,8250.0,12045.9,2573.08,4.68151,0.000332143,0.426985,1,551.7953787,13874.4,2031.21,6.83061,0.000286709,0.29593,0,284.4839051,4515.22,1075.17,4.19954,0.000108617,0.134138,6,-323.2176335,2427.65,797.896,3.04256,0.000238884,0.2618
12.571532,1,AUTO,ARMED,5,AVAILABLE,UNAVAILABLE,UNAVAILABLE,14,5,ACTIVE,41,E_P3_NEW3-A3.NC,E_P3_NEW3-A3.NC,41429.939,211495.799,5768.4,5613.73,100,23.28333,11,50,0,18,100,8250.0,12045.9,2573.08,4.68151,0.000332143,0.426985,1,554.1875027,13874.4,2031.21,6.83061,0.000286709,0.29593,0,284.4839194,4515.22,1075.17,4.19954,0.000108617,0.134138,6,-323.2175992,2427.65,797.896,3.04256,0.000238884,0.2618
12.721251,1,AUTO,ARMED,5,AVAILABLE,UNAVAILABLE,UNAVAILABLE,14,5,ACTIVE,41,E_P3_NEW3-A3.NC,E_P3_NEW3-A3.NC,41429.939,211495.799,5768.4,5613.73,100,23.28333,11,50,0,14,100,8250.0,10510.1,2635.07,3.98855,0.000294632,0.434991,1,560.188688,12746.2,1751.16,7.27872,0.000314865,0.305914,0,284.4838979,3338.39,982.7,3.39716,0.000107375,0.131819,6,-323.2176106,2547.83,707.465,3.60135,0.000253941,0.254768
12.901525,1,AUTO,ARMED,5,AVAILABLE,UNAVAILABLE,UNAVAILABLE,14,5,ACTIVE,41,E_P3_NEW3-A3.NC,E_P3_NEW3-A3.NC,41429.939,211495.799,5768.4,5613.73,100,23.28333,11,50,0,14,100,8250.0,10510.1,2635.07,3.98855,0.000294632,0.434991,1,562.5813611,12746.2,1751.16,7.27872,0.000314865,0.305914,0,284.4838836,3338.39,982.7,3.39716,0.000107375,0.131819,6,-323.2176221,2547.83,707.465,3.60135,0.000253941,0.254768
13.055368,1,AUTO,ARMED,5,AVAILABLE,UNAVAILABLE,UNAVAILABLE,14,5,ACTIVE,41,E_P3_NEW3-A3.NC,E_P3_NEW3-A3.NC,41429.939,211495.799,5768.4,5613.73,100,23.28333,11,50,0,14,100,8250.0,10510.1,2635.07,3.98855,0.000294632,0.434991,1,567.3835944,12746.2,1751.16,7.27872,0.000314865,0.305914,0,284.4839051,3338.39,982.7,3.39716,0.000107375,0.131819,6,-323.2175763,2547.83,707.465,3.60135,0.000253941,0.254768
13.215468,1,AUTO,ARMED,5,AVAILABLE,UNAVAILABLE,UNAVAILABLE,14,5,ACTIVE,41,E_P3_NEW3-A3.NC,E_P3_NEW3-A3.NC,41429.939,211495.799,5768.4,5613.73,100,23.28333,11,50,0,15,100,8250.0,10510.1,2635.07,3.98855,0.000294632,0.434991,1,569.7758169,12746.2,1751.16,7.27872,0.000314865,0.305914,0,284.4839122,3338.39,982.7,3.39716,0.000107375,0.131819,6,-323.2175878,2547.83,707.465,3.60135,0.000253941,0.254768
13.363128,1,AUTO,ARMED,5,AVAILABLE,UNAVAILABLE,UNAVAILABLE,14,5,ACTIVE,41,E_P3_NEW3-A3.NC,E_P3_NEW3-A3.NC,41429.939,211495.799,5768.4,5613.73,100,23.28333,11,50,0,15,100,8250.0,10510.1,2635.07,3.98855,0.000294632,0.434991,1,574.5780645,12746.2,1751.16,7.27872,0.000314865,0.305914,0,284.4839051,3338.39,982.7,3.39716,0.000107375,0.131819,6,-323.2175878,2547.83,707.465,3.60135,0.000253941,0.254768
13.505568,1,AUTO,ARMED,5,AVAILABLE,UNAVAILABLE,UNAVAILABLE,14,5,ACTIVE,41,E_P3_NEW3-A3.NC,E_P3_NEW3-A3.NC,41429.939,211495.799,5768.4,5613.73,100,23.28333,11,50,0,15,100,8250.0,10510.1,2635.07,3.98855,0.000294632,0.434991,1,576.9758946,12746.2,1751.16,7.27872,0.000314865,0.305914,0,284.4838836,3338.39,982.7,3.39716,0.000107375,0.131819,6,-323.2176106,2547.83,707.465,3.60135,0.000253941,0.254768
13.64545,1,AUTO,ARMED,5,AVAILABLE,UNAVAILABLE,UNAVAILABLE,14,5,ACTIVE,41,E_P3_NEW3-A3.NC,E_P3_NEW3-A3.NC,41429.939,211495.799,5768.4,5613.73,100,23.28333,12,50,0,14,100,8250.0,10510.1,2635.07,3.98855,0.000294632,0.434991,1,579.3686106,12746.2,1751.16,7.27872,0.000314865,0.305914,0,284.4838907,3338.39,982.7,3.39716,0.000107375,0.131819,6,-323.2176335,2547.83,707.465,3.60135,0.000253941,0.254768
13.785758,1,AUTO,ARMED,5,AVAILABLE,UNAVAILABLE,UNAVAILABLE,14,5,ACTIVE,41,E_P3_NEW3-A3.NC,E_P3_NEW3-A3.NC,41429.939,211495.799,5768.4,5466.0107,100,23.28333,12,50,0,14,100,8250.0,10558.1,317.469,33.2571,0.000286575,0.196008,1,584.1706293,12122.1,319.279,37.9671,0.000226863,0.160139,0,284.4838979,3290.35,892.997,3.68461,8.61578e-05,0.119092,6,-323.2175763,2139.21,394.009,5.42934,0.00015837,0.169226
13.928332,1,AUTO,ARMED,5,AVAILABLE,UNAVAILABLE,UNAVAILABLE,14,5,ACTIVE,41,E_P3_NEW3-A3.NC,E_P3_NEW3-A3.NC,41429.939,211495.799,5768.4,5466.0107,100,23.28333,12,50,0,14,100,8250.0,10558.1,317.469,33.2571,0.000286575,0.196008,1,588.9728406,12122.1,319.279,37.9671,0.000226863,0.160139,0,284.4839051,3290.35,892.997,3.68461,8.61578e-05,0.119092,6,-323.2175763,2139.21,394.009,5.42934,0.00015837,0.169226
14.086123,1,AUTO,ARMED,5,AVAILABLE,UNAVAILABLE,UNAVAILABLE,14,5,ACTIVE,41,E_P3_NEW3-A3.NC,E_P3_NEW3-A3.NC,41429.939,211495.799,5768.4,5466.0107,100,23.28333,12,50,0,13,100,8250.0,10558.1,317.469,33.2571,0.000286575,0.196008,1,591.3654276,12122.1,319.279,37.9671,0.000226863,0.160139,0,284.4839051,3290.35,892.997,3.68461,8.61578e-05,0.119092,6,-323.2175992,2139.21,394.009,5.42934,0.00015837,0.169226
14.243852,1,AUTO,ARMED,5,AVAILABLE,UNAVAILABLE,UNAVAILABLE,14,5,ACTIVE,41,E_P3_NEW3-A3.NC,E_P3_NEW3-A3.NC,41429.939,211495.799,5768.4,5466.0107,100,23.28333,12,50,0,14,100,8250.0,10558.1,317.469,33.2571,0.000286575,0.196008,1,593.7634791,12122.1,319.279,37.9671,0.000226863,0.160139,0,284.4838907,3290.35,892.997,3.68461,8.61578e-05,0.119092,6,-323.2176221,2139.21,394.009,5.42934,0.00015837,0.169226
14.402554,1,AUTO,ARMED,5,AVAILABLE,UNAVAILABLE,UNAVAILABLE,14,5,ACTIVE,41,E_P3_NEW3-A3.NC,E_P3_NEW3-A3.NC,41429.939,211495.799,5768.4,5466.0107,100,23.28333,12,50,0,14,100,8250.0,10558.1,317.469,33.2571,0.000286575,0.196008,1,598.5666344,12122.1,319.279,37.9671,0.000226863,0.160139,0,284.483998,3290.35,892.997,3.68461,8.61578e-05,0.119092,6,-323.2175649,2139.21,394.009,5.42934,0.00015837,0.169226
14.547248,1,AUTO,ARMED,5,AVAILABLE,UNAVAILABLE,UNAVAILABLE,14,5,ACTIVE,41,E_P3_NEW3-A3.NC,E_P3_NEW3-A3.NC,41429.939,211495.799,5768.4,5466.0107,100,23.28333,12,50,0,13,100,8250.0,10558.1,317.469,33.2571,0.000286575,0.196008,0,600.9581199,12122.1,319.279,37.9671,0.000226863,0.160139,0,284.4841196,3290.35,892.997,3.68461,8.61578e-05,0.119092,6,-323.2175763,2139.21,394.009,5.42934,0.00015837,0.169226
14.686788,1,AUTO,ARMED,5,AVAILABLE,UNAVAILABLE,UNAVAILABLE,14,5,ACTIVE,41,E_P3_NEW3-A3.NC,E_P3_NEW3-A3.NC,41429.939,211495.799,5768.4,5466.0107,100,23.28333,13,50,0,2,100,8250.0,10558.1,317.469,33.2571,0.000286575,0.196008,0,604.5551292,12122.1,319.279,37.9671,0.000226863,0.160139,0,284.483948,3290.35,892.997,3.68461,8.61578e-05,0.119092,6,-323.2175878,2139.21,394.009,5.42934,0.00015837,0.169226
14.854675,1,AUTO,ARMED,5,AVAILABLE,UNAVAILABLE,UNAVAILABLE,14,5,ACTIVE,41,E_P3_NEW3-A3.NC,E_P3_NEW3-A3.NC,41429.939,211495.799,5768.4,3338.6201,100,23.28333,13,50,0,0,100,8250.0,10558.1,317.469,33.2571,0.000286575,0.196008,0,609.3573618,12122.1,319.279,37.9671,0.000226863,0.160139,0,284.4839051,3290.35,892.997,3.68461,8.61578e-05,0.119092,6,-323.2175878,2139.21,394.009,5.42934,0.00015837,0.169226
15.000121,1,AUTO,ARMED,5,AVAILABLE,UNAVAILABLE,UNAVAILABLE,15,5,ACTIVE,41,E_P3_NEW3-A3.NC,E_P3_NEW3-A3.NC,41429.939,211495.799,5768.4,3338.6201,100,15.65,13,50,0,1,100,8250.0,3815.32,325.194,11.7324,0.000306791,0.21412,0,611.5609015,8401.45,106.094,79.1887,0.000173562,0.110443,0,284.4838979,744.532,127.526,5.83828,8.27829e-05,0.0513178,6,-323.2175992,1514.28,410.024,3.69315,0.00017341,0.178437
15.150435,1,AUTO,ARMED,5,AVAILABLE,UNAVAILABLE,UNAVAILABLE,15,5,ACTIVE,41,E_P3_NEW3-A3.NC,E_P3_NEW3-A3.NC,41429.939,211495.799,5768.4,3338.6201,100,15.65,13,50,0,2,100,8250.0,3815.32,325.194,11.7324,0.000306791,0.21412,0,611.6653346,8401.45,106.094,79.1887,0.000173562,0.110443,0,284.4839051,744.532,127.526,5.83828,8.27829e-05,0.0513178,6,-323.2175878,1514.28,410.024,3.69315,0.00017341,0.178437
15.291513,1,AUTO,ARMED,5,AVAILABLE,UNAVAILABLE,UNAVAILABLE,15,5,ACTIVE,41,E_P3_NEW3-A3.NC,E_P3_NEW3-A3.NC,41429.939,211495.799,5768.4,3338.6201,100,0.0,13,50,0,3,100,8250.0,3815.32,325.194,11.7324,0.000306791,0.21412,0,611.6668509,8401.45,106.094,79.1887,0.000173562,0.110443,0,284.4839051,744.532,127.526,5.83828,8.27829e-05,0.0513178,6,-323.2175992,1514.28,410.024,3.69315,0.00017341,0.178437
15.444539,1,AUTO,ARMED,5,AVAILABLE,UNAVAILABLE,UNAVAILABLE,15,5,ACTIVE,41,E_P3_NEW3-A3.NC,E_P3_NEW3-A3.NC,41429.939,211495.799,5768.4,3338.6201,100,0.0,13,50,0,3,100,8250.0,3815.32,325.194,11.7324,0.000306791,0.21412,0,611.6668438,8401.45,106.094,79.1887,0.000173562,0.110443,0,284.4838979,744.532,127.526,5.83828,8.27829e-05,0.0513178,6,-323.2175992,1514.28,410.024,3.69315,0.00017341,0.178437
15.594159,1,AUTO,ARMED,5,AVAILABLE,UNAVAILABLE,UNAVAILABLE,15,5,ACTIVE,41,E_P3_NEW3-A3.NC,E_P3_NEW3-A3.NC,41429.939,211495.799,5768.4,3338.6201,100,0.0,14,50,0,3,100,8250.0,3815.32,325.194,11.7324,0.000306791,0.21412,0,611.6668295,8401.45,106.094,79.1887,0.000173562,0.110443,0,284.4838979,744.532,127.526,5.83828,8.27829e-05,0.0513178,6,-323.2176106,1514.28,410.024,3.69315,0.00017341,0.178437
15.737519,1,AUTO,ARMED,5,AVAILABLE,UNAVAILABLE,UNAVAILABLE,15,5,ACTIVE,41,E_P3_NEW3-A3.NC,E_P3_NEW3-A3.NC,41429.939,211495.799,5768.4,3338.6201,100,0.0,14,50,0,3,100,8250.0,3815.32,325.194,11.7324,0.000306791,0.21412,0,611.6668152,8401.45,106.094,79.1887,0.000173562,0.110443,0,284.4838979,744.532,127.526,5.83828,8.27829e-05,0.0513178,6,-323.2176106,1514.28,410.024,3.69315,0.00017341,0.178437
15.879402,1,AUTO,ARMED,5,AVAILABLE,UNAVAILABLE,UNAVAILABLE,15,5,ACTIVE,41,E_P3_NEW3-A3.NC,E_P3_NEW3-A3.NC,41429.939,211495.799,5768.4,3291.3818,100,0.0,14,50,0,3,100,8250.0,3815.32,325.194,11.7324,0.000306791,0.21412,0,611.666808,8401.45,106.094,79.1887,0.000173562,0.110443,0,284.4838979,744.532,127.526,5.83828,8.27829e-05,0.0513178,6,-323.2175992,1514.28,410.024,3.69315,0.00017341,0.178437
16.052157,1,AUTO,ARMED,5,AVAILABLE,UNAVAILABLE,UNAVAILABLE,16,5,ACTIVE,41,E_P3_NEW3-A3.NC,E_P3_NEW3-A3.NC,41429.939,211495.799,5768.4,3291.3818,100,10.58333,14,50,0,3,100,8250.0,11829.9,570.077,20.7514,0.000274764,0.20969,0,611.6710378,10921.9,2041.99,5.34865,0.000376309,0.37372,0,284.9858306,5355.83,1366.06,3.92064,9.50068e-05,0.18129,6,-323.2175992,2908.37,1008.56,2.88369,0.000225153,0.296203
16.194415,1,AUTO,ARMED,5,AVAILABLE,UNAVAILABLE,UNAVAILABLE,17,5,ACTIVE,41,E_P3_NEW3-A3.NC,E_P3_NEW3-A3.NC,41429.939,211495.799,5768.4,3291.3818,100,16.3,14,50,0,3,100,8250.0,11829.9,570.077,20.7514,0.000274764,0.20969,0,610.3237257,10921.9,2041.99,5.34865,0.000376309,0.37372,0,285.1182659,5355.83,1366.06,3.92064,9.50068e-05,0.18129,6,-323.2175992,2908.37,1008.56,2.88369,0.000225153,0.296203
16.334787,1,AUTO,ARMED,5,AVAILABLE,UNAVAILABLE,UNAVAILABLE,17,5,ACTIVE,41,E_P3_NEW3-A3.NC,E_P3_NEW3-A3.NC,41429.939,211495.799,5768.4,3291.3818,100,22.65,14,50,0,3,100,8250.0,11829.9,570.077,20.7514,0.000274764,0.20969,0,607.9346403,10921.9,2041.99,5.34865,0.000376309,0.37372,0,285.1187952,5355.83,1366.06,3.92064,9.50068e-05,0.18129,6,-323.2176106,2908.37,1008.56,2.88369,0.000225153,0.296203
16.480404,1,AUTO,ARMED,5,AVAILABLE,UNAVAILABLE,UNAVAILABLE,17,5,ACTIVE,41,E_P3_NEW3-A3.NC,E_P3_NEW3-A3.NC,41429.939,211495.799,5768.4,3291.3818,100,23.28333,14,50,0,3,100,8250.0,11829.9,570.077,20.7514,0.000274764,0.20969,0,603.1328471,10921.9,2041.99,5.34865,0.000376309,0.37372,0,285.1189097,5355.83,1366.06,3.92064,9.50068e-05,0.18129,6,-323.2175992,2908.37,1008.56,2.88369,0.000225153,0.296203
16.628539,1,AUTO,ARMED,5,AVAILABLE,UNAVAILABLE,UNAVAILABLE,17,5,ACTIVE,41,E_P3_NEW3-A3.NC,E_P3_NEW3-A3.NC,41429.939,211495.799,5768.4,3291.3818,100,23.28333,15,50,0,3,100,8250.0,11829.9,570.077,20.7514,0.000274764,0.20969,0,601.9277282,10921.9,2041.99,5.34865,0.000376309,0.37372,0,285.1188238,5355.83,1366.06,3.92064,9.50068e-05,0.18129,6,-323.2175992,2908.37,1008.56,2.88369,0.000225153,0.296203
16.772199,1,AUTO,ARMED,5,AVAILABLE,UNAVAILABLE,UNAVAILABLE,17,5,ACTIVE,41,E_P3_NEW3-A3.NC,E_P3_NEW3-A3.NC,41429.939,211495.799,5768.4,3291.3818,100,23.28333,15,50,0,5,100,8250.0,11829.9,570.077,20.7514,0.000274764,0.20969,0,599.5408507,10921.9,2041.99,5.34865,0.000376309,0.37372,0,285.1184662,5355.83,1366.06,3.92064,9.50068e-05,0.18129,6,-323.2175878,2908.37,1008.56,2.88369,0.000225153,0.296203
16.937138,1,AUTO,ARMED,5,AVAILABLE,UNAVAILABLE,UNAVAILABLE,17,5,ACTIVE,41,E_P3_NEW3-A3.NC,E_P3_NEW3-A3.NC,41429.939,211495.799,5768.4,3291.3818,100,23.28333,15,50,0,20,100,8250.0,11829.9,570.077,20.7514,0.000274764,0.20969,0,592.3411293,10921.9,2041.99,5.34865,0.000376309,0.37372,0,285.118924,5355.83,1366.06,3.92064,9.50068e-05,0.18129,6,-323.2176106,2908.37,1008.56,2.88369,0.000225153,0.296203
17.086079,1,AUTO,ARMED,5,AVAILABLE,UNAVAILABLE,UNAVAILABLE,17,5,ACTIVE,41,E_P3_NEW3-A3.NC,E_P3_NEW3-A3.NC,41429.939,211495.799,5768.4,5579.8545,100,23.28333,15,50,0,18,100,8250.0,13341.6,3769.55,3.53931,0.000302633,0.624611,0,589.948308,12338.1,2141.74,5.76078,0.000366621,0.35551,0,285.1188882,4347.11,1514.32,2.87067,0.000133661,0.197441,6,-323.2176221,3437.17,1099.35,3.12655,0.000240363,0.333965
17.229204,1,AUTO,ARMED,5,AVAILABLE,UNAVAILABLE,UNAVAILABLE,17,5,ACTIVE,41,E_P3_NEW3-A3.NC,E_P3_NEW3-A3.NC,41429.939,211495.799,5768.4,5579.8545,100,23.28333,15,50,0,18,100,8250.0,13341.6,3769.55,3.53931,0.000302633,0.624611,0,587.5446934,12338.1,2141.74,5.76078,0.000366621,0.35551,0,285.1188811,4347.11,1514.32,2.87067,0.000133661,0.197441,6,-323.2176335,3437.17,1099.35,3.12655,0.000240363,0.333965
17.370268,1,AUTO,ARMED,5,AVAILABLE,UNAVAILABLE,UNAVAILABLE,17,5,ACTIVE,41,E_P3_NEW3-A3.NC,E_P3_NEW3-A3.NC,41429.939,211495.799,5768.4,5579.8545,100,23.28333,15,50,0,15,100,8250.0,13341.6,3769.55,3.53931,0.000302633,0.624611,0,582.7481672,12338.1,2141.74,5.76078,0.000366621,0.35551,0,285.1189097,4347.11,1514.32,2.87067,0.000133661,0.197441,6,-323.2175649,3437.17,1099.35,3.12655,0.000240363,0.333965
17.508176,1,AUTO,ARMED,5,AVAILABLE,UNAVAILABLE,UNAVAILABLE,17,5,ACTIVE,41,E_P3_NEW3-A3.NC,E_P3_NEW3-A3.NC,41429.939,211495.799,5768.4,5579.8545,100,23.28333,15,50,0,15,100,8250.0,13341.6,3769.55,3.53931,0.000302633,0.624611,0,580.3443041,12338.1,2141.74,5.76078,0.000366621,0.35551,0,285.1189383,4347.11,1514.32,2.87067,0.000133661,0.197441,6,-323.2176106,3437.17,1099.35,3.12655,0.000240363,0.333965
17.646352,1,AUTO,ARMED,5,AVAILABLE,UNAVAILABLE,UNAVAILABLE,17,5,ACTIVE,41,E_P3_NEW3-A3.NC,E_P3_NEW3-A3.NC,41429.939,211495.799,5768.4,5579.8545,100,23.28333,16,50,0,15,100,8250.0,13341.6,3769.55,3.53931,0.000302633,0.624611,0,577.9459771,12338.1,2141.74,5.76078,0.000366621,0.35551,0,285.118924,4347.11,1514.32,2.87067,0.000133661,0.197441,6,-323.2175878,3437.17,1099.35,3.12655,0.000240363,0.333965
17.802175,1,AUTO,ARMED,5,AVAILABLE,UNAVAILABLE,UNAVAILABLE,17,5,ACTIVE,41,E_P3_NEW3-A3.NC,E_P3_NEW3-A3.NC,41429.939,211495.799,5768.4,5579.8545,100,23.28333,16,50,0,15,100,8250.0,13341.6,3769.55,3.53931,0.000302633,0.624611,0,575.5538944,12338.1,2141.74,5.76078,0.000366621,0.35551,0,285.1188954,4347.11,1514.32,2.87067,0.000133661,0.197441,6,-323.2175992,3437.17,1099.35,3.12655,0.000240363,0.333965
17.939507,1,AUTO,ARMED,5,AVAILABLE,UNAVAILABLE,UNAVAILABLE,17,5,ACTIVE,41,E_P3_NEW3-A3.NC,E_P3_NEW3-A3.NC,41429.939,211495.799,5768.4,5579.8545,100,23.28333,16,50,0,15,100,8250.0,13341.6,3769.55,3.53931,0.000302633,0.624611,0,568.3593069,12338.1,2141.74,5.76078,0.000366621,0.35551,0,285.1188811,4347.11,1514.32,2.87067,0.000133661,0.197441,6,-323.2175763,3437.17,1099.35,3.12655,0.000240363,0.333965
18.082671,1,AUTO,ARMED,5,AVAILABLE,UNAVAILABLE,UNAVAILABLE,17,5,ACTIVE,41,E_P3_NEW3-A3.NC,E_P3_NEW3-A3.NC,41429.939,211495.799,5768.4,5658.1641,100,23.28333,16,50,0,15,100,8250.0,13629.6,4016.56,3.39335,0.000292974,0.64655,0,565.9550504,11570.0,2134.11,5.42146,0.000344389,0.357998,0,285.1189168,4299.07,1469.48,2.92557,0.000134723,0.196458,6,-323.2175992,3869.82,1095.61,3.53211,0.0002883,0.338717
18.231917,1,AUTO,ARMED,5,AVAILABLE,UNAVAILABLE,UNAVAILABLE,17,5,ACTIVE,41,E_P3_NEW3-A3.NC,E_P3_NEW3-A3.NC,41429.939,211495.799,5768.4,5658.1641,100,23.28333,16,50,0,15,100,8250.0,13629.6,4016.56,3.39335,0.000292974,0.64655,0,563.5570954,11570.0,2134.11,5.42146,0.000344389,0.357998,0,285.1189383,4299.07,1469.48,2.92557,0.000134723,0.196458,6,-323.2175878,3869.82,1095.61,3.53211,0.0002883,0.338717
18.37036,1,AUTO,ARMED,5,AVAILABLE,UNAVAILABLE,UNAVAILABLE,17,5,ACTIVE,41,E_P3_NEW3-A3.NC,E_P3_NEW3-A3.NC,41429.939,211495.799,5768.4,5658.1641,100,23.28333,16,50,0,15,100,8250.0,13629.6,4016.56,3.39335,0.000292974,0.64655,0,561.1645191,11570.0,2134.11,5.42146,0.000344389,0.357998,0,285.1189311,4299.07,1469.48,2.92557,0.000134723,0.196458,6,-323.2175763,3869.82,1095.61,3.53211,0.0002883,0.338717
18.523411,1,AUTO,ARMED,5,AVAILABLE,UNAVAILABLE,UNAVAILABLE,17,5,ACTIVE,41,E_P3_NEW3-A3.NC,E_P3_NEW3-A3.NC,41429.939,211495.799,5768.4,5658.1641,100,23.28333,16,50,0,15,100,8250.0,13629.6,4016.56,3.39335,0.000292974,0.64655,0,557.5616841,11570.0,2134.11,5.42146,0.000344389,0.357998,0,285.1188811,4299.07,1469.48,2.92557,0.000134723,0.196458,6,-323.2176106,3869.82,1095.61,3.53211,0.0002883,0.338717
18.665758,1,AUTO,ARMED,5,AVAILABLE,UNAVAILABLE,UNAVAILABLE,17,5,ACTIVE,41,E_P3_NEW3-A3.NC,E_P3_NEW3-A3.NC,41429.939,211495.799,5768.4,5658.1641,100,23.28333,17,50,0,14,100,8250.0,13629.6,4016.56,3.39335,0.000292974,0.64655,0,552.7709787,11570.0,2134.11,5.42146,0.000344389,0.357998,0,285.1188811,4299.07,1469.48,2.92557,0.000134723,0.196458,6,-323.2176106,3869.82,1095.61,3.53211,0.0002883,0.338717
18.808886,1,AUTO,ARMED,5,AVAILABLE,UNAVAILABLE,UNAVAILABLE,17,5,ACTIVE,41,E_P3_NEW3-A3.NC,E_P3_NEW3-A3.NC,41429.939,211495.799,5768.4,5658.1641,100,23.28333,17,50,0,15,100,8250.0,13629.6,4016.56,3.39335,0.000292974,0.64655,0,550.3728043,11570.0,2134.11,5.42146,0.000344389,0.357998,0,285.1189168,4299.07,1469.48,2.92557,0.000134723,0.196458,6,-323.2175649,3869.82,1095.61,3.53211,0.0002883,0.338717
18.959251,1,AUTO,ARMED,5,AVAILABLE,UNAVAILABLE,UNAVAILABLE,17,5,ACTIVE,41,E_P3_NEW3-A3.NC,E_P3_NEW3-A3.NC,41429.939,211495.799,5768.4,5658.1641,100,23.28333,17,50,0,15,100,8250.0,13629.6,4016.56,3.39335,0.000292974,0.64655,0,545.5705978,11570.0,2134.11,5.42146,0.000344389,0.357998,0,285.1189812,4299.07,1469.48,2.92557,0.000134723,0.196458,6,-323.2176106,3869.82,1095.61,3.53211,0.0002883,0.338717
19.103915,1,AUTO,ARMED,5,AVAILABLE,UNAVAILABLE,UNAVAILABLE,17,5,ACTIVE,41,E_P3_NEW3-A3.NC,E_P3_NEW3-A3.NC,41429.939,211495.799,5768.4,5658.1641,100,23.28333,17,50,0,15,100,8250.0,13629.6,4016.56,3.39335,0.000292974,0.64655,0,543.1789107,11570.0,2134.11,5.42146,0.000344389,0.357998,0,285.1194962,4299.07,1469.48,2.92557,0.000134723,0.196458,6,-323.2175763,3869.82,1095.61,3.53211,0.0002883,0.338717
19.246757,1,AUTO,ARMED,5,AVAILABLE,UNAVAILABLE,UNAVAILABLE,17,5,ACTIVE,41,E_P3_NEW3-A3.NC,E_P3_NEW3-A3.NC,41429.939,211495.799,5768.4,3301.1926,100,23.28333,17,50,0,8,100,8250.0,3767.33,334.049,11.2778,0.000295654,0.219688,0,540.7686058,7513.29,138.106,54.4023,0.000177746,0.121339,0,285.1191529,672.479,124.456,5.40335,0.000119745,0.0545549,6,-323.2175878,1490.24,510.319,2.92021,0.000201447,0.203043
19.386354,1,AUTO,ARMED,5,AVAILABLE,UNAVAILABLE,UNAVAILABLE,17,5,ACTIVE,41,E_P3_NEW3-A3.NC,E_P3_NEW3-A3.NC,41429.939,211495.799,5768.4,3301.1926,100,23.28333,17,50,0,0,100,8250.0,3767.33,334.049,11.2778,0.000295654,0.219688,0,538.3758816,7513.29,138.106,54.4023,0.000177746,0.121339,0,285.1189812,672.479,124.456,5.40335,0.000119745,0.0545549,6,-323.2176106,1490.24,510.319,2.92021,0.000201447,0.203043
19.527792,1,AUTO,ARMED,5,AVAILABLE,UNAVAILABLE,UNAVAILABLE,17,5,ACTIVE,41,E_P3_NEW3-A3.NC,E_P3_NEW3-A3.NC,41429.939,211495.799,5768.4,3301.1926,100,23.28333,17,50,0,0,100,8250.0,3767.33,334.049,11.2778,0.000295654,0.219688,0,533.5739754,7513.29,138.106,54.4023,0.000177746,0.121339,0,285.1189025,672.479,124.456,5.40335,0.000119745,0.0545549,6,-323.2175878,1490.24,510.319,2.92021,0.000201447,0.203043
19.674178,1,AUTO,ARMED,5,AVAILABLE,UNAVAILABLE,UNAVAILABLE,17,5,ACTIVE,41,E_P3_NEW3-A3.NC,E_P3_NEW3-A3.NC,41429.939,211495.799,5768.4,3301.1926,100,7.583333,18,50,0,2,100,8250.0,3767.33,334.049,11.2778,0.000295654,0.219688,0,530.3898818,7513.29,138.106,54.4023,0.000177746,0.121339,0,285.1189025,672.479,124.456,5.40335,0.000119745,0.0545549,6,-323.2175878,1490.24,510.319,2.92021,0.000201447,0.203043
19.818083,1,AUTO,ARMED,5,AVAILABLE,UNAVAILABLE,UNAVAILABLE,18,5,ACTIVE,41,E_P3_NEW3-A3.NC,E_P3_NEW3-A3.NC,41429.939,211495.799,5768.4,3301.1926,100,0.0,18,50,0,3,100,8250.0,3767.33,334.049,11.2778,0.000295654,0.219688,0,530.3868134,7513.29,138.106,54.4023,0.000177746,0.121339,0,285.1188954,672.479,124.456,5.40335,0.000119745,0.0545549,6,-323.2175992,1490.24,510.319,2.92021,0.000201447,0.203043
19.961515,1,AUTO,ARMED,5,AVAILABLE,UNAVAILABLE,UNAVAILABLE,18,5,ACTIVE,41,E_P3_NEW3-A3.NC,E_P3_NEW3-A3.NC,41429.939,211495.799,5768.4,3301.1926,100,0.0,18,50,0,3,100,8250.0,3767.33,334.049,11.2778,0.000295654,0.219688,0,530.3866775,7513.29,138.106,54.4023,0.000177746,0.121339,0,285.1189025,672.479,124.456,5.40335,0.000119745,0.0545549,6,-323.2176106,1490.24,510.319,2.92021,0.000201447,0.203043
20.109175,1,AUTO,ARMED,5,AVAILABLE,UNAVAILABLE,UNAVAILABLE,18,5,ACTIVE,41,E_P3_NEW3-A3.NC,E_P3_NEW3-A3.NC,41429.939,211495.799,5768.4,3301.1926,100,0.0,18,50,0,3,100,8250.0,3767.33,334.049,11.2778,0.000295654,0.219688,0,530.3867204,7513.29,138.106,54.4023,0.000177746,0.121339,0,285.1189025,672.479,124.456,5.40335,0.000119745,0.0545549,6,-323.2175992,1490.24,510.319,2.92021,0.000201447,0.203043
20.251183,1,AUTO,ARMED,5,AVAILABLE,UNAVAILABLE,UNAVAILABLE,18,5,ACTIVE,41,E_P3_NEW3-A3.NC,E_P3_NEW3-A3.NC,41429.939,211495.799,5768.4,3260.8115,100,0.0,18,50,0,3,100,8250.0,3503.38,313.92,11.1601,0.000399792,0.199723,0,530.3867633,1008.17,110.781,9.10057,0.000175525,0.11733,0,285.1189025,768.548,118.645,6.47771,0.000165641,0.0599261,6,-323.2175992,1538.31,517.685,2.97152,0.000330024,0.213422
20.397058,1,AUTO,ARMED,5,AVAILABLE,UNAVAILABLE,UNAVAILABLE,18,5,ACTIVE,41,E_P3_NEW3-A3.NC,E_P3_NEW3-A3.NC,41429.939,211495.799,5768.4,3260.8115,100,0.0,18,50,0,3,100,8250.0,3503.38,313.92,11.1601,0.000399792,0.199723,0,530.3867776,1008.17,110.781,9.10057,0.000175525,0.11733,0,285.1188954,768.548,118.645,6.47771,0.000165641,0.0599261,6,-323.2175878,1538.31,517.685,2.97152,0.000330024,0.213422
20.535862,1,AUTO,ARMED,5,AVAILABLE,UNAVAILABLE,UNAVAILABLE,18,5,ACTIVE,41,E_P3_NEW3-A3.NC,E_P3_NEW3-A3.NC,41429.939,211495.799,5768.4,3260.8115,100,0.0,19,50,0,2,100,8250.0,3503.38,313.92,11.1601,0.000399792,0.199723,0,530.3867847,1008.17,110.781,9.10057,0.000175525,0.11733,0,285.1188954,768.548,118.645,6.47771,0.000165641,0.0599261,6,-323.2175992,1538.31,517.685,2.97152,0.000330024,0.213422
20.684368,1,AUTO,ARMED,5,AVAILABLE,UNAVAILABLE,UNAVAILABLE,18,5,ACTIVE,41,E_P3_NEW3-A3.NC,E_P3_NEW3-A3.NC,41429.939,211495.799,5768.4,3260.8115,100,0.0,19,50,0,2,100,8250.0,3503.38,313.92,11.1601,0.000399792,0.199723,0,530.3867847,1008.17,110.781,9.10057,0.000175525,0.11733,0,285.1188954,768.548,118.645,6.47771,0.000165641,0.0599261,6,-323.2175992,1538.31,517.685,2.97152,0.000330024,0.213422
20.823411,1,AUTO,ARMED,5,AVAILABLE,UNAVAILABLE,UNAVAILABLE,22,5,ACTIVE,41,E_P3_NEW3-A3.NC,E_P3_NEW3-A3.NC,41429.939,211495.799,5768.4,3260.8115,100,0.0,19,50,0,2,100,8250.0,3503.38,313.92,11.1601,0.000399792,0.199723,0,530.3867919,1008.17,110.781,9.10057,0.000175525,0.11733,0,285.7236521,768.548,118.645,6.47771,0.000165641,0.0599261,6,-323.2176106,1538.31,517.685,2.97152,0.000330024,0.213422
20.96052,1,AUTO,ARMED,5,AVAILABLE,UNAVAILABLE,UNAVAILABLE,22,5,ACTIVE,41,E_P3_NEW3-A3.NC,E_P3_NEW3-A3.NC,41429.939,211495.799,5768.4,3260.8115,100,0.0,19,50,0,3,100,8250.0,3503.38,313.92,11.1601,0.000399792,0.199723,0,530.3867919,1008.17,110.781,9.10057,0.000175525,0.11733,0,285.7534923,768.548,118.645,6.47771,0.000165641,0.0599261,6,-323.2175878,1538.31,517.685,2.97152,0.000330024,0.213422
21.105512,1,AUTO,ARMED,5,AVAILABLE,UNAVAILABLE,UNAVAILABLE,22,5,ACTIVE,41,E_P3_NEW3-A3.NC,E_P3_NEW3-A3.NC,41429.939,211495.799,5768.4,3260.8115,100,0.0,19,50,0,3,100,8250.0,3503.38,313.92,11.1601,0.000399792,0.199723,0,530.386799,1008.17,110.781,9.10057,0.000175525,0.11733,0,285.7539143,768.548,118.645,6.47771,0.000165641,0.0599261,6,-323.2175992,1538.31,517.685,2.97152,0.000330024,0.213422
21.262694,1,AUTO,ARMED,5,AVAILABLE,UNAVAILABLE,UNAVAILABLE,22,5,ACTIVE,41,E_P3_NEW3-A3.NC,E_P3_NEW3-A3.NC,41429.939,211495.799,5768.4,3260.8115,100,0.0,19,50,0,3,100,8250.0,3335.41,318.019,10.4881,0.000306703,0.21502,0,530.386799,9505.64,108.59,87.537,0.000222795,0.120272,0,285.7539214,672.48,127.191,5.28717,0.000117259,0.0584495,6,-323.2175992,1682.53,493.906,3.40658,0.000184115,0.199301
21.407736,1,AUTO,ARMED,5,AVAILABLE,UNAVAILABLE,UNAVAILABLE,22,5,ACTIVE,41,E_P3_NEW3-A3.NC,E_P3_NEW3-A3.NC,41429.939,211495.799,5768.4,3264.5132,100,0.0,19,50,0,3,100,8250.0,3335.41,318.019,10.4881,0.000306703,0.21502,0,530.386799,9505.64,108.59,87.537,0.000222795,0.120272,0,285.7539071,672.48,127.191,5.28717,0.000117259,0.0584495,6,-323.2176106,1682.53,493.906,3.40658,0.000184115,0.199301
21.548242,1,AUTO,ARMED,5,AVAILABLE,UNAVAILABLE,UNAVAILABLE,22,5,ACTIVE,41,E_P3_NEW3-A3.NC,E_P3_NEW3-A3.NC,41429.939,211495.799,5768.4,3264.5132,100,0.0,19,50,0,3,100,8250.0,3335.41,318.019,10.4881,0.000306703,0.21502,0,530.3867919,9505.64,108.59,87.537,0.000222795,0.120272,0,285.7539071,672.48,127.191,5.28717,0.000117259,0.0584495,6,-323.2175992,1682.53,493.906,3.40658,0.000184115,0.199301
21.689286,1,AUTO,ARMED,5,AVAILABLE,UNAVAILABLE,UNAVAILABLE,22,5,ACTIVE,41,E_P3_NEW3-A3.NC,E_P3_NEW3-A3.NC,41429.939,211495.799,5768.4,3264.5132,100,0.0,20,50,0,3,100,8250.0,3335.41,318.019,10.4881,0.000306703,0.21502,0,530.386799,9505.64,108.59,87.537,0.000222795,0.120272,0,285.7539143,672.48,127.191,5.28717,0.000117259,0.0584495,6,-323.2175992,1682.53,493.906,3.40658,0.000184115,0.199301
21.831273,1,AUTO,ARMED,5,AVAILABLE,UNAVAILABLE,UNAVAILABLE,22,5,ACTIVE,41,E_P3_NEW3-A3.NC,E_P3_NEW3-A3.NC,41429.939,211495.799,5768.4,3264.5132,100,0.0,20,50,0,2,100,8250.0,3335.41,318.019,10.4881,0.000306703,0.21502,0,530.3826988,9505.64,108.59,87.537,0.000222795,0.120272,0,285.7539143,672.48,127.191,5.28717,0.000117259,0.0584495,6,-323.2175992,1682.53,493.906,3.40658,0.000184115,0.199301
21.980379,1,AUTO,ARMED,5,AVAILABLE,UNAVAILABLE,UNAVAILABLE,23,5,ACTIVE,41,E_P3_NEW3-A3.NC,E_P3_NEW3-A3.NC,41429.939,211495.799,5768.4,3264.5132,100,27.51667,20,50,0,3,100,8250.0,3335.41,318.019,10.4881,0.000306703,0.21502,2,534.8197866,9505.64,108.59,87.537,0.000222795,0.120272,0,285.7539,672.48,127.191,5.28717,0.000117259,0.0584495,6,-323.2175992,1682.53,493.906,3.40658,0.000184115,0.199301
22.160282,1,AUTO,ARMED,5,AVAILABLE,UNAVAILABLE,UNAVAILABLE,23,5,ACTIVE,41,E_P3_NEW3-A3.NC,E_P3_NEW3-A3.NC,41429.939,211495.799,5768.4,3264.5132,100,27.51667,20,50,0,3,100,8250.0,3335.41,318.019,10.4881,0.000306703,0.21502,0,537.6468728,9505.64,108.59,87.537,0.000222795,0.120272,0,285.7539,672.48,127.191,5.28717,0.000117259,0.0584495,6,-323.2176106,1682.53,493.906,3.40658,0.000184115,0.199301
22.308212,1,AUTO,ARMED,5,AVAILABLE,UNAVAILABLE,UNAVAILABLE,23,5,ACTIVE,41,E_P3_NEW3-A3.NC,E_P3_NEW3-A3.NC,41429.939,211495.799,5768.4,3264.5132,100,27.51667,20,50,0,3,100,8250.0,136560.0,46376.9,2.94457,0.000751257,5.52786,1,543.3208147,27844.8,6537.82,4.25903,0.000435679,0.661791,0,285.7535996,5740.1,1590.11,3.60988,0.000173972,0.272684,6,-323.2176106,7234.87,1807.31,4.00312,0.000461932,0.547433
22.453825,1,AUTO,ARMED,5,AVAILABLE,UNAVAILABLE,UNAVAILABLE,23,5,ACTIVE,41,E_P3_NEW3-A3.NC,E_P3_NEW3-A3.NC,41429.939,211495.799,5768.5,6717.0093,100,27.51667,20,50,0,6,100,8250.0,136560.0,46376.9,2.94457,0.000751257,5.52786,1,547.5665187,27844.8,6537.82,4.25903,0.000435679,0.661791,0,285.7538571,5740.1,1590.11,3.60988,0.000173972,0.272684,6,-323.2177251,7234.87,1807.31,4.00312,0.000461932,0.547433
22.600405,1,AUTO,ARMED,5,AVAILABLE,UNAVAILABLE,UNAVAILABLE,23,5,ACTIVE,41,E_P3_NEW3-A3.NC,E_P3_NEW3-A3.NC,41429.939,211495.799,5768.5,6717.0093,100,27.51667,21,50,0,24,100,8250.0,136560.0,46376.9,2.94457,0.000751257,5.52786,1,550.4008218,27844.8,6537.82,4.25903,0.000435679,0.661791,0,285.7538928,5740.1,1590.11,3.60988,0.000173972,0.272684,6,-323.2176564,7234.87,1807.31,4.00312,0.000461932,0.547433
22.743323,1,AUTO,ARMED,5,AVAILABLE,UNAVAILABLE,UNAVAILABLE,23,5,ACTIVE,41,E_P3_NEW3-A3.NC,E_P3_NEW3-A3.NC,41429.939,211495.799,5768.5,6717.0093,100,27.51667,21,50,0,25,100,8250.0,136560.0,46376.9,2.94457,0.000751257,5.52786,1,553.2418482,27844.8,6537.82,4.25903,0.000435679,0.661791,0,285.7539286,5740.1,1590.11,3.60988,0.000173972,0.272684,6,-323.2176679,7234.87,1807.31,4.00312,0.000461932,0.547433
22.883664,1,AUTO,ARMED,5,AVAILABLE,UNAVAILABLE,UNAVAILABLE,23,5,ACTIVE,41,E_P3_NEW3-A3.NC,E_P3_NEW3-A3.NC,41429.939,211495.799,5768.5,6717.0093,100,27.51667,21,50,0,21,100,8250.0,136560.0,46376.9,2.94457,0.000751257,5.52786,1,556.0694065,27844.8,6537.82,4.25903,0.000435679,0.661791,0,285.7539214,5740.1,1590.11,3.60988,0.000173972,0.272684,6,-323.2174962,7234.87,1807.31,4.00312,0.000461932,0.547433
23.017754,1,AUTO,ARMED,5,AVAILABLE,UNAVAILABLE,UNAVAILABLE,23,5,ACTIVE,41,E_P3_NEW3-A3.NC,E_P3_NEW3-A3.NC,41429.939,211495.799,5768.5,6717.0093,100,27.51667,21,50,0,18,100,8250.0,136560.0,46376.9,2.94457,0.000751257,5.52786,1,561.7445886,27844.8,6537.82,4.25903,0.000435679,0.661791,0,285.7539071,5740.1,1590.11,3.60988,0.000173972,0.272684,6,-323.2177136,7234.87,1807.31,4.00312,0.000461932,0.547433
23.159883,1,AUTO,ARMED,5,AVAILABLE,UNAVAILABLE,UNAVAILABLE,23,5,ACTIVE,41,E_P3_NEW3-A3.NC,E_P3_NEW3-A3.NC,41429.939,211495.799,5768.5,6717.0093,100,27.51667,21,50,0,18,100,8250.0,136560.0,46376.9,2.94457,0.000751257,5.52786,1,564.5718556,27844.8,6537.82,4.25903,0.000435679,0.661791,0,285.7538928,5740.1,1590.11,3.60988,0.000173972,0.272684,6,-323.2177022,7234.87,1807.31,4.00312,0.000461932,0.547433
23.308477,1,AUTO,ARMED,5,AVAILABLE,UNAVAILABLE,UNAVAILABLE,23,5,ACTIVE,41,E_P3_NEW3-A3.NC,E_P3_NEW3-A3.NC,41429.939,211495.799,5768.5,6717.0093,100,27.51667,21,50,0,19,100,8250.0,125690.0,44534.1,2.82233,0.000709615,5.35822,1,570.2472033,27196.7,5689.55,4.78011,0.000389507,0.731883,0,285.7539,4923.52,1393.04,3.53437,0.000124294,0.229668,6,-323.2177365,6946.44,1757.99,3.95135,0.000464865,0.543313
23.456817,1,AUTO,ARMED,5,AVAILABLE,UNAVAILABLE,UNAVAILABLE,23,5,ACTIVE,41,E_P3_NEW3-A3.NC,E_P3_NEW3-A3.NC,41429.939,211495.799,5768.5,6717.0093,100,27.51667,21,50,0,19,100,8250.0,125690.0,44534.1,2.82233,0.000709615,5.35822,1,573.0746706,27196.7,5689.55,4.78011,0.000389507,0.731883,0,285.7539214,4923.52,1393.04,3.53437,0.000124294,0.229668,6,-323.2175534,6946.44,1757.99,3.95135,0.000464865,0.543313
23.611901,1,AUTO,ARMED,5,AVAILABLE,UNAVAILABLE,UNAVAILABLE,23,5,ACTIVE,41,E_P3_NEW3-A3.NC,E_P3_NEW3-A3.NC,41429.939,211495.799,5768.5,6604.7144,100,27.51667,22,50,0,19,100,8250.0,125690.0,44534.1,2.82233,0.000709615,5.35822,1,578.7431162,27196.7,5689.55,4.78011,0.000389507,0.731883,0,285.7539,4923.52,1393.04,3.53437,0.000124294,0.229668,6,-323.2176106,6946.44,1757.99,3.95135,0.000464865,0.543313
23.764533,1,AUTO,ARMED,5,AVAILABLE,UNAVAILABLE,UNAVAILABLE,23,5,ACTIVE,41,E_P3_NEW3-A3.NC,E_P3_NEW3-A3.NC,41429.939,211495.799,5768.5,6604.7144,100,27.51667,22,50,0,19,100,8250.0,125690.0,44534.1,2.82233,0.000709615,5.35822,1,584.4115897,27196.7,5689.55,4.78011,0.000389507,0.731883,0,285.7538785,4923.52,1393.04,3.53437,0.000124294,0.229668,6,-323.2175763,6946.44,1757.99,3.95135,0.000464865,0.543313
23.902376,1,AUTO,ARMED,5,AVAILABLE,UNAVAILABLE,UNAVAILABLE,23,5,ACTIVE,41,E_P3_NEW3-A3.NC,E_P3_NEW3-A3.NC,41429.939,211495.799,5768.5,6604.7144,100,27.51667,22,50,0,19,100,8250.0,125690.0,44534.1,2.82233,0.000709615,5.35822,1,584.4115897,27196.7,5689.55,4.78011,0.000389507,0.731883,0,285.7538785,4923.52,1393.04,3.53437,0.000124294,0.229668,6,-323.2175763,6946.44,1757.99,3.95135,0.000464865,0.543313
24.043747,1,AUTO,ARMED,5,AVAILABLE,UNAVAILABLE,UNAVAILABLE,23,5,ACTIVE,41,E_P3_NEW3-A3.NC,E_P3_NEW3-A3.NC,41429.939,211495.799,5768.5,6604.7144,100,27.51667,22,50,0,19,100,8250.0,125690.0,44534.1,2.82233,0.000709615,5.35822,1,592.9277892,27196.7,5689.55,4.78011,0.000389507,0.731883,0,285.7539214,4923.52,1393.04,3.53437,0.000124294,0.229668,6,-323.2175534,6946.44,1757.99,3.95135,0.000464865,0.543313
24.185862,1,AUTO,ARMED,5,AVAILABLE,UNAVAILABLE,UNAVAILABLE,23,5,ACTIVE,41,E_P3_NEW3-A3.NC,E_P3_NEW3-A3.NC,41429.939,211495.799,5768.5,6604.7144,100,27.51667,22,50,0,19,100,8250.0,125690.0,44534.1,2.82233,0.000709615,5.35822,1,595.7550759,27196.7,5689.55,4.78011,0.000389507,0.731883,0,285.7539,4923.52,1393.04,3.53437,0.000124294,0.229668,6,-323.2175992,6946.44,1757.99,3.95135,0.000464865,0.543313
24.333686,1,AUTO,ARMED,5,AVAILABLE,UNAVAILABLE,UNAVAILABLE,23,5,ACTIVE,41,E_P3_NEW3-A3.NC,E_P3_NEW3-A3.NC,41429.939,211495.799,5768.5,6604.7144,100,27.51667,22,50,0,18,100,8250.0,125690.0,44534.1,2.82233,0.000709615,5.35822,1,597.1655186,27196.7,5689.55,4.78011,0.000389507,0.731883,0,285.7539,4923.52,1393.04,3.53437,0.000124294,0.229668,6,-323.217542,6946.44,1757.99,3.95135,0.000464865,0.543313
24.476477,1,AUTO,ARMED,5,AVAILABLE,UNAVAILABLE,UNAVAILABLE,23,5,ACTIVE,41,E_P3_NEW3-A3.NC,E_P3_NEW3-A3.NC,41429.939,211495.799,5768.5,6604.7144,100,27.51667,22,50,0,9,100,8250.0,3719.34,315.036,11.8061,0.000284897,0.211407,0,602.8408988,9001.55,125.098,71.956,0.000214431,0.13195,0,285.7540573,768.548,122.88,6.25446,9.85079e-05,0.0598901,6,-323.2175534,1898.85,501.391,3.78716,0.000212127,0.200871
24.617865,1,AUTO,ARMED,5,AVAILABLE,UNAVAILABLE,UNAVAILABLE,23,5,ACTIVE,41,E_P3_NEW3-A3.NC,E_P3_NEW3-A3.NC,41429.939,211495.799,5768.5,3366.4448,100,27.51667,23,50,0,1,100,8250.0,3719.34,315.036,11.8061,0.000284897,0.211407,0,605.6680354,9001.55,125.098,71.956,0.000214431,0.13195,0,285.7539358,768.548,122.88,6.25446,9.85079e-05,0.0598901,6,-323.2175534,1898.85,501.391,3.78716,0.000212127,0.200871
24.769693,1,AUTO,ARMED,5,AVAILABLE,UNAVAILABLE,UNAVAILABLE,23,5,ACTIVE,41,E_P3_NEW3-A3.NC,E_P3_NEW3-A3.NC,41429.939,211495.799,5768.5,3366.4448,100,27.38333,23,50,0,1,100,8250.0,3719.34,315.036,11.8061,0.000284897,0.211407,0,608.5162003,9001.55,125.098,71.956,0.000214431,0.13195,0,285.7539214,768.548,122.88,6.25446,9.85079e-05,0.0598901,6,-323.2175878,1898.85,501.391,3.78716,0.000212127,0.200871
24.924384,1,AUTO,ARMED,5,AVAILABLE,UNAVAILABLE,UNAVAILABLE,23,5,ACTIVE,41,E_P3_NEW3-A3.NC,E_P3_NEW3-A3.NC,41429.939,211495.799,5768.5,3366.4448,100,18.25,23,50,0,0,100,8250.0,3719.34,315.036,11.8061,0.000284897,0.211407,0,611.2758256,9001.55,125.098,71.956,0.000214431,0.13195,0,285.7538928,768.548,122.88,6.25446,9.85079e-05,0.0598901,6,-323.2175649,1898.85,501.391,3.78716,0.000212127,0.200871
25.073401,1,AUTO,ARMED,5,AVAILABLE,UNAVAILABLE,UNAVAILABLE,23,5,ACTIVE,41,E_P3_NEW3-A3.NC,E_P3_NEW3-A3.NC,41429.939,211495.799,5768.5,3366.4448,100,18.25,23,50,0,4,100,8250.0,3719.34,315.036,11.8061,0.000284897,0.211407,0,611.6669081,9001.55,125.098,71.956,0.000214431,0.13195,0,285.7539,768.548,122.88,6.25446,9.85079e-05,0.0598901,6,-323.2175992,1898.85,501.391,3.78716,0.000212127,0.200871
25.216655,1,AUTO,ARMED,5,AVAILABLE,UNAVAILABLE,UNAVAILABLE,24,5,ACTIVE,41,E_P3_NEW3-A3.NC,E_P3_NEW3-A3.NC,41429.939,211495.799,5768.5,3366.4448,100,0.0,23,50,0,3,100,8250.0,3719.34,315.036,11.8061,0.000284897,0.211407,0,611.6668652,9001.55,125.098,71.956,0.000214431,0.13195,0,285.7539,768.548,122.88,6.25446,9.85079e-05,0.0598901,6,-323.2175878,1898.85,501.391,3.78716,0.000212127,0.200871
25.356196,1,AUTO,ARMED,5,AVAILABLE,UNAVAILABLE,UNAVAILABLE,24,5,ACTIVE,41,E_P3_NEW3-A3.NC,E_P3_NEW3-A3.NC,41429.939,211495.799,5768.5,3366.4448,100,0.0,23,50,0,3,100,8250.0,3719.34,315.036,11.8061,0.000284897,0.211407,0,611.6668509,9001.55,125.098,71.956,0.000214431,0.13195,0,285.7539,768.548,122.88,6.25446,9.85079e-05,0.0598901,6,-323.2175992,1898.85,501.391,3.78716,0.000212127,0.200871
25.496191,1,AUTO,ARMED,5,AVAILABLE,UNAVAILABLE,UNAVAILABLE,24,5,ACTIVE,41,E_P3_NEW3-A3.NC,E_P3_NEW3-A3.NC,41429.939,211495.799,5768.5,3366.4448,100,0.0,23,50,0,3,100,8250.0,3551.37,307.196,11.5606,0.000364049,0.210829,0,611.6668223,1824.31,251.18,7.26296,0.000280467,0.198491,0,285.7539,744.53,133.667,5.57004,0.000117204,0.0601268,6,-323.2175763,1754.64,649.57,2.70123,0.000236771,0.238923
25.647172,1,AUTO,ARMED,5,AVAILABLE,UNAVAILABLE,UNAVAILABLE,24,5,ACTIVE,41,E_P3_NEW3-A3.NC,E_P3_NEW3-A3.NC,41429.939,211495.799,5768.5,3284.2776,100,0.0,24,50,0,2,100,8250.0,3551.37,307.196,11.5606,0.000364049,0.210829,0,611.6668152,1824.31,251.18,7.26296,0.000280467,0.198491,0,285.7539,744.53,133.667,5.57004,0.000117204,0.0601268,6,-323.2175992,1754.64,649.57,2.70123,0.000236771,0.238923
25.789477,1,AUTO,ARMED,5,AVAILABLE,UNAVAILABLE,UNAVAILABLE,24,5,ACTIVE,41,E_P3_NEW3-A3.NC,E_P3_NEW3-A3.NC,41429.939,211495.799,5768.5,3284.2776,100,0.0,24,50,0,2,100,8250.0,3551.37,307.196,11.5606,0.000364049,0.210829,0,611.6668152,1824.31,251.18,7.26296,0.000280467,0.198491,0,285.7539,744.53,133.667,5.57004,0.000117204,0.0601268,6,-323.2176106,1754.64,649.57,2.70123,0.000236771,0.238923
25.952969,1,AUTO,ARMED,5,AVAILABLE,UNAVAILABLE,UNAVAILABLE,25,5,ACTIVE,41,E_P3_NEW3-A3.NC,E_P3_NEW3-A3.NC,41429.939,211495.799,5768.5,3284.2776,100,0.0,24,50,0,2,100,8250.0,3551.37,307.196,11.5606,0.000364049,0.210829,0,611.6668009,1824.31,251.18,7.26296,0.000280467,0.198491,0,286.0439904,744.53,133.667,5.57004,0.000117204,0.0601268,6,-323.2175992,1754.64,649.57,2.70123,0.000236771,0.238923
26.105261,1,AUTO,ARMED,5,AVAILABLE,UNAVAILABLE,UNAVAILABLE,26,5,ACTIVE,41,E_P3_NEW3-A3.NC,E_P3_NEW3-A3.NC,41429.939,211495.799,5768.5,3284.2776,100,27.51667,24,50,0,2,100,8250.0,3551.37,307.196,11.5606,0.000364049,0.210829,0,610.7089111,1824.31,251.18,7.26296,0.000280467,0.198491,0,286.3881178,744.53,133.667,5.57004,0.000117204,0.0601268,6,-323.2176221,1754.64,649.57,2.70123,0.000236771,0.238923
26.247633,1,AUTO,ARMED,5,AVAILABLE,UNAVAILABLE,UNAVAILABLE,26,5,ACTIVE,41,E_P3_NEW3-A3.NC,E_P3_NEW3-A3.NC,41429.939,211495.799,5768.5,3284.2776,100,27.51667,24,50,0,3,100,8250.0,3551.37,307.196,11.5606,0.000364049,0.210829,0,605.0512913,1824.31,251.18,7.26296,0.000280467,0.198491,0,286.3889046,744.53,133.667,5.57004,0.000117204,0.0601268,6,-323.2175878,1754.64,649.57,2.70123,0.000236771,0.238923
26.392904,1,AUTO,ARMED,5,AVAILABLE,UNAVAILABLE,UNAVAILABLE,26,5,ACTIVE,41,E_P3_NEW3-A3.NC,E_P3_NEW3-A3.NC,41429.939,211495.799,5768.5,3284.2776,100,27.51667,24,50,0,6,100,8250.0,3551.37,307.196,11.5606,0.000364049,0.210829,0,600.7923617,1824.31,251.18,7.26296,0.000280467,0.198491,0,286.3883396,744.53,133.667,5.57004,0.000117204,0.0601268,6,-323.217645,1754.64,649.57,2.70123,0.000236771,0.238923
26.552361,1,AUTO,ARMED,5,AVAILABLE,UNAVAILABLE,UNAVAILABLE,26,5,ACTIVE,41,E_P3_NEW3-A3.NC,E_P3_NEW3-A3.NC,41429.939,211495.799,5768.5,3284.2776,100,27.51667,25,50,0,15,100,8250.0,13629.6,3984.57,3.42059,0.000320555,0.691251,0,597.9587879,11690.0,1941.23,6.02196,0.000351247,0.358356,0,286.3885613,3962.83,1136.03,3.48831,0.000125888,0.177689,6,-323.2176679,5047.59,1352.66,3.7316,0.000273837,0.402471
26.692206,1,AUTO,ARMED,5,AVAILABLE,UNAVAILABLE,UNAVAILABLE,26,5,ACTIVE,41,E_P3_NEW3-A3.NC,E_P3_NEW3-A3.NC,41429.939,211495.799,5768.5,3284.2776,100,27.51667,25,50,0,21,100,8250.0,13629.6,3984.57,3.42059,0.000320555,0.691251,0,592.2974982,11690.0,1941.23,6.02196,0.000351247,0.358356,0,286.3888903,3962.83,1136.03,3.48831,0.000125888,0.177689,6,-323.2175992,5047.59,1352.66,3.7316,0.000273837,0.402471
26.835422,1,AUTO,ARMED,5,AVAILABLE,UNAVAILABLE,UNAVAILABLE,26,5,ACTIVE,41,E_P3_NEW3-A3.NC,E_P3_NEW3-A3.NC,41429.939,211495.799,5768.5,5841.9829,100,27.51667,25,50,0,21,100,8250.0,13629.6,3984.57,3.42059,0.000320555,0.691251,0,589.4560278,11690.0,1941.23,6.02196,0.000351247,0.358356,0,286.3888975,3962.83,1136.03,3.48831,0.000125888,0.177689,6,-323.2175992,5047.59,1352.66,3.7316,0.000273837,0.402471
26.978662,1,AUTO,ARMED,5,AVAILABLE,UNAVAILABLE,UNAVAILABLE,26,5,ACTIVE,41,E_P3_NEW3-A3.NC,E_P3_NEW3-A3.NC,41429.939,211495.799,5768.5,5841.9829,100,27.51667,25,50,0,18,100,8250.0,13629.6,3984.57,3.42059,0.000320555,0.691251,0,586.6220463,11690.0,1941.23,6.02196,0.000351247,0.358356,0,286.3889475,3962.83,1136.03,3.48831,0.000125888,0.177689,6,-323.2176106,5047.59,1352.66,3.7316,0.000273837,0.402471
27.127759,1,AUTO,ARMED,5,AVAILABLE,UNAVAILABLE,UNAVAILABLE,26,5,ACTIVE,41,E_P3_NEW3-A3.NC,E_P3_NEW3-A3.NC,41429.939,211495.799,5768.5,5841.9829,100,27.51667,25,50,0,16,100,8250.0,13629.6,3984.57,3.42059,0.000320555,0.691251,0,580.9537117,11690.0,1941.23,6.02196,0.000351247,0.358356,0,286.3889118,3962.83,1136.03,3.48831,0.000125888,0.177689,6,-323.2175992,5047.59,1352.66,3.7316,0.000273837,0.402471
27.278514,1,AUTO,ARMED,5,AVAILABLE,UNAVAILABLE,UNAVAILABLE,26,5,ACTIVE,41,E_P3_NEW3-A3.NC,E_P3_NEW3-A3.NC,41429.939,211495.799,5768.5,5841.9829,100,27.51667,25,50,0,15,100,8250.0,13629.6,3984.57,3.42059,0.000320555,0.691251,0,575.285279,11690.0,1941.23,6.02196,0.000351247,0.358356,0,286.388876,3962.83,1136.03,3.48831,0.000125888,0.177689,6,-323.2175878,5047.59,1352.66,3.7316,0.000273837,0.402471
27.420647,1,AUTO,ARMED,5,AVAILABLE,UNAVAILABLE,UNAVAILABLE,26,5,ACTIVE,41,E_P3_NEW3-A3.NC,E_P3_NEW3-A3.NC,41429.939,211495.799,5768.5,5841.9829,100,27.51667,25,50,0,16,100,8250.0,13629.6,3984.57,3.42059,0.000320555,0.691251,0,572.4438206,11690.0,1941.23,6.02196,0.000351247,0.358356,0,286.3888832,3962.83,1136.03,3.48831,0.000125888,0.177689,6,-323.2175878,5047.59,1352.66,3.7316,0.000273837,0.402471
27.577203,1,AUTO,ARMED,5,AVAILABLE,UNAVAILABLE,UNAVAILABLE,26,5,ACTIVE,41,E_P3_NEW3-A3.NC,E_P3_NEW3-A3.NC,41429.939,211495.799,5768.5,5841.9829,100,27.51667,25,50,0,16,100,8250.0,13701.6,4003.79,3.42216,0.000291834,0.681237,0,569.6169177,11378.0,1783.6,6.37923,0.000344666,0.346669,0,286.3889189,3722.66,1153.62,3.22694,0.000108448,0.178424,6,-323.2176106,4759.15,1310.02,3.63288,0.000285682,0.377459
27.718539,1,AUTO,ARMED,5,AVAILABLE,UNAVAILABLE,UNAVAILABLE,26,5,ACTIVE,41,E_P3_NEW3-A3.NC,E_P3_NEW3-A3.NC,41429.939,211495.799,5768.5,5841.9829,100,27.51667,26,50,0,16,100,8250.0,13701.6,4003.79,3.42216,0.000291834,0.681237,0,566.7825047,11378.0,1783.6,6.37923,0.000344666,0.346669,0,286.3889475,3722.66,1153.62,3.22694,0.000108448,0.178424,6,-323.2175534,4759.15,1310.02,3.63288,0.000285682,0.377459
27.862402,1,AUTO,ARMED,5,AVAILABLE,UNAVAILABLE,UNAVAILABLE,26,5,ACTIVE,41,E_P3_NEW3-A3.NC,E_P3_NEW3-A3.NC,41429.939,211495.799,5768.5,5857.2192,100,27.51667,26,50,0,16,100,8250.0,13701.6,4003.79,3.42216,0.000291834,0.681237,0,563.9483562,11378.0,1783.6,6.37923,0.000344666,0.346669,0,286.3889189,3722.66,1153.62,3.22694,0.000108448,0.178424,6,-323.2176564,4759.15,1310.02,3.63288,0.000285682,0.377459
28.011735,1,AUTO,ARMED,5,AVAILABLE,UNAVAILABLE,UNAVAILABLE,26,5,ACTIVE,41,E_P3_NEW3-A3.NC,E_P3_NEW3-A3.NC,41429.939,211495.799,5768.5,5857.2192,100,27.51667,26,50,0,16,100,8250.0,13701.6,4003.79,3.42216,0.000291834,0.681237,0,555.445488,11378.0,1783.6,6.37923,0.000344666,0.346669,0,286.388876,3722.66,1153.62,3.22694,0.000108448,0.178424,6,-323.2175878,4759.15,1310.02,3.63288,0.000285682,0.377459
28.156587,1,AUTO,ARMED,5,AVAILABLE,UNAVAILABLE,UNAVAILABLE,26,5,ACTIVE,41,E_P3_NEW3-A3.NC,E_P3_NEW3-A3.NC,41429.939,211495.799,5768.5,5857.2192,100,27.51667,26,50,0,16,100,8250.0,13701.6,4003.79,3.42216,0.000291834,0.681237,0,551.1874973,11378.0,1783.6,6.37923,0.000344666,0.346669,0,286.3888903,3722.66,1153.62,3.22694,0.000108448,0.178424,6,-323.2175649,4759.15,1310.02,3.63288,0.000285682,0.377459
28.309965,1,AUTO,ARMED,5,AVAILABLE,UNAVAILABLE,UNAVAILABLE,26,5,ACTIVE,41,E_P3_NEW3-A3.NC,E_P3_NEW3-A3.NC,41429.939,211495.799,5768.5,5857.2192,100,27.51667,26,50,0,16,100,8250.0,13701.6,4003.79,3.42216,0.000291834,0.681237,0,548.3532737,11378.0,1783.6,6.37923,0.000344666,0.346669,0,286.3889404,3722.66,1153.62,3.22694,0.000108448,0.178424,6,-323.2175878,4759.15,1310.02,3.63288,0.000285682,0.377459
28.459791,1,AUTO,ARMED,5,AVAILABLE,UNAVAILABLE,UNAVAILABLE,26,5,ACTIVE,41,E_P3_NEW3-A3.NC,E_P3_NEW3-A3.NC,41429.939,211495.799,5768.5,5857.2192,100,27.51667,26,50,0,16,100,8250.0,13701.6,4003.79,3.42216,0.000291834,0.681237,0,545.5259593,11378.0,1783.6,6.37923,0.000344666,0.346669,0,286.3889833,3722.66,1153.62,3.22694,0.000108448,0.178424,6,-323.2175992,4759.15,1310.02,3.63288,0.000285682,0.377459
28.599882,1,AUTO,ARMED,5,AVAILABLE,UNAVAILABLE,UNAVAILABLE,26,5,ACTIVE,41,E_P3_NEW3-A3.NC,E_P3_NEW3-A3.NC,41429.939,211495.799,5768.5,5857.2192,100,27.51667,27,50,0,3,100,8250.0,3863.31,296.617,13.0246,0.000238889,0.186352,0,539.8507244,8281.43,119.84,69.1041,0.000166743,0.111997,0,286.3891406,696.496,118.436,5.88078,0.000116045,0.0554779,6,-323.2175992,1778.67,616.938,2.88306,0.000247049,0.23724
28.746733,1,AUTO,ARMED,5,AVAILABLE,UNAVAILABLE,UNAVAILABLE,26,5,ACTIVE,41,E_P3_NEW3-A3.NC,E_P3_NEW3-A3.NC,41429.939,211495.799,5768.5,5857.2192,100,27.51667,27,50,0,0,100,8250.0,3863.31,296.617,13.0246,0.000238889,0.186352,0,537.0163077,8281.43,119.84,69.1041,0.000166743,0.111997,0,286.3889475,696.496,118.436,5.88078,0.000116045,0.0554779,6,-323.2175992,1778.67,616.938,2.88306,0.000247049,0.23724
28.889068,1,AUTO,ARMED,5,AVAILABLE,UNAVAILABLE,UNAVAILABLE,26,5,ACTIVE,41,E_P3_NEW3-A3.NC,E_P3_NEW3-A3.NC,41429.939,211495.799,5768.5,3351.4038,100,27.51667,27,50,0,0,100,8250.0,3863.31,296.617,13.0246,0.000238889,0.186352,1,531.3533165,8281.43,119.84,69.1041,0.000166743,0.111997,0,286.3889046,696.496,118.436,5.88078,0.000116045,0.0554779,6,-323.2175992,1778.67,616.938,2.88306,0.000247049,0.23724
29.03549,1,AUTO,ARMED,5,AVAILABLE,UNAVAILABLE,UNAVAILABLE,27,5,ACTIVE,41,E_P3_NEW3-A3.NC,E_P3_NEW3-A3.NC,41429.939,211495.799,5768.5,3351.4038,100,13.75,27,50,0,2,100,8250.0,3863.31,296.617,13.0246,0.000238889,0.186352,1,530.3904826,8281.43,119.84,69.1041,0.000166743,0.111997,0,286.3889046,696.496,118.436,5.88078,0.000116045,0.0554779,6,-323.2175992,1778.67,616.938,2.88306,0.000247049,0.23724
29.178902,1,AUTO,ARMED,5,AVAILABLE,UNAVAILABLE,UNAVAILABLE,27,5,ACTIVE,41,E_P3_NEW3-A3.NC,E_P3_NEW3-A3.NC,41429.939,211495.799,5768.5,3351.4038,100,0.0,27,50,0,3,100,8250.0,3863.31,296.617,13.0246,0.000238889,0.186352,0,530.386842,8281.43,119.84,69.1041,0.000166743,0.111997,0,286.3888975,696.496,118.436,5.88078,0.000116045,0.0554779,6,-323.2175878,1778.67,616.938,2.88306,0.000247049,0.23724
29.319247,1,AUTO,ARMED,5,AVAILABLE,UNAVAILABLE,UNAVAILABLE,27,5,ACTIVE,41,E_P3_NEW3-A3.NC,E_P3_NEW3-A3.NC,41429.939,211495.799,5768.5,3351.4038,100,0.0,27,50,0,3,100,8250.0,3863.31,296.617,13.0246,0.000238889,0.186352,0,530.3866703,8281.43,119.84,69.1041,0.000166743,0.111997,0,286.3889046,696.496,118.436,5.88078,0.000116045,0.0554779,6,-323.2176221,1778.67,616.938,2.88306,0.000247049,0.23724
29.481136,1,AUTO,ARMED,5,AVAILABLE,UNAVAILABLE,UNAVAILABLE,27,5,ACTIVE,41,E_P3_NEW3-A3.NC,E_P3_NEW3-A3.NC,41429.939,211495.799,5768.5,3351.4038,100,0.0,27,50,0,4,100,8250.0,3863.31,296.617,13.0246,0.000238889,0.186352,0,530.3867418,8281.43,119.84,69.1041,0.000166743,0.111997,0,286.3888975,696.496,118.436,5.88078,0.000116045,0.0554779,6,-323.2175992,1778.67,616.938,2.88306,0.000247049,0.23724
29.626836,1,AUTO,ARMED,5,AVAILABLE,UNAVAILABLE,UNAVAILABLE,27,5,ACTIVE,41,E_P3_NEW3-A3.NC,E_P3_NEW3-A3.NC,41429.939,211495.799,5768.5,3351.4038,100,0.0,28,50,0,3,100,8250.0,3863.31,296.617,13.0246,0.000238889,0.186352,0,530.3867633,8281.43,119.84,69.1041,0.000166743,0.111997,0,286.3889118,696.496,118.436,5.88078,0.000116045,0.0554779,6,-323.2176106,1778.67,616.938,2.88306,0.000247049,0.23724
29.771501,1,AUTO,ARMED,5,AVAILABLE,UNAVAILABLE,UNAVAILABLE,27,5,ACTIVE,41,E_P3_NEW3-A3.NC,E_P3_NEW3-A3.NC,41429.939,211495.799,5768.5,3351.4038,100,0.0,28,50,0,3,100,8250.0,3887.31,282.397,13.7654,0.000363379,0.186553,0,530.3867847,912.159,115.699,7.8839,0.000255386,0.134304,0,286.3888975,720.513,122.044,5.90372,9.80967e-05,0.056582,6,-323.2175992,1898.85,669.625,2.83569,0.000376349,0.258413
29.912942,1,AUTO,ARMED,5,AVAILABLE,UNAVAILABLE,UNAVAILABLE,27,5,ACTIVE,41,E_P3_NEW3-A3.NC,E_P3_NEW3-A3.NC,41429.939,211495.799,5768.5,3351.4038,100,0.0,28,50,0,3,100,8250.0,3887.31,282.397,13.7654,0.000363379,0.186553,0,530.3867847,912.159,115.699,7.8839,0.000255386,0.134304,0,286.3889046,720.513,122.044,5.90372,9.80967e-05,0.056582,6,-323.2176221,1898.85,669.625,2.83569,0.000376349,0.258413
30.054532,1,AUTO,ARMED,5,AVAILABLE,UNAVAILABLE,UNAVAILABLE,27,5,ACTIVE,41,E_P3_NEW3-A3.NC,E_P3_NEW3-A3.NC,41429.939,211495.799,5768.5,3264.9036,100,0.0,28,50,0,3,100,8250.0,3887.31,282.397,13.7654,0.000363379,0.186553,0,530.3867919,912.159,115.699,7.8839,0.000255386,0.134304,0,286.445352,720.513,122.044,5.90372,9.80967e-05,0.056582,6,-323.2175992,1898.85,669.625,2.83569,0.000376349,0.258413
30.198009,1,AUTO,ARMED,5,AVAILABLE,UNAVAILABLE,UNAVAILABLE,30,5,ACTIVE,41,E_P3_NEW3-A3.NC,E_P3_NEW3-A3.NC,41429.939,211495.799,5768.5,3264.9036,100,11.66667,28,50,0,3,100,8250.0,3887.31,282.397,13.7654,0.000363379,0.186553,0,530.3867919,912.159,115.699,7.8839,0.000255386,0.134304,0,287.0230724,720.513,122.044,5.90372,9.80967e-05,0.056582,6,-323.2175992,1898.85,669.625,2.83569,0.000376349,0.258413
30.340377,1,AUTO,ARMED,5,AVAILABLE,UNAVAILABLE,UNAVAILABLE,31,5,ACTIVE,41,E_P3_NEW3-A3.NC,E_P3_NEW3-A3.NC,41429.939,211495.799,5768.5,3264.9036,100,0.0,28,50,0,3,100,8250.0,3887.31,282.397,13.7654,0.000363379,0.186553,0,530.386799,912.159,115.699,7.8839,0.000255386,0.134304,0,287.0238377,720.513,122.044,5.90372,9.80967e-05,0.056582,6,-323.2175992,1898.85,669.625,2.83569,0.000376349,0.258413
30.480504,1,AUTO,ARMED,5,AVAILABLE,UNAVAILABLE,UNAVAILABLE,31,5,ACTIVE,41,E_P3_NEW3-A3.NC,E_P3_NEW3-A3.NC,41429.939,211495.799,5768.5,3264.9036,100,0.0,28,50,0,3,100,8250.0,3887.31,282.397,13.7654,0.000363379,0.186553,0,530.386799,912.159,115.699,7.8839,0.000255386,0.134304,0,287.0239092,720.513,122.044,5.90372,9.80967e-05,0.056582,6,-323.2175992,1898.85,669.625,2.83569,0.000376349,0.258413
30.622861,1,AUTO,ARMED,5,AVAILABLE,UNAVAILABLE,UNAVAILABLE,31,5,ACTIVE,41,E_P3_NEW3-A3.NC,E_P3_NEW3-A3.NC,41429.939,211495.799,5768.5,3264.9036,100,0.0,29,50,0,3,100,8250.0,3887.31,282.397,13.7654,0.000363379,0.186553,0,530.386799,912.159,115.699,7.8839,0.000255386,0.134304,0,287.0239164,720.513,122.044,5.90372,9.80967e-05,0.056582,6,-323.2175992,1898.85,669.625,2.83569,0.000376349,0.258413
30.776091,1,AUTO,ARMED,5,AVAILABLE,UNAVAILABLE,UNAVAILABLE,31,5,ACTIVE,41,E_P3_NEW3-A3.NC,E_P3_NEW3-A3.NC,41429.939,211495.799,5768.5,3264.9036,100,0.0,29,50,0,3,100,8250.0,3599.36,314.808,11.4335,0.00028435,0.209296,0,530.386799,1152.2,2863.73,0.402342,0.000433054,0.444923,0,287.0239092,768.548,139.823,5.49658,8.11935e-05,0.0516761,6,-323.2176106,1874.82,718.436,2.60959,0.000292411,0.262584
30.919029,1,AUTO,ARMED,5,AVAILABLE,UNAVAILABLE,UNAVAILABLE,31,5,ACTIVE,41,E_P3_NEW3-A3.NC,E_P3_NEW3-A3.NC,41429.939,211495.799,5768.5,3264.9036,100,0.0,29,50,0,3,100,8250.0,3599.36,314.808,11.4335,0.00028435,0.209296,0,530.386799,1152.2,2863.73,0.402342,0.000433054,0.444923,0,287.0239021,768.548,139.823,5.49658,8.11935e-05,0.0516761,6,-323.2175992,1874.82,718.436,2.60959,0.000292411,0.262584
31.059541,1,AUTO,ARMED,5,AVAILABLE,UNAVAILABLE,UNAVAILABLE,31,5,ACTIVE,41,E_P3_NEW3-A3.NC,E_P3_NEW3-A3.NC,41429.939,211495.799,5768.5,3264.9036,100,0.0,29,50,0,3,100,8250.0,3599.36,314.808,11.4335,0.00028435,0.209296,0,530.386799,1152.2,2863.73,0.402342,0.000433054,0.444923,0,287.0239021,768.548,139.823,5.49658,8.11935e-05,0.0516761,6,-323.2175992,1874.82,718.436,2.60959,0.000292411,0.262584
31.205525,1,AUTO,ARMED,5,AVAILABLE,UNAVAILABLE,UNAVAILABLE,32,5,ACTIVE,41,E_P3_NEW3-A3.NC,E_P3_NEW3-A3.NC,41429.939,211495.799,5768.5,6845.2046,100,0.0,29,50,0,3,100,8250.0,3599.36,314.808,11.4335,0.00028435,0.209296,0,532.0101179,1152.2,2863.73,0.402342,0.000433054,0.444923,0,287.0239021,768.548,139.823,5.49658,8.11935e-05,0.0516761,6,-323.2175649,1874.82,718.436,2.60959,0.000292411,0.262584
31.348713,1,AUTO,ARMED,5,AVAILABLE,UNAVAILABLE,UNAVAILABLE,32,5,ACTIVE,41,E_P3_NEW3-A3.NC,E_P3_NEW3-A3.NC,41429.939,211495.799,5768.5,6845.2046,100,31.75,29,50,0,3,100,8250.0,3599.36,314.808,11.4335,0.00028435,0.209296,0,535.2754051,1152.2,2863.73,0.402342,0.000433054,0.444923,0,287.0239021,768.548,139.823,5.49658,8.11935e-05,0.0516761,6,-323.2175992,1874.82,718.436,2.60959,0.000292411,0.262584
31.492191,1,AUTO,ARMED,5,AVAILABLE,UNAVAILABLE,UNAVAILABLE,32,5,ACTIVE,41,E_P3_NEW3-A3.NC,E_P3_NEW3-A3.NC,41429.939,211495.799,5768.5,6845.2046,100,31.75,29,50,0,3,100,8250.0,3599.36,314.808,11.4335,0.00028435,0.209296,0,538.5374106,1152.2,2863.73,0.402342,0.000433054,0.444923,0,287.0239021,768.548,139.823,5.49658,8.11935e-05,0.0516761,6,-323.2176106,1874.82,718.436,2.60959,0.000292411,0.262584
31.636603,1,AUTO,ARMED,5,AVAILABLE,UNAVAILABLE,UNAVAILABLE,32,5,ACTIVE,41,E_P3_NEW3-A3.NC,E_P3_NEW3-A3.NC,41429.939,211495.799,5768.5,6845.2046,100,31.75,30,50,0,3,100,8250.0,3599.36,314.808,11.4335,0.00028435,0.209296,0,545.0852536,1152.2,2863.73,0.402342,0.000433054,0.444923,0,287.0235874,768.548,139.823,5.49658,8.11935e-05,0.0516761,6,-323.2176907,1874.82,718.436,2.60959,0.000292411,0.262584
31.782644,1,AUTO,ARMED,5,AVAILABLE,UNAVAILABLE,UNAVAILABLE,32,5,ACTIVE,41,E_P3_NEW3-A3.NC,E_P3_NEW3-A3.NC,41429.939,211495.799,5768.5,6845.2046,100,31.75,30,50,0,22,100,8250.0,3599.36,314.808,11.4335,0.00028435,0.209296,1,548.3558922,1152.2,2863.73,0.402342,0.000433054,0.444923,0,287.0238162,768.548,139.823,5.49658,8.11935e-05,0.0516761,6,-323.2177708,1874.82,718.436,2.60959,0.000292411,0.262584
31.934742,1,AUTO,ARMED,5,AVAILABLE,UNAVAILABLE,UNAVAILABLE,32,5,ACTIVE,41,E_P3_NEW3-A3.NC,E_P3_NEW3-A3.NC,41429.939,211495.799,5768.5,6845.2046,100,31.75,30,50,0,27,100,8250.0,161995.0,43193.6,3.75044,0.000696879,5.16673,1,551.6184699,31013.3,7288.26,4.25524,0.00047528,0.845615,0,287.0238735,12633.0,1550.8,8.14612,0.000165921,0.285336,6,-323.2177708,8917.4,1946.1,4.58219,0.000417273,0.552379
32.079629,1,AUTO,ARMED,5,AVAILABLE,UNAVAILABLE,UNAVAILABLE,32,5,ACTIVE,41,E_P3_NEW3-A3.NC,E_P3_NEW3-A3.NC,41429.939,211495.799,5768.5,6845.2046,100,31.75,30,50,0,23,100,8250.0,161995.0,43193.6,3.75044,0.000696879,5.16673,1,559.8018873,31013.3,7288.26,4.25524,0.00047528,0.845615,0,287.0239021,12633.0,1550.8,8.14612,0.000165921,0.285336,6,-323.2176679,8917.4,1946.1,4.58219,0.000417273,0.552379
32.223121,1,AUTO,ARMED,5,AVAILABLE,UNAVAILABLE,UNAVAILABLE,32,5,ACTIVE,41,E_P3_NEW3-A3.NC,E_P3_NEW3-A3.NC,41429.939,211495.799,5768.5,6949.6147,100,31.75,30,50,0,21,100,8250.0,161995.0,43193.6,3.75044,0.000696879,5.16673,1,563.0643346,31013.3,7288.26,4.25524,0.00047528,0.845615,0,287.0239593,12633.0,1550.8,8.14612,0.000165921,0.285336,6,-323.217542,8917.4,1946.1,4.58219,0.000417273,0.552379
32.360271,1,AUTO,ARMED,5,AVAILABLE,UNAVAILABLE,UNAVAILABLE,32,5,ACTIVE,41,E_P3_NEW3-A3.NC,E_P3_NEW3-A3.NC,41429.939,211495.799,5768.5,6949.6147,100,31.75,30,50,0,20,100,8250.0,161995.0,43193.6,3.75044,0.000696879,5.16673,1,566.3422815,31013.3,7288.26,4.25524,0.00047528,0.845615,0,287.0239092,12633.0,1550.8,8.14612,0.000165921,0.285336,6,-323.2176335,8917.4,1946.1,4.58219,0.000417273,0.552379
32.497373,1,AUTO,ARMED,5,AVAILABLE,UNAVAILABLE,UNAVAILABLE,32,5,ACTIVE,41,E_P3_NEW3-A3.NC,E_P3_NEW3-A3.NC,41429.939,211495.799,5768.5,6949.6147,100,31.75,30,50,0,20,100,8250.0,161995.0,43193.6,3.75044,0.000696879,5.16673,1,569.6126109,31013.3,7288.26,4.25524,0.00047528,0.845615,0,287.0239164,12633.0,1550.8,8.14612,0.000165921,0.285336,6,-323.2176335,8917.4,1946.1,4.58219,0.000417273,0.552379
32.641544,1,AUTO,ARMED,5,AVAILABLE,UNAVAILABLE,UNAVAILABLE,32,5,ACTIVE,41,E_P3_NEW3-A3.NC,E_P3_NEW3-A3.NC,41429.939,211495.799,5768.5,6949.6147,100,31.75,31,50,0,21,100,8250.0,161995.0,43193.6,3.75044,0.000696879,5.16673,1,576.1610874,31013.3,7288.26,4.25524,0.00047528,0.845615,0,287.0238949,12633.0,1550.8,8.14612,0.000165921,0.285336,6,-323.2176106,8917.4,1946.1,4.58219,0.000417273,0.552379
32.789601,1,AUTO,ARMED,5,AVAILABLE,UNAVAILABLE,UNAVAILABLE,32,5,ACTIVE,41,E_P3_NEW3-A3.NC,E_P3_NEW3-A3.NC,41429.939,211495.799,5768.5,6949.6147,100,31.75,31,50,0,21,100,8250.0,130033.0,338.968,383.614,0.000285184,0.189429,1,579.4235419,24028.1,332.444,72.2771,0.000311916,0.244423,0,287.0239307,4635.31,131.438,35.2661,0.000121787,0.063315,6,-323.217645,6946.44,920.098,7.54967,0.00030094,0.296277
32.939456,1,AUTO,ARMED,5,AVAILABLE,UNAVAILABLE,UNAVAILABLE,32,5,ACTIVE,41,E_P3_NEW3-A3.NC,E_P3_NEW3-A3.NC,41429.939,211495.799,5768.5,6949.6147,100,31.75,31,50,0,21,100,8250.0,130033.0,338.968,383.614,0.000285184,0.189429,1,582.6936997,24028.1,332.444,72.2771,0.000311916,0.244423,0,287.0238949,4635.31,131.438,35.2661,0.000121787,0.063315,6,-323.2174848,6946.44,920.098,7.54967,0.00030094,0.296277
33.084533,1,AUTO,ARMED,5,AVAILABLE,UNAVAILABLE,UNAVAILABLE,32,5,ACTIVE,41,E_P3_NEW3-A3.NC,E_P3_NEW3-A3.NC,41429.939,211495.799,5768.5,6949.6147,100,31.75,31,50,0,21,100,8250.0,130033.0,338.968,383.614,0.000285184,0.189429,1,592.504469,24028.1,332.444,72.2771,0.000311916,0.244423,0,287.0238663,4635.31,131.438,35.2661,0.000121787,0.063315,7,-323.2176106,6946.44,920.098,7.54967,0.00030094,0.296277
33.234633,1,AUTO,ARMED,5,AVAILABLE,UNAVAILABLE,UNAVAILABLE,32,5,ACTIVE,41,E_P3_NEW3-A3.NC,E_P3_NEW3-A3.NC,41429.939,211495.799,5768.5,2694.3323,100,31.75,31,50,0,21,100,8250.0,130033.0,338.968,383.614,0.000285184,0.189429,1,592.504469,24028.1,332.444,72.2771,0.000311916,0.244423,0,287.0238663,4635.31,131.438,35.2661,0.000121787,0.063315,7,-323.2176106,6946.44,920.098,7.54967,0.00030094,0.296277
33.42052,1,AUTO,ARMED,5,AVAILABLE,UNAVAILABLE,UNAVAILABLE,32,5,ACTIVE,41,E_P3_NEW3-A3.NC,E_P3_NEW3-A3.NC,41429.939,211495.799,5768.5,2694.3323,100,31.75,31,50,0,20,100,8250.0,130033.0,338.968,383.614,0.000285184,0.189429,1,602.3153337,24028.1,332.444,72.2771,0.000311916,0.244423,0,287.0241667,4635.31,131.438,35.2661,0.000121787,0.063315,6,-323.2175191,6946.44,920.098,7.54967,0.00030094,0.296277
33.563008,1,AUTO,ARMED,5,AVAILABLE,UNAVAILABLE,UNAVAILABLE,32,5,ACTIVE,41,E_P3_NEW3-A3.NC,E_P3_NEW3-A3.NC,41429.939,211495.799,5768.5,2694.3323,100,31.75,32,50,0,0,100,8250.0,130033.0,338.968,383.614,0.000285184,0.189429,0,605.5854312,24028.1,332.444,72.2771,0.000311916,0.244423,0,287.0239808,4635.31,131.438,35.2661,0.000121787,0.063315,6,-323.2175649,6946.44,920.098,7.54967,0.00030094,0.296277
33.710141,1,AUTO,ARMED,5,AVAILABLE,UNAVAILABLE,UNAVAILABLE,32,5,ACTIVE,41,E_P3_NEW3-A3.NC,E_P3_NEW3-A3.NC,41429.939,211495.799,5768.5,2694.3323,100,31.75,32,50,0,1,100,8250.0,130033.0,338.968,383.614,0.000285184,0.189429,0,608.8640259,24028.1,332.444,72.2771,0.000311916,0.244423,0,287.0239164,4635.31,131.438,35.2661,0.000121787,0.063315,6,-323.2175763,6946.44,920.098,7.54967,0.00030094,0.296277
33.854957,1,AUTO,ARMED,5,AVAILABLE,UNAVAILABLE,UNAVAILABLE,32,5,ACTIVE,41,E_P3_NEW3-A3.NC,E_P3_NEW3-A3.NC,41429.939,211495.799,5768.5,2694.3323,100,28.61667,32,50,0,0,100,8250.0,130033.0,338.968,383.614,0.000285184,0.189429,0,611.6655992,24028.1,332.444,72.2771,0.000311916,0.244423,0,287.0239021,4635.31,131.438,35.2661,0.000121787,0.063315,6,-323.2176106,6946.44,920.098,7.54967,0.00030094,0.296277
33.992852,1,AUTO,ARMED,5,AVAILABLE,UNAVAILABLE,UNAVAILABLE,33,5,ACTIVE,41,E_P3_NEW3-A3.NC,E_P3_NEW3-A3.NC,41429.939,211495.799,5768.5,2694.3323,100,0.0,32,50,0,4,100,8250.0,3695.34,282.664,13.0733,0.000317359,0.186149,0,611.6669153,2832.49,110.448,25.6455,0.000173004,0.123831,0,287.0239021,720.516,121.55,5.92773,9.63407e-05,0.0568389,6,-323.2175878,1922.89,614.514,3.12912,0.000260263,0.231474
34.143148,1,AUTO,ARMED,5,AVAILABLE,UNAVAILABLE,UNAVAILABLE,33,5,ACTIVE,41,E_P3_NEW3-A3.NC,E_P3_NEW3-A3.NC,41429.939,211495.799,5768.5,2694.3323,100,0.0,32,50,0,4,100,8250.0,3695.34,282.664,13.0733,0.000317359,0.186149,0,611.6668867,2832.49,110.448,25.6455,0.000173004,0.123831,0,287.0239092,720.516,121.55,5.92773,9.63407e-05,0.0568389,6,-323.2175992,1922.89,614.514,3.12912,0.000260263,0.231474
34.327843,1,AUTO,ARMED,5,AVAILABLE,UNAVAILABLE,UNAVAILABLE,33,5,ACTIVE,41,E_P3_NEW3-A3.NC,E_P3_NEW3-A3.NC,41429.939,211495.799,5768.5,2694.3323,100,0.0,32,50,0,3,100,8250.0,3695.34,282.664,13.0733,0.000317359,0.186149,0,611.6668366,2832.49,110.448,25.6455,0.000173004,0.123831,0,287.0239021,720.516,121.55,5.92773,9.63407e-05,0.0568389,6,-323.2176106,1922.89,614.514,3.12912,0.000260263,0.231474
34.480998,1,AUTO,ARMED,5,AVAILABLE,UNAVAILABLE,UNAVAILABLE,33,5,ACTIVE,41,E_P3_NEW3-A3.NC,E_P3_NEW3-A3.NC,41429.939,211495.799,5768.5,3258.2351,100,0.0,32,50,0,3,100,8250.0,3695.34,282.664,13.0733,0.000317359,0.186149,0,611.6668223,2832.49,110.448,25.6455,0.000173004,0.123831,0,287.0238949,720.516,121.55,5.92773,9.63407e-05,0.0568389,6,-323.2176106,1922.89,614.514,3.12912,0.000260263,0.231474
34.62158,1,AUTO,ARMED,5,AVAILABLE,UNAVAILABLE,UNAVAILABLE,33,5,ACTIVE,41,E_P3_NEW3-A3.NC,E_P3_NEW3-A3.NC,41429.939,211495.799,5768.5,3258.2351,100,0.0,33,50,0,2,100,8250.0,3695.34,282.664,13.0733,0.000317359,0.186149,0,611.6668152,2832.49,110.448,25.6455,0.000173004,0.123831,0,287.0238949,720.516,121.55,5.92773,9.63407e-05,0.0568389,6,-323.2175992,1922.89,614.514,3.12912,0.000260263,0.231474
34.760961,1,AUTO,ARMED,5,AVAILABLE,UNAVAILABLE,UNAVAILABLE,33,5,ACTIVE,41,E_P3_NEW3-A3.NC,E_P3_NEW3-A3.NC,41429.939,211495.799,5768.5,3258.2351,100,0.0,33,50,0,2,100,8250.0,3695.34,282.664,13.0733,0.000317359,0.186149,0,611.666808,2832.49,110.448,25.6455,0.000173004,0.123831,0,287.0239021,720.516,121.55,5.92773,9.63407e-05,0.0568389,6,-323.2176106,1922.89,614.514,3.12912,0.000260263,0.231474
34.899558,1,AUTO,ARMED,5,AVAILABLE,UNAVAILABLE,UNAVAILABLE,34,5,ACTIVE,41,E_P3_NEW3-A3.NC,E_P3_NEW3-A3.NC,41429.939,211495.799,5768.5,3258.2351,100,0.0,33,50,0,2,100,8250.0,13917.5,4509.78,3.08607,0.000356236,0.772195,0,611.666808,13490.3,2275.36,5.92886,0.000390841,0.39128,0,287.0680186,3818.73,1128.07,3.38519,0.000138701,0.189415,6,-323.2175878,5408.13,1368.61,3.95155,0.000230719,0.384197
35.057657,1,AUTO,ARMED,5,AVAILABLE,UNAVAILABLE,UNAVAILABLE,34,5,ACTIVE,41,E_P3_NEW3-A3.NC,E_P3_NEW3-A3.NC,41429.939,211495.799,5768.5,3258.2351,100,0.0,33,50,0,2,100,8250.0,13917.5,4509.78,3.08607,0.000356236,0.772195,2,608.3099177,13490.3,2275.36,5.92886,0.000390841,0.39128,0,287.6586635,3818.73,1128.07,3.38519,0.000138701,0.189415,6,-323.2176106,5408.13,1368.61,3.95155,0.000230719,0.384197
35.199061,1,AUTO,ARMED,5,AVAILABLE,UNAVAILABLE,UNAVAILABLE,35,5,ACTIVE,41,E_P3_NEW3-A3.NC,E_P3_NEW3-A3.NC,41429.939,211495.799,5768.5,3258.2351,100,31.75,33,50,0,3,100,8250.0,13917.5,4509.78,3.08607,0.000356236,0.772195,0,601.7781737,13490.3,2275.36,5.92886,0.000390841,0.39128,0,287.6586993,3818.73,1128.07,3.38519,0.000138701,0.189415,6,-323.2176106,5408.13,1368.61,3.95155,0.000230719,0.384197
35.370407,1,AUTO,ARMED,5,AVAILABLE,UNAVAILABLE,UNAVAILABLE,35,5,ACTIVE,41,E_P3_NEW3-A3.NC,E_P3_NEW3-A3.NC,41429.939,211495.799,5768.5,6092.8369,100,31.75,33,50,0,8,100,8250.0,13917.5,4509.78,3.08607,0.000356236,0.772195,0,598.4995915,13490.3,2275.36,5.92886,0.000390841,0.39128,0,287.6583631,3818.73,1128.07,3.38519,0.000138701,0.189415,6,-323.2176564,5408.13,1368.61,3.95155,0.000230719,0.384197
35.522736,1,AUTO,ARMED,5,AVAILABLE,UNAVAILABLE,UNAVAILABLE,35,5,ACTIVE,41,E_P3_NEW3-A3.NC,E_P3_NEW3-A3.NC,41429.939,211495.799,5768.5,6092.8369,100,31.75,33,50,0,18,100,8250.0,13917.5,4509.78,3.08607,0.000356236,0.772195,0,595.2377393,13490.3,2275.36,5.92886,0.000390841,0.39128,0,287.6588352,3818.73,1128.07,3.38519,0.000138701,0.189415,6,-323.2176335,5408.13,1368.61,3.95155,0.000230719,0.384197
35.678833,1,AUTO,ARMED,5,AVAILABLE,UNAVAILABLE,UNAVAILABLE,35,5,ACTIVE,41,E_P3_NEW3-A3.NC,E_P3_NEW3-A3.NC,41429.939,211495.799,5768.5,6092.8369,100,31.75,34,50,0,24,100,8250.0,13917.5,4509.78,3.08607,0.000356236,0.772195,0,588.6972262,13490.3,2275.36,5.92886,0.000390841,0.39128,0,287.6589353,3818.73,1128.07,3.38519,0.000138701,0.189415,6,-323.2175649,5408.13,1368.61,3.95155,0.000230719,0.384197
35.892611,1,AUTO,ARMED,5,AVAILABLE,UNAVAILABLE,UNAVAILABLE,35,5,ACTIVE,41,E_P3_NEW3-A3.NC,E_P3_NEW3-A3.NC,41429.939,211495.799,5768.5,6092.8369,100,31.75,34,50,0,17,100,8250.0,13917.5,4509.78,3.08607,0.000356236,0.772195,0,578.8867212,13490.3,2275.36,5.92886,0.000390841,0.39128,0,287.6588852,3818.73,1128.07,3.38519,0.000138701,0.189415,6,-323.2176221,5408.13,1368.61,3.95155,0.000230719,0.384197
36.046345,1,AUTO,ARMED,5,AVAILABLE,UNAVAILABLE,UNAVAILABLE,35,5,ACTIVE,41,E_P3_NEW3-A3.NC,E_P3_NEW3-A3.NC,41429.939,211495.799,5768.5,6092.8369,100,31.75,34,50,0,17,100,8250.0,15069.3,4442.34,3.3922,0.000331123,0.772977,0,578.8867212,13394.3,2300.36,5.8227,0.000408509,0.407114,0,287.6588852,3530.52,1270.9,2.77797,0.000115422,0.195869,6,-323.2176221,5023.55,1392.67,3.60714,0.000303016,0.400377
36.211479,1,AUTO,ARMED,5,AVAILABLE,UNAVAILABLE,UNAVAILABLE,35,5,ACTIVE,41,E_P3_NEW3-A3.NC,E_P3_NEW3-A3.NC,41429.939,211495.799,5768.5,6092.8369,100,31.75,34,50,0,17,100,8250.0,15069.3,4442.34,3.3922,0.000331123,0.772977,0,570.7030882,13394.3,2300.36,5.8227,0.000408509,0.407114,0,287.6589139,3530.52,1270.9,2.77797,0.000115422,0.195869,6,-323.2175992,5023.55,1392.67,3.60714,0.000303016,0.400377
36.405371,1,AUTO,ARMED,5,AVAILABLE,UNAVAILABLE,UNAVAILABLE,35,5,ACTIVE,41,E_P3_NEW3-A3.NC,E_P3_NEW3-A3.NC,41429.939,211495.799,5768.5,6092.8369,100,31.75,34,50,0,17,100,8250.0,15069.3,4442.34,3.3922,0.000331123,0.772977,0,564.1547299,13394.3,2300.36,5.8227,0.000408509,0.407114,0,287.6589282,3530.52,1270.9,2.77797,0.000115422,0.195869,6,-323.2175649,5023.55,1392.67,3.60714,0.000303016,0.400377
36.550683,1,AUTO,ARMED,5,AVAILABLE,UNAVAILABLE,UNAVAILABLE,35,5,ACTIVE,41,E_P3_NEW3-A3.NC,E_P3_NEW3-A3.NC,41429.939,211495.799,5768.5,4546.082,100,31.75,35,50,0,17,100,8250.0,15069.3,4442.34,3.3922,0.000331123,0.772977,0,560.8923703,13394.3,2300.36,5.8227,0.000408509,0.407114,0,287.6588995,3530.52,1270.9,2.77797,0.000115422,0.195869,6,-323.2176335,5023.55,1392.67,3.60714,0.000303016,0.400377
36.700612,1,AUTO,ARMED,5,AVAILABLE,UNAVAILABLE,UNAVAILABLE,35,5,ACTIVE,41,E_P3_NEW3-A3.NC,E_P3_NEW3-A3.NC,41429.939,211495.799,5768.5,4546.082,100,31.75,35,50,0,18,100,8250.0,15069.3,4442.34,3.3922,0.000331123,0.772977,0,557.62253,13394.3,2300.36,5.8227,0.000408509,0.407114,0,287.6588995,3530.52,1270.9,2.77797,0.000115422,0.195869,6,-323.217645,5023.55,1392.67,3.60714,0.000303016,0.400377
36.861473,1,AUTO,ARMED,5,AVAILABLE,UNAVAILABLE,UNAVAILABLE,35,5,ACTIVE,41,E_P3_NEW3-A3.NC,E_P3_NEW3-A3.NC,41429.939,211495.799,5768.5,4546.082,100,31.75,35,50,0,17,100,8250.0,15069.3,4442.34,3.3922,0.000331123,0.772977,0,551.0737733,13394.3,2300.36,5.8227,0.000408509,0.407114,0,287.6588852,3530.52,1270.9,2.77797,0.000115422,0.195869,6,-323.2176106,5023.55,1392.67,3.60714,0.000303016,0.400377
37.006923,1,AUTO,ARMED,5,AVAILABLE,UNAVAILABLE,UNAVAILABLE,35,5,ACTIVE,41,E_P3_NEW3-A3.NC,E_P3_NEW3-A3.NC,41429.939,211495.799,5768.5,4546.082,100,31.75,35,50,0,17,100,8250.0,8926.41,310.112,28.7845,0.000244916,0.189017,0,547.8115398,10849.9,139.543,77.7531,0.000204945,0.124139,0,287.658921,2785.99,112.364,24.7943,0.000124221,0.0604616,6,-323.2175878,2764.15,525.935,5.25569,0.00020944,0.204029
37.177626,1,AUTO,ARMED,5,AVAILABLE,UNAVAILABLE,UNAVAILABLE,35,5,ACTIVE,41,E_P3_NEW3-A3.NC,E_P3_NEW3-A3.NC,41429.939,211495.799,5768.5,4546.082,100,31.75,35,50,0,3,100,8250.0,8926.41,310.112,28.7845,0.000244916,0.189017,0,537.9926174,10849.9,139.543,77.7531,0.000204945,0.124139,0,287.6590283,2785.99,112.364,24.7943,0.000124221,0.0604616,6,-323.2175878,2764.15,525.935,5.25569,0.00020944,0.204029
37.335693,1,AUTO,ARMED,5,AVAILABLE,UNAVAILABLE,UNAVAILABLE,35,5,ACTIVE,41,E_P3_NEW3-A3.NC,E_P3_NEW3-A3.NC,41429.939,211495.799,5768.5,4546.082,100,31.75,35,50,0,0,100,8250.0,8926.41,310.112,28.7845,0.000244916,0.189017,0,534.7305985,10849.9,139.543,77.7531,0.000204945,0.124139,0,287.6588995,2785.99,112.364,24.7943,0.000124221,0.0604616,6,-323.2175878,2764.15,525.935,5.25569,0.00020944,0.204029
37.512588,1,AUTO,ARMED,5,AVAILABLE,UNAVAILABLE,UNAVAILABLE,35,5,ACTIVE,41,E_P3_NEW3-A3.NC,E_P3_NEW3-A3.NC,41429.939,211495.799,5768.5,4546.082,100,31.75,36,50,0,0,100,8250.0,8926.41,310.112,28.7845,0.000244916,0.189017,0,530.3910119,10849.9,139.543,77.7531,0.000204945,0.124139,0,287.6588995,2785.99,112.364,24.7943,0.000124221,0.0604616,6,-323.2175878,2764.15,525.935,5.25569,0.00020944,0.204029
37.65962,1,AUTO,ARMED,5,AVAILABLE,UNAVAILABLE,UNAVAILABLE,36,5,ACTIVE,41,E_P3_NEW3-A3.NC,E_P3_NEW3-A3.NC,41429.939,211495.799,5768.5,3373.5754,100,15.86667,36,50,0,2,100,8250.0,8926.41,310.112,28.7845,0.000244916,0.189017,0,530.3868205,10849.9,139.543,77.7531,0.000204945,0.124139,0,287.6588995,2785.99,112.364,24.7943,0.000124221,0.0604616,6,-323.2175763,2764.15,525.935,5.25569,0.00020944,0.204029
37.819803,1,AUTO,ARMED,5,AVAILABLE,UNAVAILABLE,UNAVAILABLE,36,5,ACTIVE,41,E_P3_NEW3-A3.NC,E_P3_NEW3-A3.NC,41429.939,211495.799,5768.5,3373.5754,100,0.0,36,50,0,2,100,8250.0,8926.41,310.112,28.7845,0.000244916,0.189017,0,530.3866631,10849.9,139.543,77.7531,0.000204945,0.124139,0,287.6588995,2785.99,112.364,24.7943,0.000124221,0.0604616,6,-323.2175992,2764.15,525.935,5.25569,0.00020944,0.204029
37.958328,1,AUTO,ARMED,5,AVAILABLE,UNAVAILABLE,UNAVAILABLE,36,5,ACTIVE,41,E_P3_NEW3-A3.NC,E_P3_NEW3-A3.NC,41429.939,211495.799,5768.5,3373.5754,100,0.0,36,50,0,3,100,8250.0,8926.41,310.112,28.7845,0.000244916,0.189017,0,530.3866918,10849.9,139.543,77.7531,0.000204945,0.124139,0,287.6588995,2785.99,112.364,24.7943,0.000124221,0.0604616,6,-323.2175992,2764.15,525.935,5.25569,0.00020944,0.204029
38.103662,1,AUTO,ARMED,5,AVAILABLE,UNAVAILABLE,UNAVAILABLE,36,5,ACTIVE,41,E_P3_NEW3-A3.NC,E_P3_NEW3-A3.NC,41429.939,211495.799,5768.5,3373.5754,100,0.0,36,50,0,3,100,8250.0,8926.41,310.112,28.7845,0.000244916,0.189017,0,530.3867275,10849.9,139.543,77.7531,0.000204945,0.124139,0,287.6588995,2785.99,112.364,24.7943,0.000124221,0.0604616,6,-323.2175878,2764.15,525.935,5.25569,0.00020944,0.204029
38.249419,1,AUTO,ARMED,5,AVAILABLE,UNAVAILABLE,UNAVAILABLE,36,5,ACTIVE,41,E_P3_NEW3-A3.NC,E_P3_NEW3-A3.NC,41429.939,211495.799,5768.5,3373.5754,100,0.0,36,50,0,3,100,8250.0,3599.36,311.543,11.5533,0.000308197,0.195475,0,530.3867633,960.167,114.402,8.39292,0.000221043,0.129236,0,287.6588995,888.633,109.872,8.08789,0.000101592,0.0526329,6,-323.2175992,1754.64,687.422,2.55249,0.000403709,0.248193
38.389538,1,AUTO,ARMED,5,AVAILABLE,UNAVAILABLE,UNAVAILABLE,36,5,ACTIVE,41,E_P3_NEW3-A3.NC,E_P3_NEW3-A3.NC,41429.939,211495.799,5768.5,3373.5754,100,0.0,36,50,0,3,100,8250.0,3599.36,311.543,11.5533,0.000308197,0.195475,0,530.3867776,960.167,114.402,8.39292,0.000221043,0.129236,0,287.6589067,888.633,109.872,8.08789,0.000101592,0.0526329,6,-323.2176106,1754.64,687.422,2.55249,0.000403709,0.248193
38.535168,1,AUTO,ARMED,5,AVAILABLE,UNAVAILABLE,UNAVAILABLE,36,5,ACTIVE,41,E_P3_NEW3-A3.NC,E_P3_NEW3-A3.NC,41429.939,211495.799,5768.5,3373.5754,100,0.0,37,50,0,3,100,8250.0,3599.36,311.543,11.5533,0.000308197,0.195475,0,530.3867847,960.167,114.402,8.39292,0.000221043,0.129236,0,287.6588995,888.633,109.872,8.08789,0.000101592,0.0526329,6,-323.2175992,1754.64,687.422,2.55249,0.000403709,0.248193
38.704644,1,AUTO,ARMED,5,AVAILABLE,UNAVAILABLE,UNAVAILABLE,39,5,ACTIVE,41,E_P3_NEW3-A3.NC,E_P3_NEW3-A3.NC,41429.939,211495.799,5768.5,3257.5,100,0.0,37,50,0,3,100,8250.0,3599.36,311.543,11.5533,0.000308197,0.195475,0,530.386799,960.167,114.402,8.39292,0.000221043,0.129236,0,288.2259699,888.633,109.872,8.08789,0.000101592,0.0526329,6,-323.2176106,1754.64,687.422,2.55249,0.000403709,0.248193
38.846509,1,AUTO,ARMED,5,AVAILABLE,UNAVAILABLE,UNAVAILABLE,40,5,ACTIVE,41,E_P3_NEW3-A3.NC,E_P3_NEW3-A3.NC,41429.939,211495.799,5768.5,3257.5,100,0.0,37,50,0,3,100,8250.0,3599.36,311.543,11.5533,0.000308197,0.195475,0,530.3867919,960.167,114.402,8.39292,0.000221043,0.129236,0,288.2935036,888.633,109.872,8.08789,0.000101592,0.0526329,6,-323.2175992,1754.64,687.422,2.55249,0.000403709,0.248193
38.989274,1,AUTO,ARMED,5,AVAILABLE,UNAVAILABLE,UNAVAILABLE,40,5,ACTIVE,41,E_P3_NEW3-A3.NC,E_P3_NEW3-A3.NC,41429.939,211495.799,5768.5,3257.5,100,0.0,37,50,0,3,100,8250.0,3599.36,311.543,11.5533,0.000308197,0.195475,0,530.386799,960.167,114.402,8.39292,0.000221043,0.129236,0,288.2939042,888.633,109.872,8.08789,0.000101592,0.0526329,6,-323.2176106,1754.64,687.422,2.55249,0.000403709,0.248193
39.13108,1,AUTO,ARMED,5,AVAILABLE,UNAVAILABLE,UNAVAILABLE,40,5,ACTIVE,41,E_P3_NEW3-A3.NC,E_P3_NEW3-A3.NC,41429.939,211495.799,5768.5,3257.5,100,0.0,37,50,0,3,100,8250.0,3599.36,311.543,11.5533,0.000308197,0.195475,0,530.386799,960.167,114.402,8.39292,0.000221043,0.129236,0,288.2939185,888.633,109.872,8.08789,0.000101592,0.0526329,6,-323.2175992,1754.64,687.422,2.55249,0.000403709,0.248193
39.281739,1,AUTO,ARMED,5,AVAILABLE,UNAVAILABLE,UNAVAILABLE,40,5,ACTIVE,41,E_P3_NEW3-A3.NC,E_P3_NEW3-A3.NC,41429.939,211495.799,5768.5,3257.5,100,0.0,37,50,0,3,100,8250.0,3695.34,304.657,12.1295,0.000378352,0.194084,0,530.386799,864.151,472.668,1.82824,0.000405495,0.294133,0,288.2939113,792.564,141.368,5.60639,7.08241e-05,0.0517846,6,-323.2176106,2067.11,1299.22,1.59104,0.000397355,0.41193
39.435588,1,AUTO,ARMED,5,AVAILABLE,UNAVAILABLE,UNAVAILABLE,40,5,ACTIVE,41,E_P3_NEW3-A3.NC,E_P3_NEW3-A3.NC,41429.939,211495.799,5768.5,3257.5,100,0.0,37,50,0,3,100,8250.0,3695.34,304.657,12.1295,0.000378352,0.194084,0,530.386799,864.151,472.668,1.82824,0.000405495,0.294133,0,288.2939042,792.564,141.368,5.60639,7.08241e-05,0.0517846,6,-323.2175878,2067.11,1299.22,1.59104,0.000397355,0.41193
39.576767,1,AUTO,ARMED,5,AVAILABLE,UNAVAILABLE,UNAVAILABLE,40,5,ACTIVE,41,E_P3_NEW3-A3.NC,E_P3_NEW3-A3.NC,41429.939,211495.799,5768.5,3257.5,100,0.0,38,50,0,3,100,8250.0,3695.34,304.657,12.1295,0.000378352,0.194084,0,530.386799,864.151,472.668,1.82824,0.000405495,0.294133,0,288.293897,792.564,141.368,5.60639,7.08241e-05,0.0517846,6,-323.2176106,2067.11,1299.22,1.59104,0.000397355,0.41193
39.744548,1,AUTO,ARMED,5,AVAILABLE,UNAVAILABLE,UNAVAILABLE,41,5,ACTIVE,41,E_P3_NEW3-A3.NC,E_P3_NEW3-A3.NC,41429.939,211495.799,5768.5,3257.5,100,0.0,38,50,0,3,100,8250.0,3695.34,304.657,12.1295,0.000378352,0.194084,3,532.0824318,864.151,472.668,1.82824,0.000405495,0.294133,0,288.2939042,792.564,141.368,5.60639,7.08241e-05,0.0517846,6,-323.2175878,2067.11,1299.22,1.59104,0.000397355,0.41193
39.898233,1,AUTO,ARMED,5,AVAILABLE,UNAVAILABLE,UNAVAILABLE,41,5,ACTIVE,41,E_P3_NEW3-A3.NC,E_P3_NEW3-A3.NC,41429.939,211495.799,5768.5,7840.8081,100,38.1,38,50,0,3,100,8250.0,3695.34,304.657,12.1295,0.000378352,0.194084,3,536.0122151,864.151,472.668,1.82824,0.000405495,0.294133,0,288.2939042,792.564,141.368,5.60639,7.08241e-05,0.0517846,6,-323.2175992,2067.11,1299.22,1.59104,0.000397355,0.41193
40.039098,1,AUTO,ARMED,5,AVAILABLE,UNAVAILABLE,UNAVAILABLE,41,5,ACTIVE,41,E_P3_NEW3-A3.NC,E_P3_NEW3-A3.NC,41429.939,211495.799,5768.5,7840.8081,100,38.1,38,50,0,2,100,8250.0,3695.34,304.657,12.1295,0.000378352,0.194084,0,537.973883,864.151,472.668,1.82824,0.000405495,0.294133,0,288.2939042,792.564,141.368,5.60639,7.08241e-05,0.0517846,6,-323.2175763,2067.11,1299.22,1.59104,0.000397355,0.41193
40.194443,1,AUTO,ARMED,5,AVAILABLE,UNAVAILABLE,UNAVAILABLE,41,5,ACTIVE,41,E_P3_NEW3-A3.NC,E_P3_NEW3-A3.NC,41429.939,211495.799,5768.5,7840.8081,100,38.1,38,50,0,16,100,8250.0,3695.34,304.657,12.1295,0.000378352,0.194084,1,549.7467942,864.151,472.668,1.82824,0.000405495,0.294133,0,288.2937826,792.564,141.368,5.60639,7.08241e-05,0.0517846,6,-323.2176335,2067.11,1299.22,1.59104,0.000397355,0.41193
40.341879,1,AUTO,ARMED,5,AVAILABLE,UNAVAILABLE,UNAVAILABLE,41,5,ACTIVE,41,E_P3_NEW3-A3.NC,E_P3_NEW3-A3.NC,41429.939,211495.799,5768.5,7840.8081,100,38.1,38,50,0,31,100,8250.0,192182.0,64887.1,2.96179,0.00104461,7.7584,1,553.6710097,39342.8,10185.4,3.86267,0.000552109,1.19047,0,288.2938827,13065.3,3131.66,4.172,0.000508274,0.515624,6,-323.2175878,15671.6,2189.31,7.15824,0.000761863,0.769166
40.481479,1,AUTO,ARMED,5,AVAILABLE,UNAVAILABLE,UNAVAILABLE,41,5,ACTIVE,41,E_P3_NEW3-A3.NC,E_P3_NEW3-A3.NC,41429.939,211495.799,5768.5,7840.8081,100,38.1,38,50,0,31,100,8250.0,192182.0,64887.1,2.96179,0.00104461,7.7584,1,557.5859199,39342.8,10185.4,3.86267,0.000552109,1.19047,0,288.2938469,13065.3,3131.66,4.172,0.000508274,0.515624,6,-323.2174962,15671.6,2189.31,7.15824,0.000761863,0.769166
40.626778,1,AUTO,ARMED,5,AVAILABLE,UNAVAILABLE,UNAVAILABLE,41,5,ACTIVE,41,E_P3_NEW3-A3.NC,E_P3_NEW3-A3.NC,41429.939,211495.799,5768.5,7840.8081,100,38.1,39,50,0,26,100,8250.0,192182.0,64887.1,2.96179,0.00104461,7.7584,1,565.4439758,39342.8,10185.4,3.86267,0.000552109,1.19047,0,288.2939185,13065.3,3131.66,4.172,0.000508274,0.515624,6,-323.2178166,15671.6,2189.31,7.15824,0.000761863,0.769166
40.785093,1,AUTO,ARMED,5,AVAILABLE,UNAVAILABLE,UNAVAILABLE,41,5,ACTIVE,41,E_P3_NEW3-A3.NC,E_P3_NEW3-A3.NC,41429.939,211495.799,5768.5,7840.8081,100,38.1,39,50,0,23,100,8250.0,192182.0,64887.1,2.96179,0.00104461,7.7584,1,569.3683311,39342.8,10185.4,3.86267,0.000552109,1.19047,0,288.2938899,13065.3,3131.66,4.172,0.000508274,0.515624,6,-323.2175878,15671.6,2189.31,7.15824,0.000761863,0.769166
40.930185,1,AUTO,ARMED,5,AVAILABLE,UNAVAILABLE,UNAVAILABLE,41,5,ACTIVE,41,E_P3_NEW3-A3.NC,E_P3_NEW3-A3.NC,41429.939,211495.799,5768.5,7396.9482,100,38.1,39,50,0,23,100,8250.0,192182.0,64887.1,2.96179,0.00104461,7.7584,1,573.3022063,39342.8,10185.4,3.86267,0.000552109,1.19047,0,288.2939185,13065.3,3131.66,4.172,0.000508274,0.515624,6,-323.2176335,15671.6,2189.31,7.15824,0.000761863,0.769166
41.086373,1,AUTO,ARMED,5,AVAILABLE,UNAVAILABLE,UNAVAILABLE,41,5,ACTIVE,41,E_P3_NEW3-A3.NC,E_P3_NEW3-A3.NC,41429.939,211495.799,5768.5,7396.9482,100,38.1,39,50,0,23,100,8250.0,192182.0,64887.1,2.96179,0.00104461,7.7584,1,581.1412395,39342.8,10185.4,3.86267,0.000552109,1.19047,0,288.293897,13065.3,3131.66,4.172,0.000508274,0.515624,6,-323.2176221,15671.6,2189.31,7.15824,0.000761863,0.769166
41.237132,1,AUTO,ARMED,5,AVAILABLE,UNAVAILABLE,UNAVAILABLE,41,5,ACTIVE,41,E_P3_NEW3-A3.NC,E_P3_NEW3-A3.NC,41429.939,211495.799,5768.5,7396.9482,100,38.1,39,50,0,23,100,8250.0,192182.0,64887.1,2.96179,0.00104461,7.7584,1,585.0656492,39342.8,10185.4,3.86267,0.000552109,1.19047,0,288.2938183,13065.3,3131.66,4.172,0.000508274,0.515624,6,-323.2174962,15671.6,2189.31,7.15824,0.000761863,0.769166
41.40053,1,AUTO,ARMED,5,AVAILABLE,UNAVAILABLE,UNAVAILABLE,41,5,ACTIVE,41,E_P3_NEW3-A3.NC,E_P3_NEW3-A3.NC,41429.939,211495.799,5768.5,7396.9482,100,38.1,39,50,0,23,100,8250.0,189494.0,295.923,640.349,0.000298908,0.177021,1,596.8384995,37974.5,481.222,78.9126,0.000348735,0.278734,0,288.2939328,11936.5,123.572,96.5955,0.000115029,0.063379,6,-323.2176335,9854.81,565.567,17.4247,0.000172143,0.207039
41.547731,1,AUTO,ARMED,5,AVAILABLE,UNAVAILABLE,UNAVAILABLE,41,5,ACTIVE,41,E_P3_NEW3-A3.NC,E_P3_NEW3-A3.NC,41429.939,211495.799,5768.5,7396.9482,100,38.1,40,50,0,22,100,8250.0,189494.0,295.923,640.349,0.000298908,0.177021,1,600.7734998,37974.5,481.222,78.9126,0.000348735,0.278734,0,288.2944191,11936.5,123.572,96.5955,0.000115029,0.063379,6,-323.2174962,9854.81,565.567,17.4247,0.000172143,0.207039
41.692245,1,AUTO,ARMED,5,AVAILABLE,UNAVAILABLE,UNAVAILABLE,41,5,ACTIVE,41,E_P3_NEW3-A3.NC,E_P3_NEW3-A3.NC,41429.939,211495.799,5768.5,7396.9482,100,38.1,40,50,0,9,100,8250.0,189494.0,295.923,640.349,0.000298908,0.177021,1,604.6963909,37974.5,481.222,78.9126,0.000348735,0.278734,0,288.2940544,11936.5,123.572,96.5955,0.000115029,0.063379,6,-323.2175191,9854.81,565.567,17.4247,0.000172143,0.207039
41.847454,1,AUTO,ARMED,5,AVAILABLE,UNAVAILABLE,UNAVAILABLE,41,5,ACTIVE,41,E_P3_NEW3-A3.NC,E_P3_NEW3-A3.NC,41429.939,211495.799,5768.5,7396.9482,100,38.1,40,50,0,0,100,8250.0,189494.0,295.923,640.349,0.000298908,0.177021,0,608.611543,37974.5,481.222,78.9126,0.000348735,0.278734,0,288.2939328,11936.5,123.572,96.5955,0.000115029,0.063379,6,-323.2176106,9854.81,565.567,17.4247,0.000172143,0.207039
41.991501,1,AUTO,ARMED,5,AVAILABLE,UNAVAILABLE,UNAVAILABLE,42,5,ACTIVE,41,E_P3_NEW3-A3.NC,E_P3_NEW3-A3.NC,41429.939,211495.799,5768.5,3354.3247,100,10.13333,40,50,0,1,100,8250.0,189494.0,295.923,640.349,0.000298908,0.177021,0,611.6620945,37974.5,481.222,78.9126,0.000348735,0.278734,0,288.2939042,11936.5,123.572,96.5955,0.000115029,0.063379,6,-323.2175878,9854.81,565.567,17.4247,0.000172143,0.207039
42.155375,1,AUTO,ARMED,5,AVAILABLE,UNAVAILABLE,UNAVAILABLE,42,5,ACTIVE,41,E_P3_NEW3-A3.NC,E_P3_NEW3-A3.NC,41429.939,211495.799,5768.5,3354.3247,100,0.0,40,50,0,2,100,8250.0,189494.0,295.923,640.349,0.000298908,0.177021,0,611.6669081,37974.5,481.222,78.9126,0.000348735,0.278734,0,288.293897,11936.5,123.572,96.5955,0.000115029,0.063379,6,-323.2175763,9854.81,565.567,17.4247,0.000172143,0.207039
42.332616,1,AUTO,ARMED,5,AVAILABLE,UNAVAILABLE,UNAVAILABLE,42,5,ACTIVE,41,E_P3_NEW3-A3.NC,E_P3_NEW3-A3.NC,41429.939,211495.799,5768.5,3354.3247,100,0.0,40,50,0,4,100,8250.0,3935.3,301.266,13.0625,0.00025259,0.190222,0,611.6668509,1848.32,110.861,16.6724,0.000256317,0.124734,0,288.293897,696.496,123.429,5.64289,0.000214816,0.0607641,6,-323.2175878,1706.56,490.108,3.48201,0.000361698,0.195689
42.508109,1,AUTO,ARMED,5,AVAILABLE,UNAVAILABLE,UNAVAILABLE,42,5,ACTIVE,41,E_P3_NEW3-A3.NC,E_P3_NEW3-A3.NC,41429.939,211495.799,5768.5,3354.3247,100,0.0,40,50,0,4,100,8250.0,3935.3,301.266,13.0625,0.00025259,0.190222,0,611.6668295,1848.32,110.861,16.6724,0.000256317,0.124734,0,288.2938899,696.496,123.429,5.64289,0.000214816,0.0607641,6,-323.2175992,1706.56,490.108,3.48201,0.000361698,0.195689
42.652402,1,AUTO,ARMED,5,AVAILABLE,UNAVAILABLE,UNAVAILABLE,42,5,ACTIVE,41,E_P3_NEW3-A3.NC,E_P3_NEW3-A3.NC,41429.939,211495.799,5768.5,3354.3247,100,0.0,41,50,0,4,100,8250.0,3935.3,301.266,13.0625,0.00025259,0.190222,0,611.6668152,1848.32,110.861,16.6724,0.000256317,0.124734,0,288.293897,696.496,123.429,5.64289,0.000214816,0.0607641,6,-323.2176221,1706.56,490.108,3.48201,0.000361698,0.195689
42.797582,1,AUTO,ARMED,5,AVAILABLE,UNAVAILABLE,UNAVAILABLE,42,5,ACTIVE,41,E_P3_NEW3-A3.NC,E_P3_NEW3-A3.NC,41429.939,211495.799,5768.5,3354.3247,100,0.0,41,50,0,3,100,8250.0,3935.3,301.266,13.0625,0.00025259,0.190222,0,611.666808,1848.32,110.861,16.6724,0.000256317,0.124734,0,288.293897,696.496,123.429,5.64289,0.000214816,0.0607641,6,-323.2175763,1706.56,490.108,3.48201,0.000361698,0.195689
42.940444,1,AUTO,ARMED,5,AVAILABLE,UNAVAILABLE,UNAVAILABLE,42,5,ACTIVE,41,E_P3_NEW3-A3.NC,E_P3_NEW3-A3.NC,41429.939,211495.799,5768.5,3354.3247,100,0.0,41,50,0,3,100,8250.0,3935.3,301.266,13.0625,0.00025259,0.190222,0,611.666808,1848.32,110.861,16.6724,0.000256317,0.124734,0,288.2939042,696.496,123.429,5.64289,0.000214816,0.0607641,6,-323.2175992,1706.56,490.108,3.48201,0.000361698,0.195689
43.108389,1,AUTO,ARMED,5,AVAILABLE,UNAVAILABLE,UNAVAILABLE,43,5,ACTIVE,41,E_P3_NEW3-A3.NC,E_P3_NEW3-A3.NC,41429.939,211495.799,5768.5,7403.0771,100,38.1,41,50,0,3,100,8250.0,3935.3,301.266,13.0625,0.00025259,0.190222,0,611.666808,1848.32,110.861,16.6724,0.000256317,0.124734,1,288.358627,696.496,123.429,5.64289,0.000214816,0.0607641,6,-323.2175992,1706.56,490.108,3.48201,0.000361698,0.195689
43.265919,1,AUTO,ARMED,5,AVAILABLE,UNAVAILABLE,UNAVAILABLE,44,5,ACTIVE,41,E_P3_NEW3-A3.NC,E_P3_NEW3-A3.NC,41429.939,211495.799,5768.5,7403.0771,100,38.1,41,50,0,2,100,8250.0,3935.3,301.266,13.0625,0.00025259,0.190222,1,603.7550621,1848.32,110.861,16.6724,0.000256317,0.124734,0,288.9288873,696.496,123.429,5.64289,0.000214816,0.0607641,6,-323.2176106,1706.56,490.108,3.48201,0.000361698,0.195689
43.410393,1,AUTO,ARMED,5,AVAILABLE,UNAVAILABLE,UNAVAILABLE,44,5,ACTIVE,41,E_P3_NEW3-A3.NC,E_P3_NEW3-A3.NC,41429.939,211495.799,5768.5,7403.0771,100,38.1,41,50,0,3,100,8250.0,16317.1,5391.61,3.02639,0.000341843,0.915356,1,599.8390012,15842.7,2553.32,6.20475,0.000520039,0.504705,0,288.9279361,3506.5,1175.06,2.9841,0.000149362,0.192292,6,-323.2176564,5840.78,1414.95,4.12791,0.000280753,0.424245
43.560406,1,AUTO,ARMED,5,AVAILABLE,UNAVAILABLE,UNAVAILABLE,44,5,ACTIVE,41,E_P3_NEW3-A3.NC,E_P3_NEW3-A3.NC,41429.939,211495.799,5768.5,7403.0771,100,38.1,42,50,0,22,100,8250.0,16317.1,5391.61,3.02639,0.000341843,0.915356,0,592.001565,15842.7,2553.32,6.20475,0.000520039,0.504705,0,288.9289231,3506.5,1175.06,2.9841,0.000149362,0.192292,6,-323.2176221,5840.78,1414.95,4.12791,0.000280753,0.424245
43.704271,1,AUTO,ARMED,5,AVAILABLE,UNAVAILABLE,UNAVAILABLE,44,5,ACTIVE,41,E_P3_NEW3-A3.NC,E_P3_NEW3-A3.NC,41429.939,211495.799,5768.5,7403.0771,100,38.1,42,50,0,25,100,8250.0,16317.1,5391.61,3.02639,0.000341843,0.915356,0,588.0576804,15842.7,2553.32,6.20475,0.000520039,0.504705,0,288.9289374,3506.5,1175.06,2.9841,0.000149362,0.192292,6,-323.2176106,5840.78,1414.95,4.12791,0.000280753,0.424245
43.844797,1,AUTO,ARMED,5,AVAILABLE,UNAVAILABLE,UNAVAILABLE,44,5,ACTIVE,41,E_P3_NEW3-A3.NC,E_P3_NEW3-A3.NC,41429.939,211495.799,5768.5,7403.0771,100,38.1,42,50,0,24,100,8250.0,16317.1,5391.61,3.02639,0.000341843,0.915356,0,584.1431363,15842.7,2553.32,6.20475,0.000520039,0.504705,0,288.9289517,3506.5,1175.06,2.9841,0.000149362,0.192292,6,-323.2175763,5840.78,1414.95,4.12791,0.000280753,0.424245
43.98794,1,AUTO,ARMED,5,AVAILABLE,UNAVAILABLE,UNAVAILABLE,44,5,ACTIVE,41,E_P3_NEW3-A3.NC,E_P3_NEW3-A3.NC,41429.939,211495.799,5768.5,7403.0771,100,38.1,42,50,0,22,100,8250.0,16317.1,5391.61,3.02639,0.000341843,0.915356,0,582.180967,15842.7,2553.32,6.20475,0.000520039,0.504705,0,288.9288659,3506.5,1175.06,2.9841,0.000149362,0.192292,6,-323.2176221,5840.78,1414.95,4.12791,0.000280753,0.424245
44.147449,1,AUTO,ARMED,5,AVAILABLE,UNAVAILABLE,UNAVAILABLE,44,5,ACTIVE,41,E_P3_NEW3-A3.NC,E_P3_NEW3-A3.NC,41429.939,211495.799,5768.5,6542.8125,100,38.1,42,50,0,17,100,8250.0,16317.1,5391.61,3.02639,0.000341843,0.915356,0,570.4080511,15842.7,2553.32,6.20475,0.000520039,0.504705,0,288.9288945,3506.5,1175.06,2.9841,0.000149362,0.192292,6,-323.2176335,5840.78,1414.95,4.12791,0.000280753,0.424245
44.292133,1,AUTO,ARMED,5,AVAILABLE,UNAVAILABLE,UNAVAILABLE,44,5,ACTIVE,41,E_P3_NEW3-A3.NC,E_P3_NEW3-A3.NC,41429.939,211495.799,5768.5,6542.8125,100,38.1,42,50,0,17,100,8250.0,16317.1,5391.61,3.02639,0.000341843,0.915356,0,566.4838841,15842.7,2553.32,6.20475,0.000520039,0.504705,0,288.9289302,3506.5,1175.06,2.9841,0.000149362,0.192292,6,-323.217542,5840.78,1414.95,4.12791,0.000280753,0.424245
44.437546,1,AUTO,ARMED,5,AVAILABLE,UNAVAILABLE,UNAVAILABLE,44,5,ACTIVE,41,E_P3_NEW3-A3.NC,E_P3_NEW3-A3.NC,41429.939,211495.799,5768.5,6542.8125,100,38.1,42,50,0,18,100,8250.0,16317.1,5391.61,3.02639,0.000341843,0.915356,0,558.6258546,15842.7,2553.32,6.20475,0.000520039,0.504705,0,288.9289374,3506.5,1175.06,2.9841,0.000149362,0.192292,6,-323.2175763,5840.78,1414.95,4.12791,0.000280753,0.424245
44.582765,1,AUTO,ARMED,5,AVAILABLE,UNAVAILABLE,UNAVAILABLE,44,5,ACTIVE,41,E_P3_NEW3-A3.NC,E_P3_NEW3-A3.NC,41429.939,211495.799,5768.5,6542.8125,100,38.1,43,50,0,18,100,8250.0,16965.0,328.463,51.6497,0.000315593,0.219148,0,554.7013684,15530.7,131.244,118.335,0.000204872,0.128056,0,288.9289159,3674.63,140.911,26.0777,0.000116652,0.0564346,6,-323.2176335,5744.63,631.395,9.09831,0.000244723,0.23581
44.727111,1,AUTO,ARMED,5,AVAILABLE,UNAVAILABLE,UNAVAILABLE,44,5,ACTIVE,41,E_P3_NEW3-A3.NC,E_P3_NEW3-A3.NC,41429.939,211495.799,5768.5,6542.8125,100,38.1,43,50,0,18,100,8250.0,16965.0,328.463,51.6497,0.000315593,0.219148,0,550.7675768,15530.7,131.244,118.335,0.000204872,0.128056,0,288.9288587,3674.63,140.911,26.0777,0.000116652,0.0564346,6,-323.2176221,5744.63,631.395,9.09831,0.000244723,0.23581
44.868885,1,AUTO,ARMED,5,AVAILABLE,UNAVAILABLE,UNAVAILABLE,44,5,ACTIVE,41,E_P3_NEW3-A3.NC,E_P3_NEW3-A3.NC,41429.939,211495.799,5768.5,6542.8125,100,38.1,43,50,0,19,100,8250.0,16965.0,328.463,51.6497,0.000315593,0.219148,0,546.8434553,15530.7,131.244,118.335,0.000204872,0.128056,0,288.9288802,3674.63,140.911,26.0777,0.000116652,0.0564346,6,-323.2176564,5744.63,631.395,9.09831,0.000244723,0.23581
45.016061,1,AUTO,ARMED,5,AVAILABLE,UNAVAILABLE,UNAVAILABLE,44,5,ACTIVE,41,E_P3_NEW3-A3.NC,E_P3_NEW3-A3.NC,41429.939,211495.799,5768.5,6542.8125,100,38.1,43,50,0,1,100,8250.0,16965.0,328.463,51.6497,0.000315593,0.219148,0,535.070526,15530.7,131.244,118.335,0.000204872,0.128056,0,288.9289517,3674.63,140.911,26.0777,0.000116652,0.0564346,6,-323.2175763,5744.63,631.395,9.09831,0.000244723,0.23581
45.170642,1,AUTO,ARMED,5,AVAILABLE,UNAVAILABLE,UNAVAILABLE,44,5,ACTIVE,41,E_P3_NEW3-A3.NC,E_P3_NEW3-A3.NC,41429.939,211495.799,5768.5,6542.8125,100,38.1,43,50,0,1,100,8250.0,16965.0,328.463,51.6497,0.000315593,0.219148,0,531.2377161,15530.7,131.244,118.335,0.000204872,0.128056,0,288.9288945,3674.63,140.911,26.0777,0.000116652,0.0564346,6,-323.2175763,5744.63,631.395,9.09831,0.000244723,0.23581
45.314101,1,AUTO,ARMED,5,AVAILABLE,UNAVAILABLE,UNAVAILABLE,44,5,ACTIVE,41,E_P3_NEW3-A3.NC,E_P3_NEW3-A3.NC,41429.939,211495.799,5768.5,3350.9937,100,30.15,43,50,0,1,100,8250.0,16965.0,328.463,51.6497,0.000315593,0.219148,0,530.3904111,15530.7,131.244,118.335,0.000204872,0.128056,0,288.9288873,3674.63,140.911,26.0777,0.000116652,0.0564346,6,-323.2175992,5744.63,631.395,9.09831,0.000244723,0.23581
45.460032,1,AUTO,ARMED,5,AVAILABLE,UNAVAILABLE,UNAVAILABLE,45,5,ACTIVE,41,E_P3_NEW3-A3.NC,E_P3_NEW3-A3.NC,41429.939,211495.799,5768.5,3350.9937,100,0.0,43,50,0,1,100,8250.0,16965.0,328.463,51.6497,0.000315593,0.219148,0,530.3866703,15530.7,131.244,118.335,0.000204872,0.128056,0,288.9288945,3674.63,140.911,26.0777,0.000116652,0.0564346,6,-323.2175763,5744.63,631.395,9.09831,0.000244723,0.23581
45.602109,1,AUTO,ARMED,5,AVAILABLE,UNAVAILABLE,UNAVAILABLE,45,5,ACTIVE,41,E_P3_NEW3-A3.NC,E_P3_NEW3-A3.NC,41429.939,211495.799,5768.5,3350.9937,100,0.0,44,50,0,3,100,8250.0,3791.33,279.592,13.5602,0.000274882,0.171957,0,530.3866989,1128.2,117.721,9.58368,0.000184741,0.12464,0,288.9289016,768.547,130.782,5.87655,0.000110096,0.0624017,6,-323.2175992,1922.89,545.757,3.52334,0.000178446,0.201843
45.741553,1,AUTO,ARMED,5,AVAILABLE,UNAVAILABLE,UNAVAILABLE,45,5,ACTIVE,41,E_P3_NEW3-A3.NC,E_P3_NEW3-A3.NC,41429.939,211495.799,5768.5,3350.9937,100,0.0,44,50,0,3,100,8250.0,3791.33,279.592,13.5602,0.000274882,0.171957,0,530.3867275,1128.2,117.721,9.58368,0.000184741,0.12464,0,288.9289016,768.547,130.782,5.87655,0.000110096,0.0624017,6,-323.2175992,1922.89,545.757,3.52334,0.000178446,0.201843
45.883375,1,AUTO,ARMED,5,AVAILABLE,UNAVAILABLE,UNAVAILABLE,45,5,ACTIVE,41,E_P3_NEW3-A3.NC,E_P3_NEW3-A3.NC,41429.939,211495.799,5768.5,3350.9937,100,0.0,44,50,0,3,100,8250.0,3791.33,279.592,13.5602,0.000274882,0.171957,0,530.3867418,1128.2,117.721,9.58368,0.000184741,0.12464,0,288.9288945,768.547,130.782,5.87655,0.000110096,0.0624017,6,-323.2175878,1922.89,545.757,3.52334,0.000178446,0.201843
46.027809,1,AUTO,ARMED,5,AVAILABLE,UNAVAILABLE,UNAVAILABLE,45,5,ACTIVE,41,E_P3_NEW3-A3.NC,E_P3_NEW3-A3.NC,41429.939,211495.799,5768.5,3350.9937,100,0.0,44,50,0,3,100,8250.0,3791.33,279.592,13.5602,0.000274882,0.171957,0,530.3867704,1128.2,117.721,9.58368,0.000184741,0.12464,0,288.9288945,768.547,130.782,5.87655,0.000110096,0.0624017,6,-323.2175992,1922.89,545.757,3.52334,0.000178446,0.201843
46.173373,1,AUTO,ARMED,5,AVAILABLE,UNAVAILABLE,UNAVAILABLE,45,5,ACTIVE,41,E_P3_NEW3-A3.NC,E_P3_NEW3-A3.NC,41429.939,211495.799,5768.5,3350.9937,100,0.0,44,50,0,3,100,8250.0,3791.33,279.592,13.5602,0.000274882,0.171957,0,530.3867847,1128.2,117.721,9.58368,0.000184741,0.12464,0,288.9288945,768.547,130.782,5.87655,0.000110096,0.0624017,6,-323.2176221,1922.89,545.757,3.52334,0.000178446,0.201843
46.333324,1,AUTO,ARMED,5,AVAILABLE,UNAVAILABLE,UNAVAILABLE,48,5,ACTIVE,41,E_P3_NEW3-A3.NC,E_P3_NEW3-A3.NC,41429.939,211495.799,5768.5,9500.7109,100,0.0,44,50,0,2,100,8250.0,3791.33,279.592,13.5602,0.000274882,0.171957,0,530.3867919,1128.2,117.721,9.58368,0.000184741,0.12464,0,288.9289016,768.547,130.782,5.87655,0.000110096,0.0624017,6,-323.2175649,1922.89,545.757,3.52334,0.000178446,0.201843
46.478802,1,AUTO,ARMED,5,AVAILABLE,UNAVAILABLE,UNAVAILABLE,48,5,ACTIVE,41,E_P3_NEW3-A3.NC,E_P3_NEW3-A3.NC,41429.939,211495.799,5768.5,9500.7109,100,0.0,44,50,0,3,100,8454.658902,3791.33,279.592,13.5602,0.000274882,0.171957,0,530.386799,1128.2,117.721,9.58368,0.000184741,0.12464,0,288.9289016,768.547,130.782,5.87655,0.000110096,0.0624017,6,-323.2175992,1922.89,545.757,3.52334,0.000178446,0.201843
46.629872,1,AUTO,ARMED,5,AVAILABLE,UNAVAILABLE,UNAVAILABLE,48,5,ACTIVE,41,E_P3_NEW3-A3.NC,E_P3_NEW3-A3.NC,41429.939,211495.799,5768.5,9500.7109,100,0.0,45,50,0,41,100,8749.931244,4079.28,278.393,14.653,0.00020655,0.135638,0,530.3867919,888.155,171.984,5.16417,0.000249902,0.189775,0,288.9289088,696.497,127.599,5.45848,9.88348e-05,0.0533119,6,-323.2175992,1898.85,774.05,2.45314,0.000293401,0.273999
46.78737,1,AUTO,ARMED,5,AVAILABLE,UNAVAILABLE,UNAVAILABLE,48,5,ACTIVE,41,E_P3_NEW3-A3.NC,E_P3_NEW3-A3.NC,41429.939,211495.799,5768.5,9500.7109,100,0.0,45,50,0,51,100,8750.0,4079.28,278.393,14.653,0.00020655,0.135638,0,530.386799,888.155,171.984,5.16417,0.000249902,0.189775,0,288.9360398,696.497,127.599,5.45848,9.88348e-05,0.0533119,6,-323.2175992,1898.85,774.05,2.45314,0.000293401,0.273999
46.943634,1,AUTO,ARMED,5,AVAILABLE,UNAVAILABLE,UNAVAILABLE,48,5,ACTIVE,41,E_P3_NEW3-A3.NC,E_P3_NEW3-A3.NC,41429.939,211495.799,5768.5,9500.7109,100,0.0,45,50,0,40,100,8750.0,4079.28,278.393,14.653,0.00020655,0.135638,0,530.386799,888.155,171.984,5.16417,0.000249902,0.189775,0,289.5636917,696.497,127.599,5.45848,9.88348e-05,0.0533119,6,-323.2176106,1898.85,774.05,2.45314,0.000293401,0.273999
47.079305,1,AUTO,ARMED,5,AVAILABLE,UNAVAILABLE,UNAVAILABLE,49,5,ACTIVE,41,E_P3_NEW3-A3.NC,E_P3_NEW3-A3.NC,41429.939,211495.799,5768.5,9500.7109,100,0.0,45,50,0,4,100,8750.0,4079.28,278.393,14.653,0.00020655,0.135638,0,530.386799,888.155,171.984,5.16417,0.000249902,0.189775,0,289.563892,696.497,127.599,5.45848,9.88348e-05,0.0533119,6,-323.2176106,1898.85,774.05,2.45314,0.000293401,0.273999
47.222698,1,AUTO,ARMED,5,AVAILABLE,UNAVAILABLE,UNAVAILABLE,49,5,ACTIVE,41,E_P3_NEW3-A3.NC,E_P3_NEW3-A3.NC,41429.939,211495.799,5768.5,9500.7109,100,0.0,45,50,0,12,100,8750.0,4079.28,278.393,14.653,0.00020655,0.135638,0,530.386799,888.155,171.984,5.16417,0.000249902,0.189775,0,289.5639134,696.497,127.599,5.45848,9.88348e-05,0.0533119,6,-323.2175992,1898.85,774.05,2.45314,0.000293401,0.273999
47.365248,1,AUTO,ARMED,5,AVAILABLE,UNAVAILABLE,UNAVAILABLE,49,5,ACTIVE,41,E_P3_NEW3-A3.NC,E_P3_NEW3-A3.NC,41429.939,211495.799,5768.5,9500.7109,100,0.0,45,50,0,11,100,8750.0,4079.28,278.393,14.653,0.00020655,0.135638,0,530.386799,888.155,171.984,5.16417,0.000249902,0.189775,0,289.5639134,696.497,127.599,5.45848,9.88348e-05,0.0533119,6,-323.2175878,1898.85,774.05,2.45314,0.000293401,0.273999
47.513376,1,AUTO,ARMED,5,AVAILABLE,UNAVAILABLE,UNAVAILABLE,49,5,ACTIVE,41,E_P3_NEW3-A3.NC,E_P3_NEW3-A3.NC,41429.939,211495.799,5768.5,3587.7893,100,0.0,46,50,0,0,100,8750.0,4079.28,278.393,14.653,0.00020655,0.135638,0,530.386799,888.155,171.984,5.16417,0.000249902,0.189775,0,289.5639063,696.497,127.599,5.45848,9.88348e-05,0.0533119,6,-323.2175992,1898.85,774.05,2.45314,0.000293401,0.273999
47.655286,1,AUTO,ARMED,5,AVAILABLE,UNAVAILABLE,UNAVAILABLE,49,5,ACTIVE,41,E_P3_NEW3-A3.NC,E_P3_NEW3-A3.NC,41429.939,211495.799,5768.5,3587.7893,100,0.0,46,50,0,4,100,8750.0,3623.35,6383.32,0.567628,0.000386276,0.794242,0,530.386799,9793.69,7366.06,1.32957,0.000415437,0.701742,0,289.5639134,672.479,106.107,6.33774,8.75528e-05,0.0525942,6,-323.2175878,1995.0,727.4,2.74265,0.000183272,0.249352
47.795156,1,AUTO,ARMED,5,AVAILABLE,UNAVAILABLE,UNAVAILABLE,49,5,ACTIVE,41,E_P3_NEW3-A3.NC,E_P3_NEW3-A3.NC,41429.939,211495.799,5768.5,3587.7893,100,0.0,46,50,0,6,100,8750.0,3623.35,6383.32,0.567628,0.000386276,0.794242,0,530.3867919,9793.69,7366.06,1.32957,0.000415437,0.701742,0,289.5639063,672.479,106.107,6.33774,8.75528e-05,0.0525942,6,-323.2175878,1995.0,727.4,2.74265,0.000183272,0.249352
47.93969,1,AUTO,ARMED,5,AVAILABLE,UNAVAILABLE,UNAVAILABLE,50,5,ACTIVE,41,E_P3_NEW3-A3.NC,E_P3_NEW3-A3.NC,41429.939,211495.799,5768.5,3587.7893,100,0.0,46,50,0,6,100,8750.0,3623.35,6383.32,0.567628,0.000386276,0.794242,0,530.386799,9793.69,7366.06,1.32957,0.000415437,0.701742,0,289.5639063,672.479,106.107,6.33774,8.75528e-05,0.0525942,6,-323.2175763,1995.0,727.4,2.74265,0.000183272,0.249352
48.086893,1,AUTO,ARMED,5,AVAILABLE,UNAVAILABLE,UNAVAILABLE,50,5,ACTIVE,41,E_P3_NEW3-A3.NC,E_P3_NEW3-A3.NC,41429.939,211495.799,5768.5,3587.7893,100,23.28333,46,50,0,3,100,8750.0,3623.35,6383.32,0.567628,0.000386276,0.794242,0,533.7975864,9793.69,7366.06,1.32957,0.000415437,0.701742,0,289.5639063,672.479,106.107,6.33774,8.75528e-05,0.0525942,6,-323.2176106,1995.0,727.4,2.74265,0.000183272,0.249352
48.228422,1,AUTO,ARMED,5,AVAILABLE,UNAVAILABLE,UNAVAILABLE,50,5,ACTIVE,41,E_P3_NEW3-A3.NC,E_P3_NEW3-A3.NC,41429.939,211495.799,5768.5,3587.7893,100,23.28333,46,50,0,3,100,8750.0,3623.35,6383.32,0.567628,0.000386276,0.794242,0,536.2012688,9793.69,7366.06,1.32957,0.000415437,0.701742,0,289.5638991,672.479,106.107,6.33774,8.75528e-05,0.0525942,6,-323.2175878,1995.0,727.4,2.74265,0.000183272,0.249352
48.375803,1,AUTO,ARMED,5,AVAILABLE,UNAVAILABLE,UNAVAILABLE,50,5,ACTIVE,41,E_P3_NEW3-A3.NC,E_P3_NEW3-A3.NC,41429.939,211495.799,5768.5,3587.7893,100,23.28333,46,50,0,2,100,8750.0,3623.35,6383.32,0.567628,0.000386276,0.794242,0,538.5994939,9793.69,7366.06,1.32957,0.000415437,0.701742,0,289.5638991,672.479,106.107,6.33774,8.75528e-05,0.0525942,6,-323.2175992,1995.0,727.4,2.74265,0.000183272,0.249352
48.521273,1,AUTO,ARMED,5,AVAILABLE,UNAVAILABLE,UNAVAILABLE,50,5,ACTIVE,41,E_P3_NEW3-A3.NC,E_P3_NEW3-A3.NC,41429.939,211495.799,5768.5,6547.457,100,23.28333,47,50,0,15,100,8750.0,3623.35,6383.32,0.567628,0.000386276,0.794242,1,545.7939689,9793.69,7366.06,1.32957,0.000415437,0.701742,0,289.5637847,672.479,106.107,6.33774,8.75528e-05,0.0525942,7,-323.2177937,1995.0,727.4,2.74265,0.000183272,0.249352
48.662124,1,AUTO,ARMED,5,AVAILABLE,UNAVAILABLE,UNAVAILABLE,50,5,ACTIVE,41,E_P3_NEW3-A3.NC,E_P3_NEW3-A3.NC,41429.939,211495.799,5768.5,6547.457,100,23.28333,47,50,0,23,100,8750.0,3623.35,6383.32,0.567628,0.000386276,0.794242,1,548.1921081,9793.69,7366.06,1.32957,0.000415437,0.701742,0,289.5639134,672.479,106.107,6.33774,8.75528e-05,0.0525942,7,-323.217748,1995.0,727.4,2.74265,0.000183272,0.249352
48.802419,1,AUTO,ARMED,5,AVAILABLE,UNAVAILABLE,UNAVAILABLE,50,5,ACTIVE,41,E_P3_NEW3-A3.NC,E_P3_NEW3-A3.NC,41429.939,211495.799,5768.5,6547.457,100,23.28333,47,50,0,25,100,8750.0,150453.0,52214.2,2.88146,0.000719674,5.42402,1,550.5962912,52353.0,18815.8,2.7824,0.000426647,1.9189,0,289.5638848,5812.15,2141.53,2.71402,0.00019826,0.425988,7,-323.2176335,11489.3,3055.52,3.76018,0.000909311,0.841896
48.940837,1,AUTO,ARMED,5,AVAILABLE,UNAVAILABLE,UNAVAILABLE,50,5,ACTIVE,41,E_P3_NEW3-A3.NC,E_P3_NEW3-A3.NC,41429.939,211495.799,5768.5,6547.457,100,23.28333,47,50,0,24,100,8750.0,150453.0,52214.2,2.88146,0.000719674,5.42402,1,552.9942016,52353.0,18815.8,2.7824,0.000426647,1.9189,0,289.5639134,5812.15,2141.53,2.71402,0.00019826,0.425988,6,-323.2176106,11489.3,3055.52,3.76018,0.000909311,0.841896
49.087229,1,AUTO,ARMED,5,AVAILABLE,UNAVAILABLE,UNAVAILABLE,50,5,ACTIVE,41,E_P3_NEW3-A3.NC,E_P3_NEW3-A3.NC,41429.939,211495.799,5768.5,6547.457,100,23.28333,47,50,0,19,100,8750.0,150453.0,52214.2,2.88146,0.000719674,5.42402,1,557.7850013,52353.0,18815.8,2.7824,0.000426647,1.9189,0,289.5638705,5812.15,2141.53,2.71402,0.00019826,0.425988,6,-323.2176564,11489.3,3055.52,3.76018,0.000909311,0.841896
49.232499,1,AUTO,ARMED,5,AVAILABLE,UNAVAILABLE,UNAVAILABLE,50,5,ACTIVE,41,E_P3_NEW3-A3.NC,E_P3_NEW3-A3.NC,41429.939,211495.799,5768.5,6547.457,100,23.28333,47,50,0,17,100,8750.0,150453.0,52214.2,2.88146,0.000719674,5.42402,1,560.1887381,52353.0,18815.8,2.7824,0.000426647,1.9189,0,289.5638776,5812.15,2141.53,2.71402,0.00019826,0.425988,6,-323.217748,11489.3,3055.52,3.76018,0.000909311,0.841896
49.375284,1,AUTO,ARMED,5,AVAILABLE,UNAVAILABLE,UNAVAILABLE,50,5,ACTIVE,41,E_P3_NEW3-A3.NC,E_P3_NEW3-A3.NC,41429.939,211495.799,5768.5,6547.457,100,23.28333,47,50,0,17,100,8750.0,150453.0,52214.2,2.88146,0.000719674,5.42402,1,562.5871404,52353.0,18815.8,2.7824,0.000426647,1.9189,0,289.5639206,5812.15,2141.53,2.71402,0.00019826,0.425988,6,-323.2177022,11489.3,3055.52,3.76018,0.000909311,0.841896
49.519464,1,AUTO,ARMED,5,AVAILABLE,UNAVAILABLE,UNAVAILABLE,50,5,ACTIVE,41,E_P3_NEW3-A3.NC,E_P3_NEW3-A3.NC,41429.939,211495.799,5768.5,6547.457,100,23.28333,47,50,0,18,100,8750.0,150453.0,52214.2,2.88146,0.000719674,5.42402,1,569.7817034,52353.0,18815.8,2.7824,0.000426647,1.9189,0,289.5638776,5812.15,2141.53,2.71402,0.00019826,0.425988,6,-323.2177136,11489.3,3055.52,3.76018,0.000909311,0.841896
49.664529,1,AUTO,ARMED,5,AVAILABLE,UNAVAILABLE,UNAVAILABLE,50,5,ACTIVE,41,E_P3_NEW3-A3.NC,E_P3_NEW3-A3.NC,41429.939,211495.799,5768.5,6497.3691,100,23.28333,48,50,0,19,100,8750.0,150453.0,52214.2,2.88146,0.000719674,5.42402,1,570.9806435,52353.0,18815.8,2.7824,0.000426647,1.9189,0,289.5639206,5812.15,2141.53,2.71402,0.00019826,0.425988,7,-323.2177022,11489.3,3055.52,3.76018,0.000909311,0.841896
49.806053,1,AUTO,ARMED,5,AVAILABLE,UNAVAILABLE,UNAVAILABLE,50,5,ACTIVE,41,E_P3_NEW3-A3.NC,E_P3_NEW3-A3.NC,41429.939,211495.799,5768.5,6497.3691,100,23.28333,48,50,0,19,100,8750.0,149493.0,52519.0,2.84646,0.000734851,5.48626,1,573.3789814,51416.9,18576.3,2.76788,0.000408718,1.87974,0,289.5638562,5956.26,2319.32,2.56811,0.000197465,0.376027,6,-323.2175191,12907.4,3150.78,4.09657,0.00100963,0.887029
49.948026,1,AUTO,ARMED,5,AVAILABLE,UNAVAILABLE,UNAVAILABLE,50,5,ACTIVE,41,E_P3_NEW3-A3.NC,E_P3_NEW3-A3.NC,41429.939,211495.799,5768.5,6497.3691,100,23.28333,48,50,0,18,100,8750.0,149493.0,52519.0,2.84646,0.000734851,5.48626,1,575.7830055,51416.9,18576.3,2.76788,0.000408718,1.87974,0,289.5638848,5956.26,2319.32,2.56811,0.000197465,0.376027,6,-323.2175534,12907.4,3150.78,4.09657,0.00100963,0.887029
50.090894,1,AUTO,ARMED,5,AVAILABLE,UNAVAILABLE,UNAVAILABLE,50,5,ACTIVE,41,E_P3_NEW3-A3.NC,E_P3_NEW3-A3.NC,41429.939,211495.799,5768.5,6497.3691,100,23.28333,48,50,0,19,100,8750.0,149493.0,52519.0,2.84646,0.000734851,5.48626,1,578.1750993,51416.9,18576.3,2.76788,0.000408718,1.87974,0,289.5639063,5956.26,2319.32,2.56811,0.000197465,0.376027,6,-323.2177708,12907.4,3150.78,4.09657,0.00100963,0.887029
50.238821,1,AUTO,ARMED,5,AVAILABLE,UNAVAILABLE,UNAVAILABLE,50,5,ACTIVE,41,E_P3_NEW3-A3.NC,E_P3_NEW3-A3.NC,41429.939,211495.799,5768.5,6497.3691,100,23.28333,48,50,0,19,100,8750.0,149493.0,52519.0,2.84646,0.000734851,5.48626,1,585.3757026,51416.9,18576.3,2.76788,0.000408718,1.87974,0,289.5638848,5956.26,2319.32,2.56811,0.000197465,0.376027,6,-323.2175649,12907.4,3150.78,4.09657,0.00100963,0.887029
50.391301,1,AUTO,ARMED,5,AVAILABLE,UNAVAILABLE,UNAVAILABLE,50,5,ACTIVE,41,E_P3_NEW3-A3.NC,E_P3_NEW3-A3.NC,41429.939,211495.799,5768.5,6497.3691,100,23.28333,48,50,0,19,100,8750.0,149493.0,52519.0,2.84646,0.000734851,5.48626,1,587.7678819,51416.9,18576.3,2.76788,0.000408718,1.87974,0,289.563942,5956.26,2319.32,2.56811,0.000197465,0.376027,6,-323.2177594,12907.4,3150.78,4.09657,0.00100963,0.887029
50.536436,1,AUTO,ARMED,5,AVAILABLE,UNAVAILABLE,UNAVAILABLE,50,5,ACTIVE,41,E_P3_NEW3-A3.NC,E_P3_NEW3-A3.NC,41429.939,211495.799,5768.5,6497.3691,100,23.28333,49,50,0,18,100,8750.0,149493.0,52519.0,2.84646,0.000734851,5.48626,1,590.1720917,51416.9,18576.3,2.76788,0.000408718,1.87974,0,289.5638991,5956.26,2319.32,2.56811,0.000197465,0.376027,6,-323.217748,12907.4,3150.78,4.09657,0.00100963,0.887029
50.6808,1,AUTO,ARMED,5,AVAILABLE,UNAVAILABLE,UNAVAILABLE,50,5,ACTIVE,41,E_P3_NEW3-A3.NC,E_P3_NEW3-A3.NC,41429.939,211495.799,5768.5,3171.6311,100,23.28333,49,50,0,19,100,8750.0,149493.0,52519.0,2.84646,0.000734851,5.48626,1,592.5700931,51416.9,18576.3,2.76788,0.000408718,1.87974,0,289.5638776,5956.26,2319.32,2.56811,0.000197465,0.376027,6,-323.217542,12907.4,3150.78,4.09657,0.00100963,0.887029
50.826122,1,AUTO,ARMED,5,AVAILABLE,UNAVAILABLE,UNAVAILABLE,50,5,ACTIVE,41,E_P3_NEW3-A3.NC,E_P3_NEW3-A3.NC,41429.939,211495.799,5768.5,3171.6311,100,23.28333,49,50,0,19,100,8750.0,69107.7,251.906,274.339,0.000213229,0.153889,1,597.3611678,26932.6,189.602,142.048,0.0002409,0.198746,0,289.5639134,3338.38,113.212,29.4879,9.81395e-05,0.0545411,6,-323.2175763,6609.93,481.134,13.7382,0.000205276,0.18439
50.966496,1,AUTO,ARMED,5,AVAILABLE,UNAVAILABLE,UNAVAILABLE,50,5,ACTIVE,41,E_P3_NEW3-A3.NC,E_P3_NEW3-A3.NC,41429.939,211495.799,5768.5,3171.6311,100,23.28333,49,50,0,17,100,8750.0,69107.7,251.906,274.339,0.000213229,0.153889,1,602.1631072,26932.6,189.602,142.048,0.0002409,0.198746,0,289.5640565,3338.38,113.212,29.4879,9.81395e-05,0.0545411,6,-323.2175534,6609.93,481.134,13.7382,0.000205276,0.18439
51.110231,1,AUTO,ARMED,5,AVAILABLE,UNAVAILABLE,UNAVAILABLE,50,5,ACTIVE,41,E_P3_NEW3-A3.NC,E_P3_NEW3-A3.NC,41429.939,211495.799,5768.5,3171.6311,100,23.28333,49,50,0,1,100,8750.0,69107.7,251.906,274.339,0.000213229,0.153889,0,604.5551077,26932.6,189.602,142.048,0.0002409,0.198746,0,289.563942,3338.38,113.212,29.4879,9.81395e-05,0.0545411,6,-323.2175649,6609.93,481.134,13.7382,0.000205276,0.18439
51.26353,1,AUTO,ARMED,5,AVAILABLE,UNAVAILABLE,UNAVAILABLE,50,5,ACTIVE,41,E_P3_NEW3-A3.NC,E_P3_NEW3-A3.NC,41429.939,211495.799,5768.5,3171.6311,100,23.28333,49,50,0,0,100,8750.0,69107.7,251.906,274.339,0.000213229,0.153889,0,606.9594319,26932.6,189.602,142.048,0.0002409,0.198746,0,289.5639134,3338.38,113.212,29.4879,9.81395e-05,0.0545411,6,-323.2175763,6609.93,481.134,13.7382,0.000205276,0.18439
51.402404,1,AUTO,ARMED,5,AVAILABLE,UNAVAILABLE,UNAVAILABLE,50,5,ACTIVE,41,E_P3_NEW3-A3.NC,E_P3_NEW3-A3.NC,41429.939,211495.799,5768.5,3171.6311,100,23.28333,49,50,0,0,100,8750.0,69107.7,251.906,274.339,0.000213229,0.153889,0,609.357369,26932.6,189.602,142.048,0.0002409,0.198746,0,289.5638991,3338.38,113.212,29.4879,9.81395e-05,0.0545411,6,-323.2175878,6609.93,481.134,13.7382,0.000205276,0.18439
51.550867,1,AUTO,ARMED,5,AVAILABLE,UNAVAILABLE,UNAVAILABLE,51,5,ACTIVE,41,E_P3_NEW3-A3.NC,E_P3_NEW3-A3.NC,41429.939,211495.799,5768.5,3171.6311,100,0.0,50,50,0,2,100,8750.0,69107.7,251.906,274.339,0.000213229,0.153889,0,611.6653561,26932.6,189.602,142.048,0.0002409,0.198746,0,289.5638991,3338.38,113.212,29.4879,9.81395e-05,0.0545411,6,-323.2175878,6609.93,481.134,13.7382,0.000205276,0.18439
51.689722,1,AUTO,ARMED,5,AVAILABLE,UNAVAILABLE,UNAVAILABLE,51,5,ACTIVE,41,E_P3_NEW3-A3.NC,E_P3_NEW3-A3.NC,41429.939,211495.799,5768.5,3171.6311,100,0.0,50,50,0,4,100,8750.0,69107.7,251.906,274.339,0.000213229,0.153889,0,611.6668938,26932.6,189.602,142.048,0.0002409,0.198746,0,289.563892,3338.38,113.212,29.4879,9.81395e-05,0.0545411,6,-323.2176106,6609.93,481.134,13.7382,0.000205276,0.18439
51.84044,1,AUTO,ARMED,5,AVAILABLE,UNAVAILABLE,UNAVAILABLE,51,5,ACTIVE,41,E_P3_NEW3-A3.NC,E_P3_NEW3-A3.NC,41429.939,211495.799,5768.5,3275.5664,100,0.0,50,50,0,4,100,8750.0,69107.7,251.906,274.339,0.000213229,0.153889,0,611.6668795,26932.6,189.602,142.048,0.0002409,0.198746,0,289.563892,3338.38,113.212,29.4879,9.81395e-05,0.0545411,6,-323.2176106,6609.93,481.134,13.7382,0.000205276,0.18439
51.984534,1,AUTO,ARMED,5,AVAILABLE,UNAVAILABLE,UNAVAILABLE,51,5,ACTIVE,41,E_P3_NEW3-A3.NC,E_P3_NEW3-A3.NC,41429.939,211495.799,5768.5,3275.5664,100,0.0,50,50,0,4,100,8750.0,3791.33,266.505,14.2261,0.000240863,0.162724,0,611.6668581,6865.18,188.963,36.3308,0.00024926,0.19847,0,289.5638991,912.651,153.44,5.94793,8.94344e-05,0.0565587,6,-323.2175992,1802.71,565.213,3.18943,0.000511317,0.216409
52.136221,1,AUTO,ARMED,5,AVAILABLE,UNAVAILABLE,UNAVAILABLE,51,5,ACTIVE,41,E_P3_NEW3-A3.NC,E_P3_NEW3-A3.NC,41429.939,211495.799,5768.5,3275.5664,100,0.0,50,50,0,3,100,8750.0,3791.33,266.505,14.2261,0.000240863,0.162724,0,611.6668152,6865.18,188.963,36.3308,0.00024926,0.19847,0,289.563892,912.651,153.44,5.94793,8.94344e-05,0.0565587,6,-323.2176221,1802.71,565.213,3.18943,0.000511317,0.216409
52.276388,1,AUTO,ARMED,5,AVAILABLE,UNAVAILABLE,UNAVAILABLE,51,5,ACTIVE,41,E_P3_NEW3-A3.NC,E_P3_NEW3-A3.NC,41429.939,211495.799,5768.5,3275.5664,100,0.0,50,50,0,2,100,8750.0,3791.33,266.505,14.2261,0.000240863,0.162724,0,611.666808,6865.18,188.963,36.3308,0.00024926,0.19847,0,289.5638991,912.651,153.44,5.94793,8.94344e-05,0.0565587,6,-323.2176106,1802.71,565.213,3.18943,0.000511317,0.216409
52.416447,1,AUTO,ARMED,5,AVAILABLE,UNAVAILABLE,UNAVAILABLE,51,5,ACTIVE,41,E_P3_NEW3-A3.NC,E_P3_NEW3-A3.NC,41429.939,211495.799,5768.5,3275.5664,100,0.0,50,50,0,3,100,8750.0,3791.33,266.505,14.2261,0.000240863,0.162724,0,611.6668009,6865.18,188.963,36.3308,0.00024926,0.19847,0,289.5638991,912.651,153.44,5.94793,8.94344e-05,0.0565587,6,-323.2176106,1802.71,565.213,3.18943,0.000511317,0.216409
52.568056,1,AUTO,ARMED,5,AVAILABLE,UNAVAILABLE,UNAVAILABLE,52,5,ACTIVE,41,E_P3_NEW3-A3.NC,E_P3_NEW3-A3.NC,41429.939,211495.799,5768.5,3275.5664,100,5.05,51,50,0,2,100,8750.0,3791.33,266.505,14.2261,0.000240863,0.162724,0,611.3976945,6865.18,188.963,36.3308,0.00024926,0.19847,0,290.1980025,912.651,153.44,5.94793,8.94344e-05,0.0565587,6,-323.2175992,1802.71,565.213,3.18943,0.000511317,0.216409
52.713763,1,AUTO,ARMED,5,AVAILABLE,UNAVAILABLE,UNAVAILABLE,53,5,ACTIVE,41,E_P3_NEW3-A3.NC,E_P3_NEW3-A3.NC,41429.939,211495.799,5768.5,3275.5664,100,14.16667,51,50,0,3,100,8750.0,3791.33,266.505,14.2261,0.000240863,0.162724,2,609.1272923,6865.18,188.963,36.3308,0.00024926,0.19847,0,290.1986677,912.651,153.44,5.94793,8.94344e-05,0.0565587,6,-323.2176106,1802.71,565.213,3.18943,0.000511317,0.216409
52.8598,1,AUTO,ARMED,5,AVAILABLE,UNAVAILABLE,UNAVAILABLE,53,5,ACTIVE,41,E_P3_NEW3-A3.NC,E_P3_NEW3-A3.NC,41429.939,211495.799,5768.5,4073.0835,100,23.28333,51,50,0,3,100,8750.0,3791.33,266.505,14.2261,0.000240863,0.162724,2,606.7358085,6865.18,188.963,36.3308,0.00024926,0.19847,0,290.1988751,912.651,153.44,5.94793,8.94344e-05,0.0565587,6,-323.2176106,1802.71,565.213,3.18943,0.000511317,0.216409
53.000406,1,AUTO,ARMED,5,AVAILABLE,UNAVAILABLE,UNAVAILABLE,53,5,ACTIVE,41,E_P3_NEW3-A3.NC,E_P3_NEW3-A3.NC,41429.939,211495.799,5768.5,4073.0835,100,23.28333,51,50,0,3,100,8750.0,13149.7,3660.22,3.5926,0.000314657,0.499015,0,604.3317934,11161.9,2136.99,5.22319,0.000336614,0.348672,0,290.1988966,4491.21,1568.75,2.86292,0.000139737,0.231595,6,-323.2176106,5215.84,1532.59,3.40328,0.000296047,0.41449
53.143772,1,AUTO,ARMED,5,AVAILABLE,UNAVAILABLE,UNAVAILABLE,53,5,ACTIVE,41,E_P3_NEW3-A3.NC,E_P3_NEW3-A3.NC,41429.939,211495.799,5768.5,4073.0835,100,23.28333,51,50,0,10,100,8750.0,13149.7,3660.22,3.5926,0.000314657,0.499015,0,597.1430369,11161.9,2136.99,5.22319,0.000336614,0.348672,0,290.198775,4491.21,1568.75,2.86292,0.000139737,0.231595,6,-323.2176793,5215.84,1532.59,3.40328,0.000296047,0.41449
53.300902,1,AUTO,ARMED,5,AVAILABLE,UNAVAILABLE,UNAVAILABLE,53,5,ACTIVE,41,E_P3_NEW3-A3.NC,E_P3_NEW3-A3.NC,41429.939,211495.799,5768.5,4073.0835,100,23.28333,51,50,0,18,100,8750.0,13149.7,3660.22,3.5926,0.000314657,0.499015,0,594.7333068,11161.9,2136.99,5.22319,0.000336614,0.348672,0,290.1988823,4491.21,1568.75,2.86292,0.000139737,0.231595,6,-323.2176564,5215.84,1532.59,3.40328,0.000296047,0.41449
53.459705,1,AUTO,ARMED,5,AVAILABLE,UNAVAILABLE,UNAVAILABLE,53,5,ACTIVE,41,E_P3_NEW3-A3.NC,E_P3_NEW3-A3.NC,41429.939,211495.799,5768.5,4073.0835,100,23.28333,51,50,0,20,100,8750.0,13149.7,3660.22,3.5926,0.000314657,0.499015,0,592.3410649,11161.9,2136.99,5.22319,0.000336614,0.348672,0,290.1988966,4491.21,1568.75,2.86292,0.000139737,0.231595,6,-323.2176679,5215.84,1532.59,3.40328,0.000296047,0.41449
53.606594,1,AUTO,ARMED,5,AVAILABLE,UNAVAILABLE,UNAVAILABLE,53,5,ACTIVE,41,E_P3_NEW3-A3.NC,E_P3_NEW3-A3.NC,41429.939,211495.799,5768.5,4073.0835,100,23.28333,51,50,0,20,100,8750.0,13149.7,3660.22,3.5926,0.000314657,0.499015,0,589.9425072,11161.9,2136.99,5.22319,0.000336614,0.348672,0,290.1988894,4491.21,1568.75,2.86292,0.000139737,0.231595,6,-323.2176679,5215.84,1532.59,3.40328,0.000296047,0.41449
53.748104,1,AUTO,ARMED,5,AVAILABLE,UNAVAILABLE,UNAVAILABLE,53,5,ACTIVE,41,E_P3_NEW3-A3.NC,E_P3_NEW3-A3.NC,41429.939,211495.799,5768.5,4073.0835,100,23.28333,52,50,0,16,100,8750.0,13149.7,3660.22,3.5926,0.000314657,0.499015,0,586.339696,11161.9,2136.99,5.22319,0.000336614,0.348672,0,290.1989037,4491.21,1568.75,2.86292,0.000139737,0.231595,6,-323.2176106,5215.84,1532.59,3.40328,0.000296047,0.41449
53.885683,1,AUTO,ARMED,5,AVAILABLE,UNAVAILABLE,UNAVAILABLE,53,5,ACTIVE,41,E_P3_NEW3-A3.NC,E_P3_NEW3-A3.NC,41429.939,211495.799,5768.5,4073.0835,100,23.28333,52,50,0,15,100,8750.0,13149.7,3660.22,3.5926,0.000314657,0.499015,0,581.543464,11161.9,2136.99,5.22319,0.000336614,0.348672,0,290.1989037,4491.21,1568.75,2.86292,0.000139737,0.231595,6,-323.2176106,5215.84,1532.59,3.40328,0.000296047,0.41449
54.027528,1,AUTO,ARMED,5,AVAILABLE,UNAVAILABLE,UNAVAILABLE,53,5,ACTIVE,41,E_P3_NEW3-A3.NC,E_P3_NEW3-A3.NC,41429.939,211495.799,5768.5,5851.6504,100,23.28333,52,50,0,14,100,8750.0,14373.4,3555.06,4.04308,0.000369577,0.50187,0,579.1391503,13922.4,2600.11,5.35454,0.000392329,0.36548,0,290.1988894,3746.68,1508.02,2.4845,0.000118584,0.214086,6,-323.2176106,5408.13,1558.88,3.46924,0.000302887,0.419637
54.166776,1,AUTO,ARMED,5,AVAILABLE,UNAVAILABLE,UNAVAILABLE,53,5,ACTIVE,41,E_P3_NEW3-A3.NC,E_P3_NEW3-A3.NC,41429.939,211495.799,5768.5,5851.6504,100,23.28333,52,50,0,14,100,8750.0,14373.4,3555.06,4.04308,0.000369577,0.50187,0,576.7468745,13922.4,2600.11,5.35454,0.000392329,0.36548,0,290.1988966,3746.68,1508.02,2.4845,0.000118584,0.214086,6,-323.2175992,5408.13,1558.88,3.46924,0.000302887,0.419637
54.305159,1,AUTO,ARMED,5,AVAILABLE,UNAVAILABLE,UNAVAILABLE,53,5,ACTIVE,41,E_P3_NEW3-A3.NC,E_P3_NEW3-A3.NC,41429.939,211495.799,5768.5,5851.6504,100,23.28333,52,50,0,16,100,8750.0,14373.4,3555.06,4.04308,0.000369577,0.50187,0,574.3487335,13922.4,2600.11,5.35454,0.000392329,0.36548,0,290.1989037,3746.68,1508.02,2.4845,0.000118584,0.214086,6,-323.2175992,5408.13,1558.88,3.46924,0.000302887,0.419637
54.448471,1,AUTO,ARMED,5,AVAILABLE,UNAVAILABLE,UNAVAILABLE,53,5,ACTIVE,41,E_P3_NEW3-A3.NC,E_P3_NEW3-A3.NC,41429.939,211495.799,5768.5,5851.6504,100,23.28333,52,50,0,15,100,8750.0,14373.4,3555.06,4.04308,0.000369577,0.50187,0,569.5467652,13922.4,2600.11,5.35454,0.000392329,0.36548,0,290.1988894,3746.68,1508.02,2.4845,0.000118584,0.214086,6,-323.2175992,5408.13,1558.88,3.46924,0.000302887,0.419637
54.591067,1,AUTO,ARMED,5,AVAILABLE,UNAVAILABLE,UNAVAILABLE,53,5,ACTIVE,41,E_P3_NEW3-A3.NC,E_P3_NEW3-A3.NC,41429.939,211495.799,5768.5,5851.6504,100,23.28333,53,50,0,15,100,8750.0,14373.4,3555.06,4.04308,0.000369577,0.50187,0,564.7444106,13922.4,2600.11,5.35454,0.000392329,0.36548,0,290.1989037,3746.68,1508.02,2.4845,0.000118584,0.214086,6,-323.2176106,5408.13,1558.88,3.46924,0.000302887,0.419637
54.735968,1,AUTO,ARMED,5,AVAILABLE,UNAVAILABLE,UNAVAILABLE,53,5,ACTIVE,41,E_P3_NEW3-A3.NC,E_P3_NEW3-A3.NC,41429.939,211495.799,5768.5,5851.6504,100,23.28333,53,50,0,16,100,8750.0,14373.4,3555.06,4.04308,0.000369577,0.50187,0,562.3519416,13922.4,2600.11,5.35454,0.000392329,0.36548,0,290.1988823,3746.68,1508.02,2.4845,0.000118584,0.214086,6,-323.2175992,5408.13,1558.88,3.46924,0.000302887,0.419637
54.877686,1,AUTO,ARMED,5,AVAILABLE,UNAVAILABLE,UNAVAILABLE,53,5,ACTIVE,41,E_P3_NEW3-A3.NC,E_P3_NEW3-A3.NC,41429.939,211495.799,5768.5,5851.6504,100,23.28333,53,50,0,16,100,8750.0,14373.4,3555.06,4.04308,0.000369577,0.50187,0,559.9538936,13922.4,2600.11,5.35454,0.000392329,0.36548,0,290.1989109,3746.68,1508.02,2.4845,0.000118584,0.214086,6,-323.2175992,5408.13,1558.88,3.46924,0.000302887,0.419637
55.024455,1,AUTO,ARMED,5,AVAILABLE,UNAVAILABLE,UNAVAILABLE,53,5,ACTIVE,41,E_P3_NEW3-A3.NC,E_P3_NEW3-A3.NC,41429.939,211495.799,5768.5,3921.4873,100,23.28333,53,50,0,16,100,8750.0,14373.4,3555.06,4.04308,0.000369577,0.50187,0,555.1572943,13922.4,2600.11,5.35454,0.000392329,0.36548,0,290.1988966,3746.68,1508.02,2.4845,0.000118584,0.214086,6,-323.2176106,5408.13,1558.88,3.46924,0.000302887,0.419637
55.171598,1,AUTO,ARMED,5,AVAILABLE,UNAVAILABLE,UNAVAILABLE,53,5,ACTIVE,41,E_P3_NEW3-A3.NC,E_P3_NEW3-A3.NC,41429.939,211495.799,5768.5,3921.4873,100,23.28333,53,50,0,16,100,8750.0,13245.6,264.982,49.9868,0.000218991,0.166513,0,552.7593846,13034.2,492.907,26.4435,0.000383409,0.3621,0,290.1989037,3866.76,126.385,30.5951,9.01902e-05,0.0577646,6,-323.2175878,5287.95,499.792,10.5803,0.00020633,0.189038
55.311297,1,AUTO,ARMED,5,AVAILABLE,UNAVAILABLE,UNAVAILABLE,53,5,ACTIVE,41,E_P3_NEW3-A3.NC,E_P3_NEW3-A3.NC,41429.939,211495.799,5768.5,3921.4873,100,23.28333,53,50,0,16,100,8750.0,13245.6,264.982,49.9868,0.000218991,0.166513,0,550.3611387,13034.2,492.907,26.4435,0.000383409,0.3621,0,290.1988894,3866.76,126.385,30.5951,9.01902e-05,0.0577646,6,-323.2175992,5287.95,499.792,10.5803,0.00020633,0.189038
55.456405,1,AUTO,ARMED,5,AVAILABLE,UNAVAILABLE,UNAVAILABLE,53,5,ACTIVE,41,E_P3_NEW3-A3.NC,E_P3_NEW3-A3.NC,41429.939,211495.799,5768.5,3921.4873,100,23.28333,53,50,0,15,100,8750.0,13245.6,264.982,49.9868,0.000218991,0.166513,0,544.3663537,13034.2,492.907,26.4435,0.000383409,0.3621,0,290.1993472,3866.76,126.385,30.5951,9.01902e-05,0.0577646,6,-323.217645,5287.95,499.792,10.5803,0.00020633,0.189038
55.599446,1,AUTO,ARMED,5,AVAILABLE,UNAVAILABLE,UNAVAILABLE,53,5,ACTIVE,41,E_P3_NEW3-A3.NC,E_P3_NEW3-A3.NC,41429.939,211495.799,5768.5,3921.4873,100,23.28333,54,50,0,11,100,8750.0,13245.6,264.982,49.9868,0.000218991,0.166513,0,541.9678646,13034.2,492.907,26.4435,0.000383409,0.3621,0,290.1993114,3866.76,126.385,30.5951,9.01902e-05,0.0577646,6,-323.2176106,5287.95,499.792,10.5803,0.00020633,0.189038
55.745468,1,AUTO,ARMED,5,AVAILABLE,UNAVAILABLE,UNAVAILABLE,53,5,ACTIVE,41,E_P3_NEW3-A3.NC,E_P3_NEW3-A3.NC,41429.939,211495.799,5768.5,3921.4873,100,23.28333,54,50,0,4,100,8750.0,13245.6,264.982,49.9868,0.000218991,0.166513,0,539.5634819,13034.2,492.907,26.4435,0.000383409,0.3621,0,290.1990182,3866.76,126.385,30.5951,9.01902e-05,0.0577646,6,-323.2175992,5287.95,499.792,10.5803,0.00020633,0.189038
55.886531,1,AUTO,ARMED,5,AVAILABLE,UNAVAILABLE,UNAVAILABLE,53,5,ACTIVE,41,E_P3_NEW3-A3.NC,E_P3_NEW3-A3.NC,41429.939,211495.799,5768.5,3921.4873,100,23.28333,54,50,0,0,100,8750.0,13245.6,264.982,49.9868,0.000218991,0.166513,0,537.1652861,13034.2,492.907,26.4435,0.000383409,0.3621,0,290.1989252,3866.76,126.385,30.5951,9.01902e-05,0.0577646,6,-323.2175992,5287.95,499.792,10.5803,0.00020633,0.189038
56.034877,1,AUTO,ARMED,5,AVAILABLE,UNAVAILABLE,UNAVAILABLE,53,5,ACTIVE,41,E_P3_NEW3-A3.NC,E_P3_NEW3-A3.NC,41429.939,211495.799,5768.5,3921.4873,100,23.28333,54,50,0,0,100,8750.0,13245.6,264.982,49.9868,0.000218991,0.166513,1,532.3690081,13034.2,492.907,26.4435,0.000383409,0.3621,0,290.1988966,3866.76,126.385,30.5951,9.01902e-05,0.0577646,6,-323.2175992,5287.95,499.792,10.5803,0.00020633,0.189038
56.175842,1,AUTO,ARMED,5,AVAILABLE,UNAVAILABLE,UNAVAILABLE,53,5,ACTIVE,41,E_P3_NEW3-A3.NC,E_P3_NEW3-A3.NC,41429.939,211495.799,5768.5,3397.6462,100,23.28333,54,50,0,1,100,8750.0,3695.34,256.53,14.4051,0.000248109,0.165598,1,530.4223332,4920.85,220.118,22.3555,0.00026401,0.221103,0,290.1988966,624.447,112.858,5.53303,9.35533e-05,0.0517614,6,-323.2175992,1802.71,622.478,2.89602,0.000173646,0.216121
56.317848,1,AUTO,ARMED,5,AVAILABLE,UNAVAILABLE,UNAVAILABLE,54,5,ACTIVE,41,E_P3_NEW3-A3.NC,E_P3_NEW3-A3.NC,41429.939,211495.799,5768.5,3397.6462,100,0.0,54,50,0,4,100,8750.0,3695.34,256.53,14.4051,0.000248109,0.165598,0,530.3866989,4920.85,220.118,22.3555,0.00026401,0.221103,0,290.1988966,624.447,112.858,5.53303,9.35533e-05,0.0517614,6,-323.2175992,1802.71,622.478,2.89602,0.000173646,0.216121
56.461864,1,AUTO,ARMED,5,AVAILABLE,UNAVAILABLE,UNAVAILABLE,54,5,ACTIVE,41,E_P3_NEW3-A3.NC,E_P3_NEW3-A3.NC,41429.939,211495.799,5768.5,3397.6462,100,0.0,54,50,0,4,100,8750.0,3695.34,256.53,14.4051,0.000248109,0.165598,0,530.3867061,4920.85,220.118,22.3555,0.00026401,0.221103,0,290.1988966,624.447,112.858,5.53303,9.35533e-05,0.0517614,6,-323.2176106,1802.71,622.478,2.89602,0.000173646,0.216121
56.604816,1,AUTO,ARMED,5,AVAILABLE,UNAVAILABLE,UNAVAILABLE,54,5,ACTIVE,41,E_P3_NEW3-A3.NC,E_P3_NEW3-A3.NC,41429.939,211495.799,5768.5,3397.6462,100,0.0,54,50,0,4,100,8750.0,3695.34,256.53,14.4051,0.000248109,0.165598,0,530.3867418,4920.85,220.118,22.3555,0.00026401,0.221103,0,290.1988894,624.447,112.858,5.53303,9.35533e-05,0.0517614,6,-323.2176106,1802.71,622.478,2.89602,0.000173646,0.216121
56.747694,1,AUTO,ARMED,5,AVAILABLE,UNAVAILABLE,UNAVAILABLE,54,5,ACTIVE,41,E_P3_NEW3-A3.NC,E_P3_NEW3-A3.NC,41429.939,211495.799,5768.5,3397.6462,100,0.0,55,50,0,3,100,8750.0,3695.34,256.53,14.4051,0.000248109,0.165598,0,530.3867561,4920.85,220.118,22.3555,0.00026401,0.221103,0,290.1988966,624.447,112.858,5.53303,9.35533e-05,0.0517614,6,-323.2176106,1802.71,622.478,2.89602,0.000173646,0.216121
56.9197,1,AUTO,ARMED,5,AVAILABLE,UNAVAILABLE,UNAVAILABLE,54,5,ACTIVE,41,E_P3_NEW3-A3.NC,E_P3_NEW3-A3.NC,41429.939,211495.799,5768.5,3397.6462,100,0.0,55,50,0,2,100,8750.0,3695.34,256.53,14.4051,0.000248109,0.165598,0,530.3867776,4920.85,220.118,22.3555,0.00026401,0.221103,0,290.1988966,624.447,112.858,5.53303,9.35533e-05,0.0517614,6,-323.2176221,1802.71,622.478,2.89602,0.000173646,0.216121
57.065928,1,AUTO,ARMED,5,AVAILABLE,UNAVAILABLE,UNAVAILABLE,54,5,ACTIVE,41,E_P3_NEW3-A3.NC,E_P3_NEW3-A3.NC,41429.939,211495.799,5768.5,3397.6462,100,0.0,55,50,0,3,100,8750.0,3695.34,256.53,14.4051,0.000248109,0.165598,0,530.3867847,4920.85,220.118,22.3555,0.00026401,0.221103,0,290.1988966,624.447,112.858,5.53303,9.35533e-05,0.0517614,6,-323.2176106,1802.71,622.478,2.89602,0.000173646,0.216121
57.205518,1,AUTO,ARMED,5,AVAILABLE,UNAVAILABLE,UNAVAILABLE,54,5,ACTIVE,41,E_P3_NEW3-A3.NC,E_P3_NEW3-A3.NC,41429.939,211495.799,5768.5,3324.6587,100,0.0,55,50,0,3,100,8750.0,3623.36,258.242,14.0309,0.000238847,0.162927,0,530.3867847,1152.2,213.264,5.40269,0.00026447,0.222004,0,290.1988894,720.512,109.632,6.5721,8.46089e-05,0.0485375,6,-323.2176106,1778.67,533.606,3.3333,0.000161654,0.192607
57.352655,1,AUTO,ARMED,5,AVAILABLE,UNAVAILABLE,UNAVAILABLE,58,5,ACTIVE,41,E_P3_NEW3-A3.NC,E_P3_NEW3-A3.NC,41429.939,211495.799,5768.5,3324.6587,100,0.0,55,50,0,3,100,8750.0,3623.36,258.242,14.0309,0.000238847,0.162927,0,530.3867919,1152.2,213.264,5.40269,0.00026447,0.222004,0,290.8335364,720.512,109.632,6.5721,8.46089e-05,0.0485375,6,-323.2176106,1778.67,533.606,3.3333,0.000161654,0.192607
57.493551,1,AUTO,ARMED,5,AVAILABLE,UNAVAILABLE,UNAVAILABLE,58,5,ACTIVE,41,E_P3_NEW3-A3.NC,E_P3_NEW3-A3.NC,41429.939,211495.799,5768.5,3324.6587,100,0.0,55,50,0,3,100,8750.0,3623.36,258.242,14.0309,0.000238847,0.162927,0,530.3867919,1152.2,213.264,5.40269,0.00026447,0.222004,0,290.8338368,720.512,109.632,6.5721,8.46089e-05,0.0485375,6,-323.2176221,1778.67,533.606,3.3333,0.000161654,0.192607
57.640401,1,AUTO,ARMED,5,AVAILABLE,UNAVAILABLE,UNAVAILABLE,58,5,ACTIVE,41,E_P3_NEW3-A3.NC,E_P3_NEW3-A3.NC,41429.939,211495.799,5768.5,3324.6587,100,0.0,56,50,0,3,100,8750.0,3623.36,258.242,14.0309,0.000238847,0.162927,0,530.386799,1152.2,213.264,5.40269,0.00026447,0.222004,0,290.8338869,720.512,109.632,6.5721,8.46089e-05,0.0485375,6,-323.2175992,1778.67,533.606,3.3333,0.000161654,0.192607
57.790128,1,AUTO,ARMED,5,AVAILABLE,UNAVAILABLE,UNAVAILABLE,58,5,ACTIVE,41,E_P3_NEW3-A3.NC,E_P3_NEW3-A3.NC,41429.939,211495.799,5768.5,3324.6587,100,0.0,56,50,0,4,100,8750.0,3623.36,258.242,14.0309,0.000238847,0.162927,0,530.386799,1152.2,213.264,5.40269,0.00026447,0.222004,0,290.8339083,720.512,109.632,6.5721,8.46089e-05,0.0485375,6,-323.2176106,1778.67,533.606,3.3333,0.000161654,0.192607
57.931861,1,AUTO,ARMED,5,AVAILABLE,UNAVAILABLE,UNAVAILABLE,58,5,ACTIVE,41,E_P3_NEW3-A3.NC,E_P3_NEW3-A3.NC,41429.939,211495.799,5768.5,3324.6587,100,0.0,56,50,0,3,100,8750.0,3623.36,258.242,14.0309,0.000238847,0.162927,0,530.386799,1152.2,213.264,5.40269,0.00026447,0.222004,0,290.8339012,720.512,109.632,6.5721,8.46089e-05,0.0485375,6,-323.2175992,1778.67,533.606,3.3333,0.000161654,0.192607
58.088574,1,AUTO,ARMED,5,AVAILABLE,UNAVAILABLE,UNAVAILABLE,58,5,ACTIVE,41,E_P3_NEW3-A3.NC,E_P3_NEW3-A3.NC,41429.939,211495.799,5768.5,3324.6587,100,0.0,56,50,0,3,100,8750.0,3623.36,258.242,14.0309,0.000238847,0.162927,0,530.386799,1152.2,213.264,5.40269,0.00026447,0.222004,0,290.833894,720.512,109.632,6.5721,8.46089e-05,0.0485375,6,-323.2175992,1778.67,533.606,3.3333,0.000161654,0.192607
58.233171,1,AUTO,ARMED,5,AVAILABLE,UNAVAILABLE,UNAVAILABLE,58,5,ACTIVE,41,E_P3_NEW3-A3.NC,E_P3_NEW3-A3.NC,41429.939,211495.799,5768.5,4452.686,100,0.0,56,50,0,3,100,8750.0,3767.33,59504.5,0.0633117,0.000842878,6.23075,0,530.386799,9721.68,1969.12,4.93707,0.000440844,0.405787,0,290.8339012,648.462,1761.83,0.368062,0.000139834,0.283855,6,-323.2176106,2043.07,3334.67,0.612675,0.000741138,0.84952
58.374409,1,AUTO,ARMED,5,AVAILABLE,UNAVAILABLE,UNAVAILABLE,59,5,ACTIVE,41,E_P3_NEW3-A3.NC,E_P3_NEW3-A3.NC,41429.939,211495.799,5768.5,4452.686,100,0.0,56,50,0,3,100,8750.0,3767.33,59504.5,0.0633117,0.000842878,6.23075,0,530.6789566,9721.68,1969.12,4.93707,0.000440844,0.405787,0,290.8338869,648.462,1761.83,0.368062,0.000139834,0.283855,6,-323.2175992,2043.07,3334.67,0.612675,0.000741138,0.84952
58.515567,1,AUTO,ARMED,5,AVAILABLE,UNAVAILABLE,UNAVAILABLE,59,5,ACTIVE,41,E_P3_NEW3-A3.NC,E_P3_NEW3-A3.NC,41429.939,211495.799,5768.5,4452.686,100,27.51667,56,50,0,3,100,8750.0,3767.33,59504.5,0.0633117,0.000842878,6.23075,0,533.4170758,9721.68,1969.12,4.93707,0.000440844,0.405787,0,290.833894,648.462,1761.83,0.368062,0.000139834,0.283855,6,-323.2175992,2043.07,3334.67,0.612675,0.000741138,0.84952
58.663346,1,AUTO,ARMED,5,AVAILABLE,UNAVAILABLE,UNAVAILABLE,59,5,ACTIVE,41,E_P3_NEW3-A3.NC,E_P3_NEW3-A3.NC,41429.939,211495.799,5768.5,4452.686,100,27.51667,57,50,0,3,100,8750.0,3767.33,59504.5,0.0633117,0.000842878,6.23075,0,539.0778858,9721.68,1969.12,4.93707,0.000440844,0.405787,0,290.833894,648.462,1761.83,0.368062,0.000139834,0.283855,6,-323.2176106,2043.07,3334.67,0.612675,0.000741138,0.84952
58.834017,1,AUTO,ARMED,5,AVAILABLE,UNAVAILABLE,UNAVAILABLE,59,5,ACTIVE,41,E_P3_NEW3-A3.NC,E_P3_NEW3-A3.NC,41429.939,211495.799,5768.5,4452.686,100,27.51667,57,50,0,5,100,8750.0,3767.33,59504.5,0.0633117,0.000842878,6.23075,0,544.7528362,9721.68,1969.12,4.93707,0.000440844,0.405787,0,290.833658,648.462,1761.83,0.368062,0.000139834,0.283855,6,-323.2177937,2043.07,3334.67,0.612675,0.000741138,0.84952
58.980725,1,AUTO,ARMED,5,AVAILABLE,UNAVAILABLE,UNAVAILABLE,59,5,ACTIVE,41,E_P3_NEW3-A3.NC,E_P3_NEW3-A3.NC,41429.939,211495.799,5768.5,4452.686,100,27.51667,57,50,0,23,100,8750.0,3767.33,59504.5,0.0633117,0.000842878,6.23075,1,550.4146046,9721.68,1969.12,4.93707,0.000440844,0.405787,0,290.8339083,648.462,1761.83,0.368062,0.000139834,0.283855,6,-323.2177823,2043.07,3334.67,0.612675,0.000741138,0.84952
59.12038,1,AUTO,ARMED,5,AVAILABLE,UNAVAILABLE,UNAVAILABLE,59,5,ACTIVE,41,E_P3_NEW3-A3.NC,E_P3_NEW3-A3.NC,41429.939,211495.799,5768.5,4452.686,100,27.51667,57,50,0,26,100,8750.0,3767.33,59504.5,0.0633117,0.000842878,6.23075,1,553.2556667,9721.68,1969.12,4.93707,0.000440844,0.405787,0,290.833894,648.462,1761.83,0.368062,0.000139834,0.283855,6,-323.2175649,2043.07,3334.67,0.612675,0.000741138,0.84952
59.261171,1,AUTO,ARMED,5,AVAILABLE,UNAVAILABLE,UNAVAILABLE,59,5,ACTIVE,41,E_P3_NEW3-A3.NC,E_P3_NEW3-A3.NC,41429.939,211495.799,5768.5,4452.686,100,27.51667,57,50,0,25,100,8750.0,3767.33,59504.5,0.0633117,0.000842878,6.23075,1,556.0900627,9721.68,1969.12,4.93707,0.000440844,0.405787,0,290.8338797,648.462,1761.83,0.368062,0.000139834,0.283855,6,-323.2175191,2043.07,3334.67,0.612675,0.000741138,0.84952
59.402039,1,AUTO,ARMED,5,AVAILABLE,UNAVAILABLE,UNAVAILABLE,59,5,ACTIVE,41,E_P3_NEW3-A3.NC,E_P3_NEW3-A3.NC,41429.939,211495.799,5768.5,6702.6572,100,27.51667,57,50,0,22,100,8750.0,164923.0,57133.9,2.8866,0.000770627,5.89555,1,558.9172358,54489.4,19077.3,2.85624,0.00049036,2.02226,0,290.8339083,5571.98,1774.41,3.14019,0.00024268,0.382315,6,-323.2175305,14565.9,3248.96,4.48325,0.00113908,0.986305
59.542584,1,AUTO,ARMED,5,AVAILABLE,UNAVAILABLE,UNAVAILABLE,59,5,ACTIVE,41,E_P3_NEW3-A3.NC,E_P3_NEW3-A3.NC,41429.939,211495.799,5768.5,6702.6572,100,27.51667,58,50,0,19,100,8750.0,164923.0,57133.9,2.8866,0.000770627,5.89555,1,563.1756134,54489.4,19077.3,2.85624,0.00049036,2.02226,0,290.8339083,5571.98,1774.41,3.14019,0.00024268,0.382315,7,-323.2174848,14565.9,3248.96,4.48325,0.00113908,0.986305
59.68032,1,AUTO,ARMED,5,AVAILABLE,UNAVAILABLE,UNAVAILABLE,59,5,ACTIVE,41,E_P3_NEW3-A3.NC,E_P3_NEW3-A3.NC,41429.939,211495.799,5768.5,6702.6572,100,27.51667,58,50,0,18,100,8750.0,164923.0,57133.9,2.8866,0.000770627,5.89555,1,566.0097039,54489.4,19077.3,2.85624,0.00049036,2.02226,0,290.8339083,5571.98,1774.41,3.14019,0.00024268,0.382315,7,-323.2175077,14565.9,3248.96,4.48325,0.00113908,0.986305
59.837592,1,AUTO,ARMED,5,AVAILABLE,UNAVAILABLE,UNAVAILABLE,59,5,ACTIVE,41,E_P3_NEW3-A3.NC,E_P3_NEW3-A3.NC,41429.939,211495.799,5768.5,6702.6572,100,27.51667,58,50,0,18,100,8750.0,164923.0,57133.9,2.8866,0.000770627,5.89555,1,571.6780279,54489.4,19077.3,2.85624,0.00049036,2.02226,0,290.8339584,5571.98,1774.41,3.14019,0.00024268,0.382315,6,-323.2176221,14565.9,3248.96,4.48325,0.00113908,0.986305
59.983373,1,AUTO,ARMED,5,AVAILABLE,UNAVAILABLE,UNAVAILABLE,59,5,ACTIVE,41,E_P3_NEW3-A3.NC,E_P3_NEW3-A3.NC,41429.939,211495.799,5768.5,6702.6572,100,27.51667,58,50,0,19,100,8750.0,164923.0,57133.9,2.8866,0.000770627,5.89555,1,574.5123687,54489.4,19077.3,2.85624,0.00049036,2.02226,0,290.8339441,5571.98,1774.41,3.14019,0.00024268,0.382315,7,-323.2175763,14565.9,3248.96,4.48325,0.00113908,0.986305
60.133187,1,AUTO,ARMED,5,AVAILABLE,UNAVAILABLE,UNAVAILABLE,59,5,ACTIVE,41,E_P3_NEW3-A3.NC,E_P3_NEW3-A3.NC,41429.939,211495.799,5768.5,6702.6572,100,27.51667,58,50,0,20,100,8750.0,164923.0,57133.9,2.8866,0.000770627,5.89555,1,580.1878023,54489.4,19077.3,2.85624,0.00049036,2.02226,0,290.8338726,5571.98,1774.41,3.14019,0.00024268,0.382315,6,-323.2174161,14565.9,3248.96,4.48325,0.00113908,0.986305
60.280382,1,AUTO,ARMED,5,AVAILABLE,UNAVAILABLE,UNAVAILABLE,59,5,ACTIVE,41,E_P3_NEW3-A3.NC,E_P3_NEW3-A3.NC,41429.939,211495.799,5768.5,6702.6572,100,27.51667,58,50,0,20,100,8750.0,164923.0,57133.9,2.8866,0.000770627,5.89555,1,583.0149763,54489.4,19077.3,2.85624,0.00049036,2.02226,0,290.8339083,5571.98,1774.41,3.14019,0.00024268,0.382315,6,-323.2174848,14565.9,3248.96,4.48325,0.00113908,0.986305
60.431416,1,AUTO,ARMED,5,AVAILABLE,UNAVAILABLE,UNAVAILABLE,59,5,ACTIVE,41,E_P3_NEW3-A3.NC,E_P3_NEW3-A3.NC,41429.939,211495.799,5768.5,3103.6204,100,27.51667,58,50,0,19,100,8750.0,158612.0,715.832,221.577,0.000186906,0.169179,1,588.6833221,52065.0,251.887,206.7,0.000298503,0.186446,0,290.8339656,5740.1,143.207,40.0825,0.000102363,0.0605102,6,-323.2175763,13027.6,638.867,20.3917,0.000262193,0.228113
60.576944,1,AUTO,ARMED,5,AVAILABLE,UNAVAILABLE,UNAVAILABLE,59,5,ACTIVE,41,E_P3_NEW3-A3.NC,E_P3_NEW3-A3.NC,41429.939,211495.799,5768.5,3103.6204,100,27.51667,59,50,0,19,100,8750.0,158612.0,715.832,221.577,0.000186906,0.169179,1,594.3514997,52065.0,251.887,206.7,0.000298503,0.186446,0,290.833937,5740.1,143.207,40.0825,0.000102363,0.0605102,6,-323.2175992,13027.6,638.867,20.3917,0.000262193,0.228113
60.715638,1,AUTO,ARMED,5,AVAILABLE,UNAVAILABLE,UNAVAILABLE,59,5,ACTIVE,41,E_P3_NEW3-A3.NC,E_P3_NEW3-A3.NC,41429.939,211495.799,5768.5,3103.6204,100,27.51667,59,50,0,18,100,8750.0,158612.0,715.832,221.577,0.000186906,0.169179,1,597.1860677,52065.0,251.887,206.7,0.000298503,0.186446,0,290.8339441,5740.1,143.207,40.0825,0.000102363,0.0605102,7,-323.2175992,13027.6,638.867,20.3917,0.000262193,0.228113
60.855529,1,AUTO,ARMED,5,AVAILABLE,UNAVAILABLE,UNAVAILABLE,59,5,ACTIVE,41,E_P3_NEW3-A3.NC,E_P3_NEW3-A3.NC,41429.939,211495.799,5768.5,3103.6204,100,27.51667,59,50,0,20,100,8750.0,158612.0,715.832,221.577,0.000186906,0.169179,1,600.0282817,52065.0,251.887,206.7,0.000298503,0.186446,0,290.8343089,5740.1,143.207,40.0825,0.000102363,0.0605102,7,-323.2174962,13027.6,638.867,20.3917,0.000262193,0.228113
60.998359,1,AUTO,ARMED,5,AVAILABLE,UNAVAILABLE,UNAVAILABLE,59,5,ACTIVE,41,E_P3_NEW3-A3.NC,E_P3_NEW3-A3.NC,41429.939,211495.799,5768.5,3103.6204,100,27.51667,59,50,0,12,100,8750.0,158612.0,715.832,221.577,0.000186906,0.169179,0,602.8615909,52065.0,251.887,206.7,0.000298503,0.186446,0,290.8340514,5740.1,143.207,40.0825,0.000102363,0.0605102,6,-323.2175649,13027.6,638.867,20.3917,0.000262193,0.228113
61.143728,1,AUTO,ARMED,5,AVAILABLE,UNAVAILABLE,UNAVAILABLE,59,5,ACTIVE,41,E_P3_NEW3-A3.NC,E_P3_NEW3-A3.NC,41429.939,211495.799,5768.5,3103.6204,100,27.51667,59,50,0,0,100,8750.0,158612.0,715.832,221.577,0.000186906,0.169179,0,608.5369496,52065.0,251.887,206.7,0.000298503,0.186446,0,290.8339083,5740.1,143.207,40.0825,0.000102363,0.0605102,6,-323.2176106,13027.6,638.867,20.3917,0.000262193,0.228113
61.286479,1,AUTO,ARMED,5,AVAILABLE,UNAVAILABLE,UNAVAILABLE,59,5,ACTIVE,41,E_P3_NEW3-A3.NC,E_P3_NEW3-A3.NC,41429.939,211495.799,5768.5,3103.6204,100,16.5,59,50,0,0,100,8750.0,158612.0,715.832,221.577,0.000186906,0.169179,0,611.2910389,52065.0,251.887,206.7,0.000298503,0.186446,0,290.8338869,5740.1,143.207,40.0825,0.000102363,0.0605102,6,-323.2176221,13027.6,638.867,20.3917,0.000262193,0.228113
61.433275,1,AUTO,ARMED,5,AVAILABLE,UNAVAILABLE,UNAVAILABLE,60,5,ACTIVE,41,E_P3_NEW3-A3.NC,E_P3_NEW3-A3.NC,41429.939,211495.799,5768.5,3103.6204,100,0.0,59,50,0,1,100,8750.0,3743.33,258.99,14.4536,0.000237226,0.144149,0,611.6663574,2448.42,183.257,13.3606,0.000242488,0.182257,0,290.833894,744.531,108.719,6.84821,8.80251e-05,0.0474425,6,-323.2175992,1682.53,521.236,3.22796,0.000167687,0.187221
61.580616,1,AUTO,ARMED,5,AVAILABLE,UNAVAILABLE,UNAVAILABLE,60,5,ACTIVE,41,E_P3_NEW3-A3.NC,E_P3_NEW3-A3.NC,41429.939,211495.799,5768.5,3374.6616,100,0.0,0,50,0,4,100,8750.0,3743.33,258.99,14.4536,0.000237226,0.144149,0,611.6668795,2448.42,183.257,13.3606,0.000242488,0.182257,0,290.8338869,744.531,108.719,6.84821,8.80251e-05,0.0474425,6,-323.2175992,1682.53,521.236,3.22796,0.000167687,0.187221
61.729725,1,AUTO,ARMED,5,AVAILABLE,UNAVAILABLE,UNAVAILABLE,60,5,ACTIVE,41,E_P3_NEW3-A3.NC,E_P3_NEW3-A3.NC,41429.939,211495.799,5768.5,3374.6616,100,0.0,0,50,0,4,100,8750.0,3743.33,258.99,14.4536,0.000237226,0.144149,0,611.6668509,2448.42,183.257,13.3606,0.000242488,0.182257,0,290.8338797,744.531,108.719,6.84821,8.80251e-05,0.0474425,6,-323.2176106,1682.53,521.236,3.22796,0.000167687,0.187221
61.877249,1,AUTO,ARMED,5,AVAILABLE,UNAVAILABLE,UNAVAILABLE,60,5,ACTIVE,41,E_P3_NEW3-A3.NC,E_P3_NEW3-A3.NC,41429.939,211495.799,5768.5,3374.6616,100,0.0,0,50,0,4,100,8750.0,3743.33,258.99,14.4536,0.000237226,0.144149,0,611.6668366,2448.42,183.257,13.3606,0.000242488,0.182257,0,290.833894,744.531,108.719,6.84821,8.80251e-05,0.0474425,6,-323.2176106,1682.53,521.236,3.22796,0.000167687,0.187221
62.016386,1,AUTO,ARMED,5,AVAILABLE,UNAVAILABLE,UNAVAILABLE,60,5,ACTIVE,41,E_P3_NEW3-A3.NC,E_P3_NEW3-A3.NC,41429.939,211495.799,5768.5,3374.6616,100,0.0,0,50,0,3,100,8750.0,3743.33,258.99,14.4536,0.000237226,0.144149,0,611.6668223,2448.42,183.257,13.3606,0.000242488,0.182257,0,290.8339012,744.531,108.719,6.84821,8.80251e-05,0.0474425,6,-323.2175992,1682.53,521.236,3.22796,0.000167687,0.187221
62.157615,1,AUTO,ARMED,5,AVAILABLE,UNAVAILABLE,UNAVAILABLE,60,5,ACTIVE,41,E_P3_NEW3-A3.NC,E_P3_NEW3-A3.NC,41429.939,211495.799,5768.5,3374.6616,100,0.0,0,50,0,3,100,8750.0,3743.33,258.99,14.4536,0.000237226,0.144149,0,611.6668152,2448.42,183.257,13.3606,0.000242488,0.182257,0,290.833894,744.531,108.719,6.84821,8.80251e-05,0.0474425,6,-323.2176106,1682.53,521.236,3.22796,0.000167687,0.187221
62.300991,1,AUTO,ARMED,5,AVAILABLE,UNAVAILABLE,UNAVAILABLE,60,5,ACTIVE,41,E_P3_NEW3-A3.NC,E_P3_NEW3-A3.NC,41429.939,211495.799,5768.5,3374.6616,100,0.0,0,50,0,3,100,8750.0,3743.33,258.99,14.4536,0.000237226,0.144149,0,611.666808,2448.42,183.257,13.3606,0.000242488,0.182257,0,290.833894,744.531,108.719,6.84821,8.80251e-05,0.0474425,6,-323.2176106,1682.53,521.236,3.22796,0.000167687,0.187221
62.449622,1,AUTO,ARMED,5,AVAILABLE,UNAVAILABLE,UNAVAILABLE,60,5,ACTIVE,41,E_P3_NEW3-A3.NC,E_P3_NEW3-A3.NC,41429.939,211495.799,5768.5,3374.6616,100,0.0,0,50,0,3,100,8750.0,15357.3,3558.79,4.31532,0.000294083,0.458641,0,611.5807816,13634.3,2029.03,6.71961,0.000369819,0.409657,0,291.4697713,4539.24,1633.34,2.77912,0.000133265,0.225506,6,-323.2176221,6081.14,1657.29,3.66933,0.000309077,0.461967
62.593786,1,AUTO,ARMED,5,AVAILABLE,UNAVAILABLE,UNAVAILABLE,62,5,ACTIVE,41,E_P3_NEW3-A3.NC,E_P3_NEW3-A3.NC,41429.939,211495.799,5768.5,5966.0732,100,22.78333,1,50,0,3,100,8750.0,15357.3,3558.79,4.31532,0.000294083,0.458641,2,606.4339101,13634.3,2029.03,6.71961,0.000369819,0.409657,0,291.4688486,4539.24,1633.34,2.77912,0.000133265,0.225506,6,-323.2176106,6081.14,1657.29,3.66933,0.000309077,0.461967
62.756557,1,AUTO,ARMED,5,AVAILABLE,UNAVAILABLE,UNAVAILABLE,62,5,ACTIVE,41,E_P3_NEW3-A3.NC,E_P3_NEW3-A3.NC,41429.939,211495.799,5768.5,5966.0732,100,27.51667,1,50,0,3,100,8750.0,15357.3,3558.79,4.31532,0.000294083,0.458641,0,603.6068237,13634.3,2029.03,6.71961,0.000369819,0.409657,0,291.468913,4539.24,1633.34,2.77912,0.000133265,0.225506,6,-323.2176106,6081.14,1657.29,3.66933,0.000309077,0.461967
62.908537,1,AUTO,ARMED,5,AVAILABLE,UNAVAILABLE,UNAVAILABLE,62,5,ACTIVE,41,E_P3_NEW3-A3.NC,E_P3_NEW3-A3.NC,41429.939,211495.799,5768.5,5966.0732,100,27.51667,1,50,0,3,100,8750.0,15357.3,3558.79,4.31532,0.000294083,0.458641,0,600.7717406,13634.3,2029.03,6.71961,0.000369819,0.409657,0,291.4683408,4539.24,1633.34,2.77912,0.000133265,0.225506,6,-323.2176679,6081.14,1657.29,3.66933,0.000309077,0.461967
63.050765,1,AUTO,ARMED,5,AVAILABLE,UNAVAILABLE,UNAVAILABLE,62,5,ACTIVE,41,E_P3_NEW3-A3.NC,E_P3_NEW3-A3.NC,41429.939,211495.799,5768.5,5966.0732,100,27.51667,1,50,0,14,100,8750.0,15357.3,3558.79,4.31532,0.000294083,0.458641,0,595.1039421,13634.3,2029.03,6.71961,0.000369819,0.409657,0,291.4688629,4539.24,1633.34,2.77912,0.000133265,0.225506,6,-323.2176335,6081.14,1657.29,3.66933,0.000309077,0.461967
63.191761,1,AUTO,ARMED,5,AVAILABLE,UNAVAILABLE,UNAVAILABLE,62,5,ACTIVE,41,E_P3_NEW3-A3.NC,E_P3_NEW3-A3.NC,41429.939,211495.799,5768.5,5966.0732,100,27.51667,1,50,0,22,100,8750.0,15357.3,3558.79,4.31532,0.000294083,0.458641,0,589.4285903,13634.3,2029.03,6.71961,0.000369819,0.409657,0,291.4689201,4539.24,1633.34,2.77912,0.000133265,0.225506,6,-323.2176106,6081.14,1657.29,3.66933,0.000309077,0.461967
63.332598,1,AUTO,ARMED,5,AVAILABLE,UNAVAILABLE,UNAVAILABLE,62,5,ACTIVE,41,E_P3_NEW3-A3.NC,E_P3_NEW3-A3.NC,41429.939,211495.799,5768.5,5966.0732,100,27.51667,1,50,0,21,100,8750.0,15357.3,3558.79,4.31532,0.000294083,0.458641,0,588.0114172,13634.3,2029.03,6.71961,0.000369819,0.409657,0,291.4689201,4539.24,1633.34,2.77912,0.000133265,0.225506,6,-323.2175992,6081.14,1657.29,3.66933,0.000309077,0.461967
63.477524,1,AUTO,ARMED,5,AVAILABLE,UNAVAILABLE,UNAVAILABLE,62,5,ACTIVE,41,E_P3_NEW3-A3.NC,E_P3_NEW3-A3.NC,41429.939,211495.799,5768.5,5966.0732,100,27.51667,1,50,0,18,100,8750.0,16245.1,3568.52,4.55234,0.000352336,0.516389,0,585.184295,12794.2,2853.45,4.48377,0.000322434,0.356688,0,291.4688987,4731.38,1852.31,2.55431,0.000160755,0.250203,6,-323.2175992,6225.36,1673.06,3.72094,0.000285531,0.440447
63.651648,1,AUTO,ARMED,5,AVAILABLE,UNAVAILABLE,UNAVAILABLE,62,5,ACTIVE,41,E_P3_NEW3-A3.NC,E_P3_NEW3-A3.NC,41429.939,211495.799,5768.5,6129.2568,100,27.51667,2,50,0,17,100,8750.0,16245.1,3568.52,4.55234,0.000352336,0.516389,0,579.5088676,12794.2,2853.45,4.48377,0.000322434,0.356688,0,291.4689058,4731.38,1852.31,2.55431,0.000160755,0.250203,6,-323.2176221,6225.36,1673.06,3.72094,0.000285531,0.440447
63.790037,1,AUTO,ARMED,5,AVAILABLE,UNAVAILABLE,UNAVAILABLE,62,5,ACTIVE,41,E_P3_NEW3-A3.NC,E_P3_NEW3-A3.NC,41429.939,211495.799,5768.5,6129.2568,100,27.51667,2,50,0,15,100,8750.0,16245.1,3568.52,4.55234,0.000352336,0.516389,0,576.6746691,12794.2,2853.45,4.48377,0.000322434,0.356688,0,291.4688844,4731.38,1852.31,2.55431,0.000160755,0.250203,6,-323.2176106,6225.36,1673.06,3.72094,0.000285531,0.440447
63.933896,1,AUTO,ARMED,5,AVAILABLE,UNAVAILABLE,UNAVAILABLE,62,5,ACTIVE,41,E_P3_NEW3-A3.NC,E_P3_NEW3-A3.NC,41429.939,211495.799,5768.5,6129.2568,100,27.51667,2,50,0,16,100,8750.0,16245.1,3568.52,4.55234,0.000352336,0.516389,0,571.0062721,12794.2,2853.45,4.48377,0.000322434,0.356688,0,291.468913,4731.38,1852.31,2.55431,0.000160755,0.250203,6,-323.2176106,6225.36,1673.06,3.72094,0.000285531,0.440447
64.098591,1,AUTO,ARMED,5,AVAILABLE,UNAVAILABLE,UNAVAILABLE,62,5,ACTIVE,41,E_P3_NEW3-A3.NC,E_P3_NEW3-A3.NC,41429.939,211495.799,5768.5,6129.2568,100,27.51667,2,50,0,16,100,8750.0,16245.1,3568.52,4.55234,0.000352336,0.516389,0,565.3448703,12794.2,2853.45,4.48377,0.000322434,0.356688,0,291.4688987,4731.38,1852.31,2.55431,0.000160755,0.250203,6,-323.2175992,6225.36,1673.06,3.72094,0.000285531,0.440447
64.239282,1,AUTO,ARMED,5,AVAILABLE,UNAVAILABLE,UNAVAILABLE,62,5,ACTIVE,41,E_P3_NEW3-A3.NC,E_P3_NEW3-A3.NC,41429.939,211495.799,5768.5,6129.2568,100,27.51667,2,50,0,16,100,8750.0,16245.1,3568.52,4.55234,0.000352336,0.516389,0,562.4966242,12794.2,2853.45,4.48377,0.000322434,0.356688,0,291.4688987,4731.38,1852.31,2.55431,0.000160755,0.250203,6,-323.2175992,6225.36,1673.06,3.72094,0.000285531,0.440447
64.389162,1,AUTO,ARMED,5,AVAILABLE,UNAVAILABLE,UNAVAILABLE,62,5,ACTIVE,41,E_P3_NEW3-A3.NC,E_P3_NEW3-A3.NC,41429.939,211495.799,5768.5,6129.2568,100,27.51667,2,50,0,17,100,8750.0,16245.1,3568.52,4.55234,0.000352336,0.516389,0,559.6694209,12794.2,2853.45,4.48377,0.000322434,0.356688,0,291.4688987,4731.38,1852.31,2.55431,0.000160755,0.250203,6,-323.2176106,6225.36,1673.06,3.72094,0.000285531,0.440447
64.531863,1,AUTO,ARMED,5,AVAILABLE,UNAVAILABLE,UNAVAILABLE,62,5,ACTIVE,41,E_P3_NEW3-A3.NC,E_P3_NEW3-A3.NC,41429.939,211495.799,5768.5,6129.2568,100,27.51667,2,50,0,17,100,8750.0,15597.2,254.397,61.3105,0.000254527,0.161478,0,556.8352525,16082.8,349.03,46.0786,0.000281634,0.248859,0,291.4689058,4659.33,117.597,39.6212,0.00013813,0.0634961,6,-323.2176106,5720.6,393.016,14.5556,0.000252408,0.165602
64.672412,1,AUTO,ARMED,5,AVAILABLE,UNAVAILABLE,UNAVAILABLE,62,5,ACTIVE,41,E_P3_NEW3-A3.NC,E_P3_NEW3-A3.NC,41429.939,211495.799,5768.5,6129.2568,100,27.51667,3,50,0,16,100,8750.0,15597.2,254.397,61.3105,0.000254527,0.161478,0,551.1599961,16082.8,349.03,46.0786,0.000281634,0.248859,0,291.4688844,4659.33,117.597,39.6212,0.00013813,0.0634961,6,-323.2176106,5720.6,393.016,14.5556,0.000252408,0.165602
64.815717,1,AUTO,ARMED,5,AVAILABLE,UNAVAILABLE,UNAVAILABLE,62,5,ACTIVE,41,E_P3_NEW3-A3.NC,E_P3_NEW3-A3.NC,41429.939,211495.799,5768.5,2776.6624,100,27.51667,3,50,0,17,100,8750.0,15597.2,254.397,61.3105,0.000254527,0.161478,0,545.4981935,16082.8,349.03,46.0786,0.000281634,0.248859,0,291.4689487,4659.33,117.597,39.6212,0.00013813,0.0634961,6,-323.2175992,5720.6,393.016,14.5556,0.000252408,0.165602
64.96054,1,AUTO,ARMED,5,AVAILABLE,UNAVAILABLE,UNAVAILABLE,62,5,ACTIVE,41,E_P3_NEW3-A3.NC,E_P3_NEW3-A3.NC,41429.939,211495.799,5768.5,2776.6624,100,27.51667,3,50,0,16,100,8750.0,15597.2,254.397,61.3105,0.000254527,0.161478,0,542.6581549,16082.8,349.03,46.0786,0.000281634,0.248859,0,291.4695996,4659.33,117.597,39.6212,0.00013813,0.0634961,6,-323.2175763,5720.6,393.016,14.5556,0.000252408,0.165602
65.103545,1,AUTO,ARMED,5,AVAILABLE,UNAVAILABLE,UNAVAILABLE,62,5,ACTIVE,41,E_P3_NEW3-A3.NC,E_P3_NEW3-A3.NC,41429.939,211495.799,5768.5,2776.6624,100,27.51667,3,50,0,4,100,8750.0,15597.2,254.397,61.3105,0.000254527,0.161478,0,536.9957515,16082.8,349.03,46.0786,0.000281634,0.248859,0,291.4689487,4659.33,117.597,39.6212,0.00013813,0.0634961,6,-323.2176106,5720.6,393.016,14.5556,0.000252408,0.165602
65.27553,1,AUTO,ARMED,5,AVAILABLE,UNAVAILABLE,UNAVAILABLE,62,5,ACTIVE,41,E_P3_NEW3-A3.NC,E_P3_NEW3-A3.NC,41429.939,211495.799,5768.5,2776.6624,100,27.51667,3,50,0,0,100,8750.0,15597.2,254.397,61.3105,0.000254527,0.161478,0,535.5787721,16082.8,349.03,46.0786,0.000281634,0.248859,0,291.468913,4659.33,117.597,39.6212,0.00013813,0.0634961,6,-323.2175992,5720.6,393.016,14.5556,0.000252408,0.165602
65.428702,1,AUTO,ARMED,5,AVAILABLE,UNAVAILABLE,UNAVAILABLE,62,5,ACTIVE,41,E_P3_NEW3-A3.NC,E_P3_NEW3-A3.NC,41429.939,211495.799,5768.5,2776.6624,100,24.2,3,50,0,0,100,8750.0,15597.2,254.397,61.3105,0.000254527,0.161478,0,530.4381047,16082.8,349.03,46.0786,0.000281634,0.248859,0,291.4689058,4659.33,117.597,39.6212,0.00013813,0.0634961,6,-323.2175992,5720.6,393.016,14.5556,0.000252408,0.165602
65.577205,1,AUTO,ARMED,5,AVAILABLE,UNAVAILABLE,UNAVAILABLE,63,5,ACTIVE,41,E_P3_NEW3-A3.NC,E_P3_NEW3-A3.NC,41429.939,211495.799,5768.5,2776.6624,100,15.03333,4,50,0,3,100,8750.0,15597.2,254.397,61.3105,0.000254527,0.161478,0,530.3875072,16082.8,349.03,46.0786,0.000281634,0.248859,0,291.4688915,4659.33,117.597,39.6212,0.00013813,0.0634961,6,-323.2175992,5720.6,393.016,14.5556,0.000252408,0.165602
65.726284,1,AUTO,ARMED,5,AVAILABLE,UNAVAILABLE,UNAVAILABLE,63,5,ACTIVE,41,E_P3_NEW3-A3.NC,E_P3_NEW3-A3.NC,41429.939,211495.799,5768.5,2776.6624,100,0.0,4,50,0,4,100,8750.0,3623.36,248.692,14.5697,0.000232254,0.149675,0,530.3866989,1224.21,203.568,6.01376,0.000243441,0.202845,0,291.4688987,816.583,124.232,6.57305,7.54963e-05,0.048959,6,-323.2176106,1586.38,530.88,2.98821,0.000147639,0.185574
65.871124,1,AUTO,ARMED,5,AVAILABLE,UNAVAILABLE,UNAVAILABLE,63,5,ACTIVE,41,E_P3_NEW3-A3.NC,E_P3_NEW3-A3.NC,41429.939,211495.799,5768.5,3311.3479,100,0.0,4,50,0,4,100,8750.0,3623.36,248.692,14.5697,0.000232254,0.149675,0,530.3867275,1224.21,203.568,6.01376,0.000243441,0.202845,0,291.4688987,816.583,124.232,6.57305,7.54963e-05,0.048959,6,-323.2175992,1586.38,530.88,2.98821,0.000147639,0.185574
66.01484,1,AUTO,ARMED,5,AVAILABLE,UNAVAILABLE,UNAVAILABLE,63,5,ACTIVE,41,E_P3_NEW3-A3.NC,E_P3_NEW3-A3.NC,41429.939,211495.799,5768.5,3311.3479,100,0.0,4,50,0,3,100,8750.0,3623.36,248.692,14.5697,0.000232254,0.149675,0,530.3867633,1224.21,203.568,6.01376,0.000243441,0.202845,0,291.4688915,816.583,124.232,6.57305,7.54963e-05,0.048959,6,-323.2176106,1586.38,530.88,2.98821,0.000147639,0.185574
66.15278,1,AUTO,ARMED,5,AVAILABLE,UNAVAILABLE,UNAVAILABLE,63,5,ACTIVE,41,E_P3_NEW3-A3.NC,E_P3_NEW3-A3.NC,41429.939,211495.799,5768.5,3311.3479,100,0.0,4,50,0,4,100,8750.0,3623.36,248.692,14.5697,0.000232254,0.149675,0,530.3867633,1224.21,203.568,6.01376,0.000243441,0.202845,0,291.4688915,816.583,124.232,6.57305,7.54963e-05,0.048959,6,-323.2176106,1586.38,530.88,2.98821,0.000147639,0.185574
66.308025,1,AUTO,ARMED,5,AVAILABLE,UNAVAILABLE,UNAVAILABLE,63,5,ACTIVE,41,E_P3_NEW3-A3.NC,E_P3_NEW3-A3.NC,41429.939,211495.799,5768.5,3311.3479,100,0.0,4,50,0,4,100,8750.0,3623.36,248.692,14.5697,0.000232254,0.149675,0,530.3867776,1224.21,203.568,6.01376,0.000243441,0.202845,0,291.4688987,816.583,124.232,6.57305,7.54963e-05,0.048959,6,-323.2176106,1586.38,530.88,2.98821,0.000147639,0.185574
66.462273,1,AUTO,ARMED,5,AVAILABLE,UNAVAILABLE,UNAVAILABLE,63,5,ACTIVE,41,E_P3_NEW3-A3.NC,E_P3_NEW3-A3.NC,41429.939,211495.799,5768.5,3311.3479,100,0.0,4,50,0,3,100,8750.0,3623.36,248.692,14.5697,0.000232254,0.149675,0,530.3867919,1224.21,203.568,6.01376,0.000243441,0.202845,0,291.4689058,816.583,124.232,6.57305,7.54963e-05,0.048959,6,-323.2175992,1586.38,530.88,2.98821,0.000147639,0.185574
66.628457,1,AUTO,ARMED,5,AVAILABLE,UNAVAILABLE,UNAVAILABLE,66,5,ACTIVE,41,E_P3_NEW3-A3.NC,E_P3_NEW3-A3.NC,41429.939,211495.799,5768.5,3311.3479,100,0.0,5,50,0,3,100,8750.0,3623.36,248.692,14.5697,0.000232254,0.149675,0,530.3867919,1224.21,203.568,6.01376,0.000243441,0.202845,0,292.0544081,816.583,124.232,6.57305,7.54963e-05,0.048959,6,-323.2176106,1586.38,530.88,2.98821,0.000147639,0.185574
66.769088,1,AUTO,ARMED,5,AVAILABLE,UNAVAILABLE,UNAVAILABLE,67,5,ACTIVE,41,E_P3_NEW3-A3.NC,E_P3_NEW3-A3.NC,41429.939,211495.799,5768.5,3311.3479,100,0.0,5,50,0,3,100,8750.0,3623.36,255.282,14.1936,0.000188946,0.141728,0,530.386799,1224.21,195.833,6.2513,0.0002412,0.199084,0,292.1039033,672.48,101.239,6.6425,0.000135241,0.055471,6,-323.2176221,1682.53,511.801,3.28747,0.000181993,0.187227
66.915395,1,AUTO,ARMED,5,AVAILABLE,UNAVAILABLE,UNAVAILABLE,67,5,ACTIVE,41,E_P3_NEW3-A3.NC,E_P3_NEW3-A3.NC,41429.939,211495.799,5768.5,3310.3591,100,0.0,5,50,0,3,100,8750.0,3623.36,255.282,14.1936,0.000188946,0.141728,0,530.386799,1224.21,195.833,6.2513,0.0002412,0.199084,0,292.1039033,672.48,101.239,6.6425,0.000135241,0.055471,6,-323.2176221,1682.53,511.801,3.28747,0.000181993,0.187227
67.059071,1,AUTO,ARMED,5,AVAILABLE,UNAVAILABLE,UNAVAILABLE,67,5,ACTIVE,41,E_P3_NEW3-A3.NC,E_P3_NEW3-A3.NC,41429.939,211495.799,5768.5,3310.3591,100,0.0,5,50,0,3,100,8750.0,3623.36,255.282,14.1936,0.000188946,0.141728,0,530.386799,1224.21,195.833,6.2513,0.0002412,0.199084,0,292.1039104,672.48,101.239,6.6425,0.000135241,0.055471,6,-323.2176106,1682.53,511.801,3.28747,0.000181993,0.187227
67.20092,1,AUTO,ARMED,5,AVAILABLE,UNAVAILABLE,UNAVAILABLE,67,5,ACTIVE,41,E_P3_NEW3-A3.NC,E_P3_NEW3-A3.NC,41429.939,211495.799,5768.5,3310.3591,100,0.0,5,50,0,3,100,8750.0,3623.36,255.282,14.1936,0.000188946,0.141728,0,530.386799,1224.21,195.833,6.2513,0.0002412,0.199084,0,292.1039033,672.48,101.239,6.6425,0.000135241,0.055471,6,-323.2176106,1682.53,511.801,3.28747,0.000181993,0.187227
67.345972,1,AUTO,ARMED,5,AVAILABLE,UNAVAILABLE,UNAVAILABLE,67,5,ACTIVE,41,E_P3_NEW3-A3.NC,E_P3_NEW3-A3.NC,41429.939,211495.799,5768.5,3310.3591,100,0.0,5,50,0,3,100,8750.0,3623.36,255.282,14.1936,0.000188946,0.141728,0,530.386799,1224.21,195.833,6.2513,0.0002412,0.199084,0,292.1039033,672.48,101.239,6.6425,0.000135241,0.055471,6,-323.2176106,1682.53,511.801,3.28747,0.000181993,0.187227
67.482653,1,AUTO,ARMED,5,AVAILABLE,UNAVAILABLE,UNAVAILABLE,67,5,ACTIVE,41,E_P3_NEW3-A3.NC,E_P3_NEW3-A3.NC,41429.939,211495.799,5768.5,3310.3591,100,0.0,5,50,0,3,100,8750.0,3623.36,255.282,14.1936,0.000188946,0.141728,0,530.386799,1224.21,195.833,6.2513,0.0002412,0.199084,0,292.1039033,672.48,101.239,6.6425,0.000135241,0.055471,6,-323.2175992,1682.53,511.801,3.28747,0.000181993,0.187227
67.635053,1,AUTO,ARMED,5,AVAILABLE,UNAVAILABLE,UNAVAILABLE,68,5,ACTIVE,41,E_P3_NEW3-A3.NC,E_P3_NEW3-A3.NC,41429.939,211495.799,5768.5,3310.3591,100,0.0,6,50,0,3,100,8750.0,3623.36,255.282,14.1936,0.000188946,0.141728,0,530.3868062,1224.21,195.833,6.2513,0.0002412,0.199084,0,292.1039033,672.48,101.239,6.6425,0.000135241,0.055471,6,-323.2176106,1682.53,511.801,3.28747,0.000181993,0.187227
67.792721,1,AUTO,ARMED,5,AVAILABLE,UNAVAILABLE,UNAVAILABLE,68,5,ACTIVE,41,E_P3_NEW3-A3.NC,E_P3_NEW3-A3.NC,41429.939,211495.799,5768.5,3310.3591,100,31.75,6,50,0,3,100,8750.0,182200.0,60193.4,3.02691,0.000842861,6.17076,1,533.649316,54537.4,19110.3,2.85382,0.000660828,2.00762,0,292.1039033,6580.7,1760.26,3.73848,0.000195827,0.389783,6,-323.2176106,19950.0,3396.76,5.87324,0.000781667,0.876512
67.931462,1,AUTO,ARMED,5,AVAILABLE,UNAVAILABLE,UNAVAILABLE,68,5,ACTIVE,41,E_P3_NEW3-A3.NC,E_P3_NEW3-A3.NC,41429.939,211495.799,5768.5,3310.3591,100,31.75,6,50,0,3,100,8750.0,182200.0,60193.4,3.02691,0.000842861,6.17076,0,540.1805654,54537.4,19110.3,2.85382,0.000660828,2.00762,0,292.1039033,6580.7,1760.26,3.73848,0.000195827,0.389783,6,-323.2175992,19950.0,3396.76,5.87324,0.000781667,0.876512
68.075288,1,AUTO,ARMED,5,AVAILABLE,UNAVAILABLE,UNAVAILABLE,68,5,ACTIVE,41,E_P3_NEW3-A3.NC,E_P3_NEW3-A3.NC,41429.939,211495.799,5768.5,8131.3408,100,31.75,6,50,0,9,100,8750.0,182200.0,60193.4,3.02691,0.000842861,6.17076,0,543.4570618,54537.4,19110.3,2.85382,0.000660828,2.00762,0,292.1035528,6580.7,1760.26,3.73848,0.000195827,0.389783,6,-323.217645,19950.0,3396.76,5.87324,0.000781667,0.876512
68.22603,1,AUTO,ARMED,5,AVAILABLE,UNAVAILABLE,UNAVAILABLE,68,5,ACTIVE,41,E_P3_NEW3-A3.NC,E_P3_NEW3-A3.NC,41429.939,211495.799,5768.5,8131.3408,100,31.75,6,50,0,21,100,8750.0,182200.0,60193.4,3.02691,0.000842861,6.17076,1,549.9911578,54537.4,19110.3,2.85382,0.000660828,2.00762,0,292.1039033,6580.7,1760.26,3.73848,0.000195827,0.389783,6,-323.2175763,19950.0,3396.76,5.87324,0.000781667,0.876512
68.367249,1,AUTO,ARMED,5,AVAILABLE,UNAVAILABLE,UNAVAILABLE,68,5,ACTIVE,41,E_P3_NEW3-A3.NC,E_P3_NEW3-A3.NC,41429.939,211495.799,5768.5,8131.3408,100,31.75,6,50,0,28,100,8750.0,182200.0,60193.4,3.02691,0.000842861,6.17076,1,553.2613744,54537.4,19110.3,2.85382,0.000660828,2.00762,0,292.103889,6580.7,1760.26,3.73848,0.000195827,0.389783,6,-323.2175992,19950.0,3396.76,5.87324,0.000781667,0.876512
68.513406,1,AUTO,ARMED,5,AVAILABLE,UNAVAILABLE,UNAVAILABLE,68,5,ACTIVE,41,E_P3_NEW3-A3.NC,E_P3_NEW3-A3.NC,41429.939,211495.799,5768.5,8131.3408,100,31.75,6,50,0,28,100,8750.0,182200.0,60193.4,3.02691,0.000842861,6.17076,1,556.5397948,54537.4,19110.3,2.85382,0.000660828,2.00762,0,292.1038675,6580.7,1760.26,3.73848,0.000195827,0.389783,6,-323.2175305,19950.0,3396.76,5.87324,0.000781667,0.876512
68.664349,1,AUTO,ARMED,5,AVAILABLE,UNAVAILABLE,UNAVAILABLE,68,5,ACTIVE,41,E_P3_NEW3-A3.NC,E_P3_NEW3-A3.NC,41429.939,211495.799,5768.5,8131.3408,100,31.75,7,50,0,25,100,8750.0,182200.0,60193.4,3.02691,0.000842861,6.17076,1,563.0721523,54537.4,19110.3,2.85382,0.000660828,2.00762,0,292.1039534,6580.7,1760.26,3.73848,0.000195827,0.389783,6,-323.2176564,19950.0,3396.76,5.87324,0.000781667,0.876512
68.818491,1,AUTO,ARMED,5,AVAILABLE,UNAVAILABLE,UNAVAILABLE,68,5,ACTIVE,41,E_P3_NEW3-A3.NC,E_P3_NEW3-A3.NC,41429.939,211495.799,5768.5,8131.3408,100,31.75,7,50,0,23,100,8750.0,174401.0,58032.4,3.00524,0.000807067,6.02841,1,566.350421,54921.5,18432.9,2.97954,0.000621786,2.05686,0,292.1038961,6196.43,1938.26,3.1969,0.00029361,0.477795,6,-323.2176106,18604.0,3250.09,5.72415,0.00131724,1.06528
68.967529,1,AUTO,ARMED,5,AVAILABLE,UNAVAILABLE,UNAVAILABLE,68,5,ACTIVE,41,E_P3_NEW3-A3.NC,E_P3_NEW3-A3.NC,41429.939,211495.799,5768.5,8131.3408,100,31.75,7,50,0,21,100,8750.0,174401.0,58032.4,3.00524,0.000807067,6.02841,1,569.6206932,54921.5,18432.9,2.97954,0.000621786,2.05686,0,292.1038461,6196.43,1938.26,3.1969,0.00029361,0.477795,6,-323.2174848,18604.0,3250.09,5.72415,0.00131724,1.06528
69.109152,1,AUTO,ARMED,5,AVAILABLE,UNAVAILABLE,UNAVAILABLE,68,5,ACTIVE,41,E_P3_NEW3-A3.NC,E_P3_NEW3-A3.NC,41429.939,211495.799,5768.5,7159.9648,100,31.75,7,50,0,20,100,8750.0,174401.0,58032.4,3.00524,0.000807067,6.02841,1,577.7961377,54921.5,18432.9,2.97954,0.000621786,2.05686,0,292.1039319,6196.43,1938.26,3.1969,0.00029361,0.477795,6,-323.2176679,18604.0,3250.09,5.72415,0.00131724,1.06528
69.257948,1,AUTO,ARMED,5,AVAILABLE,UNAVAILABLE,UNAVAILABLE,68,5,ACTIVE,41,E_P3_NEW3-A3.NC,E_P3_NEW3-A3.NC,41429.939,211495.799,5768.5,7159.9648,100,31.75,7,50,0,22,100,8750.0,174401.0,58032.4,3.00524,0.000807067,6.02841,1,581.0666745,54921.5,18432.9,2.97954,0.000621786,2.05686,0,292.1039033,6196.43,1938.26,3.1969,0.00029361,0.477795,6,-323.2175649,18604.0,3250.09,5.72415,0.00131724,1.06528
69.399095,1,AUTO,ARMED,5,AVAILABLE,UNAVAILABLE,UNAVAILABLE,68,5,ACTIVE,41,E_P3_NEW3-A3.NC,E_P3_NEW3-A3.NC,41429.939,211495.799,5768.5,7159.9648,100,31.75,7,50,0,21,100,8750.0,174401.0,58032.4,3.00524,0.000807067,6.02841,1,584.3369534,54921.5,18432.9,2.97954,0.000621786,2.05686,0,292.1038818,6196.43,1938.26,3.1969,0.00029361,0.477795,6,-323.2175077,18604.0,3250.09,5.72415,0.00131724,1.06528
69.544888,1,AUTO,ARMED,5,AVAILABLE,UNAVAILABLE,UNAVAILABLE,68,5,ACTIVE,41,E_P3_NEW3-A3.NC,E_P3_NEW3-A3.NC,41429.939,211495.799,5768.5,7159.9648,100,31.75,7,50,0,22,100,8750.0,174401.0,58032.4,3.00524,0.000807067,6.02841,1,587.6148829,54921.5,18432.9,2.97954,0.000621786,2.05686,0,292.1038532,6196.43,1938.26,3.1969,0.00029361,0.477795,6,-323.217542,18604.0,3250.09,5.72415,0.00131724,1.06528
69.687871,1,AUTO,ARMED,5,AVAILABLE,UNAVAILABLE,UNAVAILABLE,68,5,ACTIVE,41,E_P3_NEW3-A3.NC,E_P3_NEW3-A3.NC,41429.939,211495.799,5768.5,7159.9648,100,31.75,8,50,0,22,100,8750.0,174401.0,58032.4,3.00524,0.000807067,6.02841,1,594.1471602,54921.5,18432.9,2.97954,0.000621786,2.05686,0,292.103939,6196.43,1938.26,3.1969,0.00029361,0.477795,6,-323.2176221,18604.0,3250.09,5.72415,0.00131724,1.06528
69.826607,1,AUTO,ARMED,5,AVAILABLE,UNAVAILABLE,UNAVAILABLE,68,5,ACTIVE,41,E_P3_NEW3-A3.NC,E_P3_NEW3-A3.NC,41429.939,211495.799,5768.5,7159.9648,100,31.75,8,50,0,12,100,8750.0,10558.1,268.802,39.2784,0.000187978,0.122133,1,600.6967679,11185.9,172.434,64.8706,0.000238972,0.179749,0,292.1043181,2689.92,117.152,22.9609,9.69642e-05,0.0524434,6,-323.2174733,1826.75,581.275,3.14266,0.000202437,0.196305
69.994766,1,AUTO,ARMED,5,AVAILABLE,UNAVAILABLE,UNAVAILABLE,68,5,ACTIVE,41,E_P3_NEW3-A3.NC,E_P3_NEW3-A3.NC,41429.939,211495.799,5768.5,7159.9648,100,31.75,8,50,0,3,100,8750.0,10558.1,268.802,39.2784,0.000187978,0.122133,0,603.966379,11185.9,172.434,64.8706,0.000238972,0.179749,0,292.1040463,2689.92,117.152,22.9609,9.69642e-05,0.0524434,6,-323.2175305,1826.75,581.275,3.14266,0.000202437,0.196305
70.156367,1,AUTO,ARMED,5,AVAILABLE,UNAVAILABLE,UNAVAILABLE,68,5,ACTIVE,41,E_P3_NEW3-A3.NC,E_P3_NEW3-A3.NC,41429.939,211495.799,5768.5,7159.9648,100,31.75,8,50,0,1,100,8750.0,10558.1,268.802,39.2784,0.000187978,0.122133,0,610.505641,11185.9,172.434,64.8706,0.000238972,0.179749,0,292.1039033,2689.92,117.152,22.9609,9.69642e-05,0.0524434,6,-323.2175763,1826.75,581.275,3.14266,0.000202437,0.196305
70.297515,1,AUTO,ARMED,5,AVAILABLE,UNAVAILABLE,UNAVAILABLE,68,5,ACTIVE,41,E_P3_NEW3-A3.NC,E_P3_NEW3-A3.NC,41429.939,211495.799,5768.5,3444.7998,100,17.95,8,50,0,2,100,8750.0,10558.1,268.802,39.2784,0.000187978,0.122133,0,611.6625165,11185.9,172.434,64.8706,0.000238972,0.179749,0,292.1039033,2689.92,117.152,22.9609,9.69642e-05,0.0524434,6,-323.2175992,1826.75,581.275,3.14266,0.000202437,0.196305
70.439191,1,AUTO,ARMED,5,AVAILABLE,UNAVAILABLE,UNAVAILABLE,69,5,ACTIVE,41,E_P3_NEW3-A3.NC,E_P3_NEW3-A3.NC,41429.939,211495.799,5768.5,3444.7998,100,0.0,8,50,0,2,100,8750.0,10558.1,268.802,39.2784,0.000187978,0.122133,0,611.6668938,11185.9,172.434,64.8706,0.000238972,0.179749,0,292.1039033,2689.92,117.152,22.9609,9.69642e-05,0.0524434,6,-323.2175992,1826.75,581.275,3.14266,0.000202437,0.196305
70.589272,1,AUTO,ARMED,5,AVAILABLE,UNAVAILABLE,UNAVAILABLE,69,5,ACTIVE,41,E_P3_NEW3-A3.NC,E_P3_NEW3-A3.NC,41429.939,211495.799,5768.5,3444.7998,100,0.0,9,50,0,2,100,8750.0,10558.1,268.802,39.2784,0.000187978,0.122133,0,611.6668724,11185.9,172.434,64.8706,0.000238972,0.179749,0,292.1038961,2689.92,117.152,22.9609,9.69642e-05,0.0524434,6,-323.2175992,1826.75,581.275,3.14266,0.000202437,0.196305
70.736387,1,AUTO,ARMED,5,AVAILABLE,UNAVAILABLE,UNAVAILABLE,69,5,ACTIVE,41,E_P3_NEW3-A3.NC,E_P3_NEW3-A3.NC,41429.939,211495.799,5768.5,3444.7998,100,0.0,9,50,0,5,100,8750.0,10558.1,268.802,39.2784,0.000187978,0.122133,0,611.6668295,11185.9,172.434,64.8706,0.000238972,0.179749,0,292.1038961,2689.92,117.152,22.9609,9.69642e-05,0.0524434,6,-323.2175992,1826.75,581.275,3.14266,0.000202437,0.196305
70.879623,1,AUTO,ARMED,5,AVAILABLE,UNAVAILABLE,UNAVAILABLE,69,5,ACTIVE,41,E_P3_NEW3-A3.NC,E_P3_NEW3-A3.NC,41429.939,211495.799,5768.5,3444.7998,100,0.0,9,50,0,5,100,8750.0,15549.2,256.581,60.6015,0.000221296,0.121111,0,611.6668223,11161.9,478.671,23.3185,0.000258491,0.222055,0,292.1038961,5067.62,2104.8,2.40765,0.000121934,0.268499,6,-323.2176106,6633.97,548.694,12.0905,0.00038419,0.191837
71.019836,1,AUTO,ARMED,5,AVAILABLE,UNAVAILABLE,UNAVAILABLE,69,5,ACTIVE,41,E_P3_NEW3-A3.NC,E_P3_NEW3-A3.NC,41429.939,211495.799,5768.5,3444.7998,100,0.0,9,50,0,4,100,8750.0,15549.2,256.581,60.6015,0.000221296,0.121111,0,611.6668152,11161.9,478.671,23.3185,0.000258491,0.222055,0,292.1038961,5067.62,2104.8,2.40765,0.000121934,0.268499,6,-323.2176106,6633.97,548.694,12.0905,0.00038419,0.191837
71.163979,1,AUTO,ARMED,5,AVAILABLE,UNAVAILABLE,UNAVAILABLE,69,5,ACTIVE,41,E_P3_NEW3-A3.NC,E_P3_NEW3-A3.NC,41429.939,211495.799,5768.5,5325.3833,100,0.0,9,50,0,3,100,8750.0,15549.2,256.581,60.6015,0.000221296,0.121111,0,611.6668152,11161.9,478.671,23.3185,0.000258491,0.222055,0,292.1039033,5067.62,2104.8,2.40765,0.000121934,0.268499,6,-323.2175992,6633.97,548.694,12.0905,0.00038419,0.191837
71.319684,1,AUTO,ARMED,5,AVAILABLE,UNAVAILABLE,UNAVAILABLE,70,5,ACTIVE,41,E_P3_NEW3-A3.NC,E_P3_NEW3-A3.NC,41429.939,211495.799,5768.5,5325.3833,100,0.0,9,50,0,3,100,8750.0,15549.2,256.581,60.6015,0.000221296,0.121111,0,611.666808,11161.9,478.671,23.3185,0.000258491,0.222055,0,292.1039033,5067.62,2104.8,2.40765,0.000121934,0.268499,6,-323.2175992,6633.97,548.694,12.0905,0.00038419,0.191837
71.486138,1,AUTO,ARMED,5,AVAILABLE,UNAVAILABLE,UNAVAILABLE,71,5,ACTIVE,41,E_P3_NEW3-A3.NC,E_P3_NEW3-A3.NC,41429.939,211495.799,5768.5,5325.3833,100,17.35,9,50,0,3,100,8750.0,15549.2,256.581,60.6015,0.000221296,0.121111,0,606.6674651,11161.9,478.671,23.3185,0.000258491,0.222055,1,292.7388221,5067.62,2104.8,2.40765,0.000121934,0.268499,6,-323.2175992,6633.97,548.694,12.0905,0.00038419,0.191837
71.639734,1,AUTO,ARMED,5,AVAILABLE,UNAVAILABLE,UNAVAILABLE,71,5,ACTIVE,41,E_P3_NEW3-A3.NC,E_P3_NEW3-A3.NC,41429.939,211495.799,5768.5,5325.3833,100,30.63333,10,50,0,3,100,8750.0,15549.2,256.581,60.6015,0.000221296,0.121111,0,603.3899415,11161.9,478.671,23.3185,0.000258491,0.222055,0,292.7389008,5067.62,2104.8,2.40765,0.000121934,0.268499,6,-323.2175992,6633.97,548.694,12.0905,0.00038419,0.191837
71.787436,1,AUTO,ARMED,5,AVAILABLE,UNAVAILABLE,UNAVAILABLE,71,5,ACTIVE,41,E_P3_NEW3-A3.NC,E_P3_NEW3-A3.NC,41429.939,211495.799,5768.5,5325.3833,100,31.75,10,50,0,6,100,8750.0,18308.8,4689.19,3.90447,0.000352458,0.665606,0,600.134355,15938.7,2923.1,5.45267,0.000329178,0.403826,0,292.738164,4827.45,2005.59,2.407,0.000143695,0.291125,6,-323.2176221,6898.37,1778.34,3.87911,0.00027812,0.499634
72.071373,1,AUTO,ARMED,5,AVAILABLE,UNAVAILABLE,UNAVAILABLE,71,5,ACTIVE,41,E_P3_NEW3-A3.NC,E_P3_NEW3-A3.NC,41429.939,211495.799,5768.5,5325.3833,100,31.75,10,50,0,22,100,8750.0,18308.8,4689.19,3.90447,0.000352458,0.665606,0,590.3167617,15938.7,2923.1,5.45267,0.000329178,0.403826,0,292.7389222,4827.45,2005.59,2.407,0.000143695,0.291125,6,-323.2175649,6898.37,1778.34,3.87911,0.00027812,0.499634
72.254022,1,AUTO,ARMED,5,AVAILABLE,UNAVAILABLE,UNAVAILABLE,71,5,ACTIVE,41,E_P3_NEW3-A3.NC,E_P3_NEW3-A3.NC,41429.939,211495.799,5768.5,6354.0483,100,31.75,10,50,0,23,100,8750.0,18308.8,4689.19,3.90447,0.000352458,0.665606,0,587.0544374,15938.7,2923.1,5.45267,0.000329178,0.403826,0,292.7389365,4827.45,2005.59,2.407,0.000143695,0.291125,6,-323.2175763,6898.37,1778.34,3.87911,0.00027812,0.499634
72.416859,1,AUTO,ARMED,5,AVAILABLE,UNAVAILABLE,UNAVAILABLE,71,5,ACTIVE,41,E_P3_NEW3-A3.NC,E_P3_NEW3-A3.NC,41429.939,211495.799,5768.5,6354.0483,100,31.75,10,50,0,18,100,8750.0,18308.8,4689.19,3.90447,0.000352458,0.665606,0,577.2437146,15938.7,2923.1,5.45267,0.000329178,0.403826,0,292.7389151,4827.45,2005.59,2.407,0.000143695,0.291125,6,-323.2175649,6898.37,1778.34,3.87911,0.00027812,0.499634
72.5785,1,AUTO,ARMED,5,AVAILABLE,UNAVAILABLE,UNAVAILABLE,71,5,ACTIVE,41,E_P3_NEW3-A3.NC,E_P3_NEW3-A3.NC,41429.939,211495.799,5768.5,6354.0483,100,31.75,11,50,0,17,100,8750.0,18308.8,4689.19,3.90447,0.000352458,0.665606,0,573.9656194,15938.7,2923.1,5.45267,0.000329178,0.403826,0,292.7389222,4827.45,2005.59,2.407,0.000143695,0.291125,6,-323.2175649,6898.37,1778.34,3.87911,0.00027812,0.499634
72.722495,1,AUTO,ARMED,5,AVAILABLE,UNAVAILABLE,UNAVAILABLE,71,5,ACTIVE,41,E_P3_NEW3-A3.NC,E_P3_NEW3-A3.NC,41429.939,211495.799,5768.5,6354.0483,100,31.75,11,50,0,16,100,8750.0,18308.8,4689.19,3.90447,0.000352458,0.665606,0,570.6872452,15938.7,2923.1,5.45267,0.000329178,0.403826,0,292.7389079,4827.45,2005.59,2.407,0.000143695,0.291125,6,-323.2175534,6898.37,1778.34,3.87911,0.00027812,0.499634
72.945181,1,AUTO,ARMED,5,AVAILABLE,UNAVAILABLE,UNAVAILABLE,71,5,ACTIVE,41,E_P3_NEW3-A3.NC,E_P3_NEW3-A3.NC,41429.939,211495.799,5768.5,6354.0483,100,31.75,11,50,0,18,100,8750.0,16725.0,1889.47,8.85169,0.000396033,0.382972,0,560.8843594,16850.9,255.572,65.9341,0.000184674,0.150748,0,292.7389151,5115.65,118.404,43.205,0.000105687,0.0583043,6,-323.2175534,6537.83,602.955,10.843,0.000119975,0.19501
73.175929,1,AUTO,ARMED,5,AVAILABLE,UNAVAILABLE,UNAVAILABLE,71,5,ACTIVE,41,E_P3_NEW3-A3.NC,E_P3_NEW3-A3.NC,41429.939,211495.799,5768.5,6354.0483,100,31.75,11,50,0,18,100,8750.0,16725.0,1889.47,8.85169,0.000396033,0.382972,0,555.9870145,16850.9,255.572,65.9341,0.000184674,0.150748,0,292.7389008,5115.65,118.404,43.205,0.000105687,0.0583043,6,-323.2175763,6537.83,602.955,10.843,0.000119975,0.19501
73.359461,1,AUTO,ARMED,5,AVAILABLE,UNAVAILABLE,UNAVAILABLE,71,5,ACTIVE,41,E_P3_NEW3-A3.NC,E_P3_NEW3-A3.NC,41429.939,211495.799,5768.5,6354.0483,100,31.75,11,50,0,17,100,8750.0,16725.0,1889.47,8.85169,0.000396033,0.382972,0,552.7088167,16850.9,255.572,65.9341,0.000184674,0.150748,0,292.7389008,5115.65,118.404,43.205,0.000105687,0.0583043,6,-323.2175763,6537.83,602.955,10.843,0.000119975,0.19501
73.498237,1,AUTO,ARMED,5,AVAILABLE,UNAVAILABLE,UNAVAILABLE,71,5,ACTIVE,41,E_P3_NEW3-A3.NC,E_P3_NEW3-A3.NC,41429.939,211495.799,5768.5,2851.4521,100,31.75,12,50,0,14,100,8750.0,16725.0,1889.47,8.85169,0.000396033,0.382972,0,542.891332,16850.9,255.572,65.9341,0.000184674,0.150748,0,292.7397734,5115.65,118.404,43.205,0.000105687,0.0583043,6,-323.2175534,6537.83,602.955,10.843,0.000119975,0.19501
73.645788,1,AUTO,ARMED,5,AVAILABLE,UNAVAILABLE,UNAVAILABLE,71,5,ACTIVE,41,E_P3_NEW3-A3.NC,E_P3_NEW3-A3.NC,41429.939,211495.799,5768.5,2851.4521,100,31.75,12,50,0,4,100,8750.0,16725.0,1889.47,8.85169,0.000396033,0.382972,0,539.620065,16850.9,255.572,65.9341,0.000184674,0.150748,0,292.739194,5115.65,118.404,43.205,0.000105687,0.0583043,6,-323.2175763,6537.83,602.955,10.843,0.000119975,0.19501
73.792201,1,AUTO,ARMED,5,AVAILABLE,UNAVAILABLE,UNAVAILABLE,71,5,ACTIVE,41,E_P3_NEW3-A3.NC,E_P3_NEW3-A3.NC,41429.939,211495.799,5768.5,2851.4521,100,31.75,12,50,0,0,100,8750.0,16725.0,1889.47,8.85169,0.000396033,0.382972,0,536.3576098,16850.9,255.572,65.9341,0.000184674,0.150748,0,292.7389651,5115.65,118.404,43.205,0.000105687,0.0583043,6,-323.2175878,6537.83,602.955,10.843,0.000119975,0.19501
73.937234,1,AUTO,ARMED,5,AVAILABLE,UNAVAILABLE,UNAVAILABLE,71,5,ACTIVE,41,E_P3_NEW3-A3.NC,E_P3_NEW3-A3.NC,41429.939,211495.799,5768.5,2851.4521,100,31.75,12,50,0,0,100,8750.0,16725.0,1889.47,8.85169,0.000396033,0.382972,0,533.0875017,16850.9,255.572,65.9341,0.000184674,0.150748,0,292.7389079,5115.65,118.404,43.205,0.000105687,0.0583043,6,-323.2175878,6537.83,602.955,10.843,0.000119975,0.19501
74.095494,1,AUTO,ARMED,5,AVAILABLE,UNAVAILABLE,UNAVAILABLE,71,5,ACTIVE,41,E_P3_NEW3-A3.NC,E_P3_NEW3-A3.NC,41429.939,211495.799,5768.5,2851.4521,100,27.73333,12,50,0,0,100,8750.0,3719.34,228.042,16.3099,0.000161802,0.115161,0,530.4540192,8929.54,202.73,44.0465,0.000228272,0.187241,0,292.7389008,768.548,113.901,6.74751,6.34157e-05,0.0524392,6,-323.2175992,1706.56,570.7,2.99029,0.000214885,0.191119
74.236124,1,AUTO,ARMED,5,AVAILABLE,UNAVAILABLE,UNAVAILABLE,72,5,ACTIVE,41,E_P3_NEW3-A3.NC,E_P3_NEW3-A3.NC,41429.939,211495.799,5768.5,2851.4521,100,0.0,12,50,0,3,100,8750.0,3719.34,228.042,16.3099,0.000161802,0.115161,0,530.3866989,8929.54,202.73,44.0465,0.000228272,0.187241,0,292.7389008,768.548,113.901,6.74751,6.34157e-05,0.0524392,6,-323.2175992,1706.56,570.7,2.99029,0.000214885,0.191119
74.38402,1,AUTO,ARMED,5,AVAILABLE,UNAVAILABLE,UNAVAILABLE,72,5,ACTIVE,41,E_P3_NEW3-A3.NC,E_P3_NEW3-A3.NC,41429.939,211495.799,5768.5,2851.4521,100,0.0,12,50,0,4,100,8750.0,3719.34,228.042,16.3099,0.000161802,0.115161,0,530.3867275,8929.54,202.73,44.0465,0.000228272,0.187241,0,292.7389008,768.548,113.901,6.74751,6.34157e-05,0.0524392,6,-323.2175992,1706.56,570.7,2.99029,0.000214885,0.191119
74.529531,1,AUTO,ARMED,5,AVAILABLE,UNAVAILABLE,UNAVAILABLE,72,5,ACTIVE,41,E_P3_NEW3-A3.NC,E_P3_NEW3-A3.NC,41429.939,211495.799,5768.5,3278.6047,100,0.0,13,50,0,4,100,8750.0,3719.34,228.042,16.3099,0.000161802,0.115161,0,530.3867418,8929.54,202.73,44.0465,0.000228272,0.187241,0,292.7389008,768.548,113.901,6.74751,6.34157e-05,0.0524392,6,-323.2175992,1706.56,570.7,2.99029,0.000214885,0.191119
74.673556,1,AUTO,ARMED,5,AVAILABLE,UNAVAILABLE,UNAVAILABLE,72,5,ACTIVE,41,E_P3_NEW3-A3.NC,E_P3_NEW3-A3.NC,41429.939,211495.799,5768.5,3278.6047,100,0.0,13,50,0,3,100,8750.0,3719.34,228.042,16.3099,0.000161802,0.115161,0,530.3867704,8929.54,202.73,44.0465,0.000228272,0.187241,0,292.7389008,768.548,113.901,6.74751,6.34157e-05,0.0524392,6,-323.2175992,1706.56,570.7,2.99029,0.000214885,0.191119
74.823028,1,AUTO,ARMED,5,AVAILABLE,UNAVAILABLE,UNAVAILABLE,72,5,ACTIVE,41,E_P3_NEW3-A3.NC,E_P3_NEW3-A3.NC,41429.939,211495.799,5768.5,3278.6047,100,0.0,13,50,0,3,100,8750.0,3719.34,228.042,16.3099,0.000161802,0.115161,0,530.3867776,8929.54,202.73,44.0465,0.000228272,0.187241,0,292.7389079,768.548,113.901,6.74751,6.34157e-05,0.0524392,6,-323.2175992,1706.56,570.7,2.99029,0.000214885,0.191119
74.963077,1,AUTO,ARMED,5,AVAILABLE,UNAVAILABLE,UNAVAILABLE,72,5,ACTIVE,41,E_P3_NEW3-A3.NC,E_P3_NEW3-A3.NC,41429.939,211495.799,5768.5,3278.6047,100,0.0,13,50,0,2,100,8750.0,3719.34,228.042,16.3099,0.000161802,0.115161,0,530.3867847,8929.54,202.73,44.0465,0.000228272,0.187241,0,292.7389008,768.548,113.901,6.74751,6.34157e-05,0.0524392,6,-323.2175992,1706.56,570.7,2.99029,0.000214885,0.191119
75.105744,1,AUTO,ARMED,5,AVAILABLE,UNAVAILABLE,UNAVAILABLE,75,5,ACTIVE,41,E_P3_NEW3-A3.NC,E_P3_NEW3-A3.NC,41429.939,211495.799,5768.5,3278.6047,100,0.0,13,50,0,4,100,8750.0,3719.34,228.042,16.3099,0.000161802,0.115161,0,530.3867919,8929.54,202.73,44.0465,0.000228272,0.187241,0,293.37309,768.548,113.901,6.74751,6.34157e-05,0.0524392,6,-323.2175763,1706.56,570.7,2.99029,0.000214885,0.191119
75.245628,1,AUTO,ARMED,5,AVAILABLE,UNAVAILABLE,UNAVAILABLE,76,5,ACTIVE,41,E_P3_NEW3-A3.NC,E_P3_NEW3-A3.NC,41429.939,211495.799,5768.5,3278.6047,100,0.0,13,50,0,3,100,8750.0,3575.36,239.874,14.9052,0.000206503,0.115177,0,530.386799,1104.19,188.335,5.8629,0.000254491,0.186008,0,293.3737266,768.547,109.214,7.03707,6.49943e-05,0.0471575,6,-323.2175878,1634.46,601.815,2.71588,0.000184528,0.198922
75.386248,1,AUTO,ARMED,5,AVAILABLE,UNAVAILABLE,UNAVAILABLE,76,5,ACTIVE,41,E_P3_NEW3-A3.NC,E_P3_NEW3-A3.NC,41429.939,211495.799,5768.5,3278.6047,100,0.0,13,50,0,3,100,8750.0,3575.36,239.874,14.9052,0.000206503,0.115177,0,530.3867919,1104.19,188.335,5.8629,0.000254491,0.186008,0,293.3738911,768.547,109.214,7.03707,6.49943e-05,0.0471575,6,-323.2175878,1634.46,601.815,2.71588,0.000184528,0.198922
75.532084,1,AUTO,ARMED,5,AVAILABLE,UNAVAILABLE,UNAVAILABLE,76,5,ACTIVE,41,E_P3_NEW3-A3.NC,E_P3_NEW3-A3.NC,41429.939,211495.799,5768.5,3278.6047,100,0.0,13,50,0,3,100,8750.0,3575.36,239.874,14.9052,0.000206503,0.115177,0,530.3867919,1104.19,188.335,5.8629,0.000254491,0.186008,0,293.3739054,768.547,109.214,7.03707,6.49943e-05,0.0471575,6,-323.2175878,1634.46,601.815,2.71588,0.000184528,0.198922
75.675316,1,AUTO,ARMED,5,AVAILABLE,UNAVAILABLE,UNAVAILABLE,76,5,ACTIVE,41,E_P3_NEW3-A3.NC,E_P3_NEW3-A3.NC,41429.939,211495.799,5768.5,3310.2161,100,0.0,14,50,0,3,100,8750.0,3575.36,239.874,14.9052,0.000206503,0.115177,0,530.3867919,1104.19,188.335,5.8629,0.000254491,0.186008,0,293.3739125,768.547,109.214,7.03707,6.49943e-05,0.0471575,6,-323.2175878,1634.46,601.815,2.71588,0.000184528,0.198922
75.820482,1,AUTO,ARMED,5,AVAILABLE,UNAVAILABLE,UNAVAILABLE,76,5,ACTIVE,41,E_P3_NEW3-A3.NC,E_P3_NEW3-A3.NC,41429.939,211495.799,5768.5,3310.2161,100,0.0,14,50,0,3,100,8750.0,3575.36,239.874,14.9052,0.000206503,0.115177,0,530.386799,1104.19,188.335,5.8629,0.000254491,0.186008,0,293.3739054,768.547,109.214,7.03707,6.49943e-05,0.0471575,6,-323.2175878,1634.46,601.815,2.71588,0.000184528,0.198922
75.977036,1,AUTO,ARMED,5,AVAILABLE,UNAVAILABLE,UNAVAILABLE,76,5,ACTIVE,41,E_P3_NEW3-A3.NC,E_P3_NEW3-A3.NC,41429.939,211495.799,5768.5,3310.2161,100,0.0,14,50,0,3,100,8750.0,3575.36,239.874,14.9052,0.000206503,0.115177,0,530.386799,1104.19,188.335,5.8629,0.000254491,0.186008,0,293.3739125,768.547,109.214,7.03707,6.49943e-05,0.0471575,6,-323.2175878,1634.46,601.815,2.71588,0.000184528,0.198922
76.137028,1,AUTO,ARMED,5,AVAILABLE,UNAVAILABLE,UNAVAILABLE,76,5,ACTIVE,41,E_P3_NEW3-A3.NC,E_P3_NEW3-A3.NC,41429.939,211495.799,5768.5,3310.2161,100,0.0,14,50,0,3,100,8750.0,3575.36,239.874,14.9052,0.000206503,0.115177,0,530.386799,1104.19,188.335,5.8629,0.000254491,0.186008,0,293.3739054,768.547,109.214,7.03707,6.49943e-05,0.0471575,6,-323.2175878,1634.46,601.815,2.71588,0.000184528,0.198922
76.282864,1,AUTO,ARMED,5,AVAILABLE,UNAVAILABLE,UNAVAILABLE,76,5,ACTIVE,41,E_P3_NEW3-A3.NC,E_P3_NEW3-A3.NC,41429.939,211495.799,5768.5,3310.2161,100,0.0,14,50,0,3,100,8750.0,202212.0,64178.8,3.15076,0.000946256,6.91593,0,530.5815368,60946.5,17764.6,3.43078,0.000746396,1.69999,0,293.3739054,13425.6,1715.93,7.8241,0.000428851,0.464477,6,-323.2175763,18243.4,3512.68,5.19358,0.00120161,1.10814
76.452496,1,AUTO,ARMED,5,AVAILABLE,UNAVAILABLE,UNAVAILABLE,77,5,ACTIVE,41,E_P3_NEW3-A3.NC,E_P3_NEW3-A3.NC,41429.939,211495.799,5768.5,3310.2161,100,38.1,14,50,0,4,100,8750.0,202212.0,64178.8,3.15076,0.000946256,6.91593,0,541.9058232,60946.5,17764.6,3.43078,0.000746396,1.69999,0,293.3737409,13425.6,1715.93,7.8241,0.000428851,0.464477,6,-323.2176106,18243.4,3512.68,5.19358,0.00120161,1.10814
76.598447,1,AUTO,ARMED,5,AVAILABLE,UNAVAILABLE,UNAVAILABLE,77,5,ACTIVE,41,E_P3_NEW3-A3.NC,E_P3_NEW3-A3.NC,41429.939,211495.799,5768.5,3310.2161,100,38.1,15,50,0,12,100,8750.0,202212.0,64178.8,3.15076,0.000946256,6.91593,1,545.8316909,60946.5,17764.6,3.43078,0.000746396,1.69999,0,293.3735406,13425.6,1715.93,7.8241,0.000428851,0.464477,6,-323.217748,18243.4,3512.68,5.19358,0.00120161,1.10814
76.748936,1,AUTO,ARMED,5,AVAILABLE,UNAVAILABLE,UNAVAILABLE,77,5,ACTIVE,41,E_P3_NEW3-A3.NC,E_P3_NEW3-A3.NC,41429.939,211495.799,5768.5,7904.3887,100,38.1,15,50,0,31,100,8750.0,202212.0,64178.8,3.15076,0.000946256,6.91593,2,549.7659628,60946.5,17764.6,3.43078,0.000746396,1.69999,0,293.373748,13425.6,1715.93,7.8241,0.000428851,0.464477,7,-323.2175191,18243.4,3512.68,5.19358,0.00120161,1.10814
76.894298,1,AUTO,ARMED,5,AVAILABLE,UNAVAILABLE,UNAVAILABLE,77,5,ACTIVE,41,E_P3_NEW3-A3.NC,E_P3_NEW3-A3.NC,41429.939,211495.799,5768.5,7904.3887,100,38.1,15,50,0,32,100,8750.0,202212.0,64178.8,3.15076,0.000946256,6.91593,2,557.6049097,60946.5,17764.6,3.43078,0.000746396,1.69999,0,293.3738982,13425.6,1715.93,7.8241,0.000428851,0.464477,7,-323.2177365,18243.4,3512.68,5.19358,0.00120161,1.10814
77.038531,1,AUTO,ARMED,5,AVAILABLE,UNAVAILABLE,UNAVAILABLE,77,5,ACTIVE,41,E_P3_NEW3-A3.NC,E_P3_NEW3-A3.NC,41429.939,211495.799,5768.5,7904.3887,100,38.1,15,50,0,30,100,8750.0,202212.0,64178.8,3.15076,0.000946256,6.91593,1,557.6049097,60946.5,17764.6,3.43078,0.000746396,1.69999,0,293.3738982,13425.6,1715.93,7.8241,0.000428851,0.464477,6,-323.2177365,18243.4,3512.68,5.19358,0.00120161,1.10814
77.206114,1,AUTO,ARMED,5,AVAILABLE,UNAVAILABLE,UNAVAILABLE,77,5,ACTIVE,41,E_P3_NEW3-A3.NC,E_P3_NEW3-A3.NC,41429.939,211495.799,5768.5,7904.3887,100,38.1,15,50,0,30,100,8750.0,202212.0,64178.8,3.15076,0.000946256,6.91593,1,567.4155805,60946.5,17764.6,3.43078,0.000746396,1.69999,0,293.3739912,13425.6,1715.93,7.8241,0.000428851,0.464477,6,-323.2177365,18243.4,3512.68,5.19358,0.00120161,1.10814
77.365814,1,AUTO,ARMED,5,AVAILABLE,UNAVAILABLE,UNAVAILABLE,77,5,ACTIVE,41,E_P3_NEW3-A3.NC,E_P3_NEW3-A3.NC,41429.939,211495.799,5768.5,7904.3887,100,38.1,15,50,0,24,100,8750.0,205020.0,58274.7,3.51816,0.000854252,6.20887,1,575.2738324,65315.3,9551.65,6.83812,0.000509488,1.14084,0,293.3737981,7205.15,662.531,10.8752,0.000117332,0.106645,6,-323.217542,28627.0,3232.02,8.85731,0.00121899,0.926191
77.507327,1,AUTO,ARMED,5,AVAILABLE,UNAVAILABLE,UNAVAILABLE,77,5,ACTIVE,41,E_P3_NEW3-A3.NC,E_P3_NEW3-A3.NC,41429.939,211495.799,5768.5,7904.3887,100,38.1,15,50,0,22,100,8750.0,205020.0,58274.7,3.51816,0.000854252,6.20887,1,579.1981233,65315.3,9551.65,6.83812,0.000509488,1.14084,0,293.3738625,7205.15,662.531,10.8752,0.000117332,0.106645,6,-323.2175763,28627.0,3232.02,8.85731,0.00121899,0.926191
77.653113,1,AUTO,ARMED,5,AVAILABLE,UNAVAILABLE,UNAVAILABLE,77,5,ACTIVE,41,E_P3_NEW3-A3.NC,E_P3_NEW3-A3.NC,41429.939,211495.799,5768.5,7904.3887,100,38.1,16,50,0,23,100,8750.0,205020.0,58274.7,3.51816,0.000854252,6.20887,1,583.1222282,65315.3,9551.65,6.83812,0.000509488,1.14084,0,293.3739554,7205.15,662.531,10.8752,0.000117332,0.106645,6,-323.2177708,28627.0,3232.02,8.85731,0.00121899,0.926191
77.794402,1,AUTO,ARMED,5,AVAILABLE,UNAVAILABLE,UNAVAILABLE,77,5,ACTIVE,41,E_P3_NEW3-A3.NC,E_P3_NEW3-A3.NC,41429.939,211495.799,5768.5,4756.7378,100,38.1,16,50,0,23,100,8750.0,205020.0,58274.7,3.51816,0.000854252,6.20887,1,590.9711537,65315.3,9551.65,6.83812,0.000509488,1.14084,0,293.3737981,7205.15,662.531,10.8752,0.000117332,0.106645,6,-323.2175763,28627.0,3232.02,8.85731,0.00121899,0.926191
77.939449,1,AUTO,ARMED,5,AVAILABLE,UNAVAILABLE,UNAVAILABLE,77,5,ACTIVE,41,E_P3_NEW3-A3.NC,E_P3_NEW3-A3.NC,41429.939,211495.799,5768.5,4756.7378,100,38.1,16,50,0,23,100,8750.0,205020.0,58274.7,3.51816,0.000854252,6.20887,1,594.8951105,65315.3,9551.65,6.83812,0.000509488,1.14084,0,293.3739054,7205.15,662.531,10.8752,0.000117332,0.106645,6,-323.2175878,28627.0,3232.02,8.85731,0.00121899,0.926191
78.0855,1,AUTO,ARMED,5,AVAILABLE,UNAVAILABLE,UNAVAILABLE,77,5,ACTIVE,41,E_P3_NEW3-A3.NC,E_P3_NEW3-A3.NC,41429.939,211495.799,5768.5,4756.7378,100,38.1,16,50,0,25,100,8750.0,205020.0,58274.7,3.51816,0.000854252,6.20887,1,598.8124941,65315.3,9551.65,6.83812,0.000509488,1.14084,0,293.3742058,7205.15,662.531,10.8752,0.000117332,0.106645,6,-323.2174619,28627.0,3232.02,8.85731,0.00121899,0.926191
78.235229,1,AUTO,ARMED,5,AVAILABLE,UNAVAILABLE,UNAVAILABLE,77,5,ACTIVE,41,E_P3_NEW3-A3.NC,E_P3_NEW3-A3.NC,41429.939,211495.799,5768.5,4756.7378,100,38.1,16,50,0,1,100,8750.0,205020.0,58274.7,3.51816,0.000854252,6.20887,0,610.5703279,65315.3,9551.65,6.83812,0.000509488,1.14084,0,293.3739197,7205.15,662.531,10.8752,0.000117332,0.106645,6,-323.2175534,28627.0,3232.02,8.85731,0.00121899,0.926191
78.388821,1,AUTO,ARMED,5,AVAILABLE,UNAVAILABLE,UNAVAILABLE,77,5,ACTIVE,41,E_P3_NEW3-A3.NC,E_P3_NEW3-A3.NC,41429.939,211495.799,5768.5,4756.7378,100,29.18333,16,50,0,2,100,8750.0,4127.26,264.843,15.5838,0.000177616,0.112833,1,611.6621231,6097.06,158.158,38.5504,0.000235137,0.163079,0,293.3739054,840.599,108.441,7.75167,6.88244e-05,0.0477606,6,-323.2175763,1706.56,522.6,3.26552,0.000165846,0.177917
78.53994,1,AUTO,ARMED,5,AVAILABLE,UNAVAILABLE,UNAVAILABLE,78,5,ACTIVE,41,E_P3_NEW3-A3.NC,E_P3_NEW3-A3.NC,41429.939,211495.799,5768.5,4756.7378,100,19.45,16,50,0,1,100,8750.0,4127.26,264.843,15.5838,0.000177616,0.112833,1,611.6666864,6097.06,158.158,38.5504,0.000235137,0.163079,0,293.3739054,840.599,108.441,7.75167,6.88244e-05,0.0477606,6,-323.2175878,1706.56,522.6,3.26552,0.000165846,0.177917
78.694579,1,AUTO,ARMED,5,AVAILABLE,UNAVAILABLE,UNAVAILABLE,78,5,ACTIVE,41,E_P3_NEW3-A3.NC,E_P3_NEW3-A3.NC,41429.939,211495.799,5768.5,4756.7378,100,0.0,17,50,0,3,100,8750.0,4127.26,264.843,15.5838,0.000177616,0.112833,0,611.6668795,6097.06,158.158,38.5504,0.000235137,0.163079,0,293.3738911,840.599,108.441,7.75167,6.88244e-05,0.0477606,6,-323.2175878,1706.56,522.6,3.26552,0.000165846,0.177917
78.83541,1,AUTO,ARMED,5,AVAILABLE,UNAVAILABLE,UNAVAILABLE,78,5,ACTIVE,41,E_P3_NEW3-A3.NC,E_P3_NEW3-A3.NC,41429.939,211495.799,5768.5,3271.4678,100,0.0,17,50,0,4,100,8750.0,4127.26,264.843,15.5838,0.000177616,0.112833,0,611.6668581,6097.06,158.158,38.5504,0.000235137,0.163079,0,293.3739054,840.599,108.441,7.75167,6.88244e-05,0.0477606,6,-323.2175878,1706.56,522.6,3.26552,0.000165846,0.177917
78.975048,1,AUTO,ARMED,5,AVAILABLE,UNAVAILABLE,UNAVAILABLE,78,5,ACTIVE,41,E_P3_NEW3-A3.NC,E_P3_NEW3-A3.NC,41429.939,211495.799,5768.5,3271.4678,100,0.0,17,50,0,5,100,8750.0,4127.26,264.843,15.5838,0.000177616,0.112833,0,611.6668438,6097.06,158.158,38.5504,0.000235137,0.163079,0,293.3738982,840.599,108.441,7.75167,6.88244e-05,0.0477606,6,-323.2175763,1706.56,522.6,3.26552,0.000165846,0.177917
79.119415,1,AUTO,ARMED,5,AVAILABLE,UNAVAILABLE,UNAVAILABLE,78,5,ACTIVE,41,E_P3_NEW3-A3.NC,E_P3_NEW3-A3.NC,41429.939,211495.799,5768.5,3271.4678,100,0.0,17,50,0,4,100,8750.0,4127.26,264.843,15.5838,0.000177616,0.112833,0,611.6668223,6097.06,158.158,38.5504,0.000235137,0.163079,0,293.3738982,840.599,108.441,7.75167,6.88244e-05,0.0477606,6,-323.2175763,1706.56,522.6,3.26552,0.000165846,0.177917
79.2801,1,AUTO,ARMED,5,AVAILABLE,UNAVAILABLE,UNAVAILABLE,78,5,ACTIVE,41,E_P3_NEW3-A3.NC,E_P3_NEW3-A3.NC,41429.939,211495.799,5768.5,3271.4678,100,0.0,17,50,0,3,100,8750.0,4127.26,264.843,15.5838,0.000177616,0.112833,0,611.666808,6097.06,158.158,38.5504,0.000235137,0.163079,0,293.3738982,840.599,108.441,7.75167,6.88244e-05,0.0477606,6,-323.2175763,1706.56,522.6,3.26552,0.000165846,0.177917
79.426873,1,AUTO,ARMED,5,AVAILABLE,UNAVAILABLE,UNAVAILABLE,78,5,ACTIVE,41,E_P3_NEW3-A3.NC,E_P3_NEW3-A3.NC,41429.939,211495.799,5768.5,3271.4678,100,0.0,17,50,0,3,100,8750.0,17900.8,5647.44,3.16972,0.000336323,0.797082,0,611.666808,18339.2,3199.96,5.73107,0.000345575,0.46962,0,293.3738982,4683.35,1562.49,2.99736,0.000131093,0.227784,6,-323.2175878,6850.3,1854.04,3.6948,0.000334971,0.541195
79.581699,1,AUTO,ARMED,5,AVAILABLE,UNAVAILABLE,UNAVAILABLE,80,5,ACTIVE,41,E_P3_NEW3-A3.NC,E_P3_NEW3-A3.NC,41429.939,211495.799,5768.5,3271.4678,100,35.61667,18,50,0,3,100,8750.0,17900.8,5647.44,3.16972,0.000336323,0.797082,3,609.6166609,18339.2,3199.96,5.73107,0.000345575,0.46962,0,294.0084522,4683.35,1562.49,2.99736,0.000131093,0.227784,6,-323.2175878,6850.3,1854.04,3.6948,0.000334971,0.541195
79.731717,1,AUTO,ARMED,5,AVAILABLE,UNAVAILABLE,UNAVAILABLE,80,5,ACTIVE,41,E_P3_NEW3-A3.NC,E_P3_NEW3-A3.NC,41429.939,211495.799,5768.5,3271.4678,100,36.45,18,50,0,3,100,8750.0,17900.8,5647.44,3.16972,0.000336323,0.797082,3,605.7070306,18339.2,3199.96,5.73107,0.000345575,0.46962,0,294.0088242,4683.35,1562.49,2.99736,0.000131093,0.227784,6,-323.2175878,6850.3,1854.04,3.6948,0.000334971,0.541195
79.872741,1,AUTO,ARMED,5,AVAILABLE,UNAVAILABLE,UNAVAILABLE,80,5,ACTIVE,41,E_P3_NEW3-A3.NC,E_P3_NEW3-A3.NC,41429.939,211495.799,5768.5,3271.4678,100,36.45,18,50,0,3,100,8750.0,17900.8,5647.44,3.16972,0.000336323,0.797082,0,601.7737605,18339.2,3199.96,5.73107,0.000345575,0.46962,0,294.0087026,4683.35,1562.49,2.99736,0.000131093,0.227784,6,-323.2175878,6850.3,1854.04,3.6948,0.000334971,0.541195
80.016976,1,AUTO,ARMED,5,AVAILABLE,UNAVAILABLE,UNAVAILABLE,80,5,ACTIVE,41,E_P3_NEW3-A3.NC,E_P3_NEW3-A3.NC,41429.939,211495.799,5768.5,7133.4082,100,38.1,18,50,0,20,100,8750.0,17900.8,5647.44,3.16972,0.000336323,0.797082,0,593.9348581,18339.2,3199.96,5.73107,0.000345575,0.46962,0,294.0088313,4683.35,1562.49,2.99736,0.000131093,0.227784,6,-323.2176335,6850.3,1854.04,3.6948,0.000334971,0.541195
80.157034,1,AUTO,ARMED,5,AVAILABLE,UNAVAILABLE,UNAVAILABLE,80,5,ACTIVE,41,E_P3_NEW3-A3.NC,E_P3_NEW3-A3.NC,41429.939,211495.799,5768.5,7133.4082,100,38.1,18,50,0,26,100,8750.0,17900.8,5647.44,3.16972,0.000336323,0.797082,0,586.076758,18339.2,3199.96,5.73107,0.000345575,0.46962,0,294.0089243,4683.35,1562.49,2.99736,0.000131093,0.227784,6,-323.2176221,6850.3,1854.04,3.6948,0.000334971,0.541195
80.298461,1,AUTO,ARMED,5,AVAILABLE,UNAVAILABLE,UNAVAILABLE,80,5,ACTIVE,41,E_P3_NEW3-A3.NC,E_P3_NEW3-A3.NC,41429.939,211495.799,5768.5,7133.4082,100,38.1,18,50,0,24,100,8750.0,17900.8,5647.44,3.16972,0.000336323,0.797082,0,582.1619196,18339.2,3199.96,5.73107,0.000345575,0.46962,0,294.0089028,4683.35,1562.49,2.99736,0.000131093,0.227784,6,-323.217645,6850.3,1854.04,3.6948,0.000334971,0.541195
80.438088,1,AUTO,ARMED,5,AVAILABLE,UNAVAILABLE,UNAVAILABLE,80,5,ACTIVE,41,E_P3_NEW3-A3.NC,E_P3_NEW3-A3.NC,41429.939,211495.799,5768.5,7133.4082,100,38.1,18,50,0,22,100,8750.0,17157.0,5072.03,3.38267,0.00034376,0.737429,0,578.237581,20571.5,4700.47,4.37648,0.00026767,0.432158,0,294.0088957,4467.19,1786.97,2.49987,0.000145371,0.262991,6,-323.217645,6489.75,823.776,7.87805,0.000273721,0.276773
80.58006,1,AUTO,ARMED,5,AVAILABLE,UNAVAILABLE,UNAVAILABLE,80,5,ACTIVE,41,E_P3_NEW3-A3.NC,E_P3_NEW3-A3.NC,41429.939,211495.799,5768.5,7133.4082,100,38.1,18,50,0,19,100,8750.0,17157.0,5072.03,3.38267,0.00034376,0.737429,0,574.3038224,20571.5,4700.47,4.37648,0.00026767,0.432158,0,294.00891,4467.19,1786.97,2.49987,0.000145371,0.262991,6,-323.2176221,6489.75,823.776,7.87805,0.000273721,0.276773
80.725894,1,AUTO,ARMED,5,AVAILABLE,UNAVAILABLE,UNAVAILABLE,80,5,ACTIVE,41,E_P3_NEW3-A3.NC,E_P3_NEW3-A3.NC,41429.939,211495.799,5768.5,7133.4082,100,38.1,19,50,0,18,100,8750.0,17157.0,5072.03,3.38267,0.00034376,0.737429,0,564.5026246,20571.5,4700.47,4.37648,0.00026767,0.432158,0,294.0089028,4467.19,1786.97,2.49987,0.000145371,0.262991,6,-323.2175878,6489.75,823.776,7.87805,0.000273721,0.276773
80.882363,1,AUTO,ARMED,5,AVAILABLE,UNAVAILABLE,UNAVAILABLE,80,5,ACTIVE,41,E_P3_NEW3-A3.NC,E_P3_NEW3-A3.NC,41429.939,211495.799,5768.5,7133.4082,100,38.1,19,50,0,18,100,8750.0,17157.0,5072.03,3.38267,0.00034376,0.737429,0,560.5686442,20571.5,4700.47,4.37648,0.00026767,0.432158,0,294.0088957,4467.19,1786.97,2.49987,0.000145371,0.262991,6,-323.2175878,6489.75,823.776,7.87805,0.000273721,0.276773
81.035826,1,AUTO,ARMED,5,AVAILABLE,UNAVAILABLE,UNAVAILABLE,80,5,ACTIVE,41,E_P3_NEW3-A3.NC,E_P3_NEW3-A3.NC,41429.939,211495.799,5768.5,3420.7026,100,38.1,19,50,0,19,100,8750.0,17157.0,5072.03,3.38267,0.00034376,0.737429,0,556.6445538,20571.5,4700.47,4.37648,0.00026767,0.432158,0,294.0088957,4467.19,1786.97,2.49987,0.000145371,0.262991,6,-323.2175878,6489.75,823.776,7.87805,0.000273721,0.276773
81.17171,1,AUTO,ARMED,5,AVAILABLE,UNAVAILABLE,UNAVAILABLE,80,5,ACTIVE,41,E_P3_NEW3-A3.NC,E_P3_NEW3-A3.NC,41429.939,211495.799,5768.5,3420.7026,100,38.1,19,50,0,20,100,8750.0,17157.0,5072.03,3.38267,0.00034376,0.737429,0,548.7863475,20571.5,4700.47,4.37648,0.00026767,0.432158,0,294.0088885,4467.19,1786.97,2.49987,0.000145371,0.262991,6,-323.2175878,6489.75,823.776,7.87805,0.000273721,0.276773
81.314957,1,AUTO,ARMED,5,AVAILABLE,UNAVAILABLE,UNAVAILABLE,80,5,ACTIVE,41,E_P3_NEW3-A3.NC,E_P3_NEW3-A3.NC,41429.939,211495.799,5768.5,3420.7026,100,38.1,19,50,0,19,100,8750.0,17157.0,5072.03,3.38267,0.00034376,0.737429,0,544.8716744,20571.5,4700.47,4.37648,0.00026767,0.432158,0,294.0092676,4467.19,1786.97,2.49987,0.000145371,0.262991,6,-323.2175649,6489.75,823.776,7.87805,0.000273721,0.276773
81.461521,1,AUTO,ARMED,5,AVAILABLE,UNAVAILABLE,UNAVAILABLE,80,5,ACTIVE,41,E_P3_NEW3-A3.NC,E_P3_NEW3-A3.NC,41429.939,211495.799,5768.5,3420.7026,100,38.1,19,50,0,12,100,8750.0,17157.0,5072.03,3.38267,0.00034376,0.737429,0,540.9479178,20571.5,4700.47,4.37648,0.00026767,0.432158,0,294.0095537,4467.19,1786.97,2.49987,0.000145371,0.262991,6,-323.2175534,6489.75,823.776,7.87805,0.000273721,0.276773
81.608547,1,AUTO,ARMED,5,AVAILABLE,UNAVAILABLE,UNAVAILABLE,80,5,ACTIVE,41,E_P3_NEW3-A3.NC,E_P3_NEW3-A3.NC,41429.939,211495.799,5768.5,3420.7026,100,37.83333,20,50,0,0,100,8750.0,3839.32,241.462,15.9003,0.00014364,0.106593,1,533.0893543,9265.6,171.201,54.1212,0.000233663,0.169706,0,294.0089243,744.532,117.878,6.31612,5.92271e-05,0.0455307,6,-323.2175763,1682.53,577.222,2.91488,0.000164744,0.180758
81.753489,1,AUTO,ARMED,5,AVAILABLE,UNAVAILABLE,UNAVAILABLE,80,5,ACTIVE,41,E_P3_NEW3-A3.NC,E_P3_NEW3-A3.NC,41429.939,211495.799,5768.5,3420.7026,100,25.13333,20,50,0,1,100,8750.0,3839.32,241.462,15.9003,0.00014364,0.106593,1,530.4140648,9265.6,171.201,54.1212,0.000233663,0.169706,0,294.0089028,744.532,117.878,6.31612,5.92271e-05,0.0455307,6,-323.2175763,1682.53,577.222,2.91488,0.000164744,0.180758
81.89514,1,AUTO,ARMED,5,AVAILABLE,UNAVAILABLE,UNAVAILABLE,81,5,ACTIVE,41,E_P3_NEW3-A3.NC,E_P3_NEW3-A3.NC,41429.939,211495.799,5768.5,3420.7026,100,0.0,20,50,0,0,100,8750.0,3839.32,241.462,15.9003,0.00014364,0.106593,0,530.3874499,9265.6,171.201,54.1212,0.000233663,0.169706,0,294.0088957,744.532,117.878,6.31612,5.92271e-05,0.0455307,6,-323.2175878,1682.53,577.222,2.91488,0.000164744,0.180758
82.055466,1,AUTO,ARMED,5,AVAILABLE,UNAVAILABLE,UNAVAILABLE,81,5,ACTIVE,41,E_P3_NEW3-A3.NC,E_P3_NEW3-A3.NC,41429.939,211495.799,5768.5,3420.7026,100,0.0,20,50,0,4,100,8750.0,3839.32,241.462,15.9003,0.00014364,0.106593,0,530.3866989,9265.6,171.201,54.1212,0.000233663,0.169706,0,294.0089028,744.532,117.878,6.31612,5.92271e-05,0.0455307,6,-323.2175878,1682.53,577.222,2.91488,0.000164744,0.180758
82.191417,1,AUTO,ARMED,5,AVAILABLE,UNAVAILABLE,UNAVAILABLE,81,5,ACTIVE,41,E_P3_NEW3-A3.NC,E_P3_NEW3-A3.NC,41429.939,211495.799,5768.5,3255.9646,100,0.0,20,50,0,5,100,8750.0,3839.32,241.462,15.9003,0.00014364,0.106593,0,530.3867418,9265.6,171.201,54.1212,0.000233663,0.169706,0,294.0089028,744.532,117.878,6.31612,5.92271e-05,0.0455307,6,-323.2175878,1682.53,577.222,2.91488,0.000164744,0.180758
82.336417,1,AUTO,ARMED,5,AVAILABLE,UNAVAILABLE,UNAVAILABLE,81,5,ACTIVE,41,E_P3_NEW3-A3.NC,E_P3_NEW3-A3.NC,41429.939,211495.799,5768.5,3255.9646,100,0.0,20,50,0,5,100,8750.0,3839.32,241.462,15.9003,0.00014364,0.106593,0,530.3867418,9265.6,171.201,54.1212,0.000233663,0.169706,0,294.0089028,744.532,117.878,6.31612,5.92271e-05,0.0455307,6,-323.2175878,1682.53,577.222,2.91488,0.000164744,0.180758
82.485621,1,AUTO,ARMED,5,AVAILABLE,UNAVAILABLE,UNAVAILABLE,81,5,ACTIVE,41,E_P3_NEW3-A3.NC,E_P3_NEW3-A3.NC,41429.939,211495.799,5768.5,3255.9646,100,0.0,20,50,0,3,100,8750.0,3839.32,241.462,15.9003,0.00014364,0.106593,0,530.3867704,9265.6,171.201,54.1212,0.000233663,0.169706,0,294.0089028,744.532,117.878,6.31612,5.92271e-05,0.0455307,6,-323.2175992,1682.53,577.222,2.91488,0.000164744,0.180758
82.626328,1,AUTO,ARMED,5,AVAILABLE,UNAVAILABLE,UNAVAILABLE,81,5,ACTIVE,41,E_P3_NEW3-A3.NC,E_P3_NEW3-A3.NC,41429.939,211495.799,5768.5,3255.9646,100,0.0,21,50,0,3,100,8750.0,3839.32,347.013,11.0639,0.000258357,0.219093,0,530.3867847,1248.22,118.783,10.5084,0.000194479,0.106308,0,294.0089028,696.497,169.123,4.11829,9.95894e-05,0.0790352,6,-323.2175878,1658.49,636.809,2.60438,0.000256931,0.218533
82.765957,1,AUTO,ARMED,5,AVAILABLE,UNAVAILABLE,UNAVAILABLE,81,5,ACTIVE,41,E_P3_NEW3-A3.NC,E_P3_NEW3-A3.NC,41429.939,211495.799,5768.5,3255.9646,100,0.0,21,50,0,3,100,8750.0,3839.32,347.013,11.0639,0.000258357,0.219093,0,530.3867847,1248.22,118.783,10.5084,0.000194479,0.106308,0,294.0089028,696.497,169.123,4.11829,9.95894e-05,0.0790352,6,-323.2175878,1658.49,636.809,2.60438,0.000256931,0.218533
82.90606,1,AUTO,ARMED,5,AVAILABLE,UNAVAILABLE,UNAVAILABLE,84,5,ACTIVE,41,E_P3_NEW3-A3.NC,E_P3_NEW3-A3.NC,41429.939,211495.799,5768.5,3255.9646,100,0.0,21,50,0,3,100,8784.779614,3839.32,347.013,11.0639,0.000258357,0.219093,0,530.3867919,1248.22,118.783,10.5084,0.000194479,0.106308,0,294.0089028,696.497,169.123,4.11829,9.95894e-05,0.0790352,6,-323.2175878,1658.49,636.809,2.60438,0.000256931,0.218533
83.041917,1,AUTO,ARMED,5,AVAILABLE,UNAVAILABLE,UNAVAILABLE,84,5,ACTIVE,41,E_P3_NEW3-A3.NC,E_P3_NEW3-A3.NC,41429.939,211495.799,5768.5,3255.9646,100,0.0,21,50,0,34,100,9126.666667,3839.32,347.013,11.0639,0.000258357,0.219093,0,530.3867919,1248.22,118.783,10.5084,0.000194479,0.106308,0,294.0089028,696.497,169.123,4.11829,9.95894e-05,0.0790352,6,-323.2175878,1658.49,636.809,2.60438,0.000256931,0.218533
83.198098,1,AUTO,ARMED,5,AVAILABLE,UNAVAILABLE,UNAVAILABLE,84,5,ACTIVE,41,E_P3_NEW3-A3.NC,E_P3_NEW3-A3.NC,41429.939,211495.799,5768.5,2672.8242,100,0.0,21,50,0,56,100,9250.0,3839.32,347.013,11.0639,0.000258357,0.219093,0,530.386799,1248.22,118.783,10.5084,0.000194479,0.106308,0,294.0088957,696.497,169.123,4.11829,9.95894e-05,0.0790352,6,-323.2176221,1658.49,636.809,2.60438,0.000256931,0.218533
83.356145,1,AUTO,ARMED,5,AVAILABLE,UNAVAILABLE,UNAVAILABLE,84,5,ACTIVE,41,E_P3_NEW3-A3.NC,E_P3_NEW3-A3.NC,41429.939,211495.799,5768.5,2672.8242,100,0.0,21,50,0,38,100,9250.0,3839.32,347.013,11.0639,0.000258357,0.219093,0,530.386799,1248.22,118.783,10.5084,0.000194479,0.106308,0,294.6430563,696.497,169.123,4.11829,9.95894e-05,0.0790352,6,-323.2175992,1658.49,636.809,2.60438,0.000256931,0.218533
83.508665,1,AUTO,ARMED,5,AVAILABLE,UNAVAILABLE,UNAVAILABLE,84,5,ACTIVE,41,E_P3_NEW3-A3.NC,E_P3_NEW3-A3.NC,41429.939,211495.799,5768.5,2672.8242,100,0.0,21,50,0,38,100,9250.0,3839.32,347.013,11.0639,0.000258357,0.219093,0,530.386799,1248.22,118.783,10.5084,0.000194479,0.106308,0,294.6430563,696.497,169.123,4.11829,9.95894e-05,0.0790352,6,-323.2175992,1658.49,636.809,2.60438,0.000256931,0.218533
83.654401,1,AUTO,ARMED,5,AVAILABLE,UNAVAILABLE,UNAVAILABLE,85,5,ACTIVE,41,E_P3_NEW3-A3.NC,E_P3_NEW3-A3.NC,41429.939,211495.799,5768.5,2672.8242,100,0.0,22,50,0,14,100,9250.0,4175.26,360.57,11.5796,0.00024146,0.200461,0,530.386799,1200.21,88.5935,13.5474,0.000102907,0.0631269,0,294.6438789,744.53,137.05,5.43254,9.20616e-05,0.0592398,6,-323.2175992,1658.49,430.846,3.84938,0.000171177,0.156417
83.796231,1,AUTO,ARMED,5,AVAILABLE,UNAVAILABLE,UNAVAILABLE,85,5,ACTIVE,41,E_P3_NEW3-A3.NC,E_P3_NEW3-A3.NC,41429.939,211495.799,5768.5,2672.8242,100,0.0,22,50,0,13,100,9250.0,4175.26,360.57,11.5796,0.00024146,0.200461,0,530.386799,1200.21,88.5935,13.5474,0.000102907,0.0631269,0,294.6439146,744.53,137.05,5.43254,9.20616e-05,0.0592398,6,-323.2176106,1658.49,430.846,3.84938,0.000171177,0.156417
83.936106,1,AUTO,ARMED,5,AVAILABLE,UNAVAILABLE,UNAVAILABLE,85,5,ACTIVE,41,E_P3_NEW3-A3.NC,E_P3_NEW3-A3.NC,41429.939,211495.799,5768.5,2672.8242,100,0.0,22,50,0,8,100,9250.0,4175.26,360.57,11.5796,0.00024146,0.200461,0,530.386799,1200.21,88.5935,13.5474,0.000102907,0.0631269,0,294.6439146,744.53,137.05,5.43254,9.20616e-05,0.0592398,6,-323.2175878,1658.49,430.846,3.84938,0.000171177,0.156417
84.082644,1,AUTO,ARMED,5,AVAILABLE,UNAVAILABLE,UNAVAILABLE,85,5,ACTIVE,41,E_P3_NEW3-A3.NC,E_P3_NEW3-A3.NC,41429.939,211495.799,5768.5,2672.8242,100,0.0,22,50,0,4,100,9250.0,4175.26,360.57,11.5796,0.00024146,0.200461,0,530.386799,1200.21,88.5935,13.5474,0.000102907,0.0631269,0,294.6439075,744.53,137.05,5.43254,9.20616e-05,0.0592398,6,-323.2175992,1658.49,430.846,3.84938,0.000171177,0.156417
84.231744,1,AUTO,ARMED,5,AVAILABLE,UNAVAILABLE,UNAVAILABLE,85,5,ACTIVE,41,E_P3_NEW3-A3.NC,E_P3_NEW3-A3.NC,41429.939,211495.799,5768.5,3479.072,100,0.0,22,50,0,5,100,9250.0,4175.26,360.57,11.5796,0.00024146,0.200461,0,530.386799,1200.21,88.5935,13.5474,0.000102907,0.0631269,0,294.6439075,744.53,137.05,5.43254,9.20616e-05,0.0592398,6,-323.2175992,1658.49,430.846,3.84938,0.000171177,0.156417
84.389975,1,AUTO,ARMED,5,AVAILABLE,UNAVAILABLE,UNAVAILABLE,85,5,ACTIVE,41,E_P3_NEW3-A3.NC,E_P3_NEW3-A3.NC,41429.939,211495.799,5768.5,3479.072,100,0.0,22,50,0,6,100,9250.0,4175.26,360.57,11.5796,0.00024146,0.200461,0,530.386799,1200.21,88.5935,13.5474,0.000102907,0.0631269,0,294.6439075,744.53,137.05,5.43254,9.20616e-05,0.0592398,6,-323.2175992,1658.49,430.846,3.84938,0.000171177,0.156417
84.53942,1,AUTO,ARMED,5,AVAILABLE,UNAVAILABLE,UNAVAILABLE,86,5,ACTIVE,41,E_P3_NEW3-A3.NC,E_P3_NEW3-A3.NC,41429.939,211495.799,5768.5,3479.072,100,23.28333,23,50,0,4,100,9250.0,4175.26,360.57,11.5796,0.00024146,0.200461,0,535.0137826,1200.21,88.5935,13.5474,0.000102907,0.0631269,0,294.6439075,744.53,137.05,5.43254,9.20616e-05,0.0592398,6,-323.2175878,1658.49,430.846,3.84938,0.000171177,0.156417
84.694196,1,AUTO,ARMED,5,AVAILABLE,UNAVAILABLE,UNAVAILABLE,86,5,ACTIVE,41,E_P3_NEW3-A3.NC,E_P3_NEW3-A3.NC,41429.939,211495.799,5768.5,3479.072,100,23.28333,23,50,0,3,100,9250.0,109493.0,38473.1,2.84596,0.000694377,4.40706,0,536.2069765,39222.8,13456.3,2.91483,0.000277654,1.17997,0,294.6439003,6484.63,2303.29,2.81538,0.000120722,0.34371,6,-323.2175992,14373.6,2694.94,5.33355,0.00128371,1.17483
84.841089,1,AUTO,ARMED,5,AVAILABLE,UNAVAILABLE,UNAVAILABLE,86,5,ACTIVE,41,E_P3_NEW3-A3.NC,E_P3_NEW3-A3.NC,41429.939,211495.799,5768.5,3479.072,100,23.28333,23,50,0,3,100,9250.0,109493.0,38473.1,2.84596,0.000694377,4.40706,0,538.6053446,39222.8,13456.3,2.91483,0.000277654,1.17997,0,294.6439003,6484.63,2303.29,2.81538,0.000120722,0.34371,6,-323.2175992,14373.6,2694.94,5.33355,0.00128371,1.17483
84.986606,1,AUTO,ARMED,5,AVAILABLE,UNAVAILABLE,UNAVAILABLE,86,5,ACTIVE,41,E_P3_NEW3-A3.NC,E_P3_NEW3-A3.NC,41429.939,211495.799,5768.5,3479.072,100,23.28333,23,50,0,7,100,9250.0,109493.0,38473.1,2.84596,0.000694377,4.40706,1,543.4064796,39222.8,13456.3,2.91483,0.000277654,1.17997,0,294.6436571,6484.63,2303.29,2.81538,0.000120722,0.34371,6,-323.2177022,14373.6,2694.94,5.33355,0.00128371,1.17483
85.124939,1,AUTO,ARMED,5,AVAILABLE,UNAVAILABLE,UNAVAILABLE,86,5,ACTIVE,41,E_P3_NEW3-A3.NC,E_P3_NEW3-A3.NC,41429.939,211495.799,5768.5,3479.072,100,23.28333,23,50,0,18,100,9250.0,109493.0,38473.1,2.84596,0.000694377,4.40706,1,545.8056131,39222.8,13456.3,2.91483,0.000277654,1.17997,0,294.6438216,6484.63,2303.29,2.81538,0.000120722,0.34371,6,-323.2177022,14373.6,2694.94,5.33355,0.00128371,1.17483
85.276375,1,AUTO,ARMED,5,AVAILABLE,UNAVAILABLE,UNAVAILABLE,86,5,ACTIVE,41,E_P3_NEW3-A3.NC,E_P3_NEW3-A3.NC,41429.939,211495.799,5768.5,3479.072,100,23.28333,23,50,0,24,100,9250.0,109493.0,38473.1,2.84596,0.000694377,4.40706,1,548.1979517,39222.8,13456.3,2.91483,0.000277654,1.17997,0,294.6439003,6484.63,2303.29,2.81538,0.000120722,0.34371,6,-323.217645,14373.6,2694.94,5.33355,0.00128371,1.17483
85.417244,1,AUTO,ARMED,5,AVAILABLE,UNAVAILABLE,UNAVAILABLE,86,5,ACTIVE,41,E_P3_NEW3-A3.NC,E_P3_NEW3-A3.NC,41429.939,211495.799,5768.5,6410.7397,100,23.28333,23,50,0,25,100,9250.0,109493.0,38473.1,2.84596,0.000694377,4.40706,1,550.6018987,39222.8,13456.3,2.91483,0.000277654,1.17997,0,294.6438932,6484.63,2303.29,2.81538,0.000120722,0.34371,6,-323.2175534,14373.6,2694.94,5.33355,0.00128371,1.17483
85.591728,1,AUTO,ARMED,5,AVAILABLE,UNAVAILABLE,UNAVAILABLE,86,5,ACTIVE,41,E_P3_NEW3-A3.NC,E_P3_NEW3-A3.NC,41429.939,211495.799,5768.5,6410.7397,100,23.28333,24,50,0,20,100,9250.0,109493.0,38473.1,2.84596,0.000694377,4.40706,1,557.8023603,39222.8,13456.3,2.91483,0.000277654,1.17997,0,294.6439075,6484.63,2303.29,2.81538,0.000120722,0.34371,6,-323.2176221,14373.6,2694.94,5.33355,0.00128371,1.17483
85.733463,1,AUTO,ARMED,5,AVAILABLE,UNAVAILABLE,UNAVAILABLE,86,5,ACTIVE,41,E_P3_NEW3-A3.NC,E_P3_NEW3-A3.NC,41429.939,211495.799,5768.5,6410.7397,100,23.28333,24,50,0,17,100,9250.0,109493.0,38473.1,2.84596,0.000694377,4.40706,1,560.1945388,39222.8,13456.3,2.91483,0.000277654,1.17997,0,294.6438932,6484.63,2303.29,2.81538,0.000120722,0.34371,6,-323.2176335,14373.6,2694.94,5.33355,0.00128371,1.17483
85.875754,1,AUTO,ARMED,5,AVAILABLE,UNAVAILABLE,UNAVAILABLE,86,5,ACTIVE,41,E_P3_NEW3-A3.NC,E_P3_NEW3-A3.NC,41429.939,211495.799,5768.5,6410.7397,100,23.28333,24,50,0,17,100,9250.0,104981.0,32708.3,3.20961,0.000677547,3.82247,1,564.9853352,38046.6,11007.4,3.45646,0.000293099,1.03468,0,294.6439146,6364.55,1908.7,3.33449,0.000139941,0.340466,6,-323.2175878,12763.2,2734.59,4.66732,0.00113937,1.06834
86.016551,1,AUTO,ARMED,5,AVAILABLE,UNAVAILABLE,UNAVAILABLE,86,5,ACTIVE,41,E_P3_NEW3-A3.NC,E_P3_NEW3-A3.NC,41429.939,211495.799,5768.5,6410.7397,100,23.28333,24,50,0,17,100,9250.0,104981.0,32708.3,3.20961,0.000677547,3.82247,1,567.3894023,38046.6,11007.4,3.45646,0.000293099,1.03468,0,294.6438932,6364.55,1908.7,3.33449,0.000139941,0.340466,6,-323.2175534,12763.2,2734.59,4.66732,0.00113937,1.06834
86.155807,1,AUTO,ARMED,5,AVAILABLE,UNAVAILABLE,UNAVAILABLE,86,5,ACTIVE,41,E_P3_NEW3-A3.NC,E_P3_NEW3-A3.NC,41429.939,211495.799,5768.5,6410.7397,100,23.28333,24,50,0,17,100,9250.0,104981.0,32708.3,3.20961,0.000677547,3.82247,1,569.7873682,38046.6,11007.4,3.45646,0.000293099,1.03468,0,294.6439003,6364.55,1908.7,3.33449,0.000139941,0.340466,6,-323.2176564,12763.2,2734.59,4.66732,0.00113937,1.06834
86.299906,1,AUTO,ARMED,5,AVAILABLE,UNAVAILABLE,UNAVAILABLE,86,5,ACTIVE,41,E_P3_NEW3-A3.NC,E_P3_NEW3-A3.NC,41429.939,211495.799,5768.5,6410.7397,100,23.28333,24,50,0,19,100,9250.0,104981.0,32708.3,3.20961,0.000677547,3.82247,1,574.5896874,38046.6,11007.4,3.45646,0.000293099,1.03468,0,294.6438932,6364.55,1908.7,3.33449,0.000139941,0.340466,6,-323.2175077,12763.2,2734.59,4.66732,0.00113937,1.06834
86.446113,1,AUTO,ARMED,5,AVAILABLE,UNAVAILABLE,UNAVAILABLE,86,5,ACTIVE,41,E_P3_NEW3-A3.NC,E_P3_NEW3-A3.NC,41429.939,211495.799,5768.5,6597.6421,100,23.28333,24,50,0,19,100,9250.0,104981.0,32708.3,3.20961,0.000677547,3.82247,1,576.9875389,38046.6,11007.4,3.45646,0.000293099,1.03468,0,294.6439075,6364.55,1908.7,3.33449,0.000139941,0.340466,6,-323.2176335,12763.2,2734.59,4.66732,0.00113937,1.06834
86.590474,1,AUTO,ARMED,5,AVAILABLE,UNAVAILABLE,UNAVAILABLE,86,5,ACTIVE,41,E_P3_NEW3-A3.NC,E_P3_NEW3-A3.NC,41429.939,211495.799,5768.5,6597.6421,100,23.28333,24,50,0,19,100,9250.0,104981.0,32708.3,3.20961,0.000677547,3.82247,1,579.3803193,38046.6,11007.4,3.45646,0.000293099,1.03468,0,294.6439075,6364.55,1908.7,3.33449,0.000139941,0.340466,6,-323.2176221,12763.2,2734.59,4.66732,0.00113937,1.06834
86.755821,1,AUTO,ARMED,5,AVAILABLE,UNAVAILABLE,UNAVAILABLE,86,5,ACTIVE,41,E_P3_NEW3-A3.NC,E_P3_NEW3-A3.NC,41429.939,211495.799,5768.5,6597.6421,100,23.28333,25,50,0,19,100,9250.0,104981.0,32708.3,3.20961,0.000677547,3.82247,1,582.983262,38046.6,11007.4,3.45646,0.000293099,1.03468,0,294.6439146,6364.55,1908.7,3.33449,0.000139941,0.340466,6,-323.2176335,12763.2,2734.59,4.66732,0.00113937,1.06834
86.903133,1,AUTO,ARMED,5,AVAILABLE,UNAVAILABLE,UNAVAILABLE,86,5,ACTIVE,41,E_P3_NEW3-A3.NC,E_P3_NEW3-A3.NC,41429.939,211495.799,5768.5,6597.6421,100,23.28333,25,50,0,19,100,9250.0,105317.0,20447.5,5.15061,0.000564314,2.61362,1,587.7738614,31589.4,963.45,32.7878,0.000175352,0.115059,0,294.6439003,6316.51,182.47,34.6167,9.4047e-05,0.0609339,6,-323.2176335,13316.0,489.632,27.1959,0.000180138,0.180517
87.051557,1,AUTO,ARMED,5,AVAILABLE,UNAVAILABLE,UNAVAILABLE,86,5,ACTIVE,41,E_P3_NEW3-A3.NC,E_P3_NEW3-A3.NC,41429.939,211495.799,5768.5,6597.6421,100,23.28333,25,50,0,19,100,9250.0,105317.0,20447.5,5.15061,0.000564314,2.61362,1,590.1838146,31589.4,963.45,32.7878,0.000175352,0.115059,0,294.6439075,6316.51,182.47,34.6167,9.4047e-05,0.0609339,6,-323.2176221,13316.0,489.632,27.1959,0.000180138,0.180517
87.202404,1,AUTO,ARMED,5,AVAILABLE,UNAVAILABLE,UNAVAILABLE,86,5,ACTIVE,41,E_P3_NEW3-A3.NC,E_P3_NEW3-A3.NC,41429.939,211495.799,5768.5,6597.6421,100,23.28333,25,50,0,19,100,9250.0,105317.0,20447.5,5.15061,0.000564314,2.61362,1,592.5759009,31589.4,963.45,32.7878,0.000175352,0.115059,0,294.643886,6316.51,182.47,34.6167,9.4047e-05,0.0609339,6,-323.2175077,13316.0,489.632,27.1959,0.000180138,0.180517
87.345466,1,AUTO,ARMED,5,AVAILABLE,UNAVAILABLE,UNAVAILABLE,86,5,ACTIVE,41,E_P3_NEW3-A3.NC,E_P3_NEW3-A3.NC,41429.939,211495.799,5768.5,6597.6421,100,23.28333,25,50,0,18,100,9250.0,105317.0,20447.5,5.15061,0.000564314,2.61362,1,597.3669471,31589.4,963.45,32.7878,0.000175352,0.115059,0,294.6439218,6316.51,182.47,34.6167,9.4047e-05,0.0609339,6,-323.2176679,13316.0,489.632,27.1959,0.000180138,0.180517
87.508221,1,AUTO,ARMED,5,AVAILABLE,UNAVAILABLE,UNAVAILABLE,86,5,ACTIVE,41,E_P3_NEW3-A3.NC,E_P3_NEW3-A3.NC,41429.939,211495.799,5768.5,3263.5112,100,23.28333,25,50,0,7,100,9250.0,105317.0,20447.5,5.15061,0.000564314,2.61362,0,602.1688078,31589.4,963.45,32.7878,0.000175352,0.115059,0,294.6440505,6316.51,182.47,34.6167,9.4047e-05,0.0609339,6,-323.2175649,13316.0,489.632,27.1959,0.000180138,0.180517
87.656218,1,AUTO,ARMED,5,AVAILABLE,UNAVAILABLE,UNAVAILABLE,86,5,ACTIVE,41,E_P3_NEW3-A3.NC,E_P3_NEW3-A3.NC,41429.939,211495.799,5768.5,3263.5112,100,23.28333,26,50,0,1,100,9250.0,105317.0,20447.5,5.15061,0.000564314,2.61362,0,604.566802,31589.4,963.45,32.7878,0.000175352,0.115059,0,294.6439504,6316.51,182.47,34.6167,9.4047e-05,0.0609339,6,-323.2175649,13316.0,489.632,27.1959,0.000180138,0.180517
87.796688,1,AUTO,ARMED,5,AVAILABLE,UNAVAILABLE,UNAVAILABLE,86,5,ACTIVE,41,E_P3_NEW3-A3.NC,E_P3_NEW3-A3.NC,41429.939,211495.799,5768.5,3263.5112,100,23.28333,26,50,0,0,100,9250.0,105317.0,20447.5,5.15061,0.000564314,2.61362,0,606.9711763,31589.4,963.45,32.7878,0.000175352,0.115059,0,294.6439146,6316.51,182.47,34.6167,9.4047e-05,0.0609339,6,-323.2175878,13316.0,489.632,27.1959,0.000180138,0.180517
87.947047,1,AUTO,ARMED,5,AVAILABLE,UNAVAILABLE,UNAVAILABLE,86,5,ACTIVE,41,E_P3_NEW3-A3.NC,E_P3_NEW3-A3.NC,41429.939,211495.799,5768.5,3263.5112,100,10.58333,26,50,0,0,100,9250.0,3959.3,356.848,11.0952,0.000273291,0.231271,0,611.5657008,9817.69,85.9451,114.232,0.000141098,0.069082,0,294.6439003,768.551,143.907,5.34061,0.000105128,0.0658406,6,-323.2175878,1682.53,502.949,3.34533,0.000195294,0.180621
88.085986,1,AUTO,ARMED,5,AVAILABLE,UNAVAILABLE,UNAVAILABLE,87,5,ACTIVE,41,E_P3_NEW3-A3.NC,E_P3_NEW3-A3.NC,41429.939,211495.799,5768.5,3263.5112,100,7.066667,26,50,0,2,100,9250.0,3959.3,356.848,11.0952,0.000273291,0.231271,0,611.6653632,9817.69,85.9451,114.232,0.000141098,0.069082,0,294.6438932,768.551,143.907,5.34061,0.000105128,0.0658406,6,-323.2175878,1682.53,502.949,3.34533,0.000195294,0.180621
88.236763,1,AUTO,ARMED,5,AVAILABLE,UNAVAILABLE,UNAVAILABLE,87,5,ACTIVE,41,E_P3_NEW3-A3.NC,E_P3_NEW3-A3.NC,41429.939,211495.799,5768.5,3263.5112,100,0.0,26,50,0,4,100,9250.0,3959.3,356.848,11.0952,0.000273291,0.231271,0,611.6668295,9817.69,85.9451,114.232,0.000141098,0.069082,0,294.6438932,768.551,143.907,5.34061,0.000105128,0.0658406,6,-323.2175992,1682.53,502.949,3.34533,0.000195294,0.180621
88.385102,1,AUTO,ARMED,5,AVAILABLE,UNAVAILABLE,UNAVAILABLE,87,5,ACTIVE,41,E_P3_NEW3-A3.NC,E_P3_NEW3-A3.NC,41429.939,211495.799,5768.5,3263.5112,100,0.0,26,50,0,4,100,9250.0,3959.3,356.848,11.0952,0.000273291,0.231271,0,611.6668438,9817.69,85.9451,114.232,0.000141098,0.069082,0,294.6439003,768.551,143.907,5.34061,0.000105128,0.0658406,6,-323.2176106,1682.53,502.949,3.34533,0.000195294,0.180621
88.525035,1,AUTO,ARMED,5,AVAILABLE,UNAVAILABLE,UNAVAILABLE,87,5,ACTIVE,41,E_P3_NEW3-A3.NC,E_P3_NEW3-A3.NC,41429.939,211495.799,5768.5,3263.5112,100,0.0,27,50,0,4,100,9250.0,3959.3,356.848,11.0952,0.000273291,0.231271,0,611.6668366,9817.69,85.9451,114.232,0.000141098,0.069082,0,294.6439003,768.551,143.907,5.34061,0.000105128,0.0658406,6,-323.2175992,1682.53,502.949,3.34533,0.000195294,0.180621
88.669129,1,AUTO,ARMED,5,AVAILABLE,UNAVAILABLE,UNAVAILABLE,87,5,ACTIVE,41,E_P3_NEW3-A3.NC,E_P3_NEW3-A3.NC,41429.939,211495.799,5768.5,3381.187,100,0.0,27,50,0,3,100,9250.0,3959.3,356.848,11.0952,0.000273291,0.231271,0,611.6668366,9817.69,85.9451,114.232,0.000141098,0.069082,0,294.6439003,768.551,143.907,5.34061,0.000105128,0.0658406,6,-323.2175992,1682.53,502.949,3.34533,0.000195294,0.180621
88.819623,1,AUTO,ARMED,5,AVAILABLE,UNAVAILABLE,UNAVAILABLE,87,5,ACTIVE,41,E_P3_NEW3-A3.NC,E_P3_NEW3-A3.NC,41429.939,211495.799,5768.5,3381.187,100,0.0,27,50,0,3,100,9250.0,3959.3,356.848,11.0952,0.000273291,0.231271,0,611.6668152,9817.69,85.9451,114.232,0.000141098,0.069082,0,294.6438932,768.551,143.907,5.34061,0.000105128,0.0658406,6,-323.2175878,1682.53,502.949,3.34533,0.000195294,0.180621
88.961942,1,AUTO,ARMED,5,AVAILABLE,UNAVAILABLE,UNAVAILABLE,87,5,ACTIVE,41,E_P3_NEW3-A3.NC,E_P3_NEW3-A3.NC,41429.939,211495.799,5768.5,3381.187,100,0.0,27,50,0,3,100,9250.0,4199.25,4638.8,0.905245,0.000356351,0.854166,0,611.666808,7441.28,3056.04,2.43494,0.000210961,0.316638,0,294.6438932,1056.76,143.036,7.38807,9.42419e-05,0.0627407,6,-323.2175992,1346.02,1924.66,0.699355,0.000255734,0.41547
89.129067,1,AUTO,ARMED,5,AVAILABLE,UNAVAILABLE,UNAVAILABLE,88,5,ACTIVE,41,E_P3_NEW3-A3.NC,E_P3_NEW3-A3.NC,41429.939,211495.799,5768.5,3381.187,100,0.0,27,50,0,3,100,9250.0,4199.25,4638.8,0.905245,0.000356351,0.854166,0,611.3906422,7441.28,3056.04,2.43494,0.000210961,0.316638,0,295.2780109,1056.76,143.036,7.38807,9.42419e-05,0.0627407,6,-323.2175992,1346.02,1924.66,0.699355,0.000255734,0.41547
89.268539,1,AUTO,ARMED,5,AVAILABLE,UNAVAILABLE,UNAVAILABLE,89,5,ACTIVE,41,E_P3_NEW3-A3.NC,E_P3_NEW3-A3.NC,41429.939,211495.799,5768.5,3381.187,100,23.28333,27,50,0,3,100,9250.0,4199.25,4638.8,0.905245,0.000356351,0.854166,1,606.7182631,7441.28,3056.04,2.43494,0.000210961,0.316638,0,295.2788763,1056.76,143.036,7.38807,9.42419e-05,0.0627407,6,-323.2176106,1346.02,1924.66,0.699355,0.000255734,0.41547
89.417394,1,AUTO,ARMED,5,AVAILABLE,UNAVAILABLE,UNAVAILABLE,89,5,ACTIVE,41,E_P3_NEW3-A3.NC,E_P3_NEW3-A3.NC,41429.939,211495.799,5768.5,3381.187,100,23.28333,27,50,0,3,100,9250.0,4199.25,4638.8,0.905245,0.000356351,0.854166,0,604.3143982,7441.28,3056.04,2.43494,0.000210961,0.316638,0,295.2789049,1056.76,143.036,7.38807,9.42419e-05,0.0627407,6,-323.2175992,1346.02,1924.66,0.699355,0.000255734,0.41547
89.586543,1,AUTO,ARMED,5,AVAILABLE,UNAVAILABLE,UNAVAILABLE,89,5,ACTIVE,41,E_P3_NEW3-A3.NC,E_P3_NEW3-A3.NC,41429.939,211495.799,5768.5,3381.187,100,23.28333,28,50,0,3,100,9250.0,4199.25,4638.8,0.905245,0.000356351,0.854166,0,601.9219488,7441.28,3056.04,2.43494,0.000210961,0.316638,0,295.2788048,1056.76,143.036,7.38807,9.42419e-05,0.0627407,6,-323.2176106,1346.02,1924.66,0.699355,0.000255734,0.41547
89.729774,1,AUTO,ARMED,5,AVAILABLE,UNAVAILABLE,UNAVAILABLE,89,5,ACTIVE,41,E_P3_NEW3-A3.NC,E_P3_NEW3-A3.NC,41429.939,211495.799,5768.5,6612.0586,100,23.28333,28,50,0,13,100,9250.0,4199.25,4638.8,0.905245,0.000356351,0.854166,0,597.1196907,7441.28,3056.04,2.43494,0.000210961,0.316638,0,295.2787833,1056.76,143.036,7.38807,9.42419e-05,0.0627407,6,-323.2175992,1346.02,1924.66,0.699355,0.000255734,0.41547
89.875562,1,AUTO,ARMED,5,AVAILABLE,UNAVAILABLE,UNAVAILABLE,89,5,ACTIVE,41,E_P3_NEW3-A3.NC,E_P3_NEW3-A3.NC,41429.939,211495.799,5768.5,6612.0586,100,23.28333,28,50,0,20,100,9250.0,4199.25,4638.8,0.905245,0.000356351,0.854166,0,594.7216409,7441.28,3056.04,2.43494,0.000210961,0.316638,0,295.2789049,1056.76,143.036,7.38807,9.42419e-05,0.0627407,6,-323.2176335,1346.02,1924.66,0.699355,0.000255734,0.41547
90.017723,1,AUTO,ARMED,5,AVAILABLE,UNAVAILABLE,UNAVAILABLE,89,5,ACTIVE,41,E_P3_NEW3-A3.NC,E_P3_NEW3-A3.NC,41429.939,211495.799,5768.5,6612.0586,100,23.28333,28,50,0,22,100,9250.0,15285.3,5162.71,2.96071,0.000366118,0.986652,0,592.3293918,12794.2,2872.86,4.45347,0.000130461,0.256106,0,295.2789049,4203.0,1455.75,2.88717,9.50922e-05,0.239935,6,-323.2176221,6465.72,2023.78,3.19487,0.000291708,0.501456
90.159006,1,AUTO,ARMED,5,AVAILABLE,UNAVAILABLE,UNAVAILABLE,89,5,ACTIVE,41,E_P3_NEW3-A3.NC,E_P3_NEW3-A3.NC,41429.939,211495.799,5768.5,6612.0586,100,23.28333,28,50,0,17,100,9250.0,15285.3,5162.71,2.96071,0.000366118,0.986652,0,585.1288764,12794.2,2872.86,4.45347,0.000130461,0.256106,0,295.2789049,4203.0,1455.75,2.88717,9.50922e-05,0.239935,6,-323.2176106,6465.72,2023.78,3.19487,0.000291708,0.501456
90.310015,1,AUTO,ARMED,5,AVAILABLE,UNAVAILABLE,UNAVAILABLE,89,5,ACTIVE,41,E_P3_NEW3-A3.NC,E_P3_NEW3-A3.NC,41429.939,211495.799,5768.5,6612.0586,100,23.28333,28,50,0,17,100,9250.0,15285.3,5162.71,2.96071,0.000366118,0.986652,0,582.7364655,12794.2,2872.86,4.45347,0.000130461,0.256106,0,295.2789121,4203.0,1455.75,2.88717,9.50922e-05,0.239935,6,-323.2175763,6465.72,2023.78,3.19487,0.000291708,0.501456
90.449247,1,AUTO,ARMED,5,AVAILABLE,UNAVAILABLE,UNAVAILABLE,89,5,ACTIVE,41,E_P3_NEW3-A3.NC,E_P3_NEW3-A3.NC,41429.939,211495.799,5768.5,6612.0586,100,23.28333,28,50,0,15,100,9250.0,15285.3,5162.71,2.96071,0.000366118,0.986652,0,580.3325953,12794.2,2872.86,4.45347,0.000130461,0.256106,0,295.2789121,4203.0,1455.75,2.88717,9.50922e-05,0.239935,6,-323.2175878,6465.72,2023.78,3.19487,0.000291708,0.501456
90.593811,1,AUTO,ARMED,5,AVAILABLE,UNAVAILABLE,UNAVAILABLE,89,5,ACTIVE,41,E_P3_NEW3-A3.NC,E_P3_NEW3-A3.NC,41429.939,211495.799,5768.5,6612.0586,100,23.28333,29,50,0,15,100,9250.0,15285.3,5162.71,2.96071,0.000366118,0.986652,0,579.133321,12794.2,2872.86,4.45347,0.000130461,0.256106,0,295.2789335,4203.0,1455.75,2.88717,9.50922e-05,0.239935,6,-323.2176106,6465.72,2023.78,3.19487,0.000291708,0.501456
90.736157,1,AUTO,ARMED,5,AVAILABLE,UNAVAILABLE,UNAVAILABLE,89,5,ACTIVE,41,E_P3_NEW3-A3.NC,E_P3_NEW3-A3.NC,41429.939,211495.799,5768.5,6612.0586,100,23.28333,29,50,0,16,100,9250.0,15285.3,5162.71,2.96071,0.000366118,0.986652,0,574.342897,12794.2,2872.86,4.45347,0.000130461,0.256106,0,295.2788978,4203.0,1455.75,2.88717,9.50922e-05,0.239935,6,-323.2176106,6465.72,2023.78,3.19487,0.000291708,0.501456
90.888494,1,AUTO,ARMED,5,AVAILABLE,UNAVAILABLE,UNAVAILABLE,89,5,ACTIVE,41,E_P3_NEW3-A3.NC,E_P3_NEW3-A3.NC,41429.939,211495.799,5768.5,6002.1997,100,23.28333,29,50,0,16,100,9250.0,15285.3,5162.71,2.96071,0.000366118,0.986652,0,571.9389481,12794.2,2872.86,4.45347,0.000130461,0.256106,0,295.2789049,4203.0,1455.75,2.88717,9.50922e-05,0.239935,6,-323.2175992,6465.72,2023.78,3.19487,0.000291708,0.501456
91.033626,1,AUTO,ARMED,5,AVAILABLE,UNAVAILABLE,UNAVAILABLE,89,5,ACTIVE,41,E_P3_NEW3-A3.NC,E_P3_NEW3-A3.NC,41429.939,211495.799,5768.5,6002.1997,100,23.28333,29,50,0,16,100,9250.0,14877.4,5148.23,2.88981,0.000367255,0.990284,0,567.1425516,15290.6,4593.21,3.32896,0.000166986,0.344426,0,295.2789121,4347.11,1514.84,2.86968,0.000147825,0.252707,6,-323.2175878,6730.11,1963.01,3.42846,0.000272625,0.486634
91.176314,1,AUTO,ARMED,5,AVAILABLE,UNAVAILABLE,UNAVAILABLE,89,5,ACTIVE,41,E_P3_NEW3-A3.NC,E_P3_NEW3-A3.NC,41429.939,211495.799,5768.5,6002.1997,100,23.28333,29,50,0,16,100,9250.0,14877.4,5148.23,2.88981,0.000367255,0.990284,0,562.3460479,15290.6,4593.21,3.32896,0.000166986,0.344426,0,295.2789121,4347.11,1514.84,2.86968,0.000147825,0.252707,6,-323.2175992,6730.11,1963.01,3.42846,0.000272625,0.486634
91.316415,1,AUTO,ARMED,5,AVAILABLE,UNAVAILABLE,UNAVAILABLE,89,5,ACTIVE,41,E_P3_NEW3-A3.NC,E_P3_NEW3-A3.NC,41429.939,211495.799,5768.5,6002.1997,100,23.28333,29,50,0,16,100,9250.0,14877.4,5148.23,2.88981,0.000367255,0.990284,0,559.9480357,15290.6,4593.21,3.32896,0.000166986,0.344426,0,295.2789121,4347.11,1514.84,2.86968,0.000147825,0.252707,6,-323.2175992,6730.11,1963.01,3.42846,0.000272625,0.486634
91.469741,1,AUTO,ARMED,5,AVAILABLE,UNAVAILABLE,UNAVAILABLE,89,5,ACTIVE,41,E_P3_NEW3-A3.NC,E_P3_NEW3-A3.NC,41429.939,211495.799,5768.5,6002.1997,100,23.28333,29,50,0,16,100,9250.0,14877.4,5148.23,2.88981,0.000367255,0.990284,0,557.5557833,15290.6,4593.21,3.32896,0.000166986,0.344426,0,295.2788978,4347.11,1514.84,2.86968,0.000147825,0.252707,6,-323.2176221,6730.11,1963.01,3.42846,0.000272625,0.486634
91.612274,1,AUTO,ARMED,5,AVAILABLE,UNAVAILABLE,UNAVAILABLE,89,5,ACTIVE,41,E_P3_NEW3-A3.NC,E_P3_NEW3-A3.NC,41429.939,211495.799,5768.5,6002.1997,100,23.28333,30,50,0,16,100,9250.0,14877.4,5148.23,2.88981,0.000367255,0.990284,0,555.1514507,15290.6,4593.21,3.32896,0.000166986,0.344426,0,295.2788835,4347.11,1514.84,2.86968,0.000147825,0.252707,6,-323.2175992,6730.11,1963.01,3.42846,0.000272625,0.486634
91.761604,1,AUTO,ARMED,5,AVAILABLE,UNAVAILABLE,UNAVAILABLE,89,5,ACTIVE,41,E_P3_NEW3-A3.NC,E_P3_NEW3-A3.NC,41429.939,211495.799,5768.5,6002.1997,100,23.28333,30,50,0,16,100,9250.0,14877.4,5148.23,2.88981,0.000367255,0.990284,0,550.355381,15290.6,4593.21,3.32896,0.000166986,0.344426,0,295.2788906,4347.11,1514.84,2.86968,0.000147825,0.252707,6,-323.2176106,6730.11,1963.01,3.42846,0.000272625,0.486634
91.906174,1,AUTO,ARMED,5,AVAILABLE,UNAVAILABLE,UNAVAILABLE,89,5,ACTIVE,41,E_P3_NEW3-A3.NC,E_P3_NEW3-A3.NC,41429.939,211495.799,5768.5,2910.0293,100,23.28333,30,50,0,17,100,9250.0,14877.4,5148.23,2.88981,0.000367255,0.990284,0,547.9512272,15290.6,4593.21,3.32896,0.000166986,0.344426,0,295.2789121,4347.11,1514.84,2.86968,0.000147825,0.252707,6,-323.2175992,6730.11,1963.01,3.42846,0.000272625,0.486634
92.046525,1,AUTO,ARMED,5,AVAILABLE,UNAVAILABLE,UNAVAILABLE,89,5,ACTIVE,41,E_P3_NEW3-A3.NC,E_P3_NEW3-A3.NC,41429.939,211495.799,5768.5,2910.0293,100,23.28333,30,50,0,17,100,9250.0,4175.26,370.639,11.265,0.000255379,0.214432,0,543.1614444,7417.28,108.864,68.1335,0.000106499,0.0659971,0,295.2794914,768.55,134.389,5.71885,7.94018e-05,0.0562712,6,-323.2175992,1514.28,420.94,3.59738,0.000210359,0.161846
92.198012,1,AUTO,ARMED,5,AVAILABLE,UNAVAILABLE,UNAVAILABLE,89,5,ACTIVE,41,E_P3_NEW3-A3.NC,E_P3_NEW3-A3.NC,41429.939,211495.799,5768.5,2910.0293,100,23.28333,30,50,0,3,100,9250.0,4175.26,370.639,11.265,0.000255379,0.214432,0,540.756933,7417.28,108.864,68.1335,0.000106499,0.0659971,0,295.2791624,768.55,134.389,5.71885,7.94018e-05,0.0562712,6,-323.2175878,1514.28,420.94,3.59738,0.000210359,0.161846
92.341356,1,AUTO,ARMED,5,AVAILABLE,UNAVAILABLE,UNAVAILABLE,89,5,ACTIVE,41,E_P3_NEW3-A3.NC,E_P3_NEW3-A3.NC,41429.939,211495.799,5768.5,2910.0293,100,23.28333,30,50,0,0,100,9250.0,4175.26,370.639,11.265,0.000255379,0.214432,0,535.9662347,7417.28,108.864,68.1335,0.000106499,0.0659971,0,295.2789192,768.55,134.389,5.71885,7.94018e-05,0.0562712,6,-323.2175878,1514.28,420.94,3.59738,0.000210359,0.161846
92.490281,1,AUTO,ARMED,5,AVAILABLE,UNAVAILABLE,UNAVAILABLE,89,5,ACTIVE,41,E_P3_NEW3-A3.NC,E_P3_NEW3-A3.NC,41429.939,211495.799,5768.5,2910.0293,100,23.28333,31,50,0,0,100,9250.0,4175.26,370.639,11.265,0.000255379,0.214432,0,532.3631358,7417.28,108.864,68.1335,0.000106499,0.0659971,0,295.2788978,768.55,134.389,5.71885,7.94018e-05,0.0562712,6,-323.2175878,1514.28,420.94,3.59738,0.000210359,0.161846
92.663915,1,AUTO,ARMED,5,AVAILABLE,UNAVAILABLE,UNAVAILABLE,89,5,ACTIVE,41,E_P3_NEW3-A3.NC,E_P3_NEW3-A3.NC,41429.939,211495.799,5768.5,2910.0293,100,23.28333,31,50,0,1,100,9250.0,4175.26,370.639,11.265,0.000255379,0.214432,0,530.4213891,7417.28,108.864,68.1335,0.000106499,0.0659971,0,295.2788906,768.55,134.389,5.71885,7.94018e-05,0.0562712,6,-323.2175992,1514.28,420.94,3.59738,0.000210359,0.161846
92.833218,1,AUTO,ARMED,5,AVAILABLE,UNAVAILABLE,UNAVAILABLE,90,5,ACTIVE,41,E_P3_NEW3-A3.NC,E_P3_NEW3-A3.NC,41429.939,211495.799,5768.5,2910.0293,100,11.63333,31,50,0,3,100,9250.0,4175.26,370.639,11.265,0.000255379,0.214432,0,530.3873784,7417.28,108.864,68.1335,0.000106499,0.0659971,0,295.2788906,768.55,134.389,5.71885,7.94018e-05,0.0562712,6,-323.2175992,1514.28,420.94,3.59738,0.000210359,0.161846
92.972024,1,AUTO,ARMED,5,AVAILABLE,UNAVAILABLE,UNAVAILABLE,90,5,ACTIVE,41,E_P3_NEW3-A3.NC,E_P3_NEW3-A3.NC,41429.939,211495.799,5768.5,3342.478,100,0.0,31,50,0,3,100,9250.0,4175.26,370.639,11.265,0.000255379,0.214432,0,530.3867347,7417.28,108.864,68.1335,0.000106499,0.0659971,0,295.2789049,768.55,134.389,5.71885,7.94018e-05,0.0562712,6,-323.2175992,1514.28,420.94,3.59738,0.000210359,0.161846
93.117894,1,AUTO,ARMED,5,AVAILABLE,UNAVAILABLE,UNAVAILABLE,90,5,ACTIVE,41,E_P3_NEW3-A3.NC,E_P3_NEW3-A3.NC,41429.939,211495.799,5768.5,3342.478,100,0.0,31,50,0,3,100,9250.0,4055.28,348.778,11.6271,0.000309115,0.219408,0,530.3867418,1200.21,111.298,10.7838,0.000282645,0.076333,0,295.2789121,768.548,147.448,5.21233,8.53548e-05,0.061211,6,-323.2175878,1321.99,409.711,3.22664,0.000292267,0.156106
93.263557,1,AUTO,ARMED,5,AVAILABLE,UNAVAILABLE,UNAVAILABLE,90,5,ACTIVE,41,E_P3_NEW3-A3.NC,E_P3_NEW3-A3.NC,41429.939,211495.799,5768.5,3342.478,100,0.0,31,50,0,4,100,9250.0,4055.28,348.778,11.6271,0.000309115,0.219408,0,530.3867633,1200.21,111.298,10.7838,0.000282645,0.076333,0,295.2789049,768.548,147.448,5.21233,8.53548e-05,0.061211,6,-323.2175992,1321.99,409.711,3.22664,0.000292267,0.156106
93.406746,1,AUTO,ARMED,5,AVAILABLE,UNAVAILABLE,UNAVAILABLE,90,5,ACTIVE,41,E_P3_NEW3-A3.NC,E_P3_NEW3-A3.NC,41429.939,211495.799,5768.5,3342.478,100,0.0,31,50,0,3,100,9250.0,4055.28,348.778,11.6271,0.000309115,0.219408,0,530.3867776,1200.21,111.298,10.7838,0.000282645,0.076333,0,295.2788978,768.548,147.448,5.21233,8.53548e-05,0.061211,6,-323.2175878,1321.99,409.711,3.22664,0.000292267,0.156106
93.553796,1,AUTO,ARMED,5,AVAILABLE,UNAVAILABLE,UNAVAILABLE,90,5,ACTIVE,41,E_P3_NEW3-A3.NC,E_P3_NEW3-A3.NC,41429.939,211495.799,5768.5,3342.478,100,0.0,32,50,0,3,100,9250.0,4055.28,348.778,11.6271,0.000309115,0.219408,0,530.3867847,1200.21,111.298,10.7838,0.000282645,0.076333,0,295.2789049,768.548,147.448,5.21233,8.53548e-05,0.061211,6,-323.2175992,1321.99,409.711,3.22664,0.000292267,0.156106
93.696068,1,AUTO,ARMED,5,AVAILABLE,UNAVAILABLE,UNAVAILABLE,90,5,ACTIVE,41,E_P3_NEW3-A3.NC,E_P3_NEW3-A3.NC,41429.939,211495.799,5768.5,3342.478,100,0.0,32,50,0,3,100,9250.0,4055.28,348.778,11.6271,0.000309115,0.219408,0,530.3867919,1200.21,111.298,10.7838,0.000282645,0.076333,0,295.2789049,768.548,147.448,5.21233,8.53548e-05,0.061211,6,-323.2176106,1321.99,409.711,3.22664,0.000292267,0.156106
93.86005,1,AUTO,ARMED,5,AVAILABLE,UNAVAILABLE,UNAVAILABLE,94,5,ACTIVE,41,E_P3_NEW3-A3.NC,E_P3_NEW3-A3.NC,41429.939,211495.799,5768.5,3342.478,100,0.0,32,50,0,4,100,9250.0,4055.28,348.778,11.6271,0.000309115,0.219408,0,530.3867919,1200.21,111.298,10.7838,0.000282645,0.076333,0,295.9135019,768.548,147.448,5.21233,8.53548e-05,0.061211,6,-323.2175992,1321.99,409.711,3.22664,0.000292267,0.156106
94.014218,1,AUTO,ARMED,5,AVAILABLE,UNAVAILABLE,UNAVAILABLE,94,5,ACTIVE,41,E_P3_NEW3-A3.NC,E_P3_NEW3-A3.NC,41429.939,211495.799,5768.5,3360.9021,100,0.0,32,50,0,4,100,9250.0,4055.28,348.778,11.6271,0.000309115,0.219408,0,530.3867919,1200.21,111.298,10.7838,0.000282645,0.076333,0,295.9138952,768.548,147.448,5.21233,8.53548e-05,0.061211,6,-323.2175992,1321.99,409.711,3.22664,0.000292267,0.156106
94.222817,1,AUTO,ARMED,5,AVAILABLE,UNAVAILABLE,UNAVAILABLE,94,5,ACTIVE,41,E_P3_NEW3-A3.NC,E_P3_NEW3-A3.NC,41429.939,211495.799,5768.5,3360.9021,100,0.0,32,50,0,4,100,9250.0,4127.27,346.212,11.9212,0.000325375,0.226495,0,530.386799,1296.23,329.297,3.93636,0.00019581,0.181285,0,295.9139096,792.566,107.734,7.35669,0.000118909,0.0614188,6,-323.2175992,1297.95,380.874,3.40782,0.000168148,0.138517
94.370407,1,AUTO,ARMED,5,AVAILABLE,UNAVAILABLE,UNAVAILABLE,94,5,ACTIVE,41,E_P3_NEW3-A3.NC,E_P3_NEW3-A3.NC,41429.939,211495.799,5768.5,3360.9021,100,0.0,32,50,0,4,100,9250.0,4127.27,346.212,11.9212,0.000325375,0.226495,0,530.386799,1296.23,329.297,3.93636,0.00019581,0.181285,0,295.9139096,792.566,107.734,7.35669,0.000118909,0.0614188,6,-323.2175992,1297.95,380.874,3.40782,0.000168148,0.138517
94.526679,1,AUTO,ARMED,5,AVAILABLE,UNAVAILABLE,UNAVAILABLE,94,5,ACTIVE,41,E_P3_NEW3-A3.NC,E_P3_NEW3-A3.NC,41429.939,211495.799,5768.5,3360.9021,100,0.0,33,50,0,3,100,9250.0,4127.27,346.212,11.9212,0.000325375,0.226495,0,530.386799,1296.23,329.297,3.93636,0.00019581,0.181285,0,295.9139024,792.566,107.734,7.35669,0.000118909,0.0614188,6,-323.2175992,1297.95,380.874,3.40782,0.000168148,0.138517
94.678441,1,AUTO,ARMED,5,AVAILABLE,UNAVAILABLE,UNAVAILABLE,94,5,ACTIVE,41,E_P3_NEW3-A3.NC,E_P3_NEW3-A3.NC,41429.939,211495.799,5768.5,3360.9021,100,0.0,33,50,0,3,100,9250.0,4127.27,346.212,11.9212,0.000325375,0.226495,0,530.386799,1296.23,329.297,3.93636,0.00019581,0.181285,0,295.9139024,792.566,107.734,7.35669,0.000118909,0.0614188,6,-323.2175992,1297.95,380.874,3.40782,0.000168148,0.138517
94.819514,1,AUTO,ARMED,5,AVAILABLE,UNAVAILABLE,UNAVAILABLE,95,5,ACTIVE,41,E_P3_NEW3-A3.NC,E_P3_NEW3-A3.NC,41429.939,211495.799,5768.5,3360.9021,100,0.0,33,50,0,4,100,9250.0,4127.27,346.212,11.9212,0.000325375,0.226495,2,530.6833842,1296.23,329.297,3.93636,0.00019581,0.181285,0,295.9138952,792.566,107.734,7.35669,0.000118909,0.0614188,6,-323.2175992,1297.95,380.874,3.40782,0.000168148,0.138517
94.962029,1,AUTO,ARMED,5,AVAILABLE,UNAVAILABLE,UNAVAILABLE,95,5,ACTIVE,41,E_P3_NEW3-A3.NC,E_P3_NEW3-A3.NC,41429.939,211495.799,5768.5,3360.9021,100,27.51667,33,50,0,3,100,9250.0,4127.27,346.212,11.9212,0.000325375,0.226495,2,533.4239207,1296.23,329.297,3.93636,0.00019581,0.181285,0,295.9138952,792.566,107.734,7.35669,0.000118909,0.0614188,6,-323.2175992,1297.95,380.874,3.40782,0.000168148,0.138517
95.120306,1,AUTO,ARMED,5,AVAILABLE,UNAVAILABLE,UNAVAILABLE,95,5,ACTIVE,41,E_P3_NEW3-A3.NC,E_P3_NEW3-A3.NC,41429.939,211495.799,5768.5,3360.9021,100,27.51667,33,50,0,3,100,9250.0,4127.27,346.212,11.9212,0.000325375,0.226495,0,536.250399,1296.23,329.297,3.93636,0.00019581,0.181285,0,295.9139024,792.566,107.734,7.35669,0.000118909,0.0614188,6,-323.2175992,1297.95,380.874,3.40782,0.000168148,0.138517
95.266051,1,AUTO,ARMED,5,AVAILABLE,UNAVAILABLE,UNAVAILABLE,95,5,ACTIVE,41,E_P3_NEW3-A3.NC,E_P3_NEW3-A3.NC,41429.939,211495.799,5768.5,7585.9854,100,27.51667,33,50,0,3,100,9250.0,128065.0,41425.1,3.09148,0.000819273,4.80412,1,541.9105438,45343.8,13586.1,3.33751,0.000291018,1.29416,0,295.9137737,7109.08,2825.6,2.51595,0.000167715,0.437169,6,-323.2176221,16080.2,2470.56,6.50873,0.00117177,1.1972
95.429511,1,AUTO,ARMED,5,AVAILABLE,UNAVAILABLE,UNAVAILABLE,95,5,ACTIVE,41,E_P3_NEW3-A3.NC,E_P3_NEW3-A3.NC,41429.939,211495.799,5768.5,7585.9854,100,27.51667,33,50,0,19,100,9250.0,128065.0,41425.1,3.09148,0.000819273,4.80412,1,547.587175,45343.8,13586.1,3.33751,0.000291018,1.29416,0,295.9138523,7109.08,2825.6,2.51595,0.000167715,0.437169,6,-323.2176335,16080.2,2470.56,6.50873,0.00117177,1.1972
95.596292,1,AUTO,ARMED,5,AVAILABLE,UNAVAILABLE,UNAVAILABLE,95,5,ACTIVE,41,E_P3_NEW3-A3.NC,E_P3_NEW3-A3.NC,41429.939,211495.799,5768.5,7585.9854,100,27.51667,34,50,0,25,100,9250.0,128065.0,41425.1,3.09148,0.000819273,4.80412,1,550.421521,45343.8,13586.1,3.33751,0.000291018,1.29416,0,295.9139167,7109.08,2825.6,2.51595,0.000167715,0.437169,6,-323.2175992,16080.2,2470.56,6.50873,0.00117177,1.1972
95.746936,1,AUTO,ARMED,5,AVAILABLE,UNAVAILABLE,UNAVAILABLE,95,5,ACTIVE,41,E_P3_NEW3-A3.NC,E_P3_NEW3-A3.NC,41429.939,211495.799,5768.5,7585.9854,100,27.51667,34,50,0,25,100,9250.0,128065.0,41425.1,3.09148,0.000819273,4.80412,1,556.0969005,45343.8,13586.1,3.33751,0.000291018,1.29416,0,295.9139167,7109.08,2825.6,2.51595,0.000167715,0.437169,6,-323.2176221,16080.2,2470.56,6.50873,0.00117177,1.1972
95.8944,1,AUTO,ARMED,5,AVAILABLE,UNAVAILABLE,UNAVAILABLE,95,5,ACTIVE,41,E_P3_NEW3-A3.NC,E_P3_NEW3-A3.NC,41429.939,211495.799,5768.6,6833.6113,100,27.51667,34,50,0,23,100,9250.0,128065.0,41425.1,3.09148,0.000819273,4.80412,1,558.9240879,45343.8,13586.1,3.33751,0.000291018,1.29416,0,295.9139096,7109.08,2825.6,2.51595,0.000167715,0.437169,6,-323.2175534,16080.2,2470.56,6.50873,0.00117177,1.1972
96.04383,1,AUTO,ARMED,5,AVAILABLE,UNAVAILABLE,UNAVAILABLE,95,5,ACTIVE,41,E_P3_NEW3-A3.NC,E_P3_NEW3-A3.NC,41429.939,211495.799,5768.6,6833.6113,100,27.51667,34,50,0,21,100,9250.0,108941.0,38888.1,2.8014,0.000801903,4.5079,1,561.7653595,40495.0,13381.3,3.02624,0.000330717,1.37658,0,295.9139096,7325.23,2922.01,2.50691,0.000164469,0.455352,6,-323.2176793,13724.6,2519.04,5.44835,0.001036,1.08466
96.498854,1,AUTO,ARMED,5,AVAILABLE,UNAVAILABLE,UNAVAILABLE,95,5,ACTIVE,41,E_P3_NEW3-A3.NC,E_P3_NEW3-A3.NC,41429.939,211495.799,5768.6,6833.6113,100,27.51667,35,50,0,20,100,9250.0,108941.0,38888.1,2.8014,0.000801903,4.5079,1,577.3464806,40495.0,13381.3,3.02624,0.000330717,1.37658,0,295.9139167,7325.23,2922.01,2.50691,0.000164469,0.455352,6,-323.2177022,13724.6,2519.04,5.44835,0.001036,1.08466
96.654008,1,AUTO,ARMED,5,AVAILABLE,UNAVAILABLE,UNAVAILABLE,95,5,ACTIVE,41,E_P3_NEW3-A3.NC,E_P3_NEW3-A3.NC,41429.939,211495.799,5768.6,6833.6113,100,27.51667,35,50,0,20,100,9250.0,108941.0,38888.1,2.8014,0.000801903,4.5079,1,580.1877594,40495.0,13381.3,3.02624,0.000330717,1.37658,0,295.9139167,7325.23,2922.01,2.50691,0.000164469,0.455352,6,-323.2175534,13724.6,2519.04,5.44835,0.001036,1.08466
96.808015,1,AUTO,ARMED,5,AVAILABLE,UNAVAILABLE,UNAVAILABLE,95,5,ACTIVE,41,E_P3_NEW3-A3.NC,E_P3_NEW3-A3.NC,41429.939,211495.799,5768.6,6833.6113,100,27.51667,35,50,0,20,100,9250.0,108941.0,38888.1,2.8014,0.000801903,4.5079,1,585.8491546,40495.0,13381.3,3.02624,0.000330717,1.37658,0,295.9138809,7325.23,2922.01,2.50691,0.000164469,0.455352,6,-323.2175992,13724.6,2519.04,5.44835,0.001036,1.08466
96.969757,1,AUTO,ARMED,5,AVAILABLE,UNAVAILABLE,UNAVAILABLE,95,5,ACTIVE,41,E_P3_NEW3-A3.NC,E_P3_NEW3-A3.NC,41429.939,211495.799,5768.6,6833.6113,100,27.51667,35,50,0,19,100,9250.0,108941.0,38888.1,2.8014,0.000801903,4.5079,1,588.6833793,40495.0,13381.3,3.02624,0.000330717,1.37658,0,295.9138738,7325.23,2922.01,2.50691,0.000164469,0.455352,6,-323.2175763,13724.6,2519.04,5.44835,0.001036,1.08466
97.136495,1,AUTO,ARMED,5,AVAILABLE,UNAVAILABLE,UNAVAILABLE,95,5,ACTIVE,41,E_P3_NEW3-A3.NC,E_P3_NEW3-A3.NC,41429.939,211495.799,5768.6,6833.6113,100,27.51667,35,50,0,20,100,9250.0,108941.0,38888.1,2.8014,0.000801903,4.5079,1,594.358502,40495.0,13381.3,3.02624,0.000330717,1.37658,0,295.9138881,7325.23,2922.01,2.50691,0.000164469,0.455352,6,-323.2176793,13724.6,2519.04,5.44835,0.001036,1.08466
97.281438,1,AUTO,ARMED,5,AVAILABLE,UNAVAILABLE,UNAVAILABLE,95,5,ACTIVE,41,E_P3_NEW3-A3.NC,E_P3_NEW3-A3.NC,41429.939,211495.799,5768.6,2701.4624,100,27.51667,35,50,0,20,100,9250.0,108941.0,38888.1,2.8014,0.000801903,4.5079,1,597.1861678,40495.0,13381.3,3.02624,0.000330717,1.37658,0,295.9139167,7325.23,2922.01,2.50691,0.000164469,0.455352,6,-323.2175534,13724.6,2519.04,5.44835,0.001036,1.08466
97.441381,1,AUTO,ARMED,5,AVAILABLE,UNAVAILABLE,UNAVAILABLE,95,5,ACTIVE,41,E_P3_NEW3-A3.NC,E_P3_NEW3-A3.NC,41429.939,211495.799,5768.6,2701.4624,100,27.51667,35,50,0,19,100,9250.0,7510.66,390.622,19.2274,0.000400393,0.272242,1,600.0282245,9625.66,89.0786,108.058,9.94225e-05,0.0652303,0,295.9142672,2569.83,128.985,19.9235,8.80336e-05,0.0598218,6,-323.217542,1802.71,438.059,4.11522,0.000224049,0.173607
97.588015,1,AUTO,ARMED,5,AVAILABLE,UNAVAILABLE,UNAVAILABLE,95,5,ACTIVE,41,E_P3_NEW3-A3.NC,E_P3_NEW3-A3.NC,41429.939,211495.799,5768.6,2701.4624,100,27.51667,36,50,0,0,100,9250.0,7510.66,390.622,19.2274,0.000400393,0.272242,0,608.5300403,9625.66,89.0786,108.058,9.94225e-05,0.0652303,0,295.9139096,2569.83,128.985,19.9235,8.80336e-05,0.0598218,6,-323.2175763,1802.71,438.059,4.11522,0.000224049,0.173607
97.740142,1,AUTO,ARMED,5,AVAILABLE,UNAVAILABLE,UNAVAILABLE,95,5,ACTIVE,41,E_P3_NEW3-A3.NC,E_P3_NEW3-A3.NC,41429.939,211495.799,5768.6,2701.4624,100,27.51667,36,50,0,0,100,9250.0,7510.66,390.622,19.2274,0.000400393,0.272242,0,611.2910747,9625.66,89.0786,108.058,9.94225e-05,0.0652303,0,295.9139024,2569.83,128.985,19.9235,8.80336e-05,0.0598218,6,-323.2175763,1802.71,438.059,4.11522,0.000224049,0.173607
97.885728,1,AUTO,ARMED,5,AVAILABLE,UNAVAILABLE,UNAVAILABLE,95,5,ACTIVE,41,E_P3_NEW3-A3.NC,E_P3_NEW3-A3.NC,41429.939,211495.799,5768.6,2701.4624,100,27.51667,36,50,0,0,100,9250.0,7510.66,390.622,19.2274,0.000400393,0.272242,0,611.2910747,9625.66,89.0786,108.058,9.94225e-05,0.0652303,0,295.9139024,2569.83,128.985,19.9235,8.80336e-05,0.0598218,6,-323.2175763,1802.71,438.059,4.11522,0.000224049,0.173607
98.033128,1,AUTO,ARMED,5,AVAILABLE,UNAVAILABLE,UNAVAILABLE,96,5,ACTIVE,41,E_P3_NEW3-A3.NC,E_P3_NEW3-A3.NC,41429.939,211495.799,5768.6,2701.4624,100,0.0,36,50,0,4,100,9250.0,7510.66,390.622,19.2274,0.000400393,0.272242,0,611.6668867,9625.66,89.0786,108.058,9.94225e-05,0.0652303,0,295.9139024,2569.83,128.985,19.9235,8.80336e-05,0.0598218,6,-323.2175992,1802.71,438.059,4.11522,0.000224049,0.173607
98.178744,1,AUTO,ARMED,5,AVAILABLE,UNAVAILABLE,UNAVAILABLE,96,5,ACTIVE,41,E_P3_NEW3-A3.NC,E_P3_NEW3-A3.NC,41429.939,211495.799,5768.6,2701.4624,100,0.0,36,50,0,4,100,9250.0,7510.66,390.622,19.2274,0.000400393,0.272242,0,611.6668724,9625.66,89.0786,108.058,9.94225e-05,0.0652303,0,295.9139024,2569.83,128.985,19.9235,8.80336e-05,0.0598218,6,-323.2175992,1802.71,438.059,4.11522,0.000224049,0.173607
98.333781,1,AUTO,ARMED,5,AVAILABLE,UNAVAILABLE,UNAVAILABLE,96,5,ACTIVE,41,E_P3_NEW3-A3.NC,E_P3_NEW3-A3.NC,41429.939,211495.799,5768.6,3331.1838,100,0.0,36,50,0,5,100,9250.0,4319.23,400.066,10.7963,0.000399812,0.276827,0,611.6668509,8257.42,255.887,32.2698,0.000225303,0.170447,0,295.9139024,792.566,170.87,4.63842,0.000118216,0.0605971,6,-323.2175992,1538.31,510.188,3.01518,0.00052678,0.201731
98.493221,1,AUTO,ARMED,5,AVAILABLE,UNAVAILABLE,UNAVAILABLE,96,5,ACTIVE,41,E_P3_NEW3-A3.NC,E_P3_NEW3-A3.NC,41429.939,211495.799,5768.6,3331.1838,100,0.0,36,50,0,4,100,9250.0,4319.23,400.066,10.7963,0.000399812,0.276827,0,611.6668295,8257.42,255.887,32.2698,0.000225303,0.170447,0,295.9139024,792.566,170.87,4.63842,0.000118216,0.0605971,6,-323.2175992,1538.31,510.188,3.01518,0.00052678,0.201731
98.658263,1,AUTO,ARMED,5,AVAILABLE,UNAVAILABLE,UNAVAILABLE,96,5,ACTIVE,41,E_P3_NEW3-A3.NC,E_P3_NEW3-A3.NC,41429.939,211495.799,5768.6,3331.1838,100,0.0,37,50,0,4,100,9250.0,4319.23,400.066,10.7963,0.000399812,0.276827,0,611.6668152,8257.42,255.887,32.2698,0.000225303,0.170447,0,295.9138952,792.566,170.87,4.63842,0.000118216,0.0605971,6,-323.2175992,1538.31,510.188,3.01518,0.00052678,0.201731
98.815913,1,AUTO,ARMED,5,AVAILABLE,UNAVAILABLE,UNAVAILABLE,96,5,ACTIVE,41,E_P3_NEW3-A3.NC,E_P3_NEW3-A3.NC,41429.939,211495.799,5768.6,3331.1838,100,0.0,37,50,0,3,100,9250.0,4319.23,400.066,10.7963,0.000399812,0.276827,0,611.666808,8257.42,255.887,32.2698,0.000225303,0.170447,0,295.9150826,792.566,170.87,4.63842,0.000118216,0.0605971,6,-323.2175992,1538.31,510.188,3.01518,0.00052678,0.201731
98.967191,1,AUTO,ARMED,5,AVAILABLE,UNAVAILABLE,UNAVAILABLE,98,5,ACTIVE,41,E_P3_NEW3-A3.NC,E_P3_NEW3-A3.NC,41429.939,211495.799,5768.6,3331.1838,100,17.91667,37,50,0,3,100,9250.0,4319.23,400.066,10.7963,0.000399812,0.276827,0,611.5826484,8257.42,255.887,32.2698,0.000225303,0.170447,0,296.5499513,792.566,170.87,4.63842,0.000118216,0.0605971,6,-323.2175992,1538.31,510.188,3.01518,0.00052678,0.201731
99.121257,1,AUTO,ARMED,5,AVAILABLE,UNAVAILABLE,UNAVAILABLE,98,5,ACTIVE,41,E_P3_NEW3-A3.NC,E_P3_NEW3-A3.NC,41429.939,211495.799,5768.6,3331.1838,100,17.91667,37,50,0,3,100,9250.0,4319.23,400.066,10.7963,0.000399812,0.276827,1,609.2730415,8257.42,255.887,32.2698,0.000225303,0.170447,0,296.5485852,792.566,170.87,4.63842,0.000118216,0.0605971,6,-323.2176106,1538.31,510.188,3.01518,0.00052678,0.201731
99.275759,1,AUTO,ARMED,5,AVAILABLE,UNAVAILABLE,UNAVAILABLE,98,5,ACTIVE,41,E_P3_NEW3-A3.NC,E_P3_NEW3-A3.NC,41429.939,211495.799,5768.6,3331.1838,100,27.51667,37,50,0,3,100,9250.0,4319.23,400.066,10.7963,0.000399812,0.276827,0,603.6136616,8257.42,255.887,32.2698,0.000225303,0.170447,0,296.5489142,792.566,170.87,4.63842,0.000118216,0.0605971,6,-323.2175992,1538.31,510.188,3.01518,0.00052678,0.201731
99.463474,1,AUTO,ARMED,5,AVAILABLE,UNAVAILABLE,UNAVAILABLE,98,5,ACTIVE,41,E_P3_NEW3-A3.NC,E_P3_NEW3-A3.NC,41429.939,211495.799,5768.6,6403.0493,100,27.51667,37,50,0,7,100,9250.0,16269.1,5653.07,2.87792,0.000368899,1.07319,0,597.9381382,12962.2,2587.11,5.0103,0.000223634,0.303535,0,296.5486209,4755.4,1779.75,2.67195,0.000122315,0.284245,6,-323.2176335,7162.77,2112.73,3.39029,0.000316093,0.54206
99.613884,1,AUTO,ARMED,5,AVAILABLE,UNAVAILABLE,UNAVAILABLE,98,5,ACTIVE,41,E_P3_NEW3-A3.NC,E_P3_NEW3-A3.NC,41429.939,211495.799,5768.6,6403.0493,100,27.51667,38,50,0,16,100,9250.0,16269.1,5653.07,2.87792,0.000368899,1.07319,0,595.1108158,12962.2,2587.11,5.0103,0.000223634,0.303535,0,296.5488426,4755.4,1779.75,2.67195,0.000122315,0.284245,6,-323.2176106,7162.77,2112.73,3.39029,0.000316093,0.54206
99.760091,1,AUTO,ARMED,5,AVAILABLE,UNAVAILABLE,UNAVAILABLE,98,5,ACTIVE,41,E_P3_NEW3-A3.NC,E_P3_NEW3-A3.NC,41429.939,211495.799,5768.6,6403.0493,100,27.51667,38,50,0,22,100,9250.0,16269.1,5653.07,2.87792,0.000368899,1.07319,0,589.4354783,12962.2,2587.11,5.0103,0.000223634,0.303535,0,296.5488927,4755.4,1779.75,2.67195,0.000122315,0.284245,6,-323.2175992,7162.77,2112.73,3.39029,0.000316093,0.54206
99.908999,1,AUTO,ARMED,5,AVAILABLE,UNAVAILABLE,UNAVAILABLE,98,5,ACTIVE,41,E_P3_NEW3-A3.NC,E_P3_NEW3-A3.NC,41429.939,211495.799,5768.6,6403.0493,100,27.51667,38,50,0,20,100,9250.0,16269.1,5653.07,2.87792,0.000368899,1.07319,0,583.7740199,12962.2,2587.11,5.0103,0.000223634,0.303535,0,296.5489142,4755.4,1779.75,2.67195,0.000122315,0.284245,6,-323.2176106,7162.77,2112.73,3.39029,0.000316093,0.54206
100.071975,1,AUTO,ARMED,5,AVAILABLE,UNAVAILABLE,UNAVAILABLE,98,5,ACTIVE,41,E_P3_NEW3-A3.NC,E_P3_NEW3-A3.NC,41429.939,211495.799,5768.6,6403.0493,100,27.51667,38,50,0,18,100,9250.0,16269.1,5653.07,2.87792,0.000368899,1.07319,0,580.9330336,12962.2,2587.11,5.0103,0.000223634,0.303535,0,296.5489142,4755.4,1779.75,2.67195,0.000122315,0.284245,6,-323.2175878,7162.77,2112.73,3.39029,0.000316093,0.54206
100.220879,1,AUTO,ARMED,5,AVAILABLE,UNAVAILABLE,UNAVAILABLE,98,5,ACTIVE,41,E_P3_NEW3-A3.NC,E_P3_NEW3-A3.NC,41429.939,211495.799,5768.6,6403.0493,100,27.51667,38,50,0,16,100,9250.0,16269.1,5653.07,2.87792,0.000368899,1.07319,0,578.0987207,12962.2,2587.11,5.0103,0.000223634,0.303535,0,296.5489213,4755.4,1779.75,2.67195,0.000122315,0.284245,6,-323.2175763,7162.77,2112.73,3.39029,0.000316093,0.54206
100.393531,1,AUTO,ARMED,5,AVAILABLE,UNAVAILABLE,UNAVAILABLE,98,5,ACTIVE,41,E_P3_NEW3-A3.NC,E_P3_NEW3-A3.NC,41429.939,211495.799,5768.6,6403.0493,100,27.51667,38,50,0,16,100,9250.0,16269.1,5653.07,2.87792,0.000368899,1.07319,0,573.8543824,12962.2,2587.11,5.0103,0.000223634,0.303535,0,296.548907,4755.4,1779.75,2.67195,0.000122315,0.284245,6,-323.2175878,7162.77,2112.73,3.39029,0.000316093,0.54206
100.548176,1,AUTO,ARMED,5,AVAILABLE,UNAVAILABLE,UNAVAILABLE,98,5,ACTIVE,41,E_P3_NEW3-A3.NC,E_P3_NEW3-A3.NC,41429.939,211495.799,5768.6,6235.8262,100,27.51667,38,50,0,17,100,9250.0,16773.0,5404.85,3.10332,0.000335525,1.0357,0,568.1791475,17667.0,5023.56,3.51683,0.000158591,0.35845,0,296.5488927,4611.29,1663.41,2.77219,0.000109628,0.265291,6,-323.2176221,7619.45,2280.55,3.34106,0.000399,0.607475
100.708504,1,AUTO,ARMED,5,AVAILABLE,UNAVAILABLE,UNAVAILABLE,98,5,ACTIVE,41,E_P3_NEW3-A3.NC,E_P3_NEW3-A3.NC,41429.939,211495.799,5768.6,6235.8262,100,27.51667,39,50,0,18,100,9250.0,16773.0,5404.85,3.10332,0.000335525,1.0357,0,565.3447845,17667.0,5023.56,3.51683,0.000158591,0.35845,0,296.5488856,4611.29,1663.41,2.77219,0.000109628,0.265291,6,-323.2175878,7619.45,2280.55,3.34106,0.000399,0.607475
100.853174,1,AUTO,ARMED,5,AVAILABLE,UNAVAILABLE,UNAVAILABLE,98,5,ACTIVE,41,E_P3_NEW3-A3.NC,E_P3_NEW3-A3.NC,41429.939,211495.799,5768.6,6235.8262,100,27.51667,39,50,0,18,100,9250.0,16773.0,5404.85,3.10332,0.000335525,1.0357,0,559.6763375,17667.0,5023.56,3.51683,0.000158591,0.35845,0,296.5488999,4611.29,1663.41,2.77219,0.000109628,0.265291,6,-323.2175992,7619.45,2280.55,3.34106,0.000399,0.607475
101.003815,1,AUTO,ARMED,5,AVAILABLE,UNAVAILABLE,UNAVAILABLE,98,5,ACTIVE,41,E_P3_NEW3-A3.NC,E_P3_NEW3-A3.NC,41429.939,211495.799,5768.6,6235.8262,100,27.51667,39,50,0,17,100,9250.0,16773.0,5404.85,3.10332,0.000335525,1.0357,0,556.842176,17667.0,5023.56,3.51683,0.000158591,0.35845,0,296.5489142,4611.29,1663.41,2.77219,0.000109628,0.265291,6,-323.2175878,7619.45,2280.55,3.34106,0.000399,0.607475
101.144403,1,AUTO,ARMED,5,AVAILABLE,UNAVAILABLE,UNAVAILABLE,98,5,ACTIVE,41,E_P3_NEW3-A3.NC,E_P3_NEW3-A3.NC,41429.939,211495.799,5768.6,6235.8262,100,27.51667,39,50,0,18,100,9250.0,16773.0,5404.85,3.10332,0.000335525,1.0357,0,554.01469,17667.0,5023.56,3.51683,0.000158591,0.35845,0,296.548907,4611.29,1663.41,2.77219,0.000109628,0.265291,6,-323.2175992,7619.45,2280.55,3.34106,0.000399,0.607475
101.292025,1,AUTO,ARMED,5,AVAILABLE,UNAVAILABLE,UNAVAILABLE,98,5,ACTIVE,41,E_P3_NEW3-A3.NC,E_P3_NEW3-A3.NC,41429.939,211495.799,5768.6,6235.8262,100,27.51667,39,50,0,17,100,9250.0,16773.0,5404.85,3.10332,0.000335525,1.0357,0,545.5051028,17667.0,5023.56,3.51683,0.000158591,0.35845,0,296.5489142,4611.29,1663.41,2.77219,0.000109628,0.265291,6,-323.2175878,7619.45,2280.55,3.34106,0.000399,0.607475
101.432663,1,AUTO,ARMED,5,AVAILABLE,UNAVAILABLE,UNAVAILABLE,98,5,ACTIVE,41,E_P3_NEW3-A3.NC,E_P3_NEW3-A3.NC,41429.939,211495.799,5768.6,6235.8262,100,27.51667,39,50,0,17,100,9250.0,16773.0,5404.85,3.10332,0.000335525,1.0357,0,542.6651,17667.0,5023.56,3.51683,0.000158591,0.35845,0,296.5495651,4611.29,1663.41,2.77219,0.000109628,0.265291,6,-323.2175763,7619.45,2280.55,3.34106,0.000399,0.607475
101.575589,1,AUTO,ARMED,5,AVAILABLE,UNAVAILABLE,UNAVAILABLE,98,5,ACTIVE,41,E_P3_NEW3-A3.NC,E_P3_NEW3-A3.NC,41429.939,211495.799,5768.6,6235.8262,100,27.51667,40,50,0,10,100,9250.0,15333.3,393.698,38.9469,0.000273272,0.240762,0,539.8301111,16130.8,100.823,159.991,9.84448e-05,0.0652521,0,296.5491359,4851.47,131.79,36.8121,0.00011585,0.0614324,6,-323.2175878,7643.49,343.709,22.2383,0.000175392,0.143319
101.718311,1,AUTO,ARMED,5,AVAILABLE,UNAVAILABLE,UNAVAILABLE,98,5,ACTIVE,41,E_P3_NEW3-A3.NC,E_P3_NEW3-A3.NC,41429.939,211495.799,5768.6,3468.1685,100,27.51667,40,50,0,4,100,9250.0,15333.3,393.698,38.9469,0.000273272,0.240762,0,536.9957301,16130.8,100.823,159.991,9.84448e-05,0.0652521,0,296.5489499,4851.47,131.79,36.8121,0.00011585,0.0614324,6,-323.2175878,7643.49,343.709,22.2383,0.000175392,0.143319
101.868507,1,AUTO,ARMED,5,AVAILABLE,UNAVAILABLE,UNAVAILABLE,98,5,ACTIVE,41,E_P3_NEW3-A3.NC,E_P3_NEW3-A3.NC,41429.939,211495.799,5768.6,3468.1685,100,24.25,40,50,0,0,100,9250.0,15333.3,393.698,38.9469,0.000273272,0.240762,1,531.3269305,16130.8,100.823,159.991,9.84448e-05,0.0652521,0,296.5488999,4851.47,131.79,36.8121,0.00011585,0.0614324,6,-323.2175878,7643.49,343.709,22.2383,0.000175392,0.143319
102.022471,1,AUTO,ARMED,5,AVAILABLE,UNAVAILABLE,UNAVAILABLE,98,5,ACTIVE,41,E_P3_NEW3-A3.NC,E_P3_NEW3-A3.NC,41429.939,211495.799,5768.6,3468.1685,100,24.25,40,50,0,1,100,9250.0,15333.3,393.698,38.9469,0.000273272,0.240762,1,530.3905113,16130.8,100.823,159.991,9.84448e-05,0.0652521,0,296.5488927,4851.47,131.79,36.8121,0.00011585,0.0614324,6,-323.2175992,7643.49,343.709,22.2383,0.000175392,0.143319
102.168601,1,AUTO,ARMED,5,AVAILABLE,UNAVAILABLE,UNAVAILABLE,99,5,ACTIVE,41,E_P3_NEW3-A3.NC,E_P3_NEW3-A3.NC,41429.939,211495.799,5768.6,3468.1685,100,0.0,40,50,0,1,100,9250.0,15333.3,393.698,38.9469,0.000273272,0.240762,0,530.3868491,16130.8,100.823,159.991,9.84448e-05,0.0652521,0,296.5488999,4851.47,131.79,36.8121,0.00011585,0.0614324,6,-323.2175992,7643.49,343.709,22.2383,0.000175392,0.143319
102.331659,1,AUTO,ARMED,5,AVAILABLE,UNAVAILABLE,UNAVAILABLE,99,5,ACTIVE,41,E_P3_NEW3-A3.NC,E_P3_NEW3-A3.NC,41429.939,211495.799,5768.6,3468.1685,100,0.0,40,50,0,5,100,9250.0,15333.3,393.698,38.9469,0.000273272,0.240762,0,530.3867275,16130.8,100.823,159.991,9.84448e-05,0.0652521,0,296.5488999,4851.47,131.79,36.8121,0.00011585,0.0614324,6,-323.2175992,7643.49,343.709,22.2383,0.000175392,0.143319
102.491736,1,AUTO,ARMED,5,AVAILABLE,UNAVAILABLE,UNAVAILABLE,99,5,ACTIVE,41,E_P3_NEW3-A3.NC,E_P3_NEW3-A3.NC,41429.939,211495.799,5768.6,3468.1685,100,0.0,40,50,0,5,100,9250.0,15333.3,393.698,38.9469,0.000273272,0.240762,0,530.386749,16130.8,100.823,159.991,9.84448e-05,0.0652521,0,296.5488999,4851.47,131.79,36.8121,0.00011585,0.0614324,6,-323.2175992,7643.49,343.709,22.2383,0.000175392,0.143319
102.648214,1,AUTO,ARMED,5,AVAILABLE,UNAVAILABLE,UNAVAILABLE,99,5,ACTIVE,41,E_P3_NEW3-A3.NC,E_P3_NEW3-A3.NC,41429.939,211495.799,5768.6,3468.1685,100,0.0,41,50,0,4,100,9250.0,4103.27,390.416,10.51,0.000269268,0.239981,0,530.3867704,1056.18,113.284,9.32329,0.000150913,0.0744896,0,296.5488999,792.567,130.943,6.05276,8.6425e-05,0.0644346,6,-323.2175878,1297.95,444.659,2.91898,0.000150449,0.158901
102.796217,1,AUTO,ARMED,5,AVAILABLE,UNAVAILABLE,UNAVAILABLE,99,5,ACTIVE,41,E_P3_NEW3-A3.NC,E_P3_NEW3-A3.NC,41429.939,211495.799,5768.6,3368.9951,100,0.0,41,50,0,4,100,9250.0,4103.27,390.416,10.51,0.000269268,0.239981,0,530.3867776,1056.18,113.284,9.32329,0.000150913,0.0744896,0,296.5488999,792.567,130.943,6.05276,8.6425e-05,0.0644346,6,-323.2176106,1297.95,444.659,2.91898,0.000150449,0.158901
102.936205,1,AUTO,ARMED,5,AVAILABLE,UNAVAILABLE,UNAVAILABLE,99,5,ACTIVE,41,E_P3_NEW3-A3.NC,E_P3_NEW3-A3.NC,41429.939,211495.799,5768.6,3368.9951,100,0.0,41,50,0,4,100,9250.0,4103.27,390.416,10.51,0.000269268,0.239981,0,530.3867847,1056.18,113.284,9.32329,0.000150913,0.0744896,0,296.5488999,792.567,130.943,6.05276,8.6425e-05,0.0644346,6,-323.2175992,1297.95,444.659,2.91898,0.000150449,0.158901
103.10367,1,AUTO,ARMED,5,AVAILABLE,UNAVAILABLE,UNAVAILABLE,102,5,ACTIVE,41,E_P3_NEW3-A3.NC,E_P3_NEW3-A3.NC,41429.939,211495.799,5768.6,3368.9951,100,0.0,41,50,0,4,100,9250.0,4103.27,390.416,10.51,0.000269268,0.239981,0,530.3867919,1056.18,113.284,9.32329,0.000150913,0.0744896,0,297.1344379,792.567,130.943,6.05276,8.6425e-05,0.0644346,6,-323.2176106,1297.95,444.659,2.91898,0.000150449,0.158901
103.282626,1,AUTO,ARMED,5,AVAILABLE,UNAVAILABLE,UNAVAILABLE,103,5,ACTIVE,41,E_P3_NEW3-A3.NC,E_P3_NEW3-A3.NC,41429.939,211495.799,5768.6,3368.9951,100,0.0,41,50,0,4,100,9250.0,4103.27,390.416,10.51,0.000269268,0.239981,0,530.3867919,1056.18,113.284,9.32329,0.000150913,0.0744896,0,297.1838401,792.567,130.943,6.05276,8.6425e-05,0.0644346,6,-323.2175992,1297.95,444.659,2.91898,0.000150449,0.158901
103.464397,1,AUTO,ARMED,5,AVAILABLE,UNAVAILABLE,UNAVAILABLE,103,5,ACTIVE,41,E_P3_NEW3-A3.NC,E_P3_NEW3-A3.NC,41429.939,211495.799,5768.6,3368.9951,100,0.0,41,50,0,4,100,9250.0,4103.27,390.416,10.51,0.000269268,0.239981,0,530.386799,1056.18,113.284,9.32329,0.000150913,0.0744896,0,297.1839045,792.567,130.943,6.05276,8.6425e-05,0.0644346,6,-323.2176106,1297.95,444.659,2.91898,0.000150449,0.158901
103.605252,1,AUTO,ARMED,5,AVAILABLE,UNAVAILABLE,UNAVAILABLE,103,5,ACTIVE,41,E_P3_NEW3-A3.NC,E_P3_NEW3-A3.NC,41429.939,211495.799,5768.6,3368.9951,100,0.0,42,50,0,4,100,9250.0,24955.6,387.063,64.4743,0.000304002,0.244558,0,530.386799,14978.6,230.068,65.1051,0.00020804,0.114285,0,297.1839116,4611.29,134.871,34.1904,7.06178e-05,0.056888,6,-323.2175992,7715.6,2405.02,3.20812,0.000271775,0.510088
103.776405,1,AUTO,ARMED,5,AVAILABLE,UNAVAILABLE,UNAVAILABLE,103,5,ACTIVE,41,E_P3_NEW3-A3.NC,E_P3_NEW3-A3.NC,41429.939,211495.799,5768.6,3367.2256,100,0.0,42,50,0,4,100,9250.0,24955.6,387.063,64.4743,0.000304002,0.244558,0,530.386799,14978.6,230.068,65.1051,0.00020804,0.114285,0,297.1839045,4611.29,134.871,34.1904,7.06178e-05,0.056888,6,-323.2175992,7715.6,2405.02,3.20812,0.000271775,0.510088
103.935124,1,AUTO,ARMED,5,AVAILABLE,UNAVAILABLE,UNAVAILABLE,103,5,ACTIVE,41,E_P3_NEW3-A3.NC,E_P3_NEW3-A3.NC,41429.939,211495.799,5768.6,3367.2256,100,0.0,42,50,0,4,100,9250.0,24955.6,387.063,64.4743,0.000304002,0.244558,0,530.386799,14978.6,230.068,65.1051,0.00020804,0.114285,0,297.1839045,4611.29,134.871,34.1904,7.06178e-05,0.056888,6,-323.2175992,7715.6,2405.02,3.20812,0.000271775,0.510088
104.111084,1,AUTO,ARMED,5,AVAILABLE,UNAVAILABLE,UNAVAILABLE,104,5,ACTIVE,41,E_P3_NEW3-A3.NC,E_P3_NEW3-A3.NC,41429.939,211495.799,5768.6,3367.2256,100,0.0,42,50,0,4,100,9250.0,24955.6,387.063,64.4743,0.000304002,0.244558,0,530.386799,14978.6,230.068,65.1051,0.00020804,0.114285,0,297.1839045,4611.29,134.871,34.1904,7.06178e-05,0.056888,6,-323.2175992,7715.6,2405.02,3.20812,0.000271775,0.510088
104.277111,1,AUTO,ARMED,5,AVAILABLE,UNAVAILABLE,UNAVAILABLE,104,5,ACTIVE,41,E_P3_NEW3-A3.NC,E_P3_NEW3-A3.NC,41429.939,211495.799,5768.6,3367.2256,100,31.75,42,50,0,4,100,9250.0,24955.6,387.063,64.4743,0.000304002,0.244558,0,533.6493375,14978.6,230.068,65.1051,0.00020804,0.114285,0,297.1838973,4611.29,134.871,34.1904,7.06178e-05,0.056888,6,-323.2176106,7715.6,2405.02,3.20812,0.000271775,0.510088
104.439827,1,AUTO,ARMED,5,AVAILABLE,UNAVAILABLE,UNAVAILABLE,104,5,ACTIVE,41,E_P3_NEW3-A3.NC,E_P3_NEW3-A3.NC,41429.939,211495.799,5768.6,3367.2256,100,31.75,42,50,0,4,100,9250.0,24955.6,387.063,64.4743,0.000304002,0.244558,0,540.1885404,14978.6,230.068,65.1051,0.00020804,0.114285,0,297.1838973,4611.29,134.871,34.1904,7.06178e-05,0.056888,6,-323.2175992,7715.6,2405.02,3.20812,0.000271775,0.510088
104.578953,1,AUTO,ARMED,5,AVAILABLE,UNAVAILABLE,UNAVAILABLE,104,5,ACTIVE,41,E_P3_NEW3-A3.NC,E_P3_NEW3-A3.NC,41429.939,211495.799,5768.6,3367.2256,100,31.75,43,50,0,4,100,9250.0,24955.6,387.063,64.4743,0.000304002,0.244558,0,543.4649939,14978.6,230.068,65.1051,0.00020804,0.114285,0,297.1835397,4611.29,134.871,34.1904,7.06178e-05,0.056888,6,-323.2177365,7715.6,2405.02,3.20812,0.000271775,0.510088
104.755677,1,AUTO,ARMED,5,AVAILABLE,UNAVAILABLE,UNAVAILABLE,104,5,ACTIVE,41,E_P3_NEW3-A3.NC,E_P3_NEW3-A3.NC,41429.939,211495.799,5768.6,3367.2256,100,31.75,43,50,0,28,100,9250.0,140903.0,46352.8,3.03979,0.000805719,5.26923,1,549.9991042,49304.5,14500.6,3.40017,0.000381232,1.52477,0,297.1838973,7253.18,2746.8,2.64059,0.000127438,0.390999,6,-323.2176106,26968.5,3005.22,8.97389,0.000877966,0.981685
104.899449,1,AUTO,ARMED,5,AVAILABLE,UNAVAILABLE,UNAVAILABLE,104,5,ACTIVE,41,E_P3_NEW3-A3.NC,E_P3_NEW3-A3.NC,41429.939,211495.799,5768.6,3367.2256,100,31.75,43,50,0,29,100,9250.0,140903.0,46352.8,3.03979,0.000805719,5.26923,1,553.269378,49304.5,14500.6,3.40017,0.000381232,1.52477,0,297.1839331,7253.18,2746.8,2.64059,0.000127438,0.390999,6,-323.2175763,26968.5,3005.22,8.97389,0.000877966,0.981685
105.051755,1,AUTO,ARMED,5,AVAILABLE,UNAVAILABLE,UNAVAILABLE,104,5,ACTIVE,41,E_P3_NEW3-A3.NC,E_P3_NEW3-A3.NC,41429.939,211495.799,5768.6,7048.8145,100,31.75,43,50,0,27,100,9250.0,140903.0,46352.8,3.03979,0.000805719,5.26923,1,556.547734,49304.5,14500.6,3.40017,0.000381232,1.52477,0,297.1838902,7253.18,2746.8,2.64059,0.000127438,0.390999,6,-323.2176106,26968.5,3005.22,8.97389,0.000877966,0.981685
105.200405,1,AUTO,ARMED,5,AVAILABLE,UNAVAILABLE,UNAVAILABLE,104,5,ACTIVE,41,E_P3_NEW3-A3.NC,E_P3_NEW3-A3.NC,41429.939,211495.799,5768.6,7048.8145,100,31.75,43,50,0,23,100,9250.0,140903.0,46352.8,3.03979,0.000805719,5.26923,1,563.0802847,49304.5,14500.6,3.40017,0.000381232,1.52477,0,297.1839045,7253.18,2746.8,2.64059,0.000127438,0.390999,6,-323.2175305,26968.5,3005.22,8.97389,0.000877966,0.981685
105.346818,1,AUTO,ARMED,5,AVAILABLE,UNAVAILABLE,UNAVAILABLE,104,5,ACTIVE,41,E_P3_NEW3-A3.NC,E_P3_NEW3-A3.NC,41429.939,211495.799,5768.6,7048.8145,100,31.75,43,50,0,23,100,9250.0,140903.0,46352.8,3.03979,0.000805719,5.26923,1,566.3581529,49304.5,14500.6,3.40017,0.000381232,1.52477,0,297.1839116,7253.18,2746.8,2.64059,0.000127438,0.390999,6,-323.2175649,26968.5,3005.22,8.97389,0.000877966,0.981685
105.512856,1,AUTO,ARMED,5,AVAILABLE,UNAVAILABLE,UNAVAILABLE,104,5,ACTIVE,41,E_P3_NEW3-A3.NC,E_P3_NEW3-A3.NC,41429.939,211495.799,5768.6,7048.8145,100,31.75,43,50,0,20,100,9250.0,140903.0,46352.8,3.03979,0.000805719,5.26923,1,572.8910441,49304.5,14500.6,3.40017,0.000381232,1.52477,0,297.1839116,7253.18,2746.8,2.64059,0.000127438,0.390999,6,-323.2176564,26968.5,3005.22,8.97389,0.000877966,0.981685
105.652214,1,AUTO,ARMED,5,AVAILABLE,UNAVAILABLE,UNAVAILABLE,104,5,ACTIVE,41,E_P3_NEW3-A3.NC,E_P3_NEW3-A3.NC,41429.939,211495.799,5768.6,7048.8145,100,31.75,44,50,0,21,100,9250.0,140903.0,46352.8,3.03979,0.000805719,5.26923,1,576.1690911,49304.5,14500.6,3.40017,0.000381232,1.52477,0,297.1839188,7253.18,2746.8,2.64059,0.000127438,0.390999,6,-323.2174848,26968.5,3005.22,8.97389,0.000877966,0.981685
105.798618,1,AUTO,ARMED,5,AVAILABLE,UNAVAILABLE,UNAVAILABLE,104,5,ACTIVE,41,E_P3_NEW3-A3.NC,E_P3_NEW3-A3.NC,41429.939,211495.799,5768.6,7048.8145,100,31.75,44,50,0,21,100,9250.0,126122.0,411.66,306.374,0.000310929,0.265724,1,582.7096283,39630.8,3972.12,9.97724,0.000270568,0.488229,0,297.1838902,7757.54,227.949,34.0319,0.000114633,0.0668957,6,-323.2176793,21848.8,547.861,39.8802,0.000182219,0.195917
105.939238,1,AUTO,ARMED,5,AVAILABLE,UNAVAILABLE,UNAVAILABLE,104,5,ACTIVE,41,E_P3_NEW3-A3.NC,E_P3_NEW3-A3.NC,41429.939,211495.799,5768.6,7048.8145,100,31.75,44,50,0,22,100,9250.0,126122.0,411.66,306.374,0.000310929,0.265724,1,589.2500211,39630.8,3972.12,9.97724,0.000270568,0.488229,0,297.1839045,7757.54,227.949,34.0319,0.000114633,0.0668957,6,-323.2175305,21848.8,547.861,39.8802,0.000182219,0.195917
106.081996,1,AUTO,ARMED,5,AVAILABLE,UNAVAILABLE,UNAVAILABLE,104,5,ACTIVE,41,E_P3_NEW3-A3.NC,E_P3_NEW3-A3.NC,41429.939,211495.799,5768.6,3190.7839,100,31.75,44,50,0,22,100,9250.0,126122.0,411.66,306.374,0.000310929,0.265724,1,592.520326,39630.8,3972.12,9.97724,0.000270568,0.488229,0,297.1839045,7757.54,227.949,34.0319,0.000114633,0.0668957,6,-323.2175649,21848.8,547.861,39.8802,0.000182219,0.195917
106.232877,1,AUTO,ARMED,5,AVAILABLE,UNAVAILABLE,UNAVAILABLE,104,5,ACTIVE,41,E_P3_NEW3-A3.NC,E_P3_NEW3-A3.NC,41429.939,211495.799,5768.6,3190.7839,100,31.75,44,50,0,22,100,9250.0,126122.0,411.66,306.374,0.000310929,0.265724,1,595.7826059,39630.8,3972.12,9.97724,0.000270568,0.488229,0,297.1838973,7757.54,227.949,34.0319,0.000114633,0.0668957,6,-323.2176221,21848.8,547.861,39.8802,0.000182219,0.195917
106.384601,1,AUTO,ARMED,5,AVAILABLE,UNAVAILABLE,UNAVAILABLE,104,5,ACTIVE,41,E_P3_NEW3-A3.NC,E_P3_NEW3-A3.NC,41429.939,211495.799,5768.6,3190.7839,100,31.75,44,50,0,22,100,9250.0,126122.0,411.66,306.374,0.000310929,0.265724,1,597.4341089,39630.8,3972.12,9.97724,0.000270568,0.488229,0,297.1839331,7757.54,227.949,34.0319,0.000114633,0.0668957,6,-323.2176793,21848.8,547.861,39.8802,0.000182219,0.195917
106.540632,1,AUTO,ARMED,5,AVAILABLE,UNAVAILABLE,UNAVAILABLE,104,5,ACTIVE,41,E_P3_NEW3-A3.NC,E_P3_NEW3-A3.NC,41429.939,211495.799,5768.6,3190.7839,100,31.75,45,50,0,1,100,9250.0,126122.0,411.66,306.374,0.000310929,0.265724,0,607.2366482,39630.8,3972.12,9.97724,0.000270568,0.488229,0,297.1839331,7757.54,227.949,34.0319,0.000114633,0.0668957,6,-323.2175534,21848.8,547.861,39.8802,0.000182219,0.195917
106.706009,1,AUTO,ARMED,5,AVAILABLE,UNAVAILABLE,UNAVAILABLE,104,5,ACTIVE,41,E_P3_NEW3-A3.NC,E_P3_NEW3-A3.NC,41429.939,211495.799,5768.6,3190.7839,100,31.75,45,50,0,1,100,9250.0,126122.0,411.66,306.374,0.000310929,0.265724,0,610.5134157,39630.8,3972.12,9.97724,0.000270568,0.488229,0,297.1838973,7757.54,227.949,34.0319,0.000114633,0.0668957,6,-323.2175649,21848.8,547.861,39.8802,0.000182219,0.195917
106.877179,1,AUTO,ARMED,5,AVAILABLE,UNAVAILABLE,UNAVAILABLE,104,5,ACTIVE,41,E_P3_NEW3-A3.NC,E_P3_NEW3-A3.NC,41429.939,211495.799,5768.6,3190.7839,100,15.88333,45,50,0,9,100,9250.0,126122.0,411.66,306.374,0.000310929,0.265724,0,611.6625094,39630.8,3972.12,9.97724,0.000270568,0.488229,0,297.1839045,7757.54,227.949,34.0319,0.000114633,0.0668957,6,-323.2175878,21848.8,547.861,39.8802,0.000182219,0.195917
107.019412,1,AUTO,ARMED,5,AVAILABLE,UNAVAILABLE,UNAVAILABLE,105,5,ACTIVE,41,E_P3_NEW3-A3.NC,E_P3_NEW3-A3.NC,41429.939,211495.799,5768.6,3190.7839,100,0.0,45,50,0,5,100,9250.0,4295.24,410.248,10.4699,0.000330279,0.260299,0,611.6668724,10153.7,89.1162,113.938,0.000125453,0.0683863,0,297.1838973,768.547,137.06,5.60738,0.000113249,0.0668325,6,-323.2176106,1321.99,392.787,3.36567,0.000190938,0.157128
107.158915,1,AUTO,ARMED,5,AVAILABLE,UNAVAILABLE,UNAVAILABLE,105,5,ACTIVE,41,E_P3_NEW3-A3.NC,E_P3_NEW3-A3.NC,41429.939,211495.799,5768.6,3337.4165,100,0.0,45,50,0,5,100,9250.0,4295.24,410.248,10.4699,0.000330279,0.260299,0,611.6668581,10153.7,89.1162,113.938,0.000125453,0.0683863,0,297.1838973,768.547,137.06,5.60738,0.000113249,0.0668325,6,-323.2176106,1321.99,392.787,3.36567,0.000190938,0.157128
107.301244,1,AUTO,ARMED,5,AVAILABLE,UNAVAILABLE,UNAVAILABLE,105,5,ACTIVE,41,E_P3_NEW3-A3.NC,E_P3_NEW3-A3.NC,41429.939,211495.799,5768.6,3337.4165,100,0.0,45,50,0,5,100,9250.0,4295.24,410.248,10.4699,0.000330279,0.260299,0,611.6668366,10153.7,89.1162,113.938,0.000125453,0.0683863,0,297.1838973,768.547,137.06,5.60738,0.000113249,0.0668325,6,-323.2175992,1321.99,392.787,3.36567,0.000190938,0.157128
107.442617,1,AUTO,ARMED,5,AVAILABLE,UNAVAILABLE,UNAVAILABLE,105,5,ACTIVE,41,E_P3_NEW3-A3.NC,E_P3_NEW3-A3.NC,41429.939,211495.799,5768.6,3337.4165,100,0.0,45,50,0,5,100,9250.0,4295.24,410.248,10.4699,0.000330279,0.260299,0,611.6668223,10153.7,89.1162,113.938,0.000125453,0.0683863,0,297.1838973,768.547,137.06,5.60738,0.000113249,0.0668325,6,-323.2175992,1321.99,392.787,3.36567,0.000190938,0.157128
107.582741,1,AUTO,ARMED,5,AVAILABLE,UNAVAILABLE,UNAVAILABLE,105,5,ACTIVE,41,E_P3_NEW3-A3.NC,E_P3_NEW3-A3.NC,41429.939,211495.799,5768.6,3337.4165,100,0.0,46,50,0,3,100,9250.0,4295.24,410.248,10.4699,0.000330279,0.260299,0,611.6668152,10153.7,89.1162,113.938,0.000125453,0.0683863,0,297.1839045,768.547,137.06,5.60738,0.000113249,0.0668325,6,-323.2175992,1321.99,392.787,3.36567,0.000190938,0.157128
107.724566,1,AUTO,ARMED,5,AVAILABLE,UNAVAILABLE,UNAVAILABLE,105,5,ACTIVE,41,E_P3_NEW3-A3.NC,E_P3_NEW3-A3.NC,41429.939,211495.799,5768.6,3337.4165,100,0.0,46,50,0,3,100,9250.0,4295.24,410.248,10.4699,0.000330279,0.260299,0,611.666808,10153.7,89.1162,113.938,0.000125453,0.0683863,0,297.1838973,768.547,137.06,5.60738,0.000113249,0.0668325,6,-323.2175992,1321.99,392.787,3.36567,0.000190938,0.157128
107.87746,1,AUTO,ARMED,5,AVAILABLE,UNAVAILABLE,UNAVAILABLE,106,5,ACTIVE,41,E_P3_NEW3-A3.NC,E_P3_NEW3-A3.NC,41429.939,211495.799,5768.6,3337.4165,100,0.0,46,50,0,3,100,9250.0,4295.24,410.248,10.4699,0.000330279,0.260299,1,611.3264852,10153.7,89.1162,113.938,0.000125453,0.0683863,0,297.818108,768.547,137.06,5.60738,0.000113249,0.0668325,6,-323.2175992,1321.99,392.787,3.36567,0.000190938,0.157128
108.029146,1,AUTO,ARMED,5,AVAILABLE,UNAVAILABLE,UNAVAILABLE,107,5,ACTIVE,41,E_P3_NEW3-A3.NC,E_P3_NEW3-A3.NC,41429.939,211495.799,5768.6,3337.4165,100,31.75,46,50,0,3,100,9250.0,17180.9,6156.48,2.7907,0.00040169,1.13001,1,608.3018566,13106.3,2723.08,4.81304,0.000259043,0.358956,0,297.8187088,4995.57,2031.84,2.45864,0.0001284,0.336792,6,-323.2175992,7114.69,2328.0,3.05614,0.000405874,0.615493
108.172631,1,AUTO,ARMED,5,AVAILABLE,UNAVAILABLE,UNAVAILABLE,107,5,ACTIVE,41,E_P3_NEW3-A3.NC,E_P3_NEW3-A3.NC,41429.939,211495.799,5768.6,3337.4165,100,31.75,46,50,0,3,100,9250.0,17180.9,6156.48,2.7907,0.00040169,1.13001,0,605.0327803,13106.3,2723.08,4.81304,0.000259043,0.358956,0,297.8188877,4995.57,2031.84,2.45864,0.0001284,0.336792,6,-323.2176106,7114.69,2328.0,3.05614,0.000405874,0.615493
108.316961,1,AUTO,ARMED,5,AVAILABLE,UNAVAILABLE,UNAVAILABLE,107,5,ACTIVE,41,E_P3_NEW3-A3.NC,E_P3_NEW3-A3.NC,41429.939,211495.799,5768.6,6876.1133,100,31.75,46,50,0,3,100,9250.0,17180.9,6156.48,2.7907,0.00040169,1.13001,0,600.1344337,13106.3,2723.08,4.81304,0.000259043,0.358956,0,297.8181295,4995.57,2031.84,2.45864,0.0001284,0.336792,6,-323.2176793,7114.69,2328.0,3.05614,0.000405874,0.615493
108.457247,1,AUTO,ARMED,5,AVAILABLE,UNAVAILABLE,UNAVAILABLE,107,5,ACTIVE,41,E_P3_NEW3-A3.NC,E_P3_NEW3-A3.NC,41429.939,211495.799,5768.6,6876.1133,100,31.75,46,50,0,23,100,9250.0,17180.9,6156.48,2.7907,0.00040169,1.13001,0,593.5871399,13106.3,2723.08,4.81304,0.000259043,0.358956,0,297.8188948,4995.57,2031.84,2.45864,0.0001284,0.336792,6,-323.2176564,7114.69,2328.0,3.05614,0.000405874,0.615493
108.597928,1,AUTO,ARMED,5,AVAILABLE,UNAVAILABLE,UNAVAILABLE,107,5,ACTIVE,41,E_P3_NEW3-A3.NC,E_P3_NEW3-A3.NC,41429.939,211495.799,5768.6,6876.1133,100,31.75,47,50,0,24,100,9250.0,17180.9,6156.48,2.7907,0.00040169,1.13001,0,590.3167689,13106.3,2723.08,4.81304,0.000259043,0.358956,0,297.8189377,4995.57,2031.84,2.45864,0.0001284,0.336792,6,-323.2176221,7114.69,2328.0,3.05614,0.000405874,0.615493
108.748986,1,AUTO,ARMED,5,AVAILABLE,UNAVAILABLE,UNAVAILABLE,107,5,ACTIVE,41,E_P3_NEW3-A3.NC,E_P3_NEW3-A3.NC,41429.939,211495.799,5768.6,6876.1133,100,31.75,47,50,0,23,100,9250.0,17180.9,6156.48,2.7907,0.00040169,1.13001,0,587.0464193,13106.3,2723.08,4.81304,0.000259043,0.358956,0,297.8189163,4995.57,2031.84,2.45864,0.0001284,0.336792,6,-323.2175763,7114.69,2328.0,3.05614,0.000405874,0.615493
108.913842,1,AUTO,ARMED,5,AVAILABLE,UNAVAILABLE,UNAVAILABLE,107,5,ACTIVE,41,E_P3_NEW3-A3.NC,E_P3_NEW3-A3.NC,41429.939,211495.799,5768.6,6876.1133,100,31.75,47,50,0,18,100,9250.0,17180.9,6156.48,2.7907,0.00040169,1.13001,0,580.5058954,13106.3,2723.08,4.81304,0.000259043,0.358956,0,297.8189091,4995.57,2031.84,2.45864,0.0001284,0.336792,6,-323.2176106,7114.69,2328.0,3.05614,0.000405874,0.615493
109.066014,1,AUTO,ARMED,5,AVAILABLE,UNAVAILABLE,UNAVAILABLE,107,5,ACTIVE,41,E_P3_NEW3-A3.NC,E_P3_NEW3-A3.NC,41429.939,211495.799,5768.6,6876.1133,100,31.75,47,50,0,17,100,9250.0,18284.8,6119.1,2.98815,0.000385236,1.15553,0,573.9576944,16490.8,4184.76,3.94068,0.000193874,0.366794,0,297.8189163,5067.62,1887.24,2.6852,0.000111345,0.3086,6,-323.2175992,8148.25,2439.04,3.34076,0.000507658,0.730518
109.214536,1,AUTO,ARMED,5,AVAILABLE,UNAVAILABLE,UNAVAILABLE,107,5,ACTIVE,41,E_P3_NEW3-A3.NC,E_P3_NEW3-A3.NC,41429.939,211495.799,5768.6,6876.1133,100,31.75,47,50,0,17,100,9250.0,18284.8,6119.1,2.98815,0.000385236,1.15553,0,570.6951489,16490.8,4184.76,3.94068,0.000193874,0.366794,0,297.8189306,5067.62,1887.24,2.6852,0.000111345,0.3086,6,-323.2176106,8148.25,2439.04,3.34076,0.000507658,0.730518
109.374668,1,AUTO,ARMED,5,AVAILABLE,UNAVAILABLE,UNAVAILABLE,107,5,ACTIVE,41,E_P3_NEW3-A3.NC,E_P3_NEW3-A3.NC,41429.939,211495.799,5768.6,6503.3154,100,31.75,47,50,0,17,100,9250.0,18284.8,6119.1,2.98815,0.000385236,1.15553,0,567.4249143,16490.8,4184.76,3.94068,0.000193874,0.366794,0,297.8189091,5067.62,1887.24,2.6852,0.000111345,0.3086,6,-323.2175763,8148.25,2439.04,3.34076,0.000507658,0.730518
109.522403,1,AUTO,ARMED,5,AVAILABLE,UNAVAILABLE,UNAVAILABLE,107,5,ACTIVE,41,E_P3_NEW3-A3.NC,E_P3_NEW3-A3.NC,41429.939,211495.799,5768.6,6503.3154,100,31.75,47,50,0,18,100,9250.0,18284.8,6119.1,2.98815,0.000385236,1.15553,0,564.1468835,16490.8,4184.76,3.94068,0.000193874,0.366794,0,297.818902,5067.62,1887.24,2.6852,0.000111345,0.3086,6,-323.2176221,8148.25,2439.04,3.34076,0.000507658,0.730518
109.666447,1,AUTO,ARMED,5,AVAILABLE,UNAVAILABLE,UNAVAILABLE,107,5,ACTIVE,41,E_P3_NEW3-A3.NC,E_P3_NEW3-A3.NC,41429.939,211495.799,5768.6,6503.3154,100,31.75,48,50,0,18,100,9250.0,18284.8,6119.1,2.98815,0.000385236,1.15553,0,554.3358208,16490.8,4184.76,3.94068,0.000193874,0.366794,0,297.8188805,5067.62,1887.24,2.6852,0.000111345,0.3086,6,-323.2175878,8148.25,2439.04,3.34076,0.000507658,0.730518
109.830805,1,AUTO,ARMED,5,AVAILABLE,UNAVAILABLE,UNAVAILABLE,107,5,ACTIVE,41,E_P3_NEW3-A3.NC,E_P3_NEW3-A3.NC,41429.939,211495.799,5768.6,6503.3154,100,31.75,48,50,0,19,100,9250.0,18284.8,6119.1,2.98815,0.000385236,1.15553,0,551.0658198,16490.8,4184.76,3.94068,0.000193874,0.366794,0,297.8188733,5067.62,1887.24,2.6852,0.000111345,0.3086,6,-323.2175992,8148.25,2439.04,3.34076,0.000507658,0.730518
109.97985,1,AUTO,ARMED,5,AVAILABLE,UNAVAILABLE,UNAVAILABLE,107,5,ACTIVE,41,E_P3_NEW3-A3.NC,E_P3_NEW3-A3.NC,41429.939,211495.799,5768.6,6503.3154,100,31.75,48,50,0,18,100,9250.0,18284.8,6119.1,2.98815,0.000385236,1.15553,0,547.7956756,16490.8,4184.76,3.94068,0.000193874,0.366794,0,297.8188948,5067.62,1887.24,2.6852,0.000111345,0.3086,6,-323.2175992,8148.25,2439.04,3.34076,0.000507658,0.730518
110.119393,1,AUTO,ARMED,5,AVAILABLE,UNAVAILABLE,UNAVAILABLE,107,5,ACTIVE,41,E_P3_NEW3-A3.NC,E_P3_NEW3-A3.NC,41429.939,211495.799,5768.6,6503.3154,100,31.75,48,50,0,12,100,9250.0,18572.7,363.219,51.1336,0.000272979,0.206595,0,542.8833642,17355.0,98.1103,176.893,0.000133987,0.0611224,0,297.819703,5091.64,124.023,41.054,7.07366e-05,0.0550925,6,-323.2175878,8677.04,392.21,22.1235,0.000124602,0.144382
110.285485,1,AUTO,ARMED,5,AVAILABLE,UNAVAILABLE,UNAVAILABLE,107,5,ACTIVE,41,E_P3_NEW3-A3.NC,E_P3_NEW3-A3.NC,41429.939,211495.799,5768.6,6503.3154,100,31.75,48,50,0,4,100,9250.0,18572.7,363.219,51.1336,0.000272979,0.206595,0,539.6200507,17355.0,98.1103,176.893,0.000133987,0.0611224,0,297.8191881,5091.64,124.023,41.054,7.07366e-05,0.0550925,6,-323.2175763,8677.04,392.21,22.1235,0.000124602,0.144382
110.443632,1,AUTO,ARMED,5,AVAILABLE,UNAVAILABLE,UNAVAILABLE,107,5,ACTIVE,41,E_P3_NEW3-A3.NC,E_P3_NEW3-A3.NC,41429.939,211495.799,5768.6,3411.9199,100,25.71667,48,50,0,0,100,9250.0,18572.7,363.219,51.1336,0.000272979,0.206595,0,530.4540407,17355.0,98.1103,176.893,0.000133987,0.0611224,0,297.8188948,5091.64,124.023,41.054,7.07366e-05,0.0550925,6,-323.2175992,8677.04,392.21,22.1235,0.000124602,0.144382
110.585375,1,AUTO,ARMED,5,AVAILABLE,UNAVAILABLE,UNAVAILABLE,107,5,ACTIVE,41,E_P3_NEW3-A3.NC,E_P3_NEW3-A3.NC,41429.939,211495.799,5768.6,3411.9199,100,17.15,49,50,0,1,100,9250.0,18572.7,363.219,51.1336,0.000272979,0.206595,0,530.3876216,17355.0,98.1103,176.893,0.000133987,0.0611224,0,297.8188948,5091.64,124.023,41.054,7.07366e-05,0.0550925,6,-323.2175878,8677.04,392.21,22.1235,0.000124602,0.144382
110.739266,1,AUTO,ARMED,5,AVAILABLE,UNAVAILABLE,UNAVAILABLE,108,5,ACTIVE,41,E_P3_NEW3-A3.NC,E_P3_NEW3-A3.NC,41429.939,211495.799,5768.6,3411.9199,100,0.0,49,50,0,3,100,9250.0,18572.7,363.219,51.1336,0.000272979,0.206595,0,530.3867204,17355.0,98.1103,176.893,0.000133987,0.0611224,0,297.8188948,5091.64,124.023,41.054,7.07366e-05,0.0550925,6,-323.2175992,8677.04,392.21,22.1235,0.000124602,0.144382
110.886526,1,AUTO,ARMED,5,AVAILABLE,UNAVAILABLE,UNAVAILABLE,108,5,ACTIVE,41,E_P3_NEW3-A3.NC,E_P3_NEW3-A3.NC,41429.939,211495.799,5768.6,3411.9199,100,0.0,49,50,0,4,100,9250.0,18572.7,363.219,51.1336,0.000272979,0.206595,0,530.3867275,17355.0,98.1103,176.893,0.000133987,0.0611224,0,297.8188948,5091.64,124.023,41.054,7.07366e-05,0.0550925,6,-323.2175992,8677.04,392.21,22.1235,0.000124602,0.144382
111.036403,1,AUTO,ARMED,5,AVAILABLE,UNAVAILABLE,UNAVAILABLE,108,5,ACTIVE,41,E_P3_NEW3-A3.NC,E_P3_NEW3-A3.NC,41429.939,211495.799,5768.6,3411.9199,100,0.0,49,50,0,5,100,9250.0,18572.7,363.219,51.1336,0.000272979,0.206595,0,530.3867418,17355.0,98.1103,176.893,0.000133987,0.0611224,0,297.818902,5091.64,124.023,41.054,7.07366e-05,0.0550925,6,-323.2175992,8677.04,392.21,22.1235,0.000124602,0.144382
111.172413,1,AUTO,ARMED,5,AVAILABLE,UNAVAILABLE,UNAVAILABLE,108,5,ACTIVE,41,E_P3_NEW3-A3.NC,E_P3_NEW3-A3.NC,41429.939,211495.799,5768.6,3411.9199,100,0.0,49,50,0,5,100,9250.0,4127.27,373.693,11.0445,0.000364777,0.218951,0,530.3867633,1104.19,107.988,10.2251,0.00012328,0.0612551,0,297.818902,1080.77,140.705,7.68111,0.000100647,0.0648587,6,-323.2175992,1201.81,304.628,3.94517,0.000335092,0.139322
111.314513,1,AUTO,ARMED,5,AVAILABLE,UNAVAILABLE,UNAVAILABLE,108,5,ACTIVE,41,E_P3_NEW3-A3.NC,E_P3_NEW3-A3.NC,41429.939,211495.799,5768.6,3411.9199,100,0.0,49,50,0,4,100,9250.0,4127.27,373.693,11.0445,0.000364777,0.218951,0,530.3867776,1104.19,107.988,10.2251,0.00012328,0.0612551,0,297.818902,1080.77,140.705,7.68111,0.000100647,0.0648587,6,-323.2175878,1201.81,304.628,3.94517,0.000335092,0.139322
111.465404,1,AUTO,ARMED,5,AVAILABLE,UNAVAILABLE,UNAVAILABLE,108,5,ACTIVE,41,E_P3_NEW3-A3.NC,E_P3_NEW3-A3.NC,41429.939,211495.799,5768.6,3371.2854,100,0.0,49,50,0,3,100,9250.0,4127.27,373.693,11.0445,0.000364777,0.218951,0,530.3867847,1104.19,107.988,10.2251,0.00012328,0.0612551,0,297.818902,1080.77,140.705,7.68111,0.000100647,0.0648587,6,-323.2176106,1201.81,304.628,3.94517,0.000335092,0.139322
111.606485,1,AUTO,ARMED,5,AVAILABLE,UNAVAILABLE,UNAVAILABLE,108,5,ACTIVE,41,E_P3_NEW3-A3.NC,E_P3_NEW3-A3.NC,41429.939,211495.799,5768.6,3371.2854,100,0.0,50,50,0,3,100,9250.0,4127.27,373.693,11.0445,0.000364777,0.218951,0,530.3867919,1104.19,107.988,10.2251,0.00012328,0.0612551,0,298.3893697,1080.77,140.705,7.68111,0.000100647,0.0648587,6,-323.2175878,1201.81,304.628,3.94517,0.000335092,0.139322
111.748276,1,AUTO,ARMED,5,AVAILABLE,UNAVAILABLE,UNAVAILABLE,111,5,ACTIVE,41,E_P3_NEW3-A3.NC,E_P3_NEW3-A3.NC,41429.939,211495.799,5768.6,3371.2854,100,0.0,50,50,0,3,100,9250.0,4127.27,373.693,11.0445,0.000364777,0.218951,0,530.3867919,1104.19,107.988,10.2251,0.00012328,0.0612551,0,298.4535203,1080.77,140.705,7.68111,0.000100647,0.0648587,6,-323.2175992,1201.81,304.628,3.94517,0.000335092,0.139322
111.891397,1,AUTO,ARMED,5,AVAILABLE,UNAVAILABLE,UNAVAILABLE,112,5,ACTIVE,41,E_P3_NEW3-A3.NC,E_P3_NEW3-A3.NC,41429.939,211495.799,5768.6,3371.2854,100,0.0,50,50,0,3,100,9250.0,4127.27,373.693,11.0445,0.000364777,0.218951,0,530.386799,1104.19,107.988,10.2251,0.00012328,0.0612551,0,298.4539066,1080.77,140.705,7.68111,0.000100647,0.0648587,6,-323.2175992,1201.81,304.628,3.94517,0.000335092,0.139322
112.034465,1,AUTO,ARMED,5,AVAILABLE,UNAVAILABLE,UNAVAILABLE,112,5,ACTIVE,41,E_P3_NEW3-A3.NC,E_P3_NEW3-A3.NC,41429.939,211495.799,5768.6,3371.2854,100,0.0,50,50,0,4,100,9250.0,4127.27,373.693,11.0445,0.000364777,0.218951,0,530.386799,1104.19,107.988,10.2251,0.00012328,0.0612551,0,298.4539137,1080.77,140.705,7.68111,0.000100647,0.0648587,6,-323.2176106,1201.81,304.628,3.94517,0.000335092,0.139322
112.181397,1,AUTO,ARMED,5,AVAILABLE,UNAVAILABLE,UNAVAILABLE,112,5,ACTIVE,41,E_P3_NEW3-A3.NC,E_P3_NEW3-A3.NC,41429.939,211495.799,5768.6,3371.2854,100,0.0,50,50,0,4,100,9250.0,152469.0,378.692,402.62,0.000293681,0.218679,0,530.3867919,43735.5,2086.07,20.9655,0.00037827,0.362317,0,298.4539137,5836.17,143.45,40.6843,9.74955e-05,0.0635065,6,-323.2175878,17113.7,405.514,42.2025,0.000191955,0.154415
112.328383,1,AUTO,ARMED,5,AVAILABLE,UNAVAILABLE,UNAVAILABLE,112,5,ACTIVE,41,E_P3_NEW3-A3.NC,E_P3_NEW3-A3.NC,41429.939,211495.799,5768.6,3371.2854,100,0.0,50,50,0,3,100,9250.0,152469.0,378.692,402.62,0.000293681,0.218679,0,530.386799,43735.5,2086.07,20.9655,0.00037827,0.362317,0,298.4539066,5836.17,143.45,40.6843,9.74955e-05,0.0635065,6,-323.2175992,17113.7,405.514,42.2025,0.000191955,0.154415
112.496512,1,AUTO,ARMED,5,AVAILABLE,UNAVAILABLE,UNAVAILABLE,112,5,ACTIVE,41,E_P3_NEW3-A3.NC,E_P3_NEW3-A3.NC,41429.939,211495.799,5768.6,3371.2854,100,0.0,50,50,0,3,100,9250.0,152469.0,378.692,402.62,0.000293681,0.218679,0,530.386799,43735.5,2086.07,20.9655,0.00037827,0.362317,0,298.4539066,5836.17,143.45,40.6843,9.74955e-05,0.0635065,6,-323.2175992,17113.7,405.514,42.2025,0.000191955,0.154415
112.646479,1,AUTO,ARMED,5,AVAILABLE,UNAVAILABLE,UNAVAILABLE,112,5,ACTIVE,41,E_P3_NEW3-A3.NC,E_P3_NEW3-A3.NC,41429.939,211495.799,5768.6,5542.7656,100,0.0,51,50,0,4,100,9250.0,152469.0,378.692,402.62,0.000293681,0.218679,0,530.386799,43735.5,2086.07,20.9655,0.00037827,0.362317,0,298.4539066,5836.17,143.45,40.6843,9.74955e-05,0.0635065,6,-323.2175992,17113.7,405.514,42.2025,0.000191955,0.154415
112.791699,1,AUTO,ARMED,5,AVAILABLE,UNAVAILABLE,UNAVAILABLE,113,5,ACTIVE,41,E_P3_NEW3-A3.NC,E_P3_NEW3-A3.NC,41429.939,211495.799,5768.6,5542.7656,100,0.0,51,50,0,3,100,9250.0,152469.0,378.692,402.62,0.000293681,0.218679,3,534.051942,43735.5,2086.07,20.9655,0.00037827,0.362317,0,298.4538994,5836.17,143.45,40.6843,9.74955e-05,0.0635065,6,-323.2175992,17113.7,405.514,42.2025,0.000191955,0.154415
112.938234,1,AUTO,ARMED,5,AVAILABLE,UNAVAILABLE,UNAVAILABLE,113,5,ACTIVE,41,E_P3_NEW3-A3.NC,E_P3_NEW3-A3.NC,41429.939,211495.799,5768.6,5542.7656,100,38.1,51,50,0,4,100,9250.0,152469.0,378.692,402.62,0.000293681,0.218679,0,537.9833314,43735.5,2086.07,20.9655,0.00037827,0.362317,0,298.4538994,5836.17,143.45,40.6843,9.74955e-05,0.0635065,6,-323.2175992,17113.7,405.514,42.2025,0.000191955,0.154415
113.088215,1,AUTO,ARMED,5,AVAILABLE,UNAVAILABLE,UNAVAILABLE,113,5,ACTIVE,41,E_P3_NEW3-A3.NC,E_P3_NEW3-A3.NC,41429.939,211495.799,5768.6,5542.7656,100,38.1,51,50,0,4,100,9250.0,152469.0,378.692,402.62,0.000293681,0.218679,0,541.9058589,43735.5,2086.07,20.9655,0.00037827,0.362317,0,298.4537278,5836.17,143.45,40.6843,9.74955e-05,0.0635065,6,-323.2176335,17113.7,405.514,42.2025,0.000191955,0.154415
113.240476,1,AUTO,ARMED,5,AVAILABLE,UNAVAILABLE,UNAVAILABLE,113,5,ACTIVE,41,E_P3_NEW3-A3.NC,E_P3_NEW3-A3.NC,41429.939,211495.799,5768.6,5542.7656,100,38.1,51,50,0,15,100,9250.0,154485.0,46027.2,3.35638,0.000767889,5.16197,1,549.7561782,58930.1,17514.3,3.36468,0.000340602,1.87133,0,298.4538637,7445.32,2836.07,2.62522,0.000154965,0.395382,6,-323.2175305,26992.6,4045.58,6.67212,0.00191292,1.74807
113.379097,1,AUTO,ARMED,5,AVAILABLE,UNAVAILABLE,UNAVAILABLE,113,5,ACTIVE,41,E_P3_NEW3-A3.NC,E_P3_NEW3-A3.NC,41429.939,211495.799,5768.6,5542.7656,100,38.1,51,50,0,31,100,9250.0,154485.0,46027.2,3.35638,0.000767889,5.16197,1,557.6050026,58930.1,17514.3,3.36468,0.000340602,1.87133,0,298.4538923,7445.32,2836.07,2.62522,0.000154965,0.395382,6,-323.2176335,26992.6,4045.58,6.67212,0.00191292,1.74807
113.525118,1,AUTO,ARMED,5,AVAILABLE,UNAVAILABLE,UNAVAILABLE,113,5,ACTIVE,41,E_P3_NEW3-A3.NC,E_P3_NEW3-A3.NC,41429.939,211495.799,5768.6,5542.7656,100,38.1,51,50,0,33,100,9250.0,154485.0,46027.2,3.35638,0.000767889,5.16197,1,561.538682,58930.1,17514.3,3.36468,0.000340602,1.87133,0,298.4538994,7445.32,2836.07,2.62522,0.000154965,0.395382,6,-323.217542,26992.6,4045.58,6.67212,0.00191292,1.74807
113.677936,1,AUTO,ARMED,5,AVAILABLE,UNAVAILABLE,UNAVAILABLE,113,5,ACTIVE,41,E_P3_NEW3-A3.NC,E_P3_NEW3-A3.NC,41429.939,211495.799,5768.6,7585.8877,100,38.1,52,50,0,30,100,9250.0,154485.0,46027.2,3.35638,0.000767889,5.16197,1,569.3777653,58930.1,17514.3,3.36468,0.000340602,1.87133,0,298.4539209,7445.32,2836.07,2.62522,0.000154965,0.395382,7,-323.2176907,26992.6,4045.58,6.67212,0.00191292,1.74807
113.838257,1,AUTO,ARMED,5,AVAILABLE,UNAVAILABLE,UNAVAILABLE,113,5,ACTIVE,41,E_P3_NEW3-A3.NC,E_P3_NEW3-A3.NC,41429.939,211495.799,5768.6,7585.8877,100,38.1,52,50,0,25,100,9250.0,154485.0,46027.2,3.35638,0.000767889,5.16197,1,573.3021205,58930.1,17514.3,3.36468,0.000340602,1.87133,0,298.4539209,7445.32,2836.07,2.62522,0.000154965,0.395382,6,-323.217645,26992.6,4045.58,6.67212,0.00191292,1.74807
113.993711,1,AUTO,ARMED,5,AVAILABLE,UNAVAILABLE,UNAVAILABLE,113,5,ACTIVE,41,E_P3_NEW3-A3.NC,E_P3_NEW3-A3.NC,41429.939,211495.799,5768.6,7585.8877,100,38.1,52,50,0,24,100,9250.0,154485.0,46027.2,3.35638,0.000767889,5.16197,1,577.2357168,58930.1,17514.3,3.36468,0.000340602,1.87133,0,298.4538637,7445.32,2836.07,2.62522,0.000154965,0.395382,6,-323.2176106,26992.6,4045.58,6.67212,0.00191292,1.74807
114.133045,1,AUTO,ARMED,5,AVAILABLE,UNAVAILABLE,UNAVAILABLE,113,5,ACTIVE,41,E_P3_NEW3-A3.NC,E_P3_NEW3-A3.NC,41429.939,211495.799,5768.6,7585.8877,100,38.1,52,50,0,23,100,9250.0,154485.0,46027.2,3.35638,0.000767889,5.16197,1,583.1127797,58930.1,17514.3,3.36468,0.000340602,1.87133,0,298.4538494,7445.32,2836.07,2.62522,0.000154965,0.395382,6,-323.2175763,26992.6,4045.58,6.67212,0.00191292,1.74807
114.275004,1,AUTO,ARMED,5,AVAILABLE,UNAVAILABLE,UNAVAILABLE,113,5,ACTIVE,41,E_P3_NEW3-A3.NC,E_P3_NEW3-A3.NC,41429.939,211495.799,5768.6,7585.8877,100,38.1,52,50,0,23,100,9250.0,136200.0,387.401,351.574,0.000313371,0.221792,1,587.0467248,49304.5,118.532,415.959,0.000182527,0.103665,0,298.4538994,7085.06,142.904,49.5792,7.68175e-05,0.0607362,6,-323.2175649,26247.4,334.482,78.4718,0.000186012,0.134388
114.422533,1,AUTO,ARMED,5,AVAILABLE,UNAVAILABLE,UNAVAILABLE,113,5,ACTIVE,41,E_P3_NEW3-A3.NC,E_P3_NEW3-A3.NC,41429.939,211495.799,5768.6,7585.8877,100,38.1,52,50,0,24,100,9250.0,136200.0,387.401,351.574,0.000313371,0.221792,1,594.8854832,49304.5,118.532,415.959,0.000182527,0.103665,0,298.4539066,7085.06,142.904,49.5792,7.68175e-05,0.0607362,6,-323.2174619,26247.4,334.482,78.4718,0.000186012,0.134388
114.569275,1,AUTO,ARMED,5,AVAILABLE,UNAVAILABLE,UNAVAILABLE,113,5,ACTIVE,41,E_P3_NEW3-A3.NC,E_P3_NEW3-A3.NC,41429.939,211495.799,5768.6,7585.8877,100,38.1,53,50,0,10,100,9250.0,136200.0,387.401,351.574,0.000313371,0.221792,1,602.7441041,49304.5,118.532,415.959,0.000182527,0.103665,0,298.4541212,7085.06,142.904,49.5792,7.68175e-05,0.0607362,6,-323.2174733,26247.4,334.482,78.4718,0.000186012,0.134388
114.714613,1,AUTO,ARMED,5,AVAILABLE,UNAVAILABLE,UNAVAILABLE,113,5,ACTIVE,41,E_P3_NEW3-A3.NC,E_P3_NEW3-A3.NC,41429.939,211495.799,5768.6,7585.8877,100,38.1,53,50,0,1,100,9250.0,136200.0,387.401,351.574,0.000313371,0.221792,0,606.6680681,49304.5,118.532,415.959,0.000182527,0.103665,0,298.4539781,7085.06,142.904,49.5792,7.68175e-05,0.0607362,6,-323.2175305,26247.4,334.482,78.4718,0.000186012,0.134388
114.867953,1,AUTO,ARMED,5,AVAILABLE,UNAVAILABLE,UNAVAILABLE,113,5,ACTIVE,41,E_P3_NEW3-A3.NC,E_P3_NEW3-A3.NC,41429.939,211495.799,5768.6,3494.5488,100,38.1,53,50,0,2,100,9250.0,136200.0,387.401,351.574,0.000313371,0.221792,0,610.5616162,49304.5,118.532,415.959,0.000182527,0.103665,0,298.4539209,7085.06,142.904,49.5792,7.68175e-05,0.0607362,6,-323.2175534,26247.4,334.482,78.4718,0.000186012,0.134388
115.016107,1,AUTO,ARMED,5,AVAILABLE,UNAVAILABLE,UNAVAILABLE,114,5,ACTIVE,41,E_P3_NEW3-A3.NC,E_P3_NEW3-A3.NC,41429.939,211495.799,5768.6,3494.5488,100,0.0,53,50,0,2,100,9250.0,136200.0,387.401,351.574,0.000313371,0.221792,0,611.662116,49304.5,118.532,415.959,0.000182527,0.103665,0,298.4538994,7085.06,142.904,49.5792,7.68175e-05,0.0607362,6,-323.2175763,26247.4,334.482,78.4718,0.000186012,0.134388
115.155521,1,AUTO,ARMED,5,AVAILABLE,UNAVAILABLE,UNAVAILABLE,114,5,ACTIVE,41,E_P3_NEW3-A3.NC,E_P3_NEW3-A3.NC,41429.939,211495.799,5768.6,3494.5488,100,0.0,53,50,0,1,100,9250.0,136200.0,387.401,351.574,0.000313371,0.221792,0,611.6668724,49304.5,118.532,415.959,0.000182527,0.103665,0,298.4538994,7085.06,142.904,49.5792,7.68175e-05,0.0607362,6,-323.2175878,26247.4,334.482,78.4718,0.000186012,0.134388
115.297733,1,AUTO,ARMED,5,AVAILABLE,UNAVAILABLE,UNAVAILABLE,114,5,ACTIVE,41,E_P3_NEW3-A3.NC,E_P3_NEW3-A3.NC,41429.939,211495.799,5768.6,3494.5488,100,0.0,53,50,0,3,100,9250.0,136200.0,387.401,351.574,0.000313371,0.221792,0,611.6668509,49304.5,118.532,415.959,0.000182527,0.103665,0,298.4538994,7085.06,142.904,49.5792,7.68175e-05,0.0607362,6,-323.2175992,26247.4,334.482,78.4718,0.000186012,0.134388
115.439693,1,AUTO,ARMED,5,AVAILABLE,UNAVAILABLE,UNAVAILABLE,114,5,ACTIVE,41,E_P3_NEW3-A3.NC,E_P3_NEW3-A3.NC,41429.939,211495.799,5768.6,3494.5488,100,0.0,53,50,0,5,100,9250.0,4103.27,374.34,10.9613,0.000414643,0.209953,0,611.6668366,1656.29,426.77,3.88099,0.000305038,0.310157,0,298.4538994,768.548,153.237,5.01542,9.93538e-05,0.0611881,6,-323.2175992,1225.84,406.656,3.01444,0.000158695,0.145134
115.578989,1,AUTO,ARMED,5,AVAILABLE,UNAVAILABLE,UNAVAILABLE,114,5,ACTIVE,41,E_P3_NEW3-A3.NC,E_P3_NEW3-A3.NC,41429.939,211495.799,5768.6,3494.5488,100,0.0,53,50,0,4,100,9250.0,4103.27,374.34,10.9613,0.000414643,0.209953,0,611.6668223,1656.29,426.77,3.88099,0.000305038,0.310157,0,298.4538994,768.548,153.237,5.01542,9.93538e-05,0.0611881,6,-323.2175992,1225.84,406.656,3.01444,0.000158695,0.145134
115.726473,1,AUTO,ARMED,5,AVAILABLE,UNAVAILABLE,UNAVAILABLE,114,5,ACTIVE,41,E_P3_NEW3-A3.NC,E_P3_NEW3-A3.NC,41429.939,211495.799,5768.6,3494.5488,100,0.0,54,50,0,4,100,9250.0,4103.27,374.34,10.9613,0.000414643,0.209953,0,611.6668152,1656.29,426.77,3.88099,0.000305038,0.310157,0,298.4538994,768.548,153.237,5.01542,9.93538e-05,0.0611881,6,-323.2175992,1225.84,406.656,3.01444,0.000158695,0.145134
115.874313,1,AUTO,ARMED,5,AVAILABLE,UNAVAILABLE,UNAVAILABLE,114,5,ACTIVE,41,E_P3_NEW3-A3.NC,E_P3_NEW3-A3.NC,41429.939,211495.799,5768.6,3476.6387,100,0.0,54,50,0,3,100,9250.0,4103.27,374.34,10.9613,0.000414643,0.209953,0,611.666808,1656.29,426.77,3.88099,0.000305038,0.310157,0,298.5202673,768.548,153.237,5.01542,9.93538e-05,0.0611881,6,-323.2175992,1225.84,406.656,3.01444,0.000158695,0.145134
116.027841,1,AUTO,ARMED,5,AVAILABLE,UNAVAILABLE,UNAVAILABLE,115,5,ACTIVE,41,E_P3_NEW3-A3.NC,E_P3_NEW3-A3.NC,41429.939,211495.799,5768.6,3476.6387,100,11.31667,54,50,0,3,100,9250.0,4103.27,374.34,10.9613,0.000414643,0.209953,0,611.6677334,1656.29,426.77,3.88099,0.000305038,0.310157,0,299.026377,768.548,153.237,5.01542,9.93538e-05,0.0611881,6,-323.2175992,1225.84,406.656,3.01444,0.000158695,0.145134
116.181305,1,AUTO,ARMED,5,AVAILABLE,UNAVAILABLE,UNAVAILABLE,116,5,ACTIVE,41,E_P3_NEW3-A3.NC,E_P3_NEW3-A3.NC,41429.939,211495.799,5768.6,3476.6387,100,35.56667,54,50,0,4,100,9250.0,4103.27,374.34,10.9613,0.000414643,0.209953,1,605.7262498,1656.29,426.77,3.88099,0.000305038,0.310157,0,299.0888325,768.548,153.237,5.01542,9.93538e-05,0.0611881,6,-323.2175992,1225.84,406.656,3.01444,0.000158695,0.145134
116.325537,1,AUTO,ARMED,5,AVAILABLE,UNAVAILABLE,UNAVAILABLE,116,5,ACTIVE,41,E_P3_NEW3-A3.NC,E_P3_NEW3-A3.NC,41429.939,211495.799,5768.6,3476.6387,100,38.1,54,50,0,4,100,9250.0,4103.27,374.34,10.9613,0.000414643,0.209953,0,601.7832878,1656.29,426.77,3.88099,0.000305038,0.310157,0,299.0887181,768.548,153.237,5.01542,9.93538e-05,0.0611881,6,-323.2176221,1225.84,406.656,3.01444,0.000158695,0.145134
116.464522,1,AUTO,ARMED,5,AVAILABLE,UNAVAILABLE,UNAVAILABLE,116,5,ACTIVE,41,E_P3_NEW3-A3.NC,E_P3_NEW3-A3.NC,41429.939,211495.799,5768.6,3476.6387,100,38.1,54,50,0,12,100,9250.0,19388.6,6557.11,2.95688,0.000383073,1.23837,0,597.8681568,15674.7,3043.65,5.14997,0.000212569,0.365802,0,299.0883819,5259.76,2042.16,2.57559,0.000169068,0.368324,6,-323.2176793,7931.92,2523.16,3.14365,0.000378578,0.700931
116.608491,1,AUTO,ARMED,5,AVAILABLE,UNAVAILABLE,UNAVAILABLE,116,5,ACTIVE,41,E_P3_NEW3-A3.NC,E_P3_NEW3-A3.NC,41429.939,211495.799,5768.6,3476.6387,100,38.1,55,50,0,23,100,9250.0,19388.6,6557.11,2.95688,0.000383073,1.23837,0,593.9443496,15674.7,3043.65,5.14997,0.000212569,0.365802,0,299.0888254,5259.76,2042.16,2.57559,0.000169068,0.368324,6,-323.2176564,7931.92,2523.16,3.14365,0.000378578,0.700931
116.758903,1,AUTO,ARMED,5,AVAILABLE,UNAVAILABLE,UNAVAILABLE,116,5,ACTIVE,41,E_P3_NEW3-A3.NC,E_P3_NEW3-A3.NC,41429.939,211495.799,5768.6,3476.6387,100,38.1,55,50,0,24,100,9250.0,19388.6,6557.11,2.95688,0.000383073,1.23837,0,582.1714397,15674.7,3043.65,5.14997,0.000212569,0.365802,0,299.0889255,5259.76,2042.16,2.57559,0.000169068,0.368324,6,-323.2176335,7931.92,2523.16,3.14365,0.000378578,0.700931
116.904268,1,AUTO,ARMED,5,AVAILABLE,UNAVAILABLE,UNAVAILABLE,116,5,ACTIVE,41,E_P3_NEW3-A3.NC,E_P3_NEW3-A3.NC,41429.939,211495.799,5768.6,3476.6387,100,38.1,55,50,0,24,100,9250.0,19388.6,6557.11,2.95688,0.000383073,1.23837,0,578.2565783,15674.7,3043.65,5.14997,0.000212569,0.365802,0,299.0888969,5259.76,2042.16,2.57559,0.000169068,0.368324,6,-323.2175878,7931.92,2523.16,3.14365,0.000378578,0.700931
117.054442,1,AUTO,ARMED,5,AVAILABLE,UNAVAILABLE,UNAVAILABLE,116,5,ACTIVE,41,E_P3_NEW3-A3.NC,E_P3_NEW3-A3.NC,41429.939,211495.799,5768.6,6604.7402,100,38.1,55,50,0,23,100,9250.0,19388.6,6557.11,2.95688,0.000383073,1.23837,0,574.3229055,15674.7,3043.65,5.14997,0.000212569,0.365802,0,299.088904,5259.76,2042.16,2.57559,0.000169068,0.368324,6,-323.2176106,7931.92,2523.16,3.14365,0.000378578,0.700931
117.198492,1,AUTO,ARMED,5,AVAILABLE,UNAVAILABLE,UNAVAILABLE,116,5,ACTIVE,41,E_P3_NEW3-A3.NC,E_P3_NEW3-A3.NC,41429.939,211495.799,5768.6,6604.7402,100,38.1,55,50,0,18,100,9250.0,19388.6,6557.11,2.95688,0.000383073,1.23837,0,566.4743641,15674.7,3043.65,5.14997,0.000212569,0.365802,0,299.0889184,5259.76,2042.16,2.57559,0.000169068,0.368324,6,-323.2176221,7931.92,2523.16,3.14365,0.000378578,0.700931
117.346811,1,AUTO,ARMED,5,AVAILABLE,UNAVAILABLE,UNAVAILABLE,116,5,ACTIVE,41,E_P3_NEW3-A3.NC,E_P3_NEW3-A3.NC,41429.939,211495.799,5768.6,6604.7402,100,38.1,55,50,0,18,100,9250.0,19388.6,6557.11,2.95688,0.000383073,1.23837,0,562.5404195,15674.7,3043.65,5.14997,0.000212569,0.365802,0,299.0889184,5259.76,2042.16,2.57559,0.000169068,0.368324,6,-323.2175649,7931.92,2523.16,3.14365,0.000378578,0.700931
117.496529,1,AUTO,ARMED,5,AVAILABLE,UNAVAILABLE,UNAVAILABLE,116,5,ACTIVE,41,E_P3_NEW3-A3.NC,E_P3_NEW3-A3.NC,41429.939,211495.799,5768.6,6604.7402,100,38.1,55,50,0,19,100,9250.0,19724.5,364.58,54.102,0.000422008,0.215113,0,558.625826,19827.4,389.014,50.9683,0.000215529,0.221794,0,299.0889255,5019.59,118.677,42.2962,0.000104743,0.058189,6,-323.2176221,9301.98,434.261,21.4203,0.000176484,0.164138
117.650124,1,AUTO,ARMED,5,AVAILABLE,UNAVAILABLE,UNAVAILABLE,116,5,ACTIVE,41,E_P3_NEW3-A3.NC,E_P3_NEW3-A3.NC,41429.939,211495.799,5768.6,6604.7402,100,38.1,56,50,0,20,100,9250.0,19724.5,364.58,54.102,0.000422008,0.215113,0,546.8434625,19827.4,389.014,50.9683,0.000215529,0.221794,0,299.0888969,5019.59,118.677,42.2962,0.000104743,0.058189,6,-323.2176335,9301.98,434.261,21.4203,0.000176484,0.164138
117.793743,1,AUTO,ARMED,5,AVAILABLE,UNAVAILABLE,UNAVAILABLE,116,5,ACTIVE,41,E_P3_NEW3-A3.NC,E_P3_NEW3-A3.NC,41429.939,211495.799,5768.6,6604.7402,100,38.1,56,50,0,20,100,9250.0,19724.5,364.58,54.102,0.000422008,0.215113,0,542.9202852,19827.4,389.014,50.9683,0.000215529,0.221794,0,299.0898982,5019.59,118.677,42.2962,0.000104743,0.058189,6,-323.2175763,9301.98,434.261,21.4203,0.000176484,0.164138
117.934855,1,AUTO,ARMED,5,AVAILABLE,UNAVAILABLE,UNAVAILABLE,116,5,ACTIVE,41,E_P3_NEW3-A3.NC,E_P3_NEW3-A3.NC,41429.939,211495.799,5768.6,6604.7402,100,38.1,56,50,0,10,100,9250.0,19724.5,364.58,54.102,0.000422008,0.215113,0,540.9574162,19827.4,389.014,50.9683,0.000215529,0.221794,0,299.0895478,5019.59,118.677,42.2962,0.000104743,0.058189,6,-323.2175763,9301.98,434.261,21.4203,0.000176484,0.164138
118.075462,1,AUTO,ARMED,5,AVAILABLE,UNAVAILABLE,UNAVAILABLE,116,5,ACTIVE,41,E_P3_NEW3-A3.NC,E_P3_NEW3-A3.NC,41429.939,211495.799,5768.6,3170.1411,100,38.1,56,50,0,3,100,9250.0,19724.5,364.58,54.102,0.000422008,0.215113,0,537.0228307,19827.4,389.014,50.9683,0.000215529,0.221794,0,299.0890328,5019.59,118.677,42.2962,0.000104743,0.058189,6,-323.2175763,9301.98,434.261,21.4203,0.000176484,0.164138
118.215394,1,AUTO,ARMED,5,AVAILABLE,UNAVAILABLE,UNAVAILABLE,117,5,ACTIVE,41,E_P3_NEW3-A3.NC,E_P3_NEW3-A3.NC,41429.939,211495.799,5768.6,3170.1411,100,19.06667,56,50,0,1,100,9250.0,19724.5,364.58,54.102,0.000422008,0.215113,0,530.4154882,19827.4,389.014,50.9683,0.000215529,0.221794,0,299.0888969,5019.59,118.677,42.2962,0.000104743,0.058189,6,-323.2175763,9301.98,434.261,21.4203,0.000176484,0.164138
118.3544,1,AUTO,ARMED,5,AVAILABLE,UNAVAILABLE,UNAVAILABLE,117,5,ACTIVE,41,E_P3_NEW3-A3.NC,E_P3_NEW3-A3.NC,41429.939,211495.799,5768.6,3170.1411,100,0.0,56,50,0,0,100,9250.0,19724.5,364.58,54.102,0.000422008,0.215113,0,530.3874499,19827.4,389.014,50.9683,0.000215529,0.221794,0,299.0888969,5019.59,118.677,42.2962,0.000104743,0.058189,6,-323.2175878,9301.98,434.261,21.4203,0.000176484,0.164138
118.514699,1,AUTO,ARMED,5,AVAILABLE,UNAVAILABLE,UNAVAILABLE,117,5,ACTIVE,41,E_P3_NEW3-A3.NC,E_P3_NEW3-A3.NC,41429.939,211495.799,5768.6,3170.1411,100,0.0,56,50,0,1,100,9250.0,19724.5,364.58,54.102,0.000422008,0.215113,0,530.3867061,19827.4,389.014,50.9683,0.000215529,0.221794,0,299.0888969,5019.59,118.677,42.2962,0.000104743,0.058189,6,-323.2175992,9301.98,434.261,21.4203,0.000176484,0.164138
118.654666,1,AUTO,ARMED,5,AVAILABLE,UNAVAILABLE,UNAVAILABLE,117,5,ACTIVE,41,E_P3_NEW3-A3.NC,E_P3_NEW3-A3.NC,41429.939,211495.799,5768.6,3170.1411,100,0.0,57,50,0,5,100,9250.0,4103.27,369.95,11.0914,0.000269692,0.188918,0,530.3867418,1080.19,145.411,7.42853,0.000123087,0.0611508,0,299.0888969,744.53,151.697,4.90801,9.80224e-05,0.0649691,6,-323.2175992,1201.81,406.729,2.95482,0.000239821,0.150549
118.798619,1,AUTO,ARMED,5,AVAILABLE,UNAVAILABLE,UNAVAILABLE,117,5,ACTIVE,41,E_P3_NEW3-A3.NC,E_P3_NEW3-A3.NC,41429.939,211495.799,5768.6,3170.1411,100,0.0,57,50,0,4,100,9250.0,4103.27,369.95,11.0914,0.000269692,0.188918,0,530.3867561,1080.19,145.411,7.42853,0.000123087,0.0611508,0,299.0888897,744.53,151.697,4.90801,9.80224e-05,0.0649691,6,-323.2175992,1201.81,406.729,2.95482,0.000239821,0.150549
118.946983,1,AUTO,ARMED,5,AVAILABLE,UNAVAILABLE,UNAVAILABLE,117,5,ACTIVE,41,E_P3_NEW3-A3.NC,E_P3_NEW3-A3.NC,41429.939,211495.799,5768.6,3170.1411,100,0.0,57,50,0,4,100,9250.0,4103.27,369.95,11.0914,0.000269692,0.188918,0,530.3867704,1080.19,145.411,7.42853,0.000123087,0.0611508,0,299.0888969,744.53,151.697,4.90801,9.80224e-05,0.0649691,6,-323.2175878,1201.81,406.729,2.95482,0.000239821,0.150549
119.086757,1,AUTO,ARMED,5,AVAILABLE,UNAVAILABLE,UNAVAILABLE,117,5,ACTIVE,41,E_P3_NEW3-A3.NC,E_P3_NEW3-A3.NC,41429.939,211495.799,5768.6,3170.1411,100,0.0,57,50,0,3,100,9250.0,4103.27,369.95,11.0914,0.000269692,0.188918,0,530.3867776,1080.19,145.411,7.42853,0.000123087,0.0611508,0,299.0888969,744.53,151.697,4.90801,9.80224e-05,0.0649691,6,-323.2175992,1201.81,406.729,2.95482,0.000239821,0.150549
119.23235,1,AUTO,ARMED,5,AVAILABLE,UNAVAILABLE,UNAVAILABLE,118,5,ACTIVE,41,E_P3_NEW3-A3.NC,E_P3_NEW3-A3.NC,41429.939,211495.799,5768.6,10604.0811,100,0.0,57,50,0,3,100,9250.0,4103.27,369.95,11.0914,0.000269692,0.188918,0,530.3867847,1080.19,145.411,7.42853,0.000123087,0.0611508,0,299.088904,744.53,151.697,4.90801,9.80224e-05,0.0649691,6,-323.2175992,1201.81,406.729,2.95482,0.000239821,0.150549
119.369054,1,AUTO,ARMED,5,AVAILABLE,UNAVAILABLE,UNAVAILABLE,118,5,ACTIVE,41,E_P3_NEW3-A3.NC,E_P3_NEW3-A3.NC,41429.939,211495.799,5768.6,10604.0811,100,0.0,57,50,0,3,100,9250.0,4103.27,369.95,11.0914,0.000269692,0.188918,0,530.3867919,1080.19,145.411,7.42853,0.000123087,0.0611508,0,299.0888969,744.53,151.697,4.90801,9.80224e-05,0.0649691,6,-323.2175992,1201.81,406.729,2.95482,0.000239821,0.150549
119.530501,1,AUTO,ARMED,5,AVAILABLE,UNAVAILABLE,UNAVAILABLE,120,5,ACTIVE,41,E_P3_NEW3-A3.NC,E_P3_NEW3-A3.NC,41429.939,211495.799,5768.6,10604.0811,100,0.0,57,50,0,4,100,9368.968386,4103.27,369.95,11.0914,0.000269692,0.188918,0,530.3867919,1080.19,145.411,7.42853,0.000123087,0.0611508,0,299.722986,744.53,151.697,4.90801,9.80224e-05,0.0649691,6,-323.2175992,1201.81,406.729,2.95482,0.000239821,0.150549
119.691044,1,AUTO,ARMED,5,AVAILABLE,UNAVAILABLE,UNAVAILABLE,121,5,ACTIVE,41,E_P3_NEW3-A3.NC,E_P3_NEW3-A3.NC,41429.939,211495.799,5768.6,10604.0811,100,0.0,58,50,0,55,100,9750.0,4055.28,365.373,11.099,0.000379976,0.306219,0,530.3867919,1104.19,118.918,9.28531,0.00015263,0.0921599,0,299.7236798,624.445,105.738,5.90559,0.000136984,0.0871427,6,-323.2175992,1946.93,387.84,5.01993,0.000149932,0.159137
119.828433,1,AUTO,ARMED,5,AVAILABLE,UNAVAILABLE,UNAVAILABLE,121,5,ACTIVE,41,E_P3_NEW3-A3.NC,E_P3_NEW3-A3.NC,41429.939,211495.799,5768.6,10604.0811,100,0.0,58,50,0,52,100,9750.0,4055.28,365.373,11.099,0.000379976,0.306219,0,530.386799,1104.19,118.918,9.28531,0.00015263,0.0921599,0,299.7238872,624.445,105.738,5.90559,0.000136984,0.0871427,6,-323.2175992,1946.93,387.84,5.01993,0.000149932,0.159137
119.970107,1,AUTO,ARMED,5,AVAILABLE,UNAVAILABLE,UNAVAILABLE,121,5,ACTIVE,41,E_P3_NEW3-A3.NC,E_P3_NEW3-A3.NC,41429.939,211495.799,5768.6,10604.0811,100,0.0,58,50,0,27,100,9750.0,4055.28,365.373,11.099,0.000379976,0.306219,0,530.386799,1104.19,118.918,9.28531,0.00015263,0.0921599,0,299.7239087,624.445,105.738,5.90559,0.000136984,0.0871427,6,-323.2176106,1946.93,387.84,5.01993,0.000149932,0.159137
120.114599,1,AUTO,ARMED,5,AVAILABLE,UNAVAILABLE,UNAVAILABLE,121,5,ACTIVE,41,E_P3_NEW3-A3.NC,E_P3_NEW3-A3.NC,41429.939,211495.799,5768.6,10604.0811,100,0.0,58,50,0,2,100,9750.0,4055.28,365.373,11.099,0.000379976,0.306219,0,530.386799,1104.19,118.918,9.28531,0.00015263,0.0921599,0,299.7239087,624.445,105.738,5.90559,0.000136984,0.0871427,6,-323.2175992,1946.93,387.84,5.01993,0.000149932,0.159137
120.260502,1,AUTO,ARMED,5,AVAILABLE,UNAVAILABLE,UNAVAILABLE,121,5,ACTIVE,41,E_P3_NEW3-A3.NC,E_P3_NEW3-A3.NC,41429.939,211495.799,5768.6,3344.293,100,0.0,58,50,0,14,100,9750.0,4055.28,365.373,11.099,0.000379976,0.306219,0,530.386799,1104.19,118.918,9.28531,0.00015263,0.0921599,0,299.7239015,624.445,105.738,5.90559,0.000136984,0.0871427,6,-323.2175878,1946.93,387.84,5.01993,0.000149932,0.159137
120.4034,1,AUTO,ARMED,5,AVAILABLE,UNAVAILABLE,UNAVAILABLE,121,5,ACTIVE,41,E_P3_NEW3-A3.NC,E_P3_NEW3-A3.NC,41429.939,211495.799,5768.6,3344.293,100,0.0,58,50,0,11,100,9750.0,4055.28,365.373,11.099,0.000379976,0.306219,0,530.386799,1104.19,118.918,9.28531,0.00015263,0.0921599,0,299.7239087,624.445,105.738,5.90559,0.000136984,0.0871427,6,-323.2175878,1946.93,387.84,5.01993,0.000149932,0.159137
120.542464,1,AUTO,ARMED,5,AVAILABLE,UNAVAILABLE,UNAVAILABLE,121,5,ACTIVE,41,E_P3_NEW3-A3.NC,E_P3_NEW3-A3.NC,41429.939,211495.799,5768.6,3344.293,100,0.0,59,50,0,5,100,9750.0,4055.28,365.373,11.099,0.000379976,0.306219,0,530.3867919,1104.19,118.918,9.28531,0.00015263,0.0921599,0,299.7239015,624.445,105.738,5.90559,0.000136984,0.0871427,6,-323.2175878,1946.93,387.84,5.01993,0.000149932,0.159137
120.688392,1,AUTO,ARMED,5,AVAILABLE,UNAVAILABLE,UNAVAILABLE,122,5,ACTIVE,41,E_P3_NEW3-A3.NC,E_P3_NEW3-A3.NC,41429.939,211495.799,5768.6,3344.293,100,20.18333,59,50,0,0,100,9750.0,4175.26,30436.4,0.13718,0.000707269,3.87296,0,531.408554,9625.66,8172.72,1.17778,0.000274758,0.572111,0,299.7239015,648.463,2682.16,0.241769,0.000184821,0.377157,6,-323.2175992,1273.91,2769.0,0.460061,0.000756151,0.930427
120.845363,1,AUTO,ARMED,5,AVAILABLE,UNAVAILABLE,UNAVAILABLE,122,5,ACTIVE,41,E_P3_NEW3-A3.NC,E_P3_NEW3-A3.NC,41429.939,211495.799,5768.6,3344.293,100,21.73333,59,50,0,6,100,9750.0,4175.26,30436.4,0.13718,0.000707269,3.87296,0,536.2070337,9625.66,8172.72,1.17778,0.000274758,0.572111,0,299.7239015,648.463,2682.16,0.241769,0.000184821,0.377157,6,-323.2176106,1273.91,2769.0,0.460061,0.000756151,0.930427
120.984929,1,AUTO,ARMED,5,AVAILABLE,UNAVAILABLE,UNAVAILABLE,122,5,ACTIVE,41,E_P3_NEW3-A3.NC,E_P3_NEW3-A3.NC,41429.939,211495.799,5768.6,3344.293,100,22.25,59,50,0,7,100,9750.0,4175.26,30436.4,0.13718,0.000707269,3.87296,0,538.5994939,9625.66,8172.72,1.17778,0.000274758,0.572111,0,299.7238944,648.463,2682.16,0.241769,0.000184821,0.377157,6,-323.2175992,1273.91,2769.0,0.460061,0.000756151,0.930427
121.137634,1,AUTO,ARMED,5,AVAILABLE,UNAVAILABLE,UNAVAILABLE,122,5,ACTIVE,41,E_P3_NEW3-A3.NC,E_P3_NEW3-A3.NC,41429.939,211495.799,5768.6,3344.293,100,23.28333,59,50,0,6,100,9750.0,4175.26,30436.4,0.13718,0.000707269,3.87296,0,540.9970681,9625.66,8172.72,1.17778,0.000274758,0.572111,0,299.7238586,648.463,2682.16,0.241769,0.000184821,0.377157,6,-323.2175992,1273.91,2769.0,0.460061,0.000756151,0.930427
121.281794,1,AUTO,ARMED,5,AVAILABLE,UNAVAILABLE,UNAVAILABLE,122,5,ACTIVE,41,E_P3_NEW3-A3.NC,E_P3_NEW3-A3.NC,41429.939,211495.799,5768.6,6781.6436,100,23.28333,59,50,0,22,100,9750.0,4175.26,30436.4,0.13718,0.000707269,3.87296,1,548.1920366,9625.66,8172.72,1.17778,0.000274758,0.572111,0,299.7238801,648.463,2682.16,0.241769,0.000184821,0.377157,6,-323.217542,1273.91,2769.0,0.460061,0.000756151,0.930427
121.4257,1,AUTO,ARMED,5,AVAILABLE,UNAVAILABLE,UNAVAILABLE,122,5,ACTIVE,41,E_P3_NEW3-A3.NC,E_P3_NEW3-A3.NC,41429.939,211495.799,5768.6,6781.6436,100,23.28333,0,50,0,23,100,9750.0,4175.26,30436.4,0.13718,0.000707269,3.87296,1,550.5961696,9625.66,8172.72,1.17778,0.000274758,0.572111,0,299.7239015,648.463,2682.16,0.241769,0.000184821,0.377157,6,-323.2176564,1273.91,2769.0,0.460061,0.000756151,0.930427
121.570335,1,AUTO,ARMED,5,AVAILABLE,UNAVAILABLE,UNAVAILABLE,122,5,ACTIVE,41,E_P3_NEW3-A3.NC,E_P3_NEW3-A3.NC,41429.939,211495.799,5768.6,6781.6436,100,23.28333,0,50,0,24,100,9750.0,4175.26,30436.4,0.13718,0.000707269,3.87296,1,552.9942016,9625.66,8172.72,1.17778,0.000274758,0.572111,0,299.7238872,648.463,2682.16,0.241769,0.000184821,0.377157,6,-323.2175992,1273.91,2769.0,0.460061,0.000756151,0.930427
121.716438,1,AUTO,ARMED,5,AVAILABLE,UNAVAILABLE,UNAVAILABLE,122,5,ACTIVE,41,E_P3_NEW3-A3.NC,E_P3_NEW3-A3.NC,41429.939,211495.799,5768.6,6781.6436,100,23.28333,0,50,0,21,100,9750.0,98262.6,34681.6,2.83328,0.000844533,4.52086,1,557.7849369,24868.3,5596.75,4.44335,0.000150083,0.406101,0,299.7239158,6652.75,2753.37,2.41622,0.000179686,0.421202,6,-323.2175534,13436.2,2960.39,4.53866,0.000816838,1.09241
121.867907,1,AUTO,ARMED,5,AVAILABLE,UNAVAILABLE,UNAVAILABLE,122,5,ACTIVE,41,E_P3_NEW3-A3.NC,E_P3_NEW3-A3.NC,41429.939,211495.799,5768.6,6781.6436,100,23.28333,0,50,0,21,100,9750.0,98262.6,34681.6,2.83328,0.000844533,4.52086,1,558.9896407,24868.3,5596.75,4.44335,0.000150083,0.406101,0,299.723923,6652.75,2753.37,2.41622,0.000179686,0.421202,6,-323.2175305,13436.2,2960.39,4.53866,0.000816838,1.09241
122.017411,1,AUTO,ARMED,5,AVAILABLE,UNAVAILABLE,UNAVAILABLE,122,5,ACTIVE,41,E_P3_NEW3-A3.NC,E_P3_NEW3-A3.NC,41429.939,211495.799,5768.6,6781.6436,100,23.28333,0,50,0,19,100,9750.0,98262.6,34681.6,2.83328,0.000844533,4.52086,1,561.3878928,24868.3,5596.75,4.44335,0.000150083,0.406101,0,299.7239158,6652.75,2753.37,2.41622,0.000179686,0.421202,6,-323.2175763,13436.2,2960.39,4.53866,0.000816838,1.09241
122.153994,1,AUTO,ARMED,5,AVAILABLE,UNAVAILABLE,UNAVAILABLE,122,5,ACTIVE,41,E_P3_NEW3-A3.NC,E_P3_NEW3-A3.NC,41429.939,211495.799,5768.6,6814.6929,100,23.28333,0,50,0,19,100,9750.0,98262.6,34681.6,2.83328,0.000844533,4.52086,1,566.1784388,24868.3,5596.75,4.44335,0.000150083,0.406101,0,299.7238944,6652.75,2753.37,2.41622,0.000179686,0.421202,6,-323.2176679,13436.2,2960.39,4.53866,0.000816838,1.09241
122.296655,1,AUTO,ARMED,5,AVAILABLE,UNAVAILABLE,UNAVAILABLE,122,5,ACTIVE,41,E_P3_NEW3-A3.NC,E_P3_NEW3-A3.NC,41429.939,211495.799,5768.6,6814.6929,100,23.28333,0,50,0,19,100,9750.0,98262.6,34681.6,2.83328,0.000844533,4.52086,1,570.9807007,24868.3,5596.75,4.44335,0.000150083,0.406101,0,299.7239158,6652.75,2753.37,2.41622,0.000179686,0.421202,6,-323.2175191,13436.2,2960.39,4.53866,0.000816838,1.09241
122.446641,1,AUTO,ARMED,5,AVAILABLE,UNAVAILABLE,UNAVAILABLE,122,5,ACTIVE,41,E_P3_NEW3-A3.NC,E_P3_NEW3-A3.NC,41429.939,211495.799,5768.6,6814.6929,100,23.28333,0,50,0,20,100,9750.0,97158.7,8678.45,11.1954,0.000576131,1.54881,1,573.378917,21123.6,371.83,56.8098,0.000189967,0.116062,0,299.7239015,6100.36,2039.95,2.99045,0.000181602,0.372898,6,-323.2175191,13989.0,2876.15,4.86379,0.000856402,1.05933
122.5976,1,AUTO,ARMED,5,AVAILABLE,UNAVAILABLE,UNAVAILABLE,122,5,ACTIVE,41,E_P3_NEW3-A3.NC,E_P3_NEW3-A3.NC,41429.939,211495.799,5768.6,6814.6929,100,23.28333,1,50,0,20,100,9750.0,97158.7,8678.45,11.1954,0.000576131,1.54881,1,578.1809071,21123.6,371.83,56.8098,0.000189967,0.116062,0,299.7239158,6100.36,2039.95,2.99045,0.000181602,0.372898,6,-323.2175534,13989.0,2876.15,4.86379,0.000856402,1.05933
123.040761,1,AUTO,ARMED,5,AVAILABLE,UNAVAILABLE,UNAVAILABLE,122,5,ACTIVE,41,E_P3_NEW3-A3.NC,E_P3_NEW3-A3.NC,41429.939,211495.799,5768.6,6814.6929,100,23.28333,1,50,0,19,100,9750.0,97158.7,8678.45,11.1954,0.000576131,1.54881,1,587.7679391,21123.6,371.83,56.8098,0.000189967,0.116062,0,299.7238944,6100.36,2039.95,2.99045,0.000181602,0.372898,6,-323.2175992,13989.0,2876.15,4.86379,0.000856402,1.05933
123.192919,1,AUTO,ARMED,5,AVAILABLE,UNAVAILABLE,UNAVAILABLE,122,5,ACTIVE,41,E_P3_NEW3-A3.NC,E_P3_NEW3-A3.NC,41429.939,211495.799,5768.6,6814.6929,100,23.28333,1,50,0,19,100,9750.0,97158.7,8678.45,11.1954,0.000576131,1.54881,1,590.1719844,21123.6,371.83,56.8098,0.000189967,0.116062,0,299.7238872,6100.36,2039.95,2.99045,0.000181602,0.372898,6,-323.217542,13989.0,2876.15,4.86379,0.000856402,1.05933
123.341588,1,AUTO,ARMED,5,AVAILABLE,UNAVAILABLE,UNAVAILABLE,122,5,ACTIVE,41,E_P3_NEW3-A3.NC,E_P3_NEW3-A3.NC,41429.939,211495.799,5768.6,6814.6929,100,23.28333,1,50,0,19,100,9750.0,97158.7,8678.45,11.1954,0.000576131,1.54881,1,592.5701074,21123.6,371.83,56.8098,0.000189967,0.116062,0,299.7239158,6100.36,2039.95,2.99045,0.000181602,0.372898,6,-323.2176907,13989.0,2876.15,4.86379,0.000856402,1.05933
123.483377,1,AUTO,ARMED,5,AVAILABLE,UNAVAILABLE,UNAVAILABLE,122,5,ACTIVE,41,E_P3_NEW3-A3.NC,E_P3_NEW3-A3.NC,41429.939,211495.799,5768.6,2730.6274,100,23.28333,2,50,0,18,100,9750.0,97158.7,8678.45,11.1954,0.000576131,1.54881,1,599.7656995,21123.6,371.83,56.8098,0.000189967,0.116062,0,299.7242019,6100.36,2039.95,2.99045,0.000181602,0.372898,6,-323.2175649,13989.0,2876.15,4.86379,0.000856402,1.05933
123.626959,1,AUTO,ARMED,5,AVAILABLE,UNAVAILABLE,UNAVAILABLE,122,5,ACTIVE,41,E_P3_NEW3-A3.NC,E_P3_NEW3-A3.NC,41429.939,211495.799,5768.6,2730.6274,100,23.28333,2,50,0,9,100,9750.0,97158.7,8678.45,11.1954,0.000576131,1.54881,0,602.1630786,21123.6,371.83,56.8098,0.000189967,0.116062,0,299.7240374,6100.36,2039.95,2.99045,0.000181602,0.372898,6,-323.2175763,13989.0,2876.15,4.86379,0.000856402,1.05933
123.822745,1,AUTO,ARMED,5,AVAILABLE,UNAVAILABLE,UNAVAILABLE,122,5,ACTIVE,41,E_P3_NEW3-A3.NC,E_P3_NEW3-A3.NC,41429.939,211495.799,5768.6,2730.6274,100,23.28333,2,50,0,2,100,9750.0,5519.02,360.351,15.3157,0.000385247,0.301649,0,603.3619649,9865.7,106.717,92.4473,0.000136543,0.0875526,0,299.723973,2305.65,116.795,19.741,0.000119649,0.0866206,6,-323.2175649,1706.57,357.139,4.77845,0.000244123,0.129478
123.967421,1,AUTO,ARMED,5,AVAILABLE,UNAVAILABLE,UNAVAILABLE,122,5,ACTIVE,41,E_P3_NEW3-A3.NC,E_P3_NEW3-A3.NC,41429.939,211495.799,5768.6,2730.6274,100,23.28333,2,50,0,0,100,9750.0,5519.02,360.351,15.3157,0.000385247,0.301649,0,605.7543445,9865.7,106.717,92.4473,0.000136543,0.0875526,0,299.7239158,2305.65,116.795,19.741,0.000119649,0.0866206,6,-323.2175878,1706.57,357.139,4.77845,0.000244123,0.129478
124.106575,1,AUTO,ARMED,5,AVAILABLE,UNAVAILABLE,UNAVAILABLE,122,5,ACTIVE,41,E_P3_NEW3-A3.NC,E_P3_NEW3-A3.NC,41429.939,211495.799,5768.6,2730.6274,100,22.46667,2,50,0,0,100,9750.0,5519.02,360.351,15.3157,0.000385247,0.301649,0,610.5565737,9865.7,106.717,92.4473,0.000136543,0.0875526,0,299.7239015,2305.65,116.795,19.741,0.000119649,0.0866206,6,-323.2175992,1706.57,357.139,4.77845,0.000244123,0.129478
124.263788,1,AUTO,ARMED,5,AVAILABLE,UNAVAILABLE,UNAVAILABLE,123,5,ACTIVE,41,E_P3_NEW3-A3.NC,E_P3_NEW3-A3.NC,41429.939,211495.799,5768.6,2730.6274,100,10.43333,2,50,0,4,100,9750.0,5519.02,360.351,15.3157,0.000385247,0.301649,0,611.6665648,9865.7,106.717,92.4473,0.000136543,0.0875526,0,299.7238872,2305.65,116.795,19.741,0.000119649,0.0866206,6,-323.2175878,1706.57,357.139,4.77845,0.000244123,0.129478
124.408515,1,AUTO,ARMED,5,AVAILABLE,UNAVAILABLE,UNAVAILABLE,123,5,ACTIVE,41,E_P3_NEW3-A3.NC,E_P3_NEW3-A3.NC,41429.939,211495.799,5768.6,2730.6274,100,0.0,2,50,0,5,100,9750.0,5519.02,360.351,15.3157,0.000385247,0.301649,0,611.6668795,9865.7,106.717,92.4473,0.000136543,0.0875526,0,299.7239087,2305.65,116.795,19.741,0.000119649,0.0866206,6,-323.2175992,1706.57,357.139,4.77845,0.000244123,0.129478
124.55082,1,AUTO,ARMED,5,AVAILABLE,UNAVAILABLE,UNAVAILABLE,123,5,ACTIVE,41,E_P3_NEW3-A3.NC,E_P3_NEW3-A3.NC,41429.939,211495.799,5768.6,3361.8259,100,0.0,3,50,0,5,100,9750.0,5519.02,360.351,15.3157,0.000385247,0.301649,0,611.6668581,9865.7,106.717,92.4473,0.000136543,0.0875526,0,299.7239015,2305.65,116.795,19.741,0.000119649,0.0866206,6,-323.2175992,1706.57,357.139,4.77845,0.000244123,0.129478
124.710355,1,AUTO,ARMED,5,AVAILABLE,UNAVAILABLE,UNAVAILABLE,123,5,ACTIVE,41,E_P3_NEW3-A3.NC,E_P3_NEW3-A3.NC,41429.939,211495.799,5768.6,3361.8259,100,0.0,3,50,0,5,100,9750.0,5519.02,360.351,15.3157,0.000385247,0.301649,0,611.6668581,9865.7,106.717,92.4473,0.000136543,0.0875526,0,299.7239015,2305.65,116.795,19.741,0.000119649,0.0866206,6,-323.2175992,1706.57,357.139,4.77845,0.000244123,0.129478
124.854529,1,AUTO,ARMED,5,AVAILABLE,UNAVAILABLE,UNAVAILABLE,123,5,ACTIVE,41,E_P3_NEW3-A3.NC,E_P3_NEW3-A3.NC,41429.939,211856.19,5768.6,3361.8259,100,0.0,3,50,0,4,100,9750.0,4103.27,368.494,11.1352,0.000410346,0.311741,0,611.6668152,7153.23,275.745,25.9415,0.000216586,0.0943411,0,299.7239015,720.514,1177.69,0.611803,0.000141425,0.190967,6,-323.2175992,1297.95,466.878,2.78006,0.000221661,0.159762
124.990404,1,AUTO,ARMED,5,AVAILABLE,UNAVAILABLE,UNAVAILABLE,123,5,ACTIVE,41,E_P3_NEW3-A3.NC,E_P3_NEW3-A3.NC,41429.939,211856.19,5768.6,3361.8259,100,0.0,3,50,0,3,100,9750.0,4103.27,368.494,11.1352,0.000410346,0.311741,0,611.6668152,7153.23,275.745,25.9415,0.000216586,0.0943411,0,299.7239087,720.514,1177.69,0.611803,0.000141425,0.190967,6,-323.2176106,1297.95,466.878,2.78006,0.000221661,0.159762
125.132561,1,AUTO,ARMED,5,AVAILABLE,UNAVAILABLE,UNAVAILABLE,123,5,ACTIVE,41,E_P3_NEW3-A3.NC,E_P3_NEW3-A3.NC,41429.939,211856.19,5768.6,3361.8259,100,0.0,3,50,0,4,100,9750.0,4103.27,368.494,11.1352,0.000410346,0.311741,0,611.666808,7153.23,275.745,25.9415,0.000216586,0.0943411,0,299.7239015,720.514,1177.69,0.611803,0.000141425,0.190967,6,-323.2175878,1297.95,466.878,2.78006,0.000221661,0.159762
125.343792,1,AUTO,ARMED,5,AVAILABLE,UNAVAILABLE,UNAVAILABLE,125,5,ACTIVE,41,E_P3_NEW3-A3.NC,E_P3_NEW3-A3.NC,41429.939,211856.19,5768.6,3361.8259,100,5.05,3,50,0,4,100,9750.0,4103.27,368.494,11.1352,0.000410346,0.311741,0,609.127278,7153.23,275.745,25.9415,0.000216586,0.0943411,1,300.35862,720.514,1177.69,0.611803,0.000141425,0.190967,6,-323.2175992,1297.95,466.878,2.78006,0.000221661,0.159762
125.486162,1,AUTO,ARMED,5,AVAILABLE,UNAVAILABLE,UNAVAILABLE,125,5,ACTIVE,41,E_P3_NEW3-A3.NC,E_P3_NEW3-A3.NC,41429.939,211856.19,5768.6,3361.8259,100,23.28333,4,50,0,4,100,9750.0,4103.27,368.494,11.1352,0.000410346,0.311741,0,604.3318649,7153.23,275.745,25.9415,0.000216586,0.0943411,0,300.3589133,720.514,1177.69,0.611803,0.000141425,0.190967,6,-323.2175992,1297.95,466.878,2.78006,0.000221661,0.159762
125.628454,1,AUTO,ARMED,5,AVAILABLE,UNAVAILABLE,UNAVAILABLE,125,5,ACTIVE,41,E_P3_NEW3-A3.NC,E_P3_NEW3-A3.NC,41429.939,211856.19,5768.6,6877.063,100,23.28333,4,50,0,4,100,9750.0,4103.27,368.494,11.1352,0.000410346,0.311741,0,601.9336505,7153.23,275.745,25.9415,0.000216586,0.0943411,0,300.3587989,720.514,1177.69,0.611803,0.000141425,0.190967,6,-323.2175992,1297.95,466.878,2.78006,0.000221661,0.159762
125.772502,1,AUTO,ARMED,5,AVAILABLE,UNAVAILABLE,UNAVAILABLE,125,5,ACTIVE,41,E_P3_NEW3-A3.NC,E_P3_NEW3-A3.NC,41429.939,211856.19,5768.6,6877.063,100,23.28333,4,50,0,5,100,9750.0,4103.27,368.494,11.1352,0.000410346,0.311741,0,600.7340749,7153.23,275.745,25.9415,0.000216586,0.0943411,0,300.3584198,720.514,1177.69,0.611803,0.000141425,0.190967,6,-323.2176335,1297.95,466.878,2.78006,0.000221661,0.159762
125.926681,1,AUTO,ARMED,5,AVAILABLE,UNAVAILABLE,UNAVAILABLE,125,5,ACTIVE,41,E_P3_NEW3-A3.NC,E_P3_NEW3-A3.NC,41429.939,211856.19,5768.6,6877.063,100,23.28333,4,50,0,12,100,9750.0,17780.8,6124.4,2.90327,0.000466412,0.951929,0,598.3420833,13154.3,2782.42,4.72765,0.000254948,0.380907,0,300.3586272,5355.83,1722.16,3.10995,0.000171943,0.282475,6,-323.2176106,6682.04,2137.14,3.12663,0.000294225,0.575452
126.075411,1,AUTO,ARMED,5,AVAILABLE,UNAVAILABLE,UNAVAILABLE,125,5,ACTIVE,41,E_P3_NEW3-A3.NC,E_P3_NEW3-A3.NC,41429.939,211856.19,5768.6,6877.063,100,23.28333,4,50,0,22,100,9750.0,17780.8,6124.4,2.90327,0.000466412,0.951929,0,593.5402829,13154.3,2782.42,4.72765,0.000254948,0.380907,0,300.3589061,5355.83,1722.16,3.10995,0.000171943,0.282475,6,-323.2176106,6682.04,2137.14,3.12663,0.000294225,0.575452
126.218403,1,AUTO,ARMED,5,AVAILABLE,UNAVAILABLE,UNAVAILABLE,125,5,ACTIVE,41,E_P3_NEW3-A3.NC,E_P3_NEW3-A3.NC,41429.939,211856.19,5768.6,6877.063,100,23.28333,4,50,0,22,100,9750.0,17780.8,6124.4,2.90327,0.000466412,0.951929,0,591.1476619,13154.3,2782.42,4.72765,0.000254948,0.380907,0,300.3588918,5355.83,1722.16,3.10995,0.000171943,0.282475,6,-323.2175992,6682.04,2137.14,3.12663,0.000294225,0.575452
126.369434,1,AUTO,ARMED,5,AVAILABLE,UNAVAILABLE,UNAVAILABLE,125,5,ACTIVE,41,E_P3_NEW3-A3.NC,E_P3_NEW3-A3.NC,41429.939,211856.19,5768.6,6877.063,100,23.28333,4,50,0,20,100,9750.0,17780.8,6124.4,2.90327,0.000466412,0.951929,0,588.7494619,13154.3,2782.42,4.72765,0.000254948,0.380907,0,300.3589204,5355.83,1722.16,3.10995,0.000171943,0.282475,6,-323.2176106,6682.04,2137.14,3.12663,0.000294225,0.575452
126.518642,1,AUTO,ARMED,5,AVAILABLE,UNAVAILABLE,UNAVAILABLE,125,5,ACTIVE,41,E_P3_NEW3-A3.NC,E_P3_NEW3-A3.NC,41429.939,211856.19,5768.6,6877.063,100,23.28333,5,50,0,16,100,9750.0,17780.8,6124.4,2.90327,0.000466412,0.951929,0,581.5550727,13154.3,2782.42,4.72765,0.000254948,0.380907,0,300.3588704,5355.83,1722.16,3.10995,0.000171943,0.282475,6,-323.2176221,6682.04,2137.14,3.12663,0.000294225,0.575452
126.660592,1,AUTO,ARMED,5,AVAILABLE,UNAVAILABLE,UNAVAILABLE,125,5,ACTIVE,41,E_P3_NEW3-A3.NC,E_P3_NEW3-A3.NC,41429.939,211856.19,5768.6,6877.063,100,23.28333,5,50,0,16,100,9750.0,17780.8,6124.4,2.90327,0.000466412,0.951929,0,579.150759,13154.3,2782.42,4.72765,0.000254948,0.380907,0,300.358899,5355.83,1722.16,3.10995,0.000171943,0.282475,6,-323.2175763,6682.04,2137.14,3.12663,0.000294225,0.575452
126.803535,1,AUTO,ARMED,5,AVAILABLE,UNAVAILABLE,UNAVAILABLE,125,5,ACTIVE,41,E_P3_NEW3-A3.NC,E_P3_NEW3-A3.NC,41429.939,211856.19,5768.6,6182.5444,100,23.28333,5,50,0,16,100,9750.0,17780.8,6124.4,2.90327,0.000466412,0.951929,0,576.7528397,13154.3,2782.42,4.72765,0.000254948,0.380907,0,300.3589419,5355.83,1722.16,3.10995,0.000171943,0.282475,6,-323.2176106,6682.04,2137.14,3.12663,0.000294225,0.575452
126.94223,1,AUTO,ARMED,5,AVAILABLE,UNAVAILABLE,UNAVAILABLE,125,5,ACTIVE,41,E_P3_NEW3-A3.NC,E_P3_NEW3-A3.NC,41429.939,211856.19,5768.6,6182.5444,100,23.28333,5,50,0,16,100,9750.0,16965.0,5253.92,3.22902,0.000472615,0.876671,0,571.9505424,13538.3,3769.08,3.59194,0.000238387,0.393679,0,300.3588704,5499.93,1830.04,3.00536,0.000177189,0.291256,6,-323.2175992,6826.26,2105.02,3.24285,0.000396989,0.572576
127.118198,1,AUTO,ARMED,5,AVAILABLE,UNAVAILABLE,UNAVAILABLE,125,5,ACTIVE,41,E_P3_NEW3-A3.NC,E_P3_NEW3-A3.NC,41429.939,211856.19,5768.6,6182.5444,100,23.28333,5,50,0,16,100,9750.0,16965.0,5253.92,3.22902,0.000472615,0.876671,0,569.5583595,13538.3,3769.08,3.59194,0.000238387,0.393679,0,300.3589061,5499.93,1830.04,3.00536,0.000177189,0.291256,6,-323.2176106,6826.26,2105.02,3.24285,0.000396989,0.572576
127.256339,1,AUTO,ARMED,5,AVAILABLE,UNAVAILABLE,UNAVAILABLE,125,5,ACTIVE,41,E_P3_NEW3-A3.NC,E_P3_NEW3-A3.NC,41429.939,211856.19,5768.6,6182.5444,100,23.28333,5,50,0,16,100,9750.0,16965.0,5253.92,3.22902,0.000472615,0.876671,0,564.7677853,13538.3,3769.08,3.59194,0.000238387,0.393679,0,300.358899,5499.93,1830.04,3.00536,0.000177189,0.291256,6,-323.2175992,6826.26,2105.02,3.24285,0.000396989,0.572576
127.397503,1,AUTO,ARMED,5,AVAILABLE,UNAVAILABLE,UNAVAILABLE,125,5,ACTIVE,41,E_P3_NEW3-A3.NC,E_P3_NEW3-A3.NC,41429.939,211856.19,5768.6,6182.5444,100,23.28333,5,50,0,17,100,9750.0,16965.0,5253.92,3.22902,0.000472615,0.876671,0,562.3635646,13538.3,3769.08,3.59194,0.000238387,0.393679,0,300.3588918,5499.93,1830.04,3.00536,0.000177189,0.291256,6,-323.2176106,6826.26,2105.02,3.24285,0.000396989,0.572576
127.543284,1,AUTO,ARMED,5,AVAILABLE,UNAVAILABLE,UNAVAILABLE,125,5,ACTIVE,41,E_P3_NEW3-A3.NC,E_P3_NEW3-A3.NC,41429.939,211856.19,5768.6,6182.5444,100,23.28333,5,50,0,17,100,9750.0,16965.0,5253.92,3.22902,0.000472615,0.876671,0,559.9655452,13538.3,3769.08,3.59194,0.000238387,0.393679,0,300.3589061,5499.93,1830.04,3.00536,0.000177189,0.291256,6,-323.2175649,6826.26,2105.02,3.24285,0.000396989,0.572576
127.687784,1,AUTO,ARMED,5,AVAILABLE,UNAVAILABLE,UNAVAILABLE,125,5,ACTIVE,41,E_P3_NEW3-A3.NC,E_P3_NEW3-A3.NC,41429.939,211856.19,5768.6,6182.5444,100,23.28333,6,50,0,16,100,9750.0,16965.0,5253.92,3.22902,0.000472615,0.876671,0,553.9641436,13538.3,3769.08,3.59194,0.000238387,0.393679,0,300.3589061,5499.93,1830.04,3.00536,0.000177189,0.291256,6,-323.2176106,6826.26,2105.02,3.24285,0.000396989,0.572576
127.842874,1,AUTO,ARMED,5,AVAILABLE,UNAVAILABLE,UNAVAILABLE,125,5,ACTIVE,41,E_P3_NEW3-A3.NC,E_P3_NEW3-A3.NC,41429.939,211856.19,5768.6,5376.0947,100,23.28333,6,50,0,17,100,9750.0,16965.0,5253.92,3.22902,0.000472615,0.876671,0,551.5718486,13538.3,3769.08,3.59194,0.000238387,0.393679,0,300.3588704,5499.93,1830.04,3.00536,0.000177189,0.291256,6,-323.2175878,6826.26,2105.02,3.24285,0.000396989,0.572576
127.987763,1,AUTO,ARMED,5,AVAILABLE,UNAVAILABLE,UNAVAILABLE,125,5,ACTIVE,41,E_P3_NEW3-A3.NC,E_P3_NEW3-A3.NC,41429.939,211856.19,5768.6,5376.0947,100,23.28333,6,50,0,17,100,9750.0,16965.0,5253.92,3.22902,0.000472615,0.876671,0,549.1736957,13538.3,3769.08,3.59194,0.000238387,0.393679,0,300.3589133,5499.93,1830.04,3.00536,0.000177189,0.291256,6,-323.2175878,6826.26,2105.02,3.24285,0.000396989,0.572576
128.136983,1,AUTO,ARMED,5,AVAILABLE,UNAVAILABLE,UNAVAILABLE,125,5,ACTIVE,41,E_P3_NEW3-A3.NC,E_P3_NEW3-A3.NC,41429.939,211856.19,5768.6,5376.0947,100,23.28333,6,50,0,17,100,9750.0,7918.59,402.122,19.692,0.000398146,0.329476,0,544.3720327,14282.5,296.971,48.0939,0.000202122,0.168346,0,300.3593639,3986.85,113.42,35.1512,0.000132121,0.0896887,6,-323.2175878,4735.11,371.115,12.7591,0.000171889,0.127091
128.282306,1,AUTO,ARMED,5,AVAILABLE,UNAVAILABLE,UNAVAILABLE,125,5,ACTIVE,41,E_P3_NEW3-A3.NC,E_P3_NEW3-A3.NC,41429.939,211856.19,5768.6,5376.0947,100,23.28333,6,50,0,12,100,9750.0,7918.59,402.122,19.692,0.000398146,0.329476,0,541.9795017,14282.5,296.971,48.0939,0.000202122,0.168346,0,300.3593138,3986.85,113.42,35.1512,0.000132121,0.0896887,6,-323.2175992,4735.11,371.115,12.7591,0.000171889,0.127091
128.427261,1,AUTO,ARMED,5,AVAILABLE,UNAVAILABLE,UNAVAILABLE,125,5,ACTIVE,41,E_P3_NEW3-A3.NC,E_P3_NEW3-A3.NC,41429.939,211856.19,5768.6,5376.0947,100,23.28333,6,50,0,4,100,9750.0,7918.59,402.122,19.692,0.000398146,0.329476,0,539.5751261,14282.5,296.971,48.0939,0.000202122,0.168346,0,300.3590277,3986.85,113.42,35.1512,0.000132121,0.0896887,6,-323.2175878,4735.11,371.115,12.7591,0.000171889,0.127091
128.574229,1,AUTO,ARMED,5,AVAILABLE,UNAVAILABLE,UNAVAILABLE,125,5,ACTIVE,41,E_P3_NEW3-A3.NC,E_P3_NEW3-A3.NC,41429.939,211856.19,5768.6,5376.0947,100,23.28333,7,50,0,1,100,9750.0,7918.59,402.122,19.692,0.000398146,0.329476,1,534.7788561,14282.5,296.971,48.0939,0.000202122,0.168346,0,300.3589061,3986.85,113.42,35.1512,0.000132121,0.0896887,6,-323.2175992,4735.11,371.115,12.7591,0.000171889,0.127091
128.717809,1,AUTO,ARMED,5,AVAILABLE,UNAVAILABLE,UNAVAILABLE,125,5,ACTIVE,41,E_P3_NEW3-A3.NC,E_P3_NEW3-A3.NC,41429.939,211856.19,5768.6,5376.0947,100,20.58333,7,50,0,3,100,9750.0,7918.59,402.122,19.692,0.000398146,0.329476,1,530.4241929,14282.5,296.971,48.0939,0.000202122,0.168346,0,300.3588918,3986.85,113.42,35.1512,0.000132121,0.0896887,6,-323.2175992,4735.11,371.115,12.7591,0.000171889,0.127091
128.860968,1,AUTO,ARMED,5,AVAILABLE,UNAVAILABLE,UNAVAILABLE,125,5,ACTIVE,41,E_P3_NEW3-A3.NC,E_P3_NEW3-A3.NC,41429.939,211856.19,5768.6,5376.0947,100,12.81667,7,50,0,4,100,9750.0,7918.59,402.122,19.692,0.000398146,0.329476,0,530.3873927,14282.5,296.971,48.0939,0.000202122,0.168346,0,300.358899,3986.85,113.42,35.1512,0.000132121,0.0896887,6,-323.2175878,4735.11,371.115,12.7591,0.000171889,0.127091
128.999552,1,AUTO,ARMED,5,AVAILABLE,UNAVAILABLE,UNAVAILABLE,126,5,ACTIVE,41,E_P3_NEW3-A3.NC,E_P3_NEW3-A3.NC,41429.939,211856.19,5768.6,3471.9937,100,0.0,7,50,0,4,100,9750.0,7918.59,402.122,19.692,0.000398146,0.329476,0,530.3866989,14282.5,296.971,48.0939,0.000202122,0.168346,0,300.358899,3986.85,113.42,35.1512,0.000132121,0.0896887,6,-323.2175992,4735.11,371.115,12.7591,0.000171889,0.127091
129.141534,1,AUTO,ARMED,5,AVAILABLE,UNAVAILABLE,UNAVAILABLE,126,5,ACTIVE,41,E_P3_NEW3-A3.NC,E_P3_NEW3-A3.NC,41429.939,211856.19,5768.6,3471.9937,100,0.0,7,50,0,4,100,9750.0,4223.25,364.799,11.5769,0.00039627,0.312325,0,530.3867204,1104.19,114.225,9.6668,0.000294463,0.100962,0,300.3588918,648.463,114.558,5.66056,0.000111957,0.0852557,6,-323.2175878,1225.84,356.738,3.43625,0.000149172,0.127326
129.289717,1,AUTO,ARMED,5,AVAILABLE,UNAVAILABLE,UNAVAILABLE,126,5,ACTIVE,41,E_P3_NEW3-A3.NC,E_P3_NEW3-A3.NC,41429.939,211856.19,5768.6,3471.9937,100,0.0,7,50,0,4,100,9750.0,4223.25,364.799,11.5769,0.00039627,0.312325,0,530.3867418,1104.19,114.225,9.6668,0.000294463,0.100962,0,300.358899,648.463,114.558,5.66056,0.000111957,0.0852557,6,-323.2176106,1225.84,356.738,3.43625,0.000149172,0.127326
129.435073,1,AUTO,ARMED,5,AVAILABLE,UNAVAILABLE,UNAVAILABLE,126,5,ACTIVE,41,E_P3_NEW3-A3.NC,E_P3_NEW3-A3.NC,41429.939,211856.19,5768.6,3471.9937,100,0.0,7,50,0,4,100,9750.0,4223.25,364.799,11.5769,0.00039627,0.312325,0,530.3867561,1104.19,114.225,9.6668,0.000294463,0.100962,0,300.358899,648.463,114.558,5.66056,0.000111957,0.0852557,6,-323.2175992,1225.84,356.738,3.43625,0.000149172,0.127326
129.579233,1,AUTO,ARMED,5,AVAILABLE,UNAVAILABLE,UNAVAILABLE,126,5,ACTIVE,41,E_P3_NEW3-A3.NC,E_P3_NEW3-A3.NC,41429.939,211856.19,5768.6,3471.9937,100,0.0,8,50,0,4,100,9750.0,4223.25,364.799,11.5769,0.00039627,0.312325,0,530.3867776,1104.19,114.225,9.6668,0.000294463,0.100962,0,300.3589061,648.463,114.558,5.66056,0.000111957,0.0852557,6,-323.2175992,1225.84,356.738,3.43625,0.000149172,0.127326
129.720962,1,AUTO,ARMED,5,AVAILABLE,UNAVAILABLE,UNAVAILABLE,126,5,ACTIVE,41,E_P3_NEW3-A3.NC,E_P3_NEW3-A3.NC,41429.939,211856.19,5768.6,3471.9937,100,0.0,8,50,0,4,100,9750.0,4223.25,364.799,11.5769,0.00039627,0.312325,0,530.3867847,1104.19,114.225,9.6668,0.000294463,0.100962,0,300.358899,648.463,114.558,5.66056,0.000111957,0.0852557,6,-323.2176106,1225.84,356.738,3.43625,0.000149172,0.127326
129.869928,1,AUTO,ARMED,5,AVAILABLE,UNAVAILABLE,UNAVAILABLE,126,5,ACTIVE,41,E_P3_NEW3-A3.NC,E_P3_NEW3-A3.NC,41429.939,211856.19,5768.6,3471.9937,100,0.0,8,50,0,3,100,9750.0,4223.25,364.799,11.5769,0.00039627,0.312325,0,530.3867847,1104.19,114.225,9.6668,0.000294463,0.100962,0,300.4460591,648.463,114.558,5.66056,0.000111957,0.0852557,6,-323.2175878,1225.84,356.738,3.43625,0.000149172,0.127326
130.017165,1,AUTO,ARMED,5,AVAILABLE,UNAVAILABLE,UNAVAILABLE,129,5,ACTIVE,41,E_P3_NEW3-A3.NC,E_P3_NEW3-A3.NC,41429.939,211856.19,5768.6,3408.752,100,0.0,8,50,0,3,100,9750.0,4223.25,364.799,11.5769,0.00039627,0.312325,0,530.3867919,1104.19,114.225,9.6668,0.000294463,0.100962,0,300.9930811,648.463,114.558,5.66056,0.000111957,0.0852557,6,-323.2175992,1225.84,356.738,3.43625,0.000149172,0.127326
130.160368,1,AUTO,ARMED,5,AVAILABLE,UNAVAILABLE,UNAVAILABLE,130,5,ACTIVE,41,E_P3_NEW3-A3.NC,E_P3_NEW3-A3.NC,41429.939,211856.19,5768.6,3408.752,100,0.0,8,50,0,4,100,9750.0,4031.28,370.234,10.8885,0.000431542,0.320479,0,530.3867919,984.17,109.178,9.01436,0.000135861,0.0923292,0,300.9937391,576.411,117.183,4.9189,0.000122384,0.0868504,6,-323.2175992,1297.95,459.343,2.82567,0.000238483,0.162014
130.304536,1,AUTO,ARMED,5,AVAILABLE,UNAVAILABLE,UNAVAILABLE,130,5,ACTIVE,41,E_P3_NEW3-A3.NC,E_P3_NEW3-A3.NC,41429.939,211856.19,5768.6,3408.752,100,0.0,8,50,0,4,100,9750.0,4031.28,370.234,10.8885,0.000431542,0.320479,0,530.386799,984.17,109.178,9.01436,0.000135861,0.0923292,0,300.9939179,576.411,117.183,4.9189,0.000122384,0.0868504,6,-323.2175992,1297.95,459.343,2.82567,0.000238483,0.162014
130.448691,1,AUTO,ARMED,5,AVAILABLE,UNAVAILABLE,UNAVAILABLE,130,5,ACTIVE,41,E_P3_NEW3-A3.NC,E_P3_NEW3-A3.NC,41429.939,211856.19,5768.6,3408.752,100,0.0,8,50,0,4,100,9750.0,4031.28,370.234,10.8885,0.000431542,0.320479,0,530.386799,984.17,109.178,9.01436,0.000135861,0.0923292,0,300.9939108,576.411,117.183,4.9189,0.000122384,0.0868504,6,-323.2175992,1297.95,459.343,2.82567,0.000238483,0.162014
130.590987,1,AUTO,ARMED,5,AVAILABLE,UNAVAILABLE,UNAVAILABLE,130,5,ACTIVE,41,E_P3_NEW3-A3.NC,E_P3_NEW3-A3.NC,41429.939,211856.19,5768.6,3408.752,100,0.0,9,50,0,4,100,9750.0,4031.28,370.234,10.8885,0.000431542,0.320479,0,530.386799,984.17,109.178,9.01436,0.000135861,0.0923292,0,300.9939036,576.411,117.183,4.9189,0.000122384,0.0868504,6,-323.2176106,1297.95,459.343,2.82567,0.000238483,0.162014
130.734533,1,AUTO,ARMED,5,AVAILABLE,UNAVAILABLE,UNAVAILABLE,130,5,ACTIVE,41,E_P3_NEW3-A3.NC,E_P3_NEW3-A3.NC,41429.939,211856.19,5768.6,3408.752,100,0.0,9,50,0,4,100,9750.0,4031.28,370.234,10.8885,0.000431542,0.320479,0,530.386799,984.17,109.178,9.01436,0.000135861,0.0923292,0,300.9939036,576.411,117.183,4.9189,0.000122384,0.0868504,6,-323.2175992,1297.95,459.343,2.82567,0.000238483,0.162014
130.877524,1,AUTO,ARMED,5,AVAILABLE,UNAVAILABLE,UNAVAILABLE,130,5,ACTIVE,41,E_P3_NEW3-A3.NC,E_P3_NEW3-A3.NC,41429.939,211856.19,5768.6,3408.752,100,0.0,9,50,0,4,100,9750.0,4031.28,370.234,10.8885,0.000431542,0.320479,0,530.386799,984.17,109.178,9.01436,0.000135861,0.0923292,0,300.9939036,576.411,117.183,4.9189,0.000122384,0.0868504,6,-323.2176106,1297.95,459.343,2.82567,0.000238483,0.162014
131.020567,1,AUTO,ARMED,5,AVAILABLE,UNAVAILABLE,UNAVAILABLE,130,5,ACTIVE,41,E_P3_NEW3-A3.NC,E_P3_NEW3-A3.NC,41429.939,211856.19,5768.6,3408.752,100,0.0,9,50,0,4,100,9750.0,4031.28,370.234,10.8885,0.000431542,0.320479,0,530.386799,984.17,109.178,9.01436,0.000135861,0.0923292,0,300.9939036,576.411,117.183,4.9189,0.000122384,0.0868504,6,-323.2176106,1297.95,459.343,2.82567,0.000238483,0.162014
131.167795,1,AUTO,ARMED,5,AVAILABLE,UNAVAILABLE,UNAVAILABLE,131,5,ACTIVE,41,E_P3_NEW3-A3.NC,E_P3_NEW3-A3.NC,41429.939,211856.19,5768.6,6607.1147,100,27.51667,9,50,0,4,100,9750.0,4031.28,370.234,10.8885,0.000431542,0.320479,1,533.3963765,984.17,109.178,9.01436,0.000135861,0.0923292,0,300.9938965,576.411,117.183,4.9189,0.000122384,0.0868504,6,-323.2176106,1297.95,459.343,2.82567,0.000238483,0.162014
131.312579,1,AUTO,ARMED,5,AVAILABLE,UNAVAILABLE,UNAVAILABLE,131,5,ACTIVE,41,E_P3_NEW3-A3.NC,E_P3_NEW3-A3.NC,41429.939,211856.19,5768.6,6607.1147,100,27.51667,9,50,0,4,100,9750.0,109757.0,38486.7,2.85182,0.000881459,4.92989,0,539.0709908,32069.5,8436.56,3.80125,0.000274177,0.61603,0,300.9939108,6412.58,1533.47,4.18174,0.000161814,0.316786,6,-323.2175992,19541.4,3295.68,5.9294,0.000888228,1.18067
131.459999,1,AUTO,ARMED,5,AVAILABLE,UNAVAILABLE,UNAVAILABLE,131,5,ACTIVE,41,E_P3_NEW3-A3.NC,E_P3_NEW3-A3.NC,41429.939,211856.19,5768.6,6607.1147,100,27.51667,9,50,0,4,100,9750.0,109757.0,38486.7,2.85182,0.000881459,4.92989,0,544.7460413,32069.5,8436.56,3.80125,0.000274177,0.61603,0,300.9936747,6412.58,1533.47,4.18174,0.000161814,0.316786,6,-323.2176679,19541.4,3295.68,5.9294,0.000888228,1.18067
131.60488,1,AUTO,ARMED,5,AVAILABLE,UNAVAILABLE,UNAVAILABLE,131,5,ACTIVE,41,E_P3_NEW3-A3.NC,E_P3_NEW3-A3.NC,41429.939,211856.19,5768.6,6607.1147,100,27.51667,10,50,0,24,100,9750.0,109757.0,38486.7,2.85182,0.000881459,4.92989,1,548.9905294,32069.5,8436.56,3.80125,0.000274177,0.61603,0,300.9939108,6412.58,1533.47,4.18174,0.000161814,0.316786,6,-323.2176106,19541.4,3295.68,5.9294,0.000888228,1.18067
131.74939,1,AUTO,ARMED,5,AVAILABLE,UNAVAILABLE,UNAVAILABLE,131,5,ACTIVE,41,E_P3_NEW3-A3.NC,E_P3_NEW3-A3.NC,41429.939,211856.19,5768.6,6607.1147,100,27.51667,10,50,0,26,100,9750.0,109757.0,38486.7,2.85182,0.000881459,4.92989,1,551.8249613,32069.5,8436.56,3.80125,0.000274177,0.61603,0,300.993875,6412.58,1533.47,4.18174,0.000161814,0.316786,6,-323.2176106,19541.4,3295.68,5.9294,0.000888228,1.18067
131.893403,1,AUTO,ARMED,5,AVAILABLE,UNAVAILABLE,UNAVAILABLE,131,5,ACTIVE,41,E_P3_NEW3-A3.NC,E_P3_NEW3-A3.NC,41429.939,211856.19,5768.6,6607.1147,100,27.51667,10,50,0,26,100,9750.0,109757.0,38486.7,2.85182,0.000881459,4.92989,1,554.6658732,32069.5,8436.56,3.80125,0.000274177,0.61603,0,300.9938965,6412.58,1533.47,4.18174,0.000161814,0.316786,6,-323.2176221,19541.4,3295.68,5.9294,0.000888228,1.18067
132.03409,1,AUTO,ARMED,5,AVAILABLE,UNAVAILABLE,UNAVAILABLE,131,5,ACTIVE,41,E_P3_NEW3-A3.NC,E_P3_NEW3-A3.NC,41429.939,211856.19,5768.6,6607.1147,100,27.51667,10,50,0,25,100,9750.0,109757.0,38486.7,2.85182,0.000881459,4.92989,1,557.5002192,32069.5,8436.56,3.80125,0.000274177,0.61603,0,300.9939179,6412.58,1533.47,4.18174,0.000161814,0.316786,6,-323.2175992,19541.4,3295.68,5.9294,0.000888228,1.18067
132.182899,1,AUTO,ARMED,5,AVAILABLE,UNAVAILABLE,UNAVAILABLE,131,5,ACTIVE,41,E_P3_NEW3-A3.NC,E_P3_NEW3-A3.NC,41429.939,211856.19,5768.6,6952.4585,100,27.51667,10,50,0,22,100,9750.0,109757.0,38486.7,2.85182,0.000881459,4.92989,1,563.1687542,32069.5,8436.56,3.80125,0.000274177,0.61603,0,300.9939179,6412.58,1533.47,4.18174,0.000161814,0.316786,6,-323.2176793,19541.4,3295.68,5.9294,0.000888228,1.18067
132.32064,1,AUTO,ARMED,5,AVAILABLE,UNAVAILABLE,UNAVAILABLE,131,5,ACTIVE,41,E_P3_NEW3-A3.NC,E_P3_NEW3-A3.NC,41429.939,211856.19,5768.6,6952.4585,100,27.51667,10,50,0,20,100,9750.0,113932.0,37044.7,3.07553,0.000910978,4.94597,1,566.0027874,26740.6,6059.79,4.41279,0.000277503,0.55384,0,300.9938821,5115.65,1541.89,3.31778,0.000221547,0.308063,6,-323.217645,16104.2,3144.59,5.12124,0.000918675,1.08417
132.473726,1,AUTO,ARMED,5,AVAILABLE,UNAVAILABLE,UNAVAILABLE,131,5,ACTIVE,41,E_P3_NEW3-A3.NC,E_P3_NEW3-A3.NC,41429.939,211856.19,5768.6,6952.4585,100,27.51667,10,50,0,20,100,9750.0,113932.0,37044.7,3.07553,0.000910978,4.94597,1,571.678128,26740.6,6059.79,4.41279,0.000277503,0.55384,0,300.9939036,5115.65,1541.89,3.31778,0.000221547,0.308063,6,-323.2176793,16104.2,3144.59,5.12124,0.000918675,1.08417
132.614603,1,AUTO,ARMED,5,AVAILABLE,UNAVAILABLE,UNAVAILABLE,131,5,ACTIVE,41,E_P3_NEW3-A3.NC,E_P3_NEW3-A3.NC,41429.939,211856.19,5768.6,6952.4585,100,27.51667,11,50,0,20,100,9750.0,113932.0,37044.7,3.07553,0.000910978,4.94597,1,577.3395713,26740.6,6059.79,4.41279,0.000277503,0.55384,0,300.9938965,5115.65,1541.89,3.31778,0.000221547,0.308063,6,-323.2175878,16104.2,3144.59,5.12124,0.000918675,1.08417
132.77705,1,AUTO,ARMED,5,AVAILABLE,UNAVAILABLE,UNAVAILABLE,131,5,ACTIVE,41,E_P3_NEW3-A3.NC,E_P3_NEW3-A3.NC,41429.939,211856.19,5768.6,6952.4585,100,27.51667,11,50,0,20,100,9750.0,113932.0,37044.7,3.07553,0.000910978,4.94597,1,580.1740408,26740.6,6059.79,4.41279,0.000277503,0.55384,0,300.9938893,5115.65,1541.89,3.31778,0.000221547,0.308063,6,-323.2176335,16104.2,3144.59,5.12124,0.000918675,1.08417
132.919651,1,AUTO,ARMED,5,AVAILABLE,UNAVAILABLE,UNAVAILABLE,131,5,ACTIVE,41,E_P3_NEW3-A3.NC,E_P3_NEW3-A3.NC,41429.939,211856.19,5768.6,6952.4585,100,27.51667,11,50,0,20,100,9750.0,113932.0,37044.7,3.07553,0.000910978,4.94597,1,583.014919,26740.6,6059.79,4.41279,0.000277503,0.55384,0,300.9938893,5115.65,1541.89,3.31778,0.000221547,0.308063,6,-323.2175649,16104.2,3144.59,5.12124,0.000918675,1.08417
133.063411,1,AUTO,ARMED,5,AVAILABLE,UNAVAILABLE,UNAVAILABLE,131,5,ACTIVE,41,E_P3_NEW3-A3.NC,E_P3_NEW3-A3.NC,41429.939,211856.19,5768.6,6952.4585,100,27.51667,11,50,0,21,100,9750.0,113932.0,37044.7,3.07553,0.000910978,4.94597,1,588.6764843,26740.6,6059.79,4.41279,0.000277503,0.55384,0,300.9938893,5115.65,1541.89,3.31778,0.000221547,0.308063,6,-323.217542,16104.2,3144.59,5.12124,0.000918675,1.08417
133.215287,1,AUTO,ARMED,5,AVAILABLE,UNAVAILABLE,UNAVAILABLE,131,5,ACTIVE,41,E_P3_NEW3-A3.NC,E_P3_NEW3-A3.NC,41429.939,211856.19,5768.6,2717.7722,100,27.51667,11,50,0,21,100,9750.0,113932.0,37044.7,3.07553,0.000910978,4.94597,1,591.5177399,26740.6,6059.79,4.41279,0.000277503,0.55384,0,300.9939251,5115.65,1541.89,3.31778,0.000221547,0.308063,6,-323.2175305,16104.2,3144.59,5.12124,0.000918675,1.08417
133.360374,1,AUTO,ARMED,5,AVAILABLE,UNAVAILABLE,UNAVAILABLE,131,5,ACTIVE,41,E_P3_NEW3-A3.NC,E_P3_NEW3-A3.NC,41429.939,211856.19,5768.6,2717.7722,100,27.51667,11,50,0,22,100,9750.0,108797.0,359.335,302.773,0.000435186,0.308454,1,594.3516141,21027.6,219.71,95.7062,0.000147645,0.110367,0,300.9939036,4491.21,135.496,33.1464,0.000154678,0.0925373,6,-323.2176907,14325.5,382.044,37.497,0.000169802,0.135716
133.504064,1,AUTO,ARMED,5,AVAILABLE,UNAVAILABLE,UNAVAILABLE,131,5,ACTIVE,41,E_P3_NEW3-A3.NC,E_P3_NEW3-A3.NC,41429.939,211856.19,5768.6,2717.7722,100,27.51667,12,50,0,13,100,9750.0,108797.0,359.335,302.773,0.000435186,0.308454,1,601.4375657,21027.6,219.71,95.7062,0.000147645,0.110367,0,300.9941468,4491.21,135.496,33.1464,0.000154678,0.0925373,6,-323.2175763,14325.5,382.044,37.497,0.000169802,0.135716
133.65333,1,AUTO,ARMED,5,AVAILABLE,UNAVAILABLE,UNAVAILABLE,131,5,ACTIVE,41,E_P3_NEW3-A3.NC,E_P3_NEW3-A3.NC,41429.939,211856.19,5768.6,2717.7722,100,27.51667,12,50,0,4,100,9750.0,108797.0,359.335,302.773,0.000435186,0.308454,0,604.2715901,21027.6,219.71,95.7062,0.000147645,0.110367,0,300.9939751,4491.21,135.496,33.1464,0.000154678,0.0925373,6,-323.2175763,14325.5,382.044,37.497,0.000169802,0.135716
133.795673,1,AUTO,ARMED,5,AVAILABLE,UNAVAILABLE,UNAVAILABLE,131,5,ACTIVE,41,E_P3_NEW3-A3.NC,E_P3_NEW3-A3.NC,41429.939,211856.19,5768.6,2717.7722,100,27.51667,12,50,0,0,100,9750.0,108797.0,359.335,302.773,0.000435186,0.308454,0,607.0991273,21027.6,219.71,95.7062,0.000147645,0.110367,0,300.9939179,4491.21,135.496,33.1464,0.000154678,0.0925373,6,-323.2175763,14325.5,382.044,37.497,0.000169802,0.135716
133.94559,1,AUTO,ARMED,5,AVAILABLE,UNAVAILABLE,UNAVAILABLE,131,5,ACTIVE,41,E_P3_NEW3-A3.NC,E_P3_NEW3-A3.NC,41429.939,211856.19,5768.6,2717.7722,100,27.51667,12,50,0,0,100,9750.0,108797.0,359.335,302.773,0.000435186,0.308454,0,609.9469547,21027.6,219.71,95.7062,0.000147645,0.110367,0,300.9939036,4491.21,135.496,33.1464,0.000154678,0.0925373,6,-323.2175992,14325.5,382.044,37.497,0.000169802,0.135716
134.086076,1,AUTO,ARMED,5,AVAILABLE,UNAVAILABLE,UNAVAILABLE,131,5,ACTIVE,41,E_P3_NEW3-A3.NC,E_P3_NEW3-A3.NC,41429.939,211856.19,5768.6,2717.7722,100,20.2,12,50,0,0,100,9750.0,108797.0,359.335,302.773,0.000435186,0.308454,0,611.6627669,21027.6,219.71,95.7062,0.000147645,0.110367,0,300.9938965,4491.21,135.496,33.1464,0.000154678,0.0925373,6,-323.2175992,14325.5,382.044,37.497,0.000169802,0.135716
134.230398,1,AUTO,ARMED,5,AVAILABLE,UNAVAILABLE,UNAVAILABLE,132,5,ACTIVE,41,E_P3_NEW3-A3.NC,E_P3_NEW3-A3.NC,41429.939,211856.19,5768.6,3447.5322,100,0.0,12,50,0,4,100,9750.0,4079.28,377.049,10.819,0.0003971,0.321869,0,611.6668867,1680.29,94.8638,17.7127,0.000147632,0.0862651,0,300.9939036,624.445,136.848,4.56306,0.000149519,0.0881645,6,-323.2175992,1297.95,406.364,3.19406,0.000152453,0.138644
134.372626,1,AUTO,ARMED,5,AVAILABLE,UNAVAILABLE,UNAVAILABLE,132,5,ACTIVE,41,E_P3_NEW3-A3.NC,E_P3_NEW3-A3.NC,41429.939,211856.19,5768.6,3447.5322,100,0.0,12,50,0,5,100,9750.0,4079.28,377.049,10.819,0.0003971,0.321869,0,611.6668795,1680.29,94.8638,17.7127,0.000147632,0.0862651,0,300.9939036,624.445,136.848,4.56306,0.000149519,0.0881645,6,-323.2175992,1297.95,406.364,3.19406,0.000152453,0.138644
134.533989,1,AUTO,ARMED,5,AVAILABLE,UNAVAILABLE,UNAVAILABLE,132,5,ACTIVE,41,E_P3_NEW3-A3.NC,E_P3_NEW3-A3.NC,41429.939,211856.19,5768.6,3447.5322,100,0.0,13,50,0,5,100,9750.0,4079.28,377.049,10.819,0.0003971,0.321869,0,611.6668295,1680.29,94.8638,17.7127,0.000147632,0.0862651,0,300.9938965,624.445,136.848,4.56306,0.000149519,0.0881645,6,-323.2175992,1297.95,406.364,3.19406,0.000152453,0.138644
134.680155,1,AUTO,ARMED,5,AVAILABLE,UNAVAILABLE,UNAVAILABLE,132,5,ACTIVE,41,E_P3_NEW3-A3.NC,E_P3_NEW3-A3.NC,41429.939,211856.19,5768.6,3447.5322,100,0.0,13,50,0,5,100,9750.0,4079.28,377.049,10.819,0.0003971,0.321869,0,611.6668223,1680.29,94.8638,17.7127,0.000147632,0.0862651,0,300.9939036,624.445,136.848,4.56306,0.000149519,0.0881645,6,-323.2176106,1297.95,406.364,3.19406,0.000152453,0.138644
134.831366,1,AUTO,ARMED,5,AVAILABLE,UNAVAILABLE,UNAVAILABLE,132,5,ACTIVE,41,E_P3_NEW3-A3.NC,E_P3_NEW3-A3.NC,41429.939,211856.19,5768.6,3447.5322,100,0.0,13,50,0,4,100,9750.0,4079.28,377.049,10.819,0.0003971,0.321869,0,611.666808,1680.29,94.8638,17.7127,0.000147632,0.0862651,0,300.9938965,624.445,136.848,4.56306,0.000149519,0.0881645,6,-323.2175992,1297.95,406.364,3.19406,0.000152453,0.138644
135.078657,1,AUTO,ARMED,5,AVAILABLE,UNAVAILABLE,UNAVAILABLE,134,5,ACTIVE,41,E_P3_NEW3-A3.NC,E_P3_NEW3-A3.NC,41429.939,211856.19,5768.6,3447.5322,100,0.0,13,50,0,4,100,9750.0,4079.28,377.049,10.819,0.0003971,0.321869,0,611.5842863,1680.29,94.8638,17.7127,0.000147632,0.0862651,1,301.6298094,624.445,136.848,4.56306,0.000149519,0.0881645,6,-323.2175992,1297.95,406.364,3.19406,0.000152453,0.138644
135.274065,1,AUTO,ARMED,5,AVAILABLE,UNAVAILABLE,UNAVAILABLE,134,5,ACTIVE,41,E_P3_NEW3-A3.NC,E_P3_NEW3-A3.NC,41429.939,211856.19,5768.6,7218.3276,100,0.0,13,50,0,4,100,9750.0,17037.0,5344.47,3.18778,0.000465226,0.898521,0,609.2867746,12122.1,2220.93,5.45812,0.000249265,0.370843,1,301.6285506,5379.84,1753.57,3.06794,0.000128225,0.291646,6,-323.2175992,7835.78,2244.12,3.49169,0.000279339,0.608147
135.433377,1,AUTO,ARMED,5,AVAILABLE,UNAVAILABLE,UNAVAILABLE,134,5,ACTIVE,41,E_P3_NEW3-A3.NC,E_P3_NEW3-A3.NC,41429.939,211856.19,5768.6,7218.3276,100,27.51667,13,50,0,5,100,9750.0,17037.0,5344.47,3.18778,0.000465226,0.898521,0,602.2033764,12122.1,2220.93,5.45812,0.000249265,0.370843,0,301.6289154,5379.84,1753.57,3.06794,0.000128225,0.291646,6,-323.2175992,7835.78,2244.12,3.49169,0.000279339,0.608147
135.576676,1,AUTO,ARMED,5,AVAILABLE,UNAVAILABLE,UNAVAILABLE,134,5,ACTIVE,41,E_P3_NEW3-A3.NC,E_P3_NEW3-A3.NC,41429.939,211856.19,5768.6,7218.3276,100,27.51667,14,50,0,6,100,9750.0,17037.0,5344.47,3.18778,0.000465226,0.898521,0,599.3615985,12122.1,2220.93,5.45812,0.000249265,0.370843,0,301.6283289,5379.84,1753.57,3.06794,0.000128225,0.291646,6,-323.2176335,7835.78,2244.12,3.49169,0.000279339,0.608147
135.724481,1,AUTO,ARMED,5,AVAILABLE,UNAVAILABLE,UNAVAILABLE,134,5,ACTIVE,41,E_P3_NEW3-A3.NC,E_P3_NEW3-A3.NC,41429.939,211856.19,5768.6,7218.3276,100,27.51667,14,50,0,15,100,9750.0,17037.0,5344.47,3.18778,0.000465226,0.898521,0,596.5279961,12122.1,2220.93,5.45812,0.000249265,0.370843,0,301.6287723,5379.84,1753.57,3.06794,0.000128225,0.291646,6,-323.2176335,7835.78,2244.12,3.49169,0.000279339,0.608147
135.892414,1,AUTO,ARMED,5,AVAILABLE,UNAVAILABLE,UNAVAILABLE,134,5,ACTIVE,41,E_P3_NEW3-A3.NC,E_P3_NEW3-A3.NC,41429.939,211856.19,5768.6,7218.3276,100,27.51667,14,50,0,23,100,9750.0,17037.0,5344.47,3.18778,0.000465226,0.898521,0,590.8664775,12122.1,2220.93,5.45812,0.000249265,0.370843,0,301.6288939,5379.84,1753.57,3.06794,0.000128225,0.291646,6,-323.2175992,7835.78,2244.12,3.49169,0.000279339,0.608147
136.082908,1,AUTO,ARMED,5,AVAILABLE,UNAVAILABLE,UNAVAILABLE,134,5,ACTIVE,41,E_P3_NEW3-A3.NC,E_P3_NEW3-A3.NC,41429.939,211856.19,5768.6,7218.3276,100,27.51667,14,50,0,22,100,9750.0,17037.0,5344.47,3.18778,0.000465226,0.898521,0,585.191276,12122.1,2220.93,5.45812,0.000249265,0.370843,0,301.6289154,5379.84,1753.57,3.06794,0.000128225,0.291646,6,-323.2175763,7835.78,2244.12,3.49169,0.000279339,0.608147
136.316086,1,AUTO,ARMED,5,AVAILABLE,UNAVAILABLE,UNAVAILABLE,134,5,ACTIVE,41,E_P3_NEW3-A3.NC,E_P3_NEW3-A3.NC,41429.939,211856.19,5768.6,7218.3276,100,27.51667,14,50,0,20,100,9750.0,17037.0,5344.47,3.18778,0.000465226,0.898521,0,579.5226792,12122.1,2220.93,5.45812,0.000249265,0.370843,0,301.6288868,5379.84,1753.57,3.06794,0.000128225,0.291646,6,-323.2176221,7835.78,2244.12,3.49169,0.000279339,0.608147
136.476615,1,AUTO,ARMED,5,AVAILABLE,UNAVAILABLE,UNAVAILABLE,134,5,ACTIVE,41,E_P3_NEW3-A3.NC,E_P3_NEW3-A3.NC,41429.939,211856.19,5768.6,6487.1426,100,27.51667,14,50,0,17,100,9750.0,18308.8,6947.46,2.63532,0.000455551,1.07992,0,579.5226792,13994.4,2961.63,4.72524,0.000193754,0.36254,0,301.6288868,5499.93,1783.35,3.08404,0.000185103,0.291691,6,-323.2176221,7883.85,2181.83,3.61341,0.000315767,0.608407
136.618892,1,AUTO,ARMED,5,AVAILABLE,UNAVAILABLE,UNAVAILABLE,134,5,ACTIVE,41,E_P3_NEW3-A3.NC,E_P3_NEW3-A3.NC,41429.939,211856.19,5768.6,6487.1426,100,27.51667,15,50,0,17,100,9750.0,18308.8,6947.46,2.63532,0.000455551,1.07992,0,568.1790831,13994.4,2961.63,4.72524,0.000193754,0.36254,0,301.6289011,5499.93,1783.35,3.08404,0.000185103,0.291691,6,-323.2176106,7883.85,2181.83,3.61341,0.000315767,0.608407
136.767959,1,AUTO,ARMED,5,AVAILABLE,UNAVAILABLE,UNAVAILABLE,134,5,ACTIVE,41,E_P3_NEW3-A3.NC,E_P3_NEW3-A3.NC,41429.939,211856.19,5768.6,6487.1426,100,27.51667,15,50,0,18,100,9750.0,18308.8,6947.46,2.63532,0.000455551,1.07992,0,565.3517583,13994.4,2961.63,4.72524,0.000193754,0.36254,0,301.6289225,5499.93,1783.35,3.08404,0.000185103,0.291691,6,-323.2176106,7883.85,2181.83,3.61341,0.000315767,0.608407
136.908924,1,AUTO,ARMED,5,AVAILABLE,UNAVAILABLE,UNAVAILABLE,134,5,ACTIVE,41,E_P3_NEW3-A3.NC,E_P3_NEW3-A3.NC,41429.939,211856.19,5768.6,6487.1426,100,27.51667,15,50,0,18,100,9750.0,18308.8,6947.46,2.63532,0.000455551,1.07992,0,562.5174239,13994.4,2961.63,4.72524,0.000193754,0.36254,0,301.6289082,5499.93,1783.35,3.08404,0.000185103,0.291691,6,-323.2175763,7883.85,2181.83,3.61341,0.000315767,0.608407
137.060431,1,AUTO,ARMED,5,AVAILABLE,UNAVAILABLE,UNAVAILABLE,134,5,ACTIVE,41,E_P3_NEW3-A3.NC,E_P3_NEW3-A3.NC,41429.939,211856.19,5768.6,6487.1426,100,27.51667,15,50,0,18,100,9750.0,18308.8,6947.46,2.63532,0.000455551,1.07992,0,556.8490638,13994.4,2961.63,4.72524,0.000193754,0.36254,0,301.6288939,5499.93,1783.35,3.08404,0.000185103,0.291691,6,-323.2176106,7883.85,2181.83,3.61341,0.000315767,0.608407
137.225867,1,AUTO,ARMED,5,AVAILABLE,UNAVAILABLE,UNAVAILABLE,134,5,ACTIVE,41,E_P3_NEW3-A3.NC,E_P3_NEW3-A3.NC,41429.939,211856.19,5768.6,6487.1426,100,27.51667,15,50,0,18,100,9750.0,18308.8,6947.46,2.63532,0.000455551,1.07992,0,554.0146757,13994.4,2961.63,4.72524,0.000193754,0.36254,0,301.6289225,5499.93,1783.35,3.08404,0.000185103,0.291691,6,-323.2175649,7883.85,2181.83,3.61341,0.000315767,0.608407
137.379635,1,AUTO,ARMED,5,AVAILABLE,UNAVAILABLE,UNAVAILABLE,134,5,ACTIVE,41,E_P3_NEW3-A3.NC,E_P3_NEW3-A3.NC,41429.939,211856.19,5768.6,6487.1426,100,27.51667,15,50,0,18,100,9750.0,18308.8,6947.46,2.63532,0.000455551,1.07992,0,549.7566134,13994.4,2961.63,4.72524,0.000193754,0.36254,0,301.6289082,5499.93,1783.35,3.08404,0.000185103,0.291691,6,-323.2175649,7883.85,2181.83,3.61341,0.000315767,0.608407
137.524482,1,AUTO,ARMED,5,AVAILABLE,UNAVAILABLE,UNAVAILABLE,134,5,ACTIVE,41,E_P3_NEW3-A3.NC,E_P3_NEW3-A3.NC,41429.939,211856.19,5768.6,2992.9514,100,27.51667,15,50,0,17,100,9750.0,19100.6,371.388,51.4303,0.000401327,0.310932,0,546.9294636,14594.5,132.402,110.229,0.000132825,0.0962754,0,301.6289297,4995.57,110.618,45.1606,0.000111121,0.0827951,6,-323.2176335,7595.42,335.816,22.6178,0.000106184,0.114839
137.674637,1,AUTO,ARMED,5,AVAILABLE,UNAVAILABLE,UNAVAILABLE,134,5,ACTIVE,41,E_P3_NEW3-A3.NC,E_P3_NEW3-A3.NC,41429.939,211856.19,5768.6,2992.9514,100,27.51667,16,50,0,18,100,9750.0,19100.6,371.388,51.4303,0.000401327,0.310932,0,544.0957478,14594.5,132.402,110.229,0.000132825,0.0962754,0,301.6295162,4995.57,110.618,45.1606,0.000111121,0.0827951,6,-323.2175763,7595.42,335.816,22.6178,0.000106184,0.114839
137.817851,1,AUTO,ARMED,5,AVAILABLE,UNAVAILABLE,UNAVAILABLE,134,5,ACTIVE,41,E_P3_NEW3-A3.NC,E_P3_NEW3-A3.NC,41429.939,211856.19,5768.6,2992.9514,100,27.51667,16,50,0,1,100,9750.0,19100.6,371.388,51.4303,0.000401327,0.310932,0,535.5925119,14594.5,132.402,110.229,0.000132825,0.0962754,0,301.6289225,4995.57,110.618,45.1606,0.000111121,0.0827951,6,-323.2175878,7595.42,335.816,22.6178,0.000106184,0.114839
137.960441,1,AUTO,ARMED,5,AVAILABLE,UNAVAILABLE,UNAVAILABLE,134,5,ACTIVE,41,E_P3_NEW3-A3.NC,E_P3_NEW3-A3.NC,41429.939,211856.19,5768.6,2992.9514,100,27.51667,16,50,0,0,100,9750.0,19100.6,371.388,51.4303,0.000401327,0.310932,0,532.7513221,14594.5,132.402,110.229,0.000132825,0.0962754,0,301.6289011,4995.57,110.618,45.1606,0.000111121,0.0827951,6,-323.2175992,7595.42,335.816,22.6178,0.000106184,0.114839
138.108068,1,AUTO,ARMED,5,AVAILABLE,UNAVAILABLE,UNAVAILABLE,134,5,ACTIVE,41,E_P3_NEW3-A3.NC,E_P3_NEW3-A3.NC,41429.939,211856.19,5768.6,2992.9514,100,24.28333,16,50,0,0,100,9750.0,19100.6,371.388,51.4303,0.000401327,0.310932,0,530.4418169,14594.5,132.402,110.229,0.000132825,0.0962754,0,301.6289011,4995.57,110.618,45.1606,0.000111121,0.0827951,6,-323.2175878,7595.42,335.816,22.6178,0.000106184,0.114839
138.263331,1,AUTO,ARMED,5,AVAILABLE,UNAVAILABLE,UNAVAILABLE,135,5,ACTIVE,41,E_P3_NEW3-A3.NC,E_P3_NEW3-A3.NC,41429.939,211856.19,5768.6,2992.9514,100,15.11667,16,50,0,3,100,9750.0,19100.6,371.388,51.4303,0.000401327,0.310932,0,530.3875358,14594.5,132.402,110.229,0.000132825,0.0962754,0,301.6288939,4995.57,110.618,45.1606,0.000111121,0.0827951,6,-323.2175992,7595.42,335.816,22.6178,0.000106184,0.114839
138.431146,1,AUTO,ARMED,5,AVAILABLE,UNAVAILABLE,UNAVAILABLE,135,5,ACTIVE,41,E_P3_NEW3-A3.NC,E_P3_NEW3-A3.NC,41429.939,211856.19,5768.6,2992.9514,100,0.0,16,50,0,5,100,9750.0,19100.6,371.388,51.4303,0.000401327,0.310932,0,530.3866989,14594.5,132.402,110.229,0.000132825,0.0962754,0,301.6289011,4995.57,110.618,45.1606,0.000111121,0.0827951,6,-323.2175992,7595.42,335.816,22.6178,0.000106184,0.114839
138.573067,1,AUTO,ARMED,5,AVAILABLE,UNAVAILABLE,UNAVAILABLE,135,5,ACTIVE,41,E_P3_NEW3-A3.NC,E_P3_NEW3-A3.NC,41429.939,211856.19,5768.6,2992.9514,100,0.0,17,50,0,5,100,9750.0,19100.6,371.388,51.4303,0.000401327,0.310932,0,530.3867418,14594.5,132.402,110.229,0.000132825,0.0962754,0,301.6289082,4995.57,110.618,45.1606,0.000111121,0.0827951,6,-323.2175878,7595.42,335.816,22.6178,0.000106184,0.114839
138.713937,1,AUTO,ARMED,5,AVAILABLE,UNAVAILABLE,UNAVAILABLE,135,5,ACTIVE,41,E_P3_NEW3-A3.NC,E_P3_NEW3-A3.NC,41429.939,211856.19,5768.6,3417.6841,100,0.0,17,50,0,5,100,9750.0,4295.24,365.018,11.7672,0.000474446,0.322251,0,530.3867561,1176.2,109.467,10.7448,0.000193422,0.0981072,0,301.6289011,864.617,111.407,7.76089,0.000125861,0.0854628,6,-323.2176106,1394.09,373.722,3.73029,9.10791e-05,0.123123
138.855743,1,AUTO,ARMED,5,AVAILABLE,UNAVAILABLE,UNAVAILABLE,135,5,ACTIVE,41,E_P3_NEW3-A3.NC,E_P3_NEW3-A3.NC,41429.939,211856.19,5768.6,3417.6841,100,0.0,17,50,0,4,100,9750.0,4295.24,365.018,11.7672,0.000474446,0.322251,0,530.3867704,1176.2,109.467,10.7448,0.000193422,0.0981072,0,301.6289011,864.617,111.407,7.76089,0.000125861,0.0854628,6,-323.2175878,1394.09,373.722,3.73029,9.10791e-05,0.123123
138.99842,1,AUTO,ARMED,5,AVAILABLE,UNAVAILABLE,UNAVAILABLE,135,5,ACTIVE,41,E_P3_NEW3-A3.NC,E_P3_NEW3-A3.NC,41429.939,211856.19,5768.6,3417.6841,100,0.0,17,50,0,4,100,9750.0,4295.24,365.018,11.7672,0.000474446,0.322251,0,530.3867847,1176.2,109.467,10.7448,0.000193422,0.0981072,0,301.6289082,864.617,111.407,7.76089,0.000125861,0.0854628,6,-323.2175992,1394.09,373.722,3.73029,9.10791e-05,0.123123
139.139639,1,AUTO,ARMED,5,AVAILABLE,UNAVAILABLE,UNAVAILABLE,135,5,ACTIVE,41,E_P3_NEW3-A3.NC,E_P3_NEW3-A3.NC,41429.939,211856.19,5768.6,3417.6841,100,0.0,17,50,0,4,100,9750.0,4295.24,365.018,11.7672,0.000474446,0.322251,0,530.3867847,1176.2,109.467,10.7448,0.000193422,0.0981072,0,301.6288939,864.617,111.407,7.76089,0.000125861,0.0854628,6,-323.2175992,1394.09,373.722,3.73029,9.10791e-05,0.123123
139.282526,1,AUTO,ARMED,5,AVAILABLE,UNAVAILABLE,UNAVAILABLE,138,5,ACTIVE,41,E_P3_NEW3-A3.NC,E_P3_NEW3-A3.NC,41429.939,211856.19,5768.6,3417.6841,100,0.0,17,50,0,4,100,9750.0,4295.24,365.018,11.7672,0.000474446,0.322251,0,530.3867919,1176.2,109.467,10.7448,0.000193422,0.0981072,0,302.2114065,864.617,111.407,7.76089,0.000125861,0.0854628,6,-323.2175992,1394.09,373.722,3.73029,9.10791e-05,0.123123
139.429323,1,AUTO,ARMED,5,AVAILABLE,UNAVAILABLE,UNAVAILABLE,139,5,ACTIVE,41,E_P3_NEW3-A3.NC,E_P3_NEW3-A3.NC,41429.939,211856.19,5768.6,3417.6841,100,0.0,17,50,0,4,100,9750.0,4295.24,365.018,11.7672,0.000474446,0.322251,0,530.386799,1176.2,109.467,10.7448,0.000193422,0.0981072,0,302.2634694,864.617,111.407,7.76089,0.000125861,0.0854628,6,-323.2175992,1394.09,373.722,3.73029,9.10791e-05,0.123123
139.581381,1,AUTO,ARMED,5,AVAILABLE,UNAVAILABLE,UNAVAILABLE,139,5,ACTIVE,41,E_P3_NEW3-A3.NC,E_P3_NEW3-A3.NC,41429.939,211856.19,5768.6,3417.6841,100,0.0,18,50,0,4,100,9750.0,4295.24,365.018,11.7672,0.000474446,0.322251,0,530.386799,1176.2,109.467,10.7448,0.000193422,0.0981072,0,302.2639057,864.617,111.407,7.76089,0.000125861,0.0854628,6,-323.2175878,1394.09,373.722,3.73029,9.10791e-05,0.123123
139.731814,1,AUTO,ARMED,5,AVAILABLE,UNAVAILABLE,UNAVAILABLE,139,5,ACTIVE,41,E_P3_NEW3-A3.NC,E_P3_NEW3-A3.NC,41429.939,211856.19,5768.6,3438.4634,100,0.0,18,50,0,5,100,9750.0,4079.28,372.123,10.9622,0.000388162,0.32342,0,530.386799,1104.19,289.198,3.81811,0.000261962,0.187614,0,302.2639128,600.429,115.079,5.21754,0.000115876,0.0853658,6,-323.2175992,1418.13,460.648,3.07855,0.000142235,0.156494
139.870629,1,AUTO,ARMED,5,AVAILABLE,UNAVAILABLE,UNAVAILABLE,139,5,ACTIVE,41,E_P3_NEW3-A3.NC,E_P3_NEW3-A3.NC,41429.939,211856.19,5768.6,3438.4634,100,0.0,18,50,0,4,100,9750.0,4079.28,372.123,10.9622,0.000388162,0.32342,0,530.386799,1104.19,289.198,3.81811,0.000261962,0.187614,0,302.2639128,600.429,115.079,5.21754,0.000115876,0.0853658,6,-323.2175992,1418.13,460.648,3.07855,0.000142235,0.156494
140.021898,1,AUTO,ARMED,5,AVAILABLE,UNAVAILABLE,UNAVAILABLE,139,5,ACTIVE,41,E_P3_NEW3-A3.NC,E_P3_NEW3-A3.NC,41429.939,211856.19,5768.6,3438.4634,100,0.0,18,50,0,4,100,9750.0,4079.28,372.123,10.9622,0.000388162,0.32342,0,530.386799,1104.19,289.198,3.81811,0.000261962,0.187614,0,302.2638985,600.429,115.079,5.21754,0.000115876,0.0853658,6,-323.2175992,1418.13,460.648,3.07855,0.000142235,0.156494
140.159225,1,AUTO,ARMED,5,AVAILABLE,UNAVAILABLE,UNAVAILABLE,139,5,ACTIVE,41,E_P3_NEW3-A3.NC,E_P3_NEW3-A3.NC,41429.939,211856.19,5768.6,3438.4634,100,0.0,18,50,0,4,100,9750.0,4079.28,372.123,10.9622,0.000388162,0.32342,0,530.3867919,1104.19,289.198,3.81811,0.000261962,0.187614,0,302.2638985,600.429,115.079,5.21754,0.000115876,0.0853658,6,-323.2175992,1418.13,460.648,3.07855,0.000142235,0.156494
140.299806,1,AUTO,ARMED,5,AVAILABLE,UNAVAILABLE,UNAVAILABLE,139,5,ACTIVE,41,E_P3_NEW3-A3.NC,E_P3_NEW3-A3.NC,41429.939,211856.19,5768.6,3438.4634,100,0.0,18,50,0,4,100,9750.0,4079.28,372.123,10.9622,0.000388162,0.32342,0,530.386799,1104.19,289.198,3.81811,0.000261962,0.187614,0,302.2639057,600.429,115.079,5.21754,0.000115876,0.0853658,6,-323.2175878,1418.13,460.648,3.07855,0.000142235,0.156494
140.447945,1,AUTO,ARMED,5,AVAILABLE,UNAVAILABLE,UNAVAILABLE,140,5,ACTIVE,41,E_P3_NEW3-A3.NC,E_P3_NEW3-A3.NC,41429.939,211856.19,5768.6,3438.4634,100,0.0,18,50,0,4,100,9750.0,4079.28,372.123,10.9622,0.000388162,0.32342,0,536.9021593,1104.19,289.198,3.81811,0.000261962,0.187614,0,302.2638985,600.429,115.079,5.21754,0.000115876,0.0853658,6,-323.2175992,1418.13,460.648,3.07855,0.000142235,0.156494
140.595451,1,AUTO,ARMED,5,AVAILABLE,UNAVAILABLE,UNAVAILABLE,140,5,ACTIVE,41,E_P3_NEW3-A3.NC,E_P3_NEW3-A3.NC,41429.939,211856.19,5768.6,3438.4634,100,0.0,18,50,0,4,100,9750.0,4079.28,372.123,10.9622,0.000388162,0.32342,0,536.9021593,1104.19,289.198,3.81811,0.000261962,0.187614,0,302.2638985,600.429,115.079,5.21754,0.000115876,0.0853658,6,-323.2175992,1418.13,460.648,3.07855,0.000142235,0.156494
140.745279,1,AUTO,ARMED,5,AVAILABLE,UNAVAILABLE,UNAVAILABLE,140,5,ACTIVE,41,E_P3_NEW3-A3.NC,E_P3_NEW3-A3.NC,41429.939,211856.19,5768.6,3438.4634,100,31.75,19,50,0,12,100,9750.0,122810.0,41399.7,2.96645,0.00100941,5.48204,1,546.7211344,42919.4,9854.14,4.35547,0.000319366,0.830237,0,302.2637984,6844.89,1762.2,3.88429,0.000178273,0.401053,6,-323.2176106,26992.6,3094.3,8.72333,0.00050995,0.756347
140.897469,1,AUTO,ARMED,5,AVAILABLE,UNAVAILABLE,UNAVAILABLE,140,5,ACTIVE,41,E_P3_NEW3-A3.NC,E_P3_NEW3-A3.NC,41429.939,211856.19,5768.6,8252.0469,100,31.75,19,50,0,22,100,9750.0,122810.0,41399.7,2.96645,0.00100941,5.48204,1,549.9911507,42919.4,9854.14,4.35547,0.000319366,0.830237,0,302.2638985,6844.89,1762.2,3.88429,0.000178273,0.401053,6,-323.2177022,26992.6,3094.3,8.72333,0.00050995,0.756347
141.057413,1,AUTO,ARMED,5,AVAILABLE,UNAVAILABLE,UNAVAILABLE,140,5,ACTIVE,41,E_P3_NEW3-A3.NC,E_P3_NEW3-A3.NC,41429.939,211856.19,5768.6,8252.0469,100,31.75,19,50,0,27,100,9750.0,122810.0,41399.7,2.96645,0.00100941,5.48204,1,553.2535424,42919.4,9854.14,4.35547,0.000319366,0.830237,0,302.2638771,6844.89,1762.2,3.88429,0.000178273,0.401053,6,-323.2176106,26992.6,3094.3,8.72333,0.00050995,0.756347
141.197858,1,AUTO,ARMED,5,AVAILABLE,UNAVAILABLE,UNAVAILABLE,140,5,ACTIVE,41,E_P3_NEW3-A3.NC,E_P3_NEW3-A3.NC,41429.939,211856.19,5768.6,8252.0469,100,31.75,19,50,0,29,100,9750.0,122810.0,41399.7,2.96645,0.00100941,5.48204,1,559.80183,42919.4,9854.14,4.35547,0.000319366,0.830237,0,302.2639128,6844.89,1762.2,3.88429,0.000178273,0.401053,6,-323.2175763,26992.6,3094.3,8.72333,0.00050995,0.756347
141.341261,1,AUTO,ARMED,5,AVAILABLE,UNAVAILABLE,UNAVAILABLE,140,5,ACTIVE,41,E_P3_NEW3-A3.NC,E_P3_NEW3-A3.NC,41429.939,211856.19,5768.6,8252.0469,100,31.75,19,50,0,29,100,9750.0,122810.0,41399.7,2.96645,0.00100941,5.48204,1,561.4291055,42919.4,9854.14,4.35547,0.000319366,0.830237,0,302.2639057,6844.89,1762.2,3.88429,0.000178273,0.401053,6,-323.2175649,26992.6,3094.3,8.72333,0.00050995,0.756347
141.483659,1,AUTO,ARMED,5,AVAILABLE,UNAVAILABLE,UNAVAILABLE,140,5,ACTIVE,41,E_P3_NEW3-A3.NC,E_P3_NEW3-A3.NC,41429.939,211856.19,5768.6,8252.0469,100,31.75,19,50,0,26,100,9750.0,122810.0,41399.7,2.96645,0.00100941,5.48204,1,564.6993348,42919.4,9854.14,4.35547,0.000319366,0.830237,0,302.2639272,6844.89,1762.2,3.88429,0.000178273,0.401053,6,-323.2176106,26992.6,3094.3,8.72333,0.00050995,0.756347
141.638096,1,AUTO,ARMED,5,AVAILABLE,UNAVAILABLE,UNAVAILABLE,140,5,ACTIVE,41,E_P3_NEW3-A3.NC,E_P3_NEW3-A3.NC,41429.939,211856.19,5768.6,8252.0469,100,31.75,20,50,0,24,100,9750.0,122810.0,41399.7,2.96645,0.00100941,5.48204,1,567.9776393,42919.4,9854.14,4.35547,0.000319366,0.830237,0,302.2639128,6844.89,1762.2,3.88429,0.000178273,0.401053,6,-323.2174848,26992.6,3094.3,8.72333,0.00050995,0.756347
141.785151,1,AUTO,ARMED,5,AVAILABLE,UNAVAILABLE,UNAVAILABLE,140,5,ACTIVE,41,E_P3_NEW3-A3.NC,E_P3_NEW3-A3.NC,41429.939,211856.19,5768.6,8252.0469,100,31.75,20,50,0,21,100,9750.0,125642.0,37051.5,3.39101,0.000984426,5.25082,1,577.7882771,30317.2,914.308,33.1586,0.000256717,0.21778,0,302.2639128,7157.11,348.876,20.5148,0.000149396,0.102589,6,-323.2175191,17354.1,3029.38,5.7286,0.000915299,1.02009
141.938945,1,AUTO,ARMED,5,AVAILABLE,UNAVAILABLE,UNAVAILABLE,140,5,ACTIVE,41,E_P3_NEW3-A3.NC,E_P3_NEW3-A3.NC,41429.939,211856.19,5768.6,7024.7109,100,31.75,20,50,0,22,100,9750.0,125642.0,37051.5,3.39101,0.000984426,5.25082,1,584.3208603,30317.2,914.308,33.1586,0.000256717,0.21778,0,302.2639128,7157.11,348.876,20.5148,0.000149396,0.102589,6,-323.2176564,17354.1,3029.38,5.7286,0.000915299,1.02009
142.096562,1,AUTO,ARMED,5,AVAILABLE,UNAVAILABLE,UNAVAILABLE,140,5,ACTIVE,41,E_P3_NEW3-A3.NC,E_P3_NEW3-A3.NC,41429.939,211856.19,5768.6,7024.7109,100,31.75,20,50,0,21,100,9750.0,125642.0,37051.5,3.39101,0.000984426,5.25082,1,587.5910937,30317.2,914.308,33.1586,0.000256717,0.21778,0,302.2639343,7157.11,348.876,20.5148,0.000149396,0.102589,6,-323.2174504,17354.1,3029.38,5.7286,0.000915299,1.02009
142.233626,1,AUTO,ARMED,5,AVAILABLE,UNAVAILABLE,UNAVAILABLE,140,5,ACTIVE,41,E_P3_NEW3-A3.NC,E_P3_NEW3-A3.NC,41429.939,211856.19,5768.6,7024.7109,100,31.75,20,50,0,22,100,9750.0,125642.0,37051.5,3.39101,0.000984426,5.25082,1,590.8696312,30317.2,914.308,33.1586,0.000256717,0.21778,0,302.2639272,7157.11,348.876,20.5148,0.000149396,0.102589,6,-323.217645,17354.1,3029.38,5.7286,0.000915299,1.02009
142.372676,1,AUTO,ARMED,5,AVAILABLE,UNAVAILABLE,UNAVAILABLE,140,5,ACTIVE,41,E_P3_NEW3-A3.NC,E_P3_NEW3-A3.NC,41429.939,211856.19,5768.6,7024.7109,100,31.75,20,50,0,22,100,9750.0,125642.0,37051.5,3.39101,0.000984426,5.25082,1,594.1393353,30317.2,914.308,33.1586,0.000256717,0.21778,0,302.2638699,7157.11,348.876,20.5148,0.000149396,0.102589,6,-323.2175649,17354.1,3029.38,5.7286,0.000915299,1.02009
142.515197,1,AUTO,ARMED,5,AVAILABLE,UNAVAILABLE,UNAVAILABLE,140,5,ACTIVE,41,E_P3_NEW3-A3.NC,E_P3_NEW3-A3.NC,41429.939,211856.19,5768.6,7024.7109,100,31.75,20,50,0,23,100,9750.0,125642.0,37051.5,3.39101,0.000984426,5.25082,1,600.6808321,30317.2,914.308,33.1586,0.000256717,0.21778,0,302.2642991,7157.11,348.876,20.5148,0.000149396,0.102589,6,-323.2175305,17354.1,3029.38,5.7286,0.000915299,1.02009
142.66143,1,AUTO,ARMED,5,AVAILABLE,UNAVAILABLE,UNAVAILABLE,140,5,ACTIVE,41,E_P3_NEW3-A3.NC,E_P3_NEW3-A3.NC,41429.939,211856.19,5768.6,7024.7109,100,31.75,21,50,0,13,100,9750.0,125642.0,37051.5,3.39101,0.000984426,5.25082,1,603.9583468,30317.2,914.308,33.1586,0.000256717,0.21778,0,302.2640416,7157.11,348.876,20.5148,0.000149396,0.102589,6,-323.2175649,17354.1,3029.38,5.7286,0.000915299,1.02009
142.813822,1,AUTO,ARMED,5,AVAILABLE,UNAVAILABLE,UNAVAILABLE,140,5,ACTIVE,41,E_P3_NEW3-A3.NC,E_P3_NEW3-A3.NC,41429.939,211856.19,5768.6,7024.7109,100,31.75,21,50,0,1,100,9750.0,4247.25,360.375,11.7856,0.00039021,0.317864,0,610.4977447,10561.8,96.8614,109.04,0.00014528,0.0875456,0,302.2638985,960.686,113.436,8.46897,0.000116326,0.0839413,6,-323.2175763,1394.1,444.589,3.13571,0.000172719,0.147208
142.968521,1,AUTO,ARMED,5,AVAILABLE,UNAVAILABLE,UNAVAILABLE,141,5,ACTIVE,41,E_P3_NEW3-A3.NC,E_P3_NEW3-A3.NC,41429.939,211856.19,5768.6,7024.7109,100,0.0,21,50,0,1,100,9750.0,4247.25,360.375,11.7856,0.00039021,0.317864,1,611.6625094,10561.8,96.8614,109.04,0.00014528,0.0875456,0,302.2638985,960.686,113.436,8.46897,0.000116326,0.0839413,6,-323.2175992,1394.1,444.589,3.13571,0.000172719,0.147208
143.118115,1,AUTO,ARMED,5,AVAILABLE,UNAVAILABLE,UNAVAILABLE,141,5,ACTIVE,41,E_P3_NEW3-A3.NC,E_P3_NEW3-A3.NC,41429.939,211856.19,5768.6,3606.2329,100,0.0,21,50,0,1,100,9750.0,4247.25,360.375,11.7856,0.00039021,0.317864,0,611.666901,10561.8,96.8614,109.04,0.00014528,0.0875456,0,302.2638985,960.686,113.436,8.46897,0.000116326,0.0839413,6,-323.2175992,1394.1,444.589,3.13571,0.000172719,0.147208
143.270302,1,AUTO,ARMED,5,AVAILABLE,UNAVAILABLE,UNAVAILABLE,141,5,ACTIVE,41,E_P3_NEW3-A3.NC,E_P3_NEW3-A3.NC,41429.939,211856.19,5768.6,3606.2329,100,0.0,21,50,0,3,100,9750.0,4247.25,360.375,11.7856,0.00039021,0.317864,0,611.6668652,10561.8,96.8614,109.04,0.00014528,0.0875456,0,302.2638985,960.686,113.436,8.46897,0.000116326,0.0839413,6,-323.2175992,1394.1,444.589,3.13571,0.000172719,0.147208
143.415636,1,AUTO,ARMED,5,AVAILABLE,UNAVAILABLE,UNAVAILABLE,141,5,ACTIVE,41,E_P3_NEW3-A3.NC,E_P3_NEW3-A3.NC,41429.939,211856.19,5768.6,3606.2329,100,0.0,21,50,0,6,100,9750.0,4247.25,360.375,11.7856,0.00039021,0.317864,0,611.6668438,10561.8,96.8614,109.04,0.00014528,0.0875456,0,302.2638985,960.686,113.436,8.46897,0.000116326,0.0839413,6,-323.2175992,1394.1,444.589,3.13571,0.000172719,0.147208
143.561108,1,AUTO,ARMED,5,AVAILABLE,UNAVAILABLE,UNAVAILABLE,141,5,ACTIVE,41,E_P3_NEW3-A3.NC,E_P3_NEW3-A3.NC,41429.939,211856.19,5768.6,3606.2329,100,0.0,22,50,0,5,100,9750.0,4247.25,360.375,11.7856,0.00039021,0.317864,0,611.6668223,10561.8,96.8614,109.04,0.00014528,0.0875456,0,302.2638985,960.686,113.436,8.46897,0.000116326,0.0839413,6,-323.2175992,1394.1,444.589,3.13571,0.000172719,0.147208
143.704514,1,AUTO,ARMED,5,AVAILABLE,UNAVAILABLE,UNAVAILABLE,141,5,ACTIVE,41,E_P3_NEW3-A3.NC,E_P3_NEW3-A3.NC,41429.939,211856.19,5768.6,3606.2329,100,0.0,22,50,0,4,100,9750.0,4247.25,360.375,11.7856,0.00039021,0.317864,0,611.6668152,10561.8,96.8614,109.04,0.00014528,0.0875456,0,302.2638985,960.686,113.436,8.46897,0.000116326,0.0839413,6,-323.2175992,1394.1,444.589,3.13571,0.000172719,0.147208
143.845698,1,AUTO,ARMED,5,AVAILABLE,UNAVAILABLE,UNAVAILABLE,141,5,ACTIVE,41,E_P3_NEW3-A3.NC,E_P3_NEW3-A3.NC,41429.939,211856.19,5768.6,3606.2329,100,0.0,22,50,0,4,100,9750.0,4247.25,360.375,11.7856,0.00039021,0.317864,0,611.666808,10561.8,96.8614,109.04,0.00014528,0.0875456,0,302.2639057,960.686,113.436,8.46897,0.000116326,0.0839413,6,-323.2175992,1394.1,444.589,3.13571,0.000172719,0.147208
143.991358,1,AUTO,ARMED,5,AVAILABLE,UNAVAILABLE,UNAVAILABLE,142,5,ACTIVE,41,E_P3_NEW3-A3.NC,E_P3_NEW3-A3.NC,41429.939,211856.19,5768.6,3606.2329,100,11.08333,22,50,0,3,100,9750.0,16509.1,1552.92,10.631,0.000400874,0.391634,0,611.6699792,12098.1,1698.67,7.1221,0.000210186,0.26538,0,302.8060496,5740.1,1791.28,3.20447,0.000179636,0.300755,6,-323.2175992,6850.29,2249.91,3.0447,0.000242457,0.540095
144.136394,1,AUTO,ARMED,5,AVAILABLE,UNAVAILABLE,UNAVAILABLE,143,5,ACTIVE,41,E_P3_NEW3-A3.NC,E_P3_NEW3-A3.NC,41429.939,211856.19,5768.6,7220.9297,100,19.7,22,50,0,4,100,9750.0,16509.1,1552.92,10.631,0.000400874,0.391634,2,609.949412,12098.1,1698.67,7.1221,0.000210186,0.26538,0,302.8983596,5740.1,1791.28,3.20447,0.000179636,0.300755,6,-323.2176221,6850.29,2249.91,3.0447,0.000242457,0.540095
144.280131,1,AUTO,ARMED,5,AVAILABLE,UNAVAILABLE,UNAVAILABLE,143,5,ACTIVE,41,E_P3_NEW3-A3.NC,E_P3_NEW3-A3.NC,41429.939,211856.19,5768.6,7220.9297,100,30.03333,22,50,0,4,100,9750.0,16509.1,1552.92,10.631,0.000400874,0.391634,2,606.6754474,12098.1,1698.67,7.1221,0.000210186,0.26538,0,302.8988245,5740.1,1791.28,3.20447,0.000179636,0.300755,6,-323.2175992,6850.29,2249.91,3.0447,0.000242457,0.540095
144.433175,1,AUTO,ARMED,5,AVAILABLE,UNAVAILABLE,UNAVAILABLE,143,5,ACTIVE,41,E_P3_NEW3-A3.NC,E_P3_NEW3-A3.NC,41429.939,211856.19,5768.6,7220.9297,100,31.75,22,50,0,3,100,9750.0,16509.1,1552.92,10.631,0.000400874,0.391634,0,600.1423302,12098.1,1698.67,7.1221,0.000210186,0.26538,0,302.898145,5740.1,1791.28,3.20447,0.000179636,0.300755,6,-323.2176679,6850.29,2249.91,3.0447,0.000242457,0.540095
144.579428,1,AUTO,ARMED,5,AVAILABLE,UNAVAILABLE,UNAVAILABLE,143,5,ACTIVE,41,E_P3_NEW3-A3.NC,E_P3_NEW3-A3.NC,41429.939,211856.19,5768.6,7220.9297,100,31.75,22,50,0,18,100,9750.0,16509.1,1552.92,10.631,0.000400874,0.391634,0,593.5950292,12098.1,1698.67,7.1221,0.000210186,0.26538,0,302.8988889,5740.1,1791.28,3.20447,0.000179636,0.300755,6,-323.2175878,6850.29,2249.91,3.0447,0.000242457,0.540095
144.7212,1,AUTO,ARMED,5,AVAILABLE,UNAVAILABLE,UNAVAILABLE,143,5,ACTIVE,41,E_P3_NEW3-A3.NC,E_P3_NEW3-A3.NC,41429.939,211856.19,5768.6,7220.9297,100,31.75,23,50,0,24,100,9750.0,16509.1,1552.92,10.631,0.000400874,0.391634,0,590.3325404,12098.1,1698.67,7.1221,0.000210186,0.26538,0,302.8988889,5740.1,1791.28,3.20447,0.000179636,0.300755,6,-323.2176106,6850.29,2249.91,3.0447,0.000242457,0.540095
144.868086,1,AUTO,ARMED,5,AVAILABLE,UNAVAILABLE,UNAVAILABLE,143,5,ACTIVE,41,E_P3_NEW3-A3.NC,E_P3_NEW3-A3.NC,41429.939,211856.19,5768.6,7220.9297,100,31.75,23,50,0,25,100,9750.0,16509.1,1552.92,10.631,0.000400874,0.391634,0,583.7841694,12098.1,1698.67,7.1221,0.000210186,0.26538,0,302.8989103,5740.1,1791.28,3.20447,0.000179636,0.300755,6,-323.2175649,6850.29,2249.91,3.0447,0.000242457,0.540095
145.016513,1,AUTO,ARMED,5,AVAILABLE,UNAVAILABLE,UNAVAILABLE,143,5,ACTIVE,41,E_P3_NEW3-A3.NC,E_P3_NEW3-A3.NC,41429.939,211856.19,5768.6,7220.9297,100,31.75,23,50,0,23,100,9750.0,18668.7,5454.6,3.42256,0.000470875,0.998414,0,580.513892,14210.4,2521.67,5.63531,0.000347442,0.500009,0,302.8988889,5499.93,1787.67,3.07659,0.000136376,0.301479,6,-323.2176221,7258.91,2208.91,3.2862,0.000323315,0.597929
145.154951,1,AUTO,ARMED,5,AVAILABLE,UNAVAILABLE,UNAVAILABLE,143,5,ACTIVE,41,E_P3_NEW3-A3.NC,E_P3_NEW3-A3.NC,41429.939,211856.19,5768.6,6703.2495,100,31.75,23,50,0,21,100,9750.0,18668.7,5454.6,3.42256,0.000470875,0.998414,0,577.2516397,14210.4,2521.67,5.63531,0.000347442,0.500009,0,302.898896,5499.93,1787.67,3.07659,0.000136376,0.301479,6,-323.2175992,7258.91,2208.91,3.2862,0.000323315,0.597929
145.303447,1,AUTO,ARMED,5,AVAILABLE,UNAVAILABLE,UNAVAILABLE,143,5,ACTIVE,41,E_P3_NEW3-A3.NC,E_P3_NEW3-A3.NC,41429.939,211856.19,5768.6,6703.2495,100,31.75,23,50,0,18,100,9750.0,18668.7,5454.6,3.42256,0.000470875,0.998414,0,572.3379981,14210.4,2521.67,5.63531,0.000347442,0.500009,0,302.8989103,5499.93,1787.67,3.07659,0.000136376,0.301479,6,-323.2176335,7258.91,2208.91,3.2862,0.000323315,0.597929
145.447415,1,AUTO,ARMED,5,AVAILABLE,UNAVAILABLE,UNAVAILABLE,143,5,ACTIVE,41,E_P3_NEW3-A3.NC,E_P3_NEW3-A3.NC,41429.939,211856.19,5768.6,6703.2495,100,31.75,23,50,0,18,100,9750.0,18668.7,5454.6,3.42256,0.000470875,0.998414,0,569.0680711,14210.4,2521.67,5.63531,0.000347442,0.500009,0,302.8989103,5499.93,1787.67,3.07659,0.000136376,0.301479,6,-323.2176106,7258.91,2208.91,3.2862,0.000323315,0.597929
145.592818,1,AUTO,ARMED,5,AVAILABLE,UNAVAILABLE,UNAVAILABLE,143,5,ACTIVE,41,E_P3_NEW3-A3.NC,E_P3_NEW3-A3.NC,41429.939,211856.19,5768.6,6703.2495,100,31.75,24,50,0,19,100,9750.0,18668.7,5454.6,3.42256,0.000470875,0.998414,0,565.8057545,14210.4,2521.67,5.63531,0.000347442,0.500009,0,302.8989246,5499.93,1787.67,3.07659,0.000136376,0.301479,6,-323.2176106,7258.91,2208.91,3.2862,0.000323315,0.597929
145.754619,1,AUTO,ARMED,5,AVAILABLE,UNAVAILABLE,UNAVAILABLE,143,5,ACTIVE,41,E_P3_NEW3-A3.NC,E_P3_NEW3-A3.NC,41429.939,211856.19,5768.6,6703.2495,100,31.75,24,50,0,19,100,9750.0,18668.7,5454.6,3.42256,0.000470875,0.998414,0,555.9950253,14210.4,2521.67,5.63531,0.000347442,0.500009,0,302.8989175,5499.93,1787.67,3.07659,0.000136376,0.301479,6,-323.2175992,7258.91,2208.91,3.2862,0.000323315,0.597929
145.900703,1,AUTO,ARMED,5,AVAILABLE,UNAVAILABLE,UNAVAILABLE,143,5,ACTIVE,41,E_P3_NEW3-A3.NC,E_P3_NEW3-A3.NC,41429.939,211856.19,5768.6,6703.2495,100,31.75,24,50,0,20,100,9750.0,18668.7,5454.6,3.42256,0.000470875,0.998414,0,552.7168346,14210.4,2521.67,5.63531,0.000347442,0.500009,0,302.8989246,5499.93,1787.67,3.07659,0.000136376,0.301479,6,-323.2175992,7258.91,2208.91,3.2862,0.000323315,0.597929
146.043354,1,AUTO,ARMED,5,AVAILABLE,UNAVAILABLE,UNAVAILABLE,143,5,ACTIVE,41,E_P3_NEW3-A3.NC,E_P3_NEW3-A3.NC,41429.939,211856.19,5768.6,6703.2495,100,31.75,24,50,0,20,100,9750.0,19028.6,366.29,51.9495,0.000397048,0.314392,0,549.4465904,15074.6,123.413,122.148,0.000148329,0.0972919,0,302.8988889,5043.61,122.042,41.3268,0.000116955,0.093036,6,-323.2176106,7715.6,385.604,20.0091,0.000157598,0.144705
146.204531,1,AUTO,ARMED,5,AVAILABLE,UNAVAILABLE,UNAVAILABLE,143,5,ACTIVE,41,E_P3_NEW3-A3.NC,E_P3_NEW3-A3.NC,41429.939,211856.19,5768.6,6703.2495,100,31.75,24,50,0,20,100,9750.0,19028.6,366.29,51.9495,0.000397048,0.314392,0,542.9150067,15074.6,123.413,122.148,0.000148329,0.0972919,0,302.8997257,5043.61,122.042,41.3268,0.000116955,0.093036,6,-323.2175992,7715.6,385.604,20.0091,0.000157598,0.144705
146.347551,1,AUTO,ARMED,5,AVAILABLE,UNAVAILABLE,UNAVAILABLE,143,5,ACTIVE,41,E_P3_NEW3-A3.NC,E_P3_NEW3-A3.NC,41429.939,211856.19,5768.6,2765.8301,100,31.75,24,50,0,15,100,9750.0,19028.6,366.29,51.9495,0.000397048,0.314392,0,539.6359577,15074.6,123.413,122.148,0.000148329,0.0972919,0,302.8991964,5043.61,122.042,41.3268,0.000116955,0.093036,6,-323.2175878,7715.6,385.604,20.0091,0.000157598,0.144705
146.493948,1,AUTO,ARMED,5,AVAILABLE,UNAVAILABLE,UNAVAILABLE,143,5,ACTIVE,41,E_P3_NEW3-A3.NC,E_P3_NEW3-A3.NC,41429.939,211856.19,5768.6,2765.8301,100,31.75,24,50,0,6,100,9750.0,19028.6,366.29,51.9495,0.000397048,0.314392,0,536.3655561,15074.6,123.413,122.148,0.000148329,0.0972919,0,302.8989532,5043.61,122.042,41.3268,0.000116955,0.093036,6,-323.2175992,7715.6,385.604,20.0091,0.000157598,0.144705
146.634644,1,AUTO,ARMED,5,AVAILABLE,UNAVAILABLE,UNAVAILABLE,143,5,ACTIVE,41,E_P3_NEW3-A3.NC,E_P3_NEW3-A3.NC,41429.939,211856.19,5768.6,2765.8301,100,31.75,24,50,0,0,100,9750.0,19028.6,366.29,51.9495,0.000397048,0.314392,0,530.4570448,15074.6,123.413,122.148,0.000148329,0.0972919,0,302.8989032,5043.61,122.042,41.3268,0.000116955,0.093036,6,-323.2175878,7715.6,385.604,20.0091,0.000157598,0.144705
146.785522,1,AUTO,ARMED,5,AVAILABLE,UNAVAILABLE,UNAVAILABLE,144,5,ACTIVE,41,E_P3_NEW3-A3.NC,E_P3_NEW3-A3.NC,41429.939,211856.19,5768.6,2765.8301,100,6.8,25,50,0,1,100,9750.0,19028.6,366.29,51.9495,0.000397048,0.314392,0,530.3867061,15074.6,123.413,122.148,0.000148329,0.0972919,0,302.898896,5043.61,122.042,41.3268,0.000116955,0.093036,6,-323.2175992,7715.6,385.604,20.0091,0.000157598,0.144705
146.935053,1,AUTO,ARMED,5,AVAILABLE,UNAVAILABLE,UNAVAILABLE,144,5,ACTIVE,41,E_P3_NEW3-A3.NC,E_P3_NEW3-A3.NC,41429.939,211856.19,5768.6,2765.8301,100,0.0,25,50,0,3,100,9750.0,19028.6,366.29,51.9495,0.000397048,0.314392,0,530.3866918,15074.6,123.413,122.148,0.000148329,0.0972919,0,302.898896,5043.61,122.042,41.3268,0.000116955,0.093036,6,-323.2175992,7715.6,385.604,20.0091,0.000157598,0.144705
147.078393,1,AUTO,ARMED,5,AVAILABLE,UNAVAILABLE,UNAVAILABLE,144,5,ACTIVE,41,E_P3_NEW3-A3.NC,E_P3_NEW3-A3.NC,41429.939,211856.19,5768.6,2765.8301,100,0.0,25,50,0,4,100,9750.0,4223.25,359.564,11.7455,0.000389364,0.314491,0,530.3867204,1080.19,187.048,5.77493,0.000121733,0.0910015,0,302.898896,672.479,122.231,5.50171,0.000147024,0.0881062,6,-323.2176106,1514.28,390.281,3.87997,0.00048191,0.142164
147.224352,1,AUTO,ARMED,5,AVAILABLE,UNAVAILABLE,UNAVAILABLE,144,5,ACTIVE,41,E_P3_NEW3-A3.NC,E_P3_NEW3-A3.NC,41429.939,211856.19,5768.6,2765.8301,100,0.0,25,50,0,5,100,9750.0,4223.25,359.564,11.7455,0.000389364,0.314491,0,530.386749,1080.19,187.048,5.77493,0.000121733,0.0910015,0,302.8989032,672.479,122.231,5.50171,0.000147024,0.0881062,6,-323.2175992,1514.28,390.281,3.87997,0.00048191,0.142164
147.365418,1,AUTO,ARMED,5,AVAILABLE,UNAVAILABLE,UNAVAILABLE,144,5,ACTIVE,41,E_P3_NEW3-A3.NC,E_P3_NEW3-A3.NC,41429.939,211856.19,5768.6,3417.4563,100,0.0,25,50,0,5,100,9750.0,4223.25,359.564,11.7455,0.000389364,0.314491,0,530.3867561,1080.19,187.048,5.77493,0.000121733,0.0910015,0,302.8989032,672.479,122.231,5.50171,0.000147024,0.0881062,6,-323.2175992,1514.28,390.281,3.87997,0.00048191,0.142164
147.509356,1,AUTO,ARMED,5,AVAILABLE,UNAVAILABLE,UNAVAILABLE,144,5,ACTIVE,41,E_P3_NEW3-A3.NC,E_P3_NEW3-A3.NC,41429.939,211856.19,5768.6,3417.4563,100,0.0,26,50,0,5,100,9750.0,4223.25,359.564,11.7455,0.000389364,0.314491,0,530.3867776,1080.19,187.048,5.77493,0.000121733,0.0910015,0,302.898896,672.479,122.231,5.50171,0.000147024,0.0881062,6,-323.2176106,1514.28,390.281,3.87997,0.00048191,0.142164
147.651591,1,AUTO,ARMED,5,AVAILABLE,UNAVAILABLE,UNAVAILABLE,144,5,ACTIVE,41,E_P3_NEW3-A3.NC,E_P3_NEW3-A3.NC,41429.939,211856.19,5768.6,3417.4563,100,0.0,26,50,0,3,100,9750.0,4223.25,359.564,11.7455,0.000389364,0.314491,0,530.3867847,1080.19,187.048,5.77493,0.000121733,0.0910015,0,302.8989032,672.479,122.231,5.50171,0.000147024,0.0881062,6,-323.2175878,1514.28,390.281,3.87997,0.00048191,0.142164
147.790672,1,AUTO,ARMED,5,AVAILABLE,UNAVAILABLE,UNAVAILABLE,147,5,ACTIVE,41,E_P3_NEW3-A3.NC,E_P3_NEW3-A3.NC,41429.939,211856.19,5768.6,3417.4563,100,0.03333333,26,50,0,4,100,9750.0,4223.25,359.564,11.7455,0.000389364,0.314491,0,530.3867919,1080.19,187.048,5.77493,0.000121733,0.0910015,0,303.5330781,672.479,122.231,5.50171,0.000147024,0.0881062,6,-323.2175992,1514.28,390.281,3.87997,0.00048191,0.142164
147.945148,1,AUTO,ARMED,5,AVAILABLE,UNAVAILABLE,UNAVAILABLE,148,5,ACTIVE,41,E_P3_NEW3-A3.NC,E_P3_NEW3-A3.NC,41429.939,211856.19,5768.6,3417.4563,100,0.0,26,50,0,4,100,9750.0,4223.25,359.564,11.7455,0.000389364,0.314491,0,530.3867919,1080.19,187.048,5.77493,0.000121733,0.0910015,0,303.5337218,672.479,122.231,5.50171,0.000147024,0.0881062,6,-323.2175992,1514.28,390.281,3.87997,0.00048191,0.142164
148.101859,1,AUTO,ARMED,5,AVAILABLE,UNAVAILABLE,UNAVAILABLE,148,5,ACTIVE,41,E_P3_NEW3-A3.NC,E_P3_NEW3-A3.NC,41429.939,211856.19,5768.6,3417.4563,100,0.0,26,50,0,4,100,9750.0,4295.24,372.993,11.5156,0.000374063,0.309996,0,530.3867919,1032.18,108.785,9.48826,0.000170376,0.0988694,0,303.5339078,600.429,133.082,4.51172,0.000156765,0.0893522,6,-323.2176106,1442.17,426.651,3.38021,0.000192159,0.151971
148.25321,1,AUTO,ARMED,5,AVAILABLE,UNAVAILABLE,UNAVAILABLE,148,5,ACTIVE,41,E_P3_NEW3-A3.NC,E_P3_NEW3-A3.NC,41429.939,211856.19,5768.6,3417.4563,100,0.0,26,50,0,4,100,9750.0,4295.24,372.993,11.5156,0.000374063,0.309996,0,530.386799,1032.18,108.785,9.48826,0.000170376,0.0988694,0,303.5339078,600.429,133.082,4.51172,0.000156765,0.0893522,6,-323.2175992,1442.17,426.651,3.38021,0.000192159,0.151971
148.395457,1,AUTO,ARMED,5,AVAILABLE,UNAVAILABLE,UNAVAILABLE,148,5,ACTIVE,41,E_P3_NEW3-A3.NC,E_P3_NEW3-A3.NC,41429.939,211856.19,5768.6,3462.1768,100,0.0,26,50,0,4,100,9750.0,4295.24,372.993,11.5156,0.000374063,0.309996,0,530.386799,1032.18,108.785,9.48826,0.000170376,0.0988694,0,303.5339078,600.429,133.082,4.51172,0.000156765,0.0893522,6,-323.2176106,1442.17,426.651,3.38021,0.000192159,0.151971
148.570133,1,AUTO,ARMED,5,AVAILABLE,UNAVAILABLE,UNAVAILABLE,148,5,ACTIVE,41,E_P3_NEW3-A3.NC,E_P3_NEW3-A3.NC,41429.939,211856.19,5768.6,3462.1768,100,0.0,26,50,0,4,100,9750.0,4295.24,372.993,11.5156,0.000374063,0.309996,0,530.386799,1032.18,108.785,9.48826,0.000170376,0.0988694,0,303.5339078,600.429,133.082,4.51172,0.000156765,0.0893522,6,-323.2175992,1442.17,426.651,3.38021,0.000192159,0.151971
148.71293,1,AUTO,ARMED,5,AVAILABLE,UNAVAILABLE,UNAVAILABLE,148,5,ACTIVE,41,E_P3_NEW3-A3.NC,E_P3_NEW3-A3.NC,41429.939,211856.19,5768.6,3462.1768,100,0.0,27,50,0,4,100,9750.0,4295.24,372.993,11.5156,0.000374063,0.309996,0,530.386799,1032.18,108.785,9.48826,0.000170376,0.0988694,0,303.5339078,600.429,133.082,4.51172,0.000156765,0.0893522,6,-323.2175992,1442.17,426.651,3.38021,0.000192159,0.151971
148.85799,1,AUTO,ARMED,5,AVAILABLE,UNAVAILABLE,UNAVAILABLE,148,5,ACTIVE,41,E_P3_NEW3-A3.NC,E_P3_NEW3-A3.NC,41429.939,211856.19,5768.6,3462.1768,100,0.0,27,50,0,4,100,9750.0,4295.24,372.993,11.5156,0.000374063,0.309996,1,530.5743841,1032.18,108.785,9.48826,0.000170376,0.0988694,0,303.5339006,600.429,133.082,4.51172,0.000156765,0.0893522,6,-323.2176106,1442.17,426.651,3.38021,0.000192159,0.151971
149.007874,1,AUTO,ARMED,5,AVAILABLE,UNAVAILABLE,UNAVAILABLE,149,5,ACTIVE,41,E_P3_NEW3-A3.NC,E_P3_NEW3-A3.NC,41429.939,211856.19,5768.6,3462.1768,100,38.1,27,50,0,4,100,9750.0,4295.24,372.993,11.5156,0.000374063,0.309996,1,537.9643917,1032.18,108.785,9.48826,0.000170376,0.0988694,0,303.5339078,600.429,133.082,4.51172,0.000156765,0.0893522,6,-323.2175992,1442.17,426.651,3.38021,0.000192159,0.151971
149.154899,1,AUTO,ARMED,5,AVAILABLE,UNAVAILABLE,UNAVAILABLE,149,5,ACTIVE,41,E_P3_NEW3-A3.NC,E_P3_NEW3-A3.NC,41429.939,211856.19,5768.6,3462.1768,100,38.1,27,50,0,4,100,9750.0,4295.24,372.993,11.5156,0.000374063,0.309996,0,539.9267248,1032.18,108.785,9.48826,0.000170376,0.0988694,0,303.5339006,600.429,133.082,4.51172,0.000156765,0.0893522,6,-323.2175992,1442.17,426.651,3.38021,0.000192159,0.151971
149.297005,1,AUTO,ARMED,5,AVAILABLE,UNAVAILABLE,UNAVAILABLE,149,5,ACTIVE,41,E_P3_NEW3-A3.NC,E_P3_NEW3-A3.NC,41429.939,211856.19,5768.6,3462.1768,100,38.1,27,50,0,4,100,9750.0,161611.0,46580.1,3.46953,0.00122706,6.6216,0,543.8392961,48368.3,10540.8,4.58867,0.000314874,1.00272,0,303.5335072,7901.64,2748.22,2.87518,0.000159954,0.434785,6,-323.2176793,29636.5,4201.59,7.05364,0.00245831,1.92612
149.435936,1,AUTO,ARMED,5,AVAILABLE,UNAVAILABLE,UNAVAILABLE,149,5,ACTIVE,41,E_P3_NEW3-A3.NC,E_P3_NEW3-A3.NC,41429.939,211856.19,5768.6,3462.1768,100,38.1,27,50,0,30,100,9750.0,161611.0,46580.1,3.46953,0.00122706,6.6216,1,551.69945,48368.3,10540.8,4.58867,0.000314874,1.00272,0,303.5338792,7901.64,2748.22,2.87518,0.000159954,0.434785,6,-323.2176564,29636.5,4201.59,7.05364,0.00245831,1.92612
149.574534,1,AUTO,ARMED,5,AVAILABLE,UNAVAILABLE,UNAVAILABLE,149,5,ACTIVE,41,E_P3_NEW3-A3.NC,E_P3_NEW3-A3.NC,41429.939,211856.19,5768.6,8129.4868,100,38.1,28,50,0,33,100,9750.0,161611.0,46580.1,3.46953,0.00122706,6.6216,1,555.6236798,48368.3,10540.8,4.58867,0.000314874,1.00272,0,303.5338863,7901.64,2748.22,2.87518,0.000159954,0.434785,6,-323.2175649,29636.5,4201.59,7.05364,0.00245831,1.92612
149.718024,1,AUTO,ARMED,5,AVAILABLE,UNAVAILABLE,UNAVAILABLE,149,5,ACTIVE,41,E_P3_NEW3-A3.NC,E_P3_NEW3-A3.NC,41429.939,211856.19,5768.6,8129.4868,100,38.1,28,50,0,32,100,9750.0,161611.0,46580.1,3.46953,0.00122706,6.6216,1,563.4724499,48368.3,10540.8,4.58867,0.000314874,1.00272,0,303.5339006,7901.64,2748.22,2.87518,0.000159954,0.434785,6,-323.217542,29636.5,4201.59,7.05364,0.00245831,1.92612
149.860735,1,AUTO,ARMED,5,AVAILABLE,UNAVAILABLE,UNAVAILABLE,149,5,ACTIVE,41,E_P3_NEW3-A3.NC,E_P3_NEW3-A3.NC,41429.939,211856.19,5768.6,8129.4868,100,38.1,28,50,0,32,100,9750.0,161611.0,46580.1,3.46953,0.00122706,6.6216,1,567.3966835,48368.3,10540.8,4.58867,0.000314874,1.00272,0,303.5338935,7901.64,2748.22,2.87518,0.000159954,0.434785,6,-323.217645,29636.5,4201.59,7.05364,0.00245831,1.92612
150.003118,1,AUTO,ARMED,5,AVAILABLE,UNAVAILABLE,UNAVAILABLE,149,5,ACTIVE,41,E_P3_NEW3-A3.NC,E_P3_NEW3-A3.NC,41429.939,211856.19,5768.6,8129.4868,100,38.1,28,50,0,26,100,9750.0,161611.0,46580.1,3.46953,0.00122706,6.6216,1,575.2356881,48368.3,10540.8,4.58867,0.000314874,1.00272,0,303.5339078,7901.64,2748.22,2.87518,0.000159954,0.434785,6,-323.2175878,29636.5,4201.59,7.05364,0.00245831,1.92612
150.146361,1,AUTO,ARMED,5,AVAILABLE,UNAVAILABLE,UNAVAILABLE,149,5,ACTIVE,41,E_P3_NEW3-A3.NC,E_P3_NEW3-A3.NC,41429.939,211856.19,5768.6,8129.4868,100,38.1,28,50,0,26,100,9750.0,161611.0,46580.1,3.46953,0.00122706,6.6216,1,579.1695705,48368.3,10540.8,4.58867,0.000314874,1.00272,0,303.5339221,7901.64,2748.22,2.87518,0.000159954,0.434785,6,-323.217542,29636.5,4201.59,7.05364,0.00245831,1.92612
150.294092,1,AUTO,ARMED,5,AVAILABLE,UNAVAILABLE,UNAVAILABLE,149,5,ACTIVE,41,E_P3_NEW3-A3.NC,E_P3_NEW3-A3.NC,41429.939,211856.19,5768.6,8129.4868,100,38.1,28,50,0,25,100,9750.0,155924.0,409.024,381.21,0.000462362,0.352491,1,583.0938971,35382.1,459.525,76.9971,0.000210523,0.186833,0,303.5338935,7469.34,201.241,37.1164,0.000121619,0.0955247,6,-323.2176564,27978.0,348.503,80.2805,0.000229649,0.144084
150.458637,1,AUTO,ARMED,5,AVAILABLE,UNAVAILABLE,UNAVAILABLE,149,5,ACTIVE,41,E_P3_NEW3-A3.NC,E_P3_NEW3-A3.NC,41429.939,211856.19,5768.6,8129.4868,100,38.1,28,50,0,24,100,9750.0,155924.0,409.024,381.21,0.000462362,0.352491,1,594.8663789,35382.1,459.525,76.9971,0.000210523,0.186833,0,303.5339149,7469.34,201.241,37.1164,0.000121619,0.0955247,6,-323.2175649,27978.0,348.503,80.2805,0.000229649,0.144084
150.610404,1,AUTO,ARMED,5,AVAILABLE,UNAVAILABLE,UNAVAILABLE,149,5,ACTIVE,41,E_P3_NEW3-A3.NC,E_P3_NEW3-A3.NC,41429.939,211856.19,5768.6,2609.439,100,38.1,29,50,0,24,100,9750.0,155924.0,409.024,381.21,0.000462362,0.352491,1,598.7932468,35382.1,459.525,76.9971,0.000210523,0.186833,0,303.534151,7469.34,201.241,37.1164,0.000121619,0.0955247,6,-323.2175077,27978.0,348.503,80.2805,0.000229649,0.144084
150.749927,1,AUTO,ARMED,5,AVAILABLE,UNAVAILABLE,UNAVAILABLE,149,5,ACTIVE,41,E_P3_NEW3-A3.NC,E_P3_NEW3-A3.NC,41429.939,211856.19,5768.6,2609.439,100,38.1,29,50,0,24,100,9750.0,155924.0,409.024,381.21,0.000462362,0.352491,0,602.724964,35382.1,459.525,76.9971,0.000210523,0.186833,0,303.5341939,7469.34,201.241,37.1164,0.000121619,0.0955247,6,-323.217542,27978.0,348.503,80.2805,0.000229649,0.144084
150.889746,1,AUTO,ARMED,5,AVAILABLE,UNAVAILABLE,UNAVAILABLE,149,5,ACTIVE,41,E_P3_NEW3-A3.NC,E_P3_NEW3-A3.NC,41429.939,211856.19,5768.6,2609.439,100,38.1,29,50,0,3,100,9750.0,155924.0,409.024,381.21,0.000462362,0.352491,0,606.6394724,35382.1,459.525,76.9971,0.000210523,0.186833,0,303.5339865,7469.34,201.241,37.1164,0.000121619,0.0955247,6,-323.2175534,27978.0,348.503,80.2805,0.000229649,0.144084
151.042991,1,AUTO,ARMED,5,AVAILABLE,UNAVAILABLE,UNAVAILABLE,150,5,ACTIVE,41,E_P3_NEW3-A3.NC,E_P3_NEW3-A3.NC,41429.939,211856.19,5768.6,2609.439,100,25.4,29,50,0,1,100,9750.0,155924.0,409.024,381.21,0.000462362,0.352491,0,611.6177636,35382.1,459.525,76.9971,0.000210523,0.186833,0,303.5339149,7469.34,201.241,37.1164,0.000121619,0.0955247,6,-323.2175878,27978.0,348.503,80.2805,0.000229649,0.144084
151.182727,1,AUTO,ARMED,5,AVAILABLE,UNAVAILABLE,UNAVAILABLE,150,5,ACTIVE,41,E_P3_NEW3-A3.NC,E_P3_NEW3-A3.NC,41429.939,211856.19,5768.6,2609.439,100,12.7,29,50,0,1,100,9750.0,155924.0,409.024,381.21,0.000462362,0.352491,0,611.6657709,35382.1,459.525,76.9971,0.000210523,0.186833,0,303.5338935,7469.34,201.241,37.1164,0.000121619,0.0955247,6,-323.2175763,27978.0,348.503,80.2805,0.000229649,0.144084
151.322393,1,AUTO,ARMED,5,AVAILABLE,UNAVAILABLE,UNAVAILABLE,150,5,ACTIVE,41,E_P3_NEW3-A3.NC,E_P3_NEW3-A3.NC,41429.939,211856.19,5768.6,2609.439,100,0.0,29,50,0,3,100,9750.0,4271.24,364.672,11.7126,0.000383841,0.315166,0,611.666901,1728.3,93.4159,18.5011,0.000148748,0.0840433,0,303.5339006,696.496,110.337,6.31244,0.00013137,0.0862371,6,-323.2175992,1321.99,415.097,3.18477,0.000256776,0.147494
151.471814,1,AUTO,ARMED,5,AVAILABLE,UNAVAILABLE,UNAVAILABLE,150,5,ACTIVE,41,E_P3_NEW3-A3.NC,E_P3_NEW3-A3.NC,41429.939,211856.19,5768.6,2609.439,100,0.0,29,50,0,5,100,9750.0,4271.24,364.672,11.7126,0.000383841,0.315166,0,611.6668652,1728.3,93.4159,18.5011,0.000148748,0.0840433,0,303.5339078,696.496,110.337,6.31244,0.00013137,0.0862371,6,-323.2175878,1321.99,415.097,3.18477,0.000256776,0.147494
151.616416,1,AUTO,ARMED,5,AVAILABLE,UNAVAILABLE,UNAVAILABLE,150,5,ACTIVE,41,E_P3_NEW3-A3.NC,E_P3_NEW3-A3.NC,41429.939,211856.19,5768.6,2609.439,100,0.0,30,50,0,6,100,9750.0,4271.24,364.672,11.7126,0.000383841,0.315166,0,611.6668295,1728.3,93.4159,18.5011,0.000148748,0.0840433,0,303.5338935,696.496,110.337,6.31244,0.00013137,0.0862371,6,-323.2175992,1321.99,415.097,3.18477,0.000256776,0.147494
151.756599,1,AUTO,ARMED,5,AVAILABLE,UNAVAILABLE,UNAVAILABLE,150,5,ACTIVE,41,E_P3_NEW3-A3.NC,E_P3_NEW3-A3.NC,41429.939,211856.19,5768.6,3383.0278,100,0.0,30,50,0,6,100,9750.0,4271.24,364.672,11.7126,0.000383841,0.315166,0,611.6668152,1728.3,93.4159,18.5011,0.000148748,0.0840433,0,303.5338863,696.496,110.337,6.31244,0.00013137,0.0862371,6,-323.2175878,1321.99,415.097,3.18477,0.000256776,0.147494
151.896169,1,AUTO,ARMED,5,AVAILABLE,UNAVAILABLE,UNAVAILABLE,150,5,ACTIVE,41,E_P3_NEW3-A3.NC,E_P3_NEW3-A3.NC,41429.939,211856.19,5768.6,3383.0278,100,0.0,30,50,0,5,100,9750.0,4271.24,364.672,11.7126,0.000383841,0.315166,0,611.6668223,1728.3,93.4159,18.5011,0.000148748,0.0840433,0,303.5339006,696.496,110.337,6.31244,0.00013137,0.0862371,6,-323.2175992,1321.99,415.097,3.18477,0.000256776,0.147494
152.041411,1,AUTO,ARMED,5,AVAILABLE,UNAVAILABLE,UNAVAILABLE,150,5,ACTIVE,41,E_P3_NEW3-A3.NC,E_P3_NEW3-A3.NC,41429.939,211856.19,5768.6,3383.0278,100,0.0,30,50,0,4,100,9750.0,4271.24,364.672,11.7126,0.000383841,0.315166,0,611.666808,1728.3,93.4159,18.5011,0.000148748,0.0840433,0,303.5338935,696.496,110.337,6.31244,0.00013137,0.0862371,6,-323.2175992,1321.99,415.097,3.18477,0.000256776,0.147494
152.184526,1,AUTO,ARMED,5,AVAILABLE,UNAVAILABLE,UNAVAILABLE,151,5,ACTIVE,41,E_P3_NEW3-A3.NC,E_P3_NEW3-A3.NC,41429.939,211856.19,5768.6,3383.0278,100,0.0,30,50,0,4,100,9750.0,4271.24,364.672,11.7126,0.000383841,0.315166,0,609.6544971,1728.3,93.4159,18.5011,0.000148748,0.0840433,1,304.1683903,696.496,110.337,6.31244,0.00013137,0.0862371,6,-323.2175878,1321.99,415.097,3.18477,0.000256776,0.147494
152.328531,1,AUTO,ARMED,5,AVAILABLE,UNAVAILABLE,UNAVAILABLE,152,5,ACTIVE,41,E_P3_NEW3-A3.NC,E_P3_NEW3-A3.NC,41429.939,211856.19,5768.6,3383.0278,100,35.46667,30,50,0,4,100,9750.0,4271.24,364.672,11.7126,0.000383841,0.315166,0,605.7356769,1728.3,93.4159,18.5011,0.000148748,0.0840433,0,304.1688266,696.496,110.337,6.31244,0.00013137,0.0862371,6,-323.2175992,1321.99,415.097,3.18477,0.000256776,0.147494
152.465027,1,AUTO,ARMED,5,AVAILABLE,UNAVAILABLE,UNAVAILABLE,152,5,ACTIVE,41,E_P3_NEW3-A3.NC,E_P3_NEW3-A3.NC,41429.939,211856.19,5768.6,3383.0278,100,36.35,30,50,0,4,100,9750.0,17061.0,5192.07,3.28597,0.000437827,0.975586,0,601.8214114,15098.6,2252.52,6.70298,0.00017708,0.325491,0,304.1687479,5211.72,1648.34,3.1618,0.000173489,0.294472,6,-323.2176106,6633.97,2106.4,3.14944,0.000261418,0.483855
152.610101,1,AUTO,ARMED,5,AVAILABLE,UNAVAILABLE,UNAVAILABLE,152,5,ACTIVE,41,E_P3_NEW3-A3.NC,E_P3_NEW3-A3.NC,41429.939,211856.19,5768.6,3383.0278,100,38.1,31,50,0,4,100,9750.0,17061.0,5192.07,3.28597,0.000437827,0.975586,0,597.8872901,15098.6,2252.52,6.70298,0.00017708,0.325491,0,304.1683474,5211.72,1648.34,3.1618,0.000173489,0.294472,6,-323.2176106,6633.97,2106.4,3.14944,0.000261418,0.483855
152.760393,1,AUTO,ARMED,5,AVAILABLE,UNAVAILABLE,UNAVAILABLE,152,5,ACTIVE,41,E_P3_NEW3-A3.NC,E_P3_NEW3-A3.NC,41429.939,211856.19,5768.6,3383.0278,100,38.1,31,50,0,22,100,9750.0,17061.0,5192.07,3.28597,0.000437827,0.975586,0,590.0390606,15098.6,2252.52,6.70298,0.00017708,0.325491,0,304.1688766,5211.72,1648.34,3.1618,0.000173489,0.294472,6,-323.2176564,6633.97,2106.4,3.14944,0.000261418,0.483855
152.900393,1,AUTO,ARMED,5,AVAILABLE,UNAVAILABLE,UNAVAILABLE,152,5,ACTIVE,41,E_P3_NEW3-A3.NC,E_P3_NEW3-A3.NC,41429.939,211856.19,5768.6,7354.8174,100,38.1,31,50,0,26,100,9750.0,17061.0,5192.07,3.28597,0.000437827,0.975586,0,586.1053041,15098.6,2252.52,6.70298,0.00017708,0.325491,0,304.1689267,5211.72,1648.34,3.1618,0.000173489,0.294472,6,-323.2175763,6633.97,2106.4,3.14944,0.000261418,0.483855
153.045054,1,AUTO,ARMED,5,AVAILABLE,UNAVAILABLE,UNAVAILABLE,152,5,ACTIVE,41,E_P3_NEW3-A3.NC,E_P3_NEW3-A3.NC,41429.939,211856.19,5768.6,7354.8174,100,38.1,31,50,0,27,100,9750.0,17061.0,5192.07,3.28597,0.000437827,0.975586,0,582.1905371,15098.6,2252.52,6.70298,0.00017708,0.325491,0,304.1689339,5211.72,1648.34,3.1618,0.000173489,0.294472,6,-323.2175992,6633.97,2106.4,3.14944,0.000261418,0.483855
153.18364,1,AUTO,ARMED,5,AVAILABLE,UNAVAILABLE,UNAVAILABLE,152,5,ACTIVE,41,E_P3_NEW3-A3.NC,E_P3_NEW3-A3.NC,41429.939,211856.19,5768.6,7354.8174,100,38.1,31,50,0,21,100,9750.0,17061.0,5192.07,3.28597,0.000437827,0.975586,0,572.3699916,15098.6,2252.52,6.70298,0.00017708,0.325491,0,304.1689124,5211.72,1648.34,3.1618,0.000173489,0.294472,6,-323.2176221,6633.97,2106.4,3.14944,0.000261418,0.483855
153.331887,1,AUTO,ARMED,5,AVAILABLE,UNAVAILABLE,UNAVAILABLE,152,5,ACTIVE,41,E_P3_NEW3-A3.NC,E_P3_NEW3-A3.NC,41429.939,211856.19,5768.6,7354.8174,100,38.1,31,50,0,21,100,9750.0,18596.7,479.654,38.7711,0.000406336,0.345715,0,568.4555664,14066.4,2304.63,6.10354,0.000234563,0.365728,0,304.1688838,4755.4,889.984,5.34324,0.000124137,0.159432,6,-323.2175649,6898.37,568.472,12.1349,0.000134839,0.182128
153.476535,1,AUTO,ARMED,5,AVAILABLE,UNAVAILABLE,UNAVAILABLE,152,5,ACTIVE,41,E_P3_NEW3-A3.NC,E_P3_NEW3-A3.NC,41429.939,211856.19,5768.6,7354.8174,100,38.1,31,50,0,20,100,9750.0,18596.7,479.654,38.7711,0.000406336,0.345715,0,564.5311634,14066.4,2304.63,6.10354,0.000234563,0.365728,0,304.1689196,4755.4,889.984,5.34324,0.000124137,0.159432,6,-323.2176106,6898.37,568.472,12.1349,0.000134839,0.182128
153.629935,1,AUTO,ARMED,5,AVAILABLE,UNAVAILABLE,UNAVAILABLE,152,5,ACTIVE,41,E_P3_NEW3-A3.NC,E_P3_NEW3-A3.NC,41429.939,211856.19,5768.6,7354.8174,100,38.1,32,50,0,20,100,9750.0,18596.7,479.654,38.7711,0.000406336,0.345715,0,556.6730992,14066.4,2304.63,6.10354,0.000234563,0.365728,0,304.1689053,4755.4,889.984,5.34324,0.000124137,0.159432,6,-323.2176106,6898.37,568.472,12.1349,0.000134839,0.182128
153.77582,1,AUTO,ARMED,5,AVAILABLE,UNAVAILABLE,UNAVAILABLE,152,5,ACTIVE,41,E_P3_NEW3-A3.NC,E_P3_NEW3-A3.NC,41429.939,211856.19,5768.6,7354.8174,100,38.1,32,50,0,21,100,9750.0,18596.7,479.654,38.7711,0.000406336,0.345715,0,552.7583689,14066.4,2304.63,6.10354,0.000234563,0.365728,0,304.1689124,4755.4,889.984,5.34324,0.000124137,0.159432,6,-323.2176221,6898.37,568.472,12.1349,0.000134839,0.182128
153.926427,1,AUTO,ARMED,5,AVAILABLE,UNAVAILABLE,UNAVAILABLE,152,5,ACTIVE,41,E_P3_NEW3-A3.NC,E_P3_NEW3-A3.NC,41429.939,211856.19,5768.6,2785.5293,100,38.1,32,50,0,21,100,9750.0,18596.7,479.654,38.7711,0.000406336,0.345715,0,548.8244844,14066.4,2304.63,6.10354,0.000234563,0.365728,0,304.1689196,4755.4,889.984,5.34324,0.000124137,0.159432,6,-323.2175763,6898.37,568.472,12.1349,0.000134839,0.182128
154.103579,1,AUTO,ARMED,5,AVAILABLE,UNAVAILABLE,UNAVAILABLE,152,5,ACTIVE,41,E_P3_NEW3-A3.NC,E_P3_NEW3-A3.NC,41429.939,211856.19,5768.6,2785.5293,100,38.1,32,50,0,21,100,9750.0,18596.7,479.654,38.7711,0.000406336,0.345715,0,540.9764847,14066.4,2304.63,6.10354,0.000234563,0.365728,0,304.1695704,4755.4,889.984,5.34324,0.000124137,0.159432,6,-323.2175763,6898.37,568.472,12.1349,0.000134839,0.182128
154.257374,1,AUTO,ARMED,5,AVAILABLE,UNAVAILABLE,UNAVAILABLE,152,5,ACTIVE,41,E_P3_NEW3-A3.NC,E_P3_NEW3-A3.NC,41429.939,211856.19,5768.6,2785.5293,100,38.1,32,50,0,4,100,9750.0,18596.7,479.654,38.7711,0.000406336,0.345715,0,533.127399,14066.4,2304.63,6.10354,0.000234563,0.365728,0,304.1689196,4755.4,889.984,5.34324,0.000124137,0.159432,6,-323.2175878,6898.37,568.472,12.1349,0.000134839,0.182128
154.406131,1,AUTO,ARMED,5,AVAILABLE,UNAVAILABLE,UNAVAILABLE,152,5,ACTIVE,41,E_P3_NEW3-A3.NC,E_P3_NEW3-A3.NC,41429.939,211856.19,5768.6,2785.5293,100,37.75,32,50,0,0,100,9750.0,3983.29,353.542,11.2668,0.000370199,0.302573,0,530.4169616,2712.46,116.326,23.3177,0.000119092,0.0926207,0,304.1689053,624.445,97.7849,6.3859,0.000129712,0.0851338,6,-323.2175878,1514.28,421.207,3.5951,0.000158119,0.140837
154.546055,1,AUTO,ARMED,5,AVAILABLE,UNAVAILABLE,UNAVAILABLE,152,5,ACTIVE,41,E_P3_NEW3-A3.NC,E_P3_NEW3-A3.NC,41429.939,211856.19,5768.6,2785.5293,100,25.18333,32,50,0,1,100,9750.0,3983.29,353.542,11.2668,0.000370199,0.302573,0,530.3874785,2712.46,116.326,23.3177,0.000119092,0.0926207,0,304.1688909,624.445,97.7849,6.3859,0.000129712,0.0851338,6,-323.2175992,1514.28,421.207,3.5951,0.000158119,0.140837
154.697074,1,AUTO,ARMED,5,AVAILABLE,UNAVAILABLE,UNAVAILABLE,153,5,ACTIVE,41,E_P3_NEW3-A3.NC,E_P3_NEW3-A3.NC,41429.939,211856.19,5768.6,2785.5293,100,0.0,33,50,0,5,100,9750.0,3983.29,353.542,11.2668,0.000370199,0.302573,0,530.3867204,2712.46,116.326,23.3177,0.000119092,0.0926207,0,304.1688981,624.445,97.7849,6.3859,0.000129712,0.0851338,6,-323.2175992,1514.28,421.207,3.5951,0.000158119,0.140837
154.867559,1,AUTO,ARMED,5,AVAILABLE,UNAVAILABLE,UNAVAILABLE,153,5,ACTIVE,41,E_P3_NEW3-A3.NC,E_P3_NEW3-A3.NC,41429.939,211856.19,5768.6,2785.5293,100,0.0,33,50,0,5,100,9750.0,3983.29,353.542,11.2668,0.000370199,0.302573,0,530.3867347,2712.46,116.326,23.3177,0.000119092,0.0926207,0,304.1688981,624.445,97.7849,6.3859,0.000129712,0.0851338,6,-323.2175878,1514.28,421.207,3.5951,0.000158119,0.140837
155.024171,1,AUTO,ARMED,5,AVAILABLE,UNAVAILABLE,UNAVAILABLE,153,5,ACTIVE,41,E_P3_NEW3-A3.NC,E_P3_NEW3-A3.NC,41429.939,211856.19,5768.6,3207.2954,100,0.0,33,50,0,4,100,9750.0,3983.29,353.542,11.2668,0.000370199,0.302573,0,530.3867633,2712.46,116.326,23.3177,0.000119092,0.0926207,0,304.1688981,624.445,97.7849,6.3859,0.000129712,0.0851338,6,-323.2175878,1514.28,421.207,3.5951,0.000158119,0.140837
155.164644,1,AUTO,ARMED,5,AVAILABLE,UNAVAILABLE,UNAVAILABLE,153,5,ACTIVE,41,E_P3_NEW3-A3.NC,E_P3_NEW3-A3.NC,41429.939,211856.19,5768.6,3207.2954,100,0.0,33,50,0,4,100,9750.0,3983.29,353.542,11.2668,0.000370199,0.302573,0,530.3867704,2712.46,116.326,23.3177,0.000119092,0.0926207,0,304.1688981,624.445,97.7849,6.3859,0.000129712,0.0851338,6,-323.2175992,1514.28,421.207,3.5951,0.000158119,0.140837
155.347521,1,AUTO,ARMED,5,AVAILABLE,UNAVAILABLE,UNAVAILABLE,153,5,ACTIVE,41,E_P3_NEW3-A3.NC,E_P3_NEW3-A3.NC,41429.939,211856.19,5768.6,3207.2954,100,0.0,33,50,0,4,100,9750.0,3983.29,353.542,11.2668,0.000370199,0.302573,0,530.3867847,2712.46,116.326,23.3177,0.000119092,0.0926207,0,304.1688981,624.445,97.7849,6.3859,0.000129712,0.0851338,6,-323.2175878,1514.28,421.207,3.5951,0.000158119,0.140837
155.491109,1,AUTO,ARMED,5,AVAILABLE,UNAVAILABLE,UNAVAILABLE,153,5,ACTIVE,41,E_P3_NEW3-A3.NC,E_P3_NEW3-A3.NC,41429.939,211856.19,5768.6,3207.2954,100,0.0,33,50,0,3,100,9750.0,4391.22,326.975,13.4298,0.000204265,0.150346,0,530.3867919,912.158,116.75,7.81292,0.000338454,0.127283,0,304.1688909,816.582,82.123,9.9434,8.27822e-05,0.0398526,6,-323.2176106,1922.89,391.578,4.91062,0.00016033,0.147348
155.641435,1,AUTO,ARMED,5,AVAILABLE,UNAVAILABLE,UNAVAILABLE,156,5,ACTIVE,41,E_P3_NEW3-A3.NC,E_P3_NEW3-A3.NC,41429.939,211856.19,5768.6,3207.2954,100,0.0,34,50,0,3,100,9715.220386,4391.22,326.975,13.4298,0.000204265,0.150346,0,530.3867919,912.158,116.75,7.81292,0.000338454,0.127283,0,304.1689053,816.582,82.123,9.9434,8.27822e-05,0.0398526,6,-323.2175878,1922.89,391.578,4.91062,0.00016033,0.147348
155.810125,1,AUTO,ARMED,5,AVAILABLE,UNAVAILABLE,UNAVAILABLE,156,5,ACTIVE,41,E_P3_NEW3-A3.NC,E_P3_NEW3-A3.NC,41429.939,211856.19,5768.6,3207.2954,100,0.0,34,50,0,59,100,9478.224759,4391.22,326.975,13.4298,0.000204265,0.150346,0,530.3867919,912.158,116.75,7.81292,0.000338454,0.127283,0,304.1688909,816.582,82.123,9.9434,8.27822e-05,0.0398526,6,-323.2176106,1922.89,391.578,4.91062,0.00016033,0.147348
155.96215,1,AUTO,ARMED,5,AVAILABLE,UNAVAILABLE,UNAVAILABLE,156,5,ACTIVE,41,E_P3_NEW3-A3.NC,E_P3_NEW3-A3.NC,41429.939,211856.19,5768.6,3207.2954,100,0.0,34,50,0,40,100,9010.08578,4391.22,326.975,13.4298,0.000204265,0.150346,0,530.3867919,912.158,116.75,7.81292,0.000338454,0.127283,0,304.1689053,816.582,82.123,9.9434,8.27822e-05,0.0398526,6,-323.2175992,1922.89,391.578,4.91062,0.00016033,0.147348
156.105264,1,AUTO,ARMED,5,AVAILABLE,UNAVAILABLE,UNAVAILABLE,156,5,ACTIVE,41,E_P3_NEW3-A3.NC,E_P3_NEW3-A3.NC,41429.939,211856.19,5768.6,5697.5952,100,0.0,34,50,0,35,100,8250.0,4391.22,326.975,13.4298,0.000204265,0.150346,0,530.386799,912.158,116.75,7.81292,0.000338454,0.127283,0,304.1688981,816.582,82.123,9.9434,8.27822e-05,0.0398526,6,-323.2175992,1922.89,391.578,4.91062,0.00016033,0.147348
156.253458,1,AUTO,ARMED,5,AVAILABLE,UNAVAILABLE,UNAVAILABLE,156,5,ACTIVE,41,E_P3_NEW3-A3.NC,E_P3_NEW3-A3.NC,41429.939,211856.19,5768.6,5697.5952,100,0.0,34,50,0,25,100,8250.0,4391.22,326.975,13.4298,0.000204265,0.150346,0,530.386799,912.158,116.75,7.81292,0.000338454,0.127283,0,304.2974139,816.582,82.123,9.9434,8.27822e-05,0.0398526,6,-323.2176106,1922.89,391.578,4.91062,0.00016033,0.147348
156.412025,1,AUTO,ARMED,5,AVAILABLE,UNAVAILABLE,UNAVAILABLE,157,5,ACTIVE,41,E_P3_NEW3-A3.NC,E_P3_NEW3-A3.NC,41429.939,211856.19,5768.6,5697.5952,100,0.0,34,50,0,11,100,8250.0,4391.22,326.975,13.4298,0.000204265,0.150346,0,530.386799,912.158,116.75,7.81292,0.000338454,0.127283,0,304.2960406,816.582,82.123,9.9434,8.27822e-05,0.0398526,6,-323.2175992,1922.89,391.578,4.91062,0.00016033,0.147348
156.553757,1,AUTO,ARMED,5,AVAILABLE,UNAVAILABLE,UNAVAILABLE,157,5,ACTIVE,41,E_P3_NEW3-A3.NC,E_P3_NEW3-A3.NC,41429.939,211856.19,5768.6,5697.5952,100,0.0,35,50,0,17,100,8250.0,3935.3,255.589,15.397,0.000388919,0.178442,0,530.3867919,1056.18,415.627,2.54117,0.000288861,0.227996,0,304.2959047,744.53,119.893,6.20995,7.91517e-05,0.0442667,6,-323.2175878,1297.95,414.748,3.12949,0.000235375,0.144669
156.703941,1,AUTO,ARMED,5,AVAILABLE,UNAVAILABLE,UNAVAILABLE,157,5,ACTIVE,41,E_P3_NEW3-A3.NC,E_P3_NEW3-A3.NC,41429.939,211856.19,5768.6,5697.5952,100,0.0,35,50,0,20,100,8250.0,3935.3,255.589,15.397,0.000388919,0.178442,0,530.386799,1056.18,415.627,2.54117,0.000288861,0.227996,0,304.2958904,744.53,119.893,6.20995,7.91517e-05,0.0442667,6,-323.2175992,1297.95,414.748,3.12949,0.000235375,0.144669
156.862999,1,AUTO,ARMED,5,AVAILABLE,UNAVAILABLE,UNAVAILABLE,157,5,ACTIVE,41,E_P3_NEW3-A3.NC,E_P3_NEW3-A3.NC,41429.939,211856.19,5768.6,5697.5952,100,0.0,35,50,0,11,100,8250.0,3935.3,255.589,15.397,0.000388919,0.178442,0,530.386799,1056.18,415.627,2.54117,0.000288861,0.227996,0,304.2959047,744.53,119.893,6.20995,7.91517e-05,0.0442667,6,-323.2175992,1297.95,414.748,3.12949,0.000235375,0.144669
157.017862,1,AUTO,ARMED,5,AVAILABLE,UNAVAILABLE,UNAVAILABLE,157,5,ACTIVE,41,E_P3_NEW3-A3.NC,E_P3_NEW3-A3.NC,41429.939,211856.19,5768.6,5697.5952,100,0.0,35,50,0,1,100,8250.0,3935.3,255.589,15.397,0.000388919,0.178442,0,530.3867919,1056.18,415.627,2.54117,0.000288861,0.227996,0,304.2958904,744.53,119.893,6.20995,7.91517e-05,0.0442667,6,-323.2175992,1297.95,414.748,3.12949,0.000235375,0.144669
157.176874,1,AUTO,ARMED,5,AVAILABLE,UNAVAILABLE,UNAVAILABLE,157,5,ACTIVE,41,E_P3_NEW3-A3.NC,E_P3_NEW3-A3.NC,41429.939,211856.19,5768.6,3370.9338,100,0.0,35,50,0,0,100,8250.0,3935.3,255.589,15.397,0.000388919,0.178442,0,530.386799,1056.18,415.627,2.54117,0.000288861,0.227996,0,304.2958833,744.53,119.893,6.20995,7.91517e-05,0.0442667,6,-323.2175992,1297.95,414.748,3.12949,0.000235375,0.144669
157.333894,1,AUTO,ARMED,5,AVAILABLE,UNAVAILABLE,UNAVAILABLE,158,5,ACTIVE,41,E_P3_NEW3-A3.NC,E_P3_NEW3-A3.NC,41429.939,211856.19,5768.6,3370.9338,100,23.28333,35,50,0,3,100,8250.0,3935.3,255.589,15.397,0.000388919,0.178442,1,531.2555863,1056.18,415.627,2.54117,0.000288861,0.227996,0,304.2959047,744.53,119.893,6.20995,7.91517e-05,0.0442667,6,-323.2175878,1297.95,414.748,3.12949,0.000235375,0.144669
157.471309,1,AUTO,ARMED,5,AVAILABLE,UNAVAILABLE,UNAVAILABLE,158,5,ACTIVE,41,E_P3_NEW3-A3.NC,E_P3_NEW3-A3.NC,41429.939,211856.19,5768.6,3370.9338,100,23.28333,35,50,0,3,100,8250.0,3935.3,255.589,15.397,0.000388919,0.178442,1,533.6520769,1056.18,415.627,2.54117,0.000288861,0.227996,0,304.2959047,744.53,119.893,6.20995,7.91517e-05,0.0442667,6,-323.2175878,1297.95,414.748,3.12949,0.000235375,0.144669
157.620694,1,AUTO,ARMED,5,AVAILABLE,UNAVAILABLE,UNAVAILABLE,158,5,ACTIVE,41,E_P3_NEW3-A3.NC,E_P3_NEW3-A3.NC,41429.939,211856.19,5768.6,3370.9338,100,23.28333,36,50,0,3,100,8250.0,17588.9,5780.78,3.04265,0.000267243,0.739399,0,536.0441723,17667.0,3667.51,4.81716,0.00030089,0.395316,0,304.2958904,3530.52,1321.91,2.67077,9.29273e-05,0.194042,6,-323.2176106,4206.32,1498.72,2.80661,0.000268125,0.359489
157.788905,1,AUTO,ARMED,5,AVAILABLE,UNAVAILABLE,UNAVAILABLE,158,5,ACTIVE,41,E_P3_NEW3-A3.NC,E_P3_NEW3-A3.NC,41429.939,211856.19,5768.6,3370.9338,100,23.28333,36,50,0,3,100,8250.0,17588.9,5780.78,3.04265,0.000267243,0.739399,0,540.8462801,17667.0,3667.51,4.81716,0.00030089,0.395316,0,304.2958833,3530.52,1321.91,2.67077,9.29273e-05,0.194042,6,-323.2175992,4206.32,1498.72,2.80661,0.000268125,0.359489
157.951046,1,AUTO,ARMED,5,AVAILABLE,UNAVAILABLE,UNAVAILABLE,158,5,ACTIVE,41,E_P3_NEW3-A3.NC,E_P3_NEW3-A3.NC,41429.939,211856.19,5768.6,3370.9338,100,23.28333,36,50,0,3,100,8250.0,17588.9,5780.78,3.04265,0.000267243,0.739399,1,545.6367436,17667.0,3667.51,4.81716,0.00030089,0.395316,0,304.2957188,3530.52,1321.91,2.67077,9.29273e-05,0.194042,6,-323.217645,4206.32,1498.72,2.80661,0.000268125,0.359489
158.121242,1,AUTO,ARMED,5,AVAILABLE,UNAVAILABLE,UNAVAILABLE,158,5,ACTIVE,41,E_P3_NEW3-A3.NC,E_P3_NEW3-A3.NC,41429.939,211856.19,5768.6,3370.9338,100,23.28333,36,50,0,7,100,8250.0,17588.9,5780.78,3.04265,0.000267243,0.739399,1,548.046477,17667.0,3667.51,4.81716,0.00030089,0.395316,0,304.2958475,3530.52,1321.91,2.67077,9.29273e-05,0.194042,6,-323.2175534,4206.32,1498.72,2.80661,0.000268125,0.359489
158.263872,1,AUTO,ARMED,5,AVAILABLE,UNAVAILABLE,UNAVAILABLE,158,5,ACTIVE,41,E_P3_NEW3-A3.NC,E_P3_NEW3-A3.NC,41429.939,211856.19,5768.6,4759.3657,100,23.28333,36,50,0,13,100,8250.0,17588.9,5780.78,3.04265,0.000267243,0.739399,1,552.8370335,17667.0,3667.51,4.81716,0.00030089,0.395316,0,304.2959262,3530.52,1321.91,2.67077,9.29273e-05,0.194042,6,-323.2175992,4206.32,1498.72,2.80661,0.000268125,0.359489
158.403584,1,AUTO,ARMED,5,AVAILABLE,UNAVAILABLE,UNAVAILABLE,158,5,ACTIVE,41,E_P3_NEW3-A3.NC,E_P3_NEW3-A3.NC,41429.939,211856.19,5768.6,4759.3657,100,23.28333,36,50,0,12,100,8250.0,17588.9,5780.78,3.04265,0.000267243,0.739399,1,555.2413597,17667.0,3667.51,4.81716,0.00030089,0.395316,0,304.2959262,3530.52,1321.91,2.67077,9.29273e-05,0.194042,6,-323.2175878,4206.32,1498.72,2.80661,0.000268125,0.359489
158.547465,1,AUTO,ARMED,5,AVAILABLE,UNAVAILABLE,UNAVAILABLE,158,5,ACTIVE,41,E_P3_NEW3-A3.NC,E_P3_NEW3-A3.NC,41429.939,211856.19,5768.6,4759.3657,100,23.28333,36,50,0,12,100,8250.0,17588.9,5780.78,3.04265,0.000267243,0.739399,1,557.6393916,17667.0,3667.51,4.81716,0.00030089,0.395316,0,304.2958904,3530.52,1321.91,2.67077,9.29273e-05,0.194042,6,-323.2176793,4206.32,1498.72,2.80661,0.000268125,0.359489
158.685805,1,AUTO,ARMED,5,AVAILABLE,UNAVAILABLE,UNAVAILABLE,158,5,ACTIVE,41,E_P3_NEW3-A3.NC,E_P3_NEW3-A3.NC,41429.939,211856.19,5768.6,4759.3657,100,23.28333,37,50,0,10,100,8250.0,21308.2,7509.04,2.83767,0.000285291,0.949325,1,562.4358218,19587.4,3079.65,6.36027,0.000332115,0.469517,0,304.2958976,3842.75,1381.33,2.78192,0.000100053,0.197403,6,-323.2175992,8556.86,1697.44,5.04104,0.000254335,0.391439
158.829061,1,AUTO,ARMED,5,AVAILABLE,UNAVAILABLE,UNAVAILABLE,158,5,ACTIVE,41,E_P3_NEW3-A3.NC,E_P3_NEW3-A3.NC,41429.939,211856.19,5768.6,4759.3657,100,23.28333,37,50,0,10,100,8250.0,21308.2,7509.04,2.83767,0.000285291,0.949325,1,566.0329424,19587.4,3079.65,6.36027,0.000332115,0.469517,0,304.2959047,3842.75,1381.33,2.78192,0.000100053,0.197403,6,-323.2175534,8556.86,1697.44,5.04104,0.000254335,0.391439
158.967907,1,AUTO,ARMED,5,AVAILABLE,UNAVAILABLE,UNAVAILABLE,158,5,ACTIVE,41,E_P3_NEW3-A3.NC,E_P3_NEW3-A3.NC,41429.939,211856.19,5768.6,4759.3657,100,23.28333,37,50,0,11,100,8250.0,21308.2,7509.04,2.83767,0.000285291,0.949325,1,568.4253795,19587.4,3079.65,6.36027,0.000332115,0.469517,0,304.2959191,3842.75,1381.33,2.78192,0.000100053,0.197403,6,-323.2175077,8556.86,1697.44,5.04104,0.000254335,0.391439
159.110496,1,AUTO,ARMED,5,AVAILABLE,UNAVAILABLE,UNAVAILABLE,158,5,ACTIVE,41,E_P3_NEW3-A3.NC,E_P3_NEW3-A3.NC,41429.939,211856.19,5768.6,4759.3657,100,23.28333,37,50,0,10,100,8250.0,21308.2,7509.04,2.83767,0.000285291,0.949325,1,570.8293822,19587.4,3079.65,6.36027,0.000332115,0.469517,0,304.2959047,3842.75,1381.33,2.78192,0.000100053,0.197403,6,-323.2176335,8556.86,1697.44,5.04104,0.000254335,0.391439
159.277081,1,AUTO,ARMED,5,AVAILABLE,UNAVAILABLE,UNAVAILABLE,158,5,ACTIVE,41,E_P3_NEW3-A3.NC,E_P3_NEW3-A3.NC,41429.939,211856.19,5768.6,4804.9971,100,23.28333,37,50,0,11,100,8250.0,21308.2,7509.04,2.83767,0.000285291,0.949325,1,575.6257289,19587.4,3079.65,6.36027,0.000332115,0.469517,0,304.2958904,3842.75,1381.33,2.78192,0.000100053,0.197403,6,-323.2175878,8556.86,1697.44,5.04104,0.000254335,0.391439
159.432825,1,AUTO,ARMED,5,AVAILABLE,UNAVAILABLE,UNAVAILABLE,158,5,ACTIVE,41,E_P3_NEW3-A3.NC,E_P3_NEW3-A3.NC,41429.939,211856.19,5768.6,4804.9971,100,23.28333,37,50,0,10,100,8250.0,21308.2,7509.04,2.83767,0.000285291,0.949325,1,578.0296243,19587.4,3079.65,6.36027,0.000332115,0.469517,0,304.295869,3842.75,1381.33,2.78192,0.000100053,0.197403,6,-323.2176221,8556.86,1697.44,5.04104,0.000254335,0.391439
159.580862,1,AUTO,ARMED,5,AVAILABLE,UNAVAILABLE,UNAVAILABLE,158,5,ACTIVE,41,E_P3_NEW3-A3.NC,E_P3_NEW3-A3.NC,41429.939,211856.19,5768.6,4804.9971,100,23.28333,38,50,0,11,100,8250.0,21308.2,7509.04,2.83767,0.000285291,0.949325,1,585.2125042,19587.4,3079.65,6.36027,0.000332115,0.469517,0,304.2959119,3842.75,1381.33,2.78192,0.000100053,0.197403,6,-323.2175534,8556.86,1697.44,5.04104,0.000254335,0.391439
159.723115,1,AUTO,ARMED,5,AVAILABLE,UNAVAILABLE,UNAVAILABLE,158,5,ACTIVE,41,E_P3_NEW3-A3.NC,E_P3_NEW3-A3.NC,41429.939,211856.19,5768.6,4804.9971,100,23.28333,38,50,0,11,100,8250.0,22172.1,275.709,80.4185,0.00024331,0.168985,1,587.6166424,14522.5,353.445,41.0884,0.000207913,0.145286,0,304.2959334,3986.85,1092.69,3.64866,0.000101787,0.142591,6,-323.217645,8917.4,441.184,20.2124,0.000212119,0.160912
159.868458,1,AUTO,ARMED,5,AVAILABLE,UNAVAILABLE,UNAVAILABLE,158,5,ACTIVE,41,E_P3_NEW3-A3.NC,E_P3_NEW3-A3.NC,41429.939,211856.19,5768.6,4804.9971,100,23.28333,38,50,0,11,100,8250.0,22172.1,275.709,80.4185,0.00024331,0.168985,1,590.0150158,14522.5,353.445,41.0884,0.000207913,0.145286,0,304.2958833,3986.85,1092.69,3.64866,0.000101787,0.142591,6,-323.2175878,8917.4,441.184,20.2124,0.000212119,0.160912
160.030648,1,AUTO,ARMED,5,AVAILABLE,UNAVAILABLE,UNAVAILABLE,158,5,ACTIVE,41,E_P3_NEW3-A3.NC,E_P3_NEW3-A3.NC,41429.939,211856.19,5768.6,4804.9971,100,23.28333,38,50,0,11,100,8250.0,22172.1,275.709,80.4185,0.00024331,0.168985,1,592.4131102,14522.5,353.445,41.0884,0.000207913,0.145286,0,304.2958833,3986.85,1092.69,3.64866,0.000101787,0.142591,6,-323.2176106,8917.4,441.184,20.2124,0.000212119,0.160912
160.174529,1,AUTO,ARMED,5,AVAILABLE,UNAVAILABLE,UNAVAILABLE,158,5,ACTIVE,41,E_P3_NEW3-A3.NC,E_P3_NEW3-A3.NC,41429.939,211856.19,5768.6,4804.9971,100,23.28333,38,50,0,10,100,8250.0,22172.1,275.709,80.4185,0.00024331,0.168985,1,597.215257,14522.5,353.445,41.0884,0.000207913,0.145286,0,304.2959047,3986.85,1092.69,3.64866,0.000101787,0.142591,6,-323.2175649,8917.4,441.184,20.2124,0.000212119,0.160912
160.328236,1,AUTO,ARMED,5,AVAILABLE,UNAVAILABLE,UNAVAILABLE,158,5,ACTIVE,41,E_P3_NEW3-A3.NC,E_P3_NEW3-A3.NC,41429.939,211856.19,5768.6,3140.1826,100,23.28333,38,50,0,10,100,8250.0,22172.1,275.709,80.4185,0.00024331,0.168985,1,599.6083947,14522.5,353.445,41.0884,0.000207913,0.145286,0,304.2962052,3986.85,1092.69,3.64866,0.000101787,0.142591,6,-323.2175878,8917.4,441.184,20.2124,0.000212119,0.160912
160.498063,1,AUTO,ARMED,5,AVAILABLE,UNAVAILABLE,UNAVAILABLE,158,5,ACTIVE,41,E_P3_NEW3-A3.NC,E_P3_NEW3-A3.NC,41429.939,211856.19,5768.6,3140.1826,100,23.28333,39,50,0,0,100,8250.0,22172.1,275.709,80.4185,0.00024331,0.168985,0,606.8021201,14522.5,353.445,41.0884,0.000207913,0.145286,0,304.2958904,3986.85,1092.69,3.64866,0.000101787,0.142591,6,-323.2175992,8917.4,441.184,20.2124,0.000212119,0.160912
160.69821,1,AUTO,ARMED,5,AVAILABLE,UNAVAILABLE,UNAVAILABLE,158,5,ACTIVE,41,E_P3_NEW3-A3.NC,E_P3_NEW3-A3.NC,41429.939,211856.19,5768.6,3140.1826,100,23.28333,39,50,0,0,100,8250.0,22172.1,275.709,80.4185,0.00024331,0.168985,0,609.2003504,14522.5,353.445,41.0884,0.000207913,0.145286,0,304.2959047,3986.85,1092.69,3.64866,0.000101787,0.142591,6,-323.2175992,8917.4,441.184,20.2124,0.000212119,0.160912
160.836031,1,AUTO,ARMED,5,AVAILABLE,UNAVAILABLE,UNAVAILABLE,158,5,ACTIVE,41,E_P3_NEW3-A3.NC,E_P3_NEW3-A3.NC,41429.939,211856.19,5768.6,3140.1826,100,16.1,39,50,0,2,100,8250.0,3815.32,281.9,13.5343,0.000222665,0.157259,0,611.6635322,1776.31,108.016,16.4449,0.00017271,0.107788,0,304.2959047,696.494,118.346,5.88523,0.000100228,0.0552838,6,-323.2175992,1442.17,479.655,3.00668,0.000251177,0.160688
160.980347,1,AUTO,ARMED,5,AVAILABLE,UNAVAILABLE,UNAVAILABLE,159,5,ACTIVE,41,E_P3_NEW3-A3.NC,E_P3_NEW3-A3.NC,41429.939,211856.19,5768.6,3140.1826,100,0.0,39,50,0,3,100,8250.0,3815.32,281.9,13.5343,0.000222665,0.157259,0,611.6664861,1776.31,108.016,16.4449,0.00017271,0.107788,0,304.2959119,696.494,118.346,5.88523,0.000100228,0.0552838,6,-323.2175878,1442.17,479.655,3.00668,0.000251177,0.160688
161.148573,1,AUTO,ARMED,5,AVAILABLE,UNAVAILABLE,UNAVAILABLE,159,5,ACTIVE,41,E_P3_NEW3-A3.NC,E_P3_NEW3-A3.NC,41429.939,211856.19,5768.6,3140.1826,100,0.0,39,50,0,3,100,8250.0,3815.32,281.9,13.5343,0.000222665,0.157259,0,611.666901,1776.31,108.016,16.4449,0.00017271,0.107788,0,304.2958976,696.494,118.346,5.88523,0.000100228,0.0552838,6,-323.2175878,1442.17,479.655,3.00668,0.000251177,0.160688
161.303296,1,AUTO,ARMED,5,AVAILABLE,UNAVAILABLE,UNAVAILABLE,159,5,ACTIVE,41,E_P3_NEW3-A3.NC,E_P3_NEW3-A3.NC,41429.939,211856.19,5768.6,3140.1826,100,0.0,39,50,0,2,100,8250.0,3815.32,281.9,13.5343,0.000222665,0.157259,0,611.6668652,1776.31,108.016,16.4449,0.00017271,0.107788,0,304.2958976,696.494,118.346,5.88523,0.000100228,0.0552838,6,-323.2175992,1442.17,479.655,3.00668,0.000251177,0.160688
161.443971,1,AUTO,ARMED,5,AVAILABLE,UNAVAILABLE,UNAVAILABLE,159,5,ACTIVE,41,E_P3_NEW3-A3.NC,E_P3_NEW3-A3.NC,41429.939,211856.19,5768.6,3140.1826,100,0.0,39,50,0,2,100,8250.0,3815.32,281.9,13.5343,0.000222665,0.157259,0,611.6668295,1776.31,108.016,16.4449,0.00017271,0.107788,0,304.2958833,696.494,118.346,5.88523,0.000100228,0.0552838,6,-323.2175992,1442.17,479.655,3.00668,0.000251177,0.160688
161.583214,1,AUTO,ARMED,5,AVAILABLE,UNAVAILABLE,UNAVAILABLE,159,5,ACTIVE,41,E_P3_NEW3-A3.NC,E_P3_NEW3-A3.NC,41429.939,211856.19,5768.6,3270.3552,100,0.0,39,50,0,2,100,8250.0,3815.32,281.9,13.5343,0.000222665,0.157259,0,611.6668223,1776.31,108.016,16.4449,0.00017271,0.107788,0,304.2958904,696.494,118.346,5.88523,0.000100228,0.0552838,6,-323.2175992,1442.17,479.655,3.00668,0.000251177,0.160688
161.733552,1,AUTO,ARMED,5,AVAILABLE,UNAVAILABLE,UNAVAILABLE,159,5,ACTIVE,41,E_P3_NEW3-A3.NC,E_P3_NEW3-A3.NC,41429.939,211856.19,5768.6,3270.3552,100,0.0,40,50,0,2,100,8250.0,3815.32,281.9,13.5343,0.000222665,0.157259,0,611.6668152,1776.31,108.016,16.4449,0.00017271,0.107788,0,304.2959047,696.494,118.346,5.88523,0.000100228,0.0552838,6,-323.2176106,1442.17,479.655,3.00668,0.000251177,0.160688
161.872947,1,AUTO,ARMED,5,AVAILABLE,UNAVAILABLE,UNAVAILABLE,159,5,ACTIVE,41,E_P3_NEW3-A3.NC,E_P3_NEW3-A3.NC,41429.939,211856.19,5768.6,3270.3552,100,0.0,40,50,0,3,100,8250.0,3863.31,1551.49,2.49006,0.000212149,0.241383,0,611.666808,7465.29,1339.01,5.57523,0.00043205,0.356909,0,304.305861,744.529,829.83,0.897207,9.83581e-05,0.134393,6,-323.2175992,1418.13,1120.16,1.26601,0.000215685,0.296152
162.013354,1,AUTO,ARMED,5,AVAILABLE,UNAVAILABLE,UNAVAILABLE,161,5,ACTIVE,41,E_P3_NEW3-A3.NC,E_P3_NEW3-A3.NC,41429.939,211856.19,5768.6,3270.3552,100,17.38333,40,50,0,3,100,8250.0,3863.31,1551.49,2.49006,0.000212149,0.241383,2,610.7300679,7465.29,1339.01,5.57523,0.00043205,0.356909,0,304.423033,744.529,829.83,0.897207,9.83581e-05,0.134393,6,-323.2175878,1418.13,1120.16,1.26601,0.000215685,0.296152
162.169865,1,AUTO,ARMED,5,AVAILABLE,UNAVAILABLE,UNAVAILABLE,161,5,ACTIVE,41,E_P3_NEW3-A3.NC,E_P3_NEW3-A3.NC,41429.939,211856.19,5768.6,3270.3552,100,21.81667,40,50,0,3,100,8250.0,3863.31,1551.49,2.49006,0.000212149,0.241383,0,605.9318523,7465.29,1339.01,5.57523,0.00043205,0.356909,0,304.4229329,744.529,829.83,0.897207,9.83581e-05,0.134393,6,-323.2175992,1418.13,1120.16,1.26601,0.000215685,0.296152
162.328628,1,AUTO,ARMED,5,AVAILABLE,UNAVAILABLE,UNAVAILABLE,161,5,ACTIVE,41,E_P3_NEW3-A3.NC,E_P3_NEW3-A3.NC,41429.939,211856.19,5768.6,3270.3552,100,23.28333,40,50,0,3,100,8250.0,3863.31,1551.49,2.49006,0.000212149,0.241383,0,603.5398965,7465.29,1339.01,5.57523,0.00043205,0.356909,0,304.4229257,744.529,829.83,0.897207,9.83581e-05,0.134393,6,-323.2175992,1418.13,1120.16,1.26601,0.000215685,0.296152
162.468663,1,AUTO,ARMED,5,AVAILABLE,UNAVAILABLE,UNAVAILABLE,161,5,ACTIVE,41,E_P3_NEW3-A3.NC,E_P3_NEW3-A3.NC,41429.939,211856.19,5768.6,3270.3552,100,23.28333,40,50,0,2,100,8250.0,3863.31,1551.49,2.49006,0.000212149,0.241383,0,601.1415534,7465.29,1339.01,5.57523,0.00043205,0.356909,0,304.4229042,744.529,829.83,0.897207,9.83581e-05,0.134393,6,-323.2175992,1418.13,1120.16,1.26601,0.000215685,0.296152
162.615423,1,AUTO,ARMED,5,AVAILABLE,UNAVAILABLE,UNAVAILABLE,161,5,ACTIVE,41,E_P3_NEW3-A3.NC,E_P3_NEW3-A3.NC,41429.939,211856.19,5768.6,4211.1675,100,23.28333,41,50,0,9,100,8250.0,3863.31,1551.49,2.49006,0.000212149,0.241383,0,593.9469747,7465.29,1339.01,5.57523,0.00043205,0.356909,0,304.4228756,744.529,829.83,0.897207,9.83581e-05,0.134393,6,-323.2175992,1418.13,1120.16,1.26601,0.000215685,0.296152
162.755961,1,AUTO,ARMED,5,AVAILABLE,UNAVAILABLE,UNAVAILABLE,161,5,ACTIVE,41,E_P3_NEW3-A3.NC,E_P3_NEW3-A3.NC,41429.939,211856.19,5768.6,4211.1675,100,23.28333,41,50,0,10,100,8250.0,3863.31,1551.49,2.49006,0.000212149,0.241383,0,592.7480999,7465.29,1339.01,5.57523,0.00043205,0.356909,0,304.4228971,744.529,829.83,0.897207,9.83581e-05,0.134393,6,-323.2176106,1418.13,1120.16,1.26601,0.000215685,0.296152
162.90902,1,AUTO,ARMED,5,AVAILABLE,UNAVAILABLE,UNAVAILABLE,161,5,ACTIVE,41,E_P3_NEW3-A3.NC,E_P3_NEW3-A3.NC,41429.939,211856.19,5768.6,4211.1675,100,23.28333,41,50,0,10,100,8250.0,8710.45,2164.81,4.02366,0.000232717,0.330797,0,590.3437915,9577.65,1443.71,6.63405,0.000346756,0.343452,0,304.4228756,2954.11,1000.45,2.95278,0.000132365,0.148089,6,-323.2175992,3893.85,1269.57,3.06706,0.000197571,0.319172
163.071712,1,AUTO,ARMED,5,AVAILABLE,UNAVAILABLE,UNAVAILABLE,161,5,ACTIVE,41,E_P3_NEW3-A3.NC,E_P3_NEW3-A3.NC,41429.939,211856.19,5768.6,4211.1675,100,23.28333,41,50,0,8,100,8250.0,8710.45,2164.81,4.02366,0.000232717,0.330797,0,585.5533782,9577.65,1443.71,6.63405,0.000346756,0.343452,0,304.4228971,2954.11,1000.45,2.95278,0.000132365,0.148089,6,-323.2175992,3893.85,1269.57,3.06706,0.000197571,0.319172
163.232417,1,AUTO,ARMED,5,AVAILABLE,UNAVAILABLE,UNAVAILABLE,161,5,ACTIVE,41,E_P3_NEW3-A3.NC,E_P3_NEW3-A3.NC,41429.939,211856.19,5768.6,4211.1675,100,23.28333,41,50,0,8,100,8250.0,8710.45,2164.81,4.02366,0.000232717,0.330797,0,583.1493057,9577.65,1443.71,6.63405,0.000346756,0.343452,0,304.4229114,2954.11,1000.45,2.95278,0.000132365,0.148089,6,-323.217542,3893.85,1269.57,3.06706,0.000197571,0.319172
163.387621,1,AUTO,ARMED,5,AVAILABLE,UNAVAILABLE,UNAVAILABLE,161,5,ACTIVE,41,E_P3_NEW3-A3.NC,E_P3_NEW3-A3.NC,41429.939,211856.19,5768.6,4211.1675,100,23.28333,41,50,0,7,100,8250.0,8710.45,2164.81,4.02366,0.000232717,0.330797,0,580.7511934,9577.65,1443.71,6.63405,0.000346756,0.343452,0,304.42294,2954.11,1000.45,2.95278,0.000132365,0.148089,6,-323.2175992,3893.85,1269.57,3.06706,0.000197571,0.319172
163.539422,1,AUTO,ARMED,5,AVAILABLE,UNAVAILABLE,UNAVAILABLE,161,5,ACTIVE,41,E_P3_NEW3-A3.NC,E_P3_NEW3-A3.NC,41429.939,211856.19,5768.6,4211.1675,100,23.28333,42,50,0,7,100,8250.0,8710.45,2164.81,4.02366,0.000232717,0.330797,0,573.5565987,9577.65,1443.71,6.63405,0.000346756,0.343452,0,304.4228613,2954.11,1000.45,2.95278,0.000132365,0.148089,6,-323.2176106,3893.85,1269.57,3.06706,0.000197571,0.319172
163.705003,1,AUTO,ARMED,5,AVAILABLE,UNAVAILABLE,UNAVAILABLE,161,5,ACTIVE,41,E_P3_NEW3-A3.NC,E_P3_NEW3-A3.NC,41429.939,211856.19,5768.6,4178.3262,100,23.28333,42,50,0,8,100,8250.0,8710.45,2164.81,4.02366,0.000232717,0.330797,0,571.1584148,9577.65,1443.71,6.63405,0.000346756,0.343452,0,304.4228685,2954.11,1000.45,2.95278,0.000132365,0.148089,6,-323.2176221,3893.85,1269.57,3.06706,0.000197571,0.319172
163.871472,1,AUTO,ARMED,5,AVAILABLE,UNAVAILABLE,UNAVAILABLE,161,5,ACTIVE,41,E_P3_NEW3-A3.NC,E_P3_NEW3-A3.NC,41429.939,211856.19,5768.6,4178.3262,100,23.28333,42,50,0,8,100,8250.0,8710.45,2164.81,4.02366,0.000232717,0.330797,0,568.7660745,9577.65,1443.71,6.63405,0.000346756,0.343452,0,304.4228971,2954.11,1000.45,2.95278,0.000132365,0.148089,6,-323.2175763,3893.85,1269.57,3.06706,0.000197571,0.319172
164.018904,1,AUTO,ARMED,5,AVAILABLE,UNAVAILABLE,UNAVAILABLE,161,5,ACTIVE,41,E_P3_NEW3-A3.NC,E_P3_NEW3-A3.NC,41429.939,211856.19,5768.6,4178.3262,100,23.28333,42,50,0,8,100,8250.0,8206.54,1951.65,4.20492,0.000248493,0.310597,0,563.9580766,10129.7,1543.97,6.56081,0.000372766,0.341858,0,304.4229472,2713.94,932.86,2.90927,0.000149607,0.143964,6,-323.2175992,4038.07,1218.62,3.31364,0.000204646,0.300467
164.171457,1,AUTO,ARMED,5,AVAILABLE,UNAVAILABLE,UNAVAILABLE,161,5,ACTIVE,41,E_P3_NEW3-A3.NC,E_P3_NEW3-A3.NC,41429.939,211856.19,5768.6,4178.3262,100,23.28333,42,50,0,8,100,8250.0,8206.54,1951.65,4.20492,0.000248493,0.310597,0,561.565672,10129.7,1543.97,6.56081,0.000372766,0.341858,0,304.4229329,2713.94,932.86,2.90927,0.000149607,0.143964,6,-323.2176106,4038.07,1218.62,3.31364,0.000204646,0.300467
164.320063,1,AUTO,ARMED,5,AVAILABLE,UNAVAILABLE,UNAVAILABLE,161,5,ACTIVE,41,E_P3_NEW3-A3.NC,E_P3_NEW3-A3.NC,41429.939,211856.19,5768.6,4178.3262,100,23.28333,42,50,0,7,100,8250.0,8206.54,1951.65,4.20492,0.000248493,0.310597,0,554.3710395,10129.7,1543.97,6.56081,0.000372766,0.341858,0,304.4228756,2713.94,932.86,2.90927,0.000149607,0.143964,6,-323.2175878,4038.07,1218.62,3.31364,0.000204646,0.300467
164.474558,1,AUTO,ARMED,5,AVAILABLE,UNAVAILABLE,UNAVAILABLE,161,5,ACTIVE,41,E_P3_NEW3-A3.NC,E_P3_NEW3-A3.NC,41429.939,211856.19,5768.6,4178.3262,100,23.28333,42,50,0,8,100,8250.0,8206.54,1951.65,4.20492,0.000248493,0.310597,0,551.9671503,10129.7,1543.97,6.56081,0.000372766,0.341858,0,304.4228899,2713.94,932.86,2.90927,0.000149607,0.143964,6,-323.2175763,4038.07,1218.62,3.31364,0.000204646,0.300467
164.62104,1,AUTO,ARMED,5,AVAILABLE,UNAVAILABLE,UNAVAILABLE,161,5,ACTIVE,41,E_P3_NEW3-A3.NC,E_P3_NEW3-A3.NC,41429.939,211856.19,5768.6,4178.3262,100,23.28333,43,50,0,7,100,8250.0,8206.54,1951.65,4.20492,0.000248493,0.310597,0,549.5690404,10129.7,1543.97,6.56081,0.000372766,0.341858,0,304.4229257,2713.94,932.86,2.90927,0.000149607,0.143964,6,-323.2175992,4038.07,1218.62,3.31364,0.000204646,0.300467
164.758863,1,AUTO,ARMED,5,AVAILABLE,UNAVAILABLE,UNAVAILABLE,161,5,ACTIVE,41,E_P3_NEW3-A3.NC,E_P3_NEW3-A3.NC,41429.939,211856.19,5768.6,3142.1016,100,23.28333,43,50,0,8,100,8250.0,8206.54,1951.65,4.20492,0.000248493,0.310597,0,545.9775723,10129.7,1543.97,6.56081,0.000372766,0.341858,0,304.4229329,2713.94,932.86,2.90927,0.000149607,0.143964,6,-323.2176106,4038.07,1218.62,3.31364,0.000204646,0.300467
164.904179,1,AUTO,ARMED,5,AVAILABLE,UNAVAILABLE,UNAVAILABLE,161,5,ACTIVE,41,E_P3_NEW3-A3.NC,E_P3_NEW3-A3.NC,41429.939,211856.19,5768.6,3142.1016,100,23.28333,43,50,0,8,100,8250.0,8206.54,1951.65,4.20492,0.000248493,0.310597,0,543.5738119,10129.7,1543.97,6.56081,0.000372766,0.341858,0,304.4230831,2713.94,932.86,2.90927,0.000149607,0.143964,6,-323.2176221,4038.07,1218.62,3.31364,0.000204646,0.300467
165.046481,1,AUTO,ARMED,5,AVAILABLE,UNAVAILABLE,UNAVAILABLE,161,5,ACTIVE,41,E_P3_NEW3-A3.NC,E_P3_NEW3-A3.NC,41429.939,211856.19,5768.6,3142.1016,100,23.28333,43,50,0,5,100,8250.0,6502.84,267.616,24.2991,0.000229634,0.158705,0,541.1755374,8809.52,137.704,63.9743,0.000199631,0.115709,0,304.423033,2257.61,118.463,19.0575,8.34344e-05,0.0455646,6,-323.2175878,3076.62,372.143,8.26731,0.000178482,0.133136
165.205653,1,AUTO,ARMED,5,AVAILABLE,UNAVAILABLE,UNAVAILABLE,161,5,ACTIVE,41,E_P3_NEW3-A3.NC,E_P3_NEW3-A3.NC,41429.939,211856.19,5768.6,3142.1016,100,23.28333,43,50,0,1,100,8250.0,6502.84,267.616,24.2991,0.000229634,0.158705,0,536.3848034,8809.52,137.704,63.9743,0.000199631,0.115709,0,304.4229329,2257.61,118.463,19.0575,8.34344e-05,0.0455646,6,-323.2175992,3076.62,372.143,8.26731,0.000178482,0.133136
165.375547,1,AUTO,ARMED,5,AVAILABLE,UNAVAILABLE,UNAVAILABLE,161,5,ACTIVE,41,E_P3_NEW3-A3.NC,E_P3_NEW3-A3.NC,41429.939,211856.19,5768.6,3142.1016,100,23.28333,43,50,0,1,100,8250.0,6502.84,267.616,24.2991,0.000229634,0.158705,0,533.9809714,8809.52,137.704,63.9743,0.000199631,0.115709,0,304.4229114,2257.61,118.463,19.0575,8.34344e-05,0.0455646,6,-323.2175878,3076.62,372.143,8.26731,0.000178482,0.133136
165.525178,1,AUTO,ARMED,5,AVAILABLE,UNAVAILABLE,UNAVAILABLE,161,5,ACTIVE,41,E_P3_NEW3-A3.NC,E_P3_NEW3-A3.NC,41429.939,211856.19,5768.6,3142.1016,100,16.13333,44,50,0,2,100,8250.0,6502.84,267.616,24.2991,0.000229634,0.158705,0,530.3869278,8809.52,137.704,63.9743,0.000199631,0.115709,0,304.4228971,2257.61,118.463,19.0575,8.34344e-05,0.0455646,6,-323.2175878,3076.62,372.143,8.26731,0.000178482,0.133136
165.676955,1,AUTO,ARMED,5,AVAILABLE,UNAVAILABLE,UNAVAILABLE,162,5,ACTIVE,41,E_P3_NEW3-A3.NC,E_P3_NEW3-A3.NC,41429.939,211856.19,5768.6,3142.1016,100,0.0,44,50,0,3,100,8250.0,6502.84,267.616,24.2991,0.000229634,0.158705,0,530.3866846,8809.52,137.704,63.9743,0.000199631,0.115709,0,304.4228899,2257.61,118.463,19.0575,8.34344e-05,0.0455646,6,-323.2175992,3076.62,372.143,8.26731,0.000178482,0.133136
165.815616,1,AUTO,ARMED,5,AVAILABLE,UNAVAILABLE,UNAVAILABLE,162,5,ACTIVE,41,E_P3_NEW3-A3.NC,E_P3_NEW3-A3.NC,41429.939,211856.19,5768.6,3228.1204,100,0.0,44,50,0,3,100,8250.0,6502.84,267.616,24.2991,0.000229634,0.158705,0,530.3866989,8809.52,137.704,63.9743,0.000199631,0.115709,0,304.4228971,2257.61,118.463,19.0575,8.34344e-05,0.0455646,6,-323.2175992,3076.62,372.143,8.26731,0.000178482,0.133136
165.95672,1,AUTO,ARMED,5,AVAILABLE,UNAVAILABLE,UNAVAILABLE,162,5,ACTIVE,41,E_P3_NEW3-A3.NC,E_P3_NEW3-A3.NC,41429.939,211856.19,5768.6,3228.1204,100,0.0,44,50,0,3,100,8250.0,6502.84,267.616,24.2991,0.000229634,0.158705,0,530.3867275,8809.52,137.704,63.9743,0.000199631,0.115709,0,304.4229042,2257.61,118.463,19.0575,8.34344e-05,0.0455646,6,-323.2175878,3076.62,372.143,8.26731,0.000178482,0.133136
166.098302,1,AUTO,ARMED,5,AVAILABLE,UNAVAILABLE,UNAVAILABLE,162,5,ACTIVE,41,E_P3_NEW3-A3.NC,E_P3_NEW3-A3.NC,41429.939,211856.19,5768.6,3228.1204,100,0.0,44,50,0,3,100,8250.0,3959.3,268.071,14.7696,0.000262023,0.165501,0,530.3867633,1128.2,115.386,9.77762,0.000237632,0.108311,0,304.4229114,1008.72,122.091,8.26203,0.000136979,0.0538394,6,-323.2175992,1201.81,386.622,3.10849,0.000316902,0.140205
166.241157,1,AUTO,ARMED,5,AVAILABLE,UNAVAILABLE,UNAVAILABLE,162,5,ACTIVE,41,E_P3_NEW3-A3.NC,E_P3_NEW3-A3.NC,41429.939,211856.19,5768.6,3228.1204,100,0.0,44,50,0,3,100,8250.0,3959.3,268.071,14.7696,0.000262023,0.165501,0,530.3867704,1128.2,115.386,9.77762,0.000237632,0.108311,0,304.4229042,1008.72,122.091,8.26203,0.000136979,0.0538394,6,-323.2175992,1201.81,386.622,3.10849,0.000316902,0.140205
166.395631,1,AUTO,ARMED,5,AVAILABLE,UNAVAILABLE,UNAVAILABLE,162,5,ACTIVE,41,E_P3_NEW3-A3.NC,E_P3_NEW3-A3.NC,41429.939,211856.19,5768.6,3228.1204,100,0.0,44,50,0,2,100,8250.0,3959.3,268.071,14.7696,0.000262023,0.165501,0,530.3867847,1128.2,115.386,9.77762,0.000237632,0.108311,0,304.4228971,1008.72,122.091,8.26203,0.000136979,0.0538394,6,-323.2176106,1201.81,386.622,3.10849,0.000316902,0.140205
166.552814,1,AUTO,ARMED,5,AVAILABLE,UNAVAILABLE,UNAVAILABLE,162,5,ACTIVE,41,E_P3_NEW3-A3.NC,E_P3_NEW3-A3.NC,41429.939,211856.19,5768.6,3228.1204,100,0.0,45,50,0,2,100,8250.0,3959.3,268.071,14.7696,0.000262023,0.165501,0,530.3867919,1128.2,115.386,9.77762,0.000237632,0.108311,0,304.55029,1008.72,122.091,8.26203,0.000136979,0.0538394,6,-323.2175992,1201.81,386.622,3.10849,0.000316902,0.140205
166.695491,1,AUTO,ARMED,5,AVAILABLE,UNAVAILABLE,UNAVAILABLE,166,5,ACTIVE,41,E_P3_NEW3-A3.NC,E_P3_NEW3-A3.NC,41429.939,211856.19,5768.6,3228.1204,100,0.0,45,50,0,2,100,8250.0,3959.3,268.071,14.7696,0.000262023,0.165501,0,530.3867919,1128.2,115.386,9.77762,0.000237632,0.108311,0,304.5500396,1008.72,122.091,8.26203,0.000136979,0.0538394,6,-323.2175992,1201.81,386.622,3.10849,0.000316902,0.140205
166.855611,1,AUTO,ARMED,5,AVAILABLE,UNAVAILABLE,UNAVAILABLE,166,5,ACTIVE,41,E_P3_NEW3-A3.NC,E_P3_NEW3-A3.NC,41429.939,211856.19,5768.6,3270.8108,100,0.0,45,50,0,2,100,8250.0,3959.3,268.071,14.7696,0.000262023,0.165501,0,530.386799,1128.2,115.386,9.77762,0.000237632,0.108311,0,304.5499037,1008.72,122.091,8.26203,0.000136979,0.0538394,6,-323.2175878,1201.81,386.622,3.10849,0.000316902,0.140205
166.997334,1,AUTO,ARMED,5,AVAILABLE,UNAVAILABLE,UNAVAILABLE,166,5,ACTIVE,41,E_P3_NEW3-A3.NC,E_P3_NEW3-A3.NC,41429.939,211856.19,5768.6,3270.8108,100,0.0,45,50,0,2,100,8250.0,3959.3,268.071,14.7696,0.000262023,0.165501,0,530.386799,1128.2,115.386,9.77762,0.000237632,0.108311,0,304.5499037,1008.72,122.091,8.26203,0.000136979,0.0538394,6,-323.2175992,1201.81,386.622,3.10849,0.000316902,0.140205
167.140033,1,AUTO,ARMED,5,AVAILABLE,UNAVAILABLE,UNAVAILABLE,166,5,ACTIVE,41,E_P3_NEW3-A3.NC,E_P3_NEW3-A3.NC,41429.939,211856.19,5768.6,3270.8108,100,0.0,45,50,0,3,100,8250.0,3863.31,265.949,14.5265,0.000240969,0.168558,0,530.386799,1104.19,261.592,4.22104,0.000338099,0.163595,0,304.5498894,672.479,141.18,4.76327,0.000153243,0.0618747,6,-323.2175878,4518.79,373.716,12.0915,0.000171797,0.13222
167.296874,1,AUTO,ARMED,5,AVAILABLE,UNAVAILABLE,UNAVAILABLE,166,5,ACTIVE,41,E_P3_NEW3-A3.NC,E_P3_NEW3-A3.NC,41429.939,211856.19,5768.6,3270.8108,100,0.0,45,50,0,3,100,8250.0,3863.31,265.949,14.5265,0.000240969,0.168558,0,530.386799,1104.19,261.592,4.22104,0.000338099,0.163595,0,304.5498894,672.479,141.18,4.76327,0.000153243,0.0618747,6,-323.2175992,4518.79,373.716,12.0915,0.000171797,0.13222
167.43927,1,AUTO,ARMED,5,AVAILABLE,UNAVAILABLE,UNAVAILABLE,166,5,ACTIVE,41,E_P3_NEW3-A3.NC,E_P3_NEW3-A3.NC,41429.939,211856.19,5768.6,3270.8108,100,0.0,45,50,0,3,100,8250.0,3863.31,265.949,14.5265,0.000240969,0.168558,0,530.386799,1104.19,261.592,4.22104,0.000338099,0.163595,0,304.5498966,672.479,141.18,4.76327,0.000153243,0.0618747,6,-323.2175992,4518.79,373.716,12.0915,0.000171797,0.13222
167.590621,1,AUTO,ARMED,5,AVAILABLE,UNAVAILABLE,UNAVAILABLE,167,5,ACTIVE,41,E_P3_NEW3-A3.NC,E_P3_NEW3-A3.NC,41429.939,211856.19,5768.6,3270.8108,100,0.0,46,50,0,3,100,8250.0,3863.31,265.949,14.5265,0.000240969,0.168558,0,530.4183478,1104.19,261.592,4.22104,0.000338099,0.163595,0,304.5499037,672.479,141.18,4.76327,0.000153243,0.0618747,6,-323.2176106,4518.79,373.716,12.0915,0.000171797,0.13222
167.748796,1,AUTO,ARMED,5,AVAILABLE,UNAVAILABLE,UNAVAILABLE,167,5,ACTIVE,41,E_P3_NEW3-A3.NC,E_P3_NEW3-A3.NC,41429.939,211856.19,5768.6,3270.8108,100,0.0,46,50,0,3,100,8250.0,3863.31,265.949,14.5265,0.000240969,0.168558,0,532.7578403,1104.19,261.592,4.22104,0.000338099,0.163595,0,304.5499037,672.479,141.18,4.76327,0.000153243,0.0618747,6,-323.2175992,4518.79,373.716,12.0915,0.000171797,0.13222
167.889053,1,AUTO,ARMED,5,AVAILABLE,UNAVAILABLE,UNAVAILABLE,167,5,ACTIVE,41,E_P3_NEW3-A3.NC,E_P3_NEW3-A3.NC,41429.939,211856.19,5768.6,3270.8108,100,27.51667,46,50,0,3,100,8250.0,3863.31,265.949,14.5265,0.000240969,0.168558,0,535.5900558,1104.19,261.592,4.22104,0.000338099,0.163595,0,304.5498823,672.479,141.18,4.76327,0.000153243,0.0618747,6,-323.2175992,4518.79,373.716,12.0915,0.000171797,0.13222
168.029523,1,AUTO,ARMED,5,AVAILABLE,UNAVAILABLE,UNAVAILABLE,167,5,ACTIVE,41,E_P3_NEW3-A3.NC,E_P3_NEW3-A3.NC,41429.939,211856.19,5768.6,4569.5547,100,27.51667,46,50,0,3,100,8250.0,3863.31,265.949,14.5265,0.000240969,0.168558,0,541.258569,1104.19,261.592,4.22104,0.000338099,0.163595,0,304.5499037,672.479,141.18,4.76327,0.000153243,0.0618747,6,-323.2175878,4518.79,373.716,12.0915,0.000171797,0.13222
168.176628,1,AUTO,ARMED,5,AVAILABLE,UNAVAILABLE,UNAVAILABLE,167,5,ACTIVE,41,E_P3_NEW3-A3.NC,E_P3_NEW3-A3.NC,41429.939,211856.19,5768.6,4569.5547,100,27.51667,46,50,0,6,100,8250.0,3863.31,265.949,14.5265,0.000240969,0.168558,1,546.926839,1104.19,261.592,4.22104,0.000338099,0.163595,0,304.5498251,672.479,141.18,4.76327,0.000153243,0.0618747,6,-323.2175992,4518.79,373.716,12.0915,0.000171797,0.13222
168.332728,1,AUTO,ARMED,5,AVAILABLE,UNAVAILABLE,UNAVAILABLE,167,5,ACTIVE,41,E_P3_NEW3-A3.NC,E_P3_NEW3-A3.NC,41429.939,211856.19,5768.6,4569.5547,100,27.51667,46,50,0,11,100,8250.0,16029.2,5260.12,3.04731,0.000227845,0.659604,1,552.602104,14810.6,2364.34,6.26416,0.000381679,0.401998,0,304.5499109,3626.59,1431.92,2.53268,0.000120108,0.196694,6,-323.2175878,4951.44,1546.62,3.20146,0.000216213,0.36237
168.477505,1,AUTO,ARMED,5,AVAILABLE,UNAVAILABLE,UNAVAILABLE,167,5,ACTIVE,41,E_P3_NEW3-A3.NC,E_P3_NEW3-A3.NC,41429.939,211856.19,5768.6,4569.5547,100,27.51667,46,50,0,11,100,8250.0,16029.2,5260.12,3.04731,0.000227845,0.659604,1,555.4296051,14810.6,2364.34,6.26416,0.000381679,0.401998,0,304.5499037,3626.59,1431.92,2.53268,0.000120108,0.196694,6,-323.2176221,4951.44,1546.62,3.20146,0.000216213,0.36237
168.625356,1,AUTO,ARMED,5,AVAILABLE,UNAVAILABLE,UNAVAILABLE,167,5,ACTIVE,41,E_P3_NEW3-A3.NC,E_P3_NEW3-A3.NC,41429.939,211856.19,5768.6,4569.5547,100,27.51667,47,50,0,10,100,8250.0,16029.2,5260.12,3.04731,0.000227845,0.659604,1,556.8469069,14810.6,2364.34,6.26416,0.000381679,0.401998,0,304.5498894,3626.59,1431.92,2.53268,0.000120108,0.196694,6,-323.2175878,4951.44,1546.62,3.20146,0.000216213,0.36237
168.784532,1,AUTO,ARMED,5,AVAILABLE,UNAVAILABLE,UNAVAILABLE,167,5,ACTIVE,41,E_P3_NEW3-A3.NC,E_P3_NEW3-A3.NC,41429.939,211856.19,5768.6,4569.5547,100,27.51667,47,50,0,9,100,8250.0,16029.2,5260.12,3.04731,0.000227845,0.659604,1,562.5220167,14810.6,2364.34,6.26416,0.000381679,0.401998,0,304.5498894,3626.59,1431.92,2.53268,0.000120108,0.196694,6,-323.217645,4951.44,1546.62,3.20146,0.000216213,0.36237
168.934905,1,AUTO,ARMED,5,AVAILABLE,UNAVAILABLE,UNAVAILABLE,167,5,ACTIVE,41,E_P3_NEW3-A3.NC,E_P3_NEW3-A3.NC,41429.939,211856.19,5768.6,4569.5547,100,27.51667,47,50,0,8,100,8250.0,16029.2,5260.12,3.04731,0.000227845,0.659604,1,565.3493624,14810.6,2364.34,6.26416,0.000381679,0.401998,0,304.5498966,3626.59,1431.92,2.53268,0.000120108,0.196694,6,-323.2175763,4951.44,1546.62,3.20146,0.000216213,0.36237
169.07353,1,AUTO,ARMED,5,AVAILABLE,UNAVAILABLE,UNAVAILABLE,167,5,ACTIVE,41,E_P3_NEW3-A3.NC,E_P3_NEW3-A3.NC,41429.939,211856.19,5768.6,4337.8599,100,27.51667,47,50,0,9,100,8250.0,16029.2,5260.12,3.04731,0.000227845,0.659604,1,568.190355,14810.6,2364.34,6.26416,0.000381679,0.401998,0,304.5499252,3626.59,1431.92,2.53268,0.000120108,0.196694,6,-323.2175649,4951.44,1546.62,3.20146,0.000216213,0.36237
169.213925,1,AUTO,ARMED,5,AVAILABLE,UNAVAILABLE,UNAVAILABLE,167,5,ACTIVE,41,E_P3_NEW3-A3.NC,E_P3_NEW3-A3.NC,41429.939,211856.19,5768.6,4337.8599,100,27.51667,47,50,0,8,100,8250.0,16029.2,5260.12,3.04731,0.000227845,0.659604,1,573.8590223,14810.6,2364.34,6.26416,0.000381679,0.401998,0,304.5499109,3626.59,1431.92,2.53268,0.000120108,0.196694,6,-323.2175992,4951.44,1546.62,3.20146,0.000216213,0.36237
169.357027,1,AUTO,ARMED,5,AVAILABLE,UNAVAILABLE,UNAVAILABLE,167,5,ACTIVE,41,E_P3_NEW3-A3.NC,E_P3_NEW3-A3.NC,41429.939,211856.19,5768.6,4337.8599,100,27.51667,47,50,0,9,100,8250.0,16245.1,5635.9,2.88243,0.000220457,0.70822,1,579.5273749,12746.2,2222.77,5.73438,0.000287761,0.392234,0,304.5498608,3482.49,1074.22,3.24188,9.56256e-05,0.1523,6,-323.2176564,4590.9,1560.58,2.94179,0.000235319,0.39052
169.509487,1,AUTO,ARMED,5,AVAILABLE,UNAVAILABLE,UNAVAILABLE,167,5,ACTIVE,41,E_P3_NEW3-A3.NC,E_P3_NEW3-A3.NC,41429.939,211856.19,5768.6,4337.8599,100,27.51667,48,50,0,9,100,8250.0,16245.1,5635.9,2.88243,0.000220457,0.70822,1,582.3613939,12746.2,2222.77,5.73438,0.000287761,0.392234,0,304.5498966,3482.49,1074.22,3.24188,9.56256e-05,0.1523,6,-323.2176106,4590.9,1560.58,2.94179,0.000235319,0.39052
169.664356,1,AUTO,ARMED,5,AVAILABLE,UNAVAILABLE,UNAVAILABLE,167,5,ACTIVE,41,E_P3_NEW3-A3.NC,E_P3_NEW3-A3.NC,41429.939,211856.19,5768.6,4337.8599,100,27.51667,48,50,0,8,100,8250.0,16245.1,5635.9,2.88243,0.000220457,0.70822,0,588.0368012,12746.2,2222.77,5.73438,0.000287761,0.392234,0,304.5499252,3482.49,1074.22,3.24188,9.56256e-05,0.1523,6,-323.2175992,4590.9,1560.58,2.94179,0.000235319,0.39052
169.810332,1,AUTO,ARMED,5,AVAILABLE,UNAVAILABLE,UNAVAILABLE,167,5,ACTIVE,41,E_P3_NEW3-A3.NC,E_P3_NEW3-A3.NC,41429.939,211856.19,5768.6,4337.8599,100,27.51667,48,50,0,8,100,8250.0,16245.1,5635.9,2.88243,0.000220457,0.70822,0,590.864417,12746.2,2222.77,5.73438,0.000287761,0.392234,0,304.5499466,3482.49,1074.22,3.24188,9.56256e-05,0.1523,6,-323.2175763,4590.9,1560.58,2.94179,0.000235319,0.39052
169.962324,1,AUTO,ARMED,5,AVAILABLE,UNAVAILABLE,UNAVAILABLE,167,5,ACTIVE,41,E_P3_NEW3-A3.NC,E_P3_NEW3-A3.NC,41429.939,211856.19,5768.6,4337.8599,100,27.51667,48,50,0,8,100,8250.0,16245.1,5635.9,2.88243,0.000220457,0.70822,1,593.69842,12746.2,2222.77,5.73438,0.000287761,0.392234,0,304.5499037,3482.49,1074.22,3.24188,9.56256e-05,0.1523,6,-323.2175878,4590.9,1560.58,2.94179,0.000235319,0.39052
170.120067,1,AUTO,ARMED,5,AVAILABLE,UNAVAILABLE,UNAVAILABLE,167,5,ACTIVE,41,E_P3_NEW3-A3.NC,E_P3_NEW3-A3.NC,41429.939,211856.19,5768.6,4337.8599,100,27.51667,48,50,0,8,100,8250.0,16245.1,5635.9,2.88243,0.000220457,0.70822,1,599.3741435,12746.2,2222.77,5.73438,0.000287761,0.392234,0,304.5500325,3482.49,1074.22,3.24188,9.56256e-05,0.1523,6,-323.2176221,4590.9,1560.58,2.94179,0.000235319,0.39052
170.256571,1,AUTO,ARMED,5,AVAILABLE,UNAVAILABLE,UNAVAILABLE,167,5,ACTIVE,41,E_P3_NEW3-A3.NC,E_P3_NEW3-A3.NC,41429.939,211856.19,5768.6,3041.458,100,27.51667,48,50,0,7,100,8250.0,16245.1,5635.9,2.88243,0.000220457,0.70822,0,605.03509,12746.2,2222.77,5.73438,0.000287761,0.392234,0,304.5499395,3482.49,1074.22,3.24188,9.56256e-05,0.1523,6,-323.2175992,4590.9,1560.58,2.94179,0.000235319,0.39052
170.405539,1,AUTO,ARMED,5,AVAILABLE,UNAVAILABLE,UNAVAILABLE,167,5,ACTIVE,41,E_P3_NEW3-A3.NC,E_P3_NEW3-A3.NC,41429.939,211856.19,5768.6,3041.458,100,27.51667,48,50,0,7,100,8250.0,12717.7,256.505,49.5807,0.000237353,0.160481,0,605.03509,10561.8,106.619,99.0611,0.000166857,0.109759,0,304.5499395,3146.25,112.21,28.0389,0.000147602,0.0564314,6,-323.2175992,4062.1,311.385,13.0453,0.000178148,0.122775
170.545942,1,AUTO,ARMED,5,AVAILABLE,UNAVAILABLE,UNAVAILABLE,167,5,ACTIVE,41,E_P3_NEW3-A3.NC,E_P3_NEW3-A3.NC,41429.939,211856.19,5768.6,3041.458,100,24.58333,49,50,0,1,100,8250.0,12717.7,256.505,49.5807,0.000237353,0.160481,0,611.6274694,10561.8,106.619,99.0611,0.000166857,0.109759,0,304.5499037,3146.25,112.21,28.0389,0.000147602,0.0564314,6,-323.2175992,4062.1,311.385,13.0453,0.000178148,0.122775
170.69142,1,AUTO,ARMED,5,AVAILABLE,UNAVAILABLE,UNAVAILABLE,168,5,ACTIVE,41,E_P3_NEW3-A3.NC,E_P3_NEW3-A3.NC,41429.939,211856.19,5768.6,3041.458,100,15.4,49,50,0,1,100,8250.0,12717.7,256.505,49.5807,0.000237353,0.160481,0,611.6657709,10561.8,106.619,99.0611,0.000166857,0.109759,0,304.5498894,3146.25,112.21,28.0389,0.000147602,0.0564314,6,-323.2175992,4062.1,311.385,13.0453,0.000178148,0.122775
170.851403,1,AUTO,ARMED,5,AVAILABLE,UNAVAILABLE,UNAVAILABLE,168,5,ACTIVE,41,E_P3_NEW3-A3.NC,E_P3_NEW3-A3.NC,41429.939,211856.19,5768.6,3041.458,100,0.0,49,50,0,3,100,8250.0,12717.7,256.505,49.5807,0.000237353,0.160481,0,611.6668581,10561.8,106.619,99.0611,0.000166857,0.109759,0,304.5498966,3146.25,112.21,28.0389,0.000147602,0.0564314,6,-323.2176106,4062.1,311.385,13.0453,0.000178148,0.122775
170.988781,1,AUTO,ARMED,5,AVAILABLE,UNAVAILABLE,UNAVAILABLE,168,5,ACTIVE,41,E_P3_NEW3-A3.NC,E_P3_NEW3-A3.NC,41429.939,211856.19,5768.6,3041.458,100,0.0,49,50,0,4,100,8250.0,12717.7,256.505,49.5807,0.000237353,0.160481,0,611.6668581,10561.8,106.619,99.0611,0.000166857,0.109759,0,304.5499109,3146.25,112.21,28.0389,0.000147602,0.0564314,6,-323.2175878,4062.1,311.385,13.0453,0.000178148,0.122775
171.136234,1,AUTO,ARMED,5,AVAILABLE,UNAVAILABLE,UNAVAILABLE,168,5,ACTIVE,41,E_P3_NEW3-A3.NC,E_P3_NEW3-A3.NC,41429.939,211856.19,5768.6,3041.458,100,0.0,49,50,0,3,100,8250.0,12717.7,256.505,49.5807,0.000237353,0.160481,0,611.6668366,10561.8,106.619,99.0611,0.000166857,0.109759,0,304.5498966,3146.25,112.21,28.0389,0.000147602,0.0564314,6,-323.2175992,4062.1,311.385,13.0453,0.000178148,0.122775
171.294189,1,AUTO,ARMED,5,AVAILABLE,UNAVAILABLE,UNAVAILABLE,168,5,ACTIVE,41,E_P3_NEW3-A3.NC,E_P3_NEW3-A3.NC,41429.939,211856.19,5768.6,3269.8804,100,0.0,49,50,0,3,100,8250.0,12717.7,256.505,49.5807,0.000237353,0.160481,0,611.6668152,10561.8,106.619,99.0611,0.000166857,0.109759,0,304.5499037,3146.25,112.21,28.0389,0.000147602,0.0564314,6,-323.2175992,4062.1,311.385,13.0453,0.000178148,0.122775
171.447338,1,AUTO,ARMED,5,AVAILABLE,UNAVAILABLE,UNAVAILABLE,168,5,ACTIVE,41,E_P3_NEW3-A3.NC,E_P3_NEW3-A3.NC,41429.939,211856.19,5768.6,3269.8804,100,0.0,49,50,0,3,100,8250.0,3863.31,267.966,14.4172,0.00025663,0.1493,0,611.666808,7777.34,264.249,29.4319,0.000218318,0.183153,0,304.5498894,696.499,170.186,4.09258,8.50836e-05,0.0461121,6,-323.2176106,1297.95,1218.33,1.06535,0.000316206,0.332841
171.591788,1,AUTO,ARMED,5,AVAILABLE,UNAVAILABLE,UNAVAILABLE,168,5,ACTIVE,41,E_P3_NEW3-A3.NC,E_P3_NEW3-A3.NC,41429.939,211856.19,5768.6,3269.8804,100,0.0,50,50,0,3,100,8250.0,3863.31,267.966,14.4172,0.00025663,0.1493,0,611.6668009,7777.34,264.249,29.4319,0.000218318,0.183153,0,304.5499037,696.499,170.186,4.09258,8.50836e-05,0.0461121,6,-323.2175878,1297.95,1218.33,1.06535,0.000316206,0.332841
171.734844,1,AUTO,ARMED,5,AVAILABLE,UNAVAILABLE,UNAVAILABLE,169,5,ACTIVE,41,E_P3_NEW3-A3.NC,E_P3_NEW3-A3.NC,41429.939,211856.19,5768.6,3269.8804,100,0.0,50,50,0,3,100,8250.0,3863.31,267.966,14.4172,0.00025663,0.1493,0,611.4148817,7777.34,264.249,29.4319,0.000218318,0.183153,0,304.6771536,696.499,170.186,4.09258,8.50836e-05,0.0461121,6,-323.2175878,1297.95,1218.33,1.06535,0.000316206,0.332841
171.892921,1,AUTO,ARMED,5,AVAILABLE,UNAVAILABLE,UNAVAILABLE,170,5,ACTIVE,41,E_P3_NEW3-A3.NC,E_P3_NEW3-A3.NC,41429.939,211856.19,5768.6,3269.8804,100,27.51667,50,50,0,3,100,8250.0,3863.31,267.966,14.4172,0.00025663,0.1493,0,605.9700688,7777.34,264.249,29.4319,0.000218318,0.183153,0,304.6769318,696.499,170.186,4.09258,8.50836e-05,0.0461121,6,-323.2175878,1297.95,1218.33,1.06535,0.000316206,0.332841
172.060037,1,AUTO,ARMED,5,AVAILABLE,UNAVAILABLE,UNAVAILABLE,170,5,ACTIVE,41,E_P3_NEW3-A3.NC,E_P3_NEW3-A3.NC,41429.939,211856.19,5768.6,3269.8804,100,27.51667,50,50,0,3,100,8250.0,3863.31,267.966,14.4172,0.00025663,0.1493,0,603.1430826,7777.34,264.249,29.4319,0.000218318,0.183153,0,304.6769175,696.499,170.186,4.09258,8.50836e-05,0.0461121,6,-323.2175992,1297.95,1218.33,1.06535,0.000316206,0.332841
172.204905,1,AUTO,ARMED,5,AVAILABLE,UNAVAILABLE,UNAVAILABLE,170,5,ACTIVE,41,E_P3_NEW3-A3.NC,E_P3_NEW3-A3.NC,41429.939,211856.19,5768.6,3269.8804,100,27.51667,50,50,0,3,100,8250.0,3863.31,267.966,14.4172,0.00025663,0.1493,0,600.3016837,7777.34,264.249,29.4319,0.000218318,0.183153,0,304.6767173,696.499,170.186,4.09258,8.50836e-05,0.0461121,6,-323.2176106,1297.95,1218.33,1.06535,0.000316206,0.332841
172.346629,1,AUTO,ARMED,5,AVAILABLE,UNAVAILABLE,UNAVAILABLE,170,5,ACTIVE,41,E_P3_NEW3-A3.NC,E_P3_NEW3-A3.NC,41429.939,211856.19,5768.6,4229.5137,100,27.51667,50,50,0,7,100,8250.0,3863.31,267.966,14.4172,0.00025663,0.1493,0,594.6334274,7777.34,264.249,29.4319,0.000218318,0.183153,0,304.6768174,696.499,170.186,4.09258,8.50836e-05,0.0461121,6,-323.2175763,1297.95,1218.33,1.06535,0.000316206,0.332841
172.497856,1,AUTO,ARMED,5,AVAILABLE,UNAVAILABLE,UNAVAILABLE,170,5,ACTIVE,41,E_P3_NEW3-A3.NC,E_P3_NEW3-A3.NC,41429.939,211856.19,5768.6,4229.5137,100,27.51667,50,50,0,10,100,8250.0,8470.5,2161.91,3.91806,0.00030429,0.319595,0,590.3820009,10585.8,1583.17,6.68646,0.000360454,0.356194,0,304.6769032,2641.89,1089.83,2.42413,0.000100992,0.16646,6,-323.2175763,4206.32,1301.22,3.2326,0.000228923,0.328901
172.641632,1,AUTO,ARMED,5,AVAILABLE,UNAVAILABLE,UNAVAILABLE,170,5,ACTIVE,41,E_P3_NEW3-A3.NC,E_P3_NEW3-A3.NC,41429.939,211856.19,5768.6,4229.5137,100,27.51667,51,50,0,10,100,8250.0,8470.5,2161.91,3.91806,0.00030429,0.319595,0,587.5410599,10585.8,1583.17,6.68646,0.000360454,0.356194,0,304.676939,2641.89,1089.83,2.42413,0.000100992,0.16646,6,-323.2175878,4206.32,1301.22,3.2326,0.000228923,0.328901
172.781967,1,AUTO,ARMED,5,AVAILABLE,UNAVAILABLE,UNAVAILABLE,170,5,ACTIVE,41,E_P3_NEW3-A3.NC,E_P3_NEW3-A3.NC,41429.939,211856.19,5768.6,4229.5137,100,27.51667,51,50,0,9,100,8250.0,8470.5,2161.91,3.91806,0.00030429,0.319595,0,581.8795569,10585.8,1583.17,6.68646,0.000360454,0.356194,0,304.676939,2641.89,1089.83,2.42413,0.000100992,0.16646,6,-323.2175992,4206.32,1301.22,3.2326,0.000228923,0.328901
172.926849,1,AUTO,ARMED,5,AVAILABLE,UNAVAILABLE,UNAVAILABLE,170,5,ACTIVE,41,E_P3_NEW3-A3.NC,E_P3_NEW3-A3.NC,41429.939,211856.19,5768.6,4229.5137,100,27.51667,51,50,0,8,100,8250.0,8470.5,2161.91,3.91806,0.00030429,0.319595,0,579.0451653,10585.8,1583.17,6.68646,0.000360454,0.356194,0,304.6768889,2641.89,1089.83,2.42413,0.000100992,0.16646,6,-323.2176106,4206.32,1301.22,3.2326,0.000228923,0.328901
173.072079,1,AUTO,ARMED,5,AVAILABLE,UNAVAILABLE,UNAVAILABLE,170,5,ACTIVE,41,E_P3_NEW3-A3.NC,E_P3_NEW3-A3.NC,41429.939,211856.19,5768.6,4229.5137,100,27.51667,51,50,0,8,100,8250.0,8470.5,2161.91,3.91806,0.00030429,0.319595,0,576.21121,10585.8,1583.17,6.68646,0.000360454,0.356194,0,304.6768603,2641.89,1089.83,2.42413,0.000100992,0.16646,6,-323.2176335,4206.32,1301.22,3.2326,0.000228923,0.328901
173.223225,1,AUTO,ARMED,5,AVAILABLE,UNAVAILABLE,UNAVAILABLE,170,5,ACTIVE,41,E_P3_NEW3-A3.NC,E_P3_NEW3-A3.NC,41429.939,211856.19,5768.6,4229.5137,100,27.51667,51,50,0,8,100,8250.0,8470.5,2161.91,3.91806,0.00030429,0.319595,0,570.5425699,10585.8,1583.17,6.68646,0.000360454,0.356194,0,304.6768961,2641.89,1089.83,2.42413,0.000100992,0.16646,6,-323.2175649,4206.32,1301.22,3.2326,0.000228923,0.328901
173.37817,1,AUTO,ARMED,5,AVAILABLE,UNAVAILABLE,UNAVAILABLE,170,5,ACTIVE,41,E_P3_NEW3-A3.NC,E_P3_NEW3-A3.NC,41429.939,211856.19,5768.7,4190.8955,100,27.51667,51,50,0,8,100,8250.0,8470.5,2161.91,3.91806,0.00030429,0.319595,0,564.8811466,10585.8,1583.17,6.68646,0.000360454,0.356194,0,304.6769461,2641.89,1089.83,2.42413,0.000100992,0.16646,6,-323.2175878,4206.32,1301.22,3.2326,0.000228923,0.328901
173.524883,1,AUTO,ARMED,5,AVAILABLE,UNAVAILABLE,UNAVAILABLE,170,5,ACTIVE,41,E_P3_NEW3-A3.NC,E_P3_NEW3-A3.NC,41429.939,211856.19,5768.7,4190.8955,100,27.51667,51,50,0,8,100,8250.0,9214.36,355.236,25.9387,0.0003141,0.239749,0,562.0330936,11041.9,255.33,43.2456,0.00022868,0.147332,0,304.6769104,2930.09,953.723,3.07227,9.73176e-05,0.146388,6,-323.2175992,4446.68,1286.85,3.45548,0.000316365,0.332481
173.676957,1,AUTO,ARMED,5,AVAILABLE,UNAVAILABLE,UNAVAILABLE,170,5,ACTIVE,41,E_P3_NEW3-A3.NC,E_P3_NEW3-A3.NC,41429.939,211856.19,5768.7,4190.8955,100,27.51667,52,50,0,8,100,8250.0,9214.36,355.236,25.9387,0.0003141,0.239749,0,556.3716448,11041.9,255.33,43.2456,0.00022868,0.147332,0,304.6768675,2930.09,953.723,3.07227,9.73176e-05,0.146388,6,-323.2176221,4446.68,1286.85,3.45548,0.000316365,0.332481
173.823512,1,AUTO,ARMED,5,AVAILABLE,UNAVAILABLE,UNAVAILABLE,170,5,ACTIVE,41,E_P3_NEW3-A3.NC,E_P3_NEW3-A3.NC,41429.939,211856.19,5768.7,4190.8955,100,27.51667,52,50,0,8,100,8250.0,9214.36,355.236,25.9387,0.0003141,0.239749,0,553.5302258,11041.9,255.33,43.2456,0.00022868,0.147332,0,304.6768889,2930.09,953.723,3.07227,9.73176e-05,0.146388,6,-323.2175763,4446.68,1286.85,3.45548,0.000316365,0.332481
173.965772,1,AUTO,ARMED,5,AVAILABLE,UNAVAILABLE,UNAVAILABLE,170,5,ACTIVE,41,E_P3_NEW3-A3.NC,E_P3_NEW3-A3.NC,41429.939,211856.19,5768.7,4190.8955,100,27.51667,52,50,0,8,100,8250.0,9214.36,355.236,25.9387,0.0003141,0.239749,0,550.7030831,11041.9,255.33,43.2456,0.00022868,0.147332,0,304.6768961,2930.09,953.723,3.07227,9.73176e-05,0.146388,6,-323.2175992,4446.68,1286.85,3.45548,0.000316365,0.332481
174.111415,1,AUTO,ARMED,5,AVAILABLE,UNAVAILABLE,UNAVAILABLE,170,5,ACTIVE,41,E_P3_NEW3-A3.NC,E_P3_NEW3-A3.NC,41429.939,211856.19,5768.7,4190.8955,100,27.51667,52,50,0,8,100,8250.0,9214.36,355.236,25.9387,0.0003141,0.239749,0,545.027698,11041.9,255.33,43.2456,0.00022868,0.147332,0,304.676939,2930.09,953.723,3.07227,9.73176e-05,0.146388,6,-323.2175649,4446.68,1286.85,3.45548,0.000316365,0.332481
174.263119,1,AUTO,ARMED,5,AVAILABLE,UNAVAILABLE,UNAVAILABLE,170,5,ACTIVE,41,E_P3_NEW3-A3.NC,E_P3_NEW3-A3.NC,41429.939,211856.19,5768.7,4190.8955,100,27.51667,52,50,0,8,100,8250.0,9214.36,355.236,25.9387,0.0003141,0.239749,0,542.1940895,11041.9,255.33,43.2456,0.00022868,0.147332,0,304.6771536,2930.09,953.723,3.07227,9.73176e-05,0.146388,6,-323.2176221,4446.68,1286.85,3.45548,0.000316365,0.332481
174.419723,1,AUTO,ARMED,5,AVAILABLE,UNAVAILABLE,UNAVAILABLE,170,5,ACTIVE,41,E_P3_NEW3-A3.NC,E_P3_NEW3-A3.NC,41429.939,211856.19,5768.7,3270.876,100,27.51667,52,50,0,6,100,8250.0,9214.36,355.236,25.9387,0.0003141,0.239749,0,539.3593223,11041.9,255.33,43.2456,0.00022868,0.147332,0,304.6770105,2930.09,953.723,3.07227,9.73176e-05,0.146388,6,-323.2176106,4446.68,1286.85,3.45548,0.000316365,0.332481
174.569984,1,AUTO,ARMED,5,AVAILABLE,UNAVAILABLE,UNAVAILABLE,170,5,ACTIVE,41,E_P3_NEW3-A3.NC,E_P3_NEW3-A3.NC,41429.939,211856.19,5768.7,3270.876,100,27.51667,53,50,0,2,100,8250.0,3983.29,254.248,15.6669,0.000216014,0.144703,0,532.2738427,2544.44,126.189,20.1637,0.000166539,0.110398,0,304.6769175,696.497,118.381,5.88352,6.87928e-05,0.0464551,6,-323.2175878,1177.77,332.394,3.5433,0.000146871,0.1154
174.743435,1,AUTO,ARMED,5,AVAILABLE,UNAVAILABLE,UNAVAILABLE,170,5,ACTIVE,41,E_P3_NEW3-A3.NC,E_P3_NEW3-A3.NC,41429.939,211856.19,5768.7,3270.876,100,27.38333,53,50,0,2,100,8250.0,3983.29,254.248,15.6669,0.000216014,0.144703,0,530.3955896,2544.44,126.189,20.1637,0.000166539,0.110398,0,304.6769032,696.497,118.381,5.88352,6.87928e-05,0.0464551,6,-323.2175992,1177.77,332.394,3.5433,0.000146871,0.1154
174.906535,1,AUTO,ARMED,5,AVAILABLE,UNAVAILABLE,UNAVAILABLE,171,5,ACTIVE,41,E_P3_NEW3-A3.NC,E_P3_NEW3-A3.NC,41429.939,211856.19,5768.7,3270.876,100,13.56667,53,50,0,3,100,8250.0,3983.29,254.248,15.6669,0.000216014,0.144703,0,530.3871853,2544.44,126.189,20.1637,0.000166539,0.110398,0,304.6769104,696.497,118.381,5.88352,6.87928e-05,0.0464551,6,-323.2176106,1177.77,332.394,3.5433,0.000146871,0.1154
175.042646,1,AUTO,ARMED,5,AVAILABLE,UNAVAILABLE,UNAVAILABLE,171,5,ACTIVE,41,E_P3_NEW3-A3.NC,E_P3_NEW3-A3.NC,41429.939,211856.19,5768.7,3270.876,100,0.0,53,50,0,3,100,8250.0,3983.29,254.248,15.6669,0.000216014,0.144703,0,530.3866989,2544.44,126.189,20.1637,0.000166539,0.110398,0,304.6768961,696.497,118.381,5.88352,6.87928e-05,0.0464551,6,-323.2176106,1177.77,332.394,3.5433,0.000146871,0.1154
175.18453,1,AUTO,ARMED,5,AVAILABLE,UNAVAILABLE,UNAVAILABLE,171,5,ACTIVE,41,E_P3_NEW3-A3.NC,E_P3_NEW3-A3.NC,41429.939,211856.19,5768.7,3270.876,100,0.0,53,50,0,3,100,8250.0,3983.29,254.248,15.6669,0.000216014,0.144703,0,530.3867418,2544.44,126.189,20.1637,0.000166539,0.110398,0,304.6769104,696.497,118.381,5.88352,6.87928e-05,0.0464551,6,-323.2175878,1177.77,332.394,3.5433,0.000146871,0.1154
175.328461,1,AUTO,ARMED,5,AVAILABLE,UNAVAILABLE,UNAVAILABLE,171,5,ACTIVE,41,E_P3_NEW3-A3.NC,E_P3_NEW3-A3.NC,41429.939,211856.19,5768.7,3270.876,100,0.0,53,50,0,3,100,8250.0,3983.29,254.248,15.6669,0.000216014,0.144703,0,530.3867561,2544.44,126.189,20.1637,0.000166539,0.110398,0,304.6769032,696.497,118.381,5.88352,6.87928e-05,0.0464551,6,-323.2175878,1177.77,332.394,3.5433,0.000146871,0.1154
175.472815,1,AUTO,ARMED,5,AVAILABLE,UNAVAILABLE,UNAVAILABLE,171,5,ACTIVE,41,E_P3_NEW3-A3.NC,E_P3_NEW3-A3.NC,41429.939,211856.19,5768.7,3270.876,100,0.0,53,50,0,3,100,8250.0,3983.29,254.248,15.6669,0.000216014,0.144703,0,530.3867704,2544.44,126.189,20.1637,0.000166539,0.110398,0,304.6769032,696.497,118.381,5.88352,6.87928e-05,0.0464551,6,-323.2175992,1177.77,332.394,3.5433,0.000146871,0.1154
175.612986,1,AUTO,ARMED,5,AVAILABLE,UNAVAILABLE,UNAVAILABLE,171,5,ACTIVE,41,E_P3_NEW3-A3.NC,E_P3_NEW3-A3.NC,41429.939,211856.19,5768.7,3262.8999,100,0.0,54,50,0,3,100,8250.0,3863.31,263.14,14.6816,0.000228278,0.151156,0,530.3867847,1152.2,113.114,10.1862,0.000168662,0.111686,0,304.6768961,1008.72,122.859,8.21039,7.3607e-05,0.0498349,6,-323.2175992,1370.06,334.341,4.09779,0.000175505,0.127825
175.768697,1,AUTO,ARMED,5,AVAILABLE,UNAVAILABLE,UNAVAILABLE,174,5,ACTIVE,41,E_P3_NEW3-A3.NC,E_P3_NEW3-A3.NC,41429.939,211856.19,5768.7,3262.8999,100,0.0,54,50,0,3,100,8250.0,3863.31,263.14,14.6816,0.000228278,0.151156,0,530.3867847,1152.2,113.114,10.1862,0.000168662,0.111686,0,304.6768889,1008.72,122.859,8.21039,7.3607e-05,0.0498349,6,-323.2176106,1370.06,334.341,4.09779,0.000175505,0.127825
175.920946,1,AUTO,ARMED,5,AVAILABLE,UNAVAILABLE,UNAVAILABLE,174,5,ACTIVE,41,E_P3_NEW3-A3.NC,E_P3_NEW3-A3.NC,41429.939,211856.19,5768.7,3262.8999,100,0.0,54,50,0,3,100,8250.0,3863.31,263.14,14.6816,0.000228278,0.151156,0,530.3867919,1152.2,113.114,10.1862,0.000168662,0.111686,0,304.8044395,1008.72,122.859,8.21039,7.3607e-05,0.0498349,6,-323.2176106,1370.06,334.341,4.09779,0.000175505,0.127825
176.080916,1,AUTO,ARMED,5,AVAILABLE,UNAVAILABLE,UNAVAILABLE,175,5,ACTIVE,41,E_P3_NEW3-A3.NC,E_P3_NEW3-A3.NC,41429.939,211856.19,5768.7,3262.8999,100,0.0,54,50,0,3,100,8250.0,3863.31,263.14,14.6816,0.000228278,0.151156,0,530.386799,1152.2,113.114,10.1862,0.000168662,0.111686,0,304.8039102,1008.72,122.859,8.21039,7.3607e-05,0.0498349,6,-323.2175992,1370.06,334.341,4.09779,0.000175505,0.127825
176.232138,1,AUTO,ARMED,5,AVAILABLE,UNAVAILABLE,UNAVAILABLE,175,5,ACTIVE,41,E_P3_NEW3-A3.NC,E_P3_NEW3-A3.NC,41429.939,211856.19,5768.7,3262.8999,100,0.0,54,50,0,3,100,8250.0,3863.31,263.14,14.6816,0.000228278,0.151156,0,530.386799,1152.2,113.114,10.1862,0.000168662,0.111686,0,304.8039174,1008.72,122.859,8.21039,7.3607e-05,0.0498349,6,-323.2175763,1370.06,334.341,4.09779,0.000175505,0.127825
176.380573,1,AUTO,ARMED,5,AVAILABLE,UNAVAILABLE,UNAVAILABLE,175,5,ACTIVE,41,E_P3_NEW3-A3.NC,E_P3_NEW3-A3.NC,41429.939,211856.19,5768.7,3262.8999,100,0.0,54,50,0,3,100,8250.0,3863.31,263.14,14.6816,0.000228278,0.151156,0,530.3867919,1152.2,113.114,10.1862,0.000168662,0.111686,0,304.8039102,1008.72,122.859,8.21039,7.3607e-05,0.0498349,6,-323.2175992,1370.06,334.341,4.09779,0.000175505,0.127825
176.520333,1,AUTO,ARMED,5,AVAILABLE,UNAVAILABLE,UNAVAILABLE,175,5,ACTIVE,41,E_P3_NEW3-A3.NC,E_P3_NEW3-A3.NC,41429.939,211856.19,5768.7,3262.8999,100,0.0,55,50,0,3,100,8250.0,3863.31,263.14,14.6816,0.000228278,0.151156,0,530.386799,1152.2,113.114,10.1862,0.000168662,0.111686,0,304.8038888,1008.72,122.859,8.21039,7.3607e-05,0.0498349,6,-323.2175878,1370.06,334.341,4.09779,0.000175505,0.127825
176.66619,1,AUTO,ARMED,5,AVAILABLE,UNAVAILABLE,UNAVAILABLE,175,5,ACTIVE,41,E_P3_NEW3-A3.NC,E_P3_NEW3-A3.NC,41429.939,211856.19,5768.7,3264.9946,100,0.0,55,50,0,3,100,8250.0,10126.2,5064.42,1.99948,0.000233312,0.645366,0,530.386799,13010.2,2757.72,4.71774,0.0003179,0.366644,0,304.8038888,3242.32,118.753,27.3031,8.713e-05,0.0484644,6,-323.2176106,4879.33,1697.63,2.8742,0.000265352,0.440212
176.809604,1,AUTO,ARMED,5,AVAILABLE,UNAVAILABLE,UNAVAILABLE,175,5,ACTIVE,41,E_P3_NEW3-A3.NC,E_P3_NEW3-A3.NC,41429.939,211856.19,5768.7,3264.9946,100,0.0,55,50,0,3,100,8250.0,10126.2,5064.42,1.99948,0.000233312,0.645366,1,530.3829491,13010.2,2757.72,4.71774,0.0003179,0.366644,0,304.8038888,3242.32,118.753,27.3031,8.713e-05,0.0484644,6,-323.2175878,4879.33,1697.63,2.8742,0.000265352,0.440212
176.961443,1,AUTO,ARMED,5,AVAILABLE,UNAVAILABLE,UNAVAILABLE,176,5,ACTIVE,41,E_P3_NEW3-A3.NC,E_P3_NEW3-A3.NC,41429.939,211856.19,5768.7,3264.9946,100,31.75,55,50,0,3,100,8250.0,10126.2,5064.42,1.99948,0.000233312,0.645366,1,532.3511589,13010.2,2757.72,4.71774,0.0003179,0.366644,0,304.8038959,3242.32,118.753,27.3031,8.713e-05,0.0484644,6,-323.2175992,4879.33,1697.63,2.8742,0.000265352,0.440212
177.12554,1,AUTO,ARMED,5,AVAILABLE,UNAVAILABLE,UNAVAILABLE,176,5,ACTIVE,41,E_P3_NEW3-A3.NC,E_P3_NEW3-A3.NC,41429.939,211856.19,5768.7,3264.9946,100,31.75,55,50,0,2,100,8250.0,10126.2,5064.42,1.99948,0.000233312,0.645366,0,538.8866792,13010.2,2757.72,4.71774,0.0003179,0.366644,0,304.8039031,3242.32,118.753,27.3031,8.713e-05,0.0484644,6,-323.2175992,4879.33,1697.63,2.8742,0.000265352,0.440212
177.279037,1,AUTO,ARMED,5,AVAILABLE,UNAVAILABLE,UNAVAILABLE,176,5,ACTIVE,41,E_P3_NEW3-A3.NC,E_P3_NEW3-A3.NC,41429.939,211856.19,5768.7,3264.9946,100,31.75,55,50,0,4,100,8250.0,10126.2,5064.42,1.99948,0.000233312,0.645366,0,545.4349514,13010.2,2757.72,4.71774,0.0003179,0.366644,0,304.803667,3242.32,118.753,27.3031,8.713e-05,0.0484644,6,-323.2176564,4879.33,1697.63,2.8742,0.000265352,0.440212
177.424844,1,AUTO,ARMED,5,AVAILABLE,UNAVAILABLE,UNAVAILABLE,176,5,ACTIVE,41,E_P3_NEW3-A3.NC,E_P3_NEW3-A3.NC,41429.939,211856.19,5768.7,3264.9946,100,31.75,55,50,0,8,100,8250.0,10126.2,5064.42,1.99948,0.000233312,0.645366,0,548.7132359,13010.2,2757.72,4.71774,0.0003179,0.366644,0,304.8038172,3242.32,118.753,27.3031,8.713e-05,0.0484644,6,-323.2175878,4879.33,1697.63,2.8742,0.000265352,0.440212
177.570328,1,AUTO,ARMED,5,AVAILABLE,UNAVAILABLE,UNAVAILABLE,176,5,ACTIVE,41,E_P3_NEW3-A3.NC,E_P3_NEW3-A3.NC,41429.939,211856.19,5768.7,3264.9946,100,31.75,55,50,0,11,100,8250.0,10126.2,5064.42,1.99948,0.000233312,0.645366,1,551.9676384,13010.2,2757.72,4.71774,0.0003179,0.366644,0,304.8038387,3242.32,118.753,27.3031,8.713e-05,0.0484644,6,-323.2175878,4879.33,1697.63,2.8742,0.000265352,0.440212
177.721467,1,AUTO,ARMED,5,AVAILABLE,UNAVAILABLE,UNAVAILABLE,176,5,ACTIVE,41,E_P3_NEW3-A3.NC,E_P3_NEW3-A3.NC,41429.939,211856.19,5768.7,4365.2881,100,31.75,56,50,0,11,100,8250.0,10126.2,5064.42,1.99948,0.000233312,0.645366,1,558.5161466,13010.2,2757.72,4.71774,0.0003179,0.366644,0,304.8039245,3242.32,118.753,27.3031,8.713e-05,0.0484644,6,-323.217542,4879.33,1697.63,2.8742,0.000265352,0.440212
177.868765,1,AUTO,ARMED,5,AVAILABLE,UNAVAILABLE,UNAVAILABLE,176,5,ACTIVE,41,E_P3_NEW3-A3.NC,E_P3_NEW3-A3.NC,41429.939,211856.19,5768.7,4365.2881,100,31.75,56,50,0,10,100,8250.0,16965.0,5941.57,2.85531,0.000262586,0.753697,1,561.7863235,15962.8,2267.58,7.03958,0.000312508,0.409176,0,304.8039174,3698.64,1477.52,2.50328,9.68694e-05,0.19933,6,-323.2175534,5119.7,1757.37,2.91327,0.000264538,0.416726
178.021456,1,AUTO,ARMED,5,AVAILABLE,UNAVAILABLE,UNAVAILABLE,176,5,ACTIVE,41,E_P3_NEW3-A3.NC,E_P3_NEW3-A3.NC,41429.939,211856.19,5768.7,4365.2881,100,31.75,56,50,0,9,100,8250.0,16965.0,5941.57,2.85531,0.000262586,0.753697,1,565.048592,15962.8,2267.58,7.03958,0.000312508,0.409176,0,304.8039174,3698.64,1477.52,2.50328,9.68694e-05,0.19933,6,-323.2176221,5119.7,1757.37,2.91327,0.000264538,0.416726
178.161499,1,AUTO,ARMED,5,AVAILABLE,UNAVAILABLE,UNAVAILABLE,176,5,ACTIVE,41,E_P3_NEW3-A3.NC,E_P3_NEW3-A3.NC,41429.939,211856.19,5768.7,4365.2881,100,31.75,56,50,0,9,100,8250.0,16965.0,5941.57,2.85531,0.000262586,0.753697,1,571.59709,15962.8,2267.58,7.03958,0.000312508,0.409176,0,304.8038673,3698.64,1477.52,2.50328,9.68694e-05,0.19933,6,-323.2175763,5119.7,1757.37,2.91327,0.000264538,0.416726
178.305561,1,AUTO,ARMED,5,AVAILABLE,UNAVAILABLE,UNAVAILABLE,176,5,ACTIVE,41,E_P3_NEW3-A3.NC,E_P3_NEW3-A3.NC,41429.939,211856.19,5768.7,4365.2881,100,31.75,56,50,0,9,100,8250.0,16965.0,5941.57,2.85531,0.000262586,0.753697,1,576.5102803,15962.8,2267.58,7.03958,0.000312508,0.409176,0,304.8038888,3698.64,1477.52,2.50328,9.68694e-05,0.19933,6,-323.2175649,5119.7,1757.37,2.91327,0.000264538,0.416726
178.455677,1,AUTO,ARMED,5,AVAILABLE,UNAVAILABLE,UNAVAILABLE,176,5,ACTIVE,41,E_P3_NEW3-A3.NC,E_P3_NEW3-A3.NC,41429.939,211856.19,5768.7,4365.2881,100,31.75,56,50,0,9,100,8250.0,16965.0,5941.57,2.85531,0.000262586,0.753697,1,579.7727133,15962.8,2267.58,7.03958,0.000312508,0.409176,0,304.8038959,3698.64,1477.52,2.50328,9.68694e-05,0.19933,6,-323.2175878,5119.7,1757.37,2.91327,0.000264538,0.416726
178.601386,1,AUTO,ARMED,5,AVAILABLE,UNAVAILABLE,UNAVAILABLE,176,5,ACTIVE,41,E_P3_NEW3-A3.NC,E_P3_NEW3-A3.NC,41429.939,211856.19,5768.7,4365.2881,100,31.75,57,50,0,9,100,8250.0,16965.0,5941.57,2.85531,0.000262586,0.753697,1,583.0429283,15962.8,2267.58,7.03958,0.000312508,0.409176,0,304.8039317,3698.64,1477.52,2.50328,9.68694e-05,0.19933,6,-323.2175763,5119.7,1757.37,2.91327,0.000264538,0.416726
178.749338,1,AUTO,ARMED,5,AVAILABLE,UNAVAILABLE,UNAVAILABLE,176,5,ACTIVE,41,E_P3_NEW3-A3.NC,E_P3_NEW3-A3.NC,41429.939,211856.19,5768.7,4365.2881,100,31.75,57,50,0,9,100,8250.0,16965.0,5941.57,2.85531,0.000262586,0.753697,1,589.5913809,15962.8,2267.58,7.03958,0.000312508,0.409176,0,304.8038888,3698.64,1477.52,2.50328,9.68694e-05,0.19933,6,-323.217645,5119.7,1757.37,2.91327,0.000264538,0.416726
178.889202,1,AUTO,ARMED,5,AVAILABLE,UNAVAILABLE,UNAVAILABLE,176,5,ACTIVE,41,E_P3_NEW3-A3.NC,E_P3_NEW3-A3.NC,41429.939,211856.19,5768.7,3901.9116,100,31.75,57,50,0,9,100,8250.0,16941.0,268.369,63.1258,0.000238567,0.159494,1,596.1239228,14474.5,218.258,66.3183,0.000266273,0.199576,0,304.8038816,4058.9,128.19,31.6632,6.57623e-05,0.0450757,6,-323.2175878,5263.91,316.156,16.6497,0.000171871,0.128642
179.033051,1,AUTO,ARMED,5,AVAILABLE,UNAVAILABLE,UNAVAILABLE,176,5,ACTIVE,41,E_P3_NEW3-A3.NC,E_P3_NEW3-A3.NC,41429.939,211856.19,5768.7,3901.9116,100,31.75,57,50,0,9,100,8250.0,16941.0,268.369,63.1258,0.000238567,0.159494,0,599.4026819,14474.5,218.258,66.3183,0.000266273,0.199576,0,304.804039,4058.9,128.19,31.6632,6.57623e-05,0.0450757,6,-323.2176106,5263.91,316.156,16.6497,0.000171871,0.128642
179.182845,1,AUTO,ARMED,5,AVAILABLE,UNAVAILABLE,UNAVAILABLE,176,5,ACTIVE,41,E_P3_NEW3-A3.NC,E_P3_NEW3-A3.NC,41429.939,211856.19,5768.7,3901.9116,100,31.75,57,50,0,7,100,8250.0,16941.0,268.369,63.1258,0.000238567,0.159494,0,602.6725005,14474.5,218.258,66.3183,0.000266273,0.199576,0,304.8040604,4058.9,128.19,31.6632,6.57623e-05,0.0450757,6,-323.2175992,5263.91,316.156,16.6497,0.000171871,0.128642
179.321934,1,AUTO,ARMED,5,AVAILABLE,UNAVAILABLE,UNAVAILABLE,176,5,ACTIVE,41,E_P3_NEW3-A3.NC,E_P3_NEW3-A3.NC,41429.939,211856.19,5768.7,3901.9116,100,31.75,57,50,0,4,100,8250.0,16941.0,268.369,63.1258,0.000238567,0.159494,0,605.9346659,14474.5,218.258,66.3183,0.000266273,0.199576,0,304.803946,4058.9,128.19,31.6632,6.57623e-05,0.0450757,6,-323.2175878,5263.91,316.156,16.6497,0.000171871,0.128642
179.4601,1,AUTO,ARMED,5,AVAILABLE,UNAVAILABLE,UNAVAILABLE,177,5,ACTIVE,41,E_P3_NEW3-A3.NC,E_P3_NEW3-A3.NC,41429.939,211856.19,5768.7,3901.9116,100,15.88333,57,50,0,1,100,8250.0,16941.0,268.369,63.1258,0.000238567,0.159494,0,611.6482259,14474.5,218.258,66.3183,0.000266273,0.199576,0,304.8039031,4058.9,128.19,31.6632,6.57623e-05,0.0450757,6,-323.2175992,5263.91,316.156,16.6497,0.000171871,0.128642
179.608667,1,AUTO,ARMED,5,AVAILABLE,UNAVAILABLE,UNAVAILABLE,177,5,ACTIVE,41,E_P3_NEW3-A3.NC,E_P3_NEW3-A3.NC,41429.939,211856.19,5768.7,3901.9116,100,0.0,57,50,0,1,100,8250.0,16941.0,268.369,63.1258,0.000238567,0.159494,0,611.6668652,14474.5,218.258,66.3183,0.000266273,0.199576,0,304.8038959,4058.9,128.19,31.6632,6.57623e-05,0.0450757,6,-323.2176106,5263.91,316.156,16.6497,0.000171871,0.128642
179.749941,1,AUTO,ARMED,5,AVAILABLE,UNAVAILABLE,UNAVAILABLE,177,5,ACTIVE,41,E_P3_NEW3-A3.NC,E_P3_NEW3-A3.NC,41429.939,211856.19,5768.7,3901.9116,100,0.0,58,50,0,2,100,8250.0,16941.0,268.369,63.1258,0.000238567,0.159494,0,611.6668867,14474.5,218.258,66.3183,0.000266273,0.199576,0,304.8039102,4058.9,128.19,31.6632,6.57623e-05,0.0450757,6,-323.2176106,5263.91,316.156,16.6497,0.000171871,0.128642
179.897021,1,AUTO,ARMED,5,AVAILABLE,UNAVAILABLE,UNAVAILABLE,177,5,ACTIVE,41,E_P3_NEW3-A3.NC,E_P3_NEW3-A3.NC,41429.939,211856.19,5768.7,3267.2913,100,0.0,58,50,0,3,100,8250.0,3839.32,249.487,15.3889,0.000316004,0.166825,0,611.6668366,5424.94,241.74,22.4412,0.000230848,0.170682,0,304.8038959,696.497,142.073,4.90239,0.000122423,0.0544457,6,-323.2175992,1105.66,363.307,3.04332,0.000221303,0.136032
180.041802,1,AUTO,ARMED,5,AVAILABLE,UNAVAILABLE,UNAVAILABLE,177,5,ACTIVE,41,E_P3_NEW3-A3.NC,E_P3_NEW3-A3.NC,41429.939,211856.19,5768.7,3267.2913,100,0.0,58,50,0,3,100,8250.0,3839.32,249.487,15.3889,0.000316004,0.166825,0,611.6668295,5424.94,241.74,22.4412,0.000230848,0.170682,0,304.8038959,696.497,142.073,4.90239,0.000122423,0.0544457,6,-323.2176106,1105.66,363.307,3.04332,0.000221303,0.136032
180.185663,1,AUTO,ARMED,5,AVAILABLE,UNAVAILABLE,UNAVAILABLE,177,5,ACTIVE,41,E_P3_NEW3-A3.NC,E_P3_NEW3-A3.NC,41429.939,211856.19,5768.7,3267.2913,100,0.0,58,50,0,3,100,8250.0,3839.32,249.487,15.3889,0.000316004,0.166825,0,611.6668223,5424.94,241.74,22.4412,0.000230848,0.170682,0,304.8039031,696.497,142.073,4.90239,0.000122423,0.0544457,6,-323.2175992,1105.66,363.307,3.04332,0.000221303,0.136032
180.32654,1,AUTO,ARMED,5,AVAILABLE,UNAVAILABLE,UNAVAILABLE,177,5,ACTIVE,41,E_P3_NEW3-A3.NC,E_P3_NEW3-A3.NC,41429.939,211856.19,5768.7,3267.2913,100,0.0,58,50,0,3,100,8250.0,3839.32,249.487,15.3889,0.000316004,0.166825,0,611.666808,5424.94,241.74,22.4412,0.000230848,0.170682,0,304.8038816,696.497,142.073,4.90239,0.000122423,0.0544457,6,-323.2175992,1105.66,363.307,3.04332,0.000221303,0.136032
180.468385,1,AUTO,ARMED,5,AVAILABLE,UNAVAILABLE,UNAVAILABLE,178,5,ACTIVE,41,E_P3_NEW3-A3.NC,E_P3_NEW3-A3.NC,41429.939,211856.19,5768.7,3267.2913,100,0.0,58,50,0,2,100,8250.0,3839.32,249.487,15.3889,0.000316004,0.166825,0,611.666808,5424.94,241.74,22.4412,0.000230848,0.170682,0,304.8039031,696.497,142.073,4.90239,0.000122423,0.0544457,6,-323.2175992,1105.66,363.307,3.04332,0.000221303,0.136032
180.619529,1,AUTO,ARMED,5,AVAILABLE,UNAVAILABLE,UNAVAILABLE,179,5,ACTIVE,41,E_P3_NEW3-A3.NC,E_P3_NEW3-A3.NC,41429.939,211856.19,5768.7,3267.2913,100,28.51667,59,50,0,3,100,8250.0,3839.32,249.487,15.3889,0.000316004,0.166825,1,609.9362659,5424.94,241.74,22.4412,0.000230848,0.170682,0,304.931063,696.497,142.073,4.90239,0.000122423,0.0544457,6,-323.2175992,1105.66,363.307,3.04332,0.000221303,0.136032
180.772254,1,AUTO,ARMED,5,AVAILABLE,UNAVAILABLE,UNAVAILABLE,179,5,ACTIVE,41,E_P3_NEW3-A3.NC,E_P3_NEW3-A3.NC,41429.939,211856.19,5768.7,3267.2913,100,30.13333,59,50,0,3,100,8250.0,3839.32,249.487,15.3889,0.000316004,0.166825,1,606.6621507,5424.94,241.74,22.4412,0.000230848,0.170682,0,304.9309414,696.497,142.073,4.90239,0.000122423,0.0544457,6,-323.2175992,1105.66,363.307,3.04332,0.000221303,0.136032
180.911343,1,AUTO,ARMED,5,AVAILABLE,UNAVAILABLE,UNAVAILABLE,179,5,ACTIVE,41,E_P3_NEW3-A3.NC,E_P3_NEW3-A3.NC,41429.939,211856.19,5768.7,4524.7627,100,31.75,59,50,0,2,100,8250.0,8614.47,2408.95,3.57603,0.000246544,0.356413,0,600.1297487,10777.9,1445.68,7.45525,0.0003977,0.377682,0,304.9306338,3194.28,1119.19,2.8541,9.9336e-05,0.162926,6,-323.2176106,4831.26,1373.58,3.51728,0.000208191,0.352407
181.060593,1,AUTO,ARMED,5,AVAILABLE,UNAVAILABLE,UNAVAILABLE,179,5,ACTIVE,41,E_P3_NEW3-A3.NC,E_P3_NEW3-A3.NC,41429.939,211856.19,5768.7,4524.7627,100,31.75,59,50,0,4,100,8250.0,8614.47,2408.95,3.57603,0.000246544,0.356413,0,596.8594921,10777.9,1445.68,7.45525,0.0003977,0.377682,0,304.9306481,3194.28,1119.19,2.8541,9.9336e-05,0.162926,6,-323.2175878,4831.26,1373.58,3.51728,0.000208191,0.352407
181.203789,1,AUTO,ARMED,5,AVAILABLE,UNAVAILABLE,UNAVAILABLE,179,5,ACTIVE,41,E_P3_NEW3-A3.NC,E_P3_NEW3-A3.NC,41429.939,211856.19,5768.7,4524.7627,100,31.75,59,50,0,8,100,8250.0,8614.47,2408.95,3.57603,0.000246544,0.356413,0,593.5817253,10777.9,1445.68,7.45525,0.0003977,0.377682,0,304.9308269,3194.28,1119.19,2.8541,9.9336e-05,0.162926,6,-323.2175992,4831.26,1373.58,3.51728,0.000208191,0.352407
181.351316,1,AUTO,ARMED,5,AVAILABLE,UNAVAILABLE,UNAVAILABLE,179,5,ACTIVE,41,E_P3_NEW3-A3.NC,E_P3_NEW3-A3.NC,41429.939,211856.19,5768.7,4524.7627,100,31.75,59,50,0,10,100,8250.0,8614.47,2408.95,3.57603,0.000246544,0.356413,0,587.0491803,10777.9,1445.68,7.45525,0.0003977,0.377682,0,304.9309414,3194.28,1119.19,2.8541,9.9336e-05,0.162926,6,-323.2175534,4831.26,1373.58,3.51728,0.000208191,0.352407
181.494336,1,AUTO,ARMED,5,AVAILABLE,UNAVAILABLE,UNAVAILABLE,179,5,ACTIVE,41,E_P3_NEW3-A3.NC,E_P3_NEW3-A3.NC,41429.939,211856.19,5768.7,4524.7627,100,31.75,0,50,0,10,100,8250.0,8614.47,2408.95,3.57603,0.000246544,0.356413,0,580.5006525,10777.9,1445.68,7.45525,0.0003977,0.377682,0,304.9309128,3194.28,1119.19,2.8541,9.9336e-05,0.162926,6,-323.2176221,4831.26,1373.58,3.51728,0.000208191,0.352407
181.655964,1,AUTO,ARMED,5,AVAILABLE,UNAVAILABLE,UNAVAILABLE,179,5,ACTIVE,41,E_P3_NEW3-A3.NC,E_P3_NEW3-A3.NC,41429.939,211856.19,5768.7,4524.7627,100,31.75,0,50,0,9,100,8250.0,8614.47,2408.95,3.57603,0.000246544,0.356413,0,573.9523299,10777.9,1445.68,7.45525,0.0003977,0.377682,0,304.9308627,3194.28,1119.19,2.8541,9.9336e-05,0.162926,6,-323.2176106,4831.26,1373.58,3.51728,0.000208191,0.352407
181.812264,1,AUTO,ARMED,5,AVAILABLE,UNAVAILABLE,UNAVAILABLE,179,5,ACTIVE,41,E_P3_NEW3-A3.NC,E_P3_NEW3-A3.NC,41429.939,211856.19,5768.7,4524.7627,100,31.75,0,50,0,8,100,8250.0,8614.47,2408.95,3.57603,0.000246544,0.356413,0,570.6818593,10777.9,1445.68,7.45525,0.0003977,0.377682,0,304.9308841,3194.28,1119.19,2.8541,9.9336e-05,0.162926,6,-323.2176106,4831.26,1373.58,3.51728,0.000208191,0.352407
181.961617,1,AUTO,ARMED,5,AVAILABLE,UNAVAILABLE,UNAVAILABLE,179,5,ACTIVE,41,E_P3_NEW3-A3.NC,E_P3_NEW3-A3.NC,41429.939,211856.19,5768.7,4524.7627,100,31.75,0,50,0,8,100,8250.0,9646.29,2450.53,3.93641,0.000253186,0.3752,0,567.4116463,12146.1,1557.15,7.80021,0.000406446,0.379583,0,304.9309199,3122.23,997.592,3.12977,0.000118179,0.147202,6,-323.2175878,4951.44,419.326,11.8081,0.000280211,0.156316
182.118704,1,AUTO,ARMED,5,AVAILABLE,UNAVAILABLE,UNAVAILABLE,179,5,ACTIVE,41,E_P3_NEW3-A3.NC,E_P3_NEW3-A3.NC,41429.939,211856.19,5768.7,4252.752,100,31.75,0,50,0,8,100,8250.0,9646.29,2450.53,3.93641,0.000253186,0.3752,0,560.8711629,12146.1,1557.15,7.80021,0.000406446,0.379583,0,304.9309414,3122.23,997.592,3.12977,0.000118179,0.147202,6,-323.2176106,4951.44,419.326,11.8081,0.000280211,0.156316
182.27149,1,AUTO,ARMED,5,AVAILABLE,UNAVAILABLE,UNAVAILABLE,179,5,ACTIVE,41,E_P3_NEW3-A3.NC,E_P3_NEW3-A3.NC,41429.939,211856.19,5768.7,4252.752,100,31.75,0,50,0,8,100,8250.0,9646.29,2450.53,3.93641,0.000253186,0.3752,0,559.2363031,12146.1,1557.15,7.80021,0.000406446,0.379583,0,304.9309199,3122.23,997.592,3.12977,0.000118179,0.147202,6,-323.2175878,4951.44,419.326,11.8081,0.000280211,0.156316
182.422206,1,AUTO,ARMED,5,AVAILABLE,UNAVAILABLE,UNAVAILABLE,179,5,ACTIVE,41,E_P3_NEW3-A3.NC,E_P3_NEW3-A3.NC,41429.939,211856.19,5768.7,4252.752,100,31.75,0,50,0,9,100,8250.0,9646.29,2450.53,3.93641,0.000253186,0.3752,0,555.9659148,12146.1,1557.15,7.80021,0.000406446,0.379583,0,304.9308913,3122.23,997.592,3.12977,0.000118179,0.147202,6,-323.2176335,4951.44,419.326,11.8081,0.000280211,0.156316
182.573022,1,AUTO,ARMED,5,AVAILABLE,UNAVAILABLE,UNAVAILABLE,179,5,ACTIVE,41,E_P3_NEW3-A3.NC,E_P3_NEW3-A3.NC,41429.939,211856.19,5768.7,4252.752,100,31.75,1,50,0,8,100,8250.0,9646.29,2450.53,3.93641,0.000253186,0.3752,0,549.4254549,12146.1,1557.15,7.80021,0.000406446,0.379583,0,304.9308698,3122.23,997.592,3.12977,0.000118179,0.147202,6,-323.2175992,4951.44,419.326,11.8081,0.000280211,0.156316
182.717067,1,AUTO,ARMED,5,AVAILABLE,UNAVAILABLE,UNAVAILABLE,179,5,ACTIVE,41,E_P3_NEW3-A3.NC,E_P3_NEW3-A3.NC,41429.939,211856.19,5768.7,4252.752,100,31.75,1,50,0,8,100,8250.0,9646.29,2450.53,3.93641,0.000253186,0.3752,0,542.8855028,12146.1,1557.15,7.80021,0.000406446,0.379583,0,304.9312418,3122.23,997.592,3.12977,0.000118179,0.147202,6,-323.2175878,4951.44,419.326,11.8081,0.000280211,0.156316
182.862676,1,AUTO,ARMED,5,AVAILABLE,UNAVAILABLE,UNAVAILABLE,179,5,ACTIVE,41,E_P3_NEW3-A3.NC,E_P3_NEW3-A3.NC,41429.939,211856.19,5768.7,4252.752,100,31.75,1,50,0,6,100,8250.0,9646.29,2450.53,3.93641,0.000253186,0.3752,0,539.6067114,12146.1,1557.15,7.80021,0.000406446,0.379583,0,304.9310558,3122.23,997.592,3.12977,0.000118179,0.147202,6,-323.2175878,4951.44,419.326,11.8081,0.000280211,0.156316
183.050228,1,AUTO,ARMED,5,AVAILABLE,UNAVAILABLE,UNAVAILABLE,179,5,ACTIVE,41,E_P3_NEW3-A3.NC,E_P3_NEW3-A3.NC,41429.939,211856.19,5768.7,3288.76,100,31.75,1,50,0,2,100,8250.0,4007.29,255.987,15.6543,0.000260002,0.154924,0,533.0742408,1128.19,122.326,9.22281,0.000187709,0.118554,0,304.9309128,672.48,120.16,5.59654,0.000145361,0.0538295,6,-323.2176221,1105.66,381.117,2.9011,0.00026779,0.141384
183.217794,1,AUTO,ARMED,5,AVAILABLE,UNAVAILABLE,UNAVAILABLE,179,5,ACTIVE,41,E_P3_NEW3-A3.NC,E_P3_NEW3-A3.NC,41429.939,211856.19,5768.7,3288.76,100,16.03333,1,50,0,2,100,8250.0,4007.29,255.987,15.6543,0.000260002,0.154924,0,530.4515158,1128.19,122.326,9.22281,0.000187709,0.118554,0,304.9309056,672.48,120.16,5.59654,0.000145361,0.0538295,6,-323.2175878,1105.66,381.117,2.9011,0.00026779,0.141384
183.362671,1,AUTO,ARMED,5,AVAILABLE,UNAVAILABLE,UNAVAILABLE,180,5,ACTIVE,41,E_P3_NEW3-A3.NC,E_P3_NEW3-A3.NC,41429.939,211856.19,5768.7,3288.76,100,0.0,1,50,0,2,100,8250.0,4007.29,255.987,15.6543,0.000260002,0.154924,0,530.3866918,1128.19,122.326,9.22281,0.000187709,0.118554,0,304.9308984,672.48,120.16,5.59654,0.000145361,0.0538295,6,-323.2176106,1105.66,381.117,2.9011,0.00026779,0.141384
183.504869,1,AUTO,ARMED,5,AVAILABLE,UNAVAILABLE,UNAVAILABLE,180,5,ACTIVE,41,E_P3_NEW3-A3.NC,E_P3_NEW3-A3.NC,41429.939,211856.19,5768.7,3288.76,100,0.0,2,50,0,3,100,8250.0,4007.29,255.987,15.6543,0.000260002,0.154924,0,530.3867132,1128.19,122.326,9.22281,0.000187709,0.118554,0,304.9308984,672.48,120.16,5.59654,0.000145361,0.0538295,6,-323.2175992,1105.66,381.117,2.9011,0.00026779,0.141384
183.667113,1,AUTO,ARMED,5,AVAILABLE,UNAVAILABLE,UNAVAILABLE,180,5,ACTIVE,41,E_P3_NEW3-A3.NC,E_P3_NEW3-A3.NC,41429.939,211856.19,5768.7,3288.76,100,0.0,2,50,0,3,100,8250.0,4007.29,255.987,15.6543,0.000260002,0.154924,0,530.3867347,1128.19,122.326,9.22281,0.000187709,0.118554,0,304.9308984,672.48,120.16,5.59654,0.000145361,0.0538295,6,-323.2176106,1105.66,381.117,2.9011,0.00026779,0.141384
183.820812,1,AUTO,ARMED,5,AVAILABLE,UNAVAILABLE,UNAVAILABLE,180,5,ACTIVE,41,E_P3_NEW3-A3.NC,E_P3_NEW3-A3.NC,41429.939,211856.19,5768.7,3288.76,100,0.0,2,50,0,3,100,8250.0,4007.29,255.987,15.6543,0.000260002,0.154924,0,530.3867633,1128.19,122.326,9.22281,0.000187709,0.118554,0,304.9308913,672.48,120.16,5.59654,0.000145361,0.0538295,6,-323.2175992,1105.66,381.117,2.9011,0.00026779,0.141384
183.980505,1,AUTO,ARMED,5,AVAILABLE,UNAVAILABLE,UNAVAILABLE,180,5,ACTIVE,41,E_P3_NEW3-A3.NC,E_P3_NEW3-A3.NC,41429.939,211856.19,5768.7,3288.76,100,0.0,2,50,0,3,100,8250.0,4007.29,255.987,15.6543,0.000260002,0.154924,0,530.3867704,1128.19,122.326,9.22281,0.000187709,0.118554,0,304.9308984,672.48,120.16,5.59654,0.000145361,0.0538295,6,-323.2176106,1105.66,381.117,2.9011,0.00026779,0.141384
184.127362,1,AUTO,ARMED,5,AVAILABLE,UNAVAILABLE,UNAVAILABLE,180,5,ACTIVE,41,E_P3_NEW3-A3.NC,E_P3_NEW3-A3.NC,41429.939,211856.19,5768.7,3268.8984,100,0.0,2,50,0,3,100,8250.0,3863.31,252.267,15.3144,0.000289494,0.157184,0,530.3867847,1248.22,113.355,11.0116,0.000214543,0.106012,0,304.9308984,768.549,119.836,6.41334,7.07295e-05,0.0431237,6,-323.2175992,1346.02,280.057,4.80624,0.000206765,0.123177
184.275553,1,AUTO,ARMED,5,AVAILABLE,UNAVAILABLE,UNAVAILABLE,180,5,ACTIVE,41,E_P3_NEW3-A3.NC,E_P3_NEW3-A3.NC,41429.939,211856.19,5768.7,3268.8984,100,0.0,2,50,0,3,100,8250.0,3863.31,252.267,15.3144,0.000289494,0.157184,0,530.3867847,1248.22,113.355,11.0116,0.000214543,0.106012,0,304.9745368,768.549,119.836,6.41334,7.07295e-05,0.0431237,6,-323.2175992,1346.02,280.057,4.80624,0.000206765,0.123177
184.426001,1,AUTO,ARMED,5,AVAILABLE,UNAVAILABLE,UNAVAILABLE,184,5,ACTIVE,41,E_P3_NEW3-A3.NC,E_P3_NEW3-A3.NC,41429.939,211856.19,5768.7,3268.8984,100,0.0,2,50,0,3,100,8250.0,3863.31,252.267,15.3144,0.000289494,0.157184,0,530.3867847,1248.22,113.355,11.0116,0.000214543,0.106012,0,305.0581656,768.549,119.836,6.41334,7.07295e-05,0.0431237,6,-323.2175878,1346.02,280.057,4.80624,0.000206765,0.123177
184.583889,1,AUTO,ARMED,5,AVAILABLE,UNAVAILABLE,UNAVAILABLE,184,5,ACTIVE,41,E_P3_NEW3-A3.NC,E_P3_NEW3-A3.NC,41429.939,211856.19,5768.7,3268.8984,100,0.0,3,50,0,3,100,8250.0,3863.31,252.267,15.3144,0.000289494,0.157184,0,530.3867919,1248.22,113.355,11.0116,0.000214543,0.106012,0,305.0579081,768.549,119.836,6.41334,7.07295e-05,0.0431237,6,-323.2176106,1346.02,280.057,4.80624,0.000206765,0.123177
184.757915,1,AUTO,ARMED,5,AVAILABLE,UNAVAILABLE,UNAVAILABLE,184,5,ACTIVE,41,E_P3_NEW3-A3.NC,E_P3_NEW3-A3.NC,41429.939,211856.19,5768.7,3268.8984,100,0.0,3,50,0,3,100,8250.0,3863.31,252.267,15.3144,0.000289494,0.157184,0,530.386799,1248.22,113.355,11.0116,0.000214543,0.106012,0,305.057901,768.549,119.836,6.41334,7.07295e-05,0.0431237,6,-323.2175992,1346.02,280.057,4.80624,0.000206765,0.123177
184.900828,1,AUTO,ARMED,5,AVAILABLE,UNAVAILABLE,UNAVAILABLE,184,5,ACTIVE,41,E_P3_NEW3-A3.NC,E_P3_NEW3-A3.NC,41429.939,211856.19,5768.7,3268.8984,100,0.0,3,50,0,3,100,8250.0,3863.31,252.267,15.3144,0.000289494,0.157184,0,530.3868062,1248.22,113.355,11.0116,0.000214543,0.106012,0,305.0579081,768.549,119.836,6.41334,7.07295e-05,0.0431237,6,-323.2175763,1346.02,280.057,4.80624,0.000206765,0.123177
185.05552,1,AUTO,ARMED,5,AVAILABLE,UNAVAILABLE,UNAVAILABLE,184,5,ACTIVE,41,E_P3_NEW3-A3.NC,E_P3_NEW3-A3.NC,41429.939,211856.19,5768.7,3268.8984,100,0.0,3,50,0,3,100,8250.0,3863.31,252.267,15.3144,0.000289494,0.157184,0,530.386799,1248.22,113.355,11.0116,0.000214543,0.106012,0,305.0579081,768.549,119.836,6.41334,7.07295e-05,0.0431237,6,-323.2175992,1346.02,280.057,4.80624,0.000206765,0.123177
185.197163,1,AUTO,ARMED,5,AVAILABLE,UNAVAILABLE,UNAVAILABLE,184,5,ACTIVE,41,E_P3_NEW3-A3.NC,E_P3_NEW3-A3.NC,41429.939,211856.19,5768.7,3268.8984,100,0.0,3,50,0,2,100,8250.0,16485.1,1665.94,9.89537,0.000271509,0.284028,0,530.386799,18195.1,3049.91,5.96578,0.000401313,0.46191,0,305.0578938,4203.0,1330.08,3.15996,0.000133013,0.19182,6,-323.2176106,5840.78,1884.38,3.09958,0.000250603,0.448383
185.348659,1,AUTO,ARMED,5,AVAILABLE,UNAVAILABLE,UNAVAILABLE,185,5,ACTIVE,41,E_P3_NEW3-A3.NC,E_P3_NEW3-A3.NC,41429.939,211856.19,5768.7,4697.2036,100,0.0,3,50,0,3,100,8250.0,16485.1,1665.94,9.89537,0.000271509,0.284028,0,531.8741665,18195.1,3049.91,5.96578,0.000401313,0.46191,0,305.0578795,4203.0,1330.08,3.15996,0.000133013,0.19182,6,-323.2175992,5840.78,1884.38,3.09958,0.000250603,0.448383
185.508879,1,AUTO,ARMED,5,AVAILABLE,UNAVAILABLE,UNAVAILABLE,185,5,ACTIVE,41,E_P3_NEW3-A3.NC,E_P3_NEW3-A3.NC,41429.939,211856.19,5768.7,4697.2036,100,38.1,3,50,0,2,100,8250.0,16485.1,1665.94,9.89537,0.000271509,0.284028,0,535.7835655,18195.1,3049.91,5.96578,0.000401313,0.46191,0,305.057901,4203.0,1330.08,3.15996,0.000133013,0.19182,6,-323.2175992,5840.78,1884.38,3.09958,0.000250603,0.448383
185.657684,1,AUTO,ARMED,5,AVAILABLE,UNAVAILABLE,UNAVAILABLE,185,5,ACTIVE,41,E_P3_NEW3-A3.NC,E_P3_NEW3-A3.NC,41429.939,211856.19,5768.7,4697.2036,100,38.1,4,50,0,3,100,8250.0,16485.1,1665.94,9.89537,0.000271509,0.284028,0,543.6400287,18195.1,3049.91,5.96578,0.000401313,0.46191,0,305.0575076,4203.0,1330.08,3.15996,0.000133013,0.19182,6,-323.2175763,5840.78,1884.38,3.09958,0.000250603,0.448383
185.818629,1,AUTO,ARMED,5,AVAILABLE,UNAVAILABLE,UNAVAILABLE,185,5,ACTIVE,41,E_P3_NEW3-A3.NC,E_P3_NEW3-A3.NC,41429.939,211856.19,5768.7,4697.2036,100,38.1,4,50,0,3,100,8250.0,16485.1,1665.94,9.89537,0.000271509,0.284028,0,543.6400287,18195.1,3049.91,5.96578,0.000401313,0.46191,0,305.0575076,4203.0,1330.08,3.15996,0.000133013,0.19182,6,-323.2175763,5840.78,1884.38,3.09958,0.000250603,0.448383
185.960987,1,AUTO,ARMED,5,AVAILABLE,UNAVAILABLE,UNAVAILABLE,185,5,ACTIVE,41,E_P3_NEW3-A3.NC,E_P3_NEW3-A3.NC,41429.939,211856.19,5768.7,4697.2036,100,38.1,4,50,0,11,100,8250.0,16485.1,1665.94,9.89537,0.000271509,0.284028,1,555.4142202,18195.1,3049.91,5.96578,0.000401313,0.46191,0,305.057901,4203.0,1330.08,3.15996,0.000133013,0.19182,6,-323.2175992,5840.78,1884.38,3.09958,0.000250603,0.448383
186.102947,1,AUTO,ARMED,5,AVAILABLE,UNAVAILABLE,UNAVAILABLE,185,5,ACTIVE,41,E_P3_NEW3-A3.NC,E_P3_NEW3-A3.NC,41429.939,211856.19,5768.7,4697.2036,100,38.1,4,50,0,11,100,8250.0,16485.1,1665.94,9.89537,0.000271509,0.284028,1,563.2627525,18195.1,3049.91,5.96578,0.000401313,0.46191,0,305.0578652,4203.0,1330.08,3.15996,0.000133013,0.19182,6,-323.2176564,5840.78,1884.38,3.09958,0.000250603,0.448383
186.242121,1,AUTO,ARMED,5,AVAILABLE,UNAVAILABLE,UNAVAILABLE,185,5,ACTIVE,41,E_P3_NEW3-A3.NC,E_P3_NEW3-A3.NC,41429.939,211856.19,5768.7,4697.2036,100,38.1,4,50,0,10,100,8250.0,17348.9,5720.06,3.03299,0.000229433,0.726437,1,567.196592,15578.7,2164.8,7.19637,0.000342587,0.44095,0,305.0579081,3890.78,1476.88,2.63446,9.16832e-05,0.200812,6,-323.2175649,5720.6,1898.74,3.01284,0.000220295,0.444346
186.40653,1,AUTO,ARMED,5,AVAILABLE,UNAVAILABLE,UNAVAILABLE,185,5,ACTIVE,41,E_P3_NEW3-A3.NC,E_P3_NEW3-A3.NC,41429.939,211856.19,5768.7,4528.8228,100,38.1,4,50,0,10,100,8250.0,17348.9,5720.06,3.03299,0.000229433,0.726437,1,569.1588125,15578.7,2164.8,7.19637,0.000342587,0.44095,0,305.057901,3890.78,1476.88,2.63446,9.16832e-05,0.200812,6,-323.2176106,5720.6,1898.74,3.01284,0.000220295,0.444346
186.566469,1,AUTO,ARMED,5,AVAILABLE,UNAVAILABLE,UNAVAILABLE,185,5,ACTIVE,41,E_P3_NEW3-A3.NC,E_P3_NEW3-A3.NC,41429.939,211856.19,5768.7,4528.8228,100,38.1,5,50,0,9,100,8250.0,17348.9,5720.06,3.03299,0.000229433,0.726437,1,576.9976454,15578.7,2164.8,7.19637,0.000342587,0.44095,0,305.0579367,3890.78,1476.88,2.63446,9.16832e-05,0.200812,6,-323.2175649,5720.6,1898.74,3.01284,0.000220295,0.444346
186.728272,1,AUTO,ARMED,5,AVAILABLE,UNAVAILABLE,UNAVAILABLE,185,5,ACTIVE,41,E_P3_NEW3-A3.NC,E_P3_NEW3-A3.NC,41429.939,211856.19,5768.7,4528.8228,100,38.1,5,50,0,9,100,8250.0,17348.9,5720.06,3.03299,0.000229433,0.726437,1,580.931771,15578.7,2164.8,7.19637,0.000342587,0.44095,0,305.0578795,3890.78,1476.88,2.63446,9.16832e-05,0.200812,6,-323.217645,5720.6,1898.74,3.01284,0.000220295,0.444346
186.87588,1,AUTO,ARMED,5,AVAILABLE,UNAVAILABLE,UNAVAILABLE,185,5,ACTIVE,41,E_P3_NEW3-A3.NC,E_P3_NEW3-A3.NC,41429.939,211856.19,5768.7,4528.8228,100,38.1,5,50,0,9,100,8250.0,17348.9,5720.06,3.03299,0.000229433,0.726437,1,592.7043668,15578.7,2164.8,7.19637,0.000342587,0.44095,0,305.0578795,3890.78,1476.88,2.63446,9.16832e-05,0.200812,6,-323.2176106,5720.6,1898.74,3.01284,0.000220295,0.444346
187.021553,1,AUTO,ARMED,5,AVAILABLE,UNAVAILABLE,UNAVAILABLE,185,5,ACTIVE,41,E_P3_NEW3-A3.NC,E_P3_NEW3-A3.NC,41429.939,211856.19,5768.7,4528.8228,100,38.1,5,50,0,9,100,8250.0,17348.9,5720.06,3.03299,0.000229433,0.726437,1,596.6384086,15578.7,2164.8,7.19637,0.000342587,0.44095,0,305.0579224,3890.78,1476.88,2.63446,9.16832e-05,0.200812,6,-323.2175878,5720.6,1898.74,3.01284,0.000220295,0.444346
187.175463,1,AUTO,ARMED,5,AVAILABLE,UNAVAILABLE,UNAVAILABLE,185,5,ACTIVE,41,E_P3_NEW3-A3.NC,E_P3_NEW3-A3.NC,41429.939,211856.19,5768.7,4528.8228,100,38.1,5,50,0,8,100,8250.0,17348.9,5720.06,3.03299,0.000229433,0.726437,1,600.5442124,15578.7,2164.8,7.19637,0.000342587,0.44095,0,305.0582443,3890.78,1476.88,2.63446,9.16832e-05,0.200812,6,-323.2175649,5720.6,1898.74,3.01284,0.000220295,0.444346
187.312824,1,AUTO,ARMED,5,AVAILABLE,UNAVAILABLE,UNAVAILABLE,185,5,ACTIVE,41,E_P3_NEW3-A3.NC,E_P3_NEW3-A3.NC,41429.939,211856.19,5768.7,4528.8228,100,38.1,5,50,0,3,100,8250.0,7510.66,274.007,27.4105,0.000251996,0.157871,0,604.4773458,14042.4,104.547,134.317,0.000170952,0.103931,0,305.0580154,2858.04,110.08,25.9633,9.83692e-05,0.0481235,6,-323.2176106,2451.68,269.705,9.09023,0.000162624,0.121311
187.45196,1,AUTO,ARMED,5,AVAILABLE,UNAVAILABLE,UNAVAILABLE,185,5,ACTIVE,41,E_P3_NEW3-A3.NC,E_P3_NEW3-A3.NC,41429.939,211856.19,5768.7,3262.5681,100,38.1,5,50,0,3,100,8250.0,7510.66,274.007,27.4105,0.000251996,0.157871,0,608.4019035,14042.4,104.547,134.317,0.000170952,0.103931,0,305.0579296,2858.04,110.08,25.9633,9.83692e-05,0.0481235,6,-323.2175992,2451.68,269.705,9.09023,0.000162624,0.121311
187.595529,1,AUTO,ARMED,5,AVAILABLE,UNAVAILABLE,UNAVAILABLE,185,5,ACTIVE,41,E_P3_NEW3-A3.NC,E_P3_NEW3-A3.NC,41429.939,211856.19,5768.7,3262.5681,100,12.36667,6,50,0,1,100,8250.0,7510.66,274.007,27.4105,0.000251996,0.157871,0,611.6655277,14042.4,104.547,134.317,0.000170952,0.103931,0,305.0579081,2858.04,110.08,25.9633,9.83692e-05,0.0481235,6,-323.2176106,2451.68,269.705,9.09023,0.000162624,0.121311
187.73392,1,AUTO,ARMED,5,AVAILABLE,UNAVAILABLE,UNAVAILABLE,186,5,ACTIVE,41,E_P3_NEW3-A3.NC,E_P3_NEW3-A3.NC,41429.939,211856.19,5768.7,3262.5681,100,0.0,6,50,0,2,100,8250.0,7510.66,274.007,27.4105,0.000251996,0.157871,0,611.6668938,14042.4,104.547,134.317,0.000170952,0.103931,0,305.0579081,2858.04,110.08,25.9633,9.83692e-05,0.0481235,6,-323.2175878,2451.68,269.705,9.09023,0.000162624,0.121311
187.888152,1,AUTO,ARMED,5,AVAILABLE,UNAVAILABLE,UNAVAILABLE,186,5,ACTIVE,41,E_P3_NEW3-A3.NC,E_P3_NEW3-A3.NC,41429.939,211856.19,5768.7,3262.5681,100,0.0,6,50,0,2,100,8250.0,7510.66,274.007,27.4105,0.000251996,0.157871,0,611.6668724,14042.4,104.547,134.317,0.000170952,0.103931,0,305.057901,2858.04,110.08,25.9633,9.83692e-05,0.0481235,6,-323.2175992,2451.68,269.705,9.09023,0.000162624,0.121311
188.033492,1,AUTO,ARMED,5,AVAILABLE,UNAVAILABLE,UNAVAILABLE,186,5,ACTIVE,41,E_P3_NEW3-A3.NC,E_P3_NEW3-A3.NC,41429.939,211856.19,5768.7,3262.5681,100,0.0,6,50,0,3,100,8250.0,7510.66,274.007,27.4105,0.000251996,0.157871,0,611.6668438,14042.4,104.547,134.317,0.000170952,0.103931,0,305.057901,2858.04,110.08,25.9633,9.83692e-05,0.0481235,6,-323.2175992,2451.68,269.705,9.09023,0.000162624,0.121311
188.241248,1,AUTO,ARMED,5,AVAILABLE,UNAVAILABLE,UNAVAILABLE,186,5,ACTIVE,41,E_P3_NEW3-A3.NC,E_P3_NEW3-A3.NC,41429.939,211856.19,5768.7,3262.5681,100,0.0,6,50,0,3,100,8250.0,7510.66,274.007,27.4105,0.000251996,0.157871,0,611.6668152,14042.4,104.547,134.317,0.000170952,0.103931,0,305.0578867,2858.04,110.08,25.9633,9.83692e-05,0.0481235,6,-323.2175992,2451.68,269.705,9.09023,0.000162624,0.121311
188.384964,1,AUTO,ARMED,5,AVAILABLE,UNAVAILABLE,UNAVAILABLE,186,5,ACTIVE,41,E_P3_NEW3-A3.NC,E_P3_NEW3-A3.NC,41429.939,211856.19,5768.7,3262.5681,100,0.0,6,50,0,3,100,8250.0,8950.41,279.616,32.0096,0.000268725,0.169533,0,611.666808,12386.1,415.942,29.7784,0.000260651,0.237958,0,305.0578938,3266.33,1047.21,3.11908,0.000161567,0.169284,6,-323.2175992,5287.95,1542.36,3.42848,0.000240055,0.371863
188.523885,1,AUTO,ARMED,5,AVAILABLE,UNAVAILABLE,UNAVAILABLE,186,5,ACTIVE,41,E_P3_NEW3-A3.NC,E_P3_NEW3-A3.NC,41429.939,211856.19,5768.7,3964.2168,100,0.0,6,50,0,3,100,8250.0,8950.41,279.616,32.0096,0.000268725,0.169533,0,611.666808,12386.1,415.942,29.7784,0.000260651,0.237958,0,305.057901,3266.33,1047.21,3.11908,0.000161567,0.169284,6,-323.2176106,5287.95,1542.36,3.42848,0.000240055,0.371863
188.684314,1,AUTO,ARMED,5,AVAILABLE,UNAVAILABLE,UNAVAILABLE,188,5,ACTIVE,41,E_P3_NEW3-A3.NC,E_P3_NEW3-A3.NC,41429.939,211856.19,5768.7,3964.2168,100,38.1,7,50,0,3,100,8250.0,8950.41,279.616,32.0096,0.000268725,0.169533,0,610.2406935,12386.1,415.942,29.7784,0.000260651,0.237958,0,305.1850823,3266.33,1047.21,3.11908,0.000161567,0.169284,6,-323.2175992,5287.95,1542.36,3.42848,0.000240055,0.371863
188.829762,1,AUTO,ARMED,5,AVAILABLE,UNAVAILABLE,UNAVAILABLE,188,5,ACTIVE,41,E_P3_NEW3-A3.NC,E_P3_NEW3-A3.NC,41429.939,211856.19,5768.7,3964.2168,100,38.1,7,50,0,3,100,8250.0,8950.41,279.616,32.0096,0.000268725,0.169533,0,602.421775,12386.1,415.942,29.7784,0.000260651,0.237958,0,305.1849249,3266.33,1047.21,3.11908,0.000161567,0.169284,6,-323.2175992,5287.95,1542.36,3.42848,0.000240055,0.371863
188.971413,1,AUTO,ARMED,5,AVAILABLE,UNAVAILABLE,UNAVAILABLE,188,5,ACTIVE,41,E_P3_NEW3-A3.NC,E_P3_NEW3-A3.NC,41429.939,211856.19,5768.7,3964.2168,100,38.1,7,50,0,4,100,8250.0,8950.41,279.616,32.0096,0.000268725,0.169533,0,598.4968091,12386.1,415.942,29.7784,0.000260651,0.237958,0,305.1844099,3266.33,1047.21,3.11908,0.000161567,0.169284,6,-323.2175992,5287.95,1542.36,3.42848,0.000240055,0.371863
189.110972,1,AUTO,ARMED,5,AVAILABLE,UNAVAILABLE,UNAVAILABLE,188,5,ACTIVE,41,E_P3_NEW3-A3.NC,E_P3_NEW3-A3.NC,41429.939,211856.19,5768.7,3964.2168,100,38.1,7,50,0,8,100,8250.0,8950.41,279.616,32.0096,0.000268725,0.169533,0,594.5634103,12386.1,415.942,29.7784,0.000260651,0.237958,0,305.1847461,3266.33,1047.21,3.11908,0.000161567,0.169284,6,-323.2176221,5287.95,1542.36,3.42848,0.000240055,0.371863
189.256277,1,AUTO,ARMED,5,AVAILABLE,UNAVAILABLE,UNAVAILABLE,188,5,ACTIVE,41,E_P3_NEW3-A3.NC,E_P3_NEW3-A3.NC,41429.939,211856.19,5768.7,3964.2168,100,38.1,7,50,0,10,100,8250.0,8950.41,279.616,32.0096,0.000268725,0.169533,0,590.6393599,12386.1,415.942,29.7784,0.000260651,0.237958,0,305.184882,3266.33,1047.21,3.11908,0.000161567,0.169284,6,-323.2175992,5287.95,1542.36,3.42848,0.000240055,0.371863
189.41015,1,AUTO,ARMED,5,AVAILABLE,UNAVAILABLE,UNAVAILABLE,188,5,ACTIVE,41,E_P3_NEW3-A3.NC,E_P3_NEW3-A3.NC,41429.939,211856.19,5768.7,3964.2168,100,38.1,7,50,0,11,100,8250.0,9502.31,2367.98,4.01283,0.000235699,0.354416,0,582.7906249,13538.3,1780.6,7.60322,0.000416407,0.420897,0,305.1849321,3146.25,1049.86,2.99683,0.000115785,0.163574,6,-323.2175878,5696.56,1537.74,3.7045,0.000244952,0.387413
189.551951,1,AUTO,ARMED,5,AVAILABLE,UNAVAILABLE,UNAVAILABLE,188,5,ACTIVE,41,E_P3_NEW3-A3.NC,E_P3_NEW3-A3.NC,41429.939,211856.19,5768.7,3964.2168,100,38.1,7,50,0,10,100,8250.0,9502.31,2367.98,4.01283,0.000235699,0.354416,0,574.9517896,13538.3,1780.6,7.60322,0.000416407,0.420897,0,305.1849106,3146.25,1049.86,2.99683,0.000115785,0.163574,6,-323.2176106,5696.56,1537.74,3.7045,0.000244952,0.387413
189.695528,1,AUTO,ARMED,5,AVAILABLE,UNAVAILABLE,UNAVAILABLE,188,5,ACTIVE,41,E_P3_NEW3-A3.NC,E_P3_NEW3-A3.NC,41429.939,211856.19,5768.7,4363.7529,100,38.1,8,50,0,10,100,8250.0,9502.31,2367.98,4.01283,0.000235699,0.354416,0,571.0176876,13538.3,1780.6,7.60322,0.000416407,0.420897,0,305.184882,3146.25,1049.86,2.99683,0.000115785,0.163574,6,-323.2176106,5696.56,1537.74,3.7045,0.000244952,0.387413
189.839354,1,AUTO,ARMED,5,AVAILABLE,UNAVAILABLE,UNAVAILABLE,188,5,ACTIVE,41,E_P3_NEW3-A3.NC,E_P3_NEW3-A3.NC,41429.939,211856.19,5768.7,4363.7529,100,38.1,8,50,0,8,100,8250.0,9502.31,2367.98,4.01283,0.000235699,0.354416,0,567.0933776,13538.3,1780.6,7.60322,0.000416407,0.420897,0,305.1848677,3146.25,1049.86,2.99683,0.000115785,0.163574,6,-323.2176335,5696.56,1537.74,3.7045,0.000244952,0.387413
189.993974,1,AUTO,ARMED,5,AVAILABLE,UNAVAILABLE,UNAVAILABLE,188,5,ACTIVE,41,E_P3_NEW3-A3.NC,E_P3_NEW3-A3.NC,41429.939,211856.19,5768.7,4363.7529,100,38.1,8,50,0,9,100,8250.0,9502.31,2367.98,4.01283,0.000235699,0.354416,0,555.3204346,13538.3,1780.6,7.60322,0.000416407,0.420897,0,305.1849464,3146.25,1049.86,2.99683,0.000115785,0.163574,6,-323.2175992,5696.56,1537.74,3.7045,0.000244952,0.387413
190.152429,1,AUTO,ARMED,5,AVAILABLE,UNAVAILABLE,UNAVAILABLE,188,5,ACTIVE,41,E_P3_NEW3-A3.NC,E_P3_NEW3-A3.NC,41429.939,211856.19,5768.7,4363.7529,100,38.1,8,50,0,9,100,8250.0,9502.31,2367.98,4.01283,0.000235699,0.354416,0,551.3964061,13538.3,1780.6,7.60322,0.000416407,0.420897,0,305.1849392,3146.25,1049.86,2.99683,0.000115785,0.163574,6,-323.2175992,5696.56,1537.74,3.7045,0.000244952,0.387413
190.296719,1,AUTO,ARMED,5,AVAILABLE,UNAVAILABLE,UNAVAILABLE,188,5,ACTIVE,41,E_P3_NEW3-A3.NC,E_P3_NEW3-A3.NC,41429.939,211856.19,5768.7,4363.7529,100,38.1,8,50,0,9,100,8250.0,9502.31,2367.98,4.01283,0.000235699,0.354416,0,549.4341594,13538.3,1780.6,7.60322,0.000416407,0.420897,0,305.1849178,3146.25,1049.86,2.99683,0.000115785,0.163574,6,-323.2176335,5696.56,1537.74,3.7045,0.000244952,0.387413
190.439933,1,AUTO,ARMED,5,AVAILABLE,UNAVAILABLE,UNAVAILABLE,188,5,ACTIVE,41,E_P3_NEW3-A3.NC,E_P3_NEW3-A3.NC,41429.939,211856.19,5768.7,4363.7529,100,38.1,8,50,0,9,100,8250.0,5902.95,255.382,23.1142,0.000255893,0.153293,0,545.5003321,11546.0,125.291,92.1535,0.000165237,0.10792,0,305.184882,2473.76,118.293,20.9121,8.96351e-05,0.0496041,6,-323.2175992,2379.57,329.163,7.22915,0.000182385,0.123449
190.582867,1,AUTO,ARMED,5,AVAILABLE,UNAVAILABLE,UNAVAILABLE,188,5,ACTIVE,41,E_P3_NEW3-A3.NC,E_P3_NEW3-A3.NC,41429.939,211856.19,5768.7,4363.7529,100,38.1,9,50,0,3,100,8250.0,5902.95,255.382,23.1142,0.000255893,0.153293,0,537.660994,11546.0,125.291,92.1535,0.000165237,0.10792,0,305.1850179,2473.76,118.293,20.9121,8.96351e-05,0.0496041,6,-323.2175992,2379.57,329.163,7.22915,0.000182385,0.123449
190.725527,1,AUTO,ARMED,5,AVAILABLE,UNAVAILABLE,UNAVAILABLE,188,5,ACTIVE,41,E_P3_NEW3-A3.NC,E_P3_NEW3-A3.NC,41429.939,211856.19,5768.7,3173.635,100,33.76667,9,50,0,1,100,8250.0,5902.95,255.382,23.1142,0.000255893,0.153293,0,533.7467644,11546.0,125.291,92.1535,0.000165237,0.10792,0,305.1849536,2473.76,118.293,20.9121,8.96351e-05,0.0496041,6,-323.2175992,2379.57,329.163,7.22915,0.000182385,0.123449
190.868948,1,AUTO,ARMED,5,AVAILABLE,UNAVAILABLE,UNAVAILABLE,188,5,ACTIVE,41,E_P3_NEW3-A3.NC,E_P3_NEW3-A3.NC,41429.939,211856.19,5768.7,3173.635,100,33.76667,9,50,0,2,100,8250.0,5902.95,255.382,23.1142,0.000255893,0.153293,0,530.3879864,11546.0,125.291,92.1535,0.000165237,0.10792,0,305.1849035,2473.76,118.293,20.9121,8.96351e-05,0.0496041,6,-323.2176106,2379.57,329.163,7.22915,0.000182385,0.123449
191.011532,1,AUTO,ARMED,5,AVAILABLE,UNAVAILABLE,UNAVAILABLE,189,5,ACTIVE,41,E_P3_NEW3-A3.NC,E_P3_NEW3-A3.NC,41429.939,211856.19,5768.7,3173.635,100,12.55,9,50,0,2,100,8250.0,5902.95,255.382,23.1142,0.000255893,0.153293,0,530.3867132,11546.0,125.291,92.1535,0.000165237,0.10792,0,305.1849035,2473.76,118.293,20.9121,8.96351e-05,0.0496041,6,-323.2175992,2379.57,329.163,7.22915,0.000182385,0.123449
191.155375,1,AUTO,ARMED,5,AVAILABLE,UNAVAILABLE,UNAVAILABLE,189,5,ACTIVE,41,E_P3_NEW3-A3.NC,E_P3_NEW3-A3.NC,41429.939,211856.19,5768.7,3173.635,100,0.0,9,50,0,2,100,8250.0,5902.95,255.382,23.1142,0.000255893,0.153293,0,530.3867132,11546.0,125.291,92.1535,0.000165237,0.10792,0,305.1848963,2473.76,118.293,20.9121,8.96351e-05,0.0496041,6,-323.2176106,2379.57,329.163,7.22915,0.000182385,0.123449
191.311232,1,AUTO,ARMED,5,AVAILABLE,UNAVAILABLE,UNAVAILABLE,189,5,ACTIVE,41,E_P3_NEW3-A3.NC,E_P3_NEW3-A3.NC,41429.939,211856.19,5768.7,3173.635,100,0.0,9,50,0,3,100,8250.0,5902.95,255.382,23.1142,0.000255893,0.153293,0,530.3867347,11546.0,125.291,92.1535,0.000165237,0.10792,0,305.1849035,2473.76,118.293,20.9121,8.96351e-05,0.0496041,6,-323.2175992,2379.57,329.163,7.22915,0.000182385,0.123449
191.462391,1,AUTO,ARMED,5,AVAILABLE,UNAVAILABLE,UNAVAILABLE,189,5,ACTIVE,41,E_P3_NEW3-A3.NC,E_P3_NEW3-A3.NC,41429.939,211856.19,5768.7,3173.635,100,0.0,9,50,0,3,100,8250.0,4055.28,259.621,15.62,0.000166873,0.109633,0,530.386749,1104.19,116.025,9.51683,0.000182862,0.117363,0,305.1849035,624.446,120.711,5.17307,0.000100815,0.051945,6,-323.2175878,1153.73,341.931,3.37416,0.000109369,0.116587
191.609822,1,AUTO,ARMED,5,AVAILABLE,UNAVAILABLE,UNAVAILABLE,189,5,ACTIVE,41,E_P3_NEW3-A3.NC,E_P3_NEW3-A3.NC,41429.939,211856.19,5768.7,3173.635,100,0.0,10,50,0,3,100,8250.0,4055.28,259.621,15.62,0.000166873,0.109633,0,530.3867704,1104.19,116.025,9.51683,0.000182862,0.117363,0,305.1848963,624.446,120.711,5.17307,0.000100815,0.051945,6,-323.2176106,1153.73,341.931,3.37416,0.000109369,0.116587
191.756539,1,AUTO,ARMED,5,AVAILABLE,UNAVAILABLE,UNAVAILABLE,189,5,ACTIVE,41,E_P3_NEW3-A3.NC,E_P3_NEW3-A3.NC,41429.939,211856.19,5768.7,9745.0586,100,0.0,10,50,0,3,100,8250.0,4055.28,259.621,15.62,0.000166873,0.109633,0,530.3867776,1104.19,116.025,9.51683,0.000182862,0.117363,0,305.1849106,624.446,120.711,5.17307,0.000100815,0.051945,6,-323.2175992,1153.73,341.931,3.37416,0.000109369,0.116587
191.903572,1,AUTO,ARMED,5,AVAILABLE,UNAVAILABLE,UNAVAILABLE,192,5,ACTIVE,41,E_P3_NEW3-A3.NC,E_P3_NEW3-A3.NC,41429.939,211856.19,5768.7,9745.0586,100,0.0,10,50,0,3,100,8250.0,4055.28,259.621,15.62,0.000166873,0.109633,0,530.3867847,1104.19,116.025,9.51683,0.000182862,0.117363,0,305.1849035,624.446,120.711,5.17307,0.000100815,0.051945,6,-323.2175878,1153.73,341.931,3.37416,0.000109369,0.116587
192.054658,1,AUTO,ARMED,5,AVAILABLE,UNAVAILABLE,UNAVAILABLE,192,5,ACTIVE,41,E_P3_NEW3-A3.NC,E_P3_NEW3-A3.NC,41429.939,211856.19,5768.7,9745.0586,100,0.0,10,50,0,3,100,8454.658902,4055.28,259.621,15.62,0.000166873,0.109633,0,530.3867919,1104.19,116.025,9.51683,0.000182862,0.117363,0,305.1848892,624.446,120.711,5.17307,0.000100815,0.051945,6,-323.2175992,1153.73,341.931,3.37416,0.000109369,0.116587
192.206564,1,AUTO,ARMED,5,AVAILABLE,UNAVAILABLE,UNAVAILABLE,192,5,ACTIVE,41,E_P3_NEW3-A3.NC,E_P3_NEW3-A3.NC,41429.939,211856.19,5768.7,9745.0586,100,0.0,10,50,0,58,100,8750.0,4055.28,259.621,15.62,0.000166873,0.109633,0,530.3867919,1104.19,116.025,9.51683,0.000182862,0.117363,0,305.1849106,624.446,120.711,5.17307,0.000100815,0.051945,6,-323.2175878,1153.73,341.931,3.37416,0.000109369,0.116587
192.366188,1,AUTO,ARMED,5,AVAILABLE,UNAVAILABLE,UNAVAILABLE,192,5,ACTIVE,41,E_P3_NEW3-A3.NC,E_P3_NEW3-A3.NC,41429.939,211856.19,5768.7,9745.0586,100,0.0,10,50,0,45,100,8750.0,4055.28,259.621,15.62,0.000166873,0.109633,0,530.386799,1104.19,116.025,9.51683,0.000182862,0.117363,0,305.1921348,624.446,120.711,5.17307,0.000100815,0.051945,6,-323.2176106,1153.73,341.931,3.37416,0.000109369,0.116587
192.552082,1,AUTO,ARMED,5,AVAILABLE,UNAVAILABLE,UNAVAILABLE,192,5,ACTIVE,41,E_P3_NEW3-A3.NC,E_P3_NEW3-A3.NC,41429.939,211856.19,5768.7,9745.0586,100,0.0,10,50,0,27,100,8750.0,3959.3,231.075,17.1343,0.000239801,0.11146,0,530.386799,1008.17,170.009,5.9301,0.00022392,0.166804,0,305.3122851,648.463,120.816,5.36736,7.45224e-05,0.0439915,6,-323.2176106,1081.63,369.362,2.92837,0.000201247,0.121381
192.693471,1,AUTO,ARMED,5,AVAILABLE,UNAVAILABLE,UNAVAILABLE,193,5,ACTIVE,41,E_P3_NEW3-A3.NC,E_P3_NEW3-A3.NC,41429.939,211856.19,5768.7,9745.0586,100,0.0,11,50,0,11,100,8750.0,3959.3,231.075,17.1343,0.000239801,0.11146,0,530.386799,1008.17,170.009,5.9301,0.00022392,0.166804,0,305.311906,648.463,120.816,5.36736,7.45224e-05,0.0439915,6,-323.2175878,1081.63,369.362,2.92837,0.000201247,0.121381
192.833941,1,AUTO,ARMED,5,AVAILABLE,UNAVAILABLE,UNAVAILABLE,193,5,ACTIVE,41,E_P3_NEW3-A3.NC,E_P3_NEW3-A3.NC,41429.939,211856.19,5768.7,3471.5125,100,0.0,11,50,0,11,100,8750.0,3959.3,231.075,17.1343,0.000239801,0.11146,0,530.386799,1008.17,170.009,5.9301,0.00022392,0.166804,0,305.311906,648.463,120.816,5.36736,7.45224e-05,0.0439915,6,-323.2175878,1081.63,369.362,2.92837,0.000201247,0.121381
192.97214,1,AUTO,ARMED,5,AVAILABLE,UNAVAILABLE,UNAVAILABLE,193,5,ACTIVE,41,E_P3_NEW3-A3.NC,E_P3_NEW3-A3.NC,41429.939,211856.19,5768.7,3471.5125,100,0.0,11,50,0,9,100,8750.0,3959.3,231.075,17.1343,0.000239801,0.11146,0,530.386799,1008.17,170.009,5.9301,0.00022392,0.166804,0,305.3118917,648.463,120.816,5.36736,7.45224e-05,0.0439915,6,-323.2175992,1081.63,369.362,2.92837,0.000201247,0.121381
193.118537,1,AUTO,ARMED,5,AVAILABLE,UNAVAILABLE,UNAVAILABLE,193,5,ACTIVE,41,E_P3_NEW3-A3.NC,E_P3_NEW3-A3.NC,41429.939,211856.19,5768.7,3471.5125,100,0.0,11,50,0,0,100,8750.0,3959.3,231.075,17.1343,0.000239801,0.11146,0,530.386799,1008.17,170.009,5.9301,0.00022392,0.166804,0,305.3119132,648.463,120.816,5.36736,7.45224e-05,0.0439915,6,-323.2175992,1081.63,369.362,2.92837,0.000201247,0.121381
193.262895,1,AUTO,ARMED,5,AVAILABLE,UNAVAILABLE,UNAVAILABLE,193,5,ACTIVE,41,E_P3_NEW3-A3.NC,E_P3_NEW3-A3.NC,41429.939,211856.19,5768.7,3471.5125,100,0.0,11,50,0,3,100,8750.0,3959.3,231.075,17.1343,0.000239801,0.11146,0,530.386799,1008.17,170.009,5.9301,0.00022392,0.166804,0,305.311906,648.463,120.816,5.36736,7.45224e-05,0.0439915,6,-323.2175992,1081.63,369.362,2.92837,0.000201247,0.121381
193.446945,1,AUTO,ARMED,5,AVAILABLE,UNAVAILABLE,UNAVAILABLE,193,5,ACTIVE,41,E_P3_NEW3-A3.NC,E_P3_NEW3-A3.NC,41429.939,211856.19,5768.7,3471.5125,100,0.0,11,50,0,6,100,8750.0,3959.3,231.075,17.1343,0.000239801,0.11146,0,531.2556435,1008.17,170.009,5.9301,0.00022392,0.166804,0,305.3118988,648.463,120.816,5.36736,7.45224e-05,0.0439915,6,-323.2175878,1081.63,369.362,2.92837,0.000201247,0.121381
193.601721,1,AUTO,ARMED,5,AVAILABLE,UNAVAILABLE,UNAVAILABLE,194,5,ACTIVE,41,E_P3_NEW3-A3.NC,E_P3_NEW3-A3.NC,41429.939,211856.19,5768.7,3471.5125,100,23.28333,12,50,0,5,100,8750.0,17804.8,5206.99,3.4194,0.000399868,0.683291,0,533.6520983,12266.1,1922.0,6.38195,0.000318948,0.322833,0,305.311906,6604.72,2708.85,2.4382,0.000107274,0.329005,6,-323.2175992,4975.48,1636.35,3.0406,0.000256692,0.427939
193.752227,1,AUTO,ARMED,5,AVAILABLE,UNAVAILABLE,UNAVAILABLE,194,5,ACTIVE,41,E_P3_NEW3-A3.NC,E_P3_NEW3-A3.NC,41429.939,211856.19,5768.7,3471.5125,100,23.28333,12,50,0,4,100,8750.0,17804.8,5206.99,3.4194,0.000399868,0.683291,0,536.0499729,12266.1,1922.0,6.38195,0.000318948,0.322833,0,305.311906,6604.72,2708.85,2.4382,0.000107274,0.329005,6,-323.2175878,4975.48,1636.35,3.0406,0.000256692,0.427939
193.89788,1,AUTO,ARMED,5,AVAILABLE,UNAVAILABLE,UNAVAILABLE,194,5,ACTIVE,41,E_P3_NEW3-A3.NC,E_P3_NEW3-A3.NC,41429.939,211856.19,5768.7,3471.5125,100,23.28333,12,50,0,2,100,8750.0,17804.8,5206.99,3.4194,0.000399868,0.683291,0,540.8462658,12266.1,1922.0,6.38195,0.000318948,0.322833,0,305.3118988,6604.72,2708.85,2.4382,0.000107274,0.329005,6,-323.2175992,4975.48,1636.35,3.0406,0.000256692,0.427939
194.038983,1,AUTO,ARMED,5,AVAILABLE,UNAVAILABLE,UNAVAILABLE,194,5,ACTIVE,41,E_P3_NEW3-A3.NC,E_P3_NEW3-A3.NC,41429.939,211856.19,5768.7,4686.9116,100,23.28333,12,50,0,2,100,8750.0,17804.8,5206.99,3.4194,0.000399868,0.683291,0,543.2437398,12266.1,1922.0,6.38195,0.000318948,0.322833,0,305.311627,6604.72,2708.85,2.4382,0.000107274,0.329005,6,-323.2175763,4975.48,1636.35,3.0406,0.000256692,0.427939
194.192491,1,AUTO,ARMED,5,AVAILABLE,UNAVAILABLE,UNAVAILABLE,194,5,ACTIVE,41,E_P3_NEW3-A3.NC,E_P3_NEW3-A3.NC,41429.939,211856.19,5768.7,4686.9116,100,23.28333,12,50,0,6,100,8750.0,17804.8,5206.99,3.4194,0.000399868,0.683291,0,545.6426086,12266.1,1922.0,6.38195,0.000318948,0.322833,0,305.3117916,6604.72,2708.85,2.4382,0.000107274,0.329005,6,-323.2175878,4975.48,1636.35,3.0406,0.000256692,0.427939
194.350408,1,AUTO,ARMED,5,AVAILABLE,UNAVAILABLE,UNAVAILABLE,194,5,ACTIVE,41,E_P3_NEW3-A3.NC,E_P3_NEW3-A3.NC,41429.939,211856.19,5768.7,4686.9116,100,23.28333,12,50,0,11,100,8750.0,17804.8,5206.99,3.4194,0.000399868,0.683291,1,551.6382464,12266.1,1922.0,6.38195,0.000318948,0.322833,0,305.3118845,6604.72,2708.85,2.4382,0.000107274,0.329005,6,-323.2175878,4975.48,1636.35,3.0406,0.000256692,0.427939
194.492893,1,AUTO,ARMED,5,AVAILABLE,UNAVAILABLE,UNAVAILABLE,194,5,ACTIVE,41,E_P3_NEW3-A3.NC,E_P3_NEW3-A3.NC,41429.939,211856.19,5768.7,4686.9116,100,23.28333,12,50,0,11,100,8750.0,17804.8,5206.99,3.4194,0.000399868,0.683291,1,554.0421005,12266.1,1922.0,6.38195,0.000318948,0.322833,0,305.3118988,6604.72,2708.85,2.4382,0.000107274,0.329005,6,-323.2175878,4975.48,1636.35,3.0406,0.000256692,0.427939
194.635377,1,AUTO,ARMED,5,AVAILABLE,UNAVAILABLE,UNAVAILABLE,194,5,ACTIVE,41,E_P3_NEW3-A3.NC,E_P3_NEW3-A3.NC,41429.939,211856.19,5768.7,4686.9116,100,23.28333,13,50,0,9,100,8750.0,17804.8,5206.99,3.4194,0.000399868,0.683291,1,556.4404758,12266.1,1922.0,6.38195,0.000318948,0.322833,0,305.3118917,6604.72,2708.85,2.4382,0.000107274,0.329005,6,-323.2175992,4975.48,1636.35,3.0406,0.000256692,0.427939
194.786011,1,AUTO,ARMED,5,AVAILABLE,UNAVAILABLE,UNAVAILABLE,194,5,ACTIVE,41,E_P3_NEW3-A3.NC,E_P3_NEW3-A3.NC,41429.939,211856.19,5768.7,4686.9116,100,23.28333,13,50,0,9,100,8750.0,16701.0,4759.28,3.50914,0.000350556,0.606903,1,561.2307735,13250.3,2112.07,6.27361,0.000362773,0.334111,0,305.3118988,5860.19,2521.94,2.32368,0.000117225,0.301723,6,-323.2175878,10551.9,2554.18,4.13123,0.000333979,0.616763
194.932266,1,AUTO,ARMED,5,AVAILABLE,UNAVAILABLE,UNAVAILABLE,194,5,ACTIVE,41,E_P3_NEW3-A3.NC,E_P3_NEW3-A3.NC,41429.939,211856.19,5768.7,4686.9116,100,23.28333,13,50,0,8,100,8750.0,16701.0,4759.28,3.50914,0.000350556,0.606903,1,563.6350909,13250.3,2112.07,6.27361,0.000362773,0.334111,0,305.3118917,5860.19,2521.94,2.32368,0.000117225,0.301723,6,-323.2175992,10551.9,2554.18,4.13123,0.000333979,0.616763
195.072292,1,AUTO,ARMED,5,AVAILABLE,UNAVAILABLE,UNAVAILABLE,194,5,ACTIVE,41,E_P3_NEW3-A3.NC,E_P3_NEW3-A3.NC,41429.939,211856.19,5768.7,4376.7056,100,23.28333,13,50,0,9,100,8750.0,16701.0,4759.28,3.50914,0.000350556,0.606903,1,568.4253437,13250.3,2112.07,6.27361,0.000362773,0.334111,0,305.3118988,5860.19,2521.94,2.32368,0.000117225,0.301723,6,-323.2175992,10551.9,2554.18,4.13123,0.000333979,0.616763
195.214662,1,AUTO,ARMED,5,AVAILABLE,UNAVAILABLE,UNAVAILABLE,194,5,ACTIVE,41,E_P3_NEW3-A3.NC,E_P3_NEW3-A3.NC,41429.939,211856.19,5768.7,4376.7056,100,23.28333,13,50,0,9,100,8750.0,16701.0,4759.28,3.50914,0.000350556,0.606903,0,570.8294751,13250.3,2112.07,6.27361,0.000362773,0.334111,0,305.3118845,5860.19,2521.94,2.32368,0.000117225,0.301723,6,-323.2175878,10551.9,2554.18,4.13123,0.000333979,0.616763
195.354844,1,AUTO,ARMED,5,AVAILABLE,UNAVAILABLE,UNAVAILABLE,194,5,ACTIVE,41,E_P3_NEW3-A3.NC,E_P3_NEW3-A3.NC,41429.939,211856.19,5768.7,4376.7056,100,23.28333,13,50,0,9,100,8750.0,16701.0,4759.28,3.50914,0.000350556,0.606903,1,575.6257861,13250.3,2112.07,6.27361,0.000362773,0.334111,0,305.311906,5860.19,2521.94,2.32368,0.000117225,0.301723,6,-323.2175992,10551.9,2554.18,4.13123,0.000333979,0.616763
195.500297,1,AUTO,ARMED,5,AVAILABLE,UNAVAILABLE,UNAVAILABLE,194,5,ACTIVE,41,E_P3_NEW3-A3.NC,E_P3_NEW3-A3.NC,41429.939,211856.19,5768.7,4376.7056,100,23.28333,13,50,0,9,100,8750.0,16701.0,4759.28,3.50914,0.000350556,0.606903,1,578.0296529,13250.3,2112.07,6.27361,0.000362773,0.334111,0,305.3118988,5860.19,2521.94,2.32368,0.000117225,0.301723,6,-323.2175992,10551.9,2554.18,4.13123,0.000333979,0.616763
195.653185,1,AUTO,ARMED,5,AVAILABLE,UNAVAILABLE,UNAVAILABLE,194,5,ACTIVE,41,E_P3_NEW3-A3.NC,E_P3_NEW3-A3.NC,41429.939,211856.19,5768.7,4376.7056,100,23.28333,14,50,0,9,100,8750.0,16701.0,4759.28,3.50914,0.000350556,0.606903,1,580.422276,13250.3,2112.07,6.27361,0.000362773,0.334111,0,305.3118988,5860.19,2521.94,2.32368,0.000117225,0.301723,6,-323.2175992,10551.9,2554.18,4.13123,0.000333979,0.616763
195.80411,1,AUTO,ARMED,5,AVAILABLE,UNAVAILABLE,UNAVAILABLE,194,5,ACTIVE,41,E_P3_NEW3-A3.NC,E_P3_NEW3-A3.NC,41429.939,211856.19,5768.7,4376.7056,100,23.28333,14,50,0,9,100,8750.0,16029.2,5251.44,3.05234,0.000319926,0.644099,1,585.21254,13682.4,1181.48,11.5807,0.000272819,0.282341,0,305.3118917,5163.69,777.803,6.63881,8.75211e-05,0.104696,6,-323.2175992,10383.6,448.326,23.1608,0.000188046,0.14382
195.953295,1,AUTO,ARMED,5,AVAILABLE,UNAVAILABLE,UNAVAILABLE,194,5,ACTIVE,41,E_P3_NEW3-A3.NC,E_P3_NEW3-A3.NC,41429.939,211856.19,5768.7,4376.7056,100,23.28333,14,50,0,9,100,8750.0,16029.2,5251.44,3.05234,0.000319926,0.644099,1,587.6166138,13682.4,1181.48,11.5807,0.000272819,0.282341,0,305.3118988,5163.69,777.803,6.63881,8.75211e-05,0.104696,6,-323.2175992,10383.6,448.326,23.1608,0.000188046,0.14382
196.092885,1,AUTO,ARMED,5,AVAILABLE,UNAVAILABLE,UNAVAILABLE,194,5,ACTIVE,41,E_P3_NEW3-A3.NC,E_P3_NEW3-A3.NC,41429.939,211856.19,5768.7,3132.9219,100,23.28333,14,50,0,9,100,8750.0,16029.2,5251.44,3.05234,0.000319926,0.644099,1,591.2140022,13682.4,1181.48,11.5807,0.000272819,0.282341,0,305.3119132,5163.69,777.803,6.63881,8.75211e-05,0.104696,6,-323.2175878,10383.6,448.326,23.1608,0.000188046,0.14382
196.251948,1,AUTO,ARMED,5,AVAILABLE,UNAVAILABLE,UNAVAILABLE,194,5,ACTIVE,41,E_P3_NEW3-A3.NC,E_P3_NEW3-A3.NC,41429.939,211856.19,5768.7,3132.9219,100,23.28333,14,50,0,8,100,8750.0,16029.2,5251.44,3.05234,0.000319926,0.644099,1,596.0161419,13682.4,1181.48,11.5807,0.000272819,0.282341,0,305.311906,5163.69,777.803,6.63881,8.75211e-05,0.104696,6,-323.2175763,10383.6,448.326,23.1608,0.000188046,0.14382
196.411029,1,AUTO,ARMED,5,AVAILABLE,UNAVAILABLE,UNAVAILABLE,194,5,ACTIVE,41,E_P3_NEW3-A3.NC,E_P3_NEW3-A3.NC,41429.939,211856.19,5768.7,3132.9219,100,23.28333,14,50,0,8,100,8750.0,16029.2,5251.44,3.05234,0.000319926,0.644099,1,598.408643,13682.4,1181.48,11.5807,0.000272819,0.282341,0,305.3119203,5163.69,777.803,6.63881,8.75211e-05,0.104696,6,-323.2175878,10383.6,448.326,23.1608,0.000188046,0.14382
196.552873,1,AUTO,ARMED,5,AVAILABLE,UNAVAILABLE,UNAVAILABLE,194,5,ACTIVE,41,E_P3_NEW3-A3.NC,E_P3_NEW3-A3.NC,41429.939,211856.19,5768.7,3132.9219,100,23.28333,14,50,0,7,100,8750.0,16029.2,5251.44,3.05234,0.000319926,0.644099,1,600.8068161,13682.4,1181.48,11.5807,0.000272819,0.282341,0,305.3120991,5163.69,777.803,6.63881,8.75211e-05,0.104696,6,-323.2175992,10383.6,448.326,23.1608,0.000188046,0.14382
196.710335,1,AUTO,ARMED,5,AVAILABLE,UNAVAILABLE,UNAVAILABLE,194,5,ACTIVE,41,E_P3_NEW3-A3.NC,E_P3_NEW3-A3.NC,41429.939,211856.19,5768.7,3132.9219,100,23.28333,15,50,0,2,100,8750.0,16029.2,5251.44,3.05234,0.000319926,0.644099,0,608.0013568,13682.4,1181.48,11.5807,0.000272819,0.282341,0,305.311906,5163.69,777.803,6.63881,8.75211e-05,0.104696,6,-323.2175878,10383.6,448.326,23.1608,0.000188046,0.14382
196.86205,1,AUTO,ARMED,5,AVAILABLE,UNAVAILABLE,UNAVAILABLE,194,5,ACTIVE,41,E_P3_NEW3-A3.NC,E_P3_NEW3-A3.NC,41429.939,211856.19,5768.7,3132.9219,100,23.28333,15,50,0,2,100,8750.0,3839.32,233.867,16.4167,0.000168511,0.104002,0,610.4053706,3336.57,143.971,23.1753,0.000187153,0.140236,0,305.3118988,744.532,112.241,6.63333,9.8863e-05,0.0458245,6,-323.2175992,1297.95,386.5,3.35821,0.000124334,0.127581
197.019882,1,AUTO,ARMED,5,AVAILABLE,UNAVAILABLE,UNAVAILABLE,194,5,ACTIVE,41,E_P3_NEW3-A3.NC,E_P3_NEW3-A3.NC,41429.939,211856.19,5768.7,3132.9219,100,15.76667,15,50,0,2,100,8750.0,3839.32,233.867,16.4167,0.000168511,0.104002,0,611.6635036,3336.57,143.971,23.1753,0.000187153,0.140236,0,305.311906,744.532,112.241,6.63333,9.8863e-05,0.0458245,6,-323.2175992,1297.95,386.5,3.35821,0.000124334,0.127581
197.174532,1,AUTO,ARMED,5,AVAILABLE,UNAVAILABLE,UNAVAILABLE,195,5,ACTIVE,41,E_P3_NEW3-A3.NC,E_P3_NEW3-A3.NC,41429.939,211856.19,5768.7,3300.3403,100,0.0,15,50,0,2,100,8750.0,3839.32,233.867,16.4167,0.000168511,0.104002,0,611.6668795,3336.57,143.971,23.1753,0.000187153,0.140236,0,305.3118988,744.532,112.241,6.63333,9.8863e-05,0.0458245,6,-323.2175878,1297.95,386.5,3.35821,0.000124334,0.127581
197.324515,1,AUTO,ARMED,5,AVAILABLE,UNAVAILABLE,UNAVAILABLE,195,5,ACTIVE,41,E_P3_NEW3-A3.NC,E_P3_NEW3-A3.NC,41429.939,211856.19,5768.7,3300.3403,100,0.0,15,50,0,4,100,8750.0,3839.32,233.867,16.4167,0.000168511,0.104002,0,611.6668795,3336.57,143.971,23.1753,0.000187153,0.140236,0,305.311906,744.532,112.241,6.63333,9.8863e-05,0.0458245,6,-323.2175992,1297.95,386.5,3.35821,0.000124334,0.127581
197.468696,1,AUTO,ARMED,5,AVAILABLE,UNAVAILABLE,UNAVAILABLE,195,5,ACTIVE,41,E_P3_NEW3-A3.NC,E_P3_NEW3-A3.NC,41429.939,211856.19,5768.7,3300.3403,100,0.0,15,50,0,4,100,8750.0,3839.32,233.867,16.4167,0.000168511,0.104002,0,611.6668438,3336.57,143.971,23.1753,0.000187153,0.140236,0,305.311906,744.532,112.241,6.63333,9.8863e-05,0.0458245,6,-323.2175992,1297.95,386.5,3.35821,0.000124334,0.127581
197.610376,1,AUTO,ARMED,5,AVAILABLE,UNAVAILABLE,UNAVAILABLE,195,5,ACTIVE,41,E_P3_NEW3-A3.NC,E_P3_NEW3-A3.NC,41429.939,211856.19,5768.7,3300.3403,100,0.0,16,50,0,4,100,8750.0,3839.32,233.867,16.4167,0.000168511,0.104002,0,611.6668295,3336.57,143.971,23.1753,0.000187153,0.140236,0,305.311906,744.532,112.241,6.63333,9.8863e-05,0.0458245,6,-323.2175992,1297.95,386.5,3.35821,0.000124334,0.127581
197.752965,1,AUTO,ARMED,5,AVAILABLE,UNAVAILABLE,UNAVAILABLE,195,5,ACTIVE,41,E_P3_NEW3-A3.NC,E_P3_NEW3-A3.NC,41429.939,211856.19,5768.7,3300.3403,100,0.0,16,50,0,3,100,8750.0,3743.34,2740.02,1.36617,0.000367937,0.42737,0,611.6668223,6889.19,246.239,27.9777,0.000248693,0.1666,0,305.3118988,792.564,116.086,6.82739,8.4042e-05,0.0461533,6,-323.2175878,1394.09,325.148,4.28756,0.00019461,0.111965
197.896334,1,AUTO,ARMED,5,AVAILABLE,UNAVAILABLE,UNAVAILABLE,195,5,ACTIVE,41,E_P3_NEW3-A3.NC,E_P3_NEW3-A3.NC,41429.939,211856.19,5768.7,3300.3403,100,0.0,16,50,0,3,100,8750.0,3743.34,2740.02,1.36617,0.000367937,0.42737,0,611.666808,6889.19,246.239,27.9777,0.000248693,0.1666,0,305.311906,792.564,116.086,6.82739,8.4042e-05,0.0461533,6,-323.2175878,1394.09,325.148,4.28756,0.00019461,0.111965
198.102379,1,AUTO,ARMED,5,AVAILABLE,UNAVAILABLE,UNAVAILABLE,197,5,ACTIVE,41,E_P3_NEW3-A3.NC,E_P3_NEW3-A3.NC,41429.939,211856.19,5768.7,3300.3403,100,0.0,16,50,0,3,100,8750.0,3743.34,2740.02,1.36617,0.000367937,0.42737,0,609.5278256,6889.19,246.239,27.9777,0.000248693,0.1666,0,305.4390087,792.564,116.086,6.82739,8.4042e-05,0.0461533,6,-323.2175878,1394.09,325.148,4.28756,0.00019461,0.111965
198.277268,1,AUTO,ARMED,5,AVAILABLE,UNAVAILABLE,UNAVAILABLE,197,5,ACTIVE,41,E_P3_NEW3-A3.NC,E_P3_NEW3-A3.NC,41429.939,211856.19,5768.7,3881.2754,100,23.28333,16,50,0,4,100,8750.0,3743.34,2740.02,1.36617,0.000367937,0.42737,0,607.1251336,6889.19,246.239,27.9777,0.000248693,0.1666,0,305.4389443,792.564,116.086,6.82739,8.4042e-05,0.0461533,6,-323.2175992,1394.09,325.148,4.28756,0.00019461,0.111965
198.428154,1,AUTO,ARMED,5,AVAILABLE,UNAVAILABLE,UNAVAILABLE,197,5,ACTIVE,41,E_P3_NEW3-A3.NC,E_P3_NEW3-A3.NC,41429.939,211856.19,5768.7,3881.2754,100,23.28333,16,50,0,3,100,8750.0,3743.34,2740.02,1.36617,0.000367937,0.42737,0,604.7271267,6889.19,246.239,27.9777,0.000248693,0.1666,0,305.4389157,792.564,116.086,6.82739,8.4042e-05,0.0461533,6,-323.2175992,1394.09,325.148,4.28756,0.00019461,0.111965
198.595648,1,AUTO,ARMED,5,AVAILABLE,UNAVAILABLE,UNAVAILABLE,197,5,ACTIVE,41,E_P3_NEW3-A3.NC,E_P3_NEW3-A3.NC,41429.939,211856.19,5768.7,3881.2754,100,23.28333,17,50,0,3,100,8750.0,3743.34,2740.02,1.36617,0.000367937,0.42737,0,599.9246039,6889.19,246.239,27.9777,0.000248693,0.1666,0,305.4385795,792.564,116.086,6.82739,8.4042e-05,0.0461533,6,-323.2175992,1394.09,325.148,4.28756,0.00019461,0.111965
198.735326,1,AUTO,ARMED,5,AVAILABLE,UNAVAILABLE,UNAVAILABLE,197,5,ACTIVE,41,E_P3_NEW3-A3.NC,E_P3_NEW3-A3.NC,41429.939,211856.19,5768.7,3881.2754,100,23.28333,17,50,0,6,100,8750.0,3743.34,2740.02,1.36617,0.000367937,0.42737,0,597.5267257,6889.19,246.239,27.9777,0.000248693,0.1666,0,305.4387082,792.564,116.086,6.82739,8.4042e-05,0.0461533,6,-323.2175992,1394.09,325.148,4.28756,0.00019461,0.111965
198.888349,1,AUTO,ARMED,5,AVAILABLE,UNAVAILABLE,UNAVAILABLE,197,5,ACTIVE,41,E_P3_NEW3-A3.NC,E_P3_NEW3-A3.NC,41429.939,211856.19,5768.7,3881.2754,100,23.28333,17,50,0,8,100,8750.0,8614.47,2065.25,4.17115,0.000421542,0.417598,0,592.7364268,11137.9,1974.26,5.64156,0.000327154,0.317348,0,305.4388799,4419.16,2113.6,2.09082,0.000131939,0.256787,6,-323.2175992,3845.78,1427.77,2.69356,0.000297259,0.38774
199.066779,1,AUTO,ARMED,5,AVAILABLE,UNAVAILABLE,UNAVAILABLE,197,5,ACTIVE,41,E_P3_NEW3-A3.NC,E_P3_NEW3-A3.NC,41429.939,211856.19,5768.7,3881.2754,100,23.28333,17,50,0,10,100,8750.0,8614.47,2065.25,4.17115,0.000421542,0.417598,0,587.9397978,11137.9,1974.26,5.64156,0.000327154,0.317348,0,305.4388942,4419.16,2113.6,2.09082,0.000131939,0.256787,6,-323.2175992,3845.78,1427.77,2.69356,0.000297259,0.38774
199.278624,1,AUTO,ARMED,5,AVAILABLE,UNAVAILABLE,UNAVAILABLE,197,5,ACTIVE,41,E_P3_NEW3-A3.NC,E_P3_NEW3-A3.NC,41429.939,211856.19,5768.7,3881.2754,100,23.28333,17,50,0,7,100,8750.0,8614.47,2065.25,4.17115,0.000421542,0.417598,0,583.1377543,11137.9,1974.26,5.64156,0.000327154,0.317348,0,305.4389014,4419.16,2113.6,2.09082,0.000131939,0.256787,6,-323.2175992,3845.78,1427.77,2.69356,0.000297259,0.38774
199.435324,1,AUTO,ARMED,5,AVAILABLE,UNAVAILABLE,UNAVAILABLE,197,5,ACTIVE,41,E_P3_NEW3-A3.NC,E_P3_NEW3-A3.NC,41429.939,211856.19,5768.7,4213.23,100,23.28333,17,50,0,7,100,8750.0,8614.47,2065.25,4.17115,0.000421542,0.417598,0,580.7394846,11137.9,1974.26,5.64156,0.000327154,0.317348,0,305.4388942,4419.16,2113.6,2.09082,0.000131939,0.256787,6,-323.2175992,3845.78,1427.77,2.69356,0.000297259,0.38774
199.577468,1,AUTO,ARMED,5,AVAILABLE,UNAVAILABLE,UNAVAILABLE,197,5,ACTIVE,41,E_P3_NEW3-A3.NC,E_P3_NEW3-A3.NC,41429.939,211856.19,5768.7,4213.23,100,23.28333,17,50,0,7,100,8750.0,8614.47,2065.25,4.17115,0.000421542,0.417598,0,578.3470442,11137.9,1974.26,5.64156,0.000327154,0.317348,0,305.4388942,4419.16,2113.6,2.09082,0.000131939,0.256787,6,-323.2175992,3845.78,1427.77,2.69356,0.000297259,0.38774
199.71939,1,AUTO,ARMED,5,AVAILABLE,UNAVAILABLE,UNAVAILABLE,197,5,ACTIVE,41,E_P3_NEW3-A3.NC,E_P3_NEW3-A3.NC,41429.939,211856.19,5768.7,4213.23,100,23.28333,18,50,0,8,100,8750.0,8614.47,2065.25,4.17115,0.000421542,0.417598,0,573.5449758,11137.9,1974.26,5.64156,0.000327154,0.317348,0,305.4388942,4419.16,2113.6,2.09082,0.000131939,0.256787,6,-323.2175992,3845.78,1427.77,2.69356,0.000297259,0.38774
199.861735,1,AUTO,ARMED,5,AVAILABLE,UNAVAILABLE,UNAVAILABLE,197,5,ACTIVE,41,E_P3_NEW3-A3.NC,E_P3_NEW3-A3.NC,41429.939,211856.19,5768.7,4213.23,100,23.28333,18,50,0,9,100,8750.0,8614.47,2065.25,4.17115,0.000421542,0.417598,0,571.1525854,11137.9,1974.26,5.64156,0.000327154,0.317348,0,305.4388942,4419.16,2113.6,2.09082,0.000131939,0.256787,6,-323.2175992,3845.78,1427.77,2.69356,0.000297259,0.38774
200.008963,1,AUTO,ARMED,5,AVAILABLE,UNAVAILABLE,UNAVAILABLE,197,5,ACTIVE,41,E_P3_NEW3-A3.NC,E_P3_NEW3-A3.NC,41429.939,211856.19,5768.7,4213.23,100,23.28333,18,50,0,9,100,8750.0,9214.36,2350.7,3.91984,0.00040789,0.428676,0,569.9534899,12002.1,2212.94,5.4236,0.000303636,0.321029,0,305.4389157,4683.35,2107.83,2.22188,0.00011556,0.262289,6,-323.2175878,4134.21,1355.17,3.05069,0.000268246,0.376725
200.148429,1,AUTO,ARMED,5,AVAILABLE,UNAVAILABLE,UNAVAILABLE,197,5,ACTIVE,41,E_P3_NEW3-A3.NC,E_P3_NEW3-A3.NC,41429.939,211856.19,5768.7,4213.23,100,23.28333,18,50,0,8,100,8750.0,9214.36,2350.7,3.91984,0.00040789,0.428676,0,562.7529729,12002.1,2212.94,5.4236,0.000303636,0.321029,0,305.4389228,4683.35,2107.83,2.22188,0.00011556,0.262289,6,-323.2175763,4134.21,1355.17,3.05069,0.000268246,0.376725
200.298541,1,AUTO,ARMED,5,AVAILABLE,UNAVAILABLE,UNAVAILABLE,197,5,ACTIVE,41,E_P3_NEW3-A3.NC,E_P3_NEW3-A3.NC,41429.939,211856.19,5768.7,4213.23,100,23.28333,18,50,0,8,100,8750.0,9214.36,2350.7,3.91984,0.00040789,0.428676,0,560.3607256,12002.1,2212.94,5.4236,0.000303636,0.321029,0,305.4389157,4683.35,2107.83,2.22188,0.00011556,0.262289,6,-323.2175763,4134.21,1355.17,3.05069,0.000268246,0.376725
200.44344,1,AUTO,ARMED,5,AVAILABLE,UNAVAILABLE,UNAVAILABLE,197,5,ACTIVE,41,E_P3_NEW3-A3.NC,E_P3_NEW3-A3.NC,41429.939,211856.19,5768.7,4065.5823,100,23.28333,18,50,0,8,100,8750.0,9214.36,2350.7,3.91984,0.00040789,0.428676,0,557.9569572,12002.1,2212.94,5.4236,0.000303636,0.321029,0,305.4389228,4683.35,2107.83,2.22188,0.00011556,0.262289,6,-323.2175763,4134.21,1355.17,3.05069,0.000268246,0.376725
200.629739,1,AUTO,ARMED,5,AVAILABLE,UNAVAILABLE,UNAVAILABLE,197,5,ACTIVE,41,E_P3_NEW3-A3.NC,E_P3_NEW3-A3.NC,41429.939,211856.19,5768.7,4065.5823,100,23.28333,19,50,0,8,100,8750.0,9214.36,2350.7,3.91984,0.00040789,0.428676,0,553.160444,12002.1,2212.94,5.4236,0.000303636,0.321029,0,305.4389228,4683.35,2107.83,2.22188,0.00011556,0.262289,6,-323.2175878,4134.21,1355.17,3.05069,0.000268246,0.376725
200.783169,1,AUTO,ARMED,5,AVAILABLE,UNAVAILABLE,UNAVAILABLE,197,5,ACTIVE,41,E_P3_NEW3-A3.NC,E_P3_NEW3-A3.NC,41429.939,211856.19,5768.7,4065.5823,100,23.28333,19,50,0,8,100,8750.0,9214.36,2350.7,3.91984,0.00040789,0.428676,0,550.7563403,12002.1,2212.94,5.4236,0.000303636,0.321029,0,305.4389157,4683.35,2107.83,2.22188,0.00011556,0.262289,6,-323.2175763,4134.21,1355.17,3.05069,0.000268246,0.376725
200.92453,1,AUTO,ARMED,5,AVAILABLE,UNAVAILABLE,UNAVAILABLE,197,5,ACTIVE,41,E_P3_NEW3-A3.NC,E_P3_NEW3-A3.NC,41429.939,211856.19,5768.7,4065.5823,100,23.28333,19,50,0,8,100,8750.0,9214.36,2350.7,3.91984,0.00040789,0.428676,0,543.5621319,12002.1,2212.94,5.4236,0.000303636,0.321029,0,305.439073,4683.35,2107.83,2.22188,0.00011556,0.262289,6,-323.2175878,4134.21,1355.17,3.05069,0.000268246,0.376725
201.072611,1,AUTO,ARMED,5,AVAILABLE,UNAVAILABLE,UNAVAILABLE,197,5,ACTIVE,41,E_P3_NEW3-A3.NC,E_P3_NEW3-A3.NC,41429.939,211856.19,5768.7,4065.5823,100,23.28333,19,50,0,6,100,8750.0,8830.43,232.789,37.9332,0.00015215,0.0973355,0,541.1638861,11257.9,161.722,69.6127,0.000249782,0.156571,0,305.4390516,4659.33,115.965,40.1788,6.92858e-05,0.0519718,6,-323.2175878,3893.85,389.704,9.99181,0.000108462,0.122871
201.218185,1,AUTO,ARMED,5,AVAILABLE,UNAVAILABLE,UNAVAILABLE,197,5,ACTIVE,41,E_P3_NEW3-A3.NC,E_P3_NEW3-A3.NC,41429.939,211856.19,5768.7,4065.5823,100,23.28333,19,50,0,3,100,8750.0,8830.43,232.789,37.9332,0.00015215,0.0973355,0,538.7712119,11257.9,161.722,69.6127,0.000249782,0.156571,0,305.4389657,4659.33,115.965,40.1788,6.92858e-05,0.0519718,6,-323.2175763,3893.85,389.704,9.99181,0.000108462,0.122871
201.366868,1,AUTO,ARMED,5,AVAILABLE,UNAVAILABLE,UNAVAILABLE,197,5,ACTIVE,41,E_P3_NEW3-A3.NC,E_P3_NEW3-A3.NC,41429.939,211856.19,5768.7,4065.5823,100,23.28333,19,50,0,2,100,8750.0,8830.43,232.789,37.9332,0.00015215,0.0973355,0,536.3672584,11257.9,161.722,69.6127,0.000249782,0.156571,0,305.4389228,4659.33,115.965,40.1788,6.92858e-05,0.0519718,6,-323.2175878,3893.85,389.704,9.99181,0.000108462,0.122871
201.510594,1,AUTO,ARMED,5,AVAILABLE,UNAVAILABLE,UNAVAILABLE,197,5,ACTIVE,41,E_P3_NEW3-A3.NC,E_P3_NEW3-A3.NC,41429.939,211856.19,5768.7,3329.0759,100,23.28333,19,50,0,2,100,8750.0,8830.43,232.789,37.9332,0.00015215,0.0973355,0,531.5708559,11257.9,161.722,69.6127,0.000249782,0.156571,0,305.4389085,4659.33,115.965,40.1788,6.92858e-05,0.0519718,6,-323.2175992,3893.85,389.704,9.99181,0.000108462,0.122871
201.671808,1,AUTO,ARMED,5,AVAILABLE,UNAVAILABLE,UNAVAILABLE,197,5,ACTIVE,41,E_P3_NEW3-A3.NC,E_P3_NEW3-A3.NC,41429.939,211856.19,5768.7,3329.0759,100,11.36667,20,50,0,3,100,8750.0,8830.43,232.789,37.9332,0.00015215,0.0973355,0,530.3869206,11257.9,161.722,69.6127,0.000249782,0.156571,0,305.4389014,4659.33,115.965,40.1788,6.92858e-05,0.0519718,6,-323.2175878,3893.85,389.704,9.99181,0.000108462,0.122871
201.813568,1,AUTO,ARMED,5,AVAILABLE,UNAVAILABLE,UNAVAILABLE,198,5,ACTIVE,41,E_P3_NEW3-A3.NC,E_P3_NEW3-A3.NC,41429.939,211856.19,5768.7,3329.0759,100,7.583333,20,50,0,4,100,8750.0,8830.43,232.789,37.9332,0.00015215,0.0973355,0,530.3867418,11257.9,161.722,69.6127,0.000249782,0.156571,0,305.4389014,4659.33,115.965,40.1788,6.92858e-05,0.0519718,6,-323.2175992,3893.85,389.704,9.99181,0.000108462,0.122871
201.992257,1,AUTO,ARMED,5,AVAILABLE,UNAVAILABLE,UNAVAILABLE,198,5,ACTIVE,41,E_P3_NEW3-A3.NC,E_P3_NEW3-A3.NC,41429.939,211856.19,5768.7,3329.0759,100,0.0,20,50,0,4,100,8750.0,8830.43,232.789,37.9332,0.00015215,0.0973355,0,530.3866989,11257.9,161.722,69.6127,0.000249782,0.156571,0,305.4389014,4659.33,115.965,40.1788,6.92858e-05,0.0519718,6,-323.2175992,3893.85,389.704,9.99181,0.000108462,0.122871
202.135976,1,AUTO,ARMED,5,AVAILABLE,UNAVAILABLE,UNAVAILABLE,198,5,ACTIVE,41,E_P3_NEW3-A3.NC,E_P3_NEW3-A3.NC,41429.939,211856.19,5768.7,3329.0759,100,0.0,20,50,0,3,100,8750.0,3719.34,228.634,16.2677,0.000147783,0.100033,0,530.3867633,1200.21,162.561,7.38314,0.000353514,0.161619,0,305.4389014,840.601,100.382,8.37402,0.000119434,0.0512805,6,-323.2175992,1177.77,363.362,3.24131,0.000118969,0.111348
202.277656,1,AUTO,ARMED,5,AVAILABLE,UNAVAILABLE,UNAVAILABLE,198,5,ACTIVE,41,E_P3_NEW3-A3.NC,E_P3_NEW3-A3.NC,41429.939,211856.19,5768.7,3329.0759,100,0.0,20,50,0,3,100,8750.0,3719.34,228.634,16.2677,0.000147783,0.100033,0,530.3867704,1200.21,162.561,7.38314,0.000353514,0.161619,0,305.4389085,840.601,100.382,8.37402,0.000119434,0.0512805,6,-323.2175992,1177.77,363.362,3.24131,0.000118969,0.111348
202.418962,1,AUTO,ARMED,5,AVAILABLE,UNAVAILABLE,UNAVAILABLE,198,5,ACTIVE,41,E_P3_NEW3-A3.NC,E_P3_NEW3-A3.NC,41429.939,211856.19,5768.7,3329.0759,100,0.0,20,50,0,3,100,8750.0,3719.34,228.634,16.2677,0.000147783,0.100033,0,530.3867776,1200.21,162.561,7.38314,0.000353514,0.161619,0,305.4389085,840.601,100.382,8.37402,0.000119434,0.0512805,6,-323.2175992,1177.77,363.362,3.24131,0.000118969,0.111348
202.561157,1,AUTO,ARMED,5,AVAILABLE,UNAVAILABLE,UNAVAILABLE,201,5,ACTIVE,41,E_P3_NEW3-A3.NC,E_P3_NEW3-A3.NC,41429.939,211856.19,5768.7,3329.0759,100,0.0,21,50,0,3,100,8750.0,3719.34,228.634,16.2677,0.000147783,0.100033,0,530.3867776,1200.21,162.561,7.38314,0.000353514,0.161619,0,305.4389014,840.601,100.382,8.37402,0.000119434,0.0512805,6,-323.2175878,1177.77,363.362,3.24131,0.000118969,0.111348
202.705146,1,AUTO,ARMED,5,AVAILABLE,UNAVAILABLE,UNAVAILABLE,202,5,ACTIVE,41,E_P3_NEW3-A3.NC,E_P3_NEW3-A3.NC,41429.939,211856.19,5768.7,3302.8062,100,0.0,21,50,0,3,100,8750.0,3719.34,228.634,16.2677,0.000147783,0.100033,0,530.3867919,1200.21,162.561,7.38314,0.000353514,0.161619,0,305.5672629,840.601,100.382,8.37402,0.000119434,0.0512805,6,-323.2175878,1177.77,363.362,3.24131,0.000118969,0.111348
202.849659,1,AUTO,ARMED,5,AVAILABLE,UNAVAILABLE,UNAVAILABLE,202,5,ACTIVE,41,E_P3_NEW3-A3.NC,E_P3_NEW3-A3.NC,41429.939,211856.19,5768.7,3302.8062,100,0.0,21,50,0,3,100,8750.0,3719.34,228.634,16.2677,0.000147783,0.100033,0,530.3867919,1200.21,162.561,7.38314,0.000353514,0.161619,0,305.5660183,840.601,100.382,8.37402,0.000119434,0.0512805,6,-323.2175992,1177.77,363.362,3.24131,0.000118969,0.111348
202.993611,1,AUTO,ARMED,5,AVAILABLE,UNAVAILABLE,UNAVAILABLE,202,5,ACTIVE,41,E_P3_NEW3-A3.NC,E_P3_NEW3-A3.NC,41429.939,211856.19,5768.7,3302.8062,100,0.0,21,50,0,3,100,8750.0,3719.34,228.634,16.2677,0.000147783,0.100033,0,530.386799,1200.21,162.561,7.38314,0.000353514,0.161619,0,305.5659182,840.601,100.382,8.37402,0.000119434,0.0512805,6,-323.2175992,1177.77,363.362,3.24131,0.000118969,0.111348
203.189629,1,AUTO,ARMED,5,AVAILABLE,UNAVAILABLE,UNAVAILABLE,202,5,ACTIVE,41,E_P3_NEW3-A3.NC,E_P3_NEW3-A3.NC,41429.939,211856.19,5768.7,3302.8062,100,0.0,21,50,0,3,100,8750.0,3743.33,236.38,15.8361,0.000216709,0.10715,0,530.386799,1176.2,288.539,4.0764,0.000263328,0.194704,0,305.5659039,648.462,108.239,5.99102,9.29002e-05,0.0530917,6,-323.2175992,1105.66,342.857,3.22484,0.000276877,0.123227
203.333808,1,AUTO,ARMED,5,AVAILABLE,UNAVAILABLE,UNAVAILABLE,202,5,ACTIVE,41,E_P3_NEW3-A3.NC,E_P3_NEW3-A3.NC,41429.939,211856.19,5768.7,3302.8062,100,0.0,21,50,0,3,100,8750.0,3743.33,236.38,15.8361,0.000216709,0.10715,0,530.386799,1176.2,288.539,4.0764,0.000263328,0.194704,0,305.565911,648.462,108.239,5.99102,9.29002e-05,0.0530917,6,-323.2175992,1105.66,342.857,3.22484,0.000276877,0.123227
203.469715,1,AUTO,ARMED,5,AVAILABLE,UNAVAILABLE,UNAVAILABLE,202,5,ACTIVE,41,E_P3_NEW3-A3.NC,E_P3_NEW3-A3.NC,41429.939,211856.19,5768.7,3302.8062,100,0.0,21,50,0,3,100,8750.0,3743.33,236.38,15.8361,0.000216709,0.10715,0,530.386799,1176.2,288.539,4.0764,0.000263328,0.194704,0,305.565911,648.462,108.239,5.99102,9.29002e-05,0.0530917,6,-323.2175992,1105.66,342.857,3.22484,0.000276877,0.123227
203.614144,1,AUTO,ARMED,5,AVAILABLE,UNAVAILABLE,UNAVAILABLE,202,5,ACTIVE,41,E_P3_NEW3-A3.NC,E_P3_NEW3-A3.NC,41429.939,211856.19,5768.7,3302.8062,100,0.0,22,50,0,3,100,8750.0,3743.33,236.38,15.8361,0.000216709,0.10715,0,530.386799,1176.2,288.539,4.0764,0.000263328,0.194704,0,305.565911,648.462,108.239,5.99102,9.29002e-05,0.0530917,6,-323.2175878,1105.66,342.857,3.22484,0.000276877,0.123227
203.757485,1,AUTO,ARMED,5,AVAILABLE,UNAVAILABLE,UNAVAILABLE,203,5,ACTIVE,41,E_P3_NEW3-A3.NC,E_P3_NEW3-A3.NC,41429.939,211856.19,5768.7,3329.4729,100,0.0,22,50,0,3,100,8750.0,3743.33,236.38,15.8361,0.000216709,0.10715,2,530.4204579,1176.2,288.539,4.0764,0.000263328,0.194704,0,305.5658967,648.462,108.239,5.99102,9.29002e-05,0.0530917,6,-323.2175992,1105.66,342.857,3.22484,0.000276877,0.123227
203.897392,1,AUTO,ARMED,5,AVAILABLE,UNAVAILABLE,UNAVAILABLE,203,5,ACTIVE,41,E_P3_NEW3-A3.NC,E_P3_NEW3-A3.NC,41429.939,211856.19,5768.7,3329.4729,100,27.51667,22,50,0,3,100,8750.0,3743.33,236.38,15.8361,0.000216709,0.10715,2,534.1872092,1176.2,288.539,4.0764,0.000263328,0.194704,0,305.5659039,648.462,108.239,5.99102,9.29002e-05,0.0530917,6,-323.2175878,1105.66,342.857,3.22484,0.000276877,0.123227
204.037905,1,AUTO,ARMED,5,AVAILABLE,UNAVAILABLE,UNAVAILABLE,203,5,ACTIVE,41,E_P3_NEW3-A3.NC,E_P3_NEW3-A3.NC,41429.939,211856.19,5768.7,3329.4729,100,27.51667,22,50,0,3,100,8750.0,3743.33,236.38,15.8361,0.000216709,0.10715,0,537.013852,1176.2,288.539,4.0764,0.000263328,0.194704,0,305.5658967,648.462,108.239,5.99102,9.29002e-05,0.0530917,6,-323.2175878,1105.66,342.857,3.22484,0.000276877,0.123227
204.174474,1,AUTO,ARMED,5,AVAILABLE,UNAVAILABLE,UNAVAILABLE,203,5,ACTIVE,41,E_P3_NEW3-A3.NC,E_P3_NEW3-A3.NC,41429.939,211856.19,5768.7,3329.4729,100,27.51667,22,50,0,3,100,8750.0,18980.6,5763.01,3.29352,0.000385817,0.709994,0,539.8552574,13226.3,2508.81,5.27194,0.000325071,0.341733,0,305.5659039,6508.65,2576.89,2.52578,0.000135912,0.309662,6,-323.2175878,9806.74,2641.23,3.71294,0.0002915,0.623754
204.323719,1,AUTO,ARMED,5,AVAILABLE,UNAVAILABLE,UNAVAILABLE,203,5,ACTIVE,41,E_P3_NEW3-A3.NC,E_P3_NEW3-A3.NC,41429.939,211856.19,5768.7,3329.4729,100,27.51667,22,50,0,6,100,8750.0,18980.6,5763.01,3.29352,0.000385817,0.709994,0,545.5165895,13226.3,2508.81,5.27194,0.000325071,0.341733,0,305.5657322,6508.65,2576.89,2.52578,0.000135912,0.309662,6,-323.2175878,9806.74,2641.23,3.71294,0.0002915,0.623754
204.483113,1,AUTO,ARMED,5,AVAILABLE,UNAVAILABLE,UNAVAILABLE,203,5,ACTIVE,41,E_P3_NEW3-A3.NC,E_P3_NEW3-A3.NC,41429.939,211856.19,5768.7,3329.4729,100,27.51667,23,50,0,11,100,8750.0,18980.6,5763.01,3.29352,0.000385817,0.709994,1,551.1919476,13226.3,2508.81,5.27194,0.000325071,0.341733,0,305.5658824,6508.65,2576.89,2.52578,0.000135912,0.309662,6,-323.2175878,9806.74,2641.23,3.71294,0.0002915,0.623754
204.626583,1,AUTO,ARMED,5,AVAILABLE,UNAVAILABLE,UNAVAILABLE,203,5,ACTIVE,41,E_P3_NEW3-A3.NC,E_P3_NEW3-A3.NC,41429.939,211856.19,5768.7,3329.4729,100,27.51667,23,50,0,11,100,8750.0,18980.6,5763.01,3.29352,0.000385817,0.709994,1,554.0260862,13226.3,2508.81,5.27194,0.000325071,0.341733,0,305.5658896,6508.65,2576.89,2.52578,0.000135912,0.309662,6,-323.2175878,9806.74,2641.23,3.71294,0.0002915,0.623754
204.769165,1,AUTO,ARMED,5,AVAILABLE,UNAVAILABLE,UNAVAILABLE,203,5,ACTIVE,41,E_P3_NEW3-A3.NC,E_P3_NEW3-A3.NC,41429.939,211856.19,5768.7,3329.4729,100,27.51667,23,50,0,10,100,8750.0,18980.6,5763.01,3.29352,0.000385817,0.709994,1,559.7012586,13226.3,2508.81,5.27194,0.000325071,0.341733,0,305.5658967,6508.65,2576.89,2.52578,0.000135912,0.309662,6,-323.2175763,9806.74,2641.23,3.71294,0.0002915,0.623754
204.905546,1,AUTO,ARMED,5,AVAILABLE,UNAVAILABLE,UNAVAILABLE,203,5,ACTIVE,41,E_P3_NEW3-A3.NC,E_P3_NEW3-A3.NC,41429.939,211856.19,5768.7,4383.5757,100,27.51667,23,50,0,9,100,8750.0,18980.6,5763.01,3.29352,0.000385817,0.709994,1,562.5290119,13226.3,2508.81,5.27194,0.000325071,0.341733,0,305.5659039,6508.65,2576.89,2.52578,0.000135912,0.309662,6,-323.2175878,9806.74,2641.23,3.71294,0.0002915,0.623754
205.046428,1,AUTO,ARMED,5,AVAILABLE,UNAVAILABLE,UNAVAILABLE,203,5,ACTIVE,41,E_P3_NEW3-A3.NC,E_P3_NEW3-A3.NC,41429.939,211856.19,5768.7,4383.5757,100,27.51667,23,50,0,9,100,8750.0,18980.6,5763.01,3.29352,0.000385817,0.709994,1,565.3632097,13226.3,2508.81,5.27194,0.000325071,0.341733,0,305.5659039,6508.65,2576.89,2.52578,0.000135912,0.309662,6,-323.2175763,9806.74,2641.23,3.71294,0.0002915,0.623754
205.190553,1,AUTO,ARMED,5,AVAILABLE,UNAVAILABLE,UNAVAILABLE,203,5,ACTIVE,41,E_P3_NEW3-A3.NC,E_P3_NEW3-A3.NC,41429.939,211856.19,5768.7,4383.5757,100,27.51667,23,50,0,9,100,8750.0,18980.6,5763.01,3.29352,0.000385817,0.709994,1,568.2041379,13226.3,2508.81,5.27194,0.000325071,0.341733,0,305.5658753,6508.65,2576.89,2.52578,0.000135912,0.309662,6,-323.2175878,9806.74,2641.23,3.71294,0.0002915,0.623754
205.327151,1,AUTO,ARMED,5,AVAILABLE,UNAVAILABLE,UNAVAILABLE,203,5,ACTIVE,41,E_P3_NEW3-A3.NC,E_P3_NEW3-A3.NC,41429.939,211856.19,5768.7,4383.5757,100,27.51667,23,50,0,9,100,8750.0,16989.0,5955.98,2.85243,0.00032166,0.717755,1,573.8658959,14162.4,1905.88,7.4309,0.000325729,0.326093,0,305.565911,5043.6,2408.34,2.09422,0.000110037,0.295257,6,-323.2175878,10648.0,2616.15,4.0701,0.000336177,0.624987
205.485441,1,AUTO,ARMED,5,AVAILABLE,UNAVAILABLE,UNAVAILABLE,203,5,ACTIVE,41,E_P3_NEW3-A3.NC,E_P3_NEW3-A3.NC,41429.939,211856.19,5768.7,4383.5757,100,27.51667,23,50,0,9,100,8750.0,16989.0,5955.98,2.85243,0.00032166,0.717755,1,576.6997217,14162.4,1905.88,7.4309,0.000325729,0.326093,0,305.5658967,5043.6,2408.34,2.09422,0.000110037,0.295257,6,-323.2175878,10648.0,2616.15,4.0701,0.000336177,0.624987
205.636149,1,AUTO,ARMED,5,AVAILABLE,UNAVAILABLE,UNAVAILABLE,203,5,ACTIVE,41,E_P3_NEW3-A3.NC,E_P3_NEW3-A3.NC,41429.939,211856.19,5768.7,4383.5757,100,27.51667,24,50,0,9,100,8750.0,16989.0,5955.98,2.85243,0.00032166,0.717755,1,579.5411149,14162.4,1905.88,7.4309,0.000325729,0.326093,0,305.5658967,5043.6,2408.34,2.09422,0.000110037,0.295257,6,-323.2175763,10648.0,2616.15,4.0701,0.000336177,0.624987
205.78407,1,AUTO,ARMED,5,AVAILABLE,UNAVAILABLE,UNAVAILABLE,203,5,ACTIVE,41,E_P3_NEW3-A3.NC,E_P3_NEW3-A3.NC,41429.939,211856.19,5768.7,4383.5757,100,27.51667,24,50,0,9,100,8750.0,16989.0,5955.98,2.85243,0.00032166,0.717755,1,583.7922614,14162.4,1905.88,7.4309,0.000325729,0.326093,0,305.5659039,5043.6,2408.34,2.09422,0.000110037,0.295257,6,-323.2175878,10648.0,2616.15,4.0701,0.000336177,0.624987
205.934443,1,AUTO,ARMED,5,AVAILABLE,UNAVAILABLE,UNAVAILABLE,203,5,ACTIVE,41,E_P3_NEW3-A3.NC,E_P3_NEW3-A3.NC,41429.939,211856.19,5768.7,3673.6973,100,27.51667,24,50,0,9,100,8750.0,16989.0,5955.98,2.85243,0.00032166,0.717755,1,586.6334324,14162.4,1905.88,7.4309,0.000325729,0.326093,0,305.5659039,5043.6,2408.34,2.09422,0.000110037,0.295257,6,-323.2175878,10648.0,2616.15,4.0701,0.000336177,0.624987
206.075317,1,AUTO,ARMED,5,AVAILABLE,UNAVAILABLE,UNAVAILABLE,203,5,ACTIVE,41,E_P3_NEW3-A3.NC,E_P3_NEW3-A3.NC,41429.939,211856.19,5768.7,3673.6973,100,27.51667,24,50,0,9,100,8750.0,16989.0,5955.98,2.85243,0.00032166,0.717755,1,595.1291614,14162.4,1905.88,7.4309,0.000325729,0.326093,0,305.5659039,5043.6,2408.34,2.09422,0.000110037,0.295257,6,-323.2175992,10648.0,2616.15,4.0701,0.000336177,0.624987
206.221101,1,AUTO,ARMED,5,AVAILABLE,UNAVAILABLE,UNAVAILABLE,203,5,ACTIVE,41,E_P3_NEW3-A3.NC,E_P3_NEW3-A3.NC,41429.939,211856.19,5768.7,3673.6973,100,27.51667,24,50,0,9,100,8750.0,16989.0,5955.98,2.85243,0.00032166,0.717755,1,597.9703527,14162.4,1905.88,7.4309,0.000325729,0.326093,0,305.5658967,5043.6,2408.34,2.09422,0.000110037,0.295257,6,-323.2175878,10648.0,2616.15,4.0701,0.000336177,0.624987
206.359877,1,AUTO,ARMED,5,AVAILABLE,UNAVAILABLE,UNAVAILABLE,203,5,ACTIVE,41,E_P3_NEW3-A3.NC,E_P3_NEW3-A3.NC,41429.939,211856.19,5768.7,3673.6973,100,27.51667,24,50,0,8,100,8750.0,14805.4,217.064,68.2075,0.000145637,0.0996382,1,600.7979113,10825.9,144.312,75.0173,0.000182075,0.13854,0,305.5661471,4659.33,115.689,40.2746,7.34887e-05,0.0455147,6,-323.2175992,11537.3,372.675,30.9581,0.00013518,0.119018
206.497106,1,AUTO,ARMED,5,AVAILABLE,UNAVAILABLE,UNAVAILABLE,203,5,ACTIVE,41,E_P3_NEW3-A3.NC,E_P3_NEW3-A3.NC,41429.939,211856.19,5768.7,3673.6973,100,27.51667,24,50,0,2,100,8750.0,14805.4,217.064,68.2075,0.000145637,0.0996382,0,606.4728694,10825.9,144.312,75.0173,0.000182075,0.13854,0,305.5659182,4659.33,115.689,40.2746,7.34887e-05,0.0455147,6,-323.2175878,11537.3,372.675,30.9581,0.00013518,0.119018
206.644703,1,AUTO,ARMED,5,AVAILABLE,UNAVAILABLE,UNAVAILABLE,203,5,ACTIVE,41,E_P3_NEW3-A3.NC,E_P3_NEW3-A3.NC,41429.939,211856.19,5768.7,3673.6973,100,27.51667,25,50,0,2,100,8750.0,14805.4,217.064,68.2075,0.000145637,0.0996382,0,609.3071871,10825.9,144.312,75.0173,0.000182075,0.13854,0,305.565911,4659.33,115.689,40.2746,7.34887e-05,0.0455147,6,-323.2175878,11537.3,372.675,30.9581,0.00013518,0.119018
206.784676,1,AUTO,ARMED,5,AVAILABLE,UNAVAILABLE,UNAVAILABLE,203,5,ACTIVE,41,E_P3_NEW3-A3.NC,E_P3_NEW3-A3.NC,41429.939,211856.19,5768.7,3673.6973,100,22.91667,25,50,0,2,100,8750.0,14805.4,217.064,68.2075,0.000145637,0.0996382,0,611.6308168,10825.9,144.312,75.0173,0.000182075,0.13854,0,305.565911,4659.33,115.689,40.2746,7.34887e-05,0.0455147,6,-323.2175878,11537.3,372.675,30.9581,0.00013518,0.119018
206.932461,1,AUTO,ARMED,5,AVAILABLE,UNAVAILABLE,UNAVAILABLE,204,5,ACTIVE,41,E_P3_NEW3-A3.NC,E_P3_NEW3-A3.NC,41429.939,211856.19,5768.7,3673.6973,100,0.0,25,50,0,3,100,8750.0,14805.4,217.064,68.2075,0.000145637,0.0996382,0,611.6668724,10825.9,144.312,75.0173,0.000182075,0.13854,0,305.5658967,4659.33,115.689,40.2746,7.34887e-05,0.0455147,6,-323.2175878,11537.3,372.675,30.9581,0.00013518,0.119018
207.076248,1,AUTO,ARMED,5,AVAILABLE,UNAVAILABLE,UNAVAILABLE,204,5,ACTIVE,41,E_P3_NEW3-A3.NC,E_P3_NEW3-A3.NC,41429.939,211856.19,5768.7,3299.4424,100,0.0,25,50,0,3,100,8750.0,14805.4,217.064,68.2075,0.000145637,0.0996382,0,611.6668867,10825.9,144.312,75.0173,0.000182075,0.13854,0,305.5659039,4659.33,115.689,40.2746,7.34887e-05,0.0455147,6,-323.2175992,11537.3,372.675,30.9581,0.00013518,0.119018
207.215649,1,AUTO,ARMED,5,AVAILABLE,UNAVAILABLE,UNAVAILABLE,204,5,ACTIVE,41,E_P3_NEW3-A3.NC,E_P3_NEW3-A3.NC,41429.939,211856.19,5768.7,3299.4424,100,0.0,25,50,0,3,100,8750.0,14805.4,217.064,68.2075,0.000145637,0.0996382,0,611.6668438,10825.9,144.312,75.0173,0.000182075,0.13854,0,305.5659039,4659.33,115.689,40.2746,7.34887e-05,0.0455147,6,-323.2175878,11537.3,372.675,30.9581,0.00013518,0.119018
207.358667,1,AUTO,ARMED,5,AVAILABLE,UNAVAILABLE,UNAVAILABLE,204,5,ACTIVE,41,E_P3_NEW3-A3.NC,E_P3_NEW3-A3.NC,41429.939,211856.19,5768.7,3299.4424,100,0.0,25,50,0,3,100,8750.0,3743.33,231.103,16.1977,0.000155596,0.106988,0,611.6668295,8377.44,258.494,32.4086,0.000195928,0.172428,0,305.5659039,984.702,136.24,7.2277,0.000140897,0.0541851,6,-323.2175992,1201.81,395.281,3.04039,0.000216848,0.130305
207.503048,1,AUTO,ARMED,5,AVAILABLE,UNAVAILABLE,UNAVAILABLE,204,5,ACTIVE,41,E_P3_NEW3-A3.NC,E_P3_NEW3-A3.NC,41429.939,211856.19,5768.7,3299.4424,100,0.0,26,50,0,3,100,8750.0,3743.33,231.103,16.1977,0.000155596,0.106988,0,611.6668152,8377.44,258.494,32.4086,0.000195928,0.172428,0,305.5659039,984.702,136.24,7.2277,0.000140897,0.0541851,6,-323.2175992,1201.81,395.281,3.04039,0.000216848,0.130305
207.657629,1,AUTO,ARMED,5,AVAILABLE,UNAVAILABLE,UNAVAILABLE,204,5,ACTIVE,41,E_P3_NEW3-A3.NC,E_P3_NEW3-A3.NC,41429.939,211856.19,5768.7,3299.4424,100,0.0,26,50,0,3,100,8750.0,3743.33,231.103,16.1977,0.000155596,0.106988,0,611.666808,8377.44,258.494,32.4086,0.000195928,0.172428,0,305.5658967,984.702,136.24,7.2277,0.000140897,0.0541851,6,-323.2175878,1201.81,395.281,3.04039,0.000216848,0.130305
207.820802,1,AUTO,ARMED,5,AVAILABLE,UNAVAILABLE,UNAVAILABLE,206,5,ACTIVE,41,E_P3_NEW3-A3.NC,E_P3_NEW3-A3.NC,41429.939,211856.19,5768.7,3299.4424,100,0.0,26,50,0,3,100,8750.0,3743.33,231.103,16.1977,0.000155596,0.106988,0,611.6709377,8377.44,258.494,32.4086,0.000195928,0.172428,0,305.6225028,984.702,136.24,7.2277,0.000140897,0.0541851,6,-323.2175878,1201.81,395.281,3.04039,0.000216848,0.130305
207.95722,1,AUTO,ARMED,5,AVAILABLE,UNAVAILABLE,UNAVAILABLE,206,5,ACTIVE,41,E_P3_NEW3-A3.NC,E_P3_NEW3-A3.NC,41429.939,211856.19,5768.7,3299.4424,100,24.8,26,50,0,3,100,8750.0,3743.33,231.103,16.1977,0.000155596,0.106988,0,610.196978,8377.44,258.494,32.4086,0.000195928,0.172428,0,305.693028,984.702,136.24,7.2277,0.000140897,0.0541851,6,-323.2175878,1201.81,395.281,3.04039,0.000216848,0.130305
208.114703,1,AUTO,ARMED,5,AVAILABLE,UNAVAILABLE,UNAVAILABLE,206,5,ACTIVE,41,E_P3_NEW3-A3.NC,E_P3_NEW3-A3.NC,41429.939,211856.19,5768.7,4585.0972,100,26.15,26,50,0,3,100,8750.0,3743.33,231.103,16.1977,0.000155596,0.106988,0,607.3731227,8377.44,258.494,32.4086,0.000195928,0.172428,0,305.6929565,984.702,136.24,7.2277,0.000140897,0.0541851,6,-323.2175878,1201.81,395.281,3.04039,0.000216848,0.130305
208.258669,1,AUTO,ARMED,5,AVAILABLE,UNAVAILABLE,UNAVAILABLE,206,5,ACTIVE,41,E_P3_NEW3-A3.NC,E_P3_NEW3-A3.NC,41429.939,211856.19,5768.7,4585.0972,100,27.51667,26,50,0,3,100,8750.0,3743.33,231.103,16.1977,0.000155596,0.106988,0,598.8638395,8377.44,258.494,32.4086,0.000195928,0.172428,0,305.6925273,984.702,136.24,7.2277,0.000140897,0.0541851,6,-323.2175878,1201.81,395.281,3.04039,0.000216848,0.130305
208.399006,1,AUTO,ARMED,5,AVAILABLE,UNAVAILABLE,UNAVAILABLE,206,5,ACTIVE,41,E_P3_NEW3-A3.NC,E_P3_NEW3-A3.NC,41429.939,211856.19,5768.7,4585.0972,100,27.51667,26,50,0,7,100,8750.0,3743.33,231.103,16.1977,0.000155596,0.106988,0,596.0367173,8377.44,258.494,32.4086,0.000195928,0.172428,0,305.692792,984.702,136.24,7.2277,0.000140897,0.0541851,6,-323.2175992,1201.81,395.281,3.04039,0.000216848,0.130305
208.536423,1,AUTO,ARMED,5,AVAILABLE,UNAVAILABLE,UNAVAILABLE,206,5,ACTIVE,41,E_P3_NEW3-A3.NC,E_P3_NEW3-A3.NC,41429.939,211856.19,5768.7,4585.0972,100,27.51667,27,50,0,9,100,8750.0,10846.1,2324.68,4.66563,0.000376225,0.403156,0,593.2028717,11113.9,1903.2,5.83959,0.000321424,0.319386,0,305.6928706,4299.07,2048.75,2.09839,0.000115598,0.252028,6,-323.2175878,4254.39,1416.19,3.00411,0.000234783,0.378229
208.67754,1,AUTO,ARMED,5,AVAILABLE,UNAVAILABLE,UNAVAILABLE,206,5,ACTIVE,41,E_P3_NEW3-A3.NC,E_P3_NEW3-A3.NC,41429.939,211856.19,5768.7,4585.0972,100,27.51667,27,50,0,11,100,8750.0,10846.1,2324.68,4.66563,0.000376225,0.403156,0,590.3614371,11113.9,1903.2,5.83959,0.000321424,0.319386,0,305.6929064,4299.07,2048.75,2.09839,0.000115598,0.252028,6,-323.2175878,4254.39,1416.19,3.00411,0.000234783,0.378229
208.817183,1,AUTO,ARMED,5,AVAILABLE,UNAVAILABLE,UNAVAILABLE,206,5,ACTIVE,41,E_P3_NEW3-A3.NC,E_P3_NEW3-A3.NC,41429.939,211856.19,5768.7,4585.0972,100,27.51667,27,50,0,9,100,8750.0,10846.1,2324.68,4.66563,0.000376225,0.403156,0,584.6999686,11113.9,1903.2,5.83959,0.000321424,0.319386,0,305.6928921,4299.07,2048.75,2.09839,0.000115598,0.252028,6,-323.2176106,4254.39,1416.19,3.00411,0.000234783,0.378229
208.962493,1,AUTO,ARMED,5,AVAILABLE,UNAVAILABLE,UNAVAILABLE,206,5,ACTIVE,41,E_P3_NEW3-A3.NC,E_P3_NEW3-A3.NC,41429.939,211856.19,5768.7,4585.0972,100,27.51667,27,50,0,9,100,8750.0,10846.1,2324.68,4.66563,0.000376225,0.403156,0,581.8519623,11113.9,1903.2,5.83959,0.000321424,0.319386,0,305.6929064,4299.07,2048.75,2.09839,0.000115598,0.252028,6,-323.2175878,4254.39,1416.19,3.00411,0.000234783,0.378229
209.113883,1,AUTO,ARMED,5,AVAILABLE,UNAVAILABLE,UNAVAILABLE,206,5,ACTIVE,41,E_P3_NEW3-A3.NC,E_P3_NEW3-A3.NC,41429.939,211856.19,5768.7,4585.0972,100,27.51667,27,50,0,8,100,8750.0,10846.1,2324.68,4.66563,0.000376225,0.403156,0,579.0245516,11113.9,1903.2,5.83959,0.000321424,0.319386,0,305.6929064,4299.07,2048.75,2.09839,0.000115598,0.252028,6,-323.2175878,4254.39,1416.19,3.00411,0.000234783,0.378229
209.26041,1,AUTO,ARMED,5,AVAILABLE,UNAVAILABLE,UNAVAILABLE,206,5,ACTIVE,41,E_P3_NEW3-A3.NC,E_P3_NEW3-A3.NC,41429.939,211856.19,5768.7,4300.6406,100,27.51667,27,50,0,8,100,8750.0,10846.1,2324.68,4.66563,0.000376225,0.403156,0,570.515154,11113.9,1903.2,5.83959,0.000321424,0.319386,0,305.6929064,4299.07,2048.75,2.09839,0.000115598,0.252028,6,-323.2175878,4254.39,1416.19,3.00411,0.000234783,0.378229
209.402782,1,AUTO,ARMED,5,AVAILABLE,UNAVAILABLE,UNAVAILABLE,206,5,ACTIVE,41,E_P3_NEW3-A3.NC,E_P3_NEW3-A3.NC,41429.939,211856.19,5768.7,4300.6406,100,27.51667,27,50,0,8,100,8750.0,10846.1,2324.68,4.66563,0.000376225,0.403156,0,567.6879007,11113.9,1903.2,5.83959,0.000321424,0.319386,0,305.6928849,4299.07,2048.75,2.09839,0.000115598,0.252028,6,-323.2175992,4254.39,1416.19,3.00411,0.000234783,0.378229
209.542637,1,AUTO,ARMED,5,AVAILABLE,UNAVAILABLE,UNAVAILABLE,206,5,ACTIVE,41,E_P3_NEW3-A3.NC,E_P3_NEW3-A3.NC,41429.939,211856.19,5768.7,4300.6406,100,27.51667,28,50,0,8,100,8750.0,9022.4,2341.9,3.8526,0.000426312,0.419116,0,564.8535877,12170.1,2483.84,4.89971,0.000299112,0.320194,0,305.6928993,4587.28,2131.9,2.15173,0.000135001,0.272374,6,-323.2175992,4206.32,1223.72,3.43732,0.000247793,0.338314
209.688793,1,AUTO,ARMED,5,AVAILABLE,UNAVAILABLE,UNAVAILABLE,206,5,ACTIVE,41,E_P3_NEW3-A3.NC,E_P3_NEW3-A3.NC,41429.939,211856.19,5768.7,4300.6406,100,27.51667,28,50,0,8,100,8750.0,9022.4,2341.9,3.8526,0.000426312,0.419116,0,563.4296435,12170.1,2483.84,4.89971,0.000299112,0.320194,0,305.6928921,4587.28,2131.9,2.15173,0.000135001,0.272374,6,-323.2175992,4206.32,1223.72,3.43732,0.000247793,0.338314
209.832539,1,AUTO,ARMED,5,AVAILABLE,UNAVAILABLE,UNAVAILABLE,206,5,ACTIVE,41,E_P3_NEW3-A3.NC,E_P3_NEW3-A3.NC,41429.939,211856.19,5768.7,4300.6406,100,27.51667,28,50,0,9,100,8750.0,9022.4,2341.9,3.8526,0.000426312,0.419116,0,557.7614092,12170.1,2483.84,4.89971,0.000299112,0.320194,0,305.6929136,4587.28,2131.9,2.15173,0.000135001,0.272374,6,-323.2175992,4206.32,1223.72,3.43732,0.000247793,0.338314
209.972126,1,AUTO,ARMED,5,AVAILABLE,UNAVAILABLE,UNAVAILABLE,206,5,ACTIVE,41,E_P3_NEW3-A3.NC,E_P3_NEW3-A3.NC,41429.939,211856.19,5768.7,4300.6406,100,27.51667,28,50,0,8,100,8750.0,9022.4,2341.9,3.8526,0.000426312,0.419116,0,554.9198758,12170.1,2483.84,4.89971,0.000299112,0.320194,0,305.6928993,4587.28,2131.9,2.15173,0.000135001,0.272374,6,-323.2175878,4206.32,1223.72,3.43732,0.000247793,0.338314
210.111922,1,AUTO,ARMED,5,AVAILABLE,UNAVAILABLE,UNAVAILABLE,206,5,ACTIVE,41,E_P3_NEW3-A3.NC,E_P3_NEW3-A3.NC,41429.939,211856.19,5768.7,4300.6406,100,27.51667,28,50,0,8,100,8750.0,9022.4,2341.9,3.8526,0.000426312,0.419116,0,552.0927474,12170.1,2483.84,4.89971,0.000299112,0.320194,0,305.6928993,4587.28,2131.9,2.15173,0.000135001,0.272374,6,-323.2175878,4206.32,1223.72,3.43732,0.000247793,0.338314
210.256291,1,AUTO,ARMED,5,AVAILABLE,UNAVAILABLE,UNAVAILABLE,206,5,ACTIVE,41,E_P3_NEW3-A3.NC,E_P3_NEW3-A3.NC,41429.939,211856.19,5768.7,3149.3296,100,27.51667,28,50,0,8,100,8750.0,9022.4,2341.9,3.8526,0.000426312,0.419116,0,546.4312166,12170.1,2483.84,4.89971,0.000299112,0.320194,0,305.6928993,4587.28,2131.9,2.15173,0.000135001,0.272374,6,-323.2175992,4206.32,1223.72,3.43732,0.000247793,0.338314
210.398035,1,AUTO,ARMED,5,AVAILABLE,UNAVAILABLE,UNAVAILABLE,206,5,ACTIVE,41,E_P3_NEW3-A3.NC,E_P3_NEW3-A3.NC,41429.939,211856.19,5768.7,3149.3296,100,27.51667,28,50,0,7,100,8750.0,9022.4,2341.9,3.8526,0.000426312,0.419116,0,540.7560961,12170.1,2483.84,4.89971,0.000299112,0.320194,0,305.6930852,4587.28,2131.9,2.15173,0.000135001,0.272374,6,-323.2175992,4206.32,1223.72,3.43732,0.000247793,0.338314
210.549086,1,AUTO,ARMED,5,AVAILABLE,UNAVAILABLE,UNAVAILABLE,206,5,ACTIVE,41,E_P3_NEW3-A3.NC,E_P3_NEW3-A3.NC,41429.939,211856.19,5768.7,3149.3296,100,27.51667,28,50,0,4,100,8750.0,3791.33,226.627,16.7294,0.000154992,0.0995387,0,537.9282239,7369.27,163.682,45.0219,0.000209757,0.153376,0,305.6929636,720.514,130.528,5.52,0.000100635,0.0500371,6,-323.2175992,1129.7,329.571,3.42779,0.000282065,0.137372
210.695864,1,AUTO,ARMED,5,AVAILABLE,UNAVAILABLE,UNAVAILABLE,206,5,ACTIVE,41,E_P3_NEW3-A3.NC,E_P3_NEW3-A3.NC,41429.939,211856.19,5768.7,3149.3296,100,27.51667,29,50,0,2,100,8750.0,3791.33,226.627,16.7294,0.000154992,0.0995387,0,535.0877133,7369.27,163.682,45.0219,0.000209757,0.153376,0,305.6929279,720.514,130.528,5.52,0.000100635,0.0500371,6,-323.2175878,1129.7,329.571,3.42779,0.000282065,0.137372
210.8454,1,AUTO,ARMED,5,AVAILABLE,UNAVAILABLE,UNAVAILABLE,206,5,ACTIVE,41,E_P3_NEW3-A3.NC,E_P3_NEW3-A3.NC,41429.939,211856.19,5768.7,3149.3296,100,27.3,29,50,0,2,100,8750.0,3791.33,226.627,16.7294,0.000154992,0.0995387,0,530.3952892,7369.27,163.682,45.0219,0.000209757,0.153376,0,305.6928993,720.514,130.528,5.52,0.000100635,0.0500371,6,-323.2175992,1129.7,329.571,3.42779,0.000282065,0.137372
210.991524,1,AUTO,ARMED,5,AVAILABLE,UNAVAILABLE,UNAVAILABLE,206,5,ACTIVE,41,E_P3_NEW3-A3.NC,E_P3_NEW3-A3.NC,41429.939,211856.19,5768.7,3149.3296,100,13.55,29,50,0,3,100,8750.0,3791.33,226.627,16.7294,0.000154992,0.0995387,0,530.387171,7369.27,163.682,45.0219,0.000209757,0.153376,0,305.6929064,720.514,130.528,5.52,0.000100635,0.0500371,6,-323.2175992,1129.7,329.571,3.42779,0.000282065,0.137372
211.128435,1,AUTO,ARMED,5,AVAILABLE,UNAVAILABLE,UNAVAILABLE,207,5,ACTIVE,41,E_P3_NEW3-A3.NC,E_P3_NEW3-A3.NC,41429.939,211856.19,5768.7,3149.3296,100,0.0,29,50,0,3,100,8750.0,3791.33,226.627,16.7294,0.000154992,0.0995387,0,530.3867061,7369.27,163.682,45.0219,0.000209757,0.153376,0,305.6929064,720.514,130.528,5.52,0.000100635,0.0500371,6,-323.2175878,1129.7,329.571,3.42779,0.000282065,0.137372
211.288485,1,AUTO,ARMED,5,AVAILABLE,UNAVAILABLE,UNAVAILABLE,207,5,ACTIVE,41,E_P3_NEW3-A3.NC,E_P3_NEW3-A3.NC,41429.939,211856.19,5768.7,3286.7563,100,0.0,29,50,0,4,100,8750.0,3791.33,226.627,16.7294,0.000154992,0.0995387,0,530.386749,7369.27,163.682,45.0219,0.000209757,0.153376,0,305.6929064,720.514,130.528,5.52,0.000100635,0.0500371,6,-323.2175992,1129.7,329.571,3.42779,0.000282065,0.137372
211.446207,1,AUTO,ARMED,5,AVAILABLE,UNAVAILABLE,UNAVAILABLE,207,5,ACTIVE,41,E_P3_NEW3-A3.NC,E_P3_NEW3-A3.NC,41429.939,211856.19,5768.7,3286.7563,100,0.0,29,50,0,3,100,8750.0,3791.33,226.627,16.7294,0.000154992,0.0995387,0,530.3867633,7369.27,163.682,45.0219,0.000209757,0.153376,0,305.6928993,720.514,130.528,5.52,0.000100635,0.0500371,6,-323.2175878,1129.7,329.571,3.42779,0.000282065,0.137372
211.598448,1,AUTO,ARMED,5,AVAILABLE,UNAVAILABLE,UNAVAILABLE,207,5,ACTIVE,41,E_P3_NEW3-A3.NC,E_P3_NEW3-A3.NC,41429.939,211856.19,5768.7,3286.7563,100,0.0,30,50,0,3,100,8750.0,3839.32,223.77,17.1574,0.000215653,0.102658,0,530.3867776,1176.2,167.993,7.00148,0.000250007,0.154406,0,305.6928993,912.653,113.928,8.01079,5.80863e-05,0.0471067,6,-323.2175992,1201.81,302.957,3.96693,9.51694e-05,0.0989403
211.750489,1,AUTO,ARMED,5,AVAILABLE,UNAVAILABLE,UNAVAILABLE,207,5,ACTIVE,41,E_P3_NEW3-A3.NC,E_P3_NEW3-A3.NC,41429.939,211856.19,5768.7,3286.7563,100,0.0,30,50,0,3,100,8750.0,3839.32,223.77,17.1574,0.000215653,0.102658,0,530.3867776,1176.2,167.993,7.00148,0.000250007,0.154406,0,305.6928993,912.653,113.928,8.01079,5.80863e-05,0.0471067,6,-323.2175992,1201.81,302.957,3.96693,9.51694e-05,0.0989403
211.904249,1,AUTO,ARMED,5,AVAILABLE,UNAVAILABLE,UNAVAILABLE,207,5,ACTIVE,41,E_P3_NEW3-A3.NC,E_P3_NEW3-A3.NC,41429.939,211856.19,5768.7,3286.7563,100,0.0,30,50,0,3,100,8750.0,3839.32,223.77,17.1574,0.000215653,0.102658,0,530.3867847,1176.2,167.993,7.00148,0.000250007,0.154406,0,305.6929064,912.653,113.928,8.01079,5.80863e-05,0.0471067,6,-323.2175878,1201.81,302.957,3.96693,9.51694e-05,0.0989403
212.043702,1,AUTO,ARMED,5,AVAILABLE,UNAVAILABLE,UNAVAILABLE,211,5,ACTIVE,41,E_P3_NEW3-A3.NC,E_P3_NEW3-A3.NC,41429.939,211856.19,5768.7,3286.7563,100,0.0,30,50,0,3,100,8750.0,3839.32,223.77,17.1574,0.000215653,0.102658,0,530.3867919,1176.2,167.993,7.00148,0.000250007,0.154406,0,305.8200949,912.653,113.928,8.01079,5.80863e-05,0.0471067,6,-323.2175878,1201.81,302.957,3.96693,9.51694e-05,0.0989403
212.183112,1,AUTO,ARMED,5,AVAILABLE,UNAVAILABLE,UNAVAILABLE,211,5,ACTIVE,41,E_P3_NEW3-A3.NC,E_P3_NEW3-A3.NC,41429.939,211856.19,5768.7,3286.7563,100,0.0,30,50,0,3,100,8750.0,3839.32,223.77,17.1574,0.000215653,0.102658,0,530.3867919,1176.2,167.993,7.00148,0.000250007,0.154406,0,305.8199161,912.653,113.928,8.01079,5.80863e-05,0.0471067,6,-323.2175992,1201.81,302.957,3.96693,9.51694e-05,0.0989403
212.329111,1,AUTO,ARMED,5,AVAILABLE,UNAVAILABLE,UNAVAILABLE,211,5,ACTIVE,41,E_P3_NEW3-A3.NC,E_P3_NEW3-A3.NC,41429.939,211856.19,5768.7,3320.3127,100,0.0,30,50,0,3,100,8750.0,3839.32,223.77,17.1574,0.000215653,0.102658,0,530.3867919,1176.2,167.993,7.00148,0.000250007,0.154406,0,305.8198875,912.653,113.928,8.01079,5.80863e-05,0.0471067,6,-323.2175992,1201.81,302.957,3.96693,9.51694e-05,0.0989403
212.485408,1,AUTO,ARMED,5,AVAILABLE,UNAVAILABLE,UNAVAILABLE,211,5,ACTIVE,41,E_P3_NEW3-A3.NC,E_P3_NEW3-A3.NC,41429.939,211856.19,5768.7,3320.3127,100,0.0,31,50,0,3,100,8750.0,3839.32,223.77,17.1574,0.000215653,0.102658,0,530.3867919,1176.2,167.993,7.00148,0.000250007,0.154406,0,305.8199018,912.653,113.928,8.01079,5.80863e-05,0.0471067,6,-323.2175992,1201.81,302.957,3.96693,9.51694e-05,0.0989403
212.662951,1,AUTO,ARMED,5,AVAILABLE,UNAVAILABLE,UNAVAILABLE,211,5,ACTIVE,41,E_P3_NEW3-A3.NC,E_P3_NEW3-A3.NC,41429.939,211856.19,5768.7,3320.3127,100,0.0,31,50,0,3,100,8750.0,3695.34,222.037,16.6429,0.00014966,0.103167,0,530.386799,10969.9,330.07,33.2351,0.0002612,0.212504,0,305.8198946,648.463,747.892,0.867054,8.88164e-05,0.12682,6,-323.2175992,1129.7,1643.4,0.687416,0.000281484,0.450667
212.807546,1,AUTO,ARMED,5,AVAILABLE,UNAVAILABLE,UNAVAILABLE,211,5,ACTIVE,41,E_P3_NEW3-A3.NC,E_P3_NEW3-A3.NC,41429.939,211856.19,5768.7,3320.3127,100,0.0,31,50,0,3,100,8750.0,3695.34,222.037,16.6429,0.00014966,0.103167,0,530.386799,10969.9,330.07,33.2351,0.0002612,0.212504,0,305.8198946,648.463,747.892,0.867054,8.88164e-05,0.12682,6,-323.2176106,1129.7,1643.4,0.687416,0.000281484,0.450667
212.952502,1,AUTO,ARMED,5,AVAILABLE,UNAVAILABLE,UNAVAILABLE,211,5,ACTIVE,41,E_P3_NEW3-A3.NC,E_P3_NEW3-A3.NC,41429.939,211856.19,5768.7,3320.3127,100,0.0,31,50,0,3,100,8750.0,3695.34,222.037,16.6429,0.00014966,0.103167,0,530.3830063,10969.9,330.07,33.2351,0.0002612,0.212504,0,305.8198946,648.463,747.892,0.867054,8.88164e-05,0.12682,6,-323.2175992,1129.7,1643.4,0.687416,0.000281484,0.450667
213.093858,1,AUTO,ARMED,5,AVAILABLE,UNAVAILABLE,UNAVAILABLE,212,5,ACTIVE,41,E_P3_NEW3-A3.NC,E_P3_NEW3-A3.NC,41429.939,211856.19,5768.7,3320.3127,100,31.75,31,50,0,3,100,8750.0,3695.34,222.037,16.6429,0.00014966,0.103167,3,532.3827381,10969.9,330.07,33.2351,0.0002612,0.212504,0,305.8199018,648.463,747.892,0.867054,8.88164e-05,0.12682,6,-323.2176106,1129.7,1643.4,0.687416,0.000281484,0.450667
213.241703,1,AUTO,ARMED,5,AVAILABLE,UNAVAILABLE,UNAVAILABLE,212,5,ACTIVE,41,E_P3_NEW3-A3.NC,E_P3_NEW3-A3.NC,41429.939,211856.19,5768.7,3320.3127,100,31.75,31,50,0,3,100,8750.0,3695.34,222.037,16.6429,0.00014966,0.103167,0,535.6483269,10969.9,330.07,33.2351,0.0002612,0.212504,0,305.8198875,648.463,747.892,0.867054,8.88164e-05,0.12682,6,-323.2175992,1129.7,1643.4,0.687416,0.000281484,0.450667
213.390414,1,AUTO,ARMED,5,AVAILABLE,UNAVAILABLE,UNAVAILABLE,212,5,ACTIVE,41,E_P3_NEW3-A3.NC,E_P3_NEW3-A3.NC,41429.939,211856.19,5768.7,3320.3127,100,31.75,31,50,0,3,100,8750.0,3695.34,222.037,16.6429,0.00014966,0.103167,1,543.8228383,10969.9,330.07,33.2351,0.0002612,0.212504,0,305.8195513,648.463,747.892,0.867054,8.88164e-05,0.12682,6,-323.2175992,1129.7,1643.4,0.687416,0.000281484,0.450667
213.535556,1,AUTO,ARMED,5,AVAILABLE,UNAVAILABLE,UNAVAILABLE,212,5,ACTIVE,41,E_P3_NEW3-A3.NC,E_P3_NEW3-A3.NC,41429.939,211856.19,5768.7,4565.9248,100,31.75,32,50,0,7,100,8750.0,3695.34,222.037,16.6429,0.00014966,0.103167,1,547.0939847,10969.9,330.07,33.2351,0.0002612,0.212504,0,305.8198016,648.463,747.892,0.867054,8.88164e-05,0.12682,6,-323.2175992,1129.7,1643.4,0.687416,0.000281484,0.450667
213.69654,1,AUTO,ARMED,5,AVAILABLE,UNAVAILABLE,UNAVAILABLE,212,5,ACTIVE,41,E_P3_NEW3-A3.NC,E_P3_NEW3-A3.NC,41429.939,211856.19,5768.7,4565.9248,100,31.75,32,50,0,12,100,8750.0,18260.8,5554.14,3.28778,0.000336095,0.680761,1,553.6345537,15818.7,2437.74,6.48908,0.000359548,0.360453,0,305.8199018,6796.86,2523.89,2.69301,0.000121536,0.303527,6,-323.2176106,11561.4,2673.47,4.32449,0.000342494,0.650037
213.87819,1,AUTO,ARMED,5,AVAILABLE,UNAVAILABLE,UNAVAILABLE,212,5,ACTIVE,41,E_P3_NEW3-A3.NC,E_P3_NEW3-A3.NC,41429.939,211856.19,5768.7,4565.9248,100,31.75,32,50,0,12,100,8750.0,18260.8,5554.14,3.28778,0.000336095,0.680761,1,556.9049776,15818.7,2437.74,6.48908,0.000359548,0.360453,0,305.8199018,6796.86,2523.89,2.69301,0.000121536,0.303527,6,-323.2175878,11561.4,2673.47,4.32449,0.000342494,0.650037
214.032197,1,AUTO,ARMED,5,AVAILABLE,UNAVAILABLE,UNAVAILABLE,212,5,ACTIVE,41,E_P3_NEW3-A3.NC,E_P3_NEW3-A3.NC,41429.939,211856.19,5768.7,4565.9248,100,31.75,32,50,0,10,100,8750.0,18260.8,5554.14,3.28778,0.000336095,0.680761,1,563.4374598,15818.7,2437.74,6.48908,0.000359548,0.360453,0,305.8199018,6796.86,2523.89,2.69301,0.000121536,0.303527,6,-323.2175992,11561.4,2673.47,4.32449,0.000342494,0.650037
214.189538,1,AUTO,ARMED,5,AVAILABLE,UNAVAILABLE,UNAVAILABLE,212,5,ACTIVE,41,E_P3_NEW3-A3.NC,E_P3_NEW3-A3.NC,41429.939,211856.19,5768.7,4565.9248,100,31.75,32,50,0,9,100,8750.0,18260.8,5554.14,3.28778,0.000336095,0.680761,1,566.7155497,15818.7,2437.74,6.48908,0.000359548,0.360453,0,305.8199089,6796.86,2523.89,2.69301,0.000121536,0.303527,6,-323.2176106,11561.4,2673.47,4.32449,0.000342494,0.650037
214.347837,1,AUTO,ARMED,5,AVAILABLE,UNAVAILABLE,UNAVAILABLE,212,5,ACTIVE,41,E_P3_NEW3-A3.NC,E_P3_NEW3-A3.NC,41429.939,211856.19,5768.7,4565.9248,100,31.75,32,50,0,9,100,8750.0,18260.8,5554.14,3.28778,0.000336095,0.680761,1,573.2481691,15818.7,2437.74,6.48908,0.000359548,0.360453,0,305.8199018,6796.86,2523.89,2.69301,0.000121536,0.303527,6,-323.2176106,11561.4,2673.47,4.32449,0.000342494,0.650037
214.489311,1,AUTO,ARMED,5,AVAILABLE,UNAVAILABLE,UNAVAILABLE,212,5,ACTIVE,41,E_P3_NEW3-A3.NC,E_P3_NEW3-A3.NC,41429.939,211856.19,5768.7,4565.9248,100,31.75,32,50,0,10,100,8750.0,18260.8,5554.14,3.28778,0.000336095,0.680761,1,579.7966957,15818.7,2437.74,6.48908,0.000359548,0.360453,0,305.8198946,6796.86,2523.89,2.69301,0.000121536,0.303527,6,-323.2176106,11561.4,2673.47,4.32449,0.000342494,0.650037
214.626869,1,AUTO,ARMED,5,AVAILABLE,UNAVAILABLE,UNAVAILABLE,212,5,ACTIVE,41,E_P3_NEW3-A3.NC,E_P3_NEW3-A3.NC,41429.939,211856.19,5768.7,4500.7632,100,31.75,33,50,0,9,100,8750.0,18260.8,5554.14,3.28778,0.000336095,0.680761,1,583.0667462,15818.7,2437.74,6.48908,0.000359548,0.360453,0,305.8199089,6796.86,2523.89,2.69301,0.000121536,0.303527,6,-323.2176106,11561.4,2673.47,4.32449,0.000342494,0.650037
214.767459,1,AUTO,ARMED,5,AVAILABLE,UNAVAILABLE,UNAVAILABLE,212,5,ACTIVE,41,E_P3_NEW3-A3.NC,E_P3_NEW3-A3.NC,41429.939,211856.19,5768.7,4500.7632,100,31.75,33,50,0,9,100,8750.0,17564.9,233.075,75.3616,0.000171337,0.105751,1,586.3451369,14618.5,297.079,49.2074,0.000254222,0.218643,0,305.8199161,5355.83,130.162,41.1474,8.56716e-05,0.0518706,6,-323.2176106,10984.5,372.122,29.5185,0.000154422,0.125689
214.938599,1,AUTO,ARMED,5,AVAILABLE,UNAVAILABLE,UNAVAILABLE,212,5,ACTIVE,41,E_P3_NEW3-A3.NC,E_P3_NEW3-A3.NC,41429.939,211856.19,5768.7,4500.7632,100,31.75,33,50,0,9,100,8750.0,17564.9,233.075,75.3616,0.000171337,0.105751,1,592.8774857,14618.5,297.079,49.2074,0.000254222,0.218643,0,305.8199089,5355.83,130.162,41.1474,8.56716e-05,0.0518706,6,-323.2175992,10984.5,372.122,29.5185,0.000154422,0.125689
215.104479,1,AUTO,ARMED,5,AVAILABLE,UNAVAILABLE,UNAVAILABLE,212,5,ACTIVE,41,E_P3_NEW3-A3.NC,E_P3_NEW3-A3.NC,41429.939,211856.19,5768.7,4500.7632,100,31.75,33,50,0,9,100,8750.0,17564.9,233.075,75.3616,0.000171337,0.105751,1,596.1477549,14618.5,297.079,49.2074,0.000254222,0.218643,0,305.8198946,5355.83,130.162,41.1474,8.56716e-05,0.0518706,6,-323.2176106,10984.5,372.122,29.5185,0.000154422,0.125689
215.246186,1,AUTO,ARMED,5,AVAILABLE,UNAVAILABLE,UNAVAILABLE,212,5,ACTIVE,41,E_P3_NEW3-A3.NC,E_P3_NEW3-A3.NC,41429.939,211856.19,5768.7,4500.7632,100,31.75,33,50,0,9,100,8750.0,17564.9,233.075,75.3616,0.000171337,0.105751,1,599.4266929,14618.5,297.079,49.2074,0.000254222,0.218643,0,305.8200591,5355.83,130.162,41.1474,8.56716e-05,0.0518706,6,-323.2176106,10984.5,372.122,29.5185,0.000154422,0.125689
215.38924,1,AUTO,ARMED,5,AVAILABLE,UNAVAILABLE,UNAVAILABLE,212,5,ACTIVE,41,E_P3_NEW3-A3.NC,E_P3_NEW3-A3.NC,41429.939,211856.19,5768.7,4500.7632,100,31.75,33,50,0,2,100,8750.0,17564.9,233.075,75.3616,0.000171337,0.105751,0,605.9585624,14618.5,297.079,49.2074,0.000254222,0.218643,0,305.8199375,5355.83,130.162,41.1474,8.56716e-05,0.0518706,6,-323.2175992,10984.5,372.122,29.5185,0.000154422,0.125689
215.536634,1,AUTO,ARMED,5,AVAILABLE,UNAVAILABLE,UNAVAILABLE,212,5,ACTIVE,41,E_P3_NEW3-A3.NC,E_P3_NEW3-A3.NC,41429.939,211856.19,5768.7,3349.3152,100,31.75,34,50,0,2,100,8750.0,17564.9,233.075,75.3616,0.000171337,0.105751,0,610.8532365,14618.5,297.079,49.2074,0.000254222,0.218643,0,305.8199018,5355.83,130.162,41.1474,8.56716e-05,0.0518706,6,-323.2176106,10984.5,372.122,29.5185,0.000154422,0.125689
215.693768,1,AUTO,ARMED,5,AVAILABLE,UNAVAILABLE,UNAVAILABLE,212,5,ACTIVE,41,E_P3_NEW3-A3.NC,E_P3_NEW3-A3.NC,41429.939,211856.19,5768.7,3349.3152,100,15.88333,34,50,0,2,100,8750.0,3743.33,227.933,16.4229,0.000181698,0.103289,0,611.6631388,1800.31,141.638,12.7106,0.000234631,0.141701,0,305.8198946,768.548,123.943,6.20082,7.35979e-05,0.047833,6,-323.2176106,1129.7,378.562,2.98419,0.00017435,0.127213
215.853861,1,AUTO,ARMED,5,AVAILABLE,UNAVAILABLE,UNAVAILABLE,213,5,ACTIVE,41,E_P3_NEW3-A3.NC,E_P3_NEW3-A3.NC,41429.939,211856.19,5768.7,3349.3152,100,0.0,34,50,0,2,100,8750.0,3743.33,227.933,16.4229,0.000181698,0.103289,0,611.6668795,1800.31,141.638,12.7106,0.000234631,0.141701,0,305.8198946,768.548,123.943,6.20082,7.35979e-05,0.047833,6,-323.2175992,1129.7,378.562,2.98419,0.00017435,0.127213
215.996331,1,AUTO,ARMED,5,AVAILABLE,UNAVAILABLE,UNAVAILABLE,213,5,ACTIVE,41,E_P3_NEW3-A3.NC,E_P3_NEW3-A3.NC,41429.939,211856.19,5768.7,3349.3152,100,0.0,34,50,0,3,100,8750.0,3743.33,227.933,16.4229,0.000181698,0.103289,0,611.6668509,1800.31,141.638,12.7106,0.000234631,0.141701,0,305.8198946,768.548,123.943,6.20082,7.35979e-05,0.047833,6,-323.2176106,1129.7,378.562,2.98419,0.00017435,0.127213
216.159704,1,AUTO,ARMED,5,AVAILABLE,UNAVAILABLE,UNAVAILABLE,213,5,ACTIVE,41,E_P3_NEW3-A3.NC,E_P3_NEW3-A3.NC,41429.939,211856.19,5768.7,3349.3152,100,0.0,34,50,0,3,100,8750.0,3743.33,227.933,16.4229,0.000181698,0.103289,0,611.6668366,1800.31,141.638,12.7106,0.000234631,0.141701,0,305.8199018,768.548,123.943,6.20082,7.35979e-05,0.047833,6,-323.2176106,1129.7,378.562,2.98419,0.00017435,0.127213
216.350194,1,AUTO,ARMED,5,AVAILABLE,UNAVAILABLE,UNAVAILABLE,213,5,ACTIVE,41,E_P3_NEW3-A3.NC,E_P3_NEW3-A3.NC,41429.939,211856.19,5768.7,3349.3152,100,0.0,34,50,0,3,100,8750.0,3743.33,227.933,16.4229,0.000181698,0.103289,0,611.6668152,1800.31,141.638,12.7106,0.000234631,0.141701,0,305.8198946,768.548,123.943,6.20082,7.35979e-05,0.047833,6,-323.2176106,1129.7,378.562,2.98419,0.00017435,0.127213
216.516816,1,AUTO,ARMED,5,AVAILABLE,UNAVAILABLE,UNAVAILABLE,213,5,ACTIVE,41,E_P3_NEW3-A3.NC,E_P3_NEW3-A3.NC,41429.939,211856.19,5768.7,3349.3152,100,0.0,35,50,0,3,100,8750.0,3743.33,227.933,16.4229,0.000181698,0.103289,0,611.666808,1800.31,141.638,12.7106,0.000234631,0.141701,0,305.8198875,768.548,123.943,6.20082,7.35979e-05,0.047833,6,-323.2175992,1129.7,378.562,2.98419,0.00017435,0.127213
216.709199,1,AUTO,ARMED,5,AVAILABLE,UNAVAILABLE,UNAVAILABLE,213,5,ACTIVE,41,E_P3_NEW3-A3.NC,E_P3_NEW3-A3.NC,41429.939,211856.19,5768.7,3349.3152,100,0.0,35,50,0,3,100,8750.0,3743.33,227.933,16.4229,0.000181698,0.103289,0,611.6692211,1800.31,141.638,12.7106,0.000234631,0.141701,0,305.8986024,768.548,123.943,6.20082,7.35979e-05,0.047833,6,-323.2175992,1129.7,378.562,2.98419,0.00017435,0.127213
216.847941,1,AUTO,ARMED,5,AVAILABLE,UNAVAILABLE,UNAVAILABLE,215,5,ACTIVE,41,E_P3_NEW3-A3.NC,E_P3_NEW3-A3.NC,41429.939,211856.19,5768.7,3986.3037,100,30.2,35,50,0,3,100,8750.0,10678.1,2786.04,3.83272,0.000404474,0.446141,0,609.9203446,11330.0,1879.83,6.02714,0.000352997,0.385777,0,305.9470473,4467.19,1994.39,2.23988,0.000127791,0.249793,6,-323.2176106,4687.04,1350.77,3.4699,0.00023952,0.353855
216.996992,1,AUTO,ARMED,5,AVAILABLE,UNAVAILABLE,UNAVAILABLE,215,5,ACTIVE,41,E_P3_NEW3-A3.NC,E_P3_NEW3-A3.NC,41429.939,211856.19,5768.7,3986.3037,100,31.75,35,50,0,3,100,8750.0,10678.1,2786.04,3.83272,0.000404474,0.446141,1,603.3766519,11330.0,1879.83,6.02714,0.000352997,0.385777,0,305.9469114,4467.19,1994.39,2.23988,0.000127791,0.249793,6,-323.2176106,4687.04,1350.77,3.4699,0.00023952,0.353855
217.13757,1,AUTO,ARMED,5,AVAILABLE,UNAVAILABLE,UNAVAILABLE,215,5,ACTIVE,41,E_P3_NEW3-A3.NC,E_P3_NEW3-A3.NC,41429.939,211856.19,5768.7,3986.3037,100,31.75,35,50,0,3,100,8750.0,10678.1,2786.04,3.83272,0.000404474,0.446141,0,596.835681,11330.0,1879.83,6.02714,0.000352997,0.385777,0,305.9466826,4467.19,1994.39,2.23988,0.000127791,0.249793,6,-323.2176221,4687.04,1350.77,3.4699,0.00023952,0.353855
217.280406,1,AUTO,ARMED,5,AVAILABLE,UNAVAILABLE,UNAVAILABLE,215,5,ACTIVE,41,E_P3_NEW3-A3.NC,E_P3_NEW3-A3.NC,41429.939,211856.19,5768.7,3986.3037,100,31.75,35,50,0,7,100,8750.0,10678.1,2786.04,3.83272,0.000404474,0.446141,0,593.5659323,11330.0,1879.83,6.02714,0.000352997,0.385777,0,305.9468542,4467.19,1994.39,2.23988,0.000127791,0.249793,6,-323.2176106,4687.04,1350.77,3.4699,0.00023952,0.353855
217.427629,1,AUTO,ARMED,5,AVAILABLE,UNAVAILABLE,UNAVAILABLE,215,5,ACTIVE,41,E_P3_NEW3-A3.NC,E_P3_NEW3-A3.NC,41429.939,211856.19,5768.7,3986.3037,100,31.75,35,50,0,11,100,8750.0,10678.1,2786.04,3.83272,0.000404474,0.446141,0,588.668165,11330.0,1879.83,6.02714,0.000352997,0.385777,0,305.9469114,4467.19,1994.39,2.23988,0.000127791,0.249793,6,-323.2176106,4687.04,1350.77,3.4699,0.00023952,0.353855
217.568635,1,AUTO,ARMED,5,AVAILABLE,UNAVAILABLE,UNAVAILABLE,215,5,ACTIVE,41,E_P3_NEW3-A3.NC,E_P3_NEW3-A3.NC,41429.939,211856.19,5768.7,3986.3037,100,31.75,36,50,0,11,100,8750.0,10678.1,2786.04,3.83272,0.000404474,0.446141,0,585.3823515,11330.0,1879.83,6.02714,0.000352997,0.385777,0,305.9469114,4467.19,1994.39,2.23988,0.000127791,0.249793,6,-323.2176106,4687.04,1350.77,3.4699,0.00023952,0.353855
217.723525,1,AUTO,ARMED,5,AVAILABLE,UNAVAILABLE,UNAVAILABLE,215,5,ACTIVE,41,E_P3_NEW3-A3.NC,E_P3_NEW3-A3.NC,41429.939,211856.19,5768.7,3986.3037,100,31.75,36,50,0,11,100,8750.0,10678.1,2786.04,3.83272,0.000404474,0.446141,0,582.1198767,11330.0,1879.83,6.02714,0.000352997,0.385777,0,305.9469043,4467.19,1994.39,2.23988,0.000127791,0.249793,6,-323.2175992,4687.04,1350.77,3.4699,0.00023952,0.353855
217.892534,1,AUTO,ARMED,5,AVAILABLE,UNAVAILABLE,UNAVAILABLE,215,5,ACTIVE,41,E_P3_NEW3-A3.NC,E_P3_NEW3-A3.NC,41429.939,211856.19,5768.7,4309.189,100,31.75,36,50,0,9,100,8750.0,9190.37,2431.91,3.77907,0.000453435,0.438559,0,578.8496279,14018.4,2066.08,6.78502,0.000311384,0.315342,0,305.9469043,4755.4,1993.81,2.38508,0.000112223,0.245732,6,-323.2176106,4254.39,1413.5,3.00983,0.000323116,0.367569
218.054063,1,AUTO,ARMED,5,AVAILABLE,UNAVAILABLE,UNAVAILABLE,215,5,ACTIVE,41,E_P3_NEW3-A3.NC,E_P3_NEW3-A3.NC,41429.939,211856.19,5768.7,4309.189,100,31.75,36,50,0,8,100,8750.0,9190.37,2431.91,3.77907,0.000453435,0.438559,0,569.0390316,14018.4,2066.08,6.78502,0.000311384,0.315342,0,305.9469043,4755.4,1993.81,2.38508,0.000112223,0.245732,6,-323.2176106,4254.39,1413.5,3.00983,0.000323116,0.367569
218.195451,1,AUTO,ARMED,5,AVAILABLE,UNAVAILABLE,UNAVAILABLE,215,5,ACTIVE,41,E_P3_NEW3-A3.NC,E_P3_NEW3-A3.NC,41429.939,211856.19,5768.7,4309.189,100,31.75,36,50,0,9,100,8750.0,9190.37,2431.91,3.77907,0.000453435,0.438559,0,565.7765862,14018.4,2066.08,6.78502,0.000311384,0.315342,0,305.9469114,4755.4,1993.81,2.38508,0.000112223,0.245732,6,-323.2175992,4254.39,1413.5,3.00983,0.000323116,0.367569
218.334187,1,AUTO,ARMED,5,AVAILABLE,UNAVAILABLE,UNAVAILABLE,215,5,ACTIVE,41,E_P3_NEW3-A3.NC,E_P3_NEW3-A3.NC,41429.939,211856.19,5768.7,4309.189,100,31.75,36,50,0,8,100,8750.0,9190.37,2431.91,3.77907,0.000453435,0.438559,0,562.4983122,14018.4,2066.08,6.78502,0.000311384,0.315342,0,305.9469114,4755.4,1993.81,2.38508,0.000112223,0.245732,6,-323.2176106,4254.39,1413.5,3.00983,0.000323116,0.367569
218.480115,1,AUTO,ARMED,5,AVAILABLE,UNAVAILABLE,UNAVAILABLE,215,5,ACTIVE,41,E_P3_NEW3-A3.NC,E_P3_NEW3-A3.NC,41429.939,211856.19,5768.7,4309.189,100,31.75,36,50,0,9,100,8750.0,9190.37,2431.91,3.77907,0.000453435,0.438559,0,555.9578826,14018.4,2066.08,6.78502,0.000311384,0.315342,0,305.9469114,4755.4,1993.81,2.38508,0.000112223,0.245732,6,-323.2176106,4254.39,1413.5,3.00983,0.000323116,0.367569
218.636321,1,AUTO,ARMED,5,AVAILABLE,UNAVAILABLE,UNAVAILABLE,215,5,ACTIVE,41,E_P3_NEW3-A3.NC,E_P3_NEW3-A3.NC,41429.939,211856.19,5768.7,4309.189,100,31.75,37,50,0,9,100,8750.0,9190.37,2431.91,3.77907,0.000453435,0.438559,0,552.6796991,14018.4,2066.08,6.78502,0.000311384,0.315342,0,305.9468971,4755.4,1993.81,2.38508,0.000112223,0.245732,6,-323.2176106,4254.39,1413.5,3.00983,0.000323116,0.367569
218.816538,1,AUTO,ARMED,5,AVAILABLE,UNAVAILABLE,UNAVAILABLE,215,5,ACTIVE,41,E_P3_NEW3-A3.NC,E_P3_NEW3-A3.NC,41429.939,211856.19,5768.7,4309.189,100,31.75,37,50,0,9,100,8750.0,9190.37,2431.91,3.77907,0.000453435,0.438559,0,542.8855457,14018.4,2066.08,6.78502,0.000311384,0.315342,0,305.9472047,4755.4,1993.81,2.38508,0.000112223,0.245732,6,-323.2176106,4254.39,1413.5,3.00983,0.000323116,0.367569
218.972783,1,AUTO,ARMED,5,AVAILABLE,UNAVAILABLE,UNAVAILABLE,215,5,ACTIVE,41,E_P3_NEW3-A3.NC,E_P3_NEW3-A3.NC,41429.939,211856.19,5768.7,3207.4646,100,31.75,37,50,0,8,100,8750.0,3767.33,216.655,17.3886,0.00013928,0.0997697,0,539.5987793,7921.37,166.681,47.5241,0.000226714,0.161653,0,305.9470473,720.512,116.839,6.16671,7.50993e-05,0.0462965,6,-323.2176106,1201.81,395.933,3.03539,0.000153544,0.129802
219.126381,1,AUTO,ARMED,5,AVAILABLE,UNAVAILABLE,UNAVAILABLE,215,5,ACTIVE,41,E_P3_NEW3-A3.NC,E_P3_NEW3-A3.NC,41429.939,211856.19,5768.7,3207.4646,100,31.75,37,50,0,4,100,8750.0,3767.33,216.655,17.3886,0.00013928,0.0997697,0,536.3363956,7921.37,166.681,47.5241,0.000226714,0.161653,0,305.9469544,720.512,116.839,6.16671,7.50993e-05,0.0462965,6,-323.2176106,1201.81,395.933,3.03539,0.000153544,0.129802
219.273275,1,AUTO,ARMED,5,AVAILABLE,UNAVAILABLE,UNAVAILABLE,215,5,ACTIVE,41,E_P3_NEW3-A3.NC,E_P3_NEW3-A3.NC,41429.939,211856.19,5768.7,3207.4646,100,31.75,37,50,0,1,100,8750.0,3767.33,216.655,17.3886,0.00013928,0.0997697,0,531.4355858,7921.37,166.681,47.5241,0.000226714,0.161653,0,305.9469043,720.512,116.839,6.16671,7.50993e-05,0.0462965,6,-323.2176106,1201.81,395.933,3.03539,0.000153544,0.129802
219.42349,1,AUTO,ARMED,5,AVAILABLE,UNAVAILABLE,UNAVAILABLE,216,5,ACTIVE,41,E_P3_NEW3-A3.NC,E_P3_NEW3-A3.NC,41429.939,211856.19,5768.7,3207.4646,100,6.55,37,50,0,1,100,8750.0,3767.33,216.655,17.3886,0.00013928,0.0997697,0,530.3868634,7921.37,166.681,47.5241,0.000226714,0.161653,0,305.9468971,720.512,116.839,6.16671,7.50993e-05,0.0462965,6,-323.2175992,1201.81,395.933,3.03539,0.000153544,0.129802
219.597906,1,AUTO,ARMED,5,AVAILABLE,UNAVAILABLE,UNAVAILABLE,216,5,ACTIVE,41,E_P3_NEW3-A3.NC,E_P3_NEW3-A3.NC,41429.939,211856.19,5768.7,3207.4646,100,0.0,38,50,0,3,100,8750.0,3767.33,216.655,17.3886,0.00013928,0.0997697,0,530.3867061,7921.37,166.681,47.5241,0.000226714,0.161653,0,305.9468971,720.512,116.839,6.16671,7.50993e-05,0.0462965,6,-323.2176106,1201.81,395.933,3.03539,0.000153544,0.129802
219.748296,1,AUTO,ARMED,5,AVAILABLE,UNAVAILABLE,UNAVAILABLE,216,5,ACTIVE,41,E_P3_NEW3-A3.NC,E_P3_NEW3-A3.NC,41429.939,211856.19,5768.7,3207.4646,100,0.0,38,50,0,4,100,8750.0,3767.33,216.655,17.3886,0.00013928,0.0997697,0,530.3867347,7921.37,166.681,47.5241,0.000226714,0.161653,0,305.9468971,720.512,116.839,6.16671,7.50993e-05,0.0462965,6,-323.2176106,1201.81,395.933,3.03539,0.000153544,0.129802
219.907106,1,AUTO,ARMED,5,AVAILABLE,UNAVAILABLE,UNAVAILABLE,216,5,ACTIVE,41,E_P3_NEW3-A3.NC,E_P3_NEW3-A3.NC,41429.939,211856.19,5768.7,3207.4646,100,0.0,38,50,0,4,100,8750.0,3767.33,216.655,17.3886,0.00013928,0.0997697,0,530.3867561,7921.37,166.681,47.5241,0.000226714,0.161653,0,305.9469043,720.512,116.839,6.16671,7.50993e-05,0.0462965,6,-323.2176106,1201.81,395.933,3.03539,0.000153544,0.129802
220.071759,1,AUTO,ARMED,5,AVAILABLE,UNAVAILABLE,UNAVAILABLE,216,5,ACTIVE,41,E_P3_NEW3-A3.NC,E_P3_NEW3-A3.NC,41429.939,211856.19,5768.7,3297.0161,100,0.0,38,50,0,3,100,8750.0,3863.31,220.663,17.5077,0.000280488,0.110644,0,530.3867704,1248.22,156.591,7.97121,0.000209665,0.15302,0,305.9469043,744.53,124.225,5.9934,9.58454e-05,0.0528931,6,-323.2176106,1370.06,336.536,4.07107,0.000201363,0.115284
220.217184,1,AUTO,ARMED,5,AVAILABLE,UNAVAILABLE,UNAVAILABLE,216,5,ACTIVE,41,E_P3_NEW3-A3.NC,E_P3_NEW3-A3.NC,41429.939,211856.19,5768.7,3297.0161,100,0.0,38,50,0,4,100,8750.0,3863.31,220.663,17.5077,0.000280488,0.110644,0,530.3867776,1248.22,156.591,7.97121,0.000209665,0.15302,0,305.9469043,744.53,124.225,5.9934,9.58454e-05,0.0528931,6,-323.2176106,1370.06,336.536,4.07107,0.000201363,0.115284
220.365175,1,AUTO,ARMED,5,AVAILABLE,UNAVAILABLE,UNAVAILABLE,216,5,ACTIVE,41,E_P3_NEW3-A3.NC,E_P3_NEW3-A3.NC,41429.939,211856.19,5768.7,3297.0161,100,0.0,38,50,0,4,100,8750.0,3863.31,220.663,17.5077,0.000280488,0.110644,0,530.3867919,1248.22,156.591,7.97121,0.000209665,0.15302,0,305.9915941,744.53,124.225,5.9934,9.58454e-05,0.0528931,6,-323.2176106,1370.06,336.536,4.07107,0.000201363,0.115284
220.528851,1,AUTO,ARMED,5,AVAILABLE,UNAVAILABLE,UNAVAILABLE,219,5,ACTIVE,41,E_P3_NEW3-A3.NC,E_P3_NEW3-A3.NC,41429.939,211856.19,5768.7,3297.0161,100,0.0,39,50,0,3,100,8750.0,3863.31,220.663,17.5077,0.000280488,0.110644,0,530.386799,1248.22,156.591,7.97121,0.000209665,0.15302,0,306.0739283,744.53,124.225,5.9934,9.58454e-05,0.0528931,6,-323.2176106,1370.06,336.536,4.07107,0.000201363,0.115284
220.686629,1,AUTO,ARMED,5,AVAILABLE,UNAVAILABLE,UNAVAILABLE,220,5,ACTIVE,41,E_P3_NEW3-A3.NC,E_P3_NEW3-A3.NC,41429.939,211856.19,5768.7,3297.0161,100,0.0,39,50,0,3,100,8750.0,3863.31,220.663,17.5077,0.000280488,0.110644,0,530.386799,1248.22,156.591,7.97121,0.000209665,0.15302,0,306.0738997,744.53,124.225,5.9934,9.58454e-05,0.0528931,6,-323.2175992,1370.06,336.536,4.07107,0.000201363,0.115284
220.831427,1,AUTO,ARMED,5,AVAILABLE,UNAVAILABLE,UNAVAILABLE,220,5,ACTIVE,41,E_P3_NEW3-A3.NC,E_P3_NEW3-A3.NC,41429.939,211856.19,5768.7,3297.0161,100,0.0,39,50,0,3,100,8750.0,3863.31,220.663,17.5077,0.000280488,0.110644,0,530.386799,1248.22,156.591,7.97121,0.000209665,0.15302,0,306.0738925,744.53,124.225,5.9934,9.58454e-05,0.0528931,6,-323.2176106,1370.06,336.536,4.07107,0.000201363,0.115284
220.981947,1,AUTO,ARMED,5,AVAILABLE,UNAVAILABLE,UNAVAILABLE,220,5,ACTIVE,41,E_P3_NEW3-A3.NC,E_P3_NEW3-A3.NC,41429.939,211856.19,5768.7,3297.0161,100,0.0,39,50,0,3,100,8750.0,3863.31,220.663,17.5077,0.000280488,0.110644,0,530.386799,1248.22,156.591,7.97121,0.000209665,0.15302,0,306.0738997,744.53,124.225,5.9934,9.58454e-05,0.0528931,6,-323.2176106,1370.06,336.536,4.07107,0.000201363,0.115284
221.124594,1,AUTO,ARMED,5,AVAILABLE,UNAVAILABLE,UNAVAILABLE,220,5,ACTIVE,41,E_P3_NEW3-A3.NC,E_P3_NEW3-A3.NC,41429.939,211856.19,5768.7,3447.8706,100,0.0,39,50,0,3,100,8750.0,17037.0,5924.93,2.87548,0.000387236,0.751394,0,530.386799,15266.6,2551.19,5.98411,0.000385524,0.473426,0,306.0738997,6820.87,133.507,51.09,9.1516e-05,0.0553238,6,-323.2175992,4446.68,333.071,13.3505,0.000186477,0.119533
221.263499,1,AUTO,ARMED,5,AVAILABLE,UNAVAILABLE,UNAVAILABLE,220,5,ACTIVE,41,E_P3_NEW3-A3.NC,E_P3_NEW3-A3.NC,41429.939,211856.19,5768.7,3447.8706,100,0.0,39,50,0,3,100,8750.0,17037.0,5924.93,2.87548,0.000387236,0.751394,0,530.386799,15266.6,2551.19,5.98411,0.000385524,0.473426,0,306.0738997,6820.87,133.507,51.09,9.1516e-05,0.0553238,6,-323.2175992,4446.68,333.071,13.3505,0.000186477,0.119533
221.418931,1,AUTO,ARMED,5,AVAILABLE,UNAVAILABLE,UNAVAILABLE,220,5,ACTIVE,41,E_P3_NEW3-A3.NC,E_P3_NEW3-A3.NC,41429.939,211856.19,5768.7,3447.8706,100,0.0,39,50,0,3,100,8750.0,17037.0,5924.93,2.87548,0.000387236,0.751394,0,530.386799,15266.6,2551.19,5.98411,0.000385524,0.473426,0,306.0738997,6820.87,133.507,51.09,9.1516e-05,0.0553238,6,-323.2175992,4446.68,333.071,13.3505,0.000186477,0.119533
221.575409,1,AUTO,ARMED,5,AVAILABLE,UNAVAILABLE,UNAVAILABLE,221,5,ACTIVE,41,E_P3_NEW3-A3.NC,E_P3_NEW3-A3.NC,41429.939,211856.19,5768.7,3447.8706,100,0.0,40,50,0,3,100,8750.0,17037.0,5924.93,2.87548,0.000387236,0.751394,2,533.8332056,15266.6,2551.19,5.98411,0.000385524,0.473426,0,306.0738997,6820.87,133.507,51.09,9.1516e-05,0.0553238,6,-323.2175992,4446.68,333.071,13.3505,0.000186477,0.119533
221.743632,1,AUTO,ARMED,5,AVAILABLE,UNAVAILABLE,UNAVAILABLE,221,5,ACTIVE,41,E_P3_NEW3-A3.NC,E_P3_NEW3-A3.NC,41429.939,211856.19,5768.7,3447.8706,100,38.1,40,50,0,3,100,8750.0,17037.0,5924.93,2.87548,0.000387236,0.751394,0,541.6885745,15266.6,2551.19,5.98411,0.000385524,0.473426,0,306.0738997,6820.87,133.507,51.09,9.1516e-05,0.0553238,6,-323.2175992,4446.68,333.071,13.3505,0.000186477,0.119533
221.88077,1,AUTO,ARMED,5,AVAILABLE,UNAVAILABLE,UNAVAILABLE,221,5,ACTIVE,41,E_P3_NEW3-A3.NC,E_P3_NEW3-A3.NC,41429.939,211856.19,5768.7,3447.8706,100,38.1,40,50,0,3,100,8750.0,17037.0,5924.93,2.87548,0.000387236,0.751394,1,545.6030842,15266.6,2551.19,5.98411,0.000385524,0.473426,0,306.0736279,6820.87,133.507,51.09,9.1516e-05,0.0553238,6,-323.2176221,4446.68,333.071,13.3505,0.000186477,0.119533
222.022522,1,AUTO,ARMED,5,AVAILABLE,UNAVAILABLE,UNAVAILABLE,221,5,ACTIVE,41,E_P3_NEW3-A3.NC,E_P3_NEW3-A3.NC,41429.939,211856.19,5768.7,3447.8706,100,38.1,40,50,0,8,100,8750.0,17037.0,5924.93,2.87548,0.000387236,0.751394,1,549.5276001,15266.6,2551.19,5.98411,0.000385524,0.473426,0,306.0738424,6820.87,133.507,51.09,9.1516e-05,0.0553238,6,-323.2175992,4446.68,333.071,13.3505,0.000186477,0.119533
222.171407,1,AUTO,ARMED,5,AVAILABLE,UNAVAILABLE,UNAVAILABLE,221,5,ACTIVE,41,E_P3_NEW3-A3.NC,E_P3_NEW3-A3.NC,41429.939,211856.19,5768.7,4599.0845,100,38.1,40,50,0,11,100,8750.0,19628.5,6220.79,3.15531,0.000350603,0.7495,1,553.4614643,18579.2,2346.23,7.91875,0.00032718,0.345289,0,306.0738782,6796.85,2609.2,2.60496,0.000122569,0.313227,6,-323.2176106,12090.2,2636.78,4.58521,0.000373387,0.622392
222.34028,1,AUTO,ARMED,5,AVAILABLE,UNAVAILABLE,UNAVAILABLE,221,5,ACTIVE,41,E_P3_NEW3-A3.NC,E_P3_NEW3-A3.NC,41429.939,211856.19,5768.7,4599.0845,100,38.1,40,50,0,11,100,8750.0,19628.5,6220.79,3.15531,0.000350603,0.7495,1,565.2343786,18579.2,2346.23,7.91875,0.00032718,0.345289,0,306.0739068,6796.85,2609.2,2.60496,0.000122569,0.313227,6,-323.2176106,12090.2,2636.78,4.58521,0.000373387,0.622392
222.525534,1,AUTO,ARMED,5,AVAILABLE,UNAVAILABLE,UNAVAILABLE,221,5,ACTIVE,41,E_P3_NEW3-A3.NC,E_P3_NEW3-A3.NC,41429.939,211856.19,5768.7,4599.0845,100,38.1,40,50,0,10,100,8750.0,19628.5,6220.79,3.15531,0.000350603,0.7495,1,569.1588411,18579.2,2346.23,7.91875,0.00032718,0.345289,0,306.0738854,6796.85,2609.2,2.60496,0.000122569,0.313227,6,-323.2175992,12090.2,2636.78,4.58521,0.000373387,0.622392
222.69798,1,AUTO,ARMED,5,AVAILABLE,UNAVAILABLE,UNAVAILABLE,221,5,ACTIVE,41,E_P3_NEW3-A3.NC,E_P3_NEW3-A3.NC,41429.939,211856.19,5768.7,4599.0845,100,38.1,41,50,0,10,100,8750.0,19628.5,6220.79,3.15531,0.000350603,0.7495,1,576.9975953,18579.2,2346.23,7.91875,0.00032718,0.345289,0,306.0739068,6796.85,2609.2,2.60496,0.000122569,0.313227,6,-323.2176106,12090.2,2636.78,4.58521,0.000373387,0.622392
222.84156,1,AUTO,ARMED,5,AVAILABLE,UNAVAILABLE,UNAVAILABLE,221,5,ACTIVE,41,E_P3_NEW3-A3.NC,E_P3_NEW3-A3.NC,41429.939,211856.19,5768.7,4599.0845,100,38.1,41,50,0,10,100,8750.0,19628.5,6220.79,3.15531,0.000350603,0.7495,1,580.9317495,18579.2,2346.23,7.91875,0.00032718,0.345289,0,306.0738925,6796.85,2609.2,2.60496,0.000122569,0.313227,6,-323.2176106,12090.2,2636.78,4.58521,0.000373387,0.622392
223.002278,1,AUTO,ARMED,5,AVAILABLE,UNAVAILABLE,UNAVAILABLE,221,5,ACTIVE,41,E_P3_NEW3-A3.NC,E_P3_NEW3-A3.NC,41429.939,211856.19,5768.7,4599.0845,100,38.1,41,50,0,10,100,8750.0,19628.5,6220.79,3.15531,0.000350603,0.7495,1,588.7705753,18579.2,2346.23,7.91875,0.00032718,0.345289,0,306.0739068,6796.85,2609.2,2.60496,0.000122569,0.313227,6,-323.2175992,12090.2,2636.78,4.58521,0.000373387,0.622392
223.155548,1,AUTO,ARMED,5,AVAILABLE,UNAVAILABLE,UNAVAILABLE,221,5,ACTIVE,41,E_P3_NEW3-A3.NC,E_P3_NEW3-A3.NC,41429.939,211856.19,5768.7,4599.0845,100,38.1,41,50,0,10,100,8750.0,14901.4,218.992,68.0454,0.000159724,0.0958768,1,596.6384086,14594.5,143.067,102.012,0.000236877,0.149344,0,306.0738997,5716.08,111.658,51.1927,9.37909e-05,0.0503083,6,-323.2175992,12474.7,426.275,29.2644,0.000119352,0.129584
223.305681,1,AUTO,ARMED,5,AVAILABLE,UNAVAILABLE,UNAVAILABLE,221,5,ACTIVE,41,E_P3_NEW3-A3.NC,E_P3_NEW3-A3.NC,41429.939,211856.19,5768.7,3046.7339,100,38.1,41,50,0,10,100,8750.0,14901.4,218.992,68.0454,0.000159724,0.0958768,1,598.5912032,14594.5,143.067,102.012,0.000236877,0.149344,0,306.0739068,5716.08,111.658,51.1927,9.37909e-05,0.0503083,6,-323.2175992,12474.7,426.275,29.2644,0.000119352,0.129584
223.472595,1,AUTO,ARMED,5,AVAILABLE,UNAVAILABLE,UNAVAILABLE,221,5,ACTIVE,41,E_P3_NEW3-A3.NC,E_P3_NEW3-A3.NC,41429.939,211856.19,5768.7,3046.7339,100,38.1,41,50,0,9,100,8750.0,14901.4,218.992,68.0454,0.000159724,0.0958768,1,602.5058475,14594.5,143.067,102.012,0.000236877,0.149344,0,306.0741142,5716.08,111.658,51.1927,9.37909e-05,0.0503083,6,-323.2175992,12474.7,426.275,29.2644,0.000119352,0.129584
223.619148,1,AUTO,ARMED,5,AVAILABLE,UNAVAILABLE,UNAVAILABLE,221,5,ACTIVE,41,E_P3_NEW3-A3.NC,E_P3_NEW3-A3.NC,41429.939,211856.19,5768.7,3046.7339,100,31.26667,42,50,0,1,100,8750.0,14901.4,218.992,68.0454,0.000159724,0.0958768,0,611.6617512,14594.5,143.067,102.012,0.000236877,0.149344,0,306.0738925,5716.08,111.658,51.1927,9.37909e-05,0.0503083,6,-323.2175992,12474.7,426.275,29.2644,0.000119352,0.129584
223.781525,1,AUTO,ARMED,5,AVAILABLE,UNAVAILABLE,UNAVAILABLE,222,5,ACTIVE,41,E_P3_NEW3-A3.NC,E_P3_NEW3-A3.NC,41429.939,211856.19,5768.7,3046.7339,100,12.21667,42,50,0,2,100,8750.0,14901.4,218.992,68.0454,0.000159724,0.0958768,0,611.6666435,14594.5,143.067,102.012,0.000236877,0.149344,0,306.0738997,5716.08,111.658,51.1927,9.37909e-05,0.0503083,6,-323.2175992,12474.7,426.275,29.2644,0.000119352,0.129584
223.950176,1,AUTO,ARMED,5,AVAILABLE,UNAVAILABLE,UNAVAILABLE,222,5,ACTIVE,41,E_P3_NEW3-A3.NC,E_P3_NEW3-A3.NC,41429.939,211856.19,5768.7,3046.7339,100,0.0,42,50,0,3,100,8750.0,14901.4,218.992,68.0454,0.000159724,0.0958768,0,611.6668724,14594.5,143.067,102.012,0.000236877,0.149344,0,306.0738997,5716.08,111.658,51.1927,9.37909e-05,0.0503083,6,-323.2176106,12474.7,426.275,29.2644,0.000119352,0.129584
224.09675,1,AUTO,ARMED,5,AVAILABLE,UNAVAILABLE,UNAVAILABLE,222,5,ACTIVE,41,E_P3_NEW3-A3.NC,E_P3_NEW3-A3.NC,41429.939,211856.19,5768.7,3046.7339,100,0.0,42,50,0,3,100,8750.0,14901.4,218.992,68.0454,0.000159724,0.0958768,0,611.6668509,14594.5,143.067,102.012,0.000236877,0.149344,0,306.0738997,5716.08,111.658,51.1927,9.37909e-05,0.0503083,6,-323.2175992,12474.7,426.275,29.2644,0.000119352,0.129584
224.242308,1,AUTO,ARMED,5,AVAILABLE,UNAVAILABLE,UNAVAILABLE,222,5,ACTIVE,41,E_P3_NEW3-A3.NC,E_P3_NEW3-A3.NC,41429.939,211856.19,5768.7,3046.7339,100,0.0,42,50,0,4,100,8750.0,11350.0,229.869,49.3759,0.000176196,0.103748,0,611.6668295,13058.3,1297.36,10.0653,0.000346609,0.334373,0,306.0738925,4299.07,130.229,33.0116,9.16455e-05,0.0533959,6,-323.2175992,3581.38,386.084,9.27617,0.000282101,0.129381
224.398217,1,AUTO,ARMED,5,AVAILABLE,UNAVAILABLE,UNAVAILABLE,222,5,ACTIVE,41,E_P3_NEW3-A3.NC,E_P3_NEW3-A3.NC,41429.939,211856.19,5768.7,3317.4502,100,0.0,42,50,0,4,100,8750.0,11350.0,229.869,49.3759,0.000176196,0.103748,0,611.6668152,13058.3,1297.36,10.0653,0.000346609,0.334373,0,306.0738997,4299.07,130.229,33.0116,9.16455e-05,0.0533959,6,-323.2175992,3581.38,386.084,9.27617,0.000282101,0.129381
224.5542,1,AUTO,ARMED,5,AVAILABLE,UNAVAILABLE,UNAVAILABLE,222,5,ACTIVE,41,E_P3_NEW3-A3.NC,E_P3_NEW3-A3.NC,41429.939,211856.19,5768.7,3317.4502,100,0.0,43,50,0,3,100,8750.0,11350.0,229.869,49.3759,0.000176196,0.103748,0,611.6668009,13058.3,1297.36,10.0653,0.000346609,0.334373,0,306.0738997,4299.07,130.229,33.0116,9.16455e-05,0.0533959,6,-323.2175992,3581.38,386.084,9.27617,0.000282101,0.129381
224.701853,1,AUTO,ARMED,5,AVAILABLE,UNAVAILABLE,UNAVAILABLE,222,5,ACTIVE,41,E_P3_NEW3-A3.NC,E_P3_NEW3-A3.NC,41429.939,211856.19,5768.7,3317.4502,100,0.0,43,50,0,3,100,8750.0,11350.0,229.869,49.3759,0.000176196,0.103748,0,611.6716171,13058.3,1297.36,10.0653,0.000346609,0.334373,0,306.1046346,4299.07,130.229,33.0116,9.16455e-05,0.0533959,6,-323.2175992,3581.38,386.084,9.27617,0.000282101,0.129381
224.847234,1,AUTO,ARMED,5,AVAILABLE,UNAVAILABLE,UNAVAILABLE,224,5,ACTIVE,41,E_P3_NEW3-A3.NC,E_P3_NEW3-A3.NC,41429.939,211856.19,5768.7,3317.4502,100,38.1,43,50,0,3,100,8750.0,11350.0,229.869,49.3759,0.000176196,0.103748,0,606.3357187,13058.3,1297.36,10.0653,0.000346609,0.334373,0,306.2009522,4299.07,130.229,33.0116,9.16455e-05,0.0533959,6,-323.2175992,3581.38,386.084,9.27617,0.000282101,0.129381
224.999258,1,AUTO,ARMED,5,AVAILABLE,UNAVAILABLE,UNAVAILABLE,224,5,ACTIVE,41,E_P3_NEW3-A3.NC,E_P3_NEW3-A3.NC,41429.939,211856.19,5768.7,3317.4502,100,38.1,43,50,0,3,100,8750.0,11350.0,229.869,49.3759,0.000176196,0.103748,0,602.4121404,13058.3,1297.36,10.0653,0.000346609,0.334373,0,306.2009236,4299.07,130.229,33.0116,9.16455e-05,0.0533959,6,-323.2175992,3581.38,386.084,9.27617,0.000282101,0.129381
225.149399,1,AUTO,ARMED,5,AVAILABLE,UNAVAILABLE,UNAVAILABLE,224,5,ACTIVE,41,E_P3_NEW3-A3.NC,E_P3_NEW3-A3.NC,41429.939,211856.19,5768.7,3317.4502,100,38.1,43,50,0,3,100,8750.0,11350.0,229.869,49.3759,0.000176196,0.103748,0,598.4967948,13058.3,1297.36,10.0653,0.000346609,0.334373,0,306.2004516,4299.07,130.229,33.0116,9.16455e-05,0.0533959,6,-323.2175992,3581.38,386.084,9.27617,0.000282101,0.129381
225.303822,1,AUTO,ARMED,5,AVAILABLE,UNAVAILABLE,UNAVAILABLE,224,5,ACTIVE,41,E_P3_NEW3-A3.NC,E_P3_NEW3-A3.NC,41429.939,211856.19,5768.7,3317.4502,100,38.1,43,50,0,8,100,8750.0,10246.2,2614.62,3.91881,0.000415972,0.435572,0,592.6017069,14066.4,2147.07,6.55144,0.000334417,0.376406,0,306.2008306,4419.16,1979.31,2.23268,0.000132226,0.254791,6,-323.2176106,4831.26,1479.91,3.26456,0.000228869,0.363865
225.455432,1,AUTO,ARMED,5,AVAILABLE,UNAVAILABLE,UNAVAILABLE,224,5,ACTIVE,41,E_P3_NEW3-A3.NC,E_P3_NEW3-A3.NC,41429.939,211856.19,5768.7,4397.335,100,38.1,43,50,0,11,100,8750.0,10246.2,2614.62,3.91881,0.000415972,0.435572,0,588.6769985,14066.4,2147.07,6.55144,0.000334417,0.376406,0,306.2008879,4419.16,1979.31,2.23268,0.000132226,0.254791,6,-323.2176106,4831.26,1479.91,3.26456,0.000228869,0.363865
225.600258,1,AUTO,ARMED,5,AVAILABLE,UNAVAILABLE,UNAVAILABLE,224,5,ACTIVE,41,E_P3_NEW3-A3.NC,E_P3_NEW3-A3.NC,41429.939,211856.19,5768.7,4397.335,100,38.1,44,50,0,11,100,8750.0,10246.2,2614.62,3.91881,0.000415972,0.435572,0,580.8190356,14066.4,2147.07,6.55144,0.000334417,0.376406,0,306.200895,4419.16,1979.31,2.23268,0.000132226,0.254791,6,-323.2175992,4831.26,1479.91,3.26456,0.000228869,0.363865
225.739987,1,AUTO,ARMED,5,AVAILABLE,UNAVAILABLE,UNAVAILABLE,224,5,ACTIVE,41,E_P3_NEW3-A3.NC,E_P3_NEW3-A3.NC,41429.939,211856.19,5768.7,4397.335,100,38.1,44,50,0,9,100,8750.0,10246.2,2614.62,3.91881,0.000415972,0.435572,0,572.979764,14066.4,2147.07,6.55144,0.000334417,0.376406,0,306.2009093,4419.16,1979.31,2.23268,0.000132226,0.254791,6,-323.2175992,4831.26,1479.91,3.26456,0.000228869,0.363865
225.880906,1,AUTO,ARMED,5,AVAILABLE,UNAVAILABLE,UNAVAILABLE,224,5,ACTIVE,41,E_P3_NEW3-A3.NC,E_P3_NEW3-A3.NC,41429.939,211856.19,5768.7,4397.335,100,38.1,44,50,0,9,100,8750.0,10246.2,2614.62,3.91881,0.000415972,0.435572,0,569.0461913,14066.4,2147.07,6.55144,0.000334417,0.376406,0,306.200895,4419.16,1979.31,2.23268,0.000132226,0.254791,6,-323.2176106,4831.26,1479.91,3.26456,0.000228869,0.363865
226.019142,1,AUTO,ARMED,5,AVAILABLE,UNAVAILABLE,UNAVAILABLE,224,5,ACTIVE,41,E_P3_NEW3-A3.NC,E_P3_NEW3-A3.NC,41429.939,211856.19,5768.7,4397.335,100,38.1,44,50,0,8,100,8750.0,10246.2,2614.62,3.91881,0.000415972,0.435572,0,565.1219886,14066.4,2147.07,6.55144,0.000334417,0.376406,0,306.2009022,4419.16,1979.31,2.23268,0.000132226,0.254791,6,-323.2175992,4831.26,1479.91,3.26456,0.000228869,0.363865
226.169236,1,AUTO,ARMED,5,AVAILABLE,UNAVAILABLE,UNAVAILABLE,224,5,ACTIVE,41,E_P3_NEW3-A3.NC,E_P3_NEW3-A3.NC,41429.939,211856.19,5768.7,4397.335,100,38.1,44,50,0,9,100,8750.0,10246.2,2614.62,3.91881,0.000415972,0.435572,0,557.2734761,14066.4,2147.07,6.55144,0.000334417,0.376406,0,306.200895,4419.16,1979.31,2.23268,0.000132226,0.254791,6,-323.2175992,4831.26,1479.91,3.26456,0.000228869,0.363865
226.333937,1,AUTO,ARMED,5,AVAILABLE,UNAVAILABLE,UNAVAILABLE,224,5,ACTIVE,41,E_P3_NEW3-A3.NC,E_P3_NEW3-A3.NC,41429.939,211856.19,5768.7,4397.335,100,38.1,44,50,0,9,100,8750.0,10246.2,2614.62,3.91881,0.000415972,0.435572,0,553.3488182,14066.4,2147.07,6.55144,0.000334417,0.376406,0,306.200895,4419.16,1979.31,2.23268,0.000132226,0.254791,6,-323.2176106,4831.26,1479.91,3.26456,0.000228869,0.363865
226.47245,1,AUTO,ARMED,5,AVAILABLE,UNAVAILABLE,UNAVAILABLE,224,5,ACTIVE,41,E_P3_NEW3-A3.NC,E_P3_NEW3-A3.NC,41429.939,211856.19,5768.7,3170.0437,100,38.1,44,50,0,9,100,8750.0,10270.2,224.312,45.7853,0.000167271,0.107063,0,545.5003822,12890.2,171.143,75.3183,0.000203041,0.149703,0,306.200895,4683.35,134.67,34.7765,6.53167e-05,0.0491283,6,-323.2176106,3701.56,378.42,9.78162,0.000200136,0.124665
226.62517,1,AUTO,ARMED,5,AVAILABLE,UNAVAILABLE,UNAVAILABLE,224,5,ACTIVE,41,E_P3_NEW3-A3.NC,E_P3_NEW3-A3.NC,41429.939,211856.19,5768.7,3170.0437,100,38.1,45,50,0,10,100,8750.0,10270.2,224.312,45.7853,0.000167271,0.107063,0,541.5766827,12890.2,171.143,75.3183,0.000203041,0.149703,0,306.2012312,4683.35,134.67,34.7765,6.53167e-05,0.0491283,6,-323.2175992,3701.56,378.42,9.78162,0.000200136,0.124665
226.774147,1,AUTO,ARMED,5,AVAILABLE,UNAVAILABLE,UNAVAILABLE,224,5,ACTIVE,41,E_P3_NEW3-A3.NC,E_P3_NEW3-A3.NC,41429.939,211856.19,5768.7,3170.0437,100,38.1,45,50,0,7,100,8750.0,10270.2,224.312,45.7853,0.000167271,0.107063,1,537.6610226,12890.2,171.143,75.3183,0.000203041,0.149703,0,306.2010381,4683.35,134.67,34.7765,6.53167e-05,0.0491283,6,-323.2175992,3701.56,378.42,9.78162,0.000200136,0.124665
226.912324,1,AUTO,ARMED,5,AVAILABLE,UNAVAILABLE,UNAVAILABLE,224,5,ACTIVE,41,E_P3_NEW3-A3.NC,E_P3_NEW3-A3.NC,41429.939,211856.19,5768.7,3170.0437,100,13.06667,45,50,0,2,100,8750.0,10270.2,224.312,45.7853,0.000167271,0.107063,0,530.3879864,12890.2,171.143,75.3183,0.000203041,0.149703,0,306.2009022,4683.35,134.67,34.7765,6.53167e-05,0.0491283,6,-323.2176106,3701.56,378.42,9.78162,0.000200136,0.124665
227.052011,1,AUTO,ARMED,5,AVAILABLE,UNAVAILABLE,UNAVAILABLE,225,5,ACTIVE,41,E_P3_NEW3-A3.NC,E_P3_NEW3-A3.NC,41429.939,211856.19,5768.7,3170.0437,100,8.716667,45,50,0,2,100,8750.0,10270.2,224.312,45.7853,0.000167271,0.107063,0,530.3867275,12890.2,171.143,75.3183,0.000203041,0.149703,0,306.200895,4683.35,134.67,34.7765,6.53167e-05,0.0491283,6,-323.2175992,3701.56,378.42,9.78162,0.000200136,0.124665
227.195862,1,AUTO,ARMED,5,AVAILABLE,UNAVAILABLE,UNAVAILABLE,225,5,ACTIVE,41,E_P3_NEW3-A3.NC,E_P3_NEW3-A3.NC,41429.939,211856.19,5768.7,3170.0437,100,0.0,45,50,0,3,100,8750.0,10270.2,224.312,45.7853,0.000167271,0.107063,0,530.3866918,12890.2,171.143,75.3183,0.000203041,0.149703,0,306.2009022,4683.35,134.67,34.7765,6.53167e-05,0.0491283,6,-323.2175878,3701.56,378.42,9.78162,0.000200136,0.124665
227.35755,1,AUTO,ARMED,5,AVAILABLE,UNAVAILABLE,UNAVAILABLE,225,5,ACTIVE,41,E_P3_NEW3-A3.NC,E_P3_NEW3-A3.NC,41429.939,211856.19,5768.7,3170.0437,100,0.0,45,50,0,3,100,8750.0,10270.2,224.312,45.7853,0.000167271,0.107063,0,530.3867275,12890.2,171.143,75.3183,0.000203041,0.149703,0,306.2009022,4683.35,134.67,34.7765,6.53167e-05,0.0491283,6,-323.2175992,3701.56,378.42,9.78162,0.000200136,0.124665
227.508036,1,AUTO,ARMED,5,AVAILABLE,UNAVAILABLE,UNAVAILABLE,225,5,ACTIVE,41,E_P3_NEW3-A3.NC,E_P3_NEW3-A3.NC,41429.939,211856.19,5768.7,3170.0437,100,0.0,45,50,0,3,100,8750.0,3815.32,228.414,16.7035,0.00016825,0.0977779,0,530.386749,1176.2,176.863,6.65035,0.000188503,0.157397,0,306.2009022,744.533,137.422,5.41786,0.000101575,0.0501723,6,-323.2175992,1105.66,333.918,3.31117,0.000163336,0.109432
227.649744,1,AUTO,ARMED,5,AVAILABLE,UNAVAILABLE,UNAVAILABLE,225,5,ACTIVE,41,E_P3_NEW3-A3.NC,E_P3_NEW3-A3.NC,41429.939,211856.19,5768.7,3347.2854,100,0.0,46,50,0,3,100,8750.0,3815.32,228.414,16.7035,0.00016825,0.0977779,0,530.3867633,1176.2,176.863,6.65035,0.000188503,0.157397,0,306.200895,744.533,137.422,5.41786,0.000101575,0.0501723,6,-323.2175992,1105.66,333.918,3.31117,0.000163336,0.109432
227.789651,1,AUTO,ARMED,5,AVAILABLE,UNAVAILABLE,UNAVAILABLE,225,5,ACTIVE,41,E_P3_NEW3-A3.NC,E_P3_NEW3-A3.NC,41429.939,211856.19,5768.7,3347.2854,100,0.0,46,50,0,3,100,8750.0,3815.32,228.414,16.7035,0.00016825,0.0977779,0,530.3867704,1176.2,176.863,6.65035,0.000188503,0.157397,0,306.2009022,744.533,137.422,5.41786,0.000101575,0.0501723,6,-323.2175992,1105.66,333.918,3.31117,0.000163336,0.109432
227.928018,1,AUTO,ARMED,5,AVAILABLE,UNAVAILABLE,UNAVAILABLE,225,5,ACTIVE,41,E_P3_NEW3-A3.NC,E_P3_NEW3-A3.NC,41429.939,211856.19,5768.7,3347.2854,100,0.0,46,50,0,3,100,8750.0,3815.32,228.414,16.7035,0.00016825,0.0977779,0,530.3867919,1176.2,176.863,6.65035,0.000188503,0.157397,0,306.200895,744.533,137.422,5.41786,0.000101575,0.0501723,6,-323.2175992,1105.66,333.918,3.31117,0.000163336,0.109432
228.067035,1,AUTO,ARMED,5,AVAILABLE,UNAVAILABLE,UNAVAILABLE,228,5,ACTIVE,41,E_P3_NEW3-A3.NC,E_P3_NEW3-A3.NC,41429.939,211856.19,5768.7,3347.2854,100,0.0,46,50,0,3,100,8750.0,3815.32,228.414,16.7035,0.00016825,0.0977779,0,530.3867919,1176.2,176.863,6.65035,0.000188503,0.157397,0,306.2009022,744.533,137.422,5.41786,0.000101575,0.0501723,6,-323.2175992,1105.66,333.918,3.31117,0.000163336,0.109432
228.203821,1,AUTO,ARMED,5,AVAILABLE,UNAVAILABLE,UNAVAILABLE,228,5,ACTIVE,41,E_P3_NEW3-A3.NC,E_P3_NEW3-A3.NC,41429.939,211856.19,5768.7,3347.2854,100,0.0,46,50,0,3,100,8784.779614,3815.32,228.414,16.7035,0.00016825,0.0977779,0,530.3867919,1176.2,176.863,6.65035,0.000188503,0.157397,0,306.200895,744.533,137.422,5.41786,0.000101575,0.0501723,6,-323.2175878,1105.66,333.918,3.31117,0.000163336,0.109432
228.340727,1,AUTO,ARMED,5,AVAILABLE,UNAVAILABLE,UNAVAILABLE,228,5,ACTIVE,41,E_P3_NEW3-A3.NC,E_P3_NEW3-A3.NC,41429.939,211856.19,5768.7,3347.2854,100,0.0,46,50,0,24,100,9127.5,3815.32,228.414,16.7035,0.00016825,0.0977779,0,530.3867919,1176.2,176.863,6.65035,0.000188503,0.157397,0,306.200895,744.533,137.422,5.41786,0.000101575,0.0501723,6,-323.2175992,1105.66,333.918,3.31117,0.000163336,0.109432
228.497752,1,AUTO,ARMED,5,AVAILABLE,UNAVAILABLE,UNAVAILABLE,228,5,ACTIVE,41,E_P3_NEW3-A3.NC,E_P3_NEW3-A3.NC,41429.939,211856.19,5768.7,3347.2854,100,0.0,46,50,0,56,100,9250.0,4199.25,369.723,11.3578,0.000278625,0.201445,0,530.386799,1032.18,101.123,10.2072,0.000214167,0.0814662,0,306.2009022,840.602,113.683,7.39426,0.000101919,0.0552757,6,-323.2176106,1273.91,383.108,3.3252,0.00022389,0.144988
228.676439,1,AUTO,ARMED,5,AVAILABLE,UNAVAILABLE,UNAVAILABLE,228,5,ACTIVE,41,E_P3_NEW3-A3.NC,E_P3_NEW3-A3.NC,41429.939,211856.19,5768.7,2616.6733,100,0.0,47,50,0,42,100,9250.0,4199.25,369.723,11.3578,0.000278625,0.201445,0,530.386799,1032.18,101.123,10.2072,0.000214167,0.0814662,0,306.328012,840.602,113.683,7.39426,0.000101919,0.0552757,6,-323.2176106,1273.91,383.108,3.3252,0.00022389,0.144988
228.819544,1,AUTO,ARMED,5,AVAILABLE,UNAVAILABLE,UNAVAILABLE,229,5,ACTIVE,41,E_P3_NEW3-A3.NC,E_P3_NEW3-A3.NC,41429.939,211856.19,5768.7,2616.6733,100,0.0,47,50,0,22,100,9250.0,4199.25,369.723,11.3578,0.000278625,0.201445,0,530.386799,1032.18,101.123,10.2072,0.000214167,0.0814662,0,306.3278975,840.602,113.683,7.39426,0.000101919,0.0552757,6,-323.2175992,1273.91,383.108,3.3252,0.00022389,0.144988
228.961025,1,AUTO,ARMED,5,AVAILABLE,UNAVAILABLE,UNAVAILABLE,229,5,ACTIVE,41,E_P3_NEW3-A3.NC,E_P3_NEW3-A3.NC,41429.939,211856.19,5768.7,2616.6733,100,0.0,47,50,0,2,100,9250.0,4199.25,369.723,11.3578,0.000278625,0.201445,0,530.386799,1032.18,101.123,10.2072,0.000214167,0.0814662,0,306.3278975,840.602,113.683,7.39426,0.000101919,0.0552757,6,-323.2175992,1273.91,383.108,3.3252,0.00022389,0.144988
229.111456,1,AUTO,ARMED,5,AVAILABLE,UNAVAILABLE,UNAVAILABLE,229,5,ACTIVE,41,E_P3_NEW3-A3.NC,E_P3_NEW3-A3.NC,41429.939,211856.19,5768.7,2616.6733,100,0.0,47,50,0,14,100,9250.0,4199.25,369.723,11.3578,0.000278625,0.201445,0,530.386799,1032.18,101.123,10.2072,0.000214167,0.0814662,0,306.3278975,840.602,113.683,7.39426,0.000101919,0.0552757,6,-323.2175992,1273.91,383.108,3.3252,0.00022389,0.144988
229.259862,1,AUTO,ARMED,5,AVAILABLE,UNAVAILABLE,UNAVAILABLE,229,5,ACTIVE,41,E_P3_NEW3-A3.NC,E_P3_NEW3-A3.NC,41429.939,211856.19,5768.7,2616.6733,100,0.0,47,50,0,5,100,9250.0,4199.25,369.723,11.3578,0.000278625,0.201445,0,530.386799,1032.18,101.123,10.2072,0.000214167,0.0814662,0,306.3279047,840.602,113.683,7.39426,0.000101919,0.0552757,6,-323.2175992,1273.91,383.108,3.3252,0.00022389,0.144988
229.413435,1,AUTO,ARMED,5,AVAILABLE,UNAVAILABLE,UNAVAILABLE,229,5,ACTIVE,41,E_P3_NEW3-A3.NC,E_P3_NEW3-A3.NC,41429.939,211856.19,5768.7,2616.6733,100,0.0,47,50,0,0,100,9250.0,4199.25,369.723,11.3578,0.000278625,0.201445,0,530.386799,1032.18,101.123,10.2072,0.000214167,0.0814662,0,306.3279047,840.602,113.683,7.39426,0.000101919,0.0552757,6,-323.2175992,1273.91,383.108,3.3252,0.00022389,0.144988
229.571188,1,AUTO,ARMED,5,AVAILABLE,UNAVAILABLE,UNAVAILABLE,229,5,ACTIVE,41,E_P3_NEW3-A3.NC,E_P3_NEW3-A3.NC,41429.939,211856.19,5768.7,2616.6733,100,0.0,47,50,0,4,100,9250.0,13029.7,397.392,32.788,0.000257251,0.220345,0,530.3868062,13322.3,2563.78,5.19635,0.000277743,0.291486,0,306.3279047,4010.87,1461.76,2.74386,0.00010201,0.185141,6,-323.2175992,10744.1,2770.52,3.87801,0.000319,0.67799
229.714536,1,AUTO,ARMED,5,AVAILABLE,UNAVAILABLE,UNAVAILABLE,230,5,ACTIVE,41,E_P3_NEW3-A3.NC,E_P3_NEW3-A3.NC,41429.939,211856.19,5768.7,2616.6733,100,0.0,48,50,0,8,100,9250.0,13029.7,397.392,32.788,0.000257251,0.220345,1,531.2732248,13322.3,2563.78,5.19635,0.000277743,0.291486,0,306.3279118,4010.87,1461.76,2.74386,0.00010201,0.185141,6,-323.2175878,10744.1,2770.52,3.87801,0.000319,0.67799
229.864088,1,AUTO,ARMED,5,AVAILABLE,UNAVAILABLE,UNAVAILABLE,230,5,ACTIVE,41,E_P3_NEW3-A3.NC,E_P3_NEW3-A3.NC,41429.939,211856.19,5768.7,3838.6172,100,23.28333,48,50,0,4,100,9250.0,13029.7,397.392,32.788,0.000257251,0.220345,0,536.0615814,13322.3,2563.78,5.19635,0.000277743,0.291486,0,306.3278975,4010.87,1461.76,2.74386,0.00010201,0.185141,6,-323.2175992,10744.1,2770.52,3.87801,0.000319,0.67799
230.015049,1,AUTO,ARMED,5,AVAILABLE,UNAVAILABLE,UNAVAILABLE,230,5,ACTIVE,41,E_P3_NEW3-A3.NC,E_P3_NEW3-A3.NC,41429.939,211856.19,5768.7,3838.6172,100,23.28333,48,50,0,4,100,9250.0,13029.7,397.392,32.788,0.000257251,0.220345,0,538.4655499,13322.3,2563.78,5.19635,0.000277743,0.291486,0,306.3278975,4010.87,1461.76,2.74386,0.00010201,0.185141,6,-323.2175992,10744.1,2770.52,3.87801,0.000319,0.67799
230.16331,1,AUTO,ARMED,5,AVAILABLE,UNAVAILABLE,UNAVAILABLE,230,5,ACTIVE,41,E_P3_NEW3-A3.NC,E_P3_NEW3-A3.NC,41429.939,211856.19,5768.7,3838.6172,100,23.28333,48,50,0,4,100,9250.0,13029.7,397.392,32.788,0.000257251,0.220345,0,540.8636677,13322.3,2563.78,5.19635,0.000277743,0.291486,0,306.3278904,4010.87,1461.76,2.74386,0.00010201,0.185141,6,-323.2175992,10744.1,2770.52,3.87801,0.000319,0.67799
230.306996,1,AUTO,ARMED,5,AVAILABLE,UNAVAILABLE,UNAVAILABLE,230,5,ACTIVE,41,E_P3_NEW3-A3.NC,E_P3_NEW3-A3.NC,41429.939,211856.19,5768.7,3838.6172,100,23.28333,48,50,0,4,100,9250.0,13029.7,397.392,32.788,0.000257251,0.220345,0,545.6659757,13322.3,2563.78,5.19635,0.000277743,0.291486,0,306.3277688,4010.87,1461.76,2.74386,0.00010201,0.185141,6,-323.2175992,10744.1,2770.52,3.87801,0.000319,0.67799
230.446267,1,AUTO,ARMED,5,AVAILABLE,UNAVAILABLE,UNAVAILABLE,230,5,ACTIVE,41,E_P3_NEW3-A3.NC,E_P3_NEW3-A3.NC,41429.939,211856.19,5768.7,3838.6172,100,23.28333,48,50,0,8,100,9250.0,13029.7,397.392,32.788,0.000257251,0.220345,1,548.0581784,13322.3,2563.78,5.19635,0.000277743,0.291486,0,306.3278618,4010.87,1461.76,2.74386,0.00010201,0.185141,6,-323.2176106,10744.1,2770.52,3.87801,0.000319,0.67799
230.586663,1,AUTO,ARMED,5,AVAILABLE,UNAVAILABLE,UNAVAILABLE,230,5,ACTIVE,41,E_P3_NEW3-A3.NC,E_P3_NEW3-A3.NC,41429.939,211856.19,5768.7,3838.6172,100,23.28333,48,50,0,11,100,9250.0,13029.7,397.392,32.788,0.000257251,0.220345,1,550.4564464,13322.3,2563.78,5.19635,0.000277743,0.291486,0,306.3278761,4010.87,1461.76,2.74386,0.00010201,0.185141,6,-323.2175878,10744.1,2770.52,3.87801,0.000319,0.67799
230.729268,1,AUTO,ARMED,5,AVAILABLE,UNAVAILABLE,UNAVAILABLE,230,5,ACTIVE,41,E_P3_NEW3-A3.NC,E_P3_NEW3-A3.NC,41429.939,211856.19,5768.7,3838.6172,100,23.28333,49,50,0,11,100,9250.0,14013.5,5044.76,2.77783,0.000434151,0.992208,1,557.6510573,12746.2,1686.62,7.55724,0.000227199,0.241977,0,306.3279118,3818.73,1516.58,2.51799,9.40019e-05,0.209968,6,-323.2175878,10095.2,2668.28,3.78341,0.000360119,0.667532
230.872819,1,AUTO,ARMED,5,AVAILABLE,UNAVAILABLE,UNAVAILABLE,230,5,ACTIVE,41,E_P3_NEW3-A3.NC,E_P3_NEW3-A3.NC,41429.939,211856.19,5768.7,4442.1987,100,23.28333,49,50,0,11,100,9250.0,14013.5,5044.76,2.77783,0.000434151,0.992208,1,560.0489923,12746.2,1686.62,7.55724,0.000227199,0.241977,0,306.327919,3818.73,1516.58,2.51799,9.40019e-05,0.209968,6,-323.2175878,10095.2,2668.28,3.78341,0.000360119,0.667532
231.019497,1,AUTO,ARMED,5,AVAILABLE,UNAVAILABLE,UNAVAILABLE,230,5,ACTIVE,41,E_P3_NEW3-A3.NC,E_P3_NEW3-A3.NC,41429.939,211856.19,5768.7,4442.1987,100,23.28333,49,50,0,9,100,9250.0,14013.5,5044.76,2.77783,0.000434151,0.992208,1,561.2540263,12746.2,1686.62,7.55724,0.000227199,0.241977,0,306.3278975,3818.73,1516.58,2.51799,9.40019e-05,0.209968,6,-323.2176106,10095.2,2668.28,3.78341,0.000360119,0.667532
231.159975,1,AUTO,ARMED,5,AVAILABLE,UNAVAILABLE,UNAVAILABLE,230,5,ACTIVE,41,E_P3_NEW3-A3.NC,E_P3_NEW3-A3.NC,41429.939,211856.19,5768.7,4442.1987,100,23.28333,49,50,0,9,100,9250.0,14013.5,5044.76,2.77783,0.000434151,0.992208,1,563.6525645,12746.2,1686.62,7.55724,0.000227199,0.241977,0,306.3278975,3818.73,1516.58,2.51799,9.40019e-05,0.209968,6,-323.2175992,10095.2,2668.28,3.78341,0.000360119,0.667532
231.299462,1,AUTO,ARMED,5,AVAILABLE,UNAVAILABLE,UNAVAILABLE,230,5,ACTIVE,41,E_P3_NEW3-A3.NC,E_P3_NEW3-A3.NC,41429.939,211856.19,5768.7,4442.1987,100,23.28333,49,50,0,9,100,9250.0,14013.5,5044.76,2.77783,0.000434151,0.992208,1,568.442896,12746.2,1686.62,7.55724,0.000227199,0.241977,0,306.3278904,3818.73,1516.58,2.51799,9.40019e-05,0.209968,6,-323.2176221,10095.2,2668.28,3.78341,0.000360119,0.667532
231.444479,1,AUTO,ARMED,5,AVAILABLE,UNAVAILABLE,UNAVAILABLE,230,5,ACTIVE,41,E_P3_NEW3-A3.NC,E_P3_NEW3-A3.NC,41429.939,211856.19,5768.7,4442.1987,100,23.28333,49,50,0,10,100,9250.0,14013.5,5044.76,2.77783,0.000434151,0.992208,1,570.8469559,12746.2,1686.62,7.55724,0.000227199,0.241977,0,306.3278832,3818.73,1516.58,2.51799,9.40019e-05,0.209968,6,-323.2175992,10095.2,2668.28,3.78341,0.000360119,0.667532
231.588125,1,AUTO,ARMED,5,AVAILABLE,UNAVAILABLE,UNAVAILABLE,230,5,ACTIVE,41,E_P3_NEW3-A3.NC,E_P3_NEW3-A3.NC,41429.939,211856.19,5768.7,4442.1987,100,23.28333,50,50,0,10,100,9250.0,16581.1,5180.05,3.20095,0.000443528,1.00788,1,573.2449934,12602.2,1727.29,7.29594,0.000233726,0.250969,0,306.3279047,3698.64,1477.59,2.50316,9.36785e-05,0.209162,6,-323.2175878,9686.56,2660.1,3.64143,0.000410832,0.712197
231.77478,1,AUTO,ARMED,5,AVAILABLE,UNAVAILABLE,UNAVAILABLE,230,5,ACTIVE,41,E_P3_NEW3-A3.NC,E_P3_NEW3-A3.NC,41429.939,211856.19,5768.7,4442.1987,100,23.28333,50,50,0,10,100,9250.0,16581.1,5180.05,3.20095,0.000443528,1.00788,1,580.4397424,12602.2,1727.29,7.29594,0.000233726,0.250969,0,306.3279118,3698.64,1477.59,2.50316,9.36785e-05,0.209162,6,-323.2175878,9686.56,2660.1,3.64143,0.000410832,0.712197
231.926856,1,AUTO,ARMED,5,AVAILABLE,UNAVAILABLE,UNAVAILABLE,230,5,ACTIVE,41,E_P3_NEW3-A3.NC,E_P3_NEW3-A3.NC,41429.939,211856.19,5768.7,4370.356,100,23.28333,50,50,0,9,100,9250.0,16581.1,5180.05,3.20095,0.000443528,1.00788,1,582.8377227,12602.2,1727.29,7.29594,0.000233726,0.250969,0,306.327919,3698.64,1477.59,2.50316,9.36785e-05,0.209162,6,-323.2176106,9686.56,2660.1,3.64143,0.000410832,0.712197
232.079611,1,AUTO,ARMED,5,AVAILABLE,UNAVAILABLE,UNAVAILABLE,230,5,ACTIVE,41,E_P3_NEW3-A3.NC,E_P3_NEW3-A3.NC,41429.939,211856.19,5768.7,4370.356,100,23.28333,50,50,0,10,100,9250.0,16581.1,5180.05,3.20095,0.000443528,1.00788,1,587.6399167,12602.2,1727.29,7.29594,0.000233726,0.250969,0,306.3278975,3698.64,1477.59,2.50316,9.36785e-05,0.209162,6,-323.2175992,9686.56,2660.1,3.64143,0.000410832,0.712197
232.240552,1,AUTO,ARMED,5,AVAILABLE,UNAVAILABLE,UNAVAILABLE,230,5,ACTIVE,41,E_P3_NEW3-A3.NC,E_P3_NEW3-A3.NC,41429.939,211856.19,5768.7,4370.356,100,23.28333,50,50,0,10,100,9250.0,16581.1,5180.05,3.20095,0.000443528,1.00788,1,590.0323892,12602.2,1727.29,7.29594,0.000233726,0.250969,0,306.3278975,3698.64,1477.59,2.50316,9.36785e-05,0.209162,6,-323.2176106,9686.56,2660.1,3.64143,0.000410832,0.712197
232.395538,1,AUTO,ARMED,5,AVAILABLE,UNAVAILABLE,UNAVAILABLE,230,5,ACTIVE,41,E_P3_NEW3-A3.NC,E_P3_NEW3-A3.NC,41429.939,211856.19,5768.7,4370.356,100,23.28333,50,50,0,9,100,9250.0,16581.1,5180.05,3.20095,0.000443528,1.00788,1,594.8343,12602.2,1727.29,7.29594,0.000233726,0.250969,0,306.3279047,3698.64,1477.59,2.50316,9.36785e-05,0.209162,6,-323.2175878,9686.56,2660.1,3.64143,0.000410832,0.712197
232.544,1,AUTO,ARMED,5,AVAILABLE,UNAVAILABLE,UNAVAILABLE,230,5,ACTIVE,41,E_P3_NEW3-A3.NC,E_P3_NEW3-A3.NC,41429.939,211856.19,5768.7,4370.356,100,23.28333,50,50,0,9,100,9250.0,16581.1,5180.05,3.20095,0.000443528,1.00788,1,597.2326233,12602.2,1727.29,7.29594,0.000233726,0.250969,0,306.3279047,3698.64,1477.59,2.50316,9.36785e-05,0.209162,6,-323.2175878,9686.56,2660.1,3.64143,0.000410832,0.712197
232.693487,1,AUTO,ARMED,5,AVAILABLE,UNAVAILABLE,UNAVAILABLE,230,5,ACTIVE,41,E_P3_NEW3-A3.NC,E_P3_NEW3-A3.NC,41429.939,211856.19,5768.7,4370.356,100,23.28333,51,50,0,9,100,9250.0,15717.2,395.304,39.7598,0.000280296,0.202155,0,602.0292412,11378.0,83.1429,136.849,8.88295e-05,0.0524302,0,306.3280191,744.532,153.261,4.85794,0.000105283,0.0650663,6,-323.2175992,1514.27,371.185,4.07956,9.94144e-05,0.120181
232.845258,1,AUTO,ARMED,5,AVAILABLE,UNAVAILABLE,UNAVAILABLE,230,5,ACTIVE,41,E_P3_NEW3-A3.NC,E_P3_NEW3-A3.NC,41429.939,211856.19,5768.7,4370.356,100,23.28333,51,50,0,6,100,9250.0,15717.2,395.304,39.7598,0.000280296,0.202155,0,604.4329575,11378.0,83.1429,136.849,8.88295e-05,0.0524302,0,306.3279262,744.532,153.261,4.85794,0.000105283,0.0650663,6,-323.2175992,1514.27,371.185,4.07956,9.94144e-05,0.120181
232.999295,1,AUTO,ARMED,5,AVAILABLE,UNAVAILABLE,UNAVAILABLE,230,5,ACTIVE,41,E_P3_NEW3-A3.NC,E_P3_NEW3-A3.NC,41429.939,211856.19,5768.7,4370.356,100,23.28333,51,50,0,3,100,9250.0,15717.2,395.304,39.7598,0.000280296,0.202155,0,608.0188303,11378.0,83.1429,136.849,8.88295e-05,0.0524302,0,306.3279047,744.532,153.261,4.85794,0.000105283,0.0650663,6,-323.2175992,1514.27,371.185,4.07956,9.94144e-05,0.120181
233.141915,1,AUTO,ARMED,5,AVAILABLE,UNAVAILABLE,UNAVAILABLE,230,5,ACTIVE,41,E_P3_NEW3-A3.NC,E_P3_NEW3-A3.NC,41429.939,211856.19,5768.7,3386.6062,100,23.28333,51,50,0,2,100,9250.0,15717.2,395.304,39.7598,0.000280296,0.202155,0,610.4227511,11378.0,83.1429,136.849,8.88295e-05,0.0524302,0,306.3279047,744.532,153.261,4.85794,0.000105283,0.0650663,6,-323.2175992,1514.27,371.185,4.07956,9.94144e-05,0.120181
233.291528,1,AUTO,ARMED,5,AVAILABLE,UNAVAILABLE,UNAVAILABLE,231,5,ACTIVE,41,E_P3_NEW3-A3.NC,E_P3_NEW3-A3.NC,41429.939,211856.19,5768.7,3386.6062,100,11.65,51,50,0,3,100,9250.0,15717.2,395.304,39.7598,0.000280296,0.202155,0,611.663525,11378.0,83.1429,136.849,8.88295e-05,0.0524302,0,306.3278975,744.532,153.261,4.85794,0.000105283,0.0650663,6,-323.2176106,1514.27,371.185,4.07956,9.94144e-05,0.120181
233.448528,1,AUTO,ARMED,5,AVAILABLE,UNAVAILABLE,UNAVAILABLE,231,5,ACTIVE,41,E_P3_NEW3-A3.NC,E_P3_NEW3-A3.NC,41429.939,211856.19,5768.7,3386.6062,100,0.0,51,50,0,5,100,9250.0,15717.2,395.304,39.7598,0.000280296,0.202155,0,611.6668724,11378.0,83.1429,136.849,8.88295e-05,0.0524302,0,306.3278975,744.532,153.261,4.85794,0.000105283,0.0650663,6,-323.2176106,1514.27,371.185,4.07956,9.94144e-05,0.120181
233.593456,1,AUTO,ARMED,5,AVAILABLE,UNAVAILABLE,UNAVAILABLE,231,5,ACTIVE,41,E_P3_NEW3-A3.NC,E_P3_NEW3-A3.NC,41429.939,211856.19,5768.7,3386.6062,100,0.0,52,50,0,4,100,9250.0,15717.2,395.304,39.7598,0.000280296,0.202155,0,611.6668509,11378.0,83.1429,136.849,8.88295e-05,0.0524302,0,306.3278904,744.532,153.261,4.85794,0.000105283,0.0650663,6,-323.2175992,1514.27,371.185,4.07956,9.94144e-05,0.120181
233.739527,1,AUTO,ARMED,5,AVAILABLE,UNAVAILABLE,UNAVAILABLE,231,5,ACTIVE,41,E_P3_NEW3-A3.NC,E_P3_NEW3-A3.NC,41429.939,211856.19,5768.7,3386.6062,100,0.0,52,50,0,4,100,9250.0,4151.26,364.258,11.3965,0.000243936,0.19644,0,611.6668438,5232.9,333.853,15.6743,0.000107731,0.0748594,0,306.3278975,744.531,127.341,5.84675,0.000114775,0.0575566,6,-323.2175992,1225.84,416.77,2.94129,0.000520025,0.159007
233.879144,1,AUTO,ARMED,5,AVAILABLE,UNAVAILABLE,UNAVAILABLE,231,5,ACTIVE,41,E_P3_NEW3-A3.NC,E_P3_NEW3-A3.NC,41429.939,211856.19,5768.7,3386.6062,100,0.0,52,50,0,4,100,9250.0,4151.26,364.258,11.3965,0.000243936,0.19644,0,611.6668223,5232.9,333.853,15.6743,0.000107731,0.0748594,0,306.3278975,744.531,127.341,5.84675,0.000114775,0.0575566,6,-323.2175878,1225.84,416.77,2.94129,0.000520025,0.159007
234.020803,1,AUTO,ARMED,5,AVAILABLE,UNAVAILABLE,UNAVAILABLE,231,5,ACTIVE,41,E_P3_NEW3-A3.NC,E_P3_NEW3-A3.NC,41429.939,211856.19,5768.7,3386.6062,100,0.0,52,50,0,3,100,9250.0,4151.26,364.258,11.3965,0.000243936,0.19644,0,611.6668152,5232.9,333.853,15.6743,0.000107731,0.0748594,0,306.3278975,744.531,127.341,5.84675,0.000114775,0.0575566,6,-323.2175992,1225.84,416.77,2.94129,0.000520025,0.159007
234.169783,1,AUTO,ARMED,5,AVAILABLE,UNAVAILABLE,UNAVAILABLE,231,5,ACTIVE,41,E_P3_NEW3-A3.NC,E_P3_NEW3-A3.NC,41429.939,211856.19,5768.7,3370.3872,100,0.0,52,50,0,3,100,9250.0,4151.26,364.258,11.3965,0.000243936,0.19644,0,611.666808,5232.9,333.853,15.6743,0.000107731,0.0748594,0,306.3279047,744.531,127.341,5.84675,0.000114775,0.0575566,6,-323.2176106,1225.84,416.77,2.94129,0.000520025,0.159007
234.319313,1,AUTO,ARMED,5,AVAILABLE,UNAVAILABLE,UNAVAILABLE,233,5,ACTIVE,41,E_P3_NEW3-A3.NC,E_P3_NEW3-A3.NC,41429.939,211856.19,5768.7,3370.3872,100,23.28333,52,50,0,4,100,9250.0,4151.26,364.258,11.3965,0.000243936,0.19644,0,610.7126948,5232.9,333.853,15.6743,0.000107731,0.0748594,0,306.4551146,744.531,127.341,5.84675,0.000114775,0.0575566,6,-323.2175992,1225.84,416.77,2.94129,0.000520025,0.159007
234.48408,1,AUTO,ARMED,5,AVAILABLE,UNAVAILABLE,UNAVAILABLE,233,5,ACTIVE,41,E_P3_NEW3-A3.NC,E_P3_NEW3-A3.NC,41429.939,211856.19,5768.7,3370.3872,100,23.28333,52,50,0,4,100,9250.0,4151.26,364.258,11.3965,0.000243936,0.19644,2,605.9144499,5232.9,333.853,15.6743,0.000107731,0.0748594,0,306.4549287,744.531,127.341,5.84675,0.000114775,0.0575566,6,-323.2175992,1225.84,416.77,2.94129,0.000520025,0.159007
234.645271,1,AUTO,ARMED,5,AVAILABLE,UNAVAILABLE,UNAVAILABLE,233,5,ACTIVE,41,E_P3_NEW3-A3.NC,E_P3_NEW3-A3.NC,41429.939,211856.19,5768.7,3370.3872,100,23.28333,53,50,0,4,100,9250.0,4151.26,364.258,11.3965,0.000243936,0.19644,0,603.5223654,5232.9,333.853,15.6743,0.000107731,0.0748594,0,306.4549144,744.531,127.341,5.84675,0.000114775,0.0575566,6,-323.2175878,1225.84,416.77,2.94129,0.000520025,0.159007
234.794442,1,AUTO,ARMED,5,AVAILABLE,UNAVAILABLE,UNAVAILABLE,233,5,ACTIVE,41,E_P3_NEW3-A3.NC,E_P3_NEW3-A3.NC,41429.939,211856.19,5768.7,3370.3872,100,23.28333,53,50,0,4,100,9250.0,4151.26,364.258,11.3965,0.000243936,0.19644,0,598.7197568,5232.9,333.853,15.6743,0.000107731,0.0748594,0,306.4545996,744.531,127.341,5.84675,0.000114775,0.0575566,6,-323.2175992,1225.84,416.77,2.94129,0.000520025,0.159007
234.933701,1,AUTO,ARMED,5,AVAILABLE,UNAVAILABLE,UNAVAILABLE,233,5,ACTIVE,41,E_P3_NEW3-A3.NC,E_P3_NEW3-A3.NC,41429.939,211856.19,5768.7,3370.3872,100,23.28333,53,50,0,4,100,9250.0,11254.0,2739.27,4.10839,0.000457324,0.634065,0,597.5208534,12098.1,2139.3,5.65517,0.000205921,0.208749,0,306.4547284,2858.04,1093.23,2.61431,9.2511e-05,0.154416,6,-323.2176106,6609.93,1969.59,3.35599,0.000229589,0.439482
235.070714,1,AUTO,ARMED,5,AVAILABLE,UNAVAILABLE,UNAVAILABLE,233,5,ACTIVE,41,E_P3_NEW3-A3.NC,E_P3_NEW3-A3.NC,41429.939,211856.19,5768.7,3370.3872,100,23.28333,53,50,0,10,100,9250.0,11254.0,2739.27,4.10839,0.000457324,0.634065,0,595.1226677,12098.1,2139.3,5.65517,0.000205921,0.208749,0,306.45485,2858.04,1093.23,2.61431,9.2511e-05,0.154416,6,-323.2176106,6609.93,1969.59,3.35599,0.000229589,0.439482
235.210263,1,AUTO,ARMED,5,AVAILABLE,UNAVAILABLE,UNAVAILABLE,233,5,ACTIVE,41,E_P3_NEW3-A3.NC,E_P3_NEW3-A3.NC,41429.939,211856.19,5768.7,4235.6353,100,23.28333,53,50,0,10,100,9250.0,11254.0,2739.27,4.10839,0.000457324,0.634065,0,590.3262461,12098.1,2139.3,5.65517,0.000205921,0.208749,0,306.4549072,2858.04,1093.23,2.61431,9.2511e-05,0.154416,6,-323.2175992,6609.93,1969.59,3.35599,0.000229589,0.439482
235.353199,1,AUTO,ARMED,5,AVAILABLE,UNAVAILABLE,UNAVAILABLE,233,5,ACTIVE,41,E_P3_NEW3-A3.NC,E_P3_NEW3-A3.NC,41429.939,211856.19,5768.7,4235.6353,100,23.28333,53,50,0,10,100,9250.0,11254.0,2739.27,4.10839,0.000457324,0.634065,0,587.9281963,12098.1,2139.3,5.65517,0.000205921,0.208749,0,306.4549215,2858.04,1093.23,2.61431,9.2511e-05,0.154416,6,-323.2175992,6609.93,1969.59,3.35599,0.000229589,0.439482
235.500246,1,AUTO,ARMED,5,AVAILABLE,UNAVAILABLE,UNAVAILABLE,233,5,ACTIVE,41,E_P3_NEW3-A3.NC,E_P3_NEW3-A3.NC,41429.939,211856.19,5768.7,4235.6353,100,23.28333,53,50,0,9,100,9250.0,11254.0,2739.27,4.10839,0.000457324,0.634065,0,585.5301321,12098.1,2139.3,5.65517,0.000205921,0.208749,0,306.4549215,2858.04,1093.23,2.61431,9.2511e-05,0.154416,6,-323.2175878,6609.93,1969.59,3.35599,0.000229589,0.439482
235.652624,1,AUTO,ARMED,5,AVAILABLE,UNAVAILABLE,UNAVAILABLE,233,5,ACTIVE,41,E_P3_NEW3-A3.NC,E_P3_NEW3-A3.NC,41429.939,211856.19,5768.7,4235.6353,100,23.28333,54,50,0,8,100,9250.0,11254.0,2739.27,4.10839,0.000457324,0.634065,0,580.7278044,12098.1,2139.3,5.65517,0.000205921,0.208749,0,306.4549001,2858.04,1093.23,2.61431,9.2511e-05,0.154416,6,-323.2175992,6609.93,1969.59,3.35599,0.000229589,0.439482
235.811676,1,AUTO,ARMED,5,AVAILABLE,UNAVAILABLE,UNAVAILABLE,233,5,ACTIVE,41,E_P3_NEW3-A3.NC,E_P3_NEW3-A3.NC,41429.939,211856.19,5768.7,4235.6353,100,23.28333,54,50,0,8,100,9250.0,11254.0,2739.27,4.10839,0.000457324,0.634065,0,580.7278044,12098.1,2139.3,5.65517,0.000205921,0.208749,0,306.4549001,2858.04,1093.23,2.61431,9.2511e-05,0.154416,6,-323.2175992,6609.93,1969.59,3.35599,0.000229589,0.439482
235.960523,1,AUTO,ARMED,5,AVAILABLE,UNAVAILABLE,UNAVAILABLE,233,5,ACTIVE,41,E_P3_NEW3-A3.NC,E_P3_NEW3-A3.NC,41429.939,211856.19,5768.7,4235.6353,100,23.28333,54,50,0,8,100,9250.0,11134.0,2823.95,3.9427,0.000435638,0.636466,0,573.5333528,12146.1,2778.93,4.37078,0.000227713,0.293106,0,306.4548929,2954.11,1112.86,2.65452,7.42059e-05,0.146959,6,-323.2176106,6778.19,2142.97,3.16299,0.000223042,0.47936
236.107,1,AUTO,ARMED,5,AVAILABLE,UNAVAILABLE,UNAVAILABLE,233,5,ACTIVE,41,E_P3_NEW3-A3.NC,E_P3_NEW3-A3.NC,41429.939,211856.19,5768.7,4235.6353,100,23.28333,54,50,0,9,100,9250.0,11134.0,2823.95,3.9427,0.000435638,0.636466,0,568.7311055,12146.1,2778.93,4.37078,0.000227713,0.293106,0,306.4549001,2954.11,1112.86,2.65452,7.42059e-05,0.146959,6,-323.2175878,6778.19,2142.97,3.16299,0.000223042,0.47936
236.248979,1,AUTO,ARMED,5,AVAILABLE,UNAVAILABLE,UNAVAILABLE,233,5,ACTIVE,41,E_P3_NEW3-A3.NC,E_P3_NEW3-A3.NC,41429.939,211856.19,5768.7,4235.6353,100,23.28333,54,50,0,9,100,9250.0,11134.0,2823.95,3.9427,0.000435638,0.636466,0,566.3388297,12146.1,2778.93,4.37078,0.000227713,0.293106,0,306.4549072,2954.11,1112.86,2.65452,7.42059e-05,0.146959,6,-323.2175992,6778.19,2142.97,3.16299,0.000223042,0.47936
236.393065,1,AUTO,ARMED,5,AVAILABLE,UNAVAILABLE,UNAVAILABLE,233,5,ACTIVE,41,E_P3_NEW3-A3.NC,E_P3_NEW3-A3.NC,41429.939,211856.19,5768.7,4317.3735,100,23.28333,54,50,0,9,100,9250.0,11134.0,2823.95,3.9427,0.000435638,0.636466,0,563.9405456,12146.1,2778.93,4.37078,0.000227713,0.293106,0,306.4549072,2954.11,1112.86,2.65452,7.42059e-05,0.146959,6,-323.2175992,6778.19,2142.97,3.16299,0.000223042,0.47936
236.537788,1,AUTO,ARMED,5,AVAILABLE,UNAVAILABLE,UNAVAILABLE,233,5,ACTIVE,41,E_P3_NEW3-A3.NC,E_P3_NEW3-A3.NC,41429.939,211856.19,5768.7,4317.3735,100,23.28333,55,50,0,8,100,9250.0,11134.0,2823.95,3.9427,0.000435638,0.636466,0,559.1444496,12146.1,2778.93,4.37078,0.000227713,0.293106,0,306.4549001,2954.11,1112.86,2.65452,7.42059e-05,0.146959,6,-323.2176106,6778.19,2142.97,3.16299,0.000223042,0.47936
236.680577,1,AUTO,ARMED,5,AVAILABLE,UNAVAILABLE,UNAVAILABLE,233,5,ACTIVE,41,E_P3_NEW3-A3.NC,E_P3_NEW3-A3.NC,41429.939,211856.19,5768.7,4317.3735,100,23.28333,55,50,0,8,100,9250.0,11134.0,2823.95,3.9427,0.000435638,0.636466,0,554.353516,12146.1,2778.93,4.37078,0.000227713,0.293106,0,306.4548929,2954.11,1112.86,2.65452,7.42059e-05,0.146959,6,-323.2175878,6778.19,2142.97,3.16299,0.000223042,0.47936
236.817249,1,AUTO,ARMED,5,AVAILABLE,UNAVAILABLE,UNAVAILABLE,233,5,ACTIVE,41,E_P3_NEW3-A3.NC,E_P3_NEW3-A3.NC,41429.939,211856.19,5768.7,4317.3735,100,23.28333,55,50,0,9,100,9250.0,11134.0,2823.95,3.9427,0.000435638,0.636466,0,553.1487998,12146.1,2778.93,4.37078,0.000227713,0.293106,0,306.4549001,2954.11,1112.86,2.65452,7.42059e-05,0.146959,6,-323.2176106,6778.19,2142.97,3.16299,0.000223042,0.47936
236.9841,1,AUTO,ARMED,5,AVAILABLE,UNAVAILABLE,UNAVAILABLE,233,5,ACTIVE,41,E_P3_NEW3-A3.NC,E_P3_NEW3-A3.NC,41429.939,211856.19,5768.7,4317.3735,100,23.28333,55,50,0,8,100,9250.0,11637.9,385.871,30.1601,0.000238206,0.210509,0,548.352444,14138.4,308.078,45.8923,0.000143624,0.106689,0,306.4549144,2930.09,146.258,20.0337,0.000112954,0.0642171,6,-323.2175878,6561.86,470.482,13.9471,0.000244502,0.148379
237.126562,1,AUTO,ARMED,5,AVAILABLE,UNAVAILABLE,UNAVAILABLE,233,5,ACTIVE,41,E_P3_NEW3-A3.NC,E_P3_NEW3-A3.NC,41429.939,211856.19,5768.7,4317.3735,100,23.28333,55,50,0,8,100,9250.0,11637.9,385.871,30.1601,0.000238206,0.210509,0,545.9601489,14138.4,308.078,45.8923,0.000143624,0.106689,0,306.4549144,2930.09,146.258,20.0337,0.000112954,0.0642171,6,-323.2176106,6561.86,470.482,13.9471,0.000244502,0.148379
237.275536,1,AUTO,ARMED,5,AVAILABLE,UNAVAILABLE,UNAVAILABLE,233,5,ACTIVE,41,E_P3_NEW3-A3.NC,E_P3_NEW3-A3.NC,41429.939,211856.19,5768.7,4317.3735,100,23.28333,55,50,0,8,100,9250.0,11637.9,385.871,30.1601,0.000238206,0.210509,0,543.5561382,14138.4,308.078,45.8923,0.000143624,0.106689,0,306.4550288,2930.09,146.258,20.0337,0.000112954,0.0642171,6,-323.2176106,6561.86,470.482,13.9471,0.000244502,0.148379
237.416281,1,AUTO,ARMED,5,AVAILABLE,UNAVAILABLE,UNAVAILABLE,233,5,ACTIVE,41,E_P3_NEW3-A3.NC,E_P3_NEW3-A3.NC,41429.939,211856.19,5768.7,3367.811,100,23.28333,55,50,0,3,100,9250.0,11637.9,385.871,30.1601,0.000238206,0.210509,1,538.7653255,14138.4,308.078,45.8923,0.000143624,0.106689,0,306.4549644,2930.09,146.258,20.0337,0.000112954,0.0642171,6,-323.2176106,6561.86,470.482,13.9471,0.000244502,0.148379
237.552641,1,AUTO,ARMED,5,AVAILABLE,UNAVAILABLE,UNAVAILABLE,233,5,ACTIVE,41,E_P3_NEW3-A3.NC,E_P3_NEW3-A3.NC,41429.939,211856.19,5768.7,3367.811,100,23.28333,56,50,0,2,100,9250.0,11637.9,385.871,30.1601,0.000238206,0.210509,0,536.3613576,14138.4,308.078,45.8923,0.000143624,0.106689,0,306.4549215,2930.09,146.258,20.0337,0.000112954,0.0642171,6,-323.2175992,6561.86,470.482,13.9471,0.000244502,0.148379
237.70057,1,AUTO,ARMED,5,AVAILABLE,UNAVAILABLE,UNAVAILABLE,233,5,ACTIVE,41,E_P3_NEW3-A3.NC,E_P3_NEW3-A3.NC,41429.939,211856.19,5768.7,3367.811,100,23.28333,56,50,0,2,100,9250.0,11637.9,385.871,30.1601,0.000238206,0.210509,0,533.9635481,14138.4,308.078,45.8923,0.000143624,0.106689,0,306.4549144,2930.09,146.258,20.0337,0.000112954,0.0642171,6,-323.2175992,6561.86,470.482,13.9471,0.000244502,0.148379
237.846213,1,AUTO,ARMED,5,AVAILABLE,UNAVAILABLE,UNAVAILABLE,233,5,ACTIVE,41,E_P3_NEW3-A3.NC,E_P3_NEW3-A3.NC,41429.939,211856.19,5768.7,3367.811,100,23.28333,56,50,0,2,100,9250.0,11637.9,385.871,30.1601,0.000238206,0.210509,1,531.5652268,14138.4,308.078,45.8923,0.000143624,0.106689,0,306.4549001,2930.09,146.258,20.0337,0.000112954,0.0642171,6,-323.2175992,6561.86,470.482,13.9471,0.000244502,0.148379
237.988738,1,AUTO,ARMED,5,AVAILABLE,UNAVAILABLE,UNAVAILABLE,234,5,ACTIVE,41,E_P3_NEW3-A3.NC,E_P3_NEW3-A3.NC,41429.939,211856.19,5768.7,3367.811,100,0.0,56,50,0,4,100,9250.0,4151.26,385.707,10.7627,0.000239303,0.197081,0,530.3866989,1104.19,101.408,10.8886,9.45658e-05,0.0521379,0,306.4548929,768.549,128.311,5.98974,7.27696e-05,0.0570997,6,-323.2175992,1370.06,426.595,3.21162,0.000220229,0.137411
238.147546,1,AUTO,ARMED,5,AVAILABLE,UNAVAILABLE,UNAVAILABLE,234,5,ACTIVE,41,E_P3_NEW3-A3.NC,E_P3_NEW3-A3.NC,41429.939,211856.19,5768.7,3367.811,100,0.0,56,50,0,4,100,9250.0,4151.26,385.707,10.7627,0.000239303,0.197081,0,530.3867132,1104.19,101.408,10.8886,9.45658e-05,0.0521379,0,306.4549001,768.549,128.311,5.98974,7.27696e-05,0.0570997,6,-323.2176106,1370.06,426.595,3.21162,0.000220229,0.137411
238.295517,1,AUTO,ARMED,5,AVAILABLE,UNAVAILABLE,UNAVAILABLE,234,5,ACTIVE,41,E_P3_NEW3-A3.NC,E_P3_NEW3-A3.NC,41429.939,211856.19,5768.7,3367.811,100,0.0,56,50,0,3,100,9250.0,4151.26,385.707,10.7627,0.000239303,0.197081,0,530.3867347,1104.19,101.408,10.8886,9.45658e-05,0.0521379,0,306.4549001,768.549,128.311,5.98974,7.27696e-05,0.0570997,6,-323.2175992,1370.06,426.595,3.21162,0.000220229,0.137411
238.438648,1,AUTO,ARMED,5,AVAILABLE,UNAVAILABLE,UNAVAILABLE,234,5,ACTIVE,41,E_P3_NEW3-A3.NC,E_P3_NEW3-A3.NC,41429.939,211856.19,5768.7,3359.1782,100,0.0,56,50,0,4,100,9250.0,4151.26,385.707,10.7627,0.000239303,0.197081,0,530.3867633,1104.19,101.408,10.8886,9.45658e-05,0.0521379,0,306.4549001,768.549,128.311,5.98974,7.27696e-05,0.0570997,6,-323.2175992,1370.06,426.595,3.21162,0.000220229,0.137411
238.581001,1,AUTO,ARMED,5,AVAILABLE,UNAVAILABLE,UNAVAILABLE,234,5,ACTIVE,41,E_P3_NEW3-A3.NC,E_P3_NEW3-A3.NC,41429.939,211856.19,5768.7,3359.1782,100,0.0,57,50,0,3,100,9250.0,4151.26,385.707,10.7627,0.000239303,0.197081,0,530.3867704,1104.19,101.408,10.8886,9.45658e-05,0.0521379,0,306.4549001,768.549,128.311,5.98974,7.27696e-05,0.0570997,6,-323.2175992,1370.06,426.595,3.21162,0.000220229,0.137411
238.734534,1,AUTO,ARMED,5,AVAILABLE,UNAVAILABLE,UNAVAILABLE,234,5,ACTIVE,41,E_P3_NEW3-A3.NC,E_P3_NEW3-A3.NC,41429.939,211856.19,5768.7,3359.1782,100,0.0,57,50,0,4,100,9250.0,4151.26,385.707,10.7627,0.000239303,0.197081,0,530.3867847,1104.19,101.408,10.8886,9.45658e-05,0.0521379,0,306.4549001,768.549,128.311,5.98974,7.27696e-05,0.0570997,6,-323.2175992,1370.06,426.595,3.21162,0.000220229,0.137411
238.884972,1,AUTO,ARMED,5,AVAILABLE,UNAVAILABLE,UNAVAILABLE,237,5,ACTIVE,41,E_P3_NEW3-A3.NC,E_P3_NEW3-A3.NC,41429.939,211856.19,5768.7,3359.1782,100,0.0,57,50,0,4,100,9250.0,4151.26,385.707,10.7627,0.000239303,0.197081,0,530.3867919,1104.19,101.408,10.8886,9.45658e-05,0.0521379,0,306.5831758,768.549,128.311,5.98974,7.27696e-05,0.0570997,6,-323.2175992,1370.06,426.595,3.21162,0.000220229,0.137411
239.029733,1,AUTO,ARMED,5,AVAILABLE,UNAVAILABLE,UNAVAILABLE,238,5,ACTIVE,41,E_P3_NEW3-A3.NC,E_P3_NEW3-A3.NC,41429.939,211856.19,5768.7,3359.1782,100,0.0,57,50,0,4,100,9250.0,4151.26,385.707,10.7627,0.000239303,0.197081,0,530.386799,1104.19,101.408,10.8886,9.45658e-05,0.0521379,0,306.5820242,768.549,128.311,5.98974,7.27696e-05,0.0570997,6,-323.2175992,1370.06,426.595,3.21162,0.000220229,0.137411
239.168632,1,AUTO,ARMED,5,AVAILABLE,UNAVAILABLE,UNAVAILABLE,238,5,ACTIVE,41,E_P3_NEW3-A3.NC,E_P3_NEW3-A3.NC,41429.939,211856.19,5768.7,3359.1782,100,0.0,57,50,0,4,100,9250.0,4127.27,359.043,11.4952,0.000230175,0.202201,0,530.3867919,1176.2,99.587,11.8108,0.000130155,0.0574,0,306.5819026,696.496,94.7007,7.35471,9.50573e-05,0.0554305,6,-323.2175992,1297.95,423.848,3.0623,0.000214036,0.137114
239.3164,1,AUTO,ARMED,5,AVAILABLE,UNAVAILABLE,UNAVAILABLE,238,5,ACTIVE,41,E_P3_NEW3-A3.NC,E_P3_NEW3-A3.NC,41429.939,211856.19,5768.7,3359.1782,100,0.0,57,50,0,4,100,9250.0,4127.27,359.043,11.4952,0.000230175,0.202201,0,530.3867919,1176.2,99.587,11.8108,0.000130155,0.0574,0,306.5818954,696.496,94.7007,7.35471,9.50573e-05,0.0554305,6,-323.2175992,1297.95,423.848,3.0623,0.000214036,0.137114
239.454419,1,AUTO,ARMED,5,AVAILABLE,UNAVAILABLE,UNAVAILABLE,238,5,ACTIVE,41,E_P3_NEW3-A3.NC,E_P3_NEW3-A3.NC,41429.939,211856.19,5768.7,3359.1782,100,0.0,57,50,0,4,100,9250.0,4127.27,359.043,11.4952,0.000230175,0.202201,0,530.386799,1176.2,99.587,11.8108,0.000130155,0.0574,0,306.5819026,696.496,94.7007,7.35471,9.50573e-05,0.0554305,6,-323.2175992,1297.95,423.848,3.0623,0.000214036,0.137114
239.592176,1,AUTO,ARMED,5,AVAILABLE,UNAVAILABLE,UNAVAILABLE,238,5,ACTIVE,41,E_P3_NEW3-A3.NC,E_P3_NEW3-A3.NC,41429.939,211856.19,5768.7,3374.4211,100,0.0,58,50,0,4,100,9250.0,4127.27,359.043,11.4952,0.000230175,0.202201,0,530.386799,1176.2,99.587,11.8108,0.000130155,0.0574,0,306.5819097,696.496,94.7007,7.35471,9.50573e-05,0.0554305,6,-323.2175992,1297.95,423.848,3.0623,0.000214036,0.137114
239.736431,1,AUTO,ARMED,5,AVAILABLE,UNAVAILABLE,UNAVAILABLE,238,5,ACTIVE,41,E_P3_NEW3-A3.NC,E_P3_NEW3-A3.NC,41429.939,211856.19,5768.7,3374.4211,100,0.0,58,50,0,3,100,9250.0,4127.27,359.043,11.4952,0.000230175,0.202201,0,530.386799,1176.2,99.587,11.8108,0.000130155,0.0574,0,306.5819026,696.496,94.7007,7.35471,9.50573e-05,0.0554305,6,-323.2175992,1297.95,423.848,3.0623,0.000214036,0.137114
239.892394,1,AUTO,ARMED,5,AVAILABLE,UNAVAILABLE,UNAVAILABLE,238,5,ACTIVE,41,E_P3_NEW3-A3.NC,E_P3_NEW3-A3.NC,41429.939,211856.19,5768.7,3374.4211,100,0.0,58,50,0,3,100,9250.0,4127.27,359.043,11.4952,0.000230175,0.202201,0,530.386799,1176.2,99.587,11.8108,0.000130155,0.0574,0,306.5819026,696.496,94.7007,7.35471,9.50573e-05,0.0554305,6,-323.2175992,1297.95,423.848,3.0623,0.000214036,0.137114
240.047843,1,AUTO,ARMED,5,AVAILABLE,UNAVAILABLE,UNAVAILABLE,239,5,ACTIVE,41,E_P3_NEW3-A3.NC,E_P3_NEW3-A3.NC,41429.939,211856.19,5768.7,3374.4211,100,27.51667,58,50,0,3,100,9250.0,4127.27,359.043,11.4952,0.000230175,0.202201,1,532.7645853,1176.2,99.587,11.8108,0.000130155,0.0574,0,306.5818954,696.496,94.7007,7.35471,9.50573e-05,0.0554305,6,-323.2175992,1297.95,423.848,3.0623,0.000214036,0.137114
240.201433,1,AUTO,ARMED,5,AVAILABLE,UNAVAILABLE,UNAVAILABLE,239,5,ACTIVE,41,E_P3_NEW3-A3.NC,E_P3_NEW3-A3.NC,41429.939,211856.19,5768.7,3374.4211,100,27.51667,58,50,0,3,100,9250.0,14205.5,4390.25,3.23569,0.000443989,0.865725,1,535.5900701,15218.6,2891.43,5.26335,0.000203838,0.269507,0,306.5818954,4154.97,1393.32,2.98206,8.32039e-05,0.192273,6,-323.2175992,10575.9,2715.79,3.89423,0.000330357,0.673921
240.34281,1,AUTO,ARMED,5,AVAILABLE,UNAVAILABLE,UNAVAILABLE,239,5,ACTIVE,41,E_P3_NEW3-A3.NC,E_P3_NEW3-A3.NC,41429.939,211856.19,5768.7,3374.4211,100,27.51667,58,50,0,4,100,9250.0,14205.5,4390.25,3.23569,0.000443989,0.865725,0,541.2653924,15218.6,2891.43,5.26335,0.000203838,0.269507,0,306.5819026,4154.97,1393.32,2.98206,8.32039e-05,0.192273,6,-323.2175992,10575.9,2715.79,3.89423,0.000330357,0.673921
240.502707,1,AUTO,ARMED,5,AVAILABLE,UNAVAILABLE,UNAVAILABLE,239,5,ACTIVE,41,E_P3_NEW3-A3.NC,E_P3_NEW3-A3.NC,41429.939,211856.19,5768.7,3374.4211,100,27.51667,59,50,0,8,100,9250.0,14205.5,4390.25,3.23569,0.000443989,0.865725,0,546.9268962,15218.6,2891.43,5.26335,0.000203838,0.269507,0,306.5818167,4154.97,1393.32,2.98206,8.32039e-05,0.192273,6,-323.2175992,10575.9,2715.79,3.89423,0.000330357,0.673921
240.641418,1,AUTO,ARMED,5,AVAILABLE,UNAVAILABLE,UNAVAILABLE,239,5,ACTIVE,41,E_P3_NEW3-A3.NC,E_P3_NEW3-A3.NC,41429.939,211856.19,5768.7,4562.0928,100,27.51667,59,50,0,11,100,9250.0,14205.5,4390.25,3.23569,0.000443989,0.865725,1,549.7748247,15218.6,2891.43,5.26335,0.000203838,0.269507,0,306.5818811,4154.97,1393.32,2.98206,8.32039e-05,0.192273,6,-323.2175992,10575.9,2715.79,3.89423,0.000330357,0.673921
240.782256,1,AUTO,ARMED,5,AVAILABLE,UNAVAILABLE,UNAVAILABLE,239,5,ACTIVE,41,E_P3_NEW3-A3.NC,E_P3_NEW3-A3.NC,41429.939,211856.19,5768.7,4562.0928,100,27.51667,59,50,0,12,100,9250.0,14205.5,4390.25,3.23569,0.000443989,0.865725,1,551.1850955,15218.6,2891.43,5.26335,0.000203838,0.269507,0,306.5818954,4154.97,1393.32,2.98206,8.32039e-05,0.192273,6,-323.2175992,10575.9,2715.79,3.89423,0.000330357,0.673921
240.923913,1,AUTO,ARMED,5,AVAILABLE,UNAVAILABLE,UNAVAILABLE,239,5,ACTIVE,41,E_P3_NEW3-A3.NC,E_P3_NEW3-A3.NC,41429.939,211856.19,5768.7,4562.0928,100,27.51667,59,50,0,11,100,9250.0,14205.5,4390.25,3.23569,0.000443989,0.865725,1,556.8537231,15218.6,2891.43,5.26335,0.000203838,0.269507,0,306.5819026,4154.97,1393.32,2.98206,8.32039e-05,0.192273,6,-323.2175878,10575.9,2715.79,3.89423,0.000330357,0.673921
241.071239,1,AUTO,ARMED,5,AVAILABLE,UNAVAILABLE,UNAVAILABLE,239,5,ACTIVE,41,E_P3_NEW3-A3.NC,E_P3_NEW3-A3.NC,41429.939,211856.19,5768.7,4562.0928,100,27.51667,59,50,0,11,100,9250.0,14205.5,4390.25,3.23569,0.000443989,0.865725,1,556.8537231,15218.6,2891.43,5.26335,0.000203838,0.269507,0,306.5819026,4154.97,1393.32,2.98206,8.32039e-05,0.192273,6,-323.2175878,10575.9,2715.79,3.89423,0.000330357,0.673921
241.235532,1,AUTO,ARMED,5,AVAILABLE,UNAVAILABLE,UNAVAILABLE,239,5,ACTIVE,41,E_P3_NEW3-A3.NC,E_P3_NEW3-A3.NC,41429.939,211856.19,5768.7,4562.0928,100,27.51667,59,50,0,9,100,9250.0,15477.3,4944.85,3.12998,0.000422247,0.975682,1,565.356193,14906.6,1871.76,7.96395,0.0002172,0.264385,0,306.5818954,3770.69,1461.45,2.5801,0.000129844,0.21099,6,-323.2175878,10023.1,2661.37,3.76614,0.00030394,0.651058
241.386814,1,AUTO,ARMED,5,AVAILABLE,UNAVAILABLE,UNAVAILABLE,239,5,ACTIVE,41,E_P3_NEW3-A3.NC,E_P3_NEW3-A3.NC,41429.939,211856.19,5768.7,4562.0928,100,27.51667,59,50,0,9,100,9250.0,15477.3,4944.85,3.12998,0.000422247,0.975682,1,568.1972429,14906.6,1871.76,7.96395,0.0002172,0.264385,0,306.5818954,3770.69,1461.45,2.5801,0.000129844,0.21099,6,-323.2175992,10023.1,2661.37,3.76614,0.00030394,0.651058
241.527722,1,AUTO,ARMED,5,AVAILABLE,UNAVAILABLE,UNAVAILABLE,239,5,ACTIVE,41,E_P3_NEW3-A3.NC,E_P3_NEW3-A3.NC,41429.939,211856.19,5768.7,4562.0928,100,27.51667,0,50,0,9,100,9250.0,15477.3,4944.85,3.12998,0.000422247,0.975682,1,571.0314407,14906.6,1871.76,7.96395,0.0002172,0.264385,0,306.5819097,3770.69,1461.45,2.5801,0.000129844,0.21099,6,-323.2175992,10023.1,2661.37,3.76614,0.00030394,0.651058
241.686785,1,AUTO,ARMED,5,AVAILABLE,UNAVAILABLE,UNAVAILABLE,239,5,ACTIVE,41,E_P3_NEW3-A3.NC,E_P3_NEW3-A3.NC,41429.939,211856.19,5768.7,4494.3682,100,27.51667,0,50,0,10,100,9250.0,15477.3,4944.85,3.12998,0.000422247,0.975682,1,579.5411292,14906.6,1871.76,7.96395,0.0002172,0.264385,0,306.5819097,3770.69,1461.45,2.5801,0.000129844,0.21099,6,-323.2176221,10023.1,2661.37,3.76614,0.00030394,0.651058
241.848738,1,AUTO,ARMED,5,AVAILABLE,UNAVAILABLE,UNAVAILABLE,239,5,ACTIVE,41,E_P3_NEW3-A3.NC,E_P3_NEW3-A3.NC,41429.939,211856.19,5768.7,4494.3682,100,27.51667,0,50,0,9,100,9250.0,15477.3,4944.85,3.12998,0.000422247,0.975682,1,582.3682675,14906.6,1871.76,7.96395,0.0002172,0.264385,0,306.5818954,3770.69,1461.45,2.5801,0.000129844,0.21099,6,-323.2175992,10023.1,2661.37,3.76614,0.00030394,0.651058
241.992272,1,AUTO,ARMED,5,AVAILABLE,UNAVAILABLE,UNAVAILABLE,239,5,ACTIVE,41,E_P3_NEW3-A3.NC,E_P3_NEW3-A3.NC,41429.939,211856.19,5768.7,4494.3682,100,27.51667,0,50,0,9,100,9250.0,15477.3,4944.85,3.12998,0.000422247,0.975682,1,588.0437034,14906.6,1871.76,7.96395,0.0002172,0.264385,0,306.5818954,3770.69,1461.45,2.5801,0.000129844,0.21099,6,-323.2175992,10023.1,2661.37,3.76614,0.00030394,0.651058
242.136545,1,AUTO,ARMED,5,AVAILABLE,UNAVAILABLE,UNAVAILABLE,239,5,ACTIVE,41,E_P3_NEW3-A3.NC,E_P3_NEW3-A3.NC,41429.939,211856.19,5768.7,4494.3682,100,27.51667,0,50,0,9,100,9250.0,15477.3,4944.85,3.12998,0.000422247,0.975682,1,590.8781641,14906.6,1871.76,7.96395,0.0002172,0.264385,0,306.5819026,3770.69,1461.45,2.5801,0.000129844,0.21099,6,-323.2175992,10023.1,2661.37,3.76614,0.00030394,0.651058
242.281405,1,AUTO,ARMED,5,AVAILABLE,UNAVAILABLE,UNAVAILABLE,239,5,ACTIVE,41,E_P3_NEW3-A3.NC,E_P3_NEW3-A3.NC,41429.939,211856.19,5768.7,4494.3682,100,27.51667,0,50,0,10,100,9250.0,15837.2,374.832,42.2515,0.000233555,0.192924,0,593.705172,13298.3,255.409,52.0667,0.000120291,0.105656,0,306.5819097,3674.62,130.699,28.1151,8.2399e-05,0.0596682,6,-323.2175878,9422.16,433.336,21.7433,0.000197272,0.148176
242.421533,1,AUTO,ARMED,5,AVAILABLE,UNAVAILABLE,UNAVAILABLE,239,5,ACTIVE,41,E_P3_NEW3-A3.NC,E_P3_NEW3-A3.NC,41429.939,211856.19,5768.7,4494.3682,100,27.51667,0,50,0,10,100,9250.0,15837.2,374.832,42.2515,0.000233555,0.192924,0,596.553251,13298.3,255.409,52.0667,0.000120291,0.105656,0,306.5818954,3674.62,130.699,28.1151,8.2399e-05,0.0596682,6,-323.2175878,9422.16,433.336,21.7433,0.000197272,0.148176
242.565512,1,AUTO,ARMED,5,AVAILABLE,UNAVAILABLE,UNAVAILABLE,239,5,ACTIVE,41,E_P3_NEW3-A3.NC,E_P3_NEW3-A3.NC,41429.939,211856.19,5768.7,4494.3682,100,27.51667,1,50,0,7,100,9250.0,15837.2,374.832,42.2515,0.000233555,0.192924,1,602.2148698,13298.3,255.409,52.0667,0.000120291,0.105656,0,306.5820385,3674.62,130.699,28.1151,8.2399e-05,0.0596682,6,-323.2176106,9422.16,433.336,21.7433,0.000197272,0.148176
242.717403,1,AUTO,ARMED,5,AVAILABLE,UNAVAILABLE,UNAVAILABLE,239,5,ACTIVE,41,E_P3_NEW3-A3.NC,E_P3_NEW3-A3.NC,41429.939,211856.19,5768.7,4494.3682,100,27.51667,1,50,0,4,100,9250.0,15837.2,374.832,42.2515,0.000233555,0.192924,0,603.6318642,13298.3,255.409,52.0667,0.000120291,0.105656,0,306.5819884,3674.62,130.699,28.1151,8.2399e-05,0.0596682,6,-323.2176106,9422.16,433.336,21.7433,0.000197272,0.148176
242.862659,1,AUTO,ARMED,5,AVAILABLE,UNAVAILABLE,UNAVAILABLE,239,5,ACTIVE,41,E_P3_NEW3-A3.NC,E_P3_NEW3-A3.NC,41429.939,211856.19,5768.7,3239.0823,100,27.51667,1,50,0,2,100,9250.0,15837.2,374.832,42.2515,0.000233555,0.192924,0,606.4728766,13298.3,255.409,52.0667,0.000120291,0.105656,0,306.581924,3674.62,130.699,28.1151,8.2399e-05,0.0596682,6,-323.2175992,9422.16,433.336,21.7433,0.000197272,0.148176
243.010808,1,AUTO,ARMED,5,AVAILABLE,UNAVAILABLE,UNAVAILABLE,240,5,ACTIVE,41,E_P3_NEW3-A3.NC,E_P3_NEW3-A3.NC,41429.939,211856.19,5768.7,3239.0823,100,13.75,1,50,0,2,100,9250.0,15837.2,374.832,42.2515,0.000233555,0.192924,0,611.6657852,13298.3,255.409,52.0667,0.000120291,0.105656,0,306.5819026,3674.62,130.699,28.1151,8.2399e-05,0.0596682,6,-323.2176106,9422.16,433.336,21.7433,0.000197272,0.148176
243.158245,1,AUTO,ARMED,5,AVAILABLE,UNAVAILABLE,UNAVAILABLE,240,5,ACTIVE,41,E_P3_NEW3-A3.NC,E_P3_NEW3-A3.NC,41429.939,211856.19,5768.7,3239.0823,100,0.0,1,50,0,2,100,9250.0,15837.2,374.832,42.2515,0.000233555,0.192924,0,611.6668509,13298.3,255.409,52.0667,0.000120291,0.105656,0,306.5818954,3674.62,130.699,28.1151,8.2399e-05,0.0596682,6,-323.2175992,9422.16,433.336,21.7433,0.000197272,0.148176
243.307435,1,AUTO,ARMED,5,AVAILABLE,UNAVAILABLE,UNAVAILABLE,240,5,ACTIVE,41,E_P3_NEW3-A3.NC,E_P3_NEW3-A3.NC,41429.939,211856.19,5768.7,3239.0823,100,0.0,1,50,0,3,100,9250.0,4079.28,368.135,11.0809,0.000288932,0.198439,0,611.6668724,7249.25,83.3321,86.9923,0.000133937,0.0562411,0,306.5819026,816.583,133.718,6.10675,0.000108357,0.0596107,6,-323.2175992,1346.02,417.735,3.22219,0.000346853,0.14371
243.464509,1,AUTO,ARMED,5,AVAILABLE,UNAVAILABLE,UNAVAILABLE,240,5,ACTIVE,41,E_P3_NEW3-A3.NC,E_P3_NEW3-A3.NC,41429.939,211856.19,5768.7,3239.0823,100,0.0,1,50,0,4,100,9250.0,4079.28,368.135,11.0809,0.000288932,0.198439,0,611.6668438,7249.25,83.3321,86.9923,0.000133937,0.0562411,0,306.5819026,816.583,133.718,6.10675,0.000108357,0.0596107,6,-323.2175992,1346.02,417.735,3.22219,0.000346853,0.14371
243.610783,1,AUTO,ARMED,5,AVAILABLE,UNAVAILABLE,UNAVAILABLE,240,5,ACTIVE,41,E_P3_NEW3-A3.NC,E_P3_NEW3-A3.NC,41429.939,211856.19,5768.7,3239.0823,100,0.0,2,50,0,4,100,9250.0,4079.28,368.135,11.0809,0.000288932,0.198439,0,611.6668295,7249.25,83.3321,86.9923,0.000133937,0.0562411,0,306.5818954,816.583,133.718,6.10675,0.000108357,0.0596107,6,-323.2175992,1346.02,417.735,3.22219,0.000346853,0.14371
243.754502,1,AUTO,ARMED,5,AVAILABLE,UNAVAILABLE,UNAVAILABLE,240,5,ACTIVE,41,E_P3_NEW3-A3.NC,E_P3_NEW3-A3.NC,41429.939,211856.19,5768.7,3239.0823,100,0.0,2,50,0,4,100,9250.0,4079.28,368.135,11.0809,0.000288932,0.198439,0,611.6668223,7249.25,83.3321,86.9923,0.000133937,0.0562411,0,306.5818954,816.583,133.718,6.10675,0.000108357,0.0596107,6,-323.2175992,1346.02,417.735,3.22219,0.000346853,0.14371
243.905398,1,AUTO,ARMED,5,AVAILABLE,UNAVAILABLE,UNAVAILABLE,240,5,ACTIVE,41,E_P3_NEW3-A3.NC,E_P3_NEW3-A3.NC,41429.939,211856.19,5768.7,3638.3972,100,0.0,2,50,0,3,100,9250.0,4079.28,368.135,11.0809,0.000288932,0.198439,0,611.666808,7249.25,83.3321,86.9923,0.000133937,0.0562411,0,306.5819026,816.583,133.718,6.10675,0.000108357,0.0596107,6,-323.2176106,1346.02,417.735,3.22219,0.000346853,0.14371
244.05637,1,AUTO,ARMED,5,AVAILABLE,UNAVAILABLE,UNAVAILABLE,241,5,ACTIVE,41,E_P3_NEW3-A3.NC,E_P3_NEW3-A3.NC,41429.939,211856.19,5768.7,3638.3972,100,0.0,2,50,0,3,100,9250.0,4079.28,368.135,11.0809,0.000288932,0.198439,0,611.4046895,7249.25,83.3321,86.9923,0.000133937,0.0562411,0,306.7092484,816.583,133.718,6.10675,0.000108357,0.0596107,6,-323.2175992,1346.02,417.735,3.22219,0.000346853,0.14371
244.214936,1,AUTO,ARMED,5,AVAILABLE,UNAVAILABLE,UNAVAILABLE,242,5,ACTIVE,41,E_P3_NEW3-A3.NC,E_P3_NEW3-A3.NC,41429.939,211856.19,5768.7,3638.3972,100,27.51667,2,50,0,3,100,9250.0,4079.28,368.135,11.0809,0.000288932,0.198439,0,608.7964686,7249.25,83.3321,86.9923,0.000133937,0.0562411,0,306.7089909,816.583,133.718,6.10675,0.000108357,0.0596107,6,-323.2175878,1346.02,417.735,3.22219,0.000346853,0.14371
244.375153,1,AUTO,ARMED,5,AVAILABLE,UNAVAILABLE,UNAVAILABLE,242,5,ACTIVE,41,E_P3_NEW3-A3.NC,E_P3_NEW3-A3.NC,41429.939,211856.19,5768.7,3638.3972,100,27.51667,2,50,0,3,100,9250.0,11805.9,2860.06,4.12785,0.000425351,0.615827,1,603.1293638,11137.9,2262.11,4.92368,0.000278553,0.239526,0,306.7089122,3386.42,1173.31,2.88621,9.24684e-05,0.160052,6,-323.2175992,6778.19,2153.62,3.14735,0.000221517,0.481946
244.526207,1,AUTO,ARMED,5,AVAILABLE,UNAVAILABLE,UNAVAILABLE,242,5,ACTIVE,41,E_P3_NEW3-A3.NC,E_P3_NEW3-A3.NC,41429.939,211856.19,5768.7,3638.3972,100,27.51667,3,50,0,4,100,9250.0,11805.9,2860.06,4.12785,0.000425351,0.615827,0,597.4606998,11137.9,2262.11,4.92368,0.000278553,0.239526,0,306.7086905,3386.42,1173.31,2.88621,9.24684e-05,0.160052,6,-323.2175992,6778.19,2153.62,3.14735,0.000221517,0.481946
244.672401,1,AUTO,ARMED,5,AVAILABLE,UNAVAILABLE,UNAVAILABLE,242,5,ACTIVE,41,E_P3_NEW3-A3.NC,E_P3_NEW3-A3.NC,41429.939,211856.19,5768.7,3638.3972,100,27.51667,3,50,0,9,100,9250.0,11805.9,2860.06,4.12785,0.000425351,0.615827,0,596.0435838,11137.9,2262.11,4.92368,0.000278553,0.239526,0,306.7087835,3386.42,1173.31,2.88621,9.24684e-05,0.160052,6,-323.2175878,6778.19,2153.62,3.14735,0.000221517,0.481946
244.815029,1,AUTO,ARMED,5,AVAILABLE,UNAVAILABLE,UNAVAILABLE,242,5,ACTIVE,41,E_P3_NEW3-A3.NC,E_P3_NEW3-A3.NC,41429.939,211856.19,5768.7,3638.3972,100,27.51667,3,50,0,10,100,9250.0,11805.9,2860.06,4.12785,0.000425351,0.615827,0,593.2028645,11137.9,2262.11,4.92368,0.000278553,0.239526,0,306.7088836,3386.42,1173.31,2.88621,9.24684e-05,0.160052,6,-323.2176106,6778.19,2153.62,3.14735,0.000221517,0.481946
244.959747,1,AUTO,ARMED,5,AVAILABLE,UNAVAILABLE,UNAVAILABLE,242,5,ACTIVE,41,E_P3_NEW3-A3.NC,E_P3_NEW3-A3.NC,41429.939,211856.19,5768.7,4296.1777,100,27.51667,3,50,0,11,100,9250.0,11805.9,2860.06,4.12785,0.000425351,0.615827,0,587.5411171,11137.9,2262.11,4.92368,0.000278553,0.239526,0,306.7088979,3386.42,1173.31,2.88621,9.24684e-05,0.160052,6,-323.2175992,6778.19,2153.62,3.14735,0.000221517,0.481946
245.100748,1,AUTO,ARMED,5,AVAILABLE,UNAVAILABLE,UNAVAILABLE,242,5,ACTIVE,41,E_P3_NEW3-A3.NC,E_P3_NEW3-A3.NC,41429.939,211856.19,5768.7,4296.1777,100,27.51667,3,50,0,11,100,9250.0,11805.9,2860.06,4.12785,0.000425351,0.615827,0,584.7069281,11137.9,2262.11,4.92368,0.000278553,0.239526,0,306.7089051,3386.42,1173.31,2.88621,9.24684e-05,0.160052,6,-323.2175992,6778.19,2153.62,3.14735,0.000221517,0.481946
245.254698,1,AUTO,ARMED,5,AVAILABLE,UNAVAILABLE,UNAVAILABLE,242,5,ACTIVE,41,E_P3_NEW3-A3.NC,E_P3_NEW3-A3.NC,41429.939,211856.19,5768.7,4296.1777,100,27.51667,3,50,0,9,100,9250.0,11805.9,2860.06,4.12785,0.000425351,0.615827,0,581.8657095,11137.9,2262.11,4.92368,0.000278553,0.239526,0,306.7089051,3386.42,1173.31,2.88621,9.24684e-05,0.160052,6,-323.2175992,6778.19,2153.62,3.14735,0.000221517,0.481946
245.408703,1,AUTO,ARMED,5,AVAILABLE,UNAVAILABLE,UNAVAILABLE,242,5,ACTIVE,41,E_P3_NEW3-A3.NC,E_P3_NEW3-A3.NC,41429.939,211856.19,5768.7,4296.1777,100,27.51667,3,50,0,8,100,9250.0,11829.9,3095.97,3.82106,0.000448372,0.668552,0,573.3562762,15650.7,3147.22,4.97286,0.000248119,0.259879,0,306.7089266,3218.3,1105.21,2.91194,0.000134131,0.154988,6,-323.2175992,6850.3,2143.1,3.19644,0.000235189,0.464934
245.552023,1,AUTO,ARMED,5,AVAILABLE,UNAVAILABLE,UNAVAILABLE,242,5,ACTIVE,41,E_P3_NEW3-A3.NC,E_P3_NEW3-A3.NC,41429.939,211856.19,5768.7,4296.1777,100,27.51667,4,50,0,8,100,9250.0,11829.9,3095.97,3.82106,0.000448372,0.668552,0,570.515154,15650.7,3147.22,4.97286,0.000248119,0.259879,0,306.7089122,3218.3,1105.21,2.91194,0.000134131,0.154988,6,-323.2176106,6850.3,2143.1,3.19644,0.000235189,0.464934
245.700068,1,AUTO,ARMED,5,AVAILABLE,UNAVAILABLE,UNAVAILABLE,242,5,ACTIVE,41,E_P3_NEW3-A3.NC,E_P3_NEW3-A3.NC,41429.939,211856.19,5768.7,4296.1777,100,27.51667,4,50,0,9,100,9250.0,11829.9,3095.97,3.82106,0.000448372,0.668552,0,567.6946455,15650.7,3147.22,4.97286,0.000248119,0.259879,0,306.7088979,3218.3,1105.21,2.91194,0.000134131,0.154988,6,-323.2175992,6850.3,2143.1,3.19644,0.000235189,0.464934
245.852597,1,AUTO,ARMED,5,AVAILABLE,UNAVAILABLE,UNAVAILABLE,242,5,ACTIVE,41,E_P3_NEW3-A3.NC,E_P3_NEW3-A3.NC,41429.939,211856.19,5768.7,4296.1777,100,27.51667,4,50,0,9,100,9250.0,11829.9,3095.97,3.82106,0.000448372,0.668552,0,562.0192533,15650.7,3147.22,4.97286,0.000248119,0.259879,0,306.7088908,3218.3,1105.21,2.91194,0.000134131,0.154988,6,-323.2175992,6850.3,2143.1,3.19644,0.000235189,0.464934
245.998597,1,AUTO,ARMED,5,AVAILABLE,UNAVAILABLE,UNAVAILABLE,242,5,ACTIVE,41,E_P3_NEW3-A3.NC,E_P3_NEW3-A3.NC,41429.939,211856.19,5768.7,4245.2773,100,27.51667,4,50,0,9,100,9250.0,11829.9,3095.97,3.82106,0.000448372,0.668552,0,559.1853767,15650.7,3147.22,4.97286,0.000248119,0.259879,0,306.7088908,3218.3,1105.21,2.91194,0.000134131,0.154988,6,-323.2175992,6850.3,2143.1,3.19644,0.000235189,0.464934
246.140426,1,AUTO,ARMED,5,AVAILABLE,UNAVAILABLE,UNAVAILABLE,242,5,ACTIVE,41,E_P3_NEW3-A3.NC,E_P3_NEW3-A3.NC,41429.939,211856.19,5768.7,4245.2773,100,27.51667,4,50,0,9,100,9250.0,11877.9,385.344,30.8241,0.000240937,0.196039,0,556.3579049,15314.6,103.169,148.442,0.000145124,0.0669233,0,306.7089051,3146.25,112.965,27.8515,0.000101795,0.058282,6,-323.2175992,6898.37,477.003,14.4619,0.000192363,0.157538
246.284587,1,AUTO,ARMED,5,AVAILABLE,UNAVAILABLE,UNAVAILABLE,242,5,ACTIVE,41,E_P3_NEW3-A3.NC,E_P3_NEW3-A3.NC,41429.939,211856.19,5768.7,4245.2773,100,27.51667,4,50,0,9,100,9250.0,11877.9,385.344,30.8241,0.000240937,0.196039,0,550.6824698,15314.6,103.169,148.442,0.000145124,0.0669233,0,306.7089051,3146.25,112.965,27.8515,0.000101795,0.058282,6,-323.2175992,6898.37,477.003,14.4619,0.000192363,0.157538
246.451486,1,AUTO,ARMED,5,AVAILABLE,UNAVAILABLE,UNAVAILABLE,242,5,ACTIVE,41,E_P3_NEW3-A3.NC,E_P3_NEW3-A3.NC,41429.939,211856.19,5768.7,4245.2773,100,27.51667,4,50,0,9,100,9250.0,11877.9,385.344,30.8241,0.000240937,0.196039,0,546.4242358,15314.6,103.169,148.442,0.000145124,0.0669233,0,306.7088908,3146.25,112.965,27.8515,0.000101795,0.058282,6,-323.2176106,6898.37,477.003,14.4619,0.000192363,0.157538
246.633226,1,AUTO,ARMED,5,AVAILABLE,UNAVAILABLE,UNAVAILABLE,242,5,ACTIVE,41,E_P3_NEW3-A3.NC,E_P3_NEW3-A3.NC,41429.939,211856.19,5768.7,4245.2773,100,27.51667,5,50,0,6,100,9250.0,11877.9,385.344,30.8241,0.000240937,0.196039,0,540.763127,15314.6,103.169,148.442,0.000145124,0.0669233,0,306.7090768,3146.25,112.965,27.8515,0.000101795,0.058282,6,-323.2176106,6898.37,477.003,14.4619,0.000192363,0.157538
246.784368,1,AUTO,ARMED,5,AVAILABLE,UNAVAILABLE,UNAVAILABLE,242,5,ACTIVE,41,E_P3_NEW3-A3.NC,E_P3_NEW3-A3.NC,41429.939,211856.19,5768.7,4245.2773,100,27.51667,5,50,0,4,100,9250.0,11877.9,385.344,30.8241,0.000240937,0.196039,0,537.9282454,15314.6,103.169,148.442,0.000145124,0.0669233,0,306.7089623,3146.25,112.965,27.8515,0.000101795,0.058282,6,-323.2175992,6898.37,477.003,14.4619,0.000192363,0.157538
247.232987,1,AUTO,ARMED,5,AVAILABLE,UNAVAILABLE,UNAVAILABLE,243,5,ACTIVE,41,E_P3_NEW3-A3.NC,E_P3_NEW3-A3.NC,41429.939,211856.19,5768.7,3392.9492,100,0.0,5,50,0,3,100,9250.0,11877.9,385.344,30.8241,0.000240937,0.196039,0,530.3871638,15314.6,103.169,148.442,0.000145124,0.0669233,0,306.7088979,3146.25,112.965,27.8515,0.000101795,0.058282,6,-323.2175878,6898.37,477.003,14.4619,0.000192363,0.157538
247.375032,1,AUTO,ARMED,5,AVAILABLE,UNAVAILABLE,UNAVAILABLE,243,5,ACTIVE,41,E_P3_NEW3-A3.NC,E_P3_NEW3-A3.NC,41429.939,211856.19,5768.7,3392.9492,100,0.0,5,50,0,4,100,9250.0,11877.9,385.344,30.8241,0.000240937,0.196039,0,530.3867061,15314.6,103.169,148.442,0.000145124,0.0669233,0,306.7089051,3146.25,112.965,27.8515,0.000101795,0.058282,6,-323.2176106,6898.37,477.003,14.4619,0.000192363,0.157538
247.526827,1,AUTO,ARMED,5,AVAILABLE,UNAVAILABLE,UNAVAILABLE,243,5,ACTIVE,41,E_P3_NEW3-A3.NC,E_P3_NEW3-A3.NC,41429.939,211856.19,5768.7,3392.9492,100,0.0,5,50,0,4,100,9250.0,4247.25,386.833,10.9795,0.000305992,0.198948,0,530.386749,1032.18,103.03,10.0182,0.000123849,0.0607356,0,306.7088979,768.548,121.672,6.31656,0.000117472,0.0566181,6,-323.2175878,1370.06,410.022,3.34143,0.000186157,0.13488
247.685945,1,AUTO,ARMED,5,AVAILABLE,UNAVAILABLE,UNAVAILABLE,243,5,ACTIVE,41,E_P3_NEW3-A3.NC,E_P3_NEW3-A3.NC,41429.939,211856.19,5768.7,3392.9492,100,0.0,6,50,0,4,100,9250.0,4247.25,386.833,10.9795,0.000305992,0.198948,0,530.3867633,1032.18,103.03,10.0182,0.000123849,0.0607356,0,306.7088979,768.548,121.672,6.31656,0.000117472,0.0566181,6,-323.2176106,1370.06,410.022,3.34143,0.000186157,0.13488
247.8235,1,AUTO,ARMED,5,AVAILABLE,UNAVAILABLE,UNAVAILABLE,243,5,ACTIVE,41,E_P3_NEW3-A3.NC,E_P3_NEW3-A3.NC,41429.939,211856.19,5768.7,3392.9492,100,0.0,6,50,0,3,100,9250.0,4247.25,386.833,10.9795,0.000305992,0.198948,0,530.3867776,1032.18,103.03,10.0182,0.000123849,0.0607356,0,306.7089051,768.548,121.672,6.31656,0.000117472,0.0566181,6,-323.2175992,1370.06,410.022,3.34143,0.000186157,0.13488
247.959061,1,AUTO,ARMED,5,AVAILABLE,UNAVAILABLE,UNAVAILABLE,243,5,ACTIVE,41,E_P3_NEW3-A3.NC,E_P3_NEW3-A3.NC,41429.939,211856.19,5768.7,3392.9492,100,0.0,6,50,0,3,100,9250.0,4247.25,386.833,10.9795,0.000305992,0.198948,0,530.3867847,1032.18,103.03,10.0182,0.000123849,0.0607356,0,306.7089051,768.548,121.672,6.31656,0.000117472,0.0566181,6,-323.2176106,1370.06,410.022,3.34143,0.000186157,0.13488
248.105827,1,AUTO,ARMED,5,AVAILABLE,UNAVAILABLE,UNAVAILABLE,246,5,ACTIVE,41,E_P3_NEW3-A3.NC,E_P3_NEW3-A3.NC,41429.939,211856.19,5768.7,3392.9492,100,0.0,6,50,0,3,100,9250.0,4247.25,386.833,10.9795,0.000305992,0.198948,0,530.3867847,1032.18,103.03,10.0182,0.000123849,0.0607356,0,306.7089051,768.548,121.672,6.31656,0.000117472,0.0566181,6,-323.2175992,1370.06,410.022,3.34143,0.000186157,0.13488
248.25761,1,AUTO,ARMED,5,AVAILABLE,UNAVAILABLE,UNAVAILABLE,247,5,ACTIVE,41,E_P3_NEW3-A3.NC,E_P3_NEW3-A3.NC,41429.939,211856.19,5768.7,3347.4026,100,0.0,6,50,0,4,100,9250.0,4247.25,386.833,10.9795,0.000305992,0.198948,0,530.3867919,1032.18,103.03,10.0182,0.000123849,0.0607356,0,306.8359434,768.548,121.672,6.31656,0.000117472,0.0566181,6,-323.2175992,1370.06,410.022,3.34143,0.000186157,0.13488
248.402846,1,AUTO,ARMED,5,AVAILABLE,UNAVAILABLE,UNAVAILABLE,247,5,ACTIVE,41,E_P3_NEW3-A3.NC,E_P3_NEW3-A3.NC,41429.939,211856.19,5768.7,3347.4026,100,0.0,6,50,0,4,100,9250.0,4247.25,386.833,10.9795,0.000305992,0.198948,0,530.3867919,1032.18,103.03,10.0182,0.000123849,0.0607356,0,306.8358862,768.548,121.672,6.31656,0.000117472,0.0566181,6,-323.2175992,1370.06,410.022,3.34143,0.000186157,0.13488
248.548458,1,AUTO,ARMED,5,AVAILABLE,UNAVAILABLE,UNAVAILABLE,247,5,ACTIVE,41,E_P3_NEW3-A3.NC,E_P3_NEW3-A3.NC,41429.939,211856.19,5768.7,3347.4026,100,0.0,6,50,0,4,100,9250.0,4247.25,386.833,10.9795,0.000305992,0.198948,0,530.3867919,1032.18,103.03,10.0182,0.000123849,0.0607356,0,306.8359005,768.548,121.672,6.31656,0.000117472,0.0566181,6,-323.2175992,1370.06,410.022,3.34143,0.000186157,0.13488
248.690091,1,AUTO,ARMED,5,AVAILABLE,UNAVAILABLE,UNAVAILABLE,247,5,ACTIVE,41,E_P3_NEW3-A3.NC,E_P3_NEW3-A3.NC,41429.939,211856.19,5768.7,3347.4026,100,0.0,7,50,0,4,100,9250.0,4103.27,373.938,10.9731,0.000213203,0.192119,0,530.3867919,10393.8,101.552,102.35,0.00010028,0.0587056,0,306.8359076,696.496,113.782,6.12132,0.000111886,0.0558178,6,-323.2175878,1273.91,450.116,2.83018,0.000178824,0.141199
248.837411,1,AUTO,ARMED,5,AVAILABLE,UNAVAILABLE,UNAVAILABLE,247,5,ACTIVE,41,E_P3_NEW3-A3.NC,E_P3_NEW3-A3.NC,41429.939,211856.19,5768.7,3347.4026,100,0.0,7,50,0,4,100,9250.0,4103.27,373.938,10.9731,0.000213203,0.192119,0,530.386799,10393.8,101.552,102.35,0.00010028,0.0587056,0,306.8359005,696.496,113.782,6.12132,0.000111886,0.0558178,6,-323.2176106,1273.91,450.116,2.83018,0.000178824,0.141199
248.980518,1,AUTO,ARMED,5,AVAILABLE,UNAVAILABLE,UNAVAILABLE,247,5,ACTIVE,41,E_P3_NEW3-A3.NC,E_P3_NEW3-A3.NC,41429.939,211856.19,5768.7,3347.4026,100,0.0,7,50,0,4,100,9250.0,4103.27,373.938,10.9731,0.000213203,0.192119,0,530.386799,10393.8,101.552,102.35,0.00010028,0.0587056,0,306.8359005,696.496,113.782,6.12132,0.000111886,0.0558178,6,-323.2175878,1273.91,450.116,2.83018,0.000178824,0.141199
249.117162,1,AUTO,ARMED,5,AVAILABLE,UNAVAILABLE,UNAVAILABLE,247,5,ACTIVE,41,E_P3_NEW3-A3.NC,E_P3_NEW3-A3.NC,41429.939,211856.19,5768.7,3347.4026,100,0.0,7,50,0,4,100,9250.0,4103.27,373.938,10.9731,0.000213203,0.192119,1,530.3830063,10393.8,101.552,102.35,0.00010028,0.0587056,0,306.8358933,696.496,113.782,6.12132,0.000111886,0.0558178,6,-323.2175992,1273.91,450.116,2.83018,0.000178824,0.141199
249.259646,1,AUTO,ARMED,5,AVAILABLE,UNAVAILABLE,UNAVAILABLE,247,5,ACTIVE,41,E_P3_NEW3-A3.NC,E_P3_NEW3-A3.NC,41429.939,211856.19,5768.7,3347.4026,100,0.0,7,50,0,4,100,9250.0,4103.27,373.938,10.9731,0.000213203,0.192119,1,530.3830063,10393.8,101.552,102.35,0.00010028,0.0587056,0,306.8358933,696.496,113.782,6.12132,0.000111886,0.0558178,6,-323.2175992,1273.91,450.116,2.83018,0.000178824,0.141199
249.400086,1,AUTO,ARMED,5,AVAILABLE,UNAVAILABLE,UNAVAILABLE,248,5,ACTIVE,41,E_P3_NEW3-A3.NC,E_P3_NEW3-A3.NC,41429.939,211856.19,5768.7,4926.6475,100,31.75,7,50,0,4,100,9250.0,4103.27,373.938,10.9731,0.000213203,0.192119,0,535.6562589,10393.8,101.552,102.35,0.00010028,0.0587056,0,306.8359005,696.496,113.782,6.12132,0.000111886,0.0558178,6,-323.2175992,1273.91,450.116,2.83018,0.000178824,0.141199
249.547754,1,AUTO,ARMED,5,AVAILABLE,UNAVAILABLE,UNAVAILABLE,248,5,ACTIVE,41,E_P3_NEW3-A3.NC,E_P3_NEW3-A3.NC,41429.939,211856.19,5768.7,4926.6475,100,31.75,8,50,0,4,100,9250.0,4103.27,373.938,10.9731,0.000213203,0.192119,0,538.9183932,10393.8,101.552,102.35,0.00010028,0.0587056,0,306.8359005,696.496,113.782,6.12132,0.000111886,0.0558178,6,-323.2176106,1273.91,450.116,2.83018,0.000178824,0.141199
249.692923,1,AUTO,ARMED,5,AVAILABLE,UNAVAILABLE,UNAVAILABLE,248,5,ACTIVE,41,E_P3_NEW3-A3.NC,E_P3_NEW3-A3.NC,41429.939,211856.19,5768.7,4926.6475,100,31.75,8,50,0,5,100,9250.0,15717.2,5639.39,2.78704,0.00045713,1.08888,0,548.7211895,16130.8,2875.72,5.60931,0.000288665,0.379489,0,306.8358504,4082.92,1422.56,2.87012,0.000106823,0.201458,6,-323.2176106,11297.0,2662.66,4.24275,0.000400197,0.642876
249.845511,1,AUTO,ARMED,5,AVAILABLE,UNAVAILABLE,UNAVAILABLE,248,5,ACTIVE,41,E_P3_NEW3-A3.NC,E_P3_NEW3-A3.NC,41429.939,211856.19,5768.7,4926.6475,100,31.75,8,50,0,11,100,9250.0,15717.2,5639.39,2.78704,0.00045713,1.08888,1,551.9914919,16130.8,2875.72,5.60931,0.000288665,0.379489,0,306.8358933,4082.92,1422.56,2.87012,0.000106823,0.201458,6,-323.2175992,11297.0,2662.66,4.24275,0.000400197,0.642876
249.996751,1,AUTO,ARMED,5,AVAILABLE,UNAVAILABLE,UNAVAILABLE,248,5,ACTIVE,41,E_P3_NEW3-A3.NC,E_P3_NEW3-A3.NC,41429.939,211856.19,5768.7,4926.6475,100,31.75,8,50,0,12,100,9250.0,15717.2,5639.39,2.78704,0.00045713,1.08888,1,555.2697907,16130.8,2875.72,5.60931,0.000288665,0.379489,0,306.8359148,4082.92,1422.56,2.87012,0.000106823,0.201458,6,-323.2175992,11297.0,2662.66,4.24275,0.000400197,0.642876
250.154285,1,AUTO,ARMED,5,AVAILABLE,UNAVAILABLE,UNAVAILABLE,248,5,ACTIVE,41,E_P3_NEW3-A3.NC,E_P3_NEW3-A3.NC,41429.939,211856.19,5768.7,4926.6475,100,31.75,8,50,0,11,100,9250.0,15717.2,5639.39,2.78704,0.00045713,1.08888,1,561.8021735,16130.8,2875.72,5.60931,0.000288665,0.379489,0,306.8359005,4082.92,1422.56,2.87012,0.000106823,0.201458,6,-323.2175878,11297.0,2662.66,4.24275,0.000400197,0.642876
250.30009,1,AUTO,ARMED,5,AVAILABLE,UNAVAILABLE,UNAVAILABLE,248,5,ACTIVE,41,E_P3_NEW3-A3.NC,E_P3_NEW3-A3.NC,41429.939,211856.19,5768.7,4926.6475,100,31.75,8,50,0,10,100,9250.0,15717.2,5639.39,2.78704,0.00045713,1.08888,1,561.8021735,16130.8,2875.72,5.60931,0.000288665,0.379489,0,306.8359005,4082.92,1422.56,2.87012,0.000106823,0.201458,6,-323.2175878,11297.0,2662.66,4.24275,0.000400197,0.642876
250.449168,1,AUTO,ARMED,5,AVAILABLE,UNAVAILABLE,UNAVAILABLE,248,5,ACTIVE,41,E_P3_NEW3-A3.NC,E_P3_NEW3-A3.NC,41429.939,211856.19,5768.7,4627.7808,100,31.75,8,50,0,9,100,9250.0,15717.2,5639.39,2.78704,0.00045713,1.08888,1,569.9857504,16130.8,2875.72,5.60931,0.000288665,0.379489,0,306.8359005,4082.92,1422.56,2.87012,0.000106823,0.201458,6,-323.2175878,11297.0,2662.66,4.24275,0.000400197,0.642876
250.590689,1,AUTO,ARMED,5,AVAILABLE,UNAVAILABLE,UNAVAILABLE,248,5,ACTIVE,41,E_P3_NEW3-A3.NC,E_P3_NEW3-A3.NC,41429.939,211856.19,5768.7,4627.7808,100,31.75,9,50,0,9,100,9250.0,15717.2,5639.39,2.78704,0.00045713,1.08888,1,573.2560941,16130.8,2875.72,5.60931,0.000288665,0.379489,0,306.8359076,4082.92,1422.56,2.87012,0.000106823,0.201458,6,-323.2175992,11297.0,2662.66,4.24275,0.000400197,0.642876
250.733831,1,AUTO,ARMED,5,AVAILABLE,UNAVAILABLE,UNAVAILABLE,248,5,ACTIVE,41,E_P3_NEW3-A3.NC,E_P3_NEW3-A3.NC,41429.939,211856.19,5768.7,4627.7808,100,31.75,9,50,0,10,100,9250.0,15645.2,5479.54,2.8552,0.000426266,1.0788,1,576.5341339,14186.4,364.963,38.8708,0.000234895,0.222871,0,306.8359076,4010.86,132.865,30.1875,0.000100358,0.0590107,6,-323.2176106,9470.23,2619.8,3.61487,0.000346869,0.630695
250.883955,1,AUTO,ARMED,5,AVAILABLE,UNAVAILABLE,UNAVAILABLE,248,5,ACTIVE,41,E_P3_NEW3-A3.NC,E_P3_NEW3-A3.NC,41429.939,211856.19,5768.7,4627.7808,100,31.75,9,50,0,10,100,9250.0,15645.2,5479.54,2.8552,0.000426266,1.0788,1,583.0667819,14186.4,364.963,38.8708,0.000234895,0.222871,0,306.8359076,4010.86,132.865,30.1875,0.000100358,0.0590107,6,-323.2176106,9470.23,2619.8,3.61487,0.000346869,0.630695
251.023639,1,AUTO,ARMED,5,AVAILABLE,UNAVAILABLE,UNAVAILABLE,248,5,ACTIVE,41,E_P3_NEW3-A3.NC,E_P3_NEW3-A3.NC,41429.939,211856.19,5768.7,4627.7808,100,31.75,9,50,0,10,100,9250.0,15645.2,5479.54,2.8552,0.000426266,1.0788,1,589.6072952,14186.4,364.963,38.8708,0.000234895,0.222871,0,306.8359076,4010.86,132.865,30.1875,0.000100358,0.0590107,6,-323.2175992,9470.23,2619.8,3.61487,0.000346869,0.630695
251.16754,1,AUTO,ARMED,5,AVAILABLE,UNAVAILABLE,UNAVAILABLE,248,5,ACTIVE,41,E_P3_NEW3-A3.NC,E_P3_NEW3-A3.NC,41429.939,211856.19,5768.7,3131.6079,100,31.75,9,50,0,10,100,9250.0,15645.2,5479.54,2.8552,0.000426266,1.0788,1,592.8775,14186.4,364.963,38.8708,0.000234895,0.222871,0,306.8359005,4010.86,132.865,30.1875,0.000100358,0.0590107,6,-323.2175992,9470.23,2619.8,3.61487,0.000346869,0.630695
251.356171,1,AUTO,ARMED,5,AVAILABLE,UNAVAILABLE,UNAVAILABLE,248,5,ACTIVE,41,E_P3_NEW3-A3.NC,E_P3_NEW3-A3.NC,41429.939,211856.19,5768.7,3131.6079,100,31.75,9,50,0,9,100,9250.0,15645.2,5479.54,2.8552,0.000426266,1.0788,1,599.4266714,14186.4,364.963,38.8708,0.000234895,0.222871,0,306.8360721,4010.86,132.865,30.1875,0.000100358,0.0590107,6,-323.2175992,9470.23,2619.8,3.61487,0.000346869,0.630695
251.499266,1,AUTO,ARMED,5,AVAILABLE,UNAVAILABLE,UNAVAILABLE,248,5,ACTIVE,41,E_P3_NEW3-A3.NC,E_P3_NEW3-A3.NC,41429.939,211856.19,5768.7,3131.6079,100,31.75,9,50,0,7,100,9250.0,10534.1,383.664,27.4566,0.000243643,0.197946,0,602.6962897,1656.29,79.8094,20.7531,9.89737e-05,0.0570958,0,306.8360435,744.53,119.672,6.22142,9.0835e-05,0.0533199,6,-323.2175992,1370.06,455.416,3.00837,0.000144384,0.147318
251.933471,1,AUTO,ARMED,5,AVAILABLE,UNAVAILABLE,UNAVAILABLE,249,5,ACTIVE,41,E_P3_NEW3-A3.NC,E_P3_NEW3-A3.NC,41429.939,211856.19,5768.7,3131.6079,100,15.53333,10,50,0,2,100,9250.0,10534.1,383.664,27.4566,0.000243643,0.197946,0,611.6659855,1656.29,79.8094,20.7531,9.89737e-05,0.0570958,0,306.8359005,744.53,119.672,6.22142,9.0835e-05,0.0533199,6,-323.2175992,1370.06,455.416,3.00837,0.000144384,0.147318
252.075902,1,AUTO,ARMED,5,AVAILABLE,UNAVAILABLE,UNAVAILABLE,249,5,ACTIVE,41,E_P3_NEW3-A3.NC,E_P3_NEW3-A3.NC,41429.939,211856.19,5768.7,3131.6079,100,0.0,10,50,0,2,100,9250.0,10534.1,383.664,27.4566,0.000243643,0.197946,0,611.6668652,1656.29,79.8094,20.7531,9.89737e-05,0.0570958,0,306.8358933,744.53,119.672,6.22142,9.0835e-05,0.0533199,6,-323.2176106,1370.06,455.416,3.00837,0.000144384,0.147318
252.223055,1,AUTO,ARMED,5,AVAILABLE,UNAVAILABLE,UNAVAILABLE,249,5,ACTIVE,41,E_P3_NEW3-A3.NC,E_P3_NEW3-A3.NC,41429.939,211856.19,5768.7,3131.6079,100,0.0,10,50,0,4,100,9250.0,10534.1,383.664,27.4566,0.000243643,0.197946,0,611.6668509,1656.29,79.8094,20.7531,9.89737e-05,0.0570958,0,306.8359005,744.53,119.672,6.22142,9.0835e-05,0.0533199,6,-323.2175992,1370.06,455.416,3.00837,0.000144384,0.147318
252.367437,1,AUTO,ARMED,5,AVAILABLE,UNAVAILABLE,UNAVAILABLE,249,5,ACTIVE,41,E_P3_NEW3-A3.NC,E_P3_NEW3-A3.NC,41429.939,211856.19,5768.7,3131.6079,100,0.0,10,50,0,4,100,9250.0,10534.1,383.664,27.4566,0.000243643,0.197946,0,611.6668366,1656.29,79.8094,20.7531,9.89737e-05,0.0570958,0,306.8359005,744.53,119.672,6.22142,9.0835e-05,0.0533199,6,-323.2175992,1370.06,455.416,3.00837,0.000144384,0.147318
252.520442,1,AUTO,ARMED,5,AVAILABLE,UNAVAILABLE,UNAVAILABLE,249,5,ACTIVE,41,E_P3_NEW3-A3.NC,E_P3_NEW3-A3.NC,41429.939,211856.19,5768.7,3379.7559,100,0.0,10,50,0,4,100,9250.0,10534.1,383.664,27.4566,0.000243643,0.197946,0,611.6668295,1656.29,79.8094,20.7531,9.89737e-05,0.0570958,0,306.8359005,744.53,119.672,6.22142,9.0835e-05,0.0533199,6,-323.2176106,1370.06,455.416,3.00837,0.000144384,0.147318
252.66417,1,AUTO,ARMED,5,AVAILABLE,UNAVAILABLE,UNAVAILABLE,249,5,ACTIVE,41,E_P3_NEW3-A3.NC,E_P3_NEW3-A3.NC,41429.939,211856.19,5768.7,3379.7559,100,0.0,11,50,0,4,100,9250.0,10534.1,383.664,27.4566,0.000243643,0.197946,0,611.6668152,1656.29,79.8094,20.7531,9.89737e-05,0.0570958,0,306.8359005,744.53,119.672,6.22142,9.0835e-05,0.0533199,6,-323.2175878,1370.06,455.416,3.00837,0.000144384,0.147318
252.823105,1,AUTO,ARMED,5,AVAILABLE,UNAVAILABLE,UNAVAILABLE,249,5,ACTIVE,41,E_P3_NEW3-A3.NC,E_P3_NEW3-A3.NC,41429.939,211856.19,5768.7,3379.7559,100,0.0,11,50,0,4,100,9250.0,9094.39,2231.33,4.07577,0.000385773,0.445497,0,611.666808,11330.0,2012.59,5.62956,0.000269108,0.319675,0,306.8358933,2617.87,1260.02,2.07764,0.000119613,0.179919,6,-323.2176106,4398.61,2105.74,2.08887,0.000214817,0.449991
252.966729,1,AUTO,ARMED,5,AVAILABLE,UNAVAILABLE,UNAVAILABLE,251,5,ACTIVE,41,E_P3_NEW3-A3.NC,E_P3_NEW3-A3.NC,41429.939,211856.19,5768.7,3379.7559,100,0.0,11,50,0,3,100,9250.0,9094.39,2231.33,4.07577,0.000385773,0.445497,0,611.669264,11330.0,2012.59,5.62956,0.000269108,0.319675,0,306.9147156,2617.87,1260.02,2.07764,0.000119613,0.179919,6,-323.2175878,4398.61,2105.74,2.08887,0.000214817,0.449991
253.108386,1,AUTO,ARMED,5,AVAILABLE,UNAVAILABLE,UNAVAILABLE,251,5,ACTIVE,41,E_P3_NEW3-A3.NC,E_P3_NEW3-A3.NC,41429.939,211856.19,5768.7,3379.7559,100,31.75,11,50,0,3,100,9250.0,9094.39,2231.33,4.07577,0.000385773,0.445497,1,606.6384612,11330.0,2012.59,5.62956,0.000269108,0.319675,0,306.9629531,2617.87,1260.02,2.07764,0.000119613,0.179919,6,-323.2175992,4398.61,2105.74,2.08887,0.000214817,0.449991
253.269674,1,AUTO,ARMED,5,AVAILABLE,UNAVAILABLE,UNAVAILABLE,251,5,ACTIVE,41,E_P3_NEW3-A3.NC,E_P3_NEW3-A3.NC,41429.939,211856.19,5768.7,3379.7559,100,31.75,11,50,0,4,100,9250.0,9094.39,2231.33,4.07577,0.000385773,0.445497,0,600.1060448,11330.0,2012.59,5.62956,0.000269108,0.319675,0,306.962624,2617.87,1260.02,2.07764,0.000119613,0.179919,6,-323.2175992,4398.61,2105.74,2.08887,0.000214817,0.449991
253.422951,1,AUTO,ARMED,5,AVAILABLE,UNAVAILABLE,UNAVAILABLE,251,5,ACTIVE,41,E_P3_NEW3-A3.NC,E_P3_NEW3-A3.NC,41429.939,211856.19,5768.7,3379.7559,100,31.75,11,50,0,4,100,9250.0,9094.39,2231.33,4.07577,0.000385773,0.445497,0,600.1060448,11330.0,2012.59,5.62956,0.000269108,0.319675,0,306.962624,2617.87,1260.02,2.07764,0.000119613,0.179919,6,-323.2175992,4398.61,2105.74,2.08887,0.000214817,0.449991
253.573857,1,AUTO,ARMED,5,AVAILABLE,UNAVAILABLE,UNAVAILABLE,251,5,ACTIVE,41,E_P3_NEW3-A3.NC,E_P3_NEW3-A3.NC,41429.939,211856.19,5768.7,3379.7559,100,31.75,12,50,0,11,100,9250.0,9094.39,2231.33,4.07577,0.000385773,0.445497,0,590.2876147,11330.0,2012.59,5.62956,0.000269108,0.319675,0,306.9629101,2617.87,1260.02,2.07764,0.000119613,0.179919,6,-323.2175878,4398.61,2105.74,2.08887,0.000214817,0.449991
253.711535,1,AUTO,ARMED,5,AVAILABLE,UNAVAILABLE,UNAVAILABLE,251,5,ACTIVE,41,E_P3_NEW3-A3.NC,E_P3_NEW3-A3.NC,41429.939,211856.19,5768.7,4399.9956,100,31.75,12,50,0,12,100,9250.0,9094.39,2231.33,4.07577,0.000385773,0.445497,0,587.0094617,11330.0,2012.59,5.62956,0.000269108,0.319675,0,306.9629173,2617.87,1260.02,2.07764,0.000119613,0.179919,6,-323.2175992,4398.61,2105.74,2.08887,0.000214817,0.449991
253.857436,1,AUTO,ARMED,5,AVAILABLE,UNAVAILABLE,UNAVAILABLE,251,5,ACTIVE,41,E_P3_NEW3-A3.NC,E_P3_NEW3-A3.NC,41429.939,211856.19,5768.7,4399.9956,100,31.75,12,50,0,11,100,9250.0,9094.39,2231.33,4.07577,0.000385773,0.445497,0,583.7470689,11330.0,2012.59,5.62956,0.000269108,0.319675,0,306.9629101,2617.87,1260.02,2.07764,0.000119613,0.179919,6,-323.2176106,4398.61,2105.74,2.08887,0.000214817,0.449991
254.002095,1,AUTO,ARMED,5,AVAILABLE,UNAVAILABLE,UNAVAILABLE,251,5,ACTIVE,41,E_P3_NEW3-A3.NC,E_P3_NEW3-A3.NC,41429.939,211856.19,5768.7,4399.9956,100,31.75,12,50,0,9,100,9250.0,11877.9,3313.64,3.58455,0.000433966,0.696415,0,577.2146322,13898.4,2431.35,5.71633,0.000230222,0.2725,0,306.9628887,3338.39,1117.32,2.98785,9.98283e-05,0.157649,6,-323.2175992,7619.45,2247.28,3.39052,0.000202353,0.487546
254.144161,1,AUTO,ARMED,5,AVAILABLE,UNAVAILABLE,UNAVAILABLE,251,5,ACTIVE,41,E_P3_NEW3-A3.NC,E_P3_NEW3-A3.NC,41429.939,211856.19,5768.7,4399.9956,100,31.75,12,50,0,9,100,9250.0,11877.9,3313.64,3.58455,0.000433966,0.696415,0,570.6660378,13898.4,2431.35,5.71633,0.000230222,0.2725,0,306.962903,3338.39,1117.32,2.98785,9.98283e-05,0.157649,6,-323.2175878,7619.45,2247.28,3.39052,0.000202353,0.487546
254.282317,1,AUTO,ARMED,5,AVAILABLE,UNAVAILABLE,UNAVAILABLE,251,5,ACTIVE,41,E_P3_NEW3-A3.NC,E_P3_NEW3-A3.NC,41429.939,211856.19,5768.7,4399.9956,100,31.75,12,50,0,9,100,9250.0,11877.9,3313.64,3.58455,0.000433966,0.696415,0,569.0390459,13898.4,2431.35,5.71633,0.000230222,0.2725,0,306.9629173,3338.39,1117.32,2.98785,9.98283e-05,0.157649,6,-323.2175992,7619.45,2247.28,3.39052,0.000202353,0.487546
254.42308,1,AUTO,ARMED,5,AVAILABLE,UNAVAILABLE,UNAVAILABLE,251,5,ACTIVE,41,E_P3_NEW3-A3.NC,E_P3_NEW3-A3.NC,41429.939,211856.19,5768.7,4399.9956,100,31.75,12,50,0,9,100,9250.0,11877.9,3313.64,3.58455,0.000433966,0.696415,0,565.752718,13898.4,2431.35,5.71633,0.000230222,0.2725,0,306.9629173,3338.39,1117.32,2.98785,9.98283e-05,0.157649,6,-323.2175992,7619.45,2247.28,3.39052,0.000202353,0.487546
254.561906,1,AUTO,ARMED,5,AVAILABLE,UNAVAILABLE,UNAVAILABLE,251,5,ACTIVE,41,E_P3_NEW3-A3.NC,E_P3_NEW3-A3.NC,41429.939,211856.19,5768.7,4399.9956,100,31.75,12,50,0,9,100,9250.0,11877.9,3313.64,3.58455,0.000433966,0.696415,0,562.4903013,13898.4,2431.35,5.71633,0.000230222,0.2725,0,306.9629101,3338.39,1117.32,2.98785,9.98283e-05,0.157649,6,-323.2175992,7619.45,2247.28,3.39052,0.000202353,0.487546
254.701536,1,AUTO,ARMED,5,AVAILABLE,UNAVAILABLE,UNAVAILABLE,251,5,ACTIVE,41,E_P3_NEW3-A3.NC,E_P3_NEW3-A3.NC,41429.939,211856.19,5768.7,4399.9956,100,31.75,13,50,0,10,100,9250.0,11877.9,3313.64,3.58455,0.000433966,0.696415,0,555.957904,13898.4,2431.35,5.71633,0.000230222,0.2725,0,306.9628958,3338.39,1117.32,2.98785,9.98283e-05,0.157649,6,-323.2176106,7619.45,2247.28,3.39052,0.000202353,0.487546
254.855531,1,AUTO,ARMED,5,AVAILABLE,UNAVAILABLE,UNAVAILABLE,251,5,ACTIVE,41,E_P3_NEW3-A3.NC,E_P3_NEW3-A3.NC,41429.939,211856.19,5768.7,3327.6445,100,31.75,13,50,0,10,100,9250.0,11877.9,3313.64,3.58455,0.000433966,0.696415,0,549.4095836,13898.4,2431.35,5.71633,0.000230222,0.2725,0,306.9628958,3338.39,1117.32,2.98785,9.98283e-05,0.157649,6,-323.2176106,7619.45,2247.28,3.39052,0.000202353,0.487546
254.995325,1,AUTO,ARMED,5,AVAILABLE,UNAVAILABLE,UNAVAILABLE,251,5,ACTIVE,41,E_P3_NEW3-A3.NC,E_P3_NEW3-A3.NC,41429.939,211856.19,5768.7,3327.6445,100,31.75,13,50,0,9,100,9250.0,11877.9,380.691,31.2009,0.000259969,0.194157,0,546.1392249,15074.6,104.997,143.572,9.87754e-05,0.0551402,0,306.9629101,3242.32,143.907,22.5307,0.000135901,0.0642182,6,-323.2175992,7042.58,448.991,15.6853,0.000133694,0.143265
255.14275,1,AUTO,ARMED,5,AVAILABLE,UNAVAILABLE,UNAVAILABLE,251,5,ACTIVE,41,E_P3_NEW3-A3.NC,E_P3_NEW3-A3.NC,41429.939,211856.19,5768.7,3327.6445,100,31.75,13,50,0,7,100,9250.0,11877.9,380.691,31.2009,0.000259969,0.194157,0,539.5909259,15074.6,104.997,143.572,9.87754e-05,0.0551402,0,306.9630603,3242.32,143.907,22.5307,0.000135901,0.0642182,6,-323.2175992,7042.58,448.991,15.6853,0.000133694,0.143265
255.28099,1,AUTO,ARMED,5,AVAILABLE,UNAVAILABLE,UNAVAILABLE,251,5,ACTIVE,41,E_P3_NEW3-A3.NC,E_P3_NEW3-A3.NC,41429.939,211856.19,5768.7,3327.6445,100,31.75,13,50,0,3,100,9250.0,11877.9,380.691,31.2009,0.000259969,0.194157,0,536.3284349,15074.6,104.997,143.572,9.87754e-05,0.0551402,0,306.9629602,3242.32,143.907,22.5307,0.000135901,0.0642182,6,-323.2175992,7042.58,448.991,15.6853,0.000133694,0.143265
255.419242,1,AUTO,ARMED,5,AVAILABLE,UNAVAILABLE,UNAVAILABLE,251,5,ACTIVE,41,E_P3_NEW3-A3.NC,E_P3_NEW3-A3.NC,41429.939,211856.19,5768.7,3327.6445,100,31.75,13,50,0,2,100,9250.0,11877.9,380.691,31.2009,0.000259969,0.194157,0,533.0424117,15074.6,104.997,143.572,9.87754e-05,0.0551402,0,306.9629244,3242.32,143.907,22.5307,0.000135901,0.0642182,6,-323.2175992,7042.58,448.991,15.6853,0.000133694,0.143265
255.568055,1,AUTO,ARMED,5,AVAILABLE,UNAVAILABLE,UNAVAILABLE,251,5,ACTIVE,41,E_P3_NEW3-A3.NC,E_P3_NEW3-A3.NC,41429.939,211856.19,5768.7,3327.6445,100,31.75,13,50,0,2,100,9250.0,11877.9,380.691,31.2009,0.000259969,0.194157,0,533.0424117,15074.6,104.997,143.572,9.87754e-05,0.0551402,0,306.9629244,3242.32,143.907,22.5307,0.000135901,0.0642182,6,-323.2175992,7042.58,448.991,15.6853,0.000133694,0.143265
255.707545,1,AUTO,ARMED,5,AVAILABLE,UNAVAILABLE,UNAVAILABLE,252,5,ACTIVE,41,E_P3_NEW3-A3.NC,E_P3_NEW3-A3.NC,41429.939,211856.19,5768.7,3327.6445,100,0.0,14,50,0,2,100,9250.0,11877.9,380.691,31.2009,0.000259969,0.194157,0,530.3867204,15074.6,104.997,143.572,9.87754e-05,0.0551402,0,306.962903,3242.32,143.907,22.5307,0.000135901,0.0642182,6,-323.2175992,7042.58,448.991,15.6853,0.000133694,0.143265
255.849106,1,AUTO,ARMED,5,AVAILABLE,UNAVAILABLE,UNAVAILABLE,252,5,ACTIVE,41,E_P3_NEW3-A3.NC,E_P3_NEW3-A3.NC,41429.939,211856.19,5768.7,3342.7837,100,0.0,14,50,0,4,100,9250.0,11877.9,380.691,31.2009,0.000259969,0.194157,0,530.3867061,15074.6,104.997,143.572,9.87754e-05,0.0551402,0,306.9628958,3242.32,143.907,22.5307,0.000135901,0.0642182,6,-323.2175992,7042.58,448.991,15.6853,0.000133694,0.143265
256.005861,1,AUTO,ARMED,5,AVAILABLE,UNAVAILABLE,UNAVAILABLE,252,5,ACTIVE,41,E_P3_NEW3-A3.NC,E_P3_NEW3-A3.NC,41429.939,211856.19,5768.7,3342.7837,100,0.0,14,50,0,4,100,9250.0,4199.25,390.279,10.7596,0.00031911,0.203888,0,530.3867418,1008.17,101.475,9.93516,9.27554e-05,0.0559698,0,306.9628958,744.531,104.388,7.13234,0.00021165,0.0711755,6,-323.2175992,1466.2,433.035,3.38587,0.00016823,0.143564
256.159859,1,AUTO,ARMED,5,AVAILABLE,UNAVAILABLE,UNAVAILABLE,252,5,ACTIVE,41,E_P3_NEW3-A3.NC,E_P3_NEW3-A3.NC,41429.939,211856.19,5768.7,3342.7837,100,0.0,14,50,0,4,100,9250.0,4199.25,390.279,10.7596,0.00031911,0.203888,0,530.3867633,1008.17,101.475,9.93516,9.27554e-05,0.0559698,0,306.9628958,744.531,104.388,7.13234,0.00021165,0.0711755,6,-323.2175992,1466.2,433.035,3.38587,0.00016823,0.143564
256.31246,1,AUTO,ARMED,5,AVAILABLE,UNAVAILABLE,UNAVAILABLE,252,5,ACTIVE,41,E_P3_NEW3-A3.NC,E_P3_NEW3-A3.NC,41429.939,211856.19,5768.7,3342.7837,100,0.0,14,50,0,4,100,9250.0,4199.25,390.279,10.7596,0.00031911,0.203888,0,530.3867704,1008.17,101.475,9.93516,9.27554e-05,0.0559698,0,306.9628958,744.531,104.388,7.13234,0.00021165,0.0711755,6,-323.2175992,1466.2,433.035,3.38587,0.00016823,0.143564
256.451819,1,AUTO,ARMED,5,AVAILABLE,UNAVAILABLE,UNAVAILABLE,252,5,ACTIVE,41,E_P3_NEW3-A3.NC,E_P3_NEW3-A3.NC,41429.939,211856.19,5768.7,3342.7837,100,0.0,14,50,0,4,100,9250.0,4199.25,390.279,10.7596,0.00031911,0.203888,0,530.3867776,1008.17,101.475,9.93516,9.27554e-05,0.0559698,0,306.962903,744.531,104.388,7.13234,0.00021165,0.0711755,6,-323.2175992,1466.2,433.035,3.38587,0.00016823,0.143564
256.593869,1,AUTO,ARMED,5,AVAILABLE,UNAVAILABLE,UNAVAILABLE,256,5,ACTIVE,41,E_P3_NEW3-A3.NC,E_P3_NEW3-A3.NC,41429.939,211856.19,5768.7,3342.7837,100,0.0,15,50,0,4,100,9250.0,4199.25,390.279,10.7596,0.00031911,0.203888,0,530.3867847,1008.17,101.475,9.93516,9.27554e-05,0.0559698,0,307.0084582,744.531,104.388,7.13234,0.00021165,0.0711755,6,-323.2175992,1466.2,433.035,3.38587,0.00016823,0.143564
256.738259,1,AUTO,ARMED,5,AVAILABLE,UNAVAILABLE,UNAVAILABLE,256,5,ACTIVE,41,E_P3_NEW3-A3.NC,E_P3_NEW3-A3.NC,41429.939,211856.19,5768.7,3342.7837,100,0.0,15,50,0,3,100,9250.0,4199.25,390.279,10.7596,0.00031911,0.203888,0,530.3867919,1008.17,101.475,9.93516,9.27554e-05,0.0559698,0,307.0901988,744.531,104.388,7.13234,0.00021165,0.0711755,6,-323.2175992,1466.2,433.035,3.38587,0.00016823,0.143564
256.877407,1,AUTO,ARMED,5,AVAILABLE,UNAVAILABLE,UNAVAILABLE,256,5,ACTIVE,41,E_P3_NEW3-A3.NC,E_P3_NEW3-A3.NC,41429.939,211856.19,5768.7,3360.6482,100,0.0,15,50,0,3,100,9250.0,4199.25,390.279,10.7596,0.00031911,0.203888,0,530.3867919,1008.17,101.475,9.93516,9.27554e-05,0.0559698,0,307.0899198,744.531,104.388,7.13234,0.00021165,0.0711755,6,-323.2176106,1466.2,433.035,3.38587,0.00016823,0.143564
257.022377,1,AUTO,ARMED,5,AVAILABLE,UNAVAILABLE,UNAVAILABLE,256,5,ACTIVE,41,E_P3_NEW3-A3.NC,E_P3_NEW3-A3.NC,41429.939,211856.19,5768.7,3360.6482,100,0.0,15,50,0,3,100,9250.0,4223.25,373.188,11.3167,0.000255759,0.198381,0,530.386799,12266.1,351.284,34.9179,0.000301147,0.156456,0,307.0899055,696.496,147.459,4.72332,8.13843e-05,0.0593863,6,-323.2175992,1658.49,386.886,4.28677,0.000172669,0.140688
257.178957,1,AUTO,ARMED,5,AVAILABLE,UNAVAILABLE,UNAVAILABLE,256,5,ACTIVE,41,E_P3_NEW3-A3.NC,E_P3_NEW3-A3.NC,41429.939,211856.19,5768.7,3360.6482,100,0.0,15,50,0,3,100,9250.0,4223.25,373.188,11.3167,0.000255759,0.198381,0,530.386799,12266.1,351.284,34.9179,0.000301147,0.156456,0,307.0898912,696.496,147.459,4.72332,8.13843e-05,0.0593863,6,-323.2175992,1658.49,386.886,4.28677,0.000172669,0.140688
257.343426,1,AUTO,ARMED,5,AVAILABLE,UNAVAILABLE,UNAVAILABLE,256,5,ACTIVE,41,E_P3_NEW3-A3.NC,E_P3_NEW3-A3.NC,41429.939,211856.19,5768.7,3360.6482,100,0.0,15,50,0,3,100,9250.0,4223.25,373.188,11.3167,0.000255759,0.198381,0,530.386799,12266.1,351.284,34.9179,0.000301147,0.156456,0,307.0898983,696.496,147.459,4.72332,8.13843e-05,0.0593863,6,-323.2175992,1658.49,386.886,4.28677,0.000172669,0.140688
257.484381,1,AUTO,ARMED,5,AVAILABLE,UNAVAILABLE,UNAVAILABLE,256,5,ACTIVE,41,E_P3_NEW3-A3.NC,E_P3_NEW3-A3.NC,41429.939,211856.19,5768.7,3360.6482,100,0.0,15,50,0,3,100,9250.0,4223.25,373.188,11.3167,0.000255759,0.198381,0,530.386799,12266.1,351.284,34.9179,0.000301147,0.156456,0,307.0898983,696.496,147.459,4.72332,8.13843e-05,0.0593863,6,-323.2175992,1658.49,386.886,4.28677,0.000172669,0.140688
257.631579,1,AUTO,ARMED,5,AVAILABLE,UNAVAILABLE,UNAVAILABLE,256,5,ACTIVE,41,E_P3_NEW3-A3.NC,E_P3_NEW3-A3.NC,41429.939,211856.19,5768.7,3360.6482,100,0.0,16,50,0,3,100,9250.0,4223.25,373.188,11.3167,0.000255759,0.198381,0,530.386799,12266.1,351.284,34.9179,0.000301147,0.156456,0,307.0898983,696.496,147.459,4.72332,8.13843e-05,0.0593863,6,-323.2176106,1658.49,386.886,4.28677,0.000172669,0.140688
257.773188,1,AUTO,ARMED,5,AVAILABLE,UNAVAILABLE,UNAVAILABLE,257,5,ACTIVE,41,E_P3_NEW3-A3.NC,E_P3_NEW3-A3.NC,41429.939,211856.19,5768.7,3360.6482,100,38.1,16,50,0,4,100,9250.0,4223.25,373.188,11.3167,0.000255759,0.198381,0,535.8026411,12266.1,351.284,34.9179,0.000301147,0.156456,0,307.0899055,696.496,147.459,4.72332,8.13843e-05,0.0593863,6,-323.2176106,1658.49,386.886,4.28677,0.000172669,0.140688
257.922497,1,AUTO,ARMED,5,AVAILABLE,UNAVAILABLE,UNAVAILABLE,257,5,ACTIVE,41,E_P3_NEW3-A3.NC,E_P3_NEW3-A3.NC,41429.939,211856.19,5768.7,3360.6482,100,38.1,16,50,0,4,100,9250.0,4223.25,373.188,11.3167,0.000255759,0.198381,0,539.7362335,12266.1,351.284,34.9179,0.000301147,0.156456,0,307.0898983,696.496,147.459,4.72332,8.13843e-05,0.0593863,6,-323.2175992,1658.49,386.886,4.28677,0.000172669,0.140688
258.066322,1,AUTO,ARMED,5,AVAILABLE,UNAVAILABLE,UNAVAILABLE,257,5,ACTIVE,41,E_P3_NEW3-A3.NC,E_P3_NEW3-A3.NC,41429.939,211856.19,5768.7,5132.5537,100,38.1,16,50,0,3,100,9250.0,15717.2,5808.57,2.70586,0.000456834,1.14319,0,543.65909,18147.1,2029.69,8.94082,0.000226728,0.303119,0,307.0895121,4467.19,1476.79,3.02493,0.000113252,0.209967,6,-323.2175992,11441.2,2573.85,4.44517,0.000411883,0.60221
258.211783,1,AUTO,ARMED,5,AVAILABLE,UNAVAILABLE,UNAVAILABLE,257,5,ACTIVE,41,E_P3_NEW3-A3.NC,E_P3_NEW3-A3.NC,41429.939,211856.19,5768.7,5132.5537,100,38.1,16,50,0,5,100,9250.0,15717.2,5808.57,2.70586,0.000456834,1.14319,1,547.5846001,18147.1,2029.69,8.94082,0.000226728,0.303119,0,307.0897624,4467.19,1476.79,3.02493,0.000113252,0.209967,6,-323.2176106,11441.2,2573.85,4.44517,0.000411883,0.60221
258.356014,1,AUTO,ARMED,5,AVAILABLE,UNAVAILABLE,UNAVAILABLE,257,5,ACTIVE,41,E_P3_NEW3-A3.NC,E_P3_NEW3-A3.NC,41429.939,211856.19,5768.7,5132.5537,100,38.1,16,50,0,13,100,9250.0,15717.2,5808.57,2.70586,0.000456834,1.14319,1,557.3953857,18147.1,2029.69,8.94082,0.000226728,0.303119,0,307.0898912,4467.19,1476.79,3.02493,0.000113252,0.209967,6,-323.2175878,11441.2,2573.85,4.44517,0.000411883,0.60221
258.515544,1,AUTO,ARMED,5,AVAILABLE,UNAVAILABLE,UNAVAILABLE,257,5,ACTIVE,41,E_P3_NEW3-A3.NC,E_P3_NEW3-A3.NC,41429.939,211856.19,5768.7,5132.5537,100,38.1,16,50,0,13,100,9250.0,15717.2,5808.57,2.70586,0.000456834,1.14319,1,561.3195219,18147.1,2029.69,8.94082,0.000226728,0.303119,0,307.0898983,4467.19,1476.79,3.02493,0.000113252,0.209967,6,-323.2175992,11441.2,2573.85,4.44517,0.000411883,0.60221
258.663772,1,AUTO,ARMED,5,AVAILABLE,UNAVAILABLE,UNAVAILABLE,257,5,ACTIVE,41,E_P3_NEW3-A3.NC,E_P3_NEW3-A3.NC,41429.939,211856.19,5768.7,5132.5537,100,38.1,17,50,0,11,100,9250.0,15717.2,5808.57,2.70586,0.000456834,1.14319,1,561.3195219,18147.1,2029.69,8.94082,0.000226728,0.303119,0,307.0898983,4467.19,1476.79,3.02493,0.000113252,0.209967,6,-323.2175992,11441.2,2573.85,4.44517,0.000411883,0.60221
258.804952,1,AUTO,ARMED,5,AVAILABLE,UNAVAILABLE,UNAVAILABLE,257,5,ACTIVE,41,E_P3_NEW3-A3.NC,E_P3_NEW3-A3.NC,41429.939,211856.19,5768.7,5132.5537,100,38.1,17,50,0,10,100,9250.0,15717.2,5808.57,2.70586,0.000456834,1.14319,1,569.177924,18147.1,2029.69,8.94082,0.000226728,0.303119,0,307.0898983,4467.19,1476.79,3.02493,0.000113252,0.209967,6,-323.2175878,11441.2,2573.85,4.44517,0.000411883,0.60221
258.943502,1,AUTO,ARMED,5,AVAILABLE,UNAVAILABLE,UNAVAILABLE,257,5,ACTIVE,41,E_P3_NEW3-A3.NC,E_P3_NEW3-A3.NC,41429.939,211856.19,5768.7,5132.5537,100,38.1,17,50,0,10,100,9250.0,15717.2,5808.57,2.70586,0.000456834,1.14319,1,580.9699296,18147.1,2029.69,8.94082,0.000226728,0.303119,0,307.0898983,4467.19,1476.79,3.02493,0.000113252,0.209967,6,-323.2176106,11441.2,2573.85,4.44517,0.000411883,0.60221
259.083103,1,AUTO,ARMED,5,AVAILABLE,UNAVAILABLE,UNAVAILABLE,257,5,ACTIVE,41,E_P3_NEW3-A3.NC,E_P3_NEW3-A3.NC,41429.939,211856.19,5768.7,3960.3911,100,38.1,17,50,0,10,100,9250.0,16077.1,373.905,42.9978,0.000247474,0.195765,1,584.8845482,15506.7,449.357,34.5086,0.000181483,0.179658,0,307.0899127,4034.88,115.912,34.8099,7.21302e-05,0.0551526,6,-323.2175992,9013.55,479.57,18.7951,0.000183393,0.15449
259.229636,1,AUTO,ARMED,5,AVAILABLE,UNAVAILABLE,UNAVAILABLE,257,5,ACTIVE,41,E_P3_NEW3-A3.NC,E_P3_NEW3-A3.NC,41429.939,211856.19,5768.7,3960.3911,100,38.1,17,50,0,10,100,9250.0,16077.1,373.905,42.9978,0.000247474,0.195765,1,588.8182037,15506.7,449.357,34.5086,0.000181483,0.179658,0,307.0899055,4034.88,115.912,34.8099,7.21302e-05,0.0551526,6,-323.2175992,9013.55,479.57,18.7951,0.000183393,0.15449
259.392259,1,AUTO,ARMED,5,AVAILABLE,UNAVAILABLE,UNAVAILABLE,257,5,ACTIVE,41,E_P3_NEW3-A3.NC,E_P3_NEW3-A3.NC,41429.939,211856.19,5768.7,3960.3911,100,38.1,17,50,0,11,100,9250.0,16077.1,373.905,42.9978,0.000247474,0.195765,1,596.6575058,15506.7,449.357,34.5086,0.000181483,0.179658,0,307.0898983,4034.88,115.912,34.8099,7.21302e-05,0.0551526,6,-323.2175878,9013.55,479.57,18.7951,0.000183393,0.15449
259.537644,1,AUTO,ARMED,5,AVAILABLE,UNAVAILABLE,UNAVAILABLE,257,5,ACTIVE,41,E_P3_NEW3-A3.NC,E_P3_NEW3-A3.NC,41429.939,211856.19,5768.7,3960.3911,100,38.1,17,50,0,10,100,9250.0,16077.1,373.905,42.9978,0.000247474,0.195765,1,600.5729153,15506.7,449.357,34.5086,0.000181483,0.179658,0,307.0902345,4034.88,115.912,34.8099,7.21302e-05,0.0551526,6,-323.2175878,9013.55,479.57,18.7951,0.000183393,0.15449
259.703519,1,AUTO,ARMED,5,AVAILABLE,UNAVAILABLE,UNAVAILABLE,257,5,ACTIVE,41,E_P3_NEW3-A3.NC,E_P3_NEW3-A3.NC,41429.939,211856.19,5768.7,3960.3911,100,38.1,18,50,0,4,100,9250.0,16077.1,373.905,42.9978,0.000247474,0.195765,0,608.4304276,15506.7,449.357,34.5086,0.000181483,0.179658,0,307.089927,4034.88,115.912,34.8099,7.21302e-05,0.0551526,6,-323.2175992,9013.55,479.57,18.7951,0.000183393,0.15449
259.857891,1,AUTO,ARMED,5,AVAILABLE,UNAVAILABLE,UNAVAILABLE,257,5,ACTIVE,41,E_P3_NEW3-A3.NC,E_P3_NEW3-A3.NC,41429.939,211856.19,5768.7,3960.3911,100,33.43333,18,50,0,2,100,9250.0,16077.1,373.905,42.9978,0.000247474,0.195765,0,611.5875587,15506.7,449.357,34.5086,0.000181483,0.179658,0,307.0899055,4034.88,115.912,34.8099,7.21302e-05,0.0551526,6,-323.2175992,9013.55,479.57,18.7951,0.000183393,0.15449
259.994533,1,AUTO,ARMED,5,AVAILABLE,UNAVAILABLE,UNAVAILABLE,258,5,ACTIVE,41,E_P3_NEW3-A3.NC,E_P3_NEW3-A3.NC,41429.939,211856.19,5768.7,3960.3911,100,20.73333,18,50,0,2,100,9250.0,16077.1,373.905,42.9978,0.000247474,0.195765,0,611.6668509,15506.7,449.357,34.5086,0.000181483,0.179658,0,307.0898983,4034.88,115.912,34.8099,7.21302e-05,0.0551526,6,-323.2176106,9013.55,479.57,18.7951,0.000183393,0.15449
260.134255,1,AUTO,ARMED,5,AVAILABLE,UNAVAILABLE,UNAVAILABLE,258,5,ACTIVE,41,E_P3_NEW3-A3.NC,E_P3_NEW3-A3.NC,41429.939,211856.19,5768.7,3359.8352,100,0.0,18,50,0,3,100,9250.0,4079.28,364.401,11.1945,0.000308164,0.194125,0,611.6668795,1680.29,78.7968,21.3243,0.000149236,0.0600551,0,307.0898983,720.514,137.492,5.24041,7.9418e-05,0.0520119,6,-323.2175992,1538.31,433.423,3.54921,0.000211028,0.142132
260.279474,1,AUTO,ARMED,5,AVAILABLE,UNAVAILABLE,UNAVAILABLE,258,5,ACTIVE,41,E_P3_NEW3-A3.NC,E_P3_NEW3-A3.NC,41429.939,211856.19,5768.7,3359.8352,100,0.0,18,50,0,4,100,9250.0,4079.28,364.401,11.1945,0.000308164,0.194125,0,611.6668509,1680.29,78.7968,21.3243,0.000149236,0.0600551,0,307.0898912,720.514,137.492,5.24041,7.9418e-05,0.0520119,6,-323.2175878,1538.31,433.423,3.54921,0.000211028,0.142132
260.420279,1,AUTO,ARMED,5,AVAILABLE,UNAVAILABLE,UNAVAILABLE,258,5,ACTIVE,41,E_P3_NEW3-A3.NC,E_P3_NEW3-A3.NC,41429.939,211856.19,5768.7,3359.8352,100,0.0,18,50,0,4,100,9250.0,4079.28,364.401,11.1945,0.000308164,0.194125,0,611.6668366,1680.29,78.7968,21.3243,0.000149236,0.0600551,0,307.0898983,720.514,137.492,5.24041,7.9418e-05,0.0520119,6,-323.2175992,1538.31,433.423,3.54921,0.000211028,0.142132
260.557996,1,AUTO,ARMED,5,AVAILABLE,UNAVAILABLE,UNAVAILABLE,258,5,ACTIVE,41,E_P3_NEW3-A3.NC,E_P3_NEW3-A3.NC,41429.939,211856.19,5768.7,3359.8352,100,0.0,18,50,0,4,100,9250.0,4079.28,364.401,11.1945,0.000308164,0.194125,0,611.6668223,1680.29,78.7968,21.3243,0.000149236,0.0600551,0,307.0898912,720.514,137.492,5.24041,7.9418e-05,0.0520119,6,-323.2175992,1538.31,433.423,3.54921,0.000211028,0.142132
260.711806,1,AUTO,ARMED,5,AVAILABLE,UNAVAILABLE,UNAVAILABLE,258,5,ACTIVE,41,E_P3_NEW3-A3.NC,E_P3_NEW3-A3.NC,41429.939,211856.19,5768.7,3359.8352,100,0.0,19,50,0,3,100,9250.0,4079.28,364.401,11.1945,0.000308164,0.194125,0,611.666808,1680.29,78.7968,21.3243,0.000149236,0.0600551,0,307.0898983,720.514,137.492,5.24041,7.9418e-05,0.0520119,6,-323.2175992,1538.31,433.423,3.54921,0.000211028,0.142132
260.896444,1,AUTO,ARMED,5,AVAILABLE,UNAVAILABLE,UNAVAILABLE,258,5,ACTIVE,41,E_P3_NEW3-A3.NC,E_P3_NEW3-A3.NC,41429.939,211856.19,5768.7,3359.8352,100,0.0,19,50,0,4,100,9250.0,4079.28,364.401,11.1945,0.000308164,0.194125,0,611.6668152,1680.29,78.7968,21.3243,0.000149236,0.0600551,0,307.0899055,720.514,137.492,5.24041,7.9418e-05,0.0520119,6,-323.2176106,1538.31,433.423,3.54921,0.000211028,0.142132
261.090405,1,AUTO,ARMED,5,AVAILABLE,UNAVAILABLE,UNAVAILABLE,260,5,ACTIVE,41,E_P3_NEW3-A3.NC,E_P3_NEW3-A3.NC,41429.939,211856.19,5768.7,4747.2456,100,38.1,19,50,0,4,100,9250.0,12189.8,3336.73,3.65322,0.000414348,0.686267,1,606.3071439,13346.3,2409.22,5.53968,0.000233562,0.278375,0,307.2169509,3842.75,1152.69,3.33372,8.19115e-05,0.163607,6,-323.2175992,7835.78,2307.04,3.39646,0.000278851,0.524799
261.287951,1,AUTO,ARMED,5,AVAILABLE,UNAVAILABLE,UNAVAILABLE,260,5,ACTIVE,41,E_P3_NEW3-A3.NC,E_P3_NEW3-A3.NC,41429.939,211856.19,5768.7,4747.2456,100,38.1,19,50,0,3,100,9250.0,12189.8,3336.73,3.65322,0.000414348,0.686267,0,598.4587499,13346.3,2409.22,5.53968,0.000233562,0.278375,0,307.2164431,3842.75,1152.69,3.33372,8.19115e-05,0.163607,6,-323.2175992,7835.78,2307.04,3.39646,0.000278851,0.524799
261.426751,1,AUTO,ARMED,5,AVAILABLE,UNAVAILABLE,UNAVAILABLE,260,5,ACTIVE,41,E_P3_NEW3-A3.NC,E_P3_NEW3-A3.NC,41429.939,211856.19,5768.7,4747.2456,100,38.1,19,50,0,6,100,9250.0,12189.8,3336.73,3.65322,0.000414348,0.686267,0,594.5253797,13346.3,2409.22,5.53968,0.000233562,0.278375,0,307.2167721,3842.75,1152.69,3.33372,8.19115e-05,0.163607,6,-323.2176106,7835.78,2307.04,3.39646,0.000278851,0.524799
261.563583,1,AUTO,ARMED,5,AVAILABLE,UNAVAILABLE,UNAVAILABLE,260,5,ACTIVE,41,E_P3_NEW3-A3.NC,E_P3_NEW3-A3.NC,41429.939,211856.19,5768.7,4747.2456,100,38.1,19,50,0,10,100,9250.0,12189.8,3336.73,3.65322,0.000414348,0.686267,0,590.6107493,13346.3,2409.22,5.53968,0.000233562,0.278375,0,307.2168723,3842.75,1152.69,3.33372,8.19115e-05,0.163607,6,-323.2175992,7835.78,2307.04,3.39646,0.000278851,0.524799
261.710413,1,AUTO,ARMED,5,AVAILABLE,UNAVAILABLE,UNAVAILABLE,260,5,ACTIVE,41,E_P3_NEW3-A3.NC,E_P3_NEW3-A3.NC,41429.939,211856.19,5768.7,4747.2456,100,38.1,20,50,0,12,100,9250.0,12189.8,3336.73,3.65322,0.000414348,0.686267,0,582.7621076,13346.3,2409.22,5.53968,0.000233562,0.278375,0,307.2169009,3842.75,1152.69,3.33372,8.19115e-05,0.163607,6,-323.2176106,7835.78,2307.04,3.39646,0.000278851,0.524799
261.886893,1,AUTO,ARMED,5,AVAILABLE,UNAVAILABLE,UNAVAILABLE,260,5,ACTIVE,41,E_P3_NEW3-A3.NC,E_P3_NEW3-A3.NC,41429.939,211856.19,5768.7,4747.2456,100,38.1,20,50,0,10,100,9250.0,12189.8,3336.73,3.65322,0.000414348,0.686267,0,578.8376545,13346.3,2409.22,5.53968,0.000233562,0.278375,0,307.2169152,3842.75,1152.69,3.33372,8.19115e-05,0.163607,6,-323.2175992,7835.78,2307.04,3.39646,0.000278851,0.524799
262.138097,1,AUTO,ARMED,5,AVAILABLE,UNAVAILABLE,UNAVAILABLE,260,5,ACTIVE,41,E_P3_NEW3-A3.NC,E_P3_NEW3-A3.NC,41429.939,211856.19,5768.7,4747.2456,100,38.1,20,50,0,9,100,9250.0,12189.8,3336.73,3.65322,0.000414348,0.686267,0,569.0270796,13346.3,2409.22,5.53968,0.000233562,0.278375,0,307.2169152,3842.75,1152.69,3.33372,8.19115e-05,0.163607,6,-323.2175992,7835.78,2307.04,3.39646,0.000278851,0.524799
262.307463,1,AUTO,ARMED,5,AVAILABLE,UNAVAILABLE,UNAVAILABLE,260,5,ACTIVE,41,E_P3_NEW3-A3.NC,E_P3_NEW3-A3.NC,41429.939,211856.19,5768.7,4444.4238,100,38.1,20,50,0,9,100,9250.0,11494.0,414.467,27.732,0.000266032,0.219617,0,561.1688035,15578.7,323.345,48.1798,0.000197926,0.195603,0,307.216908,3410.44,156.452,21.7986,9.12937e-05,0.0628814,6,-323.2175992,7066.62,472.079,14.9691,0.000252669,0.156367
262.452146,1,AUTO,ARMED,5,AVAILABLE,UNAVAILABLE,UNAVAILABLE,260,5,ACTIVE,41,E_P3_NEW3-A3.NC,E_P3_NEW3-A3.NC,41429.939,211856.19,5768.7,4444.4238,100,38.1,20,50,0,10,100,9250.0,11494.0,414.467,27.732,0.000266032,0.219617,0,557.2544291,15578.7,323.345,48.1798,0.000197926,0.195603,0,307.2168937,3410.44,156.452,21.7986,9.12937e-05,0.0628814,6,-323.2175878,7066.62,472.079,14.9691,0.000252669,0.156367
262.597942,1,AUTO,ARMED,5,AVAILABLE,UNAVAILABLE,UNAVAILABLE,260,5,ACTIVE,41,E_P3_NEW3-A3.NC,E_P3_NEW3-A3.NC,41429.939,211856.19,5768.7,4444.4238,100,38.1,21,50,0,10,100,9250.0,11494.0,414.467,27.732,0.000266032,0.219617,0,553.3297855,15578.7,323.345,48.1798,0.000197926,0.195603,0,307.216908,3410.44,156.452,21.7986,9.12937e-05,0.0628814,6,-323.2175878,7066.62,472.079,14.9691,0.000252669,0.156367
262.738941,1,AUTO,ARMED,5,AVAILABLE,UNAVAILABLE,UNAVAILABLE,260,5,ACTIVE,41,E_P3_NEW3-A3.NC,E_P3_NEW3-A3.NC,41429.939,211856.19,5768.7,4444.4238,100,38.1,21,50,0,9,100,9250.0,11494.0,414.467,27.732,0.000266032,0.219617,0,541.5575141,15578.7,323.345,48.1798,0.000197926,0.195603,0,307.217237,3410.44,156.452,21.7986,9.12937e-05,0.0628814,6,-323.2175992,7066.62,472.079,14.9691,0.000252669,0.156367
262.899097,1,AUTO,ARMED,5,AVAILABLE,UNAVAILABLE,UNAVAILABLE,260,5,ACTIVE,41,E_P3_NEW3-A3.NC,E_P3_NEW3-A3.NC,41429.939,211856.19,5768.7,4444.4238,100,38.1,21,50,0,6,100,9250.0,11494.0,414.467,27.732,0.000266032,0.219617,1,537.6324342,15578.7,323.345,48.1798,0.000197926,0.195603,0,307.2170368,3410.44,156.452,21.7986,9.12937e-05,0.0628814,6,-323.2175992,7066.62,472.079,14.9691,0.000252669,0.156367
263.041493,1,AUTO,ARMED,5,AVAILABLE,UNAVAILABLE,UNAVAILABLE,260,5,ACTIVE,41,E_P3_NEW3-A3.NC,E_P3_NEW3-A3.NC,41429.939,211856.19,5768.7,4444.4238,100,38.1,21,50,0,3,100,9250.0,11494.0,414.467,27.732,0.000266032,0.219617,1,533.6990718,15578.7,323.345,48.1798,0.000197926,0.195603,0,307.2169509,3410.44,156.452,21.7986,9.12937e-05,0.0628814,6,-323.2176106,7066.62,472.079,14.9691,0.000252669,0.156367
263.182029,1,AUTO,ARMED,5,AVAILABLE,UNAVAILABLE,UNAVAILABLE,260,5,ACTIVE,41,E_P3_NEW3-A3.NC,E_P3_NEW3-A3.NC,41429.939,211856.19,5768.7,4444.4238,100,31.35,21,50,0,1,100,9250.0,11494.0,414.467,27.732,0.000266032,0.219617,0,530.5037513,15578.7,323.345,48.1798,0.000197926,0.195603,0,307.2169152,3410.44,156.452,21.7986,9.12937e-05,0.0628814,6,-323.2175878,7066.62,472.079,14.9691,0.000252669,0.156367
263.334016,1,AUTO,ARMED,5,AVAILABLE,UNAVAILABLE,UNAVAILABLE,260,5,ACTIVE,41,E_P3_NEW3-A3.NC,E_P3_NEW3-A3.NC,41429.939,211856.19,5768.7,4444.4238,100,20.9,21,50,0,2,100,9250.0,4055.28,379.219,10.6938,0.00025184,0.195499,0,530.3867275,1032.18,90.7538,11.3734,9.69309e-05,0.0509004,0,307.2169009,672.478,109.937,6.11694,8.21202e-05,0.0540335,6,-323.2175992,1442.17,489.244,2.94775,0.000194865,0.152367
263.485905,1,AUTO,ARMED,5,AVAILABLE,UNAVAILABLE,UNAVAILABLE,261,5,ACTIVE,41,E_P3_NEW3-A3.NC,E_P3_NEW3-A3.NC,41429.939,211856.19,5768.7,3386.7556,100,0.0,21,50,0,3,100,9250.0,4055.28,379.219,10.6938,0.00025184,0.195499,0,530.3866989,1032.18,90.7538,11.3734,9.69309e-05,0.0509004,0,307.2169009,672.478,109.937,6.11694,8.21202e-05,0.0540335,6,-323.2175992,1442.17,489.244,2.94775,0.000194865,0.152367
263.63373,1,AUTO,ARMED,5,AVAILABLE,UNAVAILABLE,UNAVAILABLE,261,5,ACTIVE,41,E_P3_NEW3-A3.NC,E_P3_NEW3-A3.NC,41429.939,211856.19,5768.7,3386.7556,100,0.0,22,50,0,4,100,9250.0,4055.28,379.219,10.6938,0.00025184,0.195499,0,530.3867204,1032.18,90.7538,11.3734,9.69309e-05,0.0509004,0,307.2169009,672.478,109.937,6.11694,8.21202e-05,0.0540335,6,-323.2175878,1442.17,489.244,2.94775,0.000194865,0.152367
263.78067,1,AUTO,ARMED,5,AVAILABLE,UNAVAILABLE,UNAVAILABLE,261,5,ACTIVE,41,E_P3_NEW3-A3.NC,E_P3_NEW3-A3.NC,41429.939,211856.19,5768.7,3386.7556,100,0.0,22,50,0,4,100,9250.0,4055.28,379.219,10.6938,0.00025184,0.195499,0,530.3867704,1032.18,90.7538,11.3734,9.69309e-05,0.0509004,0,307.2169009,672.478,109.937,6.11694,8.21202e-05,0.0540335,6,-323.2175992,1442.17,489.244,2.94775,0.000194865,0.152367
263.92736,1,AUTO,ARMED,5,AVAILABLE,UNAVAILABLE,UNAVAILABLE,261,5,ACTIVE,41,E_P3_NEW3-A3.NC,E_P3_NEW3-A3.NC,41429.939,211856.19,5768.7,3386.7556,100,0.0,22,50,0,4,100,9250.0,4055.28,379.219,10.6938,0.00025184,0.195499,0,530.3867776,1032.18,90.7538,11.3734,9.69309e-05,0.0509004,0,307.2169009,672.478,109.937,6.11694,8.21202e-05,0.0540335,6,-323.2176106,1442.17,489.244,2.94775,0.000194865,0.152367
264.087479,1,AUTO,ARMED,5,AVAILABLE,UNAVAILABLE,UNAVAILABLE,261,5,ACTIVE,41,E_P3_NEW3-A3.NC,E_P3_NEW3-A3.NC,41429.939,211856.19,5768.7,3386.7556,100,0.0,22,50,0,3,100,9250.0,4055.28,379.219,10.6938,0.00025184,0.195499,0,530.3867776,1032.18,90.7538,11.3734,9.69309e-05,0.0509004,0,307.2168937,672.478,109.937,6.11694,8.21202e-05,0.0540335,6,-323.2175992,1442.17,489.244,2.94775,0.000194865,0.152367
264.225745,1,AUTO,ARMED,5,AVAILABLE,UNAVAILABLE,UNAVAILABLE,264,5,ACTIVE,41,E_P3_NEW3-A3.NC,E_P3_NEW3-A3.NC,41429.939,211856.19,5768.7,3386.7556,100,0.0,22,50,0,4,100,9250.0,4055.28,379.219,10.6938,0.00025184,0.195499,0,530.3867919,1032.18,90.7538,11.3734,9.69309e-05,0.0509004,0,307.2169009,672.478,109.937,6.11694,8.21202e-05,0.0540335,6,-323.2175992,1442.17,489.244,2.94775,0.000194865,0.152367
264.363362,1,AUTO,ARMED,5,AVAILABLE,UNAVAILABLE,UNAVAILABLE,264,5,ACTIVE,41,E_P3_NEW3-A3.NC,E_P3_NEW3-A3.NC,41429.939,211856.19,5768.7,3386.7556,100,0.0,22,50,0,4,100,9250.0,4055.28,379.219,10.6938,0.00025184,0.195499,0,530.3867919,1032.18,90.7538,11.3734,9.69309e-05,0.0509004,0,307.2169009,672.478,109.937,6.11694,8.21202e-05,0.0540335,6,-323.2175992,1442.17,489.244,2.94775,0.000194865,0.152367
264.510822,1,AUTO,ARMED,5,AVAILABLE,UNAVAILABLE,UNAVAILABLE,264,5,ACTIVE,41,E_P3_NEW3-A3.NC,E_P3_NEW3-A3.NC,41429.939,211856.19,5768.7,7026.1611,100,0.0,22,50,0,35,100,9750.0,4151.26,362.924,11.4384,0.000369208,0.318775,0,530.386799,1008.18,102.483,9.83753,0.000125901,0.0712617,0,307.3442753,576.411,110.281,5.22675,0.000116188,0.085227,6,-323.2176106,1730.6,307.4,5.6298,0.00035278,0.140085
264.654044,1,AUTO,ARMED,5,AVAILABLE,UNAVAILABLE,UNAVAILABLE,264,5,ACTIVE,41,E_P3_NEW3-A3.NC,E_P3_NEW3-A3.NC,41429.939,211856.19,5768.7,7026.1611,100,0.0,23,50,0,56,100,9750.0,4151.26,362.924,11.4384,0.000369208,0.318775,0,530.386799,1008.18,102.483,9.83753,0.000125901,0.0712617,0,307.343932,576.411,110.281,5.22675,0.000116188,0.085227,6,-323.2176106,1730.6,307.4,5.6298,0.00035278,0.140085
264.795364,1,AUTO,ARMED,5,AVAILABLE,UNAVAILABLE,UNAVAILABLE,265,5,ACTIVE,41,E_P3_NEW3-A3.NC,E_P3_NEW3-A3.NC,41429.939,211856.19,5768.7,7026.1611,100,0.0,23,50,0,51,100,9750.0,4151.26,362.924,11.4384,0.000369208,0.318775,0,530.386799,1008.18,102.483,9.83753,0.000125901,0.0712617,0,307.3438962,576.411,110.281,5.22675,0.000116188,0.085227,6,-323.2175992,1730.6,307.4,5.6298,0.00035278,0.140085
264.93756,1,AUTO,ARMED,5,AVAILABLE,UNAVAILABLE,UNAVAILABLE,265,5,ACTIVE,41,E_P3_NEW3-A3.NC,E_P3_NEW3-A3.NC,41429.939,211856.19,5768.7,7026.1611,100,0.0,23,50,0,45,100,9750.0,4151.26,362.924,11.4384,0.000369208,0.318775,0,530.386799,1008.18,102.483,9.83753,0.000125901,0.0712617,0,307.3439034,576.411,110.281,5.22675,0.000116188,0.085227,6,-323.2175992,1730.6,307.4,5.6298,0.00035278,0.140085
265.085055,1,AUTO,ARMED,5,AVAILABLE,UNAVAILABLE,UNAVAILABLE,265,5,ACTIVE,41,E_P3_NEW3-A3.NC,E_P3_NEW3-A3.NC,41429.939,211856.19,5768.7,7026.1611,100,0.0,23,50,0,6,100,9750.0,4151.26,362.924,11.4384,0.000369208,0.318775,0,530.386799,1008.18,102.483,9.83753,0.000125901,0.0712617,0,307.3438962,576.411,110.281,5.22675,0.000116188,0.085227,6,-323.2176106,1730.6,307.4,5.6298,0.00035278,0.140085
265.225547,1,AUTO,ARMED,5,AVAILABLE,UNAVAILABLE,UNAVAILABLE,265,5,ACTIVE,41,E_P3_NEW3-A3.NC,E_P3_NEW3-A3.NC,41429.939,211856.19,5768.7,7026.1611,100,0.0,23,50,0,12,100,9750.0,4151.26,362.924,11.4384,0.000369208,0.318775,0,530.386799,1008.18,102.483,9.83753,0.000125901,0.0712617,0,307.3439034,576.411,110.281,5.22675,0.000116188,0.085227,6,-323.2175878,1730.6,307.4,5.6298,0.00035278,0.140085
265.37546,1,AUTO,ARMED,5,AVAILABLE,UNAVAILABLE,UNAVAILABLE,265,5,ACTIVE,41,E_P3_NEW3-A3.NC,E_P3_NEW3-A3.NC,41429.939,211856.19,5768.7,7026.1611,100,0.0,23,50,0,12,100,9750.0,4151.26,362.924,11.4384,0.000369208,0.318775,0,530.386799,1008.18,102.483,9.83753,0.000125901,0.0712617,0,307.3439034,576.411,110.281,5.22675,0.000116188,0.085227,6,-323.2175878,1730.6,307.4,5.6298,0.00035278,0.140085
265.516987,1,AUTO,ARMED,5,AVAILABLE,UNAVAILABLE,UNAVAILABLE,265,5,ACTIVE,41,E_P3_NEW3-A3.NC,E_P3_NEW3-A3.NC,41429.939,211856.19,5768.7,7026.1611,100,23.28333,23,50,0,7,100,9750.0,4055.28,4435.25,0.91433,0.000500201,0.771316,0,531.2555433,9457.63,317.937,29.7469,0.000255773,0.183568,0,307.3439034,4923.52,1422.56,3.46103,0.000128653,0.209276,6,-323.2176106,8749.15,2495.46,3.50603,0.000327839,0.535949
265.665114,1,AUTO,ARMED,5,AVAILABLE,UNAVAILABLE,UNAVAILABLE,266,5,ACTIVE,41,E_P3_NEW3-A3.NC,E_P3_NEW3-A3.NC,41429.939,211856.19,5768.7,4228.3882,100,23.28333,24,50,0,1,100,9750.0,4055.28,4435.25,0.91433,0.000500201,0.771316,0,533.6462619,9457.63,317.937,29.7469,0.000255773,0.183568,0,307.3438962,4923.52,1422.56,3.46103,0.000128653,0.209276,6,-323.2175878,8749.15,2495.46,3.50603,0.000327839,0.535949
265.80698,1,AUTO,ARMED,5,AVAILABLE,UNAVAILABLE,UNAVAILABLE,266,5,ACTIVE,41,E_P3_NEW3-A3.NC,E_P3_NEW3-A3.NC,41429.939,211856.19,5768.7,4228.3882,100,23.28333,24,50,0,3,100,9750.0,4055.28,4435.25,0.91433,0.000500201,0.771316,0,536.0499515,9457.63,317.937,29.7469,0.000255773,0.183568,0,307.3438962,4923.52,1422.56,3.46103,0.000128653,0.209276,6,-323.2175878,8749.15,2495.46,3.50603,0.000327839,0.535949
265.94665,1,AUTO,ARMED,5,AVAILABLE,UNAVAILABLE,UNAVAILABLE,266,5,ACTIVE,41,E_P3_NEW3-A3.NC,E_P3_NEW3-A3.NC,41429.939,211856.19,5768.7,4228.3882,100,23.28333,24,50,0,7,100,9750.0,4055.28,4435.25,0.91433,0.000500201,0.771316,0,540.8462729,9457.63,317.937,29.7469,0.000255773,0.183568,0,307.3439034,4923.52,1422.56,3.46103,0.000128653,0.209276,6,-323.2175878,8749.15,2495.46,3.50603,0.000327839,0.535949
266.083084,1,AUTO,ARMED,5,AVAILABLE,UNAVAILABLE,UNAVAILABLE,266,5,ACTIVE,41,E_P3_NEW3-A3.NC,E_P3_NEW3-A3.NC,41429.939,211856.19,5768.7,4228.3882,100,23.28333,24,50,0,6,100,9750.0,4055.28,4435.25,0.91433,0.000500201,0.771316,1,544.449193,9457.63,317.937,29.7469,0.000255773,0.183568,0,307.3436673,4923.52,1422.56,3.46103,0.000128653,0.209276,6,-323.2175878,8749.15,2495.46,3.50603,0.000327839,0.535949
266.218395,1,AUTO,ARMED,5,AVAILABLE,UNAVAILABLE,UNAVAILABLE,266,5,ACTIVE,41,E_P3_NEW3-A3.NC,E_P3_NEW3-A3.NC,41429.939,211856.19,5768.7,4228.3882,100,23.28333,24,50,0,9,100,9750.0,4055.28,4435.25,0.91433,0.000500201,0.771316,1,546.8416175,9457.63,317.937,29.7469,0.000255773,0.183568,0,307.3438462,4923.52,1422.56,3.46103,0.000128653,0.209276,6,-323.2175878,8749.15,2495.46,3.50603,0.000327839,0.535949
266.358185,1,AUTO,ARMED,5,AVAILABLE,UNAVAILABLE,UNAVAILABLE,266,5,ACTIVE,41,E_P3_NEW3-A3.NC,E_P3_NEW3-A3.NC,41429.939,211856.19,5768.7,4228.3882,100,23.28333,24,50,0,10,100,9750.0,4055.28,4435.25,0.91433,0.000500201,0.771316,1,549.2398712,9457.63,317.937,29.7469,0.000255773,0.183568,0,307.3438891,4923.52,1422.56,3.46103,0.000128653,0.209276,6,-323.2176221,8749.15,2495.46,3.50603,0.000327839,0.535949
266.506528,1,AUTO,ARMED,5,AVAILABLE,UNAVAILABLE,UNAVAILABLE,266,5,ACTIVE,41,E_P3_NEW3-A3.NC,E_P3_NEW3-A3.NC,41429.939,211856.19,5768.7,4228.3882,100,23.28333,25,50,0,11,100,9750.0,4055.28,4435.25,0.91433,0.000500201,0.771316,1,554.0362069,9457.63,317.937,29.7469,0.000255773,0.183568,0,307.3439105,4923.52,1422.56,3.46103,0.000128653,0.209276,6,-323.2176106,8749.15,2495.46,3.50603,0.000327839,0.535949
266.655791,1,AUTO,ARMED,5,AVAILABLE,UNAVAILABLE,UNAVAILABLE,266,5,ACTIVE,41,E_P3_NEW3-A3.NC,E_P3_NEW3-A3.NC,41429.939,211856.19,5768.8,4601.0298,100,23.28333,25,50,0,10,100,9750.0,14037.5,3309.38,4.24173,0.000481037,0.626932,1,556.4346179,16322.8,2233.89,7.3069,0.000259593,0.284885,0,307.3438891,4635.31,1805.75,2.56697,0.000138357,0.260464,6,-323.2175992,9013.55,2547.23,3.53857,0.000300381,0.614215
266.822833,1,AUTO,ARMED,5,AVAILABLE,UNAVAILABLE,UNAVAILABLE,266,5,ACTIVE,41,E_P3_NEW3-A3.NC,E_P3_NEW3-A3.NC,41429.939,211856.19,5768.8,4601.0298,100,23.28333,25,50,0,9,100,9750.0,14037.5,3309.38,4.24173,0.000481037,0.626932,0,561.2366529,16322.8,2233.89,7.3069,0.000259593,0.284885,0,307.3439177,4635.31,1805.75,2.56697,0.000138357,0.260464,6,-323.2176221,9013.55,2547.23,3.53857,0.000300381,0.614215
266.968865,1,AUTO,ARMED,5,AVAILABLE,UNAVAILABLE,UNAVAILABLE,266,5,ACTIVE,41,E_P3_NEW3-A3.NC,E_P3_NEW3-A3.NC,41429.939,211856.19,5768.8,4601.0298,100,23.28333,25,50,0,9,100,9750.0,14037.5,3309.38,4.24173,0.000481037,0.626932,1,563.6349836,16322.8,2233.89,7.3069,0.000259593,0.284885,0,307.3439034,4635.31,1805.75,2.56697,0.000138357,0.260464,6,-323.2175878,9013.55,2547.23,3.53857,0.000300381,0.614215
267.113259,1,AUTO,ARMED,5,AVAILABLE,UNAVAILABLE,UNAVAILABLE,266,5,ACTIVE,41,E_P3_NEW3-A3.NC,E_P3_NEW3-A3.NC,41429.939,211856.19,5768.8,4601.0298,100,23.28333,25,50,0,10,100,9750.0,14037.5,3309.38,4.24173,0.000481037,0.626932,1,568.4370524,16322.8,2233.89,7.3069,0.000259593,0.284885,0,307.3438891,4635.31,1805.75,2.56697,0.000138357,0.260464,6,-323.2176106,9013.55,2547.23,3.53857,0.000300381,0.614215
267.250769,1,AUTO,ARMED,5,AVAILABLE,UNAVAILABLE,UNAVAILABLE,266,5,ACTIVE,41,E_P3_NEW3-A3.NC,E_P3_NEW3-A3.NC,41429.939,211856.19,5768.8,4601.0298,100,23.28333,25,50,0,10,100,9750.0,14037.5,3309.38,4.24173,0.000481037,0.626932,1,570.8294608,16322.8,2233.89,7.3069,0.000259593,0.284885,0,307.3439105,4635.31,1805.75,2.56697,0.000138357,0.260464,6,-323.2175763,9013.55,2547.23,3.53857,0.000300381,0.614215
267.401377,1,AUTO,ARMED,5,AVAILABLE,UNAVAILABLE,UNAVAILABLE,266,5,ACTIVE,41,E_P3_NEW3-A3.NC,E_P3_NEW3-A3.NC,41429.939,211856.19,5768.8,4601.0298,100,23.28333,25,50,0,9,100,9750.0,14037.5,3309.38,4.24173,0.000481037,0.626932,1,575.6316226,16322.8,2233.89,7.3069,0.000259593,0.284885,0,307.3438891,4635.31,1805.75,2.56697,0.000138357,0.260464,6,-323.2175992,9013.55,2547.23,3.53857,0.000300381,0.614215
267.539747,1,AUTO,ARMED,5,AVAILABLE,UNAVAILABLE,UNAVAILABLE,266,5,ACTIVE,41,E_P3_NEW3-A3.NC,E_P3_NEW3-A3.NC,41429.939,211856.19,5768.8,4601.0298,100,23.28333,26,50,0,10,100,9750.0,14037.5,3309.38,4.24173,0.000481037,0.626932,1,578.0296172,16322.8,2233.89,7.3069,0.000259593,0.284885,0,307.3439034,4635.31,1805.75,2.56697,0.000138357,0.260464,6,-323.2175878,9013.55,2547.23,3.53857,0.000300381,0.614215
267.686367,1,AUTO,ARMED,5,AVAILABLE,UNAVAILABLE,UNAVAILABLE,266,5,ACTIVE,41,E_P3_NEW3-A3.NC,E_P3_NEW3-A3.NC,41429.939,211856.19,5768.8,4601.0298,100,23.28333,26,50,0,10,100,9750.0,13365.6,3616.88,3.69534,0.000465631,0.682353,1,580.4222331,12770.2,2033.08,6.28121,0.00019516,0.261993,0,307.3439105,5019.59,1336.16,3.75673,0.000141404,0.215877,6,-323.2176221,9253.91,2610.79,3.54449,0.000312662,0.645303
267.830066,1,AUTO,ARMED,5,AVAILABLE,UNAVAILABLE,UNAVAILABLE,266,5,ACTIVE,41,E_P3_NEW3-A3.NC,E_P3_NEW3-A3.NC,41429.939,211856.19,5768.8,4570.3164,100,23.28333,26,50,0,9,100,9750.0,13365.6,3616.88,3.69534,0.000465631,0.682353,1,582.8202562,12770.2,2033.08,6.28121,0.00019516,0.261993,0,307.3438962,5019.59,1336.16,3.75673,0.000141404,0.215877,6,-323.2175763,9253.91,2610.79,3.54449,0.000312662,0.645303
267.975638,1,AUTO,ARMED,5,AVAILABLE,UNAVAILABLE,UNAVAILABLE,266,5,ACTIVE,41,E_P3_NEW3-A3.NC,E_P3_NEW3-A3.NC,41429.939,211856.19,5768.8,4570.3164,100,23.28333,26,50,0,10,100,9750.0,13365.6,3616.88,3.69534,0.000465631,0.682353,0,586.4234925,12770.2,2033.08,6.28121,0.00019516,0.261993,0,307.3438891,5019.59,1336.16,3.75673,0.000141404,0.215877,6,-323.2175878,9253.91,2610.79,3.54449,0.000312662,0.645303
268.133367,1,AUTO,ARMED,5,AVAILABLE,UNAVAILABLE,UNAVAILABLE,266,5,ACTIVE,41,E_P3_NEW3-A3.NC,E_P3_NEW3-A3.NC,41429.939,211856.19,5768.8,4570.3164,100,23.28333,26,50,0,10,100,9750.0,13365.6,3616.88,3.69534,0.000465631,0.682353,1,591.2140594,12770.2,2033.08,6.28121,0.00019516,0.261993,0,307.3438962,5019.59,1336.16,3.75673,0.000141404,0.215877,6,-323.2175992,9253.91,2610.79,3.54449,0.000312662,0.645303
268.291757,1,AUTO,ARMED,5,AVAILABLE,UNAVAILABLE,UNAVAILABLE,266,5,ACTIVE,41,E_P3_NEW3-A3.NC,E_P3_NEW3-A3.NC,41429.939,211856.19,5768.8,4570.3164,100,23.28333,26,50,0,10,100,9750.0,13365.6,3616.88,3.69534,0.000465631,0.682353,1,596.016149,12770.2,2033.08,6.28121,0.00019516,0.261993,0,307.3438891,5019.59,1336.16,3.75673,0.000141404,0.215877,6,-323.2176221,9253.91,2610.79,3.54449,0.000312662,0.645303
268.428793,1,AUTO,ARMED,5,AVAILABLE,UNAVAILABLE,UNAVAILABLE,266,5,ACTIVE,41,E_P3_NEW3-A3.NC,E_P3_NEW3-A3.NC,41429.939,211856.19,5768.8,4570.3164,100,23.28333,26,50,0,10,100,9750.0,13365.6,3616.88,3.69534,0.000465631,0.682353,1,598.4087146,12770.2,2033.08,6.28121,0.00019516,0.261993,0,307.3438891,5019.59,1336.16,3.75673,0.000141404,0.215877,6,-323.2175878,9253.91,2610.79,3.54449,0.000312662,0.645303
268.576599,1,AUTO,ARMED,5,AVAILABLE,UNAVAILABLE,UNAVAILABLE,266,5,ACTIVE,41,E_P3_NEW3-A3.NC,E_P3_NEW3-A3.NC,41429.939,211856.19,5768.8,4570.3164,100,23.28333,27,50,0,10,100,9750.0,13365.6,3616.88,3.69534,0.000465631,0.682353,0,600.8125309,12770.2,2033.08,6.28121,0.00019516,0.261993,0,307.344118,5019.59,1336.16,3.75673,0.000141404,0.215877,6,-323.2175992,9253.91,2610.79,3.54449,0.000312662,0.645303
268.720406,1,AUTO,ARMED,5,AVAILABLE,UNAVAILABLE,UNAVAILABLE,266,5,ACTIVE,41,E_P3_NEW3-A3.NC,E_P3_NEW3-A3.NC,41429.939,211856.19,5768.8,4570.3164,100,23.28333,27,50,0,2,100,9750.0,9238.36,353.53,26.1318,0.000374905,0.309329,0,605.6029906,11786.0,96.0901,122.656,0.000135165,0.0857792,0,307.3439105,3842.75,122.824,31.2866,0.000128903,0.0897947,6,-323.2175878,8172.28,412.77,19.7986,0.000128454,0.128609
268.861278,1,AUTO,ARMED,5,AVAILABLE,UNAVAILABLE,UNAVAILABLE,266,5,ACTIVE,41,E_P3_NEW3-A3.NC,E_P3_NEW3-A3.NC,41429.939,211856.19,5768.8,3454.3503,100,23.28333,27,50,0,2,100,9750.0,9238.36,353.53,26.1318,0.000374905,0.309329,0,608.0072576,11786.0,96.0901,122.656,0.000135165,0.0857792,0,307.3439034,3842.75,122.824,31.2866,0.000128903,0.0897947,6,-323.2176106,8172.28,412.77,19.7986,0.000128454,0.128609
269.001529,1,AUTO,ARMED,5,AVAILABLE,UNAVAILABLE,UNAVAILABLE,266,5,ACTIVE,41,E_P3_NEW3-A3.NC,E_P3_NEW3-A3.NC,41429.939,211856.19,5768.8,3454.3503,100,12.53333,27,50,0,2,100,9750.0,9238.36,353.53,26.1318,0.000374905,0.309329,0,610.405299,11786.0,96.0901,122.656,0.000135165,0.0857792,0,307.3439034,3842.75,122.824,31.2866,0.000128903,0.0897947,6,-323.2175992,8172.28,412.77,19.7986,0.000128454,0.128609
269.142746,1,AUTO,ARMED,5,AVAILABLE,UNAVAILABLE,UNAVAILABLE,266,5,ACTIVE,41,E_P3_NEW3-A3.NC,E_P3_NEW3-A3.NC,41429.939,211856.19,5768.8,3454.3503,100,12.53333,27,50,0,3,100,9750.0,9238.36,353.53,26.1318,0.000374905,0.309329,0,611.6635393,11786.0,96.0901,122.656,0.000135165,0.0857792,0,307.3439034,3842.75,122.824,31.2866,0.000128903,0.0897947,6,-323.2175992,8172.28,412.77,19.7986,0.000128454,0.128609
269.288472,1,AUTO,ARMED,5,AVAILABLE,UNAVAILABLE,UNAVAILABLE,267,5,ACTIVE,41,E_P3_NEW3-A3.NC,E_P3_NEW3-A3.NC,41429.939,211856.19,5768.8,3454.3503,100,0.0,27,50,0,5,100,9750.0,9238.36,353.53,26.1318,0.000374905,0.309329,0,611.6668795,11786.0,96.0901,122.656,0.000135165,0.0857792,0,307.3438962,3842.75,122.824,31.2866,0.000128903,0.0897947,6,-323.2175992,8172.28,412.77,19.7986,0.000128454,0.128609
269.463121,1,AUTO,ARMED,5,AVAILABLE,UNAVAILABLE,UNAVAILABLE,267,5,ACTIVE,41,E_P3_NEW3-A3.NC,E_P3_NEW3-A3.NC,41429.939,211856.19,5768.8,3454.3503,100,0.0,27,50,0,4,100,9750.0,9238.36,353.53,26.1318,0.000374905,0.309329,0,611.6668652,11786.0,96.0901,122.656,0.000135165,0.0857792,0,307.3438962,3842.75,122.824,31.2866,0.000128903,0.0897947,6,-323.2175992,8172.28,412.77,19.7986,0.000128454,0.128609
269.616577,1,AUTO,ARMED,5,AVAILABLE,UNAVAILABLE,UNAVAILABLE,267,5,ACTIVE,41,E_P3_NEW3-A3.NC,E_P3_NEW3-A3.NC,41429.939,211856.19,5768.8,3454.3503,100,0.0,28,50,0,4,100,9750.0,9238.36,353.53,26.1318,0.000374905,0.309329,0,611.6668438,11786.0,96.0901,122.656,0.000135165,0.0857792,0,307.3438962,3842.75,122.824,31.2866,0.000128903,0.0897947,6,-323.2175878,8172.28,412.77,19.7986,0.000128454,0.128609
269.76555,1,AUTO,ARMED,5,AVAILABLE,UNAVAILABLE,UNAVAILABLE,267,5,ACTIVE,41,E_P3_NEW3-A3.NC,E_P3_NEW3-A3.NC,41429.939,211856.19,5768.8,3454.3503,100,0.0,28,50,0,4,100,9750.0,4175.26,346.971,12.0335,0.000545029,0.30664,0,611.6668152,7729.33,351.833,21.9687,0.000141247,0.0952236,0,307.3438962,768.548,141.628,5.42653,0.000110759,0.0813739,6,-323.2175992,1297.95,403.978,3.21292,0.000144976,0.129864
269.911415,1,AUTO,ARMED,5,AVAILABLE,UNAVAILABLE,UNAVAILABLE,267,5,ACTIVE,41,E_P3_NEW3-A3.NC,E_P3_NEW3-A3.NC,41429.939,211856.19,5768.8,3461.1487,100,0.0,28,50,0,4,100,9750.0,4175.26,346.971,12.0335,0.000545029,0.30664,0,611.6668152,7729.33,351.833,21.9687,0.000141247,0.0952236,0,307.3439034,768.548,141.628,5.42653,0.000110759,0.0813739,6,-323.2175878,1297.95,403.978,3.21292,0.000144976,0.129864
270.053279,1,AUTO,ARMED,5,AVAILABLE,UNAVAILABLE,UNAVAILABLE,267,5,ACTIVE,41,E_P3_NEW3-A3.NC,E_P3_NEW3-A3.NC,41429.939,211856.19,5768.8,3461.1487,100,0.0,28,50,0,4,100,9750.0,4175.26,346.971,12.0335,0.000545029,0.30664,0,611.666808,7729.33,351.833,21.9687,0.000141247,0.0952236,0,307.3439034,768.548,141.628,5.42653,0.000110759,0.0813739,6,-323.2176106,1297.95,403.978,3.21292,0.000144976,0.129864
270.196061,1,AUTO,ARMED,5,AVAILABLE,UNAVAILABLE,UNAVAILABLE,269,5,ACTIVE,41,E_P3_NEW3-A3.NC,E_P3_NEW3-A3.NC,41429.939,211856.19,5768.8,3461.1487,100,0.0,28,50,0,4,100,9750.0,4175.26,346.971,12.0335,0.000545029,0.30664,0,609.5278399,7729.33,351.833,21.9687,0.000141247,0.0952236,0,307.471006,768.548,141.628,5.42653,0.000110759,0.0813739,6,-323.2175878,1297.95,403.978,3.21292,0.000144976,0.129864
270.343428,1,AUTO,ARMED,5,AVAILABLE,UNAVAILABLE,UNAVAILABLE,269,5,ACTIVE,41,E_P3_NEW3-A3.NC,E_P3_NEW3-A3.NC,41429.939,211856.19,5768.8,3461.1487,100,23.28333,28,50,0,4,100,9750.0,4175.26,346.971,12.0335,0.000545029,0.30664,0,607.1308629,7729.33,351.833,21.9687,0.000141247,0.0952236,0,307.4709345,768.548,141.628,5.42653,0.000110759,0.0813739,6,-323.2175992,1297.95,403.978,3.21292,0.000144976,0.129864
270.510077,1,AUTO,ARMED,5,AVAILABLE,UNAVAILABLE,UNAVAILABLE,269,5,ACTIVE,41,E_P3_NEW3-A3.NC,E_P3_NEW3-A3.NC,41429.939,211856.19,5768.8,3461.1487,100,23.28333,28,50,0,4,100,9750.0,4175.26,346.971,12.0335,0.000545029,0.30664,0,604.7387784,7729.33,351.833,21.9687,0.000141247,0.0952236,0,307.4709131,768.548,141.628,5.42653,0.000110759,0.0813739,6,-323.2175992,1297.95,403.978,3.21292,0.000144976,0.129864
270.659462,1,AUTO,ARMED,5,AVAILABLE,UNAVAILABLE,UNAVAILABLE,269,5,ACTIVE,41,E_P3_NEW3-A3.NC,E_P3_NEW3-A3.NC,41429.939,211856.19,5768.8,3461.1487,100,23.28333,29,50,0,4,100,9750.0,4175.26,346.971,12.0335,0.000545029,0.30664,0,599.9362556,7729.33,351.833,21.9687,0.000141247,0.0952236,0,307.4706055,768.548,141.628,5.42653,0.000110759,0.0813739,6,-323.2176106,1297.95,403.978,3.21292,0.000144976,0.129864
270.799414,1,AUTO,ARMED,5,AVAILABLE,UNAVAILABLE,UNAVAILABLE,269,5,ACTIVE,41,E_P3_NEW3-A3.NC,E_P3_NEW3-A3.NC,41429.939,211856.19,5768.8,3461.1487,100,23.28333,29,50,0,8,100,9750.0,9310.35,2240.03,4.15635,0.000489867,0.536223,0,597.5384132,10633.8,2367.87,4.49087,0.000167138,0.250382,0,307.4707056,3770.69,1501.78,2.51081,0.00014231,0.257253,6,-323.2175878,5768.67,1753.8,3.28924,0.000236098,0.372239
270.938103,1,AUTO,ARMED,5,AVAILABLE,UNAVAILABLE,UNAVAILABLE,269,5,ACTIVE,41,E_P3_NEW3-A3.NC,E_P3_NEW3-A3.NC,41429.939,211856.19,5768.8,3461.1487,100,23.28333,29,50,0,10,100,9750.0,9310.35,2240.03,4.15635,0.000489867,0.536223,0,592.742199,10633.8,2367.87,4.49087,0.000167138,0.250382,0,307.4709202,3770.69,1501.78,2.51081,0.00014231,0.257253,6,-323.2175992,5768.67,1753.8,3.28924,0.000236098,0.372239
271.083563,1,AUTO,ARMED,5,AVAILABLE,UNAVAILABLE,UNAVAILABLE,269,5,ACTIVE,41,E_P3_NEW3-A3.NC,E_P3_NEW3-A3.NC,41429.939,211856.19,5768.8,4364.3057,100,23.28333,29,50,0,11,100,9750.0,9310.35,2240.03,4.15635,0.000489867,0.536223,0,587.9512993,10633.8,2367.87,4.49087,0.000167138,0.250382,0,307.4708916,3770.69,1501.78,2.51081,0.00014231,0.257253,6,-323.2175878,5768.67,1753.8,3.28924,0.000236098,0.372239
271.225637,1,AUTO,ARMED,5,AVAILABLE,UNAVAILABLE,UNAVAILABLE,269,5,ACTIVE,41,E_P3_NEW3-A3.NC,E_P3_NEW3-A3.NC,41429.939,211856.19,5768.8,4364.3057,100,23.28333,29,50,0,11,100,9750.0,9310.35,2240.03,4.15635,0.000489867,0.536223,0,585.5418195,10633.8,2367.87,4.49087,0.000167138,0.250382,0,307.4709202,3770.69,1501.78,2.51081,0.00014231,0.257253,6,-323.2175992,5768.67,1753.8,3.28924,0.000236098,0.372239
271.378555,1,AUTO,ARMED,5,AVAILABLE,UNAVAILABLE,UNAVAILABLE,269,5,ACTIVE,41,E_P3_NEW3-A3.NC,E_P3_NEW3-A3.NC,41429.939,211856.19,5768.8,4364.3057,100,23.28333,29,50,0,9,100,9750.0,9310.35,2240.03,4.15635,0.000489867,0.536223,0,583.149363,10633.8,2367.87,4.49087,0.000167138,0.250382,0,307.4709202,3770.69,1501.78,2.51081,0.00014231,0.257253,6,-323.2175878,5768.67,1753.8,3.28924,0.000236098,0.372239
271.521534,1,AUTO,ARMED,5,AVAILABLE,UNAVAILABLE,UNAVAILABLE,269,5,ACTIVE,41,E_P3_NEW3-A3.NC,E_P3_NEW3-A3.NC,41429.939,211856.19,5768.8,4364.3057,100,23.28333,30,50,0,9,100,9750.0,9310.35,2240.03,4.15635,0.000489867,0.536223,0,580.7511862,10633.8,2367.87,4.49087,0.000167138,0.250382,0,307.4708916,3770.69,1501.78,2.51081,0.00014231,0.257253,6,-323.2176106,5768.67,1753.8,3.28924,0.000236098,0.372239
271.678213,1,AUTO,ARMED,5,AVAILABLE,UNAVAILABLE,UNAVAILABLE,269,5,ACTIVE,41,E_P3_NEW3-A3.NC,E_P3_NEW3-A3.NC,41429.939,211856.19,5768.8,4364.3057,100,23.28333,30,50,0,9,100,9750.0,9310.35,2240.03,4.15635,0.000489867,0.536223,0,573.5566416,10633.8,2367.87,4.49087,0.000167138,0.250382,0,307.4709059,3770.69,1501.78,2.51081,0.00014231,0.257253,6,-323.2176106,5768.67,1753.8,3.28924,0.000236098,0.372239
271.831415,1,AUTO,ARMED,5,AVAILABLE,UNAVAILABLE,UNAVAILABLE,269,5,ACTIVE,41,E_P3_NEW3-A3.NC,E_P3_NEW3-A3.NC,41429.939,211856.19,5768.8,4364.3057,100,23.28333,30,50,0,9,100,9750.0,9310.35,2240.03,4.15635,0.000489867,0.536223,0,572.3572886,10633.8,2367.87,4.49087,0.000167138,0.250382,0,307.4709131,3770.69,1501.78,2.51081,0.00014231,0.257253,6,-323.2175992,5768.67,1753.8,3.28924,0.000236098,0.372239
271.972301,1,AUTO,ARMED,5,AVAILABLE,UNAVAILABLE,UNAVAILABLE,269,5,ACTIVE,41,E_P3_NEW3-A3.NC,E_P3_NEW3-A3.NC,41429.939,211856.19,5768.8,4364.3057,100,23.28333,30,50,0,9,100,9750.0,9670.28,2115.03,4.57217,0.000492566,0.532632,0,569.9535185,13322.3,3283.09,4.05785,0.000232619,0.299438,0,307.4709131,3794.71,1292.26,2.93649,0.000139278,0.226655,6,-323.2175992,5936.92,1776.67,3.3416,0.000202483,0.382016
272.111402,1,AUTO,ARMED,5,AVAILABLE,UNAVAILABLE,UNAVAILABLE,269,5,ACTIVE,41,E_P3_NEW3-A3.NC,E_P3_NEW3-A3.NC,41429.939,211856.19,5768.8,4410.9907,100,23.28333,30,50,0,9,100,9750.0,9670.28,2115.03,4.57217,0.000492566,0.532632,0,565.157401,13322.3,3283.09,4.05785,0.000232619,0.299438,0,307.4708916,3794.71,1292.26,2.93649,0.000139278,0.226655,6,-323.2176221,5936.92,1776.67,3.3416,0.000202483,0.382016
272.249551,1,AUTO,ARMED,5,AVAILABLE,UNAVAILABLE,UNAVAILABLE,269,5,ACTIVE,41,E_P3_NEW3-A3.NC,E_P3_NEW3-A3.NC,41429.939,211856.19,5768.8,4410.9907,100,23.28333,30,50,0,9,100,9750.0,9670.28,2115.03,4.57217,0.000492566,0.532632,0,562.764696,13322.3,3283.09,4.05785,0.000232619,0.299438,0,307.4709131,3794.71,1292.26,2.93649,0.000139278,0.226655,6,-323.2175878,5936.92,1776.67,3.3416,0.000202483,0.382016
272.386475,1,AUTO,ARMED,5,AVAILABLE,UNAVAILABLE,UNAVAILABLE,269,5,ACTIVE,41,E_P3_NEW3-A3.NC,E_P3_NEW3-A3.NC,41429.939,211856.19,5768.8,4410.9907,100,23.28333,30,50,0,8,100,9750.0,9670.28,2115.03,4.57217,0.000492566,0.532632,0,560.3606398,13322.3,3283.09,4.05785,0.000232619,0.299438,0,307.4708988,3794.71,1292.26,2.93649,0.000139278,0.226655,6,-323.2175878,5936.92,1776.67,3.3416,0.000202483,0.382016
272.526949,1,AUTO,ARMED,5,AVAILABLE,UNAVAILABLE,UNAVAILABLE,269,5,ACTIVE,41,E_P3_NEW3-A3.NC,E_P3_NEW3-A3.NC,41429.939,211856.19,5768.8,4410.9907,100,23.28333,30,50,0,9,100,9750.0,9670.28,2115.03,4.57217,0.000492566,0.532632,0,555.5700766,13322.3,3283.09,4.05785,0.000232619,0.299438,0,307.4709059,3794.71,1292.26,2.93649,0.000139278,0.226655,6,-323.2175878,5936.92,1776.67,3.3416,0.000202483,0.382016
272.665233,1,AUTO,ARMED,5,AVAILABLE,UNAVAILABLE,UNAVAILABLE,269,5,ACTIVE,41,E_P3_NEW3-A3.NC,E_P3_NEW3-A3.NC,41429.939,211856.19,5768.8,4410.9907,100,23.28333,31,50,0,9,100,9750.0,9670.28,2115.03,4.57217,0.000492566,0.532632,0,553.1663663,13322.3,3283.09,4.05785,0.000232619,0.299438,0,307.4709131,3794.71,1292.26,2.93649,0.000139278,0.226655,6,-323.2175992,5936.92,1776.67,3.3416,0.000202483,0.382016
272.826687,1,AUTO,ARMED,5,AVAILABLE,UNAVAILABLE,UNAVAILABLE,269,5,ACTIVE,41,E_P3_NEW3-A3.NC,E_P3_NEW3-A3.NC,41429.939,211856.19,5768.8,4410.9907,100,23.28333,31,50,0,9,100,9750.0,9670.28,2115.03,4.57217,0.000492566,0.532632,0,548.3757252,13322.3,3283.09,4.05785,0.000232619,0.299438,0,307.4708916,3794.71,1292.26,2.93649,0.000139278,0.226655,6,-323.2175878,5936.92,1776.67,3.3416,0.000202483,0.382016
272.977632,1,AUTO,ARMED,5,AVAILABLE,UNAVAILABLE,UNAVAILABLE,269,5,ACTIVE,41,E_P3_NEW3-A3.NC,E_P3_NEW3-A3.NC,41429.939,211856.19,5768.8,4410.9907,100,23.28333,31,50,0,9,100,9750.0,7558.66,350.264,21.5799,0.000384838,0.301852,0,545.971693,11810.0,272.205,43.3864,0.000194923,0.121398,0,307.4709202,3314.37,126.336,26.2346,0.000120602,0.0869446,6,-323.2176106,5336.02,386.146,13.8187,0.000165987,0.127513
273.136018,1,AUTO,ARMED,5,AVAILABLE,UNAVAILABLE,UNAVAILABLE,269,5,ACTIVE,41,E_P3_NEW3-A3.NC,E_P3_NEW3-A3.NC,41429.939,211856.19,5768.8,4410.9907,100,23.28333,31,50,0,9,100,9750.0,7558.66,350.264,21.5799,0.000384838,0.301852,0,543.5737046,11810.0,272.205,43.3864,0.000194923,0.121398,0,307.4710203,3314.37,126.336,26.2346,0.000120602,0.0869446,6,-323.2175992,5336.02,386.146,13.8187,0.000165987,0.127513
273.27589,1,AUTO,ARMED,5,AVAILABLE,UNAVAILABLE,UNAVAILABLE,269,5,ACTIVE,41,E_P3_NEW3-A3.NC,E_P3_NEW3-A3.NC,41429.939,211856.19,5768.8,3407.8406,100,23.28333,31,50,0,6,100,9750.0,7558.66,350.264,21.5799,0.000384838,0.301852,0,536.3788811,11810.0,272.205,43.3864,0.000194923,0.121398,0,307.4709202,3314.37,126.336,26.2346,0.000120602,0.0869446,6,-323.2175878,5336.02,386.146,13.8187,0.000165987,0.127513
273.415658,1,AUTO,ARMED,5,AVAILABLE,UNAVAILABLE,UNAVAILABLE,269,5,ACTIVE,41,E_P3_NEW3-A3.NC,E_P3_NEW3-A3.NC,41429.939,211856.19,5768.8,3407.8406,100,23.28333,31,50,0,2,100,9750.0,7558.66,350.264,21.5799,0.000384838,0.301852,0,533.9809786,11810.0,272.205,43.3864,0.000194923,0.121398,0,307.4709131,3314.37,126.336,26.2346,0.000120602,0.0869446,6,-323.2176106,5336.02,386.146,13.8187,0.000165987,0.127513
273.562428,1,AUTO,ARMED,5,AVAILABLE,UNAVAILABLE,UNAVAILABLE,269,5,ACTIVE,41,E_P3_NEW3-A3.NC,E_P3_NEW3-A3.NC,41429.939,211856.19,5768.8,3407.8406,100,23.28333,32,50,0,2,100,9750.0,7558.66,350.264,21.5799,0.000384838,0.301852,0,531.5826434,11810.0,272.205,43.3864,0.000194923,0.121398,0,307.4708988,3314.37,126.336,26.2346,0.000120602,0.0869446,6,-323.2175992,5336.02,386.146,13.8187,0.000165987,0.127513
273.698644,1,AUTO,ARMED,5,AVAILABLE,UNAVAILABLE,UNAVAILABLE,269,5,ACTIVE,41,E_P3_NEW3-A3.NC,E_P3_NEW3-A3.NC,41429.939,211856.19,5768.8,3407.8406,100,22.13333,32,50,0,3,100,9750.0,7558.66,350.264,21.5799,0.000384838,0.301852,0,530.3909404,11810.0,272.205,43.3864,0.000194923,0.121398,0,307.4709059,3314.37,126.336,26.2346,0.000120602,0.0869446,6,-323.2175878,5336.02,386.146,13.8187,0.000165987,0.127513
273.836862,1,AUTO,ARMED,5,AVAILABLE,UNAVAILABLE,UNAVAILABLE,270,5,ACTIVE,41,E_P3_NEW3-A3.NC,E_P3_NEW3-A3.NC,41429.939,211856.19,5768.8,3407.8406,100,10.5,32,50,0,3,100,9750.0,7558.66,350.264,21.5799,0.000384838,0.301852,0,530.3867132,11810.0,272.205,43.3864,0.000194923,0.121398,0,307.4708988,3314.37,126.336,26.2346,0.000120602,0.0869446,6,-323.2175992,5336.02,386.146,13.8187,0.000165987,0.127513
273.986863,1,AUTO,ARMED,5,AVAILABLE,UNAVAILABLE,UNAVAILABLE,270,5,ACTIVE,41,E_P3_NEW3-A3.NC,E_P3_NEW3-A3.NC,41429.939,211856.19,5768.8,3407.8406,100,0.0,32,50,0,4,100,9750.0,4007.29,355.771,11.2637,0.000381453,0.313712,0,530.3866989,2184.38,112.31,19.4496,0.00011613,0.0890722,0,307.4709059,672.48,153.766,4.3734,0.000275852,0.102939,6,-323.2176106,1297.95,438.35,2.96099,0.000400593,0.153284
274.139614,1,AUTO,ARMED,5,AVAILABLE,UNAVAILABLE,UNAVAILABLE,270,5,ACTIVE,41,E_P3_NEW3-A3.NC,E_P3_NEW3-A3.NC,41429.939,211856.19,5768.8,3407.8406,100,0.0,32,50,0,4,100,9750.0,4007.29,355.771,11.2637,0.000381453,0.313712,0,530.3867418,2184.38,112.31,19.4496,0.00011613,0.0890722,0,307.4708988,672.48,153.766,4.3734,0.000275852,0.102939,6,-323.2175992,1297.95,438.35,2.96099,0.000400593,0.153284
274.279236,1,AUTO,ARMED,5,AVAILABLE,UNAVAILABLE,UNAVAILABLE,270,5,ACTIVE,41,E_P3_NEW3-A3.NC,E_P3_NEW3-A3.NC,41429.939,211856.19,5768.8,3417.0464,100,0.0,32,50,0,4,100,9750.0,4007.29,355.771,11.2637,0.000381453,0.313712,0,530.3867561,2184.38,112.31,19.4496,0.00011613,0.0890722,0,307.4708916,672.48,153.766,4.3734,0.000275852,0.102939,6,-323.2175992,1297.95,438.35,2.96099,0.000400593,0.153284
274.424572,1,AUTO,ARMED,5,AVAILABLE,UNAVAILABLE,UNAVAILABLE,270,5,ACTIVE,41,E_P3_NEW3-A3.NC,E_P3_NEW3-A3.NC,41429.939,211856.19,5768.8,3417.0464,100,0.0,32,50,0,4,100,9750.0,4007.29,355.771,11.2637,0.000381453,0.313712,0,530.3867704,2184.38,112.31,19.4496,0.00011613,0.0890722,0,307.4708988,672.48,153.766,4.3734,0.000275852,0.102939,6,-323.2175878,1297.95,438.35,2.96099,0.000400593,0.153284
274.564039,1,AUTO,ARMED,5,AVAILABLE,UNAVAILABLE,UNAVAILABLE,270,5,ACTIVE,41,E_P3_NEW3-A3.NC,E_P3_NEW3-A3.NC,41429.939,211856.19,5768.8,3417.0464,100,0.0,33,50,0,4,100,9750.0,4007.29,355.771,11.2637,0.000381453,0.313712,0,530.3867847,2184.38,112.31,19.4496,0.00011613,0.0890722,0,307.4708988,672.48,153.766,4.3734,0.000275852,0.102939,6,-323.2175992,1297.95,438.35,2.96099,0.000400593,0.153284
274.706865,1,AUTO,ARMED,5,AVAILABLE,UNAVAILABLE,UNAVAILABLE,270,5,ACTIVE,41,E_P3_NEW3-A3.NC,E_P3_NEW3-A3.NC,41429.939,211856.19,5768.8,3417.0464,100,0.0,33,50,0,4,100,9750.0,4007.29,355.771,11.2637,0.000381453,0.313712,0,530.3867847,2184.38,112.31,19.4496,0.00011613,0.0890722,0,307.4708988,672.48,153.766,4.3734,0.000275852,0.102939,6,-323.2176106,1297.95,438.35,2.96099,0.000400593,0.153284
274.864296,1,AUTO,ARMED,5,AVAILABLE,UNAVAILABLE,UNAVAILABLE,274,5,ACTIVE,41,E_P3_NEW3-A3.NC,E_P3_NEW3-A3.NC,41429.939,211856.19,5768.8,3417.0464,100,0.0,33,50,0,4,100,9750.0,4007.29,355.771,11.2637,0.000381453,0.313712,0,530.3867847,2184.38,112.31,19.4496,0.00011613,0.0890722,0,307.5993103,672.48,153.766,4.3734,0.000275852,0.102939,6,-323.2175992,1297.95,438.35,2.96099,0.000400593,0.153284
275.037046,1,AUTO,ARMED,5,AVAILABLE,UNAVAILABLE,UNAVAILABLE,274,5,ACTIVE,41,E_P3_NEW3-A3.NC,E_P3_NEW3-A3.NC,41429.939,211856.19,5768.8,3417.0464,100,0.0,33,50,0,4,100,9750.0,4127.27,367.662,11.2257,0.000380471,0.313292,0,530.3867919,1104.19,206.767,5.34026,0.000260516,0.109343,0,307.5979013,672.48,116.86,5.75458,0.000120374,0.0812179,6,-323.2175992,1394.09,387.785,3.59501,0.00017429,0.123477
275.176635,1,AUTO,ARMED,5,AVAILABLE,UNAVAILABLE,UNAVAILABLE,274,5,ACTIVE,41,E_P3_NEW3-A3.NC,E_P3_NEW3-A3.NC,41429.939,211856.19,5768.8,3417.0464,100,0.0,33,50,0,4,100,9750.0,4127.27,367.662,11.2257,0.000380471,0.313292,0,530.386799,1104.19,206.767,5.34026,0.000260516,0.109343,0,307.5979013,672.48,116.86,5.75458,0.000120374,0.0812179,6,-323.2175992,1394.09,387.785,3.59501,0.00017429,0.123477
275.357317,1,AUTO,ARMED,5,AVAILABLE,UNAVAILABLE,UNAVAILABLE,274,5,ACTIVE,41,E_P3_NEW3-A3.NC,E_P3_NEW3-A3.NC,41429.939,211856.19,5768.8,3417.0464,100,0.0,33,50,0,4,100,9750.0,4127.27,367.662,11.2257,0.000380471,0.313292,0,530.386799,1104.19,206.767,5.34026,0.000260516,0.109343,0,307.5979013,672.48,116.86,5.75458,0.000120374,0.0812179,6,-323.2175992,1394.09,387.785,3.59501,0.00017429,0.123477
275.50069,1,AUTO,ARMED,5,AVAILABLE,UNAVAILABLE,UNAVAILABLE,274,5,ACTIVE,41,E_P3_NEW3-A3.NC,E_P3_NEW3-A3.NC,41429.939,211856.19,5768.8,3448.0396,100,0.0,33,50,0,4,100,9750.0,4127.27,367.662,11.2257,0.000380471,0.313292,0,530.386799,1104.19,206.767,5.34026,0.000260516,0.109343,0,307.5979084,672.48,116.86,5.75458,0.000120374,0.0812179,6,-323.2175878,1394.09,387.785,3.59501,0.00017429,0.123477
275.655931,1,AUTO,ARMED,5,AVAILABLE,UNAVAILABLE,UNAVAILABLE,274,5,ACTIVE,41,E_P3_NEW3-A3.NC,E_P3_NEW3-A3.NC,41429.939,211856.19,5768.8,3448.0396,100,0.0,34,50,0,4,100,9750.0,4127.27,367.662,11.2257,0.000380471,0.313292,0,530.386799,1104.19,206.767,5.34026,0.000260516,0.109343,0,307.5978941,672.48,116.86,5.75458,0.000120374,0.0812179,6,-323.2175878,1394.09,387.785,3.59501,0.00017429,0.123477
275.810651,1,AUTO,ARMED,5,AVAILABLE,UNAVAILABLE,UNAVAILABLE,275,5,ACTIVE,41,E_P3_NEW3-A3.NC,E_P3_NEW3-A3.NC,41429.939,211856.19,5768.8,3448.0396,100,0.0,34,50,0,4,100,9750.0,4127.27,367.662,11.2257,0.000380471,0.313292,0,530.386799,1104.19,206.767,5.34026,0.000260516,0.109343,0,307.5978941,672.48,116.86,5.75458,0.000120374,0.0812179,6,-323.2175992,1394.09,387.785,3.59501,0.00017429,0.123477
275.96776,1,AUTO,ARMED,5,AVAILABLE,UNAVAILABLE,UNAVAILABLE,275,5,ACTIVE,41,E_P3_NEW3-A3.NC,E_P3_NEW3-A3.NC,41429.939,211856.19,5768.8,3448.0396,100,27.51667,34,50,0,3,100,9750.0,4127.27,367.662,11.2257,0.000380471,0.313292,0,536.9932243,1104.19,206.767,5.34026,0.000260516,0.109343,0,307.5978941,672.48,116.86,5.75458,0.000120374,0.0812179,6,-323.2175878,1394.09,387.785,3.59501,0.00017429,0.123477
276.107963,1,AUTO,ARMED,5,AVAILABLE,UNAVAILABLE,UNAVAILABLE,275,5,ACTIVE,41,E_P3_NEW3-A3.NC,E_P3_NEW3-A3.NC,41429.939,211856.19,5768.8,3448.0396,100,27.51667,34,50,0,4,100,9750.0,16941.0,3860.83,4.38792,0.000483883,0.683617,0,539.8347013,15578.7,2395.73,6.50269,0.0002206,0.269909,0,307.5979013,5644.03,1888.44,2.98873,0.000144024,0.259784,6,-323.2175992,9782.7,2613.38,3.74331,0.0002527,0.587632
276.262556,1,AUTO,ARMED,5,AVAILABLE,UNAVAILABLE,UNAVAILABLE,275,5,ACTIVE,41,E_P3_NEW3-A3.NC,E_P3_NEW3-A3.NC,41429.939,211856.19,5768.8,3448.0396,100,27.51667,34,50,0,4,100,9750.0,16941.0,3860.83,4.38792,0.000483883,0.683617,0,539.8347013,15578.7,2395.73,6.50269,0.0002206,0.269909,0,307.5979013,5644.03,1888.44,2.98873,0.000144024,0.259784,6,-323.2175992,9782.7,2613.38,3.74331,0.0002527,0.587632
276.415034,1,AUTO,ARMED,5,AVAILABLE,UNAVAILABLE,UNAVAILABLE,275,5,ACTIVE,41,E_P3_NEW3-A3.NC,E_P3_NEW3-A3.NC,41429.939,211856.19,5768.8,3448.0396,100,27.51667,34,50,0,10,100,9750.0,16941.0,3860.83,4.38792,0.000483883,0.683617,1,548.3439047,15578.7,2395.73,6.50269,0.0002206,0.269909,0,307.5978369,5644.03,1888.44,2.98873,0.000144024,0.259784,6,-323.2175992,9782.7,2613.38,3.74331,0.0002527,0.587632
276.562803,1,AUTO,ARMED,5,AVAILABLE,UNAVAILABLE,UNAVAILABLE,275,5,ACTIVE,41,E_P3_NEW3-A3.NC,E_P3_NEW3-A3.NC,41429.939,211856.19,5768.8,4677.0488,100,27.51667,35,50,0,12,100,9750.0,16941.0,3860.83,4.38792,0.000483883,0.683617,1,551.1781577,15578.7,2395.73,6.50269,0.0002206,0.269909,0,307.597887,5644.03,1888.44,2.98873,0.000144024,0.259784,6,-323.2176221,9782.7,2613.38,3.74331,0.0002527,0.587632
276.727462,1,AUTO,ARMED,5,AVAILABLE,UNAVAILABLE,UNAVAILABLE,275,5,ACTIVE,41,E_P3_NEW3-A3.NC,E_P3_NEW3-A3.NC,41429.939,211856.19,5768.8,4677.0488,100,27.51667,35,50,0,12,100,9750.0,16941.0,3860.83,4.38792,0.000483883,0.683617,1,554.0055014,15578.7,2395.73,6.50269,0.0002206,0.269909,0,307.5979013,5644.03,1888.44,2.98873,0.000144024,0.259784,6,-323.2175763,9782.7,2613.38,3.74331,0.0002527,0.587632
276.875382,1,AUTO,ARMED,5,AVAILABLE,UNAVAILABLE,UNAVAILABLE,275,5,ACTIVE,41,E_P3_NEW3-A3.NC,E_P3_NEW3-A3.NC,41429.939,211856.19,5768.8,4677.0488,100,27.51667,35,50,0,12,100,9750.0,16941.0,3860.83,4.38792,0.000483883,0.683617,1,559.6807022,15578.7,2395.73,6.50269,0.0002206,0.269909,0,307.5978941,5644.03,1888.44,2.98873,0.000144024,0.259784,6,-323.2176106,9782.7,2613.38,3.74331,0.0002527,0.587632
277.035581,1,AUTO,ARMED,5,AVAILABLE,UNAVAILABLE,UNAVAILABLE,275,5,ACTIVE,41,E_P3_NEW3-A3.NC,E_P3_NEW3-A3.NC,41429.939,211856.19,5768.8,4677.0488,100,27.51667,35,50,0,10,100,9750.0,16941.0,3860.83,4.38792,0.000483883,0.683617,1,562.5083268,15578.7,2395.73,6.50269,0.0002206,0.269909,0,307.5979084,5644.03,1888.44,2.98873,0.000144024,0.259784,6,-323.2175878,9782.7,2613.38,3.74331,0.0002527,0.587632
277.190408,1,AUTO,ARMED,5,AVAILABLE,UNAVAILABLE,UNAVAILABLE,275,5,ACTIVE,41,E_P3_NEW3-A3.NC,E_P3_NEW3-A3.NC,41429.939,211856.19,5768.8,4677.0488,100,27.51667,35,50,0,10,100,9750.0,13509.6,3377.99,3.9993,0.000475446,0.657585,1,571.0177221,15338.6,2297.75,6.67549,0.000154483,0.252576,0,307.5979084,4995.57,1982.98,2.51922,0.000171192,0.282629,6,-323.2175763,8869.33,2508.18,3.53616,0.00028145,0.548704
277.331678,1,AUTO,ARMED,5,AVAILABLE,UNAVAILABLE,UNAVAILABLE,275,5,ACTIVE,41,E_P3_NEW3-A3.NC,E_P3_NEW3-A3.NC,41429.939,211856.19,5768.8,4677.0488,100,27.51667,35,50,0,9,100,9750.0,13509.6,3377.99,3.9993,0.000475446,0.657585,1,573.8520844,15338.6,2297.75,6.67549,0.000154483,0.252576,0,307.5979084,4995.57,1982.98,2.51922,0.000171192,0.282629,6,-323.2176106,8869.33,2508.18,3.53616,0.00028145,0.548704
277.469402,1,AUTO,ARMED,5,AVAILABLE,UNAVAILABLE,UNAVAILABLE,275,5,ACTIVE,41,E_P3_NEW3-A3.NC,E_P3_NEW3-A3.NC,41429.939,211856.19,5768.8,4617.8599,100,27.51667,35,50,0,10,100,9750.0,13509.6,3377.99,3.9993,0.000475446,0.657585,1,576.6929912,15338.6,2297.75,6.67549,0.000154483,0.252576,0,307.5978941,4995.57,1982.98,2.51922,0.000171192,0.282629,6,-323.2175878,8869.33,2508.18,3.53616,0.00028145,0.548704
277.611566,1,AUTO,ARMED,5,AVAILABLE,UNAVAILABLE,UNAVAILABLE,275,5,ACTIVE,41,E_P3_NEW3-A3.NC,E_P3_NEW3-A3.NC,41429.939,211856.19,5768.8,4617.8599,100,27.51667,36,50,0,10,100,9750.0,13509.6,3377.99,3.9993,0.000475446,0.657585,1,579.5205443,15338.6,2297.75,6.67549,0.000154483,0.252576,0,307.597887,4995.57,1982.98,2.51922,0.000171192,0.282629,6,-323.2175992,8869.33,2508.18,3.53616,0.00028145,0.548704
277.762358,1,AUTO,ARMED,5,AVAILABLE,UNAVAILABLE,UNAVAILABLE,275,5,ACTIVE,41,E_P3_NEW3-A3.NC,E_P3_NEW3-A3.NC,41429.939,211856.19,5768.8,4617.8599,100,27.51667,36,50,0,10,100,9750.0,13509.6,3377.99,3.9993,0.000475446,0.657585,1,583.7715477,15338.6,2297.75,6.67549,0.000154483,0.252576,0,307.5978798,4995.57,1982.98,2.51922,0.000171192,0.282629,6,-323.2176106,8869.33,2508.18,3.53616,0.00028145,0.548704
277.921251,1,AUTO,ARMED,5,AVAILABLE,UNAVAILABLE,UNAVAILABLE,275,5,ACTIVE,41,E_P3_NEW3-A3.NC,E_P3_NEW3-A3.NC,41429.939,211856.19,5768.8,4617.8599,100,27.51667,36,50,0,10,100,9750.0,13509.6,3377.99,3.9993,0.000475446,0.657585,1,586.6128976,15338.6,2297.75,6.67549,0.000154483,0.252576,0,307.5979013,4995.57,1982.98,2.51922,0.000171192,0.282629,6,-323.2175878,8869.33,2508.18,3.53616,0.00028145,0.548704
278.075412,1,AUTO,ARMED,5,AVAILABLE,UNAVAILABLE,UNAVAILABLE,275,5,ACTIVE,41,E_P3_NEW3-A3.NC,E_P3_NEW3-A3.NC,41429.939,211856.19,5768.8,4617.8599,100,27.51667,36,50,0,9,100,9750.0,13509.6,3377.99,3.9993,0.000475446,0.657585,1,592.274452,15338.6,2297.75,6.67549,0.000154483,0.252576,0,307.5979156,4995.57,1982.98,2.51922,0.000171192,0.282629,6,-323.2175763,8869.33,2508.18,3.53616,0.00028145,0.548704
278.232717,1,AUTO,ARMED,5,AVAILABLE,UNAVAILABLE,UNAVAILABLE,275,5,ACTIVE,41,E_P3_NEW3-A3.NC,E_P3_NEW3-A3.NC,41429.939,211856.19,5768.8,4617.8599,100,27.51667,36,50,0,10,100,9750.0,10870.1,363.319,29.9189,0.000379657,0.312335,1,597.9566199,11930.1,96.4037,123.751,0.000151888,0.0876674,0,307.5978941,4827.45,107.497,44.9078,0.000121259,0.0861467,6,-323.2175992,8148.25,409.981,19.8747,0.00010282,0.129762
278.379267,1,AUTO,ARMED,5,AVAILABLE,UNAVAILABLE,UNAVAILABLE,275,5,ACTIVE,41,E_P3_NEW3-A3.NC,E_P3_NEW3-A3.NC,41429.939,211856.19,5768.8,4617.8599,100,27.51667,36,50,0,10,100,9750.0,10870.1,363.319,29.9189,0.000379657,0.312335,1,597.9566199,11930.1,96.4037,123.751,0.000151888,0.0876674,0,307.5978941,4827.45,107.497,44.9078,0.000121259,0.0861467,6,-323.2175992,8148.25,409.981,19.8747,0.00010282,0.129762
278.523333,1,AUTO,ARMED,5,AVAILABLE,UNAVAILABLE,UNAVAILABLE,275,5,ACTIVE,41,E_P3_NEW3-A3.NC,E_P3_NEW3-A3.NC,41429.939,211856.19,5768.8,3492.4219,100,27.51667,37,50,0,3,100,9750.0,10870.1,363.319,29.9189,0.000379657,0.312335,0,606.4591009,11930.1,96.4037,123.751,0.000151888,0.0876674,0,307.5979156,4827.45,107.497,44.9078,0.000121259,0.0861467,6,-323.2175992,8148.25,409.981,19.8747,0.00010282,0.129762
278.690381,1,AUTO,ARMED,5,AVAILABLE,UNAVAILABLE,UNAVAILABLE,275,5,ACTIVE,41,E_P3_NEW3-A3.NC,E_P3_NEW3-A3.NC,41429.939,211856.19,5768.8,3492.4219,100,27.51667,37,50,0,3,100,9750.0,10870.1,363.319,29.9189,0.000379657,0.312335,0,609.2865593,11930.1,96.4037,123.751,0.000151888,0.0876674,0,307.5979013,4827.45,107.497,44.9078,0.000121259,0.0861467,6,-323.2175992,8148.25,409.981,19.8747,0.00010282,0.129762
278.831892,1,AUTO,ARMED,5,AVAILABLE,UNAVAILABLE,UNAVAILABLE,275,5,ACTIVE,41,E_P3_NEW3-A3.NC,E_P3_NEW3-A3.NC,41429.939,211856.19,5768.8,3492.4219,100,27.51667,37,50,0,2,100,9750.0,10870.1,363.319,29.9189,0.000379657,0.312335,0,611.6284636,11930.1,96.4037,123.751,0.000151888,0.0876674,0,307.5979013,4827.45,107.497,44.9078,0.000121259,0.0861467,6,-323.2176106,8148.25,409.981,19.8747,0.00010282,0.129762
278.980459,1,AUTO,ARMED,5,AVAILABLE,UNAVAILABLE,UNAVAILABLE,276,5,ACTIVE,41,E_P3_NEW3-A3.NC,E_P3_NEW3-A3.NC,41429.939,211856.19,5768.8,3492.4219,100,0.0,37,50,0,4,100,9750.0,10870.1,363.319,29.9189,0.000379657,0.312335,0,611.6668867,11930.1,96.4037,123.751,0.000151888,0.0876674,0,307.5979013,4827.45,107.497,44.9078,0.000121259,0.0861467,6,-323.2176106,8148.25,409.981,19.8747,0.00010282,0.129762
279.130406,1,AUTO,ARMED,5,AVAILABLE,UNAVAILABLE,UNAVAILABLE,276,5,ACTIVE,41,E_P3_NEW3-A3.NC,E_P3_NEW3-A3.NC,41790.288,211856.19,5768.8,3492.4219,100,0.0,37,50,0,4,100,9750.0,10870.1,363.319,29.9189,0.000379657,0.312335,0,611.6668652,11930.1,96.4037,123.751,0.000151888,0.0876674,0,307.5979013,4827.45,107.497,44.9078,0.000121259,0.0861467,6,-323.2175992,8148.25,409.981,19.8747,0.00010282,0.129762
279.294333,1,AUTO,ARMED,5,AVAILABLE,UNAVAILABLE,UNAVAILABLE,276,5,ACTIVE,41,E_P3_NEW3-A3.NC,E_P3_NEW3-A3.NC,41790.288,211856.19,5768.8,3492.4219,100,0.0,37,50,0,5,100,9750.0,4127.27,353.838,11.6643,0.000431468,0.306284,0,611.6668366,7921.37,254.782,31.0908,0.000178698,0.11245,0,307.5979013,816.582,158.854,5.14046,0.000122607,0.0879331,6,-323.2175992,1442.17,399.079,3.61375,0.000576261,0.165154
279.451027,1,AUTO,ARMED,5,AVAILABLE,UNAVAILABLE,UNAVAILABLE,276,5,ACTIVE,41,E_P3_NEW3-A3.NC,E_P3_NEW3-A3.NC,41790.288,211856.19,5768.8,3492.4219,100,0.0,37,50,0,5,100,9750.0,4127.27,353.838,11.6643,0.000431468,0.306284,0,611.6668152,7921.37,254.782,31.0908,0.000178698,0.11245,0,307.5979013,816.582,158.854,5.14046,0.000122607,0.0879331,6,-323.2175763,1442.17,399.079,3.61375,0.000576261,0.165154
279.600649,1,AUTO,ARMED,5,AVAILABLE,UNAVAILABLE,UNAVAILABLE,276,5,ACTIVE,41,E_P3_NEW3-A3.NC,E_P3_NEW3-A3.NC,41790.288,211856.19,5768.8,3454.4739,100,0.0,38,50,0,4,100,9750.0,4127.27,353.838,11.6643,0.000431468,0.306284,0,611.6668152,7921.37,254.782,31.0908,0.000178698,0.11245,0,307.5978941,816.582,158.854,5.14046,0.000122607,0.0879331,6,-323.2176106,1442.17,399.079,3.61375,0.000576261,0.165154
279.744535,1,AUTO,ARMED,5,AVAILABLE,UNAVAILABLE,UNAVAILABLE,276,5,ACTIVE,41,E_P3_NEW3-A3.NC,E_P3_NEW3-A3.NC,41790.288,211856.19,5768.8,3454.4739,100,0.0,38,50,0,5,100,9750.0,4127.27,353.838,11.6643,0.000431468,0.306284,0,611.666808,7921.37,254.782,31.0908,0.000178698,0.11245,0,307.5979013,816.582,158.854,5.14046,0.000122607,0.0879331,6,-323.2175992,1442.17,399.079,3.61375,0.000576261,0.165154
279.902017,1,AUTO,ARMED,5,AVAILABLE,UNAVAILABLE,UNAVAILABLE,278,5,ACTIVE,41,E_P3_NEW3-A3.NC,E_P3_NEW3-A3.NC,41790.288,211856.19,5768.8,3454.4739,100,0.0,38,50,0,4,100,9750.0,4127.27,353.838,11.6643,0.000431468,0.306284,0,611.671002,7921.37,254.782,31.0908,0.000178698,0.11245,0,307.652662,816.582,158.854,5.14046,0.000122607,0.0879331,6,-323.2176106,1442.17,399.079,3.61375,0.000576261,0.165154
280.051598,1,AUTO,ARMED,5,AVAILABLE,UNAVAILABLE,UNAVAILABLE,278,5,ACTIVE,41,E_P3_NEW3-A3.NC,E_P3_NEW3-A3.NC,41790.288,211856.19,5768.8,3454.4739,100,27.51667,38,50,0,4,100,9750.0,4127.27,353.838,11.6643,0.000431468,0.306284,1,607.3938439,7921.37,254.782,31.0908,0.000178698,0.11245,0,307.7250468,816.582,158.854,5.14046,0.000122607,0.0879331,6,-323.2175992,1442.17,399.079,3.61375,0.000576261,0.165154
280.217526,1,AUTO,ARMED,5,AVAILABLE,UNAVAILABLE,UNAVAILABLE,278,5,ACTIVE,41,E_P3_NEW3-A3.NC,E_P3_NEW3-A3.NC,41790.288,211856.19,5768.8,3454.4739,100,27.51667,38,50,0,4,100,9750.0,4127.27,353.838,11.6643,0.000431468,0.306284,0,601.7189356,7921.37,254.782,31.0908,0.000178698,0.11245,0,307.7249038,816.582,158.854,5.14046,0.000122607,0.0879331,6,-323.2175992,1442.17,399.079,3.61375,0.000576261,0.165154
280.365398,1,AUTO,ARMED,5,AVAILABLE,UNAVAILABLE,UNAVAILABLE,278,5,ACTIVE,41,E_P3_NEW3-A3.NC,E_P3_NEW3-A3.NC,41790.288,211856.19,5768.8,3454.4739,100,27.51667,38,50,0,5,100,9750.0,10150.2,2414.73,4.20345,0.000473053,0.539458,0,598.8844748,12530.2,2485.7,5.04091,0.000222035,0.248242,0,307.724539,4443.17,1533.68,2.89706,0.000121251,0.260507,6,-323.2176221,6177.28,1817.62,3.39855,0.000195447,0.390623
280.530745,1,AUTO,ARMED,5,AVAILABLE,UNAVAILABLE,UNAVAILABLE,278,5,ACTIVE,41,E_P3_NEW3-A3.NC,E_P3_NEW3-A3.NC,41790.288,211856.19,5768.8,3454.4739,100,27.51667,39,50,0,9,100,9750.0,10150.2,2414.73,4.20345,0.000473053,0.539458,0,593.2166047,12530.2,2485.7,5.04091,0.000222035,0.248242,0,307.724868,4443.17,1533.68,2.89706,0.000121251,0.260507,6,-323.2176106,6177.28,1817.62,3.39855,0.000195447,0.390623
280.673789,1,AUTO,ARMED,5,AVAILABLE,UNAVAILABLE,UNAVAILABLE,278,5,ACTIVE,41,E_P3_NEW3-A3.NC,E_P3_NEW3-A3.NC,41790.288,211856.19,5768.8,4428.6665,100,27.51667,39,50,0,11,100,9750.0,10150.2,2414.73,4.20345,0.000473053,0.539458,0,590.3820152,12530.2,2485.7,5.04091,0.000222035,0.248242,0,307.7249181,4443.17,1533.68,2.89706,0.000121251,0.260507,6,-323.2176106,6177.28,1817.62,3.39855,0.000195447,0.390623
280.815566,1,AUTO,ARMED,5,AVAILABLE,UNAVAILABLE,UNAVAILABLE,278,5,ACTIVE,41,E_P3_NEW3-A3.NC,E_P3_NEW3-A3.NC,41790.288,211856.19,5768.8,4428.6665,100,27.51667,39,50,0,11,100,9750.0,10150.2,2414.73,4.20345,0.000473053,0.539458,0,587.5480051,12530.2,2485.7,5.04091,0.000222035,0.248242,0,307.7249109,4443.17,1533.68,2.89706,0.000121251,0.260507,6,-323.2175878,6177.28,1817.62,3.39855,0.000195447,0.390623
280.954361,1,AUTO,ARMED,5,AVAILABLE,UNAVAILABLE,UNAVAILABLE,278,5,ACTIVE,41,E_P3_NEW3-A3.NC,E_P3_NEW3-A3.NC,41790.288,211856.19,5768.8,4428.6665,100,27.51667,39,50,0,10,100,9750.0,10150.2,2414.73,4.20345,0.000473053,0.539458,0,584.7068494,12530.2,2485.7,5.04091,0.000222035,0.248242,0,307.7248966,4443.17,1533.68,2.89706,0.000121251,0.260507,6,-323.2176106,6177.28,1817.62,3.39855,0.000195447,0.390623
281.127727,1,AUTO,ARMED,5,AVAILABLE,UNAVAILABLE,UNAVAILABLE,278,5,ACTIVE,41,E_P3_NEW3-A3.NC,E_P3_NEW3-A3.NC,41790.288,211856.19,5768.8,4428.6665,100,27.51667,39,50,0,8,100,9750.0,10150.2,2414.73,4.20345,0.000473053,0.539458,0,576.2043006,12530.2,2485.7,5.04091,0.000222035,0.248242,0,307.7249181,4443.17,1533.68,2.89706,0.000121251,0.260507,6,-323.2175992,6177.28,1817.62,3.39855,0.000195447,0.390623
281.2863,1,AUTO,ARMED,5,AVAILABLE,UNAVAILABLE,UNAVAILABLE,278,5,ACTIVE,41,E_P3_NEW3-A3.NC,E_P3_NEW3-A3.NC,41790.288,211856.19,5768.8,4428.6665,100,27.51667,39,50,0,9,100,9750.0,10150.2,2414.73,4.20345,0.000473053,0.539458,0,573.3700807,12530.2,2485.7,5.04091,0.000222035,0.248242,0,307.7248966,4443.17,1533.68,2.89706,0.000121251,0.260507,6,-323.2175878,6177.28,1817.62,3.39855,0.000195447,0.390623
281.447895,1,AUTO,ARMED,5,AVAILABLE,UNAVAILABLE,UNAVAILABLE,278,5,ACTIVE,41,E_P3_NEW3-A3.NC,E_P3_NEW3-A3.NC,41790.288,211856.19,5768.8,4428.6665,100,27.51667,39,50,0,9,100,9750.0,9646.29,2351.63,4.10196,0.00048447,0.531388,0,567.7084214,14090.4,3110.16,4.53044,0.000200943,0.301361,0,307.7249038,3794.71,1391.58,2.72691,0.00014704,0.240012,6,-323.2176106,6585.9,1778.8,3.70244,0.000210156,0.391111
281.596021,1,AUTO,ARMED,5,AVAILABLE,UNAVAILABLE,UNAVAILABLE,278,5,ACTIVE,41,E_P3_NEW3-A3.NC,E_P3_NEW3-A3.NC,41790.288,211856.19,5768.8,4428.6665,100,27.51667,40,50,0,9,100,9750.0,9646.29,2351.63,4.10196,0.00048447,0.531388,0,563.450386,14090.4,3110.16,4.53044,0.000200943,0.301361,0,307.7249109,3794.71,1391.58,2.72691,0.00014704,0.240012,6,-323.2175992,6585.9,1778.8,3.70244,0.000210156,0.391111
281.760005,1,AUTO,ARMED,5,AVAILABLE,UNAVAILABLE,UNAVAILABLE,278,5,ACTIVE,41,E_P3_NEW3-A3.NC,E_P3_NEW3-A3.NC,41790.288,211856.19,5768.8,4428.6665,100,27.51667,40,50,0,9,100,9750.0,9646.29,2351.63,4.10196,0.00048447,0.531388,0,560.6159228,14090.4,3110.16,4.53044,0.000200943,0.301361,0,307.7248966,3794.71,1391.58,2.72691,0.00014704,0.240012,6,-323.2175992,6585.9,1778.8,3.70244,0.000210156,0.391111
281.909578,1,AUTO,ARMED,5,AVAILABLE,UNAVAILABLE,UNAVAILABLE,278,5,ACTIVE,41,E_P3_NEW3-A3.NC,E_P3_NEW3-A3.NC,41790.288,211856.19,5768.8,4461.3452,100,27.51667,40,50,0,9,100,9750.0,9646.29,2351.63,4.10196,0.00048447,0.531388,0,557.7888746,14090.4,3110.16,4.53044,0.000200943,0.301361,0,307.7248966,3794.71,1391.58,2.72691,0.00014704,0.240012,6,-323.2176106,6585.9,1778.8,3.70244,0.000210156,0.391111
282.057334,1,AUTO,ARMED,5,AVAILABLE,UNAVAILABLE,UNAVAILABLE,278,5,ACTIVE,41,E_P3_NEW3-A3.NC,E_P3_NEW3-A3.NC,41790.288,211856.19,5768.8,4461.3452,100,27.51667,40,50,0,9,100,9750.0,9646.29,2351.63,4.10196,0.00048447,0.531388,0,554.9474413,14090.4,3110.16,4.53044,0.000200943,0.301361,0,307.7249109,3794.71,1391.58,2.72691,0.00014704,0.240012,6,-323.2175878,6585.9,1778.8,3.70244,0.000210156,0.391111
282.200789,1,AUTO,ARMED,5,AVAILABLE,UNAVAILABLE,UNAVAILABLE,278,5,ACTIVE,41,E_P3_NEW3-A3.NC,E_P3_NEW3-A3.NC,41790.288,211856.19,5768.8,4461.3452,100,27.51667,40,50,0,9,100,9750.0,9646.29,2351.63,4.10196,0.00048447,0.531388,0,546.4449207,14090.4,3110.16,4.53044,0.000200943,0.301361,0,307.7248966,3794.71,1391.58,2.72691,0.00014704,0.240012,6,-323.2175878,6585.9,1778.8,3.70244,0.000210156,0.391111
282.391898,1,AUTO,ARMED,5,AVAILABLE,UNAVAILABLE,UNAVAILABLE,278,5,ACTIVE,41,E_P3_NEW3-A3.NC,E_P3_NEW3-A3.NC,41790.288,211856.19,5768.8,4461.3452,100,27.51667,40,50,0,9,100,9750.0,8566.48,365.475,23.4393,0.000380825,0.309825,0,543.6039952,14666.5,107.373,136.594,0.000146466,0.0805408,0,307.7250397,3338.39,125.89,26.5183,0.000140876,0.0875735,6,-323.2176106,6321.5,391.675,16.1397,0.000150673,0.123106
282.535119,1,AUTO,ARMED,5,AVAILABLE,UNAVAILABLE,UNAVAILABLE,278,5,ACTIVE,41,E_P3_NEW3-A3.NC,E_P3_NEW3-A3.NC,41790.288,211856.19,5768.8,4461.3452,100,27.51667,40,50,0,9,100,9750.0,8566.48,365.475,23.4393,0.000380825,0.309825,0,540.7836903,14666.5,107.373,136.594,0.000146466,0.0805408,0,307.7250683,3338.39,125.89,26.5183,0.000140876,0.0875735,6,-323.2175992,6321.5,391.675,16.1397,0.000150673,0.123106
282.698479,1,AUTO,ARMED,5,AVAILABLE,UNAVAILABLE,UNAVAILABLE,278,5,ACTIVE,41,E_P3_NEW3-A3.NC,E_P3_NEW3-A3.NC,41790.288,211856.19,5768.8,4461.3452,100,27.51667,41,50,0,4,100,9750.0,8566.48,365.475,23.4393,0.000380825,0.309825,0,535.1082981,14666.5,107.373,136.594,0.000146466,0.0805408,0,307.7249252,3338.39,125.89,26.5183,0.000140876,0.0875735,6,-323.2176106,6321.5,391.675,16.1397,0.000150673,0.123106
282.84813,1,AUTO,ARMED,5,AVAILABLE,UNAVAILABLE,UNAVAILABLE,278,5,ACTIVE,41,E_P3_NEW3-A3.NC,E_P3_NEW3-A3.NC,41790.288,211856.19,5768.8,4461.3452,100,27.33333,41,50,0,4,100,9750.0,8566.48,365.475,23.4393,0.000380825,0.309825,0,530.3959401,14666.5,107.373,136.594,0.000146466,0.0805408,0,307.7249038,3338.39,125.89,26.5183,0.000140876,0.0875735,6,-323.2176106,6321.5,391.675,16.1397,0.000150673,0.123106
282.994618,1,AUTO,ARMED,5,AVAILABLE,UNAVAILABLE,UNAVAILABLE,278,5,ACTIVE,41,E_P3_NEW3-A3.NC,E_P3_NEW3-A3.NC,41790.288,211856.19,5768.8,3458.1494,100,0.0,41,50,0,2,100,9750.0,8566.48,365.475,23.4393,0.000380825,0.309825,0,530.3871924,14666.5,107.373,136.594,0.000146466,0.0805408,0,307.7248966,3338.39,125.89,26.5183,0.000140876,0.0875735,6,-323.2175992,6321.5,391.675,16.1397,0.000150673,0.123106
283.152469,1,AUTO,ARMED,5,AVAILABLE,UNAVAILABLE,UNAVAILABLE,279,5,ACTIVE,41,E_P3_NEW3-A3.NC,E_P3_NEW3-A3.NC,41790.288,211856.19,5768.8,3458.1494,100,0.0,41,50,0,4,100,9750.0,8566.48,365.475,23.4393,0.000380825,0.309825,0,530.3866989,14666.5,107.373,136.594,0.000146466,0.0805408,0,307.7249038,3338.39,125.89,26.5183,0.000140876,0.0875735,6,-323.2176106,6321.5,391.675,16.1397,0.000150673,0.123106
283.300054,1,AUTO,ARMED,5,AVAILABLE,UNAVAILABLE,UNAVAILABLE,279,5,ACTIVE,41,E_P3_NEW3-A3.NC,E_P3_NEW3-A3.NC,41790.288,211856.19,5768.8,3458.1494,100,0.0,41,50,0,4,100,9750.0,8566.48,365.475,23.4393,0.000380825,0.309825,0,530.3867204,14666.5,107.373,136.594,0.000146466,0.0805408,0,307.7248966,3338.39,125.89,26.5183,0.000140876,0.0875735,6,-323.2175992,6321.5,391.675,16.1397,0.000150673,0.123106
283.461403,1,AUTO,ARMED,5,AVAILABLE,UNAVAILABLE,UNAVAILABLE,279,5,ACTIVE,41,E_P3_NEW3-A3.NC,E_P3_NEW3-A3.NC,41790.288,211856.19,5768.8,3458.1494,100,0.0,41,50,0,4,100,9750.0,4055.28,352.908,11.491,0.000523497,0.317573,0,530.3867418,1224.21,118.493,10.3315,0.000141867,0.0939681,0,307.7249038,696.496,121.201,5.74662,0.000131725,0.0849406,6,-323.2175992,1370.06,449.387,3.04873,0.000159408,0.13745
283.609104,1,AUTO,ARMED,5,AVAILABLE,UNAVAILABLE,UNAVAILABLE,279,5,ACTIVE,41,E_P3_NEW3-A3.NC,E_P3_NEW3-A3.NC,41790.288,211856.19,5768.8,3458.1494,100,0.0,42,50,0,4,100,9750.0,4055.28,352.908,11.491,0.000523497,0.317573,0,530.3867633,1224.21,118.493,10.3315,0.000141867,0.0939681,0,307.7249038,696.496,121.201,5.74662,0.000131725,0.0849406,6,-323.2175992,1370.06,449.387,3.04873,0.000159408,0.13745
283.762659,1,AUTO,ARMED,5,AVAILABLE,UNAVAILABLE,UNAVAILABLE,279,5,ACTIVE,41,E_P3_NEW3-A3.NC,E_P3_NEW3-A3.NC,41790.288,211856.19,5768.8,3458.1494,100,0.0,42,50,0,4,100,9750.0,4055.28,352.908,11.491,0.000523497,0.317573,0,530.3867776,1224.21,118.493,10.3315,0.000141867,0.0939681,0,307.7248966,696.496,121.201,5.74662,0.000131725,0.0849406,6,-323.2176106,1370.06,449.387,3.04873,0.000159408,0.13745
283.976588,1,AUTO,ARMED,5,AVAILABLE,UNAVAILABLE,UNAVAILABLE,279,5,ACTIVE,41,E_P3_NEW3-A3.NC,E_P3_NEW3-A3.NC,41790.288,211856.19,5768.8,3458.1494,100,0.0,42,50,0,4,100,9750.0,4055.28,352.908,11.491,0.000523497,0.317573,0,530.3867847,1224.21,118.493,10.3315,0.000141867,0.0939681,0,307.8418711,696.496,121.201,5.74662,0.000131725,0.0849406,6,-323.2175992,1370.06,449.387,3.04873,0.000159408,0.13745
284.126807,1,AUTO,ARMED,5,AVAILABLE,UNAVAILABLE,UNAVAILABLE,283,5,ACTIVE,41,E_P3_NEW3-A3.NC,E_P3_NEW3-A3.NC,41790.288,211856.19,5768.8,3435.1453,100,0.0,42,50,0,4,100,9750.0,4055.28,352.908,11.491,0.000523497,0.317573,0,530.386799,1224.21,118.493,10.3315,0.000141867,0.0939681,0,307.8519135,696.496,121.201,5.74662,0.000131725,0.0849406,6,-323.2175992,1370.06,449.387,3.04873,0.000159408,0.13745
284.268028,1,AUTO,ARMED,5,AVAILABLE,UNAVAILABLE,UNAVAILABLE,283,5,ACTIVE,41,E_P3_NEW3-A3.NC,E_P3_NEW3-A3.NC,41790.288,211856.19,5768.8,3435.1453,100,0.0,42,50,0,4,100,9750.0,4055.28,352.908,11.491,0.000523497,0.317573,0,530.386799,1224.21,118.493,10.3315,0.000141867,0.0939681,0,307.851892,696.496,121.201,5.74662,0.000131725,0.0849406,6,-323.2175992,1370.06,449.387,3.04873,0.000159408,0.13745
284.412118,1,AUTO,ARMED,5,AVAILABLE,UNAVAILABLE,UNAVAILABLE,283,5,ACTIVE,41,E_P3_NEW3-A3.NC,E_P3_NEW3-A3.NC,41790.288,211856.19,5768.8,3435.1453,100,0.0,42,50,0,4,100,9750.0,4055.28,352.908,11.491,0.000523497,0.317573,0,530.386799,1224.21,118.493,10.3315,0.000141867,0.0939681,0,307.8519063,696.496,121.201,5.74662,0.000131725,0.0849406,6,-323.2175992,1370.06,449.387,3.04873,0.000159408,0.13745
284.550522,1,AUTO,ARMED,5,AVAILABLE,UNAVAILABLE,UNAVAILABLE,283,5,ACTIVE,41,E_P3_NEW3-A3.NC,E_P3_NEW3-A3.NC,41790.288,211856.19,5768.8,3435.1453,100,0.0,43,50,0,4,100,9750.0,7894.6,347.733,22.7031,0.000415248,0.306605,0,530.386799,12914.2,273.773,47.1712,0.000195472,0.165107,0,307.8518992,2713.94,115.317,23.5346,0.000118376,0.0828203,6,-323.2175992,2956.44,1231.68,2.40033,0.00024584,0.286232
284.692418,1,AUTO,ARMED,5,AVAILABLE,UNAVAILABLE,UNAVAILABLE,283,5,ACTIVE,41,E_P3_NEW3-A3.NC,E_P3_NEW3-A3.NC,41790.288,211856.19,5768.8,3435.1453,100,0.0,43,50,0,4,100,9750.0,7894.6,347.733,22.7031,0.000415248,0.306605,0,530.386799,12914.2,273.773,47.1712,0.000195472,0.165107,0,307.8518992,2713.94,115.317,23.5346,0.000118376,0.0828203,6,-323.2175992,2956.44,1231.68,2.40033,0.00024584,0.286232
284.833329,1,AUTO,ARMED,5,AVAILABLE,UNAVAILABLE,UNAVAILABLE,283,5,ACTIVE,41,E_P3_NEW3-A3.NC,E_P3_NEW3-A3.NC,41790.288,211856.19,5768.8,3435.1453,100,0.0,43,50,0,4,100,9750.0,7894.6,347.733,22.7031,0.000415248,0.306605,0,530.386799,12914.2,273.773,47.1712,0.000195472,0.165107,0,307.8518992,2713.94,115.317,23.5346,0.000118376,0.0828203,6,-323.2175992,2956.44,1231.68,2.40033,0.00024584,0.286232
284.975534,1,AUTO,ARMED,5,AVAILABLE,UNAVAILABLE,UNAVAILABLE,283,5,ACTIVE,41,E_P3_NEW3-A3.NC,E_P3_NEW3-A3.NC,41790.288,211856.19,5768.8,3435.1453,100,0.0,43,50,0,4,100,9750.0,7894.6,347.733,22.7031,0.000415248,0.306605,0,530.386799,12914.2,273.773,47.1712,0.000195472,0.165107,0,307.8518992,2713.94,115.317,23.5346,0.000118376,0.0828203,6,-323.2175992,2956.44,1231.68,2.40033,0.00024584,0.286232
285.13753,1,AUTO,ARMED,5,AVAILABLE,UNAVAILABLE,UNAVAILABLE,284,5,ACTIVE,41,E_P3_NEW3-A3.NC,E_P3_NEW3-A3.NC,41790.288,211856.19,5768.8,5029.5747,100,31.75,43,50,0,4,100,9750.0,7894.6,347.733,22.7031,0.000415248,0.306605,0,535.6245235,12914.2,273.773,47.1712,0.000195472,0.165107,0,307.8518992,2713.94,115.317,23.5346,0.000118376,0.0828203,6,-323.2175992,2956.44,1231.68,2.40033,0.00024584,0.286232
285.279341,1,AUTO,ARMED,5,AVAILABLE,UNAVAILABLE,UNAVAILABLE,284,5,ACTIVE,41,E_P3_NEW3-A3.NC,E_P3_NEW3-A3.NC,41790.288,211856.19,5768.8,5029.5747,100,31.75,43,50,0,4,100,9750.0,7894.6,347.733,22.7031,0.000415248,0.306605,0,538.8945612,12914.2,273.773,47.1712,0.000195472,0.165107,0,307.8518992,2713.94,115.317,23.5346,0.000118376,0.0828203,6,-323.2176106,2956.44,1231.68,2.40033,0.00024584,0.286232
285.431281,1,AUTO,ARMED,5,AVAILABLE,UNAVAILABLE,UNAVAILABLE,284,5,ACTIVE,41,E_P3_NEW3-A3.NC,E_P3_NEW3-A3.NC,41790.288,211856.19,5768.8,5029.5747,100,31.75,43,50,0,4,100,9750.0,7894.6,347.733,22.7031,0.000415248,0.306605,0,540.5378519,12914.2,273.773,47.1712,0.000195472,0.165107,0,307.8519063,2713.94,115.317,23.5346,0.000118376,0.0828203,6,-323.2175992,2956.44,1231.68,2.40033,0.00024584,0.286232
285.583651,1,AUTO,ARMED,5,AVAILABLE,UNAVAILABLE,UNAVAILABLE,284,5,ACTIVE,41,E_P3_NEW3-A3.NC,E_P3_NEW3-A3.NC,41790.288,211856.19,5768.8,5029.5747,100,31.75,44,50,0,9,100,9750.0,17085.0,3505.31,4.87403,0.000515748,0.666704,1,547.070167,17259.0,2424.66,7.11811,0.000273149,0.355168,0,307.851799,5980.27,1666.2,3.58917,0.000147655,0.24571,6,-323.2175878,9662.52,2493.3,3.87539,0.000210723,0.530777
285.729698,1,AUTO,ARMED,5,AVAILABLE,UNAVAILABLE,UNAVAILABLE,284,5,ACTIVE,41,E_P3_NEW3-A3.NC,E_P3_NEW3-A3.NC,41790.288,211856.19,5768.8,5029.5747,100,31.75,44,50,0,12,100,9750.0,17085.0,3505.31,4.87403,0.000515748,0.666704,1,550.3404694,17259.0,2424.66,7.11811,0.000273149,0.355168,0,307.8518992,5980.27,1666.2,3.58917,0.000147655,0.24571,6,-323.2175992,9662.52,2493.3,3.87539,0.000210723,0.530777
285.874372,1,AUTO,ARMED,5,AVAILABLE,UNAVAILABLE,UNAVAILABLE,284,5,ACTIVE,41,E_P3_NEW3-A3.NC,E_P3_NEW3-A3.NC,41790.288,211856.19,5768.8,5029.5747,100,31.75,44,50,0,13,100,9750.0,17085.0,3505.31,4.87403,0.000515748,0.666704,1,556.8891349,17259.0,2424.66,7.11811,0.000273149,0.355168,0,307.851892,5980.27,1666.2,3.58917,0.000147655,0.24571,6,-323.2175763,9662.52,2493.3,3.87539,0.000210723,0.530777
286.012235,1,AUTO,ARMED,5,AVAILABLE,UNAVAILABLE,UNAVAILABLE,284,5,ACTIVE,41,E_P3_NEW3-A3.NC,E_P3_NEW3-A3.NC,41790.288,211856.19,5768.8,5029.5747,100,31.75,44,50,0,12,100,9750.0,17085.0,3505.31,4.87403,0.000515748,0.666704,1,560.1510301,17259.0,2424.66,7.11811,0.000273149,0.355168,0,307.8518992,5980.27,1666.2,3.58917,0.000147655,0.24571,6,-323.2176106,9662.52,2493.3,3.87539,0.000210723,0.530777
286.157058,1,AUTO,ARMED,5,AVAILABLE,UNAVAILABLE,UNAVAILABLE,284,5,ACTIVE,41,E_P3_NEW3-A3.NC,E_P3_NEW3-A3.NC,41790.288,211856.19,5768.8,4730.8252,100,31.75,44,50,0,10,100,9750.0,17085.0,3505.31,4.87403,0.000515748,0.666704,1,566.7074888,17259.0,2424.66,7.11811,0.000273149,0.355168,0,307.8518992,5980.27,1666.2,3.58917,0.000147655,0.24571,6,-323.2175878,9662.52,2493.3,3.87539,0.000210723,0.530777
286.316939,1,AUTO,ARMED,5,AVAILABLE,UNAVAILABLE,UNAVAILABLE,284,5,ACTIVE,41,E_P3_NEW3-A3.NC,E_P3_NEW3-A3.NC,41790.288,211856.19,5768.8,4730.8252,100,31.75,44,50,0,9,100,9750.0,17085.0,3505.31,4.87403,0.000515748,0.666704,1,569.9699504,17259.0,2424.66,7.11811,0.000273149,0.355168,0,307.8518992,5980.27,1666.2,3.58917,0.000147655,0.24571,6,-323.2176106,9662.52,2493.3,3.87539,0.000210723,0.530777
286.47654,1,AUTO,ARMED,5,AVAILABLE,UNAVAILABLE,UNAVAILABLE,284,5,ACTIVE,41,E_P3_NEW3-A3.NC,E_P3_NEW3-A3.NC,41790.288,211856.19,5768.8,4730.8252,100,31.75,44,50,0,9,100,9750.0,17085.0,3505.31,4.87403,0.000515748,0.666704,1,576.5103232,17259.0,2424.66,7.11811,0.000273149,0.355168,0,307.8518992,5980.27,1666.2,3.58917,0.000147655,0.24571,6,-323.2175992,9662.52,2493.3,3.87539,0.000210723,0.530777
286.61853,1,AUTO,ARMED,5,AVAILABLE,UNAVAILABLE,UNAVAILABLE,284,5,ACTIVE,41,E_P3_NEW3-A3.NC,E_P3_NEW3-A3.NC,41790.288,211856.19,5768.8,4730.8252,100,31.75,45,50,0,9,100,9750.0,17085.0,3505.31,4.87403,0.000515748,0.666704,1,579.7807956,17259.0,2424.66,7.11811,0.000273149,0.355168,0,307.851892,5980.27,1666.2,3.58917,0.000147655,0.24571,6,-323.2176106,9662.52,2493.3,3.87539,0.000210723,0.530777
286.784603,1,AUTO,ARMED,5,AVAILABLE,UNAVAILABLE,UNAVAILABLE,284,5,ACTIVE,41,E_P3_NEW3-A3.NC,E_P3_NEW3-A3.NC,41790.288,211856.19,5768.8,4730.8252,100,31.75,45,50,0,9,100,9750.0,13245.6,374.936,35.3276,0.000374614,0.309904,1,583.0429855,13634.3,1394.91,9.77432,0.000248825,0.277704,0,307.8519206,5139.67,150.284,34.1997,0.000140611,0.0844878,6,-323.2175878,9277.94,398.718,23.2694,0.000148368,0.126888
286.925946,1,AUTO,ARMED,5,AVAILABLE,UNAVAILABLE,UNAVAILABLE,284,5,ACTIVE,41,E_P3_NEW3-A3.NC,E_P3_NEW3-A3.NC,41790.288,211856.19,5768.8,4730.8252,100,31.75,45,50,0,9,100,9750.0,13245.6,374.936,35.3276,0.000374614,0.309904,1,592.8616072,13634.3,1394.91,9.77432,0.000248825,0.277704,0,307.8518992,5139.67,150.284,34.1997,0.000140611,0.0844878,6,-323.2175763,9277.94,398.718,23.2694,0.000148368,0.126888
287.07119,1,AUTO,ARMED,5,AVAILABLE,UNAVAILABLE,UNAVAILABLE,284,5,ACTIVE,41,E_P3_NEW3-A3.NC,E_P3_NEW3-A3.NC,41790.288,211856.19,5768.8,4730.8252,100,31.75,45,50,0,10,100,9750.0,13245.6,374.936,35.3276,0.000374614,0.309904,1,596.1398371,13634.3,1394.91,9.77432,0.000248825,0.277704,0,307.8519063,5139.67,150.284,34.1997,0.000140611,0.0844878,6,-323.2176221,9277.94,398.718,23.2694,0.000148368,0.126888
287.212101,1,AUTO,ARMED,5,AVAILABLE,UNAVAILABLE,UNAVAILABLE,284,5,ACTIVE,41,E_P3_NEW3-A3.NC,E_P3_NEW3-A3.NC,41790.288,211856.19,5768.8,4730.8252,100,31.75,45,50,0,10,100,9750.0,13245.6,374.936,35.3276,0.000374614,0.309904,1,599.4108143,13634.3,1394.91,9.77432,0.000248825,0.277704,0,307.8520351,5139.67,150.284,34.1997,0.000140611,0.0844878,6,-323.2175992,9277.94,398.718,23.2694,0.000148368,0.126888
287.356981,1,AUTO,ARMED,5,AVAILABLE,UNAVAILABLE,UNAVAILABLE,284,5,ACTIVE,41,E_P3_NEW3-A3.NC,E_P3_NEW3-A3.NC,41790.288,211856.19,5768.8,3192.7551,100,31.75,45,50,0,4,100,9750.0,13245.6,374.936,35.3276,0.000374614,0.309904,0,604.3075529,13634.3,1394.91,9.77432,0.000248825,0.277704,0,307.8519778,5139.67,150.284,34.1997,0.000140611,0.0844878,6,-323.2175878,9277.94,398.718,23.2694,0.000148368,0.126888
287.511998,1,AUTO,ARMED,5,AVAILABLE,UNAVAILABLE,UNAVAILABLE,284,5,ACTIVE,41,E_P3_NEW3-A3.NC,E_P3_NEW3-A3.NC,41790.288,211856.19,5768.8,3192.7551,100,31.75,45,50,0,4,100,9750.0,13245.6,374.936,35.3276,0.000374614,0.309904,0,604.3075529,13634.3,1394.91,9.77432,0.000248825,0.277704,0,307.8519778,5139.67,150.284,34.1997,0.000140611,0.0844878,6,-323.2175878,9277.94,398.718,23.2694,0.000148368,0.126888
287.678461,1,AUTO,ARMED,5,AVAILABLE,UNAVAILABLE,UNAVAILABLE,284,5,ACTIVE,41,E_P3_NEW3-A3.NC,E_P3_NEW3-A3.NC,41790.288,211856.19,5768.8,3192.7551,100,15.88333,46,50,0,2,100,9750.0,13245.6,374.936,35.3276,0.000374614,0.309904,0,611.6630959,13634.3,1394.91,9.77432,0.000248825,0.277704,0,307.851892,5139.67,150.284,34.1997,0.000140611,0.0844878,6,-323.2175992,9277.94,398.718,23.2694,0.000148368,0.126888
287.826518,1,AUTO,ARMED,5,AVAILABLE,UNAVAILABLE,UNAVAILABLE,285,5,ACTIVE,41,E_P3_NEW3-A3.NC,E_P3_NEW3-A3.NC,41790.288,211856.19,5768.8,3192.7551,100,0.0,46,50,0,3,100,9750.0,4343.23,368.981,11.7709,0.00039203,0.319891,0,611.6667293,10249.8,90.4985,113.259,0.000138595,0.0831992,0,307.8518992,744.532,114.37,6.50985,0.000107024,0.0804742,6,-323.2176106,1321.99,407.506,3.2441,0.000126837,0.126664
287.982017,1,AUTO,ARMED,5,AVAILABLE,UNAVAILABLE,UNAVAILABLE,285,5,ACTIVE,41,E_P3_NEW3-A3.NC,E_P3_NEW3-A3.NC,41790.288,211856.19,5768.8,3192.7551,100,0.0,46,50,0,5,100,9750.0,4343.23,368.981,11.7709,0.00039203,0.319891,0,611.6668795,10249.8,90.4985,113.259,0.000138595,0.0831992,0,307.8518992,744.532,114.37,6.50985,0.000107024,0.0804742,6,-323.2175992,1321.99,407.506,3.2441,0.000126837,0.126664
288.121689,1,AUTO,ARMED,5,AVAILABLE,UNAVAILABLE,UNAVAILABLE,285,5,ACTIVE,41,E_P3_NEW3-A3.NC,E_P3_NEW3-A3.NC,41790.288,211856.19,5768.8,3192.7551,100,0.0,46,50,0,5,100,9750.0,4343.23,368.981,11.7709,0.00039203,0.319891,0,611.6668509,10249.8,90.4985,113.259,0.000138595,0.0831992,0,307.8518992,744.532,114.37,6.50985,0.000107024,0.0804742,6,-323.2176106,1321.99,407.506,3.2441,0.000126837,0.126664
288.261574,1,AUTO,ARMED,5,AVAILABLE,UNAVAILABLE,UNAVAILABLE,285,5,ACTIVE,41,E_P3_NEW3-A3.NC,E_P3_NEW3-A3.NC,41790.288,211856.19,5768.8,3192.7551,100,0.0,46,50,0,4,100,9750.0,4343.23,368.981,11.7709,0.00039203,0.319891,0,611.6668295,10249.8,90.4985,113.259,0.000138595,0.0831992,0,307.851892,744.532,114.37,6.50985,0.000107024,0.0804742,6,-323.2175992,1321.99,407.506,3.2441,0.000126837,0.126664
288.399194,1,AUTO,ARMED,5,AVAILABLE,UNAVAILABLE,UNAVAILABLE,285,5,ACTIVE,41,E_P3_NEW3-A3.NC,E_P3_NEW3-A3.NC,41790.288,211856.19,5768.8,3413.5984,100,0.0,46,50,0,4,100,9750.0,4343.23,368.981,11.7709,0.00039203,0.319891,0,611.6668223,10249.8,90.4985,113.259,0.000138595,0.0831992,0,307.8518992,744.532,114.37,6.50985,0.000107024,0.0804742,6,-323.2175992,1321.99,407.506,3.2441,0.000126837,0.126664
288.546371,1,AUTO,ARMED,5,AVAILABLE,UNAVAILABLE,UNAVAILABLE,285,5,ACTIVE,41,E_P3_NEW3-A3.NC,E_P3_NEW3-A3.NC,41790.288,211856.19,5768.8,3413.5984,100,0.0,47,50,0,4,100,9750.0,4343.23,368.981,11.7709,0.00039203,0.319891,0,611.666808,10249.8,90.4985,113.259,0.000138595,0.0831992,0,307.851892,744.532,114.37,6.50985,0.000107024,0.0804742,6,-323.2176106,1321.99,407.506,3.2441,0.000126837,0.126664
288.695074,1,AUTO,ARMED,5,AVAILABLE,UNAVAILABLE,UNAVAILABLE,285,5,ACTIVE,41,E_P3_NEW3-A3.NC,E_P3_NEW3-A3.NC,41790.288,211856.19,5768.8,3413.5984,100,0.0,47,50,0,4,100,9750.0,4343.23,368.981,11.7709,0.00039203,0.319891,0,611.6694714,10249.8,90.4985,113.259,0.000138595,0.0831992,0,307.928876,744.532,114.37,6.50985,0.000107024,0.0804742,6,-323.2175878,1321.99,407.506,3.2441,0.000126837,0.126664
288.854722,1,AUTO,ARMED,5,AVAILABLE,UNAVAILABLE,UNAVAILABLE,287,5,ACTIVE,41,E_P3_NEW3-A3.NC,E_P3_NEW3-A3.NC,41790.288,211856.19,5768.8,3413.5984,100,28.65,47,50,0,4,100,9750.0,8998.4,2801.17,3.21237,0.000478449,0.605667,2,609.9201587,11666.0,2525.13,4.61996,0.000157826,0.244927,0,307.9790519,4178.99,1677.82,2.49073,0.000149726,0.279122,6,-323.2175992,6850.3,1918.77,3.57015,0.000215096,0.40152
289.00152,1,AUTO,ARMED,5,AVAILABLE,UNAVAILABLE,UNAVAILABLE,287,5,ACTIVE,41,E_P3_NEW3-A3.NC,E_P3_NEW3-A3.NC,41790.288,211856.19,5768.8,3413.5984,100,30.2,47,50,0,4,100,9750.0,8998.4,2801.17,3.21237,0.000478449,0.605667,0,603.392495,11666.0,2525.13,4.61996,0.000157826,0.244927,0,307.978916,4178.99,1677.82,2.49073,0.000149726,0.279122,6,-323.2175878,6850.3,1918.77,3.57015,0.000215096,0.40152
289.142768,1,AUTO,ARMED,5,AVAILABLE,UNAVAILABLE,UNAVAILABLE,287,5,ACTIVE,41,E_P3_NEW3-A3.NC,E_P3_NEW3-A3.NC,41790.288,211856.19,5768.8,3413.5984,100,31.75,47,50,0,4,100,9750.0,8998.4,2801.17,3.21237,0.000478449,0.605667,0,596.8435775,11666.0,2525.13,4.61996,0.000157826,0.244927,0,307.9786656,4178.99,1677.82,2.49073,0.000149726,0.279122,6,-323.2175992,6850.3,1918.77,3.57015,0.000215096,0.40152
289.283303,1,AUTO,ARMED,5,AVAILABLE,UNAVAILABLE,UNAVAILABLE,287,5,ACTIVE,41,E_P3_NEW3-A3.NC,E_P3_NEW3-A3.NC,41790.288,211856.19,5768.8,3413.5984,100,31.75,47,50,0,9,100,9750.0,8998.4,2801.17,3.21237,0.000478449,0.605667,0,595.2086352,11666.0,2525.13,4.61996,0.000157826,0.244927,0,307.9788087,4178.99,1677.82,2.49073,0.000149726,0.279122,6,-323.2176221,6850.3,1918.77,3.57015,0.000215096,0.40152
289.421,1,AUTO,ARMED,5,AVAILABLE,UNAVAILABLE,UNAVAILABLE,287,5,ACTIVE,41,E_P3_NEW3-A3.NC,E_P3_NEW3-A3.NC,41790.288,211856.19,5768.8,3413.5984,100,31.75,47,50,0,11,100,9750.0,8998.4,2801.17,3.21237,0.000478449,0.605667,0,591.946783,11666.0,2525.13,4.61996,0.000157826,0.244927,0,307.9788802,4178.99,1677.82,2.49073,0.000149726,0.279122,6,-323.2175878,6850.3,1918.77,3.57015,0.000215096,0.40152
289.566431,1,AUTO,ARMED,5,AVAILABLE,UNAVAILABLE,UNAVAILABLE,287,5,ACTIVE,41,E_P3_NEW3-A3.NC,E_P3_NEW3-A3.NC,41790.288,211856.19,5768.8,4504.4062,100,31.75,48,50,0,12,100,9750.0,8998.4,2801.17,3.21237,0.000478449,0.605667,0,585.3982375,11666.0,2525.13,4.61996,0.000157826,0.244927,0,307.978916,4178.99,1677.82,2.49073,0.000149726,0.279122,6,-323.2176106,6850.3,1918.77,3.57015,0.000215096,0.40152
289.712411,1,AUTO,ARMED,5,AVAILABLE,UNAVAILABLE,UNAVAILABLE,287,5,ACTIVE,41,E_P3_NEW3-A3.NC,E_P3_NEW3-A3.NC,41790.288,211856.19,5768.8,4504.4062,100,31.75,48,50,0,12,100,9750.0,8998.4,2801.17,3.21237,0.000478449,0.605667,0,585.3982375,11666.0,2525.13,4.61996,0.000157826,0.244927,0,307.978916,4178.99,1677.82,2.49073,0.000149726,0.279122,6,-323.2176106,6850.3,1918.77,3.57015,0.000215096,0.40152
289.863471,1,AUTO,ARMED,5,AVAILABLE,UNAVAILABLE,UNAVAILABLE,287,5,ACTIVE,41,E_P3_NEW3-A3.NC,E_P3_NEW3-A3.NC,41790.288,211856.19,5768.8,4504.4062,100,31.75,48,50,0,9,100,9750.0,9886.24,2565.49,3.85355,0.000491874,0.566383,0,575.5875044,14594.5,2977.72,4.90123,0.000220933,0.308508,0,307.9788874,4082.92,1238.82,3.29581,0.000129925,0.215069,6,-323.2176106,6730.12,1872.9,3.59342,0.000209625,0.394529
290.016574,1,AUTO,ARMED,5,AVAILABLE,UNAVAILABLE,UNAVAILABLE,287,5,ACTIVE,41,E_P3_NEW3-A3.NC,E_P3_NEW3-A3.NC,41790.288,211856.19,5768.8,4504.4062,100,31.75,48,50,0,9,100,9750.0,9886.24,2565.49,3.85355,0.000491874,0.566383,0,572.3169051,14594.5,2977.72,4.90123,0.000220933,0.308508,0,307.9789088,4082.92,1238.82,3.29581,0.000129925,0.215069,6,-323.2175878,6730.12,1872.9,3.59342,0.000209625,0.394529
290.160292,1,AUTO,ARMED,5,AVAILABLE,UNAVAILABLE,UNAVAILABLE,287,5,ACTIVE,41,E_P3_NEW3-A3.NC,E_P3_NEW3-A3.NC,41790.288,211856.19,5768.8,4504.4062,100,31.75,48,50,0,9,100,9750.0,9886.24,2565.49,3.85355,0.000491874,0.566383,0,569.0547744,14594.5,2977.72,4.90123,0.000220933,0.308508,0,307.978916,4082.92,1238.82,3.29581,0.000129925,0.215069,6,-323.2176106,6730.12,1872.9,3.59342,0.000209625,0.394529
290.304914,1,AUTO,ARMED,5,AVAILABLE,UNAVAILABLE,UNAVAILABLE,287,5,ACTIVE,41,E_P3_NEW3-A3.NC,E_P3_NEW3-A3.NC,41790.288,211856.19,5768.8,4504.4062,100,31.75,48,50,0,10,100,9750.0,9886.24,2565.49,3.85355,0.000491874,0.566383,0,565.7765505,14594.5,2977.72,4.90123,0.000220933,0.308508,0,307.9789017,4082.92,1238.82,3.29581,0.000129925,0.215069,6,-323.2175878,6730.12,1872.9,3.59342,0.000209625,0.394529
290.447483,1,AUTO,ARMED,5,AVAILABLE,UNAVAILABLE,UNAVAILABLE,287,5,ACTIVE,41,E_P3_NEW3-A3.NC,E_P3_NEW3-A3.NC,41790.288,211856.19,5768.8,4504.4062,100,31.75,48,50,0,10,100,9750.0,9886.24,2565.49,3.85355,0.000491874,0.566383,0,555.9579398,14594.5,2977.72,4.90123,0.000220933,0.308508,0,307.9789017,4082.92,1238.82,3.29581,0.000129925,0.215069,6,-323.2175763,6730.12,1872.9,3.59342,0.000209625,0.394529
290.591891,1,AUTO,ARMED,5,AVAILABLE,UNAVAILABLE,UNAVAILABLE,287,5,ACTIVE,41,E_P3_NEW3-A3.NC,E_P3_NEW3-A3.NC,41790.288,211856.19,5768.8,3415.0361,100,31.75,49,50,0,10,100,9750.0,9886.24,2565.49,3.85355,0.000491874,0.566383,0,552.6955918,14594.5,2977.72,4.90123,0.000220933,0.308508,0,307.9789017,4082.92,1238.82,3.29581,0.000129925,0.215069,6,-323.2176106,6730.12,1872.9,3.59342,0.000209625,0.394529
290.733926,1,AUTO,ARMED,5,AVAILABLE,UNAVAILABLE,UNAVAILABLE,287,5,ACTIVE,41,E_P3_NEW3-A3.NC,E_P3_NEW3-A3.NC,41790.288,211856.19,5768.8,3415.0361,100,31.75,49,50,0,9,100,9750.0,9886.24,2565.49,3.85355,0.000491874,0.566383,0,549.4254763,14594.5,2977.72,4.90123,0.000220933,0.308508,0,307.9789017,4082.92,1238.82,3.29581,0.000129925,0.215069,6,-323.2175992,6730.12,1872.9,3.59342,0.000209625,0.394529
290.87808,1,AUTO,ARMED,5,AVAILABLE,UNAVAILABLE,UNAVAILABLE,287,5,ACTIVE,41,E_P3_NEW3-A3.NC,E_P3_NEW3-A3.NC,41790.288,211856.19,5768.8,3415.0361,100,31.75,49,50,0,9,100,9750.0,8998.4,342.422,26.2787,0.000408077,0.306006,0,542.8775278,16514.8,117.068,141.07,0.000135694,0.0830797,0,307.9791806,3794.71,121.711,31.178,0.000110845,0.0854281,6,-323.2176106,6658.01,374.999,17.7547,0.000185877,0.115723
291.031191,1,AUTO,ARMED,5,AVAILABLE,UNAVAILABLE,UNAVAILABLE,287,5,ACTIVE,41,E_P3_NEW3-A3.NC,E_P3_NEW3-A3.NC,41790.288,211856.19,5768.8,3415.0361,100,31.75,49,50,0,7,100,9750.0,8998.4,342.422,26.2787,0.000408077,0.306006,1,539.6146506,16514.8,117.068,141.07,0.000135694,0.0830797,0,307.9790519,3794.71,121.711,31.178,0.000110845,0.0854281,6,-323.2175992,6658.01,374.999,17.7547,0.000185877,0.115723
291.186817,1,AUTO,ARMED,5,AVAILABLE,UNAVAILABLE,UNAVAILABLE,287,5,ACTIVE,41,E_P3_NEW3-A3.NC,E_P3_NEW3-A3.NC,41790.288,211856.19,5768.8,3415.0361,100,31.75,49,50,0,4,100,9750.0,8998.4,342.422,26.2787,0.000408077,0.306006,1,536.3442704,16514.8,117.068,141.07,0.000135694,0.0830797,0,307.978966,3794.71,121.711,31.178,0.000110845,0.0854281,6,-323.2175992,6658.01,374.999,17.7547,0.000185877,0.115723
291.326292,1,AUTO,ARMED,5,AVAILABLE,UNAVAILABLE,UNAVAILABLE,287,5,ACTIVE,41,E_P3_NEW3-A3.NC,E_P3_NEW3-A3.NC,41790.288,211856.19,5768.8,3415.0361,100,9.916667,49,50,0,3,100,9750.0,8998.4,342.422,26.2787,0.000408077,0.306006,1,530.3911049,16514.8,117.068,141.07,0.000135694,0.0830797,0,307.9789088,3794.71,121.711,31.178,0.000110845,0.0854281,6,-323.2175992,6658.01,374.999,17.7547,0.000185877,0.115723
291.477915,1,AUTO,ARMED,5,AVAILABLE,UNAVAILABLE,UNAVAILABLE,288,5,ACTIVE,41,E_P3_NEW3-A3.NC,E_P3_NEW3-A3.NC,41790.288,211856.19,5768.8,3415.0361,100,6.616667,49,50,0,4,100,9750.0,8998.4,342.422,26.2787,0.000408077,0.306006,0,530.3868491,16514.8,117.068,141.07,0.000135694,0.0830797,0,307.9789017,3794.71,121.711,31.178,0.000110845,0.0854281,6,-323.2175992,6658.01,374.999,17.7547,0.000185877,0.115723
291.615575,1,AUTO,ARMED,5,AVAILABLE,UNAVAILABLE,UNAVAILABLE,288,5,ACTIVE,41,E_P3_NEW3-A3.NC,E_P3_NEW3-A3.NC,41790.288,211856.19,5768.8,3451.4878,100,0.0,50,50,0,4,100,9750.0,8998.4,342.422,26.2787,0.000408077,0.306006,0,530.3866846,16514.8,117.068,141.07,0.000135694,0.0830797,0,307.9789017,3794.71,121.711,31.178,0.000110845,0.0854281,6,-323.2176221,6658.01,374.999,17.7547,0.000185877,0.115723
291.757948,1,AUTO,ARMED,5,AVAILABLE,UNAVAILABLE,UNAVAILABLE,288,5,ACTIVE,41,E_P3_NEW3-A3.NC,E_P3_NEW3-A3.NC,41790.288,211856.19,5768.8,3451.4878,100,0.0,50,50,0,5,100,9750.0,8998.4,342.422,26.2787,0.000408077,0.306006,0,530.3867275,16514.8,117.068,141.07,0.000135694,0.0830797,0,307.9788945,3794.71,121.711,31.178,0.000110845,0.0854281,6,-323.2175992,6658.01,374.999,17.7547,0.000185877,0.115723
291.899618,1,AUTO,ARMED,5,AVAILABLE,UNAVAILABLE,UNAVAILABLE,288,5,ACTIVE,41,E_P3_NEW3-A3.NC,E_P3_NEW3-A3.NC,41790.288,211856.19,5768.8,3451.4878,100,0.0,50,50,0,5,100,9750.0,8998.4,342.422,26.2787,0.000408077,0.306006,0,530.3867418,16514.8,117.068,141.07,0.000135694,0.0830797,0,307.9789017,3794.71,121.711,31.178,0.000110845,0.0854281,6,-323.2176106,6658.01,374.999,17.7547,0.000185877,0.115723
292.069119,1,AUTO,ARMED,5,AVAILABLE,UNAVAILABLE,UNAVAILABLE,288,5,ACTIVE,41,E_P3_NEW3-A3.NC,E_P3_NEW3-A3.NC,41790.288,211856.19,5768.8,3451.4878,100,0.0,50,50,0,5,100,9750.0,4079.28,359.86,11.3357,0.000467825,0.319754,0,530.3867633,1080.19,154.847,6.97585,0.00013898,0.0908264,0,307.9789017,744.53,108.601,6.85565,0.000129354,0.0841224,6,-323.2175992,1442.17,385.567,3.74039,0.000449339,0.137504
292.208673,1,AUTO,ARMED,5,AVAILABLE,UNAVAILABLE,UNAVAILABLE,288,5,ACTIVE,41,E_P3_NEW3-A3.NC,E_P3_NEW3-A3.NC,41790.288,211856.19,5768.8,3451.4878,100,0.0,50,50,0,4,100,9750.0,4079.28,359.86,11.3357,0.000467825,0.319754,0,530.3867776,1080.19,154.847,6.97585,0.00013898,0.0908264,0,307.9789017,744.53,108.601,6.85565,0.000129354,0.0841224,6,-323.2175992,1442.17,385.567,3.74039,0.000449339,0.137504
292.352438,1,AUTO,ARMED,5,AVAILABLE,UNAVAILABLE,UNAVAILABLE,288,5,ACTIVE,41,E_P3_NEW3-A3.NC,E_P3_NEW3-A3.NC,41790.288,211856.19,5768.8,3451.4878,100,0.0,50,50,0,4,100,9750.0,4079.28,359.86,11.3357,0.000467825,0.319754,0,530.3867847,1080.19,154.847,6.97585,0.00013898,0.0908264,0,307.9789017,744.53,108.601,6.85565,0.000129354,0.0841224,6,-323.2175992,1442.17,385.567,3.74039,0.000449339,0.137504
292.499173,1,AUTO,ARMED,5,AVAILABLE,UNAVAILABLE,UNAVAILABLE,291,5,ACTIVE,41,E_P3_NEW3-A3.NC,E_P3_NEW3-A3.NC,41790.288,211856.19,5768.8,3451.4878,100,0.0,50,50,0,4,100,9750.0,4079.28,359.86,11.3357,0.000467825,0.319754,0,530.3867919,1080.19,154.847,6.97585,0.00013898,0.0908264,0,308.0224184,744.53,108.601,6.85565,0.000129354,0.0841224,6,-323.2176106,1442.17,385.567,3.74039,0.000449339,0.137504
292.650552,1,AUTO,ARMED,5,AVAILABLE,UNAVAILABLE,UNAVAILABLE,292,5,ACTIVE,41,E_P3_NEW3-A3.NC,E_P3_NEW3-A3.NC,41790.288,211856.19,5768.8,3451.4878,100,0.0,51,50,0,4,100,9750.0,4079.28,359.86,11.3357,0.000467825,0.319754,0,530.386799,1080.19,154.847,6.97585,0.00013898,0.0908264,0,308.1059257,744.53,108.601,6.85565,0.000129354,0.0841224,6,-323.2175992,1442.17,385.567,3.74039,0.000449339,0.137504
292.79559,1,AUTO,ARMED,5,AVAILABLE,UNAVAILABLE,UNAVAILABLE,292,5,ACTIVE,41,E_P3_NEW3-A3.NC,E_P3_NEW3-A3.NC,41790.288,211856.19,5768.8,3417.1895,100,0.0,51,50,0,4,100,9750.0,4079.28,359.86,11.3357,0.000467825,0.319754,0,530.3867919,1080.19,154.847,6.97585,0.00013898,0.0908264,0,308.105897,744.53,108.601,6.85565,0.000129354,0.0841224,6,-323.2175878,1442.17,385.567,3.74039,0.000449339,0.137504
292.945139,1,AUTO,ARMED,5,AVAILABLE,UNAVAILABLE,UNAVAILABLE,292,5,ACTIVE,41,E_P3_NEW3-A3.NC,E_P3_NEW3-A3.NC,41790.288,211856.19,5768.8,3417.1895,100,0.0,51,50,0,4,100,9750.0,4079.28,359.86,11.3357,0.000467825,0.319754,0,530.386799,1080.19,154.847,6.97585,0.00013898,0.0908264,0,308.1059042,744.53,108.601,6.85565,0.000129354,0.0841224,6,-323.2176106,1442.17,385.567,3.74039,0.000449339,0.137504
293.085657,1,AUTO,ARMED,5,AVAILABLE,UNAVAILABLE,UNAVAILABLE,292,5,ACTIVE,41,E_P3_NEW3-A3.NC,E_P3_NEW3-A3.NC,41790.288,211856.19,5768.8,3417.1895,100,0.0,51,50,0,4,100,9750.0,4175.26,420.279,9.9345,0.000385042,0.316581,0,530.386799,1272.22,223.022,5.70446,0.000250565,0.131749,0,308.105897,648.462,136.979,4.73402,0.000124972,0.0825981,6,-323.2176106,9470.23,440.254,21.5108,0.000132641,0.135987
293.230406,1,AUTO,ARMED,5,AVAILABLE,UNAVAILABLE,UNAVAILABLE,292,5,ACTIVE,41,E_P3_NEW3-A3.NC,E_P3_NEW3-A3.NC,41790.288,211856.19,5768.8,3417.1895,100,0.0,51,50,0,4,100,9750.0,4175.26,420.279,9.9345,0.000385042,0.316581,0,530.386799,1272.22,223.022,5.70446,0.000250565,0.131749,0,308.105897,648.462,136.979,4.73402,0.000124972,0.0825981,6,-323.2176106,9470.23,440.254,21.5108,0.000132641,0.135987
293.371197,1,AUTO,ARMED,5,AVAILABLE,UNAVAILABLE,UNAVAILABLE,292,5,ACTIVE,41,E_P3_NEW3-A3.NC,E_P3_NEW3-A3.NC,41790.288,211856.19,5768.8,3417.1895,100,0.0,51,50,0,4,100,9750.0,4175.26,420.279,9.9345,0.000385042,0.316581,0,530.386799,1272.22,223.022,5.70446,0.000250565,0.131749,0,308.105897,648.462,136.979,4.73402,0.000124972,0.0825981,6,-323.2175878,9470.23,440.254,21.5108,0.000132641,0.135987
293.518523,1,AUTO,ARMED,5,AVAILABLE,UNAVAILABLE,UNAVAILABLE,292,5,ACTIVE,41,E_P3_NEW3-A3.NC,E_P3_NEW3-A3.NC,41790.288,211856.19,5768.8,3417.1895,100,0.0,51,50,0,4,100,9750.0,4175.26,420.279,9.9345,0.000385042,0.316581,0,530.386799,1272.22,223.022,5.70446,0.000250565,0.131749,0,308.1059042,648.462,136.979,4.73402,0.000124972,0.0825981,6,-323.2175878,9470.23,440.254,21.5108,0.000132641,0.135987
293.660584,1,AUTO,ARMED,5,AVAILABLE,UNAVAILABLE,UNAVAILABLE,293,5,ACTIVE,41,E_P3_NEW3-A3.NC,E_P3_NEW3-A3.NC,41790.288,211856.19,5768.8,3417.1895,100,38.1,52,50,0,4,100,9750.0,4175.26,420.279,9.9345,0.000385042,0.316581,0,537.7452334,1272.22,223.022,5.70446,0.000250565,0.131749,0,308.105897,648.462,136.979,4.73402,0.000124972,0.0825981,6,-323.2175992,9470.23,440.254,21.5108,0.000132641,0.135987
293.799532,1,AUTO,ARMED,5,AVAILABLE,UNAVAILABLE,UNAVAILABLE,293,5,ACTIVE,41,E_P3_NEW3-A3.NC,E_P3_NEW3-A3.NC,41790.288,211856.19,5768.8,5287.832,100,38.1,52,50,0,4,100,9750.0,4175.26,420.279,9.9345,0.000385042,0.316581,0,541.6599862,1272.22,223.022,5.70446,0.000250565,0.131749,0,308.1059042,648.462,136.979,4.73402,0.000124972,0.0825981,6,-323.2175992,9470.23,440.254,21.5108,0.000132641,0.135987
293.955182,1,AUTO,ARMED,5,AVAILABLE,UNAVAILABLE,UNAVAILABLE,293,5,ACTIVE,41,E_P3_NEW3-A3.NC,E_P3_NEW3-A3.NC,41790.288,211856.19,5768.8,5287.832,100,38.1,52,50,0,6,100,9750.0,4175.26,420.279,9.9345,0.000385042,0.316581,0,545.5839943,1272.22,223.022,5.70446,0.000250565,0.131749,0,308.1056252,648.462,136.979,4.73402,0.000124972,0.0825981,6,-323.2176106,9470.23,440.254,21.5108,0.000132641,0.135987
294.098067,1,AUTO,ARMED,5,AVAILABLE,UNAVAILABLE,UNAVAILABLE,293,5,ACTIVE,41,E_P3_NEW3-A3.NC,E_P3_NEW3-A3.NC,41790.288,211856.19,5768.8,5287.832,100,38.1,52,50,0,13,100,9750.0,16989.0,4406.63,3.85533,0.000473486,0.799382,1,553.432926,18147.1,2615.26,6.93893,0.000289799,0.368982,0,308.1058899,6052.32,2137.41,2.83161,0.000159237,0.307533,6,-323.2175878,10407.6,2742.94,3.79432,0.000280151,0.627136
294.248503,1,AUTO,ARMED,5,AVAILABLE,UNAVAILABLE,UNAVAILABLE,293,5,ACTIVE,41,E_P3_NEW3-A3.NC,E_P3_NEW3-A3.NC,41790.288,211856.19,5768.8,5287.832,100,38.1,52,50,0,14,100,9750.0,16989.0,4406.63,3.85533,0.000473486,0.799382,1,557.3573632,18147.1,2615.26,6.93893,0.000289799,0.368982,0,308.105897,6052.32,2137.41,2.83161,0.000159237,0.307533,6,-323.2175878,10407.6,2742.94,3.79432,0.000280151,0.627136
294.396301,1,AUTO,ARMED,5,AVAILABLE,UNAVAILABLE,UNAVAILABLE,293,5,ACTIVE,41,E_P3_NEW3-A3.NC,E_P3_NEW3-A3.NC,41790.288,211856.19,5768.8,5287.832,100,38.1,52,50,0,13,100,9750.0,16989.0,4406.63,3.85533,0.000473486,0.799382,1,561.2910048,18147.1,2615.26,6.93893,0.000289799,0.368982,0,308.1059042,6052.32,2137.41,2.83161,0.000159237,0.307533,6,-323.2175992,10407.6,2742.94,3.79432,0.000280151,0.627136
294.540345,1,AUTO,ARMED,5,AVAILABLE,UNAVAILABLE,UNAVAILABLE,293,5,ACTIVE,41,E_P3_NEW3-A3.NC,E_P3_NEW3-A3.NC,41790.288,211856.19,5768.8,5287.832,100,38.1,53,50,0,10,100,9750.0,16989.0,4406.63,3.85533,0.000473486,0.799382,1,573.0545505,18147.1,2615.26,6.93893,0.000289799,0.368982,0,308.1058827,6052.32,2137.41,2.83161,0.000159237,0.307533,6,-323.2175878,10407.6,2742.94,3.79432,0.000280151,0.627136
294.688495,1,AUTO,ARMED,5,AVAILABLE,UNAVAILABLE,UNAVAILABLE,293,5,ACTIVE,41,E_P3_NEW3-A3.NC,E_P3_NEW3-A3.NC,41790.288,211856.19,5768.8,5287.832,100,38.1,53,50,0,10,100,9750.0,16989.0,4406.63,3.85533,0.000473486,0.799382,1,576.9880181,18147.1,2615.26,6.93893,0.000289799,0.368982,0,308.1059113,6052.32,2137.41,2.83161,0.000159237,0.307533,6,-323.2176106,10407.6,2742.94,3.79432,0.000280151,0.627136
294.830404,1,AUTO,ARMED,5,AVAILABLE,UNAVAILABLE,UNAVAILABLE,293,5,ACTIVE,41,E_P3_NEW3-A3.NC,E_P3_NEW3-A3.NC,41790.288,211856.19,5768.8,5287.832,100,38.1,53,50,0,10,100,9750.0,16989.0,4406.63,3.85533,0.000473486,0.799382,1,580.9126594,18147.1,2615.26,6.93893,0.000289799,0.368982,0,308.1059042,6052.32,2137.41,2.83161,0.000159237,0.307533,6,-323.2175992,10407.6,2742.94,3.79432,0.000280151,0.627136
294.979234,1,AUTO,ARMED,5,AVAILABLE,UNAVAILABLE,UNAVAILABLE,293,5,ACTIVE,41,E_P3_NEW3-A3.NC,E_P3_NEW3-A3.NC,41790.288,211856.19,5768.8,4088.2419,100,38.1,53,50,0,10,100,9750.0,16989.0,4406.63,3.85533,0.000473486,0.799382,1,584.8273783,18147.1,2615.26,6.93893,0.000289799,0.368982,0,308.1058899,6052.32,2137.41,2.83161,0.000159237,0.307533,6,-323.2175763,10407.6,2742.94,3.79432,0.000280151,0.627136
295.118943,1,AUTO,ARMED,5,AVAILABLE,UNAVAILABLE,UNAVAILABLE,293,5,ACTIVE,41,E_P3_NEW3-A3.NC,E_P3_NEW3-A3.NC,41790.288,211856.19,5768.8,4088.2419,100,38.1,53,50,0,10,100,9750.0,12189.8,346.61,35.1686,0.000372791,0.301947,1,590.7234057,13922.4,108.112,128.778,0.000136916,0.0950461,0,308.1059042,4995.57,106.2,47.0393,0.000160519,0.0879755,6,-323.2175763,8532.82,366.646,23.2726,0.00014754,0.1243
295.266367,1,AUTO,ARMED,5,AVAILABLE,UNAVAILABLE,UNAVAILABLE,293,5,ACTIVE,41,E_P3_NEW3-A3.NC,E_P3_NEW3-A3.NC,41790.288,211856.19,5768.8,4088.2419,100,38.1,53,50,0,11,100,9750.0,12189.8,346.61,35.1686,0.000372791,0.301947,1,594.6473839,13922.4,108.112,128.778,0.000136916,0.0950461,0,308.1059042,4995.57,106.2,47.0393,0.000160519,0.0879755,6,-323.2176221,8532.82,366.646,23.2726,0.00014754,0.1243
295.412768,1,AUTO,ARMED,5,AVAILABLE,UNAVAILABLE,UNAVAILABLE,293,5,ACTIVE,41,E_P3_NEW3-A3.NC,E_P3_NEW3-A3.NC,41790.288,211856.19,5768.8,4088.2419,100,38.1,53,50,0,11,100,9750.0,12189.8,346.61,35.1686,0.000372791,0.301947,1,598.572199,13922.4,108.112,128.778,0.000136916,0.0950461,0,308.1059185,4995.57,106.2,47.0393,0.000160519,0.0879755,6,-323.2175878,8532.82,366.646,23.2726,0.00014754,0.1243
295.571471,1,AUTO,ARMED,5,AVAILABLE,UNAVAILABLE,UNAVAILABLE,293,5,ACTIVE,41,E_P3_NEW3-A3.NC,E_P3_NEW3-A3.NC,41790.288,211856.19,5768.8,4088.2419,100,38.1,54,50,0,2,100,9750.0,12189.8,346.61,35.1686,0.000372791,0.301947,0,610.3381016,13922.4,108.112,128.778,0.000136916,0.0950461,0,308.1059113,4995.57,106.2,47.0393,0.000160519,0.0879755,6,-323.2175992,8532.82,366.646,23.2726,0.00014754,0.1243
295.711002,1,AUTO,ARMED,5,AVAILABLE,UNAVAILABLE,UNAVAILABLE,293,5,ACTIVE,41,E_P3_NEW3-A3.NC,E_P3_NEW3-A3.NC,41790.288,211856.19,5768.8,4088.2419,100,31.35,54,50,0,2,100,9750.0,12189.8,346.61,35.1686,0.000372791,0.301947,0,611.6617512,13922.4,108.112,128.778,0.000136916,0.0950461,0,308.1059042,4995.57,106.2,47.0393,0.000160519,0.0879755,6,-323.2176106,8532.82,366.646,23.2726,0.00014754,0.1243
295.902584,1,AUTO,ARMED,5,AVAILABLE,UNAVAILABLE,UNAVAILABLE,294,5,ACTIVE,41,E_P3_NEW3-A3.NC,E_P3_NEW3-A3.NC,41790.288,211856.19,5768.8,4088.2419,100,0.0,54,50,0,3,100,9750.0,12189.8,346.61,35.1686,0.000372791,0.301947,0,611.6668867,13922.4,108.112,128.778,0.000136916,0.0950461,0,308.105897,4995.57,106.2,47.0393,0.000160519,0.0879755,6,-323.2175992,8532.82,366.646,23.2726,0.00014754,0.1243
296.0441,1,AUTO,ARMED,5,AVAILABLE,UNAVAILABLE,UNAVAILABLE,294,5,ACTIVE,41,E_P3_NEW3-A3.NC,E_P3_NEW3-A3.NC,41790.288,211856.19,5768.8,3456.7507,100,0.0,54,50,0,3,100,9750.0,12189.8,346.61,35.1686,0.000372791,0.301947,0,611.6668867,13922.4,108.112,128.778,0.000136916,0.0950461,0,308.105897,4995.57,106.2,47.0393,0.000160519,0.0879755,6,-323.2176106,8532.82,366.646,23.2726,0.00014754,0.1243
296.202736,1,AUTO,ARMED,5,AVAILABLE,UNAVAILABLE,UNAVAILABLE,294,5,ACTIVE,41,E_P3_NEW3-A3.NC,E_P3_NEW3-A3.NC,41790.288,211856.19,5768.8,3456.7507,100,0.0,54,50,0,4,100,9750.0,4079.28,375.297,10.8695,0.000439897,0.315707,0,611.6668581,1752.3,312.771,5.6025,0.000204684,0.182267,0,308.1059042,648.463,149.652,4.33314,0.000208029,0.0943491,6,-323.2176106,1321.99,347.472,3.80459,0.000417498,0.129295
296.343235,1,AUTO,ARMED,5,AVAILABLE,UNAVAILABLE,UNAVAILABLE,294,5,ACTIVE,41,E_P3_NEW3-A3.NC,E_P3_NEW3-A3.NC,41790.288,211856.19,5768.8,3456.7507,100,0.0,54,50,0,5,100,9750.0,4079.28,375.297,10.8695,0.000439897,0.315707,0,611.6668223,1752.3,312.771,5.6025,0.000204684,0.182267,0,308.105897,648.463,149.652,4.33314,0.000208029,0.0943491,6,-323.2175992,1321.99,347.472,3.80459,0.000417498,0.129295
296.501789,1,AUTO,ARMED,5,AVAILABLE,UNAVAILABLE,UNAVAILABLE,294,5,ACTIVE,41,E_P3_NEW3-A3.NC,E_P3_NEW3-A3.NC,41790.288,211856.19,5768.8,3456.7507,100,0.0,54,50,0,4,100,9750.0,4079.28,375.297,10.8695,0.000439897,0.315707,0,611.6668152,1752.3,312.771,5.6025,0.000204684,0.182267,0,308.1059042,648.463,149.652,4.33314,0.000208029,0.0943491,6,-323.2176106,1321.99,347.472,3.80459,0.000417498,0.129295
296.642447,1,AUTO,ARMED,5,AVAILABLE,UNAVAILABLE,UNAVAILABLE,294,5,ACTIVE,41,E_P3_NEW3-A3.NC,E_P3_NEW3-A3.NC,41790.288,211856.19,5768.8,3456.7507,100,0.0,55,50,0,4,100,9750.0,4079.28,375.297,10.8695,0.000439897,0.315707,0,611.6668152,1752.3,312.771,5.6025,0.000204684,0.182267,0,308.105897,648.463,149.652,4.33314,0.000208029,0.0943491,6,-323.2175992,1321.99,347.472,3.80459,0.000417498,0.129295
296.784309,1,AUTO,ARMED,5,AVAILABLE,UNAVAILABLE,UNAVAILABLE,296,5,ACTIVE,41,E_P3_NEW3-A3.NC,E_P3_NEW3-A3.NC,41790.288,211856.19,5768.8,3456.7507,100,0.0,55,50,0,4,100,9750.0,4079.28,375.297,10.8695,0.000439897,0.315707,0,610.2495267,1752.3,312.771,5.6025,0.000204684,0.182267,0,308.2330641,648.463,149.652,4.33314,0.000208029,0.0943491,6,-323.2176106,1321.99,347.472,3.80459,0.000417498,0.129295
296.92768,1,AUTO,ARMED,5,AVAILABLE,UNAVAILABLE,UNAVAILABLE,296,5,ACTIVE,41,E_P3_NEW3-A3.NC,E_P3_NEW3-A3.NC,41790.288,211856.19,5768.8,3456.7507,100,38.1,55,50,0,4,100,9750.0,4079.28,375.297,10.8695,0.000439897,0.315707,3,606.3547304,1752.3,312.771,5.6025,0.000204684,0.182267,0,308.2329353,648.463,149.652,4.33314,0.000208029,0.0943491,6,-323.2175992,1321.99,347.472,3.80459,0.000417498,0.129295
297.079502,1,AUTO,ARMED,5,AVAILABLE,UNAVAILABLE,UNAVAILABLE,296,5,ACTIVE,41,E_P3_NEW3-A3.NC,E_P3_NEW3-A3.NC,41790.288,211856.19,5768.8,4873.1572,100,38.1,55,50,0,4,100,9750.0,4079.28,375.297,10.8695,0.000439897,0.315707,0,604.393256,1752.3,312.771,5.6025,0.000204684,0.182267,0,308.2329353,648.463,149.652,4.33314,0.000208029,0.0943491,6,-323.2175992,1321.99,347.472,3.80459,0.000417498,0.129295
297.222595,1,AUTO,ARMED,5,AVAILABLE,UNAVAILABLE,UNAVAILABLE,296,5,ACTIVE,41,E_P3_NEW3-A3.NC,E_P3_NEW3-A3.NC,41790.288,211856.19,5768.8,4873.1572,100,38.1,55,50,0,7,100,9750.0,4079.28,375.297,10.8695,0.000439897,0.315707,0,596.5348555,1752.3,312.771,5.6025,0.000204684,0.182267,0,308.2326278,648.463,149.652,4.33314,0.000208029,0.0943491,6,-323.2176106,1321.99,347.472,3.80459,0.000417498,0.129295
297.37379,1,AUTO,ARMED,5,AVAILABLE,UNAVAILABLE,UNAVAILABLE,296,5,ACTIVE,41,E_P3_NEW3-A3.NC,E_P3_NEW3-A3.NC,41790.288,211856.19,5768.8,4873.1572,100,38.1,55,50,0,10,100,9750.0,10054.2,2741.1,3.66794,0.000489875,0.592449,0,592.6207258,16034.8,2576.88,6.22256,0.000208381,0.271264,0,308.2328423,5043.6,1746.03,2.88861,0.000148691,0.287027,6,-323.2176106,7090.66,2118.84,3.34648,0.000240286,0.427252
297.516266,1,AUTO,ARMED,5,AVAILABLE,UNAVAILABLE,UNAVAILABLE,296,5,ACTIVE,41,E_P3_NEW3-A3.NC,E_P3_NEW3-A3.NC,41790.288,211856.19,5768.8,4873.1572,100,38.1,55,50,0,12,100,9750.0,10054.2,2741.1,3.66794,0.000489875,0.592449,0,588.6864615,16034.8,2576.88,6.22256,0.000208381,0.271264,0,308.232921,5043.6,1746.03,2.88861,0.000148691,0.287027,6,-323.2175992,7090.66,2118.84,3.34648,0.000240286,0.427252
297.663754,1,AUTO,ARMED,5,AVAILABLE,UNAVAILABLE,UNAVAILABLE,296,5,ACTIVE,41,E_P3_NEW3-A3.NC,E_P3_NEW3-A3.NC,41790.288,211856.19,5768.8,4873.1572,100,38.1,56,50,0,11,100,9750.0,10054.2,2741.1,3.66794,0.000489875,0.592449,0,576.9232573,16034.8,2576.88,6.22256,0.000208381,0.271264,0,308.2329139,5043.6,1746.03,2.88861,0.000148691,0.287027,6,-323.2175878,7090.66,2118.84,3.34648,0.000240286,0.427252
297.807742,1,AUTO,ARMED,5,AVAILABLE,UNAVAILABLE,UNAVAILABLE,296,5,ACTIVE,41,E_P3_NEW3-A3.NC,E_P3_NEW3-A3.NC,41790.288,211856.19,5768.8,4873.1572,100,38.1,56,50,0,11,100,9750.0,10054.2,2741.1,3.66794,0.000489875,0.592449,0,572.9892626,16034.8,2576.88,6.22256,0.000208381,0.271264,0,308.2329139,5043.6,1746.03,2.88861,0.000148691,0.287027,6,-323.2176221,7090.66,2118.84,3.34648,0.000240286,0.427252
297.94456,1,AUTO,ARMED,5,AVAILABLE,UNAVAILABLE,UNAVAILABLE,296,5,ACTIVE,41,E_P3_NEW3-A3.NC,E_P3_NEW3-A3.NC,41790.288,211856.19,5768.8,4873.1572,100,38.1,56,50,0,11,100,9750.0,10054.2,2741.1,3.66794,0.000489875,0.592449,0,569.0652816,16034.8,2576.88,6.22256,0.000208381,0.271264,0,308.2328996,5043.6,1746.03,2.88861,0.000148691,0.287027,6,-323.2175878,7090.66,2118.84,3.34648,0.000240286,0.427252
298.085519,1,AUTO,ARMED,5,AVAILABLE,UNAVAILABLE,UNAVAILABLE,296,5,ACTIVE,41,E_P3_NEW3-A3.NC,E_P3_NEW3-A3.NC,41790.288,211856.19,5768.8,4873.1572,100,38.1,56,50,0,9,100,9750.0,10054.2,2741.1,3.66794,0.000489875,0.592449,0,565.140993,16034.8,2576.88,6.22256,0.000208381,0.271264,0,308.2329139,5043.6,1746.03,2.88861,0.000148691,0.287027,6,-323.2175992,7090.66,2118.84,3.34648,0.000240286,0.427252
298.228799,1,AUTO,ARMED,5,AVAILABLE,UNAVAILABLE,UNAVAILABLE,296,5,ACTIVE,41,E_P3_NEW3-A3.NC,E_P3_NEW3-A3.NC,41790.288,211856.19,5768.8,4570.1602,100,38.1,56,50,0,10,100,9750.0,10054.2,2741.1,3.66794,0.000489875,0.592449,0,557.2924301,16034.8,2576.88,6.22256,0.000208381,0.271264,0,308.2328853,5043.6,1746.03,2.88861,0.000148691,0.287027,6,-323.2175992,7090.66,2118.84,3.34648,0.000240286,0.427252
298.365538,1,AUTO,ARMED,5,AVAILABLE,UNAVAILABLE,UNAVAILABLE,296,5,ACTIVE,41,E_P3_NEW3-A3.NC,E_P3_NEW3-A3.NC,41790.288,211856.19,5768.8,4570.1602,100,38.1,56,50,0,10,100,9750.0,8998.4,389.897,23.0789,0.000373776,0.31924,0,553.3677936,17042.9,124.15,137.277,0.000162101,0.101328,0,308.2329067,3986.85,117.42,33.9538,0.000170008,0.0919761,6,-323.2176106,7907.88,438.644,18.028,0.000196906,0.141297
298.503927,1,AUTO,ARMED,5,AVAILABLE,UNAVAILABLE,UNAVAILABLE,296,5,ACTIVE,41,E_P3_NEW3-A3.NC,E_P3_NEW3-A3.NC,41790.288,211856.19,5768.8,4570.1602,100,38.1,56,50,0,10,100,9750.0,8998.4,389.897,23.0789,0.000373776,0.31924,0,545.509945,17042.9,124.15,137.277,0.000162101,0.101328,0,308.232921,3986.85,117.42,33.9538,0.000170008,0.0919761,6,-323.2175992,7907.88,438.644,18.028,0.000196906,0.141297
298.647526,1,AUTO,ARMED,5,AVAILABLE,UNAVAILABLE,UNAVAILABLE,296,5,ACTIVE,41,E_P3_NEW3-A3.NC,E_P3_NEW3-A3.NC,41790.288,211856.19,5768.8,4570.1602,100,38.1,57,50,0,10,100,9750.0,8998.4,389.897,23.0789,0.000373776,0.31924,0,541.5957368,17042.9,124.15,137.277,0.000162101,0.101328,0,308.2332214,3986.85,117.42,33.9538,0.000170008,0.0919761,6,-323.2176106,7907.88,438.644,18.028,0.000196906,0.141297
298.785739,1,AUTO,ARMED,5,AVAILABLE,UNAVAILABLE,UNAVAILABLE,296,5,ACTIVE,41,E_P3_NEW3-A3.NC,E_P3_NEW3-A3.NC,41790.288,211856.19,5768.8,4570.1602,100,38.1,57,50,0,7,100,9750.0,8998.4,389.897,23.0789,0.000373776,0.31924,0,537.6706069,17042.9,124.15,137.277,0.000162101,0.101328,0,308.2330283,3986.85,117.42,33.9538,0.000170008,0.0919761,6,-323.2175992,7907.88,438.644,18.028,0.000196906,0.141297
298.933961,1,AUTO,ARMED,5,AVAILABLE,UNAVAILABLE,UNAVAILABLE,296,5,ACTIVE,41,E_P3_NEW3-A3.NC,E_P3_NEW3-A3.NC,41790.288,211856.19,5768.8,4570.1602,100,33.86667,57,50,0,2,100,9750.0,8998.4,389.897,23.0789,0.000373776,0.31924,0,530.5156461,17042.9,124.15,137.277,0.000162101,0.101328,0,308.2329139,3986.85,117.42,33.9538,0.000170008,0.0919761,6,-323.2175992,7907.88,438.644,18.028,0.000196906,0.141297
299.071544,1,AUTO,ARMED,5,AVAILABLE,UNAVAILABLE,UNAVAILABLE,297,5,ACTIVE,41,E_P3_NEW3-A3.NC,E_P3_NEW3-A3.NC,41790.288,211856.19,5768.8,4570.1602,100,8.466667,57,50,0,2,100,9750.0,8998.4,389.897,23.0789,0.000373776,0.31924,0,530.3922994,17042.9,124.15,137.277,0.000162101,0.101328,0,308.2329067,3986.85,117.42,33.9538,0.000170008,0.0919761,6,-323.2176106,7907.88,438.644,18.028,0.000196906,0.141297
299.212133,1,AUTO,ARMED,5,AVAILABLE,UNAVAILABLE,UNAVAILABLE,297,5,ACTIVE,41,E_P3_NEW3-A3.NC,E_P3_NEW3-A3.NC,41790.288,211856.19,5768.8,3489.5203,100,0.0,57,50,0,2,100,9750.0,8998.4,389.897,23.0789,0.000373776,0.31924,0,530.3869135,17042.9,124.15,137.277,0.000162101,0.101328,0,308.2329067,3986.85,117.42,33.9538,0.000170008,0.0919761,6,-323.2175878,7907.88,438.644,18.028,0.000196906,0.141297
299.377356,1,AUTO,ARMED,5,AVAILABLE,UNAVAILABLE,UNAVAILABLE,297,5,ACTIVE,41,E_P3_NEW3-A3.NC,E_P3_NEW3-A3.NC,41790.288,211856.19,5768.8,3489.5203,100,0.0,57,50,0,4,100,9750.0,4007.29,366.976,10.9198,0.000384681,0.309281,0,530.3867061,1080.19,107.157,10.0804,0.000115022,0.0891366,0,308.2328996,648.462,105.007,6.17542,0.00013758,0.0865557,6,-323.2175992,1249.88,378.482,3.30235,0.00012355,0.120598
299.52257,1,AUTO,ARMED,5,AVAILABLE,UNAVAILABLE,UNAVAILABLE,297,5,ACTIVE,41,E_P3_NEW3-A3.NC,E_P3_NEW3-A3.NC,41790.288,211856.19,5768.8,3489.5203,100,0.0,58,50,0,5,100,9750.0,4007.29,366.976,10.9198,0.000384681,0.309281,0,530.3867347,1080.19,107.157,10.0804,0.000115022,0.0891366,0,308.2328996,648.462,105.007,6.17542,0.00013758,0.0865557,6,-323.2175992,1249.88,378.482,3.30235,0.00012355,0.120598
299.669236,1,AUTO,ARMED,5,AVAILABLE,UNAVAILABLE,UNAVAILABLE,297,5,ACTIVE,41,E_P3_NEW3-A3.NC,E_P3_NEW3-A3.NC,41790.288,211856.19,5768.8,3489.5203,100,0.0,58,50,0,4,100,9750.0,4007.29,366.976,10.9198,0.000384681,0.309281,0,530.386749,1080.19,107.157,10.0804,0.000115022,0.0891366,0,308.2328996,648.462,105.007,6.17542,0.00013758,0.0865557,6,-323.2175992,1249.88,378.482,3.30235,0.00012355,0.120598
299.808574,1,AUTO,ARMED,5,AVAILABLE,UNAVAILABLE,UNAVAILABLE,297,5,ACTIVE,41,E_P3_NEW3-A3.NC,E_P3_NEW3-A3.NC,41790.288,211856.19,5768.8,3489.5203,100,0.0,58,50,0,4,100,9750.0,4007.29,366.976,10.9198,0.000384681,0.309281,0,530.3867704,1080.19,107.157,10.0804,0.000115022,0.0891366,0,308.2328996,648.462,105.007,6.17542,0.00013758,0.0865557,6,-323.2176106,1249.88,378.482,3.30235,0.00012355,0.120598
299.950404,1,AUTO,ARMED,5,AVAILABLE,UNAVAILABLE,UNAVAILABLE,297,5,ACTIVE,41,E_P3_NEW3-A3.NC,E_P3_NEW3-A3.NC,41790.288,211856.19,5768.8,3489.5203,100,0.0,58,50,0,4,100,9750.0,4007.29,366.976,10.9198,0.000384681,0.309281,0,530.3867704,1080.19,107.157,10.0804,0.000115022,0.0891366,0,308.2328996,648.462,105.007,6.17542,0.00013758,0.0865557,6,-323.2175878,1249.88,378.482,3.30235,0.00012355,0.120598
300.092781,1,AUTO,ARMED,5,AVAILABLE,UNAVAILABLE,UNAVAILABLE,297,5,ACTIVE,41,E_P3_NEW3-A3.NC,E_P3_NEW3-A3.NC,41790.288,211856.19,5768.8,3489.5203,100,0.0,58,50,0,4,100,9750.0,4007.29,366.976,10.9198,0.000384681,0.309281,0,530.3867776,1080.19,107.157,10.0804,0.000115022,0.0891366,0,308.2328996,648.462,105.007,6.17542,0.00013758,0.0865557,6,-323.2175992,1249.88,378.482,3.30235,0.00012355,0.120598
300.234528,1,AUTO,ARMED,5,AVAILABLE,UNAVAILABLE,UNAVAILABLE,298,5,ACTIVE,41,E_P3_NEW3-A3.NC,E_P3_NEW3-A3.NC,41790.288,211856.19,5768.8,3489.5203,100,0.0,58,50,0,4,100,9750.0,4007.29,366.976,10.9198,0.000384681,0.309281,0,530.3867847,1080.19,107.157,10.0804,0.000115022,0.0891366,0,308.2328996,648.462,105.007,6.17542,0.00013758,0.0865557,6,-323.1053501,1249.88,378.482,3.30235,0.00012355,0.120598
300.379098,1,AUTO,ARMED,5,AVAILABLE,UNAVAILABLE,UNAVAILABLE,300,5,ACTIVE,41,E_P3_NEW3-A3.NC,E_P3_NEW3-A3.NC,41790.288,211856.19,5768.8,3463.3477,100,172.7333,58,50,0,25,100,9481.558406,4007.29,366.976,10.9198,0.000384681,0.309281,0,530.3867919,1080.19,107.157,10.0804,0.000115022,0.0891366,0,308.2328996,648.462,105.007,6.17542,0.00013758,0.0865557,15,-274.2162081,1249.88,378.482,3.30235,0.00012355,0.120598
300.522503,1,AUTO,ARMED,5,AVAILABLE,UNAVAILABLE,UNAVAILABLE,300,5,ACTIVE,41,E_P3_NEW3-A3.NC,E_P3_NEW3-A3.NC,41790.288,211856.19,5768.8,3463.3477,100,200.0,59,50,0,41,100,9172.647176,53774.4,307.118,175.094,0.000275715,0.1171,0,530.3867919,1080.19,97.5507,11.0731,0.000140566,0.08334,0,308.2328996,792.568,109.177,7.25948,5.27392e-05,0.0347568,10,-253.5663774,3437.17,203.082,16.925,0.000508582,0.164233
300.67698,1,AUTO,ARMED,5,AVAILABLE,UNAVAILABLE,UNAVAILABLE,300,5,ACTIVE,41,E_P3_NEW3-A3.NC,E_P3_NEW3-A3.NC,41790.288,211856.19,5768.8,3463.3477,100,200.0,59,50,0,40,100,8853.411474,53774.4,307.118,175.094,0.000275715,0.1171,0,530.3867919,1080.19,97.5507,11.0731,0.000140566,0.08334,0,308.2329067,792.568,109.177,7.25948,5.27392e-05,0.0347568,10,-232.9657035,3437.17,203.082,16.925,0.000508582,0.164233
300.821831,1,AUTO,ARMED,5,AVAILABLE,UNAVAILABLE,UNAVAILABLE,300,5,ACTIVE,41,E_P3_NEW3-A3.NC,E_P3_NEW3-A3.NC,41790.288,211856.19,5768.8,3463.3477,100,200.0,59,50,0,27,100,8285.625514,53774.4,307.118,175.094,0.000275715,0.1171,0,530.386799,1080.19,97.5507,11.0731,0.000140566,0.08334,0,308.2328996,792.568,109.177,7.25948,5.27392e-05,0.0347568,9,-191.7164608,3437.17,203.082,16.925,0.000508582,0.164233
300.969434,1,AUTO,ARMED,5,AVAILABLE,UNAVAILABLE,UNAVAILABLE,300,5,ACTIVE,41,E_P3_NEW3-A3.NC,E_P3_NEW3-A3.NC,41790.288,211856.19,5768.8,3463.3477,100,199.6833,59,50,0,20,100,8053.132328,53774.4,307.118,175.094,0.000275715,0.1171,0,530.3867919,1080.19,97.5507,11.0731,0.000140566,0.08334,0,308.2328924,792.568,109.177,7.25948,5.27392e-05,0.0347568,9,-181.4160369,3437.17,203.082,16.925,0.000508582,0.164233
301.119171,1,AUTO,ARMED,5,AVAILABLE,UNAVAILABLE,UNAVAILABLE,300,5,ACTIVE,41,E_P3_NEW3-A3.NC,E_P3_NEW3-A3.NC,41790.288,211856.19,5768.8,3463.3477,100,157.4167,59,50,0,17,100,7849.286858,53774.4,307.118,175.094,0.000275715,0.1171,0,530.386799,1080.19,97.5507,11.0731,0.000140566,0.08334,0,308.2328924,792.568,109.177,7.25948,5.27392e-05,0.0347568,0,-162.5569312,3437.17,203.082,16.925,0.000508582,0.164233
301.266942,1,AUTO,ARMED,5,AVAILABLE,UNAVAILABLE,UNAVAILABLE,301,5,ACTIVE,41,E_P3_NEW3-A3.NC,E_P3_NEW3-A3.NC,41790.288,211856.19,5768.8,3463.3477,100,116.7833,59,50,0,20,100,7174.175644,53774.4,307.118,175.094,0.000275715,0.1171,1,528.296557,1080.19,97.5507,11.0731,0.000140566,0.08334,8,326.8874495,792.568,109.177,7.25948,5.27392e-05,0.0347568,7,-158.1174343,3437.17,203.082,16.925,0.000508582,0.164233
301.408585,1,AUTO,ARMED,5,AVAILABLE,UNAVAILABLE,UNAVAILABLE,301,5,ACTIVE,41,E_P3_NEW3-A3.NC,E_P3_NEW3-A3.NC,41790.288,211856.19,5768.8,2357.479,100,199.55,0,50,0,18,100,6943.344339,53774.4,307.118,175.094,0.000275715,0.1171,0,526.0097471,1080.19,97.5507,11.0731,0.000140566,0.08334,1,347.2899376,792.568,109.177,7.25948,5.27392e-05,0.0347568,7,-158.1174229,3437.17,203.082,16.925,0.000508582,0.164233
301.549362,1,AUTO,ARMED,5,AVAILABLE,UNAVAILABLE,UNAVAILABLE,301,5,ACTIVE,41,E_P3_NEW3-A3.NC,E_P3_NEW3-A3.NC,41790.288,211856.19,5768.8,2357.479,100,199.7,0,50,0,17,100,6707.356557,3647.35,294.289,12.3938,0.00010227,0.0708337,0,523.7101984,9409.62,427.468,22.0125,0.000221642,0.121556,1,367.81134,6940.96,862.157,8.05069,0.00060659,0.284663,7,-158.1174572,1081.62,205.372,5.26664,0.000535275,0.129295
301.709368,1,AUTO,ARMED,5,AVAILABLE,UNAVAILABLE,UNAVAILABLE,301,5,ACTIVE,41,E_P3_NEW3-A3.NC,E_P3_NEW3-A3.NC,41790.288,211856.19,5768.8,2357.479,100,200.0,0,50,0,18,100,6473.097642,3647.35,294.289,12.3938,0.00010227,0.0708337,0,521.4158639,9409.62,427.468,22.0125,0.000221642,0.121556,1,388.2829986,6940.96,862.157,8.05069,0.00060659,0.284663,7,-158.117503,1081.62,205.372,5.26664,0.000535275,0.129295
301.861546,1,AUTO,ARMED,5,AVAILABLE,UNAVAILABLE,UNAVAILABLE,301,5,ACTIVE,41,E_P3_NEW3-A3.NC,E_P3_NEW3-A3.NC,41790.288,211856.19,5768.8,2357.479,100,200.0,0,50,0,18,100,6001.475955,3647.35,294.289,12.3938,0.00010227,0.0708337,1,516.8219592,9409.62,427.468,22.0125,0.000221642,0.121556,1,429.275836,6940.96,862.157,8.05069,0.00060659,0.284663,7,-158.1175602,1081.62,205.372,5.26664,0.000535275,0.129295
301.995537,1,AUTO,ARMED,5,AVAILABLE,UNAVAILABLE,UNAVAILABLE,301,5,ACTIVE,41,E_P3_NEW3-A3.NC,E_P3_NEW3-A3.NC,41790.288,211856.19,5768.8,2357.479,100,200.0,0,50,0,18,100,5879.759451,3647.35,294.289,12.3938,0.00010227,0.0708337,1,514.5335256,9409.62,427.468,22.0125,0.000221642,0.121556,1,449.697913,6940.96,862.157,8.05069,0.00060659,0.284663,7,-158.1175716,1081.62,205.372,5.26664,0.000535275,0.129295
302.134367,1,AUTO,ARMED,5,AVAILABLE,UNAVAILABLE,UNAVAILABLE,301,5,ACTIVE,41,E_P3_NEW3-A3.NC,E_P3_NEW3-A3.NC,41790.288,211856.19,5768.8,2357.479,100,200.0,0,50,0,16,100,5418.221413,3647.35,294.289,12.3938,0.00010227,0.0708337,0,509.9505859,9409.62,427.468,22.0125,0.000221642,0.121556,1,490.5928359,6940.96,862.157,8.05069,0.00060659,0.284663,7,-158.1175831,1081.62,205.372,5.26664,0.000535275,0.129295
302.27159,1,AUTO,ARMED,5,AVAILABLE,UNAVAILABLE,UNAVAILABLE,301,5,ACTIVE,41,E_P3_NEW3-A3.NC,E_P3_NEW3-A3.NC,41790.288,211856.19,5768.8,2357.479,100,198.85,0,50,0,16,100,5188.811849,3647.35,294.289,12.3938,0.00010227,0.0708337,0,508.1244396,9409.62,427.468,22.0125,0.000221642,0.121556,1,506.8909607,6940.96,862.157,8.05069,0.00060659,0.284663,7,-158.1175831,1081.62,205.372,5.26664,0.000535275,0.129295
302.413527,1,AUTO,ARMED,5,AVAILABLE,UNAVAILABLE,UNAVAILABLE,301,5,ACTIVE,41,E_P3_NEW3-A3.NC,E_P3_NEW3-A3.NC,41790.288,211856.19,5768.8,2357.479,100,138.0833,0,50,0,16,100,4936.215293,3647.35,294.289,12.3938,0.00010227,0.0708337,0,508.000814,9409.62,427.468,22.0125,0.000221642,0.121556,9,507.9918668,6940.96,862.157,8.05069,0.00060659,0.284663,7,-158.1175945,1081.62,205.372,5.26664,0.000535275,0.129295
302.555762,1,AUTO,ARMED,5,AVAILABLE,UNAVAILABLE,UNAVAILABLE,301,5,ACTIVE,41,E_P3_NEW3-A3.NC,E_P3_NEW3-A3.NC,41790.288,211856.19,5768.8,2118.4651,100,8.266667,0,50,0,16,100,4713.667833,3263.42,154.32,21.1471,0.000105124,0.041882,0,507.99992,5040.87,70.6953,71.3042,5.58061e-05,0.0244971,9,507.9998473,576.409,71.9294,8.01354,9.9329e-05,0.0268927,7,-158.1175945,769.155,164.011,4.68965,0.000202205,0.0854572
302.695251,1,AUTO,ARMED,5,AVAILABLE,UNAVAILABLE,UNAVAILABLE,301,5,ACTIVE,41,E_P3_NEW3-A3.NC,E_P3_NEW3-A3.NC,41790.288,211856.19,5768.8,2118.4651,100,0.0,1,50,0,18,100,4009.81433,3263.42,154.32,21.1471,0.000105124,0.041882,0,507.9999486,5040.87,70.6953,71.3042,5.58061e-05,0.0244971,0,508.0000548,576.409,71.9294,8.01354,9.9329e-05,0.0268927,7,-158.1175945,769.155,164.011,4.68965,0.000202205,0.0854572
302.833794,1,AUTO,ARMED,5,AVAILABLE,UNAVAILABLE,UNAVAILABLE,301,5,ACTIVE,41,E_P3_NEW3-A3.NC,E_P3_NEW3-A3.NC,41790.288,211856.19,5768.8,2118.4651,100,0.0,1,50,0,18,100,3782.230692,3263.42,154.32,21.1471,0.000105124,0.041882,0,507.9999629,5040.87,70.6953,71.3042,5.58061e-05,0.0244971,0,508.0000477,576.409,71.9294,8.01354,9.9329e-05,0.0268927,7,-158.1175945,769.155,164.011,4.68965,0.000202205,0.0854572
302.992773,1,AUTO,ARMED,5,AVAILABLE,UNAVAILABLE,UNAVAILABLE,301,5,ACTIVE,41,E_P3_NEW3-A3.NC,E_P3_NEW3-A3.NC,41790.288,211856.19,5768.8,2118.4651,100,0.0,1,50,0,19,100,3544.10224,3263.42,154.32,21.1471,0.000105124,0.041882,0,507.9999629,5040.87,70.6953,71.3042,5.58061e-05,0.0244971,0,508.0000405,576.409,71.9294,8.01354,9.9329e-05,0.0268927,7,-158.1175945,769.155,164.011,4.68965,0.000202205,0.0854572
303.148854,1,AUTO,ARMED,5,AVAILABLE,UNAVAILABLE,UNAVAILABLE,301,5,ACTIVE,41,E_P3_NEW3-A3.NC,E_P3_NEW3-A3.NC,41790.288,211856.19,5768.8,2118.4651,100,0.0,1,50,0,22,100,3090.037628,3263.42,154.32,21.1471,0.000105124,0.041882,0,507.9999772,5040.87,70.6953,71.3042,5.58061e-05,0.0244971,0,508.0000334,576.409,71.9294,8.01354,9.9329e-05,0.0268927,7,-158.1175945,769.155,164.011,4.68965,0.000202205,0.0854572
303.29163,1,AUTO,ARMED,5,AVAILABLE,UNAVAILABLE,UNAVAILABLE,301,5,ACTIVE,41,E_P3_NEW3-A3.NC,E_P3_NEW3-A3.NC,41790.288,211856.19,5768.8,2118.4651,100,0.0,1,50,0,24,100,2863.283643,3263.42,154.32,21.1471,0.000105124,0.041882,0,507.9999844,5040.87,70.6953,71.3042,5.58061e-05,0.0244971,0,508.0000262,576.409,71.9294,8.01354,9.9329e-05,0.0268927,7,-158.117606,769.155,164.011,4.68965,0.000202205,0.0854572
303.434613,1,AUTO,ARMED,5,AVAILABLE,UNAVAILABLE,UNAVAILABLE,301,5,ACTIVE,41,E_P3_NEW3-A3.NC,E_P3_NEW3-A3.NC,41790.288,211856.19,5768.8,2118.4651,100,0.0,1,50,0,30,100,2635.39341,3263.42,154.32,21.1471,0.000105124,0.041882,0,507.9999915,5040.87,70.6953,71.3042,5.58061e-05,0.0244971,0,508.0000262,576.409,71.9294,8.01354,9.9329e-05,0.0268927,7,-158.117606,769.155,164.011,4.68965,0.000202205,0.0854572
303.578405,1,AUTO,ARMED,5,AVAILABLE,UNAVAILABLE,UNAVAILABLE,301,5,ACTIVE,41,E_P3_NEW3-A3.NC,E_P3_NEW3-A3.NC,41790.288,211856.19,5768.8,2137.0325,100,0.0,2,50,0,36,100,1900.273423,3191.43,73.3349,43.5186,5.66564e-05,0.0287656,0,507.9999987,4824.83,65.0232,74.2017,0.000103231,0.0352635,0,508.0000262,528.375,61.1446,8.6414,2.18263e-05,0.0157391,7,-158.117606,841.264,103.935,8.09414,0.000103631,0.0473512
303.722232,1,AUTO,ARMED,5,AVAILABLE,UNAVAILABLE,UNAVAILABLE,301,5,ACTIVE,41,E_P3_NEW3-A3.NC,E_P3_NEW3-A3.NC,41790.288,211856.19,5768.8,2137.0325,100,0.0,2,50,0,28,100,1649.667283,3191.43,73.3349,43.5186,5.66564e-05,0.0287656,0,507.9999987,4824.83,65.0232,74.2017,0.000103231,0.0352635,0,508.0000334,528.375,61.1446,8.6414,2.18263e-05,0.0157391,7,-158.1175945,841.264,103.935,8.09414,0.000103631,0.0473512
303.862846,1,AUTO,ARMED,5,AVAILABLE,UNAVAILABLE,UNAVAILABLE,301,5,ACTIVE,41,E_P3_NEW3-A3.NC,E_P3_NEW3-A3.NC,41790.288,211856.19,5768.8,2137.0325,100,0.0,2,50,0,22,100,1423.097275,3191.43,73.3349,43.5186,5.66564e-05,0.0287656,0,507.9999987,4824.83,65.0232,74.2017,0.000103231,0.0352635,0,508.000019,528.375,61.1446,8.6414,2.18263e-05,0.0157391,7,-158.1175945,841.264,103.935,8.09414,0.000103631,0.0473512
304.016164,1,AUTO,ARMED,5,AVAILABLE,UNAVAILABLE,UNAVAILABLE,301,5,ACTIVE,41,E_P3_NEW3-A3.NC,E_P3_NEW3-A3.NC,41790.288,211856.19,5768.8,2137.0325,100,0.0,2,50,0,20,100,1081.361937,3191.43,73.3349,43.5186,5.66564e-05,0.0287656,0,507.9999987,4824.83,65.0232,74.2017,0.000103231,0.0352635,0,508.0000262,528.375,61.1446,8.6414,2.18263e-05,0.0157391,7,-158.1175945,841.264,103.935,8.09414,0.000103631,0.0473512
304.20923,1,AUTO,ARMED,5,AVAILABLE,UNAVAILABLE,UNAVAILABLE,301,5,ACTIVE,41,E_P3_NEW3-A3.NC,E_P3_NEW3-A3.NC,41790.288,211856.19,5768.8,2137.0325,100,0.0,2,50,0,20,100,852.4862398,3191.43,73.3349,43.5186,5.66564e-05,0.0287656,0,507.9999987,4824.83,65.0232,74.2017,0.000103231,0.0352635,0,508.0000262,528.375,61.1446,8.6414,2.18263e-05,0.0157391,7,-158.1175945,841.264,103.935,8.09414,0.000103631,0.0473512
304.354818,1,AUTO,ARMED,5,AVAILABLE,UNAVAILABLE,UNAVAILABLE,301,5,ACTIVE,41,E_P3_NEW3-A3.NC,E_P3_NEW3-A3.NC,41790.288,211856.19,5768.8,2137.0325,100,0.0,2,50,0,19,100,389.6184683,3191.43,73.3349,43.5186,5.66564e-05,0.0287656,0,507.9999987,4824.83,65.0232,74.2017,0.000103231,0.0352635,0,508.0000262,528.375,61.1446,8.6414,2.18263e-05,0.0157391,7,-158.1175945,841.264,103.935,8.09414,0.000103631,0.0473512
304.503732,1,AUTO,ARMED,5,AVAILABLE,UNAVAILABLE,UNAVAILABLE,301,5,ACTIVE,41,E_P3_NEW3-A3.NC,E_P3_NEW3-A3.NC,41790.288,211856.19,5768.8,2137.0325,100,0.0,2,50,0,20,100,155.7870923,3191.43,73.3349,43.5186,5.66564e-05,0.0287656,0,507.9999987,4824.83,65.0232,74.2017,0.000103231,0.0352635,0,508.0000262,528.375,61.1446,8.6414,2.18263e-05,0.0157391,7,-158.1175945,841.264,103.935,8.09414,0.000103631,0.0473512
304.662975,1,AUTO,ARMED,5,AVAILABLE,UNAVAILABLE,UNAVAILABLE,301,5,ACTIVE,42,E_P3_NEW3-A3.NC,E_P3_NEW3-A3.NC,41790.288,211856.19,5768.8,1918.5898,100,0.0,3,50,0,8,100,-36.46563922,2711.52,66.9851,40.4794,7.21202e-05,0.022704,0,507.9999987,4776.82,50.075,95.3933,4.97814e-05,0.0128508,0,508.0000119,648.459,51.7822,12.5228,1.38476e-05,0.00674534,7,-158.117606,192.287,26.9225,7.14224,1.14008e-05,0.00601116
304.859143,1,AUTO,ARMED,5,AVAILABLE,UNAVAILABLE,UNAVAILABLE,301,5,ACTIVE,42,E_P3_NEW3-A3.NC,E_P3_NEW3-A3.NC,41790.288,211856.19,5768.8,1918.5898,100,0.0,3,50,0,4,100,0.0,2711.52,66.9851,40.4794,7.21202e-05,0.022704,0,507.9999987,4776.82,50.075,95.3933,4.97814e-05,0.0128508,0,508.0000047,648.459,51.7822,12.5228,1.38476e-05,0.00674534,7,-158.1175945,192.287,26.9225,7.14224,1.14008e-05,0.00601116
305.00137,1,AUTO,ARMED,5,AVAILABLE,UNAVAILABLE,UNAVAILABLE,301,5,ACTIVE,42,E_P3_NEW3-A3.NC,E_P3_NEW3-A3.NC,41790.288,211856.19,5768.8,1918.5898,100,0.0,3,50,0,0,100,0.0,2711.52,66.9851,40.4794,7.21202e-05,0.022704,0,508.0000058,4776.82,50.075,95.3933,4.97814e-05,0.0128508,0,508.0000047,648.459,51.7822,12.5228,1.38476e-05,0.00674534,7,-158.1175945,192.287,26.9225,7.14224,1.14008e-05,0.00601116
305.152717,1,AUTO,ARMED,4,AVAILABLE,UNAVAILABLE,UNAVAILABLE,301,5,PROGRAM_COMPLETED,42,E_P3_NEW3-A3.NC,E_P3_NEW3-A3.NC,41790.288,211856.19,5768.8,1918.5898,100,0.0,3,50,0,0,100,0.0,2711.52,66.9851,40.4794,7.21202e-05,0.022704,0,507.9999987,4776.82,50.075,95.3933,4.97814e-05,0.0128508,0,508.0000047,648.459,51.7822,12.5228,1.38476e-05,0.00674534,7,-158.117606,192.287,26.9225,7.14224,1.14008e-05,0.00601116
305.294978,1,AUTO,ARMED,4,AVAILABLE,UNAVAILABLE,UNAVAILABLE,301,5,PROGRAM_COMPLETED,42,E_P3_NEW3-A3.NC,E_P3_NEW3-A3.NC,41790.288,211856.19,5768.8,1918.5898,100,0.0,3,50,0,0,100,0.0,2711.52,66.9851,40.4794,7.21202e-05,0.022704,0,507.9999987,4776.82,50.075,95.3933,4.97814e-05,0.0128508,0,507.9999976,648.459,51.7822,12.5228,1.38476e-05,0.00674534,7,-158.1175945,192.287,26.9225,7.14224,1.14008e-05,0.00601116
305.436706,1,AUTO,ARMED,4,AVAILABLE,UNAVAILABLE,UNAVAILABLE,301,5,PROGRAM_COMPLETED,42,E_P3_NEW3-A3.NC,E_P3_NEW3-A3.NC,41790.288,211856.19,5768.8,1918.5898,100,0.0,3,50,0,0,100,0.0,2711.52,66.9851,40.4794,7.21202e-05,0.022704,0,507.9999987,4776.82,50.075,95.3933,4.97814e-05,0.0128508,0,507.9999976,648.459,51.7822,12.5228,1.38476e-05,0.00674534,7,-158.117606,192.287,26.9225,7.14224,1.14008e-05,0.00601116
305.579904,1,AUTO,ARMED,4,AVAILABLE,UNAVAILABLE,UNAVAILABLE,301,5,PROGRAM_COMPLETED,42,E_P3_NEW3-A3.NC,E_P3_NEW3-A3.NC,41790.288,211856.19,5768.8,1918.5898,100,0.0,3,50,0,0,100,0.0,2711.52,66.9851,40.4794,7.21202e-05,0.022704,0,507.9999987,4776.82,50.075,95.3933,4.97814e-05,0.0128508,0,508.0000047,648.459,51.7822,12.5228,1.38476e-05,0.00674534,7,-158.1175945,192.287,26.9225,7.14224,1.14008e-05,0.00601116
305.730476,1,AUTO,ARMED,4,AVAILABLE,UNAVAILABLE,UNAVAILABLE,301,5,PROGRAM_COMPLETED,42,E_P3_NEW3-A3.NC,E_P3_NEW3-A3.NC,41790.288,211856.19,5768.8,2027.6321,100,0.0,3,50,0,0,100,0.0,2735.51,65.4164,41.8169,3.19951e-05,0.0151998,0,507.9999987,4656.8,46.356,100.457,2.6745e-05,0.010638,0,507.9999976,384.273,53.6914,7.15707,3.18079e-05,0.00907802,7,-158.117606,192.287,27.3336,7.03482,3.13661e-05,0.00865864
305.870614,1,AUTO,ARMED,4,AVAILABLE,UNAVAILABLE,UNAVAILABLE,301,5,PROGRAM_COMPLETED,42,E_P3_NEW3-A3.NC,E_P3_NEW3-A3.NC,41790.288,211856.19,5768.8,2027.6321,100,0.0,3,50,0,0,100,0.0,2735.51,65.4164,41.8169,3.19951e-05,0.0151998,0,507.9999987,4656.8,46.356,100.457,2.6745e-05,0.010638,0,507.9999976,384.273,53.6914,7.15707,3.18079e-05,0.00907802,7,-158.1175945,192.287,27.3336,7.03482,3.13661e-05,0.00865864
306.020555,1,AUTO,ARMED,4,AVAILABLE,UNAVAILABLE,UNAVAILABLE,301,5,PROGRAM_COMPLETED,42,E_P3_NEW3-A3.NC,E_P3_NEW3-A3.NC,41790.288,211856.19,5768.8,2027.6321,100,0.0,3,50,0,0,100,0.0,2735.51,65.4164,41.8169,3.19951e-05,0.0151998,0,507.9999987,4656.8,46.356,100.457,2.6745e-05,0.010638,0,507.9999976,384.273,53.6914,7.15707,3.18079e-05,0.00907802,7,-158.1175945,192.287,27.3336,7.03482,3.13661e-05,0.00865864
306.174523,1,AUTO,ARMED,4,AVAILABLE,UNAVAILABLE,UNAVAILABLE,301,5,PROGRAM_COMPLETED,42,E_P3_NEW3-A3.NC,E_P3_NEW3-A3.NC,41790.288,211856.19,5768.8,2027.6321,100,0.0,3,50,0,0,100,0.0,2735.51,65.4164,41.8169,3.19951e-05,0.0151998,0,507.9999987,4656.8,46.356,100.457,2.6745e-05,0.010638,0,508.0000047,384.273,53.6914,7.15707,3.18079e-05,0.00907802,7,-158.1175945,192.287,27.3336,7.03482,3.13661e-05,0.00865864
306.318568,1,AUTO,ARMED,4,AVAILABLE,UNAVAILABLE,UNAVAILABLE,301,5,PROGRAM_COMPLETED,42,E_P3_NEW3-A3.NC,E_P3_NEW3-A3.NC,41790.288,211856.19,5768.8,2027.6321,100,0.0,3,50,0,0,100,0.0,2735.51,65.4164,41.8169,3.19951e-05,0.0151998,0,508.0000058,4656.8,46.356,100.457,2.6745e-05,0.010638,0,507.9999976,384.273,53.6914,7.15707,3.18079e-05,0.00907802,7,-158.117606,192.287,27.3336,7.03482,3.13661e-05,0.00865864
306.470089,1,AUTO,ARMED,4,AVAILABLE,UNAVAILABLE,UNAVAILABLE,301,5,PROGRAM_COMPLETED,42,E_P3_NEW3-A3.NC,E_P3_NEW3-A3.NC,41790.288,211856.19,5768.8,2027.6321,100,0.0,3,50,0,0,100,0.0,2735.51,65.4164,41.8169,3.19951e-05,0.0151998,0,507.9999987,4656.8,46.356,100.457,2.6745e-05,0.010638,0,507.9999976,384.273,53.6914,7.15707,3.18079e-05,0.00907802,7,-158.1175945,192.287,27.3336,7.03482,3.13661e-05,0.00865864
306.624303,1,AUTO,ARMED,4,AVAILABLE,UNAVAILABLE,UNAVAILABLE,301,5,PROGRAM_COMPLETED,42,E_P3_NEW3-A3.NC,E_P3_NEW3-A3.NC,41790.288,211856.19,5768.8,2027.6321,100,0.0,3,50,0,0,100,0.0,2735.51,65.4164,41.8169,3.19951e-05,0.0151998,0,507.9999987,4656.8,46.356,100.457,2.6745e-05,0.010638,0,507.9999976,384.273,53.6914,7.15707,3.18079e-05,0.00907802,7,-158.1175945,192.287,27.3336,7.03482,3.13661e-05,0.00865864
306.784372,1,AUTO,ARMED,4,AVAILABLE,UNAVAILABLE,UNAVAILABLE,301,5,PROGRAM_COMPLETED,42,E_P3_NEW3-A3.NC,E_P3_NEW3-A3.NC,41790.288,211856.19,5768.8,2027.6321,100,0.0,3,50,0,0,100,0.0,2711.52,61.7708,43.8965,5.77057e-05,0.0182637,0,507.9999987,4680.8,45.7355,102.345,5.00219e-05,0.0118388,0,508.0000047,432.308,53.2554,8.11764,2.56356e-05,0.0075281,7,-158.1175945,192.288,28.0955,6.84409,6.11544e-05,0.0131433
306.923516,1,AUTO,ARMED,4,AVAILABLE,UNAVAILABLE,UNAVAILABLE,301,5,PROGRAM_COMPLETED,42,E_P3_NEW3-A3.NC,E_P3_NEW3-A3.NC,41790.288,211856.19,5768.8,2036.2262,100,0.0,3,50,0,0,100,0.0,2711.52,61.7708,43.8965,5.77057e-05,0.0182637,0,508.0000058,4680.8,45.7355,102.345,5.00219e-05,0.0118388,0,507.9999976,432.308,53.2554,8.11764,2.56356e-05,0.0075281,7,-158.1175945,192.288,28.0955,6.84409,6.11544e-05,0.0131433
307.075445,1,AUTO,ARMED,4,AVAILABLE,UNAVAILABLE,UNAVAILABLE,301,5,PROGRAM_COMPLETED,42,E_P3_NEW3-A3.NC,E_P3_NEW3-A3.NC,41790.288,211856.19,5768.8,2036.2262,100,0.0,3,50,0,0,100,0.0,2711.52,61.7708,43.8965,5.77057e-05,0.0182637,0,507.9999987,4680.8,45.7355,102.345,5.00219e-05,0.0118388,0,507.9999976,432.308,53.2554,8.11764,2.56356e-05,0.0075281,7,-158.1175945,192.288,28.0955,6.84409,6.11544e-05,0.0131433
307.218113,1,AUTO,ARMED,4,AVAILABLE,UNAVAILABLE,UNAVAILABLE,301,5,PROGRAM_COMPLETED,42,E_P3_NEW3-A3.NC,E_P3_NEW3-A3.NC,41790.288,211856.19,5768.8,2036.2262,100,0.0,3,50,0,0,100,0.0,2711.52,61.7708,43.8965,5.77057e-05,0.0182637,0,507.9999987,4680.8,45.7355,102.345,5.00219e-05,0.0118388,0,508.0000047,432.308,53.2554,8.11764,2.56356e-05,0.0075281,7,-158.1175945,192.288,28.0955,6.84409,6.11544e-05,0.0131433
307.365538,1,AUTO,ARMED,4,AVAILABLE,UNAVAILABLE,UNAVAILABLE,301,5,PROGRAM_COMPLETED,42,E_P3_NEW3-A3.NC,E_P3_NEW3-A3.NC,41790.288,211856.19,5768.8,2036.2262,100,0.0,3,50,0,0,100,0.0,2711.52,61.7708,43.8965,5.77057e-05,0.0182637,0,507.9999987,4680.8,45.7355,102.345,5.00219e-05,0.0118388,0,508.0000047,432.308,53.2554,8.11764,2.56356e-05,0.0075281,7,-158.1175945,192.288,28.0955,6.84409,6.11544e-05,0.0131433
307.510126,1,AUTO,ARMED,4,AVAILABLE,UNAVAILABLE,UNAVAILABLE,301,5,PROGRAM_COMPLETED,42,E_P3_NEW3-A3.NC,E_P3_NEW3-A3.NC,41790.288,211856.19,5768.8,2036.2262,100,0.0,3,50,0,0,100,0.0,2711.52,61.7708,43.8965,5.77057e-05,0.0182637,0,507.9999987,4680.8,45.7355,102.345,5.00219e-05,0.0118388,0,507.9999976,432.308,53.2554,8.11764,2.56356e-05,0.0075281,7,-158.1175945,192.288,28.0955,6.84409,6.11544e-05,0.0131433
307.651047,1,AUTO,ARMED,4,AVAILABLE,UNAVAILABLE,UNAVAILABLE,301,5,PROGRAM_COMPLETED,42,E_P3_NEW3-A3.NC,E_P3_NEW3-A3.NC,41790.288,211856.19,5768.8,2036.2262,100,0.0,3,50,0,0,100,0.0,2711.52,61.7708,43.8965,5.77057e-05,0.0182637,0,508.0000058,4680.8,45.7355,102.345,5.00219e-05,0.0118388,0,507.9999976,432.308,53.2554,8.11764,2.56356e-05,0.0075281,7,-158.1175945,192.288,28.0955,6.84409,6.11544e-05,0.0131433
307.794483,1,AUTO,ARMED,4,AVAILABLE,UNAVAILABLE,UNAVAILABLE,301,5,PROGRAM_COMPLETED,42,E_P3_NEW3-A3.NC,E_P3_NEW3-A3.NC,41790.288,211856.19,5768.8,2036.2262,100,0.0,3,50,0,0,100,0.0,2711.52,70.5583,38.4295,4.91503e-05,0.0157247,0,507.9999987,4728.81,44.0192,107.426,8.16264e-05,0.0159542,0,508.0000047,408.294,56.6844,7.20293,3.00554e-05,0.0108648,7,-158.117606,192.281,25.6417,7.49876,5.13116e-05,0.0108317
307.94888,1,AUTO,ARMED,4,AVAILABLE,UNAVAILABLE,UNAVAILABLE,301,5,PROGRAM_COMPLETED,42,E_P3_NEW3-A3.NC,E_P3_NEW3-A3.NC,41790.288,211856.19,5768.8,2042.5629,100,0.0,3,50,0,0,100,0.0,2711.52,70.5583,38.4295,4.91503e-05,0.0157247,0,507.9999987,4728.81,44.0192,107.426,8.16264e-05,0.0159542,0,507.9999976,408.294,56.6844,7.20293,3.00554e-05,0.0108648,7,-158.1175945,192.281,25.6417,7.49876,5.13116e-05,0.0108317
308.096657,1,AUTO,ARMED,4,AVAILABLE,UNAVAILABLE,UNAVAILABLE,301,5,PROGRAM_COMPLETED,42,E_P3_NEW3-A3.NC,E_P3_NEW3-A3.NC,41790.288,211856.19,5768.8,2042.5629,100,0.0,3,50,0,0,100,0.0,2711.52,70.5583,38.4295,4.91503e-05,0.0157247,0,508.0000058,4728.81,44.0192,107.426,8.16264e-05,0.0159542,0,507.9999976,408.294,56.6844,7.20293,3.00554e-05,0.0108648,7,-158.1175945,192.281,25.6417,7.49876,5.13116e-05,0.0108317
308.245599,1,AUTO,ARMED,4,AVAILABLE,UNAVAILABLE,UNAVAILABLE,301,5,PROGRAM_COMPLETED,42,E_P3_NEW3-A3.NC,E_P3_NEW3-A3.NC,41790.288,211856.19,5768.8,2042.5629,100,0.0,3,50,0,0,100,0.0,2711.52,70.5583,38.4295,4.91503e-05,0.0157247,0,508.0000058,4728.81,44.0192,107.426,8.16264e-05,0.0159542,0,507.9999976,408.294,56.6844,7.20293,3.00554e-05,0.0108648,7,-158.1175945,192.281,25.6417,7.49876,5.13116e-05,0.0108317
308.388875,1,AUTO,ARMED,4,AVAILABLE,UNAVAILABLE,UNAVAILABLE,301,5,PROGRAM_COMPLETED,42,E_P3_NEW3-A3.NC,E_P3_NEW3-A3.NC,41790.288,211856.19,5768.8,2042.5629,100,0.0,3,50,0,0,100,0.0,2711.52,70.5583,38.4295,4.91503e-05,0.0157247,0,507.9999987,4728.81,44.0192,107.426,8.16264e-05,0.0159542,0,508.0000047,408.294,56.6844,7.20293,3.00554e-05,0.0108648,7,-158.1175945,192.281,25.6417,7.49876,5.13116e-05,0.0108317
308.535542,1,AUTO,ARMED,4,AVAILABLE,UNAVAILABLE,UNAVAILABLE,301,5,PROGRAM_COMPLETED,42,E_P3_NEW3-A3.NC,E_P3_NEW3-A3.NC,41790.288,211856.19,5768.8,2042.5629,100,0.0,3,50,0,0,100,0.0,2711.52,70.5583,38.4295,4.91503e-05,0.0157247,0,507.9999987,4728.81,44.0192,107.426,8.16264e-05,0.0159542,0,507.9999976,408.294,56.6844,7.20293,3.00554e-05,0.0108648,7,-158.1175945,192.281,25.6417,7.49876,5.13116e-05,0.0108317
308.678022,1,AUTO,ARMED,4,AVAILABLE,UNAVAILABLE,UNAVAILABLE,301,5,PROGRAM_COMPLETED,42,E_P3_NEW3-A3.NC,E_P3_NEW3-A3.NC,41790.288,211856.19,5768.8,2042.5629,100,0.0,3,50,0,0,100,0.0,2711.52,70.5583,38.4295,4.91503e-05,0.0157247,0,507.9999987,4728.81,44.0192,107.426,8.16264e-05,0.0159542,0,507.9999976,408.294,56.6844,7.20293,3.00554e-05,0.0108648,7,-158.1175945,192.281,25.6417,7.49876,5.13116e-05,0.0108317
308.829115,1,AUTO,ARMED,4,AVAILABLE,UNAVAILABLE,UNAVAILABLE,301,5,PROGRAM_COMPLETED,42,E_P3_NEW3-A3.NC,E_P3_NEW3-A3.NC,41790.288,211856.19,5768.8,2042.5629,100,0.0,3,50,0,0,100,0.0,2711.52,70.5583,38.4295,4.91503e-05,0.0157247,0,507.9999987,4728.81,44.0192,107.426,8.16264e-05,0.0159542,0,507.9999976,408.294,56.6844,7.20293,3.00554e-05,0.0108648,7,-158.117606,192.281,25.6417,7.49876,5.13116e-05,0.0108317
308.974086,1,AUTO,ARMED,4,AVAILABLE,UNAVAILABLE,UNAVAILABLE,301,5,PROGRAM_COMPLETED,42,E_P3_NEW3-A3.NC,E_P3_NEW3-A3.NC,41790.288,211856.19,5768.8,2039.6677,100,0.0,3,50,0,0,100,0.0,2831.5,68.7283,41.1985,2.4744e-05,0.0219522,0,507.9999987,4632.8,38.8677,119.194,4.05814e-05,0.0122001,0,508.0000047,408.29,53.0214,7.70048,3.57033e-05,0.00861742,7,-158.1175945,168.257,30.8985,5.44547,3.10167e-05,0.011731
309.112147,1,AUTO,ARMED,4,AVAILABLE,UNAVAILABLE,UNAVAILABLE,301,5,PROGRAM_COMPLETED,42,E_P3_NEW3-A3.NC,E_P3_NEW3-A3.NC,41790.288,211856.19,5768.8,2039.6677,100,0.0,3,50,0,0,100,0.0,2831.5,68.7283,41.1985,2.4744e-05,0.0219522,0,507.9999987,4632.8,38.8677,119.194,4.05814e-05,0.0122001,0,507.9999976,408.29,53.0214,7.70048,3.57033e-05,0.00861742,7,-158.1175945,168.257,30.8985,5.44547,3.10167e-05,0.011731
309.250075,1,AUTO,ARMED,4,AVAILABLE,UNAVAILABLE,UNAVAILABLE,301,5,PROGRAM_COMPLETED,42,E_P3_NEW3-A3.NC,E_P3_NEW3-A3.NC,41790.288,211856.19,5768.8,2039.6677,100,0.0,3,50,0,0,100,0.0,2831.5,68.7283,41.1985,2.4744e-05,0.0219522,0,507.9999987,4632.8,38.8677,119.194,4.05814e-05,0.0122001,0,507.9999976,408.29,53.0214,7.70048,3.57033e-05,0.00861742,7,-158.1175945,168.257,30.8985,5.44547,3.10167e-05,0.011731
309.390898,1,AUTO,ARMED,4,AVAILABLE,UNAVAILABLE,UNAVAILABLE,301,5,PROGRAM_COMPLETED,42,E_P3_NEW3-A3.NC,E_P3_NEW3-A3.NC,41790.288,211856.19,5768.8,2039.6677,100,0.0,3,50,0,0,100,0.0,2831.5,68.7283,41.1985,2.4744e-05,0.0219522,0,507.9999987,4632.8,38.8677,119.194,4.05814e-05,0.0122001,0,507.9999976,408.29,53.0214,7.70048,3.57033e-05,0.00861742,7,-158.1175945,168.257,30.8985,5.44547,3.10167e-05,0.011731
309.542336,1,AUTO,ARMED,4,AVAILABLE,UNAVAILABLE,UNAVAILABLE,301,5,PROGRAM_COMPLETED,42,E_P3_NEW3-A3.NC,E_P3_NEW3-A3.NC,41790.288,211856.19,5768.8,2039.6677,100,0.0,3,50,0,0,100,0.0,2831.5,68.7283,41.1985,2.4744e-05,0.0219522,0,507.9999987,4632.8,38.8677,119.194,4.05814e-05,0.0122001,0,507.9999976,408.29,53.0214,7.70048,3.57033e-05,0.00861742,7,-158.117606,168.257,30.8985,5.44547,3.10167e-05,0.011731
309.691898,1,AUTO,ARMED,4,AVAILABLE,UNAVAILABLE,UNAVAILABLE,301,5,PROGRAM_COMPLETED,42,E_P3_NEW3-A3.NC,E_P3_NEW3-A3.NC,41790.288,211856.19,5768.8,2039.6677,100,0.0,3,50,0,0,100,0.0,2831.5,68.7283,41.1985,2.4744e-05,0.0219522,0,507.9999987,4632.8,38.8677,119.194,4.05814e-05,0.0122001,0,507.9999976,408.29,53.0214,7.70048,3.57033e-05,0.00861742,7,-158.1175945,168.257,30.8985,5.44547,3.10167e-05,0.011731
309.865117,1,AUTO,ARMED,4,AVAILABLE,UNAVAILABLE,UNAVAILABLE,301,5,PROGRAM_COMPLETED,42,E_P3_NEW3-A3.NC,E_P3_NEW3-A3.NC,41790.288,211856.19,5768.8,2039.6677,100,0.0,3,50,0,0,100,0.0,2831.5,68.7283,41.1985,2.4744e-05,0.0219522,0,508.0000058,4632.8,38.8677,119.194,4.05814e-05,0.0122001,0,507.9999976,408.29,53.0214,7.70048,3.57033e-05,0.00861742,7,-158.117606,168.257,30.8985,5.44547,3.10167e-05,0.011731
310.008634,1,AUTO,ARMED,4,AVAILABLE,UNAVAILABLE,UNAVAILABLE,301,5,PROGRAM_COMPLETED,42,E_P3_NEW3-A3.NC,E_P3_NEW3-A3.NC,41790.288,211856.19,5768.8,2039.6677,100,0.0,3,50,0,0,100,0.0,2711.52,65.4577,41.424,8.42068e-05,0.0193641,0,507.9999987,4728.81,41.5299,113.865,5.09738e-05,0.0123437,0,507.9999976,408.288,54.0463,7.55441,3.28868e-05,0.00917588,7,-158.1175945,168.254,26.5448,6.33849,2.29195e-05,0.0079733
310.150759,1,AUTO,ARMED,4,AVAILABLE,UNAVAILABLE,UNAVAILABLE,301,5,PROGRAM_COMPLETED,42,E_P3_NEW3-A3.NC,E_P3_NEW3-A3.NC,41790.288,211856.19,5768.8,2046.863,100,0.0,3,50,0,0,100,0.0,2711.52,65.4577,41.424,8.42068e-05,0.0193641,0,507.9999987,4728.81,41.5299,113.865,5.09738e-05,0.0123437,0,507.9999976,408.288,54.0463,7.55441,3.28868e-05,0.00917588,7,-158.1175945,168.254,26.5448,6.33849,2.29195e-05,0.0079733
310.295861,1,AUTO,ARMED,4,AVAILABLE,UNAVAILABLE,UNAVAILABLE,301,5,PROGRAM_COMPLETED,42,E_P3_NEW3-A3.NC,E_P3_NEW3-A3.NC,41790.288,211856.19,5768.8,2046.863,100,0.0,3,50,0,0,100,0.0,2711.52,65.4577,41.424,8.42068e-05,0.0193641,0,507.9999987,4728.81,41.5299,113.865,5.09738e-05,0.0123437,0,507.9999976,408.288,54.0463,7.55441,3.28868e-05,0.00917588,7,-158.1175945,168.254,26.5448,6.33849,2.29195e-05,0.0079733
310.453271,1,AUTO,ARMED,4,AVAILABLE,UNAVAILABLE,UNAVAILABLE,301,5,PROGRAM_COMPLETED,42,E_P3_NEW3-A3.NC,E_P3_NEW3-A3.NC,41790.288,211856.19,5768.8,2046.863,100,0.0,3,50,0,0,100,0.0,2711.52,65.4577,41.424,8.42068e-05,0.0193641,0,507.9999987,4728.81,41.5299,113.865,5.09738e-05,0.0123437,0,507.9999976,408.288,54.0463,7.55441,3.28868e-05,0.00917588,7,-158.1175945,168.254,26.5448,6.33849,2.29195e-05,0.0079733
310.599227,1,AUTO,ARMED,4,AVAILABLE,UNAVAILABLE,UNAVAILABLE,301,5,PROGRAM_COMPLETED,42,E_P3_NEW3-A3.NC,E_P3_NEW3-A3.NC,41790.288,211856.19,5768.8,2046.863,100,0.0,3,50,0,0,100,0.0,2711.52,65.4577,41.424,8.42068e-05,0.0193641,0,507.9999987,4728.81,41.5299,113.865,5.09738e-05,0.0123437,0,507.9999976,408.288,54.0463,7.55441,3.28868e-05,0.00917588,7,-158.117606,168.254,26.5448,6.33849,2.29195e-05,0.0079733
310.741183,1,AUTO,ARMED,4,AVAILABLE,UNAVAILABLE,UNAVAILABLE,301,5,PROGRAM_COMPLETED,42,E_P3_NEW3-A3.NC,E_P3_NEW3-A3.NC,41790.288,211856.19,5768.8,2046.863,100,0.0,3,50,0,0,100,0.0,2711.52,65.4577,41.424,8.42068e-05,0.0193641,0,507.9999987,4728.81,41.5299,113.865,5.09738e-05,0.0123437,0,507.9999976,408.288,54.0463,7.55441,3.28868e-05,0.00917588,7,-158.117606,168.254,26.5448,6.33849,2.29195e-05,0.0079733
310.902353,1,AUTO,ARMED,4,AVAILABLE,UNAVAILABLE,UNAVAILABLE,301,5,PROGRAM_COMPLETED,42,E_P3_NEW3-A3.NC,E_P3_NEW3-A3.NC,41790.288,211856.19,5768.8,2046.863,100,0.0,3,50,0,0,100,0.0,2711.52,65.4577,41.424,8.42068e-05,0.0193641,0,508.0000058,4728.81,41.5299,113.865,5.09738e-05,0.0123437,0,507.9999976,408.288,54.0463,7.55441,3.28868e-05,0.00917588,7,-158.117606,168.254,26.5448,6.33849,2.29195e-05,0.0079733
311.046396,1,AUTO,ARMED,4,AVAILABLE,UNAVAILABLE,UNAVAILABLE,301,5,PROGRAM_COMPLETED,42,E_P3_NEW3-A3.NC,E_P3_NEW3-A3.NC,41790.288,211856.19,5768.8,2046.863,100,0.0,3,50,0,0,100,0.0,2807.5,87.2456,32.1793,0.000161406,0.0612615,0,508.0000058,4752.82,91.1209,52.1595,0.000426951,0.15136,0,508.0000047,384.271,78.5362,4.89292,0.000630564,0.169109,7,-158.1175945,264.396,60.1344,4.39675,0.000451283,0.118138
311.186367,1,AUTO,ARMED,4,AVAILABLE,UNAVAILABLE,UNAVAILABLE,301,5,PROGRAM_COMPLETED,42,E_P3_NEW3-A3.NC,E_P3_NEW3-A3.NC,41790.288,211856.19,5768.8,2048.2749,100,0.0,3,50,0,0,100,0.0,2807.5,87.2456,32.1793,0.000161406,0.0612615,0,507.9999987,4752.82,91.1209,52.1595,0.000426951,0.15136,0,507.9999976,384.271,78.5362,4.89292,0.000630564,0.169109,7,-158.117606,264.396,60.1344,4.39675,0.000451283,0.118138
311.329941,1,AUTO,ARMED,4,AVAILABLE,UNAVAILABLE,UNAVAILABLE,301,5,PROGRAM_COMPLETED,42,E_P3_NEW3-A3.NC,E_P3_NEW3-A3.NC,41790.288,211856.19,5768.8,2048.2749,100,0.0,3,50,0,0,100,0.0,2807.5,87.2456,32.1793,0.000161406,0.0612615,0,507.9999987,4752.82,91.1209,52.1595,0.000426951,0.15136,0,507.9999976,384.271,78.5362,4.89292,0.000630564,0.169109,7,-158.1175945,264.396,60.1344,4.39675,0.000451283,0.118138
311.46954,1,AUTO,ARMED,4,AVAILABLE,UNAVAILABLE,UNAVAILABLE,301,5,PROGRAM_COMPLETED,42,E_P3_NEW3-A3.NC,E_P3_NEW3-A3.NC,41790.288,211856.19,5768.8,2048.2749,100,0.0,3,50,0,0,100,0.0,2807.5,87.2456,32.1793,0.000161406,0.0612615,0,507.9999987,4752.82,91.1209,52.1595,0.000426951,0.15136,0,507.9999904,384.271,78.5362,4.89292,0.000630564,0.169109,7,-158.1175945,264.396,60.1344,4.39675,0.000451283,0.118138
311.617539,1,AUTO,ARMED,4,AVAILABLE,UNAVAILABLE,UNAVAILABLE,301,5,PROGRAM_COMPLETED,42,E_P3_NEW3-A3.NC,E_P3_NEW3-A3.NC,41790.288,211856.19,5768.8,2048.2749,100,0.0,3,50,0,0,100,0.0,2807.5,87.2456,32.1793,0.000161406,0.0612615,0,507.9999987,4752.82,91.1209,52.1595,0.000426951,0.15136,0,507.9999904,384.271,78.5362,4.89292,0.000630564,0.169109,7,-158.117606,264.396,60.1344,4.39675,0.000451283,0.118138
311.764212,1,AUTO,ARMED,4,AVAILABLE,UNAVAILABLE,UNAVAILABLE,301,5,PROGRAM_COMPLETED,42,E_P3_NEW3-A3.NC,E_P3_NEW3-A3.NC,41790.288,211856.19,5768.8,2048.2749,100,0.0,3,50,0,0,100,0.0,2807.5,87.2456,32.1793,0.000161406,0.0612615,0,507.9999987,4752.82,91.1209,52.1595,0.000426951,0.15136,0,507.9999761,384.271,78.5362,4.89292,0.000630564,0.169109,7,-158.1175945,264.396,60.1344,4.39675,0.000451283,0.118138
311.91245,1,AUTO,ARMED,4,AVAILABLE,UNAVAILABLE,UNAVAILABLE,301,5,PROGRAM_COMPLETED,42,E_P3_NEW3-A3.NC,E_P3_NEW3-A3.NC,41790.288,211856.19,5768.8,2048.2749,100,0.0,3,50,0,0,100,0.0,2807.5,87.2456,32.1793,0.000161406,0.0612615,0,507.9999987,4752.82,91.1209,52.1595,0.000426951,0.15136,0,508.0000047,384.271,78.5362,4.89292,0.000630564,0.169109,7,-158.117606,264.396,60.1344,4.39675,0.000451283,0.118138
312.060403,1,AUTO,ARMED,4,AVAILABLE,UNAVAILABLE,UNAVAILABLE,301,5,PROGRAM_COMPLETED,42,E_P3_NEW3-A3.NC,E_P3_NEW3-A3.NC,41790.288,211856.19,5768.8,2048.2749,100,0.0,3,50,0,0,100,0.0,2879.49,66.2536,43.4616,0.000220289,0.0473775,0,507.9999987,4704.81,41.8621,112.388,9.19158e-05,0.0258164,0,508.0000119,336.238,52.5555,6.39777,2.58313e-05,0.00937208,7,-158.1175945,240.358,29.9264,8.03164,9.72972e-05,0.0251478
312.215028,1,AUTO,ARMED,4,AVAILABLE,UNAVAILABLE,UNAVAILABLE,301,5,PROGRAM_COMPLETED,42,E_P3_NEW3-A3.NC,E_P3_NEW3-A3.NC,41790.288,211856.19,5768.8,2031.6396,100,0.0,3,50,0,0,100,0.0,2879.49,66.2536,43.4616,0.000220289,0.0473775,0,507.9999987,4704.81,41.8621,112.388,9.19158e-05,0.0258164,0,508.0000047,336.238,52.5555,6.39777,2.58313e-05,0.00937208,7,-158.1175945,240.358,29.9264,8.03164,9.72972e-05,0.0251478
312.359834,1,AUTO,ARMED,4,AVAILABLE,UNAVAILABLE,UNAVAILABLE,301,5,PROGRAM_COMPLETED,42,E_P3_NEW3-A3.NC,E_P3_NEW3-A3.NC,41790.288,211856.19,5768.8,2031.6396,100,0.0,3,50,0,0,100,0.0,2879.49,66.2536,43.4616,0.000220289,0.0473775,0,507.9999987,4704.81,41.8621,112.388,9.19158e-05,0.0258164,0,508.0000047,336.238,52.5555,6.39777,2.58313e-05,0.00937208,7,-158.117606,240.358,29.9264,8.03164,9.72972e-05,0.0251478
312.516582,1,AUTO,ARMED,4,AVAILABLE,UNAVAILABLE,UNAVAILABLE,301,5,PROGRAM_COMPLETED,42,E_P3_NEW3-A3.NC,E_P3_NEW3-A3.NC,41790.288,211856.19,5768.8,2031.6396,100,0.0,3,50,0,0,100,0.0,2879.49,66.2536,43.4616,0.000220289,0.0473775,0,507.9999987,4704.81,41.8621,112.388,9.19158e-05,0.0258164,0,508.0000047,336.238,52.5555,6.39777,2.58313e-05,0.00937208,7,-158.117606,240.358,29.9264,8.03164,9.72972e-05,0.0251478
312.673411,1,AUTO,ARMED,4,AVAILABLE,UNAVAILABLE,UNAVAILABLE,301,5,PROGRAM_COMPLETED,42,E_P3_NEW3-A3.NC,E_P3_NEW3-A3.NC,41790.288,211856.19,5768.8,2031.6396,100,0.0,3,50,0,0,100,0.0,2879.49,66.2536,43.4616,0.000220289,0.0473775,0,507.9999987,4704.81,41.8621,112.388,9.19158e-05,0.0258164,0,508.0000047,336.238,52.5555,6.39777,2.58313e-05,0.00937208,7,-158.117606,240.358,29.9264,8.03164,9.72972e-05,0.0251478
312.822476,1,AUTO,ARMED,4,AVAILABLE,UNAVAILABLE,UNAVAILABLE,301,5,PROGRAM_COMPLETED,42,E_P3_NEW3-A3.NC,E_P3_NEW3-A3.NC,41790.288,211856.19,5768.8,2031.6396,100,0.0,3,50,0,0,100,0.0,2879.49,66.2536,43.4616,0.000220289,0.0473775,0,507.9999987,4704.81,41.8621,112.388,9.19158e-05,0.0258164,0,507.9999976,336.238,52.5555,6.39777,2.58313e-05,0.00937208,7,-158.117606,240.358,29.9264,8.03164,9.72972e-05,0.0251478
312.964533,1,AUTO,ARMED,4,AVAILABLE,UNAVAILABLE,UNAVAILABLE,301,5,PROGRAM_COMPLETED,42,E_P3_NEW3-A3.NC,E_P3_NEW3-A3.NC,41790.288,211856.19,5768.8,2031.6396,100,0.0,3,50,0,0,100,0.0,2879.49,66.2536,43.4616,0.000220289,0.0473775,0,507.9999987,4704.81,41.8621,112.388,9.19158e-05,0.0258164,0,507.9999976,336.238,52.5555,6.39777,2.58313e-05,0.00937208,7,-158.117606,240.358,29.9264,8.03164,9.72972e-05,0.0251478
313.109983,1,AUTO,ARMED,4,AVAILABLE,UNAVAILABLE,UNAVAILABLE,301,5,PROGRAM_COMPLETED,42,E_P3_NEW3-A3.NC,E_P3_NEW3-A3.NC,41790.288,211856.19,5768.8,2031.6396,100,0.0,3,50,0,0,100,0.0,2783.5,66.6675,41.752,3.03306e-05,0.0198264,0,507.9999987,4752.82,40.1162,118.476,3.73165e-05,0.0125959,0,507.9999976,360.257,51.2501,7.02939,2.32301e-05,0.00705749,7,-158.117606,240.359,26.8431,8.95422,3.99153e-05,0.008359
313.261722,1,AUTO,ARMED,4,AVAILABLE,UNAVAILABLE,UNAVAILABLE,301,5,PROGRAM_COMPLETED,42,E_P3_NEW3-A3.NC,E_P3_NEW3-A3.NC,41790.288,211856.19,5768.8,2031.6396,100,0.0,3,50,0,0,100,0.0,2783.5,66.6675,41.752,3.03306e-05,0.0198264,0,507.9999987,4752.82,40.1162,118.476,3.73165e-05,0.0125959,0,507.9999976,360.257,51.2501,7.02939,2.32301e-05,0.00705749,7,-158.1175945,240.359,26.8431,8.95422,3.99153e-05,0.008359
313.43381,1,AUTO,ARMED,4,AVAILABLE,UNAVAILABLE,UNAVAILABLE,301,5,PROGRAM_COMPLETED,42,E_P3_NEW3-A3.NC,E_P3_NEW3-A3.NC,41790.288,211856.19,5768.8,2041.0144,100,0.0,3,50,0,0,100,0.0,2783.5,66.6675,41.752,3.03306e-05,0.0198264,0,507.9999987,4752.82,40.1162,118.476,3.73165e-05,0.0125959,0,507.9999976,360.257,51.2501,7.02939,2.32301e-05,0.00705749,7,-158.1175945,240.359,26.8431,8.95422,3.99153e-05,0.008359
313.573351,1,AUTO,ARMED,4,AVAILABLE,UNAVAILABLE,UNAVAILABLE,301,5,PROGRAM_COMPLETED,42,E_P3_NEW3-A3.NC,E_P3_NEW3-A3.NC,41790.288,211856.19,5768.8,2041.0144,100,0.0,3,50,0,0,100,0.0,2783.5,66.6675,41.752,3.03306e-05,0.0198264,0,507.9999987,4752.82,40.1162,118.476,3.73165e-05,0.0125959,0,508.0000047,360.257,51.2501,7.02939,2.32301e-05,0.00705749,7,-158.117606,240.359,26.8431,8.95422,3.99153e-05,0.008359
313.719936,1,AUTO,ARMED,4,AVAILABLE,UNAVAILABLE,UNAVAILABLE,301,5,PROGRAM_COMPLETED,42,E_P3_NEW3-A3.NC,E_P3_NEW3-A3.NC,41790.288,211856.19,5768.8,2041.0144,100,0.0,3,50,0,0,100,0.0,2783.5,66.6675,41.752,3.03306e-05,0.0198264,0,507.9999987,4752.82,40.1162,118.476,3.73165e-05,0.0125959,0,507.9999976,360.257,51.2501,7.02939,2.32301e-05,0.00705749,7,-158.1175945,240.359,26.8431,8.95422,3.99153e-05,0.008359
313.862975,1,AUTO,ARMED,4,AVAILABLE,UNAVAILABLE,UNAVAILABLE,301,5,PROGRAM_COMPLETED,42,E_P3_NEW3-A3.NC,E_P3_NEW3-A3.NC,41790.288,211856.19,5768.8,2041.0144,100,0.0,3,50,0,0,100,0.0,2783.5,66.6675,41.752,3.03306e-05,0.0198264,0,507.9999987,4752.82,40.1162,118.476,3.73165e-05,0.0125959,0,507.9999976,360.257,51.2501,7.02939,2.32301e-05,0.00705749,7,-158.1175945,240.359,26.8431,8.95422,3.99153e-05,0.008359
314.001827,1,AUTO,ARMED,4,AVAILABLE,UNAVAILABLE,UNAVAILABLE,301,5,PROGRAM_COMPLETED,42,E_P3_NEW3-A3.NC,E_P3_NEW3-A3.NC,41790.288,211856.19,5768.8,2041.0144,100,0.0,3,50,0,0,100,0.0,2783.5,66.6675,41.752,3.03306e-05,0.0198264,0,507.9999987,4752.82,40.1162,118.476,3.73165e-05,0.0125959,0,507.9999976,360.257,51.2501,7.02939,2.32301e-05,0.00705749,7,-158.1175945,240.359,26.8431,8.95422,3.99153e-05,0.008359
314.142431,1,AUTO,ARMED,4,AVAILABLE,UNAVAILABLE,UNAVAILABLE,301,5,PROGRAM_COMPLETED,42,E_P3_NEW3-A3.NC,E_P3_NEW3-A3.NC,41790.288,211856.19,5768.8,2041.0144,100,0.0,3,50,0,0,100,0.0,2783.5,66.6675,41.752,3.03306e-05,0.0198264,0,507.9999987,4752.82,40.1162,118.476,3.73165e-05,0.0125959,0,507.9999976,360.257,51.2501,7.02939,2.32301e-05,0.00705749,7,-158.1175945,240.359,26.8431,8.95422,3.99153e-05,0.008359
314.283083,1,AUTO,ARMED,4,AVAILABLE,UNAVAILABLE,UNAVAILABLE,301,5,PROGRAM_COMPLETED,42,E_P3_NEW3-A3.NC,E_P3_NEW3-A3.NC,41790.288,211856.19,5768.8,2041.0144,100,0.0,3,50,0,0,100,0.0,2711.52,61.1678,44.3292,4.1456e-05,0.0153975,0,508.0000058,4656.8,38.8901,119.743,6.30105e-05,0.0121158,0,507.9999976,360.256,51.7127,6.96649,3.56517e-05,0.00973964,7,-158.1175945,192.288,26.4998,7.25621,3.52555e-05,0.00882647
314.430749,1,AUTO,ARMED,4,AVAILABLE,UNAVAILABLE,UNAVAILABLE,301,5,PROGRAM_COMPLETED,42,E_P3_NEW3-A3.NC,E_P3_NEW3-A3.NC,41790.288,211856.19,5768.8,2051.7617,100,0.0,3,50,0,0,100,0.0,2711.52,61.1678,44.3292,4.1456e-05,0.0153975,0,507.9999987,4656.8,38.8901,119.743,6.30105e-05,0.0121158,0,507.9999976,360.256,51.7127,6.96649,3.56517e-05,0.00973964,7,-158.1175945,192.288,26.4998,7.25621,3.52555e-05,0.00882647
314.570467,1,AUTO,ARMED,4,AVAILABLE,UNAVAILABLE,UNAVAILABLE,301,5,PROGRAM_COMPLETED,42,E_P3_NEW3-A3.NC,E_P3_NEW3-A3.NC,41790.288,211856.19,5768.8,2051.7617,100,0.0,3,50,0,0,100,0.0,2711.52,61.1678,44.3292,4.1456e-05,0.0153975,0,508.0000058,4656.8,38.8901,119.743,6.30105e-05,0.0121158,0,508.0000047,360.256,51.7127,6.96649,3.56517e-05,0.00973964,7,-158.1175945,192.288,26.4998,7.25621,3.52555e-05,0.00882647
314.712118,1,AUTO,ARMED,4,AVAILABLE,UNAVAILABLE,UNAVAILABLE,301,5,PROGRAM_COMPLETED,42,E_P3_NEW3-A3.NC,E_P3_NEW3-A3.NC,41790.288,211856.19,5768.8,2051.7617,100,0.0,3,50,0,0,100,0.0,2711.52,61.1678,44.3292,4.1456e-05,0.0153975,0,507.9999987,4656.8,38.8901,119.743,6.30105e-05,0.0121158,0,507.9999976,360.256,51.7127,6.96649,3.56517e-05,0.00973964,7,-158.1175945,192.288,26.4998,7.25621,3.52555e-05,0.00882647
314.85473,1,AUTO,ARMED,4,AVAILABLE,UNAVAILABLE,UNAVAILABLE,301,5,PROGRAM_COMPLETED,42,E_P3_NEW3-A3.NC,E_P3_NEW3-A3.NC,41790.288,211856.19,5768.8,2051.7617,100,0.0,3,50,0,0,100,0.0,2711.52,61.1678,44.3292,4.1456e-05,0.0153975,0,508.0000058,4656.8,38.8901,119.743,6.30105e-05,0.0121158,0,507.9999976,360.256,51.7127,6.96649,3.56517e-05,0.00973964,7,-158.1175945,192.288,26.4998,7.25621,3.52555e-05,0.00882647
314.999601,1,AUTO,ARMED,4,AVAILABLE,UNAVAILABLE,UNAVAILABLE,301,5,PROGRAM_COMPLETED,42,E_P3_NEW3-A3.NC,E_P3_NEW3-A3.NC,41790.288,211856.19,5768.8,2051.7617,100,0.0,3,50,0,0,100,0.0,2711.52,61.1678,44.3292,4.1456e-05,0.0153975,0,507.9999987,4656.8,38.8901,119.743,6.30105e-05,0.0121158,0,507.9999976,360.256,51.7127,6.96649,3.56517e-05,0.00973964,7,-158.117606,192.288,26.4998,7.25621,3.52555e-05,0.00882647
315.141233,1,AUTO,ARMED,4,AVAILABLE,UNAVAILABLE,UNAVAILABLE,301,5,PROGRAM_COMPLETED,42,E_P3_NEW3-A3.NC,E_P3_NEW3-A3.NC,41790.288,211856.19,5768.8,2051.7617,100,0.0,3,50,0,0,100,0.0,2711.52,61.1678,44.3292,4.1456e-05,0.0153975,0,507.9999987,4656.8,38.8901,119.743,6.30105e-05,0.0121158,0,508.0000047,360.256,51.7127,6.96649,3.56517e-05,0.00973964,7,-158.1175945,192.288,26.4998,7.25621,3.52555e-05,0.00882647
315.28092,1,AUTO,ARMED,4,AVAILABLE,UNAVAILABLE,UNAVAILABLE,301,5,PROGRAM_COMPLETED,42,E_P3_NEW3-A3.NC,E_P3_NEW3-A3.NC,41790.288,211856.19,5768.8,2051.7617,100,0.0,3,50,0,0,100,0.0,2759.51,57.3949,48.0794,4.83692e-05,0.0154853,0,508.0000058,4704.81,39.0414,120.508,6.70713e-05,0.0153327,0,507.9999976,360.254,56.63,6.36154,2.51508e-05,0.0103162,7,-158.117606,192.286,26.2657,7.3208,3.20839e-05,0.00797105
315.433488,1,AUTO,ARMED,4,AVAILABLE,UNAVAILABLE,UNAVAILABLE,301,5,PROGRAM_COMPLETED,42,E_P3_NEW3-A3.NC,E_P3_NEW3-A3.NC,41790.288,211856.19,5768.8,2051.7617,100,0.0,3,50,0,0,100,0.0,2759.51,57.3949,48.0794,4.83692e-05,0.0154853,0,507.9999987,4704.81,39.0414,120.508,6.70713e-05,0.0153327,0,508.0000047,360.254,56.63,6.36154,2.51508e-05,0.0103162,7,-158.1175945,192.286,26.2657,7.3208,3.20839e-05,0.00797105
315.58505,1,AUTO,ARMED,4,AVAILABLE,UNAVAILABLE,UNAVAILABLE,301,5,PROGRAM_COMPLETED,42,E_P3_NEW3-A3.NC,E_P3_NEW3-A3.NC,41790.288,211856.19,5768.8,2048.6912,100,0.0,3,50,0,0,100,0.0,2759.51,57.3949,48.0794,4.83692e-05,0.0154853,0,507.9999987,4704.81,39.0414,120.508,6.70713e-05,0.0153327,0,507.9999976,360.254,56.63,6.36154,2.51508e-05,0.0103162,7,-158.117606,192.286,26.2657,7.3208,3.20839e-05,0.00797105
315.726432,1,AUTO,ARMED,4,AVAILABLE,UNAVAILABLE,UNAVAILABLE,301,5,PROGRAM_COMPLETED,42,E_P3_NEW3-A3.NC,E_P3_NEW3-A3.NC,41790.288,211856.19,5768.8,2048.6912,100,0.0,3,50,0,0,100,0.0,2759.51,57.3949,48.0794,4.83692e-05,0.0154853,0,507.9999987,4704.81,39.0414,120.508,6.70713e-05,0.0153327,0,507.9999976,360.254,56.63,6.36154,2.51508e-05,0.0103162,7,-158.1175945,192.286,26.2657,7.3208,3.20839e-05,0.00797105
315.869202,1,AUTO,ARMED,4,AVAILABLE,UNAVAILABLE,UNAVAILABLE,301,5,PROGRAM_COMPLETED,42,E_P3_NEW3-A3.NC,E_P3_NEW3-A3.NC,41790.288,211856.19,5768.8,2048.6912,100,0.0,3,50,0,0,100,0.0,2759.51,57.3949,48.0794,4.83692e-05,0.0154853,0,507.9999987,4704.81,39.0414,120.508,6.70713e-05,0.0153327,0,507.9999976,360.254,56.63,6.36154,2.51508e-05,0.0103162,7,-158.117606,192.286,26.2657,7.3208,3.20839e-05,0.00797105
316.042507,1,AUTO,ARMED,4,AVAILABLE,UNAVAILABLE,UNAVAILABLE,301,5,PROGRAM_COMPLETED,42,E_P3_NEW3-A3.NC,E_P3_NEW3-A3.NC,41790.288,211856.19,5768.8,2048.6912,100,0.0,3,50,0,0,100,0.0,2759.51,57.3949,48.0794,4.83692e-05,0.0154853,0,507.9999987,4704.81,39.0414,120.508,6.70713e-05,0.0153327,0,507.9999976,360.254,56.63,6.36154,2.51508e-05,0.0103162,7,-158.1175945,192.286,26.2657,7.3208,3.20839e-05,0.00797105
316.187227,1,AUTO,ARMED,4,AVAILABLE,UNAVAILABLE,UNAVAILABLE,301,5,PROGRAM_COMPLETED,42,E_P3_NEW3-A3.NC,E_P3_NEW3-A3.NC,41790.288,211856.19,5768.8,2048.6912,100,0.0,3,50,0,0,100,0.0,2759.51,57.3949,48.0794,4.83692e-05,0.0154853,0,507.9999987,4704.81,39.0414,120.508,6.70713e-05,0.0153327,0,507.9999976,360.254,56.63,6.36154,2.51508e-05,0.0103162,7,-158.117606,192.286,26.2657,7.3208,3.20839e-05,0.00797105
316.327352,1,AUTO,ARMED,4,AVAILABLE,UNAVAILABLE,UNAVAILABLE,301,5,PROGRAM_COMPLETED,42,E_P3_NEW3-A3.NC,E_P3_NEW3-A3.NC,41790.288,211856.19,5768.8,2048.6912,100,0.0,3,50,0,0,100,0.0,2735.51,66.2043,41.3192,3.58854e-05,0.0157768,0,507.9999987,4704.81,42.2501,111.356,3.29992e-05,0.0111601,0,507.9999976,336.239,52.311,6.42769,1.61759e-05,0.00752475,7,-158.1175945,192.285,26.7211,7.196,3.36118e-05,0.00848211
316.470761,1,AUTO,ARMED,4,AVAILABLE,UNAVAILABLE,UNAVAILABLE,301,5,PROGRAM_COMPLETED,42,E_P3_NEW3-A3.NC,E_P3_NEW3-A3.NC,41790.288,211856.19,5768.8,2048.6912,100,0.0,3,50,0,0,100,0.0,2735.51,66.2043,41.3192,3.58854e-05,0.0157768,0,507.9999987,4704.81,42.2501,111.356,3.29992e-05,0.0111601,0,508.0000047,336.239,52.311,6.42769,1.61759e-05,0.00752475,7,-158.1175945,192.285,26.7211,7.196,3.36118e-05,0.00848211
316.629431,1,AUTO,ARMED,4,AVAILABLE,UNAVAILABLE,UNAVAILABLE,301,5,PROGRAM_COMPLETED,42,E_P3_NEW3-A3.NC,E_P3_NEW3-A3.NC,41790.288,211856.19,5768.8,2048.6912,100,0.0,3,50,0,0,100,0.0,2735.51,66.2043,41.3192,3.58854e-05,0.0157768,0,507.9999987,4704.81,42.2501,111.356,3.29992e-05,0.0111601,0,508.0000047,336.239,52.311,6.42769,1.61759e-05,0.00752475,7,-158.1175945,192.285,26.7211,7.196,3.36118e-05,0.00848211
316.781464,1,AUTO,ARMED,4,AVAILABLE,UNAVAILABLE,UNAVAILABLE,301,5,PROGRAM_COMPLETED,42,E_P3_NEW3-A3.NC,E_P3_NEW3-A3.NC,41790.288,211856.19,5768.8,2035.6863,100,0.0,3,50,0,0,100,0.0,2735.51,66.2043,41.3192,3.58854e-05,0.0157768,0,508.0000058,4704.81,42.2501,111.356,3.29992e-05,0.0111601,0,507.9999976,336.239,52.311,6.42769,1.61759e-05,0.00752475,7,-158.1175945,192.285,26.7211,7.196,3.36118e-05,0.00848211
316.930388,1,AUTO,ARMED,4,AVAILABLE,UNAVAILABLE,UNAVAILABLE,301,5,PROGRAM_COMPLETED,42,E_P3_NEW3-A3.NC,E_P3_NEW3-A3.NC,41790.288,211856.19,5768.8,2035.6863,100,0.0,3,50,0,0,100,0.0,2735.51,66.2043,41.3192,3.58854e-05,0.0157768,0,507.9999987,4704.81,42.2501,111.356,3.29992e-05,0.0111601,0,507.9999976,336.239,52.311,6.42769,1.61759e-05,0.00752475,7,-158.1175945,192.285,26.7211,7.196,3.36118e-05,0.00848211
317.071503,1,AUTO,ARMED,4,AVAILABLE,UNAVAILABLE,UNAVAILABLE,301,5,PROGRAM_COMPLETED,42,E_P3_NEW3-A3.NC,E_P3_NEW3-A3.NC,41790.288,211856.19,5768.8,2035.6863,100,0.0,3,50,0,0,100,0.0,2735.51,66.2043,41.3192,3.58854e-05,0.0157768,0,507.9999987,4704.81,42.2501,111.356,3.29992e-05,0.0111601,0,508.0000047,336.239,52.311,6.42769,1.61759e-05,0.00752475,7,-158.117606,192.285,26.7211,7.196,3.36118e-05,0.00848211
317.216406,1,AUTO,ARMED,4,AVAILABLE,UNAVAILABLE,UNAVAILABLE,301,5,PROGRAM_COMPLETED,42,E_P3_NEW3-A3.NC,E_P3_NEW3-A3.NC,41790.288,211856.19,5768.8,2035.6863,100,0.0,3,50,0,0,100,0.0,2735.51,66.2043,41.3192,3.58854e-05,0.0157768,0,507.9999987,4704.81,42.2501,111.356,3.29992e-05,0.0111601,0,507.9999976,336.239,52.311,6.42769,1.61759e-05,0.00752475,7,-158.117606,192.285,26.7211,7.196,3.36118e-05,0.00848211
317.361672,1,AUTO,ARMED,4,AVAILABLE,UNAVAILABLE,UNAVAILABLE,301,5,PROGRAM_COMPLETED,42,E_P3_NEW3-A3.NC,E_P3_NEW3-A3.NC,41790.288,211856.19,5768.8,2035.6863,100,0.0,3,50,0,0,100,0.0,2687.52,69.0968,38.895,3.91e-05,0.0145211,0,507.9999987,4704.81,44.3879,105.993,2.14422e-05,0.0101181,0,508.0000047,360.254,53.5002,6.73369,2.286e-05,0.00953069,7,-158.117606,168.255,26.1609,6.43154,2.56943e-05,0.0069211
317.502483,1,AUTO,ARMED,4,AVAILABLE,UNAVAILABLE,UNAVAILABLE,301,5,PROGRAM_COMPLETED,42,E_P3_NEW3-A3.NC,E_P3_NEW3-A3.NC,41790.288,211856.19,5768.8,2035.6863,100,0.0,3,50,0,0,100,0.0,2687.52,69.0968,38.895,3.91e-05,0.0145211,0,507.9999987,4704.81,44.3879,105.993,2.14422e-05,0.0101181,0,507.9999976,360.254,53.5002,6.73369,2.286e-05,0.00953069,7,-158.1175945,168.255,26.1609,6.43154,2.56943e-05,0.0069211
317.64448,1,AUTO,ARMED,4,AVAILABLE,UNAVAILABLE,UNAVAILABLE,301,5,PROGRAM_COMPLETED,42,E_P3_NEW3-A3.NC,E_P3_NEW3-A3.NC,41790.288,211856.19,5768.8,2035.6863,100,0.0,3,50,0,0,100,0.0,2687.52,69.0968,38.895,3.91e-05,0.0145211,0,508.0000058,4704.81,44.3879,105.993,2.14422e-05,0.0101181,0,507.9999976,360.254,53.5002,6.73369,2.286e-05,0.00953069,7,-158.117606,168.255,26.1609,6.43154,2.56943e-05,0.0069211
317.794898,1,AUTO,ARMED,4,AVAILABLE,UNAVAILABLE,UNAVAILABLE,301,5,PROGRAM_COMPLETED,42,E_P3_NEW3-A3.NC,E_P3_NEW3-A3.NC,41790.288,211856.19,5768.8,2048.0991,100,0.0,3,50,0,0,100,0.0,2687.52,69.0968,38.895,3.91e-05,0.0145211,0,507.9999987,4704.81,44.3879,105.993,2.14422e-05,0.0101181,0,507.9999976,360.254,53.5002,6.73369,2.286e-05,0.00953069,7,-158.1175945,168.255,26.1609,6.43154,2.56943e-05,0.0069211
317.934451,1,AUTO,ARMED,4,AVAILABLE,UNAVAILABLE,UNAVAILABLE,301,5,PROGRAM_COMPLETED,42,E_P3_NEW3-A3.NC,E_P3_NEW3-A3.NC,41790.288,211856.19,5768.8,2048.0991,100,0.0,3,50,0,0,100,0.0,2687.52,69.0968,38.895,3.91e-05,0.0145211,0,507.9999987,4704.81,44.3879,105.993,2.14422e-05,0.0101181,0,507.9999976,360.254,53.5002,6.73369,2.286e-05,0.00953069,7,-158.1175945,168.255,26.1609,6.43154,2.56943e-05,0.0069211
318.095597,1,AUTO,ARMED,4,AVAILABLE,UNAVAILABLE,UNAVAILABLE,301,5,PROGRAM_COMPLETED,42,E_P3_NEW3-A3.NC,E_P3_NEW3-A3.NC,41790.288,211856.19,5768.8,2048.0991,100,0.0,3,50,0,0,100,0.0,2687.52,69.0968,38.895,3.91e-05,0.0145211,0,507.9999987,4704.81,44.3879,105.993,2.14422e-05,0.0101181,0,507.9999976,360.254,53.5002,6.73369,2.286e-05,0.00953069,7,-158.1175945,168.255,26.1609,6.43154,2.56943e-05,0.0069211
318.237012,1,AUTO,ARMED,4,AVAILABLE,UNAVAILABLE,UNAVAILABLE,301,5,PROGRAM_COMPLETED,42,E_P3_NEW3-A3.NC,E_P3_NEW3-A3.NC,41790.288,211856.19,5768.8,2048.0991,100,0.0,3,50,0,0,100,0.0,2687.52,69.0968,38.895,3.91e-05,0.0145211,0,507.9999987,4704.81,44.3879,105.993,2.14422e-05,0.0101181,0,507.9999976,360.254,53.5002,6.73369,2.286e-05,0.00953069,7,-158.1175945,168.255,26.1609,6.43154,2.56943e-05,0.0069211
318.386587,1,AUTO,ARMED,4,AVAILABLE,UNAVAILABLE,UNAVAILABLE,301,5,PROGRAM_COMPLETED,42,E_P3_NEW3-A3.NC,E_P3_NEW3-A3.NC,41790.288,211856.19,5768.8,2048.0991,100,0.0,3,50,0,0,100,0.0,2807.5,65.8144,42.6578,3.0744e-05,0.0124926,0,507.9999987,4752.82,41.1029,115.632,4.36393e-05,0.0131534,0,507.9999976,384.272,51.5728,7.45106,3.27505e-05,0.00794308,7,-158.117606,192.289,26.7336,7.19278,6.97096e-05,0.0148871
318.533019,1,AUTO,ARMED,4,AVAILABLE,UNAVAILABLE,UNAVAILABLE,301,5,PROGRAM_COMPLETED,42,E_P3_NEW3-A3.NC,E_P3_NEW3-A3.NC,41790.288,211856.19,5768.8,2048.0991,100,0.0,3,50,0,0,100,0.0,2807.5,65.8144,42.6578,3.0744e-05,0.0124926,0,507.9999987,4752.82,41.1029,115.632,4.36393e-05,0.0131534,0,507.9999976,384.272,51.5728,7.45106,3.27505e-05,0.00794308,7,-158.117606,192.289,26.7336,7.19278,6.97096e-05,0.0148871
318.684027,1,AUTO,ARMED,4,AVAILABLE,UNAVAILABLE,UNAVAILABLE,301,5,PROGRAM_COMPLETED,42,E_P3_NEW3-A3.NC,E_P3_NEW3-A3.NC,41790.288,211856.19,5768.8,2048.0991,100,0.0,3,50,0,0,100,0.0,2807.5,65.8144,42.6578,3.0744e-05,0.0124926,0,507.9999987,4752.82,41.1029,115.632,4.36393e-05,0.0131534,0,507.9999976,384.272,51.5728,7.45106,3.27505e-05,0.00794308,7,-158.1175945,192.289,26.7336,7.19278,6.97096e-05,0.0148871
318.832957,1,AUTO,ARMED,4,AVAILABLE,UNAVAILABLE,UNAVAILABLE,301,5,PROGRAM_COMPLETED,42,E_P3_NEW3-A3.NC,E_P3_NEW3-A3.NC,41790.288,211856.19,5768.8,2042.4132,100,0.0,3,50,0,0,100,0.0,2807.5,65.8144,42.6578,3.0744e-05,0.0124926,0,507.9999987,4752.82,41.1029,115.632,4.36393e-05,0.0131534,0,508.0000047,384.272,51.5728,7.45106,3.27505e-05,0.00794308,7,-158.1175945,192.289,26.7336,7.19278,6.97096e-05,0.0148871
318.971565,1,AUTO,ARMED,4,AVAILABLE,UNAVAILABLE,UNAVAILABLE,301,5,PROGRAM_COMPLETED,42,E_P3_NEW3-A3.NC,E_P3_NEW3-A3.NC,41790.288,211856.19,5768.8,2042.4132,100,0.0,3,50,0,0,100,0.0,2807.5,65.8144,42.6578,3.0744e-05,0.0124926,0,507.9999987,4752.82,41.1029,115.632,4.36393e-05,0.0131534,0,508.0000047,384.272,51.5728,7.45106,3.27505e-05,0.00794308,7,-158.1175945,192.289,26.7336,7.19278,6.97096e-05,0.0148871
319.122054,1,AUTO,ARMED,4,AVAILABLE,UNAVAILABLE,UNAVAILABLE,301,5,PROGRAM_COMPLETED,42,E_P3_NEW3-A3.NC,E_P3_NEW3-A3.NC,41790.288,211856.19,5768.8,2042.4132,100,0.0,3,50,0,0,100,0.0,2807.5,65.8144,42.6578,3.0744e-05,0.0124926,0,507.9999987,4752.82,41.1029,115.632,4.36393e-05,0.0131534,0,507.9999976,384.272,51.5728,7.45106,3.27505e-05,0.00794308,7,-158.1175945,192.289,26.7336,7.19278,6.97096e-05,0.0148871
319.273488,1,AUTO,ARMED,4,AVAILABLE,UNAVAILABLE,UNAVAILABLE,301,5,PROGRAM_COMPLETED,42,E_P3_NEW3-A3.NC,E_P3_NEW3-A3.NC,41790.288,211856.19,5768.8,2042.4132,100,0.0,3,50,0,0,100,0.0,2807.5,65.8144,42.6578,3.0744e-05,0.0124926,0,507.9999987,4752.82,41.1029,115.632,4.36393e-05,0.0131534,0,507.9999976,384.272,51.5728,7.45106,3.27505e-05,0.00794308,7,-158.117606,192.289,26.7336,7.19278,6.97096e-05,0.0148871
319.418513,1,AUTO,ARMED,4,AVAILABLE,UNAVAILABLE,UNAVAILABLE,301,5,PROGRAM_COMPLETED,42,E_P3_NEW3-A3.NC,E_P3_NEW3-A3.NC,41790.288,211856.19,5768.8,2042.4132,100,0.0,3,50,0,0,100,0.0,2783.5,63.6047,43.7625,6.61916e-05,0.0164697,0,507.9999987,4704.81,42.3304,111.145,8.28727e-05,0.0162643,0,507.9999976,384.273,51.9032,7.40365,1.59822e-05,0.00875845,7,-158.1175945,192.287,27.4093,7.01539,2.17183e-05,0.00761454
319.559134,1,AUTO,ARMED,4,AVAILABLE,UNAVAILABLE,UNAVAILABLE,301,5,PROGRAM_COMPLETED,42,E_P3_NEW3-A3.NC,E_P3_NEW3-A3.NC,41790.288,211856.19,5768.8,2042.4132,100,0.0,3,50,0,0,100,0.0,2783.5,63.6047,43.7625,6.61916e-05,0.0164697,0,507.9999987,4704.81,42.3304,111.145,8.28727e-05,0.0162643,0,508.0000047,384.273,51.9032,7.40365,1.59822e-05,0.00875845,7,-158.117606,192.287,27.4093,7.01539,2.17183e-05,0.00761454
319.703456,1,AUTO,ARMED,4,AVAILABLE,UNAVAILABLE,UNAVAILABLE,301,5,PROGRAM_COMPLETED,42,E_P3_NEW3-A3.NC,E_P3_NEW3-A3.NC,41790.288,211856.19,5768.8,2042.4132,100,0.0,3,50,0,0,100,0.0,2783.5,63.6047,43.7625,6.61916e-05,0.0164697,0,507.9999987,4704.81,42.3304,111.145,8.28727e-05,0.0162643,0,508.0000047,384.273,51.9032,7.40365,1.59822e-05,0.00875845,7,-158.1175945,192.287,27.4093,7.01539,2.17183e-05,0.00761454
319.854103,1,AUTO,ARMED,4,AVAILABLE,UNAVAILABLE,UNAVAILABLE,301,5,PROGRAM_COMPLETED,42,E_P3_NEW3-A3.NC,E_P3_NEW3-A3.NC,41790.288,211856.19,5768.8,2042.4132,100,0.0,3,50,0,0,100,0.0,2783.5,63.6047,43.7625,6.61916e-05,0.0164697,0,507.9999987,4704.81,42.3304,111.145,8.28727e-05,0.0162643,0,507.9999976,384.273,51.9032,7.40365,1.59822e-05,0.00875845,7,-158.117606,192.287,27.4093,7.01539,2.17183e-05,0.00761454
319.998391,1,AUTO,ARMED,4,AVAILABLE,UNAVAILABLE,UNAVAILABLE,301,5,PROGRAM_COMPLETED,42,E_P3_NEW3-A3.NC,E_P3_NEW3-A3.NC,41790.288,211856.19,5768.8,2055.9126,100,0.0,3,50,0,0,100,0.0,2783.5,63.6047,43.7625,6.61916e-05,0.0164697,0,507.9999987,4704.81,42.3304,111.145,8.28727e-05,0.0162643,0,507.9999976,384.273,51.9032,7.40365,1.59822e-05,0.00875845,7,-158.1175945,192.287,27.4093,7.01539,2.17183e-05,0.00761454
320.147669,1,AUTO,ARMED,4,AVAILABLE,UNAVAILABLE,UNAVAILABLE,301,5,PROGRAM_COMPLETED,42,E_P3_NEW3-A3.NC,E_P3_NEW3-A3.NC,41790.288,211856.19,5768.8,2055.9126,100,0.0,3,50,0,0,100,0.0,2783.5,63.6047,43.7625,6.61916e-05,0.0164697,0,507.9999987,4704.81,42.3304,111.145,8.28727e-05,0.0162643,0,507.9999976,384.273,51.9032,7.40365,1.59822e-05,0.00875845,7,-158.117606,192.287,27.4093,7.01539,2.17183e-05,0.00761454
320.299053,1,AUTO,ARMED,4,AVAILABLE,UNAVAILABLE,UNAVAILABLE,301,5,PROGRAM_COMPLETED,42,E_P3_NEW3-A3.NC,E_P3_NEW3-A3.NC,41790.288,211856.19,5768.8,2055.9126,100,0.0,3,50,0,0,100,0.0,2783.5,63.6047,43.7625,6.61916e-05,0.0164697,0,507.9999987,4704.81,42.3304,111.145,8.28727e-05,0.0162643,0,508.0000047,384.273,51.9032,7.40365,1.59822e-05,0.00875845,7,-158.1175945,192.287,27.4093,7.01539,2.17183e-05,0.00761454
320.441786,1,AUTO,ARMED,4,AVAILABLE,UNAVAILABLE,UNAVAILABLE,301,5,PROGRAM_COMPLETED,42,E_P3_NEW3-A3.NC,E_P3_NEW3-A3.NC,41790.288,211856.19,5768.8,2055.9126,100,0.0,3,50,0,0,100,0.0,2783.5,63.6047,43.7625,6.61916e-05,0.0164697,0,507.9999987,4704.81,42.3304,111.145,8.28727e-05,0.0162643,0,508.0000047,384.273,51.9032,7.40365,1.59822e-05,0.00875845,7,-158.1175945,192.287,27.4093,7.01539,2.17183e-05,0.00761454
320.58602,1,AUTO,ARMED,4,AVAILABLE,UNAVAILABLE,UNAVAILABLE,301,5,PROGRAM_COMPLETED,42,E_P3_NEW3-A3.NC,E_P3_NEW3-A3.NC,41790.288,211856.19,5768.8,2055.9126,100,0.0,3,50,0,0,100,0.0,2759.51,60.5578,45.5682,5.93469e-05,0.0171506,0,507.9999987,4728.81,39.7699,118.904,6.16385e-05,0.0160601,0,507.9999976,408.288,49.468,8.25358,1.28256e-05,0.00604352,7,-158.1175945,192.287,26.133,7.35801,3.42621e-05,0.0117757
320.732485,1,AUTO,ARMED,4,AVAILABLE,UNAVAILABLE,UNAVAILABLE,301,5,PROGRAM_COMPLETED,42,E_P3_NEW3-A3.NC,E_P3_NEW3-A3.NC,41790.288,211856.19,5768.8,2055.9126,100,0.0,3,50,0,0,100,0.0,2759.51,60.5578,45.5682,5.93469e-05,0.0171506,0,507.9999987,4728.81,39.7699,118.904,6.16385e-05,0.0160601,0,507.9999976,408.288,49.468,8.25358,1.28256e-05,0.00604352,7,-158.1175945,192.287,26.133,7.35801,3.42621e-05,0.0117757
320.873743,1,AUTO,ARMED,4,AVAILABLE,UNAVAILABLE,UNAVAILABLE,301,5,PROGRAM_COMPLETED,42,E_P3_NEW3-A3.NC,E_P3_NEW3-A3.NC,41790.288,211856.19,5768.8,2055.9126,100,0.0,3,50,0,0,100,0.0,2759.51,60.5578,45.5682,5.93469e-05,0.0171506,0,507.9999987,4728.81,39.7699,118.904,6.16385e-05,0.0160601,0,507.9999976,408.288,49.468,8.25358,1.28256e-05,0.00604352,7,-158.117606,192.287,26.133,7.35801,3.42621e-05,0.0117757
321.014368,1,AUTO,ARMED,4,AVAILABLE,UNAVAILABLE,UNAVAILABLE,301,5,PROGRAM_COMPLETED,42,E_P3_NEW3-A3.NC,E_P3_NEW3-A3.NC,41790.288,211856.19,5768.8,2054.5659,100,0.0,3,50,0,0,100,0.0,2759.51,60.5578,45.5682,5.93469e-05,0.0171506,0,507.9999987,4728.81,39.7699,118.904,6.16385e-05,0.0160601,0,507.9999976,408.288,49.468,8.25358,1.28256e-05,0.00604352,7,-158.117606,192.287,26.133,7.35801,3.42621e-05,0.0117757
321.160543,1,AUTO,ARMED,4,AVAILABLE,UNAVAILABLE,UNAVAILABLE,301,5,PROGRAM_COMPLETED,42,E_P3_NEW3-A3.NC,E_P3_NEW3-A3.NC,41790.288,211856.19,5768.8,2054.5659,100,0.0,3,50,0,0,100,0.0,2759.51,60.5578,45.5682,5.93469e-05,0.0171506,0,507.9999987,4728.81,39.7699,118.904,6.16385e-05,0.0160601,0,507.9999976,408.288,49.468,8.25358,1.28256e-05,0.00604352,7,-158.1175945,192.287,26.133,7.35801,3.42621e-05,0.0117757
321.318198,1,AUTO,ARMED,4,AVAILABLE,UNAVAILABLE,UNAVAILABLE,301,5,PROGRAM_COMPLETED,42,E_P3_NEW3-A3.NC,E_P3_NEW3-A3.NC,41790.288,211856.19,5768.8,2054.5659,100,0.0,3,50,0,0,100,0.0,2759.51,60.5578,45.5682,5.93469e-05,0.0171506,0,508.0000058,4728.81,39.7699,118.904,6.16385e-05,0.0160601,0,508.0000047,408.288,49.468,8.25358,1.28256e-05,0.00604352,7,-158.1175945,192.287,26.133,7.35801,3.42621e-05,0.0117757
321.486887,1,AUTO,ARMED,4,AVAILABLE,UNAVAILABLE,UNAVAILABLE,301,5,PROGRAM_COMPLETED,42,E_P3_NEW3-A3.NC,E_P3_NEW3-A3.NC,41790.288,211856.19,5768.8,2054.5659,100,0.0,3,50,0,0,100,0.0,2759.51,60.5578,45.5682,5.93469e-05,0.0171506,0,507.9999987,4728.81,39.7699,118.904,6.16385e-05,0.0160601,0,507.9999976,408.288,49.468,8.25358,1.28256e-05,0.00604352,7,-158.1175945,192.287,26.133,7.35801,3.42621e-05,0.0117757
321.630706,1,AUTO,ARMED,4,AVAILABLE,UNAVAILABLE,UNAVAILABLE,301,5,PROGRAM_COMPLETED,42,E_P3_NEW3-A3.NC,E_P3_NEW3-A3.NC,41790.288,211856.19,5768.8,2054.5659,100,0.0,3,50,0,0,100,0.0,2759.51,60.5578,45.5682,5.93469e-05,0.0171506,0,507.9999987,4728.81,39.7699,118.904,6.16385e-05,0.0160601,0,507.9999976,408.288,49.468,8.25358,1.28256e-05,0.00604352,7,-158.117606,192.287,26.133,7.35801,3.42621e-05,0.0117757
321.775603,1,AUTO,ARMED,4,AVAILABLE,UNAVAILABLE,UNAVAILABLE,301,5,PROGRAM_COMPLETED,42,E_P3_NEW3-A3.NC,E_P3_NEW3-A3.NC,41790.288,211856.19,5768.8,2054.5659,100,0.0,3,50,0,0,100,0.0,2759.51,60.5578,45.5682,5.93469e-05,0.0171506,0,507.9999987,4728.81,39.7699,118.904,6.16385e-05,0.0160601,0,507.9999976,408.288,49.468,8.25358,1.28256e-05,0.00604352,7,-158.1175945,192.287,26.133,7.35801,3.42621e-05,0.0117757
321.916527,1,AUTO,ARMED,4,AVAILABLE,UNAVAILABLE,UNAVAILABLE,301,5,PROGRAM_COMPLETED,42,E_P3_NEW3-A3.NC,E_P3_NEW3-A3.NC,41790.288,211856.19,5768.8,2054.5659,100,0.0,3,50,0,0,100,0.0,2759.51,60.5578,45.5682,5.93469e-05,0.0171506,0,507.9999987,4728.81,39.7699,118.904,6.16385e-05,0.0160601,0,507.9999976,408.288,49.468,8.25358,1.28256e-05,0.00604352,7,-158.117606,192.287,26.133,7.35801,3.42621e-05,0.0117757
