time,COR_Status,Controller_Mode,EStop_State,Machine_Mode,avail,dev_asset_chg,dev_asset_rem,Block_Number,Current_Tool,Execution,Part_Count,Program_Name_Editing,Program_Name_Running,A_Axis_Load,A_Position,C_Axis_Load,C_Position,Machine_Time,Spindle_Time,energy,watt,Feed_Override,Feed_Rate,Program_Runtime_Seconds,Rapid_Override,Rapid_Speed,S_Axis_Load,Spindle_Override,Spindle_Speed,smapeak,smarms,smcrest,smtemp,smvrms,X_Axis_Load,X_Position,xmapeak,xmarms,xmcrest,xmtemp,xmvrms,Y_Axis_Load,Y_Position,ymapeak,ymarms,ymcrest,ymtemp,ymvrms,Z_Axis_Load,Z_Position,zmapeak,zmarms,zmcrest,zmtemp,zmvrms
0.0,1,AUTO,ARMED,4,AVAILABLE,UNAVAILABLE,UNAVAILABLE,0,6,ERROR,719,E_P3-A5_AB.NC,E_P3-A5_AB.NC,7,0.000167898,18,0.0005,1630526.627,470753.216,184.4,1126.2512,100,0.0,36,100,0,0,100,0.0,200,100,4.0,25.3,0.0,6,-6.5e-06,300,100,2.4,21.8,0.0,3,508.0000042,1400,800,1.7,25.3,0.0,37,-99.86700971,400,100,3.7,28.3,0.0
0.294417,1,AUTO,ARMED,4,AVAILABLE,UNAVAILABLE,UNAVAILABLE,0,6,ERROR,719,E_P3-A5_AB.NC,E_P3-A5_AB.NC,7,0.000167898,18,0.0005,1630526.627,470753.216,184.4,1126.2512,100,0.0,36,100,0,0,100,0.0,200,100,4.0,25.3,0.0,6,-6.5e-06,300,100,2.4,21.8,0.0,4,507.9999927,1400,800,1.7,25.3,0.0,37,-99.86699827,400,100,3.7,28.3,0.0
0.439137,1,AUTO,ARMED,4,AVAILABLE,UNAVAILABLE,UNAVAILABLE,0,6,ERROR,719,E_P3-A5_AB.NC,E_P3-A5_AB.NC,7,0.000167898,18,0.0005,1630526.627,470753.216,184.4,1126.2512,100,0.0,36,100,0,0,100,0.0,200,100,4.0,25.3,0.0,6,4.93983159102415e-06,300,100,2.4,21.8,0.0,4,507.9999927,1400,800,1.7,25.3,0.0,37,-99.86699827,400,100,3.7,28.3,0.0
0.58666,1,AUTO,ARMED,4,AVAILABLE,UNAVAILABLE,UNAVAILABLE,0,6,ERROR,719,E_P3-A5_AB.NC,E_P3-A5_AB.NC,7,0.000167898,18,0.0005,1630526.627,470753.216,184.4,1126.2512,100,0.0,36,100,0,0,100,0.0,200,100,4.0,25.3,0.0,6,4.93983159102415e-06,300,100,2.4,21.8,0.0,4,507.9999927,1400,800,1.7,25.3,0.0,37,-99.86699827,400,100,3.7,28.3,0.0
0.748756,1,AUTO,ARMED,4,AVAILABLE,UNAVAILABLE,UNAVAILABLE,0,6,ERROR,719,E_P3-A5_AB.NC,E_P3-A5_AB.NC,7,0.000167898,18,0.0005,1630526.627,470753.216,184.4,1126.2512,100,0.0,36,100,0,0,100,0.0,200,100,4.0,25.3,0.0,6,-6.5e-06,300,100,2.4,21.8,0.0,4,507.9999927,1400,800,1.7,25.3,0.0,37,-99.86699827,400,100,3.7,28.3,0.0
0.895131,1,AUTO,ARMED,4,AVAILABLE,UNAVAILABLE,UNAVAILABLE,0,6,ERROR,719,E_P3-A5_AB.NC,E_P3-A5_AB.NC,7,0.000167898,18,0.0005,1630526.627,470753.216,184.4,1117.0781,100,0.0,36,100,0,0,100,0.0,200,100,4.0,25.3,0.0,6,1.63846478800113e-05,300,100,2.4,21.8,0.0,4,508.0000042,1400,800,1.7,25.3,0.0,37,-99.86699827,400,100,3.7,28.3,0.0
1.059306,1,AUTO,ARMED,4,AVAILABLE,UNAVAILABLE,UNAVAILABLE,0,6,ERROR,719,E_P3-A5_AB.NC,E_P3-A5_AB.NC,7,0.000167898,18,0.0005,1630526.627,470753.216,184.4,1117.0781,100,0.0,36,100,0,0,100,0.0,200,100,4.0,25.3,0.0,6,4.93983159102415e-06,300,100,2.4,21.8,0.0,4,508.0000042,1400,800,1.7,25.3,0.0,37,-99.86699827,400,100,3.7,28.3,0.0
1.229266,1,AUTO,ARMED,4,AVAILABLE,UNAVAILABLE,UNAVAILABLE,0,6,ERROR,719,E_P3-A5_AB.NC,E_P3-A5_AB.NC,7,0.000167898,18,0.0005,1630526.627,470753.216,184.4,1117.0781,100,0.0,36,100,0,0,100,0.0,200,100,4.0,25.3,0.0,6,-6.5e-06,300,100,2.4,21.8,0.0,4,508.0000042,1400,800,1.7,25.3,0.0,37,-99.86699827,400,100,3.7,28.3,0.0
1.389007,1,AUTO,ARMED,4,AVAILABLE,UNAVAILABLE,UNAVAILABLE,0,6,ERROR,719,E_P3-A5_AB.NC,E_P3-A5_AB.NC,7,0.000167898,18,0.0005,1630526.627,470753.216,184.4,1313.3038,100,0.0,36,100,0,0,100,0.0,200,100,3.8,25.3,0.0,6,-6.5e-06,4000,700,5.7,21.8,0.1,3,507.9999927,5100,900,5.7,25.3,0.1,37,-99.86699827,400,100,3.3,28.3,0.0
1.581252,1,AUTO,ARMED,4,AVAILABLE,UNAVAILABLE,UNAVAILABLE,0,6,ERROR,719,E_P3-A5_AB.NC,E_P3-A5_AB.NC,7,0.000167898,18,0.0005,1630526.627,470753.216,184.4,1313.3038,100,0.0,36,100,0,0,100,0.0,200,100,3.8,25.3,0.0,6,-6.5e-06,4000,700,5.7,21.8,0.1,3,508.0000042,5100,900,5.7,25.3,0.1,37,-99.86699827,400,100,3.3,28.3,0.0
2.157792,1,AUTO,ARMED,5,AVAILABLE,UNAVAILABLE,UNAVAILABLE,0,6,ACTIVE,719,E_P3-A5_AB.NC,E_P3-A5_AB.NC,7,0.000167898,18,0.0005,1630526.627,470753.216,184.4,1313.3038,100,0.0,0,100,0,0,100,0.0,200,100,3.8,25.3,0.0,6,4.93983159102415e-06,4000,700,5.7,21.8,0.1,4,507.9999927,5100,900,5.7,25.3,0.1,37,-99.86699827,400,100,3.3,28.3,0.0
2.363644,1,AUTO,ARMED,5,AVAILABLE,UNAVAILABLE,UNAVAILABLE,4,6,ACTIVE,719,E_P3-A5_AB.NC,E_P3-A5_AB.NC,7,0.000167898,18,0.0005,1630526.627,470753.216,184.4,1313.3038,100,0.0,0,100,0,0,100,0.0,200,100,3.8,25.3,0.0,6,4.93983159102415e-06,4000,700,5.7,21.8,0.1,4,507.9999927,5100,900,5.7,25.3,0.1,37,-99.86700971,400,100,3.3,28.3,0.0
2.799809,1,AUTO,ARMED,5,AVAILABLE,UNAVAILABLE,UNAVAILABLE,6,6,ACTIVE,719,E_P3-A5_AB.NC,E_P3-A5_AB.NC,7,0.000167898,18,0.0005,1630526.627,470753.216,184.4,1313.3038,100,177.8667,0,100,0,0,100,0.0,200,100,3.8,25.3,0.0,6,5.265517219,4000,700,5.7,21.8,0.1,4,503.0876332,5100,900,5.7,25.3,0.1,37,-136.6881376,400,100,3.3,28.3,0.0
3.118685,1,AUTO,ARMED,5,AVAILABLE,UNAVAILABLE,UNAVAILABLE,7,6,ACTIVE,719,E_P3-A5_AB.NC,E_P3-A5_AB.NC,7,0.000167898,18,0.0005,1630526.627,470753.216,184.4,2389.1484,100,533.8167,0,100,0,0,100,0.0,200,100,3.8,25.3,0.0,81,91.8335078,4000,700,5.7,21.8,0.1,55,422.3073595,5100,900,5.7,25.3,0.1,29,-136.6894537,400,100,3.3,28.3,0.0
3.285512,1,AUTO,ARMED,5,AVAILABLE,UNAVAILABLE,UNAVAILABLE,7,6,ACTIVE,719,E_P3-A5_AB.NC,E_P3-A5_AB.NC,7,0.000167898,18,0.0005,1630526.627,470753.216,184.4,2389.1484,100,633.3333,1,100,0,0,100,0.0,200,100,3.8,25.3,0.0,33,187.2176237,4000,700,5.7,21.8,0.1,20,333.3034035,5100,900,5.7,25.3,0.1,31,-136.689408,400,100,3.3,28.3,0.0
3.434822,1,AUTO,ARMED,5,AVAILABLE,UNAVAILABLE,UNAVAILABLE,7,6,ACTIVE,719,E_P3-A5_AB.NC,E_P3-A5_AB.NC,7,0.000167898,18,0.0005,1630526.627,470753.216,184.4,2389.1484,100,610.1833,1,100,0,0,100,0.0,200,100,3.8,25.3,0.0,34,282.2243582,4000,700,5.7,21.8,0.1,19,244.6474753,5100,900,5.7,25.3,0.1,31,-136.689408,400,100,3.3,28.3,0.0
3.584319,1,AUTO,ARMED,5,AVAILABLE,UNAVAILABLE,UNAVAILABLE,7,6,ACTIVE,719,E_P3-A5_AB.NC,E_P3-A5_AB.NC,7,0.000167898,18,0.0005,1630526.627,470753.216,184.4,2389.1484,100,610.1833,1,100,0,0,100,0.0,200,100,3.8,25.3,0.0,23,313.4732138,4000,700,5.7,21.8,0.1,20,215.4904526,5100,900,5.7,25.3,0.1,31,-136.6893965,400,100,3.3,28.3,0.0
3.732243,1,AUTO,ARMED,5,AVAILABLE,UNAVAILABLE,UNAVAILABLE,7,6,ACTIVE,719,E_P3-A5_AB.NC,E_P3-A5_AB.NC,7,0.000167898,18,0.0005,1630526.627,470753.216,184.4,2389.1484,100,314.6,1,100,0,0,100,0.0,200,100,3.8,25.3,0.0,23,318.1523938,4000,700,5.7,21.8,0.1,20,211.1259286,5100,900,5.7,25.3,0.1,31,-136.6893965,400,100,3.3,28.3,0.0
3.876559,1,AUTO,ARMED,5,AVAILABLE,UNAVAILABLE,UNAVAILABLE,8,6,ACTIVE,719,E_P3-A5_AB.NC,E_P3-A5_AB.NC,7,0.000167898,18,0.0005,1630526.627,470753.216,184.4,2389.1484,100,22.56667,1,100,0,0,100,0.0,5700,800,7.0,25.3,0.2,8,318.1679697,200,100,3.6,21.8,0.0,7,211.1092098,1800,400,4.3,25.3,0.1,31,-137.3218552,48300,9300,5.2,28.3,0.9
4.020407,1,AUTO,ARMED,5,AVAILABLE,UNAVAILABLE,UNAVAILABLE,8,6,ACTIVE,719,E_P3-A5_AB.NC,E_P3-A5_AB.NC,7,0.000167898,18,0.0005,1630526.627,470753.216,184.4,2389.1484,100,337.4167,1,100,0,0,100,0.0,5700,800,7.0,25.3,0.2,7,318.1680155,200,100,3.6,21.8,0.0,6,211.1091412,1800,400,4.3,25.3,0.1,36,-233.5291822,48300,9300,5.2,28.3,0.9
4.182238,1,AUTO,ARMED,5,AVAILABLE,UNAVAILABLE,UNAVAILABLE,8,6,ACTIVE,719,E_P3-A5_AB.NC,E_P3-A5_AB.NC,7,0.000167898,18,0.0005,1630526.627,470753.216,184.4,1661.835,100,14.48333,2,100,0,0,100,0.0,5700,800,7.0,25.3,0.2,6,318.1680155,200,100,3.6,21.8,0.0,5,211.1091755,1800,400,4.3,25.3,0.1,78,-238.3080609,48300,9300,5.2,28.3,0.9
4.351358,1,AUTO,ARMED,5,AVAILABLE,UNAVAILABLE,UNAVAILABLE,9,6,ACTIVE,719,E_P3-A5_AB.NC,E_P3-A5_AB.NC,7,0.000167898,18,0.0005,1630526.627,470753.216,184.4,1661.835,100,15.3,2,100,0,0,100,0.0,5700,800,7.0,25.3,0.2,6,318.1680041,200,100,3.6,21.8,0.0,5,211.1091869,1800,400,4.3,25.3,0.1,78,-239.910385,48300,9300,5.2,28.3,0.9
4.555833,1,AUTO,ARMED,5,AVAILABLE,UNAVAILABLE,UNAVAILABLE,9,6,ACTIVE,719,E_P3-A5_AB.NC,E_P3-A5_AB.NC,7,0.000167898,18,0.0005,1630526.627,470753.216,184.4,1661.835,100,16.93333,2,100,0,0,100,0.0,5700,800,7.0,25.3,0.2,6,318.1680041,200,100,3.6,21.8,0.0,5,211.1091984,1800,400,4.3,25.3,0.1,27,-243.4028683,48300,9300,5.2,28.3,0.9
4.73595,1,AUTO,ARMED,5,AVAILABLE,UNAVAILABLE,UNAVAILABLE,9,6,ACTIVE,719,E_P3-A5_AB.NC,E_P3-A5_AB.NC,7,0.000167898,18,0.0005,1630526.627,470753.216,184.4,1661.835,100,16.93333,2,100,0,0,100,0.0,5700,800,7.0,25.3,0.2,6,318.1679926,200,100,3.6,21.8,0.0,5,211.1091984,1800,400,4.3,25.3,0.1,26,-248.6396536,48300,9300,5.2,28.3,0.9
4.899205,1,AUTO,ARMED,5,AVAILABLE,UNAVAILABLE,UNAVAILABLE,9,6,ACTIVE,719,E_P3-A5_AB.NC,E_P3-A5_AB.NC,7,0.000167898,18,0.0005,1630526.627,470753.216,184.4,1661.835,100,16.93333,2,100,0,0,100,0.0,5700,800,7.0,25.3,0.2,6,318.1680041,200,100,3.6,21.8,0.0,5,211.1091984,1800,400,4.3,25.3,0.1,26,-250.383864,48300,9300,5.2,28.3,0.9
5.044531,1,AUTO,ARMED,5,AVAILABLE,UNAVAILABLE,UNAVAILABLE,9,6,ACTIVE,719,E_P3-A5_AB.NC,E_P3-A5_AB.NC,7,0.000167898,18,0.0005,1630526.627,470753.216,184.4,1661.835,100,16.93333,2,100,0,0,100,0.0,5700,800,7.0,25.3,0.2,6,318.1679926,200,100,3.6,21.8,0.0,5,211.1091984,1800,400,4.3,25.3,0.1,26,-251.2602319,48300,9300,5.2,28.3,0.9
5.190515,1,AUTO,ARMED,5,AVAILABLE,UNAVAILABLE,UNAVAILABLE,9,6,ACTIVE,719,E_P3-A5_AB.NC,E_P3-A5_AB.NC,7,0.000167898,18,0.0005,1630526.627,470753.216,184.4,1661.835,100,16.93333,3,100,0,0,100,0.0,5700,800,7.0,25.3,0.2,6,318.1679926,200,100,3.6,21.8,0.0,5,211.1091869,1800,400,4.3,25.3,0.1,26,-254.7526525,48300,9300,5.2,28.3,0.9
5.333879,1,AUTO,ARMED,5,AVAILABLE,UNAVAILABLE,UNAVAILABLE,9,6,ACTIVE,719,E_P3-A5_AB.NC,E_P3-A5_AB.NC,7,0.000167898,18,0.0005,1630526.627,470753.216,184.4,1645.2454,100,16.93333,3,100,0,0,100,0.0,5700,800,7.0,25.3,0.2,6,318.1680041,200,100,3.6,21.8,0.0,5,211.1091984,1800,400,4.3,25.3,0.1,26,-256.4966294,48300,9300,5.2,28.3,0.9
5.489395,1,AUTO,ARMED,5,AVAILABLE,UNAVAILABLE,UNAVAILABLE,9,6,ACTIVE,719,E_P3-A5_AB.NC,E_P3-A5_AB.NC,7,0.000167898,18,0.0005,1630526.627,470753.216,184.4,1645.2454,100,16.93333,3,100,0,0,100,0.0,5700,800,7.0,25.3,0.2,6,318.1680041,200,100,3.6,21.8,0.0,5,211.1091984,1800,400,4.3,25.3,0.1,26,-258.2407436,48300,9300,5.2,28.3,0.9
5.657209,1,AUTO,ARMED,5,AVAILABLE,UNAVAILABLE,UNAVAILABLE,9,6,ACTIVE,719,E_P3-A5_AB.NC,E_P3-A5_AB.NC,7,0.000167898,18,0.0005,1630526.627,470753.216,184.4,1645.2454,100,16.93333,3,100,0,0,100,0.0,200,100,4.4,25.3,0.0,6,318.1680041,200,100,4.2,21.8,0.0,5,211.1091984,700,400,1.9,25.3,0.0,26,-263.4775606,1800,400,4.6,28.3,0.1
5.816475,1,AUTO,ARMED,5,AVAILABLE,UNAVAILABLE,UNAVAILABLE,9,6,ACTIVE,719,E_P3-A5_AB.NC,E_P3-A5_AB.NC,7,0.000167898,18,0.0005,1630526.627,470753.216,184.4,1645.2454,100,16.93333,3,100,0,0,100,0.0,200,100,4.4,25.3,0.0,6,318.1680041,200,100,4.2,21.8,0.0,5,211.1091984,700,400,1.9,25.3,0.0,26,-265.2300969,1800,400,4.6,28.3,0.1
5.971912,1,AUTO,ARMED,5,AVAILABLE,UNAVAILABLE,UNAVAILABLE,9,6,ACTIVE,719,E_P3-A5_AB.NC,E_P3-A5_AB.NC,7,0.000167898,18,0.0005,1630526.627,470753.216,184.4,1645.2454,100,16.93333,3,100,0,0,100,0.0,200,100,4.4,25.3,0.0,6,318.1679926,200,100,4.2,21.8,0.0,5,211.1091984,700,400,1.9,25.3,0.0,26,-268.7181652,1800,400,4.6,28.3,0.1
6.117149,1,AUTO,ARMED,5,AVAILABLE,UNAVAILABLE,UNAVAILABLE,9,6,ACTIVE,719,E_P3-A5_AB.NC,E_P3-A5_AB.NC,7,0.000167898,18,0.0005,1630526.627,470753.216,184.4,1645.2454,100,16.93333,3,100,0,0,100,0.0,200,100,4.4,25.3,0.0,6,318.1679926,200,100,4.2,21.8,0.0,5,211.1091984,700,400,1.9,25.3,0.0,26,-270.4669482,1800,400,4.6,28.3,0.1
6.269573,1,AUTO,ARMED,5,AVAILABLE,UNAVAILABLE,UNAVAILABLE,9,6,ACTIVE,719,E_P3-A5_AB.NC,E_P3-A5_AB.NC,7,0.000167898,18,0.0005,1630526.627,470753.216,184.4,1635.9943,100,16.93333,4,100,0,0,100,0.0,200,100,4.4,25.3,0.0,6,318.1680041,200,100,4.2,21.8,0.0,5,211.1091984,700,400,1.9,25.3,0.0,26,-273.9549707,1800,400,4.6,28.3,0.1
6.410808,1,AUTO,ARMED,5,AVAILABLE,UNAVAILABLE,UNAVAILABLE,9,6,ACTIVE,719,E_P3-A5_AB.NC,E_P3-A5_AB.NC,7,0.000167898,18,0.0005,1630526.627,470753.216,184.4,1635.9943,100,16.93333,4,100,0,0,100,0.0,200,100,4.4,25.3,0.0,6,318.1680041,200,100,4.2,21.8,0.0,5,211.1091984,700,400,1.9,25.3,0.0,26,-275.7032044,1800,400,4.6,28.3,0.1
6.556172,1,AUTO,ARMED,5,AVAILABLE,UNAVAILABLE,UNAVAILABLE,9,6,ACTIVE,719,E_P3-A5_AB.NC,E_P3-A5_AB.NC,7,0.000167898,18,0.0005,1630526.627,470753.216,184.4,1635.9943,100,16.93333,4,100,0,0,100,0.0,200,100,4.4,25.3,0.0,6,318.1680041,200,100,4.2,21.8,0.0,5,211.1092098,700,400,1.9,25.3,0.0,26,-277.4474903,1800,400,4.6,28.3,0.1
6.808329,1,AUTO,ARMED,5,AVAILABLE,UNAVAILABLE,UNAVAILABLE,9,6,ACTIVE,719,E_P3-A5_AB.NC,E_P3-A5_AB.NC,7,0.000167898,18,0.0005,1630526.627,470753.216,184.4,1635.9943,100,14.71667,4,100,0,0,100,0.0,200,100,4.4,25.3,0.0,6,318.1680041,200,100,4.2,21.8,0.0,5,211.1091984,700,400,1.9,25.3,0.0,26,-282.6480096,1800,400,4.6,28.3,0.1
6.97268,1,AUTO,ARMED,5,AVAILABLE,UNAVAILABLE,UNAVAILABLE,12,6,ACTIVE,719,E_P3-A5_AB.NC,E_P3-A5_AB.NC,7,0.000167898,18,0.0005,1630526.627,470753.216,184.4,1635.9943,100,0.0,4,100,0,0,100,0.0,6200,1400,4.5,25.3,0.1,6,318.1680041,200,100,3.5,21.8,0.0,5,211.1091984,1000,400,2.7,25.3,0.1,26,-282.7379716,400,100,3.9,28.3,0.1
7.113944,1,AUTO,ARMED,5,AVAILABLE,UNAVAILABLE,UNAVAILABLE,12,6,ACTIVE,719,E_P3-A5_AB.NC,E_P3-A5_AB.NC,7,0.000167898,18,0.0005,1630526.627,470753.216,184.4,1635.9943,100,0.0,5,100,0,37,100,0.0,6200,1400,4.5,25.3,0.1,6,318.1680041,200,100,3.5,21.8,0.0,5,211.1091984,1000,400,2.7,25.3,0.1,31,-282.7395049,400,100,3.9,28.3,0.1
7.259614,1,AUTO,ARMED,5,AVAILABLE,UNAVAILABLE,UNAVAILABLE,12,6,ACTIVE,719,E_P3-A5_AB.NC,E_P3-A5_AB.NC,7,0.000167898,18,0.0005,1630526.627,470753.216,184.4,1635.9943,100,0.0,5,100,0,37,100,792.2571725,6200,1400,4.5,25.3,0.1,6,318.1680041,200,100,3.5,21.8,0.0,5,211.1091984,1000,400,2.7,25.3,0.1,31,-282.7394134,400,100,3.9,28.3,0.1
7.53589,1,AUTO,ARMED,5,AVAILABLE,UNAVAILABLE,UNAVAILABLE,12,6,ACTIVE,719,E_P3-A5_AB.NC,E_P3-A5_AB.NC,7,0.000167898,18,0.0005,1630526.627,470753.216,184.4,10029.2168,100,0.0,5,100,0,20,100,1647.77048,6200,1400,4.5,25.3,0.1,6,318.1679926,200,100,3.5,21.8,0.0,5,211.1091984,1000,400,2.7,25.3,0.1,31,-282.739402,400,100,3.9,28.3,0.1
7.692589,1,AUTO,ARMED,5,AVAILABLE,UNAVAILABLE,UNAVAILABLE,12,6,ACTIVE,719,E_P3-A5_AB.NC,E_P3-A5_AB.NC,7,0.000167898,18,0.0005,1630526.627,470753.216,184.4,10029.2168,100,0.0,5,100,0,0,100,2128.553262,6200,1400,4.5,25.3,0.1,6,318.1680041,200,100,3.5,21.8,0.0,5,211.1092098,1000,400,2.7,25.3,0.1,31,-282.739402,400,100,3.9,28.3,0.1
7.836852,1,AUTO,ARMED,5,AVAILABLE,UNAVAILABLE,UNAVAILABLE,12,6,ACTIVE,719,E_P3-A5_AB.NC,E_P3-A5_AB.NC,7,0.000167898,18,0.0005,1630526.627,470753.216,184.4,10029.2168,100,0.0,5,100,0,35,100,2448.371513,6200,1400,4.5,25.3,0.1,6,318.1679926,200,100,3.5,21.8,0.0,5,211.1091984,1000,400,2.7,25.3,0.1,31,-282.7393905,400,100,3.9,28.3,0.1
7.980864,1,AUTO,ARMED,5,AVAILABLE,UNAVAILABLE,UNAVAILABLE,12,6,ACTIVE,719,E_P3-A5_AB.NC,E_P3-A5_AB.NC,7,0.000167898,18,0.0005,1630526.627,470753.216,184.4,2474.2827,100,0.0,5,100,0,35,100,2920.888759,2100,600,3.7,25.3,0.2,6,318.1679926,500,100,4.4,21.8,0.1,5,211.1091984,1100,300,3.8,25.3,0.1,31,-282.739402,1000,100,7.9,28.3,0.1
8.125759,1,AUTO,ARMED,5,AVAILABLE,UNAVAILABLE,UNAVAILABLE,12,6,ACTIVE,719,E_P3-A5_AB.NC,E_P3-A5_AB.NC,7,0.000167898,18,0.0005,1630526.627,470753.216,184.4,2474.2827,100,0.0,6,100,0,20,100,4067.035208,2100,600,3.7,25.3,0.2,6,318.1680041,500,100,4.4,21.8,0.1,5,211.1092098,1100,300,3.8,25.3,0.1,31,-282.739402,1000,100,7.9,28.3,0.1
8.274674,1,AUTO,ARMED,5,AVAILABLE,UNAVAILABLE,UNAVAILABLE,12,6,ACTIVE,719,E_P3-A5_AB.NC,E_P3-A5_AB.NC,7,0.000167898,18,0.0005,1630526.627,470753.216,184.4,2474.2827,100,0.0,6,100,0,20,100,4363.219509,2100,600,3.7,25.3,0.2,6,318.1680041,500,100,4.4,21.8,0.1,5,211.1091984,1100,300,3.8,25.3,0.1,31,-282.7394134,1000,100,7.9,28.3,0.1
8.418403,1,AUTO,ARMED,5,AVAILABLE,UNAVAILABLE,UNAVAILABLE,12,6,ACTIVE,719,E_P3-A5_AB.NC,E_P3-A5_AB.NC,7,0.000167898,18,0.0005,1630526.627,470753.216,184.4,2474.2827,100,0.0,6,100,0,17,100,4651.778692,3500,900,3.7,25.3,0.2,6,318.1680155,600,200,3.9,21.8,0.1,5,211.1092098,1300,300,3.7,25.3,0.1,31,-282.739402,1700,400,3.8,28.3,0.1
8.557454,1,AUTO,ARMED,5,AVAILABLE,UNAVAILABLE,UNAVAILABLE,12,6,ACTIVE,719,E_P3-A5_AB.NC,E_P3-A5_AB.NC,7,0.000167898,18,0.0005,1630526.627,470753.216,184.4,2474.2827,100,0.0,6,100,0,17,100,4904.131907,3500,900,3.7,25.3,0.2,6,318.1679926,600,200,3.9,21.8,0.1,5,211.1091984,1300,300,3.7,25.3,0.1,31,-282.7394134,1700,400,3.8,28.3,0.1
8.711432,1,AUTO,ARMED,5,AVAILABLE,UNAVAILABLE,UNAVAILABLE,14,6,ACTIVE,719,E_P3-A5_AB.NC,E_P3-A5_AB.NC,7,0.000668021,18,0.0005,1630526.627,470753.216,184.4,2474.2827,100,16.93333,9,100,0,1,100,6000.0,3500,900,3.7,25.3,0.2,11,348.2114972,600,200,3.9,21.8,0.1,1,211.4267347,1300,300,3.7,25.3,0.1,32,-282.739402,1700,400,3.8,28.3,0.1
11.86645,1,AUTO,ARMED,5,AVAILABLE,UNAVAILABLE,UNAVAILABLE,14,6,ACTIVE,719,E_P3-A5_AB.NC,E_P3-A5_AB.NC,7,0.000668021,18,0.0005,1630526.627,470753.216,184.4,2457.075,100,16.93333,9,100,0,1,100,6000.0,3500,900,3.7,25.3,0.2,12,349.9641624,600,200,3.9,21.8,0.1,1,211.4267004,1300,300,3.7,25.3,0.1,32,-282.7393905,1700,400,3.8,28.3,0.1
12.016282,1,AUTO,ARMED,5,AVAILABLE,UNAVAILABLE,UNAVAILABLE,14,6,ACTIVE,719,E_P3-A5_AB.NC,E_P3-A5_AB.NC,7,0.000668021,18,0.0005,1630526.627,470753.216,184.4,2457.075,100,16.93333,9,100,0,1,100,6000.0,3500,900,3.7,25.3,0.2,12,351.70805,600,200,3.9,21.8,0.1,1,211.4266661,1300,300,3.7,25.3,0.1,32,-282.7394134,1700,400,3.8,28.3,0.1
12.157791,1,AUTO,ARMED,5,AVAILABLE,UNAVAILABLE,UNAVAILABLE,14,6,ACTIVE,719,E_P3-A5_AB.NC,E_P3-A5_AB.NC,7,0.000668021,18,0.0005,1630526.627,470753.216,184.4,2457.075,100,16.93333,10,100,0,0,100,6000.0,3500,900,3.7,25.3,0.2,12,356.9448479,600,200,3.9,21.8,0.1,1,211.4266661,1300,300,3.7,25.3,0.1,32,-282.739402,1700,400,3.8,28.3,0.1
12.299468,1,AUTO,ARMED,5,AVAILABLE,UNAVAILABLE,UNAVAILABLE,14,6,ACTIVE,719,E_P3-A5_AB.NC,E_P3-A5_AB.NC,7,0.000668021,18,0.0005,1630526.627,470753.216,184.4,2457.075,100,16.93333,10,100,0,0,100,6000.0,3500,900,3.7,25.3,0.2,12,358.688834,600,200,3.9,21.8,0.1,1,211.4267004,1300,300,3.7,25.3,0.1,32,-282.7394134,1700,400,3.8,28.3,0.1
12.449655,1,AUTO,ARMED,5,AVAILABLE,UNAVAILABLE,UNAVAILABLE,14,6,ACTIVE,719,E_P3-A5_AB.NC,E_P3-A5_AB.NC,7,0.000668021,18,0.0005,1630526.627,470753.216,184.4,2457.075,100,16.93333,10,100,0,0,100,6000.0,3500,900,3.7,25.3,0.2,13,360.4331519,600,200,3.9,21.8,0.1,1,211.4267233,1300,300,3.7,25.3,0.1,31,-282.7393905,1700,400,3.8,28.3,0.1
12.606507,1,AUTO,ARMED,5,AVAILABLE,UNAVAILABLE,UNAVAILABLE,14,6,ACTIVE,719,E_P3-A5_AB.NC,E_P3-A5_AB.NC,7,0.000668021,18,0.0005,1630526.627,470753.216,184.4,2457.075,100,16.93333,10,100,0,0,100,6000.0,3500,900,3.7,25.3,0.2,13,363.0579143,600,200,3.9,21.8,0.1,1,211.4266661,1300,300,3.7,25.3,0.1,31,-282.7394134,1700,400,3.8,28.3,0.1
12.748907,1,AUTO,ARMED,5,AVAILABLE,UNAVAILABLE,UNAVAILABLE,14,6,ACTIVE,719,E_P3-A5_AB.NC,E_P3-A5_AB.NC,7,0.000668021,18,0.0005,1630526.627,470753.216,184.4,2457.075,100,16.93333,10,100,0,2,100,6000.0,3500,900,3.7,25.3,0.2,13,364.8018661,600,200,3.9,21.8,0.1,1,211.4267233,1300,300,3.7,25.3,0.1,32,-282.7393905,1700,400,3.8,28.3,0.1
12.894849,1,AUTO,ARMED,5,AVAILABLE,UNAVAILABLE,UNAVAILABLE,14,6,ACTIVE,719,E_P3-A5_AB.NC,E_P3-A5_AB.NC,7,0.000668021,18,0.0005,1630526.627,470753.216,184.4,2461.7981,100,16.93333,10,100,0,2,100,6000.0,3500,900,3.7,25.3,0.2,13,366.5502925,600,200,3.9,21.8,0.1,1,211.4267004,1300,300,3.7,25.3,0.1,32,-282.739402,1700,400,3.8,28.3,0.1
13.048679,1,AUTO,ARMED,5,AVAILABLE,UNAVAILABLE,UNAVAILABLE,14,6,ACTIVE,719,E_P3-A5_AB.NC,E_P3-A5_AB.NC,7,0.000668021,18,0.0005,1630526.627,470753.216,184.4,2461.7981,100,16.93333,10,100,0,1,100,6000.0,3500,900,3.7,25.3,0.2,11,368.2944159,600,200,3.9,21.8,0.1,0,211.4266661,1300,300,3.7,25.3,0.1,32,-282.7393905,1700,400,3.8,28.3,0.1
13.19827,1,AUTO,ARMED,5,AVAILABLE,UNAVAILABLE,UNAVAILABLE,14,6,ACTIVE,719,E_P3-A5_AB.NC,E_P3-A5_AB.NC,7,0.000668021,18,0.0005,1630526.627,470753.216,184.4,2461.7981,100,16.93333,11,100,0,0,100,6000.0,3500,900,3.7,25.3,0.2,11,373.5308373,600,200,3.9,21.8,0.1,0,211.4266661,1300,300,3.7,25.3,0.1,32,-282.739402,1700,400,3.8,28.3,0.1
13.343346,1,AUTO,ARMED,5,AVAILABLE,UNAVAILABLE,UNAVAILABLE,14,6,ACTIVE,719,E_P3-A5_AB.NC,E_P3-A5_AB.NC,7,0.000668021,18,0.0005,1630526.627,470753.216,184.4,2461.7981,100,16.93333,11,100,0,1,100,6000.0,4200,1000,4.3,25.3,0.2,12,375.2752011,600,100,4.3,21.8,0.1,1,211.4267004,1200,400,3.1,25.3,0.1,32,-282.7394134,1700,500,3.9,28.3,0.1
13.489033,1,AUTO,ARMED,5,AVAILABLE,UNAVAILABLE,UNAVAILABLE,14,6,ACTIVE,719,E_P3-A5_AB.NC,E_P3-A5_AB.NC,7,0.000668021,18,0.0005,1630526.627,470753.216,184.4,2461.7981,100,16.93333,11,100,0,1,100,6000.0,4200,1000,4.3,25.3,0.2,12,378.7677051,600,100,4.3,21.8,0.1,1,211.4266546,1200,400,3.1,25.3,0.1,32,-282.739402,1700,500,3.9,28.3,0.1
13.63608,1,AUTO,ARMED,5,AVAILABLE,UNAVAILABLE,UNAVAILABLE,14,6,ACTIVE,719,E_P3-A5_AB.NC,E_P3-A5_AB.NC,7,0.000668021,18,0.0005,1630526.627,470753.216,184.4,2461.7981,100,16.93333,11,100,0,1,100,6000.0,4200,1000,4.3,25.3,0.2,12,380.5115195,600,100,4.3,21.8,0.1,1,211.4266889,1200,400,3.1,25.3,0.1,32,-282.739402,1700,500,3.9,28.3,0.1
13.781865,1,AUTO,ARMED,5,AVAILABLE,UNAVAILABLE,UNAVAILABLE,14,6,ACTIVE,719,E_P3-A5_AB.NC,E_P3-A5_AB.NC,7,0.000668021,18,0.0005,1630526.627,470753.216,184.4,2461.7981,100,16.93333,11,100,0,0,100,6000.0,4200,1000,4.3,25.3,0.2,13,384.0083909,600,100,4.3,21.8,0.1,1,211.4266775,1200,400,3.1,25.3,0.1,32,-282.739402,1700,500,3.9,28.3,0.1
13.963339,1,AUTO,ARMED,5,AVAILABLE,UNAVAILABLE,UNAVAILABLE,14,6,ACTIVE,719,E_P3-A5_AB.NC,E_P3-A5_AB.NC,7,0.000668021,18,0.0005,1630526.627,470753.216,184.4,2461.7981,100,16.93333,11,100,0,2,100,6000.0,4200,1000,4.3,25.3,0.2,13,385.7530186,600,100,4.3,21.8,0.1,1,211.4267004,1200,400,3.1,25.3,0.1,32,-282.7393905,1700,500,3.9,28.3,0.1
14.116849,1,AUTO,ARMED,5,AVAILABLE,UNAVAILABLE,UNAVAILABLE,14,6,ACTIVE,719,E_P3-A5_AB.NC,E_P3-A5_AB.NC,7,0.000668021,18,0.0005,1630526.627,470753.216,184.4,2114.2363,100,16.93333,12,100,0,2,100,6000.0,4200,1000,4.3,25.3,0.2,13,387.4967421,600,100,4.3,21.8,0.1,1,211.4267462,1200,400,3.1,25.3,0.1,32,-282.739402,1700,500,3.9,28.3,0.1
14.262265,1,AUTO,ARMED,5,AVAILABLE,UNAVAILABLE,UNAVAILABLE,14,6,ACTIVE,719,E_P3-A5_AB.NC,E_P3-A5_AB.NC,7,0.000668021,18,0.0005,1630526.627,470753.216,184.4,2114.2363,100,16.93333,12,100,0,1,100,6000.0,4200,1000,4.3,25.3,0.2,10,392.7333376,600,100,4.3,21.8,0.1,0,211.4267118,1200,400,3.1,25.3,0.1,32,-282.739402,1700,500,3.9,28.3,0.1
14.415817,1,AUTO,ARMED,5,AVAILABLE,UNAVAILABLE,UNAVAILABLE,14,6,ACTIVE,719,E_P3-A5_AB.NC,E_P3-A5_AB.NC,7,0.000668021,18,0.0005,1630526.627,470753.216,184.4,2114.2363,100,16.93333,12,100,0,1,100,6000.0,4200,1000,4.3,25.3,0.2,10,394.4775075,600,100,4.3,21.8,0.1,0,211.4267118,1200,400,3.1,25.3,0.1,32,-282.7393905,1700,500,3.9,28.3,0.1
14.563331,1,AUTO,ARMED,5,AVAILABLE,UNAVAILABLE,UNAVAILABLE,14,6,ACTIVE,719,E_P3-A5_AB.NC,E_P3-A5_AB.NC,7,0.000668021,18,0.0005,1630526.627,470753.216,184.4,2114.2363,100,16.93333,12,100,0,1,100,6000.0,4200,1000,4.3,25.3,0.2,10,395.3539243,600,100,4.3,21.8,0.1,0,211.4266889,1200,400,3.1,25.3,0.1,32,-282.739402,1700,500,3.9,28.3,0.1
14.707904,1,AUTO,ARMED,5,AVAILABLE,UNAVAILABLE,UNAVAILABLE,14,6,ACTIVE,719,E_P3-A5_AB.NC,E_P3-A5_AB.NC,7,0.000668021,18,0.0005,1630526.627,470753.216,184.4,2114.2363,100,16.93333,12,100,0,0,100,6000.0,2100,500,3.9,25.3,0.2,10,397.0980256,200,100,4.1,21.8,0.0,0,211.4267004,800,300,3.1,25.3,0.1,32,-282.739402,400,100,3.7,28.3,0.2
14.886284,1,AUTO,ARMED,5,AVAILABLE,UNAVAILABLE,UNAVAILABLE,15,6,ACTIVE,719,E_P3-A5_AB.NC,E_P3-A5_AB.NC,7,0.000668021,18,0.0005,1630526.627,470753.216,184.4,2114.2363,100,7.783333,12,100,0,0,100,6000.0,2100,500,3.9,25.3,0.2,9,399.9545147,200,100,4.1,21.8,0.0,0,211.4267004,800,300,3.1,25.3,0.1,32,-282.7393905,400,100,3.7,28.3,0.2
15.039345,1,AUTO,ARMED,5,AVAILABLE,UNAVAILABLE,UNAVAILABLE,15,6,ACTIVE,719,E_P3-A5_AB.NC,E_P3-A5_AB.NC,7,0.000668021,18,0.0005,1630526.627,470753.216,184.4,2054.9629,100,0.0,12,100,0,0,100,6000.0,2100,500,3.9,25.3,0.2,9,399.9559797,200,100,4.1,21.8,0.0,0,211.4267118,800,300,3.1,25.3,0.1,32,-282.739402,400,100,3.7,28.3,0.2
15.195097,1,AUTO,ARMED,5,AVAILABLE,UNAVAILABLE,UNAVAILABLE,15,6,ACTIVE,719,E_P3-A5_AB.NC,E_P3-A5_AB.NC,7,0.000668021,18,0.0005,1630526.627,470753.216,184.4,2054.9629,100,0.0,13,100,0,1,100,6000.0,2100,500,3.9,25.3,0.2,7,399.956014,200,100,4.1,21.8,0.0,0,211.4266889,800,300,3.1,25.3,0.1,32,-282.739402,400,100,3.7,28.3,0.2
15.389689,1,AUTO,ARMED,5,AVAILABLE,UNAVAILABLE,UNAVAILABLE,15,6,ACTIVE,719,E_P3-A5_AB.NC,E_P3-A5_AB.NC,7,0.000668021,18,0.0005,1630526.627,470753.216,184.4,2054.9629,100,0.0,13,100,0,0,100,6000.0,2100,500,3.9,25.3,0.2,7,399.9560026,200,100,4.1,21.8,0.0,0,211.4267004,800,300,3.1,25.3,0.1,31,-282.7393905,400,100,3.7,28.3,0.2
15.537052,1,AUTO,ARMED,5,AVAILABLE,UNAVAILABLE,UNAVAILABLE,15,6,ACTIVE,719,E_P3-A5_AB.NC,E_P3-A5_AB.NC,7,0.000668021,18,0.0005,1630526.627,470753.216,184.4,2054.9629,100,0.0,13,100,0,0,100,6000.0,2100,500,3.9,25.3,0.2,7,399.9560026,200,100,4.1,21.8,0.0,0,211.4267004,800,300,3.1,25.3,0.1,31,-282.7393905,400,100,3.7,28.3,0.2
15.684978,1,AUTO,ARMED,5,AVAILABLE,UNAVAILABLE,UNAVAILABLE,15,6,ACTIVE,719,E_P3-A5_AB.NC,E_P3-A5_AB.NC,7,0.000668021,18,0.0005,1630526.627,470753.216,184.4,2054.9629,100,0.0,13,100,0,0,100,6000.0,2100,500,3.9,25.3,0.2,7,399.9560026,200,100,4.1,21.8,0.0,0,211.4267004,800,300,3.1,25.3,0.1,32,-282.7394134,400,100,3.7,28.3,0.2
15.831322,1,AUTO,ARMED,5,AVAILABLE,UNAVAILABLE,UNAVAILABLE,17,6,ACTIVE,719,E_P3-A5_AB.NC,E_P3-A5_AB.NC,7,0.000668021,18,0.0005,1630526.627,470753.216,184.4,2054.9629,100,0.0,13,100,0,0,100,6000.0,2100,500,3.9,25.3,0.2,7,399.9559911,200,100,4.1,21.8,0.0,0,211.4469781,800,300,3.1,25.3,0.1,32,-282.739402,400,100,3.7,28.3,0.2
16.003837,1,AUTO,ARMED,5,AVAILABLE,UNAVAILABLE,UNAVAILABLE,17,6,ACTIVE,719,E_P3-A5_AB.NC,E_P3-A5_AB.NC,7,0.000668021,18,0.0005,1630526.627,470753.216,184.4,2054.9629,100,16.93333,13,100,0,0,100,6000.0,2100,500,3.9,25.3,0.2,7,398.9890227,200,100,4.1,21.8,0.0,0,211.7441063,800,300,3.1,25.3,0.1,32,-282.739402,400,100,3.7,28.3,0.2
16.149979,1,AUTO,ARMED,5,AVAILABLE,UNAVAILABLE,UNAVAILABLE,17,6,ACTIVE,719,E_P3-A5_AB.NC,E_P3-A5_AB.NC,7,0.000668021,18,0.0005,1630526.627,470753.216,184.4,2073.0488,100,16.93333,14,100,0,0,100,6000.0,2100,500,3.9,25.3,0.2,10,395.5023968,200,100,4.1,21.8,0.0,3,211.7441749,800,300,3.1,25.3,0.1,32,-282.7393791,400,100,3.7,28.3,0.2
16.296648,1,AUTO,ARMED,5,AVAILABLE,UNAVAILABLE,UNAVAILABLE,17,6,ACTIVE,719,E_P3-A5_AB.NC,E_P3-A5_AB.NC,7,0.000668021,18,0.0005,1630526.627,470753.216,184.4,2073.0488,100,16.93333,14,100,0,0,100,6000.0,2100,500,3.9,25.3,0.2,9,393.7539852,200,100,4.1,21.8,0.0,3,211.7441978,800,300,3.1,25.3,0.1,32,-282.739402,400,100,3.7,28.3,0.2
16.448562,1,AUTO,ARMED,5,AVAILABLE,UNAVAILABLE,UNAVAILABLE,17,6,ACTIVE,719,E_P3-A5_AB.NC,E_P3-A5_AB.NC,7,0.000668021,18,0.0005,1630526.627,470753.216,184.4,2073.0488,100,16.93333,14,100,0,0,100,6000.0,4500,800,5.7,25.3,0.2,9,391.1381317,700,200,3.7,21.8,0.1,3,211.7441978,1100,300,3.8,25.3,0.1,32,-282.7393905,1400,200,6.4,28.3,0.1
16.606857,1,AUTO,ARMED,5,AVAILABLE,UNAVAILABLE,UNAVAILABLE,17,6,ACTIVE,719,E_P3-A5_AB.NC,E_P3-A5_AB.NC,7,0.000668021,18,0.0005,1630526.627,470753.216,184.4,2073.0488,100,16.93333,14,100,0,0,100,6000.0,4500,800,5.7,25.3,0.2,10,389.3851422,700,200,3.7,21.8,0.1,3,211.744152,1100,300,3.8,25.3,0.1,32,-282.739402,1400,200,6.4,28.3,0.1
16.752296,1,AUTO,ARMED,5,AVAILABLE,UNAVAILABLE,UNAVAILABLE,17,6,ACTIVE,719,E_P3-A5_AB.NC,E_P3-A5_AB.NC,7,0.000668021,18,0.0005,1630526.627,470753.216,184.4,2073.0488,100,16.93333,14,100,0,0,100,6000.0,4500,800,5.7,25.3,0.2,8,385.9012402,700,200,3.7,21.8,0.1,3,211.7441749,1100,300,3.8,25.3,0.1,32,-282.739402,1400,200,6.4,28.3,0.1
16.905299,1,AUTO,ARMED,5,AVAILABLE,UNAVAILABLE,UNAVAILABLE,17,6,ACTIVE,719,E_P3-A5_AB.NC,E_P3-A5_AB.NC,7,0.000668021,18,0.0005,1630526.627,470753.216,184.4,2073.0488,100,16.93333,14,100,0,2,100,6000.0,4500,800,5.7,25.3,0.2,6,382.4044857,700,200,3.7,21.8,0.1,4,211.7441864,1100,300,3.8,25.3,0.1,32,-282.7394134,1400,200,6.4,28.3,0.1
17.050532,1,AUTO,ARMED,5,AVAILABLE,UNAVAILABLE,UNAVAILABLE,17,6,ACTIVE,719,E_P3-A5_AB.NC,E_P3-A5_AB.NC,7,0.000668021,18,0.0005,1630526.627,470753.216,184.4,2073.0488,100,16.93333,14,100,0,2,100,6000.0,4500,800,5.7,25.3,0.2,6,380.6602518,700,200,3.7,21.8,0.1,4,211.7442093,1100,300,3.8,25.3,0.1,32,-282.739402,1400,200,6.4,28.3,0.1
17.21378,1,AUTO,ARMED,5,AVAILABLE,UNAVAILABLE,UNAVAILABLE,17,6,ACTIVE,719,E_P3-A5_AB.NC,E_P3-A5_AB.NC,7,0.000668021,18,0.0005,1630526.627,470753.216,184.4,2460.2041,100,16.93333,15,100,0,0,100,6000.0,4500,800,5.7,25.3,0.2,7,378.9164601,700,200,3.7,21.8,0.1,4,211.7441978,1100,300,3.8,25.3,0.1,32,-282.739402,1400,200,6.4,28.3,0.1
17.371581,1,AUTO,ARMED,5,AVAILABLE,UNAVAILABLE,UNAVAILABLE,17,6,ACTIVE,719,E_P3-A5_AB.NC,E_P3-A5_AB.NC,7,0.000668021,18,0.0005,1630526.627,470753.216,184.4,2460.2041,100,16.93333,15,100,0,1,100,6000.0,4500,800,5.7,25.3,0.2,6,373.6795002,700,200,3.7,21.8,0.1,4,211.7441978,1100,300,3.8,25.3,0.1,32,-282.7393905,1400,200,6.4,28.3,0.1
17.528215,1,AUTO,ARMED,5,AVAILABLE,UNAVAILABLE,UNAVAILABLE,17,6,ACTIVE,719,E_P3-A5_AB.NC,E_P3-A5_AB.NC,7,0.000668021,18,0.0005,1630526.627,470753.216,184.4,2460.2041,100,16.93333,15,100,0,1,100,6000.0,4500,800,5.7,25.3,0.2,8,371.9272855,700,200,3.7,21.8,0.1,4,211.7441864,1100,300,3.8,25.3,0.1,32,-282.7393905,1400,200,6.4,28.3,0.1
17.685896,1,AUTO,ARMED,5,AVAILABLE,UNAVAILABLE,UNAVAILABLE,17,6,ACTIVE,719,E_P3-A5_AB.NC,E_P3-A5_AB.NC,7,0.000668021,18,0.0005,1630526.627,470753.216,184.4,2460.2041,100,16.93333,15,100,0,1,100,6000.0,4500,800,5.7,25.3,0.2,8,370.1871216,700,200,3.7,21.8,0.1,4,211.7442093,1100,300,3.8,25.3,0.1,32,-282.7394134,1400,200,6.4,28.3,0.1
17.833706,1,AUTO,ARMED,5,AVAILABLE,UNAVAILABLE,UNAVAILABLE,17,6,ACTIVE,719,E_P3-A5_AB.NC,E_P3-A5_AB.NC,7,0.000668021,18,0.0005,1630526.627,470753.216,184.4,2460.2041,100,16.93333,15,100,0,1,100,6000.0,4500,800,5.7,25.3,0.2,8,366.6902684,700,200,3.7,21.8,0.1,4,211.7441749,1100,300,3.8,25.3,0.1,32,-282.739402,1400,200,6.4,28.3,0.1
17.976993,1,AUTO,ARMED,5,AVAILABLE,UNAVAILABLE,UNAVAILABLE,17,6,ACTIVE,719,E_P3-A5_AB.NC,E_P3-A5_AB.NC,7,0.000668021,18,0.0005,1630526.627,470753.216,184.4,2460.2041,100,16.93333,15,100,0,1,100,6000.0,4100,1100,3.8,25.3,0.2,8,364.9462592,700,200,3.4,21.8,0.1,4,211.7442207,1200,300,3.6,25.3,0.1,32,-282.739402,1000,300,3.7,28.3,0.1
18.172866,1,AUTO,ARMED,5,AVAILABLE,UNAVAILABLE,UNAVAILABLE,17,6,ACTIVE,719,E_P3-A5_AB.NC,E_P3-A5_AB.NC,7,0.000668021,18,0.0005,1630526.627,470753.216,184.4,2460.2041,100,16.93333,16,100,0,2,100,6000.0,4100,1100,3.8,25.3,0.2,8,361.4536633,700,200,3.4,21.8,0.1,4,211.7441635,1200,300,3.6,25.3,0.1,32,-282.7393905,1000,300,3.7,28.3,0.1
18.328079,1,AUTO,ARMED,5,AVAILABLE,UNAVAILABLE,UNAVAILABLE,17,6,ACTIVE,719,E_P3-A5_AB.NC,E_P3-A5_AB.NC,7,0.000668021,18,0.0005,1630526.627,470753.216,184.4,2412.4458,100,16.93333,16,100,0,2,100,6000.0,4100,1100,3.8,25.3,0.2,8,358.8376438,700,200,3.4,21.8,0.1,4,211.7442093,1200,300,3.6,25.3,0.1,32,-282.739402,1000,300,3.7,28.3,0.1
18.486342,1,AUTO,ARMED,5,AVAILABLE,UNAVAILABLE,UNAVAILABLE,17,6,ACTIVE,719,E_P3-A5_AB.NC,E_P3-A5_AB.NC,7,0.000668021,18,0.0005,1630526.627,470753.216,184.4,2412.4458,100,16.93333,16,100,0,1,100,6000.0,4100,1100,3.8,25.3,0.2,7,357.0977316,700,200,3.4,21.8,0.1,4,211.7442093,1200,300,3.6,25.3,0.1,32,-282.739402,1000,300,3.7,28.3,0.1
18.646209,1,AUTO,ARMED,5,AVAILABLE,UNAVAILABLE,UNAVAILABLE,17,6,ACTIVE,719,E_P3-A5_AB.NC,E_P3-A5_AB.NC,7,0.000668021,18,0.0005,1630526.627,470753.216,184.4,2412.4458,100,16.93333,16,100,0,1,100,6000.0,4100,1100,3.8,25.3,0.2,8,353.6009234,700,200,3.4,21.8,0.1,3,211.7442207,1200,300,3.6,25.3,0.1,32,-282.739402,1000,300,3.7,28.3,0.1
18.801929,1,AUTO,ARMED,5,AVAILABLE,UNAVAILABLE,UNAVAILABLE,17,6,ACTIVE,719,E_P3-A5_AB.NC,E_P3-A5_AB.NC,7,0.000668021,18,0.0005,1630526.627,470753.216,184.4,2412.4458,100,16.93333,16,100,0,1,100,6000.0,4100,1100,3.8,25.3,0.2,8,351.8566995,700,200,3.4,21.8,0.1,3,211.7442093,1200,300,3.6,25.3,0.1,32,-282.739402,1000,300,3.7,28.3,0.1
18.952371,1,AUTO,ARMED,5,AVAILABLE,UNAVAILABLE,UNAVAILABLE,17,6,ACTIVE,719,E_P3-A5_AB.NC,E_P3-A5_AB.NC,7,0.000668021,18,0.0005,1630526.627,470753.216,184.4,2412.4458,100,16.93333,16,100,0,0,100,6000.0,4100,1100,3.8,25.3,0.2,7,348.3642351,700,200,3.4,21.8,0.1,4,211.7442093,1200,300,3.6,25.3,0.1,32,-282.739402,1000,300,3.7,28.3,0.1
19.100653,1,AUTO,ARMED,5,AVAILABLE,UNAVAILABLE,UNAVAILABLE,17,6,ACTIVE,719,E_P3-A5_AB.NC,E_P3-A5_AB.NC,7,0.000668021,18,0.0005,1630526.627,470753.216,184.4,2412.4458,100,16.93333,17,100,0,1,100,6000.0,4100,1100,3.8,25.3,0.2,7,344.880262,700,200,3.4,21.8,0.1,4,211.7441864,1200,300,3.6,25.3,0.1,32,-282.7393791,1000,300,3.7,28.3,0.1
19.248163,1,AUTO,ARMED,5,AVAILABLE,UNAVAILABLE,UNAVAILABLE,17,6,ACTIVE,719,E_P3-A5_AB.NC,E_P3-A5_AB.NC,7,0.000668021,18,0.0005,1630526.627,470753.216,184.4,2412.4458,100,16.93333,17,100,0,0,100,6000.0,4100,1100,3.8,25.3,0.2,6,343.1278558,700,200,3.4,21.8,0.1,4,211.7441978,1200,300,3.6,25.3,0.1,32,-282.739402,1000,300,3.7,28.3,0.1
19.399922,1,AUTO,ARMED,5,AVAILABLE,UNAVAILABLE,UNAVAILABLE,17,6,ACTIVE,719,E_P3-A5_AB.NC,E_P3-A5_AB.NC,7,0.000668021,18,0.0005,1630526.627,470753.216,184.4,2405.771,100,16.93333,17,100,0,0,100,6000.0,4100,1100,3.8,25.3,0.2,8,339.6393509,700,200,3.4,21.8,0.1,4,211.7441864,1200,300,3.6,25.3,0.1,32,-282.739402,1000,300,3.7,28.3,0.1
19.572512,1,AUTO,ARMED,5,AVAILABLE,UNAVAILABLE,UNAVAILABLE,17,6,ACTIVE,719,E_P3-A5_AB.NC,E_P3-A5_AB.NC,7,0.000668021,18,0.0005,1630526.627,470753.216,184.4,2405.771,100,16.93333,17,100,0,0,100,6000.0,4100,1100,3.8,25.3,0.2,8,337.8910645,700,200,3.4,21.8,0.1,4,211.7441978,1200,300,3.6,25.3,0.1,32,-282.739402,1000,300,3.7,28.3,0.1
19.71408,1,AUTO,ARMED,5,AVAILABLE,UNAVAILABLE,UNAVAILABLE,17,6,ACTIVE,719,E_P3-A5_AB.NC,E_P3-A5_AB.NC,7,0.000668021,18,0.0005,1630526.627,470753.216,184.4,2405.771,100,16.93333,17,100,0,0,100,6000.0,4500,1100,4.2,25.3,0.2,7,336.1470009,400,100,4.7,21.8,0.1,4,211.7441978,1000,300,3.4,25.3,0.1,32,-282.739402,1000,300,3.7,28.3,0.1
19.858589,1,AUTO,ARMED,5,AVAILABLE,UNAVAILABLE,UNAVAILABLE,17,6,ACTIVE,719,E_P3-A5_AB.NC,E_P3-A5_AB.NC,7,0.000668021,18,0.0005,1630526.627,470753.216,184.4,2405.771,100,16.93333,17,100,0,2,100,6000.0,4500,1100,4.2,25.3,0.2,7,332.6542618,400,100,4.7,21.8,0.1,4,211.7441978,1000,300,3.4,25.3,0.1,32,-282.7393791,1000,300,3.7,28.3,0.1
20.002741,1,AUTO,ARMED,5,AVAILABLE,UNAVAILABLE,UNAVAILABLE,17,6,ACTIVE,719,E_P3-A5_AB.NC,E_P3-A5_AB.NC,7,0.000668021,18,0.0005,1630526.627,470753.216,184.4,2405.771,100,16.93333,17,100,0,0,100,6000.0,4500,1100,4.2,25.3,0.2,9,329.1661538,400,100,4.7,21.8,0.1,3,211.7442321,1000,300,3.4,25.3,0.1,32,-282.7393905,1000,300,3.7,28.3,0.1
20.149066,1,AUTO,ARMED,5,AVAILABLE,UNAVAILABLE,UNAVAILABLE,17,6,ACTIVE,719,E_P3-A5_AB.NC,E_P3-A5_AB.NC,7,0.000668021,18,0.0005,1630526.627,470753.216,184.4,2405.771,100,16.93333,18,100,0,0,100,6000.0,4500,1100,4.2,25.3,0.2,9,327.4136739,400,100,4.7,21.8,0.1,3,211.7442207,1000,300,3.4,25.3,0.1,32,-282.739402,1000,300,3.7,28.3,0.1
20.288237,1,AUTO,ARMED,5,AVAILABLE,UNAVAILABLE,UNAVAILABLE,17,6,ACTIVE,719,E_P3-A5_AB.NC,E_P3-A5_AB.NC,7,0.000668021,18,0.0005,1630526.627,470753.216,184.4,2405.771,100,16.93333,18,100,0,0,100,6000.0,4500,1100,4.2,25.3,0.2,9,326.5414453,400,100,4.7,21.8,0.1,3,211.7442093,1000,300,3.4,25.3,0.1,32,-282.739402,1000,300,3.7,28.3,0.1
20.435883,1,AUTO,ARMED,5,AVAILABLE,UNAVAILABLE,UNAVAILABLE,17,6,ACTIVE,719,E_P3-A5_AB.NC,E_P3-A5_AB.NC,7,0.000668021,18,0.0005,1630526.627,470753.216,184.4,2405.771,100,16.93333,18,100,0,0,100,6000.0,4500,1100,4.2,25.3,0.2,9,324.79732,400,100,4.7,21.8,0.1,3,211.7442093,1000,300,3.4,25.3,0.1,32,-282.7393905,1000,300,3.7,28.3,0.1
20.577385,1,AUTO,ARMED,5,AVAILABLE,UNAVAILABLE,UNAVAILABLE,17,6,ACTIVE,719,E_P3-A5_AB.NC,E_P3-A5_AB.NC,7,0.000668021,18,0.0005,1630526.627,470753.216,184.4,2032.3553,100,16.93333,18,100,0,2,100,6000.0,4500,1100,4.2,25.3,0.2,9,319.5606523,400,100,4.7,21.8,0.1,3,211.7441978,1000,300,3.4,25.3,0.1,32,-282.739402,1000,300,3.7,28.3,0.1
20.742511,1,AUTO,ARMED,5,AVAILABLE,UNAVAILABLE,UNAVAILABLE,17,6,ACTIVE,719,E_P3-A5_AB.NC,E_P3-A5_AB.NC,7,0.000668021,18,0.0005,1630526.627,470753.216,184.4,2032.3553,100,16.75,18,100,0,0,100,6000.0,4500,1100,4.2,25.3,0.2,8,318.1783257,400,100,4.7,21.8,0.1,3,211.7441978,1000,300,3.4,25.3,0.1,32,-282.739402,1000,300,3.7,28.3,0.1
20.900533,1,AUTO,ARMED,5,AVAILABLE,UNAVAILABLE,UNAVAILABLE,18,6,ACTIVE,719,E_P3-A5_AB.NC,E_P3-A5_AB.NC,7,0.000668021,18,0.0005,1630526.627,470753.216,184.4,2032.3553,100,0.0,18,100,0,0,100,6000.0,4500,1100,4.2,25.3,0.2,7,318.1679225,400,100,4.7,21.8,0.1,3,211.7441978,1000,300,3.4,25.3,0.1,32,-282.739402,1000,300,3.7,28.3,0.1
21.048748,1,AUTO,ARMED,5,AVAILABLE,UNAVAILABLE,UNAVAILABLE,18,6,ACTIVE,719,E_P3-A5_AB.NC,E_P3-A5_AB.NC,7,0.000668021,18,0.0005,1630526.627,470753.216,184.4,2032.3553,100,0.0,18,100,0,0,100,6000.0,2200,500,4.1,25.3,0.2,7,318.1679569,200,100,3.8,21.8,0.0,3,211.7441978,900,300,3.0,25.3,0.1,32,-282.739402,400,100,3.4,28.3,0.1
21.192666,1,AUTO,ARMED,5,AVAILABLE,UNAVAILABLE,UNAVAILABLE,18,6,ACTIVE,719,E_P3-A5_AB.NC,E_P3-A5_AB.NC,7,0.000668021,18,0.0005,1630526.627,470753.216,184.4,2032.3553,100,0.0,19,100,0,1,100,6000.0,2200,500,4.1,25.3,0.2,6,318.1679912,200,100,3.8,21.8,0.0,3,211.7441978,900,300,3.0,25.3,0.1,32,-282.7393905,400,100,3.4,28.3,0.1
21.332455,1,AUTO,ARMED,5,AVAILABLE,UNAVAILABLE,UNAVAILABLE,18,6,ACTIVE,719,E_P3-A5_AB.NC,E_P3-A5_AB.NC,7,0.000668021,18,0.0005,1630526.627,470753.216,184.4,2032.3553,100,0.0,19,100,0,1,100,6000.0,2200,500,4.1,25.3,0.2,6,318.1679912,200,100,3.8,21.8,0.0,3,211.7442093,900,300,3.0,25.3,0.1,32,-282.7393905,400,100,3.4,28.3,0.1
21.487655,1,AUTO,ARMED,5,AVAILABLE,UNAVAILABLE,UNAVAILABLE,18,6,ACTIVE,719,E_P3-A5_AB.NC,E_P3-A5_AB.NC,7,0.000668021,18,0.0005,1630526.627,470753.216,184.4,2032.3553,100,0.0,19,100,0,1,100,6000.0,2200,500,4.1,25.3,0.2,6,318.1679912,200,100,3.8,21.8,0.0,3,211.7441978,900,300,3.0,25.3,0.1,32,-282.7393905,400,100,3.4,28.3,0.1
21.632787,1,AUTO,ARMED,5,AVAILABLE,UNAVAILABLE,UNAVAILABLE,18,6,ACTIVE,719,E_P3-A5_AB.NC,E_P3-A5_AB.NC,7,0.000668021,18,0.0005,1630526.627,470753.216,184.4,8688.8359,100,0.0,19,100,0,0,100,6000.0,2200,500,4.1,25.3,0.2,6,318.1679912,200,100,3.8,21.8,0.0,3,211.7441978,900,300,3.0,25.3,0.1,32,-282.7394134,400,100,3.4,28.3,0.1
21.772807,1,AUTO,ARMED,5,AVAILABLE,UNAVAILABLE,UNAVAILABLE,19,6,ACTIVE,719,E_P3-A5_AB.NC,E_P3-A5_AB.NC,7,0.000668021,18,0.0005,1630526.627,470753.216,184.4,8688.8359,100,0.0,19,100,0,0,100,6000.0,2200,500,4.1,25.3,0.2,6,318.1680026,200,100,3.8,21.8,0.0,3,211.7441978,900,300,3.0,25.3,0.1,32,-282.739402,400,100,3.4,28.3,0.1
21.92654,1,AUTO,ARMED,5,AVAILABLE,UNAVAILABLE,UNAVAILABLE,20,6,ACTIVE,719,E_P3-A5_AB.NC,E_P3-A5_AB.NC,7,0.000668021,18,0.0005,1630526.627,470753.216,184.4,8688.8359,100,0.0,19,100,0,13,100,6000.0,2200,500,4.1,25.3,0.2,6,318.1680026,200,100,3.8,21.8,0.0,3,211.7442093,900,300,3.0,25.3,0.1,32,-282.7394134,400,100,3.4,28.3,0.1
22.089678,1,AUTO,ARMED,5,AVAILABLE,UNAVAILABLE,UNAVAILABLE,20,6,ACTIVE,719,E_P3-A5_AB.NC,E_P3-A5_AB.NC,7,0.000668021,18,0.0005,1630526.627,470753.216,184.4,8688.8359,100,0.0,19,100,0,13,100,6500.0,2200,500,4.1,25.3,0.2,6,318.1680026,200,100,3.8,21.8,0.0,3,211.7441978,900,300,3.0,25.3,0.1,32,-282.7393905,400,100,3.4,28.3,0.1
22.262496,1,AUTO,ARMED,5,AVAILABLE,UNAVAILABLE,UNAVAILABLE,21,6,ACTIVE,719,E_P3-A5_AB.NC,E_P3-A5_AB.NC,7,0.000668021,18,0.0005,1630526.627,470753.216,184.4,8688.8359,100,0.0,20,100,0,13,100,6500.0,2200,500,4.1,25.3,0.2,6,318.1679912,200,100,3.8,21.8,0.0,1,212.0618555,900,300,3.0,25.3,0.1,32,-282.739402,400,100,3.4,28.3,0.1
22.418716,1,AUTO,ARMED,5,AVAILABLE,UNAVAILABLE,UNAVAILABLE,21,6,ACTIVE,719,E_P3-A5_AB.NC,E_P3-A5_AB.NC,7,0.000668021,18,0.0005,1630526.627,470753.216,184.4,8688.8359,100,0.0,20,100,0,13,100,6500.0,2200,500,4.1,25.3,0.2,6,318.1680026,200,100,3.8,21.8,0.0,1,212.0616495,900,300,3.0,25.3,0.1,32,-282.739402,400,100,3.4,28.3,0.1
22.561583,1,AUTO,ARMED,5,AVAILABLE,UNAVAILABLE,UNAVAILABLE,21,6,ACTIVE,719,E_P3-A5_AB.NC,E_P3-A5_AB.NC,7,0.000668021,18,0.0005,1630526.627,470753.216,184.4,8688.8359,100,0.0,20,100,0,2,100,6500.0,2200,500,4.1,25.3,0.2,6,318.1680026,200,100,3.8,21.8,0.0,1,212.0616609,900,300,3.0,25.3,0.1,32,-282.739402,400,100,3.4,28.3,0.1
22.705138,1,AUTO,ARMED,5,AVAILABLE,UNAVAILABLE,UNAVAILABLE,21,6,ACTIVE,719,E_P3-A5_AB.NC,E_P3-A5_AB.NC,7,0.000668021,18,0.0005,1630526.627,470753.216,184.4,2189.6963,100,0.0,20,100,0,1,100,6500.0,2200,500,4.1,25.3,0.2,6,318.1680026,200,100,3.8,21.8,0.0,1,212.0616838,900,300,3.0,25.3,0.1,32,-282.739402,400,100,3.4,28.3,0.1
22.845265,1,AUTO,ARMED,5,AVAILABLE,UNAVAILABLE,UNAVAILABLE,21,6,ACTIVE,719,E_P3-A5_AB.NC,E_P3-A5_AB.NC,7,0.000668021,18,0.0005,1630526.627,470753.216,184.4,2189.6963,100,0.0,20,100,0,2,100,6500.0,3600,800,4.7,25.3,0.2,6,318.1679912,400,100,4.1,21.8,0.1,0,212.0616952,1100,300,3.7,25.3,0.1,32,-282.7394134,500,100,3.3,28.3,0.2
22.991444,1,AUTO,ARMED,5,AVAILABLE,UNAVAILABLE,UNAVAILABLE,21,6,ACTIVE,719,E_P3-A5_AB.NC,E_P3-A5_AB.NC,7,0.000668021,18,0.0005,1630526.627,470753.216,184.4,2189.6963,100,0.0,20,100,0,2,100,6500.0,3600,800,4.7,25.3,0.2,6,318.1680026,400,100,4.1,21.8,0.1,0,212.0616952,1100,300,3.7,25.3,0.1,32,-282.7394134,500,100,3.3,28.3,0.2
23.150248,1,AUTO,ARMED,5,AVAILABLE,UNAVAILABLE,UNAVAILABLE,21,6,ACTIVE,719,E_P3-A5_AB.NC,E_P3-A5_AB.NC,7,0.000668021,18,0.0005,1630526.627,470753.216,184.4,2189.6963,100,0.0,21,100,0,1,100,6500.0,3600,800,4.7,25.3,0.2,6,318.1679912,400,100,4.1,21.8,0.1,0,212.0616952,1100,300,3.7,25.3,0.1,32,-282.7393905,500,100,3.3,28.3,0.2
23.309341,1,AUTO,ARMED,5,AVAILABLE,UNAVAILABLE,UNAVAILABLE,22,6,ACTIVE,719,E_P3-A5_AB.NC,E_P3-A5_AB.NC,7,0.000668021,18,0.0005,1630526.627,470753.216,184.4,2189.6963,100,0.0,21,100,0,0,100,6500.0,3600,800,4.7,25.3,0.2,9,319.4167086,400,100,4.1,21.8,0.1,0,212.0616952,1100,300,3.7,25.3,0.1,32,-282.7393905,500,100,3.3,28.3,0.2
23.457324,1,AUTO,ARMED,5,AVAILABLE,UNAVAILABLE,UNAVAILABLE,22,6,ACTIVE,719,E_P3-A5_AB.NC,E_P3-A5_AB.NC,7,0.000668021,18,0.0005,1630526.627,470753.216,184.4,2189.6963,100,16.93333,21,100,0,1,100,6500.0,3600,800,4.7,25.3,0.2,9,322.9044178,400,100,4.1,21.8,0.1,0,212.0616952,1100,300,3.7,25.3,0.1,32,-282.7393791,500,100,3.3,28.3,0.2
23.601976,1,AUTO,ARMED,5,AVAILABLE,UNAVAILABLE,UNAVAILABLE,22,6,ACTIVE,719,E_P3-A5_AB.NC,E_P3-A5_AB.NC,7,0.000668021,18,0.0005,1630526.627,470753.216,184.4,2189.6963,100,16.93333,21,100,0,2,100,6500.0,3600,800,4.7,25.3,0.2,10,326.4013742,400,100,4.1,21.8,0.1,0,212.0616952,1100,300,3.7,25.3,0.1,32,-282.7393905,500,100,3.3,28.3,0.2
23.749457,1,AUTO,ARMED,5,AVAILABLE,UNAVAILABLE,UNAVAILABLE,22,6,ACTIVE,719,E_P3-A5_AB.NC,E_P3-A5_AB.NC,7,0.000668021,18,0.0005,1630526.627,470753.216,184.4,2565.7532,100,16.93333,21,100,0,2,100,6500.0,3600,800,4.7,25.3,0.2,10,328.1457152,400,100,4.1,21.8,0.1,0,212.0616952,1100,300,3.7,25.3,0.1,32,-282.739402,500,100,3.3,28.3,0.2
23.890743,1,AUTO,ARMED,5,AVAILABLE,UNAVAILABLE,UNAVAILABLE,22,6,ACTIVE,719,E_P3-A5_AB.NC,E_P3-A5_AB.NC,7,0.000668021,18,0.0005,1630526.627,470753.216,184.4,2565.7532,100,16.93333,21,100,0,2,100,6500.0,3600,800,4.7,25.3,0.2,10,329.8976782,400,100,4.1,21.8,0.1,0,212.0616609,1100,300,3.7,25.3,0.1,32,-282.7393791,500,100,3.3,28.3,0.2
24.034824,1,AUTO,ARMED,5,AVAILABLE,UNAVAILABLE,UNAVAILABLE,22,6,ACTIVE,719,E_P3-A5_AB.NC,E_P3-A5_AB.NC,7,0.000668021,18,0.0005,1630526.627,470753.216,184.4,2565.7532,100,16.93333,21,100,0,2,100,6500.0,3600,800,4.7,25.3,0.2,10,331.6378814,400,100,4.1,21.8,0.1,0,212.0615923,1100,300,3.7,25.3,0.1,32,-282.7394134,500,100,3.3,28.3,0.2
24.178965,1,AUTO,ARMED,5,AVAILABLE,UNAVAILABLE,UNAVAILABLE,22,6,ACTIVE,719,E_P3-A5_AB.NC,E_P3-A5_AB.NC,7,0.000668021,18,0.0005,1630526.627,470753.216,184.4,2565.7532,100,16.93333,22,100,0,1,100,6500.0,3600,800,4.7,25.3,0.2,11,334.2586109,400,100,4.1,21.8,0.1,0,212.0616724,1100,300,3.7,25.3,0.1,32,-282.7393905,500,100,3.3,28.3,0.2
24.333098,1,AUTO,ARMED,5,AVAILABLE,UNAVAILABLE,UNAVAILABLE,22,6,ACTIVE,719,E_P3-A5_AB.NC,E_P3-A5_AB.NC,7,0.000668021,18,0.0005,1630526.627,470753.216,184.4,2565.7532,100,16.93333,22,100,0,1,100,6500.0,3600,800,4.7,25.3,0.2,11,336.0065726,400,100,4.1,21.8,0.1,0,212.0616609,1100,300,3.7,25.3,0.1,32,-282.7393905,500,100,3.3,28.3,0.2
24.481495,1,AUTO,ARMED,5,AVAILABLE,UNAVAILABLE,UNAVAILABLE,22,6,ACTIVE,719,E_P3-A5_AB.NC,E_P3-A5_AB.NC,7,0.000668021,18,0.0005,1630526.627,470753.216,184.4,2565.7532,100,16.93333,22,100,0,3,100,6500.0,4900,1100,4.5,25.3,0.2,11,341.2436257,600,200,3.1,21.8,0.1,0,212.0617181,1300,400,3.5,25.3,0.1,32,-282.7394134,1500,400,3.9,28.3,0.1
24.624754,1,AUTO,ARMED,5,AVAILABLE,UNAVAILABLE,UNAVAILABLE,22,6,ACTIVE,719,E_P3-A5_AB.NC,E_P3-A5_AB.NC,7,0.000668021,18,0.0005,1630526.627,470753.216,184.4,2565.7532,100,16.93333,22,100,0,3,100,6500.0,4900,1100,4.5,25.3,0.2,11,342.9874446,600,200,3.1,21.8,0.1,0,212.0616952,1300,400,3.5,25.3,0.1,32,-282.7393905,1500,400,3.9,28.3,0.1
24.764895,1,AUTO,ARMED,5,AVAILABLE,UNAVAILABLE,UNAVAILABLE,22,6,ACTIVE,719,E_P3-A5_AB.NC,E_P3-A5_AB.NC,7,0.000668021,18,0.0005,1630526.627,470753.216,184.4,2565.7532,100,16.93333,22,100,0,1,100,6500.0,4900,1100,4.5,25.3,0.2,12,344.7315268,600,200,3.1,21.8,0.1,0,212.0616838,1300,400,3.5,25.3,0.1,32,-282.739402,1500,400,3.9,28.3,0.1
24.908021,1,AUTO,ARMED,5,AVAILABLE,UNAVAILABLE,UNAVAILABLE,22,6,ACTIVE,719,E_P3-A5_AB.NC,E_P3-A5_AB.NC,7,0.000668021,18,0.0005,1630526.627,470753.216,184.4,2595.7249,100,16.93333,22,100,0,1,100,6500.0,4900,1100,4.5,25.3,0.2,12,346.475609,600,200,3.1,21.8,0.1,0,212.0616838,1300,400,3.5,25.3,0.1,32,-282.7393905,1500,400,3.9,28.3,0.1
25.049782,1,AUTO,ARMED,5,AVAILABLE,UNAVAILABLE,UNAVAILABLE,22,6,ACTIVE,719,E_P3-A5_AB.NC,E_P3-A5_AB.NC,7,0.000668021,18,0.0005,1630526.627,470753.216,184.4,2595.7249,100,16.93333,22,100,0,0,100,6500.0,4900,1100,4.5,25.3,0.2,12,349.9683624,600,200,3.1,21.8,0.1,0,212.0617067,1300,400,3.5,25.3,0.1,32,-282.739402,1500,400,3.9,28.3,0.1
25.198508,1,AUTO,ARMED,5,AVAILABLE,UNAVAILABLE,UNAVAILABLE,22,6,ACTIVE,719,E_P3-A5_AB.NC,E_P3-A5_AB.NC,7,0.000668021,18,0.0005,1630526.627,470753.216,184.4,2595.7249,100,16.93333,23,100,0,0,100,6500.0,4900,1100,4.5,25.3,0.2,12,353.4609327,600,200,3.1,21.8,0.1,0,212.0617067,1300,400,3.5,25.3,0.1,32,-282.7394134,1500,400,3.9,28.3,0.1
25.342676,1,AUTO,ARMED,5,AVAILABLE,UNAVAILABLE,UNAVAILABLE,22,6,ACTIVE,719,E_P3-A5_AB.NC,E_P3-A5_AB.NC,7,0.000668021,18,0.0005,1630526.627,470753.216,184.4,2595.7249,100,16.93333,23,100,0,1,100,6500.0,4900,1100,4.5,25.3,0.2,11,355.2049119,600,200,3.1,21.8,0.1,0,212.0616952,1300,400,3.5,25.3,0.1,32,-282.739402,1500,400,3.9,28.3,0.1
25.499941,1,AUTO,ARMED,5,AVAILABLE,UNAVAILABLE,UNAVAILABLE,22,6,ACTIVE,719,E_P3-A5_AB.NC,E_P3-A5_AB.NC,7,0.000668021,18,0.0005,1630526.627,470753.216,184.4,2595.7249,100,16.93333,23,100,0,1,100,6500.0,4900,1100,4.5,25.3,0.2,11,356.9491165,600,200,3.1,21.8,0.1,0,212.0616838,1300,400,3.5,25.3,0.1,32,-282.7393905,1500,400,3.9,28.3,0.1
25.641029,1,AUTO,ARMED,5,AVAILABLE,UNAVAILABLE,UNAVAILABLE,22,6,ACTIVE,719,E_P3-A5_AB.NC,E_P3-A5_AB.NC,7,0.000668021,18,0.0005,1630526.627,470753.216,184.4,2595.7249,100,16.93333,23,100,0,1,100,6500.0,4900,1100,4.5,25.3,0.2,11,358.7015711,600,200,3.1,21.8,0.1,0,212.0617067,1300,400,3.5,25.3,0.1,32,-282.739402,1500,400,3.9,28.3,0.1
25.786091,1,AUTO,ARMED,5,AVAILABLE,UNAVAILABLE,UNAVAILABLE,22,6,ACTIVE,719,E_P3-A5_AB.NC,E_P3-A5_AB.NC,7,0.000668021,18,0.0005,1630526.627,470753.216,184.4,2595.7249,100,16.93333,23,100,0,2,100,6500.0,3800,1100,3.5,25.3,0.2,11,362.1899782,800,300,3.1,21.8,0.1,0,212.0617181,1400,400,4.0,25.3,0.1,32,-282.7393905,1500,400,3.5,28.3,0.1
25.970999,1,AUTO,ARMED,5,AVAILABLE,UNAVAILABLE,UNAVAILABLE,22,6,ACTIVE,719,E_P3-A5_AB.NC,E_P3-A5_AB.NC,7,0.000668021,18,0.0005,1630526.627,470753.216,184.4,2593.2788,100,16.93333,23,100,0,2,100,6500.0,3800,1100,3.5,25.3,0.2,11,363.938313,800,300,3.1,21.8,0.1,0,212.0616952,1400,400,4.0,25.3,0.1,32,-282.7393905,1500,400,3.5,28.3,0.1
26.116111,1,AUTO,ARMED,5,AVAILABLE,UNAVAILABLE,UNAVAILABLE,22,6,ACTIVE,719,E_P3-A5_AB.NC,E_P3-A5_AB.NC,7,0.000668021,18,0.0005,1630526.627,470753.216,184.4,2593.2788,100,16.93333,24,100,0,2,100,6500.0,3800,1100,3.5,25.3,0.2,10,368.2986616,800,300,3.1,21.8,0.1,0,212.0617067,1400,400,4.0,25.3,0.1,32,-282.7393905,1500,400,3.5,28.3,0.1
26.254823,1,AUTO,ARMED,5,AVAILABLE,UNAVAILABLE,UNAVAILABLE,22,6,ACTIVE,719,E_P3-A5_AB.NC,E_P3-A5_AB.NC,7,0.000668021,18,0.0005,1630526.627,470753.216,184.4,2593.2788,100,16.93333,24,100,0,1,100,6500.0,3800,1100,3.5,25.3,0.2,11,370.0512536,800,300,3.1,21.8,0.1,0,212.0616838,1400,400,4.0,25.3,0.1,32,-282.7393791,1500,400,3.5,28.3,0.1
26.395154,1,AUTO,ARMED,5,AVAILABLE,UNAVAILABLE,UNAVAILABLE,22,6,ACTIVE,719,E_P3-A5_AB.NC,E_P3-A5_AB.NC,7,0.000668021,18,0.0005,1630526.627,470753.216,184.4,2593.2788,100,16.93333,24,100,0,1,100,6500.0,3800,1100,3.5,25.3,0.2,11,371.7951253,800,300,3.1,21.8,0.1,0,212.0616838,1400,400,4.0,25.3,0.1,32,-282.739402,1500,400,3.5,28.3,0.1
26.53957,1,AUTO,ARMED,5,AVAILABLE,UNAVAILABLE,UNAVAILABLE,22,6,ACTIVE,719,E_P3-A5_AB.NC,E_P3-A5_AB.NC,7,0.000668021,18,0.0005,1630526.627,470753.216,184.4,2593.2788,100,16.93333,24,100,0,1,100,6500.0,3800,1100,3.5,25.3,0.2,11,375.2878353,800,300,3.1,21.8,0.1,0,212.0617067,1400,400,4.0,25.3,0.1,32,-282.739402,1500,400,3.5,28.3,0.1
26.686453,1,AUTO,ARMED,5,AVAILABLE,UNAVAILABLE,UNAVAILABLE,22,6,ACTIVE,719,E_P3-A5_AB.NC,E_P3-A5_AB.NC,7,0.000668021,18,0.0005,1630526.627,470753.216,184.4,2593.2788,100,16.93333,24,100,0,1,100,6500.0,3800,1100,3.5,25.3,0.2,12,377.0320731,800,300,3.1,21.8,0.1,0,212.0617181,1400,400,4.0,25.3,0.1,32,-282.739402,1500,400,3.5,28.3,0.1
26.840502,1,AUTO,ARMED,5,AVAILABLE,UNAVAILABLE,UNAVAILABLE,22,6,ACTIVE,719,E_P3-A5_AB.NC,E_P3-A5_AB.NC,7,0.000668021,18,0.0005,1630526.627,470753.216,184.4,2593.2788,100,16.93333,24,100,0,1,100,6500.0,3800,1100,3.5,25.3,0.2,12,378.7761622,800,300,3.1,21.8,0.1,0,212.0616952,1400,400,4.0,25.3,0.1,32,-282.7393905,1500,400,3.5,28.3,0.1
26.98537,1,AUTO,ARMED,5,AVAILABLE,UNAVAILABLE,UNAVAILABLE,22,6,ACTIVE,719,E_P3-A5_AB.NC,E_P3-A5_AB.NC,7,0.000668021,18,0.0005,1630526.627,470753.216,184.4,2593.2788,100,16.93333,24,100,0,1,100,6500.0,3800,1100,3.5,25.3,0.2,11,380.5285024,800,300,3.1,21.8,0.1,0,212.0616838,1400,400,4.0,25.3,0.1,32,-282.7393905,1500,400,3.5,28.3,0.1
27.129818,1,AUTO,ARMED,5,AVAILABLE,UNAVAILABLE,UNAVAILABLE,22,6,ACTIVE,719,E_P3-A5_AB.NC,E_P3-A5_AB.NC,7,0.000668021,18,0.0005,1630526.627,470753.216,184.4,2195.4409,100,16.93333,25,100,0,1,100,6500.0,3800,1100,3.5,25.3,0.2,11,385.7572189,800,300,3.1,21.8,0.1,0,212.0617181,1400,400,4.0,25.3,0.1,32,-282.739402,1500,400,3.5,28.3,0.1
27.273689,1,AUTO,ARMED,5,AVAILABLE,UNAVAILABLE,UNAVAILABLE,22,6,ACTIVE,719,E_P3-A5_AB.NC,E_P3-A5_AB.NC,7,0.000668021,18,0.0005,1630526.627,470753.216,184.4,2195.4409,100,16.93333,25,100,0,1,100,6500.0,3800,1100,3.5,25.3,0.2,9,387.5095604,800,300,3.1,21.8,0.1,0,212.061741,1400,400,4.0,25.3,0.1,32,-282.739402,1500,400,3.5,28.3,0.1
27.422897,1,AUTO,ARMED,5,AVAILABLE,UNAVAILABLE,UNAVAILABLE,22,6,ACTIVE,719,E_P3-A5_AB.NC,E_P3-A5_AB.NC,7,0.000668021,18,0.0005,1630526.627,470753.216,184.4,2195.4409,100,16.93333,25,100,0,1,100,6500.0,3800,1100,3.5,25.3,0.2,9,389.2537532,800,300,3.1,21.8,0.1,0,212.0617296,1400,400,4.0,25.3,0.1,32,-282.7393905,1500,400,3.5,28.3,0.1
27.561618,1,AUTO,ARMED,5,AVAILABLE,UNAVAILABLE,UNAVAILABLE,22,6,ACTIVE,719,E_P3-A5_AB.NC,E_P3-A5_AB.NC,7,0.000668021,18,0.0005,1630526.627,470753.216,184.4,2195.4409,100,16.93333,25,100,0,0,100,6500.0,3800,800,4.6,25.3,0.2,9,390.9976942,300,100,4.1,21.8,0.1,0,212.0617067,1100,300,3.1,25.3,0.1,32,-282.739402,500,100,3.2,28.3,0.2
27.704027,1,AUTO,ARMED,5,AVAILABLE,UNAVAILABLE,UNAVAILABLE,22,6,ACTIVE,719,E_P3-A5_AB.NC,E_P3-A5_AB.NC,7,0.000668021,18,0.0005,1630526.627,470753.216,184.4,2195.4409,100,16.93333,25,100,0,2,100,6500.0,3800,800,4.6,25.3,0.2,9,394.490177,300,100,4.1,21.8,0.1,0,212.0617067,1100,300,3.1,25.3,0.1,32,-282.7394134,500,100,3.2,28.3,0.2
27.85482,1,AUTO,ARMED,5,AVAILABLE,UNAVAILABLE,UNAVAILABLE,22,6,ACTIVE,719,E_P3-A5_AB.NC,E_P3-A5_AB.NC,7,0.000668021,18,0.0005,1630526.627,470753.216,184.4,2195.4409,100,16.93333,25,100,0,2,100,6500.0,3800,800,4.6,25.3,0.2,9,397.1063689,300,100,4.1,21.8,0.1,0,212.0617067,1100,300,3.1,25.3,0.1,32,-282.739402,500,100,3.2,28.3,0.2
27.999051,1,AUTO,ARMED,5,AVAILABLE,UNAVAILABLE,UNAVAILABLE,22,6,ACTIVE,719,E_P3-A5_AB.NC,E_P3-A5_AB.NC,7,0.000668021,18,0.0005,1630526.627,470753.216,184.4,2195.4409,100,16.93333,25,100,0,0,100,6500.0,3800,800,4.6,25.3,0.2,9,398.8590881,300,100,4.1,21.8,0.1,0,212.0616952,1100,300,3.1,25.3,0.1,32,-282.739402,500,100,3.2,28.3,0.2
28.14583,1,AUTO,ARMED,5,AVAILABLE,UNAVAILABLE,UNAVAILABLE,23,6,ACTIVE,719,E_P3-A5_AB.NC,E_P3-A5_AB.NC,7,0.000668021,18,0.0005,1630526.627,470753.216,184.4,2163.2961,100,0.0,26,100,0,1,100,6500.0,3800,800,4.6,25.3,0.2,5,399.9556135,300,100,4.1,21.8,0.1,0,212.0616952,1100,300,3.1,25.3,0.1,32,-282.7393791,500,100,3.2,28.3,0.2
28.300624,1,AUTO,ARMED,5,AVAILABLE,UNAVAILABLE,UNAVAILABLE,23,6,ACTIVE,719,E_P3-A5_AB.NC,E_P3-A5_AB.NC,7,0.000668021,18,0.0005,1630526.627,470753.216,184.4,2163.2961,100,0.0,26,100,0,1,100,6500.0,3800,800,4.6,25.3,0.2,5,399.9559454,300,100,4.1,21.8,0.1,0,212.0617067,1100,300,3.1,25.3,0.1,32,-282.739402,500,100,3.2,28.3,0.2
28.447752,1,AUTO,ARMED,5,AVAILABLE,UNAVAILABLE,UNAVAILABLE,23,6,ACTIVE,719,E_P3-A5_AB.NC,E_P3-A5_AB.NC,7,0.000668021,18,0.0005,1630526.627,470753.216,184.4,2163.2961,100,0.0,26,100,0,0,100,6500.0,3800,800,4.6,25.3,0.2,7,399.956014,300,100,4.1,21.8,0.1,0,212.0616952,1100,300,3.1,25.3,0.1,32,-282.739402,500,100,3.2,28.3,0.2
28.591059,1,AUTO,ARMED,5,AVAILABLE,UNAVAILABLE,UNAVAILABLE,23,6,ACTIVE,719,E_P3-A5_AB.NC,E_P3-A5_AB.NC,7,0.000668021,18,0.0005,1630526.627,470753.216,184.4,2163.2961,100,0.0,26,100,0,2,100,6500.0,3800,800,4.6,25.3,0.2,6,399.956014,300,100,4.1,21.8,0.1,0,212.0617067,1100,300,3.1,25.3,0.1,32,-282.7393905,500,100,3.2,28.3,0.2
28.729942,1,AUTO,ARMED,5,AVAILABLE,UNAVAILABLE,UNAVAILABLE,23,6,ACTIVE,719,E_P3-A5_AB.NC,E_P3-A5_AB.NC,7,0.000668021,18,0.0005,1630526.627,470753.216,184.4,2163.2961,100,0.0,26,100,0,2,100,6500.0,3800,800,4.6,25.3,0.2,6,399.956014,300,100,4.1,21.8,0.1,0,212.0616952,1100,300,3.1,25.3,0.1,32,-282.7393905,500,100,3.2,28.3,0.2
28.874536,1,AUTO,ARMED,5,AVAILABLE,UNAVAILABLE,UNAVAILABLE,23,6,ACTIVE,719,E_P3-A5_AB.NC,E_P3-A5_AB.NC,7,0.000668021,18,0.0005,1630526.627,470753.216,184.4,2163.2961,100,0.0,26,100,0,0,100,6500.0,3800,800,4.6,25.3,0.2,6,399.9560026,300,100,4.1,21.8,0.1,0,212.0616952,1100,300,3.1,25.3,0.1,32,-282.7393905,500,100,3.2,28.3,0.2
29.039924,1,AUTO,ARMED,5,AVAILABLE,UNAVAILABLE,UNAVAILABLE,23,6,ACTIVE,719,E_P3-A5_AB.NC,E_P3-A5_AB.NC,7,0.000668021,18,0.0005,1630526.627,470753.216,184.4,2163.2961,100,0.0,26,100,0,0,100,6500.0,4100,800,5.0,25.3,0.2,6,399.9560026,700,100,5.6,21.8,0.1,0,212.083186,2800,1400,2.0,25.3,0.1,32,-282.739402,500,200,3.2,28.3,0.2
29.197315,1,AUTO,ARMED,5,AVAILABLE,UNAVAILABLE,UNAVAILABLE,25,6,ACTIVE,719,E_P3-A5_AB.NC,E_P3-A5_AB.NC,7,0.000668021,18,0.0005,1630526.627,470753.216,184.4,2197.7114,100,0.0,27,100,0,0,100,6500.0,4100,800,5.0,25.3,0.2,9,398.9805649,700,100,5.6,21.8,0.1,3,212.3788379,2800,1400,2.0,25.3,0.1,32,-282.7394134,500,200,3.2,28.3,0.2
29.345876,1,AUTO,ARMED,5,AVAILABLE,UNAVAILABLE,UNAVAILABLE,25,6,ACTIVE,719,E_P3-A5_AB.NC,E_P3-A5_AB.NC,7,0.000668021,18,0.0005,1630526.627,470753.216,184.4,2197.7114,100,16.93333,27,100,0,2,100,6500.0,4100,800,5.0,25.3,0.2,10,395.4897159,700,100,5.6,21.8,0.1,5,212.3791812,2800,1400,2.0,25.3,0.1,32,-282.739402,500,200,3.2,28.3,0.2
29.494965,1,AUTO,ARMED,5,AVAILABLE,UNAVAILABLE,UNAVAILABLE,25,6,ACTIVE,719,E_P3-A5_AB.NC,E_P3-A5_AB.NC,7,0.000668021,18,0.0005,1630526.627,470753.216,184.4,2197.7114,100,16.93333,27,100,0,2,100,6500.0,4100,800,5.0,25.3,0.2,10,393.7455961,700,100,5.6,21.8,0.1,5,212.3792156,2800,1400,2.0,25.3,0.1,32,-282.739402,500,200,3.2,28.3,0.2
29.642381,1,AUTO,ARMED,5,AVAILABLE,UNAVAILABLE,UNAVAILABLE,25,6,ACTIVE,719,E_P3-A5_AB.NC,E_P3-A5_AB.NC,7,0.000668021,18,0.0005,1630526.627,470753.216,184.4,2197.7114,100,16.93333,27,100,0,2,100,6500.0,4100,800,5.0,25.3,0.2,10,391.9930644,700,100,5.6,21.8,0.1,5,212.379227,2800,1400,2.0,25.3,0.1,32,-282.739402,500,200,3.2,28.3,0.2
29.780888,1,AUTO,ARMED,5,AVAILABLE,UNAVAILABLE,UNAVAILABLE,25,6,ACTIVE,719,E_P3-A5_AB.NC,E_P3-A5_AB.NC,7,0.000668021,18,0.0005,1630526.627,470753.216,184.4,2197.7114,100,16.93333,27,100,0,2,100,6500.0,4100,800,5.0,25.3,0.2,10,390.2487157,700,100,5.6,21.8,0.1,5,212.3792156,2800,1400,2.0,25.3,0.1,32,-282.739402,500,200,3.2,28.3,0.2
29.919187,1,AUTO,ARMED,5,AVAILABLE,UNAVAILABLE,UNAVAILABLE,25,6,ACTIVE,719,E_P3-A5_AB.NC,E_P3-A5_AB.NC,7,0.000668021,18,0.0005,1630526.627,470753.216,184.4,2197.7114,100,16.93333,27,100,0,0,100,6500.0,4100,800,5.0,25.3,0.2,9,385.8841988,700,100,5.6,21.8,0.1,4,212.3791583,2800,1400,2.0,25.3,0.1,32,-282.739402,500,200,3.2,28.3,0.2
30.149021,1,AUTO,ARMED,5,AVAILABLE,UNAVAILABLE,UNAVAILABLE,25,6,ACTIVE,719,E_P3-A5_AB.NC,E_P3-A5_AB.NC,7,0.000668021,18,0.0005,1630526.627,470753.216,184.4,2197.7114,100,16.93333,28,100,0,0,100,6500.0,4100,800,5.0,25.3,0.2,7,382.3960165,700,100,5.6,21.8,0.1,5,212.3792156,2800,1400,2.0,25.3,0.1,32,-282.739402,500,200,3.2,28.3,0.2
30.292433,1,AUTO,ARMED,5,AVAILABLE,UNAVAILABLE,UNAVAILABLE,25,6,ACTIVE,719,E_P3-A5_AB.NC,E_P3-A5_AB.NC,7,0.000668021,18,0.0005,1630526.627,470753.216,184.4,2547.5371,100,16.93333,28,100,0,0,100,6500.0,4100,800,5.0,25.3,0.2,7,380.6476861,700,100,5.6,21.8,0.1,5,212.3792156,2800,1400,2.0,25.3,0.1,32,-282.7393905,500,200,3.2,28.3,0.2
30.438721,1,AUTO,ARMED,5,AVAILABLE,UNAVAILABLE,UNAVAILABLE,25,6,ACTIVE,719,E_P3-A5_AB.NC,E_P3-A5_AB.NC,7,0.000668021,18,0.0005,1630526.627,470753.216,184.4,2547.5371,100,16.93333,28,100,0,0,100,6500.0,4100,800,5.0,25.3,0.2,7,378.9037571,700,100,5.6,21.8,0.1,5,212.3791927,2800,1400,2.0,25.3,0.1,32,-282.7393905,500,200,3.2,28.3,0.2
30.578815,1,AUTO,ARMED,5,AVAILABLE,UNAVAILABLE,UNAVAILABLE,25,6,ACTIVE,719,E_P3-A5_AB.NC,E_P3-A5_AB.NC,7,0.000668021,18,0.0005,1630526.627,470753.216,184.4,2547.5371,100,16.93333,28,100,0,2,100,6500.0,4100,800,5.0,25.3,0.2,6,375.4111268,700,100,5.6,21.8,0.1,5,212.3791927,2800,1400,2.0,25.3,0.1,32,-282.7393905,500,200,3.2,28.3,0.2
30.723819,1,AUTO,ARMED,5,AVAILABLE,UNAVAILABLE,UNAVAILABLE,25,6,ACTIVE,719,E_P3-A5_AB.NC,E_P3-A5_AB.NC,7,0.000668021,18,0.0005,1630526.627,470753.216,184.4,2547.5371,100,16.93333,28,100,0,0,100,6500.0,5000,1300,3.8,25.3,0.2,7,373.6667743,700,200,3.1,21.8,0.1,5,212.3792156,3300,1400,2.2,25.3,0.1,32,-282.7393905,1100,300,3.5,28.3,0.1
30.870029,1,AUTO,ARMED,5,AVAILABLE,UNAVAILABLE,UNAVAILABLE,25,6,ACTIVE,719,E_P3-A5_AB.NC,E_P3-A5_AB.NC,7,0.000668021,18,0.0005,1630526.627,470753.216,184.4,2547.5371,100,16.93333,28,100,0,0,100,6500.0,5000,1300,3.8,25.3,0.2,7,371.9230626,700,200,3.1,21.8,0.1,5,212.379227,3300,1400,2.2,25.3,0.1,32,-282.7394134,1100,300,3.5,28.3,0.1
31.010593,1,AUTO,ARMED,5,AVAILABLE,UNAVAILABLE,UNAVAILABLE,25,6,ACTIVE,719,E_P3-A5_AB.NC,E_P3-A5_AB.NC,7,0.000668021,18,0.0005,1630526.627,470753.216,184.4,2547.5371,100,16.93333,28,100,0,1,100,6500.0,5000,1300,3.8,25.3,0.2,6,368.425992,700,200,3.1,21.8,0.1,5,212.3791812,3300,1400,2.2,25.3,0.1,32,-282.7393905,1100,300,3.5,28.3,0.1
31.159168,1,AUTO,ARMED,5,AVAILABLE,UNAVAILABLE,UNAVAILABLE,25,6,ACTIVE,719,E_P3-A5_AB.NC,E_P3-A5_AB.NC,7,0.000668021,18,0.0005,1630526.627,470753.216,184.4,2547.5371,100,16.93333,29,100,0,0,100,6500.0,5000,1300,3.8,25.3,0.2,6,364.9420478,700,200,3.1,21.8,0.1,5,212.3791927,3300,1400,2.2,25.3,0.1,32,-282.739402,1100,300,3.5,28.3,0.1
31.319726,1,AUTO,ARMED,5,AVAILABLE,UNAVAILABLE,UNAVAILABLE,25,6,ACTIVE,719,E_P3-A5_AB.NC,E_P3-A5_AB.NC,7,0.000668021,18,0.0005,1630526.627,470753.216,184.4,2547.5371,100,16.93333,29,100,0,2,100,6500.0,5000,1300,3.8,25.3,0.2,8,363.1937585,700,200,3.1,21.8,0.1,5,212.3792156,3300,1400,2.2,25.3,0.1,32,-282.739402,1100,300,3.5,28.3,0.1
31.470583,1,AUTO,ARMED,5,AVAILABLE,UNAVAILABLE,UNAVAILABLE,25,6,ACTIVE,719,E_P3-A5_AB.NC,E_P3-A5_AB.NC,7,0.000668021,18,0.0005,1630526.627,470753.216,184.4,2574.9392,100,16.93333,29,100,0,1,100,6500.0,5000,1300,3.8,25.3,0.2,8,359.7055685,700,200,3.1,21.8,0.1,5,212.3792041,3300,1400,2.2,25.3,0.1,32,-282.7394134,1100,300,3.5,28.3,0.1
31.61811,1,AUTO,ARMED,5,AVAILABLE,UNAVAILABLE,UNAVAILABLE,25,6,ACTIVE,719,E_P3-A5_AB.NC,E_P3-A5_AB.NC,7,0.000668021,18,0.0005,1630526.627,470753.216,184.4,2574.9392,100,16.93333,29,100,0,1,100,6500.0,5000,1300,3.8,25.3,0.2,8,357.957016,700,200,3.1,21.8,0.1,5,212.3791812,3300,1400,2.2,25.3,0.1,32,-282.7393905,1100,300,3.5,28.3,0.1
31.767624,1,AUTO,ARMED,5,AVAILABLE,UNAVAILABLE,UNAVAILABLE,25,6,ACTIVE,719,E_P3-A5_AB.NC,E_P3-A5_AB.NC,7,0.000668021,18,0.0005,1630526.627,470753.216,184.4,2574.9392,100,16.93333,29,100,0,1,100,6500.0,5000,1300,3.8,25.3,0.2,8,357.0851202,700,200,3.1,21.8,0.1,5,212.379227,3300,1400,2.2,25.3,0.1,32,-282.7394248,1100,300,3.5,28.3,0.1
31.910588,1,AUTO,ARMED,5,AVAILABLE,UNAVAILABLE,UNAVAILABLE,25,6,ACTIVE,719,E_P3-A5_AB.NC,E_P3-A5_AB.NC,7,0.000167898,18,0.0005,1630526.627,470753.216,184.4,2574.9392,100,16.93333,29,100,0,1,100,6500.0,5000,1300,3.8,25.3,0.2,7,353.5966662,700,200,3.1,21.8,0.1,5,212.3791927,3300,1400,2.2,25.3,0.1,32,-282.739402,1100,300,3.5,28.3,0.1
32.059686,1,AUTO,ARMED,5,AVAILABLE,UNAVAILABLE,UNAVAILABLE,25,6,ACTIVE,719,E_P3-A5_AB.NC,E_P3-A5_AB.NC,7,0.000668021,18,0.0005,1630526.627,470753.216,184.4,2574.9392,100,16.93333,29,100,0,0,100,6500.0,5000,1300,3.8,25.3,0.2,8,350.1001736,700,200,3.1,21.8,0.1,5,212.3791927,3300,1400,2.2,25.3,0.1,32,-282.739402,1100,300,3.5,28.3,0.1
32.204304,1,AUTO,ARMED,5,AVAILABLE,UNAVAILABLE,UNAVAILABLE,25,6,ACTIVE,719,E_P3-A5_AB.NC,E_P3-A5_AB.NC,7,0.000668021,18,0.0005,1630526.627,470753.216,184.4,2574.9392,100,16.93333,30,100,0,2,100,6500.0,5000,1300,3.8,25.3,0.2,6,348.3557666,700,200,3.1,21.8,0.1,5,212.3792156,3300,1400,2.2,25.3,0.1,32,-282.7393905,1100,300,3.5,28.3,0.1
32.354508,1,AUTO,ARMED,5,AVAILABLE,UNAVAILABLE,UNAVAILABLE,25,6,ACTIVE,719,E_P3-A5_AB.NC,E_P3-A5_AB.NC,7,0.000668021,18,0.0005,1630526.627,470753.216,184.4,2574.9392,100,16.93333,30,100,0,3,100,6500.0,5000,1300,3.8,25.3,0.2,7,346.6076061,700,200,3.1,21.8,0.1,5,212.379227,3300,1400,2.2,25.3,0.1,32,-282.7394134,1100,300,3.5,28.3,0.1
32.546485,1,AUTO,ARMED,5,AVAILABLE,UNAVAILABLE,UNAVAILABLE,25,6,ACTIVE,719,E_P3-A5_AB.NC,E_P3-A5_AB.NC,7,0.000668021,18,0.0005,1630526.627,470753.216,184.4,2563.8599,100,16.93333,30,100,0,3,100,6500.0,5000,1300,3.8,25.3,0.2,7,343.119456,700,200,3.1,21.8,0.1,5,212.3791927,3300,1400,2.2,25.3,0.1,32,-282.7393905,1100,300,3.5,28.3,0.1
32.689816,1,AUTO,ARMED,5,AVAILABLE,UNAVAILABLE,UNAVAILABLE,25,6,ACTIVE,719,E_P3-A5_AB.NC,E_P3-A5_AB.NC,7,0.000668021,18,0.0005,1630526.627,470753.216,184.4,2563.8599,100,16.93333,30,100,0,1,100,6500.0,5300,1400,3.9,25.3,0.2,6,341.3706775,700,200,4.5,21.8,0.1,5,212.3791927,3200,1500,2.2,25.3,0.1,32,-282.7393791,1100,300,3.1,28.3,0.1
32.834205,1,AUTO,ARMED,5,AVAILABLE,UNAVAILABLE,UNAVAILABLE,25,6,ACTIVE,719,E_P3-A5_AB.NC,E_P3-A5_AB.NC,7,0.000668021,18,0.0005,1630526.627,470753.216,184.4,2563.8599,100,16.93333,30,100,0,1,100,6500.0,5300,1400,3.9,25.3,0.2,7,337.8825274,700,200,4.5,21.8,0.1,5,212.379227,3200,1500,2.2,25.3,0.1,32,-282.739402,1100,300,3.1,28.3,0.1
32.973448,1,AUTO,ARMED,5,AVAILABLE,UNAVAILABLE,UNAVAILABLE,25,6,ACTIVE,719,E_P3-A5_AB.NC,E_P3-A5_AB.NC,7,0.000668021,18,0.0005,1630526.627,470753.216,184.4,2563.8599,100,16.93333,30,100,0,1,100,6500.0,5300,1400,3.9,25.3,0.2,7,334.3901202,700,200,4.5,21.8,0.1,5,212.3792156,3200,1500,2.2,25.3,0.1,32,-282.7393791,1100,300,3.1,28.3,0.1
33.115831,1,AUTO,ARMED,5,AVAILABLE,UNAVAILABLE,UNAVAILABLE,25,6,ACTIVE,719,E_P3-A5_AB.NC,E_P3-A5_AB.NC,7,0.000668021,18,0.0005,1630526.627,470753.216,184.4,2563.8599,100,16.93333,30,100,0,1,100,6500.0,5300,1400,3.9,25.3,0.2,7,332.6458163,700,200,4.5,21.8,0.1,5,212.3791698,3200,1500,2.2,25.3,0.1,32,-282.7393905,1100,300,3.1,28.3,0.1
33.261193,1,AUTO,ARMED,5,AVAILABLE,UNAVAILABLE,UNAVAILABLE,25,6,ACTIVE,719,E_P3-A5_AB.NC,E_P3-A5_AB.NC,7,0.000668021,18,0.0005,1630526.627,470753.216,184.4,2563.8599,100,16.93333,31,100,0,2,100,6500.0,5300,1400,3.9,25.3,0.2,10,330.8936161,700,200,4.5,21.8,0.1,5,212.3792499,3200,1500,2.2,25.3,0.1,32,-282.7393791,1100,300,3.1,28.3,0.1
33.403104,1,AUTO,ARMED,5,AVAILABLE,UNAVAILABLE,UNAVAILABLE,25,6,ACTIVE,719,E_P3-A5_AB.NC,E_P3-A5_AB.NC,7,0.000668021,18,0.0005,1630526.627,470753.216,184.4,2563.8599,100,16.93333,31,100,0,2,100,6500.0,5300,1400,3.9,25.3,0.2,10,329.1492387,700,200,4.5,21.8,0.1,5,212.379227,3200,1500,2.2,25.3,0.1,32,-282.739402,1100,300,3.1,28.3,0.1
33.548685,1,AUTO,ARMED,5,AVAILABLE,UNAVAILABLE,UNAVAILABLE,25,6,ACTIVE,719,E_P3-A5_AB.NC,E_P3-A5_AB.NC,7,0.000668021,18,0.0005,1630526.627,470753.216,184.4,2154.4092,100,16.93333,31,100,0,0,100,6500.0,5300,1400,3.9,25.3,0.2,10,324.7845249,700,200,4.5,21.8,0.1,4,212.3792156,3200,1500,2.2,25.3,0.1,32,-282.739402,1100,300,3.1,28.3,0.1
33.695987,1,AUTO,ARMED,5,AVAILABLE,UNAVAILABLE,UNAVAILABLE,25,6,ACTIVE,719,E_P3-A5_AB.NC,E_P3-A5_AB.NC,7,0.000668021,18,0.0005,1630526.627,470753.216,184.4,2154.4092,100,16.93333,31,100,0,0,100,6500.0,5300,1400,3.9,25.3,0.2,10,323.040537,700,200,4.5,21.8,0.1,4,212.3792041,3200,1500,2.2,25.3,0.1,32,-282.7394134,1100,300,3.1,28.3,0.1
33.839437,1,AUTO,ARMED,5,AVAILABLE,UNAVAILABLE,UNAVAILABLE,25,6,ACTIVE,719,E_P3-A5_AB.NC,E_P3-A5_AB.NC,7,0.000668021,18,0.0005,1630526.627,470753.216,184.4,2154.4092,100,16.93333,31,100,0,0,100,6500.0,5300,1400,3.9,25.3,0.2,10,321.296549,700,200,4.5,21.8,0.1,4,212.3792041,3200,1500,2.2,25.3,0.1,32,-282.739402,1100,300,3.1,28.3,0.1
33.987579,1,AUTO,ARMED,5,AVAILABLE,UNAVAILABLE,UNAVAILABLE,26,6,ACTIVE,719,E_P3-A5_AB.NC,E_P3-A5_AB.NC,7,0.000668021,18,0.0005,1630526.627,470753.216,184.4,2154.4092,100,11.13333,31,100,0,1,100,6500.0,5300,1400,3.9,25.3,0.2,10,318.1773758,700,200,4.5,21.8,0.1,4,212.3792041,3200,1500,2.2,25.3,0.1,32,-282.7393905,1100,300,3.1,28.3,0.1
34.127067,1,AUTO,ARMED,5,AVAILABLE,UNAVAILABLE,UNAVAILABLE,26,6,ACTIVE,719,E_P3-A5_AB.NC,E_P3-A5_AB.NC,7,0.000668021,18,0.0005,1630526.627,470753.216,184.4,2154.4092,100,11.13333,31,100,0,1,100,6500.0,5300,1400,3.9,25.3,0.2,8,318.1680255,700,200,4.5,21.8,0.1,4,212.3791927,3200,1500,2.2,25.3,0.1,32,-282.739402,1100,300,3.1,28.3,0.1
34.267175,1,AUTO,ARMED,5,AVAILABLE,UNAVAILABLE,UNAVAILABLE,26,6,ACTIVE,719,E_P3-A5_AB.NC,E_P3-A5_AB.NC,7,0.000668021,18,0.0005,1630526.627,470753.216,184.4,2154.4092,100,0.0,32,100,0,1,100,6500.0,3700,900,4.3,25.3,0.2,6,318.1679569,300,100,4.4,21.8,0.1,4,212.3792041,3100,1500,2.1,25.3,0.2,32,-282.7394134,500,200,3.3,28.3,0.2
34.436456,1,AUTO,ARMED,5,AVAILABLE,UNAVAILABLE,UNAVAILABLE,26,6,ACTIVE,719,E_P3-A5_AB.NC,E_P3-A5_AB.NC,7,0.000668021,18,0.0005,1630526.627,470753.216,184.4,2154.4092,100,0.0,32,100,0,1,100,6500.0,3700,900,4.3,25.3,0.2,6,318.1679912,300,100,4.4,21.8,0.1,4,212.3791927,3100,1500,2.1,25.3,0.2,32,-282.7394134,500,200,3.3,28.3,0.2
34.575394,1,AUTO,ARMED,5,AVAILABLE,UNAVAILABLE,UNAVAILABLE,26,6,ACTIVE,719,E_P3-A5_AB.NC,E_P3-A5_AB.NC,7,0.000668021,18,0.0005,1630526.627,470753.216,184.4,2156.6538,100,0.0,32,100,0,1,100,6500.0,3700,900,4.3,25.3,0.2,6,318.1679912,300,100,4.4,21.8,0.1,4,212.3792041,3100,1500,2.1,25.3,0.2,32,-282.739402,500,200,3.3,28.3,0.2
34.810963,1,AUTO,ARMED,5,AVAILABLE,UNAVAILABLE,UNAVAILABLE,26,6,ACTIVE,719,E_P3-A5_AB.NC,E_P3-A5_AB.NC,7,0.000668021,18,0.0005,1630526.627,470753.216,184.4,2156.6538,100,0.0,32,100,0,1,100,6500.0,3700,900,4.3,25.3,0.2,6,318.1679912,300,100,4.4,21.8,0.1,4,212.3791927,3100,1500,2.1,25.3,0.2,32,-282.739402,500,200,3.3,28.3,0.2
34.96248,1,AUTO,ARMED,5,AVAILABLE,UNAVAILABLE,UNAVAILABLE,26,6,ACTIVE,719,E_P3-A5_AB.NC,E_P3-A5_AB.NC,7,0.000668021,18,0.0005,1630526.627,470753.216,184.4,2156.6538,100,0.0,32,100,0,0,100,6500.0,3700,900,4.3,25.3,0.2,6,318.1679912,300,100,4.4,21.8,0.1,4,212.3791927,3100,1500,2.1,25.3,0.2,32,-282.7393905,500,200,3.3,28.3,0.2
35.103386,1,AUTO,ARMED,5,AVAILABLE,UNAVAILABLE,UNAVAILABLE,28,6,ACTIVE,719,E_P3-A5_AB.NC,E_P3-A5_AB.NC,7,0.000668021,18,0.0005,1630526.627,470753.216,184.4,2156.6538,100,0.0,33,100,0,0,100,6500.0,3700,900,4.3,25.3,0.2,6,318.1680026,300,100,4.4,21.8,0.1,4,212.3792041,3100,1500,2.1,25.3,0.2,32,-282.7393791,500,200,3.3,28.3,0.2
35.24632,1,AUTO,ARMED,5,AVAILABLE,UNAVAILABLE,UNAVAILABLE,28,6,ACTIVE,719,E_P3-A5_AB.NC,E_P3-A5_AB.NC,7,0.000668021,18,0.0005,1630886.967,470753.216,184.4,2156.6538,100,0.0,33,100,0,1,100,6500.0,3700,900,4.3,25.3,0.2,6,318.1680026,300,100,4.4,21.8,0.1,4,212.3792041,3100,1500,2.1,25.3,0.2,32,-282.739402,500,200,3.3,28.3,0.2
35.387428,1,AUTO,ARMED,5,AVAILABLE,UNAVAILABLE,UNAVAILABLE,28,6,ACTIVE,719,E_P3-A5_AB.NC,E_P3-A5_AB.NC,7,0.000668021,18,0.0005,1630886.967,470753.216,184.4,2156.6538,100,0.0,33,100,0,1,100,6866.459627,3700,900,4.3,25.3,0.2,6,318.1679912,300,100,4.4,21.8,0.1,4,212.6117914,3100,1500,2.1,25.3,0.2,32,-282.7393791,500,200,3.3,28.3,0.2
35.527198,1,AUTO,ARMED,5,AVAILABLE,UNAVAILABLE,UNAVAILABLE,29,6,ACTIVE,719,E_P3-A5_AB.NC,E_P3-A5_AB.NC,7,0.000668021,18,0.0005,1630886.967,470753.216,184.4,2175.9626,100,0.0,33,100,0,1,100,7000.0,3700,900,4.3,25.3,0.2,6,318.1680026,400,100,5.5,21.8,0.1,1,212.6966443,1200,300,3.6,25.3,0.1,32,-282.739402,500,100,3.9,28.3,0.1
35.669034,1,AUTO,ARMED,5,AVAILABLE,UNAVAILABLE,UNAVAILABLE,29,6,ACTIVE,719,E_P3-A5_AB.NC,E_P3-A5_AB.NC,7,0.000668021,18,0.0005,1630886.967,470753.216,184.4,2175.9626,100,0.0,33,100,0,1,100,7000.0,3700,900,4.3,25.3,0.2,6,318.1680026,400,100,5.5,21.8,0.1,1,212.6966787,1200,300,3.6,25.3,0.1,32,-282.7393905,500,100,3.9,28.3,0.1
35.8117,1,AUTO,ARMED,5,AVAILABLE,UNAVAILABLE,UNAVAILABLE,29,6,ACTIVE,719,E_P3-A5_AB.NC,E_P3-A5_AB.NC,7,0.000668021,18,0.0005,1630886.967,470753.216,184.4,2175.9626,100,0.0,33,100,0,2,100,7000.0,3700,900,4.3,25.3,0.2,6,318.1680026,400,100,5.5,21.8,0.1,0,212.6966787,1200,300,3.6,25.3,0.1,32,-282.7393791,500,100,3.9,28.3,0.1
35.988535,1,AUTO,ARMED,5,AVAILABLE,UNAVAILABLE,UNAVAILABLE,29,6,ACTIVE,719,E_P3-A5_AB.NC,E_P3-A5_AB.NC,7,0.000668021,18,0.0005,1630886.967,470753.216,184.4,2175.9626,100,0.0,33,100,0,2,100,7000.0,3700,900,4.3,25.3,0.2,6,318.1679912,400,100,5.5,21.8,0.1,0,212.6966901,1200,300,3.6,25.3,0.1,32,-282.7394134,500,100,3.9,28.3,0.1
36.139977,1,AUTO,ARMED,5,AVAILABLE,UNAVAILABLE,UNAVAILABLE,29,6,ACTIVE,719,E_P3-A5_AB.NC,E_P3-A5_AB.NC,7,0.000668021,18,0.0005,1630886.967,470753.216,184.4,2175.9626,100,0.0,33,100,0,2,100,7000.0,3700,900,4.3,25.3,0.2,6,318.1680026,400,100,5.5,21.8,0.1,0,212.6967015,1200,300,3.6,25.3,0.1,32,-282.7393562,500,100,3.9,28.3,0.1
36.460931,1,AUTO,ARMED,5,AVAILABLE,UNAVAILABLE,UNAVAILABLE,30,6,ACTIVE,719,E_P3-A5_AB.NC,E_P3-A5_AB.NC,7,0.000668021,18,0.0005,1630886.967,470753.216,184.4,2175.9626,100,0.0,34,100,0,0,100,7000.0,3700,900,4.3,25.3,0.2,28,320.2799295,400,100,5.5,21.8,0.1,0,212.6966901,1200,300,3.6,25.3,0.1,31,-282.7393791,500,100,3.9,28.3,0.1
36.600556,1,AUTO,ARMED,5,AVAILABLE,UNAVAILABLE,UNAVAILABLE,30,6,ACTIVE,719,E_P3-A5_AB.NC,E_P3-A5_AB.NC,7,0.000668021,18,0.0005,1630886.967,470753.216,184.4,2175.9626,100,16.93333,34,100,0,2,100,7000.0,3700,900,4.3,25.3,0.2,9,322.0325334,400,100,5.5,21.8,0.1,0,212.6967015,1200,300,3.6,25.3,0.1,32,-282.7394134,500,100,3.9,28.3,0.1
36.749786,1,AUTO,ARMED,5,AVAILABLE,UNAVAILABLE,UNAVAILABLE,30,6,ACTIVE,719,E_P3-A5_AB.NC,E_P3-A5_AB.NC,7,0.000668021,18,0.0005,1630886.967,470753.216,184.4,2496.8899,100,16.93333,34,100,0,1,100,7000.0,3700,900,4.3,25.3,0.2,8,325.5207462,400,100,5.5,21.8,0.1,0,212.6967015,1200,300,3.6,25.3,0.1,32,-282.7393676,500,100,3.9,28.3,0.1
36.891676,1,AUTO,ARMED,5,AVAILABLE,UNAVAILABLE,UNAVAILABLE,30,6,ACTIVE,719,E_P3-A5_AB.NC,E_P3-A5_AB.NC,7,0.000668021,18,0.0005,1630886.967,470753.216,184.4,2496.8899,100,16.93333,34,100,0,1,100,7000.0,3700,900,4.3,25.3,0.2,8,327.2649728,400,100,5.5,21.8,0.1,0,212.6967015,1200,300,3.6,25.3,0.1,32,-282.7394134,500,100,3.9,28.3,0.1
37.032649,1,AUTO,ARMED,5,AVAILABLE,UNAVAILABLE,UNAVAILABLE,30,6,ACTIVE,719,E_P3-A5_AB.NC,E_P3-A5_AB.NC,7,0.000668021,18,0.0005,1630886.967,470753.216,184.4,2496.8899,100,16.93333,34,100,0,1,100,7000.0,3700,900,4.3,25.3,0.2,9,329.0132049,400,100,5.5,21.8,0.1,0,212.6966901,1200,300,3.6,25.3,0.1,32,-282.7393905,500,100,3.9,28.3,0.1
37.193405,1,AUTO,ARMED,5,AVAILABLE,UNAVAILABLE,UNAVAILABLE,30,6,ACTIVE,719,E_P3-A5_AB.NC,E_P3-A5_AB.NC,7,0.000668021,18,0.0005,1630886.967,470753.216,184.4,2496.8899,100,16.93333,35,100,0,1,100,7000.0,6100,1400,4.3,25.3,0.3,9,332.5014024,500,200,3.6,21.8,0.1,0,212.6966443,1900,500,3.9,25.3,0.1,32,-282.7394134,2700,800,3.5,28.3,0.2
37.383234,1,AUTO,ARMED,5,AVAILABLE,UNAVAILABLE,UNAVAILABLE,30,6,ACTIVE,719,E_P3-A5_AB.NC,E_P3-A5_AB.NC,7,0.000668021,18,0.0005,1630886.967,470753.216,184.4,2496.8899,100,16.93333,35,100,0,1,100,7000.0,6100,1400,4.3,25.3,0.3,10,335.1218344,500,200,3.6,21.8,0.1,0,212.6966672,1900,500,3.9,25.3,0.1,32,-282.7394134,2700,800,3.5,28.3,0.2
37.532085,1,AUTO,ARMED,5,AVAILABLE,UNAVAILABLE,UNAVAILABLE,30,6,ACTIVE,719,E_P3-A5_AB.NC,E_P3-A5_AB.NC,7,0.000668021,18,0.0005,1630886.967,470753.216,184.4,2496.8899,100,16.93333,35,100,0,1,100,7000.0,6100,1400,4.3,25.3,0.3,9,336.8659967,500,200,3.6,21.8,0.1,0,212.6966901,1900,500,3.9,25.3,0.1,32,-282.7393905,2700,800,3.5,28.3,0.2
37.67854,1,AUTO,ARMED,5,AVAILABLE,UNAVAILABLE,UNAVAILABLE,30,6,ACTIVE,719,E_P3-A5_AB.NC,E_P3-A5_AB.NC,7,0.000668021,18,0.0005,1630886.967,470753.216,184.4,2496.8899,100,16.93333,35,100,0,1,100,7000.0,6100,1400,4.3,25.3,0.3,9,338.6101017,500,200,3.6,21.8,0.1,0,212.6967015,1900,500,3.9,25.3,0.1,32,-282.7394363,2700,800,3.5,28.3,0.2
37.820341,1,AUTO,ARMED,5,AVAILABLE,UNAVAILABLE,UNAVAILABLE,30,6,ACTIVE,719,E_P3-A5_AB.NC,E_P3-A5_AB.NC,7,0.000668021,18,0.0005,1630886.967,470753.216,184.4,2496.8899,100,16.93333,35,100,0,0,100,7000.0,6100,1400,4.3,25.3,0.3,11,342.1026034,500,200,3.6,21.8,0.1,0,212.6967015,1900,500,3.9,25.3,0.1,32,-282.7394363,2700,800,3.5,28.3,0.2
37.965145,1,AUTO,ARMED,5,AVAILABLE,UNAVAILABLE,UNAVAILABLE,30,6,ACTIVE,719,E_P3-A5_AB.NC,E_P3-A5_AB.NC,7,0.000668021,18,0.0005,1630886.967,470753.216,184.4,2655.2461,100,16.93333,35,100,0,0,100,7000.0,6100,1400,4.3,25.3,0.3,10,345.5951737,500,200,3.6,21.8,0.1,0,212.6967015,1900,500,3.9,25.3,0.1,32,-282.7394248,2700,800,3.5,28.3,0.2
38.116831,1,AUTO,ARMED,5,AVAILABLE,UNAVAILABLE,UNAVAILABLE,30,6,ACTIVE,719,E_P3-A5_AB.NC,E_P3-A5_AB.NC,7,0.000668021,18,0.0005,1630886.967,470753.216,184.4,2655.2461,100,16.93333,35,100,0,0,100,7000.0,6100,1400,4.3,25.3,0.3,12,347.3395305,500,200,3.6,21.8,0.1,0,212.696713,1900,500,3.9,25.3,0.1,32,-282.7393905,2700,800,3.5,28.3,0.2
38.258898,1,AUTO,ARMED,5,AVAILABLE,UNAVAILABLE,UNAVAILABLE,30,6,ACTIVE,719,E_P3-A5_AB.NC,E_P3-A5_AB.NC,7,0.000668021,18,0.0005,1630886.967,470753.216,184.4,2655.2461,100,16.93333,36,100,0,0,100,7000.0,6100,1400,4.3,25.3,0.3,12,349.0834868,500,200,3.6,21.8,0.1,0,212.696713,1900,500,3.9,25.3,0.1,32,-282.7394363,2700,800,3.5,28.3,0.2
38.407895,1,AUTO,ARMED,5,AVAILABLE,UNAVAILABLE,UNAVAILABLE,30,6,ACTIVE,719,E_P3-A5_AB.NC,E_P3-A5_AB.NC,7,0.000668021,18,0.0005,1630886.967,470753.216,184.4,2655.2461,100,16.93333,36,100,0,0,100,7000.0,6100,1400,4.3,25.3,0.3,12,352.5759656,500,200,3.6,21.8,0.1,0,212.696713,1900,500,3.9,25.3,0.1,32,-282.7393905,2700,800,3.5,28.3,0.2
38.55128,1,AUTO,ARMED,5,AVAILABLE,UNAVAILABLE,UNAVAILABLE,30,6,ACTIVE,719,E_P3-A5_AB.NC,E_P3-A5_AB.NC,7,0.000668021,18,0.0005,1630886.967,470753.216,184.4,2655.2461,100,16.93333,36,100,0,0,100,7000.0,6100,1400,4.3,25.3,0.3,12,354.3201851,500,200,3.6,21.8,0.1,0,212.696713,1900,500,3.9,25.3,0.1,32,-282.7394363,2700,800,3.5,28.3,0.2
38.697901,1,AUTO,ARMED,5,AVAILABLE,UNAVAILABLE,UNAVAILABLE,30,6,ACTIVE,719,E_P3-A5_AB.NC,E_P3-A5_AB.NC,7,0.000668021,18,0.0005,1630886.967,470753.216,184.4,2655.2461,100,16.93333,36,100,0,0,100,7000.0,6000,1400,4.4,25.3,0.3,12,357.8126009,700,200,3.9,21.8,0.1,0,212.6967015,1600,500,3.3,25.3,0.1,32,-282.7393791,3600,1100,3.2,28.3,0.2
38.84661,1,AUTO,ARMED,5,AVAILABLE,UNAVAILABLE,UNAVAILABLE,30,6,ACTIVE,719,E_P3-A5_AB.NC,E_P3-A5_AB.NC,7,0.000668021,18,0.0005,1630886.967,470753.216,184.4,2655.2461,100,16.93333,36,100,0,1,100,7000.0,6000,1400,4.4,25.3,0.3,12,359.556793,700,200,3.9,21.8,0.1,0,212.6967244,1600,500,3.3,25.3,0.1,32,-282.7394134,3600,1100,3.2,28.3,0.2
38.992929,1,AUTO,ARMED,5,AVAILABLE,UNAVAILABLE,UNAVAILABLE,30,6,ACTIVE,719,E_P3-A5_AB.NC,E_P3-A5_AB.NC,7,0.000668021,18,0.0005,1630886.967,470753.216,184.4,2681.5159,100,16.93333,36,100,0,1,100,7000.0,6000,1400,4.4,25.3,0.3,12,361.3009736,700,200,3.9,21.8,0.1,0,212.6967015,1600,500,3.3,25.3,0.1,32,-282.739402,3600,1100,3.2,28.3,0.2
39.139142,1,AUTO,ARMED,5,AVAILABLE,UNAVAILABLE,UNAVAILABLE,30,6,ACTIVE,719,E_P3-A5_AB.NC,E_P3-A5_AB.NC,7,0.000668021,18,0.0005,1630886.967,470753.216,184.4,2681.5159,100,16.93333,37,100,0,1,100,7000.0,6000,1400,4.4,25.3,0.3,11,366.5376354,700,200,3.9,21.8,0.1,0,212.6966901,1600,500,3.3,25.3,0.1,32,-282.7393905,3600,1100,3.2,28.3,0.2
39.283135,1,AUTO,ARMED,5,AVAILABLE,UNAVAILABLE,UNAVAILABLE,30,6,ACTIVE,719,E_P3-A5_AB.NC,E_P3-A5_AB.NC,7,0.000668021,18,0.0005,1630886.967,470753.216,184.4,2681.5159,100,16.93333,37,100,0,1,100,7000.0,6000,1400,4.4,25.3,0.3,11,367.4138227,700,200,3.9,21.8,0.1,0,212.6967015,1600,500,3.3,25.3,0.1,32,-282.739402,3600,1100,3.2,28.3,0.2
39.433939,1,AUTO,ARMED,5,AVAILABLE,UNAVAILABLE,UNAVAILABLE,30,6,ACTIVE,719,E_P3-A5_AB.NC,E_P3-A5_AB.NC,7,0.000668021,18,0.0005,1630886.967,470753.216,184.4,2681.5159,100,16.93333,37,100,0,1,100,7000.0,6000,1400,4.4,25.3,0.3,10,369.1581178,700,200,3.9,21.8,0.1,0,212.6966901,1600,500,3.3,25.3,0.1,32,-282.7393791,3600,1100,3.2,28.3,0.2
39.579365,1,AUTO,ARMED,5,AVAILABLE,UNAVAILABLE,UNAVAILABLE,30,6,ACTIVE,719,E_P3-A5_AB.NC,E_P3-A5_AB.NC,7,0.000668021,18,0.0005,1630886.967,470753.216,184.4,2681.5159,100,16.93333,37,100,0,1,100,7000.0,6000,1400,4.4,25.3,0.3,11,372.6463417,700,200,3.9,21.8,0.1,0,212.6966901,1600,500,3.3,25.3,0.1,32,-282.7393791,3600,1100,3.2,28.3,0.2
39.728662,1,AUTO,ARMED,5,AVAILABLE,UNAVAILABLE,UNAVAILABLE,30,6,ACTIVE,719,E_P3-A5_AB.NC,E_P3-A5_AB.NC,7,0.000668021,18,0.0005,1630886.967,470753.216,184.4,2681.5159,100,16.93333,37,100,0,1,100,7000.0,6000,1400,4.4,25.3,0.3,11,374.394585,700,200,3.9,21.8,0.1,0,212.6966901,1600,500,3.3,25.3,0.1,32,-282.7393905,3600,1100,3.2,28.3,0.2
39.872614,1,AUTO,ARMED,5,AVAILABLE,UNAVAILABLE,UNAVAILABLE,30,6,ACTIVE,719,E_P3-A5_AB.NC,E_P3-A5_AB.NC,7,0.000668021,18,0.0005,1630886.967,470753.216,184.4,2681.5159,100,16.93333,37,100,0,2,100,7000.0,6000,1400,4.4,25.3,0.3,12,376.1388228,700,200,3.9,21.8,0.1,0,212.6966901,1600,500,3.3,25.3,0.1,32,-282.7393447,3600,1100,3.2,28.3,0.2
40.036068,1,AUTO,ARMED,5,AVAILABLE,UNAVAILABLE,UNAVAILABLE,30,6,ACTIVE,719,E_P3-A5_AB.NC,E_P3-A5_AB.NC,7,0.000668021,18,0.0005,1630886.967,470753.216,184.4,2681.5159,100,16.93333,38,100,0,1,100,7000.0,6000,1400,4.4,25.3,0.3,13,377.8828318,700,200,3.9,21.8,0.1,0,212.6966787,1600,500,3.3,25.3,0.1,32,-282.7393905,3600,1100,3.2,28.3,0.2
40.180105,1,AUTO,ARMED,5,AVAILABLE,UNAVAILABLE,UNAVAILABLE,30,6,ACTIVE,719,E_P3-A5_AB.NC,E_P3-A5_AB.NC,7,0.000668021,18,0.0005,1630886.967,470753.216,184.4,2589.0112,100,16.93333,38,100,0,3,100,7000.0,6000,1400,4.4,25.3,0.3,12,383.1193618,700,200,3.9,21.8,0.1,0,212.6966787,1600,500,3.3,25.3,0.1,32,-282.7393905,3600,1100,3.2,28.3,0.2
40.327761,1,AUTO,ARMED,5,AVAILABLE,UNAVAILABLE,UNAVAILABLE,30,6,ACTIVE,719,E_P3-A5_AB.NC,E_P3-A5_AB.NC,7,0.000668021,18,0.0005,1630886.967,470753.216,184.4,2589.0112,100,16.93333,38,100,0,3,100,7000.0,6200,1200,5.0,25.3,0.3,12,384.8678693,300,100,3.9,21.8,0.0,0,212.6966787,1500,400,4.1,25.3,0.1,32,-282.739402,3100,600,5.2,28.3,0.1
40.475331,1,AUTO,ARMED,5,AVAILABLE,UNAVAILABLE,UNAVAILABLE,30,6,ACTIVE,719,E_P3-A5_AB.NC,E_P3-A5_AB.NC,7,0.000668021,18,0.0005,1630886.967,470753.216,184.4,2589.0112,100,16.93333,38,100,0,3,100,7000.0,6200,1200,5.0,25.3,0.3,12,386.612188,300,100,3.9,21.8,0.0,0,212.6967359,1500,400,4.1,25.3,0.1,32,-282.7393791,3100,600,5.2,28.3,0.1
40.622886,1,AUTO,ARMED,5,AVAILABLE,UNAVAILABLE,UNAVAILABLE,30,6,ACTIVE,719,E_P3-A5_AB.NC,E_P3-A5_AB.NC,7,0.000668021,18,0.0005,1630886.967,470753.216,184.4,2589.0112,100,16.93333,38,100,0,2,100,7000.0,6200,1200,5.0,25.3,0.3,9,390.1044305,300,100,3.9,21.8,0.0,0,212.6967244,1500,400,4.1,25.3,0.1,32,-282.739402,3100,600,5.2,28.3,0.1
40.768885,1,AUTO,ARMED,5,AVAILABLE,UNAVAILABLE,UNAVAILABLE,30,6,ACTIVE,719,E_P3-A5_AB.NC,E_P3-A5_AB.NC,7,0.000668021,18,0.0005,1630886.967,470753.216,184.4,2589.0112,100,16.93333,38,100,0,0,100,7000.0,6200,1200,5.0,25.3,0.3,8,393.5927244,300,100,3.9,21.8,0.0,0,212.6967015,1500,400,4.1,25.3,0.1,32,-282.7394248,3100,600,5.2,28.3,0.1
40.913071,1,AUTO,ARMED,5,AVAILABLE,UNAVAILABLE,UNAVAILABLE,30,6,ACTIVE,719,E_P3-A5_AB.NC,E_P3-A5_AB.NC,7,0.000668021,18,0.0005,1630886.967,470753.216,184.4,2589.0112,100,16.93333,38,100,0,0,100,7000.0,6200,1200,5.0,25.3,0.3,10,395.337066,300,100,3.9,21.8,0.0,0,212.6967015,1500,400,4.1,25.3,0.1,32,-282.7394134,3100,600,5.2,28.3,0.1
41.061633,1,AUTO,ARMED,5,AVAILABLE,UNAVAILABLE,UNAVAILABLE,30,6,ACTIVE,719,E_P3-A5_AB.NC,E_P3-A5_AB.NC,7,0.000668021,18,0.0005,1630886.967,470753.216,184.4,2589.0112,100,16.93333,38,100,0,0,100,7000.0,6200,1200,5.0,25.3,0.3,10,397.0852187,300,100,3.9,21.8,0.0,0,212.696713,1500,400,4.1,25.3,0.1,32,-282.7393905,3100,600,5.2,28.3,0.1
41.208285,1,AUTO,ARMED,5,AVAILABLE,UNAVAILABLE,UNAVAILABLE,31,6,ACTIVE,719,E_P3-A5_AB.NC,E_P3-A5_AB.NC,7,0.000668021,18,0.0005,1630886.967,470753.216,184.4,2196.9502,100,7.883333,39,100,0,1,100,7000.0,6200,1200,5.0,25.3,0.3,9,398.8294458,300,100,3.9,21.8,0.0,0,212.6967015,1500,400,4.1,25.3,0.1,32,-282.7394363,3100,600,5.2,28.3,0.1
41.354058,1,AUTO,ARMED,5,AVAILABLE,UNAVAILABLE,UNAVAILABLE,31,6,ACTIVE,719,E_P3-A5_AB.NC,E_P3-A5_AB.NC,7,0.000668021,18,0.0005,1630886.967,470753.216,184.4,2196.9502,100,0.0,39,100,0,1,100,7000.0,6200,1200,5.0,25.3,0.3,2,399.9550755,300,100,3.9,21.8,0.0,0,212.696713,1500,400,4.1,25.3,0.1,32,-282.7394363,3100,600,5.2,28.3,0.1
41.500356,1,AUTO,ARMED,5,AVAILABLE,UNAVAILABLE,UNAVAILABLE,31,6,ACTIVE,719,E_P3-A5_AB.NC,E_P3-A5_AB.NC,7,0.000668021,18,0.0005,1630886.967,470753.216,184.4,2196.9502,100,0.0,39,100,0,1,100,7000.0,6200,1200,5.0,25.3,0.3,2,399.9558538,300,100,3.9,21.8,0.0,0,212.6967015,1500,400,4.1,25.3,0.1,32,-282.739402,3100,600,5.2,28.3,0.1
41.639647,1,AUTO,ARMED,5,AVAILABLE,UNAVAILABLE,UNAVAILABLE,31,6,ACTIVE,719,E_P3-A5_AB.NC,E_P3-A5_AB.NC,7,0.000668021,18,0.0005,1630886.967,470753.216,184.4,2196.9502,100,0.0,39,100,0,1,100,7000.0,6200,1200,5.0,25.3,0.3,7,399.9560255,300,100,3.9,21.8,0.0,0,212.6967015,1500,400,4.1,25.3,0.1,32,-282.7394248,3100,600,5.2,28.3,0.1
41.790107,1,AUTO,ARMED,5,AVAILABLE,UNAVAILABLE,UNAVAILABLE,31,6,ACTIVE,719,E_P3-A5_AB.NC,E_P3-A5_AB.NC,7,0.000668021,18,0.0005,1630886.967,470753.216,184.4,2196.9502,100,0.0,39,100,0,2,100,7000.0,6200,1200,5.0,25.3,0.3,6,399.9560026,300,100,3.9,21.8,0.0,0,212.6967015,1500,400,4.1,25.3,0.1,32,-282.7393791,3100,600,5.2,28.3,0.1
41.945855,1,AUTO,ARMED,5,AVAILABLE,UNAVAILABLE,UNAVAILABLE,31,6,ACTIVE,719,E_P3-A5_AB.NC,E_P3-A5_AB.NC,7,0.000668021,18,0.0005,1630886.967,470753.216,184.4,2196.9502,100,0.0,39,100,0,1,100,7000.0,3500,800,4.2,25.3,0.3,6,399.9560026,300,100,3.7,21.8,0.1,0,212.6967015,6400,400,17.9,25.3,0.1,32,-282.7394248,500,100,4.0,28.3,0.1
42.101008,1,AUTO,ARMED,5,AVAILABLE,UNAVAILABLE,UNAVAILABLE,31,6,ACTIVE,719,E_P3-A5_AB.NC,E_P3-A5_AB.NC,7,0.000668021,18,0.0005,1630886.967,470753.216,184.4,2196.9502,100,0.0,39,100,0,1,100,7000.0,3500,800,4.2,25.3,0.3,6,399.9560026,300,100,3.7,21.8,0.1,0,212.6967015,6400,400,17.9,25.3,0.1,32,-282.7394134,500,100,4.0,28.3,0.1
42.247878,1,AUTO,ARMED,5,AVAILABLE,UNAVAILABLE,UNAVAILABLE,32,6,ACTIVE,719,E_P3-A5_AB.NC,E_P3-A5_AB.NC,7,0.000668021,18,0.0005,1630886.967,470753.216,184.4,2187.4712,100,0.0,40,100,0,1,100,7000.0,3500,800,4.2,25.3,0.3,6,399.8140269,300,100,3.7,21.8,0.1,0,213.0076762,6400,400,17.9,25.3,0.1,32,-282.739402,500,100,4.0,28.3,0.1
42.3913,1,AUTO,ARMED,5,AVAILABLE,UNAVAILABLE,UNAVAILABLE,33,6,ACTIVE,719,E_P3-A5_AB.NC,E_P3-A5_AB.NC,7,0.000668021,18,0.0005,1630886.967,470753.216,184.4,2187.4712,100,0.0,40,100,0,1,100,7000.0,3500,800,4.2,25.3,0.3,21,398.1357839,300,100,3.7,21.8,0.1,1,213.0140159,6400,400,17.9,25.3,0.1,32,-282.7393676,500,100,4.0,28.3,0.1
42.530409,1,AUTO,ARMED,5,AVAILABLE,UNAVAILABLE,UNAVAILABLE,33,6,ACTIVE,719,E_P3-A5_AB.NC,E_P3-A5_AB.NC,7,0.000668021,18,0.0005,1630886.967,470753.216,184.4,2187.4712,100,16.93333,40,100,0,1,100,7000.0,3500,800,4.2,25.3,0.3,21,396.3913551,300,100,3.7,21.8,0.1,1,213.0141303,6400,400,17.9,25.3,0.1,32,-282.7394134,500,100,4.0,28.3,0.1
42.677166,1,AUTO,ARMED,5,AVAILABLE,UNAVAILABLE,UNAVAILABLE,33,6,ACTIVE,719,E_P3-A5_AB.NC,E_P3-A5_AB.NC,7,0.000668021,18,0.0005,1630886.967,470753.216,184.4,2187.4712,100,16.93333,40,100,0,0,100,7000.0,3500,800,4.2,25.3,0.3,10,394.647407,300,100,3.7,21.8,0.1,4,213.0141761,6400,400,17.9,25.3,0.1,32,-282.7394134,500,100,4.0,28.3,0.1
42.819419,1,AUTO,ARMED,5,AVAILABLE,UNAVAILABLE,UNAVAILABLE,33,6,ACTIVE,719,E_P3-A5_AB.NC,E_P3-A5_AB.NC,7,0.000668021,18,0.0005,1630886.967,470753.216,184.4,2187.4712,100,16.93333,40,100,0,0,100,7000.0,3500,800,4.2,25.3,0.3,9,392.8946234,300,100,3.7,21.8,0.1,4,213.014199,6400,400,17.9,25.3,0.1,32,-282.7393562,500,100,4.0,28.3,0.1
42.972832,1,AUTO,ARMED,5,AVAILABLE,UNAVAILABLE,UNAVAILABLE,33,6,ACTIVE,719,E_P3-A5_AB.NC,E_P3-A5_AB.NC,7,0.000668021,18,0.0005,1630886.967,470753.216,184.4,2187.4712,100,16.93333,40,100,0,1,100,7000.0,3500,800,4.2,25.3,0.3,8,387.6578922,300,100,3.7,21.8,0.1,4,213.0141417,6400,400,17.9,25.3,0.1,32,-282.7393676,500,100,4.0,28.3,0.1
43.122831,1,AUTO,ARMED,5,AVAILABLE,UNAVAILABLE,UNAVAILABLE,33,6,ACTIVE,719,E_P3-A5_AB.NC,E_P3-A5_AB.NC,7,0.000668021,18,0.0005,1630886.967,470753.216,184.4,2187.4712,100,16.93333,40,100,0,1,100,7000.0,3500,800,4.2,25.3,0.3,8,386.7858037,300,100,3.7,21.8,0.1,4,213.0141303,6400,400,17.9,25.3,0.1,32,-282.7393905,500,100,4.0,28.3,0.1
43.273373,1,AUTO,ARMED,5,AVAILABLE,UNAVAILABLE,UNAVAILABLE,33,6,ACTIVE,719,E_P3-A5_AB.NC,E_P3-A5_AB.NC,7,0.000668021,18,0.0005,1630886.967,470753.216,184.4,2592.9731,100,16.93333,41,100,0,0,100,7000.0,5100,1400,3.6,25.3,0.3,6,385.046342,600,200,2.9,21.8,0.1,5,213.0141532,1600,400,3.9,25.3,0.2,32,-282.7393676,1100,300,3.8,28.3,0.1
43.419081,1,AUTO,ARMED,5,AVAILABLE,UNAVAILABLE,UNAVAILABLE,33,6,ACTIVE,719,E_P3-A5_AB.NC,E_P3-A5_AB.NC,7,0.000668021,18,0.0005,1630886.967,470753.216,184.4,2592.9731,100,16.93333,41,100,0,0,100,7000.0,5100,1400,3.6,25.3,0.3,6,381.5495187,600,200,2.9,21.8,0.1,5,213.0141761,1600,400,3.9,25.3,0.2,32,-282.7393905,1100,300,3.8,28.3,0.1
43.561833,1,AUTO,ARMED,5,AVAILABLE,UNAVAILABLE,UNAVAILABLE,33,6,ACTIVE,719,E_P3-A5_AB.NC,E_P3-A5_AB.NC,7,0.000668021,18,0.0005,1630886.967,470753.216,184.4,2592.9731,100,16.93333,41,100,0,0,100,7000.0,5100,1400,3.6,25.3,0.3,6,379.8093102,600,200,2.9,21.8,0.1,5,213.0141875,1600,400,3.9,25.3,0.2,32,-282.7393676,1100,300,3.8,28.3,0.1
43.703306,1,AUTO,ARMED,5,AVAILABLE,UNAVAILABLE,UNAVAILABLE,33,6,ACTIVE,719,E_P3-A5_AB.NC,E_P3-A5_AB.NC,7,0.000668021,18,0.0005,1630886.967,470753.216,184.4,2592.9731,100,16.93333,41,100,0,0,100,7000.0,5100,1400,3.6,25.3,0.3,6,376.3127545,600,200,2.9,21.8,0.1,5,213.0141875,1600,400,3.9,25.3,0.2,32,-282.7393791,1100,300,3.8,28.3,0.1
43.862396,1,AUTO,ARMED,5,AVAILABLE,UNAVAILABLE,UNAVAILABLE,33,6,ACTIVE,719,E_P3-A5_AB.NC,E_P3-A5_AB.NC,7,0.000668021,18,0.0005,1630886.967,470753.216,184.4,2592.9731,100,16.93333,41,100,0,0,100,7000.0,5100,1400,3.6,25.3,0.3,6,374.5685279,600,200,2.9,21.8,0.1,5,213.0141875,1600,400,3.9,25.3,0.2,32,-282.7393791,1100,300,3.8,28.3,0.1
44.016781,1,AUTO,ARMED,5,AVAILABLE,UNAVAILABLE,UNAVAILABLE,33,6,ACTIVE,719,E_P3-A5_AB.NC,E_P3-A5_AB.NC,7,0.000668021,18,0.0005,1630886.967,470753.216,184.4,2592.9731,100,16.93333,41,100,0,0,100,7000.0,5100,1400,3.6,25.3,0.3,6,371.0719265,600,200,2.9,21.8,0.1,5,213.0141875,1600,400,3.9,25.3,0.2,32,-282.739402,1100,300,3.8,28.3,0.1
44.161224,1,AUTO,ARMED,5,AVAILABLE,UNAVAILABLE,UNAVAILABLE,33,6,ACTIVE,719,E_P3-A5_AB.NC,E_P3-A5_AB.NC,7,0.000668021,18,0.0005,1630886.967,470753.216,184.4,2592.9731,100,16.93333,42,100,0,0,100,7000.0,5100,1400,3.6,25.3,0.3,7,369.3321402,600,200,2.9,21.8,0.1,5,213.0142104,1600,400,3.9,25.3,0.2,32,-282.7393791,1100,300,3.8,28.3,0.1
44.30111,1,AUTO,ARMED,5,AVAILABLE,UNAVAILABLE,UNAVAILABLE,33,6,ACTIVE,719,E_P3-A5_AB.NC,E_P3-A5_AB.NC,7,0.000668021,18,0.0005,1630886.967,470753.216,184.4,2592.9731,100,16.93333,42,100,0,0,100,7000.0,5100,1400,3.6,25.3,0.3,7,367.5878335,600,200,2.9,21.8,0.1,5,213.0142104,1600,400,3.9,25.3,0.2,32,-282.7394363,1100,300,3.8,28.3,0.1
44.45154,1,AUTO,ARMED,5,AVAILABLE,UNAVAILABLE,UNAVAILABLE,33,6,ACTIVE,719,E_P3-A5_AB.NC,E_P3-A5_AB.NC,7,0.000668021,18,0.0005,1630886.967,470753.216,184.4,2622.8667,100,16.93333,42,100,0,2,100,7000.0,5100,1400,3.6,25.3,0.3,6,362.3513771,600,200,2.9,21.8,0.1,5,213.0142104,1600,400,3.9,25.3,0.2,32,-282.7394248,1100,300,3.8,28.3,0.1
44.626221,1,AUTO,ARMED,5,AVAILABLE,UNAVAILABLE,UNAVAILABLE,33,6,ACTIVE,719,E_P3-A5_AB.NC,E_P3-A5_AB.NC,7,0.000668021,18,0.0005,1630886.967,470753.216,184.4,2622.8667,100,16.93333,42,100,0,2,100,7000.0,5100,1400,3.6,25.3,0.3,6,360.6070018,600,200,2.9,21.8,0.1,5,213.0142104,1600,400,3.9,25.3,0.2,32,-282.7394248,1100,300,3.8,28.3,0.1
44.767591,1,AUTO,ARMED,5,AVAILABLE,UNAVAILABLE,UNAVAILABLE,33,6,ACTIVE,719,E_P3-A5_AB.NC,E_P3-A5_AB.NC,7,0.000668021,18,0.0005,1630886.967,470753.216,184.4,2622.8667,100,16.93333,42,100,0,0,100,7000.0,5100,1400,3.6,25.3,0.3,7,358.8587697,600,200,2.9,21.8,0.1,5,213.0142219,1600,400,3.9,25.3,0.2,32,-282.739402,1100,300,3.8,28.3,0.1
44.91201,1,AUTO,ARMED,5,AVAILABLE,UNAVAILABLE,UNAVAILABLE,33,6,ACTIVE,719,E_P3-A5_AB.NC,E_P3-A5_AB.NC,7,0.000668021,18,0.0005,1630886.967,470753.216,184.4,2622.8667,100,16.93333,42,100,0,0,100,7000.0,5800,1400,4.0,25.3,0.3,7,355.3704724,800,200,3.5,21.8,0.1,5,213.0142219,1500,400,3.8,25.3,0.1,32,-282.7394134,1200,300,4.0,28.3,0.1
45.053833,1,AUTO,ARMED,5,AVAILABLE,UNAVAILABLE,UNAVAILABLE,33,6,ACTIVE,719,E_P3-A5_AB.NC,E_P3-A5_AB.NC,7,0.000668021,18,0.0005,1630886.967,470753.216,184.4,2622.8667,100,16.93333,42,100,0,0,100,7000.0,5800,1400,4.0,25.3,0.3,7,354.4941949,800,200,3.5,21.8,0.1,5,213.0142219,1500,400,3.8,25.3,0.1,32,-282.7394363,1200,300,4.0,28.3,0.1
45.199151,1,AUTO,ARMED,5,AVAILABLE,UNAVAILABLE,UNAVAILABLE,33,6,ACTIVE,719,E_P3-A5_AB.NC,E_P3-A5_AB.NC,7,0.000668021,18,0.0005,1630886.967,470753.216,184.4,2622.8667,100,16.93333,43,100,0,3,100,7000.0,5800,1400,4.0,25.3,0.3,8,352.7502572,800,200,3.5,21.8,0.1,5,213.0142219,1500,400,3.8,25.3,0.1,32,-282.7394134,1200,300,4.0,28.3,0.1
45.349876,1,AUTO,ARMED,5,AVAILABLE,UNAVAILABLE,UNAVAILABLE,33,6,ACTIVE,719,E_P3-A5_AB.NC,E_P3-A5_AB.NC,7,0.000668021,18,0.0005,1630886.967,470753.216,184.4,2622.8667,100,16.93333,43,100,0,2,100,7000.0,5800,1400,4.0,25.3,0.3,8,351.0058731,800,200,3.5,21.8,0.1,5,213.0142219,1500,400,3.8,25.3,0.1,32,-282.7393905,1200,300,4.0,28.3,0.1
45.494273,1,AUTO,ARMED,5,AVAILABLE,UNAVAILABLE,UNAVAILABLE,33,6,ACTIVE,719,E_P3-A5_AB.NC,E_P3-A5_AB.NC,7,0.000668021,18,0.0005,1630886.967,470753.216,184.4,2632.4888,100,16.93333,43,100,0,0,100,7000.0,5800,1400,4.0,25.3,0.3,7,345.769162,800,200,3.5,21.8,0.1,5,213.014199,1500,400,3.8,25.3,0.1,32,-282.7393905,1200,300,4.0,28.3,0.1
45.637192,1,AUTO,ARMED,5,AVAILABLE,UNAVAILABLE,UNAVAILABLE,33,6,ACTIVE,719,E_P3-A5_AB.NC,E_P3-A5_AB.NC,7,0.000668021,18,0.0005,1630886.967,470753.216,184.4,2632.4888,100,16.93333,43,100,0,0,100,7000.0,5800,1400,4.0,25.3,0.3,7,344.0252929,800,200,3.5,21.8,0.1,5,213.0142219,1500,400,3.8,25.3,0.1,32,-282.7394248,1200,300,4.0,28.3,0.1
45.779713,1,AUTO,ARMED,5,AVAILABLE,UNAVAILABLE,UNAVAILABLE,33,6,ACTIVE,719,E_P3-A5_AB.NC,E_P3-A5_AB.NC,7,0.000668021,18,0.0005,1630886.967,470753.216,184.4,2632.4888,100,16.93333,43,100,0,0,100,7000.0,5800,1400,4.0,25.3,0.3,8,342.2767777,800,200,3.5,21.8,0.1,5,213.0142104,1500,400,3.8,25.3,0.1,32,-282.7393791,1200,300,4.0,28.3,0.1
45.919853,1,AUTO,ARMED,5,AVAILABLE,UNAVAILABLE,UNAVAILABLE,33,6,ACTIVE,719,E_P3-A5_AB.NC,E_P3-A5_AB.NC,7,0.000668021,18,0.0005,1630886.967,470753.216,184.4,2632.4888,100,16.93333,43,100,0,0,100,7000.0,5800,1400,4.0,25.3,0.3,8,340.532817,800,200,3.5,21.8,0.1,5,213.014199,1500,400,3.8,25.3,0.1,32,-282.7393791,1200,300,4.0,28.3,0.1
46.113934,1,AUTO,ARMED,5,AVAILABLE,UNAVAILABLE,UNAVAILABLE,33,6,ACTIVE,719,E_P3-A5_AB.NC,E_P3-A5_AB.NC,7,0.000668021,18,0.0005,1630886.967,470753.216,184.4,2632.4888,100,16.93333,43,100,0,1,100,7000.0,5800,1400,4.0,25.3,0.3,7,337.0361642,800,200,3.5,21.8,0.1,5,213.0141761,1500,400,3.8,25.3,0.1,32,-282.7393791,1200,300,4.0,28.3,0.1
46.26516,1,AUTO,ARMED,5,AVAILABLE,UNAVAILABLE,UNAVAILABLE,33,6,ACTIVE,719,E_P3-A5_AB.NC,E_P3-A5_AB.NC,7,0.000668021,18,0.0005,1630886.967,470753.216,184.4,2632.4888,100,16.93333,44,100,0,1,100,7000.0,6300,1000,6.4,25.3,0.3,9,333.5520766,300,100,3.3,21.8,0.0,5,213.0141875,1100,300,3.2,25.3,0.1,32,-282.7394134,900,100,6.2,28.2,0.1
46.41189,1,AUTO,ARMED,5,AVAILABLE,UNAVAILABLE,UNAVAILABLE,33,6,ACTIVE,719,E_P3-A5_AB.NC,E_P3-A5_AB.NC,7,0.000668021,18,0.0005,1630886.967,470753.216,184.4,2632.4888,100,16.93333,44,100,0,1,100,7000.0,6300,1000,6.4,25.3,0.3,9,331.7993386,300,100,3.3,21.8,0.0,5,213.0142219,1100,300,3.2,25.3,0.1,32,-282.7393562,900,100,6.2,28.2,0.1
46.552139,1,AUTO,ARMED,5,AVAILABLE,UNAVAILABLE,UNAVAILABLE,33,6,ACTIVE,719,E_P3-A5_AB.NC,E_P3-A5_AB.NC,7,0.000668021,18,0.0005,1630886.967,470753.216,184.4,2216.6167,100,16.93333,44,100,0,1,100,7000.0,6300,1000,6.4,25.3,0.3,8,328.3152122,300,100,3.3,21.8,0.0,4,213.0142447,1100,300,3.2,25.3,0.1,32,-282.7393905,900,100,6.2,28.2,0.1
46.712015,1,AUTO,ARMED,5,AVAILABLE,UNAVAILABLE,UNAVAILABLE,33,6,ACTIVE,719,E_P3-A5_AB.NC,E_P3-A5_AB.NC,7,0.000668021,18,0.0005,1630886.967,470753.216,184.4,2216.6167,100,16.93333,44,100,0,1,100,7000.0,6300,1000,6.4,25.3,0.3,10,324.8227271,300,100,3.3,21.8,0.0,4,213.0142104,1100,300,3.2,25.3,0.1,32,-282.7393791,900,100,6.2,28.2,0.1
46.854083,1,AUTO,ARMED,5,AVAILABLE,UNAVAILABLE,UNAVAILABLE,33,6,ACTIVE,719,E_P3-A5_AB.NC,E_P3-A5_AB.NC,7,0.000668021,18,0.0005,1630886.967,470753.216,184.4,2216.6167,100,16.93333,44,100,0,1,100,7000.0,6300,1000,6.4,25.3,0.3,8,323.0786246,300,100,3.3,21.8,0.0,4,213.014199,1100,300,3.2,25.3,0.1,32,-282.7394248,900,100,6.2,28.2,0.1
46.999588,1,AUTO,ARMED,5,AVAILABLE,UNAVAILABLE,UNAVAILABLE,33,6,ACTIVE,719,E_P3-A5_AB.NC,E_P3-A5_AB.NC,7,0.000668021,18,0.0005,1630886.967,470753.216,184.4,2216.6167,100,16.93333,44,100,0,2,100,7000.0,6300,1000,6.4,25.3,0.3,8,320.4582193,300,100,3.3,21.8,0.0,4,213.0142104,1100,300,3.2,25.3,0.1,32,-282.7394134,900,100,6.2,28.2,0.1
47.141776,1,AUTO,ARMED,5,AVAILABLE,UNAVAILABLE,UNAVAILABLE,33,6,ACTIVE,719,E_P3-A5_AB.NC,E_P3-A5_AB.NC,7,0.000668021,18,0.0005,1630886.967,470753.216,184.4,2216.6167,100,9.4,45,100,0,2,100,7000.0,6300,1000,6.4,25.3,0.3,8,318.7148722,300,100,3.3,21.8,0.0,4,213.014199,1100,300,3.2,25.3,0.1,32,-282.7393905,900,100,6.2,28.2,0.1
47.288875,1,AUTO,ARMED,5,AVAILABLE,UNAVAILABLE,UNAVAILABLE,33,6,ACTIVE,719,E_P3-A5_AB.NC,E_P3-A5_AB.NC,7,0.000668021,18,0.0005,1630886.967,470753.216,184.4,2216.6167,100,0.0,45,100,0,1,100,7000.0,6300,1000,6.4,25.3,0.3,8,318.16917,300,100,3.3,21.8,0.0,4,213.0142104,1100,300,3.2,25.3,0.1,32,-282.7393905,900,100,6.2,28.2,0.1
47.439536,1,AUTO,ARMED,5,AVAILABLE,UNAVAILABLE,UNAVAILABLE,34,6,ACTIVE,719,E_P3-A5_AB.NC,E_P3-A5_AB.NC,7,0.000668021,18,0.0005,1630886.967,470753.216,184.4,2216.6167,100,0.0,45,100,0,1,100,7000.0,6300,1000,6.4,25.3,0.3,8,318.1679225,300,100,3.3,21.8,0.0,4,213.0142104,1100,300,3.2,25.3,0.1,32,-282.7394248,900,100,6.2,28.2,0.1
47.578512,1,AUTO,ARMED,5,AVAILABLE,UNAVAILABLE,UNAVAILABLE,34,6,ACTIVE,719,E_P3-A5_AB.NC,E_P3-A5_AB.NC,7,0.000668021,18,0.0005,1630886.967,470753.216,184.4,2216.6167,100,0.0,45,100,0,1,100,7000.0,6300,1000,6.4,25.3,0.3,7,318.1679798,300,100,3.3,21.8,0.0,4,213.014199,1100,300,3.2,25.3,0.1,32,-282.7394248,900,100,6.2,28.2,0.1
47.724814,1,AUTO,ARMED,5,AVAILABLE,UNAVAILABLE,UNAVAILABLE,34,6,ACTIVE,719,E_P3-A5_AB.NC,E_P3-A5_AB.NC,7,0.000668021,18,0.0005,1630886.967,470753.216,184.4,2215.6411,100,0.0,45,100,0,2,100,7000.0,6300,1000,6.4,25.3,0.3,6,318.1679912,300,100,3.3,21.8,0.0,4,213.014199,1100,300,3.2,25.3,0.1,32,-282.739402,900,100,6.2,28.2,0.1
47.868022,1,AUTO,ARMED,5,AVAILABLE,UNAVAILABLE,UNAVAILABLE,34,6,ACTIVE,719,E_P3-A5_AB.NC,E_P3-A5_AB.NC,7,0.000668021,18,0.0005,1630886.967,470753.216,184.4,2215.6411,100,0.0,45,100,0,2,100,7000.0,6300,1000,6.4,25.3,0.3,6,318.1679912,300,100,3.3,21.8,0.0,4,213.014199,1100,300,3.2,25.3,0.1,32,-282.7393905,900,100,6.2,28.2,0.1
48.007515,1,AUTO,ARMED,5,AVAILABLE,UNAVAILABLE,UNAVAILABLE,34,6,ACTIVE,719,E_P3-A5_AB.NC,E_P3-A5_AB.NC,7,0.000668021,18,0.0005,1630886.967,470753.216,184.4,2215.6411,100,0.0,45,100,0,2,100,7000.0,3300,800,4.0,25.3,0.2,6,318.1680026,200,100,3.7,21.8,0.0,4,213.014199,1700,500,3.7,25.3,0.2,32,-282.7394134,500,100,3.7,28.2,0.1
48.150443,1,AUTO,ARMED,5,AVAILABLE,UNAVAILABLE,UNAVAILABLE,34,6,ACTIVE,719,E_P3-A5_AB.NC,E_P3-A5_AB.NC,7,0.000668021,18,0.0005,1630886.967,470753.216,184.4,2215.6411,100,0.0,46,100,0,2,100,7000.0,3300,800,4.0,25.3,0.2,6,318.1679912,200,100,3.7,21.8,0.0,4,213.014199,1700,500,3.7,25.3,0.2,32,-282.7393905,500,100,3.7,28.2,0.1
48.287818,1,AUTO,ARMED,5,AVAILABLE,UNAVAILABLE,UNAVAILABLE,34,6,ACTIVE,719,E_P3-A5_AB.NC,E_P3-A5_AB.NC,7,0.000668021,18,0.0005,1630886.967,470753.216,184.4,2215.6411,100,0.0,46,100,0,2,100,7000.0,3300,800,4.0,25.3,0.2,6,318.1680141,200,100,3.7,21.8,0.0,4,213.014199,1700,500,3.7,25.3,0.2,32,-282.7394134,500,100,3.7,28.2,0.1
48.432486,1,AUTO,ARMED,5,AVAILABLE,UNAVAILABLE,UNAVAILABLE,37,6,ACTIVE,719,E_P3-A5_AB.NC,E_P3-A5_AB.NC,7,0.000668021,18,0.0005,1630886.967,470753.216,184.4,2215.6411,100,0.0,46,100,0,2,100,7000.0,3300,800,4.0,25.3,0.2,6,318.1680026,200,100,3.7,21.8,0.0,4,213.014199,1700,500,3.7,25.3,0.2,32,-282.739402,500,100,3.7,28.2,0.1
48.577826,1,AUTO,ARMED,5,AVAILABLE,UNAVAILABLE,UNAVAILABLE,37,6,ACTIVE,719,E_P3-A5_AB.NC,E_P3-A5_AB.NC,7,0.000668021,18,0.0005,1630886.967,470753.216,184.4,2215.6411,100,0.0,46,100,0,11,100,6614.18878,3300,800,4.0,25.3,0.2,6,318.1679912,200,100,3.7,21.8,0.0,4,213.014199,1700,500,3.7,25.3,0.2,32,-282.739402,500,100,3.7,28.2,0.1
48.723077,1,AUTO,ARMED,5,AVAILABLE,UNAVAILABLE,UNAVAILABLE,37,6,ACTIVE,719,E_P3-A5_AB.NC,E_P3-A5_AB.NC,7,0.000668021,18,0.0005,1630886.967,470753.216,184.4,2215.6411,100,0.0,46,100,0,12,100,6412.883508,3300,800,4.0,25.3,0.2,6,318.1680026,200,100,3.7,21.8,0.0,4,213.014199,1700,500,3.7,25.3,0.2,32,-282.739402,500,100,3.7,28.2,0.1
48.86081,1,AUTO,ARMED,5,AVAILABLE,UNAVAILABLE,UNAVAILABLE,37,6,ACTIVE,719,E_P3-A5_AB.NC,E_P3-A5_AB.NC,7,0.000668021,18,0.0005,1630886.967,470753.216,184.4,-5868.6177,100,0.0,46,100,0,12,100,6307.2815,3300,800,4.0,25.3,0.2,6,318.1680026,200,100,3.7,21.8,0.0,4,213.014199,1700,500,3.7,25.3,0.2,32,-282.739402,500,100,3.7,28.2,0.1
49.009667,1,AUTO,ARMED,5,AVAILABLE,UNAVAILABLE,UNAVAILABLE,37,6,ACTIVE,719,E_P3-A5_AB.NC,E_P3-A5_AB.NC,7,0.000668021,18,0.0005,1630886.967,470753.216,184.4,-5868.6177,100,0.0,46,100,0,13,100,5871.352185,3300,800,4.0,25.3,0.2,6,318.1680026,200,100,3.7,21.8,0.0,4,213.0142104,1700,500,3.7,25.3,0.2,32,-282.739402,500,100,3.7,28.2,0.1
49.154625,1,AUTO,ARMED,5,AVAILABLE,UNAVAILABLE,UNAVAILABLE,37,6,ACTIVE,719,E_P3-A5_AB.NC,E_P3-A5_AB.NC,7,0.000668021,18,0.0005,1630886.967,470753.216,184.4,-5868.6177,100,0.0,47,100,0,14,100,5250.0,3300,800,4.0,25.3,0.2,6,318.1680026,200,100,3.7,21.8,0.0,4,213.014199,1700,500,3.7,25.3,0.2,32,-282.739402,500,100,3.7,28.2,0.1
49.296891,1,AUTO,ARMED,5,AVAILABLE,UNAVAILABLE,UNAVAILABLE,37,6,ACTIVE,719,E_P3-A5_AB.NC,E_P3-A5_AB.NC,7,0.000668021,18,0.0005,1630886.967,470753.216,184.4,-5868.6177,100,0.0,47,100,0,14,100,5250.0,3300,800,4.0,25.3,0.2,6,318.1679912,200,100,3.7,21.8,0.0,4,213.2056129,1700,500,3.7,25.3,0.2,32,-282.739402,500,100,3.7,28.2,0.1
49.439552,1,AUTO,ARMED,5,AVAILABLE,UNAVAILABLE,UNAVAILABLE,38,6,ACTIVE,719,E_P3-A5_AB.NC,E_P3-A5_AB.NC,7,0.000668021,18,0.0005,1630886.967,470753.216,184.4,-5868.6177,100,0.0,47,100,0,14,100,5250.0,3300,800,4.0,25.3,0.2,6,318.1680026,200,100,3.7,21.8,0.0,4,213.2046516,1700,500,3.7,25.3,0.2,32,-282.739402,500,100,3.7,28.2,0.1
49.579775,1,AUTO,ARMED,5,AVAILABLE,UNAVAILABLE,UNAVAILABLE,38,6,ACTIVE,719,E_P3-A5_AB.NC,E_P3-A5_AB.NC,7,0.000668021,18,0.0005,1630886.967,470753.216,184.4,-5868.6177,100,0.0,47,100,0,1,100,5250.0,3300,800,4.0,25.3,0.2,6,318.1680026,200,100,3.7,21.8,0.0,1,213.2046745,1700,500,3.7,25.3,0.2,32,-282.7393905,500,100,3.7,28.2,0.1
49.721848,1,AUTO,ARMED,5,AVAILABLE,UNAVAILABLE,UNAVAILABLE,38,6,ACTIVE,719,E_P3-A5_AB.NC,E_P3-A5_AB.NC,7,0.000668021,18,0.0005,1630886.967,470753.216,184.4,2105.0308,100,0.0,47,100,0,1,100,5250.0,3900,1000,4.0,25.3,0.2,6,318.1679912,300,100,4.1,21.8,0.1,0,213.204686,900,300,3.0,25.3,0.1,32,-282.739402,400,100,4.0,28.2,0.1
49.870297,1,AUTO,ARMED,5,AVAILABLE,UNAVAILABLE,UNAVAILABLE,38,6,ACTIVE,719,E_P3-A5_AB.NC,E_P3-A5_AB.NC,7,0.000668021,18,0.0005,1630886.967,470753.216,184.4,2105.0308,100,0.0,47,100,0,2,100,5250.0,3900,1000,4.0,25.3,0.2,6,318.1680026,300,100,4.1,21.8,0.1,0,213.2046974,900,300,3.0,25.3,0.1,32,-282.739402,400,100,4.0,28.2,0.1
50.013215,1,AUTO,ARMED,5,AVAILABLE,UNAVAILABLE,UNAVAILABLE,38,6,ACTIVE,719,E_P3-A5_AB.NC,E_P3-A5_AB.NC,7,0.000668021,18,0.0005,1630886.967,470753.216,184.4,2105.0308,100,0.0,47,100,0,2,100,5250.0,3900,1000,4.0,25.3,0.2,6,318.1679912,300,100,4.1,21.8,0.1,0,213.2046974,900,300,3.0,25.3,0.1,32,-282.739402,400,100,4.0,28.2,0.1
50.17186,1,AUTO,ARMED,5,AVAILABLE,UNAVAILABLE,UNAVAILABLE,38,6,ACTIVE,719,E_P3-A5_AB.NC,E_P3-A5_AB.NC,7,0.000668021,18,0.0005,1630886.967,470753.216,184.4,2105.0308,100,0.0,48,100,0,2,100,5250.0,3900,1000,4.0,25.3,0.2,6,318.1680026,300,100,4.1,21.8,0.1,0,213.2046974,900,300,3.0,25.3,0.1,32,-282.7393905,400,100,4.0,28.2,0.1
50.316574,1,AUTO,ARMED,5,AVAILABLE,UNAVAILABLE,UNAVAILABLE,38,6,ACTIVE,719,E_P3-A5_AB.NC,E_P3-A5_AB.NC,7,0.000668021,18,0.0005,1630886.967,470753.216,184.4,2105.0308,100,0.0,48,100,0,3,100,5250.0,3900,1000,4.0,25.3,0.2,6,318.6704042,300,100,4.1,21.8,0.1,0,213.2046974,900,300,3.0,25.3,0.1,32,-282.7393905,400,100,4.0,28.2,0.1
50.625892,1,AUTO,ARMED,5,AVAILABLE,UNAVAILABLE,UNAVAILABLE,39,6,ACTIVE,719,E_P3-A5_AB.NC,E_P3-A5_AB.NC,7,0.000668021,18,0.0005,1630886.967,470753.216,184.4,2105.0308,100,14.81667,48,100,0,0,100,5250.0,3900,1000,4.0,25.3,0.2,9,324.7761356,300,100,4.1,21.8,0.1,0,213.2046974,900,300,3.0,25.3,0.1,32,-282.7393905,400,100,4.0,28.2,0.1
50.773169,1,AUTO,ARMED,5,AVAILABLE,UNAVAILABLE,UNAVAILABLE,39,6,ACTIVE,719,E_P3-A5_AB.NC,E_P3-A5_AB.NC,7,0.000668021,18,0.0005,1630886.967,470753.216,184.4,2105.0308,100,14.81667,48,100,0,0,100,5250.0,3900,1000,4.0,25.3,0.2,9,325.5390459,300,100,4.1,21.8,0.1,0,213.2046974,900,300,3.0,25.3,0.1,32,-282.739402,400,100,4.0,28.2,0.1
50.957859,1,AUTO,ARMED,5,AVAILABLE,UNAVAILABLE,UNAVAILABLE,39,6,ACTIVE,719,E_P3-A5_AB.NC,E_P3-A5_AB.NC,7,0.000668021,18,0.0005,1630886.967,470753.216,184.4,2355.3125,100,14.81667,48,100,0,2,100,5250.0,3900,1000,4.0,25.3,0.2,9,328.5950703,300,100,4.1,21.8,0.1,0,213.2046974,900,300,3.0,25.3,0.1,32,-282.739402,400,100,4.0,28.2,0.1
51.105213,1,AUTO,ARMED,5,AVAILABLE,UNAVAILABLE,UNAVAILABLE,39,6,ACTIVE,719,E_P3-A5_AB.NC,E_P3-A5_AB.NC,7,0.000668021,18,0.0005,1630886.967,470753.216,184.4,2355.3125,100,14.81667,48,100,0,0,100,5250.0,3900,1000,4.0,25.3,0.2,9,330.1209023,300,100,4.1,21.8,0.1,0,213.2046745,900,300,3.0,25.3,0.1,32,-282.739402,400,100,4.0,28.2,0.1
51.261646,1,AUTO,ARMED,5,AVAILABLE,UNAVAILABLE,UNAVAILABLE,39,6,ACTIVE,719,E_P3-A5_AB.NC,E_P3-A5_AB.NC,7,0.000668021,18,0.0005,1630886.967,470753.216,184.4,2355.3125,100,14.81667,49,100,0,0,100,5250.0,3900,1000,4.0,25.3,0.2,9,333.1810293,300,100,4.1,21.8,0.1,0,213.2046631,900,300,3.0,25.3,0.1,32,-282.7394134,400,100,4.0,28.2,0.1
51.434973,1,AUTO,ARMED,5,AVAILABLE,UNAVAILABLE,UNAVAILABLE,39,6,ACTIVE,719,E_P3-A5_AB.NC,E_P3-A5_AB.NC,7,0.000668021,18,0.0005,1630886.967,470753.216,184.4,2355.3125,100,14.81667,49,100,0,4,100,5250.0,4700,1200,3.8,25.3,0.3,9,336.2368724,800,200,3.1,21.8,0.1,0,213.2046974,1500,400,4.0,25.3,0.1,32,-282.7394134,1400,400,3.3,28.2,0.1
51.571472,1,AUTO,ARMED,5,AVAILABLE,UNAVAILABLE,UNAVAILABLE,39,6,ACTIVE,719,E_P3-A5_AB.NC,E_P3-A5_AB.NC,7,0.000668021,18,0.0005,1630886.967,470753.216,184.4,2355.3125,100,14.81667,49,100,0,0,100,5250.0,4700,1200,3.8,25.3,0.3,11,337.7629343,800,200,3.1,21.8,0.1,0,213.2047089,1500,400,4.0,25.3,0.1,32,-282.739402,1400,400,3.3,28.2,0.1
51.711913,1,AUTO,ARMED,5,AVAILABLE,UNAVAILABLE,UNAVAILABLE,39,6,ACTIVE,719,E_P3-A5_AB.NC,E_P3-A5_AB.NC,7,0.000668021,18,0.0005,1630886.967,470753.216,184.4,2355.3125,100,14.81667,49,100,0,3,100,5250.0,4700,1200,3.8,25.3,0.3,9,340.818846,800,200,3.1,21.8,0.1,0,213.2047089,1500,400,4.0,25.3,0.1,32,-282.7394134,1400,400,3.3,28.2,0.1
51.851273,1,AUTO,ARMED,5,AVAILABLE,UNAVAILABLE,UNAVAILABLE,39,6,ACTIVE,719,E_P3-A5_AB.NC,E_P3-A5_AB.NC,7,0.000668021,18,0.0005,1630886.967,470753.216,184.4,2355.3125,100,14.81667,49,100,0,3,100,5250.0,4700,1200,3.8,25.3,0.3,9,342.3450567,800,200,3.1,21.8,0.1,0,213.2046974,1500,400,4.0,25.3,0.1,32,-282.7394134,1400,400,3.3,28.2,0.1
51.993829,1,AUTO,ARMED,5,AVAILABLE,UNAVAILABLE,UNAVAILABLE,39,6,ACTIVE,719,E_P3-A5_AB.NC,E_P3-A5_AB.NC,7,0.000668021,18,0.0005,1630886.967,470753.216,184.4,2355.3125,100,14.81667,49,100,0,1,100,5250.0,4700,1200,3.8,25.3,0.3,10,343.8712101,800,200,3.1,21.8,0.1,0,213.2047089,1500,400,4.0,25.3,0.1,32,-282.739402,1400,400,3.3,28.2,0.1
52.139571,1,AUTO,ARMED,5,AVAILABLE,UNAVAILABLE,UNAVAILABLE,39,6,ACTIVE,719,E_P3-A5_AB.NC,E_P3-A5_AB.NC,7,0.000668021,18,0.0005,1630886.967,470753.216,184.4,2370.5293,100,14.81667,50,100,0,2,100,5250.0,4700,1200,3.8,25.3,0.3,11,346.9306238,800,200,3.1,21.8,0.1,0,213.2047089,1500,400,4.0,25.3,0.1,32,-282.7394134,1400,400,3.3,28.2,0.1
52.286591,1,AUTO,ARMED,5,AVAILABLE,UNAVAILABLE,UNAVAILABLE,39,6,ACTIVE,719,E_P3-A5_AB.NC,E_P3-A5_AB.NC,7,0.000668021,18,0.0005,1630886.967,470753.216,184.4,2370.5293,100,14.81667,50,100,0,2,100,5250.0,4700,1200,3.8,25.3,0.3,11,348.4569031,800,200,3.1,21.8,0.1,0,213.2047089,1500,400,4.0,25.3,0.1,32,-282.7394134,1400,400,3.3,28.2,0.1
52.426834,1,AUTO,ARMED,5,AVAILABLE,UNAVAILABLE,UNAVAILABLE,39,6,ACTIVE,719,E_P3-A5_AB.NC,E_P3-A5_AB.NC,7,0.000668021,18,0.0005,1630886.967,470753.216,184.4,2370.5293,100,14.81667,50,100,0,1,100,5250.0,4700,1200,3.8,25.3,0.3,10,349.9792914,800,200,3.1,21.8,0.1,0,213.2047089,1500,400,4.0,25.3,0.1,32,-282.7394134,1400,400,3.3,28.2,0.1
52.569834,1,AUTO,ARMED,5,AVAILABLE,UNAVAILABLE,UNAVAILABLE,39,6,ACTIVE,719,E_P3-A5_AB.NC,E_P3-A5_AB.NC,7,0.000668021,18,0.0005,1630886.967,470753.216,184.4,2370.5293,100,14.81667,50,100,0,1,100,5250.0,4700,1200,3.8,25.3,0.3,10,351.5127805,800,200,3.1,21.8,0.1,0,213.2047089,1500,400,4.0,25.3,0.1,32,-282.7394134,1400,400,3.3,28.2,0.1
52.710959,1,AUTO,ARMED,5,AVAILABLE,UNAVAILABLE,UNAVAILABLE,39,6,ACTIVE,719,E_P3-A5_AB.NC,E_P3-A5_AB.NC,7,0.000668021,18,0.0005,1630886.967,470753.216,184.4,2370.5293,100,14.81667,50,100,0,2,100,5250.0,4700,1200,3.8,25.3,0.3,10,353.8018161,800,200,3.1,21.8,0.1,0,213.2046974,1500,400,4.0,25.3,0.1,32,-282.7393905,1400,400,3.3,28.2,0.1
52.862018,1,AUTO,ARMED,5,AVAILABLE,UNAVAILABLE,UNAVAILABLE,39,6,ACTIVE,719,E_P3-A5_AB.NC,E_P3-A5_AB.NC,7,0.000668021,18,0.0005,1630886.967,470753.216,184.4,2370.5293,100,14.81667,50,100,0,1,100,5250.0,4700,1200,3.8,25.3,0.3,11,356.8579993,800,200,3.1,21.8,0.1,0,213.2047089,1500,400,4.0,25.3,0.1,32,-282.7393905,1400,400,3.3,28.2,0.1
53.012526,1,AUTO,ARMED,5,AVAILABLE,UNAVAILABLE,UNAVAILABLE,39,6,ACTIVE,719,E_P3-A5_AB.NC,E_P3-A5_AB.NC,7,0.000668021,18,0.0005,1630886.967,470753.216,184.4,2370.5293,100,14.81667,50,100,0,1,100,5250.0,4700,1200,3.8,25.3,0.3,11,359.9100351,800,200,3.1,21.8,0.1,0,213.2046974,1500,400,4.0,25.3,0.1,32,-282.739402,1400,400,3.3,28.2,0.1
53.153347,1,AUTO,ARMED,5,AVAILABLE,UNAVAILABLE,UNAVAILABLE,39,6,ACTIVE,719,E_P3-A5_AB.NC,E_P3-A5_AB.NC,7,0.000668021,18,0.0005,1630886.967,470753.216,184.4,2314.5474,100,14.81667,51,100,0,1,100,5250.0,4700,1200,3.8,25.3,0.3,11,361.4398352,900,300,3.2,21.8,0.1,0,213.2047089,1300,400,3.5,25.3,0.1,32,-282.7393905,1400,400,3.4,28.2,0.1
53.301361,1,AUTO,ARMED,5,AVAILABLE,UNAVAILABLE,UNAVAILABLE,39,6,ACTIVE,719,E_P3-A5_AB.NC,E_P3-A5_AB.NC,7,0.000668021,18,0.0005,1630886.967,470753.216,184.4,2314.5474,100,14.81667,51,100,0,1,100,5250.0,4700,1200,3.8,25.3,0.3,9,362.966122,900,300,3.2,21.8,0.1,0,213.2047089,1300,400,3.5,25.3,0.1,32,-282.739402,1400,400,3.4,28.2,0.1
53.452801,1,AUTO,ARMED,5,AVAILABLE,UNAVAILABLE,UNAVAILABLE,39,6,ACTIVE,719,E_P3-A5_AB.NC,E_P3-A5_AB.NC,7,0.000668021,18,0.0005,1630886.967,470753.216,184.4,2314.5474,100,14.81667,51,100,0,0,100,5250.0,4700,1200,3.8,25.3,0.3,11,366.0256993,900,300,3.2,21.8,0.1,0,213.2047089,1300,400,3.5,25.3,0.1,32,-282.739402,1400,400,3.4,28.2,0.1
53.601079,1,AUTO,ARMED,5,AVAILABLE,UNAVAILABLE,UNAVAILABLE,39,6,ACTIVE,719,E_P3-A5_AB.NC,E_P3-A5_AB.NC,7,0.000668021,18,0.0005,1630886.967,470753.216,184.4,2314.5474,100,14.81667,51,100,0,0,100,5250.0,4700,1200,3.8,25.3,0.3,11,367.5517,900,300,3.2,21.8,0.1,0,213.2047089,1300,400,3.5,25.3,0.1,32,-282.739402,1400,400,3.4,28.2,0.1
53.755015,1,AUTO,ARMED,5,AVAILABLE,UNAVAILABLE,UNAVAILABLE,39,6,ACTIVE,719,E_P3-A5_AB.NC,E_P3-A5_AB.NC,7,0.000668021,18,0.0005,1630886.967,470753.216,184.4,2314.5474,100,14.81667,51,100,0,1,100,5250.0,4700,1200,3.8,25.3,0.3,10,370.6076382,900,300,3.2,21.8,0.1,0,213.2047089,1300,400,3.5,25.3,0.1,32,-282.7394134,1400,400,3.4,28.2,0.1
53.893603,1,AUTO,ARMED,5,AVAILABLE,UNAVAILABLE,UNAVAILABLE,39,6,ACTIVE,719,E_P3-A5_AB.NC,E_P3-A5_AB.NC,7,0.000668021,18,0.0005,1630886.967,470753.216,184.4,2314.5474,100,14.81667,51,100,0,2,100,5250.0,4700,1200,3.8,25.3,0.3,12,372.1338563,900,300,3.2,21.8,0.1,0,213.2047089,1300,400,3.5,25.3,0.1,32,-282.7394134,1400,400,3.4,28.2,0.1
54.043353,1,AUTO,ARMED,5,AVAILABLE,UNAVAILABLE,UNAVAILABLE,39,6,ACTIVE,719,E_P3-A5_AB.NC,E_P3-A5_AB.NC,7,0.000668021,18,0.0005,1630886.967,470753.216,184.4,2314.5474,100,14.81667,51,100,0,2,100,5250.0,4700,1200,3.8,25.3,0.3,12,373.6601889,900,300,3.2,21.8,0.1,0,213.2047089,1300,400,3.5,25.3,0.1,32,-282.739402,1400,400,3.4,28.2,0.1
54.181935,1,AUTO,ARMED,5,AVAILABLE,UNAVAILABLE,UNAVAILABLE,39,6,ACTIVE,719,E_P3-A5_AB.NC,E_P3-A5_AB.NC,7,0.000668021,18,0.0005,1630886.967,470753.216,184.4,2314.5474,100,14.81667,51,100,0,4,100,5250.0,4700,1200,3.8,25.3,0.3,11,375.1936282,900,300,3.2,21.8,0.1,0,213.2047089,1300,400,3.5,25.3,0.1,32,-282.7394134,1400,400,3.4,28.2,0.1
54.324476,1,AUTO,ARMED,5,AVAILABLE,UNAVAILABLE,UNAVAILABLE,39,6,ACTIVE,719,E_P3-A5_AB.NC,E_P3-A5_AB.NC,7,0.000668021,18,0.0005,1630886.967,470753.216,184.4,2368.7925,100,14.81667,52,100,0,0,100,5250.0,4700,1200,3.8,25.3,0.3,11,379.7757158,900,300,3.2,21.8,0.1,0,213.2047203,1300,400,3.5,25.3,0.1,32,-282.739402,1400,400,3.4,28.2,0.1
54.471542,1,AUTO,ARMED,5,AVAILABLE,UNAVAILABLE,UNAVAILABLE,39,6,ACTIVE,719,E_P3-A5_AB.NC,E_P3-A5_AB.NC,7,0.000668021,18,0.0005,1630886.967,470753.216,184.4,2368.7925,100,14.81667,52,100,0,0,100,5250.0,4700,1200,3.8,25.3,0.3,12,381.3017385,900,300,3.2,21.8,0.1,0,213.2047089,1300,400,3.5,25.3,0.1,32,-282.739402,1400,400,3.4,28.2,0.1
54.618437,1,AUTO,ARMED,5,AVAILABLE,UNAVAILABLE,UNAVAILABLE,39,6,ACTIVE,719,E_P3-A5_AB.NC,E_P3-A5_AB.NC,7,0.000668021,18,0.0005,1630886.967,470753.216,184.4,2368.7925,100,14.81667,52,100,0,0,100,5250.0,4700,1200,3.8,25.3,0.3,12,382.0648736,900,300,3.2,21.8,0.1,0,213.2046974,1300,400,3.5,25.3,0.1,32,-282.7393905,1400,400,3.4,28.2,0.1
54.766561,1,AUTO,ARMED,5,AVAILABLE,UNAVAILABLE,UNAVAILABLE,39,6,ACTIVE,719,E_P3-A5_AB.NC,E_P3-A5_AB.NC,7,0.000668021,18,0.0005,1630886.967,470753.216,184.4,2368.7925,100,14.81667,52,100,0,2,100,5250.0,4800,1100,4.2,25.3,0.3,10,383.5908577,300,100,3.6,21.8,0.0,0,213.2046974,1300,400,3.6,25.3,0.1,32,-282.739402,1300,300,4.3,28.2,0.1
54.928701,1,AUTO,ARMED,5,AVAILABLE,UNAVAILABLE,UNAVAILABLE,39,6,ACTIVE,719,E_P3-A5_AB.NC,E_P3-A5_AB.NC,7,0.000668021,18,0.0005,1630886.967,470753.216,184.4,2368.7925,100,14.81667,52,100,0,1,100,5250.0,4800,1100,4.2,25.3,0.3,10,388.1731363,300,100,3.6,21.8,0.0,0,213.2047432,1300,400,3.6,25.3,0.1,32,-282.739402,1300,300,4.3,28.2,0.1
55.071902,1,AUTO,ARMED,5,AVAILABLE,UNAVAILABLE,UNAVAILABLE,39,6,ACTIVE,719,E_P3-A5_AB.NC,E_P3-A5_AB.NC,7,0.000668021,18,0.0005,1630886.967,470753.216,184.4,2368.7925,100,14.81667,52,100,0,1,100,5250.0,4800,1100,4.2,25.3,0.3,10,389.7063536,300,100,3.6,21.8,0.0,0,213.2047203,1300,400,3.6,25.3,0.1,32,-282.739402,1300,300,4.3,28.2,0.1
55.213823,1,AUTO,ARMED,5,AVAILABLE,UNAVAILABLE,UNAVAILABLE,39,6,ACTIVE,719,E_P3-A5_AB.NC,E_P3-A5_AB.NC,7,0.000668021,18,0.0005,1630886.967,470753.216,184.4,2368.7925,100,14.81667,53,100,0,1,100,5250.0,4800,1100,4.2,25.3,0.3,8,391.2327498,300,100,3.6,21.8,0.0,0,213.2047089,1300,400,3.6,25.3,0.1,32,-282.739402,1300,300,4.3,28.2,0.1
55.353034,1,AUTO,ARMED,5,AVAILABLE,UNAVAILABLE,UNAVAILABLE,39,6,ACTIVE,719,E_P3-A5_AB.NC,E_P3-A5_AB.NC,7,0.000668021,18,0.0005,1630886.967,470753.216,184.4,2130.6699,100,14.81667,53,100,0,1,100,5250.0,4800,1100,4.2,25.3,0.3,8,392.7586423,300,100,3.6,21.8,0.0,0,213.2047089,1300,400,3.6,25.3,0.1,32,-282.739402,1300,300,4.3,28.2,0.1
55.502796,1,AUTO,ARMED,5,AVAILABLE,UNAVAILABLE,UNAVAILABLE,39,6,ACTIVE,719,E_P3-A5_AB.NC,E_P3-A5_AB.NC,7,0.000668021,18,0.0005,1630886.967,470753.216,184.4,2130.6699,100,14.81667,53,100,0,2,100,5250.0,4800,1100,4.2,25.3,0.3,9,397.3406347,300,100,3.6,21.8,0.0,0,213.2047089,1300,400,3.6,25.3,0.1,32,-282.739402,1300,300,4.3,28.2,0.1
55.651638,1,AUTO,ARMED,5,AVAILABLE,UNAVAILABLE,UNAVAILABLE,39,6,ACTIVE,719,E_P3-A5_AB.NC,E_P3-A5_AB.NC,7,0.000668021,18,0.0005,1630886.967,470753.216,184.4,2130.6699,100,14.81667,53,100,0,1,100,5250.0,4800,1100,4.2,25.3,0.3,10,398.8668707,300,100,3.6,21.8,0.0,0,213.2046974,1300,400,3.6,25.3,0.1,32,-282.739402,1300,300,4.3,28.2,0.1
55.791182,1,AUTO,ARMED,5,AVAILABLE,UNAVAILABLE,UNAVAILABLE,39,6,ACTIVE,719,E_P3-A5_AB.NC,E_P3-A5_AB.NC,7,0.000668021,18,0.0005,1630886.967,470753.216,184.4,2130.6699,100,14.8,53,100,0,2,100,5250.0,4800,1100,4.2,25.3,0.3,9,399.9549611,300,100,3.6,21.8,0.0,0,213.2046974,1300,400,3.6,25.3,0.1,32,-282.739402,1300,300,4.3,28.2,0.1
55.952621,1,AUTO,ARMED,5,AVAILABLE,UNAVAILABLE,UNAVAILABLE,40,6,ACTIVE,719,E_P3-A5_AB.NC,E_P3-A5_AB.NC,7,0.000668021,18,0.0005,1630886.967,470753.216,184.4,2130.6699,100,0.0,53,100,0,2,100,5250.0,4800,1100,4.2,25.3,0.3,5,399.9559225,300,100,3.6,21.8,0.0,0,213.2046974,1300,400,3.6,25.3,0.1,32,-282.739402,1300,300,4.3,28.2,0.1
56.112634,1,AUTO,ARMED,5,AVAILABLE,UNAVAILABLE,UNAVAILABLE,40,6,ACTIVE,719,E_P3-A5_AB.NC,E_P3-A5_AB.NC,7,0.000668021,18,0.0005,1630886.967,470753.216,184.4,2130.6699,100,0.0,53,100,0,2,100,5250.0,4800,1100,4.2,25.3,0.3,5,399.9559911,300,100,3.6,21.8,0.0,0,213.2046974,1300,400,3.6,25.3,0.1,32,-282.739402,1300,300,4.3,28.2,0.1
56.257371,1,AUTO,ARMED,5,AVAILABLE,UNAVAILABLE,UNAVAILABLE,40,6,ACTIVE,719,E_P3-A5_AB.NC,E_P3-A5_AB.NC,7,0.000668021,18,0.0005,1630886.967,470753.216,184.4,2130.6699,100,0.0,54,100,0,1,100,5250.0,3100,800,3.7,25.3,0.2,5,399.956014,200,100,4.4,21.8,0.0,0,213.2046974,4400,300,14.2,25.3,0.1,32,-282.739402,500,100,4.9,28.2,0.1
56.405645,1,AUTO,ARMED,5,AVAILABLE,UNAVAILABLE,UNAVAILABLE,40,6,ACTIVE,719,E_P3-A5_AB.NC,E_P3-A5_AB.NC,7,0.000668021,18,0.0005,1630886.967,470753.216,184.4,2102.8057,100,0.0,54,100,0,2,100,5250.0,3100,800,3.7,25.3,0.2,5,399.9560026,200,100,4.4,21.8,0.0,0,213.2046974,4400,300,14.2,25.3,0.1,32,-282.739402,500,100,4.9,28.2,0.1
56.547343,1,AUTO,ARMED,5,AVAILABLE,UNAVAILABLE,UNAVAILABLE,40,6,ACTIVE,719,E_P3-A5_AB.NC,E_P3-A5_AB.NC,7,0.000668021,18,0.0005,1630886.967,470753.216,184.4,2102.8057,100,0.0,54,100,0,2,100,5250.0,3100,800,3.7,25.3,0.2,5,399.9560026,200,100,4.4,21.8,0.0,0,213.2047089,4400,300,14.2,25.3,0.1,32,-282.739402,500,100,4.9,28.2,0.1
56.694146,1,AUTO,ARMED,5,AVAILABLE,UNAVAILABLE,UNAVAILABLE,40,6,ACTIVE,719,E_P3-A5_AB.NC,E_P3-A5_AB.NC,7,0.000668021,18,0.0005,1630886.967,470753.216,184.4,2102.8057,100,0.0,54,100,0,2,100,5250.0,3100,800,3.7,25.3,0.2,5,399.9560026,200,100,4.4,21.8,0.0,0,213.2046974,4400,300,14.2,25.3,0.1,32,-282.739402,500,100,4.9,28.2,0.1
56.839959,1,AUTO,ARMED,5,AVAILABLE,UNAVAILABLE,UNAVAILABLE,41,6,ACTIVE,719,E_P3-A5_AB.NC,E_P3-A5_AB.NC,7,0.000668021,18,0.0005,1630886.967,470753.216,184.4,2102.8057,100,0.0,54,100,0,2,100,5250.0,3100,800,3.7,25.3,0.2,5,399.9560026,200,100,4.4,21.8,0.0,0,213.2046974,4400,300,14.2,25.3,0.1,32,-282.739402,500,100,4.9,28.2,0.1
56.978845,1,AUTO,ARMED,5,AVAILABLE,UNAVAILABLE,UNAVAILABLE,41,6,ACTIVE,719,E_P3-A5_AB.NC,E_P3-A5_AB.NC,7,0.000668021,18,0.0005,1630886.967,470753.216,184.4,2102.8057,100,14.81667,54,100,0,1,100,5250.0,3100,800,3.7,25.3,0.2,5,398.2956918,200,100,4.4,21.8,0.0,0,213.3951959,4400,300,14.2,25.3,0.1,32,-282.739402,500,100,4.9,28.2,0.1
57.120153,1,AUTO,ARMED,5,AVAILABLE,UNAVAILABLE,UNAVAILABLE,42,6,ACTIVE,719,E_P3-A5_AB.NC,E_P3-A5_AB.NC,7,0.000668021,18,0.0005,1630886.967,470753.216,184.4,2102.8057,100,14.81667,54,100,0,3,100,5250.0,3100,800,3.7,25.3,0.2,8,396.769288,200,100,4.4,21.8,0.0,4,213.3952073,4400,300,14.2,25.3,0.1,32,-282.739402,500,100,4.9,28.2,0.1
57.268026,1,AUTO,ARMED,5,AVAILABLE,UNAVAILABLE,UNAVAILABLE,42,6,ACTIVE,719,E_P3-A5_AB.NC,E_P3-A5_AB.NC,7,0.000668021,18,0.0005,1630886.967,470753.216,184.4,2102.8057,100,14.81667,55,100,0,3,100,5250.0,3100,800,3.7,25.3,0.2,8,395.2394049,200,100,4.4,21.8,0.0,4,213.3952073,4400,300,14.2,25.3,0.1,32,-282.739402,500,100,4.9,28.2,0.1
57.410882,1,AUTO,ARMED,5,AVAILABLE,UNAVAILABLE,UNAVAILABLE,42,6,ACTIVE,719,E_P3-A5_AB.NC,E_P3-A5_AB.NC,7,0.000668021,18,0.0005,1630886.967,470753.216,184.4,2312.8235,100,14.81667,55,100,0,3,100,5250.0,3100,800,3.7,25.3,0.2,8,390.6536241,200,100,4.4,21.8,0.0,3,213.3951959,4400,300,14.2,25.3,0.1,32,-282.7393905,500,100,4.9,28.2,0.1
57.559398,1,AUTO,ARMED,5,AVAILABLE,UNAVAILABLE,UNAVAILABLE,42,6,ACTIVE,719,E_P3-A5_AB.NC,E_P3-A5_AB.NC,7,0.000668021,18,0.0005,1630886.967,470753.216,184.4,2312.8235,100,14.81667,55,100,0,3,100,5250.0,3100,800,3.7,25.3,0.2,8,389.1277811,200,100,4.4,21.8,0.0,3,213.3952073,4400,300,14.2,25.3,0.1,32,-282.7394134,500,100,4.9,28.2,0.1
57.706964,1,AUTO,ARMED,5,AVAILABLE,UNAVAILABLE,UNAVAILABLE,42,6,ACTIVE,719,E_P3-A5_AB.NC,E_P3-A5_AB.NC,7,0.000668021,18,0.0005,1630886.967,470753.216,184.4,2312.8235,100,14.81667,55,100,0,1,100,5250.0,4500,1100,4.1,25.3,0.3,8,387.6051656,700,200,3.1,21.8,0.1,3,213.395173,1400,400,3.3,25.3,0.2,32,-282.739402,1200,200,4.9,28.2,0.1
57.859051,1,AUTO,ARMED,5,AVAILABLE,UNAVAILABLE,UNAVAILABLE,42,6,ACTIVE,719,E_P3-A5_AB.NC,E_P3-A5_AB.NC,7,0.000668021,18,0.0005,1630886.967,470753.216,184.4,2312.8235,100,14.81667,55,100,0,3,100,5250.0,4500,1100,4.1,25.3,0.3,5,384.5454796,700,200,3.1,21.8,0.1,4,213.3951844,1400,400,3.3,25.3,0.2,32,-282.739402,1200,200,4.9,28.2,0.1
58.028524,1,AUTO,ARMED,5,AVAILABLE,UNAVAILABLE,UNAVAILABLE,42,6,ACTIVE,719,E_P3-A5_AB.NC,E_P3-A5_AB.NC,7,0.000668021,18,0.0005,1630886.967,470753.216,184.4,2312.8235,100,14.81667,55,100,0,3,100,5250.0,4500,1100,4.1,25.3,0.3,5,383.0194077,700,200,3.1,21.8,0.1,4,213.3951959,1400,400,3.3,25.3,0.2,32,-282.7394134,1200,200,4.9,28.2,0.1
58.177442,1,AUTO,ARMED,5,AVAILABLE,UNAVAILABLE,UNAVAILABLE,42,6,ACTIVE,719,E_P3-A5_AB.NC,E_P3-A5_AB.NC,7,0.000668021,18,0.0005,1630886.967,470753.216,184.4,2312.8235,100,14.81667,56,100,0,3,100,5250.0,4500,1100,4.1,25.3,0.3,7,379.9636346,700,200,3.1,21.8,0.1,4,213.3952073,1400,400,3.3,25.3,0.2,32,-282.739402,1200,200,4.9,28.2,0.1
58.318437,1,AUTO,ARMED,5,AVAILABLE,UNAVAILABLE,UNAVAILABLE,42,6,ACTIVE,719,E_P3-A5_AB.NC,E_P3-A5_AB.NC,7,0.000668021,18,0.0005,1630886.967,470753.216,184.4,2337.5647,100,14.81667,56,100,0,0,100,5250.0,4500,1100,4.1,25.3,0.3,8,378.4373734,700,200,3.1,21.8,0.1,4,213.3952073,1400,400,3.3,25.3,0.2,32,-282.739402,1200,200,4.9,28.2,0.1
58.460502,1,AUTO,ARMED,5,AVAILABLE,UNAVAILABLE,UNAVAILABLE,42,6,ACTIVE,719,E_P3-A5_AB.NC,E_P3-A5_AB.NC,7,0.000668021,18,0.0005,1630886.967,470753.216,184.4,2337.5647,100,14.81667,56,100,0,0,100,5250.0,4500,1100,4.1,25.3,0.3,8,376.1445827,700,200,3.1,21.8,0.1,4,213.3951844,1400,400,3.3,25.3,0.2,32,-282.7393905,1200,200,4.9,28.2,0.1
58.608818,1,AUTO,ARMED,5,AVAILABLE,UNAVAILABLE,UNAVAILABLE,42,6,ACTIVE,719,E_P3-A5_AB.NC,E_P3-A5_AB.NC,7,0.000668021,18,0.0005,1630886.967,470753.216,184.4,2337.5647,100,14.81667,56,100,0,0,100,5250.0,4500,1100,4.1,25.3,0.3,7,374.61831,700,200,3.1,21.8,0.1,4,213.3951959,1400,400,3.3,25.3,0.2,32,-282.7393905,1200,200,4.9,28.2,0.1
58.758253,1,AUTO,ARMED,5,AVAILABLE,UNAVAILABLE,UNAVAILABLE,42,6,ACTIVE,719,E_P3-A5_AB.NC,E_P3-A5_AB.NC,7,0.000668021,18,0.0005,1630886.967,470753.216,184.4,2337.5647,100,14.81667,56,100,0,0,100,5250.0,4200,1200,3.6,25.3,0.3,7,373.0926782,700,200,3.4,21.8,0.1,4,213.3951959,1500,400,3.6,25.3,0.2,32,-282.7393905,900,200,3.7,28.2,0.2
58.95112,1,AUTO,ARMED,5,AVAILABLE,UNAVAILABLE,UNAVAILABLE,42,6,ACTIVE,719,E_P3-A5_AB.NC,E_P3-A5_AB.NC,7,0.000668021,18,0.0005,1630886.967,470753.216,184.4,2337.5647,100,14.81667,56,100,0,3,100,5250.0,4200,1200,3.6,25.3,0.3,7,368.5065932,700,200,3.4,21.8,0.1,4,213.3951959,1500,400,3.6,25.3,0.2,32,-282.7393791,900,200,3.7,28.2,0.2
59.095813,1,AUTO,ARMED,5,AVAILABLE,UNAVAILABLE,UNAVAILABLE,42,6,ACTIVE,719,E_P3-A5_AB.NC,E_P3-A5_AB.NC,7,0.000668021,18,0.0005,1630886.967,470753.216,184.4,2337.5647,100,14.81667,57,100,0,2,100,5250.0,4200,1200,3.6,25.3,0.3,6,363.9244221,700,200,3.4,21.8,0.1,4,213.3952073,1500,400,3.6,25.3,0.2,32,-282.7393905,900,200,3.7,28.2,0.2
59.602241,1,AUTO,ARMED,5,AVAILABLE,UNAVAILABLE,UNAVAILABLE,42,6,ACTIVE,719,E_P3-A5_AB.NC,E_P3-A5_AB.NC,7,0.000668021,18,0.0005,1630886.967,470753.216,184.4,2332.0481,100,14.81667,57,100,0,2,100,5250.0,4200,1200,3.6,25.3,0.3,7,359.3423997,700,200,3.4,21.8,0.1,4,213.3951959,1500,400,3.6,25.3,0.2,32,-282.7394134,900,200,3.7,28.2,0.2
59.748133,1,AUTO,ARMED,5,AVAILABLE,UNAVAILABLE,UNAVAILABLE,42,6,ACTIVE,719,E_P3-A5_AB.NC,E_P3-A5_AB.NC,7,0.000668021,18,0.0005,1630886.967,470753.216,184.4,2332.0481,100,14.81667,57,100,0,2,100,5250.0,4200,1200,3.6,25.3,0.3,7,357.8162529,700,200,3.4,21.8,0.1,4,213.3952073,1500,400,3.6,25.3,0.2,32,-282.739402,900,200,3.7,28.2,0.2
59.898124,1,AUTO,ARMED,5,AVAILABLE,UNAVAILABLE,UNAVAILABLE,42,6,ACTIVE,719,E_P3-A5_AB.NC,E_P3-A5_AB.NC,7,0.000668021,18,0.0005,1630886.967,470753.216,184.4,2332.0481,100,14.81667,57,100,0,1,100,5250.0,4200,1200,3.6,25.3,0.3,7,354.76039,700,200,3.4,21.8,0.1,4,213.3952073,1500,400,3.6,25.3,0.2,32,-282.739402,900,200,3.7,28.2,0.2
60.057166,1,AUTO,ARMED,5,AVAILABLE,UNAVAILABLE,UNAVAILABLE,42,6,ACTIVE,719,E_P3-A5_AB.NC,E_P3-A5_AB.NC,7,0.000668021,18,0.0005,1630886.967,470753.216,184.4,2332.0481,100,14.81667,57,100,0,4,100,5250.0,4200,1200,3.6,25.3,0.3,9,351.7008345,700,200,3.4,21.8,0.1,4,213.3952188,1500,400,3.6,25.3,0.2,32,-282.7394134,900,200,3.7,28.2,0.2
60.211288,1,AUTO,ARMED,5,AVAILABLE,UNAVAILABLE,UNAVAILABLE,42,6,ACTIVE,719,E_P3-A5_AB.NC,E_P3-A5_AB.NC,7,0.000668021,18,0.0005,1630886.967,470753.216,184.4,2332.0481,100,14.81667,58,100,0,1,100,5250.0,4200,1200,3.6,25.3,0.3,6,350.1749934,700,200,3.4,21.8,0.1,4,213.3952073,1500,400,3.6,25.3,0.2,32,-282.7394134,900,200,3.7,28.2,0.2
60.357607,1,AUTO,ARMED,5,AVAILABLE,UNAVAILABLE,UNAVAILABLE,42,6,ACTIVE,719,E_P3-A5_AB.NC,E_P3-A5_AB.NC,7,0.000668021,18,0.0005,1630886.967,470753.216,184.4,2332.0481,100,14.81667,58,100,0,1,100,5250.0,4200,1200,3.6,25.3,0.3,6,347.8857225,700,200,3.4,21.8,0.1,4,213.395173,1500,400,3.6,25.3,0.2,32,-282.7393905,900,200,3.7,28.2,0.2
60.55375,1,AUTO,ARMED,5,AVAILABLE,UNAVAILABLE,UNAVAILABLE,42,6,ACTIVE,719,E_P3-A5_AB.NC,E_P3-A5_AB.NC,7,0.000668021,18,0.0005,1630886.967,470753.216,184.4,2332.0481,100,14.81667,58,100,0,4,100,5250.0,4500,1200,3.8,25.3,0.3,7,346.3555785,700,200,3.6,21.8,0.1,4,213.3951844,1700,400,4.0,25.3,0.2,32,-282.739402,1100,300,3.9,28.2,0.2
60.720905,1,AUTO,ARMED,5,AVAILABLE,UNAVAILABLE,UNAVAILABLE,42,6,ACTIVE,719,E_P3-A5_AB.NC,E_P3-A5_AB.NC,7,0.000668021,18,0.0005,1630886.967,470753.216,184.4,2345.658,100,14.81667,58,100,0,1,100,5250.0,4500,1200,3.8,25.3,0.3,8,343.3034844,700,200,3.6,21.8,0.1,4,213.3951844,1700,400,4.0,25.3,0.2,32,-282.7393905,1100,300,3.9,28.2,0.2
60.881867,1,AUTO,ARMED,5,AVAILABLE,UNAVAILABLE,UNAVAILABLE,42,6,ACTIVE,719,E_P3-A5_AB.NC,E_P3-A5_AB.NC,7,0.000668021,18,0.0005,1630886.967,470753.216,184.4,2345.658,100,14.81667,58,100,0,4,100,5250.0,4500,1200,3.8,25.3,0.3,6,340.2473391,700,200,3.6,21.8,0.1,4,213.3951959,1700,400,4.0,25.3,0.2,32,-282.739402,1100,300,3.9,28.2,0.2
61.071505,1,AUTO,ARMED,5,AVAILABLE,UNAVAILABLE,UNAVAILABLE,42,6,ACTIVE,719,E_P3-A5_AB.NC,E_P3-A5_AB.NC,7,0.000668021,18,0.0005,1630886.967,470753.216,184.4,2345.658,100,14.81667,58,100,0,0,100,5250.0,4500,1200,3.8,25.3,0.3,7,337.1880468,700,200,3.6,21.8,0.1,4,213.3951959,1700,400,4.0,25.3,0.2,32,-282.739402,1100,300,3.9,28.2,0.2
61.20867,1,AUTO,ARMED,5,AVAILABLE,UNAVAILABLE,UNAVAILABLE,42,6,ACTIVE,719,E_P3-A5_AB.NC,E_P3-A5_AB.NC,7,0.000668021,18,0.0005,1630886.967,470753.216,184.4,2345.658,100,14.81667,59,100,0,0,100,5250.0,4500,1200,3.8,25.3,0.3,7,335.6617021,700,200,3.6,21.8,0.1,4,213.3951959,1700,400,4.0,25.3,0.2,32,-282.7393905,1100,300,3.9,28.2,0.2
61.352,1,AUTO,ARMED,5,AVAILABLE,UNAVAILABLE,UNAVAILABLE,42,6,ACTIVE,719,E_P3-A5_AB.NC,E_P3-A5_AB.NC,7,0.000668021,18,0.0005,1630886.967,470753.216,184.4,2345.658,100,14.81667,59,100,0,3,100,5250.0,4500,1200,3.8,25.3,0.3,9,334.1357008,700,200,3.6,21.8,0.1,4,213.3951959,1700,400,4.0,25.3,0.2,32,-282.739402,1100,300,3.9,28.2,0.2
61.493349,1,AUTO,ARMED,5,AVAILABLE,UNAVAILABLE,UNAVAILABLE,42,6,ACTIVE,719,E_P3-A5_AB.NC,E_P3-A5_AB.NC,7,0.000668021,18,0.0005,1630886.967,470753.216,184.4,2345.658,100,14.81667,59,100,0,0,100,5250.0,4500,1200,3.8,25.3,0.3,7,329.5535312,700,200,3.6,21.8,0.1,4,213.3952302,1700,400,4.0,25.3,0.2,32,-282.7393905,1100,300,3.9,28.2,0.2
61.664683,1,AUTO,ARMED,5,AVAILABLE,UNAVAILABLE,UNAVAILABLE,42,6,ACTIVE,719,E_P3-A5_AB.NC,E_P3-A5_AB.NC,7,0.000668021,18,0.0005,1630886.967,470753.216,184.4,2130.3965,100,14.81667,59,100,0,4,100,5250.0,4500,1200,3.8,25.3,0.3,8,328.0274488,700,200,3.6,21.8,0.1,4,213.3952188,1700,400,4.0,25.3,0.2,32,-282.739402,1100,300,3.9,28.2,0.2
61.817789,1,AUTO,ARMED,5,AVAILABLE,UNAVAILABLE,UNAVAILABLE,42,6,ACTIVE,719,E_P3-A5_AB.NC,E_P3-A5_AB.NC,7,0.000668021,18,0.0005,1630886.967,470753.216,184.4,2130.3965,100,14.81667,59,100,0,4,100,5250.0,3000,800,3.5,25.3,0.2,8,326.4976811,300,100,4.8,21.8,0.0,4,213.3952188,1000,300,3.3,25.3,0.1,32,-282.739402,300,100,3.5,28.2,0.1
61.975557,1,AUTO,ARMED,5,AVAILABLE,UNAVAILABLE,UNAVAILABLE,42,6,ACTIVE,719,E_P3-A5_AB.NC,E_P3-A5_AB.NC,7,0.000668021,18,0.0005,1630886.967,470753.216,184.4,2130.3965,100,14.81667,0,100,0,0,100,5250.0,3000,800,3.5,25.3,0.2,10,323.4452186,300,100,4.8,21.8,0.0,3,213.3952073,1000,300,3.3,25.3,0.1,32,-282.7393905,300,100,3.5,28.2,0.1
62.133524,1,AUTO,ARMED,5,AVAILABLE,UNAVAILABLE,UNAVAILABLE,42,6,ACTIVE,719,E_P3-A5_AB.NC,E_P3-A5_AB.NC,7,0.000668021,18,0.0005,1630886.967,470753.216,184.4,2130.3965,100,14.81667,0,100,0,2,100,5250.0,3000,800,3.5,25.3,0.2,9,321.911823,300,100,4.8,21.8,0.0,3,213.3951959,1000,300,3.3,25.3,0.1,32,-282.739402,300,100,3.5,28.2,0.1
62.269857,1,AUTO,ARMED,5,AVAILABLE,UNAVAILABLE,UNAVAILABLE,42,6,ACTIVE,719,E_P3-A5_AB.NC,E_P3-A5_AB.NC,7,0.000668021,18,0.0005,1630886.967,470753.216,184.4,2130.3965,100,14.81667,0,100,0,2,100,5250.0,3000,800,3.5,25.3,0.2,9,319.622499,300,100,4.8,21.8,0.0,3,213.3952073,1000,300,3.3,25.3,0.1,32,-282.739402,300,100,3.5,28.2,0.1
62.603401,1,AUTO,ARMED,5,AVAILABLE,UNAVAILABLE,UNAVAILABLE,43,6,ACTIVE,719,E_P3-A5_AB.NC,E_P3-A5_AB.NC,7,0.000668021,18,0.0005,1630886.967,470753.216,184.4,2130.3965,100,0.0,0,100,0,0,100,5250.0,3000,800,3.5,25.3,0.2,9,318.16814,300,100,4.8,21.8,0.0,3,213.3952073,1000,300,3.3,25.3,0.1,32,-282.739402,300,100,3.5,28.2,0.1
62.800333,1,AUTO,ARMED,5,AVAILABLE,UNAVAILABLE,UNAVAILABLE,43,6,ACTIVE,719,E_P3-A5_AB.NC,E_P3-A5_AB.NC,7,0.000668021,18,0.0005,1630886.967,470753.216,184.4,2096.4365,100,0.0,0,100,0,1,100,5250.0,3000,800,3.5,25.3,0.2,6,318.1679798,300,100,4.8,21.8,0.0,3,213.3952073,1000,300,3.3,25.3,0.1,32,-282.739402,300,100,3.5,28.2,0.1
63.038738,1,AUTO,ARMED,5,AVAILABLE,UNAVAILABLE,UNAVAILABLE,43,6,ACTIVE,719,E_P3-A5_AB.NC,E_P3-A5_AB.NC,7,0.000668021,18,0.0005,1630886.967,470753.216,184.4,2096.4365,100,0.0,0,100,0,4,100,5250.0,3000,800,3.5,25.3,0.2,6,318.1679912,300,100,4.8,21.8,0.0,3,213.3951959,1000,300,3.3,25.3,0.1,32,-282.739402,300,100,3.5,28.2,0.1
63.229945,1,AUTO,ARMED,5,AVAILABLE,UNAVAILABLE,UNAVAILABLE,43,6,ACTIVE,719,E_P3-A5_AB.NC,E_P3-A5_AB.NC,7,0.000668021,18,0.0005,1630886.967,470753.216,184.4,2096.4365,100,0.0,1,100,0,2,100,5250.0,3000,800,3.5,25.3,0.2,6,318.1679912,300,100,4.8,21.8,0.0,3,213.3952073,1000,300,3.3,25.3,0.1,32,-282.739402,300,100,3.5,28.2,0.1
63.39985,1,AUTO,ARMED,5,AVAILABLE,UNAVAILABLE,UNAVAILABLE,44,6,ACTIVE,719,E_P3-A5_AB.NC,E_P3-A5_AB.NC,7,0.000668021,18,0.0005,1630886.967,470753.216,184.4,2096.4365,100,0.0,1,100,0,0,100,5250.0,3000,800,3.5,25.3,0.2,6,318.1680026,300,100,4.8,21.8,0.0,3,213.3952073,1000,300,3.3,25.3,0.1,32,-282.739402,300,100,3.5,28.2,0.1
63.551656,1,AUTO,ARMED,5,AVAILABLE,UNAVAILABLE,UNAVAILABLE,44,6,ACTIVE,719,E_P3-A5_AB.NC,E_P3-A5_AB.NC,7,0.000668021,18,0.0005,1630886.967,470753.216,184.4,2096.4365,100,0.0,1,100,0,0,100,5250.0,8500,2000,4.2,25.3,0.3,6,318.1680026,200,100,4.1,21.8,0.1,3,213.3951959,4700,900,5.5,25.3,0.2,32,-282.739402,400,100,3.8,28.2,0.1
63.699019,1,AUTO,ARMED,5,AVAILABLE,UNAVAILABLE,UNAVAILABLE,45,6,ACTIVE,719,E_P3-A5_AB.NC,E_P3-A5_AB.NC,7,0.000668021,18,0.0005,1630886.967,470753.216,184.4,2096.4365,100,0.0,1,100,0,2,100,5750.0,8500,2000,4.2,25.3,0.3,6,318.1679912,200,100,4.1,21.8,0.1,3,213.3952073,4700,900,5.5,25.3,0.2,32,-282.739402,400,100,3.8,28.2,0.1
63.85386,1,AUTO,ARMED,5,AVAILABLE,UNAVAILABLE,UNAVAILABLE,46,6,ACTIVE,719,E_P3-A5_AB.NC,E_P3-A5_AB.NC,7,0.000668021,18,0.0005,1630886.967,470753.216,184.4,2052.0481,100,0.0,1,100,0,14,100,5750.0,8500,2000,4.2,25.3,0.3,6,318.1680026,200,100,4.1,21.8,0.1,4,213.5866098,4700,900,5.5,25.3,0.2,32,-282.739402,400,100,3.8,28.2,0.1
63.996664,1,AUTO,ARMED,5,AVAILABLE,UNAVAILABLE,UNAVAILABLE,46,6,ACTIVE,719,E_P3-A5_AB.NC,E_P3-A5_AB.NC,7,0.000668021,18,0.0005,1630886.967,470753.216,184.4,2052.0481,100,0.0,1,100,0,1,100,5750.0,8500,2000,4.2,25.3,0.3,6,318.1680026,200,100,4.1,21.8,0.1,0,213.5856371,4700,900,5.5,25.3,0.2,32,-282.7393905,400,100,3.8,28.2,0.1
64.13812,1,AUTO,ARMED,5,AVAILABLE,UNAVAILABLE,UNAVAILABLE,46,6,ACTIVE,719,E_P3-A5_AB.NC,E_P3-A5_AB.NC,7,0.000668021,18,0.0005,1630886.967,470753.216,184.4,2052.0481,100,0.0,1,100,0,1,100,5750.0,8500,2000,4.2,25.3,0.3,6,318.1680026,200,100,4.1,21.8,0.1,0,213.5856486,4700,900,5.5,25.3,0.2,32,-282.7393905,400,100,3.8,28.2,0.1
64.28856,1,AUTO,ARMED,5,AVAILABLE,UNAVAILABLE,UNAVAILABLE,46,6,ACTIVE,719,E_P3-A5_AB.NC,E_P3-A5_AB.NC,7,0.000668021,18,0.0005,1630886.967,470753.216,184.4,2052.0481,100,0.0,2,100,0,1,100,5750.0,8500,2000,4.2,25.3,0.3,6,318.1680026,200,100,4.1,21.8,0.1,0,213.5856829,4700,900,5.5,25.3,0.2,32,-282.739402,400,100,3.8,28.2,0.1
64.484728,1,AUTO,ARMED,5,AVAILABLE,UNAVAILABLE,UNAVAILABLE,46,6,ACTIVE,719,E_P3-A5_AB.NC,E_P3-A5_AB.NC,7,0.000668021,18,0.0005,1630886.967,470753.216,184.4,2052.0481,100,0.0,2,100,0,1,100,5750.0,8500,2000,4.2,25.3,0.3,6,318.1680141,200,100,4.1,21.8,0.1,0,213.5856943,4700,900,5.5,25.3,0.2,32,-282.739402,400,100,3.8,28.2,0.1
64.682713,1,AUTO,ARMED,5,AVAILABLE,UNAVAILABLE,UNAVAILABLE,46,6,ACTIVE,719,E_P3-A5_AB.NC,E_P3-A5_AB.NC,7,0.000668021,18,0.0005,1630886.967,470753.216,184.4,2054.6438,100,0.0,2,100,0,1,100,5750.0,8500,2000,4.2,25.3,0.3,6,318.1680026,200,100,4.1,21.8,0.1,0,213.5856943,4700,900,5.5,25.3,0.2,32,-282.739402,400,100,3.8,28.2,0.1
64.874706,1,AUTO,ARMED,5,AVAILABLE,UNAVAILABLE,UNAVAILABLE,47,6,ACTIVE,719,E_P3-A5_AB.NC,E_P3-A5_AB.NC,7,0.000668021,18,0.0005,1630886.967,470753.216,184.4,2054.6438,100,14.81667,2,100,0,1,100,5750.0,2300,600,3.7,25.3,0.2,12,320.9683822,500,100,4.1,21.8,0.1,0,213.5857058,1200,300,4.1,25.3,0.1,32,-282.739402,400,100,3.7,28.2,0.1
65.189006,1,AUTO,ARMED,5,AVAILABLE,UNAVAILABLE,UNAVAILABLE,47,6,ACTIVE,719,E_P3-A5_AB.NC,E_P3-A5_AB.NC,7,0.000668021,18,0.0005,1630886.967,470753.216,184.4,2054.6438,100,14.81667,3,100,0,0,100,5750.0,2300,600,3.7,25.3,0.2,9,324.024315,500,100,4.1,21.8,0.1,0,213.5856943,1200,300,4.1,25.3,0.1,32,-282.7393905,400,100,3.7,28.2,0.1
65.34503,1,AUTO,ARMED,5,AVAILABLE,UNAVAILABLE,UNAVAILABLE,47,6,ACTIVE,719,E_P3-A5_AB.NC,E_P3-A5_AB.NC,7,0.000668021,18,0.0005,1630886.967,470753.216,184.4,2357.2705,100,14.81667,3,100,0,0,100,5750.0,2300,600,3.7,25.3,0.2,8,325.5501814,500,100,4.1,21.8,0.1,0,213.5856943,1200,300,4.1,25.3,0.1,32,-282.739402,400,100,3.7,28.2,0.1
65.519325,1,AUTO,ARMED,5,AVAILABLE,UNAVAILABLE,UNAVAILABLE,47,6,ACTIVE,719,E_P3-A5_AB.NC,E_P3-A5_AB.NC,7,0.000668021,18,0.0005,1630886.967,470753.216,184.4,2357.2705,100,14.81667,3,100,0,0,100,5750.0,2300,600,3.7,25.3,0.2,8,327.0765169,500,100,4.1,21.8,0.1,0,213.5857058,1200,300,4.1,25.3,0.1,32,-282.739402,400,100,3.7,28.2,0.1
65.818218,1,AUTO,ARMED,5,AVAILABLE,UNAVAILABLE,UNAVAILABLE,47,6,ACTIVE,719,E_P3-A5_AB.NC,E_P3-A5_AB.NC,7,0.000668021,18,0.0005,1630886.967,470753.216,184.4,2357.2705,100,14.81667,3,100,0,2,100,5750.0,2300,600,3.7,25.3,0.2,11,333.1921071,500,100,4.1,21.8,0.1,0,213.5856829,1200,300,4.1,25.3,0.1,32,-282.739402,400,100,3.7,28.2,0.1
66.51198,1,AUTO,ARMED,5,AVAILABLE,UNAVAILABLE,UNAVAILABLE,47,6,ACTIVE,719,E_P3-A5_AB.NC,E_P3-A5_AB.NC,7,0.000668021,18,0.0005,1630886.967,470753.216,184.4,2357.2705,100,14.81667,4,100,0,1,100,5750.0,2300,600,3.7,25.3,0.2,11,343.1154004,500,100,4.1,21.8,0.1,0,213.5856829,1200,300,4.1,25.3,0.1,32,-282.739402,400,100,3.7,28.2,0.1
66.670643,1,AUTO,ARMED,5,AVAILABLE,UNAVAILABLE,UNAVAILABLE,47,6,ACTIVE,719,E_P3-A5_AB.NC,E_P3-A5_AB.NC,7,0.000668021,18,0.0005,1630886.967,470753.216,184.4,2357.2705,100,14.81667,4,100,0,1,100,5750.0,2300,600,3.7,25.3,0.2,10,346.1678904,500,100,4.1,21.8,0.1,0,213.5857172,1200,300,4.1,25.3,0.1,32,-282.739402,400,100,3.7,28.2,0.1
66.812202,1,AUTO,ARMED,5,AVAILABLE,UNAVAILABLE,UNAVAILABLE,47,6,ACTIVE,719,E_P3-A5_AB.NC,E_P3-A5_AB.NC,7,0.000668021,18,0.0005,1630886.967,470753.216,184.4,2357.2705,100,14.81667,4,100,0,1,100,5750.0,4200,1000,4.1,25.3,0.2,10,347.6974198,600,200,3.7,21.8,0.1,0,213.5857172,1900,700,2.7,25.3,0.2,32,-282.739402,1200,300,3.5,28.2,0.1
66.959519,1,AUTO,ARMED,5,AVAILABLE,UNAVAILABLE,UNAVAILABLE,47,6,ACTIVE,719,E_P3-A5_AB.NC,E_P3-A5_AB.NC,7,0.000668021,18,0.0005,1630886.967,470753.216,184.4,2357.2705,100,14.81667,4,100,0,1,100,5750.0,4200,1000,4.1,25.3,0.2,10,349.2237106,600,200,3.7,21.8,0.1,0,213.5857172,1900,700,2.7,25.3,0.2,32,-282.739402,1200,300,3.5,28.2,0.1
67.102147,1,AUTO,ARMED,5,AVAILABLE,UNAVAILABLE,UNAVAILABLE,47,6,ACTIVE,719,E_P3-A5_AB.NC,E_P3-A5_AB.NC,7,0.000668021,18,0.0005,1630886.967,470753.216,184.4,2357.2705,100,14.81667,5,100,0,1,100,5750.0,4200,1000,4.1,25.3,0.2,10,350.7497038,600,200,3.7,21.8,0.1,0,213.5856943,1900,700,2.7,25.3,0.2,32,-282.739402,1200,300,3.5,28.2,0.1
67.250372,1,AUTO,ARMED,5,AVAILABLE,UNAVAILABLE,UNAVAILABLE,47,6,ACTIVE,719,E_P3-A5_AB.NC,E_P3-A5_AB.NC,7,0.000668021,18,0.0005,1630886.967,470753.216,184.4,2351.0642,100,14.81667,5,100,0,0,100,5750.0,4200,1000,4.1,25.3,0.2,10,353.8093234,600,200,3.7,21.8,0.1,0,213.5856714,1900,700,2.7,25.3,0.2,32,-282.7394134,1200,300,3.5,28.2,0.1
67.411998,1,AUTO,ARMED,5,AVAILABLE,UNAVAILABLE,UNAVAILABLE,47,6,ACTIVE,719,E_P3-A5_AB.NC,E_P3-A5_AB.NC,7,0.000668021,18,0.0005,1630886.967,470753.216,184.4,2351.0642,100,14.81667,5,100,0,0,100,5750.0,4200,1000,4.1,25.3,0.2,10,355.3317461,600,200,3.7,21.8,0.1,0,213.5856829,1900,700,2.7,25.3,0.2,32,-282.7393905,1200,300,3.5,28.2,0.1
67.566888,1,AUTO,ARMED,5,AVAILABLE,UNAVAILABLE,UNAVAILABLE,47,6,ACTIVE,719,E_P3-A5_AB.NC,E_P3-A5_AB.NC,7,0.000668021,18,0.0005,1630886.967,470753.216,184.4,2351.0642,100,14.81667,5,100,0,1,100,5750.0,4200,1000,4.1,25.3,0.2,12,359.9137773,600,200,3.7,21.8,0.1,0,213.5857172,1900,700,2.7,25.3,0.2,32,-282.7394134,1200,300,3.5,28.2,0.1
67.714424,1,AUTO,ARMED,5,AVAILABLE,UNAVAILABLE,UNAVAILABLE,47,6,ACTIVE,719,E_P3-A5_AB.NC,E_P3-A5_AB.NC,7,0.000668021,18,0.0005,1630886.967,470753.216,184.4,2351.0642,100,14.81667,5,100,0,1,100,5750.0,4200,1000,4.1,25.3,0.2,12,361.4398466,600,200,3.7,21.8,0.1,0,213.5857058,1900,700,2.7,25.3,0.2,32,-282.739402,1200,300,3.5,28.2,0.1
67.870884,1,AUTO,ARMED,5,AVAILABLE,UNAVAILABLE,UNAVAILABLE,47,6,ACTIVE,719,E_P3-A5_AB.NC,E_P3-A5_AB.NC,7,0.000668021,18,0.0005,1630886.967,470753.216,184.4,2351.0642,100,14.81667,5,100,0,0,100,5750.0,4200,1000,4.1,25.3,0.2,11,362.96991,600,200,3.7,21.8,0.1,0,213.5857172,1900,700,2.7,25.3,0.2,32,-282.739402,1200,300,3.5,28.2,0.1
68.023994,1,AUTO,ARMED,5,AVAILABLE,UNAVAILABLE,UNAVAILABLE,47,6,ACTIVE,719,E_P3-A5_AB.NC,E_P3-A5_AB.NC,7,0.000668021,18,0.0005,1630886.967,470753.216,184.4,2351.0642,100,14.81667,5,100,0,0,100,5750.0,4200,1000,4.1,25.3,0.2,11,363.7326185,600,200,3.7,21.8,0.1,0,213.5857058,1900,700,2.7,25.3,0.2,32,-282.739402,1200,300,3.5,28.2,0.1
68.169003,1,AUTO,ARMED,5,AVAILABLE,UNAVAILABLE,UNAVAILABLE,47,6,ACTIVE,719,E_P3-A5_AB.NC,E_P3-A5_AB.NC,7,0.000668021,18,0.0005,1630886.967,470753.216,184.4,2351.0642,100,14.81667,6,100,0,0,100,5750.0,4200,1000,4.1,25.3,0.2,10,368.3148892,600,200,3.7,21.8,0.1,0,213.5856829,1900,700,2.7,25.3,0.2,32,-282.7393905,1200,300,3.5,28.2,0.1
68.316817,1,AUTO,ARMED,5,AVAILABLE,UNAVAILABLE,UNAVAILABLE,47,6,ACTIVE,719,E_P3-A5_AB.NC,E_P3-A5_AB.NC,7,0.000668021,18,0.0005,1630886.967,470753.216,184.4,2339.1196,100,14.81667,6,100,0,0,100,5750.0,3900,1000,3.9,25.3,0.2,11,369.8408899,700,200,4.0,21.8,0.1,0,213.5857058,1900,700,2.7,25.3,0.2,32,-282.739402,1200,300,3.9,28.2,0.1
68.473373,1,AUTO,ARMED,5,AVAILABLE,UNAVAILABLE,UNAVAILABLE,47,6,ACTIVE,719,E_P3-A5_AB.NC,E_P3-A5_AB.NC,7,0.000668021,18,0.001,1630886.967,470753.216,184.4,2339.1196,100,14.81667,6,100,0,0,100,5750.0,3900,1000,3.9,25.3,0.2,11,371.3673713,700,200,4.0,21.8,0.1,0,213.5857058,1900,700,2.7,25.3,0.2,32,-282.7394134,1200,300,3.9,28.2,0.1
68.621165,1,AUTO,ARMED,5,AVAILABLE,UNAVAILABLE,UNAVAILABLE,47,6,ACTIVE,719,E_P3-A5_AB.NC,E_P3-A5_AB.NC,7,0.000668021,18,0.0005,1630886.967,470753.216,184.4,2339.1196,100,14.81667,6,100,0,3,100,5750.0,3900,1000,3.9,25.3,0.2,11,374.4230577,700,200,4.0,21.8,0.1,0,213.5857058,1900,700,2.7,25.3,0.2,32,-282.739402,1200,300,3.9,28.2,0.1
68.762556,1,AUTO,ARMED,5,AVAILABLE,UNAVAILABLE,UNAVAILABLE,47,6,ACTIVE,719,E_P3-A5_AB.NC,E_P3-A5_AB.NC,7,0.000668021,18,0.001,1630886.967,470753.216,184.4,2339.1196,100,14.81667,6,100,0,0,100,5750.0,3900,1000,3.9,25.3,0.2,9,377.4790416,700,200,4.0,21.8,0.1,0,213.5856943,1900,700,2.7,25.3,0.2,32,-282.7393905,1200,300,3.9,28.2,0.1
68.916822,1,AUTO,ARMED,5,AVAILABLE,UNAVAILABLE,UNAVAILABLE,47,6,ACTIVE,719,E_P3-A5_AB.NC,E_P3-A5_AB.NC,7,0.000668021,18,0.0005,1630886.967,470753.216,184.4,2339.1196,100,14.81667,6,100,0,0,100,5750.0,3900,1000,3.9,25.3,0.2,11,379.0050881,700,200,4.0,21.8,0.1,0,213.5856829,1900,700,2.7,25.3,0.2,32,-282.739402,1200,300,3.9,28.2,0.1
69.059202,1,AUTO,ARMED,5,AVAILABLE,UNAVAILABLE,UNAVAILABLE,47,6,ACTIVE,719,E_P3-A5_AB.NC,E_P3-A5_AB.NC,7,0.000668021,18,0.0005,1630886.967,470753.216,184.4,2339.1196,100,14.81667,6,100,0,0,100,5750.0,3900,1000,3.9,25.3,0.2,11,380.5310544,700,200,4.0,21.8,0.1,0,213.5856829,1900,700,2.7,25.3,0.2,32,-282.7393905,1200,300,3.9,28.2,0.1
69.21659,1,AUTO,ARMED,5,AVAILABLE,UNAVAILABLE,UNAVAILABLE,47,6,ACTIVE,719,E_P3-A5_AB.NC,E_P3-A5_AB.NC,7,0.000668021,18,0.001,1630886.967,470753.216,184.4,2339.1196,100,14.81667,7,100,0,0,100,5750.0,3900,1000,3.9,25.3,0.2,11,383.587161,700,200,4.0,21.8,0.1,0,213.5857058,1900,700,2.7,25.3,0.2,32,-282.739402,1200,300,3.9,28.2,0.1
69.367543,1,AUTO,ARMED,5,AVAILABLE,UNAVAILABLE,UNAVAILABLE,47,6,ACTIVE,719,E_P3-A5_AB.NC,E_P3-A5_AB.NC,7,0.000668021,18,0.0005,1630886.967,470753.216,184.4,2052.803,100,14.81667,7,100,0,2,100,5750.0,3900,1000,3.9,25.3,0.2,10,385.1132825,700,200,4.0,21.8,0.1,0,213.5857172,1900,700,2.7,25.3,0.2,32,-282.739402,1200,300,3.9,28.2,0.1
69.509729,1,AUTO,ARMED,5,AVAILABLE,UNAVAILABLE,UNAVAILABLE,47,6,ACTIVE,719,E_P3-A5_AB.NC,E_P3-A5_AB.NC,7,0.000668021,18,0.0005,1630886.967,470753.216,184.4,2052.803,100,14.81667,7,100,0,2,100,5750.0,3900,1000,3.9,25.3,0.2,10,386.6395871,700,200,4.0,21.8,0.1,0,213.5857401,1900,700,2.7,25.3,0.2,32,-282.739402,1200,300,3.9,28.2,0.1
69.660813,1,AUTO,ARMED,5,AVAILABLE,UNAVAILABLE,UNAVAILABLE,47,6,ACTIVE,719,E_P3-A5_AB.NC,E_P3-A5_AB.NC,7,0.000668021,18,0.0005,1630886.967,470753.216,184.4,2052.803,100,14.81667,7,100,0,1,100,5750.0,3900,1000,3.9,25.3,0.2,10,389.6953093,700,200,4.0,21.8,0.1,0,213.5857172,1900,700,2.7,25.3,0.2,32,-282.739402,1200,300,3.9,28.2,0.1
69.805649,1,AUTO,ARMED,5,AVAILABLE,UNAVAILABLE,UNAVAILABLE,47,6,ACTIVE,719,E_P3-A5_AB.NC,E_P3-A5_AB.NC,7,0.000668021,18,0.0005,1630886.967,470753.216,184.4,2052.803,100,14.81667,7,100,0,0,100,5750.0,2500,600,3.9,25.3,0.2,9,391.9845315,300,100,3.9,21.8,0.1,0,213.5857058,900,200,3.6,25.3,0.1,32,-282.7393905,400,100,4.0,28.2,0.1
69.956068,1,AUTO,ARMED,5,AVAILABLE,UNAVAILABLE,UNAVAILABLE,47,6,ACTIVE,719,E_P3-A5_AB.NC,E_P3-A5_AB.NC,7,0.000668021,18,0.0005,1630886.967,470753.216,184.4,2052.803,100,14.81667,7,100,0,0,100,5750.0,2500,600,3.9,25.3,0.2,9,393.5142009,300,100,3.9,21.8,0.1,0,213.5856943,900,200,3.6,25.3,0.1,32,-282.7393905,400,100,4.0,28.2,0.1
70.108218,1,AUTO,ARMED,5,AVAILABLE,UNAVAILABLE,UNAVAILABLE,47,6,ACTIVE,719,E_P3-A5_AB.NC,E_P3-A5_AB.NC,7,0.000668021,18,0.0005,1630886.967,470753.216,184.4,2052.803,100,14.81667,7,100,0,0,100,5750.0,2500,600,3.9,25.3,0.2,9,395.0404368,300,100,3.9,21.8,0.1,0,213.5856943,900,200,3.6,25.3,0.1,32,-282.739402,400,100,4.0,28.2,0.1
70.258448,1,AUTO,ARMED,5,AVAILABLE,UNAVAILABLE,UNAVAILABLE,47,6,ACTIVE,719,E_P3-A5_AB.NC,E_P3-A5_AB.NC,7,0.000668021,18,0.0005,1630886.967,470753.216,184.4,2052.803,100,14.81667,8,100,0,0,100,5750.0,2500,600,3.9,25.3,0.2,10,398.0963879,300,100,3.9,21.8,0.1,0,213.5856943,900,200,3.6,25.3,0.1,32,-282.739402,400,100,4.0,28.2,0.1
70.421096,1,AUTO,ARMED,5,AVAILABLE,UNAVAILABLE,UNAVAILABLE,47,6,ACTIVE,719,E_P3-A5_AB.NC,E_P3-A5_AB.NC,7,0.000668021,18,0.0005,1630886.967,470753.216,184.4,2034.0795,100,0.0,8,100,0,0,100,5750.0,2500,600,3.9,25.3,0.2,10,399.955293,300,100,3.9,21.8,0.1,0,213.5857058,900,200,3.6,25.3,0.1,32,-282.7393905,400,100,4.0,28.2,0.1
70.566902,1,AUTO,ARMED,5,AVAILABLE,UNAVAILABLE,UNAVAILABLE,48,6,ACTIVE,719,E_P3-A5_AB.NC,E_P3-A5_AB.NC,7,0.000668021,18,0.0005,1630886.967,470753.216,184.4,2034.0795,100,0.0,8,100,0,2,100,5750.0,2500,600,3.9,25.3,0.2,5,399.955808,300,100,3.9,21.8,0.1,0,213.5856943,900,200,3.6,25.3,0.1,32,-282.7394134,400,100,4.0,28.2,0.1
70.709476,1,AUTO,ARMED,5,AVAILABLE,UNAVAILABLE,UNAVAILABLE,48,6,ACTIVE,719,E_P3-A5_AB.NC,E_P3-A5_AB.NC,7,0.000668021,18,0.0005,1630886.967,470753.216,184.4,2034.0795,100,0.0,8,100,0,2,100,5750.0,2500,600,3.9,25.3,0.2,5,399.9560026,300,100,3.9,21.8,0.1,0,213.5857058,900,200,3.6,25.3,0.1,32,-282.7394134,400,100,4.0,28.2,0.1
70.861896,1,AUTO,ARMED,5,AVAILABLE,UNAVAILABLE,UNAVAILABLE,48,6,ACTIVE,719,E_P3-A5_AB.NC,E_P3-A5_AB.NC,7,0.000668021,18,0.0005,1630886.967,470753.216,184.4,2034.0795,100,0.0,8,100,0,2,100,5750.0,2500,600,3.9,25.3,0.2,5,399.9560026,300,100,3.9,21.8,0.1,0,213.5857058,900,200,3.6,25.3,0.1,32,-282.739402,400,100,4.0,28.2,0.1
71.006706,1,AUTO,ARMED,5,AVAILABLE,UNAVAILABLE,UNAVAILABLE,48,6,ACTIVE,719,E_P3-A5_AB.NC,E_P3-A5_AB.NC,7,0.000668021,18,0.0005,1630886.967,470753.216,184.4,2034.0795,100,0.0,8,100,0,0,100,5750.0,2500,600,3.9,25.3,0.2,5,399.9559911,300,100,3.9,21.8,0.1,0,213.5856943,900,200,3.6,25.3,0.1,32,-282.7393905,400,100,4.0,28.2,0.1
71.287547,1,AUTO,ARMED,5,AVAILABLE,UNAVAILABLE,UNAVAILABLE,48,6,ACTIVE,719,E_P3-A5_AB.NC,E_P3-A5_AB.NC,7,0.000668021,18,0.0005,1630886.967,470753.216,184.4,2034.0795,100,0.0,9,100,0,0,100,5750.0,2500,600,3.9,25.3,0.2,5,399.9560026,300,100,3.9,21.8,0.1,0,213.5856943,900,200,3.6,25.3,0.1,32,-282.739402,400,100,4.0,28.2,0.1
71.431168,1,AUTO,ARMED,5,AVAILABLE,UNAVAILABLE,UNAVAILABLE,48,6,ACTIVE,719,E_P3-A5_AB.NC,E_P3-A5_AB.NC,7,0.000668021,18,0.0005,1630886.967,470753.216,184.4,2073.8552,100,0.0,9,100,0,0,100,5750.0,2400,600,3.8,25.3,0.2,5,399.9560026,300,100,3.8,21.8,0.1,0,213.5857058,1200,300,3.7,25.3,0.1,32,-282.7393905,300,100,3.6,28.1,0.2
71.574727,1,AUTO,ARMED,5,AVAILABLE,UNAVAILABLE,UNAVAILABLE,48,6,ACTIVE,719,E_P3-A5_AB.NC,E_P3-A5_AB.NC,7,0.000668021,18,0.0005,1630886.967,470753.216,184.4,2073.8552,100,0.0,9,100,0,1,100,5750.0,2400,600,3.8,25.3,0.2,0,398.4167214,300,100,3.8,21.8,0.1,11,213.9030888,1200,300,3.7,25.3,0.1,32,-282.7393905,300,100,3.6,28.1,0.2
71.733782,1,AUTO,ARMED,5,AVAILABLE,UNAVAILABLE,UNAVAILABLE,50,6,ACTIVE,719,E_P3-A5_AB.NC,E_P3-A5_AB.NC,7,0.000668021,18,0.0005,1630886.967,470753.216,184.4,2073.8552,100,14.81667,9,100,0,1,100,5750.0,2400,600,3.8,25.3,0.2,8,396.1313045,300,100,3.8,21.8,0.1,3,213.9031574,1200,300,3.7,25.3,0.1,32,-282.7393905,300,100,3.6,28.1,0.2
71.881982,1,AUTO,ARMED,5,AVAILABLE,UNAVAILABLE,UNAVAILABLE,50,6,ACTIVE,719,E_P3-A5_AB.NC,E_P3-A5_AB.NC,7,0.000668021,18,0.0005,1630886.967,470753.216,184.4,2073.8552,100,14.81667,9,100,0,1,100,5750.0,2400,600,3.8,25.3,0.2,8,394.6052784,300,100,3.8,21.8,0.1,3,213.9031918,1200,300,3.7,25.3,0.1,32,-282.739402,300,100,3.6,28.1,0.2
72.040568,1,AUTO,ARMED,5,AVAILABLE,UNAVAILABLE,UNAVAILABLE,50,6,ACTIVE,719,E_P3-A5_AB.NC,E_P3-A5_AB.NC,7,0.000668021,18,0.0005,1630886.967,470753.216,184.4,2073.8552,100,14.81667,9,100,0,1,100,5750.0,2400,600,3.8,25.3,0.2,8,391.5491975,300,100,3.8,21.8,0.1,4,213.9032032,1200,300,3.7,25.3,0.1,32,-282.739402,300,100,3.6,28.1,0.2
72.190682,1,AUTO,ARMED,5,AVAILABLE,UNAVAILABLE,UNAVAILABLE,50,6,ACTIVE,719,E_P3-A5_AB.NC,E_P3-A5_AB.NC,7,0.000668021,18,0.0005,1630886.967,470753.216,184.4,2073.8552,100,14.81667,10,100,0,0,100,5750.0,2400,600,3.8,25.3,0.2,9,388.4895573,300,100,3.8,21.8,0.1,4,213.9031918,1200,300,3.7,25.3,0.1,32,-282.739402,300,100,3.6,28.1,0.2
72.344806,1,AUTO,ARMED,5,AVAILABLE,UNAVAILABLE,UNAVAILABLE,50,6,ACTIVE,719,E_P3-A5_AB.NC,E_P3-A5_AB.NC,7,0.000668021,18,0.0005,1630886.967,470753.216,184.4,2073.8552,100,14.81667,10,100,0,0,100,5750.0,2400,600,3.8,25.3,0.2,6,386.9633252,300,100,3.8,21.8,0.1,4,213.9031345,1200,300,3.7,25.3,0.1,32,-282.739402,300,100,3.6,28.1,0.2
72.488577,1,AUTO,ARMED,5,AVAILABLE,UNAVAILABLE,UNAVAILABLE,50,6,ACTIVE,719,E_P3-A5_AB.NC,E_P3-A5_AB.NC,7,0.000668021,18,0.0005,1630886.967,470753.216,184.4,2462.8455,100,14.81667,10,100,0,0,100,5750.0,2400,600,3.8,25.3,0.2,6,385.4371389,300,100,3.8,21.8,0.1,4,213.9031574,1200,300,3.7,25.3,0.1,32,-282.7393905,300,100,3.6,28.1,0.2
72.640341,1,AUTO,ARMED,5,AVAILABLE,UNAVAILABLE,UNAVAILABLE,50,6,ACTIVE,719,E_P3-A5_AB.NC,E_P3-A5_AB.NC,7,0.000668021,18,0.0005,1630886.967,470753.216,184.4,2462.8455,100,14.81667,10,100,0,0,100,5750.0,2400,600,3.8,25.3,0.2,6,382.3813327,300,100,3.8,21.8,0.1,4,213.9031803,1200,300,3.7,25.3,0.1,32,-282.7393905,300,100,3.6,28.1,0.2
72.787806,1,AUTO,ARMED,5,AVAILABLE,UNAVAILABLE,UNAVAILABLE,50,6,ACTIVE,719,E_P3-A5_AB.NC,E_P3-A5_AB.NC,7,0.000668021,18,0.0005,1630886.967,470753.216,184.4,2462.8455,100,14.81667,10,100,0,2,100,5750.0,2400,600,3.8,25.3,0.2,7,379.3292164,300,100,3.8,21.8,0.1,5,213.9032146,1200,300,3.7,25.3,0.1,32,-282.7394134,300,100,3.6,28.1,0.2
72.945909,1,AUTO,ARMED,5,AVAILABLE,UNAVAILABLE,UNAVAILABLE,50,6,ACTIVE,719,E_P3-A5_AB.NC,E_P3-A5_AB.NC,7,0.000668021,18,0.0005,1630886.967,470753.216,184.4,2462.8455,100,14.81667,10,100,0,0,100,5750.0,2400,600,3.8,25.3,0.2,6,377.7994876,300,100,3.8,21.8,0.1,4,213.9032261,1200,300,3.7,25.3,0.1,32,-282.7394134,300,100,3.6,28.1,0.2
73.101515,1,AUTO,ARMED,5,AVAILABLE,UNAVAILABLE,UNAVAILABLE,50,6,ACTIVE,719,E_P3-A5_AB.NC,E_P3-A5_AB.NC,7,0.000668021,18,0.0005,1630886.967,470753.216,184.4,2462.8455,100,14.81667,11,100,0,4,100,5750.0,4200,1100,3.9,25.3,0.2,6,374.7470682,600,200,3.4,21.8,0.1,5,213.9032032,2200,900,2.6,25.3,0.3,32,-282.7393905,1000,200,4.0,28.1,0.1
73.249056,1,AUTO,ARMED,5,AVAILABLE,UNAVAILABLE,UNAVAILABLE,50,6,ACTIVE,719,E_P3-A5_AB.NC,E_P3-A5_AB.NC,7,0.000668021,18,0.0005,1630886.967,470753.216,184.4,2462.8455,100,14.81667,11,100,0,4,100,5750.0,4200,1100,3.9,25.3,0.2,6,373.2173852,600,200,3.4,21.8,0.1,5,213.9031918,2200,900,2.6,25.3,0.3,32,-282.7393905,1000,200,4.0,28.1,0.1
73.393171,1,AUTO,ARMED,5,AVAILABLE,UNAVAILABLE,UNAVAILABLE,50,6,ACTIVE,719,E_P3-A5_AB.NC,E_P3-A5_AB.NC,7,0.000668021,18,0.0005,1630886.967,470753.216,184.4,2462.8455,100,14.81667,11,100,0,0,100,5750.0,4200,1100,3.9,25.3,0.2,9,370.165023,600,200,3.4,21.8,0.1,4,213.9031918,2200,900,2.6,25.3,0.3,32,-282.7393905,1000,200,4.0,28.1,0.1
73.53852,1,AUTO,ARMED,5,AVAILABLE,UNAVAILABLE,UNAVAILABLE,50,6,ACTIVE,719,E_P3-A5_AB.NC,E_P3-A5_AB.NC,7,0.000668021,18,0.0005,1630886.967,470753.216,184.4,2462.8455,100,14.81667,11,100,0,0,100,5750.0,4200,1100,3.9,25.3,0.2,6,368.6350538,600,200,3.4,21.8,0.1,4,213.9031918,2200,900,2.6,25.3,0.3,32,-282.7393905,1000,200,4.0,28.1,0.1
73.70959,1,AUTO,ARMED,5,AVAILABLE,UNAVAILABLE,UNAVAILABLE,50,6,ACTIVE,719,E_P3-A5_AB.NC,E_P3-A5_AB.NC,7,0.000668021,18,0.0005,1630886.967,470753.216,184.4,2448.3574,100,14.81667,11,100,0,0,100,5750.0,4200,1100,3.9,25.3,0.2,6,366.3461198,600,200,3.4,21.8,0.1,4,213.9032032,2200,900,2.6,25.3,0.3,32,-282.739402,1000,200,4.0,28.1,0.1
73.854031,1,AUTO,ARMED,5,AVAILABLE,UNAVAILABLE,UNAVAILABLE,50,6,ACTIVE,719,E_P3-A5_AB.NC,E_P3-A5_AB.NC,7,0.000668021,18,0.0005,1630886.967,470753.216,184.4,2448.3574,100,14.81667,11,100,0,1,100,5750.0,4200,1100,3.9,25.3,0.2,7,364.8200073,600,200,3.4,21.8,0.1,4,213.9032261,2200,900,2.6,25.3,0.3,32,-282.739402,1000,200,4.0,28.1,0.1
73.993157,1,AUTO,ARMED,5,AVAILABLE,UNAVAILABLE,UNAVAILABLE,50,6,ACTIVE,719,E_P3-A5_AB.NC,E_P3-A5_AB.NC,7,0.000668021,18,0.0005,1630886.967,470753.216,184.4,2448.3574,100,14.81667,11,100,0,1,100,5750.0,4200,1100,3.9,25.3,0.2,7,363.2902442,600,200,3.4,21.8,0.1,4,213.9032032,2200,900,2.6,25.3,0.3,32,-282.739402,1000,200,4.0,28.1,0.1
74.136805,1,AUTO,ARMED,5,AVAILABLE,UNAVAILABLE,UNAVAILABLE,50,6,ACTIVE,719,E_P3-A5_AB.NC,E_P3-A5_AB.NC,7,0.000668021,18,0.0005,1630886.967,470753.216,184.4,2448.3574,100,14.81667,12,100,0,1,100,5750.0,4200,1100,3.9,25.3,0.2,6,361.7639257,600,200,3.4,21.8,0.1,4,213.9031918,2200,900,2.6,25.3,0.3,32,-282.7394134,1000,200,4.0,28.1,0.1
74.29006,1,AUTO,ARMED,5,AVAILABLE,UNAVAILABLE,UNAVAILABLE,50,6,ACTIVE,719,E_P3-A5_AB.NC,E_P3-A5_AB.NC,7,0.000668021,18,0.0005,1630886.967,470753.216,184.4,2448.3574,100,14.81667,12,100,0,2,100,5750.0,4200,1100,3.9,25.3,0.2,6,357.1820979,600,200,3.4,21.8,0.1,4,213.9031918,2200,900,2.6,25.3,0.3,32,-282.7393905,1000,200,4.0,28.1,0.1
74.439207,1,AUTO,ARMED,5,AVAILABLE,UNAVAILABLE,UNAVAILABLE,50,6,ACTIVE,719,E_P3-A5_AB.NC,E_P3-A5_AB.NC,7,0.000668021,18,0.0005,1630886.967,470753.216,184.4,2448.3574,100,14.81667,12,100,0,0,100,5750.0,4200,1100,3.9,25.3,0.2,8,355.655791,600,200,3.4,21.8,0.1,4,213.9032032,2200,900,2.6,25.3,0.3,32,-282.7393791,1000,200,4.0,28.1,0.1
74.584976,1,AUTO,ARMED,5,AVAILABLE,UNAVAILABLE,UNAVAILABLE,50,6,ACTIVE,719,E_P3-A5_AB.NC,E_P3-A5_AB.NC,7,0.000668021,18,0.0005,1630886.967,470753.216,184.4,2448.3574,100,14.81667,12,100,0,0,100,5750.0,4100,1100,3.8,25.3,0.2,8,354.1261497,600,200,3.5,21.8,0.1,4,213.9032146,2400,900,2.7,25.3,0.3,32,-282.7393905,1100,300,4.2,28.1,0.1
74.737642,1,AUTO,ARMED,5,AVAILABLE,UNAVAILABLE,UNAVAILABLE,50,6,ACTIVE,719,E_P3-A5_AB.NC,E_P3-A5_AB.NC,7,0.000668021,18,0.0005,1630886.967,470753.216,184.4,2459.5796,100,14.81667,12,100,0,0,100,5750.0,4100,1100,3.8,25.3,0.2,6,351.073861,600,200,3.5,21.8,0.1,4,213.9032146,2400,900,2.7,25.3,0.3,32,-282.7394134,1100,300,4.2,28.1,0.1
74.896196,1,AUTO,ARMED,5,AVAILABLE,UNAVAILABLE,UNAVAILABLE,50,6,ACTIVE,719,E_P3-A5_AB.NC,E_P3-A5_AB.NC,7,0.000668021,18,0.0005,1630886.967,470753.216,184.4,2459.5796,100,14.81667,12,100,0,2,100,5750.0,4100,1100,3.8,25.3,0.2,6,349.5477224,600,200,3.5,21.8,0.1,4,213.9032261,2400,900,2.7,25.3,0.3,32,-282.7394134,1100,300,4.2,28.1,0.1
75.04092,1,AUTO,ARMED,5,AVAILABLE,UNAVAILABLE,UNAVAILABLE,50,6,ACTIVE,719,E_P3-A5_AB.NC,E_P3-A5_AB.NC,7,0.000668021,18,0.0005,1630886.967,470753.216,184.4,2459.5796,100,14.81667,12,100,0,1,100,5750.0,4100,1100,3.8,25.3,0.2,7,346.4918632,600,200,3.5,21.8,0.1,4,213.9031918,2400,900,2.7,25.3,0.3,32,-282.7393905,1100,300,4.2,28.1,0.1
75.199527,1,AUTO,ARMED,5,AVAILABLE,UNAVAILABLE,UNAVAILABLE,50,6,ACTIVE,719,E_P3-A5_AB.NC,E_P3-A5_AB.NC,7,0.000668021,18,0.0005,1630886.967,470753.216,184.4,2459.5796,100,14.81667,13,100,0,1,100,5750.0,4100,1100,3.8,25.3,0.2,7,344.9655529,600,200,3.5,21.8,0.1,4,213.9031918,2400,900,2.7,25.3,0.3,32,-282.7393905,1100,300,4.2,28.1,0.1
75.366864,1,AUTO,ARMED,5,AVAILABLE,UNAVAILABLE,UNAVAILABLE,50,6,ACTIVE,719,E_P3-A5_AB.NC,E_P3-A5_AB.NC,7,0.000668021,18,0.0005,1630886.967,470753.216,184.4,2459.5796,100,14.81667,13,100,0,1,100,5750.0,4100,1100,3.8,25.3,0.2,7,340.3836237,600,200,3.5,21.8,0.1,4,213.9032032,2400,900,2.7,25.3,0.3,32,-282.739402,1100,300,4.2,28.1,0.1
75.518586,1,AUTO,ARMED,5,AVAILABLE,UNAVAILABLE,UNAVAILABLE,50,6,ACTIVE,719,E_P3-A5_AB.NC,E_P3-A5_AB.NC,7,0.000668021,18,0.0005,1630886.967,470753.216,184.4,2459.5796,100,14.81667,13,100,0,1,100,5750.0,4100,1100,3.8,25.3,0.2,7,339.6205144,600,200,3.5,21.8,0.1,4,213.9032261,2400,900,2.7,25.3,0.3,32,-282.739402,1100,300,4.2,28.1,0.1
75.668084,1,AUTO,ARMED,5,AVAILABLE,UNAVAILABLE,UNAVAILABLE,50,6,ACTIVE,719,E_P3-A5_AB.NC,E_P3-A5_AB.NC,7,0.000668021,18,0.0005,1630886.967,470753.216,184.4,2459.5796,100,14.81667,13,100,0,1,100,5750.0,4100,1100,3.8,25.3,0.2,7,338.0909998,600,200,3.5,21.8,0.1,4,213.9032261,2400,900,2.7,25.3,0.3,32,-282.739402,1100,300,4.2,28.1,0.1
75.825742,1,AUTO,ARMED,5,AVAILABLE,UNAVAILABLE,UNAVAILABLE,50,6,ACTIVE,719,E_P3-A5_AB.NC,E_P3-A5_AB.NC,7,0.000668021,18,0.0005,1630886.967,470753.216,184.4,2163.7905,100,14.81667,13,100,0,0,100,5750.0,4100,1100,3.8,25.3,0.2,7,336.5645522,600,200,3.5,21.8,0.1,4,213.9032146,2400,900,2.7,25.3,0.3,32,-282.739402,1100,300,4.2,28.1,0.1
75.973077,1,AUTO,ARMED,5,AVAILABLE,UNAVAILABLE,UNAVAILABLE,50,6,ACTIVE,719,E_P3-A5_AB.NC,E_P3-A5_AB.NC,7,0.000668021,18,0.0005,1630886.967,470753.216,184.4,2163.7905,100,14.81667,13,100,0,1,100,5750.0,4100,1100,3.8,25.3,0.2,7,331.9826917,600,200,3.5,21.8,0.1,4,213.9032146,2400,900,2.7,25.3,0.3,32,-282.7393905,1100,300,4.2,28.1,0.1
76.14474,1,AUTO,ARMED,5,AVAILABLE,UNAVAILABLE,UNAVAILABLE,50,6,ACTIVE,719,E_P3-A5_AB.NC,E_P3-A5_AB.NC,7,0.000668021,18,0.0005,1630886.967,470753.216,184.4,2163.7905,100,14.81667,14,100,0,0,100,5750.0,4100,1100,3.8,25.3,0.2,10,330.4563242,600,200,3.5,21.8,0.1,4,213.9032604,2400,900,2.7,25.3,0.3,32,-282.7393905,1100,300,4.2,28.1,0.1
76.298014,1,AUTO,ARMED,5,AVAILABLE,UNAVAILABLE,UNAVAILABLE,50,6,ACTIVE,719,E_P3-A5_AB.NC,E_P3-A5_AB.NC,7,0.000668021,18,0.0005,1630886.967,470753.216,184.4,2163.7905,100,14.81667,14,100,0,1,100,5750.0,3900,800,4.8,25.3,0.2,7,327.3969877,400,100,4.1,21.8,0.0,4,213.9032261,1300,300,3.8,25.3,0.1,32,-282.739402,600,100,6.0,28.1,0.1
76.441781,1,AUTO,ARMED,5,AVAILABLE,UNAVAILABLE,UNAVAILABLE,50,6,ACTIVE,719,E_P3-A5_AB.NC,E_P3-A5_AB.NC,7,0.000668021,18,0.0005,1630886.967,470753.216,184.4,2163.7905,100,14.81667,14,100,0,1,100,5750.0,3900,800,4.8,25.3,0.2,7,325.8705733,400,100,4.1,21.8,0.0,4,213.9032146,1300,300,3.8,25.3,0.1,32,-282.739402,600,100,6.0,28.1,0.1
76.584839,1,AUTO,ARMED,5,AVAILABLE,UNAVAILABLE,UNAVAILABLE,50,6,ACTIVE,719,E_P3-A5_AB.NC,E_P3-A5_AB.NC,7,0.000668021,18,0.0005,1630886.967,470753.216,184.4,2163.7905,100,14.81667,14,100,0,1,100,5750.0,3900,800,4.8,25.3,0.2,9,324.3408057,400,100,4.1,21.8,0.0,3,213.9032146,1300,300,3.8,25.3,0.1,32,-282.739402,600,100,6.0,28.1,0.1
76.726768,1,AUTO,ARMED,5,AVAILABLE,UNAVAILABLE,UNAVAILABLE,50,6,ACTIVE,719,E_P3-A5_AB.NC,E_P3-A5_AB.NC,7,0.000668021,18,0.0005,1630886.967,470753.216,184.4,2163.7905,100,14.81667,14,100,0,1,100,5750.0,3900,800,4.8,25.3,0.2,9,322.8184313,400,100,4.1,21.8,0.0,3,213.9032032,1300,300,3.8,25.3,0.1,32,-282.739402,600,100,6.0,28.1,0.1
76.865121,1,AUTO,ARMED,5,AVAILABLE,UNAVAILABLE,UNAVAILABLE,50,6,ACTIVE,719,E_P3-A5_AB.NC,E_P3-A5_AB.NC,7,0.000668021,18,0.0005,1630886.967,470753.216,184.4,2066.8096,100,14.81667,14,100,0,1,100,5750.0,3900,800,4.8,25.3,0.2,9,319.766026,400,100,4.1,21.8,0.0,3,213.9032032,1300,300,3.8,25.3,0.1,32,-282.739402,600,100,6.0,28.1,0.1
77.030722,1,AUTO,ARMED,5,AVAILABLE,UNAVAILABLE,UNAVAILABLE,50,6,ACTIVE,719,E_P3-A5_AB.NC,E_P3-A5_AB.NC,7,0.000668021,18,0.0005,1630886.967,470753.216,184.4,2066.8096,100,7.933333,14,100,0,0,100,5750.0,3900,800,4.8,25.3,0.2,6,318.2910323,400,100,4.1,21.8,0.0,3,213.9032032,1300,300,3.8,25.3,0.1,32,-282.739402,600,100,6.0,28.1,0.1
77.196397,1,AUTO,ARMED,5,AVAILABLE,UNAVAILABLE,UNAVAILABLE,51,6,ACTIVE,719,E_P3-A5_AB.NC,E_P3-A5_AB.NC,7,0.000668021,18,0.0005,1630886.967,470753.216,184.4,2066.8096,100,0.0,15,100,0,0,100,5750.0,3900,800,4.8,25.3,0.2,7,318.1679569,400,100,4.1,21.8,0.0,3,213.9032032,1300,300,3.8,25.3,0.1,32,-282.7393905,600,100,6.0,28.1,0.1
77.336818,1,AUTO,ARMED,5,AVAILABLE,UNAVAILABLE,UNAVAILABLE,51,6,ACTIVE,719,E_P3-A5_AB.NC,E_P3-A5_AB.NC,7,0.000668021,18,0.0005,1630886.967,470753.216,184.4,2066.8096,100,0.0,15,100,0,1,100,5750.0,3900,800,4.8,25.3,0.2,6,318.1679798,400,100,4.1,21.8,0.0,3,213.9032032,1300,300,3.8,25.3,0.1,32,-282.739402,600,100,6.0,28.1,0.1
77.485819,1,AUTO,ARMED,5,AVAILABLE,UNAVAILABLE,UNAVAILABLE,51,6,ACTIVE,719,E_P3-A5_AB.NC,E_P3-A5_AB.NC,7,0.000668021,18,0.0005,1630886.967,470753.216,184.4,2066.8096,100,0.0,15,100,0,1,100,5750.0,3900,800,4.8,25.3,0.2,6,318.1679912,400,100,4.1,21.8,0.0,3,213.9032032,1300,300,3.8,25.3,0.1,32,-282.739402,600,100,6.0,28.1,0.1
77.62825,1,AUTO,ARMED,5,AVAILABLE,UNAVAILABLE,UNAVAILABLE,51,6,ACTIVE,719,E_P3-A5_AB.NC,E_P3-A5_AB.NC,7,0.000668021,18,0.0005,1630886.967,470753.216,184.4,2066.8096,100,0.0,15,100,0,1,100,5750.0,3900,800,4.8,25.3,0.2,6,318.1680026,400,100,4.1,21.8,0.0,3,213.9032032,1300,300,3.8,25.3,0.1,32,-282.7394134,600,100,6.0,28.1,0.1
77.781819,1,AUTO,ARMED,5,AVAILABLE,UNAVAILABLE,UNAVAILABLE,51,6,ACTIVE,719,E_P3-A5_AB.NC,E_P3-A5_AB.NC,7,0.000668021,18,0.0005,1630886.967,470753.216,184.4,2066.8096,100,0.0,15,100,0,0,100,5750.0,2500,600,3.9,25.3,0.2,6,318.1680026,200,100,3.7,21.8,0.1,3,213.9032032,1100,400,3.2,25.3,0.1,32,-282.739402,400,100,3.9,28.1,0.1
77.943515,1,AUTO,ARMED,5,AVAILABLE,UNAVAILABLE,UNAVAILABLE,51,6,ACTIVE,719,E_P3-A5_AB.NC,E_P3-A5_AB.NC,7,0.000668021,18,0.0005,1630886.967,470753.216,184.4,8075.6519,100,0.0,15,100,0,2,100,5750.0,2500,600,3.9,25.3,0.2,6,318.1679912,200,100,3.7,21.8,0.1,3,213.9032032,1100,400,3.2,25.3,0.1,32,-282.7393905,400,100,3.9,28.1,0.1
78.084564,1,AUTO,ARMED,5,AVAILABLE,UNAVAILABLE,UNAVAILABLE,53,6,ACTIVE,719,E_P3-A5_AB.NC,E_P3-A5_AB.NC,7,0.000668021,18,0.0005,1630886.967,470753.216,184.4,8075.6519,100,0.0,15,100,0,1,100,5750.0,2500,600,3.9,25.3,0.2,6,318.1679912,200,100,3.7,21.8,0.1,3,213.9031918,1100,400,3.2,25.3,0.1,32,-282.7393905,400,100,3.9,28.1,0.1
78.235709,1,AUTO,ARMED,5,AVAILABLE,UNAVAILABLE,UNAVAILABLE,53,6,ACTIVE,719,E_P3-A5_AB.NC,E_P3-A5_AB.NC,7,0.000668021,18,0.0005,1630886.967,470753.216,184.4,8075.6519,100,0.0,16,100,0,14,100,5901.138716,2500,600,3.9,25.3,0.2,6,318.1680026,200,100,3.7,21.8,0.1,3,213.9032032,1100,400,3.2,25.3,0.1,32,-282.739402,400,100,3.9,28.1,0.1
78.385385,1,AUTO,ARMED,5,AVAILABLE,UNAVAILABLE,UNAVAILABLE,53,6,ACTIVE,719,E_P3-A5_AB.NC,E_P3-A5_AB.NC,7,0.000668021,18,0.0005,1630886.967,470753.216,184.4,8075.6519,100,0.0,16,100,0,14,100,6250.0,2500,600,3.9,25.3,0.2,6,318.1680141,200,100,3.7,21.8,0.1,3,214.0792143,1100,400,3.2,25.3,0.1,32,-282.7393905,400,100,3.9,28.1,0.1
78.550899,1,AUTO,ARMED,5,AVAILABLE,UNAVAILABLE,UNAVAILABLE,54,6,ACTIVE,719,E_P3-A5_AB.NC,E_P3-A5_AB.NC,7,0.000668021,18,0.0005,1630886.967,470753.216,184.4,8075.6519,100,0.0,16,100,0,13,100,6250.0,2500,600,3.9,25.3,0.2,6,318.1679912,200,100,3.7,21.8,0.1,1,214.0936444,1100,400,3.2,25.3,0.1,32,-282.739402,400,100,3.9,28.1,0.1
78.694773,1,AUTO,ARMED,5,AVAILABLE,UNAVAILABLE,UNAVAILABLE,54,6,ACTIVE,719,E_P3-A5_AB.NC,E_P3-A5_AB.NC,7,0.000668021,18,0.0005,1630886.967,470753.216,184.4,8075.6519,100,0.0,16,100,0,0,100,6250.0,2500,600,3.9,25.3,0.2,6,318.1679912,200,100,3.7,21.8,0.1,1,214.0936673,1100,400,3.2,25.3,0.1,32,-282.7393905,400,100,3.9,28.1,0.1
78.855733,1,AUTO,ARMED,5,AVAILABLE,UNAVAILABLE,UNAVAILABLE,54,6,ACTIVE,719,E_P3-A5_AB.NC,E_P3-A5_AB.NC,7,0.000668021,18,0.0005,1630886.967,470753.216,184.4,8075.6519,100,0.0,16,100,0,0,100,6250.0,2500,600,3.9,25.3,0.2,6,318.1680026,200,100,3.7,21.8,0.1,1,214.0936902,1100,400,3.2,25.3,0.1,32,-282.739402,400,100,3.9,28.1,0.1
79.000284,1,AUTO,ARMED,5,AVAILABLE,UNAVAILABLE,UNAVAILABLE,54,6,ACTIVE,719,E_P3-A5_AB.NC,E_P3-A5_AB.NC,7,0.000668021,18,0.0005,1630886.967,470753.216,184.4,2056.947,100,0.0,16,100,0,0,100,6250.0,2500,600,3.9,25.3,0.2,6,318.1680026,200,100,3.7,21.8,0.1,1,214.0936788,1100,400,3.2,25.3,0.1,32,-282.7393905,400,100,3.9,28.1,0.1
79.149734,1,AUTO,ARMED,5,AVAILABLE,UNAVAILABLE,UNAVAILABLE,54,6,ACTIVE,719,E_P3-A5_AB.NC,E_P3-A5_AB.NC,7,0.000668021,18,0.0005,1630886.967,470753.216,184.4,2056.947,100,0.0,16,100,0,0,100,6250.0,2500,600,3.9,25.3,0.2,6,318.1679912,200,100,3.7,21.8,0.1,1,214.0937017,1100,400,3.2,25.3,0.1,32,-282.7393905,400,100,3.9,28.1,0.1
79.291507,1,AUTO,ARMED,5,AVAILABLE,UNAVAILABLE,UNAVAILABLE,54,6,ACTIVE,719,E_P3-A5_AB.NC,E_P3-A5_AB.NC,7,0.000668021,18,0.0005,1630886.967,470753.216,184.4,2056.947,100,0.0,17,100,0,1,100,6250.0,2100,600,3.8,25.3,0.2,6,318.1680026,300,100,3.8,21.8,0.1,1,214.0937017,1600,500,3.1,25.3,0.2,32,-282.739402,500,100,3.6,28.1,0.2
79.439488,1,AUTO,ARMED,5,AVAILABLE,UNAVAILABLE,UNAVAILABLE,55,6,ACTIVE,719,E_P3-A5_AB.NC,E_P3-A5_AB.NC,7,0.000668021,18,0.0005,1630886.967,470753.216,184.4,2056.947,100,0.0,17,100,0,1,100,6250.0,2100,600,3.8,25.3,0.2,6,318.6778775,300,100,3.8,21.8,0.1,1,214.0936902,1600,500,3.1,25.3,0.2,32,-282.739402,500,100,3.6,28.1,0.2
79.582722,1,AUTO,ARMED,5,AVAILABLE,UNAVAILABLE,UNAVAILABLE,55,6,ACTIVE,719,E_P3-A5_AB.NC,E_P3-A5_AB.NC,7,0.000668021,18,0.0005,1630886.967,470753.216,184.4,2056.947,100,14.81667,17,100,0,1,100,6250.0,2100,600,3.8,25.3,0.2,9,320.2015465,300,100,3.8,21.8,0.1,1,214.0937017,1600,500,3.1,25.3,0.2,32,-282.739402,500,100,3.6,28.1,0.2
79.747076,1,AUTO,ARMED,5,AVAILABLE,UNAVAILABLE,UNAVAILABLE,55,6,ACTIVE,719,E_P3-A5_AB.NC,E_P3-A5_AB.NC,7,0.000668021,18,0.0005,1630886.967,470753.216,184.4,2056.947,100,14.81667,17,100,0,0,100,6250.0,2100,600,3.8,25.3,0.2,9,323.2575365,300,100,3.8,21.8,0.1,1,214.0936902,1600,500,3.1,25.3,0.2,32,-282.739402,500,100,3.6,28.1,0.2
79.885492,1,AUTO,ARMED,5,AVAILABLE,UNAVAILABLE,UNAVAILABLE,55,6,ACTIVE,719,E_P3-A5_AB.NC,E_P3-A5_AB.NC,7,0.000668021,18,0.0005,1630886.967,470753.216,184.4,2056.947,100,14.81667,17,100,0,0,100,6250.0,2100,600,3.8,25.3,0.2,9,324.7834944,300,100,3.8,21.8,0.1,1,214.0937017,1600,500,3.1,25.3,0.2,32,-282.739402,500,100,3.6,28.1,0.2
80.040649,1,AUTO,ARMED,5,AVAILABLE,UNAVAILABLE,UNAVAILABLE,55,6,ACTIVE,719,E_P3-A5_AB.NC,E_P3-A5_AB.NC,7,0.000668021,18,0.0005,1630886.967,470753.216,184.4,2056.947,100,14.81667,17,100,0,0,100,6250.0,2100,600,3.8,25.3,0.2,7,326.3170972,300,100,3.8,21.8,0.1,1,214.0936902,1600,500,3.1,25.3,0.2,32,-282.7393905,500,100,3.6,28.1,0.2
80.180189,1,AUTO,ARMED,5,AVAILABLE,UNAVAILABLE,UNAVAILABLE,55,6,ACTIVE,719,E_P3-A5_AB.NC,E_P3-A5_AB.NC,7,0.000668021,18,0.0005,1630886.967,470753.216,184.4,2367.7124,100,14.81667,18,100,0,0,100,6250.0,2100,600,3.8,25.3,0.2,9,330.8988944,300,100,3.8,21.8,0.1,1,214.0936101,1600,500,3.1,25.3,0.2,32,-282.739402,500,100,3.6,28.1,0.2
80.320908,1,AUTO,ARMED,5,AVAILABLE,UNAVAILABLE,UNAVAILABLE,55,6,ACTIVE,719,E_P3-A5_AB.NC,E_P3-A5_AB.NC,7,0.000668021,18,0.0005,1630886.967,470753.216,184.4,2367.7124,100,14.81667,18,100,0,0,100,6250.0,2100,600,3.8,25.3,0.2,11,332.4251623,300,100,3.8,21.8,0.1,0,214.093633,1600,500,3.1,25.3,0.2,32,-282.739402,500,100,3.6,28.1,0.2
80.459439,1,AUTO,ARMED,5,AVAILABLE,UNAVAILABLE,UNAVAILABLE,55,6,ACTIVE,719,E_P3-A5_AB.NC,E_P3-A5_AB.NC,7,0.000668021,18,0.0005,1630886.967,470753.216,184.4,2367.7124,100,14.81667,18,100,0,0,100,6250.0,2100,600,3.8,25.3,0.2,11,333.9476308,300,100,3.8,21.8,0.1,0,214.0937017,1600,500,3.1,25.3,0.2,32,-282.739402,500,100,3.6,28.1,0.2
80.609989,1,AUTO,ARMED,5,AVAILABLE,UNAVAILABLE,UNAVAILABLE,55,6,ACTIVE,719,E_P3-A5_AB.NC,E_P3-A5_AB.NC,7,0.000668021,18,0.0005,1630886.967,470753.216,184.4,2367.7124,100,14.81667,18,100,0,1,100,6250.0,2100,600,3.8,25.3,0.2,10,335.4738529,300,100,3.8,21.8,0.1,0,214.0937131,1600,500,3.1,25.3,0.2,32,-282.7394134,500,100,3.6,28.1,0.2
80.77589,1,AUTO,ARMED,5,AVAILABLE,UNAVAILABLE,UNAVAILABLE,55,6,ACTIVE,719,E_P3-A5_AB.NC,E_P3-A5_AB.NC,7,0.000668021,18,0.0005,1630886.967,470753.216,184.4,2367.7124,100,14.81667,18,100,0,0,100,6250.0,4400,1200,3.6,25.3,0.2,11,338.5330834,600,200,3.4,21.8,0.1,0,214.0936788,2000,600,3.4,25.3,0.2,32,-282.7393905,2600,700,3.7,28.1,0.1
80.931471,1,AUTO,ARMED,5,AVAILABLE,UNAVAILABLE,UNAVAILABLE,55,6,ACTIVE,719,E_P3-A5_AB.NC,E_P3-A5_AB.NC,7,0.000668021,18,0.0005,1630886.967,470753.216,184.4,2367.7124,100,14.81667,18,100,0,0,100,6250.0,4400,1200,3.6,25.3,0.2,11,340.0596832,600,200,3.4,21.8,0.1,0,214.093736,2000,600,3.4,25.3,0.2,32,-282.739402,2600,700,3.7,28.1,0.1
81.082991,1,AUTO,ARMED,5,AVAILABLE,UNAVAILABLE,UNAVAILABLE,55,6,ACTIVE,719,E_P3-A5_AB.NC,E_P3-A5_AB.NC,7,0.000668021,18,0.0005,1630886.967,470753.216,184.4,2367.7124,100,14.81667,18,100,0,0,100,6250.0,4400,1200,3.6,25.3,0.2,10,343.1154004,600,200,3.4,21.8,0.1,0,214.0936673,2000,600,3.4,25.3,0.2,32,-282.7393905,2600,700,3.7,28.1,0.1
81.224747,1,AUTO,ARMED,5,AVAILABLE,UNAVAILABLE,UNAVAILABLE,55,6,ACTIVE,719,E_P3-A5_AB.NC,E_P3-A5_AB.NC,7,0.000668021,18,0.0005,1630886.967,470753.216,184.4,2410.084,100,14.81667,19,100,0,1,100,6250.0,4400,1200,3.6,25.3,0.2,9,344.6415309,600,200,3.4,21.8,0.1,0,214.0936902,2000,600,3.4,25.3,0.2,32,-282.7393905,2600,700,3.7,28.1,0.1
81.377255,1,AUTO,ARMED,5,AVAILABLE,UNAVAILABLE,UNAVAILABLE,55,6,ACTIVE,719,E_P3-A5_AB.NC,E_P3-A5_AB.NC,7,0.000668021,18,0.0005,1630886.967,470753.216,184.4,2410.084,100,14.81667,19,100,0,1,100,6250.0,4400,1200,3.6,25.3,0.2,9,346.9379823,600,200,3.4,21.8,0.1,0,214.0936788,2000,600,3.4,25.3,0.2,32,-282.739402,2600,700,3.7,28.1,0.1
81.558273,1,AUTO,ARMED,5,AVAILABLE,UNAVAILABLE,UNAVAILABLE,55,6,ACTIVE,719,E_P3-A5_AB.NC,E_P3-A5_AB.NC,7,0.000668021,18,0.0005,1630886.967,470753.216,184.4,2410.084,100,14.81667,19,100,0,0,100,6250.0,4400,1200,3.6,25.3,0.2,11,349.9905524,600,200,3.4,21.8,0.1,0,214.0937131,2000,600,3.4,25.3,0.2,32,-282.7394134,2600,700,3.7,28.1,0.1
81.699999,1,AUTO,ARMED,5,AVAILABLE,UNAVAILABLE,UNAVAILABLE,55,6,ACTIVE,719,E_P3-A5_AB.NC,E_P3-A5_AB.NC,7,0.000668021,18,0.0005,1630886.967,470753.216,184.4,2410.084,100,14.81667,19,100,0,0,100,6250.0,4400,1200,3.6,25.3,0.2,10,351.5200475,600,200,3.4,21.8,0.1,0,214.0937017,2000,600,3.4,25.3,0.2,32,-282.7394248,2600,700,3.7,28.1,0.1
81.841001,1,AUTO,ARMED,5,AVAILABLE,UNAVAILABLE,UNAVAILABLE,55,6,ACTIVE,719,E_P3-A5_AB.NC,E_P3-A5_AB.NC,7,0.000668021,18,0.0005,1630886.967,470753.216,184.4,2410.084,100,14.81667,19,100,0,0,100,6250.0,4400,1200,3.6,25.3,0.2,11,354.5725146,600,200,3.4,21.8,0.1,0,214.0937131,2000,600,3.4,25.3,0.2,32,-282.7393905,2600,700,3.7,28.1,0.1
81.979154,1,AUTO,ARMED,5,AVAILABLE,UNAVAILABLE,UNAVAILABLE,55,6,ACTIVE,719,E_P3-A5_AB.NC,E_P3-A5_AB.NC,7,0.000668021,18,0.0005,1630886.967,470753.216,184.4,2410.084,100,14.81667,19,100,0,0,100,6250.0,4400,1200,3.6,25.3,0.2,11,356.1022831,600,200,3.4,21.8,0.1,0,214.0937017,2000,600,3.4,25.3,0.2,32,-282.739402,2600,700,3.7,28.1,0.1
82.133139,1,AUTO,ARMED,5,AVAILABLE,UNAVAILABLE,UNAVAILABLE,55,6,ACTIVE,719,E_P3-A5_AB.NC,E_P3-A5_AB.NC,7,0.000668021,18,0.0005,1630886.967,470753.216,184.4,2410.084,100,14.81667,19,100,0,0,100,6250.0,4400,1200,3.6,25.3,0.2,10,359.1545019,600,200,3.4,21.8,0.1,0,214.0936788,2000,600,3.4,25.3,0.2,32,-282.7393905,2600,700,3.7,28.1,0.1
82.275828,1,AUTO,ARMED,5,AVAILABLE,UNAVAILABLE,UNAVAILABLE,55,6,ACTIVE,719,E_P3-A5_AB.NC,E_P3-A5_AB.NC,7,0.000668021,18,0.0005,1630886.967,470753.216,184.4,2410.084,100,14.81667,20,100,0,0,100,6250.0,4200,1200,3.5,25.3,0.2,11,360.6844508,600,200,2.9,21.8,0.1,0,214.0937017,1800,500,3.3,25.3,0.2,32,-282.7393791,2300,600,3.5,28.1,0.1
82.417659,1,AUTO,ARMED,5,AVAILABLE,UNAVAILABLE,UNAVAILABLE,55,6,ACTIVE,719,E_P3-A5_AB.NC,E_P3-A5_AB.NC,7,0.000668021,18,0.0005,1630886.967,470753.216,184.4,2417.5527,100,14.81667,20,100,0,0,100,6250.0,4200,1200,3.5,25.3,0.2,11,362.2104859,600,200,2.9,21.8,0.1,0,214.0937131,1800,500,3.3,25.3,0.2,32,-282.7394134,2300,600,3.5,28.1,0.1
82.564844,1,AUTO,ARMED,5,AVAILABLE,UNAVAILABLE,UNAVAILABLE,55,6,ACTIVE,719,E_P3-A5_AB.NC,E_P3-A5_AB.NC,7,0.000668021,18,0.0005,1630886.967,470753.216,184.4,2417.5527,100,14.81667,20,100,0,0,100,6250.0,4200,1200,3.5,25.3,0.2,9,363.7362462,600,200,2.9,21.8,0.1,0,214.0937017,1800,500,3.3,25.3,0.2,32,-282.739402,2300,600,3.5,28.1,0.1
82.706126,1,AUTO,ARMED,5,AVAILABLE,UNAVAILABLE,UNAVAILABLE,55,6,ACTIVE,719,E_P3-A5_AB.NC,E_P3-A5_AB.NC,7,0.000668021,18,0.0005,1630886.967,470753.216,184.4,2417.5527,100,14.81667,20,100,0,1,100,6250.0,4200,1200,3.5,25.3,0.2,10,368.322282,600,200,2.9,21.8,0.1,0,214.0937245,1800,500,3.3,25.3,0.2,32,-282.7394134,2300,600,3.5,28.1,0.1
82.854032,1,AUTO,ARMED,5,AVAILABLE,UNAVAILABLE,UNAVAILABLE,55,6,ACTIVE,719,E_P3-A5_AB.NC,E_P3-A5_AB.NC,7,0.000668021,18,0.0005,1630886.967,470753.216,184.4,2417.5527,100,14.81667,20,100,0,1,100,6250.0,4200,1200,3.5,25.3,0.2,11,369.8445749,600,200,2.9,21.8,0.1,0,214.0936788,1800,500,3.3,25.3,0.2,32,-282.7393905,2300,600,3.5,28.1,0.1
83.00082,1,AUTO,ARMED,5,AVAILABLE,UNAVAILABLE,UNAVAILABLE,55,6,ACTIVE,719,E_P3-A5_AB.NC,E_P3-A5_AB.NC,7,0.000668021,18,0.0005,1630886.967,470753.216,184.4,2417.5527,100,14.81667,20,100,0,1,100,6250.0,4200,1200,3.5,25.3,0.2,11,371.3783117,600,200,2.9,21.8,0.1,0,214.0936788,1800,500,3.3,25.3,0.2,32,-282.7393905,2300,600,3.5,28.1,0.1
83.147495,1,AUTO,ARMED,5,AVAILABLE,UNAVAILABLE,UNAVAILABLE,55,6,ACTIVE,719,E_P3-A5_AB.NC,E_P3-A5_AB.NC,7,0.000668021,18,0.0005,1630886.967,470753.216,184.4,2417.5527,100,14.81667,21,100,0,1,100,6250.0,4200,1200,3.5,25.3,0.2,11,372.9042438,600,200,2.9,21.8,0.1,0,214.0937131,1800,500,3.3,25.3,0.2,32,-282.739402,2300,600,3.5,28.1,0.1
83.304488,1,AUTO,ARMED,5,AVAILABLE,UNAVAILABLE,UNAVAILABLE,55,6,ACTIVE,719,E_P3-A5_AB.NC,E_P3-A5_AB.NC,7,0.000668021,18,0.0005,1630886.967,470753.216,184.4,2406.8508,100,14.81667,21,100,0,2,100,6250.0,4200,1200,3.5,25.3,0.2,11,376.7233253,600,200,2.9,21.8,0.1,0,214.0937131,1800,500,3.3,25.3,0.2,32,-282.739402,2300,600,3.5,28.1,0.1
83.451141,1,AUTO,ARMED,5,AVAILABLE,UNAVAILABLE,UNAVAILABLE,55,6,ACTIVE,719,E_P3-A5_AB.NC,E_P3-A5_AB.NC,7,0.000668021,18,0.0005,1630886.967,470753.216,184.4,2406.8508,100,14.81667,21,100,0,1,100,6250.0,4200,1200,3.5,25.3,0.2,12,378.2494863,600,200,2.9,21.8,0.1,0,214.0937017,1800,500,3.3,25.3,0.2,32,-282.739402,2300,600,3.5,28.1,0.1
83.598707,1,AUTO,ARMED,5,AVAILABLE,UNAVAILABLE,UNAVAILABLE,55,6,ACTIVE,719,E_P3-A5_AB.NC,E_P3-A5_AB.NC,7,0.000668021,18,0.0005,1630886.967,470753.216,184.4,2406.8508,100,14.81667,21,100,0,1,100,6250.0,4800,1200,4.1,25.3,0.2,11,379.7756357,600,100,6.3,21.8,0.1,0,214.0936788,1500,500,3.3,25.3,0.2,32,-282.7393905,2200,500,4.3,28.1,0.1
83.736559,1,AUTO,ARMED,5,AVAILABLE,UNAVAILABLE,UNAVAILABLE,55,6,ACTIVE,719,E_P3-A5_AB.NC,E_P3-A5_AB.NC,7,0.000668021,18,0.0005,1630886.967,470753.216,184.4,2406.8508,100,14.81667,21,100,0,1,100,6250.0,4800,1200,4.1,25.3,0.2,11,381.3053894,600,100,6.3,21.8,0.1,0,214.0937017,1500,500,3.3,25.3,0.2,32,-282.7393905,2200,500,4.3,28.1,0.1
83.878634,1,AUTO,ARMED,5,AVAILABLE,UNAVAILABLE,UNAVAILABLE,55,6,ACTIVE,719,E_P3-A5_AB.NC,E_P3-A5_AB.NC,7,0.000668021,18,0.0005,1630886.967,470753.216,184.4,2406.8508,100,14.81667,21,100,0,0,100,6250.0,4800,1200,4.1,25.3,0.2,10,384.3575522,600,100,6.3,21.8,0.1,0,214.0936902,1500,500,3.3,25.3,0.2,32,-282.739402,2200,500,4.3,28.1,0.1
84.140401,1,AUTO,ARMED,5,AVAILABLE,UNAVAILABLE,UNAVAILABLE,55,6,ACTIVE,719,E_P3-A5_AB.NC,E_P3-A5_AB.NC,7,0.000668021,18,0.0005,1630886.967,470753.216,184.4,2406.8508,100,14.81667,21,100,0,0,100,6250.0,4800,1200,4.1,25.3,0.2,12,387.4174175,600,100,6.3,21.8,0.1,0,214.0937474,1500,500,3.3,25.3,0.2,32,-282.7393905,2200,500,4.3,28.1,0.1
84.285394,1,AUTO,ARMED,5,AVAILABLE,UNAVAILABLE,UNAVAILABLE,55,6,ACTIVE,719,E_P3-A5_AB.NC,E_P3-A5_AB.NC,7,0.000668021,18,0.0005,1630886.967,470753.216,184.4,2406.8508,100,14.81667,22,100,0,1,100,6250.0,4800,1200,4.1,25.3,0.2,9,390.4732427,600,100,6.3,21.8,0.1,0,214.0937131,1500,500,3.3,25.3,0.2,32,-282.7394134,2200,500,4.3,28.1,0.1
84.432656,1,AUTO,ARMED,5,AVAILABLE,UNAVAILABLE,UNAVAILABLE,55,6,ACTIVE,719,E_P3-A5_AB.NC,E_P3-A5_AB.NC,7,0.000668021,18,0.0005,1630886.967,470753.216,184.4,2406.8508,100,14.81667,22,100,0,0,100,6250.0,4800,1200,4.1,25.3,0.2,9,393.5253483,600,100,6.3,21.8,0.1,0,214.0937017,1500,500,3.3,25.3,0.2,32,-282.739402,2200,500,4.3,28.1,0.1
84.574557,1,AUTO,ARMED,5,AVAILABLE,UNAVAILABLE,UNAVAILABLE,55,6,ACTIVE,719,E_P3-A5_AB.NC,E_P3-A5_AB.NC,7,0.000668021,18,0.0005,1630886.967,470753.216,184.4,2052.1914,100,14.81667,22,100,0,1,100,6250.0,4800,1200,4.1,25.3,0.2,10,395.0590806,600,100,6.3,21.8,0.1,0,214.0937017,1500,500,3.3,25.3,0.2,32,-282.7394134,2200,500,4.3,28.1,0.1
84.716818,1,AUTO,ARMED,5,AVAILABLE,UNAVAILABLE,UNAVAILABLE,55,6,ACTIVE,719,E_P3-A5_AB.NC,E_P3-A5_AB.NC,7,0.000668021,18,0.0005,1630886.967,470753.216,184.4,2052.1914,100,14.81667,22,100,0,1,100,6250.0,4800,1200,4.1,25.3,0.2,10,396.5814481,600,100,6.3,21.8,0.1,0,214.0937017,1500,500,3.3,25.3,0.2,32,-282.739402,2200,500,4.3,28.1,0.1
84.869055,1,AUTO,ARMED,5,AVAILABLE,UNAVAILABLE,UNAVAILABLE,55,6,ACTIVE,719,E_P3-A5_AB.NC,E_P3-A5_AB.NC,7,0.000668021,18,0.0005,1630886.967,470753.216,184.4,2052.1914,100,14.81667,22,100,0,0,100,6250.0,4800,1200,4.1,25.3,0.2,9,399.6336453,600,100,6.3,21.8,0.1,0,214.0937017,1500,500,3.3,25.3,0.2,32,-282.739402,2200,500,4.3,28.1,0.1
85.012623,1,AUTO,ARMED,5,AVAILABLE,UNAVAILABLE,UNAVAILABLE,55,6,ACTIVE,719,E_P3-A5_AB.NC,E_P3-A5_AB.NC,7,0.000668021,18,0.0005,1630886.967,470753.216,184.4,2052.1914,100,9.883333,22,100,0,0,100,6250.0,2100,600,3.7,25.3,0.2,9,399.9552701,300,100,5.7,21.8,0.0,0,214.0937017,1400,400,3.4,25.3,0.2,32,-282.739402,500,100,4.0,28.1,0.1
85.156536,1,AUTO,ARMED,5,AVAILABLE,UNAVAILABLE,UNAVAILABLE,56,6,ACTIVE,719,E_P3-A5_AB.NC,E_P3-A5_AB.NC,7,0.000668021,18,0.0005,1630886.967,470753.216,184.4,2052.1914,100,0.0,23,100,0,0,100,6250.0,2100,600,3.7,25.3,0.2,3,399.9559225,300,100,5.7,21.8,0.0,0,214.0936902,1400,400,3.4,25.3,0.2,32,-282.7393905,500,100,4.0,28.1,0.1
85.299165,1,AUTO,ARMED,5,AVAILABLE,UNAVAILABLE,UNAVAILABLE,56,6,ACTIVE,719,E_P3-A5_AB.NC,E_P3-A5_AB.NC,7,0.000668021,18,0.0005,1630886.967,470753.216,184.4,2038.8154,100,0.0,23,100,0,0,100,6250.0,2100,600,3.7,25.3,0.2,5,399.9559911,300,100,5.7,21.8,0.0,0,214.0937017,1400,400,3.4,25.3,0.2,32,-282.739402,500,100,4.0,28.1,0.1
85.443387,1,AUTO,ARMED,5,AVAILABLE,UNAVAILABLE,UNAVAILABLE,56,6,ACTIVE,719,E_P3-A5_AB.NC,E_P3-A5_AB.NC,7,0.000668021,18,0.0005,1630886.967,470753.216,184.4,2038.8154,100,0.0,23,100,0,0,100,6250.0,2100,600,3.7,25.3,0.2,5,399.9560026,300,100,5.7,21.8,0.0,0,214.0937017,1400,400,3.4,25.3,0.2,32,-282.739402,500,100,4.0,28.1,0.1
85.597743,1,AUTO,ARMED,5,AVAILABLE,UNAVAILABLE,UNAVAILABLE,56,6,ACTIVE,719,E_P3-A5_AB.NC,E_P3-A5_AB.NC,7,0.000668021,18,0.0005,1630886.967,470753.216,184.4,2038.8154,100,0.0,23,100,0,0,100,6250.0,2100,600,3.7,25.3,0.2,5,399.9560026,300,100,5.7,21.8,0.0,0,214.0937017,1400,400,3.4,25.3,0.2,32,-282.7394134,500,100,4.0,28.1,0.1
86.09856,1,AUTO,ARMED,5,AVAILABLE,UNAVAILABLE,UNAVAILABLE,58,6,ACTIVE,719,E_P3-A5_AB.NC,E_P3-A5_AB.NC,7,0.000668021,18,0.0005,1630886.967,470753.216,184.4,2038.8154,100,14.81667,23,100,0,0,100,6250.0,2100,600,3.7,25.3,0.2,8,399.053629,300,100,5.7,21.8,0.0,3,214.2842116,1400,400,3.4,25.3,0.2,32,-282.739402,500,100,4.0,28.1,0.1
86.238609,1,AUTO,ARMED,5,AVAILABLE,UNAVAILABLE,UNAVAILABLE,58,6,ACTIVE,719,E_P3-A5_AB.NC,E_P3-A5_AB.NC,7,0.000668021,18,0.0005,1630886.967,470753.216,184.4,2038.8154,100,14.81667,24,100,0,0,100,6250.0,2100,600,3.7,25.3,0.2,10,395.9953279,300,100,5.7,21.8,0.0,3,214.2842001,1400,400,3.4,25.3,0.2,32,-282.7393905,500,100,4.0,28.1,0.1
86.387029,1,AUTO,ARMED,5,AVAILABLE,UNAVAILABLE,UNAVAILABLE,58,6,ACTIVE,719,E_P3-A5_AB.NC,E_P3-A5_AB.NC,7,0.000668021,18,0.0005,1630886.967,470753.216,184.4,2038.8154,100,14.81667,24,100,0,0,100,6250.0,2100,600,3.7,25.3,0.2,10,394.4691186,300,100,5.7,21.8,0.0,3,214.2842001,1400,400,3.4,25.3,0.2,32,-282.739402,500,100,4.0,28.1,0.1
86.538093,1,AUTO,ARMED,5,AVAILABLE,UNAVAILABLE,UNAVAILABLE,58,6,ACTIVE,719,E_P3-A5_AB.NC,E_P3-A5_AB.NC,7,0.000668021,18,0.0005,1630886.967,470753.216,184.4,2038.8154,100,14.81667,24,100,0,0,100,6250.0,2100,600,3.7,25.3,0.2,8,392.9428751,300,100,5.7,21.8,0.0,3,214.2842001,1400,400,3.4,25.3,0.2,32,-282.739402,500,100,4.0,28.1,0.1
86.682276,1,AUTO,ARMED,5,AVAILABLE,UNAVAILABLE,UNAVAILABLE,58,6,ACTIVE,719,E_P3-A5_AB.NC,E_P3-A5_AB.NC,7,0.000668021,18,0.0005,1630886.967,470753.216,184.4,2275.7737,100,14.81667,24,100,0,0,100,6250.0,2100,600,3.7,25.3,0.2,8,389.8871948,300,100,5.7,21.8,0.0,3,214.2842116,1400,400,3.4,25.3,0.2,32,-282.739402,500,100,4.0,28.1,0.1
86.829878,1,AUTO,ARMED,5,AVAILABLE,UNAVAILABLE,UNAVAILABLE,58,6,ACTIVE,719,E_P3-A5_AB.NC,E_P3-A5_AB.NC,7,0.000668021,18,0.0005,1630886.967,470753.216,184.4,2275.7737,100,14.81667,24,100,0,1,100,6250.0,2100,600,3.7,25.3,0.2,9,388.3608253,300,100,5.7,21.8,0.0,3,214.2842001,1400,400,3.4,25.3,0.2,32,-282.739402,500,100,4.0,28.1,0.1
86.97176,1,AUTO,ARMED,5,AVAILABLE,UNAVAILABLE,UNAVAILABLE,58,6,ACTIVE,719,E_P3-A5_AB.NC,E_P3-A5_AB.NC,7,0.000668021,18,0.0005,1630886.967,470753.216,184.4,2275.7737,100,14.81667,24,100,0,1,100,6250.0,4700,1100,4.4,25.3,0.2,9,386.8345474,600,200,2.9,21.8,0.1,3,214.2841315,1900,500,3.4,25.3,0.2,32,-282.739402,1500,300,4.5,28.1,0.1
87.118943,1,AUTO,ARMED,5,AVAILABLE,UNAVAILABLE,UNAVAILABLE,58,6,ACTIVE,719,E_P3-A5_AB.NC,E_P3-A5_AB.NC,7,0.000668021,18,0.0005,1630886.967,470753.216,184.4,2275.7737,100,14.81667,25,100,0,1,100,6250.0,4700,1100,4.4,25.3,0.2,8,383.0157568,600,200,2.9,21.8,0.1,4,214.2841772,1900,500,3.4,25.3,0.2,32,-282.7393791,1500,300,4.5,28.1,0.1
87.267942,1,AUTO,ARMED,5,AVAILABLE,UNAVAILABLE,UNAVAILABLE,58,6,ACTIVE,719,E_P3-A5_AB.NC,E_P3-A5_AB.NC,7,0.000668021,18,0.0005,1630886.967,470753.216,184.4,2275.7737,100,14.81667,25,100,0,1,100,6250.0,4700,1100,4.4,25.3,0.2,8,381.4860912,600,200,2.9,21.8,0.1,4,214.2841887,1900,500,3.4,25.3,0.2,32,-282.7393905,1500,300,4.5,28.1,0.1
87.410743,1,AUTO,ARMED,5,AVAILABLE,UNAVAILABLE,UNAVAILABLE,58,6,ACTIVE,719,E_P3-A5_AB.NC,E_P3-A5_AB.NC,7,0.000668021,18,0.0005,1630886.967,470753.216,184.4,2275.7737,100,14.81667,25,100,0,0,100,6250.0,4700,1100,4.4,25.3,0.2,8,379.9599153,600,200,2.9,21.8,0.1,4,214.284223,1900,500,3.4,25.3,0.2,32,-282.7393905,1500,300,4.5,28.1,0.1
87.559441,1,AUTO,ARMED,5,AVAILABLE,UNAVAILABLE,UNAVAILABLE,58,6,ACTIVE,719,E_P3-A5_AB.NC,E_P3-A5_AB.NC,7,0.000668021,18,0.0005,1630886.967,470753.216,184.4,2275.7737,100,14.81667,25,100,0,0,100,6250.0,4700,1100,4.4,25.3,0.2,7,376.9076332,600,200,2.9,21.8,0.1,4,214.2841772,1900,500,3.4,25.3,0.2,32,-282.739402,1500,300,4.5,28.1,0.1
87.706784,1,AUTO,ARMED,5,AVAILABLE,UNAVAILABLE,UNAVAILABLE,58,6,ACTIVE,719,E_P3-A5_AB.NC,E_P3-A5_AB.NC,7,0.000668021,18,0.0005,1630886.967,470753.216,184.4,2387.4116,100,14.81667,25,100,0,0,100,6250.0,4700,1100,4.4,25.3,0.2,7,375.3779158,600,200,2.9,21.8,0.1,4,214.2842116,1900,500,3.4,25.3,0.2,32,-282.739402,1500,300,4.5,28.1,0.1
87.845974,1,AUTO,ARMED,5,AVAILABLE,UNAVAILABLE,UNAVAILABLE,58,6,ACTIVE,719,E_P3-A5_AB.NC,E_P3-A5_AB.NC,7,0.000668021,18,0.0005,1630886.967,470753.216,184.4,2387.4116,100,14.81667,25,100,0,0,100,6250.0,4700,1100,4.4,25.3,0.2,8,373.8516889,600,200,2.9,21.8,0.1,4,214.284223,1900,500,3.4,25.3,0.2,32,-282.739402,1500,300,4.5,28.1,0.1
87.986827,1,AUTO,ARMED,5,AVAILABLE,UNAVAILABLE,UNAVAILABLE,58,6,ACTIVE,719,E_P3-A5_AB.NC,E_P3-A5_AB.NC,7,0.000668021,18,0.0005,1630886.967,470753.216,184.4,2387.4116,100,14.81667,25,100,0,0,100,6250.0,4700,1100,4.4,25.3,0.2,8,372.3256337,600,200,2.9,21.8,0.1,4,214.2841887,1900,500,3.4,25.3,0.2,32,-282.739402,1500,300,4.5,28.1,0.1
88.127657,1,AUTO,ARMED,5,AVAILABLE,UNAVAILABLE,UNAVAILABLE,58,6,ACTIVE,719,E_P3-A5_AB.NC,E_P3-A5_AB.NC,7,0.000668021,18,0.0005,1630886.967,470753.216,184.4,2387.4116,100,14.81667,26,100,0,0,100,6250.0,4700,1100,4.4,25.3,0.2,7,369.2697581,600,200,2.9,21.8,0.1,4,214.2841887,1900,500,3.4,25.3,0.2,32,-282.7393905,1500,300,4.5,28.1,0.1
88.283418,1,AUTO,ARMED,5,AVAILABLE,UNAVAILABLE,UNAVAILABLE,58,6,ACTIVE,719,E_P3-A5_AB.NC,E_P3-A5_AB.NC,7,0.000668021,18,0.0005,1630886.967,470753.216,184.4,2387.4116,100,14.81667,26,100,0,0,100,6250.0,4700,1100,4.4,25.3,0.2,7,366.2099915,600,200,2.9,21.8,0.1,4,214.2842001,1900,500,3.4,25.3,0.2,32,-282.739402,1500,300,4.5,28.1,0.1
88.430006,1,AUTO,ARMED,5,AVAILABLE,UNAVAILABLE,UNAVAILABLE,58,6,ACTIVE,719,E_P3-A5_AB.NC,E_P3-A5_AB.NC,7,0.000668021,18,0.0005,1630886.967,470753.216,184.4,2387.4116,100,14.81667,26,100,0,0,100,6250.0,5200,1200,4.4,25.3,0.2,7,363.1616805,600,200,3.1,21.8,0.1,4,214.2842001,1900,600,3.3,25.3,0.2,32,-282.7394134,1000,300,3.3,28.1,0.1
88.571762,1,AUTO,ARMED,5,AVAILABLE,UNAVAILABLE,UNAVAILABLE,58,6,ACTIVE,719,E_P3-A5_AB.NC,E_P3-A5_AB.NC,7,0.000668021,18,0.0005,1630886.967,470753.216,184.4,2387.4116,100,14.81667,26,100,0,1,100,6250.0,5200,1200,4.4,25.3,0.2,8,361.6277517,600,200,3.1,21.8,0.1,4,214.2842116,1900,600,3.3,25.3,0.2,32,-282.739402,1000,300,3.3,28.1,0.1
88.80663,1,AUTO,ARMED,5,AVAILABLE,UNAVAILABLE,UNAVAILABLE,58,6,ACTIVE,719,E_P3-A5_AB.NC,E_P3-A5_AB.NC,7,0.000668021,18,0.0005,1630886.967,470753.216,184.4,2377.614,100,14.81667,26,100,0,1,100,6250.0,5200,1200,4.4,25.3,0.2,7,358.575813,600,200,3.1,21.8,0.1,4,214.2841772,1900,600,3.3,25.3,0.2,32,-282.739402,1000,300,3.3,28.1,0.1
88.950516,1,AUTO,ARMED,5,AVAILABLE,UNAVAILABLE,UNAVAILABLE,58,6,ACTIVE,719,E_P3-A5_AB.NC,E_P3-A5_AB.NC,7,0.000668021,18,0.0005,1630886.967,470753.216,184.4,2377.614,100,14.81667,26,100,0,0,100,6250.0,5200,1200,4.4,25.3,0.2,7,357.8125565,600,200,3.1,21.8,0.1,4,214.2841887,1900,600,3.3,25.3,0.2,32,-282.739402,1000,300,3.3,28.1,0.1
89.105789,1,AUTO,ARMED,5,AVAILABLE,UNAVAILABLE,UNAVAILABLE,58,6,ACTIVE,719,E_P3-A5_AB.NC,E_P3-A5_AB.NC,7,0.000668021,18,0.0005,1630886.967,470753.216,184.4,2377.614,100,14.81667,26,100,0,0,100,6250.0,5200,1200,4.4,25.3,0.2,8,354.7566135,600,200,3.1,21.8,0.1,4,214.2842001,1900,600,3.3,25.3,0.2,32,-282.739402,1000,300,3.3,28.1,0.1
89.247374,1,AUTO,ARMED,5,AVAILABLE,UNAVAILABLE,UNAVAILABLE,58,6,ACTIVE,719,E_P3-A5_AB.NC,E_P3-A5_AB.NC,7,0.000668021,18,0.0005,1630886.967,470753.216,184.4,2377.614,100,14.81667,27,100,0,2,100,6250.0,5200,1200,4.4,25.3,0.2,7,351.7008917,600,200,3.1,21.8,0.1,4,214.2842001,1900,600,3.3,25.3,0.2,32,-282.739402,1000,300,3.3,28.1,0.1
89.401145,1,AUTO,ARMED,5,AVAILABLE,UNAVAILABLE,UNAVAILABLE,58,6,ACTIVE,719,E_P3-A5_AB.NC,E_P3-A5_AB.NC,7,0.000668021,18,0.0005,1630886.967,470753.216,184.4,2377.614,100,14.81667,27,100,0,2,100,6250.0,5200,1200,4.4,25.3,0.2,7,350.1749362,600,200,3.1,21.8,0.1,4,214.2841772,1900,600,3.3,25.3,0.2,32,-282.7393905,1000,300,3.3,28.1,0.1
89.551316,1,AUTO,ARMED,5,AVAILABLE,UNAVAILABLE,UNAVAILABLE,58,6,ACTIVE,719,E_P3-A5_AB.NC,E_P3-A5_AB.NC,7,0.000668021,18,0.0005,1630886.967,470753.216,184.4,2377.614,100,14.81667,27,100,0,0,100,6250.0,5200,1200,4.4,25.3,0.2,8,348.6483741,600,200,3.1,21.8,0.1,4,214.2842116,1900,600,3.3,25.3,0.2,32,-282.739402,1000,300,3.3,28.1,0.1
89.697769,1,AUTO,ARMED,5,AVAILABLE,UNAVAILABLE,UNAVAILABLE,58,6,ACTIVE,719,E_P3-A5_AB.NC,E_P3-A5_AB.NC,7,0.000668021,18,0.0005,1630886.967,470753.216,184.4,2377.614,100,14.81667,27,100,0,0,100,6250.0,5200,1200,4.4,25.3,0.2,6,345.5927438,600,200,3.1,21.8,0.1,4,214.2842001,1900,600,3.3,25.3,0.2,32,-282.739402,1000,300,3.3,28.1,0.1
89.848007,1,AUTO,ARMED,5,AVAILABLE,UNAVAILABLE,UNAVAILABLE,58,6,ACTIVE,719,E_P3-A5_AB.NC,E_P3-A5_AB.NC,7,0.000668021,18,0.0005,1630886.967,470753.216,184.4,2377.614,100,14.81667,27,100,0,0,100,6250.0,5200,1200,4.4,25.3,0.2,6,344.0665937,600,200,3.1,21.8,0.1,4,214.2841887,1900,600,3.3,25.3,0.2,32,-282.7394134,1000,300,3.3,28.1,0.1
89.991659,1,AUTO,ARMED,5,AVAILABLE,UNAVAILABLE,UNAVAILABLE,58,6,ACTIVE,719,E_P3-A5_AB.NC,E_P3-A5_AB.NC,7,0.000668021,18,0.0005,1630886.967,470753.216,184.4,2335.3528,100,14.81667,27,100,0,1,100,6250.0,4300,1200,3.6,25.3,0.2,6,342.5403063,600,200,3.7,21.8,0.1,4,214.2842001,1900,600,3.3,25.3,0.2,32,-282.739402,1100,300,3.6,28.1,0.1
90.127817,1,AUTO,ARMED,5,AVAILABLE,UNAVAILABLE,UNAVAILABLE,58,6,ACTIVE,719,E_P3-A5_AB.NC,E_P3-A5_AB.NC,7,0.000668021,18,0.0005,1630886.967,470753.216,184.4,2335.3528,100,14.81667,28,100,0,0,100,6250.0,4300,1200,3.6,25.3,0.2,7,337.9582742,600,200,3.7,21.8,0.1,4,214.2841772,1900,600,3.3,25.3,0.2,32,-282.7393905,1100,300,3.6,28.1,0.1
90.26859,1,AUTO,ARMED,5,AVAILABLE,UNAVAILABLE,UNAVAILABLE,58,6,ACTIVE,719,E_P3-A5_AB.NC,E_P3-A5_AB.NC,7,0.000668021,18,0.0005,1630886.967,470753.216,184.4,2335.3528,100,14.81667,28,100,0,0,100,6250.0,4300,1200,3.6,25.3,0.2,7,336.4247085,600,200,3.7,21.8,0.1,4,214.2842116,1900,600,3.3,25.3,0.2,32,-282.7393905,1100,300,3.6,28.1,0.1
90.419501,1,AUTO,ARMED,5,AVAILABLE,UNAVAILABLE,UNAVAILABLE,58,6,ACTIVE,719,E_P3-A5_AB.NC,E_P3-A5_AB.NC,7,0.000668021,18,0.0005,1630886.967,470753.216,184.4,2335.3528,100,14.81667,28,100,0,0,100,6250.0,4300,1200,3.6,25.3,0.2,7,334.902415,600,200,3.7,21.8,0.1,3,214.284223,1900,600,3.3,25.3,0.2,32,-282.739402,1100,300,3.6,28.1,0.1
90.56221,1,AUTO,ARMED,5,AVAILABLE,UNAVAILABLE,UNAVAILABLE,58,6,ACTIVE,719,E_P3-A5_AB.NC,E_P3-A5_AB.NC,7,0.000668021,18,0.0005,1630886.967,470753.216,184.4,2335.3528,100,14.81667,28,100,0,0,100,6250.0,4300,1200,3.6,25.3,0.2,7,331.8426192,600,200,3.7,21.8,0.1,4,214.2842001,1900,600,3.3,25.3,0.2,32,-282.7393905,1100,300,3.6,28.1,0.1
90.711143,1,AUTO,ARMED,5,AVAILABLE,UNAVAILABLE,UNAVAILABLE,58,6,ACTIVE,719,E_P3-A5_AB.NC,E_P3-A5_AB.NC,7,0.000668021,18,0.0005,1630886.967,470753.216,184.4,2335.3528,100,14.81667,28,100,0,0,100,6250.0,4300,1200,3.6,25.3,0.2,7,330.3166178,600,200,3.7,21.8,0.1,4,214.2842344,1900,600,3.3,25.3,0.2,32,-282.7393905,1100,300,3.6,28.1,0.1
90.855736,1,AUTO,ARMED,5,AVAILABLE,UNAVAILABLE,UNAVAILABLE,58,6,ACTIVE,719,E_P3-A5_AB.NC,E_P3-A5_AB.NC,7,0.000668021,18,0.0005,1630886.967,470753.216,184.4,2335.3528,100,14.81667,28,100,0,2,100,6250.0,4300,1200,3.6,25.3,0.2,10,329.5535427,600,200,3.7,21.8,0.1,3,214.2842344,1900,600,3.3,25.3,0.2,32,-282.7394134,1100,300,3.6,28.1,0.1
91.017047,1,AUTO,ARMED,5,AVAILABLE,UNAVAILABLE,UNAVAILABLE,58,6,ACTIVE,719,E_P3-A5_AB.NC,E_P3-A5_AB.NC,7,0.000668021,18,0.0005,1630886.967,470753.216,184.4,2060.6616,100,14.81667,28,100,0,0,100,6250.0,4300,1200,3.6,25.3,0.2,8,326.4976926,600,200,3.7,21.8,0.1,3,214.2842116,1900,600,3.3,25.3,0.2,32,-282.739402,1100,300,3.6,28.1,0.1
91.162899,1,AUTO,ARMED,5,AVAILABLE,UNAVAILABLE,UNAVAILABLE,58,6,ACTIVE,719,E_P3-A5_AB.NC,E_P3-A5_AB.NC,7,0.000668021,18,0.0005,1630886.967,470753.216,184.4,2060.6616,100,14.81667,28,100,0,0,100,6250.0,4300,1200,3.6,25.3,0.2,8,324.9717016,600,200,3.7,21.8,0.1,3,214.2842116,1900,600,3.3,25.3,0.2,32,-282.7394134,1100,300,3.6,28.1,0.1
91.303603,1,AUTO,ARMED,5,AVAILABLE,UNAVAILABLE,UNAVAILABLE,58,6,ACTIVE,719,E_P3-A5_AB.NC,E_P3-A5_AB.NC,7,0.000668021,18,0.0005,1630886.967,470753.216,184.4,2060.6616,100,14.81667,29,100,0,0,100,6250.0,4300,1200,3.6,25.3,0.2,9,321.9118345,600,200,3.7,21.8,0.1,3,214.2842001,1900,600,3.3,25.3,0.2,32,-282.739402,1100,300,3.6,28.1,0.1
91.465919,1,AUTO,ARMED,5,AVAILABLE,UNAVAILABLE,UNAVAILABLE,58,6,ACTIVE,719,E_P3-A5_AB.NC,E_P3-A5_AB.NC,7,0.000668021,18,0.0005,1630886.967,470753.216,184.4,2060.6616,100,14.81667,29,100,0,0,100,6250.0,4300,1200,3.6,25.3,0.2,8,318.8633661,600,200,3.7,21.8,0.1,3,214.2842001,1900,600,3.3,25.3,0.2,32,-282.7393905,1100,300,3.6,28.1,0.1
91.604767,1,AUTO,ARMED,5,AVAILABLE,UNAVAILABLE,UNAVAILABLE,58,6,ACTIVE,719,E_P3-A5_AB.NC,E_P3-A5_AB.NC,7,0.000668021,18,0.0005,1630886.967,470753.216,184.4,2060.6616,100,11.75,29,100,0,0,100,6250.0,2600,600,4.6,25.3,0.2,7,318.1699025,300,100,5.0,21.8,0.0,3,214.2842001,1300,400,3.1,25.3,0.2,32,-282.739402,500,100,3.6,28.1,0.2
91.747801,1,AUTO,ARMED,5,AVAILABLE,UNAVAILABLE,UNAVAILABLE,59,6,ACTIVE,719,E_P3-A5_AB.NC,E_P3-A5_AB.NC,7,0.000668021,18,0.0005,1630886.967,470753.216,184.4,2060.6616,100,0.0,29,100,0,1,100,6250.0,2600,600,4.6,25.3,0.2,6,318.167934,300,100,5.0,21.8,0.0,3,214.2842001,1300,400,3.1,25.3,0.2,32,-282.739402,500,100,3.6,28.1,0.2
91.892846,1,AUTO,ARMED,5,AVAILABLE,UNAVAILABLE,UNAVAILABLE,59,6,ACTIVE,719,E_P3-A5_AB.NC,E_P3-A5_AB.NC,7,0.000668021,18,0.0005,1630886.967,470753.216,184.4,2060.6616,100,0.0,29,100,0,1,100,6250.0,2600,600,4.6,25.3,0.2,6,318.1679569,300,100,5.0,21.8,0.0,3,214.2842001,1300,400,3.1,25.3,0.2,32,-282.739402,500,100,3.6,28.1,0.2
92.039879,1,AUTO,ARMED,5,AVAILABLE,UNAVAILABLE,UNAVAILABLE,59,6,ACTIVE,719,E_P3-A5_AB.NC,E_P3-A5_AB.NC,7,0.000668021,18,0.0005,1630886.967,470753.216,184.4,2060.6616,100,0.0,29,100,0,1,100,6250.0,2600,600,4.6,25.3,0.2,6,318.1679798,300,100,5.0,21.8,0.0,3,214.2842001,1300,400,3.1,25.3,0.2,32,-282.739402,500,100,3.6,28.1,0.2
92.185744,1,AUTO,ARMED,5,AVAILABLE,UNAVAILABLE,UNAVAILABLE,59,6,ACTIVE,719,E_P3-A5_AB.NC,E_P3-A5_AB.NC,7,0.000668021,18,0.0005,1630886.967,470753.216,184.4,2049.1077,100,0.0,30,100,0,0,100,6250.0,2600,600,4.6,25.3,0.2,6,318.1680026,300,100,5.0,21.8,0.0,3,214.2842001,1300,400,3.1,25.3,0.2,32,-282.739402,500,100,3.6,28.1,0.2
92.327347,1,AUTO,ARMED,5,AVAILABLE,UNAVAILABLE,UNAVAILABLE,59,6,ACTIVE,719,E_P3-A5_AB.NC,E_P3-A5_AB.NC,7,0.000668021,18,0.0005,1630886.967,470753.216,184.4,2049.1077,100,0.0,30,100,0,0,100,6250.0,2600,600,4.6,25.3,0.2,6,318.1680026,300,100,5.0,21.8,0.0,3,214.2842001,1300,400,3.1,25.3,0.2,32,-282.739402,500,100,3.6,28.1,0.2
92.469451,1,AUTO,ARMED,5,AVAILABLE,UNAVAILABLE,UNAVAILABLE,59,6,ACTIVE,719,E_P3-A5_AB.NC,E_P3-A5_AB.NC,7,0.000668021,18,0.0005,1630886.967,470753.216,184.4,2049.1077,100,0.0,30,100,0,0,100,6250.0,2600,600,4.6,25.3,0.2,6,318.1679912,300,100,5.0,21.8,0.0,3,214.2842001,1300,400,3.1,25.3,0.2,32,-282.739402,500,100,3.6,28.1,0.2
92.613058,1,AUTO,ARMED,5,AVAILABLE,UNAVAILABLE,UNAVAILABLE,59,6,ACTIVE,719,E_P3-A5_AB.NC,E_P3-A5_AB.NC,7,0.000668021,18,0.0005,1630886.967,470753.216,184.4,2049.1077,100,0.0,30,100,0,0,100,6250.0,2600,600,4.6,25.3,0.2,6,318.1680026,300,100,5.0,21.8,0.0,3,214.2842001,1300,400,3.1,25.3,0.2,32,-282.739402,500,100,3.6,28.1,0.2
92.761149,1,AUTO,ARMED,5,AVAILABLE,UNAVAILABLE,UNAVAILABLE,60,6,ACTIVE,719,E_P3-A5_AB.NC,E_P3-A5_AB.NC,7,0.000668021,18,0.0005,1630886.967,470753.216,184.4,2049.1077,100,0.0,30,100,0,0,100,6250.0,2600,600,4.6,25.3,0.2,6,318.1680026,300,100,5.0,21.8,0.0,3,214.2842001,1300,400,3.1,25.3,0.2,33,-282.730564,500,100,3.6,28.1,0.2
92.909737,1,AUTO,ARMED,5,AVAILABLE,UNAVAILABLE,UNAVAILABLE,62,6,ACTIVE,719,E_P3-A5_AB.NC,E_P3-A5_AB.NC,7,0.000668021,18,0.0005,1630886.967,470753.216,184.4,2049.1077,100,286.35,30,100,0,13,100,6137.93333,2600,600,4.6,25.3,0.2,6,318.1679912,300,100,5.0,21.8,0.0,3,214.2842001,1300,400,3.1,25.3,0.2,104,-247.2901887,500,100,3.6,28.1,0.2
93.054375,1,AUTO,ARMED,5,AVAILABLE,UNAVAILABLE,UNAVAILABLE,62,6,ACTIVE,719,E_P3-A5_AB.NC,E_P3-A5_AB.NC,7,0.000668021,18,0.0005,1630886.967,470753.216,184.4,2049.1077,100,530.2833,30,100,0,13,100,5737.127624,2600,600,4.6,25.3,0.2,6,318.1680026,300,100,5.0,21.8,0.0,3,214.284223,1300,400,3.1,25.3,0.2,104,-149.2496192,500,100,3.6,28.1,0.2
93.196337,1,AUTO,ARMED,5,AVAILABLE,UNAVAILABLE,UNAVAILABLE,62,6,ACTIVE,719,E_P3-A5_AB.NC,E_P3-A5_AB.NC,7,0.000668021,18,0.0005,1630886.967,470753.216,184.4,-4839.373,100,201.1333,31,100,0,14,100,5506.039027,12200,3000,4.0,25.3,0.2,6,318.1679912,5900,1300,4.4,21.8,0.1,3,214.2842001,50300,10700,4.7,25.3,0.7,27,-136.8201874,45600,6000,7.6,28.1,0.6
93.339707,1,AUTO,ARMED,5,AVAILABLE,UNAVAILABLE,UNAVAILABLE,62,6,ACTIVE,719,E_P3-A5_AB.NC,E_P3-A5_AB.NC,7,0.000167898,18,0.0005,1630886.967,470753.216,184.4,-4839.373,100,134.1,31,100,0,15,100,5262.64326,12200,3000,4.0,25.3,0.2,17,318.2660144,5900,1300,4.4,21.8,0.1,43,214.7542268,50300,10700,4.7,25.3,0.7,40,-136.6893187,45600,6000,7.6,28.1,0.6
93.496089,1,AUTO,ARMED,5,AVAILABLE,UNAVAILABLE,UNAVAILABLE,63,6,ACTIVE,719,E_P3-A5_AB.NC,E_P3-A5_AB.NC,7,0.000167898,18,0.0005,1630886.967,470753.216,184.4,-4839.373,100,329.6333,31,100,0,17,100,4744.789517,12200,3000,4.0,25.3,0.2,33,330.6543697,5900,1300,4.4,21.8,0.1,79,272.6537176,50300,10700,4.7,25.3,0.7,38,-136.689353,45600,6000,7.6,28.1,0.6
93.647747,1,AUTO,ARMED,5,AVAILABLE,UNAVAILABLE,UNAVAILABLE,63,6,ACTIVE,719,E_P3-A5_AB.NC,E_P3-A5_AB.NC,7,0.000167898,18,0.0005,1630886.967,470753.216,184.4,-4839.373,100,586.6333,31,100,0,17,100,4468.459762,12200,3000,4.0,25.3,0.2,33,343.8724575,5900,1300,4.4,21.8,0.1,79,334.444637,50300,10700,4.7,25.3,0.7,38,-136.6893759,45600,6000,7.6,28.1,0.6
93.797738,1,AUTO,ARMED,5,AVAILABLE,UNAVAILABLE,UNAVAILABLE,63,6,ACTIVE,719,E_P3-A5_AB.NC,E_P3-A5_AB.NC,7,0.000167898,18,0.0005,1630886.967,470753.216,184.4,-4839.373,100,586.6333,31,100,0,17,100,4172.750512,12200,3000,4.0,25.3,0.2,33,357.5510024,5900,1300,4.4,21.8,0.1,79,398.3836536,50300,10700,4.7,25.3,0.7,38,-136.6893874,45600,6000,7.6,28.1,0.6
93.945819,1,AUTO,ARMED,5,AVAILABLE,UNAVAILABLE,UNAVAILABLE,63,6,ACTIVE,719,E_P3-A5_AB.NC,E_P3-A5_AB.NC,7,0.000668021,18,0.0005,1630886.967,470753.216,184.4,-4839.373,100,468.3667,31,100,0,19,100,3523.573992,12200,3000,4.0,25.3,0.2,19,379.9309881,5900,1300,4.4,21.8,0.1,21,503.0011562,50300,10700,4.7,25.3,0.7,37,-136.6893759,45600,6000,7.6,28.1,0.6
94.085899,1,AUTO,ARMED,5,AVAILABLE,UNAVAILABLE,UNAVAILABLE,63,6,ACTIVE,719,E_P3-A5_AB.NC,E_P3-A5_AB.NC,7,0.000668021,18,0.0005,1630886.967,470753.216,184.4,-4839.373,100,89.5,32,100,0,24,100,2760.128307,12200,3000,4.0,25.3,0.2,13,381.0000412,5900,1300,4.4,21.8,0.1,71,507.9999927,50300,10700,4.7,25.3,0.7,37,-136.6894103,45600,6000,7.6,28.1,0.6
94.23052,1,AUTO,ARMED,5,AVAILABLE,UNAVAILABLE,UNAVAILABLE,63,6,ACTIVE,719,E_P3-A5_AB.NC,E_P3-A5_AB.NC,7,0.000668021,18,0.0005,1630886.967,470753.216,184.4,-3232.8369,100,0.0,32,100,0,31,100,2312.587004,12200,3000,4.0,25.3,0.2,7,381.0000526,5900,1300,4.4,21.8,0.1,7,508.0001072,50300,10700,4.7,25.3,0.7,37,-136.6893988,45600,6000,7.6,28.1,0.6
94.380031,1,AUTO,ARMED,5,AVAILABLE,UNAVAILABLE,UNAVAILABLE,63,6,ACTIVE,719,E_P3-A5_AB.NC,E_P3-A5_AB.NC,7,0.000668021,18,0.0005,1630886.967,470753.216,184.4,-3232.8369,100,0.0,32,100,0,54,100,1408.911991,12200,3000,4.0,25.3,0.2,6,381.0000068,5900,1300,4.4,21.8,0.1,6,508.0000728,50300,10700,4.7,25.3,0.7,37,-136.6893988,45600,6000,7.6,28.1,0.6
94.532972,1,AUTO,ARMED,5,AVAILABLE,UNAVAILABLE,UNAVAILABLE,63,6,ACTIVE,719,E_P3-A5_AB.NC,E_P3-A5_AB.NC,7,0.000668021,18,0.0005,1630886.967,470753.216,184.4,-3232.8369,100,0.0,32,100,0,54,100,591.912966,12200,3000,4.0,25.3,0.2,6,381.0000068,5900,1300,4.4,21.8,0.1,6,508.0000271,50300,10700,4.7,25.3,0.7,37,-136.6893988,45600,6000,7.6,28.1,0.6
94.67749,1,AUTO,ARMED,5,AVAILABLE,UNAVAILABLE,UNAVAILABLE,63,6,ACTIVE,720,E_P3-A5_AB.NC,E_P3-A5_AB.NC,7,0.000668021,18,0.0005,1630886.967,470753.216,184.4,-3232.8369,100,0.0,32,100,0,8,100,0.0,1800,400,4.3,25.3,0.0,6,381.0000068,200,0,5.0,21.8,0.0,5,508.0000042,1500,900,1.7,25.3,0.0,37,-136.6893988,1400,700,1.9,28.0,0.1
94.835058,1,AUTO,ARMED,5,AVAILABLE,UNAVAILABLE,UNAVAILABLE,63,6,ACTIVE,720,E_P3-A5_AB.NC,E_P3-A5_AB.NC,7,0.000668021,18,0.0005,1630886.967,470753.216,184.4,-3232.8369,100,0.0,32,100,0,0,100,0.0,1800,400,4.3,25.3,0.0,6,381.0000068,200,0,5.0,21.8,0.0,5,508.0000042,1500,900,1.7,25.3,0.0,37,-136.6894103,1400,700,1.9,28.0,0.1
94.976015,1,AUTO,ARMED,4,AVAILABLE,UNAVAILABLE,UNAVAILABLE,63,6,PROGRAM_COMPLETED,720,E_P3-A5_AB.NC,E_P3-A5_AB.NC,7,0.000668021,18,0.0005,1630886.967,470753.216,184.4,-3232.8369,100,0.0,32,100,0,0,100,0.0,1800,400,4.3,25.3,0.0,6,381.0000068,200,0,5.0,21.8,0.0,5,508.0000042,1500,900,1.7,25.3,0.0,37,-136.6893988,1400,700,1.9,28.0,0.1
95.118281,1,AUTO,ARMED,4,AVAILABLE,UNAVAILABLE,UNAVAILABLE,63,6,PROGRAM_COMPLETED,720,E_P3-A5_AB.NC,E_P3-A5_AB.NC,7,0.000668021,18,0.0005,1630886.967,470753.216,184.4,-3232.8369,100,0.0,32,100,0,0,100,0.0,1800,400,4.3,25.3,0.0,6,380.9999954,200,0,5.0,21.8,0.0,5,508.0000042,1500,900,1.7,25.3,0.0,37,-136.6893988,1400,700,1.9,28.0,0.1
95.260725,1,AUTO,ARMED,4,AVAILABLE,UNAVAILABLE,UNAVAILABLE,63,6,PROGRAM_COMPLETED,720,E_P3-A5_AB.NC,E_P3-A5_AB.NC,7,0.000668021,18,0.0005,1630886.967,470753.216,184.4,-3232.8369,100,0.0,32,100,0,0,100,0.0,1800,400,4.3,25.3,0.0,6,380.9999954,200,0,5.0,21.8,0.0,5,508.0000042,1500,900,1.7,25.3,0.0,37,-136.6893988,1400,700,1.9,28.0,0.1
95.400319,1,AUTO,ARMED,4,AVAILABLE,UNAVAILABLE,UNAVAILABLE,63,6,PROGRAM_COMPLETED,720,E_P3-A5_AB.NC,E_P3-A5_AB.NC,7,0.000668021,18,0.0005,1630886.967,470753.216,184.4,1101.4774,100,0.0,32,100,0,0,100,0.0,1800,400,4.3,25.3,0.0,6,380.9999954,200,0,5.0,21.8,0.0,5,508.0000042,1500,900,1.7,25.3,0.0,37,-136.6893988,1400,700,1.9,28.0,0.1
95.549369,1,AUTO,ARMED,4,AVAILABLE,UNAVAILABLE,UNAVAILABLE,63,6,PROGRAM_COMPLETED,720,E_P3-A5_AB.NC,E_P3-A5_AB.NC,7,0.000668021,18,0.0005,1630886.967,470753.216,184.4,1101.4774,100,0.0,32,100,0,0,100,0.0,1800,400,4.3,25.3,0.0,6,380.9999954,200,0,5.0,21.8,0.0,5,508.0000042,1500,900,1.7,25.3,0.0,37,-136.6893988,1400,700,1.9,28.0,0.1
95.696692,1,AUTO,ARMED,4,AVAILABLE,UNAVAILABLE,UNAVAILABLE,63,6,PROGRAM_COMPLETED,720,E_P3-A5_AB.NC,E_P3-A5_AB.NC,7,0.000668021,18,0.0005,1630886.967,470753.216,184.4,1101.4774,100,0.0,32,100,0,0,100,0.0,1800,400,4.3,25.3,0.0,6,381.0000068,200,0,5.0,21.8,0.0,5,508.0000042,1500,900,1.7,25.3,0.0,37,-136.6893988,1400,700,1.9,28.0,0.1
95.853551,1,AUTO,ARMED,4,AVAILABLE,UNAVAILABLE,UNAVAILABLE,63,6,PROGRAM_COMPLETED,720,E_P3-A5_AB.NC,E_P3-A5_AB.NC,7,0.000668021,18,0.0005,1630886.967,470753.216,184.4,1101.4774,100,0.0,32,100,0,0,100,0.0,200,100,3.7,25.3,0.0,6,380.9999954,200,0,4.0,21.8,0.0,5,508.0000042,1400,900,1.6,25.3,0.0,37,-136.6893988,1300,700,1.8,28.0,0.0
96.002953,1,AUTO,ARMED,4,AVAILABLE,UNAVAILABLE,UNAVAILABLE,63,6,PROGRAM_COMPLETED,720,E_P3-A5_AB.NC,E_P3-A5_AB.NC,7,0.000668021,18,0.0005,1630886.967,470753.216,184.4,1101.4774,100,0.0,32,100,0,0,100,0.0,200,100,3.7,25.3,0.0,6,381.0000068,200,0,4.0,21.8,0.0,5,507.9999927,1400,900,1.6,25.3,0.0,37,-136.6893988,1300,700,1.8,28.0,0.0
96.148247,1,AUTO,ARMED,4,AVAILABLE,UNAVAILABLE,UNAVAILABLE,63,6,PROGRAM_COMPLETED,720,E_P3-A5_AB.NC,E_P3-A5_AB.NC,7,0.000668021,18,0.0005,1630886.967,470753.216,184.4,1101.4774,100,0.0,32,100,0,0,100,0.0,200,100,3.7,25.3,0.0,6,380.9999954,200,0,4.0,21.8,0.0,5,507.9999927,1400,900,1.6,25.3,0.0,37,-136.6893988,1300,700,1.8,28.0,0.0
96.289925,1,AUTO,ARMED,4,AVAILABLE,UNAVAILABLE,UNAVAILABLE,63,6,PROGRAM_COMPLETED,720,E_P3-A5_AB.NC,E_P3-A5_AB.NC,7,0.000668021,18,0.0005,1630886.967,470753.216,184.4,1130.9158,100,0.0,32,100,0,0,100,0.0,200,100,3.7,25.3,0.0,6,381.0000068,200,0,4.0,21.8,0.0,5,507.9999927,1400,900,1.6,25.3,0.0,37,-136.6893988,1300,700,1.8,28.0,0.0
96.43153,1,AUTO,ARMED,4,AVAILABLE,UNAVAILABLE,UNAVAILABLE,63,6,PROGRAM_COMPLETED,720,E_P3-A5_AB.NC,E_P3-A5_AB.NC,7,0.000668021,18,0.0005,1630886.967,470753.216,184.4,1130.9158,100,0.0,32,100,0,0,100,0.0,200,100,3.7,25.3,0.0,6,381.0000068,200,0,4.0,21.8,0.0,5,507.9999927,1400,900,1.6,25.3,0.0,37,-136.6893988,1300,700,1.8,28.0,0.0
96.694079,1,AUTO,ARMED,4,AVAILABLE,UNAVAILABLE,UNAVAILABLE,63,6,PROGRAM_COMPLETED,720,E_P3-A5_AB.NC,E_P3-A5_AB.NC,7,0.000668021,18,0.0005,1630886.967,470753.216,184.4,1130.9158,100,0.0,32,100,0,0,100,0.0,200,100,3.7,25.3,0.0,6,380.9999954,200,0,4.0,21.8,0.0,5,508.0000042,1400,900,1.6,25.3,0.0,37,-136.6893988,1300,700,1.8,28.0,0.0
96.844176,1,AUTO,ARMED,4,AVAILABLE,UNAVAILABLE,UNAVAILABLE,63,6,PROGRAM_COMPLETED,720,E_P3-A5_AB.NC,E_P3-A5_AB.NC,7,0.000668021,18,0.0005,1630886.967,470753.216,184.4,1130.9158,100,0.0,32,100,0,0,100,0.0,200,100,3.7,25.3,0.0,6,380.9999954,200,0,4.0,21.8,0.0,5,507.9999927,1400,900,1.6,25.3,0.0,37,-136.6893988,1300,700,1.8,28.0,0.0
97.058737,1,AUTO,ARMED,4,AVAILABLE,UNAVAILABLE,UNAVAILABLE,63,6,PROGRAM_COMPLETED,720,E_P3-A5_AB.NC,E_P3-A5_AB.NC,7,0.000668021,18,0.0005,1630886.967,470753.216,184.4,1130.9158,100,0.0,32,100,0,0,100,0.0,200,100,3.7,25.3,0.0,6,381.0000068,200,0,4.0,21.8,0.0,5,507.9999927,1400,900,1.6,25.3,0.0,37,-136.6893988,1300,700,1.8,28.0,0.0
97.214297,1,AUTO,ARMED,4,AVAILABLE,UNAVAILABLE,UNAVAILABLE,63,6,PROGRAM_COMPLETED,720,E_P3-A5_AB.NC,E_P3-A5_AB.NC,7,0.000668021,18,0.0005,1630886.967,470753.216,184.4,1130.9158,100,0.0,32,100,0,0,100,0.0,200,100,3.7,25.3,0.0,6,380.9999954,200,0,4.0,21.8,0.0,5,508.0000042,1400,900,1.6,25.3,0.0,37,-136.6893988,1300,700,1.8,28.0,0.0
97.354824,1,AUTO,ARMED,4,AVAILABLE,UNAVAILABLE,UNAVAILABLE,63,6,PROGRAM_COMPLETED,720,E_P3-A5_AB.NC,E_P3-A5_AB.NC,7,0.000668021,18,0.0005,1630886.967,470753.216,184.4,1130.9158,100,0.0,32,100,0,0,100,0.0,200,100,3.7,25.3,0.0,6,380.9999954,200,0,4.0,21.8,0.0,5,507.9999927,1400,900,1.6,25.3,0.0,37,-136.6893988,1300,700,1.8,28.0,0.0
97.498086,1,AUTO,ARMED,4,AVAILABLE,UNAVAILABLE,UNAVAILABLE,63,6,PROGRAM_COMPLETED,720,E_P3-A5_AB.NC,E_P3-A5_AB.NC,7,0.000668021,18,0.0005,1630886.967,470753.216,184.4,1137.8705,100,0.0,32,100,0,0,100,0.0,200,100,4.1,25.3,0.0,6,380.9999954,200,0,4.2,21.8,0.0,5,508.0000042,1500,900,1.7,25.3,0.1,37,-136.6893988,1400,700,1.9,28.0,0.0
97.638998,1,AUTO,ARMED,4,AVAILABLE,UNAVAILABLE,UNAVAILABLE,63,6,PROGRAM_COMPLETED,720,E_P3-A5_AB.NC,E_P3-A5_AB.NC,7,0.000668021,18,0.0005,1630886.967,470753.216,184.4,1137.8705,100,0.0,32,100,0,0,100,0.0,200,100,4.1,25.3,0.0,5,381.0000068,200,0,4.2,21.8,0.0,5,508.0000042,1500,900,1.7,25.3,0.1,37,-136.6893988,1400,700,1.9,28.0,0.0
97.7778,1,AUTO,ARMED,4,AVAILABLE,UNAVAILABLE,UNAVAILABLE,63,6,PROGRAM_COMPLETED,720,E_P3-A5_AB.NC,E_P3-A5_AB.NC,7,0.000668021,18,0.0005,1630886.967,470753.216,184.4,1137.8705,100,0.0,32,100,0,0,100,0.0,200,100,4.1,25.3,0.0,5,380.9999954,200,0,4.2,21.8,0.0,5,508.0000042,1500,900,1.7,25.3,0.1,37,-136.6893988,1400,700,1.9,28.0,0.0
97.922657,1,AUTO,ARMED,4,AVAILABLE,UNAVAILABLE,UNAVAILABLE,63,6,PROGRAM_COMPLETED,720,E_P3-A5_AB.NC,E_P3-A5_AB.NC,7,0.000668021,18,0.0005,1630886.967,470753.216,184.4,1137.8705,100,0.0,32,100,0,0,100,0.0,200,100,4.1,25.3,0.0,6,380.9999954,200,0,4.2,21.8,0.0,5,507.9999927,1500,900,1.7,25.3,0.1,37,-136.6893988,1400,700,1.9,28.0,0.0
98.062584,1,AUTO,ARMED,4,AVAILABLE,UNAVAILABLE,UNAVAILABLE,63,6,PROGRAM_COMPLETED,720,E_P3-A5_AB.NC,E_P3-A5_AB.NC,7,0.000668021,18,0.0005,1630886.967,470753.216,184.4,1137.8705,100,0.0,32,100,0,0,100,0.0,200,100,4.1,25.3,0.0,6,381.0000068,200,0,4.2,21.8,0.0,5,507.9999927,1500,900,1.7,25.3,0.1,37,-136.6893988,1400,700,1.9,28.0,0.0
98.206246,1,AUTO,ARMED,4,AVAILABLE,UNAVAILABLE,UNAVAILABLE,63,6,PROGRAM_COMPLETED,720,E_P3-A5_AB.NC,E_P3-A5_AB.NC,7,0.000668021,18,0.0005,1630886.967,470753.216,184.4,1137.8705,100,0.0,32,100,0,0,100,0.0,200,100,4.1,25.3,0.0,6,380.9999954,200,0,4.2,21.8,0.0,5,507.9999927,1500,900,1.7,25.3,0.1,37,-136.6893988,1400,700,1.9,28.0,0.0
98.35021,1,AUTO,ARMED,4,AVAILABLE,UNAVAILABLE,UNAVAILABLE,63,6,PROGRAM_COMPLETED,720,E_P3-A5_AB.NC,E_P3-A5_AB.NC,7,0.000668021,18,0.0005,1630886.967,470753.216,184.4,1137.8705,100,0.0,32,100,0,0,100,0.0,200,100,4.1,25.3,0.0,6,380.9999954,200,0,4.2,21.8,0.0,5,507.9999927,1500,900,1.7,25.3,0.1,37,-136.6893988,1400,700,1.9,28.0,0.0
98.494819,1,AUTO,ARMED,4,AVAILABLE,UNAVAILABLE,UNAVAILABLE,63,6,PROGRAM_COMPLETED,720,E_P3-A5_AB.NC,E_P3-A5_AB.NC,7,0.000668021,18,0.0005,1630886.967,470753.216,184.4,1137.8705,100,0.0,32,100,0,0,100,0.0,200,100,4.1,25.3,0.0,6,381.0000068,200,0,4.2,21.8,0.0,5,507.9999927,1500,900,1.7,25.3,0.1,37,-136.6893988,1400,700,1.9,28.0,0.0
98.638023,1,AUTO,ARMED,4,AVAILABLE,UNAVAILABLE,UNAVAILABLE,63,6,PROGRAM_COMPLETED,720,E_P3-A5_AB.NC,E_P3-A5_AB.NC,7,0.000668021,18,0.0005,1630886.967,470753.216,184.4,1112.2834,100,0.0,32,100,0,0,100,0.0,200,100,4.1,25.3,0.0,6,381.0000068,200,0,4.2,21.8,0.0,5,507.9999927,1500,900,1.7,25.3,0.1,37,-136.6894103,1400,700,1.9,28.0,0.0
98.778628,1,AUTO,ARMED,4,AVAILABLE,UNAVAILABLE,UNAVAILABLE,63,6,PROGRAM_COMPLETED,720,E_P3-A5_AB.NC,E_P3-A5_AB.NC,7,0.000668021,18,0.0005,1630886.967,470753.216,184.4,1112.2834,100,0.0,32,100,0,0,100,0.0,200,100,4.1,25.3,0.0,6,380.9999954,200,0,4.2,21.8,0.0,5,507.9999927,1500,900,1.7,25.3,0.1,37,-136.6893988,1400,700,1.9,28.0,0.0
98.923276,1,AUTO,ARMED,4,AVAILABLE,UNAVAILABLE,UNAVAILABLE,63,6,PROGRAM_COMPLETED,720,E_P3-A5_AB.NC,E_P3-A5_AB.NC,7,0.000668021,18,0.0005,1630886.967,470753.216,184.4,1112.2834,100,0.0,32,100,0,0,100,0.0,200,100,4.1,25.3,0.0,5,380.9999954,200,0,4.2,21.8,0.0,5,507.9999927,1500,900,1.7,25.3,0.1,37,-136.6893988,1400,700,1.9,28.0,0.0
99.062921,1,AUTO,ARMED,4,AVAILABLE,UNAVAILABLE,UNAVAILABLE,63,6,PROGRAM_COMPLETED,720,E_P3-A5_AB.NC,E_P3-A5_AB.NC,7,0.000668021,18,0.0005,1630886.967,470753.216,184.4,1112.2834,100,0.0,32,100,0,0,100,0.0,200,100,4.1,25.3,0.0,5,380.9999954,200,0,4.2,21.8,0.0,5,508.0000042,1500,900,1.7,25.3,0.1,37,-136.6893988,1400,700,1.9,28.0,0.0
99.202409,1,AUTO,ARMED,4,AVAILABLE,UNAVAILABLE,UNAVAILABLE,63,6,PROGRAM_COMPLETED,720,E_P3-A5_AB.NC,E_P3-A5_AB.NC,7,0.000668021,18,0.0005,1630886.967,470753.216,184.4,1112.2834,100,0.0,32,100,0,0,100,0.0,200,100,4.1,25.3,0.0,5,381.0000068,200,0,4.1,21.8,0.0,5,508.0000042,1400,900,1.6,25.3,0.1,37,-136.6893988,1400,700,1.8,28.0,0.0
99.341399,1,AUTO,ARMED,4,AVAILABLE,UNAVAILABLE,UNAVAILABLE,63,6,PROGRAM_COMPLETED,720,E_P3-A5_AB.NC,E_P3-A5_AB.NC,7,0.000668021,18,0.0005,1630886.967,470753.216,184.4,1158.4741,100,0.0,32,100,0,0,100,0.0,200,100,4.1,25.3,0.0,5,380.9999954,200,0,4.1,21.8,0.0,5,507.9999927,1400,900,1.6,25.3,0.1,37,-136.6893988,1400,700,1.8,28.0,0.0
99.49027,1,AUTO,ARMED,4,AVAILABLE,UNAVAILABLE,UNAVAILABLE,63,6,PROGRAM_COMPLETED,720,E_P3-A5_AB.NC,E_P3-A5_AB.NC,7,0.000668021,18,0.0005,1630886.967,470753.216,184.4,1158.4741,100,0.0,32,100,0,0,100,0.0,200,100,4.1,25.3,0.0,5,380.9999954,200,0,4.1,21.8,0.0,5,508.0000042,1400,900,1.6,25.3,0.1,37,-136.6893988,1400,700,1.8,28.0,0.0
99.634997,1,AUTO,ARMED,4,AVAILABLE,UNAVAILABLE,UNAVAILABLE,63,6,PROGRAM_COMPLETED,720,E_P3-A5_AB.NC,E_P3-A5_AB.NC,7,0.000668021,18,0.0005,1630886.967,470753.216,184.4,1158.4741,100,0.0,32,100,0,0,100,0.0,200,100,4.1,25.3,0.0,5,380.9999954,200,0,4.1,21.8,0.0,5,508.0000042,1400,900,1.6,25.3,0.1,37,-136.6893988,1400,700,1.8,28.0,0.0
99.776852,1,AUTO,ARMED,4,AVAILABLE,UNAVAILABLE,UNAVAILABLE,63,6,PROGRAM_COMPLETED,720,E_P3-A5_AB.NC,E_P3-A5_AB.NC,7,0.000668021,18,0.0005,1630886.967,470753.216,184.4,1158.4741,100,0.0,32,100,0,0,100,0.0,200,100,4.1,25.3,0.0,5,380.9999954,200,0,4.1,21.8,0.0,5,508.0000042,1400,900,1.6,25.3,0.1,37,-136.6893988,1400,700,1.8,28.0,0.0
100.310022,1,AUTO,ARMED,4,AVAILABLE,UNAVAILABLE,UNAVAILABLE,63,6,PROGRAM_COMPLETED,720,E_P3-A5_AB.NC,E_P3-A5_AB.NC,7,0.000668021,18,0.0005,1630886.967,470753.216,184.4,1158.4741,100,0.0,32,100,0,0,100,0.0,200,100,4.1,25.3,0.0,5,381.0000068,200,0,4.1,21.8,0.0,5,507.9999927,1400,900,1.6,25.3,0.1,37,-136.6894103,1400,700,1.8,28.0,0.0
100.459548,1,AUTO,ARMED,4,AVAILABLE,UNAVAILABLE,UNAVAILABLE,63,6,PROGRAM_COMPLETED,720,E_P3-A5_AB.NC,E_P3-A5_AB.NC,7,0.000668021,18,0.0005,1630886.967,470753.216,184.4,1158.4741,100,0.0,32,100,0,0,100,0.0,200,100,4.1,25.3,0.0,5,381.0000068,200,0,4.1,21.8,0.0,5,508.0000042,1400,900,1.6,25.3,0.1,37,-136.6893988,1400,700,1.8,28.0,0.0
100.634906,1,AUTO,ARMED,4,AVAILABLE,UNAVAILABLE,UNAVAILABLE,63,6,PROGRAM_COMPLETED,720,E_P3-A5_AB.NC,E_P3-A5_AB.NC,7,0.000668021,18,0.0005,1630886.967,470753.216,184.4,1158.4741,100,0.0,32,100,0,0,100,0.0,200,100,4.1,25.3,0.0,6,380.9999954,200,0,4.1,21.8,0.0,5,507.9999927,1400,900,1.6,25.3,0.1,37,-136.6893988,1400,700,1.8,28.0,0.0
100.775512,1,AUTO,ARMED,4,AVAILABLE,UNAVAILABLE,UNAVAILABLE,63,6,PROGRAM_COMPLETED,720,E_P3-A5_AB.NC,E_P3-A5_AB.NC,7,0.000668021,18,0.0005,1630886.967,470753.216,184.4,1158.4741,100,0.0,32,100,0,0,100,0.0,200,100,4.1,25.3,0.0,5,380.9999954,200,0,4.1,21.8,0.0,5,508.0000042,1400,900,1.6,25.3,0.1,37,-136.6893988,1400,700,1.8,28.0,0.0
100.917395,1,AUTO,ARMED,4,AVAILABLE,UNAVAILABLE,UNAVAILABLE,63,6,PROGRAM_COMPLETED,720,E_P3-A5_AB.NC,E_P3-A5_AB.NC,7,0.000668021,18,0.0005,1630886.967,470753.216,184.4,1158.4741,100,0.0,32,100,0,0,100,0.0,200,100,4.1,25.3,0.0,5,381.0000068,200,0,4.1,21.8,0.0,5,507.9999927,1400,900,1.6,25.3,0.1,37,-136.6893988,1400,700,1.8,28.0,0.0
101.061853,1,AUTO,ARMED,4,AVAILABLE,UNAVAILABLE,UNAVAILABLE,63,6,PROGRAM_COMPLETED,720,E_P3-A5_AB.NC,E_P3-A5_AB.NC,7,0.000668021,18,0.0005,1630886.967,470753.216,184.4,1158.4741,100,0.0,32,100,0,0,100,0.0,200,100,4.1,25.3,0.0,5,381.0000068,200,0,4.1,21.8,0.0,5,508.0000042,1400,900,1.6,25.3,0.1,37,-136.6893988,1400,700,1.8,28.0,0.0
