time,COR_Status,Controller_Mode,EStop_State,Machine_Mode,avail,dev_asset_chg,dev_asset_rem,Block_Number,Current_Tool,Execution,Part_Count,Program_Name_Editing,Program_Name_Running,Machine_Time,Spindle_Time,energy,watt,Feed_Override,Feed_Rate,Program_Runtime_Seconds,Rapid_Override,Rapid_Speed,S_Axis_Load,Spindle_Override,Spindle_Speed,smapeak,smarms,smcrest,smdisp,smvrms,X_Axis_Load,X_Position,xmapeak,xmarms,xmcrest,xmdisp,xmvrms,Y_Axis_Load,Y_Position,ymapeak,ymarms,ymcrest,ymdisp,ymvrms,Z_Axis_Load,Z_Position,zmapeak,zmarms,zmcrest,zmdisp,zmvrms
0.0,1,AUTO,ARMED,4,AVAILABLE,UNAVAILABLE,UNAVAILABLE,0,5,ERROR,9,E_P1S-A3.NC,E_P1S-A3.NC,2073495.475,193484.086,5709.5,2060.8049,100,0.0,31,100,0,0,100,0.0,2831.5,56.4838,50.1294,5.47944e-05,0.0137628,0,556.9929385,4176.72,33.2482,125.622,4.5528e-05,0.0108457,0,310.0754518,456.324,51.4668,8.86638,1.74391e-05,0.00677513,7,-30.31976735,192.288,28.9434,6.64359,2.15019e-05,0.00723545
0.147175,1,AUTO,ARMED,4,AVAILABLE,UNAVAILABLE,UNAVAILABLE,0,5,ERROR,9,E_P1S-A3.NC,E_P1S-A3.NC,2073495.475,193484.086,5709.5,2060.8049,100,0.0,31,100,0,0,100,0.0,2831.5,56.4838,50.1294,5.47944e-05,0.0137628,0,556.9929385,4176.72,33.2482,125.622,4.5528e-05,0.0108457,0,310.0754518,456.324,51.4668,8.86638,1.74391e-05,0.00677513,7,-30.31977879,192.288,28.9434,6.64359,2.15019e-05,0.00723545
0.297542,1,AUTO,ARMED,4,AVAILABLE,UNAVAILABLE,UNAVAILABLE,0,5,ERROR,9,E_P1S-A3.NC,E_P1S-A3.NC,2073495.475,193484.086,5709.5,2060.8049,100,0.0,31,100,0,0,100,0.0,2879.49,60.7338,47.4117,0.000108232,0.023224,0,556.9929385,4248.73,32.8787,129.224,6.4932e-05,0.0214896,0,310.0754589,432.305,51.161,8.44989,1.79636e-05,0.00792526,7,-30.31976735,192.288,27.863,6.9012,2.18569e-05,0.00634598
0.43772,1,AUTO,ARMED,4,AVAILABLE,UNAVAILABLE,UNAVAILABLE,0,5,ERROR,9,E_P1S-A3.NC,E_P1S-A3.NC,2073495.475,193484.086,5709.5,2060.8049,100,0.0,31,100,0,0,100,0.0,2879.49,60.7338,47.4117,0.000108232,0.023224,0,556.9929385,4248.73,32.8787,129.224,6.4932e-05,0.0214896,0,310.0754589,432.305,51.161,8.44989,1.79636e-05,0.00792526,7,-30.31976735,192.288,27.863,6.9012,2.18569e-05,0.00634598
0.579835,1,AUTO,ARMED,4,AVAILABLE,UNAVAILABLE,UNAVAILABLE,0,5,ERROR,9,E_P1S-A3.NC,E_P1S-A3.NC,2073495.475,193484.086,5709.5,3430.7346,100,0.0,31,100,0,0,100,0.0,2879.49,60.7338,47.4117,0.000108232,0.023224,0,556.9929385,4248.73,32.8787,129.224,6.4932e-05,0.0214896,0,310.0754589,432.305,51.161,8.44989,1.79636e-05,0.00792526,7,-30.31977879,192.288,27.863,6.9012,2.18569e-05,0.00634598
0.717436,1,AUTO,ARMED,5,AVAILABLE,UNAVAILABLE,UNAVAILABLE,0,5,ACTIVE,9,E_P1S-A3.NC,E_P1S-A3.NC,2073495.475,193484.086,5709.5,3430.7346,100,0.0,0,100,0,0,100,0.0,2879.49,60.7338,47.4117,0.000108232,0.023224,0,556.9929385,4248.73,32.8787,129.224,6.4932e-05,0.0214896,0,310.0754518,432.305,51.161,8.44989,1.79636e-05,0.00792526,7,-30.31976735,192.288,27.863,6.9012,2.18569e-05,0.00634598
0.875252,1,AUTO,ARMED,5,AVAILABLE,UNAVAILABLE,UNAVAILABLE,0,5,ACTIVE,9,E_P1S-A3.NC,E_P1S-A3.NC,2073495.475,193484.086,5709.5,3430.7346,100,0.0,0,100,0,0,100,0.0,2879.49,60.7338,47.4117,0.000108232,0.023224,0,556.9929314,4248.73,32.8787,129.224,6.4932e-05,0.0214896,0,310.0754589,432.305,51.161,8.44989,1.79636e-05,0.00792526,7,-30.31976735,192.288,27.863,6.9012,2.18569e-05,0.00634598
1.02916,1,AUTO,ARMED,5,AVAILABLE,UNAVAILABLE,UNAVAILABLE,4,5,ACTIVE,9,E_P1S-A3.NC,E_P1S-A3.NC,2073495.475,193484.086,5709.5,3430.7346,100,0.0,0,100,0,0,100,0.0,2879.49,60.7338,47.4117,0.000108232,0.023224,0,556.996998,4248.73,32.8787,129.224,6.4932e-05,0.0214896,0,310.0754589,432.305,51.161,8.44989,1.79636e-05,0.00792526,7,-30.31976735,192.288,27.863,6.9012,2.18569e-05,0.00634598
1.190666,1,AUTO,ARMED,5,AVAILABLE,UNAVAILABLE,UNAVAILABLE,4,5,ACTIVE,9,E_P1S-A3.NC,E_P1S-A3.NC,2073495.475,193484.086,5709.5,3430.7346,100,0.0,0,100,0,0,100,0.0,2879.49,60.7338,47.4117,0.000108232,0.023224,0,539.6421732,4248.73,32.8787,129.224,6.4932e-05,0.0214896,0,316.2414898,432.305,51.161,8.44989,1.79636e-05,0.00792526,7,-30.31976735,192.288,27.863,6.9012,2.18569e-05,0.00634598
1.337104,1,AUTO,ARMED,5,AVAILABLE,UNAVAILABLE,UNAVAILABLE,4,5,ACTIVE,9,E_P1S-A3.NC,E_P1S-A3.NC,2073495.475,193484.086,5709.5,3430.7346,100,351.5,0,100,0,0,100,0.0,4703.17,531.663,8.84615,0.000228789,0.203114,8,505.8990895,101489.0,9764.49,10.3937,0.00109753,1.25937,3,328.2315476,6892.92,2445.83,2.81823,0.000519506,0.619309,7,-30.31976735,1418.13,404.744,3.50377,0.000405898,0.140598
1.48539,1,AUTO,ARMED,5,AVAILABLE,UNAVAILABLE,UNAVAILABLE,4,5,ACTIVE,9,E_P1S-A3.NC,E_P1S-A3.NC,2073495.475,193484.086,5709.5,3430.7346,100,367.6667,0,100,0,0,100,0.0,4703.17,531.663,8.84615,0.000228789,0.203114,8,467.108795,101489.0,9764.49,10.3937,0.00109753,1.25937,3,342.0153007,6892.92,2445.83,2.81823,0.000519506,0.619309,7,-30.31977879,1418.13,404.744,3.50377,0.000405898,0.140598
1.64817,1,AUTO,ARMED,5,AVAILABLE,UNAVAILABLE,UNAVAILABLE,4,5,ACTIVE,9,E_P1S-A3.NC,E_P1S-A3.NC,2073495.475,193484.086,5709.5,2828.0962,100,400.0,0,100,0,0,100,0.0,4703.17,531.663,8.84615,0.000228789,0.203114,1,389.4659067,101489.0,9764.49,10.3937,0.00109753,1.25937,0,369.6052142,6892.92,2445.83,2.81823,0.000519506,0.619309,7,-30.31977879,1418.13,404.744,3.50377,0.000405898,0.140598
1.791021,1,AUTO,ARMED,5,AVAILABLE,UNAVAILABLE,UNAVAILABLE,4,5,ACTIVE,9,E_P1S-A3.NC,E_P1S-A3.NC,2073495.475,193484.086,5709.5,2828.0962,100,400.0,1,100,0,0,100,0.0,4703.17,531.663,8.84615,0.000228789,0.203114,1,311.8227929,101489.0,9764.49,10.3937,0.00109753,1.25937,0,397.1956781,6892.92,2445.83,2.81823,0.000519506,0.619309,7,-30.31977879,1418.13,404.744,3.50377,0.000405898,0.140598
1.940018,1,AUTO,ARMED,5,AVAILABLE,UNAVAILABLE,UNAVAILABLE,4,5,ACTIVE,9,E_P1S-A3.NC,E_P1S-A3.NC,2073495.475,193484.086,5709.5,2828.0962,100,400.0,1,100,0,0,100,0.0,4703.17,531.663,8.84615,0.000228789,0.203114,1,272.9067206,101489.0,9764.49,10.3937,0.00109753,1.25937,1,411.0239494,6892.92,2445.83,2.81823,0.000519506,0.619309,7,-30.31976735,1418.13,404.744,3.50377,0.000405898,0.140598
2.099463,1,AUTO,ARMED,5,AVAILABLE,UNAVAILABLE,UNAVAILABLE,4,5,ACTIVE,9,E_P1S-A3.NC,E_P1S-A3.NC,2073495.475,193484.086,5709.5,2828.0962,100,400.0,1,100,0,0,100,0.0,4703.17,531.663,8.84615,0.000228789,0.203114,1,214.7680584,101489.0,9764.49,10.3937,0.00109753,1.25937,1,431.6829223,6892.92,2445.83,2.81823,0.000519506,0.619309,7,-30.31976735,1418.13,404.744,3.50377,0.000405898,0.140598
2.268072,1,AUTO,ARMED,5,AVAILABLE,UNAVAILABLE,UNAVAILABLE,4,5,ACTIVE,9,E_P1S-A3.NC,E_P1S-A3.NC,2073495.475,193484.086,5709.5,2828.0962,100,400.0,1,100,0,0,100,0.0,4703.17,531.663,8.84615,0.000228789,0.203114,1,176.040538,101489.0,9764.49,10.3937,0.00109753,1.25937,1,445.4446792,6892.92,2445.83,2.81823,0.000519506,0.619309,7,-30.31979024,1418.13,404.744,3.50377,0.000405898,0.140598
2.418061,1,AUTO,ARMED,5,AVAILABLE,UNAVAILABLE,UNAVAILABLE,4,5,ACTIVE,9,E_P1S-A3.NC,E_P1S-A3.NC,2073495.475,193484.086,5709.5,2828.0962,100,400.0,1,100,0,0,100,0.0,23155.9,1142.23,20.2725,0.000363981,0.265778,2,137.0294569,134543.0,632.933,212.571,0.000411184,0.251469,1,459.3068574,6148.39,1334.95,4.60571,0.000133566,0.313599,7,-30.31979024,1081.63,248.344,4.35537,0.00020018,0.10535
2.560563,1,AUTO,ARMED,5,AVAILABLE,UNAVAILABLE,UNAVAILABLE,4,5,ACTIVE,9,E_P1S-A3.NC,E_P1S-A3.NC,2073495.475,193484.086,5709.5,2828.0962,100,399.9667,1,100,0,0,100,0.0,23155.9,1142.23,20.2725,0.000363981,0.265778,5,59.47996677,134543.0,632.933,212.571,0.000411184,0.251469,0,486.8637714,6148.39,1334.95,4.60571,0.000133566,0.313599,7,-30.31979024,1081.63,248.344,4.35537,0.00020018,0.10535
2.708819,1,AUTO,ARMED,5,AVAILABLE,UNAVAILABLE,UNAVAILABLE,4,5,ACTIVE,9,E_P1S-A3.NC,E_P1S-A3.NC,2073495.475,193484.086,5709.5,2800.46,100,275.0167,2,100,0,0,100,0.0,23155.9,1142.23,20.2725,0.000363981,0.265778,5,0.71881762,134543.0,632.933,212.571,0.000411184,0.251469,1,507.7440533,6148.39,1334.95,4.60571,0.000133566,0.313599,7,-30.31979024,1081.63,248.344,4.35537,0.00020018,0.10535
2.868146,1,AUTO,ARMED,5,AVAILABLE,UNAVAILABLE,UNAVAILABLE,7,5,ACTIVE,9,E_P1S-A3.NC,E_P1S-A3.NC,2073495.475,193484.086,5709.5,2800.46,100,113.7833,2,100,0,0,100,0.0,23155.9,1142.23,20.2725,0.000363981,0.265778,0,2.136359768,134543.0,632.933,212.571,0.000411184,0.251469,0,507.0939439,6148.39,1334.95,4.60571,0.000133566,0.313599,8,-46.15343736,1081.63,248.344,4.35537,0.00020018,0.10535
3.009987,1,AUTO,ARMED,5,AVAILABLE,UNAVAILABLE,UNAVAILABLE,8,5,ACTIVE,9,E_P1S-A3.NC,E_P1S-A3.NC,2073495.475,193484.086,5709.5,2800.46,100,111.7833,2,100,0,0,100,0.0,23155.9,1142.23,20.2725,0.000363981,0.265778,7,18.42240609,134543.0,632.933,212.571,0.000411184,0.251469,3,500.1717633,6148.39,1334.95,4.60571,0.000133566,0.313599,5,-46.16777723,1081.63,248.344,4.35537,0.00020018,0.10535
3.158849,1,AUTO,ARMED,5,AVAILABLE,UNAVAILABLE,UNAVAILABLE,8,5,ACTIVE,9,E_P1S-A3.NC,E_P1S-A3.NC,2073495.475,193484.086,5709.5,2800.46,100,256.4167,2,100,0,0,100,0.0,23155.9,1142.23,20.2725,0.000363981,0.265778,7,89.66219194,134543.0,632.933,212.571,0.000411184,0.251469,3,469.9013191,6148.39,1334.95,4.60571,0.000133566,0.313599,5,-46.16850968,1081.63,248.344,4.35537,0.00020018,0.10535
3.328897,1,AUTO,ARMED,5,AVAILABLE,UNAVAILABLE,UNAVAILABLE,8,5,ACTIVE,9,E_P1S-A3.NC,E_P1S-A3.NC,2073495.475,193484.086,5709.5,2800.46,100,400.0,2,100,0,0,100,0.0,23155.9,1142.23,20.2725,0.000363981,0.265778,1,127.6719712,134543.0,632.933,212.571,0.000411184,0.251469,1,453.7502176,6148.39,1334.95,4.60571,0.000133566,0.313599,6,-46.1684639,1081.63,248.344,4.35537,0.00020018,0.10535
3.473794,1,AUTO,ARMED,5,AVAILABLE,UNAVAILABLE,UNAVAILABLE,8,5,ACTIVE,9,E_P1S-A3.NC,E_P1S-A3.NC,2073495.475,193484.086,5709.5,2800.46,100,400.0,2,100,0,0,100,0.0,2951.48,379.952,7.76803,0.000343616,0.223694,1,165.6824771,142945.0,12821.6,11.1488,0.00321997,1.8311,1,437.5987608,5187.71,1427.42,3.63433,0.000149278,0.270019,6,-46.16841812,1057.59,500.378,2.11358,0.000510103,0.208414
3.610784,1,AUTO,ARMED,5,AVAILABLE,UNAVAILABLE,UNAVAILABLE,8,5,ACTIVE,9,E_P1S-A3.NC,E_P1S-A3.NC,2073495.475,193484.086,5709.5,2800.46,100,400.0,2,100,0,0,100,0.0,2951.48,379.952,7.76803,0.000343616,0.223694,1,241.4277994,142945.0,12821.6,11.1488,0.00321997,1.8311,1,405.4125285,5187.71,1427.42,3.63433,0.000149278,0.270019,6,-46.1683609,1057.59,500.378,2.11358,0.000510103,0.208414
3.749851,1,AUTO,ARMED,5,AVAILABLE,UNAVAILABLE,UNAVAILABLE,8,5,ACTIVE,9,E_P1S-A3.NC,E_P1S-A3.NC,2073495.475,193484.086,5709.5,2800.46,100,400.0,3,100,0,0,100,0.0,2951.48,379.952,7.76803,0.000343616,0.223694,1,279.3465795,142945.0,12821.6,11.1488,0.00321997,1.8311,0,389.2996254,5187.71,1427.42,3.63433,0.000149278,0.270019,6,-46.16833801,1057.59,500.378,2.11358,0.000510103,0.208414
3.929518,1,AUTO,ARMED,5,AVAILABLE,UNAVAILABLE,UNAVAILABLE,8,5,ACTIVE,9,E_P1S-A3.NC,E_P1S-A3.NC,2073495.475,193484.086,5709.5,2341.3252,100,400.0,3,100,0,0,100,0.0,2951.48,379.952,7.76803,0.000343616,0.223694,1,317.1732866,142945.0,12821.6,11.1488,0.00321997,1.8311,0,373.2268055,5187.71,1427.42,3.63433,0.000149278,0.270019,6,-46.16832656,1057.59,500.378,2.11358,0.000510103,0.208414
4.074803,1,AUTO,ARMED,5,AVAILABLE,UNAVAILABLE,UNAVAILABLE,8,5,ACTIVE,9,E_P1S-A3.NC,E_P1S-A3.NC,2073495.475,193484.086,5709.5,2341.3252,100,400.0,3,100,0,0,100,0.0,2951.48,379.952,7.76803,0.000343616,0.223694,1,393.102957,142945.0,12821.6,11.1488,0.00321997,1.8311,1,340.9633275,5187.71,1427.42,3.63433,0.000149278,0.270019,6,-46.16831512,1057.59,500.378,2.11358,0.000510103,0.208414
4.224129,1,AUTO,ARMED,5,AVAILABLE,UNAVAILABLE,UNAVAILABLE,8,5,ACTIVE,9,E_P1S-A3.NC,E_P1S-A3.NC,2073495.475,193484.086,5709.5,2341.3252,100,400.0,3,100,0,0,100,0.0,2951.48,379.952,7.76803,0.000343616,0.223694,1,412.0623972,142945.0,12821.6,11.1488,0.00321997,1.8311,0,332.9069508,5187.71,1427.42,3.63433,0.000149278,0.270019,6,-46.16831512,1057.59,500.378,2.11358,0.000510103,0.208414
4.368304,1,AUTO,ARMED,5,AVAILABLE,UNAVAILABLE,UNAVAILABLE,8,5,ACTIVE,9,E_P1S-A3.NC,E_P1S-A3.NC,2073495.475,193484.086,5709.5,2341.3252,100,395.1,3,100,0,0,100,0.0,2951.48,379.952,7.76803,0.000343616,0.223694,1,487.8934606,142945.0,12821.6,11.1488,0.00321997,1.8311,0,300.6842038,5187.71,1427.42,3.63433,0.000149278,0.270019,6,-46.16831512,1057.59,500.378,2.11358,0.000510103,0.208414
4.52086,1,AUTO,ARMED,5,AVAILABLE,UNAVAILABLE,UNAVAILABLE,8,5,ACTIVE,9,E_P1S-A3.NC,E_P1S-A3.NC,2073495.475,193484.086,5709.5,2341.3252,100,32.33333,3,100,0,0,100,0.0,68147.9,5012.99,13.5943,0.000656869,0.265197,9,520.9116519,4272.73,90.7278,47.0939,0.000269684,0.0610497,4,286.6533692,912.652,198.534,4.59696,0.000138134,0.0463606,6,-46.16830368,2139.22,155.411,13.7649,0.00231039,0.453843
4.672245,1,AUTO,ARMED,5,AVAILABLE,UNAVAILABLE,UNAVAILABLE,8,5,ACTIVE,9,E_P1S-A3.NC,E_P1S-A3.NC,2073495.475,193484.086,5709.5,2341.3252,100,18.06667,4,100,0,0,100,0.0,68147.9,5012.99,13.5943,0.000656869,0.265197,0,530.274886,4272.73,90.7278,47.0939,0.000269684,0.0610497,0,282.6756597,912.652,198.534,4.59696,0.000138134,0.0463606,0,-46.18764476,2139.22,155.411,13.7649,0.00231039,0.453843
4.818525,1,AUTO,ARMED,5,AVAILABLE,UNAVAILABLE,UNAVAILABLE,9,5,ACTIVE,9,E_P1S-A3.NC,E_P1S-A3.NC,2073495.475,193484.086,5709.5,2341.3252,100,91.01667,4,100,0,0,100,0.0,68147.9,5012.99,13.5943,0.000656869,0.265197,0,530.2770891,4272.73,90.7278,47.0939,0.000269684,0.0610497,0,282.6747513,912.652,198.534,4.59696,0.000138134,0.0463606,0,-84.37989034,2139.22,155.411,13.7649,0.00231039,0.453843
4.961476,1,AUTO,ARMED,5,AVAILABLE,UNAVAILABLE,UNAVAILABLE,9,5,ACTIVE,9,E_P1S-A3.NC,E_P1S-A3.NC,2073495.475,193484.086,5709.5,2593.8904,100,224.35,4,100,0,0,100,0.0,68147.9,5012.99,13.5943,0.000656869,0.265197,0,530.2770461,4272.73,90.7278,47.0939,0.000269684,0.0610497,0,282.6747871,912.652,198.534,4.59696,0.000138134,0.0463606,2,-166.6572062,2139.22,155.411,13.7649,0.00231039,0.453843
5.110269,1,AUTO,ARMED,5,AVAILABLE,UNAVAILABLE,UNAVAILABLE,9,5,ACTIVE,9,E_P1S-A3.NC,E_P1S-A3.NC,2073495.475,193484.086,5709.5,2593.8904,100,400.0,4,100,0,0,100,0.0,68147.9,5012.99,13.5943,0.000656869,0.265197,0,530.2770318,4272.73,90.7278,47.0939,0.000269684,0.0610497,0,282.6747871,912.652,198.534,4.59696,0.000138134,0.0463606,2,-207.8572676,2139.22,155.411,13.7649,0.00231039,0.453843
5.258876,1,AUTO,ARMED,5,AVAILABLE,UNAVAILABLE,UNAVAILABLE,9,5,ACTIVE,9,E_P1S-A3.NC,E_P1S-A3.NC,2073495.475,193484.086,5709.5,2593.8904,100,400.0,4,100,0,0,100,0.0,68147.9,5012.99,13.5943,0.000656869,0.265197,0,530.2770175,4272.73,90.7278,47.0939,0.000269684,0.0610497,0,282.6748014,912.652,198.534,4.59696,0.000138134,0.0463606,2,-248.6550827,2139.22,155.411,13.7649,0.00231039,0.453843
5.449271,1,AUTO,ARMED,5,AVAILABLE,UNAVAILABLE,UNAVAILABLE,9,5,ACTIVE,9,E_P1S-A3.NC,E_P1S-A3.NC,2073495.475,193484.086,5709.5,2593.8904,100,274.5167,4,100,0,0,100,0.0,68147.9,5012.99,13.5943,0.000656869,0.265197,0,530.2770104,4272.73,90.7278,47.0939,0.000269684,0.0610497,0,282.6747871,912.652,198.534,4.59696,0.000138134,0.0463606,8,-274.9018845,2139.22,155.411,13.7649,0.00231039,0.453843
5.616979,1,AUTO,ARMED,5,AVAILABLE,UNAVAILABLE,UNAVAILABLE,10,5,ACTIVE,9,E_P1S-A3.NC,E_P1S-A3.NC,2073495.475,193484.086,5709.5,2593.8904,100,13.16667,4,100,0,0,100,0.0,61861.0,509.136,121.502,7.11077e-05,0.0906158,0,530.2770104,2328.4,49.9731,46.5931,5.51766e-05,0.0157796,0,282.6747942,1032.74,52.0871,19.8272,3.3558e-05,0.0156766,3,-278.7458262,1922.89,33.2496,57.832,0.000286415,0.0477756
5.774761,1,AUTO,ARMED,5,AVAILABLE,UNAVAILABLE,UNAVAILABLE,10,5,ACTIVE,9,E_P1S-A3.NC,E_P1S-A3.NC,2073495.475,193484.086,5709.5,2598.2493,100,19.05,5,100,0,0,100,0.0,61861.0,509.136,121.502,7.11077e-05,0.0906158,0,530.2770104,2328.4,49.9731,46.5931,5.51766e-05,0.0157796,0,282.6748014,1032.74,52.0871,19.8272,3.3558e-05,0.0156766,5,-280.7125521,1922.89,33.2496,57.832,0.000286415,0.0477756
5.925354,1,AUTO,ARMED,5,AVAILABLE,UNAVAILABLE,UNAVAILABLE,10,5,ACTIVE,9,E_P1S-A3.NC,E_P1S-A3.NC,2073495.475,193484.086,5709.5,2598.2493,100,19.05,5,100,0,0,100,0.0,61861.0,509.136,121.502,7.11077e-05,0.0906158,0,530.2770032,2328.4,49.9731,46.5931,5.51766e-05,0.0157796,0,282.6748014,1032.74,52.0871,19.8272,3.3558e-05,0.0156766,5,-282.6749479,1922.89,33.2496,57.832,0.000286415,0.0477756
6.082821,1,AUTO,ARMED,5,AVAILABLE,UNAVAILABLE,UNAVAILABLE,10,5,ACTIVE,9,E_P1S-A3.NC,E_P1S-A3.NC,2073495.475,193484.086,5709.5,2598.2493,100,19.05,5,100,0,0,100,0.0,61861.0,509.136,121.502,7.11077e-05,0.0906158,0,530.2770104,2328.4,49.9731,46.5931,5.51766e-05,0.0157796,0,282.6747942,1032.74,52.0871,19.8272,3.3558e-05,0.0156766,5,-287.5803938,1922.89,33.2496,57.832,0.000286415,0.0477756
6.24052,1,AUTO,ARMED,5,AVAILABLE,UNAVAILABLE,UNAVAILABLE,10,5,ACTIVE,9,E_P1S-A3.NC,E_P1S-A3.NC,2073495.475,193484.086,5709.5,2598.2493,100,19.05,5,100,0,0,100,0.0,61861.0,509.136,121.502,7.11077e-05,0.0906158,0,530.2770032,2328.4,49.9731,46.5931,5.51766e-05,0.0157796,0,282.6748014,1032.74,52.0871,19.8272,3.3558e-05,0.0156766,5,-289.5421373,1922.89,33.2496,57.832,0.000286415,0.0477756
6.445639,1,AUTO,ARMED,5,AVAILABLE,UNAVAILABLE,UNAVAILABLE,10,5,ACTIVE,9,E_P1S-A3.NC,E_P1S-A3.NC,2073495.475,193484.086,5709.5,2598.2493,100,19.05,5,100,0,0,100,0.0,61861.0,509.136,121.502,7.11077e-05,0.0906158,0,530.2770032,2328.4,49.9731,46.5931,5.51766e-05,0.0157796,0,282.6748014,1032.74,52.0871,19.8272,3.3558e-05,0.0156766,5,-293.466906,1922.89,33.2496,57.832,0.000286415,0.0477756
6.629899,1,AUTO,ARMED,5,AVAILABLE,UNAVAILABLE,UNAVAILABLE,10,5,ACTIVE,9,E_P1S-A3.NC,E_P1S-A3.NC,2073495.475,193484.086,5709.5,2598.2493,100,19.05,5,100,0,0,100,0.0,4991.12,368.393,13.5484,0.000132728,0.0543078,0,530.2770032,2376.41,45.4036,52.3397,7.29223e-05,0.0162868,0,282.6747942,528.374,52.7705,10.0127,5.0736e-05,0.0163013,5,-297.3859877,240.36,39.4953,6.08579,0.000234808,0.0528903
6.853179,1,AUTO,ARMED,5,AVAILABLE,UNAVAILABLE,UNAVAILABLE,10,5,ACTIVE,9,E_P1S-A3.NC,E_P1S-A3.NC,2073495.475,193484.086,5709.5,2598.2493,100,19.05,6,100,0,0,100,0.0,4991.12,368.393,13.5484,0.000132728,0.0543078,0,530.2770032,2376.41,45.4036,52.3397,7.29223e-05,0.0162868,0,282.6747942,528.374,52.7705,10.0127,5.0736e-05,0.0163013,5,-301.3149787,240.36,39.4953,6.08579,0.000234808,0.0528903
7.042864,1,AUTO,ARMED,5,AVAILABLE,UNAVAILABLE,UNAVAILABLE,10,5,ACTIVE,9,E_P1S-A3.NC,E_P1S-A3.NC,2073495.475,193484.086,5709.5,2598.2493,100,19.05,6,100,0,0,100,0.0,4991.12,368.393,13.5484,0.000132728,0.0543078,0,530.2770032,2376.41,45.4036,52.3397,7.29223e-05,0.0162868,0,282.6748014,528.374,52.7705,10.0127,5.0736e-05,0.0163013,5,-305.2348736,240.36,39.4953,6.08579,0.000234808,0.0528903
7.20289,1,AUTO,ARMED,5,AVAILABLE,UNAVAILABLE,UNAVAILABLE,10,5,ACTIVE,9,E_P1S-A3.NC,E_P1S-A3.NC,2073495.475,193484.086,5709.5,2599.8628,100,19.05,6,100,0,0,100,0.0,4991.12,368.393,13.5484,0.000132728,0.0543078,0,530.2770032,2376.41,45.4036,52.3397,7.29223e-05,0.0162868,0,282.6748014,528.374,52.7705,10.0127,5.0736e-05,0.0163013,5,-309.1592096,240.36,39.4953,6.08579,0.000234808,0.0528903
7.351468,1,AUTO,ARMED,5,AVAILABLE,UNAVAILABLE,UNAVAILABLE,10,5,ACTIVE,9,E_P1S-A3.NC,E_P1S-A3.NC,2073495.475,193484.086,5709.5,2599.8628,100,19.05,6,100,0,0,100,0.0,4991.12,368.393,13.5484,0.000132728,0.0543078,0,530.2770032,2376.41,45.4036,52.3397,7.29223e-05,0.0162868,0,282.6748014,528.374,52.7705,10.0127,5.0736e-05,0.0163013,5,-311.1211831,240.36,39.4953,6.08579,0.000234808,0.0528903
7.513829,1,AUTO,ARMED,5,AVAILABLE,UNAVAILABLE,UNAVAILABLE,10,5,ACTIVE,9,E_P1S-A3.NC,E_P1S-A3.NC,2073495.475,193484.086,5709.5,2599.8628,100,19.05,6,100,0,0,100,0.0,4991.12,368.393,13.5484,0.000132728,0.0543078,0,530.2769961,2376.41,45.4036,52.3397,7.29223e-05,0.0162868,0,282.6747942,528.374,52.7705,10.0127,5.0736e-05,0.0163013,5,-315.0456564,240.36,39.4953,6.08579,0.000234808,0.0528903
7.676041,1,AUTO,ARMED,5,AVAILABLE,UNAVAILABLE,UNAVAILABLE,10,5,ACTIVE,9,E_P1S-A3.NC,E_P1S-A3.NC,2073495.475,193484.086,5709.5,2599.8628,100,19.05,6,100,0,0,100,0.0,4991.12,368.393,13.5484,0.000132728,0.0543078,0,530.2770032,2376.41,45.4036,52.3397,7.29223e-05,0.0162868,0,282.6748014,528.374,52.7705,10.0127,5.0736e-05,0.0163013,5,-317.0073209,240.36,39.4953,6.08579,0.000234808,0.0528903
7.81578,1,AUTO,ARMED,5,AVAILABLE,UNAVAILABLE,UNAVAILABLE,10,5,ACTIVE,9,E_P1S-A3.NC,E_P1S-A3.NC,2073495.475,193484.086,5709.5,2599.8628,100,19.05,7,100,0,0,100,0.0,5423.04,299.893,18.0832,7.93004e-05,0.0444035,0,530.2770032,2352.41,47.2325,49.8049,4.58469e-05,0.0164913,0,282.6748014,408.289,54.969,7.42762,4.05458e-05,0.0148943,5,-320.9322748,216.325,40.5187,5.33889,0.000250334,0.049273
7.965894,1,AUTO,ARMED,5,AVAILABLE,UNAVAILABLE,UNAVAILABLE,10,5,ACTIVE,9,E_P1S-A3.NC,E_P1S-A3.NC,2073495.475,193484.086,5709.5,2599.8628,100,19.05,7,100,0,0,100,0.0,5423.04,299.893,18.0832,7.93004e-05,0.0444035,0,530.2770032,2352.41,47.2325,49.8049,4.58469e-05,0.0164913,0,282.6747942,408.289,54.969,7.42762,4.05458e-05,0.0148943,5,-322.8939736,216.325,40.5187,5.33889,0.000250334,0.049273
8.111816,1,AUTO,ARMED,5,AVAILABLE,UNAVAILABLE,UNAVAILABLE,10,5,ACTIVE,9,E_P1S-A3.NC,E_P1S-A3.NC,2073495.475,193484.086,5709.5,2599.8628,100,19.05,7,100,0,0,100,0.0,5423.04,299.893,18.0832,7.93004e-05,0.0444035,0,530.2770032,2352.41,47.2325,49.8049,4.58469e-05,0.0164913,0,282.6747942,408.289,54.969,7.42762,4.05458e-05,0.0148943,5,-325.8375346,216.325,40.5187,5.33889,0.000250334,0.049273
8.255251,1,AUTO,ARMED,5,AVAILABLE,UNAVAILABLE,UNAVAILABLE,10,5,ACTIVE,9,E_P1S-A3.NC,E_P1S-A3.NC,2073495.475,193484.086,5709.5,2871.5547,100,19.05,7,100,0,0,100,0.0,5423.04,299.893,18.0832,7.93004e-05,0.0444035,0,530.2770032,2352.41,47.2325,49.8049,4.58469e-05,0.0164913,0,282.6748014,408.289,54.969,7.42762,4.05458e-05,0.0148943,5,-327.7992792,216.325,40.5187,5.33889,0.000250334,0.049273
8.395321,1,AUTO,ARMED,5,AVAILABLE,UNAVAILABLE,UNAVAILABLE,10,5,ACTIVE,9,E_P1S-A3.NC,E_P1S-A3.NC,2073495.475,193484.086,5709.5,2871.5547,100,19.05,7,100,0,0,100,0.0,5423.04,299.893,18.0832,7.93004e-05,0.0444035,0,530.2770032,2352.41,47.2325,49.8049,4.58469e-05,0.0164913,0,282.6748014,408.289,54.969,7.42762,4.05458e-05,0.0148943,5,-329.7569043,216.325,40.5187,5.33889,0.000250334,0.049273
8.536599,1,AUTO,ARMED,5,AVAILABLE,UNAVAILABLE,UNAVAILABLE,10,5,ACTIVE,9,E_P1S-A3.NC,E_P1S-A3.NC,2073495.475,193484.086,5709.5,2871.5547,100,19.05,7,100,0,0,100,0.0,5423.04,299.893,18.0832,7.93004e-05,0.0444035,0,530.2770032,2352.41,47.2325,49.8049,4.58469e-05,0.0164913,0,282.6747942,408.289,54.969,7.42762,4.05458e-05,0.0148943,5,-331.7289661,216.325,40.5187,5.33889,0.000250334,0.049273
8.707785,1,AUTO,ARMED,5,AVAILABLE,UNAVAILABLE,UNAVAILABLE,10,5,ACTIVE,9,E_P1S-A3.NC,E_P1S-A3.NC,2073495.475,193484.086,5709.5,2871.5547,100,19.05,8,100,0,0,100,0.0,5423.04,299.893,18.0832,7.93004e-05,0.0444035,0,530.2770032,2352.41,47.2325,49.8049,4.58469e-05,0.0164913,0,282.6748014,408.289,54.969,7.42762,4.05458e-05,0.0148943,5,-337.6054596,216.325,40.5187,5.33889,0.000250334,0.049273
8.871532,1,AUTO,ARMED,5,AVAILABLE,UNAVAILABLE,UNAVAILABLE,10,5,ACTIVE,9,E_P1S-A3.NC,E_P1S-A3.NC,2073495.475,193484.086,5709.5,2871.5547,100,6.683333,8,100,0,0,100,0.0,5039.11,145.128,34.7218,0.000400937,0.0802212,0,530.2770032,2520.44,67.9249,37.1063,4.27405e-05,0.0174143,0,282.6747942,480.342,106.475,4.51131,3.18721e-05,0.0140984,6,-338.2673463,456.687,282.397,1.61718,0.000212392,0.100365
9.023638,1,AUTO,ARMED,5,AVAILABLE,UNAVAILABLE,UNAVAILABLE,13,5,ACTIVE,9,E_P1S-A3.NC,E_P1S-A3.NC,2073495.475,193484.086,5709.5,2871.5547,100,0.0,8,100,0,0,100,34.77133544,5039.11,145.128,34.7218,0.000400937,0.0802212,0,530.2769961,2520.44,67.9249,37.1063,4.27405e-05,0.0174143,0,282.6748014,480.342,106.475,4.51131,3.18721e-05,0.0140984,6,-338.2682962,456.687,282.397,1.61718,0.000212392,0.100365
9.166484,1,AUTO,ARMED,5,AVAILABLE,UNAVAILABLE,UNAVAILABLE,13,5,ACTIVE,9,E_P1S-A3.NC,E_P1S-A3.NC,2073495.475,193484.086,5709.5,2871.5547,100,0.0,8,100,0,13,100,174.8523829,5039.11,145.128,34.7218,0.000400937,0.0802212,0,530.2770032,2520.44,67.9249,37.1063,4.27405e-05,0.0174143,0,282.6748014,480.342,106.475,4.51131,3.18721e-05,0.0140984,5,-338.268422,456.687,282.397,1.61718,0.000212392,0.100365
9.319238,1,AUTO,ARMED,5,AVAILABLE,UNAVAILABLE,UNAVAILABLE,13,5,ACTIVE,9,E_P1S-A3.NC,E_P1S-A3.NC,2073495.475,193484.086,5709.5,6502.457,100,0.0,8,100,0,28,100,908.5441007,5039.11,145.128,34.7218,0.000400937,0.0802212,0,530.2769961,2520.44,67.9249,37.1063,4.27405e-05,0.0174143,0,282.6748014,480.342,106.475,4.51131,3.18721e-05,0.0140984,6,-338.2684106,456.687,282.397,1.61718,0.000212392,0.100365
9.459482,1,AUTO,ARMED,5,AVAILABLE,UNAVAILABLE,UNAVAILABLE,13,5,ACTIVE,9,E_P1S-A3.NC,E_P1S-A3.NC,2073495.475,193484.086,5709.5,6502.457,100,0.0,8,100,0,29,100,1264.126551,5039.11,145.128,34.7218,0.000400937,0.0802212,0,530.2770032,2520.44,67.9249,37.1063,4.27405e-05,0.0174143,0,282.6747942,480.342,106.475,4.51131,3.18721e-05,0.0140984,6,-338.2683877,456.687,282.397,1.61718,0.000212392,0.100365
9.616077,1,AUTO,ARMED,5,AVAILABLE,UNAVAILABLE,UNAVAILABLE,13,5,ACTIVE,9,E_P1S-A3.NC,E_P1S-A3.NC,2073495.475,193484.086,5709.5,6502.457,100,0.0,8,100,0,31,100,1613.65894,5039.11,145.128,34.7218,0.000400937,0.0802212,0,530.2769961,2520.44,67.9249,37.1063,4.27405e-05,0.0174143,0,282.6748014,480.342,106.475,4.51131,3.18721e-05,0.0140984,6,-338.2683648,456.687,282.397,1.61718,0.000212392,0.100365
9.759141,1,AUTO,ARMED,5,AVAILABLE,UNAVAILABLE,UNAVAILABLE,13,5,ACTIVE,9,E_P1S-A3.NC,E_P1S-A3.NC,2073495.475,193484.086,5709.5,6502.457,100,0.0,9,100,0,18,100,2593.135142,5039.11,145.128,34.7218,0.000400937,0.0802212,0,530.2770032,2520.44,67.9249,37.1063,4.27405e-05,0.0174143,0,282.6748014,480.342,106.475,4.51131,3.18721e-05,0.0140984,6,-338.2683191,456.687,282.397,1.61718,0.000212392,0.100365
9.904621,1,AUTO,ARMED,5,AVAILABLE,UNAVAILABLE,UNAVAILABLE,13,5,ACTIVE,9,E_P1S-A3.NC,E_P1S-A3.NC,2073495.475,193484.086,5709.5,6502.457,100,0.0,9,100,0,28,100,3026.538942,2423.57,226.596,10.6956,0.000399403,0.122198,0,530.2770104,2400.42,64.6472,37.1311,0.000298083,0.103466,0,282.6748014,768.551,63.8413,12.0385,7.18563e-05,0.0264959,6,-338.2683076,1706.56,514.504,3.3169,0.000183034,0.173597
10.050222,1,AUTO,ARMED,5,AVAILABLE,UNAVAILABLE,UNAVAILABLE,13,5,ACTIVE,9,E_P1S-A3.NC,E_P1S-A3.NC,2073495.475,193484.086,5709.5,6502.457,100,0.0,9,100,0,25,100,3500.0,2423.57,226.596,10.6956,0.000399403,0.122198,0,530.2769961,2400.42,64.6472,37.1311,0.000298083,0.103466,0,282.6770733,768.551,63.8413,12.0385,7.18563e-05,0.0264959,6,-338.2683076,1706.56,514.504,3.3169,0.000183034,0.173597
10.197432,1,AUTO,ARMED,5,AVAILABLE,UNAVAILABLE,UNAVAILABLE,13,5,ACTIVE,9,E_P1S-A3.NC,E_P1S-A3.NC,2073495.475,193484.086,5709.5,6502.457,100,0.0,9,100,0,7,100,3500.0,2423.57,226.596,10.6956,0.000399403,0.122198,0,530.2770104,2400.42,64.6472,37.1311,0.000298083,0.103466,0,282.9770699,768.551,63.8413,12.0385,7.18563e-05,0.0264959,6,-338.2683076,1706.56,514.504,3.3169,0.000183034,0.173597
10.340587,1,AUTO,ARMED,5,AVAILABLE,UNAVAILABLE,UNAVAILABLE,14,5,ACTIVE,9,E_P1S-A3.NC,E_P1S-A3.NC,2073495.475,193484.086,5709.5,6502.457,100,0.0,9,100,0,3,100,3500.0,2423.57,226.596,10.6956,0.000399403,0.122198,0,530.2770104,2400.42,64.6472,37.1311,0.000298083,0.103466,0,282.9922618,768.551,63.8413,12.0385,7.18563e-05,0.0264959,6,-338.2683076,1706.56,514.504,3.3169,0.000183034,0.173597
10.483295,1,AUTO,ARMED,5,AVAILABLE,UNAVAILABLE,UNAVAILABLE,14,5,ACTIVE,9,E_P1S-A3.NC,E_P1S-A3.NC,2073495.475,193484.086,5709.5,3078.97,100,0.0,9,100,0,0,100,3500.0,2423.57,226.596,10.6956,0.000399403,0.122198,0,530.2769961,2400.42,64.6472,37.1311,0.000298083,0.103466,0,282.9923119,768.551,63.8413,12.0385,7.18563e-05,0.0264959,6,-338.2683076,1706.56,514.504,3.3169,0.000183034,0.173597
10.629346,1,AUTO,ARMED,5,AVAILABLE,UNAVAILABLE,UNAVAILABLE,14,5,ACTIVE,9,E_P1S-A3.NC,E_P1S-A3.NC,2073495.475,193484.086,5709.5,3078.97,100,0.0,9,100,0,9,100,3500.0,2423.57,226.596,10.6956,0.000399403,0.122198,0,530.2769889,2400.42,64.6472,37.1311,0.000298083,0.103466,0,282.9923047,768.551,63.8413,12.0385,7.18563e-05,0.0264959,6,-338.2682962,1706.56,514.504,3.3169,0.000183034,0.173597
10.772934,1,AUTO,ARMED,5,AVAILABLE,UNAVAILABLE,UNAVAILABLE,14,5,ACTIVE,9,E_P1S-A3.NC,E_P1S-A3.NC,2073495.475,193484.086,5709.5,3078.97,100,0.0,10,100,0,1,100,3500.0,2423.57,226.596,10.6956,0.000399403,0.122198,0,530.2769961,2400.42,64.6472,37.1311,0.000298083,0.103466,0,282.9923119,768.551,63.8413,12.0385,7.18563e-05,0.0264959,6,-338.2682962,1706.56,514.504,3.3169,0.000183034,0.173597
10.924172,1,AUTO,ARMED,5,AVAILABLE,UNAVAILABLE,UNAVAILABLE,14,5,ACTIVE,9,E_P1S-A3.NC,E_P1S-A3.NC,2073495.475,193484.086,5709.5,3078.97,100,0.0,10,100,0,0,100,3500.0,1607.71,209.712,7.66628,0.000313037,0.0786904,0,530.2769889,2520.44,206.607,12.1992,0.000309995,0.120425,0,282.9923119,504.359,76.9923,6.55077,6.80518e-05,0.0251387,6,-338.2682962,1249.88,348.141,3.59015,0.000241792,0.125882
11.06805,1,AUTO,ARMED,5,AVAILABLE,UNAVAILABLE,UNAVAILABLE,14,5,ACTIVE,9,E_P1S-A3.NC,E_P1S-A3.NC,2073495.475,193484.086,5709.5,3078.97,100,0.0,10,100,0,0,100,3500.0,1607.71,209.712,7.66628,0.000313037,0.0786904,0,530.2769889,2520.44,206.607,12.1992,0.000309995,0.120425,0,282.9923047,504.359,76.9923,6.55077,6.80518e-05,0.0251387,6,-338.2683076,1249.88,348.141,3.59015,0.000241792,0.125882
11.214251,1,AUTO,ARMED,5,AVAILABLE,UNAVAILABLE,UNAVAILABLE,14,5,ACTIVE,9,E_P1S-A3.NC,E_P1S-A3.NC,2073495.475,193484.086,5709.5,3078.97,100,0.0,10,100,0,0,100,3500.0,1607.71,209.712,7.66628,0.000313037,0.0786904,0,531.6116336,2520.44,206.607,12.1992,0.000309995,0.120425,0,282.9923047,504.359,76.9923,6.55077,6.80518e-05,0.0251387,6,-338.2682962,1249.88,348.141,3.59015,0.000241792,0.125882
11.358224,1,AUTO,ARMED,5,AVAILABLE,UNAVAILABLE,UNAVAILABLE,15,5,ACTIVE,9,E_P1S-A3.NC,E_P1S-A3.NC,2073495.475,193484.086,5709.5,3078.97,100,0.0,10,100,0,0,100,3500.0,1607.71,209.712,7.66628,0.000313037,0.0786904,0,533.5667123,2520.44,206.607,12.1992,0.000309995,0.120425,0,282.9923047,504.359,76.9923,6.55077,6.80518e-05,0.0251387,6,-338.2682962,1249.88,348.141,3.59015,0.000241792,0.125882
11.492438,1,AUTO,ARMED,5,AVAILABLE,UNAVAILABLE,UNAVAILABLE,15,5,ACTIVE,9,E_P1S-A3.NC,E_P1S-A3.NC,2073495.475,193484.086,5709.5,3928.8579,100,19.05,10,100,0,0,100,3500.0,1607.71,209.712,7.66628,0.000313037,0.0786904,0,535.5288094,2520.44,206.607,12.1992,0.000309995,0.120425,0,282.9923047,504.359,76.9923,6.55077,6.80518e-05,0.0251387,6,-338.2683076,1249.88,348.141,3.59015,0.000241792,0.125882
11.640503,1,AUTO,ARMED,5,AVAILABLE,UNAVAILABLE,UNAVAILABLE,15,5,ACTIVE,9,E_P1S-A3.NC,E_P1S-A3.NC,2073495.475,193484.086,5709.5,3928.8579,100,19.05,10,100,0,1,100,3500.0,1607.71,209.712,7.66628,0.000313037,0.0786904,0,537.4956342,2520.44,206.607,12.1992,0.000309995,0.120425,0,282.9923047,504.359,76.9923,6.55077,6.80518e-05,0.0251387,6,-338.2682962,1249.88,348.141,3.59015,0.000241792,0.125882
11.79812,1,AUTO,ARMED,5,AVAILABLE,UNAVAILABLE,UNAVAILABLE,15,5,ACTIVE,9,E_P1S-A3.NC,E_P1S-A3.NC,2073495.475,193484.086,5709.5,3928.8579,100,19.05,11,100,0,0,100,3500.0,1607.71,209.712,7.66628,0.000313037,0.0786904,0,541.4151863,2520.44,206.607,12.1992,0.000309995,0.120425,0,282.9923047,504.359,76.9923,6.55077,6.80518e-05,0.0251387,6,-338.2682962,1249.88,348.141,3.59015,0.000241792,0.125882
11.945847,1,AUTO,ARMED,5,AVAILABLE,UNAVAILABLE,UNAVAILABLE,15,5,ACTIVE,9,E_P1S-A3.NC,E_P1S-A3.NC,2073495.475,193484.086,5709.5,3928.8579,100,19.05,11,100,0,5,100,3500.0,5830.97,624.647,9.33482,0.00130349,0.460455,1,543.3764679,9937.71,584.904,16.9903,0.00275643,0.971033,0,282.9921474,2401.72,371.129,6.47139,0.000908802,0.319598,6,-338.2683534,1754.64,578.403,3.03359,0.000552858,0.317187
12.096082,1,AUTO,ARMED,5,AVAILABLE,UNAVAILABLE,UNAVAILABLE,15,5,ACTIVE,9,E_P1S-A3.NC,E_P1S-A3.NC,2073495.475,193484.086,5709.5,3928.8579,100,19.05,11,100,0,5,100,3500.0,5830.97,624.647,9.33482,0.00130349,0.460455,1,548.2825438,9937.71,584.904,16.9903,0.00275643,0.971033,0,282.9923691,2401.72,371.129,6.47139,0.000908802,0.319598,6,-338.2683305,1754.64,578.403,3.03359,0.000552858,0.317187
12.246021,1,AUTO,ARMED,5,AVAILABLE,UNAVAILABLE,UNAVAILABLE,15,5,ACTIVE,9,E_P1S-A3.NC,E_P1S-A3.NC,2073495.475,193484.086,5709.5,3928.8579,100,19.05,11,100,0,5,100,3500.0,5830.97,624.647,9.33482,0.00130349,0.460455,1,550.2401633,9937.71,584.904,16.9903,0.00275643,0.971033,0,282.9923691,2401.72,371.129,6.47139,0.000908802,0.319598,6,-338.2683305,1754.64,578.403,3.03359,0.000552858,0.317187
12.386775,1,AUTO,ARMED,5,AVAILABLE,UNAVAILABLE,UNAVAILABLE,15,5,ACTIVE,9,E_P1S-A3.NC,E_P1S-A3.NC,2073495.475,193484.086,5709.5,3928.8579,100,19.05,11,100,0,5,100,3500.0,5830.97,624.647,9.33482,0.00130349,0.460455,1,552.2070597,9937.71,584.904,16.9903,0.00275643,0.971033,0,282.9923691,2401.72,371.129,6.47139,0.000908802,0.319598,6,-338.2683191,1754.64,578.403,3.03359,0.000552858,0.317187
12.526939,1,AUTO,ARMED,5,AVAILABLE,UNAVAILABLE,UNAVAILABLE,15,5,ACTIVE,9,E_P1S-A3.NC,E_P1S-A3.NC,2073495.475,193484.086,5709.5,3755.3247,100,19.05,11,100,0,5,100,3500.0,5830.97,624.647,9.33482,0.00130349,0.460455,0,556.1315184,9937.71,584.904,16.9903,0.00275643,0.971033,0,282.9923834,2401.72,371.129,6.47139,0.000908802,0.319598,6,-338.2683076,1754.64,578.403,3.03359,0.000552858,0.317187
12.662603,1,AUTO,ARMED,5,AVAILABLE,UNAVAILABLE,UNAVAILABLE,15,5,ACTIVE,9,E_P1S-A3.NC,E_P1S-A3.NC,2073495.475,193484.086,5709.5,3755.3247,100,19.05,11,100,0,5,100,3500.0,5830.97,624.647,9.33482,0.00130349,0.460455,1,558.0979927,9937.71,584.904,16.9903,0.00275643,0.971033,0,282.9923834,2401.72,371.129,6.47139,0.000908802,0.319598,6,-338.2682962,1754.64,578.403,3.03359,0.000552858,0.317187
12.809758,1,AUTO,ARMED,5,AVAILABLE,UNAVAILABLE,UNAVAILABLE,15,5,ACTIVE,9,E_P1S-A3.NC,E_P1S-A3.NC,2073495.475,193484.086,5709.5,3755.3247,100,19.05,12,100,0,5,100,3500.0,5830.97,624.647,9.33482,0.00130349,0.460455,1,560.0554939,9937.71,584.904,16.9903,0.00275643,0.971033,0,282.9923548,2401.72,371.129,6.47139,0.000908802,0.319598,6,-338.2682962,1754.64,578.403,3.03359,0.000552858,0.317187
12.965124,1,AUTO,ARMED,5,AVAILABLE,UNAVAILABLE,UNAVAILABLE,15,5,ACTIVE,9,E_P1S-A3.NC,E_P1S-A3.NC,2073495.475,193484.086,5709.5,3755.3247,100,19.05,12,100,0,5,100,3500.0,8062.57,624.282,12.9149,0.00136031,0.476982,1,563.9847415,10465.8,578.942,18.0775,0.0025962,0.918592,0,282.9923548,2497.78,362.638,6.88781,0.000787393,0.277582,6,-338.2682962,1634.46,427.487,3.82341,0.000268977,0.154226
13.124428,1,AUTO,ARMED,5,AVAILABLE,UNAVAILABLE,UNAVAILABLE,15,5,ACTIVE,9,E_P1S-A3.NC,E_P1S-A3.NC,2073495.475,193484.086,5709.5,3755.3247,100,19.05,12,100,0,5,100,3500.0,8062.57,624.282,12.9149,0.00136031,0.476982,0,567.9044047,10465.8,578.942,18.0775,0.0025962,0.918592,0,282.9923691,2497.78,362.638,6.88781,0.000787393,0.277582,6,-338.2683076,1634.46,427.487,3.82341,0.000268977,0.154226
13.272773,1,AUTO,ARMED,5,AVAILABLE,UNAVAILABLE,UNAVAILABLE,15,5,ACTIVE,9,E_P1S-A3.NC,E_P1S-A3.NC,2073495.475,193484.086,5709.5,3755.3247,100,19.05,12,100,0,5,100,3500.0,8062.57,624.282,12.9149,0.00136031,0.476982,0,569.8664965,10465.8,578.942,18.0775,0.0025962,0.918592,0,282.9923691,2497.78,362.638,6.88781,0.000787393,0.277582,6,-338.2682962,1634.46,427.487,3.82341,0.000268977,0.154226
13.417926,1,AUTO,ARMED,5,AVAILABLE,UNAVAILABLE,UNAVAILABLE,15,5,ACTIVE,9,E_P1S-A3.NC,E_P1S-A3.NC,2073495.475,193484.086,5709.5,3755.3247,100,19.05,12,100,0,4,100,3500.0,8062.57,624.282,12.9149,0.00136031,0.476982,1,571.8332374,10465.8,578.942,18.0775,0.0025962,0.918592,0,282.9923476,2497.78,362.638,6.88781,0.000787393,0.277582,6,-338.2682962,1634.46,427.487,3.82341,0.000268977,0.154226
13.576543,1,AUTO,ARMED,5,AVAILABLE,UNAVAILABLE,UNAVAILABLE,15,5,ACTIVE,9,E_P1S-A3.NC,E_P1S-A3.NC,2073495.475,193484.086,5709.5,3086.3672,100,19.05,12,100,0,4,100,3500.0,8062.57,624.282,12.9149,0.00136031,0.476982,1,577.7204498,10465.8,578.942,18.0775,0.0025962,0.918592,0,282.9926051,2497.78,362.638,6.88781,0.000787393,0.277582,6,-338.2682618,1634.46,427.487,3.82341,0.000268977,0.154226
13.732106,1,AUTO,ARMED,5,AVAILABLE,UNAVAILABLE,UNAVAILABLE,15,5,ACTIVE,9,E_P1S-A3.NC,E_P1S-A3.NC,2073495.475,193484.086,5709.5,3086.3672,100,19.05,13,100,0,0,100,3500.0,8062.57,624.282,12.9149,0.00136031,0.476982,0,579.6774347,10465.8,578.942,18.0775,0.0025962,0.918592,0,282.9924263,2497.78,362.638,6.88781,0.000787393,0.277582,6,-338.2682618,1634.46,427.487,3.82341,0.000268977,0.154226
13.870619,1,AUTO,ARMED,5,AVAILABLE,UNAVAILABLE,UNAVAILABLE,15,5,ACTIVE,9,E_P1S-A3.NC,E_P1S-A3.NC,2073495.475,193484.086,5709.5,3086.3672,100,19.05,13,100,0,1,100,3500.0,8062.57,624.282,12.9149,0.00136031,0.476982,0,581.6394836,10465.8,578.942,18.0775,0.0025962,0.918592,0,282.9923476,2497.78,362.638,6.88781,0.000787393,0.277582,6,-338.2682733,1634.46,427.487,3.82341,0.000268977,0.154226
14.027793,1,AUTO,ARMED,5,AVAILABLE,UNAVAILABLE,UNAVAILABLE,15,5,ACTIVE,9,E_P1S-A3.NC,E_P1S-A3.NC,2073495.475,193484.086,5709.5,3086.3672,100,19.05,13,100,0,0,100,3500.0,3119.45,215.514,14.4745,0.000224788,0.0751177,0,583.6061673,9049.56,64.8777,139.486,0.000304504,0.10075,0,282.9923119,2497.79,57.5395,43.41,7.0303e-05,0.0256803,6,-338.2682847,1153.73,399.581,2.88735,0.000708395,0.196694
14.281487,1,AUTO,ARMED,5,AVAILABLE,UNAVAILABLE,UNAVAILABLE,15,5,ACTIVE,9,E_P1S-A3.NC,E_P1S-A3.NC,2073495.475,193484.086,5709.5,3086.3672,100,16.91667,13,100,0,0,100,3500.0,3119.45,215.514,14.4745,0.000224788,0.0751177,0,590.1990708,9049.56,64.8777,139.486,0.000304504,0.10075,0,282.9922976,2497.79,57.5395,43.41,7.0303e-05,0.0256803,6,-338.2682962,1153.73,399.581,2.88735,0.000708395,0.196694
14.432206,1,AUTO,ARMED,5,AVAILABLE,UNAVAILABLE,UNAVAILABLE,16,5,ACTIVE,9,E_P1S-A3.NC,E_P1S-A3.NC,2073495.475,193484.086,5709.5,3086.3672,100,0.0,13,100,0,1,100,3500.0,3119.45,215.514,14.4745,0.000224788,0.0751177,0,590.2199704,9049.56,64.8777,139.486,0.000304504,0.10075,0,282.9923047,2497.79,57.5395,43.41,7.0303e-05,0.0256803,6,-338.2682962,1153.73,399.581,2.88735,0.000708395,0.196694
14.56857,1,AUTO,ARMED,5,AVAILABLE,UNAVAILABLE,UNAVAILABLE,16,5,ACTIVE,9,E_P1S-A3.NC,E_P1S-A3.NC,2073495.475,193484.086,5709.5,3086.3672,100,0.0,13,100,0,1,100,3500.0,3119.45,215.514,14.4745,0.000224788,0.0751177,0,590.2210361,9049.56,64.8777,139.486,0.000304504,0.10075,0,282.9923047,2497.79,57.5395,43.41,7.0303e-05,0.0256803,6,-338.2682962,1153.73,399.581,2.88735,0.000708395,0.196694
14.734081,1,AUTO,ARMED,5,AVAILABLE,UNAVAILABLE,UNAVAILABLE,16,5,ACTIVE,9,E_P1S-A3.NC,E_P1S-A3.NC,2073495.475,193484.086,5709.5,3088.7285,100,0.0,14,100,0,0,100,3500.0,3119.45,215.514,14.4745,0.000224788,0.0751177,0,590.2210791,9049.56,64.8777,139.486,0.000304504,0.10075,0,282.9923047,2497.79,57.5395,43.41,7.0303e-05,0.0256803,6,-338.2682962,1153.73,399.581,2.88735,0.000708395,0.196694
14.885916,1,AUTO,ARMED,5,AVAILABLE,UNAVAILABLE,UNAVAILABLE,16,5,ACTIVE,9,E_P1S-A3.NC,E_P1S-A3.NC,2073495.475,193484.086,5709.5,3088.7285,100,0.0,14,100,0,1,100,3500.0,3119.45,215.514,14.4745,0.000224788,0.0751177,0,590.221029,9049.56,64.8777,139.486,0.000304504,0.10075,0,282.9923047,2497.79,57.5395,43.41,7.0303e-05,0.0256803,6,-338.2683076,1153.73,399.581,2.88735,0.000708395,0.196694
15.049625,1,AUTO,ARMED,5,AVAILABLE,UNAVAILABLE,UNAVAILABLE,16,5,ACTIVE,9,E_P1S-A3.NC,E_P1S-A3.NC,2073495.475,193484.086,5709.5,3088.7285,100,0.0,14,100,0,1,100,3500.0,3119.45,215.514,14.4745,0.000224788,0.0751177,0,590.2210147,9049.56,64.8777,139.486,0.000304504,0.10075,0,282.9923047,2497.79,57.5395,43.41,7.0303e-05,0.0256803,6,-338.2682962,1153.73,399.581,2.88735,0.000708395,0.196694
15.186996,1,AUTO,ARMED,5,AVAILABLE,UNAVAILABLE,UNAVAILABLE,16,5,ACTIVE,9,E_P1S-A3.NC,E_P1S-A3.NC,2073495.475,193484.086,5709.5,3088.7285,100,0.0,14,100,0,1,100,3500.0,1655.71,202.245,8.18665,0.000300165,0.0806911,0,590.2209932,5977.03,192.975,30.9731,0.000325757,0.12179,0,282.9922976,576.411,71.027,8.11538,9.6889e-05,0.025054,6,-338.2682962,1321.99,396.692,3.33254,0.000523209,0.15246
15.339447,1,AUTO,ARMED,5,AVAILABLE,UNAVAILABLE,UNAVAILABLE,16,5,ACTIVE,9,E_P1S-A3.NC,E_P1S-A3.NC,2073495.475,193484.086,5709.5,3088.7285,100,0.0,14,100,0,0,100,3500.0,1655.71,202.245,8.18665,0.000300165,0.0806911,0,590.2209932,5977.03,192.975,30.9731,0.000325757,0.12179,0,282.9923047,576.411,71.027,8.11538,9.6889e-05,0.025054,6,-338.2683076,1321.99,396.692,3.33254,0.000523209,0.15246
15.489876,1,AUTO,ARMED,5,AVAILABLE,UNAVAILABLE,UNAVAILABLE,18,5,ACTIVE,9,E_P1S-A3.NC,E_P1S-A3.NC,2073495.475,193484.086,5709.5,3088.7285,100,0.0,14,100,0,0,100,3500.0,1655.71,202.245,8.18665,0.000300165,0.0806911,0,590.1288262,5977.03,192.975,30.9731,0.000325757,0.12179,0,283.3113126,576.411,71.027,8.11538,9.6889e-05,0.025054,6,-338.2682962,1321.99,396.692,3.33254,0.000523209,0.15246
15.634108,1,AUTO,ARMED,5,AVAILABLE,UNAVAILABLE,UNAVAILABLE,18,5,ACTIVE,9,E_P1S-A3.NC,E_P1S-A3.NC,2073495.475,193484.086,5709.5,3088.7285,100,15.88333,14,100,0,0,100,3500.0,1655.71,202.245,8.18665,0.000300165,0.0806911,1,588.3895556,5977.03,192.975,30.9731,0.000325757,0.12179,0,283.3098106,576.411,71.027,8.11538,9.6889e-05,0.025054,6,-338.2682962,1321.99,396.692,3.33254,0.000523209,0.15246
15.79469,1,AUTO,ARMED,5,AVAILABLE,UNAVAILABLE,UNAVAILABLE,18,5,ACTIVE,9,E_P1S-A3.NC,E_P1S-A3.NC,2073495.475,193484.086,5709.5,3088.7285,100,19.05,15,100,0,1,100,3500.0,1655.71,202.245,8.18665,0.000300165,0.0806911,0,586.4283029,5977.03,192.975,30.9731,0.000325757,0.12179,0,283.3098178,576.411,71.027,8.11538,9.6889e-05,0.025054,6,-338.2682962,1321.99,396.692,3.33254,0.000523209,0.15246
15.945667,1,AUTO,ARMED,5,AVAILABLE,UNAVAILABLE,UNAVAILABLE,18,5,ACTIVE,9,E_P1S-A3.NC,E_P1S-A3.NC,2073495.475,193484.086,5709.5,3981.6003,100,19.05,15,100,0,1,100,3500.0,1655.71,202.245,8.18665,0.000300165,0.0806911,0,580.5417871,5977.03,192.975,30.9731,0.000325757,0.12179,0,283.3098106,576.411,71.027,8.11538,9.6889e-05,0.025054,6,-338.2682962,1321.99,396.692,3.33254,0.000523209,0.15246
16.093293,1,AUTO,ARMED,5,AVAILABLE,UNAVAILABLE,UNAVAILABLE,18,5,ACTIVE,9,E_P1S-A3.NC,E_P1S-A3.NC,2073495.475,193484.086,5709.5,3981.6003,100,19.05,15,100,0,0,100,3500.0,1655.71,202.245,8.18665,0.000300165,0.0806911,0,579.5656949,5977.03,192.975,30.9731,0.000325757,0.12179,0,283.3098106,576.411,71.027,8.11538,9.6889e-05,0.025054,6,-338.2682962,1321.99,396.692,3.33254,0.000523209,0.15246
16.230021,1,AUTO,ARMED,5,AVAILABLE,UNAVAILABLE,UNAVAILABLE,18,5,ACTIVE,9,E_P1S-A3.NC,E_P1S-A3.NC,2073495.475,193484.086,5709.5,3981.6003,100,19.05,15,100,0,6,100,3500.0,4439.21,524.642,8.46141,0.00177337,0.616573,0,575.6357772,7993.38,718.842,11.1198,0.00387047,1.36239,0,283.3097605,1296.93,364.484,3.55826,0.00122524,0.432087,6,-338.2683419,1514.28,550.872,2.74888,0.000661469,0.316416
16.368531,1,AUTO,ARMED,5,AVAILABLE,UNAVAILABLE,UNAVAILABLE,18,5,ACTIVE,9,E_P1S-A3.NC,E_P1S-A3.NC,2073495.475,193484.086,5709.5,3981.6003,100,19.05,15,100,0,6,100,3500.0,4439.21,524.642,8.46141,0.00177337,0.616573,0,573.6736651,7993.38,718.842,11.1198,0.00387047,1.36239,0,283.3098535,1296.93,364.484,3.55826,0.00122524,0.432087,6,-338.2683305,1514.28,550.872,2.74888,0.000661469,0.316416
16.517773,1,AUTO,ARMED,5,AVAILABLE,UNAVAILABLE,UNAVAILABLE,18,5,ACTIVE,9,E_P1S-A3.NC,E_P1S-A3.NC,2073495.475,193484.086,5709.5,3981.6003,100,19.05,15,100,0,6,100,3500.0,4439.21,524.642,8.46141,0.00177337,0.616573,0,571.706725,7993.38,718.842,11.1198,0.00387047,1.36239,0,283.3098607,1296.93,364.484,3.55826,0.00122524,0.432087,6,-338.2683076,1514.28,550.872,2.74888,0.000661469,0.316416
16.655164,1,AUTO,ARMED,5,AVAILABLE,UNAVAILABLE,UNAVAILABLE,18,5,ACTIVE,9,E_P1S-A3.NC,E_P1S-A3.NC,2073495.475,193484.086,5709.5,3944.075,100,19.05,16,100,0,6,100,3500.0,4439.21,524.642,8.46141,0.00177337,0.616573,0,567.7873932,7993.38,718.842,11.1198,0.00387047,1.36239,0,283.3098964,1296.93,364.484,3.55826,0.00122524,0.432087,6,-338.2683076,1514.28,550.872,2.74888,0.000661469,0.316416
16.793095,1,AUTO,ARMED,5,AVAILABLE,UNAVAILABLE,UNAVAILABLE,18,5,ACTIVE,9,E_P1S-A3.NC,E_P1S-A3.NC,2073495.475,193484.086,5709.5,3944.075,100,19.05,16,100,0,5,100,3500.0,4439.21,524.642,8.46141,0.00177337,0.616573,0,565.8203601,7993.38,718.842,11.1198,0.00387047,1.36239,0,283.3098893,1296.93,364.484,3.55826,0.00122524,0.432087,6,-338.2683076,1514.28,550.872,2.74888,0.000661469,0.316416
16.935488,1,AUTO,ARMED,5,AVAILABLE,UNAVAILABLE,UNAVAILABLE,18,5,ACTIVE,9,E_P1S-A3.NC,E_P1S-A3.NC,2073495.475,193484.086,5709.5,3944.075,100,19.05,16,100,0,6,100,3500.0,2639.53,555.36,4.75283,0.00181935,0.635004,0,563.8631403,8473.46,766.933,11.0485,0.00387003,1.35912,0,283.3098821,1152.82,462.943,2.4902,0.00106618,0.367973,6,-338.2683076,1538.31,568.939,2.70382,0.000875623,0.378308
17.089647,1,AUTO,ARMED,5,AVAILABLE,UNAVAILABLE,UNAVAILABLE,18,5,ACTIVE,9,E_P1S-A3.NC,E_P1S-A3.NC,2073495.475,193484.086,5709.5,3944.075,100,19.05,16,100,0,6,100,3500.0,2639.53,555.36,4.75283,0.00181935,0.635004,0,559.9387015,8473.46,766.933,11.0485,0.00387003,1.35912,0,283.309875,1152.82,462.943,2.4902,0.00106618,0.367973,6,-338.2682962,1538.31,568.939,2.70382,0.000875623,0.378308
17.260103,1,AUTO,ARMED,5,AVAILABLE,UNAVAILABLE,UNAVAILABLE,18,5,ACTIVE,9,E_P1S-A3.NC,E_P1S-A3.NC,2073495.475,193484.086,5709.5,3944.075,100,19.05,16,100,0,5,100,3500.0,2639.53,555.36,4.75283,0.00181935,0.635004,0,557.9717056,8473.46,766.933,11.0485,0.00387003,1.35912,0,283.3098821,1152.82,462.943,2.4902,0.00106618,0.367973,6,-338.2683076,1538.31,568.939,2.70382,0.000875623,0.378308
17.42112,1,AUTO,ARMED,5,AVAILABLE,UNAVAILABLE,UNAVAILABLE,18,5,ACTIVE,9,E_P1S-A3.NC,E_P1S-A3.NC,2073495.475,193484.086,5709.5,3944.075,100,19.05,16,100,0,6,100,3500.0,2639.53,555.36,4.75283,0.00181935,0.635004,0,552.0852302,8473.46,766.933,11.0485,0.00387003,1.35912,0,283.3098535,1152.82,462.943,2.4902,0.00106618,0.367973,6,-338.2683076,1538.31,568.939,2.70382,0.000875623,0.378308
17.891668,1,AUTO,ARMED,5,AVAILABLE,UNAVAILABLE,UNAVAILABLE,18,5,ACTIVE,9,E_P1S-A3.NC,E_P1S-A3.NC,2073495.475,193484.086,5709.5,3944.075,100,19.05,17,100,0,6,100,3500.0,2639.53,555.36,4.75283,0.00181935,0.635004,0,544.2369944,8473.46,766.933,11.0485,0.00387003,1.35912,0,283.3101253,1152.82,462.943,2.4902,0.00106618,0.367973,6,-338.2682962,1538.31,568.939,2.70382,0.000875623,0.378308
18.033517,1,AUTO,ARMED,5,AVAILABLE,UNAVAILABLE,UNAVAILABLE,18,5,ACTIVE,9,E_P1S-A3.NC,E_P1S-A3.NC,2073495.475,193484.086,5709.5,3086.6858,100,19.05,17,100,0,1,100,3500.0,2639.53,555.36,4.75283,0.00181935,0.635004,0,541.2991604,8473.46,766.933,11.0485,0.00387003,1.35912,0,283.3100323,1152.82,462.943,2.4902,0.00106618,0.367973,6,-338.2682733,1538.31,568.939,2.70382,0.000875623,0.378308
18.196662,1,AUTO,ARMED,5,AVAILABLE,UNAVAILABLE,UNAVAILABLE,18,5,ACTIVE,9,E_P1S-A3.NC,E_P1S-A3.NC,2073495.475,193484.086,5709.5,3086.6858,100,19.05,17,100,0,0,100,3500.0,2639.53,555.36,4.75283,0.00181935,0.635004,0,539.3318927,8473.46,766.933,11.0485,0.00387003,1.35912,0,283.3098607,1152.82,462.943,2.4902,0.00106618,0.367973,6,-338.2682847,1538.31,568.939,2.70382,0.000875623,0.378308
18.341088,1,AUTO,ARMED,5,AVAILABLE,UNAVAILABLE,UNAVAILABLE,18,5,ACTIVE,9,E_P1S-A3.NC,E_P1S-A3.NC,2073495.475,193484.086,5709.5,3086.6858,100,19.05,17,100,0,1,100,3500.0,1511.73,199.988,7.5591,0.000247204,0.0806869,0,537.3696603,6625.14,225.937,29.323,0.000218741,0.0908006,0,283.3098178,528.377,60.4823,8.73606,0.000159217,0.0378952,6,-338.2682847,1273.91,363.43,3.50524,0.00024476,0.128988
18.482261,1,AUTO,ARMED,5,AVAILABLE,UNAVAILABLE,UNAVAILABLE,18,5,ACTIVE,9,E_P1S-A3.NC,E_P1S-A3.NC,2073495.475,193484.086,5709.5,3086.6858,100,19.05,17,100,0,0,100,3500.0,1511.73,199.988,7.5591,0.000247204,0.0806869,0,533.4454745,6625.14,225.937,29.323,0.000218741,0.0908006,0,283.3098035,528.377,60.4823,8.73606,0.000159217,0.0378952,6,-338.2682847,1273.91,363.43,3.50524,0.00024476,0.128988
18.629568,1,AUTO,ARMED,5,AVAILABLE,UNAVAILABLE,UNAVAILABLE,18,5,ACTIVE,9,E_P1S-A3.NC,E_P1S-A3.NC,2073495.475,193484.086,5709.5,3086.6858,100,19.05,18,100,0,1,100,3500.0,1511.73,199.988,7.5591,0.000247204,0.0806869,0,530.280311,6625.14,225.937,29.323,0.000218741,0.0908006,0,283.3098035,528.377,60.4823,8.73606,0.000159217,0.0378952,6,-338.2682962,1273.91,363.43,3.50524,0.00024476,0.128988
18.770983,1,AUTO,ARMED,5,AVAILABLE,UNAVAILABLE,UNAVAILABLE,19,5,ACTIVE,9,E_P1S-A3.NC,E_P1S-A3.NC,2073495.475,193484.086,5709.5,3084.5129,100,9.516667,18,100,0,0,100,3500.0,1511.73,199.988,7.5591,0.000247204,0.0806869,0,530.2771639,6625.14,225.937,29.323,0.000218741,0.0908006,0,283.3098035,528.377,60.4823,8.73606,0.000159217,0.0378952,6,-338.2682962,1273.91,363.43,3.50524,0.00024476,0.128988
18.914208,1,AUTO,ARMED,5,AVAILABLE,UNAVAILABLE,UNAVAILABLE,19,5,ACTIVE,9,E_P1S-A3.NC,E_P1S-A3.NC,2073495.475,193484.086,5709.5,3084.5129,100,0.0,18,100,0,0,100,3500.0,1511.73,199.988,7.5591,0.000247204,0.0806869,0,530.2768992,6625.14,225.937,29.323,0.000218741,0.0908006,0,283.3098035,528.377,60.4823,8.73606,0.000159217,0.0378952,6,-338.2682962,1273.91,363.43,3.50524,0.00024476,0.128988
19.056069,1,AUTO,ARMED,5,AVAILABLE,UNAVAILABLE,UNAVAILABLE,19,5,ACTIVE,9,E_P1S-A3.NC,E_P1S-A3.NC,2073495.475,193484.086,5709.5,3084.5129,100,0.0,18,100,0,1,100,3500.0,1559.72,193.813,8.04755,0.000313733,0.0893475,0,530.2769422,2928.5,59.7246,49.0334,0.000261075,0.0896873,0,283.3098035,480.346,54.9635,8.73936,0.000103786,0.0350045,6,-338.2682962,1370.06,400.395,3.42177,0.000230087,0.146906
19.204673,1,AUTO,ARMED,5,AVAILABLE,UNAVAILABLE,UNAVAILABLE,19,5,ACTIVE,9,E_P1S-A3.NC,E_P1S-A3.NC,2073495.475,193484.086,5709.5,3084.5129,100,0.0,18,100,0,0,100,3500.0,1559.72,193.813,8.04755,0.000313733,0.0893475,0,530.2769708,2928.5,59.7246,49.0334,0.000261075,0.0896873,0,283.3098106,480.346,54.9635,8.73936,0.000103786,0.0350045,6,-338.2682962,1370.06,400.395,3.42177,0.000230087,0.146906
19.373587,1,AUTO,ARMED,5,AVAILABLE,UNAVAILABLE,UNAVAILABLE,19,5,ACTIVE,9,E_P1S-A3.NC,E_P1S-A3.NC,2073495.475,193484.086,5709.5,3084.5129,100,0.0,18,100,0,0,100,3500.0,1559.72,193.813,8.04755,0.000313733,0.0893475,0,530.2769851,2928.5,59.7246,49.0334,0.000261075,0.0896873,0,283.3098035,480.346,54.9635,8.73936,0.000103786,0.0350045,6,-338.2682962,1370.06,400.395,3.42177,0.000230087,0.146906
19.525447,1,AUTO,ARMED,5,AVAILABLE,UNAVAILABLE,UNAVAILABLE,19,5,ACTIVE,9,E_P1S-A3.NC,E_P1S-A3.NC,2073495.475,193484.086,5709.5,3084.5129,100,0.0,18,100,0,0,100,3500.0,1559.72,193.813,8.04755,0.000313733,0.0893475,0,530.2769922,2928.5,59.7246,49.0334,0.000261075,0.0896873,0,283.3098035,480.346,54.9635,8.73936,0.000103786,0.0350045,6,-338.2682962,1370.06,400.395,3.42177,0.000230087,0.146906
19.985999,1,AUTO,ARMED,5,AVAILABLE,UNAVAILABLE,UNAVAILABLE,23,5,ACTIVE,9,E_P1S-A3.NC,E_P1S-A3.NC,2073495.475,193844.312,5709.5,3084.5129,100,0.0,19,100,0,1,100,3500.0,1559.72,193.813,8.04755,0.000313733,0.0893475,0,530.2769922,2928.5,59.7246,49.0334,0.000261075,0.0896873,0,283.6273165,480.346,54.9635,8.73936,0.000103786,0.0350045,6,-338.2682962,1370.06,400.395,3.42177,0.000230087,0.146906
20.162845,1,AUTO,ARMED,5,AVAILABLE,UNAVAILABLE,UNAVAILABLE,23,5,ACTIVE,9,E_P1S-A3.NC,E_P1S-A3.NC,2073495.475,193844.312,5709.5,3098.9294,100,0.0,19,100,0,0,100,3500.0,1559.72,193.813,8.04755,0.000313733,0.0893475,0,530.2769922,2928.5,59.7246,49.0334,0.000261075,0.0896873,0,283.6273022,480.346,54.9635,8.73936,0.000103786,0.0350045,6,-338.2682962,1370.06,400.395,3.42177,0.000230087,0.146906
20.306774,1,AUTO,ARMED,5,AVAILABLE,UNAVAILABLE,UNAVAILABLE,23,5,ACTIVE,9,E_P1S-A3.NC,E_P1S-A3.NC,2073495.475,193844.312,5709.5,3098.9294,100,0.0,19,100,0,0,100,3500.0,1559.72,193.813,8.04755,0.000313733,0.0893475,0,530.2769922,2928.5,59.7246,49.0334,0.000261075,0.0896873,0,283.6273093,480.346,54.9635,8.73936,0.000103786,0.0350045,6,-338.2683076,1370.06,400.395,3.42177,0.000230087,0.146906
20.452258,1,AUTO,ARMED,5,AVAILABLE,UNAVAILABLE,UNAVAILABLE,23,5,ACTIVE,9,E_P1S-A3.NC,E_P1S-A3.NC,2073495.475,193844.312,5709.5,3098.9294,100,0.0,19,100,0,0,100,3500.0,1559.72,208.792,7.47021,0.000152247,0.062551,0,530.2769994,10033.7,295.795,33.9211,0.000253869,0.114904,0,283.6273093,528.375,76.9111,6.86994,4.47825e-05,0.0145415,6,-338.2682962,1201.81,364.712,3.29523,0.000359622,0.134179
20.611761,1,AUTO,ARMED,5,AVAILABLE,UNAVAILABLE,UNAVAILABLE,23,5,ACTIVE,9,E_P1S-A3.NC,E_P1S-A3.NC,2073495.475,193844.312,5709.5,3098.9294,100,0.0,20,100,0,0,100,3500.0,1559.72,208.792,7.47021,0.000152247,0.062551,0,530.2769922,10033.7,295.795,33.9211,0.000253869,0.114904,0,283.6273022,528.375,76.9111,6.86994,4.47825e-05,0.0145415,6,-338.2682962,1201.81,364.712,3.29523,0.000359622,0.134179
20.769089,1,AUTO,ARMED,5,AVAILABLE,UNAVAILABLE,UNAVAILABLE,23,5,ACTIVE,9,E_P1S-A3.NC,E_P1S-A3.NC,2073495.475,193844.312,5709.5,3098.9294,100,0.0,20,100,0,1,100,3500.0,1559.72,208.792,7.47021,0.000152247,0.062551,0,530.2769994,10033.7,295.795,33.9211,0.000253869,0.114904,0,283.6273022,528.375,76.9111,6.86994,4.47825e-05,0.0145415,6,-338.2682962,1201.81,364.712,3.29523,0.000359622,0.134179
20.919557,1,AUTO,ARMED,5,AVAILABLE,UNAVAILABLE,UNAVAILABLE,24,5,ACTIVE,9,E_P1S-A3.NC,E_P1S-A3.NC,2073495.475,193844.312,5709.5,3098.9294,100,21.16667,20,100,0,0,100,3500.0,1559.72,208.792,7.47021,0.000152247,0.062551,0,533.7123005,10033.7,295.795,33.9211,0.000253869,0.114904,0,283.6273022,528.375,76.9111,6.86994,4.47825e-05,0.0145415,6,-338.2683076,1201.81,364.712,3.29523,0.000359622,0.134179
21.056084,1,AUTO,ARMED,5,AVAILABLE,UNAVAILABLE,UNAVAILABLE,24,5,ACTIVE,9,E_P1S-A3.NC,E_P1S-A3.NC,2073495.475,193844.312,5709.5,3098.9294,100,21.16667,20,100,0,0,100,3500.0,1559.72,208.792,7.47021,0.000152247,0.062551,0,535.8866967,10033.7,295.795,33.9211,0.000253869,0.114904,0,283.627295,528.375,76.9111,6.86994,4.47825e-05,0.0145415,6,-338.2682962,1201.81,364.712,3.29523,0.000359622,0.134179
21.210006,1,AUTO,ARMED,5,AVAILABLE,UNAVAILABLE,UNAVAILABLE,24,5,ACTIVE,9,E_P1S-A3.NC,E_P1S-A3.NC,2073495.475,193844.312,5709.5,3098.9294,100,21.16667,20,100,0,0,100,3500.0,1559.72,208.792,7.47021,0.000152247,0.062551,0,538.067058,10033.7,295.795,33.9211,0.000253869,0.114904,0,283.6273022,528.375,76.9111,6.86994,4.47825e-05,0.0145415,6,-338.2682962,1201.81,364.712,3.29523,0.000359622,0.134179
21.348775,1,AUTO,ARMED,5,AVAILABLE,UNAVAILABLE,UNAVAILABLE,24,5,ACTIVE,9,E_P1S-A3.NC,E_P1S-A3.NC,2073495.475,193844.312,5709.5,4275.5156,100,21.16667,20,100,0,0,100,3500.0,1559.72,208.792,7.47021,0.000152247,0.062551,0,540.2524976,10033.7,295.795,33.9211,0.000253869,0.114904,0,283.6273022,528.375,76.9111,6.86994,4.47825e-05,0.0145415,6,-338.2682962,1201.81,364.712,3.29523,0.000359622,0.134179
21.506081,1,AUTO,ARMED,5,AVAILABLE,UNAVAILABLE,UNAVAILABLE,24,5,ACTIVE,9,E_P1S-A3.NC,E_P1S-A3.NC,2073495.475,193844.312,5709.5,4275.5156,100,21.16667,20,100,0,5,100,3500.0,7798.61,2424.0,3.21725,0.00145405,0.58517,0,544.6066829,9817.69,704.264,13.9404,0.0033049,1.17708,0,283.6271305,2401.72,812.983,2.95421,0.00103213,0.369988,6,-338.2683648,2043.07,892.671,2.28872,0.000498297,0.484382
21.642157,1,AUTO,ARMED,5,AVAILABLE,UNAVAILABLE,UNAVAILABLE,24,5,ACTIVE,9,E_P1S-A3.NC,E_P1S-A3.NC,2073495.475,193844.312,5709.5,4275.5156,100,21.16667,20,100,0,8,100,3500.0,7798.61,2424.0,3.21725,0.00145405,0.58517,0,548.9673483,9817.69,704.264,13.9404,0.0033049,1.17708,0,283.6273523,2401.72,812.983,2.95421,0.00103213,0.369988,6,-338.2683419,2043.07,892.671,2.28872,0.000498297,0.484382
21.789075,1,AUTO,ARMED,5,AVAILABLE,UNAVAILABLE,UNAVAILABLE,24,5,ACTIVE,9,E_P1S-A3.NC,E_P1S-A3.NC,2073495.475,193844.312,5709.5,4275.5156,100,21.16667,21,100,0,8,100,3500.0,7798.61,2424.0,3.21725,0.00145405,0.58517,1,551.147631,9817.69,704.264,13.9404,0.0033049,1.17708,0,283.627388,2401.72,812.983,2.95421,0.00103213,0.369988,6,-338.2683305,2043.07,892.671,2.28872,0.000498297,0.484382
21.932342,1,AUTO,ARMED,5,AVAILABLE,UNAVAILABLE,UNAVAILABLE,24,5,ACTIVE,9,E_P1S-A3.NC,E_P1S-A3.NC,2073495.475,193844.312,5709.5,4275.5156,100,21.16667,21,100,0,7,100,3500.0,7798.61,2424.0,3.21725,0.00145405,0.58517,1,552.2377509,9817.69,704.264,13.9404,0.0033049,1.17708,0,283.6273666,2401.72,812.983,2.95421,0.00103213,0.369988,6,-338.2683191,2043.07,892.671,2.28872,0.000498297,0.484382
22.083355,1,AUTO,ARMED,5,AVAILABLE,UNAVAILABLE,UNAVAILABLE,24,5,ACTIVE,9,E_P1S-A3.NC,E_P1S-A3.NC,2073495.475,193844.312,5709.5,4275.5156,100,21.16667,21,100,0,8,100,3500.0,7798.61,2424.0,3.21725,0.00145405,0.58517,1,556.5981731,9817.69,704.264,13.9404,0.0033049,1.17708,0,283.627388,2401.72,812.983,2.95421,0.00103213,0.369988,6,-338.2683076,2043.07,892.671,2.28872,0.000498297,0.484382
22.226012,1,AUTO,ARMED,5,AVAILABLE,UNAVAILABLE,UNAVAILABLE,24,5,ACTIVE,9,E_P1S-A3.NC,E_P1S-A3.NC,2073495.475,193844.312,5709.5,4275.5156,100,21.16667,21,100,0,7,100,3500.0,7798.61,2424.0,3.21725,0.00145405,0.58517,1,558.778234,9817.69,704.264,13.9404,0.0033049,1.17708,0,283.6273809,2401.72,812.983,2.95421,0.00103213,0.369988,6,-338.2683191,2043.07,892.671,2.28872,0.000498297,0.484382
22.393574,1,AUTO,ARMED,5,AVAILABLE,UNAVAILABLE,UNAVAILABLE,24,5,ACTIVE,9,E_P1S-A3.NC,E_P1S-A3.NC,2073495.475,193844.312,5709.5,3224.0476,100,21.16667,21,100,0,7,100,3500.0,7798.61,2424.0,3.21725,0.00145405,0.58517,1,563.1438348,9817.69,704.264,13.9404,0.0033049,1.17708,0,283.6273737,2401.72,812.983,2.95421,0.00103213,0.369988,6,-338.2683076,2043.07,892.671,2.28872,0.000498297,0.484382
22.552626,1,AUTO,ARMED,5,AVAILABLE,UNAVAILABLE,UNAVAILABLE,24,5,ACTIVE,9,E_P1S-A3.NC,E_P1S-A3.NC,2073495.475,193844.312,5709.5,3224.0476,100,21.16667,21,100,0,8,100,3500.0,7294.7,2313.0,3.15378,0.00155997,0.607197,1,567.4989073,10465.8,820.961,12.7482,0.00334892,1.19841,0,283.627388,2449.75,594.375,4.12156,0.000802166,0.290974,6,-338.2683076,1898.85,282.564,6.72007,0.000482328,0.157159
22.696758,1,AUTO,ARMED,5,AVAILABLE,UNAVAILABLE,UNAVAILABLE,24,5,ACTIVE,9,E_P1S-A3.NC,E_P1S-A3.NC,2073495.475,193844.312,5709.5,3224.0476,100,21.16667,22,100,0,7,100,3500.0,7294.7,2313.0,3.15378,0.00155997,0.607197,1,569.6844078,10465.8,820.961,12.7482,0.00334892,1.19841,0,283.627388,2449.75,594.375,4.12156,0.000802166,0.290974,6,-338.2683076,1898.85,282.564,6.72007,0.000482328,0.157159
22.845975,1,AUTO,ARMED,5,AVAILABLE,UNAVAILABLE,UNAVAILABLE,24,5,ACTIVE,9,E_P1S-A3.NC,E_P1S-A3.NC,2073495.475,193844.312,5709.5,3224.0476,100,21.16667,22,100,0,7,100,3500.0,7294.7,2313.0,3.15378,0.00155997,0.607197,1,574.039516,10465.8,820.961,12.7482,0.00334892,1.19841,0,283.6273809,2449.75,594.375,4.12156,0.000802166,0.290974,6,-338.2683076,1898.85,282.564,6.72007,0.000482328,0.157159
22.995554,1,AUTO,ARMED,5,AVAILABLE,UNAVAILABLE,UNAVAILABLE,24,5,ACTIVE,9,E_P1S-A3.NC,E_P1S-A3.NC,2073495.475,193844.312,5709.5,3224.0476,100,21.16667,22,100,0,7,100,3500.0,7294.7,2313.0,3.15378,0.00155997,0.607197,0,576.2251453,10465.8,820.961,12.7482,0.00334892,1.19841,0,283.627388,2449.75,594.375,4.12156,0.000802166,0.290974,6,-338.2682962,1898.85,282.564,6.72007,0.000482328,0.157159
23.135315,1,AUTO,ARMED,5,AVAILABLE,UNAVAILABLE,UNAVAILABLE,24,5,ACTIVE,9,E_P1S-A3.NC,E_P1S-A3.NC,2073495.475,193844.312,5709.5,3224.0476,100,21.16667,22,100,0,5,100,3500.0,7294.7,2313.0,3.15378,0.00155997,0.607197,0,578.4061612,10465.8,820.961,12.7482,0.00334892,1.19841,0,283.6276455,2449.75,594.375,4.12156,0.000802166,0.290974,6,-338.2682504,1898.85,282.564,6.72007,0.000482328,0.157159
23.27832,1,AUTO,ARMED,5,AVAILABLE,UNAVAILABLE,UNAVAILABLE,24,5,ACTIVE,9,E_P1S-A3.NC,E_P1S-A3.NC,2073495.475,193844.312,5709.5,3224.0476,100,21.16667,22,100,0,0,100,3500.0,7294.7,2313.0,3.15378,0.00155997,0.607197,0,580.5856108,10465.8,820.961,12.7482,0.00334892,1.19841,0,283.6274095,2449.75,594.375,4.12156,0.000802166,0.290974,6,-338.2682618,1898.85,282.564,6.72007,0.000482328,0.157159
23.418609,1,AUTO,ARMED,5,AVAILABLE,UNAVAILABLE,UNAVAILABLE,24,5,ACTIVE,9,E_P1S-A3.NC,E_P1S-A3.NC,2073495.475,193844.312,5709.5,3080.2778,100,21.16667,22,100,0,2,100,3500.0,7294.7,2313.0,3.15378,0.00155997,0.607197,0,587.1260674,10465.8,820.961,12.7482,0.00334892,1.19841,0,283.627295,2449.75,594.375,4.12156,0.000802166,0.290974,6,-338.2682847,1898.85,282.564,6.72007,0.000482328,0.157159
23.590565,1,AUTO,ARMED,5,AVAILABLE,UNAVAILABLE,UNAVAILABLE,24,5,ACTIVE,9,E_P1S-A3.NC,E_P1S-A3.NC,2073495.475,193844.312,5709.5,3080.2778,100,21.16667,22,100,0,2,100,3500.0,1631.71,209.469,7.78974,0.000233891,0.0774468,0,589.3009468,9217.59,61.9629,148.76,0.000321344,0.108552,0,283.6273022,504.359,58.3357,8.6458,7.74908e-05,0.0270625,6,-338.2682847,1129.7,412.855,2.73631,0.000167115,0.137149
23.734143,1,AUTO,ARMED,5,AVAILABLE,UNAVAILABLE,UNAVAILABLE,25,5,ACTIVE,9,E_P1S-A3.NC,E_P1S-A3.NC,2073495.475,193844.312,5709.5,3080.2778,100,0.0,23,100,0,1,100,3500.0,1631.71,209.469,7.78974,0.000233891,0.0774468,0,590.2208073,9217.59,61.9629,148.76,0.000321344,0.108552,0,283.6273022,504.359,58.3357,8.6458,7.74908e-05,0.0270625,6,-338.2682962,1129.7,412.855,2.73631,0.000167115,0.137149
23.883768,1,AUTO,ARMED,5,AVAILABLE,UNAVAILABLE,UNAVAILABLE,25,5,ACTIVE,9,E_P1S-A3.NC,E_P1S-A3.NC,2073495.475,193844.312,5709.5,3080.2778,100,0.0,23,100,0,1,100,3500.0,1631.71,209.469,7.78974,0.000233891,0.0774468,0,590.2210576,9217.59,61.9629,148.76,0.000321344,0.108552,0,283.627295,504.359,58.3357,8.6458,7.74908e-05,0.0270625,6,-338.2682962,1129.7,412.855,2.73631,0.000167115,0.137149
24.026071,1,AUTO,ARMED,5,AVAILABLE,UNAVAILABLE,UNAVAILABLE,25,5,ACTIVE,9,E_P1S-A3.NC,E_P1S-A3.NC,2073495.475,193844.312,5709.5,3080.2778,100,0.0,23,100,0,0,100,3500.0,1631.71,209.469,7.78974,0.000233891,0.0774468,0,590.2210791,9217.59,61.9629,148.76,0.000321344,0.108552,0,283.6273022,504.359,58.3357,8.6458,7.74908e-05,0.0270625,6,-338.2682847,1129.7,412.855,2.73631,0.000167115,0.137149
24.164064,1,AUTO,ARMED,5,AVAILABLE,UNAVAILABLE,UNAVAILABLE,25,5,ACTIVE,9,E_P1S-A3.NC,E_P1S-A3.NC,2073495.475,193844.312,5709.5,3080.2778,100,0.0,23,100,0,0,100,3500.0,1631.71,209.469,7.78974,0.000233891,0.0774468,0,590.2210505,9217.59,61.9629,148.76,0.000321344,0.108552,0,283.6273093,504.359,58.3357,8.6458,7.74908e-05,0.0270625,6,-338.2682962,1129.7,412.855,2.73631,0.000167115,0.137149
24.308333,1,AUTO,ARMED,5,AVAILABLE,UNAVAILABLE,UNAVAILABLE,25,5,ACTIVE,9,E_P1S-A3.NC,E_P1S-A3.NC,2073495.475,193844.312,5709.5,3080.2778,100,0.0,23,100,0,0,100,3500.0,1631.71,209.469,7.78974,0.000233891,0.0774468,0,590.2210075,9217.59,61.9629,148.76,0.000321344,0.108552,0,283.627295,504.359,58.3357,8.6458,7.74908e-05,0.0270625,6,-338.2683076,1129.7,412.855,2.73631,0.000167115,0.137149
24.452595,1,AUTO,ARMED,5,AVAILABLE,UNAVAILABLE,UNAVAILABLE,25,5,ACTIVE,9,E_P1S-A3.NC,E_P1S-A3.NC,2073495.475,193844.312,5709.5,3080.2778,100,0.0,23,100,0,1,100,3500.0,1631.71,209.469,7.78974,0.000233891,0.0774468,0,590.2210004,9217.59,61.9629,148.76,0.000321344,0.108552,0,283.6273022,504.359,58.3357,8.6458,7.74908e-05,0.0270625,6,-338.2682962,1129.7,412.855,2.73631,0.000167115,0.137149
24.601322,1,AUTO,ARMED,5,AVAILABLE,UNAVAILABLE,UNAVAILABLE,25,5,ACTIVE,9,E_P1S-A3.NC,E_P1S-A3.NC,2073495.475,193844.312,5709.5,3100.543,100,0.0,23,100,0,0,100,3500.0,1751.69,230.968,7.58412,0.000252888,0.0760916,0,590.2210004,5448.94,346.7,15.7166,0.000428348,0.129035,0,283.6273022,552.394,87.3429,6.32443,8.75213e-05,0.0219468,6,-338.2682962,1105.66,331.302,3.33732,0.000327329,0.129701
24.744076,1,AUTO,ARMED,5,AVAILABLE,UNAVAILABLE,UNAVAILABLE,25,5,ACTIVE,9,E_P1S-A3.NC,E_P1S-A3.NC,2073495.475,193844.312,5709.5,3100.543,100,0.0,24,100,0,0,100,3500.0,1751.69,230.968,7.58412,0.000252888,0.0760916,0,590.2210004,5448.94,346.7,15.7166,0.000428348,0.129035,0,283.627295,552.394,87.3429,6.32443,8.75213e-05,0.0219468,6,-338.2682962,1105.66,331.302,3.33732,0.000327329,0.129701
24.883519,1,AUTO,ARMED,5,AVAILABLE,UNAVAILABLE,UNAVAILABLE,27,5,ACTIVE,9,E_P1S-A3.NC,E_P1S-A3.NC,2073495.475,193844.312,5709.5,3100.543,100,17.8,24,100,0,1,100,3500.0,1751.69,230.968,7.58412,0.000252888,0.0760916,0,588.3790054,5448.94,346.7,15.7166,0.000428348,0.129035,0,283.9447866,552.394,87.3429,6.32443,8.75213e-05,0.0219468,6,-338.2682962,1105.66,331.302,3.33732,0.000327329,0.129701
25.024835,1,AUTO,ARMED,5,AVAILABLE,UNAVAILABLE,UNAVAILABLE,27,5,ACTIVE,9,E_P1S-A3.NC,E_P1S-A3.NC,2073495.475,193844.312,5709.5,3100.543,100,18.91667,24,100,0,0,100,3500.0,1751.69,230.968,7.58412,0.000252888,0.0760916,0,584.015012,5448.94,346.7,15.7166,0.000428348,0.129035,0,283.9448224,552.394,87.3429,6.32443,8.75213e-05,0.0219468,6,-338.2682962,1105.66,331.302,3.33732,0.000327329,0.129701
25.182401,1,AUTO,ARMED,5,AVAILABLE,UNAVAILABLE,UNAVAILABLE,27,5,ACTIVE,9,E_P1S-A3.NC,E_P1S-A3.NC,2073495.475,193844.312,5709.5,3100.543,100,21.16667,24,100,0,1,100,3500.0,1751.69,230.968,7.58412,0.000252888,0.0760916,0,581.8346816,5448.94,346.7,15.7166,0.000428348,0.129035,0,283.9448224,552.394,87.3429,6.32443,8.75213e-05,0.0219468,6,-338.2682962,1105.66,331.302,3.33732,0.000327329,0.129701
25.321192,1,AUTO,ARMED,5,AVAILABLE,UNAVAILABLE,UNAVAILABLE,27,5,ACTIVE,9,E_P1S-A3.NC,E_P1S-A3.NC,2073495.475,193844.312,5709.5,3100.543,100,21.16667,24,100,0,1,100,3500.0,1751.69,230.968,7.58412,0.000252888,0.0760916,0,579.6598229,5448.94,346.7,15.7166,0.000428348,0.129035,0,283.9448152,552.394,87.3429,6.32443,8.75213e-05,0.0219468,6,-338.2683076,1105.66,331.302,3.33732,0.000327329,0.129701
25.464475,1,AUTO,ARMED,5,AVAILABLE,UNAVAILABLE,UNAVAILABLE,27,5,ACTIVE,9,E_P1S-A3.NC,E_P1S-A3.NC,2073495.475,193844.312,5709.5,3100.543,100,21.16667,24,100,0,0,100,3500.0,1751.69,230.968,7.58412,0.000252888,0.0760916,0,575.2933471,5448.94,346.7,15.7166,0.000428348,0.129035,0,283.9447008,552.394,87.3429,6.32443,8.75213e-05,0.0219468,6,-338.2683419,1105.66,331.302,3.33732,0.000327329,0.129701
25.602096,1,AUTO,ARMED,5,AVAILABLE,UNAVAILABLE,UNAVAILABLE,27,5,ACTIVE,9,E_P1S-A3.NC,E_P1S-A3.NC,2073495.475,193844.312,5709.5,4030.6987,100,21.16667,24,100,0,7,100,3500.0,1751.69,230.968,7.58412,0.000252888,0.0760916,0,573.1185099,5448.94,346.7,15.7166,0.000428348,0.129035,0,283.9448438,552.394,87.3429,6.32443,8.75213e-05,0.0219468,6,-338.2683305,1105.66,331.302,3.33732,0.000327329,0.129701
25.740592,1,AUTO,ARMED,5,AVAILABLE,UNAVAILABLE,UNAVAILABLE,27,5,ACTIVE,9,E_P1S-A3.NC,E_P1S-A3.NC,2073495.475,193844.312,5709.5,4030.6987,100,21.16667,25,100,0,6,100,3500.0,3383.4,821.267,4.11973,0.00188677,0.666394,0,570.9385586,8761.51,838.991,10.4429,0.00428396,1.509,0,283.9448653,1681.2,456.148,3.68565,0.00126001,0.441339,6,-338.2683191,1562.35,575.131,2.71651,0.000851042,0.375665
25.882325,1,AUTO,ARMED,5,AVAILABLE,UNAVAILABLE,UNAVAILABLE,27,5,ACTIVE,9,E_P1S-A3.NC,E_P1S-A3.NC,2073495.475,193844.312,5709.5,4030.6987,100,21.16667,25,100,0,7,100,3500.0,3383.4,821.267,4.11973,0.00188677,0.666394,0,567.6683097,8761.51,838.991,10.4429,0.00428396,1.509,0,283.9448725,1681.2,456.148,3.68565,0.00126001,0.441339,6,-338.2683191,1562.35,575.131,2.71651,0.000851042,0.375665
26.022644,1,AUTO,ARMED,5,AVAILABLE,UNAVAILABLE,UNAVAILABLE,27,5,ACTIVE,9,E_P1S-A3.NC,E_P1S-A3.NC,2073495.475,193844.312,5709.5,4030.6987,100,21.16667,25,100,0,7,100,3500.0,3383.4,821.267,4.11973,0.00188677,0.666394,0,565.4881224,8761.51,838.991,10.4429,0.00428396,1.509,0,283.9448653,1681.2,456.148,3.68565,0.00126001,0.441339,6,-338.2683191,1562.35,575.131,2.71651,0.000851042,0.375665
26.163234,1,AUTO,ARMED,5,AVAILABLE,UNAVAILABLE,UNAVAILABLE,27,5,ACTIVE,9,E_P1S-A3.NC,E_P1S-A3.NC,2073495.475,193844.312,5709.5,4030.6987,100,21.16667,25,100,0,7,100,3500.0,3383.4,821.267,4.11973,0.00188677,0.666394,0,563.3025777,8761.51,838.991,10.4429,0.00428396,1.509,0,283.944851,1681.2,456.148,3.68565,0.00126001,0.441339,6,-338.2683076,1562.35,575.131,2.71651,0.000851042,0.375665
26.319751,1,AUTO,ARMED,5,AVAILABLE,UNAVAILABLE,UNAVAILABLE,27,5,ACTIVE,9,E_P1S-A3.NC,E_P1S-A3.NC,2073495.475,193844.312,5709.5,4030.6987,100,21.16667,25,100,0,7,100,3500.0,3383.4,821.267,4.11973,0.00188677,0.666394,0,558.9477105,8761.51,838.991,10.4429,0.00428396,1.509,0,283.9448725,1681.2,456.148,3.68565,0.00126001,0.441339,6,-338.2683076,1562.35,575.131,2.71651,0.000851042,0.375665
26.474991,1,AUTO,ARMED,5,AVAILABLE,UNAVAILABLE,UNAVAILABLE,27,5,ACTIVE,9,E_P1S-A3.NC,E_P1S-A3.NC,2073495.475,193844.312,5709.5,4030.6987,100,21.16667,25,100,0,6,100,3500.0,3383.4,821.267,4.11973,0.00188677,0.666394,0,554.5818652,8761.51,838.991,10.4429,0.00428396,1.509,0,283.9448653,1681.2,456.148,3.68565,0.00126001,0.441339,6,-338.2683076,1562.35,575.131,2.71651,0.000851042,0.375665
26.625365,1,AUTO,ARMED,5,AVAILABLE,UNAVAILABLE,UNAVAILABLE,27,5,ACTIVE,9,E_P1S-A3.NC,E_P1S-A3.NC,2073495.475,193844.312,5709.5,4030.6987,100,21.16667,25,100,0,6,100,3500.0,3383.4,821.267,4.11973,0.00188677,0.666394,0,552.4017262,8761.51,838.991,10.4429,0.00428396,1.509,0,283.9448295,1681.2,456.148,3.68565,0.00126001,0.441339,6,-338.2683076,1562.35,575.131,2.71651,0.000851042,0.375665
26.776603,1,AUTO,ARMED,5,AVAILABLE,UNAVAILABLE,UNAVAILABLE,27,5,ACTIVE,9,E_P1S-A3.NC,E_P1S-A3.NC,2073495.475,193844.312,5709.5,3058.0737,100,21.16667,26,100,0,6,100,3500.0,3599.36,228.593,15.7457,0.000288078,0.0927736,0,550.2269015,7945.37,321.811,24.6896,0.000160389,0.0904297,0,283.9448653,1561.12,93.7408,16.6536,7.50526e-05,0.0244337,6,-338.2683076,1658.49,362.534,4.57472,0.000192384,0.150436
26.919651,1,AUTO,ARMED,5,AVAILABLE,UNAVAILABLE,UNAVAILABLE,27,5,ACTIVE,9,E_P1S-A3.NC,E_P1S-A3.NC,2073495.475,193844.312,5709.5,3058.0737,100,21.16667,26,100,0,7,100,3500.0,3599.36,228.593,15.7457,0.000288078,0.0927736,0,545.8665877,7945.37,321.811,24.6896,0.000160389,0.0904297,0,283.9448653,1561.12,93.7408,16.6536,7.50526e-05,0.0244337,6,-338.2683076,1658.49,362.534,4.57472,0.000192384,0.150436
27.063187,1,AUTO,ARMED,5,AVAILABLE,UNAVAILABLE,UNAVAILABLE,27,5,ACTIVE,9,E_P1S-A3.NC,E_P1S-A3.NC,2073495.475,193844.312,5709.5,3058.0737,100,21.16667,26,100,0,2,100,3500.0,3599.36,228.593,15.7457,0.000288078,0.0927736,0,541.5018108,7945.37,321.811,24.6896,0.000160389,0.0904297,0,283.9451156,1561.12,93.7408,16.6536,7.50526e-05,0.0244337,6,-338.2682618,1658.49,362.534,4.57472,0.000192384,0.150436
27.208291,1,AUTO,ARMED,5,AVAILABLE,UNAVAILABLE,UNAVAILABLE,27,5,ACTIVE,9,E_P1S-A3.NC,E_P1S-A3.NC,2073495.475,193844.312,5709.5,3058.0737,100,21.16667,26,100,0,0,100,3500.0,3599.36,228.593,15.7457,0.000288078,0.0927736,0,539.3214501,7945.37,321.811,24.6896,0.000160389,0.0904297,0,283.9448868,1561.12,93.7408,16.6536,7.50526e-05,0.0244337,6,-338.2682733,1658.49,362.534,4.57472,0.000192384,0.150436
27.353852,1,AUTO,ARMED,5,AVAILABLE,UNAVAILABLE,UNAVAILABLE,27,5,ACTIVE,9,E_P1S-A3.NC,E_P1S-A3.NC,2073495.475,193844.312,5709.5,3058.0737,100,21.16667,26,100,0,1,100,3500.0,3599.36,228.593,15.7457,0.000288078,0.0927736,0,537.1465109,7945.37,321.811,24.6896,0.000160389,0.0904297,0,283.9448152,1561.12,93.7408,16.6536,7.50526e-05,0.0244337,6,-338.2682733,1658.49,362.534,4.57472,0.000192384,0.150436
27.504072,1,AUTO,ARMED,5,AVAILABLE,UNAVAILABLE,UNAVAILABLE,27,5,ACTIVE,9,E_P1S-A3.NC,E_P1S-A3.NC,2073495.475,193844.312,5709.5,3058.0737,100,21.16667,26,100,0,0,100,3500.0,3599.36,228.593,15.7457,0.000288078,0.0927736,0,534.9664935,7945.37,321.811,24.6896,0.000160389,0.0904297,0,283.9448009,1561.12,93.7408,16.6536,7.50526e-05,0.0244337,6,-338.2682847,1658.49,362.534,4.57472,0.000192384,0.150436
27.656316,1,AUTO,ARMED,5,AVAILABLE,UNAVAILABLE,UNAVAILABLE,27,5,ACTIVE,9,E_P1S-A3.NC,E_P1S-A3.NC,2073855.592,193844.312,5709.5,3058.0737,100,13.41667,27,100,0,1,100,3500.0,3599.36,228.593,15.7457,0.000288078,0.0927736,0,530.6393433,7945.37,321.811,24.6896,0.000160389,0.0904297,0,283.9448009,1561.12,93.7408,16.6536,7.50526e-05,0.0244337,6,-338.2682962,1658.49,362.534,4.57472,0.000192384,0.150436
27.806188,1,AUTO,ARMED,5,AVAILABLE,UNAVAILABLE,UNAVAILABLE,28,5,ACTIVE,9,E_P1S-A3.NC,E_P1S-A3.NC,2073855.592,193844.312,5709.5,3082.0017,100,8.95,27,100,0,0,100,3500.0,1703.7,188.591,9.03384,0.000209554,0.0644765,0,530.2772068,6505.12,56.0597,116.039,0.000281756,0.0968837,0,283.9448009,504.359,59.9219,8.41694,8.88007e-05,0.0329956,6,-338.2682962,1153.73,373.811,3.0864,0.000281032,0.130777
27.94786,1,AUTO,ARMED,5,AVAILABLE,UNAVAILABLE,UNAVAILABLE,28,5,ACTIVE,9,E_P1S-A3.NC,E_P1S-A3.NC,2073855.592,193844.312,5709.5,3082.0017,100,0.0,27,100,0,1,100,3500.0,1703.7,188.591,9.03384,0.000209554,0.0644765,0,530.2768921,6505.12,56.0597,116.039,0.000281756,0.0968837,0,283.9447938,504.359,59.9219,8.41694,8.88007e-05,0.0329956,6,-338.2682962,1153.73,373.811,3.0864,0.000281032,0.130777
28.089587,1,AUTO,ARMED,5,AVAILABLE,UNAVAILABLE,UNAVAILABLE,28,5,ACTIVE,9,E_P1S-A3.NC,E_P1S-A3.NC,2073855.592,193844.312,5709.5,3082.0017,100,0.0,27,100,0,1,100,3500.0,1703.7,188.591,9.03384,0.000209554,0.0644765,0,530.2769064,6505.12,56.0597,116.039,0.000281756,0.0968837,0,283.9448009,504.359,59.9219,8.41694,8.88007e-05,0.0329956,6,-338.2682962,1153.73,373.811,3.0864,0.000281032,0.130777
28.22936,1,AUTO,ARMED,5,AVAILABLE,UNAVAILABLE,UNAVAILABLE,28,5,ACTIVE,9,E_P1S-A3.NC,E_P1S-A3.NC,2073855.592,193844.312,5709.5,3082.0017,100,0.0,27,100,0,1,100,3500.0,1703.7,188.591,9.03384,0.000209554,0.0644765,0,530.2769565,6505.12,56.0597,116.039,0.000281756,0.0968837,0,283.9448009,504.359,59.9219,8.41694,8.88007e-05,0.0329956,6,-338.2682962,1153.73,373.811,3.0864,0.000281032,0.130777
28.368219,1,AUTO,ARMED,5,AVAILABLE,UNAVAILABLE,UNAVAILABLE,28,5,ACTIVE,9,E_P1S-A3.NC,E_P1S-A3.NC,2073855.592,193844.312,5709.5,3082.0017,100,0.0,27,100,0,0,100,3500.0,1703.7,188.591,9.03384,0.000209554,0.0644765,0,530.2769708,6505.12,56.0597,116.039,0.000281756,0.0968837,0,283.9448009,504.359,59.9219,8.41694,8.88007e-05,0.0329956,6,-338.2682962,1153.73,373.811,3.0864,0.000281032,0.130777
28.513008,1,AUTO,ARMED,5,AVAILABLE,UNAVAILABLE,UNAVAILABLE,28,5,ACTIVE,9,E_P1S-A3.NC,E_P1S-A3.NC,2073855.592,193844.312,5709.5,3082.0017,100,0.0,27,100,0,0,100,3500.0,1703.7,188.591,9.03384,0.000209554,0.0644765,0,530.2769779,6505.12,56.0597,116.039,0.000281756,0.0968837,0,283.9448009,504.359,59.9219,8.41694,8.88007e-05,0.0329956,6,-338.2682962,1153.73,373.811,3.0864,0.000281032,0.130777
28.663396,1,AUTO,ARMED,5,AVAILABLE,UNAVAILABLE,UNAVAILABLE,28,5,ACTIVE,9,E_P1S-A3.NC,E_P1S-A3.NC,2073855.592,193844.312,5709.5,3082.0017,100,0.0,27,100,0,1,100,3500.0,1703.7,188.591,9.03384,0.000209554,0.0644765,0,530.2769851,6505.12,56.0597,116.039,0.000281756,0.0968837,0,283.9448009,504.359,59.9219,8.41694,8.88007e-05,0.0329956,6,-338.2683076,1153.73,373.811,3.0864,0.000281032,0.130777
28.812567,1,AUTO,ARMED,5,AVAILABLE,UNAVAILABLE,UNAVAILABLE,31,5,ACTIVE,9,E_P1S-A3.NC,E_P1S-A3.NC,2073855.592,193844.312,5709.5,3085.9507,100,0.0,28,100,0,0,100,3500.0,1655.71,200.329,8.26495,0.000252479,0.0697856,0,530.2769922,2880.5,56.8703,50.6503,0.000294123,0.0998122,0,284.2624928,576.408,58.074,9.92541,0.000140519,0.0433796,6,-338.2683076,1321.99,434.677,3.04132,0.00041532,0.157449
28.982642,1,AUTO,ARMED,5,AVAILABLE,UNAVAILABLE,UNAVAILABLE,32,5,ACTIVE,9,E_P1S-A3.NC,E_P1S-A3.NC,2073855.592,193844.312,5709.5,3085.9507,100,0.0,28,100,0,0,100,3500.0,1655.71,200.329,8.26495,0.000252479,0.0697856,0,530.2769922,2880.5,56.8703,50.6503,0.000294123,0.0998122,0,284.262314,576.408,58.074,9.92541,0.000140519,0.0433796,6,-338.2682962,1321.99,434.677,3.04132,0.00041532,0.157449
29.12503,1,AUTO,ARMED,5,AVAILABLE,UNAVAILABLE,UNAVAILABLE,32,5,ACTIVE,9,E_P1S-A3.NC,E_P1S-A3.NC,2073855.592,193844.312,5709.5,3085.9507,100,0.0,28,100,0,0,100,3500.0,1655.71,200.329,8.26495,0.000252479,0.0697856,0,530.2769994,2880.5,56.8703,50.6503,0.000294123,0.0998122,0,284.2623068,576.408,58.074,9.92541,0.000140519,0.0433796,6,-338.2682962,1321.99,434.677,3.04132,0.00041532,0.157449
29.2895,1,AUTO,ARMED,5,AVAILABLE,UNAVAILABLE,UNAVAILABLE,32,5,ACTIVE,9,E_P1S-A3.NC,E_P1S-A3.NC,2073855.592,193844.312,5709.5,3085.9507,100,0.0,28,100,0,1,100,3500.0,1655.71,200.329,8.26495,0.000252479,0.0697856,0,530.2769994,2880.5,56.8703,50.6503,0.000294123,0.0998122,0,284.2623068,576.408,58.074,9.92541,0.000140519,0.0433796,6,-338.2683076,1321.99,434.677,3.04132,0.00041532,0.157449
29.439675,1,AUTO,ARMED,5,AVAILABLE,UNAVAILABLE,UNAVAILABLE,32,5,ACTIVE,9,E_P1S-A3.NC,E_P1S-A3.NC,2073855.592,193844.312,5709.5,3085.9507,100,0.0,28,100,0,0,100,3500.0,1655.71,200.329,8.26495,0.000252479,0.0697856,0,530.2769994,2880.5,56.8703,50.6503,0.000294123,0.0998122,0,284.2622997,576.408,58.074,9.92541,0.000140519,0.0433796,6,-338.2682962,1321.99,434.677,3.04132,0.00041532,0.157449
29.593872,1,AUTO,ARMED,5,AVAILABLE,UNAVAILABLE,UNAVAILABLE,32,5,ACTIVE,9,E_P1S-A3.NC,E_P1S-A3.NC,2073855.592,193844.312,5709.5,3085.9507,100,0.0,28,100,0,0,100,3500.0,1655.71,200.329,8.26495,0.000252479,0.0697856,0,530.2769994,2880.5,56.8703,50.6503,0.000294123,0.0998122,0,284.2622997,576.408,58.074,9.92541,0.000140519,0.0433796,6,-338.2682962,1321.99,434.677,3.04132,0.00041532,0.157449
29.735753,1,AUTO,ARMED,5,AVAILABLE,UNAVAILABLE,UNAVAILABLE,32,5,ACTIVE,9,E_P1S-A3.NC,E_P1S-A3.NC,2073855.592,193844.312,5709.5,3085.9507,100,0.0,29,100,0,1,100,3500.0,1655.71,200.329,8.26495,0.000252479,0.0697856,0,530.2769994,2880.5,56.8703,50.6503,0.000294123,0.0998122,0,284.2622997,576.408,58.074,9.92541,0.000140519,0.0433796,6,-338.2683076,1321.99,434.677,3.04132,0.00041532,0.157449
29.908192,1,AUTO,ARMED,5,AVAILABLE,UNAVAILABLE,UNAVAILABLE,33,5,ACTIVE,9,E_P1S-A3.NC,E_P1S-A3.NC,2073855.592,193844.312,5709.5,3085.9507,100,22.18333,29,100,0,0,100,3500.0,1655.7,1600.77,1.03431,0.000640362,0.268924,0,531.4854599,8953.54,774.724,11.5571,0.0033691,1.19655,0,284.2622997,456.325,973.719,0.468641,0.00103073,0.371267,6,-338.2682962,1249.88,1004.97,1.2437,0.000566015,0.544703
30.054762,1,AUTO,ARMED,5,AVAILABLE,UNAVAILABLE,UNAVAILABLE,33,5,ACTIVE,9,E_P1S-A3.NC,E_P1S-A3.NC,2073855.592,193844.312,5709.5,4358.9512,100,22.73333,29,100,0,1,100,3500.0,1655.7,1600.77,1.03431,0.000640362,0.268924,0,533.8856546,8953.54,774.724,11.5571,0.0033691,1.19655,0,284.2623068,456.325,973.719,0.468641,0.00103073,0.371267,6,-338.2682962,1249.88,1004.97,1.2437,0.000566015,0.544703
30.19431,1,AUTO,ARMED,5,AVAILABLE,UNAVAILABLE,UNAVAILABLE,33,5,ACTIVE,9,E_P1S-A3.NC,E_P1S-A3.NC,2073855.592,193844.312,5709.5,4358.9512,100,23.28333,29,100,0,0,100,3500.0,1655.7,1600.77,1.03431,0.000640362,0.268924,0,538.6759107,8953.54,774.724,11.5571,0.0033691,1.19655,0,284.2622997,456.325,973.719,0.468641,0.00103073,0.371267,6,-338.2682962,1249.88,1004.97,1.2437,0.000566015,0.544703
30.337903,1,AUTO,ARMED,5,AVAILABLE,UNAVAILABLE,UNAVAILABLE,33,5,ACTIVE,9,E_P1S-A3.NC,E_P1S-A3.NC,2073855.592,193844.312,5709.5,4358.9512,100,23.28333,29,100,0,1,100,3500.0,1655.7,1600.77,1.03431,0.000640362,0.268924,0,541.0799007,8953.54,774.724,11.5571,0.0033691,1.19655,0,284.2622997,456.325,973.719,0.468641,0.00103073,0.371267,6,-338.2683076,1249.88,1004.97,1.2437,0.000566015,0.544703
30.478,1,AUTO,ARMED,5,AVAILABLE,UNAVAILABLE,UNAVAILABLE,33,5,ACTIVE,9,E_P1S-A3.NC,E_P1S-A3.NC,2073855.592,193844.312,5709.5,4358.9512,100,23.28333,29,100,0,7,100,3500.0,1655.7,1600.77,1.03431,0.000640362,0.268924,1,545.8699637,8953.54,774.724,11.5571,0.0033691,1.19655,0,284.262221,456.325,973.719,0.468641,0.00103073,0.371267,6,-338.2683534,1249.88,1004.97,1.2437,0.000566015,0.544703
30.620478,1,AUTO,ARMED,5,AVAILABLE,UNAVAILABLE,UNAVAILABLE,33,5,ACTIVE,9,E_P1S-A3.NC,E_P1S-A3.NC,2073855.592,193844.312,5709.5,4358.9512,100,23.28333,29,100,0,8,100,3500.0,1655.7,1600.77,1.03431,0.000640362,0.268924,1,548.2738964,8953.54,774.724,11.5571,0.0033691,1.19655,0,284.2623283,456.325,973.719,0.468641,0.00103073,0.371267,6,-338.2683419,1249.88,1004.97,1.2437,0.000566015,0.544703
30.761759,1,AUTO,ARMED,5,AVAILABLE,UNAVAILABLE,UNAVAILABLE,33,5,ACTIVE,9,E_P1S-A3.NC,E_P1S-A3.NC,2073855.592,193844.312,5709.5,4358.9512,100,23.28333,30,100,0,9,100,3500.0,1655.7,1600.77,1.03431,0.000640362,0.268924,1,550.67205,8953.54,774.724,11.5571,0.0033691,1.19655,0,284.2623497,456.325,973.719,0.468641,0.00103073,0.371267,6,-338.2683305,1249.88,1004.97,1.2437,0.000566015,0.544703
30.898885,1,AUTO,ARMED,5,AVAILABLE,UNAVAILABLE,UNAVAILABLE,33,5,ACTIVE,9,E_P1S-A3.NC,E_P1S-A3.NC,2073855.592,193844.312,5709.5,4358.9512,100,23.28333,30,100,0,8,100,3500.0,1655.7,1600.77,1.03431,0.000640362,0.268924,1,553.0702751,8953.54,774.724,11.5571,0.0033691,1.19655,0,284.2623569,456.325,973.719,0.468641,0.00103073,0.371267,6,-338.2683305,1249.88,1004.97,1.2437,0.000566015,0.544703
31.055584,1,AUTO,ARMED,5,AVAILABLE,UNAVAILABLE,UNAVAILABLE,33,5,ACTIVE,9,E_P1S-A3.NC,E_P1S-A3.NC,2073855.592,193844.312,5709.5,4326.9302,100,23.28333,30,100,0,8,100,3500.0,8398.51,2676.59,3.13776,0.00160146,0.635105,1,560.2646835,10105.7,780.414,12.9492,0.00336342,1.19261,0,284.2623569,2617.87,899.881,2.90913,0.0010539,0.382678,6,-338.2683076,2163.25,1031.2,2.0978,0.000737357,0.58519
31.207851,1,AUTO,ARMED,5,AVAILABLE,UNAVAILABLE,UNAVAILABLE,33,5,ACTIVE,9,E_P1S-A3.NC,E_P1S-A3.NC,2073855.592,193844.312,5709.5,4326.9302,100,23.28333,30,100,0,8,100,3500.0,8398.51,2676.59,3.13776,0.00160146,0.635105,1,562.663143,10105.7,780.414,12.9492,0.00336342,1.19261,0,284.2623569,2617.87,899.881,2.90913,0.0010539,0.382678,6,-338.2683191,2163.25,1031.2,2.0978,0.000737357,0.58519
31.354206,1,AUTO,ARMED,5,AVAILABLE,UNAVAILABLE,UNAVAILABLE,33,5,ACTIVE,9,E_P1S-A3.NC,E_P1S-A3.NC,2073855.592,193844.312,5709.5,4326.9302,100,23.28333,30,100,0,8,100,3500.0,8398.51,2676.59,3.13776,0.00160146,0.635105,1,565.0669525,10105.7,780.414,12.9492,0.00336342,1.19261,0,284.262364,2617.87,899.881,2.90913,0.0010539,0.382678,6,-338.2683191,2163.25,1031.2,2.0978,0.000737357,0.58519
31.498221,1,AUTO,ARMED,5,AVAILABLE,UNAVAILABLE,UNAVAILABLE,33,5,ACTIVE,9,E_P1S-A3.NC,E_P1S-A3.NC,2073855.592,193844.312,5709.5,4326.9302,100,23.28333,30,100,0,8,100,3500.0,8398.51,2676.59,3.13776,0.00160146,0.635105,1,569.8576274,10105.7,780.414,12.9492,0.00336342,1.19261,0,284.2623712,2617.87,899.881,2.90913,0.0010539,0.382678,6,-338.2683076,2163.25,1031.2,2.0978,0.000737357,0.58519
31.640371,1,AUTO,ARMED,5,AVAILABLE,UNAVAILABLE,UNAVAILABLE,33,5,ACTIVE,9,E_P1S-A3.NC,E_P1S-A3.NC,2073855.592,193844.312,5709.5,4326.9302,100,23.28333,30,100,0,8,100,3500.0,8398.51,2676.59,3.13776,0.00160146,0.635105,1,572.2615871,10105.7,780.414,12.9492,0.00336342,1.19261,0,284.2623283,2617.87,899.881,2.90913,0.0010539,0.382678,6,-338.2683191,2163.25,1031.2,2.0978,0.000737357,0.58519
31.779074,1,AUTO,ARMED,5,AVAILABLE,UNAVAILABLE,UNAVAILABLE,33,5,ACTIVE,9,E_P1S-A3.NC,E_P1S-A3.NC,2073855.592,193844.312,5709.5,4326.9302,100,23.28333,31,100,0,8,100,3500.0,8398.51,2676.59,3.13776,0.00160146,0.635105,1,575.8588079,10105.7,780.414,12.9492,0.00336342,1.19261,0,284.2623569,2617.87,899.881,2.90913,0.0010539,0.382678,6,-338.2683076,2163.25,1031.2,2.0978,0.000737357,0.58519
31.927118,1,AUTO,ARMED,5,AVAILABLE,UNAVAILABLE,UNAVAILABLE,33,5,ACTIVE,9,E_P1S-A3.NC,E_P1S-A3.NC,2073855.592,193844.312,5709.5,4326.9302,100,23.28333,31,100,0,5,100,3500.0,8398.51,2676.59,3.13776,0.00160146,0.635105,1,578.2527112,10105.7,780.414,12.9492,0.00336342,1.19261,0,284.2627288,2617.87,899.881,2.90913,0.0010539,0.382678,6,-338.2682504,2163.25,1031.2,2.0978,0.000737357,0.58519
32.069756,1,AUTO,ARMED,5,AVAILABLE,UNAVAILABLE,UNAVAILABLE,33,5,ACTIVE,9,E_P1S-A3.NC,E_P1S-A3.NC,2073855.592,193844.312,5709.5,3079.8484,100,23.28333,31,100,0,0,100,3500.0,1751.69,216.638,8.08579,0.000272134,0.0895124,0,580.6498833,10153.8,263.859,38.4819,0.00027316,0.139163,0,284.2624213,480.342,58.5058,8.21016,3.26426e-05,0.0137316,6,-338.2682618,1105.66,330.142,3.34904,0.000465427,0.137129
32.211364,1,AUTO,ARMED,5,AVAILABLE,UNAVAILABLE,UNAVAILABLE,33,5,ACTIVE,9,E_P1S-A3.NC,E_P1S-A3.NC,2073855.592,193844.312,5709.5,3079.8484,100,23.28333,31,100,0,1,100,3500.0,1751.69,216.638,8.08579,0.000272134,0.0895124,0,583.0481925,10153.8,263.859,38.4819,0.00027316,0.139163,0,284.2623211,480.342,58.5058,8.21016,3.26426e-05,0.0137316,6,-338.2682733,1105.66,330.142,3.34904,0.000465427,0.137129
32.364884,1,AUTO,ARMED,5,AVAILABLE,UNAVAILABLE,UNAVAILABLE,33,5,ACTIVE,9,E_P1S-A3.NC,E_P1S-A3.NC,2073855.592,193844.312,5709.5,3079.8484,100,22.71667,31,100,0,2,100,3500.0,1751.69,216.638,8.08579,0.000272134,0.0895124,0,590.0878138,10153.8,263.859,38.4819,0.00027316,0.139163,0,284.2622997,480.342,58.5058,8.21016,3.26426e-05,0.0137316,6,-338.2682847,1105.66,330.142,3.34904,0.000465427,0.137129
32.523376,1,AUTO,ARMED,5,AVAILABLE,UNAVAILABLE,UNAVAILABLE,33,5,ACTIVE,9,E_P1S-A3.NC,E_P1S-A3.NC,2073855.592,193844.312,5709.5,3079.8484,100,14.95,31,100,0,1,100,3500.0,1751.69,216.638,8.08579,0.000272134,0.0895124,0,590.2194554,10153.8,263.859,38.4819,0.00027316,0.139163,0,284.2622997,480.342,58.5058,8.21016,3.26426e-05,0.0137316,6,-338.2682847,1105.66,330.142,3.34904,0.000465427,0.137129
32.668736,1,AUTO,ARMED,5,AVAILABLE,UNAVAILABLE,UNAVAILABLE,34,5,ACTIVE,9,E_P1S-A3.NC,E_P1S-A3.NC,2073855.592,193844.312,5709.5,3079.8484,100,0.0,31,100,0,0,100,3500.0,1751.69,216.638,8.08579,0.000272134,0.0895124,0,590.2210505,10153.8,263.859,38.4819,0.00027316,0.139163,0,284.2622997,480.342,58.5058,8.21016,3.26426e-05,0.0137316,6,-338.2682847,1105.66,330.142,3.34904,0.000465427,0.137129
32.819102,1,AUTO,ARMED,5,AVAILABLE,UNAVAILABLE,UNAVAILABLE,34,5,ACTIVE,9,E_P1S-A3.NC,E_P1S-A3.NC,2073855.592,193844.312,5709.5,3079.8484,100,0.0,32,100,0,2,100,3500.0,1751.69,216.638,8.08579,0.000272134,0.0895124,0,590.2210648,10153.8,263.859,38.4819,0.00027316,0.139163,0,284.2623068,480.342,58.5058,8.21016,3.26426e-05,0.0137316,6,-338.2682962,1105.66,330.142,3.34904,0.000465427,0.137129
32.981779,1,AUTO,ARMED,5,AVAILABLE,UNAVAILABLE,UNAVAILABLE,34,5,ACTIVE,9,E_P1S-A3.NC,E_P1S-A3.NC,2073855.592,193844.312,5709.5,3079.8484,100,0.0,32,100,0,2,100,3500.0,1751.69,216.638,8.08579,0.000272134,0.0895124,0,590.2210648,10153.8,263.859,38.4819,0.00027316,0.139163,0,284.2622997,480.342,58.5058,8.21016,3.26426e-05,0.0137316,6,-338.2682962,1105.66,330.142,3.34904,0.000465427,0.137129
33.138167,1,AUTO,ARMED,5,AVAILABLE,UNAVAILABLE,UNAVAILABLE,34,5,ACTIVE,9,E_P1S-A3.NC,E_P1S-A3.NC,2073855.592,193844.312,5709.5,3079.8484,100,0.0,32,100,0,1,100,3500.0,1727.69,215.207,8.02804,0.000293983,0.0883689,0,590.2210147,3312.57,193.118,17.1531,0.000368218,0.116636,0,284.2622997,528.375,83.3026,6.34284,5.17407e-05,0.0204482,6,-338.2682962,1081.63,434.561,2.48902,0.000363598,0.161526
33.278346,1,AUTO,ARMED,5,AVAILABLE,UNAVAILABLE,UNAVAILABLE,34,5,ACTIVE,9,E_P1S-A3.NC,E_P1S-A3.NC,2073855.592,193844.312,5709.5,3183.2568,100,0.0,32,100,0,0,100,3500.0,1727.69,215.207,8.02804,0.000293983,0.0883689,0,590.2210075,3312.57,193.118,17.1531,0.000368218,0.116636,0,284.2623068,528.375,83.3026,6.34284,5.17407e-05,0.0204482,6,-338.2682962,1081.63,434.561,2.48902,0.000363598,0.161526
33.420449,1,AUTO,ARMED,5,AVAILABLE,UNAVAILABLE,UNAVAILABLE,34,5,ACTIVE,9,E_P1S-A3.NC,E_P1S-A3.NC,2073855.592,193844.312,5709.5,3183.2568,100,0.0,32,100,0,1,100,3500.0,1727.69,215.207,8.02804,0.000293983,0.0883689,0,590.2210147,3312.57,193.118,17.1531,0.000368218,0.116636,0,284.2622997,528.375,83.3026,6.34284,5.17407e-05,0.0204482,6,-338.2682962,1081.63,434.561,2.48902,0.000363598,0.161526
33.581378,1,AUTO,ARMED,5,AVAILABLE,UNAVAILABLE,UNAVAILABLE,34,5,ACTIVE,9,E_P1S-A3.NC,E_P1S-A3.NC,2073855.592,193844.312,5709.5,3183.2568,100,10.96667,32,100,0,1,100,3500.0,1727.69,215.207,8.02804,0.000293983,0.0883689,0,590.2054095,3312.57,193.118,17.1531,0.000368218,0.116636,0,284.5667666,528.375,83.3026,6.34284,5.17407e-05,0.0204482,6,-338.2682962,1081.63,434.561,2.48902,0.000363598,0.161526
33.733802,1,AUTO,ARMED,5,AVAILABLE,UNAVAILABLE,UNAVAILABLE,36,5,ACTIVE,9,E_P1S-A3.NC,E_P1S-A3.NC,2073855.592,193844.312,5709.5,3183.2568,100,19.18333,33,100,0,0,100,3500.0,1727.69,215.207,8.02804,0.000293983,0.0883689,2,584.855002,3312.57,193.118,17.1531,0.000368218,0.116636,0,284.5798127,528.375,83.3026,6.34284,5.17407e-05,0.0204482,6,-338.2683076,1081.63,434.561,2.48902,0.000363598,0.161526
33.881078,1,AUTO,ARMED,5,AVAILABLE,UNAVAILABLE,UNAVAILABLE,36,5,ACTIVE,9,E_P1S-A3.NC,E_P1S-A3.NC,2073855.592,193844.312,5709.5,3183.2568,100,23.28333,33,100,0,0,100,3500.0,1727.69,215.207,8.02804,0.000293983,0.0883689,0,582.4569353,3312.57,193.118,17.1531,0.000368218,0.116636,0,284.5798199,528.375,83.3026,6.34284,5.17407e-05,0.0204482,6,-338.2682962,1081.63,434.561,2.48902,0.000363598,0.161526
34.036253,1,AUTO,ARMED,5,AVAILABLE,UNAVAILABLE,UNAVAILABLE,36,5,ACTIVE,9,E_P1S-A3.NC,E_P1S-A3.NC,2073855.592,193844.312,5709.5,3183.2568,100,23.28333,33,100,0,0,100,3500.0,1727.69,215.207,8.02804,0.000293983,0.0883689,0,580.0645807,3312.57,193.118,17.1531,0.000368218,0.116636,0,284.5798127,528.375,83.3026,6.34284,5.17407e-05,0.0204482,6,-338.2683076,1081.63,434.561,2.48902,0.000363598,0.161526
34.182082,1,AUTO,ARMED,5,AVAILABLE,UNAVAILABLE,UNAVAILABLE,36,5,ACTIVE,9,E_P1S-A3.NC,E_P1S-A3.NC,2073855.592,193844.312,5709.5,3183.2568,100,23.28333,33,100,0,5,100,3500.0,7870.6,791.461,9.94439,0.00189832,0.676133,0,575.2555957,8713.5,920.783,9.46314,0.00435234,1.53839,0,284.5795981,2377.7,477.564,4.97881,0.00134378,0.469697,6,-338.2683534,1682.53,587.469,2.86403,0.000836633,0.381868
34.323757,1,AUTO,ARMED,5,AVAILABLE,UNAVAILABLE,UNAVAILABLE,36,5,ACTIVE,9,E_P1S-A3.NC,E_P1S-A3.NC,2073855.592,193844.312,5709.5,4091.7419,100,23.28333,33,100,0,7,100,3500.0,7870.6,791.461,9.94439,0.00189832,0.676133,0,572.8631983,8713.5,920.783,9.46314,0.00435234,1.53839,0,284.5797769,2377.7,477.564,4.97881,0.00134378,0.469697,6,-338.2683419,1682.53,587.469,2.86403,0.000836633,0.381868
34.470552,1,AUTO,ARMED,5,AVAILABLE,UNAVAILABLE,UNAVAILABLE,36,5,ACTIVE,9,E_P1S-A3.NC,E_P1S-A3.NC,2073855.592,193844.312,5709.5,4091.7419,100,23.28333,33,100,0,7,100,3500.0,7870.6,791.461,9.94439,0.00189832,0.676133,0,570.4592064,8713.5,920.783,9.46314,0.00435234,1.53839,0,284.5798199,2377.7,477.564,4.97881,0.00134378,0.469697,6,-338.2683419,1682.53,587.469,2.86403,0.000836633,0.381868
34.613555,1,AUTO,ARMED,5,AVAILABLE,UNAVAILABLE,UNAVAILABLE,36,5,ACTIVE,9,E_P1S-A3.NC,E_P1S-A3.NC,2073855.592,193844.312,5709.5,4091.7419,100,23.28333,33,100,0,6,100,3500.0,7870.6,791.461,9.94439,0.00189832,0.676133,0,565.6687538,8713.5,920.783,9.46314,0.00435234,1.53839,0,284.5798485,2377.7,477.564,4.97881,0.00134378,0.469697,6,-338.2683076,1682.53,587.469,2.86403,0.000836633,0.381868
34.76436,1,AUTO,ARMED,5,AVAILABLE,UNAVAILABLE,UNAVAILABLE,36,5,ACTIVE,9,E_P1S-A3.NC,E_P1S-A3.NC,2073855.592,193844.312,5709.5,4091.7419,100,23.28333,34,100,0,6,100,3500.0,7870.6,791.461,9.94439,0.00189832,0.676133,0,563.2647763,8713.5,920.783,9.46314,0.00435234,1.53839,0,284.5798199,2377.7,477.564,4.97881,0.00134378,0.469697,6,-338.2683191,1682.53,587.469,2.86403,0.000836633,0.381868
34.907777,1,AUTO,ARMED,5,AVAILABLE,UNAVAILABLE,UNAVAILABLE,36,5,ACTIVE,9,E_P1S-A3.NC,E_P1S-A3.NC,2073855.592,193844.312,5709.5,4091.7419,100,23.28333,34,100,0,7,100,3500.0,7870.6,791.461,9.94439,0.00189832,0.676133,1,560.8663707,8713.5,920.783,9.46314,0.00435234,1.53839,0,284.5798055,2377.7,477.564,4.97881,0.00134378,0.469697,6,-338.2683191,1682.53,587.469,2.86403,0.000836633,0.381868
35.053654,1,AUTO,ARMED,5,AVAILABLE,UNAVAILABLE,UNAVAILABLE,36,5,ACTIVE,9,E_P1S-A3.NC,E_P1S-A3.NC,2073855.592,193844.312,5709.5,4091.7419,100,23.28333,34,100,0,6,100,3500.0,7870.6,791.461,9.94439,0.00189832,0.676133,0,556.0760626,8713.5,920.783,9.46314,0.00435234,1.53839,0,284.5798413,2377.7,477.564,4.97881,0.00134378,0.469697,6,-338.2683076,1682.53,587.469,2.86403,0.000836633,0.381868
35.192383,1,AUTO,ARMED,5,AVAILABLE,UNAVAILABLE,UNAVAILABLE,36,5,ACTIVE,9,E_P1S-A3.NC,E_P1S-A3.NC,2073855.592,193844.312,5709.5,4091.7419,100,23.28333,34,100,0,7,100,3500.0,3719.34,220.998,16.8297,0.000179038,0.0758636,0,551.2738488,8377.44,806.441,10.3882,0.000266383,1.50472,0,284.5798127,1801.29,193.348,9.31631,0.000542459,0.186542,6,-338.2683076,1682.53,333.909,5.03889,0.000369877,0.145783
35.329814,1,AUTO,ARMED,5,AVAILABLE,UNAVAILABLE,UNAVAILABLE,36,5,ACTIVE,9,E_P1S-A3.NC,E_P1S-A3.NC,2073855.592,193844.312,5709.5,3044.8279,100,23.28333,34,100,0,7,100,3500.0,3719.34,220.998,16.8297,0.000179038,0.0758636,0,548.8814823,8377.44,806.441,10.3882,0.000266383,1.50472,0,284.579827,1801.29,193.348,9.31631,0.000542459,0.186542,6,-338.2683191,1682.53,333.909,5.03889,0.000369877,0.145783
35.489682,1,AUTO,ARMED,5,AVAILABLE,UNAVAILABLE,UNAVAILABLE,36,5,ACTIVE,9,E_P1S-A3.NC,E_P1S-A3.NC,2073855.592,193844.312,5709.5,3044.8279,100,23.28333,34,100,0,7,100,3500.0,3719.34,220.998,16.8297,0.000179038,0.0758636,0,546.4777147,8377.44,806.441,10.3882,0.000266383,1.50472,0,284.5798199,1801.29,193.348,9.31631,0.000542459,0.186542,6,-338.2683076,1682.53,333.909,5.03889,0.000369877,0.145783
35.640714,1,AUTO,ARMED,5,AVAILABLE,UNAVAILABLE,UNAVAILABLE,36,5,ACTIVE,9,E_P1S-A3.NC,E_P1S-A3.NC,2073855.592,193844.312,5709.5,3044.8279,100,23.28333,34,100,0,6,100,3500.0,3719.34,220.998,16.8297,0.000179038,0.0758636,0,541.6879677,8377.44,806.441,10.3882,0.000266383,1.50472,0,284.5802275,1801.29,193.348,9.31631,0.000542459,0.186542,6,-338.2682618,1682.53,333.909,5.03889,0.000369877,0.145783
35.786199,1,AUTO,ARMED,5,AVAILABLE,UNAVAILABLE,UNAVAILABLE,36,5,ACTIVE,9,E_P1S-A3.NC,E_P1S-A3.NC,2073855.592,193844.312,5709.5,3044.8279,100,23.28333,35,100,0,0,100,3500.0,3719.34,220.998,16.8297,0.000179038,0.0758636,0,538.0845694,8377.44,806.441,10.3882,0.000266383,1.50472,0,284.5798485,1801.29,193.348,9.31631,0.000542459,0.186542,6,-338.2682733,1682.53,333.909,5.03889,0.000369877,0.145783
35.942815,1,AUTO,ARMED,5,AVAILABLE,UNAVAILABLE,UNAVAILABLE,36,5,ACTIVE,9,E_P1S-A3.NC,E_P1S-A3.NC,2073855.592,193844.312,5709.5,3044.8279,100,23.28333,35,100,0,1,100,3500.0,3719.34,220.998,16.8297,0.000179038,0.0758636,0,535.6922314,8377.44,806.441,10.3882,0.000266383,1.50472,0,284.5798055,1801.29,193.348,9.31631,0.000542459,0.186542,6,-338.2682733,1682.53,333.909,5.03889,0.000369877,0.145783
36.086424,1,AUTO,ARMED,5,AVAILABLE,UNAVAILABLE,UNAVAILABLE,36,5,ACTIVE,9,E_P1S-A3.NC,E_P1S-A3.NC,2073855.592,193844.312,5709.5,3044.8279,100,23.28333,35,100,0,0,100,3500.0,3719.34,220.998,16.8297,0.000179038,0.0758636,0,533.2941763,8377.44,806.441,10.3882,0.000266383,1.50472,0,284.5797912,1801.29,193.348,9.31631,0.000542459,0.186542,6,-338.2682847,1682.53,333.909,5.03889,0.000369877,0.145783
36.229321,1,AUTO,ARMED,5,AVAILABLE,UNAVAILABLE,UNAVAILABLE,37,5,ACTIVE,9,E_P1S-A3.NC,E_P1S-A3.NC,2073855.592,193844.312,5709.5,3044.8279,100,11.63333,35,100,0,1,100,3500.0,1583.72,219.811,7.20492,0.000241531,0.0916551,0,530.2794885,7273.25,69.0296,105.364,0.000320657,0.108705,0,284.5797984,528.376,65.7121,8.04077,0.000128062,0.0370463,6,-338.2682962,1321.99,439.695,3.00661,0.000319729,0.152805
36.366689,1,AUTO,ARMED,5,AVAILABLE,UNAVAILABLE,UNAVAILABLE,37,5,ACTIVE,9,E_P1S-A3.NC,E_P1S-A3.NC,2073855.592,193844.312,5709.5,3076.9014,100,0.0,35,100,0,0,100,3500.0,1583.72,219.811,7.20492,0.000241531,0.0916551,0,530.2769708,7273.25,69.0296,105.364,0.000320657,0.108705,0,284.5798055,528.376,65.7121,8.04077,0.000128062,0.0370463,6,-338.2682962,1321.99,439.695,3.00661,0.000319729,0.152805
36.509995,1,AUTO,ARMED,5,AVAILABLE,UNAVAILABLE,UNAVAILABLE,37,5,ACTIVE,9,E_P1S-A3.NC,E_P1S-A3.NC,2073855.592,193844.312,5709.5,3076.9014,100,0.0,35,100,0,0,100,3500.0,1583.72,219.811,7.20492,0.000241531,0.0916551,0,530.2768921,7273.25,69.0296,105.364,0.000320657,0.108705,0,284.5798055,528.376,65.7121,8.04077,0.000128062,0.0370463,6,-338.2683076,1321.99,439.695,3.00661,0.000319729,0.152805
36.67861,1,AUTO,ARMED,5,AVAILABLE,UNAVAILABLE,UNAVAILABLE,37,5,ACTIVE,9,E_P1S-A3.NC,E_P1S-A3.NC,2073855.592,193844.312,5709.5,3076.9014,100,0.0,36,100,0,0,100,3500.0,1583.72,219.811,7.20492,0.000241531,0.0916551,0,530.2769493,7273.25,69.0296,105.364,0.000320657,0.108705,0,284.5797984,528.376,65.7121,8.04077,0.000128062,0.0370463,6,-338.2682962,1321.99,439.695,3.00661,0.000319729,0.152805
36.836861,1,AUTO,ARMED,5,AVAILABLE,UNAVAILABLE,UNAVAILABLE,37,5,ACTIVE,9,E_P1S-A3.NC,E_P1S-A3.NC,2073855.592,193844.312,5709.5,3076.9014,100,0.0,36,100,0,0,100,3500.0,1583.72,219.811,7.20492,0.000241531,0.0916551,0,530.2769636,7273.25,69.0296,105.364,0.000320657,0.108705,0,284.5798055,528.376,65.7121,8.04077,0.000128062,0.0370463,6,-338.2683076,1321.99,439.695,3.00661,0.000319729,0.152805
37.028493,1,AUTO,ARMED,5,AVAILABLE,UNAVAILABLE,UNAVAILABLE,37,5,ACTIVE,9,E_P1S-A3.NC,E_P1S-A3.NC,2073855.592,193844.312,5709.5,3076.9014,100,0.0,36,100,0,0,100,3500.0,1583.72,219.811,7.20492,0.000241531,0.0916551,0,530.2769708,7273.25,69.0296,105.364,0.000320657,0.108705,0,284.5798055,528.376,65.7121,8.04077,0.000128062,0.0370463,6,-338.2682962,1321.99,439.695,3.00661,0.000319729,0.152805
37.184773,1,AUTO,ARMED,5,AVAILABLE,UNAVAILABLE,UNAVAILABLE,37,5,ACTIVE,9,E_P1S-A3.NC,E_P1S-A3.NC,2073855.592,193844.312,5709.5,3076.9014,100,0.0,36,100,0,0,100,3500.0,1583.72,219.811,7.20492,0.000241531,0.0916551,0,530.2769851,7273.25,69.0296,105.364,0.000320657,0.108705,0,284.7145011,528.376,65.7121,8.04077,0.000128062,0.0370463,6,-338.2682962,1321.99,439.695,3.00661,0.000319729,0.152805
37.336575,1,AUTO,ARMED,5,AVAILABLE,UNAVAILABLE,UNAVAILABLE,40,5,ACTIVE,9,E_P1S-A3.NC,E_P1S-A3.NC,2073855.592,193844.312,5709.5,3076.9014,100,0.0,36,100,0,1,100,3500.0,1535.73,198.148,7.75042,0.000212769,0.0721534,0,530.2769922,2904.5,56.5956,51.3202,0.000264615,0.0913848,0,284.8973186,648.459,73.8814,8.77703,8.61937e-05,0.0303584,6,-338.2682962,1249.88,477.337,2.61844,0.000225812,0.171447
37.495974,1,AUTO,ARMED,5,AVAILABLE,UNAVAILABLE,UNAVAILABLE,41,5,ACTIVE,9,E_P1S-A3.NC,E_P1S-A3.NC,2073855.592,193844.312,5709.5,3086.2041,100,0.0,36,100,0,1,100,3500.0,1535.73,198.148,7.75042,0.000212769,0.0721534,0,530.2769994,2904.5,56.5956,51.3202,0.000264615,0.0913848,0,284.8973114,648.459,73.8814,8.77703,8.61937e-05,0.0303584,6,-338.2683076,1249.88,477.337,2.61844,0.000225812,0.171447
37.634891,1,AUTO,ARMED,5,AVAILABLE,UNAVAILABLE,UNAVAILABLE,41,5,ACTIVE,9,E_P1S-A3.NC,E_P1S-A3.NC,2073855.592,193844.312,5709.5,3086.2041,100,0.0,36,100,0,1,100,3500.0,1535.73,198.148,7.75042,0.000212769,0.0721534,0,530.2769994,2904.5,56.5956,51.3202,0.000264615,0.0913848,0,284.8973043,648.459,73.8814,8.77703,8.61937e-05,0.0303584,6,-338.2682962,1249.88,477.337,2.61844,0.000225812,0.171447
37.788325,1,AUTO,ARMED,5,AVAILABLE,UNAVAILABLE,UNAVAILABLE,41,5,ACTIVE,9,E_P1S-A3.NC,E_P1S-A3.NC,2073855.592,193844.312,5709.5,3086.2041,100,0.0,37,100,0,0,100,3500.0,1535.73,198.148,7.75042,0.000212769,0.0721534,0,530.2769994,2904.5,56.5956,51.3202,0.000264615,0.0913848,0,284.8973043,648.459,73.8814,8.77703,8.61937e-05,0.0303584,6,-338.2682962,1249.88,477.337,2.61844,0.000225812,0.171447
37.931336,1,AUTO,ARMED,5,AVAILABLE,UNAVAILABLE,UNAVAILABLE,41,5,ACTIVE,9,E_P1S-A3.NC,E_P1S-A3.NC,2073855.592,193844.312,5709.5,3086.2041,100,0.0,37,100,0,0,100,3500.0,1535.73,198.148,7.75042,0.000212769,0.0721534,0,530.2769994,2904.5,56.5956,51.3202,0.000264615,0.0913848,0,284.8973043,648.459,73.8814,8.77703,8.61937e-05,0.0303584,6,-338.2682962,1249.88,477.337,2.61844,0.000225812,0.171447
38.090814,1,AUTO,ARMED,5,AVAILABLE,UNAVAILABLE,UNAVAILABLE,41,5,ACTIVE,9,E_P1S-A3.NC,E_P1S-A3.NC,2073855.592,193844.312,5709.5,3086.2041,100,0.0,37,100,0,9,100,3500.0,1535.73,198.148,7.75042,0.000212769,0.0721534,0,530.2769994,2904.5,56.5956,51.3202,0.000264615,0.0913848,0,284.8973043,648.459,73.8814,8.77703,8.61937e-05,0.0303584,6,-338.2683076,1249.88,477.337,2.61844,0.000225812,0.171447
38.258853,1,AUTO,ARMED,5,AVAILABLE,UNAVAILABLE,UNAVAILABLE,41,5,ACTIVE,9,E_P1S-A3.NC,E_P1S-A3.NC,2073855.592,193844.312,5709.5,3086.2041,100,0.0,37,100,0,1,100,3500.0,1535.73,198.148,7.75042,0.000212769,0.0721534,0,530.2769994,2904.5,56.5956,51.3202,0.000264615,0.0913848,0,284.8973114,648.459,73.8814,8.77703,8.61937e-05,0.0303584,6,-338.2682962,1249.88,477.337,2.61844,0.000225812,0.171447
38.409461,1,AUTO,ARMED,5,AVAILABLE,UNAVAILABLE,UNAVAILABLE,42,5,ACTIVE,9,E_P1S-A3.NC,E_P1S-A3.NC,2073855.592,193844.312,5709.5,3086.2041,100,25.4,37,100,0,0,100,3500.0,1535.73,2740.45,0.560393,0.00153616,0.634145,0,532.5327804,9841.7,806.334,12.2055,0.00348558,1.2352,0,284.8973043,528.376,196.308,2.69157,5.64528e-05,0.0300762,6,-338.2682962,1225.84,950.595,1.28955,0.000616876,0.514191
38.553403,1,AUTO,ARMED,5,AVAILABLE,UNAVAILABLE,UNAVAILABLE,42,5,ACTIVE,9,E_P1S-A3.NC,E_P1S-A3.NC,2073855.592,193844.312,5709.5,4474.3306,100,25.4,37,100,0,1,100,3500.0,1535.73,2740.45,0.560393,0.00153616,0.634145,0,535.1475907,9841.7,806.334,12.2055,0.00348558,1.2352,0,284.8972971,528.376,196.308,2.69157,5.64528e-05,0.0300762,6,-338.2682962,1225.84,950.595,1.28955,0.000616876,0.514191
38.699151,1,AUTO,ARMED,5,AVAILABLE,UNAVAILABLE,UNAVAILABLE,42,5,ACTIVE,9,E_P1S-A3.NC,E_P1S-A3.NC,2073855.592,193844.312,5709.5,4474.3306,100,25.4,37,100,0,1,100,3500.0,1535.73,2740.45,0.560393,0.00153616,0.634145,0,537.7700238,9841.7,806.334,12.2055,0.00348558,1.2352,0,284.8973043,528.376,196.308,2.69157,5.64528e-05,0.0300762,6,-338.2682962,1225.84,950.595,1.28955,0.000616876,0.514191
38.837904,1,AUTO,ARMED,5,AVAILABLE,UNAVAILABLE,UNAVAILABLE,42,5,ACTIVE,9,E_P1S-A3.NC,E_P1S-A3.NC,2073855.592,193844.312,5709.5,4474.3306,100,25.4,38,100,0,0,100,3500.0,1535.73,2740.45,0.560393,0.00153616,0.634145,0,542.9938831,9841.7,806.334,12.2055,0.00348558,1.2352,0,284.896918,528.376,196.308,2.69157,5.64528e-05,0.0300762,6,-338.2683648,1225.84,950.595,1.28955,0.000616876,0.514191
38.982092,1,AUTO,ARMED,5,AVAILABLE,UNAVAILABLE,UNAVAILABLE,42,5,ACTIVE,9,E_P1S-A3.NC,E_P1S-A3.NC,2073855.592,193844.312,5709.5,4474.3306,100,25.4,38,100,0,5,100,3500.0,1535.73,2740.45,0.560393,0.00153616,0.634145,0,545.6177396,9841.7,806.334,12.2055,0.00348558,1.2352,0,284.8971326,528.376,196.308,2.69157,5.64528e-05,0.0300762,6,-338.2683648,1225.84,950.595,1.28955,0.000616876,0.514191
39.132918,1,AUTO,ARMED,5,AVAILABLE,UNAVAILABLE,UNAVAILABLE,42,5,ACTIVE,9,E_P1S-A3.NC,E_P1S-A3.NC,2073855.592,193844.312,5709.5,4474.3306,100,25.4,38,100,0,9,100,3500.0,1535.73,2740.45,0.560393,0.00153616,0.634145,1,548.2277774,9841.7,806.334,12.2055,0.00348558,1.2352,0,284.8973257,528.376,196.308,2.69157,5.64528e-05,0.0300762,6,-338.2683534,1225.84,950.595,1.28955,0.000616876,0.514191
39.28454,1,AUTO,ARMED,5,AVAILABLE,UNAVAILABLE,UNAVAILABLE,42,5,ACTIVE,9,E_P1S-A3.NC,E_P1S-A3.NC,2073855.592,193844.312,5709.5,4474.3306,100,25.4,38,100,0,9,100,3500.0,1535.73,2740.45,0.560393,0.00153616,0.634145,1,556.0765017,9841.7,806.334,12.2055,0.00348558,1.2352,0,284.8973615,528.376,196.308,2.69157,5.64528e-05,0.0300762,6,-338.2683191,1225.84,950.595,1.28955,0.000616876,0.514191
39.463485,1,AUTO,ARMED,5,AVAILABLE,UNAVAILABLE,UNAVAILABLE,42,5,ACTIVE,9,E_P1S-A3.NC,E_P1S-A3.NC,2073855.592,193844.312,5709.5,4474.3306,100,25.4,38,100,0,9,100,3500.0,9022.4,2935.49,3.07356,0.00170505,0.693561,2,558.6925619,11161.9,804.52,13.874,0.00367821,1.30214,0,284.8973615,2641.89,947.661,2.7878,0.00109281,0.400614,6,-338.2683191,2259.4,1121.19,2.01518,0.000757547,0.634881
39.611289,1,AUTO,ARMED,5,AVAILABLE,UNAVAILABLE,UNAVAILABLE,42,5,ACTIVE,9,E_P1S-A3.NC,E_P1S-A3.NC,2073855.592,193844.312,5709.5,4474.3306,100,25.4,38,100,0,9,100,3500.0,9022.4,2935.49,3.07356,0.00170505,0.693561,1,562.6233893,11161.9,804.52,13.874,0.00367821,1.30214,0,284.8973472,2641.89,947.661,2.7878,0.00109281,0.400614,6,-338.2683191,2259.4,1121.19,2.01518,0.000757547,0.634881
39.758027,1,AUTO,ARMED,5,AVAILABLE,UNAVAILABLE,UNAVAILABLE,42,5,ACTIVE,9,E_P1S-A3.NC,E_P1S-A3.NC,2073855.592,193844.312,5709.5,3692.1216,100,25.4,39,100,0,9,100,3500.0,9022.4,2935.49,3.07356,0.00170505,0.693561,1,565.2394783,11161.9,804.52,13.874,0.00367821,1.30214,0,284.8973615,2641.89,947.661,2.7878,0.00109281,0.400614,6,-338.2683076,2259.4,1121.19,2.01518,0.000757547,0.634881
39.904084,1,AUTO,ARMED,5,AVAILABLE,UNAVAILABLE,UNAVAILABLE,42,5,ACTIVE,9,E_P1S-A3.NC,E_P1S-A3.NC,2073855.592,193844.312,5709.5,3692.1216,100,25.4,39,100,0,8,100,3500.0,9022.4,2935.49,3.07356,0.00170505,0.693561,1,567.8493661,11161.9,804.52,13.874,0.00367821,1.30214,0,284.897383,2641.89,947.661,2.7878,0.00109281,0.400614,6,-338.2683076,2259.4,1121.19,2.01518,0.000757547,0.634881
40.063719,1,AUTO,ARMED,5,AVAILABLE,UNAVAILABLE,UNAVAILABLE,42,5,ACTIVE,9,E_P1S-A3.NC,E_P1S-A3.NC,2073855.592,193844.312,5709.5,3692.1216,100,25.4,39,100,0,9,100,3500.0,9022.4,2935.49,3.07356,0.00170505,0.693561,2,573.0881531,11161.9,804.52,13.874,0.00367821,1.30214,0,284.8973615,2641.89,947.661,2.7878,0.00109281,0.400614,6,-338.2683076,2259.4,1121.19,2.01518,0.000757547,0.634881
40.208781,1,AUTO,ARMED,5,AVAILABLE,UNAVAILABLE,UNAVAILABLE,42,5,ACTIVE,9,E_P1S-A3.NC,E_P1S-A3.NC,2073855.592,193844.312,5709.5,3692.1216,100,25.4,39,100,0,8,100,3500.0,9022.4,2935.49,3.07356,0.00170505,0.693561,0,578.3159323,11161.9,804.52,13.874,0.00367821,1.30214,0,284.8977835,2641.89,947.661,2.7878,0.00109281,0.400614,6,-338.2682389,2259.4,1121.19,2.01518,0.000757547,0.634881
40.363682,1,AUTO,ARMED,5,AVAILABLE,UNAVAILABLE,UNAVAILABLE,42,5,ACTIVE,9,E_P1S-A3.NC,E_P1S-A3.NC,2073855.592,193844.312,5709.5,3692.1216,100,25.4,39,100,0,1,100,3500.0,9022.4,2935.49,3.07356,0.00170505,0.693561,0,580.9374071,11161.9,804.52,13.874,0.00367821,1.30214,0,284.8974187,2641.89,947.661,2.7878,0.00109281,0.400614,6,-338.2682504,2259.4,1121.19,2.01518,0.000757547,0.634881
40.512159,1,AUTO,ARMED,5,AVAILABLE,UNAVAILABLE,UNAVAILABLE,42,5,ACTIVE,9,E_P1S-A3.NC,E_P1S-A3.NC,2073855.592,193844.312,5709.5,3692.1216,100,25.4,39,100,0,1,100,3500.0,1631.71,213.154,7.65508,0.000221635,0.0923984,0,583.5598619,8377.45,70.2068,119.325,0.000331414,0.106092,0,284.8973329,672.483,70.577,9.52836,9.50663e-05,0.0291425,6,-338.2682733,1129.7,398.356,2.83591,0.000287472,0.148828
40.682358,1,AUTO,ARMED,5,AVAILABLE,UNAVAILABLE,UNAVAILABLE,42,5,ACTIVE,9,E_P1S-A3.NC,E_P1S-A3.NC,2073855.592,193844.312,5709.5,3692.1216,100,14.11667,39,100,0,1,100,3500.0,1631.71,213.154,7.65508,0.000221635,0.0923984,0,588.7857815,8377.45,70.2068,119.325,0.000331414,0.106092,0,284.8972971,672.483,70.577,9.52836,9.50663e-05,0.0291425,6,-338.2682847,1129.7,398.356,2.83591,0.000287472,0.148828
40.824576,1,AUTO,ARMED,5,AVAILABLE,UNAVAILABLE,UNAVAILABLE,42,5,ACTIVE,9,E_P1S-A3.NC,E_P1S-A3.NC,2073855.592,193844.312,5709.5,3071.9373,100,14.11667,40,100,0,0,100,3500.0,1631.71,213.154,7.65508,0.000221635,0.0923984,0,590.2206857,8377.45,70.2068,119.325,0.000331414,0.106092,0,284.8972971,672.483,70.577,9.52836,9.50663e-05,0.0291425,6,-338.2682847,1129.7,398.356,2.83591,0.000287472,0.148828
40.967356,1,AUTO,ARMED,5,AVAILABLE,UNAVAILABLE,UNAVAILABLE,43,5,ACTIVE,9,E_P1S-A3.NC,E_P1S-A3.NC,2073855.592,193844.312,5709.5,3071.9373,100,0.0,40,100,0,0,100,3500.0,1631.71,213.154,7.65508,0.000221635,0.0923984,0,590.2210934,8377.45,70.2068,119.325,0.000331414,0.106092,0,284.8973043,672.483,70.577,9.52836,9.50663e-05,0.0291425,6,-338.2682962,1129.7,398.356,2.83591,0.000287472,0.148828
41.111027,1,AUTO,ARMED,5,AVAILABLE,UNAVAILABLE,UNAVAILABLE,43,5,ACTIVE,9,E_P1S-A3.NC,E_P1S-A3.NC,2073855.592,193844.312,5709.5,3071.9373,100,0.0,40,100,0,1,100,3500.0,1631.71,213.154,7.65508,0.000221635,0.0923984,0,590.2210719,8377.45,70.2068,119.325,0.000331414,0.106092,0,284.8973043,672.483,70.577,9.52836,9.50663e-05,0.0291425,6,-338.2682962,1129.7,398.356,2.83591,0.000287472,0.148828
41.253821,1,AUTO,ARMED,5,AVAILABLE,UNAVAILABLE,UNAVAILABLE,43,5,ACTIVE,9,E_P1S-A3.NC,E_P1S-A3.NC,2073855.592,193844.312,5709.5,3071.9373,100,0.0,40,100,0,9,100,3500.0,1631.71,213.154,7.65508,0.000221635,0.0923984,0,590.2210361,8377.45,70.2068,119.325,0.000331414,0.106092,0,284.8973043,672.483,70.577,9.52836,9.50663e-05,0.0291425,6,-338.2682962,1129.7,398.356,2.83591,0.000287472,0.148828
41.394001,1,AUTO,ARMED,5,AVAILABLE,UNAVAILABLE,UNAVAILABLE,43,5,ACTIVE,9,E_P1S-A3.NC,E_P1S-A3.NC,2073855.592,193844.312,5709.5,3071.9373,100,0.0,40,100,0,0,100,3500.0,1631.71,213.154,7.65508,0.000221635,0.0923984,0,590.2210075,8377.45,70.2068,119.325,0.000331414,0.106092,0,284.8973043,672.483,70.577,9.52836,9.50663e-05,0.0291425,6,-338.2683076,1129.7,398.356,2.83591,0.000287472,0.148828
41.541655,1,AUTO,ARMED,5,AVAILABLE,UNAVAILABLE,UNAVAILABLE,43,5,ACTIVE,9,E_P1S-A3.NC,E_P1S-A3.NC,2073855.592,193844.312,5709.5,3071.9373,100,0.0,40,100,0,0,100,3500.0,1679.7,206.052,8.15183,0.000357733,0.0945241,0,590.2210075,3432.59,272.066,12.6168,0.000206945,0.103427,0,284.8973043,912.653,85.9258,10.6214,6.27976e-05,0.0230983,6,-338.2682962,1153.73,354.297,3.25639,0.000238327,0.124676
41.685895,1,AUTO,ARMED,5,AVAILABLE,UNAVAILABLE,UNAVAILABLE,43,5,ACTIVE,9,E_P1S-A3.NC,E_P1S-A3.NC,2073855.592,193844.312,5709.5,3071.9373,100,0.0,40,100,0,1,100,3500.0,1679.7,206.052,8.15183,0.000357733,0.0945241,0,590.2210075,3432.59,272.066,12.6168,0.000206945,0.103427,0,284.8973043,912.653,85.9258,10.6214,6.27976e-05,0.0230983,6,-338.2683076,1153.73,354.297,3.25639,0.000238327,0.124676
41.854183,1,AUTO,ARMED,5,AVAILABLE,UNAVAILABLE,UNAVAILABLE,45,5,ACTIVE,9,E_P1S-A3.NC,E_P1S-A3.NC,2073855.592,193844.312,5709.5,4116.5288,100,8.0,41,100,0,0,100,3500.0,1679.7,206.052,8.15183,0.000357733,0.0945241,0,590.2200652,3432.59,272.066,12.6168,0.000206945,0.103427,1,285.1693561,912.653,85.9258,10.6214,6.27976e-05,0.0230983,6,-338.2683076,1153.73,354.297,3.25639,0.000238327,0.124676
42.020372,1,AUTO,ARMED,5,AVAILABLE,UNAVAILABLE,UNAVAILABLE,45,5,ACTIVE,9,E_P1S-A3.NC,E_P1S-A3.NC,2073855.592,193844.312,5709.5,4116.5288,100,16.43333,41,100,0,0,100,3500.0,1679.7,206.052,8.15183,0.000357733,0.0945241,0,588.557292,3432.59,272.066,12.6168,0.000206945,0.103427,1,285.2147673,912.653,85.9258,10.6214,6.27976e-05,0.0230983,6,-338.2682962,1153.73,354.297,3.25639,0.000238327,0.124676
42.168141,1,AUTO,ARMED,5,AVAILABLE,UNAVAILABLE,UNAVAILABLE,45,5,ACTIVE,9,E_P1S-A3.NC,E_P1S-A3.NC,2073855.592,193844.312,5709.5,4116.5288,100,20.91667,41,100,0,0,100,3500.0,1679.7,206.052,8.15183,0.000357733,0.0945241,0,583.3221623,3432.59,272.066,12.6168,0.000206945,0.103427,0,285.2148173,912.653,85.9258,10.6214,6.27976e-05,0.0230983,6,-338.2682962,1153.73,354.297,3.25639,0.000238327,0.124676
42.309702,1,AUTO,ARMED,5,AVAILABLE,UNAVAILABLE,UNAVAILABLE,45,5,ACTIVE,9,E_P1S-A3.NC,E_P1S-A3.NC,2073855.592,193844.312,5709.5,4116.5288,100,25.4,41,100,0,0,100,3500.0,1679.7,206.052,8.15183,0.000357733,0.0945241,0,580.7125193,3432.59,272.066,12.6168,0.000206945,0.103427,0,285.2148173,912.653,85.9258,10.6214,6.27976e-05,0.0230983,6,-338.2683076,1153.73,354.297,3.25639,0.000238327,0.124676
42.449339,1,AUTO,ARMED,5,AVAILABLE,UNAVAILABLE,UNAVAILABLE,45,5,ACTIVE,9,E_P1S-A3.NC,E_P1S-A3.NC,2073855.592,193844.312,5709.5,4116.5288,100,25.4,41,100,0,4,100,3500.0,1679.7,206.052,8.15183,0.000357733,0.0945241,0,578.0945865,3432.59,272.066,12.6168,0.000206945,0.103427,0,285.2139447,912.653,85.9258,10.6214,6.27976e-05,0.0230983,6,-338.2683534,1153.73,354.297,3.25639,0.000238327,0.124676
42.593838,1,AUTO,ARMED,5,AVAILABLE,UNAVAILABLE,UNAVAILABLE,45,5,ACTIVE,9,E_P1S-A3.NC,E_P1S-A3.NC,2073855.592,193844.312,5709.5,4116.5288,100,25.4,41,100,0,7,100,3500.0,3287.41,818.949,4.01418,0.00197011,0.674863,0,572.8628835,9721.67,892.64,10.8909,0.00440655,1.55393,0,285.214803,1921.37,484.362,3.96681,0.00133672,0.471634,6,-338.2683419,1898.85,633.148,2.99906,0.000950557,0.426477
42.731344,1,AUTO,ARMED,5,AVAILABLE,UNAVAILABLE,UNAVAILABLE,45,5,ACTIVE,9,E_P1S-A3.NC,E_P1S-A3.NC,2073855.592,193844.312,5709.5,4116.5288,100,25.4,42,100,0,8,100,3500.0,3287.41,818.949,4.01418,0.00197011,0.674863,0,567.6242569,9721.67,892.64,10.8909,0.00440655,1.55393,0,285.2148531,1921.37,484.362,3.96681,0.00133672,0.471634,6,-338.2683191,1898.85,633.148,2.99906,0.000950557,0.426477
42.896176,1,AUTO,ARMED,5,AVAILABLE,UNAVAILABLE,UNAVAILABLE,45,5,ACTIVE,9,E_P1S-A3.NC,E_P1S-A3.NC,2073855.592,193844.312,5709.5,4116.5288,100,25.4,42,100,0,7,100,3500.0,3287.41,818.949,4.01418,0.00197011,0.674863,0,565.0081551,9721.67,892.64,10.8909,0.00440655,1.55393,0,285.2148531,1921.37,484.362,3.96681,0.00133672,0.471634,6,-338.2683191,1898.85,633.148,2.99906,0.000950557,0.426477
43.054512,1,AUTO,ARMED,5,AVAILABLE,UNAVAILABLE,UNAVAILABLE,45,5,ACTIVE,9,E_P1S-A3.NC,E_P1S-A3.NC,2073855.592,193844.312,5709.5,3948.4014,100,25.4,42,100,0,7,100,3500.0,3287.41,818.949,4.01418,0.00197011,0.674863,0,559.7757227,9721.67,892.64,10.8909,0.00440655,1.55393,0,285.2148316,1921.37,484.362,3.96681,0.00133672,0.471634,6,-338.2683191,1898.85,633.148,2.99906,0.000950557,0.426477
43.214954,1,AUTO,ARMED,5,AVAILABLE,UNAVAILABLE,UNAVAILABLE,45,5,ACTIVE,9,E_P1S-A3.NC,E_P1S-A3.NC,2073855.592,193844.312,5709.5,3948.4014,100,25.4,42,100,0,7,100,3500.0,3287.41,818.949,4.01418,0.00197011,0.674863,0,554.5496362,9721.67,892.64,10.8909,0.00440655,1.55393,0,285.2148745,1921.37,484.362,3.96681,0.00133672,0.471634,6,-338.2683076,1898.85,633.148,2.99906,0.000950557,0.426477
43.360359,1,AUTO,ARMED,5,AVAILABLE,UNAVAILABLE,UNAVAILABLE,45,5,ACTIVE,9,E_P1S-A3.NC,E_P1S-A3.NC,2073855.592,193844.312,5709.5,3948.4014,100,25.4,42,100,0,7,100,3500.0,3287.41,818.949,4.01418,0.00197011,0.674863,0,551.9334766,9721.67,892.64,10.8909,0.00440655,1.55393,0,285.2148602,1921.37,484.362,3.96681,0.00133672,0.471634,6,-338.2683076,1898.85,633.148,2.99906,0.000950557,0.426477
43.509794,1,AUTO,ARMED,5,AVAILABLE,UNAVAILABLE,UNAVAILABLE,45,5,ACTIVE,9,E_P1S-A3.NC,E_P1S-A3.NC,2073855.592,193844.312,5709.5,3948.4014,100,25.4,42,100,0,7,100,3500.0,3287.41,818.949,4.01418,0.00197011,0.674863,0,549.3108654,9721.67,892.64,10.8909,0.00440655,1.55393,0,285.2148245,1921.37,484.362,3.96681,0.00133672,0.471634,6,-338.2683191,1898.85,633.148,2.99906,0.000950557,0.426477
43.653668,1,AUTO,ARMED,5,AVAILABLE,UNAVAILABLE,UNAVAILABLE,45,5,ACTIVE,9,E_P1S-A3.NC,E_P1S-A3.NC,2073855.592,193844.312,5709.5,3948.4014,100,25.4,42,100,0,7,100,3500.0,3767.33,213.888,17.6136,0.000285116,0.096619,0,545.3929881,9673.67,310.575,31.1476,0.000223722,0.114243,0,285.2148674,2017.44,70.4594,28.6327,9.4324e-05,0.0312735,6,-338.2683076,1754.64,400.293,4.38339,0.000239644,0.135974
43.796228,1,AUTO,ARMED,5,AVAILABLE,UNAVAILABLE,UNAVAILABLE,45,5,ACTIVE,9,E_P1S-A3.NC,E_P1S-A3.NC,2073855.592,193844.312,5709.5,3948.4014,100,25.4,43,100,0,7,100,3500.0,3767.33,213.888,17.6136,0.000285116,0.096619,0,542.7785736,9673.67,310.575,31.1476,0.000223722,0.114243,0,285.2155826,2017.44,70.4594,28.6327,9.4324e-05,0.0312735,6,-338.2682504,1754.64,400.293,4.38339,0.000239644,0.135974
43.945525,1,AUTO,ARMED,5,AVAILABLE,UNAVAILABLE,UNAVAILABLE,45,5,ACTIVE,9,E_P1S-A3.NC,E_P1S-A3.NC,2073855.592,193844.312,5709.5,3948.4014,100,25.4,43,100,0,0,100,3500.0,3767.33,213.888,17.6136,0.000285116,0.096619,0,537.545067,9673.67,310.575,31.1476,0.000223722,0.114243,0,285.2148459,2017.44,70.4594,28.6327,9.4324e-05,0.0312735,6,-338.2682733,1754.64,400.293,4.38339,0.000239644,0.135974
44.092223,1,AUTO,ARMED,5,AVAILABLE,UNAVAILABLE,UNAVAILABLE,45,5,ACTIVE,9,E_P1S-A3.NC,E_P1S-A3.NC,2073855.592,193844.312,5709.5,3070.6104,100,25.38333,43,100,0,0,100,3500.0,3767.33,213.888,17.6136,0.000285116,0.096619,0,534.9290147,9673.67,310.575,31.1476,0.000223722,0.114243,0,285.214803,2017.44,70.4594,28.6327,9.4324e-05,0.0312735,6,-338.2682847,1754.64,400.293,4.38339,0.000239644,0.135974
44.250395,1,AUTO,ARMED,5,AVAILABLE,UNAVAILABLE,UNAVAILABLE,45,5,ACTIVE,9,E_P1S-A3.NC,E_P1S-A3.NC,2073855.592,193844.312,5709.5,3070.6104,100,25.38333,43,100,0,0,100,3500.0,3767.33,213.888,17.6136,0.000285116,0.096619,0,530.300789,9673.67,310.575,31.1476,0.000223722,0.114243,0,285.2148102,2017.44,70.4594,28.6327,9.4324e-05,0.0312735,6,-338.2682962,1754.64,400.293,4.38339,0.000239644,0.135974
44.398519,1,AUTO,ARMED,5,AVAILABLE,UNAVAILABLE,UNAVAILABLE,45,5,ACTIVE,9,E_P1S-A3.NC,E_P1S-A3.NC,2073855.592,193844.312,5709.5,3070.6104,100,0.01666667,43,100,0,1,100,3500.0,3767.33,213.888,17.6136,0.000285116,0.096619,0,530.2775001,9673.67,310.575,31.1476,0.000223722,0.114243,0,285.2147959,2017.44,70.4594,28.6327,9.4324e-05,0.0312735,6,-338.2682962,1754.64,400.293,4.38339,0.000239644,0.135974
44.542009,1,AUTO,ARMED,5,AVAILABLE,UNAVAILABLE,UNAVAILABLE,46,5,ACTIVE,9,E_P1S-A3.NC,E_P1S-A3.NC,2073855.592,193844.312,5709.5,3070.6104,100,0.0,43,100,0,0,100,3500.0,3767.33,213.888,17.6136,0.000285116,0.096619,0,530.2768921,9673.67,310.575,31.1476,0.000223722,0.114243,0,285.2148102,2017.44,70.4594,28.6327,9.4324e-05,0.0312735,6,-338.2682962,1754.64,400.293,4.38339,0.000239644,0.135974
44.750085,1,AUTO,ARMED,5,AVAILABLE,UNAVAILABLE,UNAVAILABLE,46,5,ACTIVE,9,E_P1S-A3.NC,E_P1S-A3.NC,2073855.592,193844.312,5709.5,3070.6104,100,0.0,44,100,0,0,100,3500.0,1775.68,213.19,8.3291,0.000219753,0.079267,0,530.276935,3072.53,61.7626,49.7474,0.00030852,0.102425,0,285.214803,504.359,64.3433,7.83856,5.94595e-05,0.0220706,6,-338.2682962,1105.66,408.081,2.70941,0.000267556,0.14405
44.89278,1,AUTO,ARMED,5,AVAILABLE,UNAVAILABLE,UNAVAILABLE,46,5,ACTIVE,9,E_P1S-A3.NC,E_P1S-A3.NC,2073855.592,193844.312,5709.5,3070.6104,100,0.0,44,100,0,1,100,3500.0,1775.68,213.19,8.3291,0.000219753,0.079267,0,530.2769493,3072.53,61.7626,49.7474,0.00030852,0.102425,0,285.214803,504.359,64.3433,7.83856,5.94595e-05,0.0220706,6,-338.2682962,1105.66,408.081,2.70941,0.000267556,0.14405
45.051465,1,AUTO,ARMED,5,AVAILABLE,UNAVAILABLE,UNAVAILABLE,46,5,ACTIVE,9,E_P1S-A3.NC,E_P1S-A3.NC,2073855.592,193844.312,5709.5,3070.6104,100,0.0,44,100,0,0,100,3500.0,1775.68,213.19,8.3291,0.000219753,0.079267,0,530.2769708,3072.53,61.7626,49.7474,0.00030852,0.102425,0,285.214803,504.359,64.3433,7.83856,5.94595e-05,0.0220706,6,-338.2683076,1105.66,408.081,2.70941,0.000267556,0.14405
45.194945,1,AUTO,ARMED,5,AVAILABLE,UNAVAILABLE,UNAVAILABLE,46,5,ACTIVE,9,E_P1S-A3.NC,E_P1S-A3.NC,2073855.592,193844.312,5709.5,2910.1401,100,0.0,44,100,0,1,100,3500.0,1775.68,213.19,8.3291,0.000219753,0.079267,0,530.2769779,3072.53,61.7626,49.7474,0.00030852,0.102425,0,285.214803,504.359,64.3433,7.83856,5.94595e-05,0.0220706,6,-338.2682962,1105.66,408.081,2.70941,0.000267556,0.14405
45.362369,1,AUTO,ARMED,5,AVAILABLE,UNAVAILABLE,UNAVAILABLE,46,5,ACTIVE,9,E_P1S-A3.NC,E_P1S-A3.NC,2073855.592,193844.312,5709.5,2910.1401,100,0.0,44,100,0,0,100,3500.0,1775.68,213.19,8.3291,0.000219753,0.079267,0,530.2769851,3072.53,61.7626,49.7474,0.00030852,0.102425,0,285.2147959,504.359,64.3433,7.83856,5.94595e-05,0.0220706,6,-338.2682962,1105.66,408.081,2.70941,0.000267556,0.14405
45.539449,1,AUTO,ARMED,5,AVAILABLE,UNAVAILABLE,UNAVAILABLE,49,5,ACTIVE,9,E_P1S-A3.NC,E_P1S-A3.NC,2073855.592,193844.312,5709.5,2910.1401,100,0.0,44,100,0,8,100,3634.299594,1775.68,213.19,8.3291,0.000219753,0.079267,0,530.2769851,3072.53,61.7626,49.7474,0.00030852,0.102425,0,285.214803,504.359,64.3433,7.83856,5.94595e-05,0.0220706,6,-338.2682962,1105.66,408.081,2.70941,0.000267556,0.14405
45.687909,1,AUTO,ARMED,5,AVAILABLE,UNAVAILABLE,UNAVAILABLE,49,5,ACTIVE,9,E_P1S-A3.NC,E_P1S-A3.NC,2073855.592,193844.312,5709.5,2910.1401,100,0.0,44,100,0,32,100,4000.0,1775.68,213.19,8.3291,0.000219753,0.079267,0,530.2769922,3072.53,61.7626,49.7474,0.00030852,0.102425,0,285.214803,504.359,64.3433,7.83856,5.94595e-05,0.0220706,6,-338.2683076,1105.66,408.081,2.70941,0.000267556,0.14405
45.832039,1,AUTO,ARMED,5,AVAILABLE,UNAVAILABLE,UNAVAILABLE,49,5,ACTIVE,9,E_P1S-A3.NC,E_P1S-A3.NC,2073855.592,193844.312,5709.5,2910.1401,100,0.0,45,100,0,1,100,4000.0,1583.72,201.261,7.86899,0.000276283,0.0982435,0,530.2769994,3072.53,71.7802,42.8047,0.000197328,0.0760618,0,285.5323447,672.478,95.4523,7.04517,6.73039e-05,0.0255997,6,-338.2683076,937.409,233.127,4.02102,0.000334181,0.112352
45.973288,1,AUTO,ARMED,5,AVAILABLE,UNAVAILABLE,UNAVAILABLE,50,5,ACTIVE,9,E_P1S-A3.NC,E_P1S-A3.NC,2073855.592,193844.312,5709.5,2910.1401,100,0.0,45,100,0,2,100,4000.0,1583.72,201.261,7.86899,0.000276283,0.0982435,0,530.2769994,3072.53,71.7802,42.8047,0.000197328,0.0760618,0,285.5323161,672.478,95.4523,7.04517,6.73039e-05,0.0255997,6,-338.2683076,937.409,233.127,4.02102,0.000334181,0.112352
46.115271,1,AUTO,ARMED,5,AVAILABLE,UNAVAILABLE,UNAVAILABLE,50,5,ACTIVE,9,E_P1S-A3.NC,E_P1S-A3.NC,2073855.592,193844.312,5709.5,2910.1401,100,0.0,45,100,0,0,100,4000.0,1583.72,201.261,7.86899,0.000276283,0.0982435,0,530.2769994,3072.53,71.7802,42.8047,0.000197328,0.0760618,0,285.5323161,672.478,95.4523,7.04517,6.73039e-05,0.0255997,6,-338.2683076,937.409,233.127,4.02102,0.000334181,0.112352
46.254992,1,AUTO,ARMED,5,AVAILABLE,UNAVAILABLE,UNAVAILABLE,50,5,ACTIVE,9,E_P1S-A3.NC,E_P1S-A3.NC,2073855.592,193844.312,5709.5,3072.4707,100,0.0,45,100,0,1,100,4000.0,1583.72,201.261,7.86899,0.000276283,0.0982435,0,530.2769922,3072.53,71.7802,42.8047,0.000197328,0.0760618,0,285.5322946,672.478,95.4523,7.04517,6.73039e-05,0.0255997,6,-338.2682962,937.409,233.127,4.02102,0.000334181,0.112352
46.404305,1,AUTO,ARMED,5,AVAILABLE,UNAVAILABLE,UNAVAILABLE,50,5,ACTIVE,9,E_P1S-A3.NC,E_P1S-A3.NC,2073855.592,193844.312,5709.5,3072.4707,100,0.0,45,100,0,1,100,4000.0,1583.72,201.261,7.86899,0.000276283,0.0982435,0,530.2769994,3072.53,71.7802,42.8047,0.000197328,0.0760618,0,285.5323018,672.478,95.4523,7.04517,6.73039e-05,0.0255997,6,-338.2682962,937.409,233.127,4.02102,0.000334181,0.112352
46.580727,1,AUTO,ARMED,5,AVAILABLE,UNAVAILABLE,UNAVAILABLE,50,5,ACTIVE,9,E_P1S-A3.NC,E_P1S-A3.NC,2073855.592,193844.312,5709.5,3072.4707,100,0.0,45,100,0,1,100,4000.0,1583.72,201.261,7.86899,0.000276283,0.0982435,0,530.2769994,3072.53,71.7802,42.8047,0.000197328,0.0760618,0,285.5323018,672.478,95.4523,7.04517,6.73039e-05,0.0255997,6,-338.2683076,937.409,233.127,4.02102,0.000334181,0.112352
46.718816,1,AUTO,ARMED,5,AVAILABLE,UNAVAILABLE,UNAVAILABLE,50,5,ACTIVE,9,E_P1S-A3.NC,E_P1S-A3.NC,2073855.592,193844.312,5709.5,3072.4707,100,0.0,46,100,0,1,100,4000.0,1583.72,201.261,7.86899,0.000276283,0.0982435,0,530.2731122,3072.53,71.7802,42.8047,0.000197328,0.0760618,0,285.5323018,672.478,95.4523,7.04517,6.73039e-05,0.0255997,6,-338.2682962,937.409,233.127,4.02102,0.000334181,0.112352
46.864078,1,AUTO,ARMED,5,AVAILABLE,UNAVAILABLE,UNAVAILABLE,51,5,ACTIVE,9,E_P1S-A3.NC,E_P1S-A3.NC,2073855.592,193844.312,5709.5,3072.4707,100,0.0,46,100,0,1,100,4000.0,1679.7,203.2,8.26624,0.000231314,0.0926915,1,531.5920924,8209.41,277.418,29.5922,0.000111105,0.063325,0,285.5323018,648.463,649.41,0.998542,0.000509034,0.224984,6,-338.2682962,1129.7,1603.18,0.704662,0.00111314,0.873182
47.00937,1,AUTO,ARMED,5,AVAILABLE,UNAVAILABLE,UNAVAILABLE,51,5,ACTIVE,9,E_P1S-A3.NC,E_P1S-A3.NC,2073855.592,193844.312,5709.5,3072.4707,100,19.05,46,100,0,1,100,4000.0,1679.7,203.2,8.26624,0.000231314,0.0926915,1,533.5571424,8209.41,277.418,29.5922,0.000111105,0.063325,0,285.5323018,648.463,649.41,0.998542,0.000509034,0.224984,6,-338.2682962,1129.7,1603.18,0.704662,0.00111314,0.873182
47.155078,1,AUTO,ARMED,5,AVAILABLE,UNAVAILABLE,UNAVAILABLE,51,5,ACTIVE,9,E_P1S-A3.NC,E_P1S-A3.NC,2073855.592,193844.312,5709.5,3072.4707,100,19.05,46,100,0,0,100,4000.0,1679.7,203.2,8.26624,0.000231314,0.0926915,0,537.4765872,8209.41,277.418,29.5922,0.000111105,0.063325,0,285.5323018,648.463,649.41,0.998542,0.000509034,0.224984,6,-338.2682962,1129.7,1603.18,0.704662,0.00111314,0.873182
47.305375,1,AUTO,ARMED,5,AVAILABLE,UNAVAILABLE,UNAVAILABLE,51,5,ACTIVE,9,E_P1S-A3.NC,E_P1S-A3.NC,2073855.592,193844.312,5709.5,3072.4707,100,19.05,46,100,0,1,100,4000.0,1679.7,203.2,8.26624,0.000231314,0.0926915,0,539.4434406,8209.41,277.418,29.5922,0.000111105,0.063325,0,285.5323089,648.463,649.41,0.998542,0.000509034,0.224984,6,-338.2682962,1129.7,1603.18,0.704662,0.00111314,0.873182
47.445761,1,AUTO,ARMED,5,AVAILABLE,UNAVAILABLE,UNAVAILABLE,51,5,ACTIVE,9,E_P1S-A3.NC,E_P1S-A3.NC,2073855.592,193844.312,5709.5,4312.7998,100,19.05,46,100,0,1,100,4000.0,1679.7,203.2,8.26624,0.000231314,0.0926915,0,541.4054017,8209.41,277.418,29.5922,0.000111105,0.063325,0,285.5323018,648.463,649.41,0.998542,0.000509034,0.224984,6,-338.2683076,1129.7,1603.18,0.704662,0.00111314,0.873182
47.603994,1,AUTO,ARMED,5,AVAILABLE,UNAVAILABLE,UNAVAILABLE,51,5,ACTIVE,9,E_P1S-A3.NC,E_P1S-A3.NC,2073855.592,193844.312,5709.5,4312.7998,100,19.05,47,100,0,8,100,4000.0,1679.7,203.2,8.26624,0.000231314,0.0926915,1,543.3619842,8209.41,277.418,29.5922,0.000111105,0.063325,0,285.531937,648.463,649.41,0.998542,0.000509034,0.224984,6,-338.2683419,1129.7,1603.18,0.704662,0.00111314,0.873182
47.745081,1,AUTO,ARMED,5,AVAILABLE,UNAVAILABLE,UNAVAILABLE,51,5,ACTIVE,9,E_P1S-A3.NC,E_P1S-A3.NC,2073855.592,193844.312,5709.5,4312.7998,100,19.05,47,100,0,8,100,4000.0,1679.7,203.2,8.26624,0.000231314,0.0926915,1,546.3107623,8209.41,277.418,29.5922,0.000111105,0.063325,0,285.5322374,648.463,649.41,0.998542,0.000509034,0.224984,6,-338.2683191,1129.7,1603.18,0.704662,0.00111314,0.873182
47.902716,1,AUTO,ARMED,5,AVAILABLE,UNAVAILABLE,UNAVAILABLE,51,5,ACTIVE,9,E_P1S-A3.NC,E_P1S-A3.NC,2073855.592,193844.312,5709.5,4312.7998,100,19.05,47,100,0,9,100,4000.0,7078.74,2528.22,2.79989,0.00136568,0.680909,1,550.2305218,10969.9,1297.98,8.45152,0.00202735,0.974074,0,285.5322588,2858.04,992.076,2.88087,0.000543948,0.338372,6,-338.2682962,3461.2,1760.2,1.96637,0.00136052,0.982205
48.048126,1,AUTO,ARMED,5,AVAILABLE,UNAVAILABLE,UNAVAILABLE,51,5,ACTIVE,9,E_P1S-A3.NC,E_P1S-A3.NC,2073855.592,193844.312,5709.5,4312.7998,100,19.05,47,100,0,8,100,4000.0,7078.74,2528.22,2.79989,0.00136568,0.680909,1,554.1601232,10969.9,1297.98,8.45152,0.00202735,0.974074,0,285.5323161,2858.04,992.076,2.88087,0.000543948,0.338372,6,-338.2683076,3461.2,1760.2,1.96637,0.00136052,0.982205
48.18876,1,AUTO,ARMED,5,AVAILABLE,UNAVAILABLE,UNAVAILABLE,51,5,ACTIVE,9,E_P1S-A3.NC,E_P1S-A3.NC,2073855.592,193844.312,5709.5,4261.541,100,19.05,47,100,0,8,100,4000.0,7078.74,2528.22,2.79989,0.00136568,0.680909,1,556.1173565,10969.9,1297.98,8.45152,0.00202735,0.974074,0,285.5323661,2858.04,992.076,2.88087,0.000543948,0.338372,6,-338.2683191,3461.2,1760.2,1.96637,0.00136052,0.982205
48.328997,1,AUTO,ARMED,5,AVAILABLE,UNAVAILABLE,UNAVAILABLE,51,5,ACTIVE,9,E_P1S-A3.NC,E_P1S-A3.NC,2073855.592,193844.312,5709.5,4261.541,100,19.05,47,100,0,8,100,4000.0,7078.74,2528.22,2.79989,0.00136568,0.680909,1,560.0456735,10969.9,1297.98,8.45152,0.00202735,0.974074,0,285.532266,2858.04,992.076,2.88087,0.000543948,0.338372,6,-338.2682962,3461.2,1760.2,1.96637,0.00136052,0.982205
48.47628,1,AUTO,ARMED,5,AVAILABLE,UNAVAILABLE,UNAVAILABLE,51,5,ACTIVE,9,E_P1S-A3.NC,E_P1S-A3.NC,2073855.592,193844.312,5709.5,4261.541,100,19.05,47,100,0,8,100,4000.0,7078.74,2528.22,2.79989,0.00136568,0.680909,1,562.0031949,10969.9,1297.98,8.45152,0.00202735,0.974074,0,285.5322445,2858.04,992.076,2.88087,0.000543948,0.338372,6,-338.2683076,3461.2,1760.2,1.96637,0.00136052,0.982205
48.914912,1,AUTO,ARMED,5,AVAILABLE,UNAVAILABLE,UNAVAILABLE,51,5,ACTIVE,9,E_P1S-A3.NC,E_P1S-A3.NC,2073855.592,193844.312,5709.5,4261.541,100,19.05,48,100,0,8,100,4000.0,7078.74,241.007,29.3715,0.000192871,0.0902875,1,571.8140758,9649.66,715.506,13.4865,0.00132291,0.548217,0,285.5323089,2785.99,185.541,15.0155,0.000154475,0.0545659,6,-338.2682962,3268.91,236.387,13.8286,0.000263769,0.10789
49.058762,1,AUTO,ARMED,5,AVAILABLE,UNAVAILABLE,UNAVAILABLE,51,5,ACTIVE,9,E_P1S-A3.NC,E_P1S-A3.NC,2073855.592,193844.312,5709.5,4261.541,100,19.05,48,100,0,8,100,4000.0,7078.74,241.007,29.3715,0.000192871,0.0902875,1,573.7761319,9649.66,715.506,13.4865,0.00132291,0.548217,0,285.5322445,2785.99,185.541,15.0155,0.000154475,0.0545659,6,-338.2683076,3268.91,236.387,13.8286,0.000263769,0.10789
49.20034,1,AUTO,ARMED,5,AVAILABLE,UNAVAILABLE,UNAVAILABLE,51,5,ACTIVE,9,E_P1S-A3.NC,E_P1S-A3.NC,2073855.592,193844.312,5709.5,4261.541,100,19.05,48,100,0,9,100,4000.0,7078.74,241.007,29.3715,0.000192871,0.0902875,1,575.7383739,9649.66,715.506,13.4865,0.00132291,0.548217,0,285.5322874,2785.99,185.541,15.0155,0.000154475,0.0545659,6,-338.2683076,3268.91,236.387,13.8286,0.000263769,0.10789
49.373468,1,AUTO,ARMED,5,AVAILABLE,UNAVAILABLE,UNAVAILABLE,51,5,ACTIVE,9,E_P1S-A3.NC,E_P1S-A3.NC,2073855.592,193844.312,5709.5,4261.541,100,19.05,48,100,0,5,100,4000.0,7078.74,241.007,29.3715,0.000192871,0.0902875,1,579.6630796,9649.66,715.506,13.4865,0.00132291,0.548217,0,285.5324305,2785.99,185.541,15.0155,0.000154475,0.0545659,6,-338.2682504,3268.91,236.387,13.8286,0.000263769,0.10789
49.513322,1,AUTO,ARMED,5,AVAILABLE,UNAVAILABLE,UNAVAILABLE,51,5,ACTIVE,9,E_P1S-A3.NC,E_P1S-A3.NC,2073855.592,193844.312,5709.5,4261.541,100,19.05,48,100,0,0,100,4000.0,7078.74,241.007,29.3715,0.000192871,0.0902875,0,582.6011962,9649.66,715.506,13.4865,0.00132291,0.548217,0,285.5323161,2785.99,185.541,15.0155,0.000154475,0.0545659,6,-338.2682733,3268.91,236.387,13.8286,0.000263769,0.10789
49.659687,1,AUTO,ARMED,5,AVAILABLE,UNAVAILABLE,UNAVAILABLE,51,5,ACTIVE,9,E_P1S-A3.NC,E_P1S-A3.NC,2073855.592,193844.312,5709.5,3058.438,100,19.05,49,100,0,1,100,4000.0,7078.74,241.007,29.3715,0.000192871,0.0902875,0,584.5729642,9649.66,715.506,13.4865,0.00132291,0.548217,0,285.5322946,2785.99,185.541,15.0155,0.000154475,0.0545659,6,-338.2682847,3268.91,236.387,13.8286,0.000263769,0.10789
49.800423,1,AUTO,ARMED,5,AVAILABLE,UNAVAILABLE,UNAVAILABLE,51,5,ACTIVE,9,E_P1S-A3.NC,E_P1S-A3.NC,2073855.592,193844.312,5709.5,3483.5024,100,19.05,49,100,0,1,100,4000.0,7078.74,241.007,29.3715,0.000192871,0.0902875,0,586.5303507,9649.66,715.506,13.4865,0.00132291,0.548217,0,285.5322946,2785.99,185.541,15.0155,0.000154475,0.0545659,6,-338.2682847,3268.91,236.387,13.8286,0.000263769,0.10789
49.938658,1,AUTO,ARMED,5,AVAILABLE,UNAVAILABLE,UNAVAILABLE,51,5,ACTIVE,9,E_P1S-A3.NC,E_P1S-A3.NC,2073855.592,193844.312,5709.5,3483.5024,100,7.616667,49,100,0,0,100,4000.0,1943.66,250.337,7.76417,0.000287297,0.128089,0,590.1946005,7753.34,66.9184,115.863,0.000249817,0.093299,0,285.5323089,648.463,94.4206,6.86781,7.66414e-05,0.0238759,6,-338.2682962,889.336,377.106,2.35832,0.000151643,0.133804
50.094499,1,AUTO,ARMED,5,AVAILABLE,UNAVAILABLE,UNAVAILABLE,52,5,ACTIVE,9,E_P1S-A3.NC,E_P1S-A3.NC,2073855.592,193844.312,5709.5,3483.5024,100,0.0,49,100,0,1,100,4000.0,3959.3,1067.69,3.70829,0.00132547,0.567898,0,590.2198918,8521.47,286.506,29.7427,0.000714538,0.272906,0,285.5323018,1681.2,95.7516,17.5579,8.40973e-05,0.0290548,6,-338.2682962,2475.72,240.352,10.3004,0.000315318,0.114024
50.236163,1,AUTO,ARMED,5,AVAILABLE,UNAVAILABLE,UNAVAILABLE,52,5,ACTIVE,9,E_P1S-A3.NC,E_P1S-A3.NC,2073855.592,193844.312,5709.5,3483.5024,100,0.0,49,100,0,1,100,4000.0,3959.3,1067.69,3.70829,0.00132547,0.567898,0,590.2210433,8521.47,286.506,29.7427,0.000714538,0.272906,0,285.5323089,1681.2,95.7516,17.5579,8.40973e-05,0.0290548,6,-338.2682962,2475.72,240.352,10.3004,0.000315318,0.114024
50.381526,1,AUTO,ARMED,5,AVAILABLE,UNAVAILABLE,UNAVAILABLE,52,5,ACTIVE,9,E_P1S-A3.NC,E_P1S-A3.NC,2073855.592,193844.312,5709.5,3483.5024,100,0.0,49,100,0,1,100,4000.0,3959.3,1067.69,3.70829,0.00132547,0.567898,0,590.2210934,8521.47,286.506,29.7427,0.000714538,0.272906,0,285.5322946,1681.2,95.7516,17.5579,8.40973e-05,0.0290548,6,-338.2683076,2475.72,240.352,10.3004,0.000315318,0.114024
50.528351,1,AUTO,ARMED,5,AVAILABLE,UNAVAILABLE,UNAVAILABLE,52,5,ACTIVE,9,E_P1S-A3.NC,E_P1S-A3.NC,2073855.592,193844.312,5709.5,3053.2075,100,0.0,49,100,0,1,100,4000.0,3959.3,1067.69,3.70829,0.00132547,0.567898,0,590.221029,8521.47,286.506,29.7427,0.000714538,0.272906,0,285.5323018,1681.2,95.7516,17.5579,8.40973e-05,0.0290548,6,-338.2683076,2475.72,240.352,10.3004,0.000315318,0.114024
50.672652,1,AUTO,ARMED,5,AVAILABLE,UNAVAILABLE,UNAVAILABLE,52,5,ACTIVE,9,E_P1S-A3.NC,E_P1S-A3.NC,2073855.592,193844.312,5709.5,3053.2075,100,0.0,49,100,0,0,100,4000.0,3959.3,1067.69,3.70829,0.00132547,0.567898,0,590.2210218,8521.47,286.506,29.7427,0.000714538,0.272906,0,285.5323018,1681.2,95.7516,17.5579,8.40973e-05,0.0290548,6,-338.2683076,2475.72,240.352,10.3004,0.000315318,0.114024
51.12898,1,AUTO,ARMED,5,AVAILABLE,UNAVAILABLE,UNAVAILABLE,54,5,ACTIVE,9,E_P1S-A3.NC,E_P1S-A3.NC,2073855.592,193844.312,5709.5,3053.2075,100,19.05,53,100,0,0,100,4000.0,1703.7,231.267,7.36681,0.000229568,0.118759,0,533.4740914,2976.51,75.0209,39.6757,0.000188315,0.0698445,0,285.8498005,576.41,90.5059,6.36876,8.56206e-05,0.0283978,6,-338.2682962,913.372,233.718,3.90801,0.00022074,0.101936
54.295091,1,AUTO,ARMED,5,AVAILABLE,UNAVAILABLE,UNAVAILABLE,55,5,ACTIVE,9,E_P1S-A3.NC,E_P1S-A3.NC,2073855.592,193844.312,5709.5,3053.2075,100,7.8,53,100,0,1,100,4000.0,1703.7,231.267,7.36681,0.000229568,0.118759,0,530.2804541,2976.51,75.0209,39.6757,0.000188315,0.0698445,0,285.8498005,576.41,90.5059,6.36876,8.56206e-05,0.0283978,6,-338.2683076,913.372,233.718,3.90801,0.00022074,0.101936
54.435483,1,AUTO,ARMED,5,AVAILABLE,UNAVAILABLE,UNAVAILABLE,55,5,ACTIVE,9,E_P1S-A3.NC,E_P1S-A3.NC,2073855.592,193844.312,5709.5,3053.2075,100,0.0,53,100,0,1,100,4000.0,1703.7,231.267,7.36681,0.000229568,0.118759,0,530.2771782,2976.51,75.0209,39.6757,0.000188315,0.0698445,0,285.8498005,576.41,90.5059,6.36876,8.56206e-05,0.0283978,6,-338.2682962,913.372,233.718,3.90801,0.00022074,0.101936
54.582568,1,AUTO,ARMED,5,AVAILABLE,UNAVAILABLE,UNAVAILABLE,55,5,ACTIVE,9,E_P1S-A3.NC,E_P1S-A3.NC,2073855.592,193844.312,5709.5,3053.2075,100,0.0,53,100,0,1,100,4000.0,1703.7,231.267,7.36681,0.000229568,0.118759,0,530.2768921,2976.51,75.0209,39.6757,0.000188315,0.0698445,0,285.8497933,576.41,90.5059,6.36876,8.56206e-05,0.0283978,6,-338.2682962,913.372,233.718,3.90801,0.00022074,0.101936
54.759852,1,AUTO,ARMED,5,AVAILABLE,UNAVAILABLE,UNAVAILABLE,55,5,ACTIVE,9,E_P1S-A3.NC,E_P1S-A3.NC,2073855.592,193844.312,5709.5,3053.2075,100,0.0,54,100,0,0,100,4000.0,1703.7,231.267,7.36681,0.000229568,0.118759,0,530.2769422,2976.51,75.0209,39.6757,0.000188315,0.0698445,0,285.8498005,576.41,90.5059,6.36876,8.56206e-05,0.0283978,6,-338.2682962,913.372,233.718,3.90801,0.00022074,0.101936
54.906804,1,AUTO,ARMED,5,AVAILABLE,UNAVAILABLE,UNAVAILABLE,55,5,ACTIVE,9,E_P1S-A3.NC,E_P1S-A3.NC,2073855.592,193844.312,5709.5,3053.2075,100,0.0,54,100,0,0,100,4000.0,1703.7,231.267,7.36681,0.000229568,0.118759,0,530.2769565,2976.51,75.0209,39.6757,0.000188315,0.0698445,0,285.8498005,576.41,90.5059,6.36876,8.56206e-05,0.0283978,6,-338.2682962,913.372,233.718,3.90801,0.00022074,0.101936
55.05508,1,AUTO,ARMED,5,AVAILABLE,UNAVAILABLE,UNAVAILABLE,55,5,ACTIVE,9,E_P1S-A3.NC,E_P1S-A3.NC,2073855.592,193844.312,5709.5,3058.2886,100,0.0,54,100,0,0,100,4000.0,1703.7,231.267,7.36681,0.000229568,0.118759,0,530.2769636,2976.51,75.0209,39.6757,0.000188315,0.0698445,0,285.8498005,576.41,90.5059,6.36876,8.56206e-05,0.0283978,6,-338.2683076,913.372,233.718,3.90801,0.00022074,0.101936
55.195736,1,AUTO,ARMED,5,AVAILABLE,UNAVAILABLE,UNAVAILABLE,55,5,ACTIVE,9,E_P1S-A3.NC,E_P1S-A3.NC,2073855.592,193844.312,5709.5,3058.2886,100,0.0,54,100,0,0,100,4000.0,1703.7,231.267,7.36681,0.000229568,0.118759,0,530.2769851,2976.51,75.0209,39.6757,0.000188315,0.0698445,0,285.8497933,576.41,90.5059,6.36876,8.56206e-05,0.0283978,6,-338.2682962,913.372,233.718,3.90801,0.00022074,0.101936
55.338281,1,AUTO,ARMED,5,AVAILABLE,UNAVAILABLE,UNAVAILABLE,58,5,ACTIVE,9,E_P1S-A3.NC,E_P1S-A3.NC,2073855.592,193844.312,5709.5,3058.2886,100,0.0,54,100,0,0,100,4000.0,1799.68,234.265,7.68224,0.000334906,0.124168,0,530.2769851,3048.52,68.1394,44.7395,0.000200813,0.0742621,0,285.8501152,744.53,98.1757,7.58365,5.08865e-05,0.0201652,6,-338.2682962,937.41,265.135,3.5356,0.000291304,0.11291
55.480011,1,AUTO,ARMED,5,AVAILABLE,UNAVAILABLE,UNAVAILABLE,59,5,ACTIVE,9,E_P1S-A3.NC,E_P1S-A3.NC,2073855.592,193844.312,5709.5,3058.2886,100,0.0,54,100,0,1,100,4000.0,1799.68,234.265,7.68224,0.000334906,0.124168,0,530.2769922,3048.52,68.1394,44.7395,0.000200813,0.0742621,0,286.1673421,744.53,98.1757,7.58365,5.08865e-05,0.0201652,6,-338.2682962,937.41,265.135,3.5356,0.000291304,0.11291
55.625161,1,AUTO,ARMED,5,AVAILABLE,UNAVAILABLE,UNAVAILABLE,59,5,ACTIVE,9,E_P1S-A3.NC,E_P1S-A3.NC,2073855.592,193844.312,5709.5,3058.2886,100,0.0,54,100,0,1,100,4000.0,1799.68,234.265,7.68224,0.000334906,0.124168,0,530.2769922,3048.52,68.1394,44.7395,0.000200813,0.0742621,0,286.1673064,744.53,98.1757,7.58365,5.08865e-05,0.0201652,6,-338.2682962,937.41,265.135,3.5356,0.000291304,0.11291
55.775099,1,AUTO,ARMED,5,AVAILABLE,UNAVAILABLE,UNAVAILABLE,59,5,ACTIVE,9,E_P1S-A3.NC,E_P1S-A3.NC,2073855.592,193844.312,5709.5,3058.2886,100,0.0,55,100,0,0,100,4000.0,1799.68,234.265,7.68224,0.000334906,0.124168,0,530.2769994,3048.52,68.1394,44.7395,0.000200813,0.0742621,0,286.1673135,744.53,98.1757,7.58365,5.08865e-05,0.0201652,6,-338.2682962,937.41,265.135,3.5356,0.000291304,0.11291
55.949162,1,AUTO,ARMED,5,AVAILABLE,UNAVAILABLE,UNAVAILABLE,59,5,ACTIVE,9,E_P1S-A3.NC,E_P1S-A3.NC,2073855.592,193844.312,5709.5,3058.2886,100,0.0,55,100,0,0,100,4000.0,1799.68,234.265,7.68224,0.000334906,0.124168,0,530.2769994,3048.52,68.1394,44.7395,0.000200813,0.0742621,0,286.1673135,744.53,98.1757,7.58365,5.08865e-05,0.0201652,6,-338.2682962,937.41,265.135,3.5356,0.000291304,0.11291
56.094665,1,AUTO,ARMED,5,AVAILABLE,UNAVAILABLE,UNAVAILABLE,59,5,ACTIVE,9,E_P1S-A3.NC,E_P1S-A3.NC,2073855.592,193844.312,5709.5,3068.4827,100,0.0,55,100,0,0,100,4000.0,1799.68,234.265,7.68224,0.000334906,0.124168,0,530.2769922,3048.52,68.1394,44.7395,0.000200813,0.0742621,0,286.1672992,744.53,98.1757,7.58365,5.08865e-05,0.0201652,6,-338.2683076,937.41,265.135,3.5356,0.000291304,0.11291
56.236086,1,AUTO,ARMED,5,AVAILABLE,UNAVAILABLE,UNAVAILABLE,59,5,ACTIVE,9,E_P1S-A3.NC,E_P1S-A3.NC,2073855.592,193844.312,5709.5,3068.4827,100,0.0,55,100,0,0,100,4000.0,1799.68,234.265,7.68224,0.000334906,0.124168,0,530.2769994,3048.52,68.1394,44.7395,0.000200813,0.0742621,0,286.1672992,744.53,98.1757,7.58365,5.08865e-05,0.0201652,6,-338.2682962,937.41,265.135,3.5356,0.000291304,0.11291
56.374658,1,AUTO,ARMED,5,AVAILABLE,UNAVAILABLE,UNAVAILABLE,59,5,ACTIVE,9,E_P1S-A3.NC,E_P1S-A3.NC,2073855.592,193844.312,5709.5,3068.4827,100,0.0,55,100,0,1,100,4000.0,1751.69,250.884,6.98207,0.0002778,0.115647,0,530.2770065,10321.8,241.047,42.8207,0.000264689,0.10106,0,286.1672992,624.444,109.451,5.70524,9.58044e-05,0.0291931,6,-338.2682962,961.445,361.233,2.66156,0.000373746,0.155113
56.517716,1,AUTO,ARMED,5,AVAILABLE,UNAVAILABLE,UNAVAILABLE,60,5,ACTIVE,9,E_P1S-A3.NC,E_P1S-A3.NC,2073855.592,193844.312,5709.5,3068.4827,100,0.0,55,100,0,1,100,4000.0,1751.69,250.884,6.98207,0.0002778,0.115647,1,531.5031986,10321.8,241.047,42.8207,0.000264689,0.10106,0,286.1673064,624.444,109.451,5.70524,9.58044e-05,0.0291931,6,-338.2682962,961.445,361.233,2.66156,0.000373746,0.155113
56.660882,1,AUTO,ARMED,5,AVAILABLE,UNAVAILABLE,UNAVAILABLE,60,5,ACTIVE,9,E_P1S-A3.NC,E_P1S-A3.NC,2073855.592,193844.312,5709.5,3068.4827,100,21.16667,55,100,0,0,100,4000.0,1751.69,250.884,6.98207,0.0002778,0.115647,1,533.6910649,10321.8,241.047,42.8207,0.000264689,0.10106,0,286.1673064,624.444,109.451,5.70524,9.58044e-05,0.0291931,6,-338.2682962,961.445,361.233,2.66156,0.000373746,0.155113
56.808874,1,AUTO,ARMED,5,AVAILABLE,UNAVAILABLE,UNAVAILABLE,60,5,ACTIVE,9,E_P1S-A3.NC,E_P1S-A3.NC,2073855.592,193844.312,5709.5,3068.4827,100,21.16667,56,100,0,0,100,4000.0,1751.69,250.884,6.98207,0.0002778,0.115647,0,538.0458725,10321.8,241.047,42.8207,0.000264689,0.10106,0,286.1672849,624.444,109.451,5.70524,9.58044e-05,0.0291931,6,-338.2682962,961.445,361.233,2.66156,0.000373746,0.155113
56.959798,1,AUTO,ARMED,5,AVAILABLE,UNAVAILABLE,UNAVAILABLE,60,5,ACTIVE,9,E_P1S-A3.NC,E_P1S-A3.NC,2073855.592,193844.312,5709.5,3068.4827,100,21.16667,56,100,0,0,100,4000.0,1751.69,250.884,6.98207,0.0002778,0.115647,0,542.4052505,10321.8,241.047,42.8207,0.000264689,0.10106,0,286.1670203,624.444,109.451,5.70524,9.58044e-05,0.0291931,6,-338.2683305,961.445,361.233,2.66156,0.000373746,0.155113
57.108074,1,AUTO,ARMED,5,AVAILABLE,UNAVAILABLE,UNAVAILABLE,60,5,ACTIVE,9,E_P1S-A3.NC,E_P1S-A3.NC,2073855.592,193844.312,5709.5,3068.4827,100,21.16667,56,100,0,5,100,4000.0,1751.69,250.884,6.98207,0.0002778,0.115647,1,544.5864057,10321.8,241.047,42.8207,0.000264689,0.10106,0,286.1671562,624.444,109.451,5.70524,9.58044e-05,0.0291931,6,-338.2683534,961.445,361.233,2.66156,0.000373746,0.155113
57.254063,1,AUTO,ARMED,5,AVAILABLE,UNAVAILABLE,UNAVAILABLE,60,5,ACTIVE,9,E_P1S-A3.NC,E_P1S-A3.NC,2073855.592,193844.312,5709.5,4285.1572,100,21.16667,56,100,0,9,100,4000.0,1751.69,250.884,6.98207,0.0002778,0.115647,1,548.9515057,10321.8,241.047,42.8207,0.000264689,0.10106,0,286.1672492,624.444,109.451,5.70524,9.58044e-05,0.0291931,6,-338.2683191,961.445,361.233,2.66156,0.000373746,0.155113
57.402603,1,AUTO,ARMED,5,AVAILABLE,UNAVAILABLE,UNAVAILABLE,60,5,ACTIVE,9,E_P1S-A3.NC,E_P1S-A3.NC,2073855.592,193844.312,5709.5,4285.1572,100,21.16667,56,100,0,9,100,4000.0,8302.52,2654.36,3.12788,0.00132679,0.674254,1,550.0423622,11209.9,1414.03,7.92763,0.00210795,1.02625,0,286.1673207,2930.09,984.658,2.97574,0.000601225,0.346206,6,-338.2683305,3533.31,1728.84,2.04375,0.0013875,0.972318
57.548126,1,AUTO,ARMED,5,AVAILABLE,UNAVAILABLE,UNAVAILABLE,60,5,ACTIVE,9,E_P1S-A3.NC,E_P1S-A3.NC,2073855.592,193844.312,5709.5,4285.1572,100,21.16667,56,100,0,8,100,4000.0,8302.52,2654.36,3.12788,0.00132679,0.674254,1,552.2170445,11209.9,1414.03,7.92763,0.00210795,1.02625,0,286.1673636,2930.09,984.658,2.97574,0.000601225,0.346206,6,-338.2683191,3533.31,1728.84,2.04375,0.0013875,0.972318
57.689718,1,AUTO,ARMED,5,AVAILABLE,UNAVAILABLE,UNAVAILABLE,60,5,ACTIVE,9,E_P1S-A3.NC,E_P1S-A3.NC,2073855.592,193844.312,5709.5,4285.1572,100,21.16667,57,100,0,8,100,4000.0,8302.52,2654.36,3.12788,0.00132679,0.674254,1,556.5822088,11209.9,1414.03,7.92763,0.00210795,1.02625,0,286.1672563,2930.09,984.658,2.97574,0.000601225,0.346206,6,-338.2683076,3533.31,1728.84,2.04375,0.0013875,0.972318
57.833199,1,AUTO,ARMED,5,AVAILABLE,UNAVAILABLE,UNAVAILABLE,60,5,ACTIVE,9,E_P1S-A3.NC,E_P1S-A3.NC,2073855.592,193844.312,5709.5,4285.1572,100,21.16667,57,100,0,8,100,4000.0,8302.52,2654.36,3.12788,0.00132679,0.674254,1,558.7676555,11209.9,1414.03,7.92763,0.00210795,1.02625,0,286.1672563,2930.09,984.658,2.97574,0.000601225,0.346206,6,-338.2683076,3533.31,1728.84,2.04375,0.0013875,0.972318
57.981663,1,AUTO,ARMED,5,AVAILABLE,UNAVAILABLE,UNAVAILABLE,60,5,ACTIVE,9,E_P1S-A3.NC,E_P1S-A3.NC,2073855.592,193844.312,5709.5,4285.1572,100,21.16667,57,100,0,8,100,4000.0,8302.52,2654.36,3.12788,0.00132679,0.674254,1,560.9377493,11209.9,1414.03,7.92763,0.00210795,1.02625,0,286.1673135,2930.09,984.658,2.97574,0.000601225,0.346206,6,-338.2682847,3533.31,1728.84,2.04375,0.0013875,0.972318
58.120943,1,AUTO,ARMED,5,AVAILABLE,UNAVAILABLE,UNAVAILABLE,60,5,ACTIVE,9,E_P1S-A3.NC,E_P1S-A3.NC,2073855.592,193844.312,5709.5,4285.1572,100,21.16667,57,100,0,8,100,4000.0,8302.52,2654.36,3.12788,0.00132679,0.674254,1,565.3036721,11209.9,1414.03,7.92763,0.00210795,1.02625,0,286.1673564,2930.09,984.658,2.97574,0.000601225,0.346206,6,-338.2683191,3533.31,1728.84,2.04375,0.0013875,0.972318
58.274654,1,AUTO,ARMED,5,AVAILABLE,UNAVAILABLE,UNAVAILABLE,60,5,ACTIVE,9,E_P1S-A3.NC,E_P1S-A3.NC,2073855.592,193844.312,5709.5,2980.2715,100,21.16667,57,100,0,9,100,4000.0,8302.52,2654.36,3.12788,0.00132679,0.674254,1,569.6686866,11209.9,1414.03,7.92763,0.00210795,1.02625,0,286.1672849,2930.09,984.658,2.97574,0.000601225,0.346206,6,-338.2682962,3533.31,1728.84,2.04375,0.0013875,0.972318
58.432227,1,AUTO,ARMED,5,AVAILABLE,UNAVAILABLE,UNAVAILABLE,60,5,ACTIVE,9,E_P1S-A3.NC,E_P1S-A3.NC,2073855.592,193844.312,5709.5,2980.2715,100,21.16667,57,100,0,9,100,4000.0,7318.7,206.077,35.5144,0.000235425,0.102152,1,571.8433368,12026.1,228.584,52.6113,0.000184779,0.101775,0,286.167242,2882.06,174.562,16.5102,6.40824e-05,0.0325978,6,-338.2682962,3653.49,310.15,11.7798,0.000333945,0.128551
58.574062,1,AUTO,ARMED,5,AVAILABLE,UNAVAILABLE,UNAVAILABLE,60,5,ACTIVE,9,E_P1S-A3.NC,E_P1S-A3.NC,2073855.592,193844.312,5709.5,2980.2715,100,21.16667,57,100,0,9,100,4000.0,7318.7,206.077,35.5144,0.000235425,0.102152,1,576.199289,12026.1,228.584,52.6113,0.000184779,0.101775,0,286.1673278,2882.06,174.562,16.5102,6.40824e-05,0.0325978,6,-338.2683076,3653.49,310.15,11.7798,0.000333945,0.128551
58.712355,1,AUTO,ARMED,5,AVAILABLE,UNAVAILABLE,UNAVAILABLE,60,5,ACTIVE,9,E_P1S-A3.NC,E_P1S-A3.NC,2073855.592,193844.312,5709.5,2980.2715,100,21.16667,58,100,0,5,100,4000.0,7318.7,206.077,35.5144,0.000235425,0.102152,0,578.3848468,12026.1,228.584,52.6113,0.000184779,0.101775,0,286.1675996,2882.06,174.562,16.5102,6.40824e-05,0.0325978,6,-338.2682504,3653.49,310.15,11.7798,0.000333945,0.128551
58.858426,1,AUTO,ARMED,5,AVAILABLE,UNAVAILABLE,UNAVAILABLE,60,5,ACTIVE,9,E_P1S-A3.NC,E_P1S-A3.NC,2073855.592,193844.312,5709.5,2980.2715,100,21.16667,58,100,0,1,100,4000.0,7318.7,206.077,35.5144,0.000235425,0.102152,0,580.5697107,12026.1,228.584,52.6113,0.000184779,0.101775,0,286.167385,2882.06,174.562,16.5102,6.40824e-05,0.0325978,6,-338.2682618,3653.49,310.15,11.7798,0.000333945,0.128551
59.012927,1,AUTO,ARMED,5,AVAILABLE,UNAVAILABLE,UNAVAILABLE,60,5,ACTIVE,9,E_P1S-A3.NC,E_P1S-A3.NC,2073855.592,193844.312,5709.5,2980.2715,100,21.16667,58,100,0,1,100,4000.0,7318.7,206.077,35.5144,0.000235425,0.102152,0,584.9248167,12026.1,228.584,52.6113,0.000184779,0.101775,0,286.1673135,2882.06,174.562,16.5102,6.40824e-05,0.0325978,6,-338.2682733,3653.49,310.15,11.7798,0.000333945,0.128551
59.154268,1,AUTO,ARMED,5,AVAILABLE,UNAVAILABLE,UNAVAILABLE,60,5,ACTIVE,9,E_P1S-A3.NC,E_P1S-A3.NC,2073855.592,193844.312,5709.5,2980.2715,100,21.16667,58,100,0,1,100,4000.0,7318.7,206.077,35.5144,0.000235425,0.102152,0,587.1049389,12026.1,228.584,52.6113,0.000184779,0.101775,0,286.1673064,2882.06,174.562,16.5102,6.40824e-05,0.0325978,6,-338.2682847,3653.49,310.15,11.7798,0.000333945,0.128551
59.295603,1,AUTO,ARMED,5,AVAILABLE,UNAVAILABLE,UNAVAILABLE,60,5,ACTIVE,9,E_P1S-A3.NC,E_P1S-A3.NC,2073855.592,193844.312,5709.5,2980.2715,100,10.58333,58,100,0,1,100,4000.0,7318.7,206.077,35.5144,0.000235425,0.102152,0,590.2183611,12026.1,228.584,52.6113,0.000184779,0.101775,0,286.1672992,2882.06,174.562,16.5102,6.40824e-05,0.0325978,6,-338.2682962,3653.49,310.15,11.7798,0.000333945,0.128551
59.45624,1,AUTO,ARMED,5,AVAILABLE,UNAVAILABLE,UNAVAILABLE,61,5,ACTIVE,9,E_P1S-A3.NC,E_P1S-A3.NC,2073855.592,193844.312,5709.5,3055.3479,100,0.0,58,100,0,0,100,4000.0,7318.7,206.077,35.5144,0.000235425,0.102152,0,590.2196629,12026.1,228.584,52.6113,0.000184779,0.101775,0,286.1673064,2882.06,174.562,16.5102,6.40824e-05,0.0325978,6,-338.2682962,3653.49,310.15,11.7798,0.000333945,0.128551
59.599131,1,AUTO,ARMED,5,AVAILABLE,UNAVAILABLE,UNAVAILABLE,61,5,ACTIVE,9,E_P1S-A3.NC,E_P1S-A3.NC,2073855.592,193844.312,5709.5,3055.3479,100,0.0,58,100,0,1,100,4000.0,1679.7,236.071,7.11523,0.000265227,0.117787,0,590.2210505,3408.59,71.6404,47.5792,0.000160512,0.0689519,0,286.1673064,600.427,107.201,5.60095,5.5263e-05,0.0238878,6,-338.2682962,1057.59,322.843,3.27586,0.000239768,0.119924
59.741533,1,AUTO,ARMED,5,AVAILABLE,UNAVAILABLE,UNAVAILABLE,61,5,ACTIVE,9,E_P1S-A3.NC,E_P1S-A3.NC,2073855.592,193844.312,5709.5,3055.3479,100,0.0,59,100,0,0,100,4000.0,1679.7,236.071,7.11523,0.000265227,0.117787,0,590.2210719,3408.59,71.6404,47.5792,0.000160512,0.0689519,0,286.1672992,600.427,107.201,5.60095,5.5263e-05,0.0238878,6,-338.2682962,1057.59,322.843,3.27586,0.000239768,0.119924
59.890929,1,AUTO,ARMED,5,AVAILABLE,UNAVAILABLE,UNAVAILABLE,61,5,ACTIVE,9,E_P1S-A3.NC,E_P1S-A3.NC,2073855.592,193844.312,5709.5,3055.3479,100,0.0,59,100,0,1,100,4000.0,1679.7,236.071,7.11523,0.000265227,0.117787,0,590.221029,3408.59,71.6404,47.5792,0.000160512,0.0689519,0,286.1673135,600.427,107.201,5.60095,5.5263e-05,0.0238878,6,-338.2682962,1057.59,322.843,3.27586,0.000239768,0.119924
60.031959,1,AUTO,ARMED,5,AVAILABLE,UNAVAILABLE,UNAVAILABLE,61,5,ACTIVE,9,E_P1S-A3.NC,E_P1S-A3.NC,2073855.592,193844.312,5709.5,3055.3479,100,0.0,59,100,0,1,100,4000.0,1679.7,236.071,7.11523,0.000265227,0.117787,0,590.2210147,3408.59,71.6404,47.5792,0.000160512,0.0689519,0,286.1672992,600.427,107.201,5.60095,5.5263e-05,0.0238878,6,-338.2683076,1057.59,322.843,3.27586,0.000239768,0.119924
60.175614,1,AUTO,ARMED,5,AVAILABLE,UNAVAILABLE,UNAVAILABLE,61,5,ACTIVE,9,E_P1S-A3.NC,E_P1S-A3.NC,2073855.592,193844.312,5709.5,3055.3479,100,0.0,59,100,0,0,100,4000.0,1679.7,236.071,7.11523,0.000265227,0.117787,0,590.2210075,3408.59,71.6404,47.5792,0.000160512,0.0689519,0,286.1673064,600.427,107.201,5.60095,5.5263e-05,0.0238878,6,-338.2683076,1057.59,322.843,3.27586,0.000239768,0.119924
60.316739,1,AUTO,ARMED,5,AVAILABLE,UNAVAILABLE,UNAVAILABLE,62,5,ACTIVE,9,E_P1S-A3.NC,E_P1S-A3.NC,2073855.592,193844.312,5709.5,3055.3479,100,0.0,59,100,0,0,100,4000.0,1679.7,236.071,7.11523,0.000265227,0.117787,0,590.2210075,3408.59,71.6404,47.5792,0.000160512,0.0689519,0,286.1672992,600.427,107.201,5.60095,5.5263e-05,0.0238878,6,-338.2683076,1057.59,322.843,3.27586,0.000239768,0.119924
60.455048,1,AUTO,ARMED,5,AVAILABLE,UNAVAILABLE,UNAVAILABLE,63,5,ACTIVE,9,E_P1S-A3.NC,E_P1S-A3.NC,2073855.592,193844.312,5709.5,3447.1226,100,17.55,59,100,0,0,100,4000.0,1679.7,236.071,7.11523,0.000265227,0.117787,0,588.3945553,3408.59,71.6404,47.5792,0.000160512,0.0689519,0,286.4847479,600.427,107.201,5.60095,5.5263e-05,0.0238878,6,-338.2682962,1057.59,322.843,3.27586,0.000239768,0.119924
60.617685,1,AUTO,ARMED,5,AVAILABLE,UNAVAILABLE,UNAVAILABLE,63,5,ACTIVE,9,E_P1S-A3.NC,E_P1S-A3.NC,2073855.592,193844.312,5709.5,3447.1226,100,18.75,0,100,0,0,100,4000.0,1727.69,1774.83,0.97344,0.000733492,0.382293,0,586.2213485,6889.19,874.829,7.8749,0.00226844,0.942995,0,286.484798,768.547,529.672,1.45099,0.000586941,0.263252,6,-338.2682962,1081.62,955.934,1.13148,0.00135221,0.680655
60.792013,1,AUTO,ARMED,5,AVAILABLE,UNAVAILABLE,UNAVAILABLE,63,5,ACTIVE,9,E_P1S-A3.NC,E_P1S-A3.NC,2073855.592,193844.312,5709.5,3447.1226,100,21.16667,0,100,0,0,100,4000.0,1727.69,1774.83,0.97344,0.000733492,0.382293,0,584.0413192,6889.19,874.829,7.8749,0.00226844,0.942995,0,286.4848194,768.547,529.672,1.45099,0.000586941,0.263252,6,-338.2683076,1081.62,955.934,1.13148,0.00135221,0.680655
60.935428,1,AUTO,ARMED,5,AVAILABLE,UNAVAILABLE,UNAVAILABLE,63,5,ACTIVE,9,E_P1S-A3.NC,E_P1S-A3.NC,2073855.592,193844.312,5709.5,3447.1226,100,21.16667,0,100,0,0,100,4000.0,1727.69,1774.83,0.97344,0.000733492,0.382293,0,581.8558175,6889.19,874.829,7.8749,0.00226844,0.942995,0,286.4848123,768.547,529.672,1.45099,0.000586941,0.263252,6,-338.2683076,1081.62,955.934,1.13148,0.00135221,0.680655
61.080557,1,AUTO,ARMED,5,AVAILABLE,UNAVAILABLE,UNAVAILABLE,63,5,ACTIVE,9,E_P1S-A3.NC,E_P1S-A3.NC,2073855.592,193844.312,5709.5,3447.1226,100,21.16667,0,100,0,7,100,4000.0,1727.69,1774.83,0.97344,0.000733492,0.382293,0,575.3210133,6889.19,874.829,7.8749,0.00226844,0.942995,0,286.4847264,768.547,529.672,1.45099,0.000586941,0.263252,6,-338.2683076,1081.62,955.934,1.13148,0.00135221,0.680655
61.232158,1,AUTO,ARMED,5,AVAILABLE,UNAVAILABLE,UNAVAILABLE,63,5,ACTIVE,9,E_P1S-A3.NC,E_P1S-A3.NC,2073855.592,193844.312,5709.5,3447.1226,100,21.16667,0,100,0,7,100,4000.0,1727.69,1774.83,0.97344,0.000733492,0.382293,0,573.1407616,6889.19,874.829,7.8749,0.00226844,0.942995,0,286.4848981,768.547,529.672,1.45099,0.000586941,0.263252,6,-338.2683648,1081.62,955.934,1.13148,0.00135221,0.680655
61.37395,1,AUTO,ARMED,5,AVAILABLE,UNAVAILABLE,UNAVAILABLE,63,5,ACTIVE,9,E_P1S-A3.NC,E_P1S-A3.NC,2073855.592,193844.312,5709.5,3447.1226,100,21.16667,0,100,0,7,100,4000.0,1727.69,1774.83,0.97344,0.000733492,0.382293,0,569.8756197,6889.19,874.829,7.8749,0.00226844,0.942995,0,286.4848266,768.547,529.672,1.45099,0.000586941,0.263252,6,-338.2682733,1081.62,955.934,1.13148,0.00135221,0.680655
61.518354,1,AUTO,ARMED,5,AVAILABLE,UNAVAILABLE,UNAVAILABLE,63,5,ACTIVE,9,E_P1S-A3.NC,E_P1S-A3.NC,2073855.592,193844.312,5709.5,4061.6919,100,21.16667,0,100,0,6,100,4000.0,1727.69,1774.83,0.97344,0.000733492,0.382293,0,567.690447,6889.19,874.829,7.8749,0.00226844,0.942995,0,286.4848981,768.547,529.672,1.45099,0.000586941,0.263252,6,-338.2683191,1081.62,955.934,1.13148,0.00135221,0.680655
61.657297,1,AUTO,ARMED,5,AVAILABLE,UNAVAILABLE,UNAVAILABLE,63,5,ACTIVE,9,E_P1S-A3.NC,E_P1S-A3.NC,2073855.592,193844.312,5709.5,4061.6919,100,21.16667,0,100,0,7,100,4000.0,3527.37,932.537,3.78255,0.00125425,0.565327,0,565.5049166,9961.72,916.627,10.8678,0.00206769,0.877078,0,286.4849124,1729.24,527.44,3.27855,0.000519305,0.241311,6,-338.2683419,2643.98,945.751,2.79564,0.00133681,0.683881
61.812657,1,AUTO,ARMED,5,AVAILABLE,UNAVAILABLE,UNAVAILABLE,63,5,ACTIVE,9,E_P1S-A3.NC,E_P1S-A3.NC,2073855.592,193844.312,5709.5,4061.6919,100,21.16667,1,100,0,6,100,4000.0,3527.37,932.537,3.78255,0.00125425,0.565327,0,561.1491554,9961.72,916.627,10.8678,0.00206769,0.877078,0,286.4846978,1729.24,527.44,3.27855,0.000519305,0.241311,6,-338.2683076,2643.98,945.751,2.79564,0.00133681,0.683881
61.977452,1,AUTO,ARMED,5,AVAILABLE,UNAVAILABLE,UNAVAILABLE,63,5,ACTIVE,9,E_P1S-A3.NC,E_P1S-A3.NC,2073855.592,193844.312,5709.5,4061.6919,100,21.16667,1,100,0,7,100,4000.0,3527.37,932.537,3.78255,0.00125425,0.565327,0,558.96934,9961.72,916.627,10.8678,0.00206769,0.877078,0,286.4846978,1729.24,527.44,3.27855,0.000519305,0.241311,6,-338.2682733,2643.98,945.751,2.79564,0.00133681,0.683881
62.137538,1,AUTO,ARMED,5,AVAILABLE,UNAVAILABLE,UNAVAILABLE,63,5,ACTIVE,9,E_P1S-A3.NC,E_P1S-A3.NC,2073855.592,193844.312,5709.5,4061.6919,100,21.16667,1,100,0,7,100,4000.0,3527.37,932.537,3.78255,0.00125425,0.565327,0,554.6040235,9961.72,916.627,10.8678,0.00206769,0.877078,0,286.4848337,1729.24,527.44,3.27855,0.000519305,0.241311,6,-338.2682618,2643.98,945.751,2.79564,0.00133681,0.683881
62.286257,1,AUTO,ARMED,5,AVAILABLE,UNAVAILABLE,UNAVAILABLE,63,5,ACTIVE,9,E_P1S-A3.NC,E_P1S-A3.NC,2073855.592,193844.312,5709.5,4061.6919,100,21.16667,1,100,0,7,100,4000.0,3527.37,932.537,3.78255,0.00125425,0.565327,0,550.2490169,9961.72,916.627,10.8678,0.00206769,0.877078,0,286.4849052,1729.24,527.44,3.27855,0.000519305,0.241311,6,-338.2683305,2643.98,945.751,2.79564,0.00133681,0.683881
62.432207,1,AUTO,ARMED,5,AVAILABLE,UNAVAILABLE,UNAVAILABLE,63,5,ACTIVE,9,E_P1S-A3.NC,E_P1S-A3.NC,2073855.592,193844.312,5709.5,4061.6919,100,21.16667,1,100,0,7,100,4000.0,3527.37,932.537,3.78255,0.00125425,0.565327,0,548.0738989,9961.72,916.627,10.8678,0.00206769,0.877078,0,286.4847765,1729.24,527.44,3.27855,0.000519305,0.241311,6,-338.2682962,2643.98,945.751,2.79564,0.00133681,0.683881
62.576534,1,AUTO,ARMED,5,AVAILABLE,UNAVAILABLE,UNAVAILABLE,63,5,ACTIVE,9,E_P1S-A3.NC,E_P1S-A3.NC,2073855.592,193844.312,5709.5,3054.7751,100,21.16667,1,100,0,7,100,4000.0,3527.37,932.537,3.78255,0.00125425,0.565327,0,545.8881237,9961.72,916.627,10.8678,0.00206769,0.877078,0,286.4851842,1729.24,527.44,3.27855,0.000519305,0.241311,6,-338.2682618,2643.98,945.751,2.79564,0.00133681,0.683881
62.737187,1,AUTO,ARMED,5,AVAILABLE,UNAVAILABLE,UNAVAILABLE,63,5,ACTIVE,9,E_P1S-A3.NC,E_P1S-A3.NC,2073855.592,193844.312,5709.5,3054.7751,100,21.16667,2,100,0,3,100,4000.0,4055.28,247.739,16.3692,0.000267576,0.120207,0,541.5335963,8737.51,324.151,26.9551,0.000117928,0.0860626,0,286.4850912,1705.22,111.641,15.2741,0.000128895,0.0454424,6,-338.2682504,2716.08,290.091,9.36286,0.000236609,0.114574
62.889782,1,AUTO,ARMED,5,AVAILABLE,UNAVAILABLE,UNAVAILABLE,63,5,ACTIVE,9,E_P1S-A3.NC,E_P1S-A3.NC,2073855.592,193844.312,5709.5,3054.7751,100,21.16667,2,100,0,1,100,4000.0,4055.28,247.739,16.3692,0.000267576,0.120207,0,537.1676464,8737.51,324.151,26.9551,0.000117928,0.0860626,0,286.4848123,1705.22,111.641,15.2741,0.000128895,0.0454424,6,-338.2682733,2716.08,290.091,9.36286,0.000236609,0.114574
63.057081,1,AUTO,ARMED,5,AVAILABLE,UNAVAILABLE,UNAVAILABLE,63,5,ACTIVE,9,E_P1S-A3.NC,E_P1S-A3.NC,2073855.592,193844.312,5709.5,3054.7751,100,21.16667,2,100,0,0,100,4000.0,4055.28,247.739,16.3692,0.000267576,0.120207,0,534.9930577,8737.51,324.151,26.9551,0.000117928,0.0860626,0,286.4848123,1705.22,111.641,15.2741,0.000128895,0.0454424,6,-338.2682847,2716.08,290.091,9.36286,0.000236609,0.114574
63.199008,1,AUTO,ARMED,5,AVAILABLE,UNAVAILABLE,UNAVAILABLE,63,5,ACTIVE,9,E_P1S-A3.NC,E_P1S-A3.NC,2073855.592,193844.312,5709.5,3054.7751,100,21.16667,2,100,0,1,100,4000.0,4055.28,247.739,16.3692,0.000267576,0.120207,0,532.8126199,8737.51,324.151,26.9551,0.000117928,0.0860626,0,286.4848051,1705.22,111.641,15.2741,0.000128895,0.0454424,6,-338.2682962,2716.08,290.091,9.36286,0.000236609,0.114574
63.344975,1,AUTO,ARMED,5,AVAILABLE,UNAVAILABLE,UNAVAILABLE,63,5,ACTIVE,9,E_P1S-A3.NC,E_P1S-A3.NC,2073855.592,193844.312,5709.5,3054.7751,100,16.2,2,100,0,0,100,4000.0,4055.28,247.739,16.3692,0.000267576,0.120207,0,530.660844,8737.51,324.151,26.9551,0.000117928,0.0860626,0,286.4848123,1705.22,111.641,15.2741,0.000128895,0.0454424,6,-338.2682962,2716.08,290.091,9.36286,0.000236609,0.114574
63.492009,1,AUTO,ARMED,5,AVAILABLE,UNAVAILABLE,UNAVAILABLE,64,5,ACTIVE,9,E_P1S-A3.NC,E_P1S-A3.NC,2073855.592,193844.312,5709.5,3054.7751,100,0.0,2,100,0,0,100,4000.0,4055.28,247.739,16.3692,0.000267576,0.120207,0,530.2768992,8737.51,324.151,26.9551,0.000117928,0.0860626,0,286.4848123,1705.22,111.641,15.2741,0.000128895,0.0454424,6,-338.2683076,2716.08,290.091,9.36286,0.000236609,0.114574
63.636192,1,AUTO,ARMED,5,AVAILABLE,UNAVAILABLE,UNAVAILABLE,64,5,ACTIVE,9,E_P1S-A3.NC,E_P1S-A3.NC,2073855.592,193844.312,5709.5,3054.7751,100,0.0,2,100,0,0,100,4000.0,4055.28,247.739,16.3692,0.000267576,0.120207,0,530.2768992,8737.51,324.151,26.9551,0.000117928,0.0860626,0,286.4848051,1705.22,111.641,15.2741,0.000128895,0.0454424,6,-338.2682962,2716.08,290.091,9.36286,0.000236609,0.114574
63.787111,1,AUTO,ARMED,5,AVAILABLE,UNAVAILABLE,UNAVAILABLE,64,5,ACTIVE,9,E_P1S-A3.NC,E_P1S-A3.NC,2073855.592,193844.312,5709.5,3054.5347,100,0.0,3,100,0,0,100,4000.0,1847.67,240.52,7.68198,0.000332233,0.119127,0,530.2769279,3144.54,74.7243,42.0819,0.000190083,0.0744564,0,286.484798,696.496,95.3357,7.30572,5.42392e-05,0.0204625,6,-338.2682962,1057.59,314.658,3.36108,0.000393984,0.124016
63.93145,1,AUTO,ARMED,5,AVAILABLE,UNAVAILABLE,UNAVAILABLE,64,5,ACTIVE,9,E_P1S-A3.NC,E_P1S-A3.NC,2073855.592,193844.312,5709.5,3054.5347,100,0.0,3,100,0,0,100,4000.0,1847.67,240.52,7.68198,0.000332233,0.119127,0,530.2769565,3144.54,74.7243,42.0819,0.000190083,0.0744564,0,286.4847908,696.496,95.3357,7.30572,5.42392e-05,0.0204625,6,-338.2682962,1057.59,314.658,3.36108,0.000393984,0.124016
64.073198,1,AUTO,ARMED,5,AVAILABLE,UNAVAILABLE,UNAVAILABLE,64,5,ACTIVE,9,E_P1S-A3.NC,E_P1S-A3.NC,2073855.592,193844.312,5709.5,3054.5347,100,0.0,3,100,0,0,100,4000.0,1847.67,240.52,7.68198,0.000332233,0.119127,0,530.2769636,3144.54,74.7243,42.0819,0.000190083,0.0744564,0,286.4848051,696.496,95.3357,7.30572,5.42392e-05,0.0204625,6,-338.2683076,1057.59,314.658,3.36108,0.000393984,0.124016
64.237713,1,AUTO,ARMED,5,AVAILABLE,UNAVAILABLE,UNAVAILABLE,64,5,ACTIVE,9,E_P1S-A3.NC,E_P1S-A3.NC,2073855.592,193844.312,5709.5,3054.5347,100,0.0,3,100,0,0,100,4000.0,1847.67,240.52,7.68198,0.000332233,0.119127,0,530.2769779,3144.54,74.7243,42.0819,0.000190083,0.0744564,0,286.4848051,696.496,95.3357,7.30572,5.42392e-05,0.0204625,6,-338.2682962,1057.59,314.658,3.36108,0.000393984,0.124016
64.400311,1,AUTO,ARMED,5,AVAILABLE,UNAVAILABLE,UNAVAILABLE,64,5,ACTIVE,9,E_P1S-A3.NC,E_P1S-A3.NC,2073855.592,193844.312,5709.5,3054.5347,100,0.0,3,100,0,0,100,4000.0,1847.67,240.52,7.68198,0.000332233,0.119127,0,530.2769851,3144.54,74.7243,42.0819,0.000190083,0.0744564,0,286.484798,696.496,95.3357,7.30572,5.42392e-05,0.0204625,6,-338.2683076,1057.59,314.658,3.36108,0.000393984,0.124016
64.540587,1,AUTO,ARMED,5,AVAILABLE,UNAVAILABLE,UNAVAILABLE,68,5,ACTIVE,9,E_P1S-A3.NC,E_P1S-A3.NC,2073855.592,193844.312,5709.5,3054.5347,100,0.0,3,100,0,0,100,4000.0,1847.67,240.52,7.68198,0.000332233,0.119127,0,530.2769922,3144.54,74.7243,42.0819,0.000190083,0.0744564,0,286.8023181,696.496,95.3357,7.30572,5.42392e-05,0.0204625,6,-338.2682962,1057.59,314.658,3.36108,0.000393984,0.124016
64.67968,1,AUTO,ARMED,5,AVAILABLE,UNAVAILABLE,UNAVAILABLE,68,5,ACTIVE,9,E_P1S-A3.NC,E_P1S-A3.NC,2073855.592,193844.312,5709.5,3054.5347,100,0.0,4,100,0,0,100,4000.0,1847.67,240.52,7.68198,0.000332233,0.119127,0,530.2769922,3144.54,74.7243,42.0819,0.000190083,0.0744564,0,286.8023038,696.496,95.3357,7.30572,5.42392e-05,0.0204625,6,-338.2683076,1057.59,314.658,3.36108,0.000393984,0.124016
64.82316,1,AUTO,ARMED,5,AVAILABLE,UNAVAILABLE,UNAVAILABLE,68,5,ACTIVE,9,E_P1S-A3.NC,E_P1S-A3.NC,2073855.592,193844.312,5709.5,3076.4263,100,0.0,4,100,0,0,100,4000.0,1655.71,239.695,6.90757,0.000286294,0.121385,0,530.2769994,6385.1,75.1648,84.948,0.000227249,0.0853001,0,286.8023253,576.41,110.766,5.20385,8.86279e-05,0.0309969,6,-338.2683076,1225.84,335.308,3.65586,0.000217175,0.12405
64.964745,1,AUTO,ARMED,5,AVAILABLE,UNAVAILABLE,UNAVAILABLE,68,5,ACTIVE,9,E_P1S-A3.NC,E_P1S-A3.NC,2073855.592,193844.312,5709.5,3076.4263,100,0.0,4,100,0,0,100,4000.0,1655.71,239.695,6.90757,0.000286294,0.121385,0,530.2769994,6385.1,75.1648,84.948,0.000227249,0.0853001,0,286.8022967,576.41,110.766,5.20385,8.86279e-05,0.0309969,6,-338.2682962,1225.84,335.308,3.65586,0.000217175,0.12405
65.104211,1,AUTO,ARMED,5,AVAILABLE,UNAVAILABLE,UNAVAILABLE,68,5,ACTIVE,9,E_P1S-A3.NC,E_P1S-A3.NC,2073855.592,193844.312,5709.5,3076.4263,100,0.0,4,100,0,0,100,4000.0,1655.71,239.695,6.90757,0.000286294,0.121385,0,530.2769994,6385.1,75.1648,84.948,0.000227249,0.0853001,0,286.8022824,576.41,110.766,5.20385,8.86279e-05,0.0309969,6,-338.2683076,1225.84,335.308,3.65586,0.000217175,0.12405
65.256075,1,AUTO,ARMED,5,AVAILABLE,UNAVAILABLE,UNAVAILABLE,68,5,ACTIVE,9,E_P1S-A3.NC,E_P1S-A3.NC,2073855.592,193844.312,5709.5,3076.4263,100,0.0,4,100,0,1,100,4000.0,1655.71,239.695,6.90757,0.000286294,0.121385,0,530.2769994,6385.1,75.1648,84.948,0.000227249,0.0853001,0,286.8023038,576.41,110.766,5.20385,8.86279e-05,0.0309969,6,-338.2683076,1225.84,335.308,3.65586,0.000217175,0.12405
65.40622,1,AUTO,ARMED,5,AVAILABLE,UNAVAILABLE,UNAVAILABLE,69,5,ACTIVE,9,E_P1S-A3.NC,E_P1S-A3.NC,2073855.592,193844.312,5709.5,3076.4263,100,21.98333,4,100,0,1,100,4000.0,1655.71,239.695,6.90757,0.000286294,0.121385,0,530.2770065,6385.1,75.1648,84.948,0.000227249,0.0853001,0,286.8023038,576.41,110.766,5.20385,8.86279e-05,0.0309969,6,-338.2682962,1225.84,335.308,3.65586,0.000217175,0.12405
65.555265,1,AUTO,ARMED,5,AVAILABLE,UNAVAILABLE,UNAVAILABLE,69,5,ACTIVE,9,E_P1S-A3.NC,E_P1S-A3.NC,2073855.592,193844.312,5709.5,3076.4263,100,22.63333,4,100,0,0,100,4000.0,1655.71,239.695,6.90757,0.000286294,0.121385,0,531.4620777,6385.1,75.1648,84.948,0.000227249,0.0853001,0,286.8022824,576.41,110.766,5.20385,8.86279e-05,0.0309969,6,-338.2682962,1225.84,335.308,3.65586,0.000217175,0.12405
65.701126,1,AUTO,ARMED,5,AVAILABLE,UNAVAILABLE,UNAVAILABLE,69,5,ACTIVE,9,E_P1S-A3.NC,E_P1S-A3.NC,2073855.592,193844.312,5709.5,3076.4263,100,22.63333,4,100,0,0,100,4000.0,1655.71,239.695,6.90757,0.000286294,0.121385,0,533.8623304,6385.1,75.1648,84.948,0.000227249,0.0853001,0,286.8023038,576.41,110.766,5.20385,8.86279e-05,0.0309969,6,-338.2682962,1225.84,335.308,3.65586,0.000217175,0.12405
65.84094,1,AUTO,ARMED,5,AVAILABLE,UNAVAILABLE,UNAVAILABLE,69,5,ACTIVE,9,E_P1S-A3.NC,E_P1S-A3.NC,2073855.592,193844.312,5709.5,3076.4263,100,23.28333,5,100,0,1,100,4000.0,8470.5,2944.09,2.87712,0.00140604,0.726598,0,538.652608,11257.9,1363.62,8.25589,0.00221342,1.05216,0,286.802311,3242.32,1065.26,3.04369,0.00062046,0.362086,6,-338.2682962,3869.82,1966.56,1.96781,0.00137311,1.06549
65.983913,1,AUTO,ARMED,5,AVAILABLE,UNAVAILABLE,UNAVAILABLE,69,5,ACTIVE,9,E_P1S-A3.NC,E_P1S-A3.NC,2073855.592,193844.312,5709.5,4384.9941,100,23.28333,5,100,0,2,100,4000.0,8470.5,2944.09,2.87712,0.00140604,0.726598,0,543.4475919,11257.9,1363.62,8.25589,0.00221342,1.05216,0,286.8019105,3242.32,1065.26,3.04369,0.00062046,0.362086,6,-338.2683534,3869.82,1966.56,1.96781,0.00137311,1.06549
66.128701,1,AUTO,ARMED,5,AVAILABLE,UNAVAILABLE,UNAVAILABLE,69,5,ACTIVE,9,E_P1S-A3.NC,E_P1S-A3.NC,2073855.592,193844.312,5709.5,4384.9941,100,23.28333,5,100,0,8,100,4000.0,8470.5,2944.09,2.87712,0.00140604,0.726598,1,545.8471617,11257.9,1363.62,8.25589,0.00221342,1.05216,0,286.8021465,3242.32,1065.26,3.04369,0.00062046,0.362086,6,-338.2683305,3869.82,1966.56,1.96781,0.00137311,1.06549
66.270758,1,AUTO,ARMED,5,AVAILABLE,UNAVAILABLE,UNAVAILABLE,69,5,ACTIVE,9,E_P1S-A3.NC,E_P1S-A3.NC,2073855.592,193844.312,5709.5,4384.9941,100,23.28333,5,100,0,9,100,4000.0,8470.5,2944.09,2.87712,0.00140604,0.726598,1,548.2397721,11257.9,1363.62,8.25589,0.00221342,1.05216,0,286.8022967,3242.32,1065.26,3.04369,0.00062046,0.362086,6,-338.2683191,3869.82,1966.56,1.96781,0.00137311,1.06549
66.413185,1,AUTO,ARMED,5,AVAILABLE,UNAVAILABLE,UNAVAILABLE,69,5,ACTIVE,9,E_P1S-A3.NC,E_P1S-A3.NC,2073855.592,193844.312,5709.5,4384.9941,100,23.28333,5,100,0,9,100,4000.0,8470.5,2944.09,2.87712,0.00140604,0.726598,1,550.6496199,11257.9,1363.62,8.25589,0.00221342,1.05216,0,286.8023396,3242.32,1065.26,3.04369,0.00062046,0.362086,6,-338.2683305,3869.82,1966.56,1.96781,0.00137311,1.06549
66.569323,1,AUTO,ARMED,5,AVAILABLE,UNAVAILABLE,UNAVAILABLE,69,5,ACTIVE,9,E_P1S-A3.NC,E_P1S-A3.NC,2073855.592,193844.312,5709.5,4384.9941,100,23.28333,5,100,0,9,100,4000.0,8470.5,2944.09,2.87712,0.00140604,0.726598,1,555.4396329,11257.9,1363.62,8.25589,0.00221342,1.05216,0,286.8022538,3242.32,1065.26,3.04369,0.00062046,0.362086,6,-338.2683076,3869.82,1966.56,1.96781,0.00137311,1.06549
66.71265,1,AUTO,ARMED,5,AVAILABLE,UNAVAILABLE,UNAVAILABLE,69,5,ACTIVE,9,E_P1S-A3.NC,E_P1S-A3.NC,2073855.592,193844.312,5709.5,4384.9941,100,23.28333,6,100,0,8,100,4000.0,8470.5,2944.09,2.87712,0.00140604,0.726598,1,560.2359805,11257.9,1363.62,8.25589,0.00221342,1.05216,0,286.8022824,3242.32,1065.26,3.04369,0.00062046,0.362086,6,-338.2682962,3869.82,1966.56,1.96781,0.00137311,1.06549
66.862968,1,AUTO,ARMED,5,AVAILABLE,UNAVAILABLE,UNAVAILABLE,69,5,ACTIVE,9,E_P1S-A3.NC,E_P1S-A3.NC,2073855.592,193844.312,5709.5,4384.9941,100,23.28333,6,100,0,9,100,4000.0,8470.5,2944.09,2.87712,0.00140604,0.726598,1,562.6347117,11257.9,1363.62,8.25589,0.00221342,1.05216,0,286.8023038,3242.32,1065.26,3.04369,0.00062046,0.362086,6,-338.2682847,3869.82,1966.56,1.96781,0.00137311,1.06549
67.004036,1,AUTO,ARMED,5,AVAILABLE,UNAVAILABLE,UNAVAILABLE,69,5,ACTIVE,9,E_P1S-A3.NC,E_P1S-A3.NC,2073855.592,193844.312,5709.5,3569.9375,100,23.28333,6,100,0,8,100,4000.0,15765.2,2840.67,5.54982,0.00129709,0.681543,1,567.4310728,12746.2,1561.59,8.16232,0.00202481,1.05341,0,286.8023396,5644.03,553.858,10.1904,0.000424933,0.205302,6,-338.2683076,4566.87,290.473,15.7222,0.000322678,0.149602
67.14521,1,AUTO,ARMED,5,AVAILABLE,UNAVAILABLE,UNAVAILABLE,69,5,ACTIVE,9,E_P1S-A3.NC,E_P1S-A3.NC,2073855.592,193844.312,5709.5,3569.9375,100,23.28333,6,100,0,8,100,4000.0,15765.2,2840.67,5.54982,0.00129709,0.681543,1,569.829282,12746.2,1561.59,8.16232,0.00202481,1.05341,0,286.8022252,5644.03,553.858,10.1904,0.000424933,0.205302,6,-338.2682733,4566.87,290.473,15.7222,0.000322678,0.149602
67.293752,1,AUTO,ARMED,5,AVAILABLE,UNAVAILABLE,UNAVAILABLE,69,5,ACTIVE,9,E_P1S-A3.NC,E_P1S-A3.NC,2073855.592,193844.312,5709.5,3569.9375,100,23.28333,6,100,0,8,100,4000.0,15765.2,2840.67,5.54982,0.00129709,0.681543,1,572.2211039,12746.2,1561.59,8.16232,0.00202481,1.05341,0,286.8022681,5644.03,553.858,10.1904,0.000424933,0.205302,6,-338.2682962,4566.87,290.473,15.7222,0.000322678,0.149602
67.430565,1,AUTO,ARMED,5,AVAILABLE,UNAVAILABLE,UNAVAILABLE,69,5,ACTIVE,9,E_P1S-A3.NC,E_P1S-A3.NC,2073855.592,193844.312,5709.5,3569.9375,100,23.28333,6,100,0,8,100,4000.0,15765.2,2840.67,5.54982,0.00129709,0.681543,1,573.4208665,12746.2,1561.59,8.16232,0.00202481,1.05341,0,286.8023325,5644.03,553.858,10.1904,0.000424933,0.205302,6,-338.2683191,4566.87,290.473,15.7222,0.000322678,0.149602
67.577044,1,AUTO,ARMED,5,AVAILABLE,UNAVAILABLE,UNAVAILABLE,69,5,ACTIVE,9,E_P1S-A3.NC,E_P1S-A3.NC,2073855.592,193844.312,5709.5,3569.9375,100,23.28333,6,100,0,6,100,4000.0,15765.2,2840.67,5.54982,0.00129709,0.681543,0,578.2233573,12746.2,1561.59,8.16232,0.00202481,1.05341,0,286.8026686,5644.03,553.858,10.1904,0.000424933,0.205302,6,-338.2682389,4566.87,290.473,15.7222,0.000322678,0.149602
67.735203,1,AUTO,ARMED,5,AVAILABLE,UNAVAILABLE,UNAVAILABLE,69,5,ACTIVE,9,E_P1S-A3.NC,E_P1S-A3.NC,2073855.592,193844.312,5709.5,3569.9375,100,23.28333,7,100,0,0,100,4000.0,15765.2,2840.67,5.54982,0.00129709,0.681543,0,583.0247323,12746.2,1561.59,8.16232,0.00202481,1.05341,0,286.8023181,5644.03,553.858,10.1904,0.000424933,0.205302,6,-338.2682618,4566.87,290.473,15.7222,0.000322678,0.149602
67.896477,1,AUTO,ARMED,5,AVAILABLE,UNAVAILABLE,UNAVAILABLE,69,5,ACTIVE,9,E_P1S-A3.NC,E_P1S-A3.NC,2073855.592,193844.312,5709.5,3569.9375,100,23.28333,7,100,0,1,100,4000.0,7438.68,216.442,34.368,0.000252086,0.106333,0,587.8153458,9697.67,76.9628,126.005,0.000224714,0.0825239,0,286.8022895,672.479,85.6801,7.84872,8.62783e-05,0.0268373,6,-338.2682847,961.445,302.166,3.18184,0.000290085,0.115202
68.055784,1,AUTO,ARMED,5,AVAILABLE,UNAVAILABLE,UNAVAILABLE,69,5,ACTIVE,9,E_P1S-A3.NC,E_P1S-A3.NC,2073855.592,193844.312,5709.5,3055.5039,100,22.53333,7,100,0,1,100,4000.0,7438.68,216.442,34.368,0.000252086,0.106333,0,590.0763341,9697.67,76.9628,126.005,0.000224714,0.0825239,0,286.8022967,672.479,85.6801,7.84872,8.62783e-05,0.0268373,6,-338.2682962,961.445,302.166,3.18184,0.000290085,0.115202
68.208069,1,AUTO,ARMED,5,AVAILABLE,UNAVAILABLE,UNAVAILABLE,70,5,ACTIVE,9,E_P1S-A3.NC,E_P1S-A3.NC,2073855.592,193844.312,5709.5,3055.5039,100,0.0,7,100,0,1,100,4000.0,7438.68,216.442,34.368,0.000252086,0.106333,0,590.2193553,9697.67,76.9628,126.005,0.000224714,0.0825239,0,286.8023038,672.479,85.6801,7.84872,8.62783e-05,0.0268373,6,-338.2682962,961.445,302.166,3.18184,0.000290085,0.115202
68.419405,1,AUTO,ARMED,5,AVAILABLE,UNAVAILABLE,UNAVAILABLE,70,5,ACTIVE,9,E_P1S-A3.NC,E_P1S-A3.NC,2073855.592,193844.312,5709.5,3055.5039,100,0.0,7,100,0,1,100,4000.0,7438.68,216.442,34.368,0.000252086,0.106333,0,590.2210934,9697.67,76.9628,126.005,0.000224714,0.0825239,0,286.8023038,672.479,85.6801,7.84872,8.62783e-05,0.0268373,6,-338.2682962,961.445,302.166,3.18184,0.000290085,0.115202
68.579316,1,AUTO,ARMED,5,AVAILABLE,UNAVAILABLE,UNAVAILABLE,70,5,ACTIVE,9,E_P1S-A3.NC,E_P1S-A3.NC,2073855.592,193844.312,5709.5,3055.5039,100,0.0,7,100,0,1,100,4000.0,7438.68,216.442,34.368,0.000252086,0.106333,0,590.221029,9697.67,76.9628,126.005,0.000224714,0.0825239,0,286.8022967,672.479,85.6801,7.84872,8.62783e-05,0.0268373,6,-338.2682962,961.445,302.166,3.18184,0.000290085,0.115202
68.738585,1,AUTO,ARMED,5,AVAILABLE,UNAVAILABLE,UNAVAILABLE,70,5,ACTIVE,9,E_P1S-A3.NC,E_P1S-A3.NC,2073855.592,193844.312,5709.5,3055.5039,100,0.0,8,100,0,1,100,4000.0,7438.68,216.442,34.368,0.000252086,0.106333,0,590.2210147,9697.67,76.9628,126.005,0.000224714,0.0825239,0,286.8022967,672.479,85.6801,7.84872,8.62783e-05,0.0268373,6,-338.2682962,961.445,302.166,3.18184,0.000290085,0.115202
68.890251,1,AUTO,ARMED,5,AVAILABLE,UNAVAILABLE,UNAVAILABLE,70,5,ACTIVE,9,E_P1S-A3.NC,E_P1S-A3.NC,2073855.592,193844.312,5709.5,3055.5039,100,0.0,8,100,0,1,100,4000.0,7438.68,216.442,34.368,0.000252086,0.106333,0,590.2210147,9697.67,76.9628,126.005,0.000224714,0.0825239,0,286.8023038,672.479,85.6801,7.84872,8.62783e-05,0.0268373,6,-338.2683076,961.445,302.166,3.18184,0.000290085,0.115202
69.031686,1,AUTO,ARMED,5,AVAILABLE,UNAVAILABLE,UNAVAILABLE,70,5,ACTIVE,9,E_P1S-A3.NC,E_P1S-A3.NC,2073855.592,193844.312,5709.5,3055.5039,100,0.0,8,100,0,1,100,4000.0,1751.69,240.287,7.28999,0.000348526,0.116505,0,590.2210075,7705.33,249.594,30.8715,0.000236551,0.115976,0,286.8022967,696.496,103.774,6.71166,0.000103697,0.033727,6,-338.2682962,1033.55,349.696,2.95557,0.000457691,0.147645
69.184131,1,AUTO,ARMED,5,AVAILABLE,UNAVAILABLE,UNAVAILABLE,70,5,ACTIVE,9,E_P1S-A3.NC,E_P1S-A3.NC,2073855.592,193844.312,5709.5,3881.8867,100,0.0,8,100,0,1,100,4000.0,1751.69,240.287,7.28999,0.000348526,0.116505,0,590.2092791,7705.33,249.594,30.8715,0.000236551,0.115976,1,287.1023791,696.496,103.774,6.71166,0.000103697,0.033727,6,-338.2683076,1033.55,349.696,2.95557,0.000457691,0.147645
69.370269,1,AUTO,ARMED,5,AVAILABLE,UNAVAILABLE,UNAVAILABLE,72,5,ACTIVE,9,E_P1S-A3.NC,E_P1S-A3.NC,2073855.592,193844.312,5709.5,3881.8867,100,23.26667,8,100,0,0,100,4000.0,1751.69,240.287,7.28999,0.000348526,0.116505,0,584.8898711,7705.33,249.594,30.8715,0.000236551,0.115976,0,287.1198026,696.496,103.774,6.71166,0.000103697,0.033727,6,-338.2683076,1033.55,349.696,2.95557,0.000457691,0.147645
69.528708,1,AUTO,ARMED,5,AVAILABLE,UNAVAILABLE,UNAVAILABLE,72,5,ACTIVE,9,E_P1S-A3.NC,E_P1S-A3.NC,2073855.592,193844.312,5709.5,3881.8867,100,23.28333,8,100,0,1,100,4000.0,1751.69,240.287,7.28999,0.000348526,0.116505,0,582.49189,7705.33,249.594,30.8715,0.000236551,0.115976,0,287.1198026,696.496,103.774,6.71166,0.000103697,0.033727,6,-338.2682962,1033.55,349.696,2.95557,0.000457691,0.147645
69.679378,1,AUTO,ARMED,5,AVAILABLE,UNAVAILABLE,UNAVAILABLE,72,5,ACTIVE,9,E_P1S-A3.NC,E_P1S-A3.NC,2073855.592,193844.312,5709.5,3881.8867,100,23.28333,8,100,0,1,100,4000.0,1751.69,240.287,7.28999,0.000348526,0.116505,0,580.0937061,7705.33,249.594,30.8715,0.000236551,0.115976,0,287.1198097,696.496,103.774,6.71166,0.000103697,0.033727,6,-338.2682962,1033.55,349.696,2.95557,0.000457691,0.147645
69.82511,1,AUTO,ARMED,5,AVAILABLE,UNAVAILABLE,UNAVAILABLE,72,5,ACTIVE,9,E_P1S-A3.NC,E_P1S-A3.NC,2073855.592,193844.312,5709.5,3881.8867,100,23.28333,9,100,0,1,100,4000.0,1751.69,240.287,7.28999,0.000348526,0.116505,0,577.700579,7705.33,249.594,30.8715,0.000236551,0.115976,0,287.1192089,696.496,103.774,6.71166,0.000103697,0.033727,6,-338.2683305,1033.55,349.696,2.95557,0.000457691,0.147645
70.002048,1,AUTO,ARMED,5,AVAILABLE,UNAVAILABLE,UNAVAILABLE,72,5,ACTIVE,9,E_P1S-A3.NC,E_P1S-A3.NC,2073855.592,193844.312,5709.5,3881.8867,100,23.28333,9,100,0,8,100,4000.0,1751.69,240.287,7.28999,0.000348526,0.116505,0,570.5062919,7705.33,249.594,30.8715,0.000236551,0.115976,0,287.1196881,696.496,103.774,6.71166,0.000103697,0.033727,6,-338.2683419,1033.55,349.696,2.95557,0.000457691,0.147645
70.14922,1,AUTO,ARMED,5,AVAILABLE,UNAVAILABLE,UNAVAILABLE,72,5,ACTIVE,9,E_P1S-A3.NC,E_P1S-A3.NC,2073855.592,193844.312,5709.5,3881.8867,100,23.28333,9,100,0,7,100,4000.0,3455.39,931.72,3.70861,0.00132646,0.593467,0,568.1023573,9865.7,971.328,10.1569,0.00211328,0.908346,0,287.1197311,1801.29,567.199,3.17576,0.000543146,0.253569,6,-338.2683076,2692.05,1032.94,2.6062,0.00119163,0.668461
70.299061,1,AUTO,ARMED,5,AVAILABLE,UNAVAILABLE,UNAVAILABLE,72,5,ACTIVE,9,E_P1S-A3.NC,E_P1S-A3.NC,2073855.592,193844.312,5709.5,4115.9956,100,23.28333,9,100,0,7,100,4000.0,3455.39,931.72,3.70861,0.00132646,0.593467,0,563.3123982,9865.7,971.328,10.1569,0.00211328,0.908346,0,287.1198598,1801.29,567.199,3.17576,0.000543146,0.253569,6,-338.2682847,2692.05,1032.94,2.6062,0.00119163,0.668461
70.439239,1,AUTO,ARMED,5,AVAILABLE,UNAVAILABLE,UNAVAILABLE,72,5,ACTIVE,9,E_P1S-A3.NC,E_P1S-A3.NC,2073855.592,193844.312,5709.5,4115.9956,100,23.28333,9,100,0,7,100,4000.0,3455.39,931.72,3.70861,0.00132646,0.593467,0,560.9083063,9865.7,971.328,10.1569,0.00211328,0.908346,0,287.1198884,1801.29,567.199,3.17576,0.000543146,0.253569,6,-338.2683191,2692.05,1032.94,2.6062,0.00119163,0.668461
70.580732,1,AUTO,ARMED,5,AVAILABLE,UNAVAILABLE,UNAVAILABLE,72,5,ACTIVE,9,E_P1S-A3.NC,E_P1S-A3.NC,2073855.592,193844.312,5709.5,4115.9956,100,23.28333,9,100,0,8,100,4000.0,3455.39,931.72,3.70861,0.00132646,0.593467,0,558.5104569,9865.7,971.328,10.1569,0.00211328,0.908346,0,287.119917,1801.29,567.199,3.17576,0.000543146,0.253569,6,-338.2683305,2692.05,1032.94,2.6062,0.00119163,0.668461
70.725347,1,AUTO,ARMED,5,AVAILABLE,UNAVAILABLE,UNAVAILABLE,72,5,ACTIVE,9,E_P1S-A3.NC,E_P1S-A3.NC,2073855.592,193844.312,5709.5,4115.9956,100,23.28333,10,100,0,8,100,4000.0,3455.39,931.72,3.70861,0.00132646,0.593467,0,553.7189647,9865.7,971.328,10.1569,0.00211328,0.908346,0,287.1196953,1801.29,567.199,3.17576,0.000543146,0.253569,6,-338.2682847,2692.05,1032.94,2.6062,0.00119163,0.668461
70.882471,1,AUTO,ARMED,5,AVAILABLE,UNAVAILABLE,UNAVAILABLE,72,5,ACTIVE,9,E_P1S-A3.NC,E_P1S-A3.NC,2073855.592,193844.312,5709.5,4115.9956,100,23.28333,10,100,0,8,100,4000.0,3455.39,931.72,3.70861,0.00132646,0.593467,0,551.3151328,9865.7,971.328,10.1569,0.00211328,0.908346,0,287.1197024,1801.29,567.199,3.17576,0.000543146,0.253569,6,-338.2683076,2692.05,1032.94,2.6062,0.00119163,0.668461
71.029505,1,AUTO,ARMED,5,AVAILABLE,UNAVAILABLE,UNAVAILABLE,72,5,ACTIVE,9,E_P1S-A3.NC,E_P1S-A3.NC,2073855.592,193844.312,5709.5,4115.9956,100,23.28333,10,100,0,7,100,4000.0,3455.39,931.72,3.70861,0.00132646,0.593467,0,548.9230094,9865.7,971.328,10.1569,0.00211328,0.908346,0,287.1198097,1801.29,567.199,3.17576,0.000543146,0.253569,6,-338.2682618,2692.05,1032.94,2.6062,0.00119163,0.668461
71.172419,1,AUTO,ARMED,5,AVAILABLE,UNAVAILABLE,UNAVAILABLE,72,5,ACTIVE,9,E_P1S-A3.NC,E_P1S-A3.NC,2073855.592,193844.312,5709.5,4115.9956,100,23.28333,10,100,0,8,100,4000.0,4079.27,277.158,14.7182,0.00030847,0.140838,0,545.3253259,8881.53,407.349,21.8032,0.000160408,0.127338,0,287.1196881,1801.29,89.8097,20.0567,9.07473e-05,0.0296971,6,-338.2682962,2860.3,338.36,8.45342,0.000244966,0.118096
71.321325,1,AUTO,ARMED,5,AVAILABLE,UNAVAILABLE,UNAVAILABLE,72,5,ACTIVE,9,E_P1S-A3.NC,E_P1S-A3.NC,2073855.592,193844.312,5709.5,3057.1301,100,23.28333,10,100,0,7,100,4000.0,4079.27,277.158,14.7182,0.00030847,0.140838,0,542.9229173,8881.53,407.349,21.8032,0.000160408,0.127338,0,287.1203104,1801.29,89.8097,20.0567,9.07473e-05,0.0296971,6,-338.2682275,2860.3,338.36,8.45342,0.000244966,0.118096
71.477485,1,AUTO,ARMED,5,AVAILABLE,UNAVAILABLE,UNAVAILABLE,72,5,ACTIVE,9,E_P1S-A3.NC,E_P1S-A3.NC,2073855.592,193844.312,5709.5,3057.1301,100,23.28333,10,100,0,1,100,4000.0,4079.27,277.158,14.7182,0.00030847,0.140838,0,535.727164,8881.53,407.349,21.8032,0.000160408,0.127338,0,287.1198097,1801.29,89.8097,20.0567,9.07473e-05,0.0296971,6,-338.2682847,2860.3,338.36,8.45342,0.000244966,0.118096
71.624455,1,AUTO,ARMED,5,AVAILABLE,UNAVAILABLE,UNAVAILABLE,72,5,ACTIVE,9,E_P1S-A3.NC,E_P1S-A3.NC,2073855.592,193844.312,5709.5,3057.1301,100,23.28333,10,100,0,1,100,4000.0,4079.27,277.158,14.7182,0.00030847,0.140838,0,533.3233303,8881.53,407.349,21.8032,0.000160408,0.127338,0,287.1198026,1801.29,89.8097,20.0567,9.07473e-05,0.0296971,6,-338.2682847,2860.3,338.36,8.45342,0.000244966,0.118096
71.768923,1,AUTO,ARMED,5,AVAILABLE,UNAVAILABLE,UNAVAILABLE,72,5,ACTIVE,9,E_P1S-A3.NC,E_P1S-A3.NC,2073855.592,193844.312,5709.5,3057.1301,100,23.28333,11,100,0,1,100,4000.0,4079.27,277.158,14.7182,0.00030847,0.140838,0,530.9458396,8881.53,407.349,21.8032,0.000160408,0.127338,0,287.1198097,1801.29,89.8097,20.0567,9.07473e-05,0.0296971,6,-338.2682962,2860.3,338.36,8.45342,0.000244966,0.118096
71.916774,1,AUTO,ARMED,5,AVAILABLE,UNAVAILABLE,UNAVAILABLE,72,5,ACTIVE,9,E_P1S-A3.NC,E_P1S-A3.NC,2073855.592,193844.312,5709.5,3057.1301,100,15.51667,11,100,0,0,100,4000.0,4079.27,277.158,14.7182,0.00030847,0.140838,0,530.2769994,8881.53,407.349,21.8032,0.000160408,0.127338,0,287.1197954,1801.29,89.8097,20.0567,9.07473e-05,0.0296971,6,-338.2683076,2860.3,338.36,8.45342,0.000244966,0.118096
72.056389,1,AUTO,ARMED,5,AVAILABLE,UNAVAILABLE,UNAVAILABLE,73,5,ACTIVE,9,E_P1S-A3.NC,E_P1S-A3.NC,2073855.592,193844.312,5709.5,3057.1301,100,0.0,11,100,0,0,100,4000.0,4079.27,277.158,14.7182,0.00030847,0.140838,0,530.2768921,8881.53,407.349,21.8032,0.000160408,0.127338,0,287.1197883,1801.29,89.8097,20.0567,9.07473e-05,0.0296971,6,-338.2683076,2860.3,338.36,8.45342,0.000244966,0.118096
72.204987,1,AUTO,ARMED,5,AVAILABLE,UNAVAILABLE,UNAVAILABLE,73,5,ACTIVE,9,E_P1S-A3.NC,E_P1S-A3.NC,2073855.592,193844.312,5709.5,3057.1301,100,0.0,11,100,0,1,100,4000.0,2159.62,259.466,8.32333,0.000258211,0.121987,0,530.2769064,3000.52,76.4371,39.2548,0.000197073,0.0718426,0,287.1198026,576.411,92.2346,6.2494,4.52937e-05,0.0189528,6,-338.2682962,1033.55,314.135,3.29015,0.000300901,0.132813
72.3694,1,AUTO,ARMED,5,AVAILABLE,UNAVAILABLE,UNAVAILABLE,73,5,ACTIVE,9,E_P1S-A3.NC,E_P1S-A3.NC,2073855.592,193844.312,5709.5,3057.1301,100,0.0,11,100,0,1,100,4000.0,2159.62,259.466,8.32333,0.000258211,0.121987,0,530.2769422,3000.52,76.4371,39.2548,0.000197073,0.0718426,0,287.1198097,576.411,92.2346,6.2494,4.52937e-05,0.0189528,6,-338.2682962,1033.55,314.135,3.29015,0.000300901,0.132813
72.5171,1,AUTO,ARMED,5,AVAILABLE,UNAVAILABLE,UNAVAILABLE,73,5,ACTIVE,9,E_P1S-A3.NC,E_P1S-A3.NC,2073855.592,193844.312,5709.5,3059.4592,100,0.0,11,100,0,0,100,4000.0,2159.62,259.466,8.32333,0.000258211,0.121987,0,530.2769636,3000.52,76.4371,39.2548,0.000197073,0.0718426,0,287.1198026,576.411,92.2346,6.2494,4.52937e-05,0.0189528,6,-338.2683076,1033.55,314.135,3.29015,0.000300901,0.132813
72.670181,1,AUTO,ARMED,5,AVAILABLE,UNAVAILABLE,UNAVAILABLE,73,5,ACTIVE,9,E_P1S-A3.NC,E_P1S-A3.NC,2073855.592,193844.312,5709.5,3059.4592,100,0.0,11,100,0,0,100,4000.0,2159.62,259.466,8.32333,0.000258211,0.121987,0,530.2769779,3000.52,76.4371,39.2548,0.000197073,0.0718426,0,287.1197883,576.411,92.2346,6.2494,4.52937e-05,0.0189528,6,-338.2682962,1033.55,314.135,3.29015,0.000300901,0.132813
72.809238,1,AUTO,ARMED,5,AVAILABLE,UNAVAILABLE,UNAVAILABLE,73,5,ACTIVE,9,E_P1S-A3.NC,E_P1S-A3.NC,2073855.592,193844.312,5709.5,3059.4592,100,0.0,12,100,0,0,100,4000.0,2159.62,259.466,8.32333,0.000258211,0.121987,0,530.2769922,3000.52,76.4371,39.2548,0.000197073,0.0718426,0,287.2435119,576.411,92.2346,6.2494,4.52937e-05,0.0189528,6,-338.2682962,1033.55,314.135,3.29015,0.000300901,0.132813
72.959539,1,AUTO,ARMED,5,AVAILABLE,UNAVAILABLE,UNAVAILABLE,73,5,ACTIVE,9,E_P1S-A3.NC,E_P1S-A3.NC,2073855.592,193844.312,5709.5,3059.4592,100,0.0,12,100,0,1,100,4000.0,2159.62,259.466,8.32333,0.000258211,0.121987,0,530.2769922,3000.52,76.4371,39.2548,0.000197073,0.0718426,0,287.4373871,576.411,92.2346,6.2494,4.52937e-05,0.0189528,6,-338.2683076,1033.55,314.135,3.29015,0.000300901,0.132813
73.103749,1,AUTO,ARMED,5,AVAILABLE,UNAVAILABLE,UNAVAILABLE,77,5,ACTIVE,9,E_P1S-A3.NC,E_P1S-A3.NC,2073855.592,193844.312,5709.5,3059.4592,100,0.0,12,100,0,0,100,4000.0,2159.62,259.466,8.32333,0.000258211,0.121987,0,530.2769922,3000.52,76.4371,39.2548,0.000197073,0.0718426,0,287.4373156,576.411,92.2346,6.2494,4.52937e-05,0.0189528,6,-338.2682962,1033.55,314.135,3.29015,0.000300901,0.132813
73.246905,1,AUTO,ARMED,5,AVAILABLE,UNAVAILABLE,UNAVAILABLE,77,5,ACTIVE,9,E_P1S-A3.NC,E_P1S-A3.NC,2073855.592,193844.312,5709.5,3059.4592,100,0.0,12,100,0,0,100,4000.0,1679.7,247.183,6.79537,0.000327898,0.124007,0,530.2769922,5496.95,73.3589,74.9323,0.00019964,0.0785921,0,287.4373085,624.448,99.2256,6.29321,4.79345e-05,0.020236,6,-338.2683076,1129.7,428.496,2.63643,0.000286104,0.153543
73.387408,1,AUTO,ARMED,5,AVAILABLE,UNAVAILABLE,UNAVAILABLE,77,5,ACTIVE,9,E_P1S-A3.NC,E_P1S-A3.NC,2073855.592,193844.312,5709.5,3059.4592,100,0.0,12,100,0,0,100,4000.0,1679.7,247.183,6.79537,0.000327898,0.124007,0,530.2769994,5496.95,73.3589,74.9323,0.00019964,0.0785921,0,287.4373156,624.448,99.2256,6.29321,4.79345e-05,0.020236,6,-338.2683076,1129.7,428.496,2.63643,0.000286104,0.153543
73.543336,1,AUTO,ARMED,5,AVAILABLE,UNAVAILABLE,UNAVAILABLE,77,5,ACTIVE,9,E_P1S-A3.NC,E_P1S-A3.NC,2073855.592,193844.312,5709.5,3076.7322,100,0.0,12,100,0,0,100,4000.0,1679.7,247.183,6.79537,0.000327898,0.124007,0,530.2769994,5496.95,73.3589,74.9323,0.00019964,0.0785921,0,287.4373013,624.448,99.2256,6.29321,4.79345e-05,0.020236,6,-338.2682962,1129.7,428.496,2.63643,0.000286104,0.153543
73.687179,1,AUTO,ARMED,5,AVAILABLE,UNAVAILABLE,UNAVAILABLE,77,5,ACTIVE,9,E_P1S-A3.NC,E_P1S-A3.NC,2073855.592,193844.312,5709.5,3076.7322,100,0.0,13,100,0,0,100,4000.0,1679.7,247.183,6.79537,0.000327898,0.124007,0,530.2769994,5496.95,73.3589,74.9323,0.00019964,0.0785921,0,287.4372942,624.448,99.2256,6.29321,4.79345e-05,0.020236,6,-338.2682962,1129.7,428.496,2.63643,0.000286104,0.153543
73.827861,1,AUTO,ARMED,5,AVAILABLE,UNAVAILABLE,UNAVAILABLE,77,5,ACTIVE,9,E_P1S-A3.NC,E_P1S-A3.NC,2073855.592,193844.312,5709.5,3076.7322,100,0.0,13,100,0,0,100,4000.0,1679.7,247.183,6.79537,0.000327898,0.124007,0,530.2769994,5496.95,73.3589,74.9323,0.00019964,0.0785921,0,287.4373013,624.448,99.2256,6.29321,4.79345e-05,0.020236,6,-338.2682962,1129.7,428.496,2.63643,0.000286104,0.153543
73.967702,1,AUTO,ARMED,5,AVAILABLE,UNAVAILABLE,UNAVAILABLE,77,5,ACTIVE,9,E_P1S-A3.NC,E_P1S-A3.NC,2073855.592,193844.312,5709.5,3076.7322,100,0.0,13,100,0,0,100,4000.0,1679.7,247.183,6.79537,0.000327898,0.124007,0,530.2769922,5496.95,73.3589,74.9323,0.00019964,0.0785921,0,287.4373013,624.448,99.2256,6.29321,4.79345e-05,0.020236,6,-338.2683076,1129.7,428.496,2.63643,0.000286104,0.153543
74.134071,1,AUTO,ARMED,5,AVAILABLE,UNAVAILABLE,UNAVAILABLE,78,5,ACTIVE,9,E_P1S-A3.NC,E_P1S-A3.NC,2073855.592,193844.312,5709.5,3076.7322,100,25.4,13,100,0,1,100,4000.0,1679.7,247.183,6.79537,0.000327898,0.124007,0,535.103131,5496.95,73.3589,74.9323,0.00019964,0.0785921,0,287.4373085,624.448,99.2256,6.29321,4.79345e-05,0.020236,6,-338.2682962,1129.7,428.496,2.63643,0.000286104,0.153543
74.278107,1,AUTO,ARMED,5,AVAILABLE,UNAVAILABLE,UNAVAILABLE,78,5,ACTIVE,9,E_P1S-A3.NC,E_P1S-A3.NC,2073855.592,193844.312,5709.5,3076.7322,100,25.4,13,100,0,0,100,4000.0,9238.36,3074.51,3.00482,0.00137536,0.732108,0,537.7190053,11594.0,1521.97,7.61776,0.00224365,1.1045,0,287.4372942,3578.56,1189.11,3.00944,0.0006414,0.390407,6,-338.2682962,4038.07,1959.97,2.06027,0.00128481,1.04513
74.445926,1,AUTO,ARMED,5,AVAILABLE,UNAVAILABLE,UNAVAILABLE,78,5,ACTIVE,9,E_P1S-A3.NC,E_P1S-A3.NC,2073855.592,193844.312,5709.5,3076.7322,100,25.4,13,100,0,0,100,4000.0,9238.36,3074.51,3.00482,0.00137536,0.732108,0,542.9503748,11594.0,1521.97,7.61776,0.00224365,1.1045,0,287.4369222,3578.56,1189.11,3.00944,0.0006414,0.390407,6,-338.2683534,4038.07,1959.97,2.06027,0.00128481,1.04513
74.605239,1,AUTO,ARMED,5,AVAILABLE,UNAVAILABLE,UNAVAILABLE,78,5,ACTIVE,9,E_P1S-A3.NC,E_P1S-A3.NC,2073855.592,193844.312,5709.5,4472.1704,100,25.4,13,100,0,5,100,4000.0,9238.36,3074.51,3.00482,0.00137536,0.732108,0,545.5681659,11594.0,1521.97,7.61776,0.00224365,1.1045,0,287.4371583,3578.56,1189.11,3.00944,0.0006414,0.390407,6,-338.2683648,4038.07,1959.97,2.06027,0.00128481,1.04513
74.748527,1,AUTO,ARMED,5,AVAILABLE,UNAVAILABLE,UNAVAILABLE,78,5,ACTIVE,9,E_P1S-A3.NC,E_P1S-A3.NC,2073855.592,193844.312,5709.5,4472.1704,100,25.4,13,100,0,9,100,4000.0,9238.36,3074.51,3.00482,0.00137536,0.732108,1,548.1903057,11594.0,1521.97,7.61776,0.00224365,1.1045,0,287.437287,3578.56,1189.11,3.00944,0.0006414,0.390407,6,-338.2683419,4038.07,1959.97,2.06027,0.00128481,1.04513
74.890189,1,AUTO,ARMED,5,AVAILABLE,UNAVAILABLE,UNAVAILABLE,78,5,ACTIVE,9,E_P1S-A3.NC,E_P1S-A3.NC,2073855.592,193844.312,5709.5,4472.1704,100,25.4,14,100,0,9,100,4000.0,9238.36,3074.51,3.00482,0.00137536,0.732108,1,556.0389084,11594.0,1521.97,7.61776,0.00224365,1.1045,0,287.437287,3578.56,1189.11,3.00944,0.0006414,0.390407,6,-338.2683076,4038.07,1959.97,2.06027,0.00128481,1.04513
75.050131,1,AUTO,ARMED,5,AVAILABLE,UNAVAILABLE,UNAVAILABLE,78,5,ACTIVE,9,E_P1S-A3.NC,E_P1S-A3.NC,2073855.592,193844.312,5709.5,4472.1704,100,25.4,14,100,0,9,100,4000.0,9238.36,3074.51,3.00482,0.00137536,0.732108,1,558.6489606,11594.0,1521.97,7.61776,0.00224365,1.1045,0,287.4373085,3578.56,1189.11,3.00944,0.0006414,0.390407,6,-338.2683076,4038.07,1959.97,2.06027,0.00128481,1.04513
75.211023,1,AUTO,ARMED,5,AVAILABLE,UNAVAILABLE,UNAVAILABLE,78,5,ACTIVE,9,E_P1S-A3.NC,E_P1S-A3.NC,2073855.592,193844.312,5709.5,4472.1704,100,25.4,14,100,0,9,100,4000.0,9238.36,3074.51,3.00482,0.00137536,0.732108,1,561.2652844,11594.0,1521.97,7.61776,0.00224365,1.1045,0,287.4373156,3578.56,1189.11,3.00944,0.0006414,0.390407,6,-338.2683076,4038.07,1959.97,2.06027,0.00128481,1.04513
75.358934,1,AUTO,ARMED,5,AVAILABLE,UNAVAILABLE,UNAVAILABLE,78,5,ACTIVE,9,E_P1S-A3.NC,E_P1S-A3.NC,2073855.592,193844.312,5709.5,4472.1704,100,25.4,14,100,0,9,100,4000.0,11949.9,259.279,46.089,0.00032564,0.141092,1,565.195569,12578.2,310.536,40.5048,0.000223463,0.104528,0,287.4373013,5235.74,1238.23,4.22841,0.00059699,0.384663,6,-338.2682847,4687.05,797.581,5.87658,0.00109119,0.561347
75.522367,1,AUTO,ARMED,5,AVAILABLE,UNAVAILABLE,UNAVAILABLE,78,5,ACTIVE,9,E_P1S-A3.NC,E_P1S-A3.NC,2073855.592,193844.312,5709.5,4472.1704,100,25.4,14,100,0,9,100,4000.0,11949.9,259.279,46.089,0.00032564,0.141092,1,567.8056786,12578.2,310.536,40.5048,0.000223463,0.104528,0,287.4373013,5235.74,1238.23,4.22841,0.00059699,0.384663,6,-338.2682962,4687.05,797.581,5.87658,0.00109119,0.561347
75.667339,1,AUTO,ARMED,5,AVAILABLE,UNAVAILABLE,UNAVAILABLE,78,5,ACTIVE,9,E_P1S-A3.NC,E_P1S-A3.NC,2073855.592,193844.312,5709.5,3039.0381,100,25.4,15,100,0,8,100,4000.0,11949.9,259.279,46.089,0.00032564,0.141092,1,573.0444798,12578.2,310.536,40.5048,0.000223463,0.104528,0,287.4373442,5235.74,1238.23,4.22841,0.00059699,0.384663,6,-338.2683076,4687.05,797.581,5.87658,0.00109119,0.561347
75.807841,1,AUTO,ARMED,5,AVAILABLE,UNAVAILABLE,UNAVAILABLE,78,5,ACTIVE,9,E_P1S-A3.NC,E_P1S-A3.NC,2073855.592,193844.312,5709.5,3039.0381,100,25.4,15,100,0,10,100,4000.0,11949.9,259.279,46.089,0.00032564,0.141092,1,575.6539742,12578.2,310.536,40.5048,0.000223463,0.104528,0,287.437287,5235.74,1238.23,4.22841,0.00059699,0.384663,6,-338.2682847,4687.05,797.581,5.87658,0.00109119,0.561347
75.966537,1,AUTO,ARMED,5,AVAILABLE,UNAVAILABLE,UNAVAILABLE,78,5,ACTIVE,9,E_P1S-A3.NC,E_P1S-A3.NC,2073855.592,193844.312,5709.5,3039.0381,100,25.4,15,100,0,2,100,4000.0,11949.9,259.279,46.089,0.00032564,0.141092,0,580.8802729,12578.2,310.536,40.5048,0.000223463,0.104528,0,287.4374157,5235.74,1238.23,4.22841,0.00059699,0.384663,6,-338.2682504,4687.05,797.581,5.87658,0.00109119,0.561347
76.13496,1,AUTO,ARMED,5,AVAILABLE,UNAVAILABLE,UNAVAILABLE,78,5,ACTIVE,9,E_P1S-A3.NC,E_P1S-A3.NC,2073855.592,193844.312,5709.5,3039.0381,100,25.4,15,100,0,0,100,4000.0,11949.9,259.279,46.089,0.00032564,0.141092,0,586.1253194,12578.2,310.536,40.5048,0.000223463,0.104528,0,287.4373013,5235.74,1238.23,4.22841,0.00059699,0.384663,6,-338.2682733,4687.05,797.581,5.87658,0.00109119,0.561347
76.294072,1,AUTO,ARMED,5,AVAILABLE,UNAVAILABLE,UNAVAILABLE,78,5,ACTIVE,9,E_P1S-A3.NC,E_P1S-A3.NC,2073855.592,193844.312,5709.5,3039.0381,100,25.4,15,100,0,0,100,4000.0,11949.9,259.279,46.089,0.00032564,0.141092,0,588.7288477,12578.2,310.536,40.5048,0.000223463,0.104528,0,287.4372942,5235.74,1238.23,4.22841,0.00059699,0.384663,6,-338.2682847,4687.05,797.581,5.87658,0.00109119,0.561347
76.438194,1,AUTO,ARMED,5,AVAILABLE,UNAVAILABLE,UNAVAILABLE,79,5,ACTIVE,9,E_P1S-A3.NC,E_P1S-A3.NC,2073855.592,193844.312,5709.5,3039.0381,100,0.0,15,100,0,0,100,4000.0,1727.69,236.683,7.29959,0.000235381,0.118825,0,590.2172453,8953.54,71.9199,124.493,0.000212641,0.0724631,0,287.4373013,840.603,101.457,8.28531,7.59428e-05,0.0296194,6,-338.2682847,1177.77,382.191,3.08163,0.000249377,0.13028
76.588889,1,AUTO,ARMED,5,AVAILABLE,UNAVAILABLE,UNAVAILABLE,79,5,ACTIVE,9,E_P1S-A3.NC,E_P1S-A3.NC,2073855.592,193844.312,5709.5,3039.0381,100,0.0,15,100,0,1,100,4000.0,1727.69,236.683,7.29959,0.000235381,0.118825,0,590.2210862,8953.54,71.9199,124.493,0.000212641,0.0724631,0,287.4373085,840.603,101.457,8.28531,7.59428e-05,0.0296194,6,-338.2683076,1177.77,382.191,3.08163,0.000249377,0.13028
76.740818,1,AUTO,ARMED,5,AVAILABLE,UNAVAILABLE,UNAVAILABLE,79,5,ACTIVE,9,E_P1S-A3.NC,E_P1S-A3.NC,2073855.592,193844.312,5709.5,3069.6147,100,0.0,16,100,0,1,100,4000.0,1727.69,236.683,7.29959,0.000235381,0.118825,0,590.2210576,8953.54,71.9199,124.493,0.000212641,0.0724631,0,287.4372942,840.603,101.457,8.28531,7.59428e-05,0.0296194,6,-338.2682962,1177.77,382.191,3.08163,0.000249377,0.13028
76.909176,1,AUTO,ARMED,5,AVAILABLE,UNAVAILABLE,UNAVAILABLE,79,5,ACTIVE,9,E_P1S-A3.NC,E_P1S-A3.NC,2073855.592,193844.312,5709.5,3069.6147,100,0.0,16,100,0,0,100,4000.0,1727.69,236.683,7.29959,0.000235381,0.118825,0,590.2210361,8953.54,71.9199,124.493,0.000212641,0.0724631,0,287.4373013,840.603,101.457,8.28531,7.59428e-05,0.0296194,6,-338.2682962,1177.77,382.191,3.08163,0.000249377,0.13028
77.054537,1,AUTO,ARMED,5,AVAILABLE,UNAVAILABLE,UNAVAILABLE,79,5,ACTIVE,9,E_P1S-A3.NC,E_P1S-A3.NC,2073855.592,193844.312,5709.5,3069.6147,100,0.0,16,100,0,0,100,4000.0,1727.69,236.683,7.29959,0.000235381,0.118825,0,590.2210147,8953.54,71.9199,124.493,0.000212641,0.0724631,0,287.4373085,840.603,101.457,8.28531,7.59428e-05,0.0296194,6,-338.2683076,1177.77,382.191,3.08163,0.000249377,0.13028
77.211748,1,AUTO,ARMED,5,AVAILABLE,UNAVAILABLE,UNAVAILABLE,79,5,ACTIVE,9,E_P1S-A3.NC,E_P1S-A3.NC,2073855.592,193844.312,5709.5,3069.6147,100,0.0,16,100,0,1,100,4000.0,1727.69,236.683,7.29959,0.000235381,0.118825,0,590.2210147,8953.54,71.9199,124.493,0.000212641,0.0724631,0,287.4373013,840.603,101.457,8.28531,7.59428e-05,0.0296194,6,-338.2682962,1177.77,382.191,3.08163,0.000249377,0.13028
77.382065,1,AUTO,ARMED,5,AVAILABLE,UNAVAILABLE,UNAVAILABLE,80,5,ACTIVE,9,E_P1S-A3.NC,E_P1S-A3.NC,2073855.592,193844.312,5709.5,3069.6147,100,6.066667,16,100,0,0,100,4000.0,1727.69,236.683,7.29959,0.000235381,0.118825,0,590.2210075,8953.54,71.9199,124.493,0.000212641,0.0724631,0,287.4372942,840.603,101.457,8.28531,7.59428e-05,0.0296194,6,-338.2682962,1177.77,382.191,3.08163,0.000249377,0.13028
77.532993,1,AUTO,ARMED,5,AVAILABLE,UNAVAILABLE,UNAVAILABLE,80,5,ACTIVE,9,E_P1S-A3.NC,E_P1S-A3.NC,2073855.592,193844.312,5709.5,3069.6147,100,15.38333,16,100,0,0,100,4000.0,1775.68,240.779,7.37473,0.000220804,0.102859,0,588.5887279,7897.36,947.27,8.33697,0.00194512,0.843675,0,287.7547571,1080.77,541.879,1.99449,0.000570853,0.266782,6,-338.2682962,1057.59,1034.12,1.0227,0.00118387,0.665338
77.674485,1,AUTO,ARMED,5,AVAILABLE,UNAVAILABLE,UNAVAILABLE,81,5,ACTIVE,9,E_P1S-A3.NC,E_P1S-A3.NC,2073855.592,193844.312,5709.5,3069.6147,100,15.38333,17,100,0,1,100,4000.0,1775.68,240.779,7.37473,0.000220804,0.102859,0,585.9890452,7897.36,947.27,8.33697,0.00194512,0.843675,0,287.7547929,1080.77,541.879,1.99449,0.000570853,0.266782,6,-338.2682962,1057.59,1034.12,1.0227,0.00118387,0.665338
77.823844,1,AUTO,ARMED,5,AVAILABLE,UNAVAILABLE,UNAVAILABLE,81,5,ACTIVE,9,E_P1S-A3.NC,E_P1S-A3.NC,2073855.592,193844.312,5709.5,4196.4971,100,18.71667,17,100,0,0,100,4000.0,1775.68,240.779,7.37473,0.000220804,0.102859,0,583.3666443,7897.36,947.27,8.33697,0.00194512,0.843675,0,287.7548,1080.77,541.879,1.99449,0.000570853,0.266782,6,-338.2683076,1057.59,1034.12,1.0227,0.00118387,0.665338
77.994578,1,AUTO,ARMED,5,AVAILABLE,UNAVAILABLE,UNAVAILABLE,81,5,ACTIVE,9,E_P1S-A3.NC,E_P1S-A3.NC,2073855.592,193844.312,5709.5,4196.4971,100,25.4,17,100,0,1,100,4000.0,1775.68,240.779,7.37473,0.000220804,0.102859,0,580.7506283,7897.36,947.27,8.33697,0.00194512,0.843675,0,287.7548072,1080.77,541.879,1.99449,0.000570853,0.266782,6,-338.2683305,1057.59,1034.12,1.0227,0.00118387,0.665338
78.148599,1,AUTO,ARMED,5,AVAILABLE,UNAVAILABLE,UNAVAILABLE,81,5,ACTIVE,9,E_P1S-A3.NC,E_P1S-A3.NC,2073855.592,193844.312,5709.5,4196.4971,100,25.4,17,100,0,4,100,4000.0,1775.68,240.779,7.37473,0.000220804,0.102859,0,575.5249336,7897.36,947.27,8.33697,0.00194512,0.843675,0,287.7546928,1080.77,541.879,1.99449,0.000570853,0.266782,6,-338.2683763,1057.59,1034.12,1.0227,0.00118387,0.665338
78.291681,1,AUTO,ARMED,5,AVAILABLE,UNAVAILABLE,UNAVAILABLE,81,5,ACTIVE,9,E_P1S-A3.NC,E_P1S-A3.NC,2073855.592,193844.312,5709.5,4196.4971,100,25.4,17,100,0,8,100,4000.0,1775.68,240.779,7.37473,0.000220804,0.102859,0,570.2917858,7897.36,947.27,8.33697,0.00194512,0.843675,0,287.7546999,1080.77,541.879,1.99449,0.000570853,0.266782,6,-338.2683076,1057.59,1034.12,1.0227,0.00118387,0.665338
78.441229,1,AUTO,ARMED,5,AVAILABLE,UNAVAILABLE,UNAVAILABLE,81,5,ACTIVE,9,E_P1S-A3.NC,E_P1S-A3.NC,2073855.592,193844.312,5709.5,4196.4971,100,25.4,17,100,0,8,100,4000.0,1775.68,240.779,7.37473,0.000220804,0.102859,0,565.0533666,7897.36,947.27,8.33697,0.00194512,0.843675,0,287.7548,1080.77,541.879,1.99449,0.000570853,0.266782,6,-338.2682847,1057.59,1034.12,1.0227,0.00118387,0.665338
78.591657,1,AUTO,ARMED,5,AVAILABLE,UNAVAILABLE,UNAVAILABLE,81,5,ACTIVE,9,E_P1S-A3.NC,E_P1S-A3.NC,2073855.592,193844.312,5709.5,4196.4971,100,25.4,17,100,0,7,100,4000.0,3911.3,980.12,3.99063,0.00135438,0.601515,0,562.4309134,11882.0,1029.18,11.5451,0.00222064,0.948372,0,287.7548287,1873.34,596.242,3.14191,0.000569849,0.264777,6,-338.2682733,2884.34,1061.26,2.71784,0.0012647,0.690836
78.733217,1,AUTO,ARMED,5,AVAILABLE,UNAVAILABLE,UNAVAILABLE,81,5,ACTIVE,9,E_P1S-A3.NC,E_P1S-A3.NC,2073855.592,193844.312,5709.5,4196.4971,100,25.4,18,100,0,7,100,4000.0,3911.3,980.12,3.99063,0.00135438,0.601515,0,557.2050772,11882.0,1029.18,11.5451,0.00222064,0.948372,0,287.754893,1873.34,596.242,3.14191,0.000569849,0.264777,6,-338.2683191,2884.34,1061.26,2.71784,0.0012647,0.690836
78.88637,1,AUTO,ARMED,5,AVAILABLE,UNAVAILABLE,UNAVAILABLE,81,5,ACTIVE,9,E_P1S-A3.NC,E_P1S-A3.NC,2073855.592,193844.312,5709.5,4196.4971,100,25.4,18,100,0,8,100,4000.0,3911.3,980.12,3.99063,0.00135438,0.601515,0,554.5884025,11882.0,1029.18,11.5451,0.00222064,0.948372,0,287.7547929,1873.34,596.242,3.14191,0.000569849,0.264777,6,-338.2682962,2884.34,1061.26,2.71784,0.0012647,0.690836
79.037258,1,AUTO,ARMED,5,AVAILABLE,UNAVAILABLE,UNAVAILABLE,81,5,ACTIVE,9,E_P1S-A3.NC,E_P1S-A3.NC,2073855.592,193844.312,5709.5,3187.5962,100,25.4,18,100,0,7,100,4000.0,3911.3,980.12,3.99063,0.00135438,0.601515,0,551.9783511,11882.0,1029.18,11.5451,0.00222064,0.948372,0,287.7546713,1873.34,596.242,3.14191,0.000569849,0.264777,6,-338.2682847,2884.34,1061.26,2.71784,0.0012647,0.690836
79.177883,1,AUTO,ARMED,5,AVAILABLE,UNAVAILABLE,UNAVAILABLE,81,5,ACTIVE,9,E_P1S-A3.NC,E_P1S-A3.NC,2073855.592,193844.312,5709.5,3187.5962,100,25.4,18,100,0,8,100,4000.0,3911.3,980.12,3.99063,0.00135438,0.601515,0,550.6709543,11882.0,1029.18,11.5451,0.00222064,0.948372,0,287.7549216,1873.34,596.242,3.14191,0.000569849,0.264777,6,-338.2683419,2884.34,1061.26,2.71784,0.0012647,0.690836
79.320404,1,AUTO,ARMED,5,AVAILABLE,UNAVAILABLE,UNAVAILABLE,81,5,ACTIVE,9,E_P1S-A3.NC,E_P1S-A3.NC,2073855.592,193844.312,5709.5,3187.5962,100,25.4,18,100,0,8,100,4000.0,3911.3,980.12,3.99063,0.00135438,0.601515,0,542.8229474,11882.0,1029.18,11.5451,0.00222064,0.948372,0,287.7553651,1873.34,596.242,3.14191,0.000569849,0.264777,6,-338.2682389,2884.34,1061.26,2.71784,0.0012647,0.690836
79.459873,1,AUTO,ARMED,5,AVAILABLE,UNAVAILABLE,UNAVAILABLE,81,5,ACTIVE,9,E_P1S-A3.NC,E_P1S-A3.NC,2073855.592,193844.312,5709.5,3187.5962,100,25.4,18,100,0,2,100,4000.0,3911.3,980.12,3.99063,0.00135438,0.601515,0,540.1995638,11882.0,1029.18,11.5451,0.00222064,0.948372,0,287.7550289,1873.34,596.242,3.14191,0.000569849,0.264777,6,-338.2682618,2884.34,1061.26,2.71784,0.0012647,0.690836
79.601543,1,AUTO,ARMED,5,AVAILABLE,UNAVAILABLE,UNAVAILABLE,81,5,ACTIVE,9,E_P1S-A3.NC,E_P1S-A3.NC,2073855.592,193844.312,5709.5,3187.5962,100,25.4,18,100,0,0,100,4000.0,4319.23,260.36,16.5895,0.000273897,0.126748,0,537.5895481,7873.36,77.6269,101.426,0.000200615,0.0552109,0,287.7548358,1681.2,96.9185,17.3465,4.85086e-05,0.0220997,6,-338.2682733,2932.41,344.472,8.51277,0.000408615,0.131069
79.748647,1,AUTO,ARMED,5,AVAILABLE,UNAVAILABLE,UNAVAILABLE,81,5,ACTIVE,9,E_P1S-A3.NC,E_P1S-A3.NC,2073855.592,193844.312,5709.5,3187.5962,100,25.4,19,100,0,0,100,4000.0,4319.23,260.36,16.5895,0.000273897,0.126748,0,534.9736031,7873.36,77.6269,101.426,0.000200615,0.0552109,0,287.7548072,1681.2,96.9185,17.3465,4.85086e-05,0.0220997,6,-338.2682733,2932.41,344.472,8.51277,0.000408615,0.131069
79.892574,1,AUTO,ARMED,5,AVAILABLE,UNAVAILABLE,UNAVAILABLE,81,5,ACTIVE,9,E_P1S-A3.NC,E_P1S-A3.NC,2073855.592,193844.312,5709.5,3187.5962,100,21.76667,19,100,0,0,100,4000.0,4319.23,260.36,16.5895,0.000273897,0.126748,0,532.3572277,7873.36,77.6269,101.426,0.000200615,0.0552109,0,287.7547929,1681.2,96.9185,17.3465,4.85086e-05,0.0220997,6,-338.2682847,2932.41,344.472,8.51277,0.000408615,0.131069
80.057443,1,AUTO,ARMED,5,AVAILABLE,UNAVAILABLE,UNAVAILABLE,81,5,ACTIVE,9,E_P1S-A3.NC,E_P1S-A3.NC,2073855.592,193844.312,5709.5,3053.9556,100,0.0,19,100,0,1,100,4000.0,4319.23,260.36,16.5895,0.000273897,0.126748,0,530.2768992,7873.36,77.6269,101.426,0.000200615,0.0552109,0,287.7548072,1681.2,96.9185,17.3465,4.85086e-05,0.0220997,6,-338.2682962,2932.41,344.472,8.51277,0.000408615,0.131069
80.21172,1,AUTO,ARMED,5,AVAILABLE,UNAVAILABLE,UNAVAILABLE,82,5,ACTIVE,9,E_P1S-A3.NC,E_P1S-A3.NC,2073855.592,193844.312,5709.5,3053.9556,100,0.0,19,100,0,1,100,4000.0,4319.23,260.36,16.5895,0.000273897,0.126748,0,530.2768992,7873.36,77.6269,101.426,0.000200615,0.0552109,0,287.7547929,1681.2,96.9185,17.3465,4.85086e-05,0.0220997,6,-338.2682962,2932.41,344.472,8.51277,0.000408615,0.131069
80.35983,1,AUTO,ARMED,5,AVAILABLE,UNAVAILABLE,UNAVAILABLE,82,5,ACTIVE,9,E_P1S-A3.NC,E_P1S-A3.NC,2073855.592,193844.312,5709.5,3053.9556,100,0.0,19,100,0,1,100,4000.0,4319.23,260.36,16.5895,0.000273897,0.126748,0,530.2769207,7873.36,77.6269,101.426,0.000200615,0.0552109,0,287.7547929,1681.2,96.9185,17.3465,4.85086e-05,0.0220997,6,-338.2682962,2932.41,344.472,8.51277,0.000408615,0.131069
80.51561,1,AUTO,ARMED,5,AVAILABLE,UNAVAILABLE,UNAVAILABLE,82,5,ACTIVE,9,E_P1S-A3.NC,E_P1S-A3.NC,2073855.592,193844.312,5709.5,3053.9556,100,0.0,19,100,0,1,100,4000.0,4319.23,260.36,16.5895,0.000273897,0.126748,0,530.2769493,7873.36,77.6269,101.426,0.000200615,0.0552109,0,287.7548143,1681.2,96.9185,17.3465,4.85086e-05,0.0220997,6,-338.2682962,2932.41,344.472,8.51277,0.000408615,0.131069
80.6605,1,AUTO,ARMED,5,AVAILABLE,UNAVAILABLE,UNAVAILABLE,82,5,ACTIVE,9,E_P1S-A3.NC,E_P1S-A3.NC,2073855.592,193844.312,5709.5,3053.9556,100,0.0,20,100,0,1,100,4000.0,1823.68,250.085,7.29224,0.000286591,0.116268,0,530.2769708,3048.52,75.028,40.6318,0.000241444,0.0903748,0,287.7548072,600.428,92.2616,6.50789,0.000103697,0.0383837,6,-338.2682962,1249.88,468.53,2.66766,0.000219059,0.161896
80.828355,1,AUTO,ARMED,5,AVAILABLE,UNAVAILABLE,UNAVAILABLE,82,5,ACTIVE,9,E_P1S-A3.NC,E_P1S-A3.NC,2073855.592,193844.312,5709.5,3053.9556,100,0.0,20,100,0,0,100,4000.0,1823.68,250.085,7.29224,0.000286591,0.116268,0,530.2769779,3048.52,75.028,40.6318,0.000241444,0.0903748,0,287.7547929,600.428,92.2616,6.50789,0.000103697,0.0383837,6,-338.2682962,1249.88,468.53,2.66766,0.000219059,0.161896
80.968648,1,AUTO,ARMED,5,AVAILABLE,UNAVAILABLE,UNAVAILABLE,82,5,ACTIVE,9,E_P1S-A3.NC,E_P1S-A3.NC,2073855.592,193844.312,5709.5,3053.9556,100,0.0,20,100,0,0,100,4000.0,1823.68,250.085,7.29224,0.000286591,0.116268,0,530.2769851,3048.52,75.028,40.6318,0.000241444,0.0903748,0,287.7548,600.428,92.2616,6.50789,0.000103697,0.0383837,6,-338.2682962,1249.88,468.53,2.66766,0.000219059,0.161896
81.111135,1,AUTO,ARMED,5,AVAILABLE,UNAVAILABLE,UNAVAILABLE,85,5,ACTIVE,9,E_P1S-A3.NC,E_P1S-A3.NC,2073855.592,193844.312,5709.5,2684.4307,100,0.0,20,100,0,1,100,4117.196352,1823.68,250.085,7.29224,0.000286591,0.116268,0,530.2769922,3048.52,75.028,40.6318,0.000241444,0.0903748,0,287.7547857,600.428,92.2616,6.50789,0.000103697,0.0383837,6,-338.2683076,1249.88,468.53,2.66766,0.000219059,0.161896
81.257079,1,AUTO,ARMED,5,AVAILABLE,UNAVAILABLE,UNAVAILABLE,85,5,ACTIVE,9,E_P1S-A3.NC,E_P1S-A3.NC,2073855.592,193844.312,5709.5,2684.4307,100,0.0,20,100,0,38,100,4500.0,1823.68,250.085,7.29224,0.000286591,0.116268,0,530.2769922,3048.52,75.028,40.6318,0.000241444,0.0903748,0,287.7548,600.428,92.2616,6.50789,0.000103697,0.0383837,6,-338.2682962,1249.88,468.53,2.66766,0.000219059,0.161896
81.401917,1,AUTO,ARMED,5,AVAILABLE,UNAVAILABLE,UNAVAILABLE,85,5,ACTIVE,9,E_P1S-A3.NC,E_P1S-A3.NC,2073855.592,193844.312,5709.5,2684.4307,100,0.0,20,100,0,23,100,4500.0,1823.68,250.085,7.29224,0.000286591,0.116268,0,530.2769922,3048.52,75.028,40.6318,0.000241444,0.0903748,0,288.0596317,600.428,92.2616,6.50789,0.000103697,0.0383837,6,-338.2682962,1249.88,468.53,2.66766,0.000219059,0.161896
81.53701,1,AUTO,ARMED,5,AVAILABLE,UNAVAILABLE,UNAVAILABLE,86,5,ACTIVE,9,E_P1S-A3.NC,E_P1S-A3.NC,2073855.592,193844.312,5709.5,2684.4307,100,0.0,20,100,0,2,100,4500.0,1823.68,250.085,7.29224,0.000286591,0.116268,0,530.2769994,3048.52,75.028,40.6318,0.000241444,0.0903748,0,288.0723488,600.428,92.2616,6.50789,0.000103697,0.0383837,6,-338.2682962,1249.88,468.53,2.66766,0.000219059,0.161896
81.694913,1,AUTO,ARMED,5,AVAILABLE,UNAVAILABLE,UNAVAILABLE,86,5,ACTIVE,9,E_P1S-A3.NC,E_P1S-A3.NC,2073855.592,193844.312,5709.5,2684.4307,100,0.0,20,100,0,3,100,4500.0,1775.69,207.069,8.57535,0.00018871,0.0750332,0,530.2769922,2952.51,63.401,46.5688,0.000225745,0.0740914,0,288.0723059,624.448,76.7924,8.13164,8.30368e-05,0.0359856,6,-338.2682962,1009.52,273.616,3.68955,0.000156744,0.0992662
81.838068,1,AUTO,ARMED,5,AVAILABLE,UNAVAILABLE,UNAVAILABLE,86,5,ACTIVE,9,E_P1S-A3.NC,E_P1S-A3.NC,2073855.592,193844.312,5709.5,2684.4307,100,0.0,21,100,0,0,100,4500.0,1775.69,207.069,8.57535,0.00018871,0.0750332,0,530.2769922,2952.51,63.401,46.5688,0.000225745,0.0740914,0,288.0723131,624.448,76.7924,8.13164,8.30368e-05,0.0359856,6,-338.2683076,1009.52,273.616,3.68955,0.000156744,0.0992662
81.985671,1,AUTO,ARMED,5,AVAILABLE,UNAVAILABLE,UNAVAILABLE,86,5,ACTIVE,9,E_P1S-A3.NC,E_P1S-A3.NC,2073855.592,193844.312,5709.5,2684.4307,100,0.0,21,100,0,1,100,4500.0,1775.69,207.069,8.57535,0.00018871,0.0750332,0,530.2769922,2952.51,63.401,46.5688,0.000225745,0.0740914,0,288.0722988,624.448,76.7924,8.13164,8.30368e-05,0.0359856,6,-338.2682962,1009.52,273.616,3.68955,0.000156744,0.0992662
82.143046,1,AUTO,ARMED,5,AVAILABLE,UNAVAILABLE,UNAVAILABLE,86,5,ACTIVE,9,E_P1S-A3.NC,E_P1S-A3.NC,2073855.592,193844.312,5709.5,3097.8235,100,0.0,21,100,0,1,100,4500.0,1775.69,207.069,8.57535,0.00018871,0.0750332,0,530.2769994,2952.51,63.401,46.5688,0.000225745,0.0740914,0,288.0723202,624.448,76.7924,8.13164,8.30368e-05,0.0359856,6,-338.2682962,1009.52,273.616,3.68955,0.000156744,0.0992662
82.287594,1,AUTO,ARMED,5,AVAILABLE,UNAVAILABLE,UNAVAILABLE,86,5,ACTIVE,9,E_P1S-A3.NC,E_P1S-A3.NC,2073855.592,193844.312,5709.5,3097.8235,100,0.0,21,100,0,1,100,4500.0,1775.69,207.069,8.57535,0.00018871,0.0750332,0,530.2769994,2952.51,63.401,46.5688,0.000225745,0.0740914,0,288.0723059,624.448,76.7924,8.13164,8.30368e-05,0.0359856,6,-338.2682962,1009.52,273.616,3.68955,0.000156744,0.0992662
82.427866,1,AUTO,ARMED,5,AVAILABLE,UNAVAILABLE,UNAVAILABLE,87,5,ACTIVE,9,E_P1S-A3.NC,E_P1S-A3.NC,2073855.592,193844.312,5709.5,3097.8235,100,0.0,21,100,0,1,100,4500.0,1775.69,207.069,8.57535,0.00018871,0.0750332,0,531.6015697,2952.51,63.401,46.5688,0.000225745,0.0740914,0,288.0723131,624.448,76.7924,8.13164,8.30368e-05,0.0359856,6,-338.2682962,1009.52,273.616,3.68955,0.000156744,0.0992662
82.581304,1,AUTO,ARMED,5,AVAILABLE,UNAVAILABLE,UNAVAILABLE,87,5,ACTIVE,9,E_P1S-A3.NC,E_P1S-A3.NC,2073855.592,193844.312,5709.5,3097.8235,100,19.05,21,100,0,1,100,4500.0,1775.69,207.069,8.57535,0.00018871,0.0750332,0,533.5667409,2952.51,63.401,46.5688,0.000225745,0.0740914,0,288.0722916,624.448,76.7924,8.13164,8.30368e-05,0.0359856,6,-338.2682962,1009.52,273.616,3.68955,0.000156744,0.0992662
82.740921,1,AUTO,ARMED,5,AVAILABLE,UNAVAILABLE,UNAVAILABLE,87,5,ACTIVE,9,E_P1S-A3.NC,E_P1S-A3.NC,2073855.592,193844.312,5709.5,3097.8235,100,19.05,22,100,0,1,100,4500.0,6070.92,1637.33,3.70782,0.000934537,0.532275,0,535.5240387,9265.6,725.197,12.7767,0.000802156,0.408555,0,288.0722988,2545.82,863.184,2.94934,0.000205143,0.201105,6,-338.2682962,2716.08,1744.43,1.557,0.000600791,0.766896
82.902323,1,AUTO,ARMED,5,AVAILABLE,UNAVAILABLE,UNAVAILABLE,87,5,ACTIVE,9,E_P1S-A3.NC,E_P1S-A3.NC,2073855.592,193844.312,5709.5,3097.8235,100,19.05,22,100,0,1,100,4500.0,6070.92,1637.33,3.70782,0.000934537,0.532275,0,539.443505,9265.6,725.197,12.7767,0.000802156,0.408555,0,288.0722988,2545.82,863.184,2.94934,0.000205143,0.201105,6,-338.2683076,2716.08,1744.43,1.557,0.000600791,0.766896
83.044812,1,AUTO,ARMED,5,AVAILABLE,UNAVAILABLE,UNAVAILABLE,87,5,ACTIVE,9,E_P1S-A3.NC,E_P1S-A3.NC,2073855.592,193844.312,5709.5,3097.8235,100,19.05,22,100,0,1,100,4500.0,6070.92,1637.33,3.70782,0.000934537,0.532275,0,542.3904592,9265.6,725.197,12.7767,0.000802156,0.408555,0,288.0720556,2545.82,863.184,2.94934,0.000205143,0.201105,6,-338.2683191,2716.08,1744.43,1.557,0.000600791,0.766896
83.201054,1,AUTO,ARMED,5,AVAILABLE,UNAVAILABLE,UNAVAILABLE,87,5,ACTIVE,9,E_P1S-A3.NC,E_P1S-A3.NC,2073855.592,193844.312,5709.5,3097.8235,100,19.05,22,100,0,5,100,4500.0,6070.92,1637.33,3.70782,0.000934537,0.532275,0,544.3536362,9265.6,725.197,12.7767,0.000802156,0.408555,0,288.0721557,2545.82,863.184,2.94934,0.000205143,0.201105,6,-338.2683305,2716.08,1744.43,1.557,0.000600791,0.766896
83.35537,1,AUTO,ARMED,5,AVAILABLE,UNAVAILABLE,UNAVAILABLE,87,5,ACTIVE,9,E_P1S-A3.NC,E_P1S-A3.NC,2073855.592,193844.312,5709.5,4297.1279,100,19.05,22,100,0,9,100,4500.0,6070.92,1637.33,3.70782,0.000934537,0.532275,1,546.3154901,9265.6,725.197,12.7767,0.000802156,0.408555,0,288.0722273,2545.82,863.184,2.94934,0.000205143,0.201105,6,-338.2683305,2716.08,1744.43,1.557,0.000600791,0.766896
83.502545,1,AUTO,ARMED,5,AVAILABLE,UNAVAILABLE,UNAVAILABLE,87,5,ACTIVE,9,E_P1S-A3.NC,E_P1S-A3.NC,2073855.592,193844.312,5709.5,4297.1279,100,19.05,22,100,0,9,100,4500.0,6070.92,1637.33,3.70782,0.000934537,0.532275,1,548.2827154,9265.6,725.197,12.7767,0.000802156,0.408555,0,288.072356,2545.82,863.184,2.94934,0.000205143,0.201105,6,-338.2682962,2716.08,1744.43,1.557,0.000600791,0.766896
83.664148,1,AUTO,ARMED,5,AVAILABLE,UNAVAILABLE,UNAVAILABLE,87,5,ACTIVE,9,E_P1S-A3.NC,E_P1S-A3.NC,2073855.592,193844.312,5709.5,4297.1279,100,19.05,23,100,0,8,100,4500.0,6070.92,1637.33,3.70782,0.000934537,0.532275,1,554.1690923,9265.6,725.197,12.7767,0.000802156,0.408555,0,288.072263,2545.82,863.184,2.94934,0.000205143,0.201105,6,-338.2683076,2716.08,1744.43,1.557,0.000600791,0.766896
83.812771,1,AUTO,ARMED,5,AVAILABLE,UNAVAILABLE,UNAVAILABLE,87,5,ACTIVE,9,E_P1S-A3.NC,E_P1S-A3.NC,2073855.592,193844.312,5709.5,4297.1279,100,19.05,23,100,0,8,100,4500.0,6526.84,1620.85,4.0268,0.000980481,0.557459,1,556.126855,10513.8,705.372,14.9053,0.000795667,0.421239,0,288.0723202,2810.01,819.736,3.42795,0.000300722,0.217587,6,-338.2682733,3172.77,1710.41,1.85498,0.000649063,0.756445
83.964579,1,AUTO,ARMED,5,AVAILABLE,UNAVAILABLE,UNAVAILABLE,87,5,ACTIVE,9,E_P1S-A3.NC,E_P1S-A3.NC,2073855.592,193844.312,5709.5,4297.1279,100,19.05,23,100,0,8,100,4500.0,6526.84,1620.85,4.0268,0.000980481,0.557459,1,560.0507161,10513.8,705.372,14.9053,0.000795667,0.421239,0,288.072263,2810.01,819.736,3.42795,0.000300722,0.217587,6,-338.2683191,3172.77,1710.41,1.85498,0.000649063,0.756445
84.104789,1,AUTO,ARMED,5,AVAILABLE,UNAVAILABLE,UNAVAILABLE,87,5,ACTIVE,9,E_P1S-A3.NC,E_P1S-A3.NC,2073855.592,193844.312,5709.5,4297.1279,100,19.05,23,100,0,8,100,4500.0,6526.84,1620.85,4.0268,0.000980481,0.557459,1,562.0131726,10513.8,705.372,14.9053,0.000795667,0.421239,0,288.0722773,2810.01,819.736,3.42795,0.000300722,0.217587,6,-338.2682962,3172.77,1710.41,1.85498,0.000649063,0.756445
84.245217,1,AUTO,ARMED,5,AVAILABLE,UNAVAILABLE,UNAVAILABLE,87,5,ACTIVE,9,E_P1S-A3.NC,E_P1S-A3.NC,2073855.592,193844.312,5709.5,4297.1279,100,19.05,23,100,0,8,100,4500.0,6526.84,1620.85,4.0268,0.000980481,0.557459,1,565.9323852,10513.8,705.372,14.9053,0.000795667,0.421239,0,288.0722702,2810.01,819.736,3.42795,0.000300722,0.217587,6,-338.2683076,3172.77,1710.41,1.85498,0.000649063,0.756445
84.401895,1,AUTO,ARMED,5,AVAILABLE,UNAVAILABLE,UNAVAILABLE,87,5,ACTIVE,9,E_P1S-A3.NC,E_P1S-A3.NC,2073855.592,193844.312,5709.5,2977.8579,100,19.05,23,100,0,8,100,4500.0,6526.84,1620.85,4.0268,0.000980481,0.557459,1,567.8995624,10513.8,705.372,14.9053,0.000795667,0.421239,0,288.072263,2810.01,819.736,3.42795,0.000300722,0.217587,6,-338.2683076,3172.77,1710.41,1.85498,0.000649063,0.756445
84.545102,1,AUTO,ARMED,5,AVAILABLE,UNAVAILABLE,UNAVAILABLE,87,5,ACTIVE,9,E_P1S-A3.NC,E_P1S-A3.NC,2073855.592,193844.312,5709.5,2977.8579,100,19.05,23,100,0,8,100,4500.0,6526.84,1620.85,4.0268,0.000980481,0.557459,1,569.8618831,10513.8,705.372,14.9053,0.000795667,0.421239,0,288.0723202,2810.01,819.736,3.42795,0.000300722,0.217587,6,-338.2682733,3172.77,1710.41,1.85498,0.000649063,0.756445
84.684671,1,AUTO,ARMED,5,AVAILABLE,UNAVAILABLE,UNAVAILABLE,87,5,ACTIVE,9,E_P1S-A3.NC,E_P1S-A3.NC,2073855.592,193844.312,5709.5,2977.8579,100,19.05,23,100,0,8,100,4500.0,6526.84,1620.85,4.0268,0.000980481,0.557459,1,573.7857234,10513.8,705.372,14.9053,0.000795667,0.421239,0,288.0722702,2810.01,819.736,3.42795,0.000300722,0.217587,6,-338.2683076,3172.77,1710.41,1.85498,0.000649063,0.756445
84.832771,1,AUTO,ARMED,5,AVAILABLE,UNAVAILABLE,UNAVAILABLE,87,5,ACTIVE,9,E_P1S-A3.NC,E_P1S-A3.NC,2073855.592,193844.312,5709.5,2977.8579,100,19.05,24,100,0,8,100,4500.0,6526.84,1620.85,4.0268,0.000980481,0.557459,1,575.7480655,10513.8,705.372,14.9053,0.000795667,0.421239,0,288.0722702,2810.01,819.736,3.42795,0.000300722,0.217587,6,-338.2682962,3172.77,1710.41,1.85498,0.000649063,0.756445
84.981226,1,AUTO,ARMED,5,AVAILABLE,UNAVAILABLE,UNAVAILABLE,87,5,ACTIVE,9,E_P1S-A3.NC,E_P1S-A3.NC,2073855.592,193844.312,5709.5,2977.8579,100,19.05,24,100,0,6,100,4500.0,7654.64,218.687,35.0027,0.000243884,0.0796653,1,578.6868044,9841.7,185.172,53.149,0.000124727,0.0726993,0,288.0724847,2761.97,71.8216,38.456,6.9605e-05,0.0249429,6,-338.2682618,3124.7,352.38,8.86742,0.000398681,0.137025
85.118164,1,AUTO,ARMED,5,AVAILABLE,UNAVAILABLE,UNAVAILABLE,87,5,ACTIVE,9,E_P1S-A3.NC,E_P1S-A3.NC,2073855.592,193844.312,5709.5,2977.8579,100,19.05,24,100,0,1,100,4500.0,7654.64,218.687,35.0027,0.000243884,0.0796653,0,580.6534094,9841.7,185.172,53.149,0.000124727,0.0726993,0,288.0723632,2761.97,71.8216,38.456,6.9605e-05,0.0249429,6,-338.2682733,3124.7,352.38,8.86742,0.000398681,0.137025
85.256073,1,AUTO,ARMED,5,AVAILABLE,UNAVAILABLE,UNAVAILABLE,87,5,ACTIVE,9,E_P1S-A3.NC,E_P1S-A3.NC,2073855.592,193844.312,5709.5,2977.8579,100,19.05,24,100,0,0,100,4500.0,7654.64,218.687,35.0027,0.000243884,0.0796653,0,582.6202577,9841.7,185.172,53.149,0.000124727,0.0726993,0,288.0722988,2761.97,71.8216,38.456,6.9605e-05,0.0249429,6,-338.2682733,3124.7,352.38,8.86742,0.000398681,0.137025
85.395706,1,AUTO,ARMED,5,AVAILABLE,UNAVAILABLE,UNAVAILABLE,87,5,ACTIVE,9,E_P1S-A3.NC,E_P1S-A3.NC,2073855.592,193844.312,5709.5,2977.8579,100,19.05,24,100,0,0,100,4500.0,7654.64,218.687,35.0027,0.000243884,0.0796653,0,584.5729785,9841.7,185.172,53.149,0.000124727,0.0726993,0,288.0723059,2761.97,71.8216,38.456,6.9605e-05,0.0249429,6,-338.2682847,3124.7,352.38,8.86742,0.000398681,0.137025
85.536083,1,AUTO,ARMED,5,AVAILABLE,UNAVAILABLE,UNAVAILABLE,87,5,ACTIVE,9,E_P1S-A3.NC,E_P1S-A3.NC,2073855.592,193844.312,5709.5,3063.7986,100,19.05,24,100,0,1,100,4500.0,7654.64,218.687,35.0027,0.000243884,0.0796653,0,588.5021209,9841.7,185.172,53.149,0.000124727,0.0726993,0,288.0722988,2761.97,71.8216,38.456,6.9605e-05,0.0249429,6,-338.2682962,3124.7,352.38,8.86742,0.000398681,0.137025
85.685355,1,AUTO,ARMED,5,AVAILABLE,UNAVAILABLE,UNAVAILABLE,88,5,ACTIVE,9,E_P1S-A3.NC,E_P1S-A3.NC,2073855.592,193844.312,5709.5,3063.7986,100,12.7,25,100,0,1,100,4500.0,7654.64,218.687,35.0027,0.000243884,0.0796653,0,590.1963744,9841.7,185.172,53.149,0.000124727,0.0726993,0,288.0722988,2761.97,71.8216,38.456,6.9605e-05,0.0249429,6,-338.2682962,3124.7,352.38,8.86742,0.000398681,0.137025
85.839751,1,AUTO,ARMED,5,AVAILABLE,UNAVAILABLE,UNAVAILABLE,88,5,ACTIVE,9,E_P1S-A3.NC,E_P1S-A3.NC,2073855.592,193844.312,5709.5,3063.7986,100,0.0,25,100,0,1,100,4500.0,7654.64,218.687,35.0027,0.000243884,0.0796653,0,590.2210791,9841.7,185.172,53.149,0.000124727,0.0726993,0,288.0722916,2761.97,71.8216,38.456,6.9605e-05,0.0249429,6,-338.2683076,3124.7,352.38,8.86742,0.000398681,0.137025
85.990747,1,AUTO,ARMED,5,AVAILABLE,UNAVAILABLE,UNAVAILABLE,88,5,ACTIVE,9,E_P1S-A3.NC,E_P1S-A3.NC,2073855.592,193844.312,5709.5,3063.7986,100,0.0,25,100,0,1,100,4500.0,1559.72,216.958,7.18904,0.000136883,0.0573577,0,590.2210648,3360.58,66.7023,50.3818,0.000233185,0.0761173,0,288.0722988,600.426,77.2542,7.77208,5.77918e-05,0.0246379,6,-338.2682962,913.373,360.142,2.53615,0.000244465,0.122279
86.132519,1,AUTO,ARMED,5,AVAILABLE,UNAVAILABLE,UNAVAILABLE,88,5,ACTIVE,9,E_P1S-A3.NC,E_P1S-A3.NC,2073855.592,193844.312,5709.5,3063.7986,100,0.0,25,100,0,1,100,4500.0,1559.72,216.958,7.18904,0.000136883,0.0573577,0,590.2210433,3360.58,66.7023,50.3818,0.000233185,0.0761173,0,288.0723059,600.426,77.2542,7.77208,5.77918e-05,0.0246379,6,-338.2683076,913.373,360.142,2.53615,0.000244465,0.122279
86.270601,1,AUTO,ARMED,5,AVAILABLE,UNAVAILABLE,UNAVAILABLE,88,5,ACTIVE,9,E_P1S-A3.NC,E_P1S-A3.NC,2073855.592,193844.312,5709.5,3063.7986,100,0.0,25,100,0,0,100,4500.0,1559.72,216.958,7.18904,0.000136883,0.0573577,0,590.221029,3360.58,66.7023,50.3818,0.000233185,0.0761173,0,288.0722988,600.426,77.2542,7.77208,5.77918e-05,0.0246379,6,-338.2682962,913.373,360.142,2.53615,0.000244465,0.122279
86.417017,1,AUTO,ARMED,5,AVAILABLE,UNAVAILABLE,UNAVAILABLE,88,5,ACTIVE,9,E_P1S-A3.NC,E_P1S-A3.NC,2073855.592,193844.312,5709.5,3063.7986,100,0.0,25,100,0,0,100,4500.0,1559.72,216.958,7.18904,0.000136883,0.0573577,0,590.2210147,3360.58,66.7023,50.3818,0.000233185,0.0761173,0,288.0723059,600.426,77.2542,7.77208,5.77918e-05,0.0246379,6,-338.2682962,913.373,360.142,2.53615,0.000244465,0.122279
86.55632,1,AUTO,ARMED,5,AVAILABLE,UNAVAILABLE,UNAVAILABLE,88,5,ACTIVE,9,E_P1S-A3.NC,E_P1S-A3.NC,2073855.592,193844.312,5709.5,3082.6392,100,0.0,25,100,0,1,100,4500.0,1559.72,216.958,7.18904,0.000136883,0.0573577,0,590.2210075,3360.58,66.7023,50.3818,0.000233185,0.0761173,0,288.0722845,600.426,77.2542,7.77208,5.77918e-05,0.0246379,6,-338.2682962,913.373,360.142,2.53615,0.000244465,0.122279
86.715443,1,AUTO,ARMED,5,AVAILABLE,UNAVAILABLE,UNAVAILABLE,89,5,ACTIVE,9,E_P1S-A3.NC,E_P1S-A3.NC,2073855.592,193844.312,5709.5,3082.6392,100,0.0,26,100,0,1,100,4500.0,1559.72,216.958,7.18904,0.000136883,0.0573577,0,590.1368872,3360.58,66.7023,50.3818,0.000233185,0.0761173,0,288.3911779,600.426,77.2542,7.77208,5.77918e-05,0.0246379,6,-338.2683076,913.373,360.142,2.53615,0.000244465,0.122279
86.860743,1,AUTO,ARMED,5,AVAILABLE,UNAVAILABLE,UNAVAILABLE,90,5,ACTIVE,9,E_P1S-A3.NC,E_P1S-A3.NC,2073855.592,193844.312,5709.5,3082.6392,100,19.05,26,100,0,1,100,4500.0,1559.72,216.958,7.18904,0.000136883,0.0573577,0,588.3987682,3360.58,66.7023,50.3818,0.000233185,0.0761173,0,288.3897403,600.426,77.2542,7.77208,5.77918e-05,0.0246379,6,-338.2682962,913.373,360.142,2.53615,0.000244465,0.122279
87.007836,1,AUTO,ARMED,5,AVAILABLE,UNAVAILABLE,UNAVAILABLE,90,5,ACTIVE,9,E_P1S-A3.NC,E_P1S-A3.NC,2073855.592,193844.312,5709.5,3082.6392,100,19.05,26,100,0,1,100,4500.0,4727.16,1613.88,2.92907,0.000522218,0.301382,0,585.456789,7657.32,703.656,10.8822,0.00101627,0.482614,0,288.3897975,2401.72,382.042,6.28653,0.000198143,0.122815,6,-338.2683076,2211.32,852.126,2.59506,0.000534538,0.409536
87.151085,1,AUTO,ARMED,5,AVAILABLE,UNAVAILABLE,UNAVAILABLE,90,5,ACTIVE,9,E_P1S-A3.NC,E_P1S-A3.NC,2073855.592,193844.312,5709.5,3082.6392,100,19.05,26,100,0,1,100,4500.0,4727.16,1613.88,2.92907,0.000522218,0.301382,0,581.5324419,7657.32,703.656,10.8822,0.00101627,0.482614,0,288.389819,2401.72,382.042,6.28653,0.000198143,0.122815,6,-338.2682962,2211.32,852.126,2.59506,0.000534538,0.409536
87.288432,1,AUTO,ARMED,5,AVAILABLE,UNAVAILABLE,UNAVAILABLE,90,5,ACTIVE,9,E_P1S-A3.NC,E_P1S-A3.NC,2073855.592,193844.312,5709.5,3082.6392,100,19.05,26,100,0,1,100,4500.0,4727.16,1613.88,2.92907,0.000522218,0.301382,0,579.5703441,7657.32,703.656,10.8822,0.00101627,0.482614,0,288.3898047,2401.72,382.042,6.28653,0.000198143,0.122815,6,-338.2683076,2211.32,852.126,2.59506,0.000534538,0.409536
87.42477,1,AUTO,ARMED,5,AVAILABLE,UNAVAILABLE,UNAVAILABLE,90,5,ACTIVE,9,E_P1S-A3.NC,E_P1S-A3.NC,2073855.592,193844.312,5709.5,3082.6392,100,19.05,26,100,0,4,100,4500.0,4727.16,1613.88,2.92907,0.000522218,0.301382,0,577.6122517,7657.32,703.656,10.8822,0.00101627,0.482614,0,288.3893684,2401.72,382.042,6.28653,0.000198143,0.122815,6,-338.2683191,2211.32,852.126,2.59506,0.000534538,0.409536
87.568186,1,AUTO,ARMED,5,AVAILABLE,UNAVAILABLE,UNAVAILABLE,90,5,ACTIVE,9,E_P1S-A3.NC,E_P1S-A3.NC,2073855.592,193844.312,5709.5,3082.6392,100,19.05,26,100,0,7,100,4500.0,4727.16,1613.88,2.92907,0.000522218,0.301382,0,573.6835857,7657.32,703.656,10.8822,0.00101627,0.482614,0,288.3897188,2401.72,382.042,6.28653,0.000198143,0.122815,6,-338.2683191,2211.32,852.126,2.59506,0.000534538,0.409536
87.705084,1,AUTO,ARMED,5,AVAILABLE,UNAVAILABLE,UNAVAILABLE,90,5,ACTIVE,9,E_P1S-A3.NC,E_P1S-A3.NC,2073855.592,193844.312,5709.5,4036.8208,100,19.05,27,100,0,6,100,4500.0,4727.16,1613.88,2.92907,0.000522218,0.301382,0,571.7263231,7657.32,703.656,10.8822,0.00101627,0.482614,0,288.3897761,2401.72,382.042,6.28653,0.000198143,0.122815,6,-338.2683191,2211.32,852.126,2.59506,0.000534538,0.409536
87.854741,1,AUTO,ARMED,5,AVAILABLE,UNAVAILABLE,UNAVAILABLE,90,5,ACTIVE,9,E_P1S-A3.NC,E_P1S-A3.NC,2073855.592,193844.312,5709.5,4036.8208,100,19.05,27,100,0,7,100,4500.0,4727.16,1613.88,2.92907,0.000522218,0.301382,0,569.7595475,7657.32,703.656,10.8822,0.00101627,0.482614,0,288.3898547,2401.72,382.042,6.28653,0.000198143,0.122815,6,-338.2683076,2211.32,852.126,2.59506,0.000534538,0.409536
87.996464,1,AUTO,ARMED,5,AVAILABLE,UNAVAILABLE,UNAVAILABLE,90,5,ACTIVE,9,E_P1S-A3.NC,E_P1S-A3.NC,2073855.592,193844.312,5709.5,4036.8208,100,19.05,27,100,0,7,100,4500.0,4727.16,1613.88,2.92907,0.000522218,0.301382,0,567.7972494,7657.32,703.656,10.8822,0.00101627,0.482614,0,288.3898047,2401.72,382.042,6.28653,0.000198143,0.122815,6,-338.2683076,2211.32,852.126,2.59506,0.000534538,0.409536
88.137159,1,AUTO,ARMED,5,AVAILABLE,UNAVAILABLE,UNAVAILABLE,90,5,ACTIVE,9,E_P1S-A3.NC,E_P1S-A3.NC,2073855.592,193844.312,5709.5,4036.8208,100,19.05,27,100,0,7,100,4500.0,3575.36,839.517,4.25883,0.000959481,0.503137,0,563.8780892,8017.38,769.305,10.4216,0.000902457,0.435134,0,288.3898261,1344.96,367.713,3.65764,0.000309395,0.163172,6,-338.2682962,1970.96,826.83,2.38375,0.000539254,0.41617
88.29857,1,AUTO,ARMED,5,AVAILABLE,UNAVAILABLE,UNAVAILABLE,90,5,ACTIVE,9,E_P1S-A3.NC,E_P1S-A3.NC,2073855.592,193844.312,5709.5,4036.8208,100,19.05,27,100,0,7,100,4500.0,3575.36,839.517,4.25883,0.000959481,0.503137,0,559.9486579,8017.38,769.305,10.4216,0.000902457,0.435134,0,288.3897474,1344.96,367.713,3.65764,0.000309395,0.163172,6,-338.2683076,1970.96,826.83,2.38375,0.000539254,0.41617
88.454633,1,AUTO,ARMED,5,AVAILABLE,UNAVAILABLE,UNAVAILABLE,90,5,ACTIVE,9,E_P1S-A3.NC,E_P1S-A3.NC,2073855.592,193844.312,5709.5,4036.8208,100,19.05,27,100,0,8,100,4500.0,3575.36,839.517,4.25883,0.000959481,0.503137,0,557.9912533,8017.38,769.305,10.4216,0.000902457,0.435134,0,288.3897832,1344.96,367.713,3.65764,0.000309395,0.163172,6,-338.2682962,1970.96,826.83,2.38375,0.000539254,0.41617
88.606462,1,AUTO,ARMED,5,AVAILABLE,UNAVAILABLE,UNAVAILABLE,90,5,ACTIVE,9,E_P1S-A3.NC,E_P1S-A3.NC,2073855.592,193844.312,5709.5,4036.8208,100,19.05,27,100,0,8,100,4500.0,3575.36,839.517,4.25883,0.000959481,0.503137,0,554.0622896,8017.38,769.305,10.4216,0.000902457,0.435134,0,288.3898333,1344.96,367.713,3.65764,0.000309395,0.163172,6,-338.2682962,1970.96,826.83,2.38375,0.000539254,0.41617
88.752241,1,AUTO,ARMED,5,AVAILABLE,UNAVAILABLE,UNAVAILABLE,90,5,ACTIVE,9,E_P1S-A3.NC,E_P1S-A3.NC,2073855.592,193844.312,5709.5,2997.4924,100,19.05,28,100,0,7,100,4500.0,3575.36,839.517,4.25883,0.000959481,0.503137,0,550.1382254,8017.38,769.305,10.4216,0.000902457,0.435134,0,288.3898118,1344.96,367.713,3.65764,0.000309395,0.163172,6,-338.2682962,1970.96,826.83,2.38375,0.000539254,0.41617
88.904324,1,AUTO,ARMED,5,AVAILABLE,UNAVAILABLE,UNAVAILABLE,90,5,ACTIVE,9,E_P1S-A3.NC,E_P1S-A3.NC,2073855.592,193844.312,5709.5,2997.4924,100,19.05,28,100,0,7,100,4500.0,3575.36,839.517,4.25883,0.000959481,0.503137,0,549.1570305,8017.38,769.305,10.4216,0.000902457,0.435134,0,288.3898547,1344.96,367.713,3.65764,0.000309395,0.163172,6,-338.2682962,1970.96,826.83,2.38375,0.000539254,0.41617
89.047669,1,AUTO,ARMED,5,AVAILABLE,UNAVAILABLE,UNAVAILABLE,90,5,ACTIVE,9,E_P1S-A3.NC,E_P1S-A3.NC,2073855.592,193844.312,5709.5,2997.4924,100,19.05,28,100,0,7,100,4500.0,3575.36,839.517,4.25883,0.000959481,0.503137,0,547.1901705,8017.38,769.305,10.4216,0.000902457,0.435134,0,288.3898404,1344.96,367.713,3.65764,0.000309395,0.163172,6,-338.2682962,1970.96,826.83,2.38375,0.000539254,0.41617
89.184768,1,AUTO,ARMED,5,AVAILABLE,UNAVAILABLE,UNAVAILABLE,90,5,ACTIVE,9,E_P1S-A3.NC,E_P1S-A3.NC,2073855.592,193844.312,5709.5,2997.4924,100,19.05,28,100,0,7,100,4500.0,3551.37,200.775,17.6883,0.000218841,0.0728888,0,545.2371218,7489.29,264.503,28.3146,0.000132672,0.0619077,0,288.389726,1777.27,80.7682,22.0046,6.10463e-05,0.0304623,6,-338.2683076,1995.0,345.768,5.76976,0.000194517,0.116705
89.328093,1,AUTO,ARMED,5,AVAILABLE,UNAVAILABLE,UNAVAILABLE,90,5,ACTIVE,9,E_P1S-A3.NC,E_P1S-A3.NC,2073855.592,193844.312,5709.5,2997.4924,100,19.05,28,100,0,1,100,4500.0,3551.37,200.775,17.6883,0.000218841,0.0728888,0,541.308573,7489.29,264.503,28.3146,0.000132672,0.0619077,0,288.3900121,1777.27,80.7682,22.0046,6.10463e-05,0.0304623,6,-338.2682733,1995.0,345.768,5.76976,0.000194517,0.116705
89.474504,1,AUTO,ARMED,5,AVAILABLE,UNAVAILABLE,UNAVAILABLE,90,5,ACTIVE,9,E_P1S-A3.NC,E_P1S-A3.NC,2073855.592,193844.312,5709.5,2997.4924,100,19.05,28,100,0,0,100,4500.0,3551.37,200.775,17.6883,0.000218841,0.0728888,0,537.3886858,7489.29,264.503,28.3146,0.000132672,0.0619077,0,288.3898047,1777.27,80.7682,22.0046,6.10463e-05,0.0304623,6,-338.2682847,1995.0,345.768,5.76976,0.000194517,0.116705
89.619991,1,AUTO,ARMED,5,AVAILABLE,UNAVAILABLE,UNAVAILABLE,90,5,ACTIVE,9,E_P1S-A3.NC,E_P1S-A3.NC,2073855.592,193844.312,5709.5,2997.4924,100,19.05,28,100,0,0,100,4500.0,3551.37,200.775,17.6883,0.000218841,0.0728888,0,535.421883,7489.29,264.503,28.3146,0.000132672,0.0619077,0,288.3897975,1777.27,80.7682,22.0046,6.10463e-05,0.0304623,6,-338.2682962,1995.0,345.768,5.76976,0.000194517,0.116705
89.76608,1,AUTO,ARMED,5,AVAILABLE,UNAVAILABLE,UNAVAILABLE,90,5,ACTIVE,9,E_P1S-A3.NC,E_P1S-A3.NC,2073855.592,193844.312,5709.5,3064.7026,100,19.05,29,100,0,0,100,4500.0,3551.37,200.775,17.6883,0.000218841,0.0728888,0,533.464643,7489.29,264.503,28.3146,0.000132672,0.0619077,0,288.3898047,1777.27,80.7682,22.0046,6.10463e-05,0.0304623,6,-338.2682962,1995.0,345.768,5.76976,0.000194517,0.116705
89.906667,1,AUTO,ARMED,5,AVAILABLE,UNAVAILABLE,UNAVAILABLE,90,5,ACTIVE,9,E_P1S-A3.NC,E_P1S-A3.NC,2073855.592,193844.312,5709.5,3064.7026,100,14.0,29,100,0,0,100,4500.0,3551.37,200.775,17.6883,0.000218841,0.0728888,0,531.5024626,7489.29,264.503,28.3146,0.000132672,0.0619077,0,288.3897975,1777.27,80.7682,22.0046,6.10463e-05,0.0304623,6,-338.2683076,1995.0,345.768,5.76976,0.000194517,0.116705
90.061611,1,AUTO,ARMED,5,AVAILABLE,UNAVAILABLE,UNAVAILABLE,91,5,ACTIVE,9,E_P1S-A3.NC,E_P1S-A3.NC,2073855.592,193844.312,5709.5,3064.7026,100,0.0,29,100,0,0,100,4500.0,3551.37,200.775,17.6883,0.000218841,0.0728888,0,530.2771496,7489.29,264.503,28.3146,0.000132672,0.0619077,0,288.3898118,1777.27,80.7682,22.0046,6.10463e-05,0.0304623,6,-338.2682962,1995.0,345.768,5.76976,0.000194517,0.116705
90.211088,1,AUTO,ARMED,5,AVAILABLE,UNAVAILABLE,UNAVAILABLE,91,5,ACTIVE,9,E_P1S-A3.NC,E_P1S-A3.NC,2073855.592,193844.312,5709.5,3064.7026,100,0.0,29,100,0,1,100,4500.0,1679.7,205.962,8.15539,0.000293101,0.0821483,0,530.2768992,6913.19,75.0019,92.1735,0.000209738,0.0777668,0,288.3897904,624.446,74.3623,8.39735,5.03433e-05,0.025024,6,-338.2682962,937.409,300.357,3.12098,0.000347579,0.133466
90.350336,1,AUTO,ARMED,5,AVAILABLE,UNAVAILABLE,UNAVAILABLE,91,5,ACTIVE,9,E_P1S-A3.NC,E_P1S-A3.NC,2073855.592,193844.312,5709.5,3064.7026,100,0.0,29,100,0,1,100,4500.0,1679.7,205.962,8.15539,0.000293101,0.0821483,0,530.2769279,6913.19,75.0019,92.1735,0.000209738,0.0777668,0,288.3898047,624.446,74.3623,8.39735,5.03433e-05,0.025024,6,-338.2682962,937.409,300.357,3.12098,0.000347579,0.133466
90.492591,1,AUTO,ARMED,5,AVAILABLE,UNAVAILABLE,UNAVAILABLE,91,5,ACTIVE,9,E_P1S-A3.NC,E_P1S-A3.NC,2073855.592,193844.312,5709.5,3064.7026,100,0.0,29,100,0,0,100,4500.0,1679.7,205.962,8.15539,0.000293101,0.0821483,0,530.2769565,6913.19,75.0019,92.1735,0.000209738,0.0777668,0,288.3897975,624.446,74.3623,8.39735,5.03433e-05,0.025024,6,-338.2682962,937.409,300.357,3.12098,0.000347579,0.133466
90.636169,1,AUTO,ARMED,5,AVAILABLE,UNAVAILABLE,UNAVAILABLE,91,5,ACTIVE,9,E_P1S-A3.NC,E_P1S-A3.NC,2073855.592,193844.312,5709.5,3064.7026,100,0.0,29,100,0,1,100,4500.0,1679.7,205.962,8.15539,0.000293101,0.0821483,0,530.2769636,6913.19,75.0019,92.1735,0.000209738,0.0777668,0,288.3897904,624.446,74.3623,8.39735,5.03433e-05,0.025024,6,-338.2683076,937.409,300.357,3.12098,0.000347579,0.133466
90.77246,1,AUTO,ARMED,5,AVAILABLE,UNAVAILABLE,UNAVAILABLE,91,5,ACTIVE,9,E_P1S-A3.NC,E_P1S-A3.NC,2073855.592,193844.312,5709.5,3064.7026,100,0.0,30,100,0,1,100,4500.0,1679.7,205.962,8.15539,0.000293101,0.0821483,0,530.2769708,6913.19,75.0019,92.1735,0.000209738,0.0777668,0,288.3897975,624.446,74.3623,8.39735,5.03433e-05,0.025024,6,-338.2682962,937.409,300.357,3.12098,0.000347579,0.133466
90.912958,1,AUTO,ARMED,5,AVAILABLE,UNAVAILABLE,UNAVAILABLE,91,5,ACTIVE,9,E_P1S-A3.NC,E_P1S-A3.NC,2073855.592,193844.312,5709.5,3071.8398,100,0.0,30,100,0,0,100,4500.0,1679.7,205.962,8.15539,0.000293101,0.0821483,0,530.2769779,6913.19,75.0019,92.1735,0.000209738,0.0777668,0,288.3897975,624.446,74.3623,8.39735,5.03433e-05,0.025024,6,-338.2683076,937.409,300.357,3.12098,0.000347579,0.133466
91.053778,1,AUTO,ARMED,5,AVAILABLE,UNAVAILABLE,UNAVAILABLE,95,5,ACTIVE,9,E_P1S-A3.NC,E_P1S-A3.NC,2073855.592,193844.312,5709.5,3071.8398,100,0.0,30,100,0,0,100,4500.0,1679.7,205.962,8.15539,0.000293101,0.0821483,0,530.2769922,6913.19,75.0019,92.1735,0.000209738,0.0777668,0,288.7073964,624.446,74.3623,8.39735,5.03433e-05,0.025024,6,-338.2683076,937.409,300.357,3.12098,0.000347579,0.133466
91.19907,1,AUTO,ARMED,5,AVAILABLE,UNAVAILABLE,UNAVAILABLE,95,5,ACTIVE,9,E_P1S-A3.NC,E_P1S-A3.NC,2073855.592,193844.312,5709.5,3071.8398,100,0.0,30,100,0,0,100,4500.0,1679.7,205.962,8.15539,0.000293101,0.0821483,0,530.2769922,6913.19,75.0019,92.1735,0.000209738,0.0777668,0,288.7073177,624.446,74.3623,8.39735,5.03433e-05,0.025024,6,-338.2682962,937.409,300.357,3.12098,0.000347579,0.133466
91.339922,1,AUTO,ARMED,5,AVAILABLE,UNAVAILABLE,UNAVAILABLE,95,5,ACTIVE,9,E_P1S-A3.NC,E_P1S-A3.NC,2073855.592,193844.312,5709.5,3071.8398,100,0.0,30,100,0,0,100,4500.0,1751.69,215.765,8.11851,0.000247318,0.092192,0,530.2769922,2952.51,67.4199,43.7929,0.000265653,0.0962084,0,288.7072891,672.485,70.6838,9.51399,6.09209e-05,0.0261121,6,-338.2683076,961.444,218.273,4.40478,0.000235459,0.106045
91.483979,1,AUTO,ARMED,5,AVAILABLE,UNAVAILABLE,UNAVAILABLE,95,5,ACTIVE,9,E_P1S-A3.NC,E_P1S-A3.NC,2073855.592,193844.312,5709.5,3071.8398,100,0.0,30,100,0,0,100,4500.0,1751.69,215.765,8.11851,0.000247318,0.092192,0,530.2769994,2952.51,67.4199,43.7929,0.000265653,0.0962084,0,288.7073106,672.485,70.6838,9.51399,6.09209e-05,0.0261121,6,-338.2682962,961.444,218.273,4.40478,0.000235459,0.106045
91.625686,1,AUTO,ARMED,5,AVAILABLE,UNAVAILABLE,UNAVAILABLE,95,5,ACTIVE,9,E_P1S-A3.NC,E_P1S-A3.NC,2073855.592,193844.312,5709.5,3071.8398,100,0.0,30,100,0,1,100,4500.0,1751.69,215.765,8.11851,0.000247318,0.092192,0,530.2769994,2952.51,67.4199,43.7929,0.000265653,0.0962084,0,288.7072962,672.485,70.6838,9.51399,6.09209e-05,0.0261121,6,-338.2683076,961.444,218.273,4.40478,0.000235459,0.106045
91.775228,1,AUTO,ARMED,5,AVAILABLE,UNAVAILABLE,UNAVAILABLE,95,5,ACTIVE,9,E_P1S-A3.NC,E_P1S-A3.NC,2073855.592,193844.312,5709.5,3071.8398,100,0.0,31,100,0,1,100,4500.0,1751.69,215.765,8.11851,0.000247318,0.092192,0,530.2769994,2952.51,67.4199,43.7929,0.000265653,0.0962084,0,288.7072962,672.485,70.6838,9.51399,6.09209e-05,0.0261121,6,-338.2682962,961.444,218.273,4.40478,0.000235459,0.106045
91.924831,1,AUTO,ARMED,5,AVAILABLE,UNAVAILABLE,UNAVAILABLE,95,5,ACTIVE,9,E_P1S-A3.NC,E_P1S-A3.NC,2073855.592,193844.312,5709.5,3229.6555,100,0.0,31,100,0,0,100,4500.0,1751.69,215.765,8.11851,0.000247318,0.092192,0,530.2769994,2952.51,67.4199,43.7929,0.000265653,0.0962084,0,288.7073034,672.485,70.6838,9.51399,6.09209e-05,0.0261121,6,-338.2683076,961.444,218.273,4.40478,0.000235459,0.106045
92.069097,1,AUTO,ARMED,5,AVAILABLE,UNAVAILABLE,UNAVAILABLE,96,5,ACTIVE,9,E_P1S-A3.NC,E_P1S-A3.NC,2073855.592,193844.312,5709.5,3229.6555,100,0.0,31,100,0,0,100,4500.0,1751.69,215.765,8.11851,0.000247318,0.092192,0,530.2769994,2952.51,67.4199,43.7929,0.000265653,0.0962084,0,288.7072748,672.485,70.6838,9.51399,6.09209e-05,0.0261121,6,-338.2682962,961.444,218.273,4.40478,0.000235459,0.106045
92.22022,1,AUTO,ARMED,5,AVAILABLE,UNAVAILABLE,UNAVAILABLE,96,5,ACTIVE,9,E_P1S-A3.NC,E_P1S-A3.NC,2073855.592,193844.312,5709.5,3229.6555,100,21.16667,31,100,0,1,100,4500.0,1751.69,215.765,8.11851,0.000247318,0.092192,1,531.5295849,2952.51,67.4199,43.7929,0.000265653,0.0962084,0,288.7072891,672.485,70.6838,9.51399,6.09209e-05,0.0261121,6,-338.2682962,961.444,218.273,4.40478,0.000235459,0.106045
92.368117,1,AUTO,ARMED,5,AVAILABLE,UNAVAILABLE,UNAVAILABLE,96,5,ACTIVE,9,E_P1S-A3.NC,E_P1S-A3.NC,2073855.592,193844.312,5709.5,3229.6555,100,21.16667,31,100,0,0,100,4500.0,7726.63,1792.87,4.30964,0.00098342,0.553316,0,538.0564438,11450.0,780.45,14.671,0.000910129,0.474435,0,288.7072962,2810.01,895.15,3.13915,0.000338448,0.204604,6,-338.2682962,3220.84,1777.65,1.81185,0.000498652,0.772257
92.519564,1,AUTO,ARMED,5,AVAILABLE,UNAVAILABLE,UNAVAILABLE,96,5,ACTIVE,9,E_P1S-A3.NC,E_P1S-A3.NC,2073855.592,193844.312,5709.5,3229.6555,100,21.16667,31,100,0,0,100,4500.0,7726.63,1792.87,4.30964,0.00098342,0.553316,0,540.2366263,11450.0,780.45,14.671,0.000910129,0.474435,0,288.7072962,2810.01,895.15,3.13915,0.000338448,0.204604,6,-338.2682962,3220.84,1777.65,1.81185,0.000498652,0.772257
92.669914,1,AUTO,ARMED,5,AVAILABLE,UNAVAILABLE,UNAVAILABLE,96,5,ACTIVE,9,E_P1S-A3.NC,E_P1S-A3.NC,2073855.592,193844.312,5709.5,3229.6555,100,21.16667,31,100,0,0,100,4500.0,7726.63,1792.87,4.30964,0.00098342,0.553316,0,542.4101427,11450.0,780.45,14.671,0.000910129,0.474435,0,288.7070745,2810.01,895.15,3.13915,0.000338448,0.204604,6,-338.2683305,3220.84,1777.65,1.81185,0.000498652,0.772257
92.808009,1,AUTO,ARMED,5,AVAILABLE,UNAVAILABLE,UNAVAILABLE,96,5,ACTIVE,9,E_P1S-A3.NC,E_P1S-A3.NC,2073855.592,193844.312,5709.5,3229.6555,100,21.16667,32,100,0,9,100,4500.0,7726.63,1792.87,4.30964,0.00098342,0.553316,1,546.7774671,11450.0,780.45,14.671,0.000910129,0.474435,0,288.7072962,2810.01,895.15,3.13915,0.000338448,0.204604,6,-338.2683076,3220.84,1777.65,1.81185,0.000498652,0.772257
92.975768,1,AUTO,ARMED,5,AVAILABLE,UNAVAILABLE,UNAVAILABLE,96,5,ACTIVE,9,E_P1S-A3.NC,E_P1S-A3.NC,2073855.592,193844.312,5709.5,3229.6555,100,21.16667,32,100,0,9,100,4500.0,7726.63,1792.87,4.30964,0.00098342,0.553316,1,547.8671435,11450.0,780.45,14.671,0.000910129,0.474435,0,288.7073392,2810.01,895.15,3.13915,0.000338448,0.204604,6,-338.2683076,3220.84,1777.65,1.81185,0.000498652,0.772257
93.117031,1,AUTO,ARMED,5,AVAILABLE,UNAVAILABLE,UNAVAILABLE,96,5,ACTIVE,9,E_P1S-A3.NC,E_P1S-A3.NC,2073855.592,193844.312,5709.5,4322.0576,100,21.16667,32,100,0,8,100,4500.0,7726.63,1792.87,4.30964,0.00098342,0.553316,1,552.2275801,11450.0,780.45,14.671,0.000910129,0.474435,0,288.7072605,2810.01,895.15,3.13915,0.000338448,0.204604,6,-338.2683076,3220.84,1777.65,1.81185,0.000498652,0.772257
93.274075,1,AUTO,ARMED,5,AVAILABLE,UNAVAILABLE,UNAVAILABLE,96,5,ACTIVE,9,E_P1S-A3.NC,E_P1S-A3.NC,2073855.592,193844.312,5709.5,4322.0576,100,21.16667,32,100,0,8,100,4500.0,7726.63,1792.87,4.30964,0.00098342,0.553316,1,556.5824878,11450.0,780.45,14.671,0.000910129,0.474435,0,288.7073034,2810.01,895.15,3.13915,0.000338448,0.204604,6,-338.2683191,3220.84,1777.65,1.81185,0.000498652,0.772257
93.413001,1,AUTO,ARMED,5,AVAILABLE,UNAVAILABLE,UNAVAILABLE,96,5,ACTIVE,9,E_P1S-A3.NC,E_P1S-A3.NC,2073855.592,193844.312,5709.5,4322.0576,100,21.16667,32,100,0,8,100,4500.0,6814.79,1518.47,4.48793,0.000863633,0.520834,1,558.76782,10561.8,760.165,13.8941,0.000924768,0.47431,0,288.7072605,2521.8,845.873,2.9813,0.00025096,0.21927,6,-338.2683076,3292.95,1830.03,1.7994,0.000577154,0.79394
93.560653,1,AUTO,ARMED,5,AVAILABLE,UNAVAILABLE,UNAVAILABLE,96,5,ACTIVE,9,E_P1S-A3.NC,E_P1S-A3.NC,2073855.592,193844.312,5709.5,4322.0576,100,21.16667,32,100,0,8,100,4500.0,6814.79,1518.47,4.48793,0.000863633,0.520834,1,560.9483064,10561.8,760.165,13.8941,0.000924768,0.47431,0,288.7073177,2521.8,845.873,2.9813,0.00025096,0.21927,6,-338.2682847,3292.95,1830.03,1.7994,0.000577154,0.79394
93.708228,1,AUTO,ARMED,5,AVAILABLE,UNAVAILABLE,UNAVAILABLE,96,5,ACTIVE,9,E_P1S-A3.NC,E_P1S-A3.NC,2073855.592,193844.312,5709.5,4322.0576,100,21.16667,33,100,0,8,100,4500.0,6814.79,1518.47,4.48793,0.000863633,0.520834,1,565.3083928,10561.8,760.165,13.8941,0.000924768,0.47431,0,288.7073463,2521.8,845.873,2.9813,0.00025096,0.21927,6,-338.2682962,3292.95,1830.03,1.7994,0.000577154,0.79394
93.855441,1,AUTO,ARMED,5,AVAILABLE,UNAVAILABLE,UNAVAILABLE,96,5,ACTIVE,9,E_P1S-A3.NC,E_P1S-A3.NC,2073855.592,193844.312,5709.5,4322.0576,100,21.16667,33,100,0,8,100,4500.0,6814.79,1518.47,4.48793,0.000863633,0.520834,1,567.4886506,10561.8,760.165,13.8941,0.000924768,0.47431,0,288.7072605,2521.8,845.873,2.9813,0.00025096,0.21927,6,-338.2683076,3292.95,1830.03,1.7994,0.000577154,0.79394
93.998231,1,AUTO,ARMED,5,AVAILABLE,UNAVAILABLE,UNAVAILABLE,96,5,ACTIVE,9,E_P1S-A3.NC,E_P1S-A3.NC,2073855.592,193844.312,5709.5,4322.0576,100,21.16667,33,100,0,9,100,4500.0,6814.79,1518.47,4.48793,0.000863633,0.520834,1,571.8489372,10561.8,760.165,13.8941,0.000924768,0.47431,0,288.7073177,2521.8,845.873,2.9813,0.00025096,0.21927,6,-338.2683076,3292.95,1830.03,1.7994,0.000577154,0.79394
94.152639,1,AUTO,ARMED,5,AVAILABLE,UNAVAILABLE,UNAVAILABLE,96,5,ACTIVE,9,E_P1S-A3.NC,E_P1S-A3.NC,2073855.592,193844.312,5709.5,2973.0503,100,21.16667,33,100,0,9,100,4500.0,6814.79,1518.47,4.48793,0.000863633,0.520834,1,574.0291234,10561.8,760.165,13.8941,0.000924768,0.47431,0,288.7072676,2521.8,845.873,2.9813,0.00025096,0.21927,6,-338.2683076,3292.95,1830.03,1.7994,0.000577154,0.79394
94.296423,1,AUTO,ARMED,5,AVAILABLE,UNAVAILABLE,UNAVAILABLE,96,5,ACTIVE,9,E_P1S-A3.NC,E_P1S-A3.NC,2073855.592,193844.312,5709.5,2973.0503,100,21.16667,33,100,0,9,100,4500.0,6814.79,1518.47,4.48793,0.000863633,0.520834,0,578.3847967,10561.8,760.165,13.8941,0.000924768,0.47431,0,288.7075609,2521.8,845.873,2.9813,0.00025096,0.21927,6,-338.2682618,3292.95,1830.03,1.7994,0.000577154,0.79394
94.435604,1,AUTO,ARMED,5,AVAILABLE,UNAVAILABLE,UNAVAILABLE,96,5,ACTIVE,9,E_P1S-A3.NC,E_P1S-A3.NC,2073855.592,193844.312,5709.5,2973.0503,100,21.16667,33,100,0,5,100,4500.0,4463.21,217.036,20.5644,0.00023205,0.0764022,0,580.5697393,9673.67,223.021,43.3756,0.000203579,0.108282,0,288.7073749,3866.76,71.7331,53.9048,8.80918e-05,0.0297273,6,-338.2682733,1418.13,325.854,4.35204,0.000263824,0.127983
94.581388,1,AUTO,ARMED,5,AVAILABLE,UNAVAILABLE,UNAVAILABLE,96,5,ACTIVE,9,E_P1S-A3.NC,E_P1S-A3.NC,2073855.592,193844.312,5709.5,2973.0503,100,21.16667,33,100,0,1,100,4500.0,4463.21,217.036,20.5644,0.00023205,0.0764022,0,582.7497468,9673.67,223.021,43.3756,0.000203579,0.108282,0,288.7073034,3866.76,71.7331,53.9048,8.80918e-05,0.0297273,6,-338.2682733,1418.13,325.854,4.35204,0.000263824,0.127983
94.724463,1,AUTO,ARMED,5,AVAILABLE,UNAVAILABLE,UNAVAILABLE,96,5,ACTIVE,9,E_P1S-A3.NC,E_P1S-A3.NC,2073855.592,193844.312,5709.5,2973.0503,100,21.16667,33,100,0,0,100,4500.0,4463.21,217.036,20.5644,0.00023205,0.0764022,0,584.9249097,9673.67,223.021,43.3756,0.000203579,0.108282,0,288.7072962,3866.76,71.7331,53.9048,8.80918e-05,0.0297273,6,-338.2682847,1418.13,325.854,4.35204,0.000263824,0.127983
94.866983,1,AUTO,ARMED,5,AVAILABLE,UNAVAILABLE,UNAVAILABLE,96,5,ACTIVE,9,E_P1S-A3.NC,E_P1S-A3.NC,2073855.592,193844.312,5709.5,2973.0503,100,19.71667,34,100,0,1,100,4500.0,4463.21,217.036,20.5644,0.00023205,0.0764022,0,590.1600755,9673.67,223.021,43.3756,0.000203579,0.108282,0,288.7072748,3866.76,71.7331,53.9048,8.80918e-05,0.0297273,6,-338.2682962,1418.13,325.854,4.35204,0.000263824,0.127983
95.006378,1,AUTO,ARMED,5,AVAILABLE,UNAVAILABLE,UNAVAILABLE,97,5,ACTIVE,9,E_P1S-A3.NC,E_P1S-A3.NC,2073855.592,193844.312,5709.5,2973.0503,100,13.15,34,100,0,0,100,4500.0,4463.21,217.036,20.5644,0.00023205,0.0764022,0,590.2196557,9673.67,223.021,43.3756,0.000203579,0.108282,0,288.7072962,3866.76,71.7331,53.9048,8.80918e-05,0.0297273,6,-338.2682962,1418.13,325.854,4.35204,0.000263824,0.127983
95.15627,1,AUTO,ARMED,5,AVAILABLE,UNAVAILABLE,UNAVAILABLE,97,5,ACTIVE,9,E_P1S-A3.NC,E_P1S-A3.NC,2073855.592,193844.312,5709.5,3082.0471,100,0.0,34,100,0,1,100,4500.0,4463.21,217.036,20.5644,0.00023205,0.0764022,0,590.221029,9673.67,223.021,43.3756,0.000203579,0.108282,0,288.7073177,3866.76,71.7331,53.9048,8.80918e-05,0.0297273,6,-338.2682962,1418.13,325.854,4.35204,0.000263824,0.127983
95.313256,1,AUTO,ARMED,5,AVAILABLE,UNAVAILABLE,UNAVAILABLE,97,5,ACTIVE,9,E_P1S-A3.NC,E_P1S-A3.NC,2073855.592,193844.312,5709.5,3082.0471,100,0.0,34,100,0,1,100,4500.0,4463.21,217.036,20.5644,0.00023205,0.0764022,0,590.2210719,9673.67,223.021,43.3756,0.000203579,0.108282,0,288.7072962,3866.76,71.7331,53.9048,8.80918e-05,0.0297273,6,-338.2682962,1418.13,325.854,4.35204,0.000263824,0.127983
95.456954,1,AUTO,ARMED,5,AVAILABLE,UNAVAILABLE,UNAVAILABLE,97,5,ACTIVE,9,E_P1S-A3.NC,E_P1S-A3.NC,2073855.592,193844.312,5709.5,3082.0471,100,0.0,34,100,0,1,100,4500.0,1655.71,210.511,7.86519,0.000243396,0.0838863,0,590.2210505,3504.6,68.1767,51.4047,0.000227142,0.0775665,0,288.7073106,1320.94,379.926,3.47683,8.90157e-05,0.0670089,6,-338.2683076,1225.84,219.258,5.59086,0.00021587,0.0884025
95.604243,1,AUTO,ARMED,5,AVAILABLE,UNAVAILABLE,UNAVAILABLE,97,5,ACTIVE,9,E_P1S-A3.NC,E_P1S-A3.NC,2073855.592,193844.312,5709.5,3082.0471,100,0.0,34,100,0,1,100,4500.0,1655.71,210.511,7.86519,0.000243396,0.0838863,0,590.221029,3504.6,68.1767,51.4047,0.000227142,0.0775665,0,288.7073034,1320.94,379.926,3.47683,8.90157e-05,0.0670089,6,-338.2683076,1225.84,219.258,5.59086,0.00021587,0.0884025
95.777134,1,AUTO,ARMED,5,AVAILABLE,UNAVAILABLE,UNAVAILABLE,97,5,ACTIVE,9,E_P1S-A3.NC,E_P1S-A3.NC,2073855.592,193844.312,5709.5,3082.0471,100,0.0,35,100,0,1,100,4500.0,1655.71,210.511,7.86519,0.000243396,0.0838863,0,590.2210218,3504.6,68.1767,51.4047,0.000227142,0.0775665,0,288.7073034,1320.94,379.926,3.47683,8.90157e-05,0.0670089,6,-338.2682962,1225.84,219.258,5.59086,0.00021587,0.0884025
95.921449,1,AUTO,ARMED,5,AVAILABLE,UNAVAILABLE,UNAVAILABLE,97,5,ACTIVE,9,E_P1S-A3.NC,E_P1S-A3.NC,2073855.592,193844.312,5709.5,3082.0471,100,0.0,35,100,0,1,100,4500.0,1655.71,210.511,7.86519,0.000243396,0.0838863,0,590.2210147,3504.6,68.1767,51.4047,0.000227142,0.0775665,0,288.7073249,1320.94,379.926,3.47683,8.90157e-05,0.0670089,6,-338.2682962,1225.84,219.258,5.59086,0.00021587,0.0884025
96.078388,1,AUTO,ARMED,5,AVAILABLE,UNAVAILABLE,UNAVAILABLE,98,5,ACTIVE,9,E_P1S-A3.NC,E_P1S-A3.NC,2073855.592,193844.312,5709.5,3082.0471,100,21.16667,35,100,0,1,100,4500.0,1655.71,210.511,7.86519,0.000243396,0.0838863,0,590.2210004,3504.6,68.1767,51.4047,0.000227142,0.0775665,0,285.7005537,1320.94,379.926,3.47683,8.90157e-05,0.0670089,6,-338.2683076,1225.84,219.258,5.59086,0.00021587,0.0884025
96.219492,1,AUTO,ARMED,5,AVAILABLE,UNAVAILABLE,UNAVAILABLE,98,5,ACTIVE,9,E_P1S-A3.NC,E_P1S-A3.NC,2073855.592,193844.312,5709.5,3082.0471,100,21.16667,35,100,0,0,100,4500.0,1655.71,210.511,7.86519,0.000243396,0.0838863,0,590.2210075,3504.6,68.1767,51.4047,0.000227142,0.0775665,0,283.5207002,1320.94,379.926,3.47683,8.90157e-05,0.0670089,6,-338.2683076,1225.84,219.258,5.59086,0.00021587,0.0884025
96.366073,1,AUTO,ARMED,5,AVAILABLE,UNAVAILABLE,UNAVAILABLE,98,5,ACTIVE,9,E_P1S-A3.NC,E_P1S-A3.NC,2073855.592,193844.312,5709.5,3092.3132,100,21.16667,35,100,0,0,100,4500.0,1655.71,210.511,7.86519,0.000243396,0.0838863,0,590.2210004,3504.6,68.1767,51.4047,0.000227142,0.0775665,0,281.3403175,1320.94,379.926,3.47683,8.90157e-05,0.0670089,6,-338.2682962,1225.84,219.258,5.59086,0.00021587,0.0884025
96.520323,1,AUTO,ARMED,5,AVAILABLE,UNAVAILABLE,UNAVAILABLE,98,5,ACTIVE,9,E_P1S-A3.NC,E_P1S-A3.NC,2073855.592,193844.312,5709.5,3092.3132,100,21.16667,35,100,0,0,100,4500.0,1823.68,232.956,7.82843,0.000118957,0.0643311,0,590.2210004,3432.59,67.8604,50.5831,0.000204355,0.075424,0,276.9800982,1392.99,171.138,8.13957,7.92598e-05,0.0418769,6,-338.2682962,1129.7,394.406,2.86431,0.000257087,0.14551
96.674248,1,AUTO,ARMED,5,AVAILABLE,UNAVAILABLE,UNAVAILABLE,98,5,ACTIVE,9,E_P1S-A3.NC,E_P1S-A3.NC,2073855.592,193844.312,5709.5,3092.3132,100,21.16667,35,100,0,0,100,4500.0,1823.68,232.956,7.82843,0.000118957,0.0643311,0,590.2210004,3432.59,67.8604,50.5831,0.000204355,0.075424,0,274.7998399,1392.99,171.138,8.13957,7.92598e-05,0.0418769,6,-338.2682962,1129.7,394.406,2.86431,0.000257087,0.14551
96.833143,1,AUTO,ARMED,5,AVAILABLE,UNAVAILABLE,UNAVAILABLE,98,5,ACTIVE,9,E_P1S-A3.NC,E_P1S-A3.NC,2073855.592,193844.312,5709.5,3092.3132,100,21.16667,36,100,0,1,100,4500.0,1823.68,232.956,7.82843,0.000118957,0.0643311,0,590.2210004,3432.59,67.8604,50.5831,0.000204355,0.075424,0,272.6247953,1392.99,171.138,8.13957,7.92598e-05,0.0418769,6,-338.2682962,1129.7,394.406,2.86431,0.000257087,0.14551
96.977648,1,AUTO,ARMED,5,AVAILABLE,UNAVAILABLE,UNAVAILABLE,98,5,ACTIVE,9,E_P1S-A3.NC,E_P1S-A3.NC,2073855.592,193844.312,5709.5,3092.3132,100,21.16667,36,100,0,0,100,4500.0,1823.68,232.956,7.82843,0.000118957,0.0643311,0,590.2210004,3432.59,67.8604,50.5831,0.000204355,0.075424,0,267.1690965,1392.99,171.138,8.13957,7.92598e-05,0.0418769,6,-338.2683076,1129.7,394.406,2.86431,0.000257087,0.14551
97.119715,1,AUTO,ARMED,5,AVAILABLE,UNAVAILABLE,UNAVAILABLE,98,5,ACTIVE,9,E_P1S-A3.NC,E_P1S-A3.NC,2073855.592,193844.312,5709.5,3092.3132,100,21.16667,36,100,0,0,100,4500.0,1823.68,232.956,7.82843,0.000118957,0.0643311,0,590.2209932,3432.59,67.8604,50.5831,0.000204355,0.075424,0,264.9940662,1392.99,171.138,8.13957,7.92598e-05,0.0418769,6,-338.2682962,1129.7,394.406,2.86431,0.000257087,0.14551
97.261459,1,AUTO,ARMED,5,AVAILABLE,UNAVAILABLE,UNAVAILABLE,98,5,ACTIVE,9,E_P1S-A3.NC,E_P1S-A3.NC,2073855.592,193844.312,5709.5,3092.3132,100,21.16667,36,100,0,1,100,4500.0,1823.68,232.956,7.82843,0.000118957,0.0643311,0,590.2209932,3432.59,67.8604,50.5831,0.000204355,0.075424,0,262.808587,1392.99,171.138,8.13957,7.92598e-05,0.0418769,6,-338.2682962,1129.7,394.406,2.86431,0.000257087,0.14551
97.40672,1,AUTO,ARMED,5,AVAILABLE,UNAVAILABLE,UNAVAILABLE,98,5,ACTIVE,9,E_P1S-A3.NC,E_P1S-A3.NC,2073855.592,193844.312,5709.5,3086.1846,100,21.16667,36,100,0,1,100,4500.0,1823.68,232.956,7.82843,0.000118957,0.0643311,0,590.2210004,3432.59,67.8604,50.5831,0.000204355,0.075424,0,260.6283644,1392.99,171.138,8.13957,7.92598e-05,0.0418769,6,-338.2682962,1129.7,394.406,2.86431,0.000257087,0.14551
97.551789,1,AUTO,ARMED,5,AVAILABLE,UNAVAILABLE,UNAVAILABLE,98,5,ACTIVE,9,E_P1S-A3.NC,E_P1S-A3.NC,2073855.592,193844.312,5709.5,3086.1846,100,21.16667,36,100,0,0,100,4500.0,1823.68,232.956,7.82843,0.000118957,0.0643311,0,590.2210004,3432.59,67.8604,50.5831,0.000204355,0.075424,0,256.2678834,1392.99,171.138,8.13957,7.92598e-05,0.0418769,6,-338.2682962,1129.7,394.406,2.86431,0.000257087,0.14551
97.707454,1,AUTO,ARMED,5,AVAILABLE,UNAVAILABLE,UNAVAILABLE,98,5,ACTIVE,9,E_P1S-A3.NC,E_P1S-A3.NC,2073855.592,193844.312,5709.5,3086.1846,100,21.16667,37,100,0,1,100,4500.0,1583.72,223.273,7.0932,0.000149496,0.0629674,0,590.2210004,6601.14,75.1267,87.8668,0.000242026,0.0861851,0,251.9073411,1417.02,92.1867,15.3712,6.42499e-05,0.0219396,6,-338.2683076,1177.77,443.506,2.65559,0.000186956,0.145995
97.853168,1,AUTO,ARMED,5,AVAILABLE,UNAVAILABLE,UNAVAILABLE,98,5,ACTIVE,9,E_P1S-A3.NC,E_P1S-A3.NC,2073855.592,193844.312,5709.5,3086.1846,100,21.16667,37,100,0,1,100,4500.0,1583.72,223.273,7.0932,0.000149496,0.0629674,0,590.2209932,6601.14,75.1267,87.8668,0.000242026,0.0861851,0,249.7220547,1417.02,92.1867,15.3712,6.42499e-05,0.0219396,6,-338.2682962,1177.77,443.506,2.65559,0.000186956,0.145995
97.998554,1,AUTO,ARMED,5,AVAILABLE,UNAVAILABLE,UNAVAILABLE,98,5,ACTIVE,9,E_P1S-A3.NC,E_P1S-A3.NC,2073855.592,193844.312,5709.5,3086.1846,100,21.16667,37,100,0,2,100,4500.0,1583.72,223.273,7.0932,0.000149496,0.0629674,0,590.2210004,6601.14,75.1267,87.8668,0.000242026,0.0861851,0,247.5469967,1417.02,92.1867,15.3712,6.42499e-05,0.0219396,6,-338.2682962,1177.77,443.506,2.65559,0.000186956,0.145995
98.140142,1,AUTO,ARMED,5,AVAILABLE,UNAVAILABLE,UNAVAILABLE,98,5,ACTIVE,9,E_P1S-A3.NC,E_P1S-A3.NC,2073855.592,193844.312,5709.5,3086.1846,100,21.13333,37,100,0,1,100,4500.0,1583.72,223.273,7.0932,0.000149496,0.0629674,1,589.3229316,6601.14,75.1267,87.8668,0.000242026,0.0861851,1,244.9651776,1417.02,92.1867,15.3712,6.42499e-05,0.0219396,6,-338.2682962,1177.77,443.506,2.65559,0.000186956,0.145995
98.283359,1,AUTO,ARMED,5,AVAILABLE,UNAVAILABLE,UNAVAILABLE,99,5,ACTIVE,9,E_P1S-A3.NC,E_P1S-A3.NC,2073855.592,193844.312,5709.5,3086.1846,100,18.91667,37,100,0,0,100,4500.0,1583.72,223.273,7.0932,0.000149496,0.0629674,1,587.1402977,6601.14,75.1267,87.8668,0.000242026,0.0861851,1,244.9629101,1417.02,92.1867,15.3712,6.42499e-05,0.0219396,6,-338.2682962,1177.77,443.506,2.65559,0.000186956,0.145995
98.436141,1,AUTO,ARMED,5,AVAILABLE,UNAVAILABLE,UNAVAILABLE,99,5,ACTIVE,9,E_P1S-A3.NC,E_P1S-A3.NC,2073855.592,193844.312,5709.6,3088.3774,100,21.16667,37,100,0,0,100,4500.0,1583.72,223.273,7.0932,0.000149496,0.0629674,0,584.9604318,6601.14,75.1267,87.8668,0.000242026,0.0861851,0,244.9628529,1417.02,92.1867,15.3712,6.42499e-05,0.0219396,6,-338.2683076,1177.77,443.506,2.65559,0.000186956,0.145995
98.578745,1,AUTO,ARMED,5,AVAILABLE,UNAVAILABLE,UNAVAILABLE,99,5,ACTIVE,9,E_P1S-A3.NC,E_P1S-A3.NC,2073855.592,193844.312,5709.6,3088.3774,100,21.16667,37,100,0,0,100,4500.0,1583.72,223.273,7.0932,0.000149496,0.0629674,0,578.4197073,6601.14,75.1267,87.8668,0.000242026,0.0861851,0,244.9628887,1417.02,92.1867,15.3712,6.42499e-05,0.0219396,6,-338.2683076,1177.77,443.506,2.65559,0.000186956,0.145995
98.718118,1,AUTO,ARMED,5,AVAILABLE,UNAVAILABLE,UNAVAILABLE,99,5,ACTIVE,9,E_P1S-A3.NC,E_P1S-A3.NC,2073855.592,193844.312,5709.6,3088.3774,100,21.16667,38,100,0,0,100,4500.0,1775.69,223.594,7.94158,0.000188988,0.0772966,0,577.3295314,7177.24,357.061,20.1009,0.000211244,0.197895,0,244.9628887,552.398,103.402,5.34224,5.9628e-05,0.0298795,6,-338.2682962,1153.73,353.36,3.26503,0.000235912,0.125392
98.862113,1,AUTO,ARMED,5,AVAILABLE,UNAVAILABLE,UNAVAILABLE,99,5,ACTIVE,9,E_P1S-A3.NC,E_P1S-A3.NC,2073855.592,193844.312,5709.6,3088.3774,100,21.16667,38,100,0,0,100,4500.0,1775.69,223.594,7.94158,0.000188988,0.0772966,0,575.154873,7177.24,357.061,20.1009,0.000211244,0.197895,0,244.9628958,552.398,103.402,5.34224,5.9628e-05,0.0298795,6,-338.2682962,1153.73,353.36,3.26503,0.000235912,0.125392
99.008461,1,AUTO,ARMED,5,AVAILABLE,UNAVAILABLE,UNAVAILABLE,99,5,ACTIVE,9,E_P1S-A3.NC,E_P1S-A3.NC,2073855.592,193844.312,5709.6,3088.3774,100,21.16667,38,100,0,0,100,4500.0,1775.69,223.594,7.94158,0.000188988,0.0772966,0,572.9690995,7177.24,357.061,20.1009,0.000211244,0.197895,0,244.9628744,552.398,103.402,5.34224,5.9628e-05,0.0298795,6,-338.2682962,1153.73,353.36,3.26503,0.000235912,0.125392
99.166673,1,AUTO,ARMED,5,AVAILABLE,UNAVAILABLE,UNAVAILABLE,99,5,ACTIVE,9,E_P1S-A3.NC,E_P1S-A3.NC,2073855.592,193844.312,5709.6,3088.3774,100,21.16667,38,100,0,0,100,4500.0,1775.69,223.594,7.94158,0.000188988,0.0772966,0,566.4285946,7177.24,357.061,20.1009,0.000211244,0.197895,0,244.9628744,552.398,103.402,5.34224,5.9628e-05,0.0298795,6,-338.2682962,1153.73,353.36,3.26503,0.000235912,0.125392
99.317993,1,AUTO,ARMED,5,AVAILABLE,UNAVAILABLE,UNAVAILABLE,99,5,ACTIVE,9,E_P1S-A3.NC,E_P1S-A3.NC,2073855.592,193844.312,5709.6,3088.3774,100,21.16667,38,100,0,1,100,4500.0,1775.69,223.594,7.94158,0.000188988,0.0772966,0,564.2482571,7177.24,357.061,20.1009,0.000211244,0.197895,0,244.9628815,552.398,103.402,5.34224,5.9628e-05,0.0298795,6,-338.2682962,1153.73,353.36,3.26503,0.000235912,0.125392
99.459059,1,AUTO,ARMED,5,AVAILABLE,UNAVAILABLE,UNAVAILABLE,99,5,ACTIVE,9,E_P1S-A3.NC,E_P1S-A3.NC,2073855.592,193844.312,5709.6,3088.3774,100,21.16667,38,100,0,1,100,4500.0,1775.69,223.594,7.94158,0.000188988,0.0772966,0,562.0734485,7177.24,357.061,20.1009,0.000211244,0.197895,0,244.962903,552.398,103.402,5.34224,5.9628e-05,0.0298795,6,-338.2682962,1153.73,353.36,3.26503,0.000235912,0.125392
99.634024,1,AUTO,ARMED,5,AVAILABLE,UNAVAILABLE,UNAVAILABLE,99,5,ACTIVE,9,E_P1S-A3.NC,E_P1S-A3.NC,2073855.592,193844.312,5709.6,3089.8281,100,21.16667,38,100,0,1,100,4500.0,1775.69,223.594,7.94158,0.000188988,0.0772966,0,559.893254,7177.24,357.061,20.1009,0.000211244,0.197895,0,244.9628958,552.398,103.402,5.34224,5.9628e-05,0.0298795,6,-338.2682962,1153.73,353.36,3.26503,0.000235912,0.125392
99.780671,1,AUTO,ARMED,5,AVAILABLE,UNAVAILABLE,UNAVAILABLE,99,5,ACTIVE,9,E_P1S-A3.NC,E_P1S-A3.NC,2073855.592,193844.312,5709.6,3089.8281,100,21.16667,39,100,0,1,100,4500.0,1703.7,198.573,8.57972,0.000181218,0.0622848,0,553.3524659,7417.28,196.275,37.7902,0.000142023,0.0790817,0,244.962903,696.495,94.6185,7.36109,4.52224e-05,0.0218186,6,-338.2682962,1201.81,333.952,3.59875,0.000327481,0.131246
99.925094,1,AUTO,ARMED,5,AVAILABLE,UNAVAILABLE,UNAVAILABLE,99,5,ACTIVE,9,E_P1S-A3.NC,E_P1S-A3.NC,2073855.592,193844.312,5709.6,3089.8281,100,21.16667,39,100,0,1,100,4500.0,1703.7,198.573,8.57972,0.000181218,0.0622848,0,551.1668624,7417.28,196.275,37.7902,0.000142023,0.0790817,0,244.9628887,696.495,94.6185,7.36109,4.52224e-05,0.0218186,6,-338.2682962,1201.81,333.952,3.59875,0.000327481,0.131246
100.069181,1,AUTO,ARMED,5,AVAILABLE,UNAVAILABLE,UNAVAILABLE,99,5,ACTIVE,9,E_P1S-A3.NC,E_P1S-A3.NC,2073855.592,193844.312,5709.6,3089.8281,100,21.16667,39,100,0,0,100,4500.0,1703.7,198.573,8.57972,0.000181218,0.0622848,0,548.9866734,7417.28,196.275,37.7902,0.000142023,0.0790817,0,244.9628815,696.495,94.6185,7.36109,4.52224e-05,0.0218186,6,-338.2682962,1201.81,333.952,3.59875,0.000327481,0.131246
100.218659,1,AUTO,ARMED,5,AVAILABLE,UNAVAILABLE,UNAVAILABLE,99,5,ACTIVE,9,E_P1S-A3.NC,E_P1S-A3.NC,2073855.592,193844.312,5709.6,3089.8281,100,21.16667,39,100,0,0,100,4500.0,1703.7,198.573,8.57972,0.000181218,0.0622848,0,546.8119202,7417.28,196.275,37.7902,0.000142023,0.0790817,0,244.962903,696.495,94.6185,7.36109,4.52224e-05,0.0218186,6,-338.2683076,1201.81,333.952,3.59875,0.000327481,0.131246
100.37058,1,AUTO,ARMED,5,AVAILABLE,UNAVAILABLE,UNAVAILABLE,99,5,ACTIVE,9,E_P1S-A3.NC,E_P1S-A3.NC,2073855.592,193844.312,5709.6,3089.8281,100,21.16667,39,100,0,0,100,4500.0,1703.7,198.573,8.57972,0.000181218,0.0622848,0,542.4461849,7417.28,196.275,37.7902,0.000142023,0.0790817,0,244.9628672,696.495,94.6185,7.36109,4.52224e-05,0.0218186,6,-338.2683076,1201.81,333.952,3.59875,0.000327481,0.131246
100.50664,1,AUTO,ARMED,5,AVAILABLE,UNAVAILABLE,UNAVAILABLE,99,5,ACTIVE,9,E_P1S-A3.NC,E_P1S-A3.NC,2073855.592,193844.312,5709.6,3089.8281,100,21.16667,39,100,0,0,100,4500.0,1703.7,198.573,8.57972,0.000181218,0.0622848,0,538.0907848,7417.28,196.275,37.7902,0.000142023,0.0790817,0,244.9629101,696.495,94.6185,7.36109,4.52224e-05,0.0218186,6,-338.2682962,1201.81,333.952,3.59875,0.000327481,0.131246
100.652925,1,AUTO,ARMED,5,AVAILABLE,UNAVAILABLE,UNAVAILABLE,99,5,ACTIVE,9,E_P1S-A3.NC,E_P1S-A3.NC,2073855.592,193844.312,5709.6,3080.3037,100,21.16667,39,100,0,9,100,4500.0,1703.7,198.573,8.57972,0.000181218,0.0622848,0,536.9954798,7417.28,196.275,37.7902,0.000142023,0.0790817,0,244.962903,696.495,94.6185,7.36109,4.52224e-05,0.0218186,6,-338.2683076,1201.81,333.952,3.59875,0.000327481,0.131246
100.791004,1,AUTO,ARMED,5,AVAILABLE,UNAVAILABLE,UNAVAILABLE,99,5,ACTIVE,9,E_P1S-A3.NC,E_P1S-A3.NC,2073855.592,193844.312,5709.6,3080.3037,100,21.16667,40,100,0,1,100,4500.0,1703.7,208.704,8.16324,0.00013466,0.055055,0,534.8153336,6697.15,70.5617,94.912,0.00018321,0.0651543,0,244.9628815,600.427,74.9296,8.01322,7.1276e-05,0.0305889,6,-338.2682962,1129.7,372.799,3.03032,0.000329398,0.13813
100.934641,1,AUTO,ARMED,5,AVAILABLE,UNAVAILABLE,UNAVAILABLE,99,5,ACTIVE,9,E_P1S-A3.NC,E_P1S-A3.NC,2073855.592,193844.312,5709.6,3080.3037,100,21.16667,40,100,0,1,100,4500.0,1703.7,208.704,8.16324,0.00013466,0.055055,0,530.5305164,6697.15,70.5617,94.912,0.00018321,0.0651543,0,244.9628958,600.427,74.9296,8.01322,7.1276e-05,0.0305889,6,-338.2682962,1129.7,372.799,3.03032,0.000329398,0.13813
101.081066,1,AUTO,ARMED,5,AVAILABLE,UNAVAILABLE,UNAVAILABLE,99,5,ACTIVE,9,E_P1S-A3.NC,E_P1S-A3.NC,2073855.592,193844.312,5709.6,3080.3037,100,15.25,40,100,0,1,100,4500.0,1703.7,208.704,8.16324,0.00013466,0.055055,0,530.2783012,6697.15,70.5617,94.912,0.00018321,0.0651543,0,244.9628887,600.427,74.9296,8.01322,7.1276e-05,0.0305889,6,-338.2683076,1129.7,372.799,3.03032,0.000329398,0.13813
101.223222,1,AUTO,ARMED,5,AVAILABLE,UNAVAILABLE,UNAVAILABLE,100,5,ACTIVE,9,E_P1S-A3.NC,E_P1S-A3.NC,2073855.592,193844.312,5709.6,3080.3037,100,0.0,40,100,0,1,100,4500.0,1703.7,208.704,8.16324,0.00013466,0.055055,0,530.276935,6697.15,70.5617,94.912,0.00018321,0.0651543,0,244.9628887,600.427,74.9296,8.01322,7.1276e-05,0.0305889,6,-338.2683076,1129.7,372.799,3.03032,0.000329398,0.13813
101.37006,1,AUTO,ARMED,5,AVAILABLE,UNAVAILABLE,UNAVAILABLE,100,5,ACTIVE,9,E_P1S-A3.NC,E_P1S-A3.NC,2073855.592,193844.312,5709.6,3080.3037,100,0.0,40,100,0,1,100,4500.0,1703.7,208.704,8.16324,0.00013466,0.055055,0,530.2769136,6697.15,70.5617,94.912,0.00018321,0.0651543,0,244.9629101,600.427,74.9296,8.01322,7.1276e-05,0.0305889,6,-338.2682962,1129.7,372.799,3.03032,0.000329398,0.13813
101.508808,1,AUTO,ARMED,5,AVAILABLE,UNAVAILABLE,UNAVAILABLE,100,5,ACTIVE,9,E_P1S-A3.NC,E_P1S-A3.NC,2073855.592,193844.312,5709.6,3080.3037,100,0.0,40,100,0,1,100,4500.0,1703.7,208.704,8.16324,0.00013466,0.055055,0,530.276935,6697.15,70.5617,94.912,0.00018321,0.0651543,0,244.9628887,600.427,74.9296,8.01322,7.1276e-05,0.0305889,6,-338.2682962,1129.7,372.799,3.03032,0.000329398,0.13813
101.650624,1,AUTO,ARMED,5,AVAILABLE,UNAVAILABLE,UNAVAILABLE,100,5,ACTIVE,9,E_P1S-A3.NC,E_P1S-A3.NC,2073855.592,193844.312,5709.6,3071.9631,100,0.0,40,100,0,1,100,4500.0,1703.7,208.704,8.16324,0.00013466,0.055055,0,530.2769493,6697.15,70.5617,94.912,0.00018321,0.0651543,0,244.962903,600.427,74.9296,8.01322,7.1276e-05,0.0305889,6,-338.2683076,1129.7,372.799,3.03032,0.000329398,0.13813
101.799658,1,AUTO,ARMED,5,AVAILABLE,UNAVAILABLE,UNAVAILABLE,100,5,ACTIVE,9,E_P1S-A3.NC,E_P1S-A3.NC,2073855.592,193844.312,5709.6,3071.9631,100,0.0,41,100,0,0,100,4500.0,1703.7,208.704,8.16324,0.00013466,0.055055,0,530.2769779,6697.15,70.5617,94.912,0.00018321,0.0651543,0,244.9628958,600.427,74.9296,8.01322,7.1276e-05,0.0305889,6,-338.2682962,1129.7,372.799,3.03032,0.000329398,0.13813
101.94891,1,AUTO,ARMED,5,AVAILABLE,UNAVAILABLE,UNAVAILABLE,100,5,ACTIVE,9,E_P1S-A3.NC,E_P1S-A3.NC,2073855.592,193844.312,5709.6,3071.9631,100,0.0,41,100,0,0,100,4500.0,1607.72,220.049,7.30619,0.00024296,0.0730518,0,530.2769851,3000.52,73.0664,41.0657,0.000236028,0.086069,0,244.9629244,888.633,80.3946,11.0534,8.0575e-05,0.0329644,6,-338.2682962,1081.63,334.104,3.23741,0.000348984,0.130154
102.089992,1,AUTO,ARMED,5,AVAILABLE,UNAVAILABLE,UNAVAILABLE,100,5,ACTIVE,9,E_P1S-A3.NC,E_P1S-A3.NC,2073855.592,193844.312,5709.6,3071.9631,100,0.0,41,100,0,0,100,4500.0,1607.72,220.049,7.30619,0.00024296,0.0730518,0,530.2769851,3000.52,73.0664,41.0657,0.000236028,0.086069,0,245.471846,888.633,80.3946,11.0534,8.0575e-05,0.0329644,6,-338.2682962,1081.63,334.104,3.23741,0.000348984,0.130154
102.234973,1,AUTO,ARMED,5,AVAILABLE,UNAVAILABLE,UNAVAILABLE,103,5,ACTIVE,9,E_P1S-A3.NC,E_P1S-A3.NC,2073855.592,193844.312,5709.6,3071.9631,100,0.0,41,100,0,0,100,4500.0,1607.72,220.049,7.30619,0.00024296,0.0730518,0,530.2769851,3000.52,73.0664,41.0657,0.000236028,0.086069,0,247.838101,888.633,80.3946,11.0534,8.0575e-05,0.0329644,6,-338.2683076,1081.63,334.104,3.23741,0.000348984,0.130154
102.387086,1,MANUAL,ARMED,1,AVAILABLE,UNAVAILABLE,UNAVAILABLE,103,5,PROGRAM_STOPPED,9,E_P1S-A3.NC,E_P1S-A3.NC,2073855.592,193844.312,5709.6,3071.9631,100,0.0,41,100,0,4,100,0.0,1607.72,220.049,7.30619,0.00024296,0.0730518,0,530.2769922,3000.52,73.0664,41.0657,0.000236028,0.086069,0,248.292478,888.633,80.3946,11.0534,8.0575e-05,0.0329644,6,-338.2683076,1081.63,334.104,3.23741,0.000348984,0.130154
102.526469,1,MANUAL,ARMED,1,AVAILABLE,UNAVAILABLE,UNAVAILABLE,103,5,PROGRAM_STOPPED,9,E_P1S-A3.NC,E_P1S-A3.NC,2073855.592,193844.312,5709.6,3071.9631,100,0.0,41,100,0,31,100,4320.819519,1607.72,220.049,7.30619,0.00024296,0.0730518,0,530.2769922,3000.52,73.0664,41.0657,0.000236028,0.086069,0,248.2924637,888.633,80.3946,11.0534,8.0575e-05,0.0329644,6,-338.2682962,1081.63,334.104,3.23741,0.000348984,0.130154
102.673486,1,MANUAL,ARMED,1,AVAILABLE,UNAVAILABLE,UNAVAILABLE,103,5,PROGRAM_STOPPED,9,E_P1S-A3.NC,E_P1S-A3.NC,2073855.592,193844.312,5709.6,3071.9631,100,0.0,41,100,0,35,100,4039.221421,1607.72,220.049,7.30619,0.00024296,0.0730518,0,530.2769994,3000.52,73.0664,41.0657,0.000236028,0.086069,0,248.2924422,888.633,80.3946,11.0534,8.0575e-05,0.0329644,6,-338.2683076,1081.63,334.104,3.23741,0.000348984,0.130154
102.816801,1,MANUAL,ARMED,1,AVAILABLE,UNAVAILABLE,UNAVAILABLE,103,5,PROGRAM_STOPPED,9,E_P1S-A3.NC,E_P1S-A3.NC,2073855.592,193844.312,5709.6,2030.0392,100,0.0,41,100,0,29,100,3748.029198,1607.72,220.049,7.30619,0.00024296,0.0730518,0,530.2769922,3000.52,73.0664,41.0657,0.000236028,0.086069,0,248.2924064,888.633,80.3946,11.0534,8.0575e-05,0.0329644,6,-338.2682962,1081.63,334.104,3.23741,0.000348984,0.130154
102.961324,1,MANUAL,ARMED,1,AVAILABLE,UNAVAILABLE,UNAVAILABLE,103,5,PROGRAM_STOPPED,9,E_P1S-A3.NC,E_P1S-A3.NC,2073855.592,193844.312,5709.6,2030.0392,100,0.0,41,100,0,21,100,3264.514075,1631.71,125.785,12.9722,7.1968e-05,0.030526,0,530.2769994,3024.52,60.0812,50.3405,6.04874e-05,0.0202053,0,248.2924207,648.462,78.4133,8.2698,3.74212e-05,0.0167734,6,-338.2683076,1562.35,367.502,4.25127,0.000161964,0.112574
103.109483,1,MANUAL,ARMED,1,AVAILABLE,UNAVAILABLE,UNAVAILABLE,103,5,PROGRAM_STOPPED,9,E_P1S-A3.NC,E_P1S-A3.NC,2073855.592,193844.312,5709.6,2030.0392,100,0.0,41,100,0,19,100,3028.080159,1631.71,125.785,12.9722,7.1968e-05,0.030526,0,530.2769994,3024.52,60.0812,50.3405,6.04874e-05,0.0202053,0,248.2924136,648.462,78.4133,8.2698,3.74212e-05,0.0167734,6,-338.2682962,1562.35,367.502,4.25127,0.000161964,0.112574
103.25383,1,MANUAL,ARMED,1,AVAILABLE,UNAVAILABLE,UNAVAILABLE,103,5,PROGRAM_STOPPED,9,E_P1S-A3.NC,E_P1S-A3.NC,2073855.592,193844.312,5709.6,2030.0392,100,0.0,41,100,0,18,100,2797.749673,1631.71,125.785,12.9722,7.1968e-05,0.030526,0,530.2769994,3024.52,60.0812,50.3405,6.04874e-05,0.0202053,0,248.2924207,648.462,78.4133,8.2698,3.74212e-05,0.0167734,6,-338.2683076,1562.35,367.502,4.25127,0.000161964,0.112574
103.395078,1,MANUAL,ARMED,1,AVAILABLE,UNAVAILABLE,UNAVAILABLE,103,5,PROGRAM_STOPPED,9,E_P1S-A3.NC,E_P1S-A3.NC,2073855.592,193844.312,5709.6,2030.0392,100,0.0,41,100,0,18,100,2101.132193,1631.71,125.785,12.9722,7.1968e-05,0.030526,0,530.2770065,3024.52,60.0812,50.3405,6.04874e-05,0.0202053,0,248.2924207,648.462,78.4133,8.2698,3.74212e-05,0.0167734,6,-338.2682962,1562.35,367.502,4.25127,0.000161964,0.112574
103.54437,1,MANUAL,ARMED,1,AVAILABLE,UNAVAILABLE,UNAVAILABLE,103,5,PROGRAM_STOPPED,9,E_P1S-A3.NC,E_P1S-A3.NC,2073855.592,193844.312,5709.6,2030.0392,100,0.0,41,100,0,17,100,1872.131338,1631.71,125.785,12.9722,7.1968e-05,0.030526,0,530.2770065,3024.52,60.0812,50.3405,6.04874e-05,0.0202053,0,248.2924136,648.462,78.4133,8.2698,3.74212e-05,0.0167734,6,-338.2683076,1562.35,367.502,4.25127,0.000161964,0.112574
103.699041,1,MANUAL,ARMED,1,AVAILABLE,UNAVAILABLE,UNAVAILABLE,103,5,PROGRAM_STOPPED,9,E_P1S-A3.NC,E_P1S-A3.NC,2073855.592,193844.312,5709.6,2030.0392,100,0.0,41,100,0,17,100,1746.127128,1631.71,125.785,12.9722,7.1968e-05,0.030526,0,530.2769994,3024.52,60.0812,50.3405,6.04874e-05,0.0202053,0,248.2924136,648.462,78.4133,8.2698,3.74212e-05,0.0167734,6,-338.2682962,1562.35,367.502,4.25127,0.000161964,0.112574
103.84603,1,MANUAL,ARMED,1,AVAILABLE,UNAVAILABLE,UNAVAILABLE,103,5,PROGRAM_STOPPED,9,E_P1S-A3.NC,E_P1S-A3.NC,2073855.592,193844.312,5709.6,2096.5212,100,0.0,41,100,0,19,100,1285.569851,1631.71,125.785,12.9722,7.1968e-05,0.030526,0,530.2769994,3024.52,60.0812,50.3405,6.04874e-05,0.0202053,0,248.2924207,648.462,78.4133,8.2698,3.74212e-05,0.0167734,6,-338.2682962,1562.35,367.502,4.25127,0.000161964,0.112574
103.996809,1,MANUAL,ARMED,1,AVAILABLE,UNAVAILABLE,UNAVAILABLE,103,5,PROGRAM_STOPPED,9,E_P1S-A3.NC,E_P1S-A3.NC,2073855.592,193844.312,5709.6,2096.5212,100,0.0,41,100,0,19,100,1054.804259,2063.63,53.1372,38.8359,4.13618e-05,0.0152012,0,530.2769994,3096.53,55.2117,56.0847,3.51111e-05,0.0141846,0,248.2924136,600.426,53.9701,11.1252,3.26158e-05,0.00960017,6,-338.2683076,1826.75,36.6057,49.9034,6.84996e-05,0.0170728
104.144561,1,MANUAL,ARMED,1,AVAILABLE,UNAVAILABLE,UNAVAILABLE,103,5,PROGRAM_STOPPED,9,E_P1S-A3.NC,E_P1S-A3.NC,2073855.592,193844.312,5709.6,2096.5212,100,0.0,41,100,0,20,100,583.4715021,2063.63,53.1372,38.8359,4.13618e-05,0.0152012,0,530.2769994,3096.53,55.2117,56.0847,3.51111e-05,0.0141846,0,248.2924207,600.426,53.9701,11.1252,3.26158e-05,0.00960017,6,-338.2682962,1826.75,36.6057,49.9034,6.84996e-05,0.0170728
104.311575,1,MANUAL,ARMED,1,AVAILABLE,UNAVAILABLE,UNAVAILABLE,103,5,PROGRAM_STOPPED,9,E_P1S-A3.NC,E_P1S-A3.NC,2073855.592,193844.312,5709.6,2096.5212,100,0.0,41,100,0,20,100,349.0719422,2063.63,53.1372,38.8359,4.13618e-05,0.0152012,0,530.2769994,3096.53,55.2117,56.0847,3.51111e-05,0.0141846,0,248.2924207,600.426,53.9701,11.1252,3.26158e-05,0.00960017,6,-338.2682962,1826.75,36.6057,49.9034,6.84996e-05,0.0170728
104.455076,1,MANUAL,ARMED,1,AVAILABLE,UNAVAILABLE,UNAVAILABLE,103,5,PROGRAM_STOPPED,9,E_P1S-A3.NC,E_P1S-A3.NC,2073855.592,193844.312,5709.6,2096.5212,100,0.0,41,100,0,11,100,0.0,2063.63,53.1372,38.8359,4.13618e-05,0.0152012,0,530.2769994,3096.53,55.2117,56.0847,3.51111e-05,0.0141846,0,248.2924207,600.426,53.9701,11.1252,3.26158e-05,0.00960017,6,-338.2683076,1826.75,36.6057,49.9034,6.84996e-05,0.0170728
104.602166,1,MANUAL,ARMED,1,AVAILABLE,UNAVAILABLE,UNAVAILABLE,103,5,PROGRAM_STOPPED,9,E_P1S-A3.NC,E_P1S-A3.NC,2073855.592,193844.312,5709.6,2096.5212,100,0.0,41,100,0,5,100,0.0,2063.63,53.1372,38.8359,4.13618e-05,0.0152012,0,530.2769994,3096.53,55.2117,56.0847,3.51111e-05,0.0141846,0,248.2924136,600.426,53.9701,11.1252,3.26158e-05,0.00960017,6,-338.2683076,1826.75,36.6057,49.9034,6.84996e-05,0.0170728
104.745894,1,MANUAL,ARMED,1,AVAILABLE,UNAVAILABLE,UNAVAILABLE,103,5,PROGRAM_STOPPED,9,E_P1S-A3.NC,E_P1S-A3.NC,2073855.592,193844.312,5709.6,2096.5212,100,0.0,41,100,0,3,100,0.0,2063.63,53.1372,38.8359,4.13618e-05,0.0152012,0,530.2769994,3096.53,55.2117,56.0847,3.51111e-05,0.0141846,0,248.2924207,600.426,53.9701,11.1252,3.26158e-05,0.00960017,6,-338.2682962,1826.75,36.6057,49.9034,6.84996e-05,0.0170728
104.894652,1,MANUAL,ARMED,1,AVAILABLE,UNAVAILABLE,UNAVAILABLE,103,5,PROGRAM_STOPPED,9,E_P1S-A3.NC,E_P1S-A3.NC,2073855.592,193844.312,5709.6,2032.3878,100,0.0,41,100,0,0,100,0.0,2063.63,53.1372,38.8359,4.13618e-05,0.0152012,0,530.2769994,3096.53,55.2117,56.0847,3.51111e-05,0.0141846,0,248.2924136,600.426,53.9701,11.1252,3.26158e-05,0.00960017,6,-338.2682962,1826.75,36.6057,49.9034,6.84996e-05,0.0170728
105.043407,1,MANUAL,ARMED,1,AVAILABLE,UNAVAILABLE,UNAVAILABLE,103,5,PROGRAM_STOPPED,9,E_P1S-A3.NC,E_P1S-A3.NC,2073855.592,193844.312,5709.6,2032.3878,100,0.0,41,100,0,0,100,0.0,1175.79,60.3789,19.4735,5.81729e-05,0.0144151,0,530.2769994,2880.5,48.0031,60.0065,2.66242e-05,0.0121497,0,248.2924136,480.343,53.5099,8.97671,5.46493e-05,0.0106246,6,-338.2683076,288.429,31.5787,9.13366,3.7182e-05,0.0124222
105.187823,1,MANUAL,ARMED,1,AVAILABLE,UNAVAILABLE,UNAVAILABLE,103,5,PROGRAM_STOPPED,9,E_P1S-A3.NC,E_P1S-A3.NC,2073855.592,193844.312,5709.6,2032.3878,100,0.0,41,100,0,0,100,0.0,1175.79,60.3789,19.4735,5.81729e-05,0.0144151,0,530.2769994,2880.5,48.0031,60.0065,2.66242e-05,0.0121497,0,248.2924136,480.343,53.5099,8.97671,5.46493e-05,0.0106246,6,-338.2682962,288.429,31.5787,9.13366,3.7182e-05,0.0124222
105.338866,1,MANUAL,ARMED,1,AVAILABLE,UNAVAILABLE,UNAVAILABLE,103,5,PROGRAM_STOPPED,9,E_P1S-A3.NC,E_P1S-A3.NC,2073855.592,193844.312,5709.6,2032.3878,100,0.0,41,100,0,0,100,0.0,1175.79,60.3789,19.4735,5.81729e-05,0.0144151,0,530.2769994,2880.5,48.0031,60.0065,2.66242e-05,0.0121497,0,248.2924207,480.343,53.5099,8.97671,5.46493e-05,0.0106246,6,-338.2682962,288.429,31.5787,9.13366,3.7182e-05,0.0124222
105.499001,1,MANUAL,ARMED,1,AVAILABLE,UNAVAILABLE,UNAVAILABLE,103,5,PROGRAM_STOPPED,9,E_P1S-A3.NC,E_P1S-A3.NC,2073855.592,193844.312,5709.6,2032.3878,100,0.0,41,100,0,0,100,0.0,1175.79,60.3789,19.4735,5.81729e-05,0.0144151,0,530.2769994,2880.5,48.0031,60.0065,2.66242e-05,0.0121497,0,248.2924207,480.343,53.5099,8.97671,5.46493e-05,0.0106246,6,-338.2682962,288.429,31.5787,9.13366,3.7182e-05,0.0124222
105.635788,1,MANUAL,ARMED,1,AVAILABLE,UNAVAILABLE,UNAVAILABLE,103,5,PROGRAM_STOPPED,9,E_P1S-A3.NC,E_P1S-A3.NC,2073855.592,193844.312,5709.6,2032.3878,100,0.0,41,100,0,0,100,0.0,1175.79,60.3789,19.4735,5.81729e-05,0.0144151,0,530.2769994,2880.5,48.0031,60.0065,2.66242e-05,0.0121497,0,248.2924207,480.343,53.5099,8.97671,5.46493e-05,0.0106246,6,-338.2682962,288.429,31.5787,9.13366,3.7182e-05,0.0124222
105.784111,1,MANUAL,ARMED,1,AVAILABLE,UNAVAILABLE,UNAVAILABLE,103,5,PROGRAM_STOPPED,9,E_P1S-A3.NC,E_P1S-A3.NC,2073855.592,193844.312,5709.6,2032.3878,100,0.0,41,100,0,0,100,0.0,1175.79,60.3789,19.4735,5.81729e-05,0.0144151,0,530.2769994,2880.5,48.0031,60.0065,2.66242e-05,0.0121497,0,248.2924207,480.343,53.5099,8.97671,5.46493e-05,0.0106246,6,-338.2682962,288.429,31.5787,9.13366,3.7182e-05,0.0124222
105.924529,1,MANUAL,ARMED,1,AVAILABLE,UNAVAILABLE,UNAVAILABLE,103,5,PROGRAM_STOPPED,9,E_P1S-A3.NC,E_P1S-A3.NC,2073855.592,193844.312,5709.6,2032.3878,100,0.0,41,100,0,0,100,0.0,1175.79,60.3789,19.4735,5.81729e-05,0.0144151,0,530.2769994,2880.5,48.0031,60.0065,2.66242e-05,0.0121497,0,248.2924136,480.343,53.5099,8.97671,5.46493e-05,0.0106246,6,-338.2682962,288.429,31.5787,9.13366,3.7182e-05,0.0124222
106.080361,1,MANUAL,ARMED,1,AVAILABLE,UNAVAILABLE,UNAVAILABLE,103,5,PROGRAM_STOPPED,9,E_P1S-A3.NC,E_P1S-A3.NC,2073855.592,193844.312,5709.6,2052.5425,100,0.0,41,100,0,0,100,0.0,1223.79,57.3041,21.3561,6.09482e-05,0.0200383,0,530.2769994,2856.49,45.9102,62.2191,3.18374e-05,0.0100384,0,248.2924207,456.325,50.9134,8.96277,1.54148e-05,0.00740573,6,-338.2682962,216.324,34.7155,6.23134,0.000121397,0.027445
106.223245,1,MANUAL,ARMED,1,AVAILABLE,UNAVAILABLE,UNAVAILABLE,103,5,PROGRAM_STOPPED,9,E_P1S-A3.NC,E_P1S-A3.NC,2073855.592,193844.312,5709.6,2052.5425,100,0.0,41,100,0,0,100,0.0,1223.79,57.3041,21.3561,6.09482e-05,0.0200383,0,530.2769994,2856.49,45.9102,62.2191,3.18374e-05,0.0100384,0,248.2924207,456.325,50.9134,8.96277,1.54148e-05,0.00740573,6,-338.2682962,216.324,34.7155,6.23134,0.000121397,0.027445
106.371309,1,MANUAL,ARMED,1,AVAILABLE,UNAVAILABLE,UNAVAILABLE,103,5,PROGRAM_STOPPED,9,E_P1S-A3.NC,E_P1S-A3.NC,2073855.592,193844.312,5709.6,2052.5425,100,0.0,41,100,0,0,100,0.0,1223.79,57.3041,21.3561,6.09482e-05,0.0200383,0,530.2769994,2856.49,45.9102,62.2191,3.18374e-05,0.0100384,0,248.2924207,456.325,50.9134,8.96277,1.54148e-05,0.00740573,6,-338.2682847,216.324,34.7155,6.23134,0.000121397,0.027445
106.513651,1,MANUAL,ARMED,1,AVAILABLE,UNAVAILABLE,UNAVAILABLE,103,5,PROGRAM_STOPPED,9,E_P1S-A3.NC,E_P1S-A3.NC,2073855.592,193844.312,5709.6,2052.5425,100,0.0,41,100,0,0,100,0.0,1223.79,57.3041,21.3561,6.09482e-05,0.0200383,0,530.2769994,2856.49,45.9102,62.2191,3.18374e-05,0.0100384,0,248.2924136,456.325,50.9134,8.96277,1.54148e-05,0.00740573,6,-338.2682962,216.324,34.7155,6.23134,0.000121397,0.027445
106.66288,1,MANUAL,ARMED,1,AVAILABLE,UNAVAILABLE,UNAVAILABLE,103,5,PROGRAM_STOPPED,9,E_P1S-A3.NC,E_P1S-A3.NC,2073855.592,193844.312,5709.6,2052.5425,100,0.0,41,100,0,0,100,0.0,1223.79,57.3041,21.3561,6.09482e-05,0.0200383,0,530.2769994,2856.49,45.9102,62.2191,3.18374e-05,0.0100384,0,248.2924136,456.325,50.9134,8.96277,1.54148e-05,0.00740573,6,-338.2682962,216.324,34.7155,6.23134,0.000121397,0.027445
106.806488,1,MANUAL,ARMED,1,AVAILABLE,UNAVAILABLE,UNAVAILABLE,103,5,PROGRAM_STOPPED,9,E_P1S-A3.NC,E_P1S-A3.NC,2073855.592,193844.312,5709.6,2052.5425,100,0.0,41,100,0,0,100,0.0,1223.79,57.3041,21.3561,6.09482e-05,0.0200383,0,530.2769994,2856.49,45.9102,62.2191,3.18374e-05,0.0100384,0,248.2924136,456.325,50.9134,8.96277,1.54148e-05,0.00740573,6,-338.2682962,216.324,34.7155,6.23134,0.000121397,0.027445
106.942722,1,MANUAL,ARMED,1,AVAILABLE,UNAVAILABLE,UNAVAILABLE,103,5,PROGRAM_STOPPED,9,E_P1S-A3.NC,E_P1S-A3.NC,2073855.592,193844.312,5709.6,2052.5425,100,0.0,41,100,0,0,100,0.0,1223.79,57.3041,21.3561,6.09482e-05,0.0200383,0,530.2769994,2856.49,45.9102,62.2191,3.18374e-05,0.0100384,0,248.2924207,456.325,50.9134,8.96277,1.54148e-05,0.00740573,6,-338.2683076,216.324,34.7155,6.23134,0.000121397,0.027445
107.096652,1,MANUAL,ARMED,1,AVAILABLE,UNAVAILABLE,UNAVAILABLE,103,5,PROGRAM_STOPPED,9,E_P1S-A3.NC,E_P1S-A3.NC,2073855.592,193844.312,5709.6,2047.6569,100,0.0,41,100,0,0,100,0.0,1175.79,59.0509,19.9115,2.8592e-05,0.016474,0,530.2769994,2976.51,47.5549,62.591,8.97163e-05,0.0197472,0,248.2924136,456.325,53.1823,8.58039,2.60459e-05,0.00947244,6,-338.2683076,216.323,32.3665,6.68355,3.9274e-05,0.0131722
107.233575,1,MANUAL,ARMED,1,AVAILABLE,UNAVAILABLE,UNAVAILABLE,103,5,PROGRAM_STOPPED,9,E_P1S-A3.NC,E_P1S-A3.NC,2073855.592,193844.312,5709.6,2047.6569,100,0.0,41,100,0,0,100,0.0,1175.79,59.0509,19.9115,2.8592e-05,0.016474,0,530.2770065,2976.51,47.5549,62.591,8.97163e-05,0.0197472,0,248.2924136,456.325,53.1823,8.58039,2.60459e-05,0.00947244,6,-338.2682962,216.323,32.3665,6.68355,3.9274e-05,0.0131722
107.390444,1,MANUAL,ARMED,1,AVAILABLE,UNAVAILABLE,UNAVAILABLE,103,5,PROGRAM_STOPPED,9,E_P1S-A3.NC,E_P1S-A3.NC,2073855.592,193844.312,5709.6,2047.6569,100,0.0,41,100,0,0,100,0.0,1175.79,59.0509,19.9115,2.8592e-05,0.016474,0,530.2769994,2976.51,47.5549,62.591,8.97163e-05,0.0197472,0,248.2924136,456.325,53.1823,8.58039,2.60459e-05,0.00947244,6,-338.2682962,216.323,32.3665,6.68355,3.9274e-05,0.0131722
107.538359,1,MANUAL,ARMED,1,AVAILABLE,UNAVAILABLE,UNAVAILABLE,103,5,PROGRAM_STOPPED,9,E_P1S-A3.NC,E_P1S-A3.NC,2073855.592,193844.312,5709.6,2047.6569,100,0.0,41,100,0,0,100,0.0,1175.79,59.0509,19.9115,2.8592e-05,0.016474,0,530.2769994,2976.51,47.5549,62.591,8.97163e-05,0.0197472,0,248.2924136,456.325,53.1823,8.58039,2.60459e-05,0.00947244,6,-338.2682962,216.323,32.3665,6.68355,3.9274e-05,0.0131722
107.681055,1,MANUAL,ARMED,1,AVAILABLE,UNAVAILABLE,UNAVAILABLE,103,5,PROGRAM_STOPPED,9,E_P1S-A3.NC,E_P1S-A3.NC,2073855.592,193844.312,5709.6,2047.6569,100,0.0,41,100,0,0,100,0.0,1175.79,59.0509,19.9115,2.8592e-05,0.016474,0,530.2769994,2976.51,47.5549,62.591,8.97163e-05,0.0197472,0,248.2924136,456.325,53.1823,8.58039,2.60459e-05,0.00947244,6,-338.2682962,216.323,32.3665,6.68355,3.9274e-05,0.0131722
107.822467,1,MANUAL,ARMED,1,AVAILABLE,UNAVAILABLE,UNAVAILABLE,103,5,PROGRAM_STOPPED,9,E_P1S-A3.NC,E_P1S-A3.NC,2073855.592,193844.312,5709.6,2047.6569,100,0.0,41,100,0,0,100,0.0,1175.79,59.0509,19.9115,2.8592e-05,0.016474,0,530.2769994,2976.51,47.5549,62.591,8.97163e-05,0.0197472,0,248.2924136,456.325,53.1823,8.58039,2.60459e-05,0.00947244,6,-338.2682962,216.323,32.3665,6.68355,3.9274e-05,0.0131722
107.965219,1,MANUAL,ARMED,1,AVAILABLE,UNAVAILABLE,UNAVAILABLE,103,5,PROGRAM_STOPPED,9,E_P1S-A3.NC,E_P1S-A3.NC,2073855.592,193844.312,5709.6,2047.6569,100,0.0,41,100,0,0,100,0.0,1175.79,59.0509,19.9115,2.8592e-05,0.016474,0,530.2769994,2976.51,47.5549,62.591,8.97163e-05,0.0197472,0,248.2924136,456.325,53.1823,8.58039,2.60459e-05,0.00947244,6,-338.2682962,216.323,32.3665,6.68355,3.9274e-05,0.0131722
108.107075,1,MANUAL,ARMED,1,AVAILABLE,UNAVAILABLE,UNAVAILABLE,103,5,PROGRAM_STOPPED,9,E_P1S-A3.NC,E_P1S-A3.NC,2073855.592,193844.312,5709.6,2047.6569,100,0.0,41,100,0,0,100,0.0,1175.79,59.0509,19.9115,2.8592e-05,0.016474,0,530.2769994,2976.51,47.5549,62.591,8.97163e-05,0.0197472,0,248.2924136,456.325,53.1823,8.58039,2.60459e-05,0.00947244,6,-338.2683076,216.323,32.3665,6.68355,3.9274e-05,0.0131722
108.264587,1,MANUAL,ARMED,1,AVAILABLE,UNAVAILABLE,UNAVAILABLE,103,5,PROGRAM_STOPPED,9,E_P1S-A3.NC,E_P1S-A3.NC,2073855.592,193844.312,5709.6,2050.207,100,0.0,41,100,0,0,100,0.0,1175.8,51.9962,22.6132,5.22966e-05,0.0165272,0,530.2769994,2952.51,45.8046,64.4588,4.21335e-05,0.0105887,0,248.2924136,504.356,52.7776,9.55625,2.92238e-05,0.00962233,6,-338.2682962,216.324,30.1618,7.17212,4.87972e-05,0.01592
108.414143,1,MANUAL,ARMED,1,AVAILABLE,UNAVAILABLE,UNAVAILABLE,103,5,PROGRAM_STOPPED,9,E_P1S-A3.NC,E_P1S-A3.NC,2073855.592,193844.312,5709.6,2050.207,100,0.0,41,100,0,0,100,0.0,1175.8,51.9962,22.6132,5.22966e-05,0.0165272,0,530.2769994,2952.51,45.8046,64.4588,4.21335e-05,0.0105887,0,248.2924207,504.356,52.7776,9.55625,2.92238e-05,0.00962233,6,-338.2682962,216.324,30.1618,7.17212,4.87972e-05,0.01592
108.561325,1,MANUAL,ARMED,1,AVAILABLE,UNAVAILABLE,UNAVAILABLE,103,5,PROGRAM_STOPPED,9,E_P1S-A3.NC,E_P1S-A3.NC,2073855.592,193844.312,5709.6,2050.207,100,0.0,41,100,0,0,100,0.0,1175.8,51.9962,22.6132,5.22966e-05,0.0165272,0,530.2769994,2952.51,45.8046,64.4588,4.21335e-05,0.0105887,0,248.2924136,504.356,52.7776,9.55625,2.92238e-05,0.00962233,6,-338.2683076,216.324,30.1618,7.17212,4.87972e-05,0.01592
108.705222,1,MANUAL,ARMED,1,AVAILABLE,UNAVAILABLE,UNAVAILABLE,103,5,PROGRAM_STOPPED,9,E_P1S-A3.NC,E_P1S-A3.NC,2073855.592,193844.312,5709.6,2050.207,100,0.0,41,100,0,0,100,0.0,1175.8,51.9962,22.6132,5.22966e-05,0.0165272,0,530.2769994,2952.51,45.8046,64.4588,4.21335e-05,0.0105887,0,248.2924207,504.356,52.7776,9.55625,2.92238e-05,0.00962233,6,-338.2682962,216.324,30.1618,7.17212,4.87972e-05,0.01592
108.851347,1,MANUAL,ARMED,1,AVAILABLE,UNAVAILABLE,UNAVAILABLE,103,5,PROGRAM_STOPPED,9,E_P1S-A3.NC,E_P1S-A3.NC,2073855.592,193844.312,5709.6,2050.207,100,0.0,41,100,0,0,100,0.0,1175.8,51.9962,22.6132,5.22966e-05,0.0165272,0,530.2769994,2952.51,45.8046,64.4588,4.21335e-05,0.0105887,0,248.2924136,504.356,52.7776,9.55625,2.92238e-05,0.00962233,6,-338.2682962,216.324,30.1618,7.17212,4.87972e-05,0.01592
108.992955,1,MANUAL,ARMED,1,AVAILABLE,UNAVAILABLE,UNAVAILABLE,103,5,PROGRAM_STOPPED,9,E_P1S-A3.NC,E_P1S-A3.NC,2073855.592,193844.312,5709.6,2050.207,100,0.0,41,100,0,0,100,0.0,1175.8,51.9962,22.6132,5.22966e-05,0.0165272,0,530.2769994,2952.51,45.8046,64.4588,4.21335e-05,0.0105887,0,248.2924136,504.356,52.7776,9.55625,2.92238e-05,0.00962233,6,-338.2683076,216.324,30.1618,7.17212,4.87972e-05,0.01592
109.136003,1,MANUAL,ARMED,1,AVAILABLE,UNAVAILABLE,UNAVAILABLE,103,5,PROGRAM_STOPPED,9,E_P1S-A3.NC,E_P1S-A3.NC,2073855.592,193844.312,5709.6,2050.207,100,0.0,41,100,0,0,100,0.0,1175.8,51.9962,22.6132,5.22966e-05,0.0165272,0,530.2769994,2952.51,45.8046,64.4588,4.21335e-05,0.0105887,0,248.2924136,504.356,52.7776,9.55625,2.92238e-05,0.00962233,6,-338.2683076,216.324,30.1618,7.17212,4.87972e-05,0.01592
109.286745,1,MANUAL,ARMED,1,AVAILABLE,UNAVAILABLE,UNAVAILABLE,103,5,PROGRAM_STOPPED,9,E_P1S-A3.NC,E_P1S-A3.NC,2073855.592,193844.312,5709.6,2054.7544,100,0.0,41,100,0,0,100,0.0,1199.79,61.4308,19.5308,8.86841e-05,0.0184273,0,530.2769994,3048.52,44.9526,67.8163,3.10465e-05,0.0114676,0,248.2924207,504.359,52.5831,9.59166,1.99747e-05,0.00839608,6,-338.2683076,192.29,30.139,6.38011,6.51679e-05,0.0129712
109.438323,1,MANUAL,ARMED,1,AVAILABLE,UNAVAILABLE,UNAVAILABLE,103,5,PROGRAM_STOPPED,9,E_P1S-A3.NC,E_P1S-A3.NC,2073855.592,193844.312,5709.6,2054.7544,100,0.0,41,100,0,0,100,0.0,1199.79,61.4308,19.5308,8.86841e-05,0.0184273,0,530.2769994,3048.52,44.9526,67.8163,3.10465e-05,0.0114676,0,248.2924207,504.359,52.5831,9.59166,1.99747e-05,0.00839608,6,-338.2683076,192.29,30.139,6.38011,6.51679e-05,0.0129712
109.597314,1,MANUAL,ARMED,1,AVAILABLE,UNAVAILABLE,UNAVAILABLE,103,5,PROGRAM_STOPPED,9,E_P1S-A3.NC,E_P1S-A3.NC,2073855.592,193844.312,5709.6,2054.7544,100,0.0,41,100,0,0,100,0.0,1199.79,61.4308,19.5308,8.86841e-05,0.0184273,0,530.2769994,3048.52,44.9526,67.8163,3.10465e-05,0.0114676,0,248.2924136,504.359,52.5831,9.59166,1.99747e-05,0.00839608,6,-338.2682962,192.29,30.139,6.38011,6.51679e-05,0.0129712
109.743022,1,MANUAL,ARMED,1,AVAILABLE,UNAVAILABLE,UNAVAILABLE,103,5,PROGRAM_STOPPED,9,E_P1S-A3.NC,E_P1S-A3.NC,2073855.592,193844.312,5709.6,2054.7544,100,0.0,41,100,0,0,100,0.0,1199.79,61.4308,19.5308,8.86841e-05,0.0184273,0,530.2769994,3048.52,44.9526,67.8163,3.10465e-05,0.0114676,0,248.2924207,504.359,52.5831,9.59166,1.99747e-05,0.00839608,6,-338.2682962,192.29,30.139,6.38011,6.51679e-05,0.0129712
109.885201,1,MANUAL,ARMED,1,AVAILABLE,UNAVAILABLE,UNAVAILABLE,103,5,PROGRAM_STOPPED,9,E_P1S-A3.NC,E_P1S-A3.NC,2073855.592,193844.312,5709.6,2054.7544,100,0.0,41,100,0,0,100,0.0,1199.79,61.4308,19.5308,8.86841e-05,0.0184273,0,530.2769994,3048.52,44.9526,67.8163,3.10465e-05,0.0114676,0,248.2924136,504.359,52.5831,9.59166,1.99747e-05,0.00839608,6,-338.2682962,192.29,30.139,6.38011,6.51679e-05,0.0129712
110.028002,1,MANUAL,ARMED,1,AVAILABLE,UNAVAILABLE,UNAVAILABLE,103,5,PROGRAM_STOPPED,9,E_P1S-A3.NC,E_P1S-A3.NC,2073855.592,193844.312,5709.6,2054.7544,100,0.0,41,100,0,0,100,0.0,1199.79,61.4308,19.5308,8.86841e-05,0.0184273,0,530.2769994,3048.52,44.9526,67.8163,3.10465e-05,0.0114676,0,248.2924136,504.359,52.5831,9.59166,1.99747e-05,0.00839608,6,-338.2682962,192.29,30.139,6.38011,6.51679e-05,0.0129712
110.171622,1,MANUAL,ARMED,1,AVAILABLE,UNAVAILABLE,UNAVAILABLE,103,5,PROGRAM_STOPPED,9,E_P1S-A3.NC,E_P1S-A3.NC,2073855.592,193844.312,5709.6,2054.7544,100,0.0,41,100,0,0,100,0.0,1199.79,61.4308,19.5308,8.86841e-05,0.0184273,0,530.2769994,3048.52,44.9526,67.8163,3.10465e-05,0.0114676,0,248.2924136,504.359,52.5831,9.59166,1.99747e-05,0.00839608,6,-338.2682962,192.29,30.139,6.38011,6.51679e-05,0.0129712
110.312734,1,MANUAL,ARMED,1,AVAILABLE,UNAVAILABLE,UNAVAILABLE,103,5,PROGRAM_STOPPED,9,E_P1S-A3.NC,E_P1S-A3.NC,2073855.592,193844.312,5709.6,2054.7544,100,0.0,41,100,0,0,100,0.0,1175.79,62.4324,18.833,5.95854e-05,0.0172835,0,530.2769994,2856.49,44.6906,63.917,5.98748e-05,0.0136156,0,248.2924207,432.307,51.9861,8.31582,1.37603e-05,0.00680145,6,-338.2682962,192.289,33.5108,5.73812,6.83864e-05,0.0153876
110.453629,1,MANUAL,ARMED,1,AVAILABLE,UNAVAILABLE,UNAVAILABLE,103,5,PROGRAM_STOPPED,9,E_P1S-A3.NC,E_P1S-A3.NC,2073855.592,193844.312,5709.6,2051.5474,100,0.0,41,100,0,0,100,0.0,1175.79,62.4324,18.833,5.95854e-05,0.0172835,0,530.2769994,2856.49,44.6906,63.917,5.98748e-05,0.0136156,0,248.2924136,432.307,51.9861,8.31582,1.37603e-05,0.00680145,6,-338.2682962,192.289,33.5108,5.73812,6.83864e-05,0.0153876
110.590864,1,MANUAL,ARMED,1,AVAILABLE,UNAVAILABLE,UNAVAILABLE,103,5,PROGRAM_STOPPED,9,E_P1S-A3.NC,E_P1S-A3.NC,2073855.592,193844.312,5709.6,2051.5474,100,0.0,41,100,0,0,100,0.0,1175.79,62.4324,18.833,5.95854e-05,0.0172835,0,530.2769994,2856.49,44.6906,63.917,5.98748e-05,0.0136156,0,248.2924136,432.307,51.9861,8.31582,1.37603e-05,0.00680145,6,-338.2682962,192.289,33.5108,5.73812,6.83864e-05,0.0153876
110.728409,1,MANUAL,ARMED,1,AVAILABLE,UNAVAILABLE,UNAVAILABLE,103,5,PROGRAM_STOPPED,9,E_P1S-A3.NC,E_P1S-A3.NC,2073855.592,193844.312,5709.6,2051.5474,100,0.0,41,100,0,0,100,0.0,1175.79,62.4324,18.833,5.95854e-05,0.0172835,0,530.2769994,2856.49,44.6906,63.917,5.98748e-05,0.0136156,0,248.2924136,432.307,51.9861,8.31582,1.37603e-05,0.00680145,6,-338.2682962,192.289,33.5108,5.73812,6.83864e-05,0.0153876
110.868726,1,MANUAL,ARMED,1,AVAILABLE,UNAVAILABLE,UNAVAILABLE,103,5,PROGRAM_STOPPED,9,E_P1S-A3.NC,E_P1S-A3.NC,2073855.592,193844.312,5709.6,2051.5474,100,0.0,41,100,0,0,100,0.0,1175.79,62.4324,18.833,5.95854e-05,0.0172835,0,530.2769994,2856.49,44.6906,63.917,5.98748e-05,0.0136156,0,248.2924136,432.307,51.9861,8.31582,1.37603e-05,0.00680145,6,-338.2683076,192.289,33.5108,5.73812,6.83864e-05,0.0153876
111.009294,1,MANUAL,ARMED,1,AVAILABLE,UNAVAILABLE,UNAVAILABLE,103,5,PROGRAM_STOPPED,9,E_P1S-A3.NC,E_P1S-A3.NC,2073855.592,193844.312,5709.6,2051.5474,100,0.0,41,100,0,0,100,0.0,1175.79,62.4324,18.833,5.95854e-05,0.0172835,0,530.2769994,2856.49,44.6906,63.917,5.98748e-05,0.0136156,0,248.2924207,432.307,51.9861,8.31582,1.37603e-05,0.00680145,6,-338.2682962,192.289,33.5108,5.73812,6.83864e-05,0.0153876
111.161568,1,MANUAL,ARMED,1,AVAILABLE,UNAVAILABLE,UNAVAILABLE,103,5,PROGRAM_STOPPED,9,E_P1S-A3.NC,E_P1S-A3.NC,2073855.592,193844.312,5709.6,2051.5474,100,0.0,41,100,0,0,100,0.0,1175.79,62.4324,18.833,5.95854e-05,0.0172835,0,530.2769994,2856.49,44.6906,63.917,5.98748e-05,0.0136156,0,248.2924207,432.307,51.9861,8.31582,1.37603e-05,0.00680145,6,-338.2682962,192.289,33.5108,5.73812,6.83864e-05,0.0153876
111.301215,1,MANUAL,ARMED,1,AVAILABLE,UNAVAILABLE,UNAVAILABLE,103,5,PROGRAM_STOPPED,9,E_P1S-A3.NC,E_P1S-A3.NC,2073855.592,193844.312,5709.6,2051.5474,100,0.0,41,100,0,0,100,0.0,1175.79,56.5231,20.8019,2.91249e-05,0.0165125,0,530.2769994,2904.5,42.0039,69.1483,3.49574e-05,0.0109426,0,248.2924136,480.342,52.2327,9.19619,1.30686e-05,0.00684164,6,-338.2682962,240.359,30.3172,7.92814,4.71846e-05,0.0147836
111.457936,1,MANUAL,ARMED,1,AVAILABLE,UNAVAILABLE,UNAVAILABLE,103,5,PROGRAM_STOPPED,9,E_P1S-A3.NC,E_P1S-A3.NC,2073855.592,193844.312,5709.6,2052.7249,100,0.0,41,100,0,0,100,0.0,1175.79,56.5231,20.8019,2.91249e-05,0.0165125,0,530.2769994,2904.5,42.0039,69.1483,3.49574e-05,0.0109426,0,248.2924136,480.342,52.2327,9.19619,1.30686e-05,0.00684164,6,-338.2682962,240.359,30.3172,7.92814,4.71846e-05,0.0147836
111.604677,1,MANUAL,ARMED,1,AVAILABLE,UNAVAILABLE,UNAVAILABLE,103,5,PROGRAM_STOPPED,9,E_P1S-A3.NC,E_P1S-A3.NC,2073855.592,193844.312,5709.6,2052.7249,100,0.0,41,100,0,0,100,0.0,1175.79,56.5231,20.8019,2.91249e-05,0.0165125,0,530.2770065,2904.5,42.0039,69.1483,3.49574e-05,0.0109426,0,248.2924136,480.342,52.2327,9.19619,1.30686e-05,0.00684164,6,-338.2683076,240.359,30.3172,7.92814,4.71846e-05,0.0147836
111.768348,1,MANUAL,ARMED,1,AVAILABLE,UNAVAILABLE,UNAVAILABLE,103,5,PROGRAM_STOPPED,9,E_P1S-A3.NC,E_P1S-A3.NC,2073855.592,193844.312,5709.6,2052.7249,100,0.0,41,100,0,0,100,0.0,1175.79,56.5231,20.8019,2.91249e-05,0.0165125,0,530.2770065,2904.5,42.0039,69.1483,3.49574e-05,0.0109426,0,248.2924207,480.342,52.2327,9.19619,1.30686e-05,0.00684164,6,-338.2682962,240.359,30.3172,7.92814,4.71846e-05,0.0147836
111.915995,1,MANUAL,ARMED,1,AVAILABLE,UNAVAILABLE,UNAVAILABLE,103,5,PROGRAM_STOPPED,9,E_P1S-A3.NC,E_P1S-A3.NC,2073855.592,193844.312,5709.6,2052.7249,100,0.0,41,100,0,0,100,0.0,1175.79,56.5231,20.8019,2.91249e-05,0.0165125,0,530.2769994,2904.5,42.0039,69.1483,3.49574e-05,0.0109426,0,248.2924207,480.342,52.2327,9.19619,1.30686e-05,0.00684164,6,-338.2682962,240.359,30.3172,7.92814,4.71846e-05,0.0147836
112.055351,1,MANUAL,ARMED,1,AVAILABLE,UNAVAILABLE,UNAVAILABLE,103,5,PROGRAM_STOPPED,9,E_P1S-A3.NC,E_P1S-A3.NC,2073855.592,193844.312,5709.6,2052.7249,100,0.0,41,100,0,0,100,0.0,1175.79,56.5231,20.8019,2.91249e-05,0.0165125,0,530.2769994,2904.5,42.0039,69.1483,3.49574e-05,0.0109426,0,248.2924207,480.342,52.2327,9.19619,1.30686e-05,0.00684164,6,-338.2682962,240.359,30.3172,7.92814,4.71846e-05,0.0147836
112.197377,1,MANUAL,ARMED,1,AVAILABLE,UNAVAILABLE,UNAVAILABLE,103,5,PROGRAM_STOPPED,9,E_P1S-A3.NC,E_P1S-A3.NC,2073855.592,193844.312,5709.6,2052.7249,100,0.0,41,100,0,0,100,0.0,1175.79,56.5231,20.8019,2.91249e-05,0.0165125,0,530.2769994,2904.5,42.0039,69.1483,3.49574e-05,0.0109426,0,248.2924136,480.342,52.2327,9.19619,1.30686e-05,0.00684164,6,-338.2683076,240.359,30.3172,7.92814,4.71846e-05,0.0147836
112.340593,1,MANUAL,ARMED,1,AVAILABLE,UNAVAILABLE,UNAVAILABLE,103,5,PROGRAM_STOPPED,9,E_P1S-A3.NC,E_P1S-A3.NC,2073855.592,193844.312,5709.6,2052.7249,100,0.0,41,100,0,0,100,0.0,1151.8,53.5515,21.5083,4.21405e-05,0.0112535,0,530.2769994,2856.49,46.5041,61.4245,3.1854e-05,0.0102371,0,248.2924136,432.313,52.1807,8.28492,3.67075e-05,0.0101659,6,-338.2682962,192.289,31.3419,6.13521,0.000117573,0.0207014
112.484725,1,MANUAL,ARMED,1,AVAILABLE,UNAVAILABLE,UNAVAILABLE,103,5,PROGRAM_STOPPED,9,E_P1S-A3.NC,E_P1S-A3.NC,2073855.592,193844.312,5709.6,2056.1404,100,0.0,41,100,0,0,100,0.0,1151.8,53.5515,21.5083,4.21405e-05,0.0112535,0,530.2769994,2856.49,46.5041,61.4245,3.1854e-05,0.0102371,0,248.2924207,432.313,52.1807,8.28492,3.67075e-05,0.0101659,6,-338.2682962,192.289,31.3419,6.13521,0.000117573,0.0207014
112.685721,1,MANUAL,ARMED,1,AVAILABLE,UNAVAILABLE,UNAVAILABLE,103,5,PROGRAM_STOPPED,9,E_P1S-A3.NC,E_P1S-A3.NC,2073855.592,193844.312,5709.6,2056.1404,100,0.0,41,100,0,0,100,0.0,1151.8,53.5515,21.5083,4.21405e-05,0.0112535,0,530.2769994,2856.49,46.5041,61.4245,3.1854e-05,0.0102371,0,248.2924207,432.313,52.1807,8.28492,3.67075e-05,0.0101659,6,-338.2683076,192.289,31.3419,6.13521,0.000117573,0.0207014
112.844817,1,MANUAL,ARMED,1,AVAILABLE,UNAVAILABLE,UNAVAILABLE,103,5,PROGRAM_STOPPED,9,E_P1S-A3.NC,E_P1S-A3.NC,2073855.592,193844.312,5709.6,2056.1404,100,0.0,41,100,0,0,100,0.0,1151.8,53.5515,21.5083,4.21405e-05,0.0112535,0,530.2769994,2856.49,46.5041,61.4245,3.1854e-05,0.0102371,0,248.2924207,432.313,52.1807,8.28492,3.67075e-05,0.0101659,6,-338.2682962,192.289,31.3419,6.13521,0.000117573,0.0207014
112.9928,1,MANUAL,ARMED,1,AVAILABLE,UNAVAILABLE,UNAVAILABLE,103,5,PROGRAM_STOPPED,9,E_P1S-A3.NC,E_P1S-A3.NC,2073855.592,193844.312,5709.6,2056.1404,100,0.0,41,100,0,0,100,0.0,1151.8,53.5515,21.5083,4.21405e-05,0.0112535,0,530.2769994,2856.49,46.5041,61.4245,3.1854e-05,0.0102371,0,248.2924207,432.313,52.1807,8.28492,3.67075e-05,0.0101659,6,-338.2682962,192.289,31.3419,6.13521,0.000117573,0.0207014
113.140966,1,MANUAL,ARMED,1,AVAILABLE,UNAVAILABLE,UNAVAILABLE,103,5,PROGRAM_STOPPED,9,E_P1S-A3.NC,E_P1S-A3.NC,2073855.592,193844.312,5709.6,2056.1404,100,0.0,41,100,0,0,100,0.0,1151.8,53.5515,21.5083,4.21405e-05,0.0112535,0,530.2770065,2856.49,46.5041,61.4245,3.1854e-05,0.0102371,0,248.2924136,432.313,52.1807,8.28492,3.67075e-05,0.0101659,6,-338.2682962,192.289,31.3419,6.13521,0.000117573,0.0207014
113.278697,1,MANUAL,ARMED,1,AVAILABLE,UNAVAILABLE,UNAVAILABLE,103,5,PROGRAM_STOPPED,9,E_P1S-A3.NC,E_P1S-A3.NC,2073855.592,193844.312,5709.6,2056.1404,100,0.0,41,100,0,0,100,0.0,1151.8,53.5515,21.5083,4.21405e-05,0.0112535,0,530.2769994,2856.49,46.5041,61.4245,3.1854e-05,0.0102371,0,248.2924136,432.313,52.1807,8.28492,3.67075e-05,0.0101659,6,-338.2682962,192.289,31.3419,6.13521,0.000117573,0.0207014
113.425481,1,MANUAL,ARMED,1,AVAILABLE,UNAVAILABLE,UNAVAILABLE,103,5,PROGRAM_STOPPED,9,E_P1S-A3.NC,E_P1S-A3.NC,2073855.592,193844.312,5709.6,2056.1404,100,0.0,41,100,0,0,100,0.0,1175.79,58.4719,20.1086,1.88567e-05,0.0135042,0,530.2769994,2808.48,47.1388,59.5789,6.29827e-05,0.0165889,0,248.2924136,432.306,54.3264,7.95757,3.47941e-05,0.0107664,6,-338.2683076,216.324,29.7914,7.26129,2.14965e-05,0.00917418
113.568692,1,MANUAL,ARMED,1,AVAILABLE,UNAVAILABLE,UNAVAILABLE,103,5,PROGRAM_STOPPED,9,E_P1S-A3.NC,E_P1S-A3.NC,2073855.592,193844.312,5709.6,2056.6282,100,0.0,41,100,0,0,100,0.0,1175.79,58.4719,20.1086,1.88567e-05,0.0135042,0,530.2769994,2808.48,47.1388,59.5789,6.29827e-05,0.0165889,0,248.2924136,432.306,54.3264,7.95757,3.47941e-05,0.0107664,6,-338.2682962,216.324,29.7914,7.26129,2.14965e-05,0.00917418
113.726,1,MANUAL,ARMED,1,AVAILABLE,UNAVAILABLE,UNAVAILABLE,103,5,PROGRAM_STOPPED,9,E_P1S-A3.NC,E_P1S-A3.NC,2073855.592,193844.312,5709.6,2056.6282,100,0.0,41,100,0,0,100,0.0,1175.79,58.4719,20.1086,1.88567e-05,0.0135042,0,530.2769994,2808.48,47.1388,59.5789,6.29827e-05,0.0165889,0,248.2924136,432.306,54.3264,7.95757,3.47941e-05,0.0107664,6,-338.2682962,216.324,29.7914,7.26129,2.14965e-05,0.00917418
113.870277,1,MANUAL,ARMED,1,AVAILABLE,UNAVAILABLE,UNAVAILABLE,103,5,PROGRAM_STOPPED,9,E_P1S-A3.NC,E_P1S-A3.NC,2073855.592,193844.312,5709.6,2056.6282,100,0.0,41,100,0,0,100,0.0,1175.79,58.4719,20.1086,1.88567e-05,0.0135042,0,530.2769994,2808.48,47.1388,59.5789,6.29827e-05,0.0165889,0,248.2924136,432.306,54.3264,7.95757,3.47941e-05,0.0107664,6,-338.2682962,216.324,29.7914,7.26129,2.14965e-05,0.00917418
114.022126,1,MANUAL,ARMED,1,AVAILABLE,UNAVAILABLE,UNAVAILABLE,103,5,PROGRAM_STOPPED,9,E_P1S-A3.NC,E_P1S-A3.NC,2073855.592,193844.312,5709.6,2056.6282,100,0.0,41,100,0,0,100,0.0,1175.79,58.4719,20.1086,1.88567e-05,0.0135042,0,530.2769994,2808.48,47.1388,59.5789,6.29827e-05,0.0165889,0,248.2924207,432.306,54.3264,7.95757,3.47941e-05,0.0107664,6,-338.2682962,216.324,29.7914,7.26129,2.14965e-05,0.00917418
114.176598,1,MANUAL,ARMED,1,AVAILABLE,UNAVAILABLE,UNAVAILABLE,103,5,PROGRAM_STOPPED,9,E_P1S-A3.NC,E_P1S-A3.NC,2073855.592,193844.312,5709.6,2056.6282,100,0.0,41,100,0,0,100,0.0,1175.79,58.4719,20.1086,1.88567e-05,0.0135042,0,530.2769994,2808.48,47.1388,59.5789,6.29827e-05,0.0165889,0,248.2924136,432.306,54.3264,7.95757,3.47941e-05,0.0107664,6,-338.2683076,216.324,29.7914,7.26129,2.14965e-05,0.00917418
114.320062,1,MANUAL,ARMED,1,AVAILABLE,UNAVAILABLE,UNAVAILABLE,103,5,PROGRAM_STOPPED,9,E_P1S-A3.NC,E_P1S-A3.NC,2073855.592,193844.312,5709.6,2056.6282,100,0.0,41,100,0,0,100,0.0,1175.79,58.4719,20.1086,1.88567e-05,0.0135042,0,530.2769994,2808.48,47.1388,59.5789,6.29827e-05,0.0165889,0,248.2924207,432.306,54.3264,7.95757,3.47941e-05,0.0107664,6,-338.2683076,216.324,29.7914,7.26129,2.14965e-05,0.00917418
114.480666,1,MANUAL,ARMED,1,AVAILABLE,UNAVAILABLE,UNAVAILABLE,103,5,PROGRAM_STOPPED,9,E_P1S-A3.NC,E_P1S-A3.NC,2073855.592,193844.312,5709.6,2056.6282,100,0.0,41,100,0,0,100,0.0,1199.79,57.1114,21.0079,1.97844e-05,0.0105316,0,530.2769922,2880.5,44.4072,64.8656,4.9983e-05,0.0125783,0,248.2924136,480.341,53.8321,8.92295,3.80966e-05,0.0107385,6,-338.2682962,216.325,28.094,7.70004,4.22642e-05,0.0116401
114.642413,1,MANUAL,ARMED,1,AVAILABLE,UNAVAILABLE,UNAVAILABLE,103,5,PROGRAM_STOPPED,9,E_P1S-A3.NC,E_P1S-A3.NC,2073855.592,193844.312,5709.6,2054.4097,100,0.0,41,100,0,0,100,0.0,1199.79,57.1114,21.0079,1.97844e-05,0.0105316,0,530.2769994,2880.5,44.4072,64.8656,4.9983e-05,0.0125783,0,248.2924136,480.341,53.8321,8.92295,3.80966e-05,0.0107385,6,-338.2683076,216.325,28.094,7.70004,4.22642e-05,0.0116401
114.787501,1,MANUAL,ARMED,1,AVAILABLE,UNAVAILABLE,UNAVAILABLE,103,5,PROGRAM_STOPPED,9,E_P1S-A3.NC,E_P1S-A3.NC,2073855.592,193844.312,5709.6,2054.4097,100,0.0,41,100,0,0,100,0.0,1199.79,57.1114,21.0079,1.97844e-05,0.0105316,0,530.2769994,2880.5,44.4072,64.8656,4.9983e-05,0.0125783,0,248.2924136,480.341,53.8321,8.92295,3.80966e-05,0.0107385,6,-338.2683076,216.325,28.094,7.70004,4.22642e-05,0.0116401
114.937504,1,MANUAL,ARMED,1,AVAILABLE,UNAVAILABLE,UNAVAILABLE,103,5,PROGRAM_STOPPED,9,E_P1S-A3.NC,E_P1S-A3.NC,2073855.592,193844.312,5709.6,2054.4097,100,0.0,41,100,0,0,100,0.0,1199.79,57.1114,21.0079,1.97844e-05,0.0105316,0,530.2769994,2880.5,44.4072,64.8656,4.9983e-05,0.0125783,0,248.2924207,480.341,53.8321,8.92295,3.80966e-05,0.0107385,6,-338.2682962,216.325,28.094,7.70004,4.22642e-05,0.0116401
115.089202,1,MANUAL,ARMED,1,AVAILABLE,UNAVAILABLE,UNAVAILABLE,103,5,PROGRAM_STOPPED,9,E_P1S-A3.NC,E_P1S-A3.NC,2073855.592,193844.312,5709.6,2054.4097,100,0.0,41,100,0,0,100,0.0,1199.79,57.1114,21.0079,1.97844e-05,0.0105316,0,530.2769994,2880.5,44.4072,64.8656,4.9983e-05,0.0125783,0,248.2924136,480.341,53.8321,8.92295,3.80966e-05,0.0107385,6,-338.2682962,216.325,28.094,7.70004,4.22642e-05,0.0116401
115.244851,1,MANUAL,ARMED,1,AVAILABLE,UNAVAILABLE,UNAVAILABLE,103,5,PROGRAM_STOPPED,9,E_P1S-A3.NC,E_P1S-A3.NC,2073855.592,193844.312,5709.6,2054.4097,100,0.0,41,100,0,0,100,0.0,1199.79,57.1114,21.0079,1.97844e-05,0.0105316,0,530.2769994,2880.5,44.4072,64.8656,4.9983e-05,0.0125783,0,248.2924207,480.341,53.8321,8.92295,3.80966e-05,0.0107385,6,-338.2683076,216.325,28.094,7.70004,4.22642e-05,0.0116401
115.400722,1,MANUAL,ARMED,1,AVAILABLE,UNAVAILABLE,UNAVAILABLE,103,5,PROGRAM_STOPPED,9,E_P1S-A3.NC,E_P1S-A3.NC,2073855.592,193844.312,5709.6,2054.4097,100,0.0,41,100,0,0,100,0.0,1199.79,57.1114,21.0079,1.97844e-05,0.0105316,0,530.2769994,2880.5,44.4072,64.8656,4.9983e-05,0.0125783,0,248.2924207,480.341,53.8321,8.92295,3.80966e-05,0.0107385,6,-338.2683076,216.325,28.094,7.70004,4.22642e-05,0.0116401
115.557842,1,MANUAL,ARMED,1,AVAILABLE,UNAVAILABLE,UNAVAILABLE,103,5,PROGRAM_STOPPED,9,E_P1S-A3.NC,E_P1S-A3.NC,2073855.592,193844.312,5709.6,2054.4097,100,0.0,41,100,0,0,100,0.0,1151.8,61.1831,18.8255,3.17008e-05,0.0125651,0,530.2769994,2832.49,46.2665,61.2212,4.07671e-05,0.00993177,0,248.2924136,480.338,50.4167,9.52736,2.52261e-05,0.00860175,6,-338.2682962,264.401,31.6345,8.358,3.014e-05,0.0087473
115.710966,1,MANUAL,ARMED,1,AVAILABLE,UNAVAILABLE,UNAVAILABLE,103,5,PROGRAM_STOPPED,9,E_P1S-A3.NC,E_P1S-A3.NC,2073855.592,193844.312,5709.6,2056.5044,100,0.0,41,100,0,0,100,0.0,1151.8,61.1831,18.8255,3.17008e-05,0.0125651,0,530.2769994,2832.49,46.2665,61.2212,4.07671e-05,0.00993177,0,248.2924136,480.338,50.4167,9.52736,2.52261e-05,0.00860175,6,-338.2682962,264.401,31.6345,8.358,3.014e-05,0.0087473
115.871928,1,MANUAL,ARMED,1,AVAILABLE,UNAVAILABLE,UNAVAILABLE,103,5,PROGRAM_STOPPED,9,E_P1S-A3.NC,E_P1S-A3.NC,2073855.592,193844.312,5709.6,2056.5044,100,0.0,41,100,0,0,100,0.0,1151.8,61.1831,18.8255,3.17008e-05,0.0125651,0,530.2770065,2832.49,46.2665,61.2212,4.07671e-05,0.00993177,0,248.2924136,480.338,50.4167,9.52736,2.52261e-05,0.00860175,6,-338.2682962,264.401,31.6345,8.358,3.014e-05,0.0087473
116.014479,1,MANUAL,ARMED,1,AVAILABLE,UNAVAILABLE,UNAVAILABLE,103,5,PROGRAM_STOPPED,9,E_P1S-A3.NC,E_P1S-A3.NC,2073855.592,193844.312,5709.6,2056.5044,100,0.0,41,100,0,0,100,0.0,1151.8,61.1831,18.8255,3.17008e-05,0.0125651,0,530.2769994,2832.49,46.2665,61.2212,4.07671e-05,0.00993177,0,248.2924136,480.338,50.4167,9.52736,2.52261e-05,0.00860175,6,-338.2683076,264.401,31.6345,8.358,3.014e-05,0.0087473
116.164257,1,MANUAL,ARMED,1,AVAILABLE,UNAVAILABLE,UNAVAILABLE,103,5,PROGRAM_STOPPED,9,E_P1S-A3.NC,E_P1S-A3.NC,2073855.592,193844.312,5709.6,2056.5044,100,0.0,41,100,0,0,100,0.0,1151.8,61.1831,18.8255,3.17008e-05,0.0125651,0,530.2769994,2832.49,46.2665,61.2212,4.07671e-05,0.00993177,0,248.2924207,480.338,50.4167,9.52736,2.52261e-05,0.00860175,6,-338.2682962,264.401,31.6345,8.358,3.014e-05,0.0087473
116.332597,1,MANUAL,ARMED,1,AVAILABLE,UNAVAILABLE,UNAVAILABLE,103,5,PROGRAM_STOPPED,9,E_P1S-A3.NC,E_P1S-A3.NC,2073855.592,193844.312,5709.6,2056.5044,100,0.0,41,100,0,0,100,0.0,1151.8,61.1831,18.8255,3.17008e-05,0.0125651,0,530.2769994,2832.49,46.2665,61.2212,4.07671e-05,0.00993177,0,248.2924136,480.338,50.4167,9.52736,2.52261e-05,0.00860175,6,-338.2682962,264.401,31.6345,8.358,3.014e-05,0.0087473
116.474441,1,MANUAL,ARMED,1,AVAILABLE,UNAVAILABLE,UNAVAILABLE,103,5,PROGRAM_STOPPED,9,E_P1S-A3.NC,E_P1S-A3.NC,2073855.592,193844.312,5709.6,2056.5044,100,0.0,41,100,0,0,100,0.0,1151.8,61.1831,18.8255,3.17008e-05,0.0125651,0,530.2769994,2832.49,46.2665,61.2212,4.07671e-05,0.00993177,0,248.2924136,480.338,50.4167,9.52736,2.52261e-05,0.00860175,6,-338.2682962,264.401,31.6345,8.358,3.014e-05,0.0087473
116.628042,1,MANUAL,ARMED,1,AVAILABLE,UNAVAILABLE,UNAVAILABLE,103,5,PROGRAM_STOPPED,9,E_P1S-A3.NC,E_P1S-A3.NC,2073855.592,193844.312,5709.6,2056.5044,100,0.0,41,100,0,0,100,0.0,1175.79,54.8803,21.4246,0.000115004,0.0232585,0,530.2769994,2928.5,46.866,62.4867,4.4575e-05,0.0136456,0,248.2924207,528.377,53.4952,9.87709,3.56162e-05,0.0101517,6,-338.2683076,216.323,28.8174,7.50668,3.66413e-05,0.0129489
116.767054,1,MANUAL,ARMED,1,AVAILABLE,UNAVAILABLE,UNAVAILABLE,103,5,PROGRAM_STOPPED,9,E_P1S-A3.NC,E_P1S-A3.NC,2073855.592,193844.312,5709.6,2056.5044,100,0.0,41,100,0,0,100,0.0,1175.79,54.8803,21.4246,0.000115004,0.0232585,0,530.2770065,2928.5,46.866,62.4867,4.4575e-05,0.0136456,0,248.2924136,528.377,53.4952,9.87709,3.56162e-05,0.0101517,6,-338.2683076,216.323,28.8174,7.50668,3.66413e-05,0.0129489
116.915955,1,MANUAL,ARMED,1,AVAILABLE,UNAVAILABLE,UNAVAILABLE,103,5,PROGRAM_STOPPED,9,E_P1S-A3.NC,E_P1S-A3.NC,2073855.592,193844.312,5709.6,2054.0518,100,0.0,41,100,0,0,100,0.0,1175.79,54.8803,21.4246,0.000115004,0.0232585,0,530.2769994,2928.5,46.866,62.4867,4.4575e-05,0.0136456,0,248.2924136,528.377,53.4952,9.87709,3.56162e-05,0.0101517,6,-338.2682962,216.323,28.8174,7.50668,3.66413e-05,0.0129489
117.06885,1,MANUAL,ARMED,1,AVAILABLE,UNAVAILABLE,UNAVAILABLE,103,5,PROGRAM_STOPPED,9,E_P1S-A3.NC,E_P1S-A3.NC,2073855.592,193844.312,5709.6,2054.0518,100,0.0,41,100,0,0,100,0.0,1175.79,54.8803,21.4246,0.000115004,0.0232585,0,530.2769994,2928.5,46.866,62.4867,4.4575e-05,0.0136456,0,248.2924136,528.377,53.4952,9.87709,3.56162e-05,0.0101517,6,-338.2682962,216.323,28.8174,7.50668,3.66413e-05,0.0129489
117.22507,1,MANUAL,ARMED,1,AVAILABLE,UNAVAILABLE,UNAVAILABLE,103,5,PROGRAM_STOPPED,9,E_P1S-A3.NC,E_P1S-A3.NC,2073855.592,193844.312,5709.6,2054.0518,100,0.0,41,100,0,0,100,0.0,1175.79,54.8803,21.4246,0.000115004,0.0232585,0,530.2769994,2928.5,46.866,62.4867,4.4575e-05,0.0136456,0,248.2924207,528.377,53.4952,9.87709,3.56162e-05,0.0101517,6,-338.2683076,216.323,28.8174,7.50668,3.66413e-05,0.0129489
117.369362,1,MANUAL,ARMED,1,AVAILABLE,UNAVAILABLE,UNAVAILABLE,103,5,PROGRAM_STOPPED,9,E_P1S-A3.NC,E_P1S-A3.NC,2073855.592,193844.312,5709.6,2054.0518,100,0.0,41,100,0,0,100,0.0,1175.79,54.8803,21.4246,0.000115004,0.0232585,0,530.2769994,2928.5,46.866,62.4867,4.4575e-05,0.0136456,0,248.2924136,528.377,53.4952,9.87709,3.56162e-05,0.0101517,6,-338.2682962,216.323,28.8174,7.50668,3.66413e-05,0.0129489
117.525754,1,MANUAL,ARMED,1,AVAILABLE,UNAVAILABLE,UNAVAILABLE,103,5,PROGRAM_STOPPED,9,E_P1S-A3.NC,E_P1S-A3.NC,2073855.592,193844.312,5709.6,2054.0518,100,0.0,41,100,0,0,100,0.0,1175.79,54.8803,21.4246,0.000115004,0.0232585,0,530.2769994,2928.5,46.866,62.4867,4.4575e-05,0.0136456,0,248.2924207,528.377,53.4952,9.87709,3.56162e-05,0.0101517,6,-338.2683076,216.323,28.8174,7.50668,3.66413e-05,0.0129489
117.669673,1,MANUAL,ARMED,1,AVAILABLE,UNAVAILABLE,UNAVAILABLE,103,5,PROGRAM_STOPPED,9,E_P1S-A3.NC,E_P1S-A3.NC,2073855.592,193844.312,5709.6,2054.0518,100,0.0,41,100,0,0,100,0.0,1199.79,58.9682,20.3464,1.76012e-05,0.0101199,0,530.2769994,2904.5,48.5459,59.83,3.7811e-05,0.0126791,0,248.2924136,480.342,51.0352,9.41197,1.73349e-05,0.00784276,6,-338.2682962,192.288,30.279,6.35054,2.22533e-05,0.00966788
117.821026,1,MANUAL,ARMED,1,AVAILABLE,UNAVAILABLE,UNAVAILABLE,103,5,PROGRAM_STOPPED,9,E_P1S-A3.NC,E_P1S-A3.NC,2073855.592,193844.312,5709.6,2054.0518,100,0.0,41,100,0,0,100,0.0,1199.79,58.9682,20.3464,1.76012e-05,0.0101199,0,530.2769994,2904.5,48.5459,59.83,3.7811e-05,0.0126791,0,248.2924136,480.342,51.0352,9.41197,1.73349e-05,0.00784276,6,-338.2682962,192.288,30.279,6.35054,2.22533e-05,0.00966788
117.980912,1,MANUAL,ARMED,1,AVAILABLE,UNAVAILABLE,UNAVAILABLE,103,5,PROGRAM_STOPPED,9,E_P1S-A3.NC,E_P1S-A3.NC,2073855.592,193844.312,5709.6,2058.8467,100,0.0,41,100,0,0,100,0.0,1199.79,58.9682,20.3464,1.76012e-05,0.0101199,0,530.2769994,2904.5,48.5459,59.83,3.7811e-05,0.0126791,0,248.2924207,480.342,51.0352,9.41197,1.73349e-05,0.00784276,6,-338.2682962,192.288,30.279,6.35054,2.22533e-05,0.00966788
118.140628,1,MANUAL,ARMED,1,AVAILABLE,UNAVAILABLE,UNAVAILABLE,103,5,PROGRAM_STOPPED,9,E_P1S-A3.NC,E_P1S-A3.NC,2073855.592,193844.312,5709.6,2058.8467,100,0.0,41,100,0,0,100,0.0,1199.79,58.9682,20.3464,1.76012e-05,0.0101199,0,530.2769994,2904.5,48.5459,59.83,3.7811e-05,0.0126791,0,248.2924136,480.342,51.0352,9.41197,1.73349e-05,0.00784276,6,-338.2683076,192.288,30.279,6.35054,2.22533e-05,0.00966788
118.296724,1,MANUAL,ARMED,1,AVAILABLE,UNAVAILABLE,UNAVAILABLE,103,5,PROGRAM_STOPPED,9,E_P1S-A3.NC,E_P1S-A3.NC,2073855.592,193844.312,5709.6,2058.8467,100,0.0,41,100,0,0,100,0.0,1199.79,58.9682,20.3464,1.76012e-05,0.0101199,0,530.2769994,2904.5,48.5459,59.83,3.7811e-05,0.0126791,0,248.2924136,480.342,51.0352,9.41197,1.73349e-05,0.00784276,6,-338.2682962,192.288,30.279,6.35054,2.22533e-05,0.00966788
118.444527,1,MANUAL,ARMED,1,AVAILABLE,UNAVAILABLE,UNAVAILABLE,103,5,PROGRAM_STOPPED,9,E_P1S-A3.NC,E_P1S-A3.NC,2073855.592,193844.312,5709.6,2058.8467,100,0.0,41,100,0,0,100,0.0,1199.79,58.9682,20.3464,1.76012e-05,0.0101199,0,530.2769994,2904.5,48.5459,59.83,3.7811e-05,0.0126791,0,248.2924207,480.342,51.0352,9.41197,1.73349e-05,0.00784276,6,-338.2682962,192.288,30.279,6.35054,2.22533e-05,0.00966788
118.594093,1,MANUAL,ARMED,1,AVAILABLE,UNAVAILABLE,UNAVAILABLE,103,5,PROGRAM_STOPPED,9,E_P1S-A3.NC,E_P1S-A3.NC,2073855.592,193844.312,5709.6,2058.8467,100,0.0,41,100,0,0,100,0.0,1199.79,58.9682,20.3464,1.76012e-05,0.0101199,0,530.2769994,2904.5,48.5459,59.83,3.7811e-05,0.0126791,0,248.2924136,480.342,51.0352,9.41197,1.73349e-05,0.00784276,6,-338.2682962,192.288,30.279,6.35054,2.22533e-05,0.00966788
118.751595,1,MANUAL,ARMED,1,AVAILABLE,UNAVAILABLE,UNAVAILABLE,103,5,PROGRAM_STOPPED,9,E_P1S-A3.NC,E_P1S-A3.NC,2073855.592,193844.312,5709.6,2058.8467,100,0.0,41,100,0,0,100,0.0,1199.79,53.3133,22.5045,2.00047e-05,0.00863966,0,530.2769994,2856.49,46.6093,61.2858,5.32741e-05,0.0140794,0,248.2924136,456.328,53.0501,8.60183,1.89588e-05,0.00844517,6,-338.2682962,240.36,33.7534,7.12106,4.73193e-05,0.0136207
118.899268,1,MANUAL,ARMED,1,AVAILABLE,UNAVAILABLE,UNAVAILABLE,103,5,PROGRAM_STOPPED,9,E_P1S-A3.NC,E_P1S-A3.NC,2073855.592,193844.312,5709.6,2058.8467,100,0.0,41,100,0,0,100,0.0,1199.79,53.3133,22.5045,2.00047e-05,0.00863966,0,530.2769994,2856.49,46.6093,61.2858,5.32741e-05,0.0140794,0,248.2924207,456.328,53.0501,8.60183,1.89588e-05,0.00844517,6,-338.2682962,240.36,33.7534,7.12106,4.73193e-05,0.0136207
119.049264,1,MANUAL,ARMED,1,AVAILABLE,UNAVAILABLE,UNAVAILABLE,103,5,PROGRAM_STOPPED,9,E_P1S-A3.NC,E_P1S-A3.NC,2073855.592,193844.312,5709.6,2057.3701,100,0.0,41,100,0,0,100,0.0,1199.79,53.3133,22.5045,2.00047e-05,0.00863966,0,530.2769994,2856.49,46.6093,61.2858,5.32741e-05,0.0140794,0,248.2924136,456.328,53.0501,8.60183,1.89588e-05,0.00844517,6,-338.2683076,240.36,33.7534,7.12106,4.73193e-05,0.0136207
119.190758,1,MANUAL,ARMED,1,AVAILABLE,UNAVAILABLE,UNAVAILABLE,103,5,PROGRAM_STOPPED,9,E_P1S-A3.NC,E_P1S-A3.NC,2073855.592,193844.312,5709.6,2057.3701,100,0.0,41,100,0,0,100,0.0,1199.79,53.3133,22.5045,2.00047e-05,0.00863966,0,530.2770065,2856.49,46.6093,61.2858,5.32741e-05,0.0140794,0,248.2924136,456.328,53.0501,8.60183,1.89588e-05,0.00844517,6,-338.2683076,240.36,33.7534,7.12106,4.73193e-05,0.0136207
119.337053,1,MANUAL,ARMED,1,AVAILABLE,UNAVAILABLE,UNAVAILABLE,103,5,PROGRAM_STOPPED,9,E_P1S-A3.NC,E_P1S-A3.NC,2073855.592,193844.312,5709.6,2057.3701,100,0.0,41,100,0,0,100,0.0,1199.79,53.3133,22.5045,2.00047e-05,0.00863966,0,530.2769994,2856.49,46.6093,61.2858,5.32741e-05,0.0140794,0,248.2924207,456.328,53.0501,8.60183,1.89588e-05,0.00844517,6,-338.2682962,240.36,33.7534,7.12106,4.73193e-05,0.0136207
119.480221,1,MANUAL,ARMED,1,AVAILABLE,UNAVAILABLE,UNAVAILABLE,103,5,PROGRAM_STOPPED,9,E_P1S-A3.NC,E_P1S-A3.NC,2073855.592,193844.312,5709.6,2057.3701,100,0.0,41,100,0,0,100,0.0,1199.79,53.3133,22.5045,2.00047e-05,0.00863966,0,530.2769994,2856.49,46.6093,61.2858,5.32741e-05,0.0140794,0,248.2924207,456.328,53.0501,8.60183,1.89588e-05,0.00844517,6,-338.2682962,240.36,33.7534,7.12106,4.73193e-05,0.0136207
119.624204,1,MANUAL,ARMED,1,AVAILABLE,UNAVAILABLE,UNAVAILABLE,103,5,PROGRAM_STOPPED,9,E_P1S-A3.NC,E_P1S-A3.NC,2073855.592,193844.312,5709.6,2057.3701,100,0.0,41,100,0,0,100,0.0,1199.79,53.3133,22.5045,2.00047e-05,0.00863966,0,530.2769994,2856.49,46.6093,61.2858,5.32741e-05,0.0140794,0,248.2924136,456.328,53.0501,8.60183,1.89588e-05,0.00844517,6,-338.2683076,240.36,33.7534,7.12106,4.73193e-05,0.0136207
119.771151,1,MANUAL,ARMED,1,AVAILABLE,UNAVAILABLE,UNAVAILABLE,103,5,PROGRAM_STOPPED,9,E_P1S-A3.NC,E_P1S-A3.NC,2073855.592,193844.312,5709.6,2057.3701,100,0.0,41,100,0,0,100,0.0,1223.78,59.9703,20.4064,3.76768e-05,0.0105753,0,530.2769994,2856.49,50.7874,56.2441,5.85156e-05,0.0125889,0,248.2924207,480.34,54.7325,8.77614,4.45158e-05,0.0128876,6,-338.2683076,216.323,29.8193,7.25446,3.95813e-05,0.0109499
119.91614,1,MANUAL,ARMED,1,AVAILABLE,UNAVAILABLE,UNAVAILABLE,103,5,PROGRAM_STOPPED,9,E_P1S-A3.NC,E_P1S-A3.NC,2073855.592,193844.312,5709.6,2057.3701,100,0.0,41,100,0,0,100,0.0,1223.78,59.9703,20.4064,3.76768e-05,0.0105753,0,530.2769994,2856.49,50.7874,56.2441,5.85156e-05,0.0125889,0,248.2924136,480.34,54.7325,8.77614,4.45158e-05,0.0128876,6,-338.2683076,216.323,29.8193,7.25446,3.95813e-05,0.0109499
120.055149,1,MANUAL,ARMED,1,AVAILABLE,UNAVAILABLE,UNAVAILABLE,103,5,PROGRAM_STOPPED,9,E_P1S-A3.NC,E_P1S-A3.NC,2073855.592,193844.312,5709.6,2059.0027,100,0.0,41,100,0,0,100,0.0,1223.78,59.9703,20.4064,3.76768e-05,0.0105753,0,530.2769994,2856.49,50.7874,56.2441,5.85156e-05,0.0125889,0,248.2924136,480.34,54.7325,8.77614,4.45158e-05,0.0128876,6,-338.2683076,216.323,29.8193,7.25446,3.95813e-05,0.0109499
120.204454,1,MANUAL,ARMED,1,AVAILABLE,UNAVAILABLE,UNAVAILABLE,103,5,PROGRAM_STOPPED,9,E_P1S-A3.NC,E_P1S-A3.NC,2073855.592,193844.312,5709.6,2059.0027,100,0.0,41,100,0,0,100,0.0,1223.78,59.9703,20.4064,3.76768e-05,0.0105753,0,530.2769994,2856.49,50.7874,56.2441,5.85156e-05,0.0125889,0,248.2924136,480.34,54.7325,8.77614,4.45158e-05,0.0128876,6,-338.2682962,216.323,29.8193,7.25446,3.95813e-05,0.0109499
120.34615,1,MANUAL,ARMED,1,AVAILABLE,UNAVAILABLE,UNAVAILABLE,103,5,PROGRAM_STOPPED,9,E_P1S-A3.NC,E_P1S-A3.NC,2073855.592,193844.312,5709.6,2059.0027,100,0.0,41,100,0,0,100,0.0,1223.78,59.9703,20.4064,3.76768e-05,0.0105753,0,530.2769994,2856.49,50.7874,56.2441,5.85156e-05,0.0125889,0,248.2924136,480.34,54.7325,8.77614,4.45158e-05,0.0128876,6,-338.2682962,216.323,29.8193,7.25446,3.95813e-05,0.0109499
120.497053,1,MANUAL,ARMED,1,AVAILABLE,UNAVAILABLE,UNAVAILABLE,103,5,PROGRAM_STOPPED,9,E_P1S-A3.NC,E_P1S-A3.NC,2073855.592,193844.312,5709.6,2059.0027,100,0.0,41,100,0,0,100,0.0,1223.78,59.9703,20.4064,3.76768e-05,0.0105753,0,530.2769994,2856.49,50.7874,56.2441,5.85156e-05,0.0125889,0,248.2924207,480.34,54.7325,8.77614,4.45158e-05,0.0128876,6,-338.2682962,216.323,29.8193,7.25446,3.95813e-05,0.0109499
120.647055,1,MANUAL,ARMED,1,AVAILABLE,UNAVAILABLE,UNAVAILABLE,103,5,PROGRAM_STOPPED,9,E_P1S-A3.NC,E_P1S-A3.NC,2073855.592,193844.312,5709.6,2059.0027,100,0.0,41,100,0,0,100,0.0,1223.78,59.9703,20.4064,3.76768e-05,0.0105753,0,530.2769994,2856.49,50.7874,56.2441,5.85156e-05,0.0125889,0,248.2924207,480.34,54.7325,8.77614,4.45158e-05,0.0128876,6,-338.2682962,216.323,29.8193,7.25446,3.95813e-05,0.0109499
120.800655,1,MANUAL,ARMED,1,AVAILABLE,UNAVAILABLE,UNAVAILABLE,103,5,PROGRAM_STOPPED,9,E_P1S-A3.NC,E_P1S-A3.NC,2073855.592,193844.312,5709.6,2059.0027,100,0.0,41,100,0,0,100,0.0,1223.78,59.9703,20.4064,3.76768e-05,0.0105753,0,530.2769994,2856.49,50.7874,56.2441,5.85156e-05,0.0125889,0,248.2924207,480.34,54.7325,8.77614,4.45158e-05,0.0128876,6,-338.2682962,216.323,29.8193,7.25446,3.95813e-05,0.0109499
120.953082,1,MANUAL,ARMED,1,AVAILABLE,UNAVAILABLE,UNAVAILABLE,103,5,PROGRAM_STOPPED,9,E_P1S-A3.NC,E_P1S-A3.NC,2073855.592,193844.312,5709.6,2059.0027,100,0.0,41,100,0,0,100,0.0,1175.8,57.8893,20.3112,2.35099e-05,0.0118936,0,530.2769994,2832.49,47.4382,59.7091,1.61456e-05,0.00764582,0,248.2924136,456.328,53.8188,8.47897,6.7875e-05,0.0156304,6,-338.2683076,216.324,31.4325,6.88218,0.000103919,0.0215496
121.101027,1,MANUAL,ARMED,1,AVAILABLE,UNAVAILABLE,UNAVAILABLE,103,5,PROGRAM_STOPPED,9,E_P1S-A3.NC,E_P1S-A3.NC,2073855.592,193844.312,5709.6,2059.0027,100,0.0,41,100,0,0,100,0.0,1175.8,57.8893,20.3112,2.35099e-05,0.0118936,0,530.2769994,2832.49,47.4382,59.7091,1.61456e-05,0.00764582,0,248.2924136,456.328,53.8188,8.47897,6.7875e-05,0.0156304,6,-338.2683076,216.324,31.4325,6.88218,0.000103919,0.0215496
121.243068,1,MANUAL,ARMED,1,AVAILABLE,UNAVAILABLE,UNAVAILABLE,103,5,PROGRAM_STOPPED,9,E_P1S-A3.NC,E_P1S-A3.NC,2073855.592,193844.312,5709.6,2056.3159,100,0.0,41,100,0,0,100,0.0,1175.8,57.8893,20.3112,2.35099e-05,0.0118936,0,530.2770065,2832.49,47.4382,59.7091,1.61456e-05,0.00764582,0,248.2924136,456.328,53.8188,8.47897,6.7875e-05,0.0156304,6,-338.2683076,216.324,31.4325,6.88218,0.000103919,0.0215496
121.392669,1,MANUAL,ARMED,1,AVAILABLE,UNAVAILABLE,UNAVAILABLE,103,5,PROGRAM_STOPPED,9,E_P1S-A3.NC,E_P1S-A3.NC,2073855.592,193844.312,5709.6,2056.3159,100,0.0,41,100,0,0,100,0.0,1175.8,57.8893,20.3112,2.35099e-05,0.0118936,0,530.2769994,2832.49,47.4382,59.7091,1.61456e-05,0.00764582,0,248.2924136,456.328,53.8188,8.47897,6.7875e-05,0.0156304,6,-338.2683076,216.324,31.4325,6.88218,0.000103919,0.0215496
121.539657,1,MANUAL,ARMED,1,AVAILABLE,UNAVAILABLE,UNAVAILABLE,103,5,PROGRAM_STOPPED,9,E_P1S-A3.NC,E_P1S-A3.NC,2073855.592,193844.312,5709.6,2056.3159,100,0.0,41,100,0,0,100,0.0,1175.8,57.8893,20.3112,2.35099e-05,0.0118936,0,530.2769922,2832.49,47.4382,59.7091,1.61456e-05,0.00764582,0,248.2924136,456.328,53.8188,8.47897,6.7875e-05,0.0156304,6,-338.2683076,216.324,31.4325,6.88218,0.000103919,0.0215496
121.693465,1,MANUAL,ARMED,1,AVAILABLE,UNAVAILABLE,UNAVAILABLE,103,5,PROGRAM_STOPPED,9,E_P1S-A3.NC,E_P1S-A3.NC,2073855.592,193844.312,5709.6,2056.3159,100,0.0,41,100,0,0,100,0.0,1175.8,57.8893,20.3112,2.35099e-05,0.0118936,0,530.2769994,2832.49,47.4382,59.7091,1.61456e-05,0.00764582,0,248.2924136,456.328,53.8188,8.47897,6.7875e-05,0.0156304,6,-338.2682962,216.324,31.4325,6.88218,0.000103919,0.0215496
121.857353,1,MANUAL,ARMED,1,AVAILABLE,UNAVAILABLE,UNAVAILABLE,103,5,PROGRAM_STOPPED,9,E_P1S-A3.NC,E_P1S-A3.NC,2073855.592,193844.312,5709.6,2056.3159,100,0.0,41,100,0,0,100,0.0,1151.8,65.5277,17.5773,2.04423e-05,0.011406,0,530.2769994,2832.49,41.5936,68.0992,7.33589e-05,0.0145967,0,248.2924136,432.307,52.4766,8.23809,3.63782e-05,0.00876694,6,-338.2682847,192.289,32.4906,5.9183,2.80635e-05,0.0112787
122.014395,1,MANUAL,ARMED,1,AVAILABLE,UNAVAILABLE,UNAVAILABLE,103,5,PROGRAM_STOPPED,9,E_P1S-A3.NC,E_P1S-A3.NC,2073855.592,193844.312,5709.6,2056.3159,100,0.0,41,100,0,0,100,0.0,1151.8,65.5277,17.5773,2.04423e-05,0.011406,0,530.2769994,2832.49,41.5936,68.0992,7.33589e-05,0.0145967,0,248.2924207,432.307,52.4766,8.23809,3.63782e-05,0.00876694,6,-338.2683076,192.289,32.4906,5.9183,2.80635e-05,0.0112787
122.163974,1,MANUAL,ARMED,1,AVAILABLE,UNAVAILABLE,UNAVAILABLE,103,5,PROGRAM_STOPPED,9,E_P1S-A3.NC,E_P1S-A3.NC,2073855.592,193844.312,5709.6,2051.2415,100,0.0,41,100,0,0,100,0.0,1151.8,65.5277,17.5773,2.04423e-05,0.011406,0,530.2769994,2832.49,41.5936,68.0992,7.33589e-05,0.0145967,0,248.2924136,432.307,52.4766,8.23809,3.63782e-05,0.00876694,6,-338.2682962,192.289,32.4906,5.9183,2.80635e-05,0.0112787
122.323204,1,MANUAL,ARMED,2,AVAILABLE,UNAVAILABLE,UNAVAILABLE,103,5,PROGRAM_STOPPED,9,E_P1S-A3.NC,E_P1S-A3.NC,2073855.592,193844.312,5709.6,2051.2415,100,0.0,41,100,0,0,100,0.0,1151.8,65.5277,17.5773,2.04423e-05,0.011406,0,530.2769922,2832.49,41.5936,68.0992,7.33589e-05,0.0145967,0,248.2924207,432.307,52.4766,8.23809,3.63782e-05,0.00876694,6,-338.2683076,192.289,32.4906,5.9183,2.80635e-05,0.0112787
122.516882,1,MANUAL,ARMED,2,AVAILABLE,UNAVAILABLE,UNAVAILABLE,103,5,PROGRAM_STOPPED,9,E_P1S-A3.NC,E_P1S-A3.NC,2073855.592,193844.312,5709.6,2051.2415,100,0.0,41,100,0,0,100,0.0,1151.8,65.5277,17.5773,2.04423e-05,0.011406,0,530.2769994,2832.49,41.5936,68.0992,7.33589e-05,0.0145967,0,248.2924207,432.307,52.4766,8.23809,3.63782e-05,0.00876694,6,-338.2682962,192.289,32.4906,5.9183,2.80635e-05,0.0112787
122.672362,1,MANUAL,ARMED,2,AVAILABLE,UNAVAILABLE,UNAVAILABLE,103,5,PROGRAM_STOPPED,9,E_P1S-A3.NC,E_P1S-A3.NC,2073855.592,193844.312,5709.6,2051.2415,100,0.0,41,100,0,0,100,0.0,1151.8,65.5277,17.5773,2.04423e-05,0.011406,0,530.2769994,2832.49,41.5936,68.0992,7.33589e-05,0.0145967,0,248.2924136,432.307,52.4766,8.23809,3.63782e-05,0.00876694,6,-338.2683076,192.289,32.4906,5.9183,2.80635e-05,0.0112787
122.824422,1,MANUAL,ARMED,2,AVAILABLE,UNAVAILABLE,UNAVAILABLE,103,5,PROGRAM_STOPPED,9,E_P1S-A3.NC,E_P1S-A3.NC,2073855.592,193844.312,5709.6,2051.2415,100,0.0,41,100,0,0,100,0.0,1151.8,65.5277,17.5773,2.04423e-05,0.011406,0,530.2769994,2832.49,41.5936,68.0992,7.33589e-05,0.0145967,0,248.2924207,432.307,52.4766,8.23809,3.63782e-05,0.00876694,6,-338.2682962,192.289,32.4906,5.9183,2.80635e-05,0.0112787
122.985862,1,MANUAL,ARMED,2,AVAILABLE,UNAVAILABLE,UNAVAILABLE,103,5,PROGRAM_STOPPED,9,E_P1S-A3.NC,E_P1S-A3.NC,2073855.592,193844.312,5709.6,2051.2415,100,0.0,41,100,0,0,100,0.0,1175.79,57.8675,20.3187,2.29975e-05,0.0106514,0,530.2769994,2880.5,44.0464,65.3969,3.6302e-05,0.00971936,0,248.2924207,456.328,52.6048,8.67465,1.46609e-05,0.00770657,6,-338.2682962,216.324,28.4462,7.60467,6.19589e-05,0.0141605
123.135273,1,MANUAL,ARMED,2,AVAILABLE,UNAVAILABLE,UNAVAILABLE,103,5,PROGRAM_STOPPED,9,E_P1S-A3.NC,E_P1S-A3.NC,2073855.592,193844.312,5709.6,2051.2415,100,0.0,41,100,0,0,100,0.0,1175.79,57.8675,20.3187,2.29975e-05,0.0106514,0,530.2769994,2880.5,44.0464,65.3969,3.6302e-05,0.00971936,0,248.2924136,456.328,52.6048,8.67465,1.46609e-05,0.00770657,6,-338.2682962,216.324,28.4462,7.60467,6.19589e-05,0.0141605
123.275406,1,MANUAL,ARMED,2,AVAILABLE,UNAVAILABLE,UNAVAILABLE,103,5,PROGRAM_STOPPED,9,E_P1S-A3.NC,E_P1S-A3.NC,2073855.592,193844.312,5709.6,2055.854,100,0.0,41,100,0,0,100,0.0,1175.79,57.8675,20.3187,2.29975e-05,0.0106514,0,530.2769994,2880.5,44.0464,65.3969,3.6302e-05,0.00971936,0,248.2924207,456.328,52.6048,8.67465,1.46609e-05,0.00770657,6,-338.2683076,216.324,28.4462,7.60467,6.19589e-05,0.0141605
123.415225,1,MANUAL,ARMED,2,AVAILABLE,UNAVAILABLE,UNAVAILABLE,103,5,PROGRAM_STOPPED,9,E_P1S-A3.NC,E_P1S-A3.NC,2073855.592,193844.312,5709.6,2055.854,100,0.0,41,100,0,0,100,0.0,1175.79,57.8675,20.3187,2.29975e-05,0.0106514,0,530.2769994,2880.5,44.0464,65.3969,3.6302e-05,0.00971936,0,248.2924136,456.328,52.6048,8.67465,1.46609e-05,0.00770657,6,-338.2683076,216.324,28.4462,7.60467,6.19589e-05,0.0141605
123.57224,1,MANUAL,ARMED,2,AVAILABLE,UNAVAILABLE,UNAVAILABLE,103,5,PROGRAM_STOPPED,9,E_P1S-A3.NC,E_P1S-A3.NC,2073855.592,193844.312,5709.6,2055.854,100,0.0,41,100,0,0,100,0.0,1175.79,57.8675,20.3187,2.29975e-05,0.0106514,0,530.2769994,2880.5,44.0464,65.3969,3.6302e-05,0.00971936,0,248.2924207,456.328,52.6048,8.67465,1.46609e-05,0.00770657,6,-338.2682962,216.324,28.4462,7.60467,6.19589e-05,0.0141605
123.726201,1,MANUAL,ARMED,2,AVAILABLE,UNAVAILABLE,UNAVAILABLE,103,5,PROGRAM_STOPPED,9,E_P1S-A3.NC,E_P1S-A3.NC,2073855.592,193844.312,5709.6,2055.854,100,0.0,41,100,0,0,100,0.0,1175.79,57.8675,20.3187,2.29975e-05,0.0106514,0,530.2769994,2880.5,44.0464,65.3969,3.6302e-05,0.00971936,0,248.2924207,456.328,52.6048,8.67465,1.46609e-05,0.00770657,6,-338.2682962,216.324,28.4462,7.60467,6.19589e-05,0.0141605
123.879959,1,MANUAL,ARMED,2,AVAILABLE,UNAVAILABLE,UNAVAILABLE,103,5,PROGRAM_STOPPED,9,E_P1S-A3.NC,E_P1S-A3.NC,2073855.592,193844.312,5709.6,2055.854,100,0.0,41,100,0,0,100,0.0,1175.79,57.8675,20.3187,2.29975e-05,0.0106514,0,530.2770065,2880.5,44.0464,65.3969,3.6302e-05,0.00971936,0,248.2924207,456.328,52.6048,8.67465,1.46609e-05,0.00770657,6,-338.2683076,216.324,28.4462,7.60467,6.19589e-05,0.0141605
124.040689,1,MANUAL,ARMED,2,AVAILABLE,UNAVAILABLE,UNAVAILABLE,103,5,PROGRAM_STOPPED,9,E_P1S-A3.NC,E_P1S-A3.NC,2073855.592,193844.312,5709.6,2055.854,100,0.0,41,100,0,0,100,0.0,1151.8,60.339,19.0888,3.64406e-05,0.0119829,0,530.2769994,2904.5,45.0071,64.5343,3.18508e-05,0.00934471,0,248.2924136,480.339,55.1263,8.71343,8.15302e-05,0.0156096,6,-338.2683076,192.288,31.251,6.15302,5.13873e-05,0.0130297
124.213325,1,MANUAL,ARMED,2,AVAILABLE,UNAVAILABLE,UNAVAILABLE,103,5,PROGRAM_STOPPED,9,E_P1S-A3.NC,E_P1S-A3.NC,2073855.592,193844.312,5709.6,2055.854,100,0.0,41,100,0,0,100,0.0,1151.8,60.339,19.0888,3.64406e-05,0.0119829,0,530.2769994,2904.5,45.0071,64.5343,3.18508e-05,0.00934471,0,248.2924207,480.339,55.1263,8.71343,8.15302e-05,0.0156096,6,-338.2682962,192.288,31.251,6.15302,5.13873e-05,0.0130297
124.377614,1,MANUAL,ARMED,2,AVAILABLE,UNAVAILABLE,UNAVAILABLE,103,5,PROGRAM_STOPPED,9,E_P1S-A3.NC,E_P1S-A3.NC,2073855.592,193844.312,5709.6,2055.854,100,0.0,41,100,0,0,100,0.0,1151.8,60.339,19.0888,3.64406e-05,0.0119829,0,530.2769994,2904.5,45.0071,64.5343,3.18508e-05,0.00934471,0,248.2924136,480.339,55.1263,8.71343,8.15302e-05,0.0156096,6,-338.2683076,192.288,31.251,6.15302,5.13873e-05,0.0130297
124.524601,1,MANUAL,ARMED,2,AVAILABLE,UNAVAILABLE,UNAVAILABLE,103,5,PROGRAM_STOPPED,9,E_P1S-A3.NC,E_P1S-A3.NC,2073855.592,193844.312,5709.6,2057.3306,100,0.0,41,100,0,0,100,0.0,1151.8,60.339,19.0888,3.64406e-05,0.0119829,0,530.2769994,2904.5,45.0071,64.5343,3.18508e-05,0.00934471,0,248.2924207,480.339,55.1263,8.71343,8.15302e-05,0.0156096,6,-338.2682962,192.288,31.251,6.15302,5.13873e-05,0.0130297
124.660931,1,MANUAL,ARMED,2,AVAILABLE,UNAVAILABLE,UNAVAILABLE,103,5,PROGRAM_STOPPED,9,E_P1S-A3.NC,E_P1S-A3.NC,2073855.592,193844.312,5709.6,2057.3306,100,0.0,41,100,0,0,100,0.0,1151.8,60.339,19.0888,3.64406e-05,0.0119829,0,530.2769994,2904.5,45.0071,64.5343,3.18508e-05,0.00934471,0,248.2924207,480.339,55.1263,8.71343,8.15302e-05,0.0156096,6,-338.2682962,192.288,31.251,6.15302,5.13873e-05,0.0130297
124.798614,1,MANUAL,ARMED,2,AVAILABLE,UNAVAILABLE,UNAVAILABLE,103,5,PROGRAM_STOPPED,9,E_P1S-A3.NC,E_P1S-A3.NC,2073855.592,193844.312,5709.6,2057.3306,100,0.0,41,100,0,0,100,0.0,1151.8,60.339,19.0888,3.64406e-05,0.0119829,0,530.2769994,2904.5,45.0071,64.5343,3.18508e-05,0.00934471,0,248.2924136,480.339,55.1263,8.71343,8.15302e-05,0.0156096,6,-338.2682962,192.288,31.251,6.15302,5.13873e-05,0.0130297
124.960242,1,MANUAL,ARMED,2,AVAILABLE,UNAVAILABLE,UNAVAILABLE,103,5,PROGRAM_STOPPED,9,E_P1S-A3.NC,E_P1S-A3.NC,2073855.592,193844.312,5709.6,2057.3306,100,0.0,41,100,0,0,100,0.0,1151.8,60.339,19.0888,3.64406e-05,0.0119829,0,530.2769994,2904.5,45.0071,64.5343,3.18508e-05,0.00934471,0,248.2924207,480.339,55.1263,8.71343,8.15302e-05,0.0156096,6,-338.2682962,192.288,31.251,6.15302,5.13873e-05,0.0130297
125.100333,1,MANUAL,ARMED,2,AVAILABLE,UNAVAILABLE,UNAVAILABLE,103,5,PROGRAM_STOPPED,9,E_P1S-A3.NC,E_P1S-A3.NC,2073855.592,193844.312,5709.6,2057.3306,100,0.0,41,100,0,0,100,0.0,1247.78,59.6014,20.9354,5.14628e-05,0.0122176,0,530.2769922,2976.51,43.5067,68.415,2.84994e-05,0.00998918,0,248.2924136,456.322,52.9513,8.61777,1.50909e-05,0.00723544,6,-338.2682962,216.324,37.2385,5.80915,9.01488e-05,0.0220643
125.242587,1,MANUAL,ARMED,2,AVAILABLE,UNAVAILABLE,UNAVAILABLE,103,5,PROGRAM_STOPPED,9,E_P1S-A3.NC,E_P1S-A3.NC,2073855.592,193844.312,5709.6,2057.3306,100,0.0,41,100,0,0,100,0.0,1247.78,59.6014,20.9354,5.14628e-05,0.0122176,0,530.2769994,2976.51,43.5067,68.415,2.84994e-05,0.00998918,0,248.2924136,456.322,52.9513,8.61777,1.50909e-05,0.00723544,6,-338.2682962,216.324,37.2385,5.80915,9.01488e-05,0.0220643
125.387615,1,MANUAL,ARMED,2,AVAILABLE,UNAVAILABLE,UNAVAILABLE,103,5,PROGRAM_STOPPED,9,E_P1S-A3.NC,E_P1S-A3.NC,2073855.592,193844.312,5709.6,2057.3306,100,0.0,41,100,0,0,100,0.0,1247.78,59.6014,20.9354,5.14628e-05,0.0122176,0,530.2769994,2976.51,43.5067,68.415,2.84994e-05,0.00998918,0,248.2924207,456.322,52.9513,8.61777,1.50909e-05,0.00723544,6,-338.2682962,216.324,37.2385,5.80915,9.01488e-05,0.0220643
125.535399,1,MANUAL,ARMED,2,AVAILABLE,UNAVAILABLE,UNAVAILABLE,103,5,PROGRAM_STOPPED,9,E_P1S-A3.NC,E_P1S-A3.NC,2073855.592,193844.312,5709.6,2055.1841,100,0.0,41,100,0,0,100,0.0,1247.78,59.6014,20.9354,5.14628e-05,0.0122176,0,530.2769994,2976.51,43.5067,68.415,2.84994e-05,0.00998918,0,248.2924136,456.322,52.9513,8.61777,1.50909e-05,0.00723544,6,-338.2682962,216.324,37.2385,5.80915,9.01488e-05,0.0220643
125.684787,1,MANUAL,ARMED,2,AVAILABLE,UNAVAILABLE,UNAVAILABLE,103,5,PROGRAM_STOPPED,9,E_P1S-A3.NC,E_P1S-A3.NC,2073855.592,193844.312,5709.6,2055.1841,100,0.0,41,100,0,0,100,0.0,1247.78,59.6014,20.9354,5.14628e-05,0.0122176,0,530.2769994,2976.51,43.5067,68.415,2.84994e-05,0.00998918,0,248.2924136,456.322,52.9513,8.61777,1.50909e-05,0.00723544,6,-338.2683076,216.324,37.2385,5.80915,9.01488e-05,0.0220643
125.847189,1,MANUAL,ARMED,2,AVAILABLE,UNAVAILABLE,UNAVAILABLE,103,5,PROGRAM_STOPPED,9,E_P1S-A3.NC,E_P1S-A3.NC,2073855.592,193844.312,5709.6,2055.1841,100,0.0,41,100,0,0,100,0.0,1247.78,59.6014,20.9354,5.14628e-05,0.0122176,0,530.2769994,2976.51,43.5067,68.415,2.84994e-05,0.00998918,0,248.2924136,456.322,52.9513,8.61777,1.50909e-05,0.00723544,6,-338.2683076,216.324,37.2385,5.80915,9.01488e-05,0.0220643
125.987391,1,MANUAL,ARMED,2,AVAILABLE,UNAVAILABLE,UNAVAILABLE,103,5,PROGRAM_STOPPED,9,E_P1S-A3.NC,E_P1S-A3.NC,2073855.592,193844.312,5709.6,2055.1841,100,0.0,41,100,0,0,100,0.0,1247.78,59.6014,20.9354,5.14628e-05,0.0122176,0,530.2769994,2976.51,43.5067,68.415,2.84994e-05,0.00998918,0,248.2924207,456.322,52.9513,8.61777,1.50909e-05,0.00723544,6,-338.2683076,216.324,37.2385,5.80915,9.01488e-05,0.0220643
126.137207,1,MANUAL,ARMED,2,AVAILABLE,UNAVAILABLE,UNAVAILABLE,103,5,PROGRAM_STOPPED,9,E_P1S-A3.NC,E_P1S-A3.NC,2073855.592,193844.312,5709.6,2055.1841,100,0.0,41,100,0,0,100,0.0,1175.79,59.8498,19.6457,4.92196e-05,0.0126912,0,530.2769994,2832.49,43.8227,64.6352,2.03133e-05,0.00879656,0,248.2924136,408.292,53.3303,7.65591,2.04591e-05,0.00852088,6,-338.2683076,216.323,35.4591,6.10063,8.5749e-05,0.0177628
126.283384,1,MANUAL,ARMED,2,AVAILABLE,UNAVAILABLE,UNAVAILABLE,103,5,PROGRAM_STOPPED,9,E_P1S-A3.NC,E_P1S-A3.NC,2073855.592,193844.312,5709.6,2055.1841,100,0.0,41,100,0,0,100,0.0,1175.79,59.8498,19.6457,4.92196e-05,0.0126912,0,530.2769994,2832.49,43.8227,64.6352,2.03133e-05,0.00879656,0,248.2924207,408.292,53.3303,7.65591,2.04591e-05,0.00852088,6,-338.2682962,216.323,35.4591,6.10063,8.5749e-05,0.0177628
126.432926,1,MANUAL,ARMED,2,AVAILABLE,UNAVAILABLE,UNAVAILABLE,103,5,PROGRAM_STOPPED,9,E_P1S-A3.NC,E_P1S-A3.NC,2073855.592,193844.312,5709.6,2055.1841,100,0.0,41,100,0,0,100,0.0,1175.79,59.8498,19.6457,4.92196e-05,0.0126912,0,530.2769994,2832.49,43.8227,64.6352,2.03133e-05,0.00879656,0,248.2924207,408.292,53.3303,7.65591,2.04591e-05,0.00852088,6,-338.2682962,216.323,35.4591,6.10063,8.5749e-05,0.0177628
126.573696,1,MANUAL,ARMED,2,AVAILABLE,UNAVAILABLE,UNAVAILABLE,103,5,PROGRAM_STOPPED,9,E_P1S-A3.NC,E_P1S-A3.NC,2073855.592,193844.312,5709.6,2057.103,100,0.0,41,100,0,0,100,0.0,1175.79,59.8498,19.6457,4.92196e-05,0.0126912,0,530.2769994,2832.49,43.8227,64.6352,2.03133e-05,0.00879656,0,248.2924136,408.292,53.3303,7.65591,2.04591e-05,0.00852088,6,-338.2682962,216.323,35.4591,6.10063,8.5749e-05,0.0177628
126.725332,1,MANUAL,ARMED,2,AVAILABLE,UNAVAILABLE,UNAVAILABLE,103,5,PROGRAM_STOPPED,9,E_P1S-A3.NC,E_P1S-A3.NC,2073855.592,193844.312,5709.6,2057.103,100,0.0,41,100,0,0,100,0.0,1175.79,59.8498,19.6457,4.92196e-05,0.0126912,0,530.2770065,2832.49,43.8227,64.6352,2.03133e-05,0.00879656,0,248.2924136,408.292,53.3303,7.65591,2.04591e-05,0.00852088,6,-338.2683076,216.323,35.4591,6.10063,8.5749e-05,0.0177628
126.874577,1,MANUAL,ARMED,2,AVAILABLE,UNAVAILABLE,UNAVAILABLE,103,5,PROGRAM_STOPPED,9,E_P1S-A3.NC,E_P1S-A3.NC,2073855.592,193844.312,5709.6,2057.103,100,0.0,41,100,0,0,100,0.0,1175.79,59.8498,19.6457,4.92196e-05,0.0126912,0,530.2769994,2832.49,43.8227,64.6352,2.03133e-05,0.00879656,0,248.2924207,408.292,53.3303,7.65591,2.04591e-05,0.00852088,6,-338.2682962,216.323,35.4591,6.10063,8.5749e-05,0.0177628
127.016912,1,MANUAL,ARMED,2,AVAILABLE,UNAVAILABLE,UNAVAILABLE,103,5,PROGRAM_STOPPED,9,E_P1S-A3.NC,E_P1S-A3.NC,2073855.592,193844.312,5709.6,2057.103,100,0.0,41,100,0,0,100,0.0,1175.79,59.8498,19.6457,4.92196e-05,0.0126912,0,530.2769994,2832.49,43.8227,64.6352,2.03133e-05,0.00879656,0,248.2924207,408.292,53.3303,7.65591,2.04591e-05,0.00852088,6,-338.2682962,216.323,35.4591,6.10063,8.5749e-05,0.0177628
127.155862,1,MANUAL,ARMED,2,AVAILABLE,UNAVAILABLE,UNAVAILABLE,103,5,PROGRAM_STOPPED,9,E_P1S-A3.NC,E_P1S-A3.NC,2073855.592,193844.312,5709.6,2057.103,100,0.0,41,100,0,0,100,0.0,1175.79,58.8816,19.9687,0.000231377,0.0394399,0,530.2769994,2880.5,43.0901,66.8483,6.79482e-05,0.0197158,0,248.2924136,456.325,52.1471,8.75073,8.54293e-05,0.0208972,6,-338.2682962,216.324,30.2322,7.15542,9.41649e-05,0.028298
127.307225,1,MANUAL,ARMED,2,AVAILABLE,UNAVAILABLE,UNAVAILABLE,103,5,PROGRAM_STOPPED,9,E_P1S-A3.NC,E_P1S-A3.NC,2073855.592,193844.312,5709.6,2057.103,100,0.0,41,100,0,0,100,0.0,1175.79,58.8816,19.9687,0.000231377,0.0394399,0,530.2769994,2880.5,43.0901,66.8483,6.79482e-05,0.0197158,0,248.2924207,456.325,52.1471,8.75073,8.54293e-05,0.0208972,6,-338.2683076,216.324,30.2322,7.15542,9.41649e-05,0.028298
127.454968,1,MANUAL,ARMED,2,AVAILABLE,UNAVAILABLE,UNAVAILABLE,103,5,PROGRAM_STOPPED,9,E_P1S-A3.NC,E_P1S-A3.NC,2073855.592,193844.312,5709.6,2057.103,100,0.0,41,100,0,0,100,0.0,1175.79,58.8816,19.9687,0.000231377,0.0394399,0,530.2770065,2880.5,43.0901,66.8483,6.79482e-05,0.0197158,0,248.2924207,456.325,52.1471,8.75073,8.54293e-05,0.0208972,6,-338.2682962,216.324,30.2322,7.15542,9.41649e-05,0.028298
127.598255,1,MANUAL,ARMED,2,AVAILABLE,UNAVAILABLE,UNAVAILABLE,103,5,PROGRAM_STOPPED,9,E_P1S-A3.NC,E_P1S-A3.NC,2073855.592,193844.312,5709.6,2057.103,100,0.0,41,100,0,0,100,0.0,1175.79,58.8816,19.9687,0.000231377,0.0394399,0,530.2769994,2880.5,43.0901,66.8483,6.79482e-05,0.0197158,0,248.2924136,456.325,52.1471,8.75073,8.54293e-05,0.0208972,6,-338.2683076,216.324,30.2322,7.15542,9.41649e-05,0.028298
127.748063,1,MANUAL,ARMED,2,AVAILABLE,UNAVAILABLE,UNAVAILABLE,103,5,PROGRAM_STOPPED,9,E_P1S-A3.NC,E_P1S-A3.NC,2073855.592,193844.312,5709.6,2055.5742,100,0.0,41,100,0,0,100,0.0,1175.79,58.8816,19.9687,0.000231377,0.0394399,0,530.2769994,2880.5,43.0901,66.8483,6.79482e-05,0.0197158,0,248.2924207,456.325,52.1471,8.75073,8.54293e-05,0.0208972,6,-338.2682962,216.324,30.2322,7.15542,9.41649e-05,0.028298
127.903178,1,MANUAL,ARMED,2,AVAILABLE,UNAVAILABLE,UNAVAILABLE,103,5,PROGRAM_STOPPED,9,E_P1S-A3.NC,E_P1S-A3.NC,2073855.592,193844.312,5709.6,2055.5742,100,0.0,41,100,0,0,100,0.0,1175.79,58.8816,19.9687,0.000231377,0.0394399,0,530.2769994,2880.5,43.0901,66.8483,6.79482e-05,0.0197158,0,248.2924207,456.325,52.1471,8.75073,8.54293e-05,0.0208972,6,-338.2682962,216.324,30.2322,7.15542,9.41649e-05,0.028298
128.06106,1,MANUAL,ARMED,2,AVAILABLE,UNAVAILABLE,UNAVAILABLE,103,5,PROGRAM_STOPPED,9,E_P1S-A3.NC,E_P1S-A3.NC,2073855.592,193844.312,5709.6,2055.5742,100,0.0,41,100,0,0,100,0.0,1175.79,58.8816,19.9687,0.000231377,0.0394399,0,530.2769994,2880.5,43.0901,66.8483,6.79482e-05,0.0197158,0,248.2924136,456.325,52.1471,8.75073,8.54293e-05,0.0208972,6,-338.2682962,216.324,30.2322,7.15542,9.41649e-05,0.028298
128.204198,1,MANUAL,ARMED,2,AVAILABLE,UNAVAILABLE,UNAVAILABLE,103,5,PROGRAM_STOPPED,9,E_P1S-A3.NC,E_P1S-A3.NC,2073855.592,193844.312,5709.6,2055.5742,100,0.0,41,100,0,0,100,0.0,1175.79,57.2468,20.539,0.000243138,0.0475387,0,530.2769994,2880.49,50.3441,57.216,0.000153769,0.0386961,0,248.2924136,432.307,51.1609,8.44995,1.90931e-05,0.0090793,6,-338.2682962,216.322,42.8897,5.04368,0.000354895,0.0631735
128.353166,1,MANUAL,ARMED,2,AVAILABLE,UNAVAILABLE,UNAVAILABLE,103,5,PROGRAM_STOPPED,9,E_P1S-A3.NC,E_P1S-A3.NC,2073855.592,193844.312,5709.6,2055.5742,100,0.0,41,100,0,0,100,0.0,1175.79,57.2468,20.539,0.000243138,0.0475387,0,530.2769994,2880.49,50.3441,57.216,0.000153769,0.0386961,0,248.2924207,432.307,51.1609,8.44995,1.90931e-05,0.0090793,6,-338.2682962,216.322,42.8897,5.04368,0.000354895,0.0631735
128.508499,1,MANUAL,ARMED,2,AVAILABLE,UNAVAILABLE,UNAVAILABLE,103,5,PROGRAM_STOPPED,9,E_P1S-A3.NC,E_P1S-A3.NC,2073855.592,193844.312,5709.6,2055.5742,100,0.0,41,100,0,0,100,0.0,1175.79,57.2468,20.539,0.000243138,0.0475387,0,530.2769994,2880.49,50.3441,57.216,0.000153769,0.0386961,0,248.2924136,432.307,51.1609,8.44995,1.90931e-05,0.0090793,6,-338.2682962,216.322,42.8897,5.04368,0.000354895,0.0631735
128.658656,1,MANUAL,ARMED,2,AVAILABLE,UNAVAILABLE,UNAVAILABLE,103,5,PROGRAM_STOPPED,9,E_P1S-A3.NC,E_P1S-A3.NC,2073855.592,193844.312,5709.6,2055.5742,100,0.0,41,100,0,0,100,0.0,1175.79,57.2468,20.539,0.000243138,0.0475387,0,530.2769994,2880.49,50.3441,57.216,0.000153769,0.0386961,0,248.2924064,432.307,51.1609,8.44995,1.90931e-05,0.0090793,6,-338.2683076,216.322,42.8897,5.04368,0.000354895,0.0631735
128.824307,1,MANUAL,ARMED,2,AVAILABLE,UNAVAILABLE,UNAVAILABLE,103,5,PROGRAM_STOPPED,9,E_P1S-A3.NC,E_P1S-A3.NC,2073855.592,193844.312,5709.6,2055.5742,100,0.0,41,100,0,0,100,0.0,1175.79,57.2468,20.539,0.000243138,0.0475387,0,530.2769994,2880.49,50.3441,57.216,0.000153769,0.0386961,0,248.2924136,432.307,51.1609,8.44995,1.90931e-05,0.0090793,6,-338.2682962,216.322,42.8897,5.04368,0.000354895,0.0631735
128.97301,1,MANUAL,ARMED,2,AVAILABLE,UNAVAILABLE,UNAVAILABLE,103,5,PROGRAM_STOPPED,9,E_P1S-A3.NC,E_P1S-A3.NC,2073855.592,193844.312,5709.6,2055.5742,100,0.0,41,100,0,0,100,0.0,1175.79,57.2468,20.539,0.000243138,0.0475387,0,530.2769994,2880.49,50.3441,57.216,0.000153769,0.0386961,0,248.2924064,432.307,51.1609,8.44995,1.90931e-05,0.0090793,6,-338.2682962,216.322,42.8897,5.04368,0.000354895,0.0631735
129.125231,1,MANUAL,ARMED,2,AVAILABLE,UNAVAILABLE,UNAVAILABLE,103,5,PROGRAM_STOPPED,9,E_P1S-A3.NC,E_P1S-A3.NC,2073855.592,193844.312,5709.6,2055.5742,100,0.0,41,100,0,0,100,0.0,1175.79,57.2468,20.539,0.000243138,0.0475387,0,530.2769994,2880.49,50.3441,57.216,0.000153769,0.0386961,0,248.2924136,432.307,51.1609,8.44995,1.90931e-05,0.0090793,6,-338.2682962,216.322,42.8897,5.04368,0.000354895,0.0631735
129.268958,1,MANUAL,ARMED,2,AVAILABLE,UNAVAILABLE,UNAVAILABLE,103,5,PROGRAM_STOPPED,9,E_P1S-A3.NC,E_P1S-A3.NC,2073855.592,193844.312,5709.6,2055.5742,100,0.0,41,100,0,0,100,0.0,1175.79,57.2468,20.539,0.000243138,0.0475387,0,530.2769994,2880.49,50.3441,57.216,0.000153769,0.0386961,0,248.2924351,432.307,51.1609,8.44995,1.90931e-05,0.0090793,6,-338.2682962,216.322,42.8897,5.04368,0.000354895,0.0631735
129.414364,1,MANUAL,ARMED,2,AVAILABLE,UNAVAILABLE,UNAVAILABLE,103,5,PROGRAM_STOPPED,9,E_P1S-A3.NC,E_P1S-A3.NC,2073855.592,193844.312,5709.6,2055.5742,100,0.0,41,100,0,0,100,0.0,1175.79,57.2468,20.539,0.000243138,0.0475387,0,530.2769994,2880.49,50.3441,57.216,0.000153769,0.0386961,0,248.2924279,432.307,51.1609,8.44995,1.90931e-05,0.0090793,6,-338.2682962,216.322,42.8897,5.04368,0.000354895,0.0631735
