time,COR_Status,Controller_Mode,EStop_State,Machine_Mode,avail,dev_asset_chg,dev_asset_rem,Block_Number,Current_Tool,Execution,Part_Count,Program_Name_Editing,Program_Name_Running,Machine_Time,Spindle_Time,energy,watt,Feed_Override,Feed_Rate,Program_Runtime_Seconds,Rapid_Override,Rapid_Speed,S_Axis_Load,Spindle_Override,Spindle_Speed,smapeak,smarms,smcrest,smdisp,smvrms,X_Axis_Load,X_Position,xmapeak,xmarms,xmcrest,xmdisp,xmvrms,Y_Axis_Load,Y_Position,ymapeak,ymarms,ymcrest,ymdisp,ymvrms,Z_Axis_Load,Z_Position,zmapeak,zmarms,zmcrest,zmdisp,zmvrms
0.0,1,AUTO,ARMED,4,AVAILABLE,UNAVAILABLE,UNAVAILABLE,0,1,ERROR,2,A_N2-A3.NC,A_N2-A3.NC,2059083.502,190601.037,5699.3,2046.3751,100,0.0,39,100,0,0,100,0.0,2951.47,57.8042,51.0598,3.27448e-05,0.0128826,0,568.5248495,2256.39,34.2208,65.9362,9.37699e-05,0.0179949,0,252.1649894,360.257,49.7767,7.23746,2.20028e-05,0.0075531,7,-30.31976735,192.288,31.1842,6.1662,0.000146706,0.0258573
0.163859,1,AUTO,ARMED,4,AVAILABLE,UNAVAILABLE,UNAVAILABLE,0,1,ERROR,2,A_N2-A3.NC,A_N2-A3.NC,2059083.502,190601.037,5699.3,2049.0037,100,0.0,39,100,0,0,100,0.0,2951.47,57.8042,51.0598,3.27448e-05,0.0128826,0,568.5248566,2256.39,34.2208,65.9362,9.37699e-05,0.0179949,0,252.1649823,360.257,49.7767,7.23746,2.20028e-05,0.0075531,7,-30.31977879,192.288,31.1842,6.1662,0.000146706,0.0258573
0.316108,1,AUTO,ARMED,4,AVAILABLE,UNAVAILABLE,UNAVAILABLE,0,1,ERROR,2,A_N2-A3.NC,A_N2-A3.NC,2059083.502,190601.037,5699.3,2049.0037,100,0.0,39,100,0,0,100,0.0,2951.47,57.8042,51.0598,3.27448e-05,0.0128826,0,568.5248495,2256.39,34.2208,65.9362,9.37699e-05,0.0179949,0,252.1649823,360.257,49.7767,7.23746,2.20028e-05,0.0075531,7,-30.31977879,192.288,31.1842,6.1662,0.000146706,0.0258573
0.476915,1,AUTO,ARMED,4,AVAILABLE,UNAVAILABLE,UNAVAILABLE,0,1,ERROR,2,A_N2-A3.NC,A_N2-A3.NC,2059083.502,190601.037,5699.3,2049.0037,100,0.0,39,100,0,0,100,0.0,2951.47,57.8042,51.0598,3.27448e-05,0.0128826,0,568.5248566,2256.39,34.2208,65.9362,9.37699e-05,0.0179949,0,252.1649823,360.257,49.7767,7.23746,2.20028e-05,0.0075531,7,-30.31976735,192.288,31.1842,6.1662,0.000146706,0.0258573
0.616758,1,AUTO,ARMED,4,AVAILABLE,UNAVAILABLE,UNAVAILABLE,0,1,ERROR,2,A_N2-A3.NC,A_N2-A3.NC,2059083.502,190601.037,5699.3,2049.0037,100,0.0,39,100,0,0,100,0.0,2951.47,57.8042,51.0598,3.27448e-05,0.0128826,0,568.5248495,2256.39,34.2208,65.9362,9.37699e-05,0.0179949,0,252.1649823,360.257,49.7767,7.23746,2.20028e-05,0.0075531,7,-30.31976735,192.288,31.1842,6.1662,0.000146706,0.0258573
0.755531,1,AUTO,ARMED,4,AVAILABLE,UNAVAILABLE,UNAVAILABLE,0,1,ERROR,2,A_N2-A3.NC,A_N2-A3.NC,2059083.502,190601.037,5699.3,2049.0037,100,0.0,39,100,0,0,100,0.0,2903.48,52.8851,54.9017,9.06123e-05,0.0185053,0,568.5248495,2280.4,32.8773,69.3609,5.35543e-05,0.0126762,0,252.1649823,360.256,50.3466,7.15552,2.17707e-05,0.00730234,7,-30.31976735,216.322,32.7652,6.60219,6.98459e-05,0.0210163
0.895779,1,AUTO,ARMED,4,AVAILABLE,UNAVAILABLE,UNAVAILABLE,0,1,ERROR,2,A_N2-A3.NC,A_N2-A3.NC,2059083.502,190601.037,5699.3,2046.3036,100,0.0,39,100,0,0,100,0.0,2903.48,52.8851,54.9017,9.06123e-05,0.0185053,0,568.5248566,2280.4,32.8773,69.3609,5.35543e-05,0.0126762,0,252.1649823,360.256,50.3466,7.15552,2.17707e-05,0.00730234,7,-30.31977879,216.322,32.7652,6.60219,6.98459e-05,0.0210163
1.050754,1,AUTO,ARMED,4,AVAILABLE,UNAVAILABLE,UNAVAILABLE,0,1,ERROR,2,A_N2-A3.NC,A_N2-A3.NC,2059083.502,190601.037,5699.3,2046.3036,100,0.0,39,100,0,0,100,0.0,2903.48,52.8851,54.9017,9.06123e-05,0.0185053,0,568.5248566,2280.4,32.8773,69.3609,5.35543e-05,0.0126762,0,252.1649823,360.256,50.3466,7.15552,2.17707e-05,0.00730234,7,-30.31976735,216.322,32.7652,6.60219,6.98459e-05,0.0210163
1.199731,1,AUTO,ARMED,4,AVAILABLE,UNAVAILABLE,UNAVAILABLE,0,1,ERROR,2,A_N2-A3.NC,A_N2-A3.NC,2059083.502,190601.037,5699.3,2046.3036,100,0.0,39,100,0,0,100,0.0,2903.48,52.8851,54.9017,9.06123e-05,0.0185053,0,568.5248566,2280.4,32.8773,69.3609,5.35543e-05,0.0126762,0,252.1649823,360.256,50.3466,7.15552,2.17707e-05,0.00730234,7,-30.31977879,216.322,32.7652,6.60219,6.98459e-05,0.0210163
1.655327,1,AUTO,ARMED,4,AVAILABLE,UNAVAILABLE,UNAVAILABLE,0,1,ERROR,2,A_N2-A3.NC,A_N2-A3.NC,2059083.502,190601.037,5699.3,2046.3036,100,0.0,39,100,0,0,100,0.0,2903.48,52.8851,54.9017,9.06123e-05,0.0185053,0,568.5248566,2280.4,32.8773,69.3609,5.35543e-05,0.0126762,0,252.1649823,360.256,50.3466,7.15552,2.17707e-05,0.00730234,7,-30.31976735,216.322,32.7652,6.60219,6.98459e-05,0.0210163
1.799473,1,AUTO,ARMED,4,AVAILABLE,UNAVAILABLE,UNAVAILABLE,0,1,ERROR,2,A_N2-A3.NC,A_N2-A3.NC,2059083.502,190601.037,5699.3,2046.3036,100,0.0,39,100,0,0,100,0.0,2903.48,52.8851,54.9017,9.06123e-05,0.0185053,0,568.5248566,2280.4,32.8773,69.3609,5.35543e-05,0.0126762,0,252.1649823,360.256,50.3466,7.15552,2.17707e-05,0.00730234,7,-30.31976735,216.322,32.7652,6.60219,6.98459e-05,0.0210163
1.942051,1,AUTO,ARMED,4,AVAILABLE,UNAVAILABLE,UNAVAILABLE,0,1,ERROR,2,A_N2-A3.NC,A_N2-A3.NC,2059083.502,190601.037,5699.3,2046.3036,100,0.0,39,100,0,0,100,0.0,2903.48,52.8851,54.9017,9.06123e-05,0.0185053,0,568.5248566,2280.4,32.8773,69.3609,5.35543e-05,0.0126762,0,252.1649823,360.256,50.3466,7.15552,2.17707e-05,0.00730234,7,-30.31976735,216.322,32.7652,6.60219,6.98459e-05,0.0210163
2.08424,1,AUTO,ARMED,4,AVAILABLE,UNAVAILABLE,UNAVAILABLE,0,1,ERROR,2,A_N2-A3.NC,A_N2-A3.NC,2059083.502,190601.037,5699.3,2046.3036,100,0.0,39,100,0,0,100,0.0,2951.48,52.9106,55.7824,9.88279e-05,0.0196745,0,568.5248495,2280.4,31.023,73.5068,2.4558e-05,0.00824236,0,252.1649823,360.253,50.9975,7.06413,1.68697e-05,0.00636773,7,-30.31976735,192.289,31.4801,6.10827,8.27614e-05,0.0231427
2.225973,1,AUTO,ARMED,4,AVAILABLE,UNAVAILABLE,UNAVAILABLE,0,1,ERROR,2,A_N2-A3.NC,A_N2-A3.NC,2059083.502,190601.037,5699.3,2226.6943,100,0.0,39,100,0,0,100,0.0,2951.48,52.9106,55.7824,9.88279e-05,0.0196745,0,568.5248495,2280.4,31.023,73.5068,2.4558e-05,0.00824236,0,252.1649894,360.253,50.9975,7.06413,1.68697e-05,0.00636773,7,-30.31977879,192.289,31.4801,6.10827,8.27614e-05,0.0231427
2.368892,1,AUTO,ARMED,5,AVAILABLE,UNAVAILABLE,UNAVAILABLE,0,1,ACTIVE,2,A_N2-A3.NC,A_N2-A3.NC,2059083.502,190601.037,5699.3,2226.6943,100,0.0,0,100,0,0,100,0.0,2951.48,52.9106,55.7824,9.88279e-05,0.0196745,0,568.5248495,2280.4,31.023,73.5068,2.4558e-05,0.00824236,0,252.1649894,360.253,50.9975,7.06413,1.68697e-05,0.00636773,7,-30.31977879,192.289,31.4801,6.10827,8.27614e-05,0.0231427
2.506169,1,AUTO,ARMED,5,AVAILABLE,UNAVAILABLE,UNAVAILABLE,0,1,ACTIVE,2,A_N2-A3.NC,A_N2-A3.NC,2059083.502,190601.037,5699.3,2226.6943,100,0.0,0,100,0,0,100,0.0,2951.48,52.9106,55.7824,9.88279e-05,0.0196745,0,568.5248566,2280.4,31.023,73.5068,2.4558e-05,0.00824236,0,252.1649823,360.253,50.9975,7.06413,1.68697e-05,0.00636773,7,-30.31976735,192.289,31.4801,6.10827,8.27614e-05,0.0231427
2.658852,1,AUTO,ARMED,5,AVAILABLE,UNAVAILABLE,UNAVAILABLE,4,1,ACTIVE,2,A_N2-A3.NC,A_N2-A3.NC,2059083.502,190601.037,5699.3,2226.6943,100,0.0,0,100,0,0,100,0.0,2951.48,52.9106,55.7824,9.88279e-05,0.0196745,0,568.5248566,2280.4,31.023,73.5068,2.4558e-05,0.00824236,0,252.1649823,360.253,50.9975,7.06413,1.68697e-05,0.00636773,7,-30.31976735,192.289,31.4801,6.10827,8.27614e-05,0.0231427
2.806511,1,AUTO,ARMED,5,AVAILABLE,UNAVAILABLE,UNAVAILABLE,6,1,ACTIVE,2,A_N2-A3.NC,A_N2-A3.NC,2059083.502,190601.037,5699.3,2226.6943,100,0.0,0,100,0,0,100,0.0,2951.48,52.9106,55.7824,9.88279e-05,0.0196745,0,568.5248495,2280.4,31.023,73.5068,2.4558e-05,0.00824236,0,252.1649823,360.253,50.9975,7.06413,1.68697e-05,0.00636773,1,-30.68462155,192.289,31.4801,6.10827,8.27614e-05,0.0231427
2.945947,1,AUTO,ARMED,5,AVAILABLE,UNAVAILABLE,UNAVAILABLE,6,1,ACTIVE,2,A_N2-A3.NC,A_N2-A3.NC,2059083.502,190601.037,5699.3,2226.6943,100,190.05,0,100,0,0,100,0.0,2951.48,52.9106,55.7824,9.88279e-05,0.0196745,1,568.5290235,2280.4,31.023,73.5068,2.4558e-05,0.00824236,0,252.1649925,360.253,50.9975,7.06413,1.68697e-05,0.00636773,14,-62.89789138,192.289,31.4801,6.10827,8.27614e-05,0.0231427
3.117474,1,AUTO,ARMED,5,AVAILABLE,UNAVAILABLE,UNAVAILABLE,7,1,ACTIVE,2,A_N2-A3.NC,A_N2-A3.NC,2059083.502,190601.037,5699.3,2226.6943,100,152.7833,0,100,0,0,100,0.0,38033.2,156.161,243.551,5.65084e-05,0.0561924,1,565.9078004,70260.1,122.27,574.631,0.000113641,0.0820693,0,253.9368102,5427.88,82.7931,65.5596,3.60654e-05,0.0168162,14,-67.45612244,1201.81,125.315,9.59031,0.000253573,0.0880629
3.280266,1,AUTO,ARMED,5,AVAILABLE,UNAVAILABLE,UNAVAILABLE,7,1,ACTIVE,2,A_N2-A3.NC,A_N2-A3.NC,2059083.502,190601.037,5699.3,3651.8704,100,147.6,0,100,0,0,100,0.0,38033.2,156.161,243.551,5.65084e-05,0.0561924,0,550.9187224,70260.1,122.27,574.631,0.000113641,0.0820693,0,264.0890314,5427.88,82.7931,65.5596,3.60654e-05,0.0168162,5,-67.47246166,1201.81,125.315,9.59031,0.000253573,0.0880629
3.441455,1,AUTO,ARMED,5,AVAILABLE,UNAVAILABLE,UNAVAILABLE,8,1,ACTIVE,2,A_N2-A3.NC,A_N2-A3.NC,2059083.502,190601.037,5699.3,3651.8704,100,39.78333,1,100,0,0,100,0.0,38033.2,156.161,243.551,5.65084e-05,0.0561924,0,536.8594973,70260.1,122.27,574.631,0.000113641,0.0820693,0,273.609524,5427.88,82.7931,65.5596,3.60654e-05,0.0168162,6,-67.47299944,1201.81,125.315,9.59031,0.000253573,0.0880629
3.606083,1,AUTO,ARMED,5,AVAILABLE,UNAVAILABLE,UNAVAILABLE,8,1,ACTIVE,2,A_N2-A3.NC,A_N2-A3.NC,2059083.502,190601.037,5699.3,3651.8704,100,117.9667,1,100,0,0,100,0.0,38033.2,156.161,243.551,5.65084e-05,0.0561924,0,536.8569868,70260.1,122.27,574.631,0.000113641,0.0820693,0,273.611355,5427.88,82.7931,65.5596,3.60654e-05,0.0168162,6,-88.35798757,1201.81,125.315,9.59031,0.000253573,0.0880629
3.749674,1,AUTO,ARMED,5,AVAILABLE,UNAVAILABLE,UNAVAILABLE,8,1,ACTIVE,2,A_N2-A3.NC,A_N2-A3.NC,2059083.502,190601.037,5699.3,3651.8704,100,345.15,1,100,0,0,100,0.0,38033.2,156.161,243.551,5.65084e-05,0.0561924,0,536.8570154,70260.1,122.27,574.631,0.000113641,0.0820693,0,273.6113264,5427.88,82.7931,65.5596,3.60654e-05,0.0168162,4,-167.1619889,1201.81,125.315,9.59031,0.000253573,0.0880629
3.89489,1,AUTO,ARMED,5,AVAILABLE,UNAVAILABLE,UNAVAILABLE,8,1,ACTIVE,2,A_N2-A3.NC,A_N2-A3.NC,2059083.502,190601.037,5699.3,3651.8704,100,399.8333,1,100,0,0,100,0.0,38033.2,156.161,243.551,5.65084e-05,0.0561924,0,536.8570369,70260.1,122.27,574.631,0.000113641,0.0820693,0,273.6113121,5427.88,82.7931,65.5596,3.60654e-05,0.0168162,2,-208.3617273,1201.81,125.315,9.59031,0.000253573,0.0880629
4.038614,1,AUTO,ARMED,5,AVAILABLE,UNAVAILABLE,UNAVAILABLE,8,1,ACTIVE,2,A_N2-A3.NC,A_N2-A3.NC,2059083.502,190601.037,5699.3,3651.8704,100,400.0,1,100,0,0,100,0.0,38033.2,156.161,243.551,5.65084e-05,0.0561924,0,536.857044,70260.1,122.27,574.631,0.000113641,0.0820693,0,273.6113121,5427.88,82.7931,65.5596,3.60654e-05,0.0168162,2,-249.5627327,1201.81,125.315,9.59031,0.000253573,0.0880629
4.183945,1,AUTO,ARMED,5,AVAILABLE,UNAVAILABLE,UNAVAILABLE,8,1,ACTIVE,2,A_N2-A3.NC,A_N2-A3.NC,2059083.502,190601.037,5699.3,3651.8704,100,158.35,1,100,0,0,100,0.0,65364.4,196.316,332.955,5.32949e-05,0.0332664,0,536.8570583,912.159,31.4477,29.0056,3.17664e-05,0.00962052,0,273.6113121,696.501,52.0146,13.3905,3.2101e-05,0.0142734,2,-286.3750524,1826.74,41.2133,44.324,0.000138328,0.0386299
4.328911,1,AUTO,ARMED,5,AVAILABLE,UNAVAILABLE,UNAVAILABLE,8,1,ACTIVE,2,A_N2-A3.NC,A_N2-A3.NC,2059083.502,190601.037,5699.3,3651.8704,100,158.35,1,100,0,0,100,0.0,65364.4,196.316,332.955,5.32949e-05,0.0332664,0,536.8570798,912.159,31.4477,29.0056,3.17664e-05,0.00962052,0,273.6113121,696.501,52.0146,13.3905,3.2101e-05,0.0142734,8,-297.0254998,1826.74,41.2133,44.324,0.000138328,0.0386299
4.468673,1,AUTO,ARMED,5,AVAILABLE,UNAVAILABLE,UNAVAILABLE,9,1,ACTIVE,2,A_N2-A3.NC,A_N2-A3.NC,2059083.502,190601.037,5699.3,2676.1746,100,9.25,2,100,0,0,100,0.0,65364.4,196.316,332.955,5.32949e-05,0.0332664,0,536.857087,912.159,31.4477,29.0056,3.17664e-05,0.00962052,0,273.6113049,696.501,52.0146,13.3905,3.2101e-05,0.0142734,5,-299.644049,1826.74,41.2133,44.324,0.000138328,0.0386299
4.630112,1,AUTO,ARMED,5,AVAILABLE,UNAVAILABLE,UNAVAILABLE,9,1,ACTIVE,2,A_N2-A3.NC,A_N2-A3.NC,2059083.502,190601.037,5699.3,2676.1746,100,16.93333,2,100,0,0,100,0.0,65364.4,196.316,332.955,5.32949e-05,0.0332664,0,536.857087,912.159,31.4477,29.0056,3.17664e-05,0.00962052,0,273.6113049,696.501,52.0146,13.3905,3.2101e-05,0.0142734,5,-303.1365617,1826.74,41.2133,44.324,0.000138328,0.0386299
4.786865,1,AUTO,ARMED,5,AVAILABLE,UNAVAILABLE,UNAVAILABLE,9,1,ACTIVE,2,A_N2-A3.NC,A_N2-A3.NC,2059083.502,190601.037,5699.3,2676.1746,100,16.93333,2,100,0,0,100,0.0,65364.4,196.316,332.955,5.32949e-05,0.0332664,0,536.8570941,912.159,31.4477,29.0056,3.17664e-05,0.00962052,0,273.6112978,696.501,52.0146,13.3905,3.2101e-05,0.0142734,5,-304.8761288,1826.74,41.2133,44.324,0.000138328,0.0386299
4.93438,1,AUTO,ARMED,5,AVAILABLE,UNAVAILABLE,UNAVAILABLE,9,1,ACTIVE,2,A_N2-A3.NC,A_N2-A3.NC,2059083.502,190601.037,5699.3,2676.1746,100,16.93333,2,100,0,0,100,0.0,4367.22,254.265,17.1759,4.34131e-05,0.0277752,0,536.8570941,912.155,32.7496,27.8524,3.26904e-05,0.00932489,0,273.6112978,360.255,50.117,7.18828,2.75196e-05,0.0121678,5,-306.620624,192.291,32.6641,5.88692,9.78883e-05,0.0225612
5.078438,1,AUTO,ARMED,5,AVAILABLE,UNAVAILABLE,UNAVAILABLE,9,1,ACTIVE,2,A_N2-A3.NC,A_N2-A3.NC,2059083.502,190601.037,5699.3,2676.1746,100,16.93333,2,100,0,0,100,0.0,4367.22,254.265,17.1759,4.34131e-05,0.0277752,0,536.8570941,912.155,32.7496,27.8524,3.26904e-05,0.00932489,0,273.6112978,360.255,50.117,7.18828,2.75196e-05,0.0121678,5,-308.364341,192.291,32.6641,5.88692,9.78883e-05,0.0225612
5.513166,1,AUTO,ARMED,5,AVAILABLE,UNAVAILABLE,UNAVAILABLE,9,1,ACTIVE,2,A_N2-A3.NC,A_N2-A3.NC,2059083.502,190601.037,5699.3,2680.885,100,16.93333,3,100,0,0,100,0.0,4367.22,254.265,17.1759,4.34131e-05,0.0277752,0,536.8570941,912.155,32.7496,27.8524,3.26904e-05,0.00932489,0,273.6113049,360.255,50.117,7.18828,2.75196e-05,0.0121678,5,-317.0893001,192.291,32.6641,5.88692,9.78883e-05,0.0225612
5.656751,1,AUTO,ARMED,5,AVAILABLE,UNAVAILABLE,UNAVAILABLE,9,1,ACTIVE,2,A_N2-A3.NC,A_N2-A3.NC,2059083.502,190601.037,5699.3,2680.885,100,16.93333,3,100,0,0,100,0.0,4367.22,254.265,17.1759,4.34131e-05,0.0277752,0,536.8570941,912.155,32.7496,27.8524,3.26904e-05,0.00932489,0,273.6112978,360.255,50.117,7.18828,2.75196e-05,0.0121678,5,-320.5774436,192.291,32.6641,5.88692,9.78883e-05,0.0225612
5.815407,1,AUTO,ARMED,5,AVAILABLE,UNAVAILABLE,UNAVAILABLE,9,1,ACTIVE,2,A_N2-A3.NC,A_N2-A3.NC,2059083.502,190601.037,5699.3,2680.885,100,16.93333,3,100,0,0,100,0.0,4367.22,254.265,17.1759,4.34131e-05,0.0277752,0,536.8570941,912.155,32.7496,27.8524,3.26904e-05,0.00932489,0,273.6113049,360.255,50.117,7.18828,2.75196e-05,0.0121678,5,-322.3222935,192.291,32.6641,5.88692,9.78883e-05,0.0225612
5.965299,1,AUTO,ARMED,5,AVAILABLE,UNAVAILABLE,UNAVAILABLE,9,1,ACTIVE,2,A_N2-A3.NC,A_N2-A3.NC,2059083.502,190601.037,5699.3,2680.885,100,16.93333,3,100,0,0,100,0.0,4367.22,254.265,17.1759,4.34131e-05,0.0277752,0,536.8571013,912.155,32.7496,27.8524,3.26904e-05,0.00932489,0,273.6113049,360.255,50.117,7.18828,2.75196e-05,0.0121678,5,-324.0615134,192.291,32.6641,5.88692,9.78883e-05,0.0225612
6.145405,1,AUTO,ARMED,5,AVAILABLE,UNAVAILABLE,UNAVAILABLE,9,1,ACTIVE,2,A_N2-A3.NC,A_N2-A3.NC,2059083.502,190601.037,5699.3,2680.885,100,16.93333,3,100,0,0,100,0.0,4367.22,254.265,17.1759,4.34131e-05,0.0277752,0,536.8570941,912.155,32.7496,27.8524,3.26904e-05,0.00932489,0,273.6112978,360.255,50.117,7.18828,2.75196e-05,0.0121678,5,-329.2945984,192.291,32.6641,5.88692,9.78883e-05,0.0225612
6.283283,1,AUTO,ARMED,5,AVAILABLE,UNAVAILABLE,UNAVAILABLE,9,1,ACTIVE,2,A_N2-A3.NC,A_N2-A3.NC,2059083.502,190601.037,5699.3,2680.885,100,16.93333,3,100,0,0,100,0.0,4367.22,254.265,17.1759,4.34131e-05,0.0277752,0,536.8571013,912.155,32.7496,27.8524,3.26904e-05,0.00932489,0,273.6112978,360.255,50.117,7.18828,2.75196e-05,0.0121678,5,-331.0380112,192.291,32.6641,5.88692,9.78883e-05,0.0225612
6.423065,1,AUTO,ARMED,5,AVAILABLE,UNAVAILABLE,UNAVAILABLE,9,1,ACTIVE,2,A_N2-A3.NC,A_N2-A3.NC,2059083.502,190601.037,5699.3,2680.885,100,16.93333,4,100,0,0,100,0.0,3959.3,205.966,19.2231,8.07142e-05,0.0272507,0,536.8571013,888.153,32.7484,27.1205,2.52139e-05,0.00892346,0,273.6112978,360.255,47.6292,7.56374,1.59014e-05,0.00730119,5,-331.9107,216.324,31.9965,6.76086,0.000272828,0.0489588
6.570663,1,AUTO,ARMED,5,AVAILABLE,UNAVAILABLE,UNAVAILABLE,9,1,ACTIVE,2,A_N2-A3.NC,A_N2-A3.NC,2059083.502,190601.037,5699.3,2685.0681,100,16.93333,4,100,0,0,100,0.0,3959.3,205.966,19.2231,8.07142e-05,0.0272507,0,536.8570941,888.153,32.7484,27.1205,2.52139e-05,0.00892346,0,273.6113049,360.255,47.6292,7.56374,1.59014e-05,0.00730119,5,-333.6585383,216.324,31.9965,6.76086,0.000272828,0.0489588
6.712373,1,AUTO,ARMED,5,AVAILABLE,UNAVAILABLE,UNAVAILABLE,9,1,ACTIVE,2,A_N2-A3.NC,A_N2-A3.NC,2059083.502,190601.037,5699.3,2685.0681,100,16.93333,4,100,0,0,100,0.0,3959.3,205.966,19.2231,8.07142e-05,0.0272507,0,536.8570941,888.153,32.7484,27.1205,2.52139e-05,0.00892346,0,273.6113049,360.255,47.6292,7.56374,1.59014e-05,0.00730119,5,-337.1425989,216.324,31.9965,6.76086,0.000272828,0.0489588
6.852298,1,AUTO,ARMED,5,AVAILABLE,UNAVAILABLE,UNAVAILABLE,9,1,ACTIVE,2,A_N2-A3.NC,A_N2-A3.NC,2059083.502,190601.037,5699.3,2685.0681,100,16.93333,4,100,0,0,100,0.0,3959.3,205.966,19.2231,8.07142e-05,0.0272507,0,536.8571013,888.153,32.7484,27.1205,2.52139e-05,0.00892346,0,273.6112978,360.255,47.6292,7.56374,1.59014e-05,0.00730119,5,-340.6308596,216.324,31.9965,6.76086,0.000272828,0.0489588
6.999044,1,AUTO,ARMED,5,AVAILABLE,UNAVAILABLE,UNAVAILABLE,9,1,ACTIVE,2,A_N2-A3.NC,A_N2-A3.NC,2059083.502,190601.037,5699.3,2685.0681,100,16.93333,4,100,0,0,100,0.0,3959.3,205.966,19.2231,8.07142e-05,0.0272507,0,536.8570941,888.153,32.7484,27.1205,2.52139e-05,0.00892346,0,273.6112978,360.255,47.6292,7.56374,1.59014e-05,0.00730119,5,-342.3751387,216.324,31.9965,6.76086,0.000272828,0.0489588
7.148886,1,AUTO,ARMED,5,AVAILABLE,UNAVAILABLE,UNAVAILABLE,9,1,ACTIVE,2,A_N2-A3.NC,A_N2-A3.NC,2059083.502,190601.037,5699.3,2685.0681,100,16.93333,4,100,0,0,100,0.0,3959.3,205.966,19.2231,8.07142e-05,0.0272507,0,536.8571013,888.153,32.7484,27.1205,2.52139e-05,0.00892346,0,273.6112978,360.255,47.6292,7.56374,1.59014e-05,0.00730119,5,-344.1236522,216.324,31.9965,6.76086,0.000272828,0.0489588
7.294065,1,AUTO,ARMED,5,AVAILABLE,UNAVAILABLE,UNAVAILABLE,9,1,ACTIVE,2,A_N2-A3.NC,A_N2-A3.NC,2059083.502,190601.037,5699.3,2685.0681,100,16.93333,4,100,0,0,100,0.0,3959.3,205.966,19.2231,8.07142e-05,0.0272507,0,536.8571013,888.153,32.7484,27.1205,2.52139e-05,0.00892346,0,273.6113049,360.255,47.6292,7.56374,1.59014e-05,0.00730119,5,-347.60777,216.324,31.9965,6.76086,0.000272828,0.0489588
7.430994,1,AUTO,ARMED,5,AVAILABLE,UNAVAILABLE,UNAVAILABLE,9,1,ACTIVE,2,A_N2-A3.NC,A_N2-A3.NC,2059083.502,190601.037,5699.3,2685.0681,100,16.93333,4,100,0,0,100,0.0,5039.1,158.471,31.7982,4.72817e-05,0.0222733,0,536.8570941,960.164,34.3783,27.9294,3.45291e-05,0.0104918,0,273.6112978,384.269,53.5659,7.17376,4.45772e-05,0.012564,5,-349.347254,240.36,43.5385,5.52063,0.00023442,0.0510894
7.578024,1,AUTO,ARMED,5,AVAILABLE,UNAVAILABLE,UNAVAILABLE,9,1,ACTIVE,2,A_N2-A3.NC,A_N2-A3.NC,2059083.502,190601.037,5699.3,2685.0681,100,16.93333,5,100,0,0,100,0.0,5039.1,158.471,31.7982,4.72817e-05,0.0222733,0,536.8570941,960.164,34.3783,27.9294,3.45291e-05,0.0104918,0,273.6113049,384.269,53.5659,7.17376,4.45772e-05,0.012564,5,-351.0961222,240.36,43.5385,5.52063,0.00023442,0.0510894
7.726335,1,AUTO,ARMED,5,AVAILABLE,UNAVAILABLE,UNAVAILABLE,9,1,ACTIVE,2,A_N2-A3.NC,A_N2-A3.NC,2059083.502,190601.037,5699.3,2854.679,100,16.93333,5,100,0,0,100,0.0,5039.1,158.471,31.7982,4.72817e-05,0.0222733,0,536.8571013,960.164,34.3783,27.9294,3.45291e-05,0.0104918,0,273.6112978,384.269,53.5659,7.17376,4.45772e-05,0.012564,5,-354.5799998,240.36,43.5385,5.52063,0.00023442,0.0510894
7.866021,1,AUTO,ARMED,5,AVAILABLE,UNAVAILABLE,UNAVAILABLE,9,1,ACTIVE,2,A_N2-A3.NC,A_N2-A3.NC,2059083.502,190601.037,5699.3,2854.679,100,16.93333,5,100,0,0,100,0.0,5039.1,158.471,31.7982,4.72817e-05,0.0222733,0,536.8571013,960.164,34.3783,27.9294,3.45291e-05,0.0104918,0,273.6113049,384.269,53.5659,7.17376,4.45772e-05,0.012564,5,-356.3281953,240.36,43.5385,5.52063,0.00023442,0.0510894
8.017554,1,AUTO,ARMED,5,AVAILABLE,UNAVAILABLE,UNAVAILABLE,9,1,ACTIVE,2,A_N2-A3.NC,A_N2-A3.NC,2059083.502,190601.037,5699.3,2854.679,100,16.93333,5,100,0,0,100,0.0,5039.1,158.471,31.7982,4.72817e-05,0.0222733,0,536.8571013,960.164,34.3783,27.9294,3.45291e-05,0.0104918,0,273.6113049,384.269,53.5659,7.17376,4.45772e-05,0.012564,5,-358.0727005,240.36,43.5385,5.52063,0.00023442,0.0510894
8.176113,1,AUTO,ARMED,5,AVAILABLE,UNAVAILABLE,UNAVAILABLE,12,1,ACTIVE,2,A_N2-A3.NC,A_N2-A3.NC,2059083.502,190601.037,5699.3,2854.679,100,0.0,5,100,0,0,100,0.0,5039.1,158.471,31.7982,4.72817e-05,0.0222733,0,536.8571013,960.164,34.3783,27.9294,3.45291e-05,0.0104918,0,273.6113049,384.269,53.5659,7.17376,4.45772e-05,0.012564,7,-359.5724209,240.36,43.5385,5.52063,0.00023442,0.0510894
8.32747,1,AUTO,ARMED,5,AVAILABLE,UNAVAILABLE,UNAVAILABLE,12,1,ACTIVE,2,A_N2-A3.NC,A_N2-A3.NC,2059083.502,190601.037,5699.3,2854.679,100,0.0,5,100,0,0,100,0.0,5039.1,158.471,31.7982,4.72817e-05,0.0222733,0,536.8571013,960.164,34.3783,27.9294,3.45291e-05,0.0104918,0,273.6113049,384.269,53.5659,7.17376,4.45772e-05,0.012564,7,-359.5724209,240.36,43.5385,5.52063,0.00023442,0.0510894
8.478955,1,AUTO,ARMED,5,AVAILABLE,UNAVAILABLE,UNAVAILABLE,12,1,ACTIVE,2,A_N2-A3.NC,A_N2-A3.NC,2059083.502,190601.037,5699.3,2854.679,100,0.0,6,100,0,27,100,728.6890072,8350.52,548.347,15.2285,0.000193255,0.0695151,0,536.8571013,936.16,489.964,1.91067,0.000133844,0.232649,0,273.6112978,456.328,105.497,4.32551,0.000128364,0.0123423,5,-359.5728901,1466.2,153.658,9.54197,0.000316625,0.0801521
8.624905,1,AUTO,ARMED,5,AVAILABLE,UNAVAILABLE,UNAVAILABLE,12,1,ACTIVE,2,A_N2-A3.NC,A_N2-A3.NC,2059083.502,190601.037,5699.3,2854.679,100,0.0,6,100,0,28,100,1090.522612,8350.52,548.347,15.2285,0.000193255,0.0695151,0,536.8570941,936.16,489.964,1.91067,0.000133844,0.232649,0,273.6112978,456.328,105.497,4.32551,0.000128364,0.0123423,5,-359.5728901,1466.2,153.658,9.54197,0.000316625,0.0801521
8.762506,1,AUTO,ARMED,5,AVAILABLE,UNAVAILABLE,UNAVAILABLE,12,1,ACTIVE,2,A_N2-A3.NC,A_N2-A3.NC,2059083.502,190601.037,5699.3,7622.4561,100,0.0,6,100,0,28,100,1440.521411,8350.52,548.347,15.2285,0.000193255,0.0695151,0,536.8571013,936.16,489.964,1.91067,0.000133844,0.232649,0,273.6113049,456.328,105.497,4.32551,0.000128364,0.0123423,6,-359.5728787,1466.2,153.658,9.54197,0.000316625,0.0801521
8.903683,1,AUTO,ARMED,5,AVAILABLE,UNAVAILABLE,UNAVAILABLE,12,1,ACTIVE,2,A_N2-A3.NC,A_N2-A3.NC,2059083.502,190601.037,5699.3,7622.4561,100,0.0,6,100,0,30,100,1786.408231,8350.52,548.347,15.2285,0.000193255,0.0695151,0,536.8571013,936.16,489.964,1.91067,0.000133844,0.232649,0,273.6112978,456.328,105.497,4.32551,0.000128364,0.0123423,6,-359.5728558,1466.2,153.658,9.54197,0.000316625,0.0801521
9.046866,1,AUTO,ARMED,5,AVAILABLE,UNAVAILABLE,UNAVAILABLE,12,1,ACTIVE,2,A_N2-A3.NC,A_N2-A3.NC,2059083.502,190601.037,5699.3,7622.4561,100,0.0,6,100,0,26,100,2815.755811,8350.52,548.347,15.2285,0.000193255,0.0695151,0,536.8571013,936.16,489.964,1.91067,0.000133844,0.232649,0,273.6112978,456.328,105.497,4.32551,0.000128364,0.0123423,6,-359.5728329,1466.2,153.658,9.54197,0.000316625,0.0801521
9.207791,1,AUTO,ARMED,5,AVAILABLE,UNAVAILABLE,UNAVAILABLE,12,1,ACTIVE,2,A_N2-A3.NC,A_N2-A3.NC,2059083.502,190601.037,5699.3,7622.4561,100,0.0,6,100,0,25,100,3211.465459,8350.52,548.347,15.2285,0.000193255,0.0695151,0,536.8571013,936.16,489.964,1.91067,0.000133844,0.232649,0,273.6112978,456.328,105.497,4.32551,0.000128364,0.0123423,6,-359.5728215,1466.2,153.658,9.54197,0.000316625,0.0801521
9.345325,1,AUTO,ARMED,5,AVAILABLE,UNAVAILABLE,UNAVAILABLE,12,1,ACTIVE,2,A_N2-A3.NC,A_N2-A3.NC,2059083.502,190601.037,5699.3,7622.4561,100,0.0,6,100,0,25,100,3377.218486,8350.52,548.347,15.2285,0.000193255,0.0695151,0,536.8571013,936.16,489.964,1.91067,0.000133844,0.232649,0,273.6112978,456.328,105.497,4.32551,0.000128364,0.0123423,6,-359.57281,1466.2,153.658,9.54197,0.000316625,0.0801521
9.50834,1,AUTO,ARMED,5,AVAILABLE,UNAVAILABLE,UNAVAILABLE,12,1,ACTIVE,2,A_N2-A3.NC,A_N2-A3.NC,2059083.502,190601.037,5699.3,7622.4561,100,0.0,7,100,0,32,100,4004.071969,4943.12,529.707,9.3318,0.000122194,0.0724308,0,536.8570941,1032.18,67.5411,15.2823,0.000228065,0.0881638,0,273.6113049,576.409,98.6182,5.84485,0.000151475,0.0699968,6,-359.5727986,1394.1,404.524,3.44627,0.000586033,0.298628
9.698582,1,AUTO,ARMED,5,AVAILABLE,UNAVAILABLE,UNAVAILABLE,12,1,ACTIVE,2,A_N2-A3.NC,A_N2-A3.NC,2059083.502,190601.037,5699.3,7622.4561,100,0.0,7,100,0,34,100,4332.350841,4943.12,529.707,9.3318,0.000122194,0.0724308,0,536.8571013,1032.18,67.5411,15.2823,0.000228065,0.0881638,0,273.6112978,576.409,98.6182,5.84485,0.000151475,0.0699968,6,-359.5727986,1394.1,404.524,3.44627,0.000586033,0.298628
9.856866,1,AUTO,ARMED,5,AVAILABLE,UNAVAILABLE,UNAVAILABLE,12,1,ACTIVE,2,A_N2-A3.NC,A_N2-A3.NC,2059083.502,190601.037,5699.3,12103.624,100,0.0,7,100,0,47,100,5335.345271,4943.12,529.707,9.3318,0.000122194,0.0724308,0,536.8571013,1032.18,67.5411,15.2823,0.000228065,0.0881638,0,273.6112978,576.409,98.6182,5.84485,0.000151475,0.0699968,6,-359.5727871,1394.1,404.524,3.44627,0.000586033,0.298628
9.994951,1,AUTO,ARMED,5,AVAILABLE,UNAVAILABLE,UNAVAILABLE,12,1,ACTIVE,2,A_N2-A3.NC,A_N2-A3.NC,2059083.502,190601.037,5699.3,12103.624,100,0.0,7,100,0,52,100,5660.284528,4943.12,529.707,9.3318,0.000122194,0.0724308,0,536.8571013,1032.18,67.5411,15.2823,0.000228065,0.0881638,0,273.6112978,576.409,98.6182,5.84485,0.000151475,0.0699968,6,-359.5727986,1394.1,404.524,3.44627,0.000586033,0.298628
10.253644,1,AUTO,ARMED,5,AVAILABLE,UNAVAILABLE,UNAVAILABLE,12,1,ACTIVE,2,A_N2-A3.NC,A_N2-A3.NC,2059083.502,190601.037,5699.3,12103.624,100,0.0,7,100,0,63,100,6306.806161,4943.12,529.707,9.3318,0.000122194,0.0724308,0,536.8570941,1032.18,67.5411,15.2823,0.000228065,0.0881638,0,273.6112978,576.409,98.6182,5.84485,0.000151475,0.0699968,6,-359.5727986,1394.1,404.524,3.44627,0.000586033,0.298628
10.393434,1,AUTO,ARMED,5,AVAILABLE,UNAVAILABLE,UNAVAILABLE,12,1,ACTIVE,2,A_N2-A3.NC,A_N2-A3.NC,2059083.502,190601.037,5699.3,12103.624,100,0.0,8,100,0,61,100,6889.047606,4943.12,529.707,9.3318,0.000122194,0.0724308,0,536.8571013,1032.18,67.5411,15.2823,0.000228065,0.0881638,0,273.6112978,576.409,98.6182,5.84485,0.000151475,0.0699968,6,-359.5727986,1394.1,404.524,3.44627,0.000586033,0.298628
10.529446,1,AUTO,ARMED,5,AVAILABLE,UNAVAILABLE,UNAVAILABLE,12,1,ACTIVE,2,A_N2-A3.NC,A_N2-A3.NC,2059083.502,190601.037,5699.3,12103.624,100,0.0,8,100,0,63,100,7145.269979,3911.31,571.597,6.84278,0.000237891,0.133899,0,536.8571013,1104.19,100.934,10.9397,0.000163716,0.0897845,0,273.6112978,672.48,190.957,3.52163,7.05471e-05,0.0736628,6,-359.57281,2067.11,640.648,3.22659,0.000217783,0.267994
10.674482,1,AUTO,ARMED,5,AVAILABLE,UNAVAILABLE,UNAVAILABLE,12,1,ACTIVE,2,A_N2-A3.NC,A_N2-A3.NC,2059083.502,190601.037,5699.3,12103.624,100,0.0,8,100,0,60,100,7620.125928,3911.31,571.597,6.84278,0.000237891,0.133899,0,536.8571013,1104.19,100.934,10.9397,0.000163716,0.0897845,0,273.6112978,672.48,190.957,3.52163,7.05471e-05,0.0736628,6,-359.57281,2067.11,640.648,3.22659,0.000217783,0.267994
10.812879,1,AUTO,ARMED,5,AVAILABLE,UNAVAILABLE,UNAVAILABLE,12,1,ACTIVE,2,A_N2-A3.NC,A_N2-A3.NC,2059083.502,190601.037,5699.3,11446.7812,100,0.0,8,100,0,60,100,7828.923875,3911.31,571.597,6.84278,0.000237891,0.133899,0,536.8571013,1104.19,100.934,10.9397,0.000163716,0.0897845,0,273.6112978,672.48,190.957,3.52163,7.05471e-05,0.0736628,6,-359.5727986,2067.11,640.648,3.22659,0.000217783,0.267994
10.970652,1,AUTO,ARMED,5,AVAILABLE,UNAVAILABLE,UNAVAILABLE,12,1,ACTIVE,2,A_N2-A3.NC,A_N2-A3.NC,2059083.502,190601.037,5699.3,11446.7812,100,0.0,8,100,0,61,100,8028.957897,3911.31,571.597,6.84278,0.000237891,0.133899,0,536.8571013,1104.19,100.934,10.9397,0.000163716,0.0897845,0,273.6112978,672.48,190.957,3.52163,7.05471e-05,0.0736628,6,-359.5727986,2067.11,640.648,3.22659,0.000217783,0.267994
11.192855,1,AUTO,ARMED,5,AVAILABLE,UNAVAILABLE,UNAVAILABLE,12,1,ACTIVE,2,A_N2-A3.NC,A_N2-A3.NC,2059083.502,190601.037,5699.3,11446.7812,100,0.0,8,100,0,58,100,9000.0,3911.31,571.597,6.84278,0.000237891,0.133899,0,536.8571013,1104.19,100.934,10.9397,0.000163716,0.0897845,0,273.6112978,672.48,190.957,3.52163,7.05471e-05,0.0736628,6,-359.5728215,2067.11,640.648,3.22659,0.000217783,0.267994
11.330323,1,AUTO,ARMED,5,AVAILABLE,UNAVAILABLE,UNAVAILABLE,12,1,ACTIVE,2,A_N2-A3.NC,A_N2-A3.NC,2059083.502,190601.037,5699.3,11446.7812,100,0.0,8,100,0,57,100,9000.0,3911.31,571.597,6.84278,0.000237891,0.133899,0,536.8571013,1104.19,100.934,10.9397,0.000163716,0.0897845,0,273.6112978,672.48,190.957,3.52163,7.05471e-05,0.0736628,6,-359.57281,2067.11,640.648,3.22659,0.000217783,0.267994
11.47839,1,AUTO,ARMED,5,AVAILABLE,UNAVAILABLE,UNAVAILABLE,12,1,ACTIVE,2,A_N2-A3.NC,A_N2-A3.NC,2059083.502,190601.037,5699.3,11446.7812,100,0.0,9,100,0,57,100,9000.0,4079.28,654.773,6.23007,0.000395048,0.358681,0,536.8571013,1224.21,107.787,11.3577,0.000174904,0.11397,0,273.6112978,1008.72,129.668,7.77925,0.000123814,0.0701921,6,-359.5728329,1898.85,546.983,3.4715,0.000251236,0.238143
11.714914,1,AUTO,ARMED,5,AVAILABLE,UNAVAILABLE,UNAVAILABLE,13,1,ACTIVE,2,A_N2-A3.NC,A_N2-A3.NC,2059083.502,190601.037,5699.3,11446.7812,100,0.0,9,100,0,32,100,9000.0,4079.28,654.773,6.23007,0.000395048,0.358681,0,536.8571013,1224.21,107.787,11.3577,0.000174904,0.11397,0,273.9288091,1008.72,129.668,7.77925,0.000123814,0.0701921,6,-359.57281,1898.85,546.983,3.4715,0.000251236,0.238143
11.874966,1,AUTO,ARMED,5,AVAILABLE,UNAVAILABLE,UNAVAILABLE,13,1,ACTIVE,2,A_N2-A3.NC,A_N2-A3.NC,2059083.502,190601.037,5699.3,11446.7812,100,0.0,9,100,0,6,100,9000.0,4079.28,654.773,6.23007,0.000395048,0.358681,0,536.8571013,1224.21,107.787,11.3577,0.000174904,0.11397,0,273.928802,1008.72,129.668,7.77925,0.000123814,0.0701921,6,-359.5728215,1898.85,546.983,3.4715,0.000251236,0.238143
12.016858,1,AUTO,ARMED,5,AVAILABLE,UNAVAILABLE,UNAVAILABLE,13,1,ACTIVE,2,A_N2-A3.NC,A_N2-A3.NC,2059083.502,190601.037,5699.3,3442.7568,100,0.0,9,100,0,16,100,9000.0,4079.28,654.773,6.23007,0.000395048,0.358681,0,536.8571013,1224.21,107.787,11.3577,0.000174904,0.11397,0,273.9287948,1008.72,129.668,7.77925,0.000123814,0.0701921,6,-359.5727757,1898.85,546.983,3.4715,0.000251236,0.238143
12.154898,1,AUTO,ARMED,5,AVAILABLE,UNAVAILABLE,UNAVAILABLE,13,1,ACTIVE,2,A_N2-A3.NC,A_N2-A3.NC,2059083.502,190601.037,5699.3,3442.7568,100,0.0,9,100,0,7,100,9000.0,4079.28,654.773,6.23007,0.000395048,0.358681,0,536.8570941,1224.21,107.787,11.3577,0.000174904,0.11397,0,273.928802,1008.72,129.668,7.77925,0.000123814,0.0701921,6,-359.5727986,1898.85,546.983,3.4715,0.000251236,0.238143
12.305393,1,AUTO,ARMED,5,AVAILABLE,UNAVAILABLE,UNAVAILABLE,13,1,ACTIVE,2,A_N2-A3.NC,A_N2-A3.NC,2059083.502,190601.037,5699.3,3442.7568,100,0.0,9,100,0,1,100,9000.0,4079.28,654.773,6.23007,0.000395048,0.358681,0,536.8571013,1224.21,107.787,11.3577,0.000174904,0.11397,0,273.928802,1008.72,129.668,7.77925,0.000123814,0.0701921,6,-359.5727986,1898.85,546.983,3.4715,0.000251236,0.238143
12.451892,1,AUTO,ARMED,5,AVAILABLE,UNAVAILABLE,UNAVAILABLE,13,1,ACTIVE,2,A_N2-A3.NC,A_N2-A3.NC,2059083.502,190601.037,5699.3,3442.7568,100,0.0,10,100,0,3,100,9000.0,4079.28,654.773,6.23007,0.000395048,0.358681,0,536.8571013,1224.21,107.787,11.3577,0.000174904,0.11397,0,273.928802,1008.72,129.668,7.77925,0.000123814,0.0701921,6,-359.5728329,1898.85,546.983,3.4715,0.000251236,0.238143
12.600118,1,AUTO,ARMED,5,AVAILABLE,UNAVAILABLE,UNAVAILABLE,13,1,ACTIVE,2,A_N2-A3.NC,A_N2-A3.NC,2059083.502,190601.037,5699.3,3442.7568,100,0.0,10,100,0,6,100,9000.0,4079.28,654.773,6.23007,0.000395048,0.358681,0,536.8571013,1224.21,107.787,11.3577,0.000174904,0.11397,0,273.9287948,1008.72,129.668,7.77925,0.000123814,0.0701921,6,-359.5728215,1898.85,546.983,3.4715,0.000251236,0.238143
12.749371,1,AUTO,ARMED,5,AVAILABLE,UNAVAILABLE,UNAVAILABLE,14,1,ACTIVE,2,A_N2-A3.NC,A_N2-A3.NC,2059083.502,190601.037,5699.3,3442.7568,100,0.0,10,100,0,5,100,9000.0,16653.0,7394.7,2.25202,0.000657176,0.936213,0,538.9391854,10993.9,249.594,44.0471,0.000258235,0.152738,0,273.9287948,7469.34,495.948,15.0607,0.000138284,0.110647,6,-359.5728329,1970.96,599.051,3.29014,0.000595973,0.314418
12.886198,1,AUTO,ARMED,5,AVAILABLE,UNAVAILABLE,UNAVAILABLE,14,1,ACTIVE,2,A_N2-A3.NC,A_N2-A3.NC,2059083.502,190601.037,5699.3,3442.7568,100,16.93333,10,100,0,3,100,9000.0,16653.0,7394.7,2.25202,0.000657176,0.936213,0,540.6831755,10993.9,249.594,44.0471,0.000258235,0.152738,0,273.928802,7469.34,495.948,15.0607,0.000138284,0.110647,6,-359.5727642,1970.96,599.051,3.29014,0.000595973,0.314418
13.025689,1,AUTO,ARMED,5,AVAILABLE,UNAVAILABLE,UNAVAILABLE,14,1,ACTIVE,2,A_N2-A3.NC,A_N2-A3.NC,2059083.502,190601.037,5699.3,3798.542,100,16.93333,10,100,0,2,100,9000.0,16653.0,7394.7,2.25202,0.000657176,0.936213,0,542.4226381,10993.9,249.594,44.0471,0.000258235,0.152738,0,273.928802,7469.34,495.948,15.0607,0.000138284,0.110647,6,-359.57281,1970.96,599.051,3.29014,0.000595973,0.314418
13.178984,1,AUTO,ARMED,5,AVAILABLE,UNAVAILABLE,UNAVAILABLE,14,1,ACTIVE,2,A_N2-A3.NC,A_N2-A3.NC,2059083.502,190601.037,5699.3,3798.542,100,16.93333,10,100,0,4,100,9000.0,16653.0,7394.7,2.25202,0.000657176,0.936213,0,547.6552878,10993.9,249.594,44.0471,0.000258235,0.152738,0,273.9287948,7469.34,495.948,15.0607,0.000138284,0.110647,6,-359.5728558,1970.96,599.051,3.29014,0.000595973,0.314418
13.320098,1,AUTO,ARMED,5,AVAILABLE,UNAVAILABLE,UNAVAILABLE,14,1,ACTIVE,2,A_N2-A3.NC,A_N2-A3.NC,2059083.502,190601.037,5699.3,3798.542,100,16.93333,10,100,0,4,100,9000.0,16653.0,7394.7,2.25202,0.000657176,0.936213,0,549.3993709,10993.9,249.594,44.0471,0.000258235,0.152738,0,273.9288091,7469.34,495.948,15.0607,0.000138284,0.110647,6,-359.5728443,1970.96,599.051,3.29014,0.000595973,0.314418
13.47369,1,AUTO,ARMED,5,AVAILABLE,UNAVAILABLE,UNAVAILABLE,14,1,ACTIVE,2,A_N2-A3.NC,A_N2-A3.NC,2059083.502,190601.037,5699.3,3798.542,100,16.93333,11,100,0,5,100,9000.0,16653.0,7394.7,2.25202,0.000657176,0.936213,0,551.1478313,10993.9,249.594,44.0471,0.000258235,0.152738,0,273.9287948,7469.34,495.948,15.0607,0.000138284,0.110647,6,-359.5727871,1970.96,599.051,3.29014,0.000595973,0.314418
13.704858,1,AUTO,ARMED,5,AVAILABLE,UNAVAILABLE,UNAVAILABLE,14,1,ACTIVE,2,A_N2-A3.NC,A_N2-A3.NC,2059083.502,190601.037,5699.3,3798.542,100,16.93333,11,100,0,5,100,9000.0,18212.8,7104.07,2.56371,0.000630082,0.90188,0,554.631756,13418.3,3060.68,4.38409,0.00024419,0.320067,0,273.928802,7637.46,4144.3,1.84288,0.000148071,0.388709,6,-359.5728329,2067.11,754.63,2.73924,0.000426521,0.335142
13.872928,1,AUTO,ARMED,5,AVAILABLE,UNAVAILABLE,UNAVAILABLE,14,1,ACTIVE,2,A_N2-A3.NC,A_N2-A3.NC,2059083.502,190601.037,5699.3,3798.542,100,16.93333,11,100,0,5,100,9000.0,18212.8,7104.07,2.56371,0.000630082,0.90188,0,558.1201582,13418.3,3060.68,4.38409,0.00024419,0.320067,0,273.928802,7637.46,4144.3,1.84288,0.000148071,0.388709,6,-359.5728215,2067.11,754.63,2.73924,0.000426521,0.335142
14.013075,1,AUTO,ARMED,5,AVAILABLE,UNAVAILABLE,UNAVAILABLE,14,1,ACTIVE,2,A_N2-A3.NC,A_N2-A3.NC,2059083.502,190601.037,5699.3,3798.542,100,16.93333,11,100,0,5,100,9000.0,18212.8,7104.07,2.56371,0.000630082,0.90188,0,559.8640855,13418.3,3060.68,4.38409,0.00024419,0.320067,0,273.9287948,7637.46,4144.3,1.84288,0.000148071,0.388709,6,-359.5728329,2067.11,754.63,2.73924,0.000426521,0.335142
14.159003,1,AUTO,ARMED,5,AVAILABLE,UNAVAILABLE,UNAVAILABLE,14,1,ACTIVE,2,A_N2-A3.NC,A_N2-A3.NC,2059083.502,190601.037,5699.3,3748.0708,100,16.93333,11,100,0,5,100,9000.0,18212.8,7104.07,2.56371,0.000630082,0.90188,0,565.1008412,13418.3,3060.68,4.38409,0.00024419,0.320067,0,273.928802,7637.46,4144.3,1.84288,0.000148071,0.388709,6,-359.5727986,2067.11,754.63,2.73924,0.000426521,0.335142
14.353177,1,AUTO,ARMED,5,AVAILABLE,UNAVAILABLE,UNAVAILABLE,14,1,ACTIVE,2,A_N2-A3.NC,A_N2-A3.NC,2059083.502,190601.037,5699.3,3748.0708,100,16.93333,11,100,0,5,100,9000.0,18212.8,7104.07,2.56371,0.000630082,0.90188,1,565.9728971,13418.3,3060.68,4.38409,0.00024419,0.320067,0,273.9287948,7637.46,4144.3,1.84288,0.000148071,0.388709,6,-359.5727642,2067.11,754.63,2.73924,0.000426521,0.335142
14.494695,1,AUTO,ARMED,5,AVAILABLE,UNAVAILABLE,UNAVAILABLE,14,1,ACTIVE,2,A_N2-A3.NC,A_N2-A3.NC,2059083.502,190601.037,5699.3,3748.0708,100,16.93333,12,100,0,5,100,9000.0,18212.8,7104.07,2.56371,0.000630082,0.90188,1,567.721236,13418.3,3060.68,4.38409,0.00024419,0.320067,0,273.9288091,7637.46,4144.3,1.84288,0.000148071,0.388709,6,-359.5727871,2067.11,754.63,2.73924,0.000426521,0.335142
14.638893,1,AUTO,ARMED,5,AVAILABLE,UNAVAILABLE,UNAVAILABLE,14,1,ACTIVE,2,A_N2-A3.NC,A_N2-A3.NC,2059083.502,190601.037,5699.3,3748.0708,100,16.93333,12,100,0,5,100,9000.0,18212.8,7104.07,2.56371,0.000630082,0.90188,0,571.2053111,13418.3,3060.68,4.38409,0.00024419,0.320067,0,273.928802,7637.46,4144.3,1.84288,0.000148071,0.388709,6,-359.5727528,2067.11,754.63,2.73924,0.000426521,0.335142
14.805944,1,AUTO,ARMED,5,AVAILABLE,UNAVAILABLE,UNAVAILABLE,14,1,ACTIVE,2,A_N2-A3.NC,A_N2-A3.NC,2059083.502,190601.037,5699.3,3748.0708,100,16.93333,12,100,0,5,100,9000.0,18164.8,7065.92,2.57076,0.000618342,0.898098,0,572.9536858,13850.4,3012.29,4.59796,0.000233369,0.318202,0,273.9287948,7589.42,4126.39,1.83924,0.000128491,0.386205,6,-359.57281,2067.11,828.33,2.49552,0.000376947,0.32628
14.963793,1,AUTO,ARMED,5,AVAILABLE,UNAVAILABLE,UNAVAILABLE,14,1,ACTIVE,2,A_N2-A3.NC,A_N2-A3.NC,2059083.502,190601.037,5699.3,3748.0708,100,16.93333,12,100,0,5,100,9000.0,18164.8,7065.92,2.57076,0.000618342,0.898098,1,578.1775741,13850.4,3012.29,4.59796,0.000233369,0.318202,0,273.928802,7589.42,4126.39,1.83924,0.000128491,0.386205,6,-359.5727986,2067.11,828.33,2.49552,0.000376947,0.32628
15.113883,1,AUTO,ARMED,5,AVAILABLE,UNAVAILABLE,UNAVAILABLE,14,1,ACTIVE,2,A_N2-A3.NC,A_N2-A3.NC,2059083.502,190601.037,5699.3,3748.0708,100,16.93333,12,100,0,4,100,9000.0,18164.8,7065.92,2.57076,0.000618342,0.898098,0,579.9302903,13850.4,3012.29,4.59796,0.000233369,0.318202,0,273.9287948,7589.42,4126.39,1.83924,0.000128491,0.386205,6,-359.57281,2067.11,828.33,2.49552,0.000376947,0.32628
15.260328,1,AUTO,ARMED,5,AVAILABLE,UNAVAILABLE,UNAVAILABLE,14,1,ACTIVE,2,A_N2-A3.NC,A_N2-A3.NC,2059083.502,190601.037,5699.3,3729.4836,100,16.93333,12,100,0,5,100,9000.0,18164.8,7065.92,2.57076,0.000618342,0.898098,0,581.6744236,13850.4,3012.29,4.59796,0.000233369,0.318202,0,273.928802,7589.42,4126.39,1.83924,0.000128491,0.386205,6,-359.5727757,2067.11,828.33,2.49552,0.000376947,0.32628
15.419854,1,AUTO,ARMED,5,AVAILABLE,UNAVAILABLE,UNAVAILABLE,14,1,ACTIVE,2,A_N2-A3.NC,A_N2-A3.NC,2059083.502,190601.037,5699.3,3729.4836,100,16.93333,13,100,0,5,100,9000.0,18164.8,7065.92,2.57076,0.000618342,0.898098,0,585.1583884,13850.4,3012.29,4.59796,0.000233369,0.318202,0,273.9287948,7589.42,4126.39,1.83924,0.000128491,0.386205,6,-359.5728215,2067.11,828.33,2.49552,0.000376947,0.32628
15.580362,1,AUTO,ARMED,5,AVAILABLE,UNAVAILABLE,UNAVAILABLE,14,1,ACTIVE,2,A_N2-A3.NC,A_N2-A3.NC,2059083.502,190601.037,5699.3,3729.4836,100,16.93333,13,100,0,5,100,9000.0,18164.8,7065.92,2.57076,0.000618342,0.898098,0,586.9025163,13850.4,3012.29,4.59796,0.000233369,0.318202,0,273.928802,7589.42,4126.39,1.83924,0.000128491,0.386205,6,-359.5727414,2067.11,828.33,2.49552,0.000376947,0.32628
15.719893,1,AUTO,ARMED,5,AVAILABLE,UNAVAILABLE,UNAVAILABLE,14,1,ACTIVE,2,A_N2-A3.NC,A_N2-A3.NC,2059083.502,190601.037,5699.3,3729.4836,100,16.93333,13,100,0,5,100,9000.0,18164.8,7065.92,2.57076,0.000618342,0.898098,0,588.6466441,13850.4,3012.29,4.59796,0.000233369,0.318202,0,273.928802,7589.42,4126.39,1.83924,0.000128491,0.386205,6,-359.5728329,2067.11,828.33,2.49552,0.000376947,0.32628
15.858876,1,AUTO,ARMED,5,AVAILABLE,UNAVAILABLE,UNAVAILABLE,14,1,ACTIVE,2,A_N2-A3.NC,A_N2-A3.NC,2059083.502,190601.037,5699.3,3729.4836,100,16.93333,13,100,0,4,100,9000.0,18236.8,7027.54,2.59505,0.000633578,0.891048,0,592.1351286,12650.2,3131.52,4.03964,0.000248802,0.338976,0,273.928802,7469.34,4114.84,1.81522,0.000127865,0.385022,6,-359.5727642,2355.54,879.843,2.67723,0.000424051,0.336287
16.008375,1,AUTO,ARMED,5,AVAILABLE,UNAVAILABLE,UNAVAILABLE,14,1,ACTIVE,2,A_N2-A3.NC,A_N2-A3.NC,2059083.502,190601.037,5699.3,3729.4836,100,16.93333,13,100,0,5,100,9000.0,18236.8,7027.54,2.59505,0.000633578,0.891048,0,595.6230767,12650.2,3131.52,4.03964,0.000248802,0.338976,0,273.928802,7469.34,4114.84,1.81522,0.000127865,0.385022,6,-359.5727871,2355.54,879.843,2.67723,0.000424051,0.336287
16.148408,1,AUTO,ARMED,5,AVAILABLE,UNAVAILABLE,UNAVAILABLE,14,1,ACTIVE,2,A_N2-A3.NC,A_N2-A3.NC,2059083.502,190601.037,5699.3,3729.4836,100,16.93333,13,100,0,5,100,9000.0,18236.8,7027.54,2.59505,0.000633578,0.891048,0,597.3716105,12650.2,3131.52,4.03964,0.000248802,0.338976,0,273.9287948,7469.34,4114.84,1.81522,0.000127865,0.385022,6,-359.5727871,2355.54,879.843,2.67723,0.000424051,0.336287
16.308842,1,AUTO,ARMED,5,AVAILABLE,UNAVAILABLE,UNAVAILABLE,14,1,ACTIVE,2,A_N2-A3.NC,A_N2-A3.NC,2059083.502,190601.037,5699.3,3714.8198,100,16.93333,13,100,0,5,100,9000.0,18236.8,7027.54,2.59505,0.000633578,0.891048,0,598.239601,12650.2,3131.52,4.03964,0.000248802,0.338976,0,273.9288091,7469.34,4114.84,1.81522,0.000127865,0.385022,6,-359.57281,2355.54,879.843,2.67723,0.000424051,0.336287
16.463318,1,AUTO,ARMED,5,AVAILABLE,UNAVAILABLE,UNAVAILABLE,14,1,ACTIVE,2,A_N2-A3.NC,A_N2-A3.NC,2059083.502,190601.037,5699.3,3714.8198,100,16.93333,14,100,0,4,100,9000.0,18236.8,7027.54,2.59505,0.000633578,0.891048,0,601.7234865,12650.2,3131.52,4.03964,0.000248802,0.338976,0,273.928802,7469.34,4114.84,1.81522,0.000127865,0.385022,6,-359.5727528,2355.54,879.843,2.67723,0.000424051,0.336287
16.607925,1,AUTO,ARMED,5,AVAILABLE,UNAVAILABLE,UNAVAILABLE,14,1,ACTIVE,2,A_N2-A3.NC,A_N2-A3.NC,2059083.502,190601.037,5699.3,3714.8198,100,16.93333,14,100,0,5,100,9000.0,18236.8,7027.54,2.59505,0.000633578,0.891048,0,605.215862,12650.2,3131.52,4.03964,0.000248802,0.338976,0,273.9287948,7469.34,4114.84,1.81522,0.000127865,0.385022,6,-359.57281,2355.54,879.843,2.67723,0.000424051,0.336287
16.744658,1,AUTO,ARMED,5,AVAILABLE,UNAVAILABLE,UNAVAILABLE,14,1,ACTIVE,2,A_N2-A3.NC,A_N2-A3.NC,2059083.502,190601.037,5699.3,3714.8198,100,16.93333,14,100,0,5,100,9000.0,18236.8,7027.54,2.59505,0.000633578,0.891048,1,606.9560488,12650.2,3131.52,4.03964,0.000248802,0.338976,0,273.928802,7469.34,4114.84,1.81522,0.000127865,0.385022,6,-359.5727757,2355.54,879.843,2.67723,0.000424051,0.336287
16.893803,1,AUTO,ARMED,5,AVAILABLE,UNAVAILABLE,UNAVAILABLE,14,1,ACTIVE,2,A_N2-A3.NC,A_N2-A3.NC,2059083.502,190601.037,5699.3,3714.8198,100,16.93333,14,100,0,4,100,9000.0,18140.8,6836.24,2.65362,0.000645296,0.87181,1,608.7043823,13346.3,3417.6,3.90517,0.000200693,0.361045,0,273.928802,7565.4,4102.53,1.84408,0.000124312,0.382236,6,-359.57281,2427.65,901.814,2.69196,0.00031878,0.327934
17.032272,1,AUTO,ARMED,5,AVAILABLE,UNAVAILABLE,UNAVAILABLE,14,1,ACTIVE,2,A_N2-A3.NC,A_N2-A3.NC,2059083.502,190601.037,5699.3,3714.8198,100,16.93333,14,100,0,5,100,9000.0,18140.8,6836.24,2.65362,0.000645296,0.87181,0,610.4482925,13346.3,3417.6,3.90517,0.000200693,0.361045,0,273.928802,7565.4,4102.53,1.84408,0.000124312,0.382236,6,-359.5727986,2427.65,901.814,2.69196,0.00031878,0.327934
17.183841,1,AUTO,ARMED,5,AVAILABLE,UNAVAILABLE,UNAVAILABLE,14,1,ACTIVE,2,A_N2-A3.NC,A_N2-A3.NC,2059083.502,190601.037,5699.3,3714.8198,100,16.93333,14,100,0,5,100,9000.0,18140.8,6836.24,2.65362,0.000645296,0.87181,1,615.6808218,13346.3,3417.6,3.90517,0.000200693,0.361045,0,273.9287877,7565.4,4102.53,1.84408,0.000124312,0.382236,6,-359.57281,2427.65,901.814,2.69196,0.00031878,0.327934
17.326525,1,AUTO,ARMED,5,AVAILABLE,UNAVAILABLE,UNAVAILABLE,14,1,ACTIVE,2,A_N2-A3.NC,A_N2-A3.NC,2059083.502,190601.037,5699.3,3714.8198,100,16.93333,14,100,0,4,100,9000.0,18140.8,6836.24,2.65362,0.000645296,0.87181,0,617.4249862,13346.3,3417.6,3.90517,0.000200693,0.361045,0,273.928802,7565.4,4102.53,1.84408,0.000124312,0.382236,6,-359.5727528,2427.65,901.814,2.69196,0.00031878,0.327934
17.465574,1,AUTO,ARMED,5,AVAILABLE,UNAVAILABLE,UNAVAILABLE,14,1,ACTIVE,2,A_N2-A3.NC,A_N2-A3.NC,2059083.502,190601.037,5699.3,3711.8274,100,16.93333,15,100,0,4,100,9000.0,18140.8,6836.24,2.65362,0.000645296,0.87181,0,619.1649451,13346.3,3417.6,3.90517,0.000200693,0.361045,0,273.928802,7565.4,4102.53,1.84408,0.000124312,0.382236,6,-359.5728329,2427.65,901.814,2.69196,0.00031878,0.327934
17.604412,1,AUTO,ARMED,5,AVAILABLE,UNAVAILABLE,UNAVAILABLE,14,1,ACTIVE,2,A_N2-A3.NC,A_N2-A3.NC,2059083.502,190601.037,5699.3,3711.8274,100,16.93333,15,100,0,4,100,9000.0,18140.8,6836.24,2.65362,0.000645296,0.87181,0,620.9132151,13346.3,3417.6,3.90517,0.000200693,0.361045,0,273.928802,7565.4,4102.53,1.84408,0.000124312,0.382236,6,-359.5727871,2427.65,901.814,2.69196,0.00031878,0.327934
17.756868,1,AUTO,ARMED,5,AVAILABLE,UNAVAILABLE,UNAVAILABLE,14,1,ACTIVE,2,A_N2-A3.NC,A_N2-A3.NC,2059083.502,190601.037,5699.3,3711.8274,100,16.93333,15,100,0,5,100,9000.0,18140.8,6836.24,2.65362,0.000645296,0.87181,0,622.6572795,13346.3,3417.6,3.90517,0.000200693,0.361045,0,273.928802,7565.4,4102.53,1.84408,0.000124312,0.382236,6,-359.5727528,2427.65,901.814,2.69196,0.00031878,0.327934
17.900027,1,AUTO,ARMED,5,AVAILABLE,UNAVAILABLE,UNAVAILABLE,14,1,ACTIVE,2,A_N2-A3.NC,A_N2-A3.NC,2059083.502,190601.037,5699.3,3711.8274,100,16.93333,15,100,0,5,100,9000.0,18140.8,6836.24,2.65362,0.000645296,0.87181,0,626.1457944,13346.3,3417.6,3.90517,0.000200693,0.361045,0,273.928802,7565.4,4102.53,1.84408,0.000124312,0.382236,6,-359.5727871,2427.65,901.814,2.69196,0.00031878,0.327934
18.056758,1,AUTO,ARMED,5,AVAILABLE,UNAVAILABLE,UNAVAILABLE,14,1,ACTIVE,2,A_N2-A3.NC,A_N2-A3.NC,2059083.502,190601.037,5699.3,3711.8274,100,16.93333,15,100,0,4,100,9000.0,17300.9,7067.64,2.4479,0.000601796,0.888252,0,629.6297175,13682.4,3694.59,3.70336,0.00022357,0.386165,0,273.9288091,7325.23,4116.93,1.77929,0.000125076,0.381663,6,-359.57281,2379.58,903.442,2.6339,0.000371952,0.330884
18.191538,1,AUTO,ARMED,5,AVAILABLE,UNAVAILABLE,UNAVAILABLE,14,1,ACTIVE,2,A_N2-A3.NC,A_N2-A3.NC,2059083.502,190601.037,5699.3,3711.8274,100,16.93333,15,100,0,5,100,9000.0,17300.9,7067.64,2.4479,0.000601796,0.888252,0,632.250202,13682.4,3694.59,3.70336,0.00022357,0.386165,0,273.928802,7325.23,4116.93,1.77929,0.000125076,0.381663,6,-359.5727642,2379.58,903.442,2.6339,0.000371952,0.330884
18.333796,1,AUTO,ARMED,5,AVAILABLE,UNAVAILABLE,UNAVAILABLE,14,1,ACTIVE,2,A_N2-A3.NC,A_N2-A3.NC,2059083.502,190601.037,5699.3,3711.8274,100,16.93333,15,100,0,5,100,9000.0,17300.9,7067.64,2.4479,0.000601796,0.888252,0,633.9984148,13682.4,3694.59,3.70336,0.00022357,0.386165,0,273.9288091,7325.23,4116.93,1.77929,0.000125076,0.381663,6,-359.5728329,2379.58,903.442,2.6339,0.000371952,0.330884
18.475038,1,AUTO,ARMED,5,AVAILABLE,UNAVAILABLE,UNAVAILABLE,14,1,ACTIVE,2,A_N2-A3.NC,A_N2-A3.NC,2059083.502,190601.037,5699.3,3683.3127,100,16.93333,16,100,0,4,100,9000.0,17300.9,7067.64,2.4479,0.000601796,0.888252,0,635.7340524,13682.4,3694.59,3.70336,0.00022357,0.386165,0,273.9287948,7325.23,4116.93,1.77929,0.000125076,0.381663,6,-359.57281,2379.58,903.442,2.6339,0.000371952,0.330884
18.614783,1,AUTO,ARMED,5,AVAILABLE,UNAVAILABLE,UNAVAILABLE,14,1,ACTIVE,2,A_N2-A3.NC,A_N2-A3.NC,2059083.502,190601.037,5699.3,3683.3127,100,16.93333,16,100,0,4,100,9000.0,17300.9,7067.64,2.4479,0.000601796,0.888252,0,637.4824332,13682.4,3694.59,3.70336,0.00022357,0.386165,0,273.9287948,7325.23,4116.93,1.77929,0.000125076,0.381663,6,-359.5727642,2379.58,903.442,2.6339,0.000371952,0.330884
18.75573,1,AUTO,ARMED,5,AVAILABLE,UNAVAILABLE,UNAVAILABLE,14,1,ACTIVE,2,A_N2-A3.NC,A_N2-A3.NC,2059083.502,190601.037,5699.3,3683.3127,100,16.93333,16,100,0,4,100,9000.0,17300.9,7067.64,2.4479,0.000601796,0.888252,0,639.2265154,13682.4,3694.59,3.70336,0.00022357,0.386165,0,273.928802,7325.23,4116.93,1.77929,0.000125076,0.381663,6,-359.57281,2379.58,903.442,2.6339,0.000371952,0.330884
18.891441,1,AUTO,ARMED,5,AVAILABLE,UNAVAILABLE,UNAVAILABLE,14,1,ACTIVE,2,A_N2-A3.NC,A_N2-A3.NC,2059083.502,190601.037,5699.3,3683.3127,100,16.93333,16,100,0,4,100,9000.0,17300.9,7067.64,2.4479,0.000601796,0.888252,0,644.4588122,13682.4,3694.59,3.70336,0.00022357,0.386165,0,273.928802,7325.23,4116.93,1.77929,0.000125076,0.381663,6,-359.5728329,2379.58,903.442,2.6339,0.000371952,0.330884
19.031783,1,AUTO,ARMED,5,AVAILABLE,UNAVAILABLE,UNAVAILABLE,14,1,ACTIVE,2,A_N2-A3.NC,A_N2-A3.NC,2059083.502,190601.037,5699.3,3683.3127,100,16.93333,16,100,0,4,100,9000.0,17900.8,592.833,30.1954,0.00035713,0.302685,0,644.4588122,12626.2,215.828,58.5012,0.000205333,0.127698,0,273.928802,7373.27,4149.15,1.77706,0.000122619,0.388182,6,-359.5728329,2307.47,435.489,5.29857,0.000300809,0.226214
19.178133,1,AUTO,ARMED,5,AVAILABLE,UNAVAILABLE,UNAVAILABLE,14,1,ACTIVE,2,A_N2-A3.NC,A_N2-A3.NC,2059083.502,190601.037,5699.3,3683.3127,100,16.93333,16,100,0,4,100,9000.0,17900.8,592.833,30.1954,0.00035713,0.302685,0,647.9430859,12626.2,215.828,58.5012,0.000205333,0.127698,0,273.9288091,7373.27,4149.15,1.77706,0.000122619,0.388182,6,-359.5727642,2307.47,435.489,5.29857,0.000300809,0.226214
19.333087,1,AUTO,ARMED,5,AVAILABLE,UNAVAILABLE,UNAVAILABLE,14,1,ACTIVE,2,A_N2-A3.NC,A_N2-A3.NC,2059083.502,190601.037,5699.3,3683.3127,100,16.93333,16,100,0,5,100,9000.0,17900.8,592.833,30.1954,0.00035713,0.302685,0,649.6915239,12626.2,215.828,58.5012,0.000205333,0.127698,0,273.9288163,7373.27,4149.15,1.77706,0.000122619,0.388182,6,-359.5728443,2307.47,435.489,5.29857,0.000300809,0.226214
19.477488,1,AUTO,ARMED,5,AVAILABLE,UNAVAILABLE,UNAVAILABLE,14,1,ACTIVE,2,A_N2-A3.NC,A_N2-A3.NC,2059083.502,190601.037,5699.3,3683.3127,100,16.93333,17,100,0,4,100,9000.0,17900.8,592.833,30.1954,0.00035713,0.302685,0,653.1753613,12626.2,215.828,58.5012,0.000205333,0.127698,0,273.9288235,7373.27,4149.15,1.77706,0.000122619,0.388182,6,-359.5727871,2307.47,435.489,5.29857,0.000300809,0.226214
19.619517,1,AUTO,ARMED,5,AVAILABLE,UNAVAILABLE,UNAVAILABLE,14,1,ACTIVE,2,A_N2-A3.NC,A_N2-A3.NC,2059083.502,190601.037,5699.3,3395.6035,100,16.93333,17,100,0,3,100,9000.0,17900.8,592.833,30.1954,0.00035713,0.302685,0,654.9236848,12626.2,215.828,58.5012,0.000205333,0.127698,0,273.9288091,7373.27,4149.15,1.77706,0.000122619,0.388182,6,-359.5728215,2307.47,435.489,5.29857,0.000300809,0.226214
19.767207,1,AUTO,ARMED,5,AVAILABLE,UNAVAILABLE,UNAVAILABLE,15,1,ACTIVE,2,A_N2-A3.NC,A_N2-A3.NC,2059083.502,190601.037,5699.3,3395.6035,100,11.28333,17,100,0,3,100,9000.0,17900.8,592.833,30.1954,0.00035713,0.302685,0,656.2362721,12626.2,215.828,58.5012,0.000205333,0.127698,0,273.9288091,7373.27,4149.15,1.77706,0.000122619,0.388182,6,-359.5727871,2307.47,435.489,5.29857,0.000300809,0.226214
19.909373,1,AUTO,ARMED,5,AVAILABLE,UNAVAILABLE,UNAVAILABLE,15,1,ACTIVE,2,A_N2-A3.NC,A_N2-A3.NC,2059083.502,190601.037,5699.3,3395.6035,100,0.0,17,100,0,3,100,9000.0,17900.8,592.833,30.1954,0.00035713,0.302685,0,656.2371661,12626.2,215.828,58.5012,0.000205333,0.127698,0,273.928802,7373.27,4149.15,1.77706,0.000122619,0.388182,6,-359.5728215,2307.47,435.489,5.29857,0.000300809,0.226214
20.050541,1,AUTO,ARMED,5,AVAILABLE,UNAVAILABLE,UNAVAILABLE,15,1,ACTIVE,2,A_N2-A3.NC,A_N2-A3.NC,2059083.502,190601.037,5699.3,3395.6035,100,0.0,17,100,0,3,100,9000.0,4151.26,596.275,6.96199,0.000386459,0.290238,0,656.2371447,3768.65,111.637,33.7581,0.000177053,0.116465,0,273.9287948,672.48,119.841,5.61144,0.000105691,0.0750964,6,-359.5727871,1610.42,518.295,3.10715,0.000303913,0.230594
20.192847,1,AUTO,ARMED,5,AVAILABLE,UNAVAILABLE,UNAVAILABLE,15,1,ACTIVE,2,A_N2-A3.NC,A_N2-A3.NC,2059083.502,190601.037,5699.3,3395.6035,100,0.0,17,100,0,3,100,9000.0,4151.26,596.275,6.96199,0.000386459,0.290238,0,656.2371304,3768.65,111.637,33.7581,0.000177053,0.116465,0,273.928802,672.48,119.841,5.61144,0.000105691,0.0750964,6,-359.5728215,1610.42,518.295,3.10715,0.000303913,0.230594
20.338704,1,AUTO,ARMED,5,AVAILABLE,UNAVAILABLE,UNAVAILABLE,15,1,ACTIVE,2,A_N2-A3.NC,A_N2-A3.NC,2059083.502,190601.037,5699.3,3395.6035,100,0.0,17,100,0,4,100,9000.0,4151.26,596.275,6.96199,0.000386459,0.290238,0,656.2371232,3768.65,111.637,33.7581,0.000177053,0.116465,0,273.928802,672.48,119.841,5.61144,0.000105691,0.0750964,6,-359.5727757,1610.42,518.295,3.10715,0.000303913,0.230594
20.515251,1,AUTO,ARMED,5,AVAILABLE,UNAVAILABLE,UNAVAILABLE,15,1,ACTIVE,2,A_N2-A3.NC,A_N2-A3.NC,2059083.502,190601.037,5699.3,3395.6035,100,0.0,18,100,0,3,100,9000.0,4151.26,596.275,6.96199,0.000386459,0.290238,0,656.2371089,3768.65,111.637,33.7581,0.000177053,0.116465,0,273.928802,672.48,119.841,5.61144,0.000105691,0.0750964,6,-359.57281,1610.42,518.295,3.10715,0.000303913,0.230594
20.652618,1,AUTO,ARMED,5,AVAILABLE,UNAVAILABLE,UNAVAILABLE,15,1,ACTIVE,2,A_N2-A3.NC,A_N2-A3.NC,2059083.502,190601.037,5699.3,3442.8027,100,0.0,18,100,0,3,100,9000.0,4151.26,596.275,6.96199,0.000386459,0.290238,0,656.2371089,3768.65,111.637,33.7581,0.000177053,0.116465,0,273.928802,672.48,119.841,5.61144,0.000105691,0.0750964,6,-359.57281,1610.42,518.295,3.10715,0.000303913,0.230594
20.794942,1,AUTO,ARMED,5,AVAILABLE,UNAVAILABLE,UNAVAILABLE,16,1,ACTIVE,2,A_N2-A3.NC,A_N2-A3.NC,2059083.502,190601.037,5699.3,3442.8027,100,0.0,18,100,0,3,100,9000.0,4151.26,596.275,6.96199,0.000386459,0.290238,0,656.2415639,3768.65,111.637,33.7581,0.000177053,0.116465,0,274.1148144,672.48,119.841,5.61144,0.000105691,0.0750964,6,-359.5728215,1610.42,518.295,3.10715,0.000303913,0.230594
20.945457,1,AUTO,ARMED,5,AVAILABLE,UNAVAILABLE,UNAVAILABLE,17,1,ACTIVE,2,A_N2-A3.NC,A_N2-A3.NC,2059083.502,190601.037,5699.3,3442.8027,100,16.93333,18,100,0,3,100,9000.0,4151.26,596.275,6.96199,0.000386459,0.290238,0,655.1951099,3768.65,111.637,33.7581,0.000177053,0.116465,0,274.2461918,672.48,119.841,5.61144,0.000105691,0.0750964,6,-359.57281,1610.42,518.295,3.10715,0.000303913,0.230594
21.088918,1,AUTO,ARMED,5,AVAILABLE,UNAVAILABLE,UNAVAILABLE,17,1,ACTIVE,2,A_N2-A3.NC,A_N2-A3.NC,2059083.502,190601.037,5699.3,3442.8027,100,16.93333,18,100,0,3,100,9000.0,5710.99,1274.13,4.48227,0.000731934,0.662966,0,649.9646209,6985.2,465.61,15.0023,0.000250218,0.228658,0,274.2462347,2785.99,737.958,3.77527,0.000117358,0.13516,6,-359.5727871,2427.65,891.455,2.72324,0.000349322,0.410919
21.229499,1,AUTO,ARMED,5,AVAILABLE,UNAVAILABLE,UNAVAILABLE,17,1,ACTIVE,2,A_N2-A3.NC,A_N2-A3.NC,2059083.502,190601.037,5699.3,3442.8027,100,16.93333,18,100,0,3,100,9000.0,5710.99,1274.13,4.48227,0.000731934,0.662966,0,649.9646209,6985.2,465.61,15.0023,0.000250218,0.228658,0,274.2462347,2785.99,737.958,3.77527,0.000117358,0.13516,6,-359.5727871,2427.65,891.455,2.72324,0.000349322,0.410919
21.369458,1,AUTO,ARMED,5,AVAILABLE,UNAVAILABLE,UNAVAILABLE,17,1,ACTIVE,2,A_N2-A3.NC,A_N2-A3.NC,2059083.502,190601.037,5699.3,3442.8027,100,16.93333,18,100,0,5,100,9000.0,5710.99,1274.13,4.48227,0.000731934,0.662966,0,646.472152,6985.2,465.61,15.0023,0.000250218,0.228658,0,274.2462991,2785.99,737.958,3.77527,0.000117358,0.13516,6,-359.5727986,2427.65,891.455,2.72324,0.000349322,0.410919
21.524745,1,AUTO,ARMED,5,AVAILABLE,UNAVAILABLE,UNAVAILABLE,17,1,ACTIVE,2,A_N2-A3.NC,A_N2-A3.NC,2059083.502,190601.037,5699.3,3442.8027,100,16.93333,19,100,0,5,100,9000.0,5710.99,1274.13,4.48227,0.000731934,0.662966,0,642.9880584,6985.2,465.61,15.0023,0.000250218,0.228658,0,274.2463062,2785.99,737.958,3.77527,0.000117358,0.13516,6,-359.5727871,2427.65,891.455,2.72324,0.000349322,0.410919
21.659373,1,AUTO,ARMED,5,AVAILABLE,UNAVAILABLE,UNAVAILABLE,17,1,ACTIVE,2,A_N2-A3.NC,A_N2-A3.NC,2059083.502,190601.037,5699.3,3442.8027,100,16.93333,19,100,0,5,100,9000.0,5710.99,1274.13,4.48227,0.000731934,0.662966,0,641.2396389,6985.2,465.61,15.0023,0.000250218,0.228658,0,274.2463134,2785.99,737.958,3.77527,0.000117358,0.13516,6,-359.57281,2427.65,891.455,2.72324,0.000349322,0.410919
21.795639,1,AUTO,ARMED,5,AVAILABLE,UNAVAILABLE,UNAVAILABLE,17,1,ACTIVE,2,A_N2-A3.NC,A_N2-A3.NC,2059083.502,190601.037,5699.3,3699.2192,100,16.93333,19,100,0,5,100,9000.0,5710.99,1274.13,4.48227,0.000731934,0.662966,0,639.4999237,6985.2,465.61,15.0023,0.000250218,0.228658,0,274.2462919,2785.99,737.958,3.77527,0.000117358,0.13516,6,-359.5727986,2427.65,891.455,2.72324,0.000349322,0.410919
21.937496,1,AUTO,ARMED,5,AVAILABLE,UNAVAILABLE,UNAVAILABLE,17,1,ACTIVE,2,A_N2-A3.NC,A_N2-A3.NC,2059083.502,190601.037,5699.3,3699.2192,100,16.93333,19,100,0,5,100,9000.0,5710.99,1274.13,4.48227,0.000731934,0.662966,0,637.75586,6985.2,465.61,15.0023,0.000250218,0.228658,0,274.2463062,2785.99,737.958,3.77527,0.000117358,0.13516,6,-359.5727757,2427.65,891.455,2.72324,0.000349322,0.410919
22.075871,1,AUTO,ARMED,5,AVAILABLE,UNAVAILABLE,UNAVAILABLE,17,1,ACTIVE,2,A_N2-A3.NC,A_N2-A3.NC,2059083.502,190601.037,5699.3,3699.2192,100,16.93333,19,100,0,5,100,9000.0,5710.99,1274.13,4.48227,0.000731934,0.662966,0,634.2632475,6985.2,465.61,15.0023,0.000250218,0.228658,0,274.2463134,2785.99,737.958,3.77527,0.000117358,0.13516,6,-359.5727757,2427.65,891.455,2.72324,0.000349322,0.410919
22.215919,1,AUTO,ARMED,5,AVAILABLE,UNAVAILABLE,UNAVAILABLE,17,1,ACTIVE,2,A_N2-A3.NC,A_N2-A3.NC,2059083.502,190601.037,5699.3,3699.2192,100,16.93333,19,100,0,5,100,9000.0,6742.8,1596.26,4.22412,0.000697402,0.646221,0,633.3911553,6577.13,709.745,9.26689,0.00023711,0.207681,0,274.2462991,3074.2,872.759,3.52239,0.000139753,0.154886,6,-359.5727871,2379.58,925.018,2.57247,0.000347057,0.41922
22.355578,1,AUTO,ARMED,5,AVAILABLE,UNAVAILABLE,UNAVAILABLE,17,1,ACTIVE,2,A_N2-A3.NC,A_N2-A3.NC,2059083.502,190601.037,5699.3,3699.2192,100,16.93333,19,100,0,5,100,9000.0,6742.8,1596.26,4.22412,0.000697402,0.646221,0,631.6511049,6577.13,709.745,9.26689,0.00023711,0.207681,0,274.2463062,3074.2,872.759,3.52239,0.000139753,0.154886,6,-359.5727986,2379.58,925.018,2.57247,0.000347057,0.41922
22.491747,1,AUTO,ARMED,5,AVAILABLE,UNAVAILABLE,UNAVAILABLE,17,1,ACTIVE,2,A_N2-A3.NC,A_N2-A3.NC,2059083.502,190601.037,5699.3,3699.2192,100,16.93333,20,100,0,5,100,9000.0,6742.8,1596.26,4.22412,0.000697402,0.646221,0,628.158795,6577.13,709.745,9.26689,0.00023711,0.207681,0,274.2463134,3074.2,872.759,3.52239,0.000139753,0.154886,6,-359.5727871,2379.58,925.018,2.57247,0.000347057,0.41922
22.675858,1,AUTO,ARMED,5,AVAILABLE,UNAVAILABLE,UNAVAILABLE,17,1,ACTIVE,2,A_N2-A3.NC,A_N2-A3.NC,2059083.502,190601.037,5699.3,3699.2192,100,16.93333,20,100,0,4,100,9000.0,6742.8,1596.26,4.22412,0.000697402,0.646221,0,624.6704476,6577.13,709.745,9.26689,0.00023711,0.207681,0,274.2462991,3074.2,872.759,3.52239,0.000139753,0.154886,6,-359.57281,2379.58,925.018,2.57247,0.000347057,0.41922
22.819091,1,AUTO,ARMED,5,AVAILABLE,UNAVAILABLE,UNAVAILABLE,17,1,ACTIVE,2,A_N2-A3.NC,A_N2-A3.NC,2059083.502,190601.037,5699.3,3695.1011,100,16.93333,20,100,0,4,100,9000.0,6742.8,1596.26,4.22412,0.000697402,0.646221,0,622.9263346,6577.13,709.745,9.26689,0.00023711,0.207681,0,274.2462991,3074.2,872.759,3.52239,0.000139753,0.154886,6,-359.5727757,2379.58,925.018,2.57247,0.000347057,0.41922
22.963581,1,AUTO,ARMED,5,AVAILABLE,UNAVAILABLE,UNAVAILABLE,17,1,ACTIVE,2,A_N2-A3.NC,A_N2-A3.NC,2059083.502,190601.037,5699.3,3695.1011,100,16.93333,20,100,0,5,100,9000.0,6742.8,1596.26,4.22412,0.000697402,0.646221,0,619.4422858,6577.13,709.745,9.26689,0.00023711,0.207681,0,274.2463062,3074.2,872.759,3.52239,0.000139753,0.154886,6,-359.5727871,2379.58,925.018,2.57247,0.000347057,0.41922
23.112037,1,AUTO,ARMED,5,AVAILABLE,UNAVAILABLE,UNAVAILABLE,17,1,ACTIVE,2,A_N2-A3.NC,A_N2-A3.NC,2059083.502,190601.037,5699.3,3695.1011,100,16.93333,20,100,0,5,100,9000.0,6742.8,1596.26,4.22412,0.000697402,0.646221,0,617.6939672,6577.13,709.745,9.26689,0.00023711,0.207681,0,274.2462991,3074.2,872.759,3.52239,0.000139753,0.154886,6,-359.5727986,2379.58,925.018,2.57247,0.000347057,0.41922
23.247542,1,AUTO,ARMED,5,AVAILABLE,UNAVAILABLE,UNAVAILABLE,17,1,ACTIVE,2,A_N2-A3.NC,A_N2-A3.NC,2059083.502,190601.037,5699.3,3695.1011,100,16.93333,20,100,0,5,100,9000.0,6358.87,1418.22,4.4837,0.000743512,0.641796,0,615.9497613,7321.26,677.873,10.8003,0.000233595,0.203969,0,274.2463062,3026.16,968.652,3.12409,0.000137662,0.164038,6,-359.5728329,2523.79,813.385,3.10282,0.000393417,0.399751
23.38763,1,AUTO,ARMED,5,AVAILABLE,UNAVAILABLE,UNAVAILABLE,17,1,ACTIVE,2,A_N2-A3.NC,A_N2-A3.NC,2059083.502,190601.037,5699.3,3695.1011,100,16.93333,21,100,0,5,100,9000.0,6358.87,1418.22,4.4837,0.000743512,0.641796,0,614.209904,7321.26,677.873,10.8003,0.000233595,0.203969,0,274.2463134,3026.16,968.652,3.12409,0.000137662,0.164038,6,-359.5727986,2523.79,813.385,3.10282,0.000393417,0.399751
23.538389,1,AUTO,ARMED,5,AVAILABLE,UNAVAILABLE,UNAVAILABLE,17,1,ACTIVE,2,A_N2-A3.NC,A_N2-A3.NC,2059083.502,190601.037,5699.3,3695.1011,100,16.93333,21,100,0,4,100,9000.0,6358.87,1418.22,4.4837,0.000743512,0.641796,0,608.9733103,7321.26,677.873,10.8003,0.000233595,0.203969,0,274.2462991,3026.16,968.652,3.12409,0.000137662,0.164038,6,-359.5727871,2523.79,813.385,3.10282,0.000393417,0.399751
23.677996,1,AUTO,ARMED,5,AVAILABLE,UNAVAILABLE,UNAVAILABLE,17,1,ACTIVE,2,A_N2-A3.NC,A_N2-A3.NC,2059083.502,190601.037,5699.3,3695.1011,100,16.93333,21,100,0,5,100,9000.0,6358.87,1418.22,4.4837,0.000743512,0.641796,0,607.2248056,7321.26,677.873,10.8003,0.000233595,0.203969,0,274.2463062,3026.16,968.652,3.12409,0.000137662,0.164038,6,-359.5727757,2523.79,813.385,3.10282,0.000393417,0.399751
23.825702,1,AUTO,ARMED,5,AVAILABLE,UNAVAILABLE,UNAVAILABLE,17,1,ACTIVE,2,A_N2-A3.NC,A_N2-A3.NC,2059083.502,190601.037,5699.3,3695.1011,100,16.93333,21,100,0,5,100,9000.0,6358.87,1418.22,4.4837,0.000743512,0.641796,0,605.4848483,7321.26,677.873,10.8003,0.000233595,0.203969,0,274.2462919,3026.16,968.652,3.12409,0.000137662,0.164038,6,-359.5728443,2523.79,813.385,3.10282,0.000393417,0.399751
23.966239,1,AUTO,ARMED,5,AVAILABLE,UNAVAILABLE,UNAVAILABLE,17,1,ACTIVE,2,A_N2-A3.NC,A_N2-A3.NC,2059083.502,190601.037,5699.3,3700.0063,100,16.93333,21,100,0,5,100,9000.0,6358.87,1418.22,4.4837,0.000743512,0.641796,0,603.740907,7321.26,677.873,10.8003,0.000233595,0.203969,0,274.2463062,3026.16,968.652,3.12409,0.000137662,0.164038,6,-359.5727757,2523.79,813.385,3.10282,0.000393417,0.399751
24.1069,1,AUTO,ARMED,5,AVAILABLE,UNAVAILABLE,UNAVAILABLE,17,1,ACTIVE,2,A_N2-A3.NC,A_N2-A3.NC,2059083.502,190601.037,5699.3,3700.0063,100,16.93333,21,100,0,5,100,9000.0,6358.87,1418.22,4.4837,0.000743512,0.641796,0,599.38041,7321.26,677.873,10.8003,0.000233595,0.203969,0,274.2462991,3026.16,968.652,3.12409,0.000137662,0.164038,6,-359.57281,2523.79,813.385,3.10282,0.000393417,0.399751
24.260383,1,AUTO,ARMED,5,AVAILABLE,UNAVAILABLE,UNAVAILABLE,17,1,ACTIVE,2,A_N2-A3.NC,A_N2-A3.NC,2059083.502,190601.037,5699.3,3700.0063,100,16.93333,21,100,0,5,100,9000.0,6718.81,1672.65,4.01687,0.0007173,0.662849,0,597.636347,6937.19,570.316,12.1638,0.000202026,0.193903,0,274.2463134,3146.25,897.446,3.50578,0.000138137,0.149579,6,-359.5727642,2475.72,751.104,3.29611,0.000396928,0.380459
24.398004,1,AUTO,ARMED,5,AVAILABLE,UNAVAILABLE,UNAVAILABLE,17,1,ACTIVE,2,A_N2-A3.NC,A_N2-A3.NC,2059083.502,190601.037,5699.3,3700.0063,100,16.93333,21,100,0,4,100,9000.0,6718.81,1672.65,4.01687,0.0007173,0.662849,0,595.8965113,6937.19,570.316,12.1638,0.000202026,0.193903,0,274.2462991,3146.25,897.446,3.50578,0.000138137,0.149579,6,-359.5728215,2475.72,751.104,3.29611,0.000396928,0.380459
24.536763,1,AUTO,ARMED,5,AVAILABLE,UNAVAILABLE,UNAVAILABLE,17,1,ACTIVE,2,A_N2-A3.NC,A_N2-A3.NC,2059083.502,190601.037,5699.3,3700.0063,100,16.93333,22,100,0,4,100,9000.0,6718.81,1672.65,4.01687,0.0007173,0.662849,0,594.1480639,6937.19,570.316,12.1638,0.000202026,0.193903,0,274.2462991,3146.25,897.446,3.50578,0.000138137,0.149579,6,-359.5727871,2475.72,751.104,3.29611,0.000396928,0.380459
24.681962,1,AUTO,ARMED,5,AVAILABLE,UNAVAILABLE,UNAVAILABLE,17,1,ACTIVE,2,A_N2-A3.NC,A_N2-A3.NC,2059083.502,190601.037,5699.3,3700.0063,100,16.93333,22,100,0,4,100,9000.0,6718.81,1672.65,4.01687,0.0007173,0.662849,0,590.6640508,6937.19,570.316,12.1638,0.000202026,0.193903,0,274.2462991,3146.25,897.446,3.50578,0.000138137,0.149579,6,-359.5728329,2475.72,751.104,3.29611,0.000396928,0.380459
24.822943,1,AUTO,ARMED,5,AVAILABLE,UNAVAILABLE,UNAVAILABLE,17,1,ACTIVE,2,A_N2-A3.NC,A_N2-A3.NC,2059083.502,190601.037,5699.3,3700.0063,100,16.93333,22,100,0,5,100,9000.0,6718.81,1672.65,4.01687,0.0007173,0.662849,0,587.1715976,6937.19,570.316,12.1638,0.000202026,0.193903,0,274.2462991,3146.25,897.446,3.50578,0.000138137,0.149579,6,-359.5727986,2475.72,751.104,3.29611,0.000396928,0.380459
24.971415,1,AUTO,ARMED,5,AVAILABLE,UNAVAILABLE,UNAVAILABLE,17,1,ACTIVE,2,A_N2-A3.NC,A_N2-A3.NC,2059083.502,190601.037,5699.3,3693.7935,100,16.93333,22,100,0,5,100,9000.0,6718.81,1672.65,4.01687,0.0007173,0.662849,0,585.4317691,6937.19,570.316,12.1638,0.000202026,0.193903,0,274.2463062,3146.25,897.446,3.50578,0.000138137,0.149579,6,-359.5728329,2475.72,751.104,3.29611,0.000396928,0.380459
25.119349,1,AUTO,ARMED,5,AVAILABLE,UNAVAILABLE,UNAVAILABLE,17,1,ACTIVE,2,A_N2-A3.NC,A_N2-A3.NC,2059083.502,190601.037,5699.3,3693.7935,100,16.93333,22,100,0,5,100,9000.0,6718.81,1672.65,4.01687,0.0007173,0.662849,0,583.683182,6937.19,570.316,12.1638,0.000202026,0.193903,0,274.2462919,3146.25,897.446,3.50578,0.000138137,0.149579,6,-359.5727871,2475.72,751.104,3.29611,0.000396928,0.380459
25.256442,1,AUTO,ARMED,5,AVAILABLE,UNAVAILABLE,UNAVAILABLE,17,1,ACTIVE,2,A_N2-A3.NC,A_N2-A3.NC,2059083.502,190601.037,5699.3,3693.7935,100,16.93333,22,100,0,5,100,9000.0,6718.81,1672.65,4.01687,0.0007173,0.662849,0,581.9391738,6937.19,570.316,12.1638,0.000202026,0.193903,0,274.2463062,3146.25,897.446,3.50578,0.000138137,0.149579,6,-359.5727986,2475.72,751.104,3.29611,0.000396928,0.380459
25.399867,1,AUTO,ARMED,5,AVAILABLE,UNAVAILABLE,UNAVAILABLE,17,1,ACTIVE,2,A_N2-A3.NC,A_N2-A3.NC,2059083.502,190601.037,5699.3,3693.7935,100,16.93333,22,100,0,4,100,9000.0,6790.79,1610.6,4.21631,0.000698213,0.645659,0,578.4552843,7129.23,590.146,12.0805,0.000214647,0.197842,0,274.2463062,2882.06,883.222,3.26312,0.000173169,0.151954,6,-359.5727871,2451.69,934.973,2.6222,0.000344692,0.423016
25.539768,1,AUTO,ARMED,5,AVAILABLE,UNAVAILABLE,UNAVAILABLE,17,1,ACTIVE,2,A_N2-A3.NC,A_N2-A3.NC,2059083.502,190601.037,5699.3,3693.7935,100,16.93333,23,100,0,4,100,9000.0,6790.79,1610.6,4.21631,0.000698213,0.645659,0,576.7068271,7129.23,590.146,12.0805,0.000214647,0.197842,0,274.2462991,2882.06,883.222,3.26312,0.000173169,0.151954,6,-359.5727871,2451.69,934.973,2.6222,0.000344692,0.423016
25.680488,1,AUTO,ARMED,5,AVAILABLE,UNAVAILABLE,UNAVAILABLE,17,1,ACTIVE,2,A_N2-A3.NC,A_N2-A3.NC,2059083.502,190601.037,5699.3,3693.7935,100,16.93333,23,100,0,5,100,9000.0,6790.79,1610.6,4.21631,0.000698213,0.645659,0,573.2226444,7129.23,590.146,12.0805,0.000214647,0.197842,0,274.2463062,2882.06,883.222,3.26312,0.000173169,0.151954,6,-359.5727757,2451.69,934.973,2.6222,0.000344692,0.423016
25.824179,1,AUTO,ARMED,5,AVAILABLE,UNAVAILABLE,UNAVAILABLE,17,1,ACTIVE,2,A_N2-A3.NC,A_N2-A3.NC,2059083.502,190601.037,5699.3,3693.7935,100,16.93333,23,100,0,5,100,9000.0,6790.79,1610.6,4.21631,0.000698213,0.645659,0,571.4743231,7129.23,590.146,12.0805,0.000214647,0.197842,0,274.2462991,2882.06,883.222,3.26312,0.000173169,0.151954,6,-359.5728215,2451.69,934.973,2.6222,0.000344692,0.423016
25.961476,1,AUTO,ARMED,5,AVAILABLE,UNAVAILABLE,UNAVAILABLE,17,1,ACTIVE,2,A_N2-A3.NC,A_N2-A3.NC,2059083.502,190601.037,5699.3,3692.4792,100,16.93333,23,100,0,4,100,9000.0,6790.79,1610.6,4.21631,0.000698213,0.645659,0,569.7347209,7129.23,590.146,12.0805,0.000214647,0.197842,0,274.2462991,2882.06,883.222,3.26312,0.000173169,0.151954,6,-359.5728329,2451.69,934.973,2.6222,0.000344692,0.423016
26.11887,1,AUTO,ARMED,5,AVAILABLE,UNAVAILABLE,UNAVAILABLE,17,1,ACTIVE,2,A_N2-A3.NC,A_N2-A3.NC,2059083.502,190601.037,5699.3,3692.4792,100,16.93333,23,100,0,5,100,9000.0,6790.79,1610.6,4.21631,0.000698213,0.645659,0,567.1182257,7129.23,590.146,12.0805,0.000214647,0.197842,0,274.2463134,2882.06,883.222,3.26312,0.000173169,0.151954,6,-359.5727757,2451.69,934.973,2.6222,0.000344692,0.423016
26.274822,1,AUTO,ARMED,5,AVAILABLE,UNAVAILABLE,UNAVAILABLE,17,1,ACTIVE,2,A_N2-A3.NC,A_N2-A3.NC,2059083.502,190601.037,5699.3,3692.4792,100,16.93333,23,100,0,5,100,9000.0,6790.79,1610.6,4.21631,0.000698213,0.645659,0,565.3699831,7129.23,590.146,12.0805,0.000214647,0.197842,0,274.2462991,2882.06,883.222,3.26312,0.000173169,0.151954,6,-359.5728329,2451.69,934.973,2.6222,0.000344692,0.423016
26.44254,1,AUTO,ARMED,5,AVAILABLE,UNAVAILABLE,UNAVAILABLE,17,1,ACTIVE,2,A_N2-A3.NC,A_N2-A3.NC,2059083.502,190601.037,5699.3,3692.4792,100,16.93333,24,100,0,5,100,9000.0,6574.83,1574.0,4.17715,0.00070502,0.649853,0,560.1375935,6961.2,581.095,11.9795,0.000213717,0.185251,0,274.2462991,3098.21,980.578,3.15958,0.00013766,0.158566,6,-359.5728329,2523.79,945.024,2.67061,0.00045527,0.435211
26.605851,1,AUTO,ARMED,5,AVAILABLE,UNAVAILABLE,UNAVAILABLE,17,1,ACTIVE,2,A_N2-A3.NC,A_N2-A3.NC,2059083.502,190601.037,5699.3,3692.4792,100,16.93333,24,100,0,5,100,9000.0,6574.83,1574.0,4.17715,0.00070502,0.649853,0,558.3978988,6961.2,581.095,11.9795,0.000213717,0.185251,0,274.2463062,3098.21,980.578,3.15958,0.00013766,0.158566,6,-359.5727642,2523.79,945.024,2.67061,0.00045527,0.435211
26.749004,1,AUTO,ARMED,5,AVAILABLE,UNAVAILABLE,UNAVAILABLE,17,1,ACTIVE,2,A_N2-A3.NC,A_N2-A3.NC,2059083.502,190601.037,5699.3,3692.4792,100,16.93333,24,100,0,5,100,9000.0,6574.83,1574.0,4.17715,0.00070502,0.649853,0,556.6535158,6961.2,581.095,11.9795,0.000213717,0.185251,0,274.2462991,3098.21,980.578,3.15958,0.00013766,0.158566,6,-359.5727986,2523.79,945.024,2.67061,0.00045527,0.435211
26.888861,1,AUTO,ARMED,5,AVAILABLE,UNAVAILABLE,UNAVAILABLE,17,1,ACTIVE,2,A_N2-A3.NC,A_N2-A3.NC,2059083.502,190601.037,5699.3,3692.4792,100,16.93333,24,100,0,4,100,9000.0,6574.83,1574.0,4.17715,0.00070502,0.649853,0,554.9051203,6961.2,581.095,11.9795,0.000213717,0.185251,0,274.2462991,3098.21,980.578,3.15958,0.00013766,0.158566,6,-359.57281,2523.79,945.024,2.67061,0.00045527,0.435211
27.038681,1,AUTO,ARMED,5,AVAILABLE,UNAVAILABLE,UNAVAILABLE,17,1,ACTIVE,2,A_N2-A3.NC,A_N2-A3.NC,2059083.502,190601.037,5699.3,3692.4792,100,16.93333,24,100,0,5,100,9000.0,6574.83,1574.0,4.17715,0.00070502,0.649853,0,549.677071,6961.2,581.095,11.9795,0.000213717,0.185251,0,274.2462991,3098.21,980.578,3.15958,0.00013766,0.158566,6,-359.5728215,2523.79,945.024,2.67061,0.00045527,0.435211
27.185962,1,AUTO,ARMED,5,AVAILABLE,UNAVAILABLE,UNAVAILABLE,17,1,ACTIVE,2,A_N2-A3.NC,A_N2-A3.NC,2059083.502,190601.037,5699.3,3606.9551,100,16.93333,24,100,0,5,100,9000.0,6574.83,1574.0,4.17715,0.00070502,0.649853,0,547.9329312,6961.2,581.095,11.9795,0.000213717,0.185251,0,274.2462991,3098.21,980.578,3.15958,0.00013766,0.158566,6,-359.5727871,2523.79,945.024,2.67061,0.00045527,0.435211
27.333301,1,AUTO,ARMED,5,AVAILABLE,UNAVAILABLE,UNAVAILABLE,17,1,ACTIVE,2,A_N2-A3.NC,A_N2-A3.NC,2059083.502,190601.037,5699.3,3606.9551,100,16.93333,24,100,0,5,100,9000.0,6574.83,1574.0,4.17715,0.00070502,0.649853,0,544.4447231,6961.2,581.095,11.9795,0.000213717,0.185251,0,274.2462919,3098.21,980.578,3.15958,0.00013766,0.158566,6,-359.5727986,2523.79,945.024,2.67061,0.00045527,0.435211
27.492676,1,AUTO,ARMED,5,AVAILABLE,UNAVAILABLE,UNAVAILABLE,17,1,ACTIVE,2,A_N2-A3.NC,A_N2-A3.NC,2059083.502,190601.037,5699.3,3606.9551,100,16.93333,25,100,0,5,100,9000.0,7942.59,604.397,13.1413,0.000376186,0.301209,0,542.6966924,7345.27,305.075,24.0769,0.000163383,0.126777,0,274.2463635,4467.19,135.409,32.9903,0.000133606,0.0775972,6,-359.5727757,2523.79,616.344,4.09477,0.000388979,0.255702
27.631123,1,AUTO,ARMED,5,AVAILABLE,UNAVAILABLE,UNAVAILABLE,17,1,ACTIVE,2,A_N2-A3.NC,A_N2-A3.NC,2059083.502,190601.037,5699.3,3606.9551,100,16.93333,25,100,0,5,100,9000.0,7942.59,604.397,13.1413,0.000376186,0.301209,0,540.9565794,7345.27,305.075,24.0769,0.000163383,0.126777,0,274.246342,4467.19,135.409,32.9903,0.000133606,0.0775972,6,-359.57281,2523.79,616.344,4.09477,0.000388979,0.255702
27.779397,1,AUTO,ARMED,5,AVAILABLE,UNAVAILABLE,UNAVAILABLE,17,1,ACTIVE,2,A_N2-A3.NC,A_N2-A3.NC,2059083.502,190601.037,5699.3,3606.9551,100,16.93333,25,100,0,3,100,9000.0,7942.59,604.397,13.1413,0.000376186,0.301209,0,537.4727701,7345.27,305.075,24.0769,0.000163383,0.126777,0,274.2463134,4467.19,135.409,32.9903,0.000133606,0.0775972,6,-359.5727642,2523.79,616.344,4.09477,0.000388979,0.255702
27.918823,1,AUTO,ARMED,5,AVAILABLE,UNAVAILABLE,UNAVAILABLE,17,1,ACTIVE,2,A_N2-A3.NC,A_N2-A3.NC,2059083.502,190601.037,5699.3,3606.9551,100,14.46667,25,100,0,3,100,9000.0,7942.59,604.397,13.1413,0.000376186,0.301209,0,536.859433,7345.27,305.075,24.0769,0.000163383,0.126777,0,274.2462991,4467.19,135.409,32.9903,0.000133606,0.0775972,6,-359.57281,2523.79,616.344,4.09477,0.000388979,0.255702
28.059404,1,AUTO,ARMED,5,AVAILABLE,UNAVAILABLE,UNAVAILABLE,18,1,ACTIVE,2,A_N2-A3.NC,A_N2-A3.NC,2059083.502,190601.037,5699.3,3606.9551,100,9.65,25,100,0,3,100,9000.0,7942.59,604.397,13.1413,0.000376186,0.301209,0,536.8570154,7345.27,305.075,24.0769,0.000163383,0.126777,0,274.2462991,4467.19,135.409,32.9903,0.000133606,0.0775972,6,-359.5727757,2523.79,616.344,4.09477,0.000388979,0.255702
28.217872,1,AUTO,ARMED,5,AVAILABLE,UNAVAILABLE,UNAVAILABLE,18,1,ACTIVE,2,A_N2-A3.NC,A_N2-A3.NC,2059083.502,190601.037,5699.3,3423.7603,100,0.0,25,100,0,3,100,9000.0,7942.59,604.397,13.1413,0.000376186,0.301209,0,536.8570226,7345.27,305.075,24.0769,0.000163383,0.126777,0,274.2462991,4467.19,135.409,32.9903,0.000133606,0.0775972,6,-359.5727986,2523.79,616.344,4.09477,0.000388979,0.255702
28.37738,1,AUTO,ARMED,5,AVAILABLE,UNAVAILABLE,UNAVAILABLE,18,1,ACTIVE,2,A_N2-A3.NC,A_N2-A3.NC,2059083.502,190601.037,5699.3,3423.7603,100,0.0,26,100,0,3,100,9000.0,7942.59,604.397,13.1413,0.000376186,0.301209,0,536.8570655,7345.27,305.075,24.0769,0.000163383,0.126777,0,274.2462991,4467.19,135.409,32.9903,0.000133606,0.0775972,6,-359.5727757,2523.79,616.344,4.09477,0.000388979,0.255702
28.5158,1,AUTO,ARMED,5,AVAILABLE,UNAVAILABLE,UNAVAILABLE,18,1,ACTIVE,2,A_N2-A3.NC,A_N2-A3.NC,2059083.502,190601.037,5699.3,3423.7603,100,0.0,26,100,0,3,100,9000.0,3935.3,608.424,6.46802,0.000381386,0.316739,0,536.8570726,1032.18,111.225,9.28011,0.00029436,0.123904,0,274.2462991,768.548,141.494,5.43166,0.000142071,0.0761736,6,-359.5727871,1754.64,678.643,2.58551,0.000301914,0.273625
28.676863,1,AUTO,ARMED,5,AVAILABLE,UNAVAILABLE,UNAVAILABLE,18,1,ACTIVE,2,A_N2-A3.NC,A_N2-A3.NC,2059083.502,190601.037,5699.3,3423.7603,100,0.0,26,100,0,4,100,9000.0,3935.3,608.424,6.46802,0.000381386,0.316739,0,536.8570941,1032.18,111.225,9.28011,0.00029436,0.123904,0,274.2462991,768.548,141.494,5.43166,0.000142071,0.0761736,6,-359.5727871,1754.64,678.643,2.58551,0.000301914,0.273625
28.829973,1,AUTO,ARMED,5,AVAILABLE,UNAVAILABLE,UNAVAILABLE,18,1,ACTIVE,2,A_N2-A3.NC,A_N2-A3.NC,2059083.502,190601.037,5699.3,3423.7603,100,0.0,26,100,0,3,100,9000.0,3935.3,608.424,6.46802,0.000381386,0.316739,0,536.857087,1032.18,111.225,9.28011,0.00029436,0.123904,0,274.2462991,768.548,141.494,5.43166,0.000142071,0.0761736,6,-359.5727871,1754.64,678.643,2.58551,0.000301914,0.273625
28.9707,1,AUTO,ARMED,5,AVAILABLE,UNAVAILABLE,UNAVAILABLE,21,1,ACTIVE,2,A_N2-A3.NC,A_N2-A3.NC,2059083.502,190601.037,5699.3,3423.7603,100,0.0,26,100,0,4,100,9000.0,3935.3,608.424,6.46802,0.000381386,0.316739,0,536.857087,1032.18,111.225,9.28011,0.00029436,0.123904,0,274.5649906,768.548,141.494,5.43166,0.000142071,0.0761736,6,-359.5727871,1754.64,678.643,2.58551,0.000301914,0.273625
29.106697,1,AUTO,ARMED,5,AVAILABLE,UNAVAILABLE,UNAVAILABLE,21,1,ACTIVE,2,A_N2-A3.NC,A_N2-A3.NC,2059083.502,190601.037,5699.3,3423.7603,100,0.0,26,100,0,3,100,9000.0,3935.3,608.424,6.46802,0.000381386,0.316739,0,536.8570941,1032.18,111.225,9.28011,0.00029436,0.123904,1,274.5638391,768.548,141.494,5.43166,0.000142071,0.0761736,6,-359.5727871,1754.64,678.643,2.58551,0.000301914,0.273625
29.246881,1,AUTO,ARMED,5,AVAILABLE,UNAVAILABLE,UNAVAILABLE,22,1,ACTIVE,2,A_N2-A3.NC,A_N2-A3.NC,2059083.502,190601.037,5699.3,3441.1694,100,0.0,26,100,0,3,100,9000.0,3935.3,608.424,6.46802,0.000381386,0.316739,0,536.8570941,1032.18,111.225,9.28011,0.00029436,0.123904,0,274.5638105,768.548,141.494,5.43166,0.000142071,0.0761736,6,-359.5728329,1754.64,678.643,2.58551,0.000301914,0.273625
29.386784,1,AUTO,ARMED,5,AVAILABLE,UNAVAILABLE,UNAVAILABLE,22,1,ACTIVE,2,A_N2-A3.NC,A_N2-A3.NC,2059083.502,190601.037,5699.3,3441.1694,100,0.0,26,100,0,3,100,9000.0,3935.3,608.424,6.46802,0.000381386,0.316739,0,536.8571013,1032.18,111.225,9.28011,0.00029436,0.123904,0,274.5637962,768.548,141.494,5.43166,0.000142071,0.0761736,6,-359.5727757,1754.64,678.643,2.58551,0.000301914,0.273625
29.56768,1,AUTO,ARMED,5,AVAILABLE,UNAVAILABLE,UNAVAILABLE,22,1,ACTIVE,2,A_N2-A3.NC,A_N2-A3.NC,2059083.502,190601.037,5699.3,3441.1694,100,0.0,27,100,0,3,100,9000.0,4247.25,605.817,7.01078,0.000411107,0.309658,0,536.8571013,8041.39,115.174,69.8195,0.000167799,0.114943,0,274.5638033,792.567,133.515,5.93616,0.000128637,0.0740244,6,-359.5727757,1682.53,551.676,3.04985,0.000205865,0.235732
29.716379,1,AUTO,ARMED,5,AVAILABLE,UNAVAILABLE,UNAVAILABLE,22,1,ACTIVE,2,A_N2-A3.NC,A_N2-A3.NC,2059083.502,190601.037,5699.3,3441.1694,100,0.0,27,100,0,3,100,9000.0,4247.25,605.817,7.01078,0.000411107,0.309658,0,536.8570941,8041.39,115.174,69.8195,0.000167799,0.114943,0,274.5638033,792.567,133.515,5.93616,0.000128637,0.0740244,6,-359.5727986,1682.53,551.676,3.04985,0.000205865,0.235732
29.860686,1,AUTO,ARMED,5,AVAILABLE,UNAVAILABLE,UNAVAILABLE,22,1,ACTIVE,2,A_N2-A3.NC,A_N2-A3.NC,2059083.502,190601.037,5699.3,3441.1694,100,0.0,27,100,0,3,100,9000.0,4247.25,605.817,7.01078,0.000411107,0.309658,0,536.8571013,8041.39,115.174,69.8195,0.000167799,0.114943,0,274.5637962,792.567,133.515,5.93616,0.000128637,0.0740244,6,-359.5728215,1682.53,551.676,3.04985,0.000205865,0.235732
30.007136,1,AUTO,ARMED,5,AVAILABLE,UNAVAILABLE,UNAVAILABLE,22,1,ACTIVE,2,A_N2-A3.NC,A_N2-A3.NC,2059083.502,190601.037,5699.3,3441.1694,100,0.0,27,100,0,3,100,9000.0,4247.25,605.817,7.01078,0.000411107,0.309658,0,536.8571013,8041.39,115.174,69.8195,0.000167799,0.114943,0,274.5637962,792.567,133.515,5.93616,0.000128637,0.0740244,6,-359.5727986,1682.53,551.676,3.04985,0.000205865,0.235732
30.152319,1,AUTO,ARMED,5,AVAILABLE,UNAVAILABLE,UNAVAILABLE,23,1,ACTIVE,2,A_N2-A3.NC,A_N2-A3.NC,2059083.502,190601.037,5699.3,3441.1694,100,18.63333,27,100,0,3,100,9000.0,4247.25,605.817,7.01078,0.000411107,0.309658,0,539.5083205,8041.39,115.174,69.8195,0.000167799,0.114943,0,274.5637962,792.567,133.515,5.93616,0.000128637,0.0740244,6,-359.5727871,1682.53,551.676,3.04985,0.000205865,0.235732
30.307601,1,AUTO,ARMED,5,AVAILABLE,UNAVAILABLE,UNAVAILABLE,23,1,ACTIVE,2,A_N2-A3.NC,A_N2-A3.NC,2059083.502,190601.037,5699.3,3441.1694,100,18.63333,27,100,0,3,100,9000.0,4247.25,605.817,7.01078,0.000411107,0.309658,0,541.431451,8041.39,115.174,69.8195,0.000167799,0.114943,0,274.5638105,792.567,133.515,5.93616,0.000128637,0.0740244,6,-359.5727871,1682.53,551.676,3.04985,0.000205865,0.235732
30.454745,1,AUTO,ARMED,5,AVAILABLE,UNAVAILABLE,UNAVAILABLE,23,1,ACTIVE,2,A_N2-A3.NC,A_N2-A3.NC,2059083.502,190601.037,5699.3,3901.5083,100,18.63333,28,100,0,4,100,9000.0,4247.25,605.817,7.01078,0.000411107,0.309658,0,545.2683636,8041.39,115.174,69.8195,0.000167799,0.114943,0,274.5637461,792.567,133.515,5.93616,0.000128637,0.0740244,6,-359.5727871,1682.53,551.676,3.04985,0.000205865,0.235732
30.591519,1,AUTO,ARMED,5,AVAILABLE,UNAVAILABLE,UNAVAILABLE,23,1,ACTIVE,2,A_N2-A3.NC,A_N2-A3.NC,2059083.502,190601.037,5699.3,3901.5083,100,18.63333,28,100,0,5,100,9000.0,22100.1,8609.42,2.56697,0.000642242,1.00502,0,547.1823318,13658.4,3372.38,4.05008,0.000228514,0.349524,0,274.5637819,8093.78,4020.06,2.01335,0.000187259,0.380746,6,-359.5727871,2619.94,1032.68,2.53703,0.000339442,0.424796
30.741474,1,AUTO,ARMED,5,AVAILABLE,UNAVAILABLE,UNAVAILABLE,23,1,ACTIVE,2,A_N2-A3.NC,A_N2-A3.NC,2059083.502,190601.037,5699.3,3901.5083,100,18.63333,28,100,0,6,100,9000.0,22100.1,8609.42,2.56697,0.000642242,1.00502,0,549.1055266,13658.4,3372.38,4.05008,0.000228514,0.349524,0,274.5638033,8093.78,4020.06,2.01335,0.000187259,0.380746,6,-359.5728329,2619.94,1032.68,2.53703,0.000339442,0.424796
30.894449,1,AUTO,ARMED,5,AVAILABLE,UNAVAILABLE,UNAVAILABLE,23,1,ACTIVE,2,A_N2-A3.NC,A_N2-A3.NC,2059083.502,190601.037,5699.3,3901.5083,100,18.63333,28,100,0,6,100,9000.0,22100.1,8609.42,2.56697,0.000642242,1.00502,0,551.024101,13658.4,3372.38,4.05008,0.000228514,0.349524,0,274.5638033,8093.78,4020.06,2.01335,0.000187259,0.380746,6,-359.57281,2619.94,1032.68,2.53703,0.000339442,0.424796
31.057527,1,AUTO,ARMED,5,AVAILABLE,UNAVAILABLE,UNAVAILABLE,23,1,ACTIVE,2,A_N2-A3.NC,A_N2-A3.NC,2059083.502,190601.037,5699.3,3901.5083,100,18.63333,28,100,0,5,100,9000.0,22100.1,8609.42,2.56697,0.000642242,1.00502,0,556.7798311,13658.4,3372.38,4.05008,0.000228514,0.349524,0,274.5637962,8093.78,4020.06,2.01335,0.000187259,0.380746,6,-359.5727871,2619.94,1032.68,2.53703,0.000339442,0.424796
31.193981,1,AUTO,ARMED,5,AVAILABLE,UNAVAILABLE,UNAVAILABLE,23,1,ACTIVE,2,A_N2-A3.NC,A_N2-A3.NC,2059083.502,190601.037,5699.3,3901.5083,100,18.63333,28,100,0,5,100,9000.0,22100.1,8609.42,2.56697,0.000642242,1.00502,0,558.6982195,13658.4,3372.38,4.05008,0.000228514,0.349524,0,274.5638033,8093.78,4020.06,2.01335,0.000187259,0.380746,6,-359.5727757,2619.94,1032.68,2.53703,0.000339442,0.424796
31.334144,1,AUTO,ARMED,5,AVAILABLE,UNAVAILABLE,UNAVAILABLE,23,1,ACTIVE,2,A_N2-A3.NC,A_N2-A3.NC,2059083.502,190601.037,5699.3,3901.5083,100,18.63333,28,100,0,5,100,9000.0,22100.1,8609.42,2.56697,0.000642242,1.00502,0,560.6167088,13658.4,3372.38,4.05008,0.000228514,0.349524,0,274.5638033,8093.78,4020.06,2.01335,0.000187259,0.380746,6,-359.5728329,2619.94,1032.68,2.53703,0.000339442,0.424796
31.476564,1,AUTO,ARMED,5,AVAILABLE,UNAVAILABLE,UNAVAILABLE,23,1,ACTIVE,2,A_N2-A3.NC,A_N2-A3.NC,2059083.502,190601.037,5699.3,3836.8477,100,18.63333,29,100,0,5,100,9000.0,22100.1,8609.42,2.56697,0.000642242,1.00502,1,564.4538749,13658.4,3372.38,4.05008,0.000228514,0.349524,0,274.5638033,8093.78,4020.06,2.01335,0.000187259,0.380746,6,-359.57281,2619.94,1032.68,2.53703,0.000339442,0.424796
31.615333,1,AUTO,ARMED,5,AVAILABLE,UNAVAILABLE,UNAVAILABLE,23,1,ACTIVE,2,A_N2-A3.NC,A_N2-A3.NC,2059083.502,190601.037,5699.3,3836.8477,100,18.63333,29,100,0,5,100,9000.0,23635.8,8658.85,2.72967,0.000630603,0.994674,0,566.3677373,15698.7,3497.99,4.48792,0.000261916,0.374614,0,274.5637962,7949.68,4005.97,1.98446,0.000131695,0.379811,6,-359.5728329,2643.97,1052.61,2.51182,0.000393037,0.435478
31.769341,1,AUTO,ARMED,5,AVAILABLE,UNAVAILABLE,UNAVAILABLE,23,1,ACTIVE,2,A_N2-A3.NC,A_N2-A3.NC,2059083.502,190601.037,5699.3,3836.8477,100,18.63333,29,100,0,6,100,9000.0,23635.8,8658.85,2.72967,0.000630603,0.994674,0,568.291091,15698.7,3497.99,4.48792,0.000261916,0.374614,0,274.5638033,7949.68,4005.97,1.98446,0.000131695,0.379811,6,-359.5727642,2643.97,1052.61,2.51182,0.000393037,0.435478
31.913874,1,AUTO,ARMED,5,AVAILABLE,UNAVAILABLE,UNAVAILABLE,23,1,ACTIVE,2,A_N2-A3.NC,A_N2-A3.NC,2059083.502,190601.037,5699.3,3836.8477,100,18.63333,29,100,0,6,100,9000.0,23635.8,8658.85,2.72967,0.000630603,0.994674,1,573.0827171,15698.7,3497.99,4.48792,0.000261916,0.374614,0,274.5637962,7949.68,4005.97,1.98446,0.000131695,0.379811,6,-359.5727871,2643.97,1052.61,2.51182,0.000393037,0.435478
32.080645,1,AUTO,ARMED,5,AVAILABLE,UNAVAILABLE,UNAVAILABLE,23,1,ACTIVE,2,A_N2-A3.NC,A_N2-A3.NC,2059083.502,190601.037,5699.3,3836.8477,100,18.63333,29,100,0,6,100,9000.0,23635.8,8658.85,2.72967,0.000630603,0.994674,0,575.0059851,15698.7,3497.99,4.48792,0.000261916,0.374614,0,274.5638033,7949.68,4005.97,1.98446,0.000131695,0.379811,6,-359.5727757,2643.97,1052.61,2.51182,0.000393037,0.435478
32.269079,1,AUTO,ARMED,5,AVAILABLE,UNAVAILABLE,UNAVAILABLE,23,1,ACTIVE,2,A_N2-A3.NC,A_N2-A3.NC,2059083.502,190601.037,5699.3,3836.8477,100,18.63333,29,100,0,6,100,9000.0,23635.8,8658.85,2.72967,0.000630603,0.994674,1,578.8384234,15698.7,3497.99,4.48792,0.000261916,0.374614,0,274.5637962,7949.68,4005.97,1.98446,0.000131695,0.379811,6,-359.5727871,2643.97,1052.61,2.51182,0.000393037,0.435478
32.404722,1,AUTO,ARMED,5,AVAILABLE,UNAVAILABLE,UNAVAILABLE,23,1,ACTIVE,2,A_N2-A3.NC,A_N2-A3.NC,2059083.502,190601.037,5699.3,3836.8477,100,18.63333,30,100,0,6,100,9000.0,23635.8,8658.85,2.72967,0.000630603,0.994674,0,580.7614768,15698.7,3497.99,4.48792,0.000261916,0.374614,0,274.5637962,7949.68,4005.97,1.98446,0.000131695,0.379811,6,-359.5727986,2643.97,1052.61,2.51182,0.000393037,0.435478
32.550034,1,AUTO,ARMED,5,AVAILABLE,UNAVAILABLE,UNAVAILABLE,23,1,ACTIVE,2,A_N2-A3.NC,A_N2-A3.NC,2059083.502,190601.037,5699.3,3824.7083,100,18.63333,30,100,0,6,100,9000.0,23635.8,8658.85,2.72967,0.000630603,0.994674,0,582.6847805,15698.7,3497.99,4.48792,0.000261916,0.374614,0,274.5638033,7949.68,4005.97,1.98446,0.000131695,0.379811,6,-359.5728215,2643.97,1052.61,2.51182,0.000393037,0.435478
32.707502,1,AUTO,ARMED,5,AVAILABLE,UNAVAILABLE,UNAVAILABLE,23,1,ACTIVE,2,A_N2-A3.NC,A_N2-A3.NC,2059083.502,190601.037,5699.3,3824.7083,100,18.63333,30,100,0,5,100,9000.0,23227.9,8577.76,2.70792,0.00062765,0.97864,1,586.5172688,13730.4,3501.23,3.92159,0.000244653,0.387388,0,274.5638033,7805.58,4008.14,1.94743,0.000192635,0.384576,6,-359.5727871,2595.9,1035.47,2.50698,0.000409762,0.418254
32.846436,1,AUTO,ARMED,5,AVAILABLE,UNAVAILABLE,UNAVAILABLE,23,1,ACTIVE,2,A_N2-A3.NC,A_N2-A3.NC,2059083.502,190601.037,5699.3,3824.7083,100,18.63333,30,100,0,6,100,9000.0,23227.9,8577.76,2.70792,0.00062765,0.97864,1,590.3496093,13730.4,3501.23,3.92159,0.000244653,0.387388,0,274.5638033,7805.58,4008.14,1.94743,0.000192635,0.384576,6,-359.5727871,2595.9,1035.47,2.50698,0.000409762,0.418254
32.993084,1,AUTO,ARMED,5,AVAILABLE,UNAVAILABLE,UNAVAILABLE,23,1,ACTIVE,2,A_N2-A3.NC,A_N2-A3.NC,2059083.502,190601.037,5699.3,3824.7083,100,18.63333,30,100,0,6,100,9000.0,23227.9,8577.76,2.70792,0.00062765,0.97864,0,592.2682293,13730.4,3501.23,3.92159,0.000244653,0.387388,0,274.5638105,7805.58,4008.14,1.94743,0.000192635,0.384576,6,-359.5727871,2595.9,1035.47,2.50698,0.000409762,0.418254
33.1306,1,AUTO,ARMED,5,AVAILABLE,UNAVAILABLE,UNAVAILABLE,23,1,ACTIVE,2,A_N2-A3.NC,A_N2-A3.NC,2059083.502,190601.037,5699.3,3824.7083,100,18.63333,30,100,0,6,100,9000.0,23227.9,8577.76,2.70792,0.00062765,0.97864,0,594.1911909,13730.4,3501.23,3.92159,0.000244653,0.387388,0,274.5637962,7805.58,4008.14,1.94743,0.000192635,0.384576,6,-359.5728443,2595.9,1035.47,2.50698,0.000409762,0.418254
33.28855,1,AUTO,ARMED,5,AVAILABLE,UNAVAILABLE,UNAVAILABLE,23,1,ACTIVE,2,A_N2-A3.NC,A_N2-A3.NC,2059083.502,190601.037,5699.3,3824.7083,100,18.63333,30,100,0,6,100,9000.0,23227.9,8577.76,2.70792,0.00062765,0.97864,1,598.0238175,13730.4,3501.23,3.92159,0.000244653,0.387388,0,274.5637962,7805.58,4008.14,1.94743,0.000192635,0.384576,6,-359.57281,2595.9,1035.47,2.50698,0.000409762,0.418254
33.447178,1,AUTO,ARMED,5,AVAILABLE,UNAVAILABLE,UNAVAILABLE,23,1,ACTIVE,2,A_N2-A3.NC,A_N2-A3.NC,2059083.502,190601.037,5699.3,3824.7083,100,18.63333,31,100,0,6,100,9000.0,23227.9,8577.76,2.70792,0.00062765,0.97864,0,599.9469365,13730.4,3501.23,3.92159,0.000244653,0.387388,0,274.5637962,7805.58,4008.14,1.94743,0.000192635,0.384576,6,-359.57281,2595.9,1035.47,2.50698,0.000409762,0.418254
33.586861,1,AUTO,ARMED,5,AVAILABLE,UNAVAILABLE,UNAVAILABLE,23,1,ACTIVE,2,A_N2-A3.NC,A_N2-A3.NC,2059083.502,190601.037,5699.3,3811.0981,100,18.63333,31,100,0,6,100,9000.0,23227.9,8577.76,2.70792,0.00062765,0.97864,0,601.8703057,13730.4,3501.23,3.92159,0.000244653,0.387388,0,274.5637962,7805.58,4008.14,1.94743,0.000192635,0.384576,6,-359.5727757,2595.9,1035.47,2.50698,0.000409762,0.418254
33.72782,1,AUTO,ARMED,5,AVAILABLE,UNAVAILABLE,UNAVAILABLE,23,1,ACTIVE,2,A_N2-A3.NC,A_N2-A3.NC,2059083.502,190601.037,5699.3,3811.0981,100,18.63333,31,100,0,6,100,9000.0,23227.9,8577.76,2.70792,0.00062765,0.97864,0,607.6211232,13730.4,3501.23,3.92159,0.000244653,0.387388,0,274.5637962,7805.58,4008.14,1.94743,0.000192635,0.384576,6,-359.5727642,2595.9,1035.47,2.50698,0.000409762,0.418254
33.872391,1,AUTO,ARMED,5,AVAILABLE,UNAVAILABLE,UNAVAILABLE,23,1,ACTIVE,2,A_N2-A3.NC,A_N2-A3.NC,2059083.502,190601.037,5699.3,3811.0981,100,18.63333,31,100,0,6,100,9000.0,23659.8,8554.5,2.76577,0.000644087,0.984956,1,609.5351299,14570.5,3942.71,3.69555,0.000224467,0.424905,0,274.5638033,7565.4,3964.32,1.90837,0.000121704,0.378036,6,-359.5727986,2643.97,1045.22,2.52958,0.000356237,0.425553
34.01554,1,AUTO,ARMED,5,AVAILABLE,UNAVAILABLE,UNAVAILABLE,23,1,ACTIVE,2,A_N2-A3.NC,A_N2-A3.NC,2059083.502,190601.037,5699.3,3811.0981,100,18.63333,31,100,0,5,100,9000.0,23659.8,8554.5,2.76577,0.000644087,0.984956,0,610.4943329,14570.5,3942.71,3.69555,0.000224467,0.424905,0,274.5638033,7565.4,3964.32,1.90837,0.000121704,0.378036,6,-359.5728329,2643.97,1045.22,2.52958,0.000356237,0.425553
34.158868,1,AUTO,ARMED,5,AVAILABLE,UNAVAILABLE,UNAVAILABLE,23,1,ACTIVE,2,A_N2-A3.NC,A_N2-A3.NC,2059083.502,190601.037,5699.3,3811.0981,100,18.63333,31,100,0,6,100,9000.0,23659.8,8554.5,2.76577,0.000644087,0.984956,0,612.4175308,14570.5,3942.71,3.69555,0.000224467,0.424905,0,274.5637962,7565.4,3964.32,1.90837,0.000121704,0.378036,6,-359.5727642,2643.97,1045.22,2.52958,0.000356237,0.425553
34.319863,1,AUTO,ARMED,5,AVAILABLE,UNAVAILABLE,UNAVAILABLE,23,1,ACTIVE,2,A_N2-A3.NC,A_N2-A3.NC,2059083.502,190601.037,5699.3,3811.0981,100,18.63333,31,100,0,6,100,9000.0,23659.8,8554.5,2.76577,0.000644087,0.984956,1,616.2500364,14570.5,3942.71,3.69555,0.000224467,0.424905,0,274.5637962,7565.4,3964.32,1.90837,0.000121704,0.378036,6,-359.57281,2643.97,1045.22,2.52958,0.000356237,0.425553
34.473331,1,AUTO,ARMED,5,AVAILABLE,UNAVAILABLE,UNAVAILABLE,23,1,ACTIVE,2,A_N2-A3.NC,A_N2-A3.NC,2059083.502,190601.037,5699.3,3811.0981,100,18.63333,32,100,0,5,100,9000.0,23659.8,8554.5,2.76577,0.000644087,0.984956,0,620.0917187,14570.5,3942.71,3.69555,0.000224467,0.424905,0,274.5638033,7565.4,3964.32,1.90837,0.000121704,0.378036,6,-359.5727871,2643.97,1045.22,2.52958,0.000356237,0.425553
34.62786,1,AUTO,ARMED,5,AVAILABLE,UNAVAILABLE,UNAVAILABLE,23,1,ACTIVE,2,A_N2-A3.NC,A_N2-A3.NC,2059083.502,190601.037,5699.3,3811.0981,100,18.63333,32,100,0,5,100,9000.0,23659.8,8554.5,2.76577,0.000644087,0.984956,0,622.0102889,14570.5,3942.71,3.69555,0.000224467,0.424905,0,274.5637962,7565.4,3964.32,1.90837,0.000121704,0.378036,6,-359.5728329,2643.97,1045.22,2.52958,0.000356237,0.425553
34.767538,1,AUTO,ARMED,5,AVAILABLE,UNAVAILABLE,UNAVAILABLE,23,1,ACTIVE,2,A_N2-A3.NC,A_N2-A3.NC,2059083.502,190601.037,5699.3,3829.3794,100,18.63333,32,100,0,5,100,9000.0,23659.8,8554.5,2.76577,0.000644087,0.984956,0,623.9241885,14570.5,3942.71,3.69555,0.000224467,0.424905,0,274.5637962,7565.4,3964.32,1.90837,0.000121704,0.378036,6,-359.5727757,2643.97,1045.22,2.52958,0.000356237,0.425553
34.906525,1,AUTO,ARMED,5,AVAILABLE,UNAVAILABLE,UNAVAILABLE,23,1,ACTIVE,2,A_N2-A3.NC,A_N2-A3.NC,2059083.502,190601.037,5699.3,3829.3794,100,18.63333,32,100,0,6,100,9000.0,23995.7,8611.89,2.78635,0.000629264,0.974054,0,627.7658565,13826.4,3999.44,3.45708,0.00024561,0.445422,0,274.5637962,7565.4,3982.89,1.89948,0.000130322,0.384165,6,-359.5728215,2692.05,1046.56,2.57228,0.000342134,0.420399
35.064403,1,AUTO,ARMED,5,AVAILABLE,UNAVAILABLE,UNAVAILABLE,23,1,ACTIVE,2,A_N2-A3.NC,A_N2-A3.NC,2059083.502,190601.037,5699.3,3829.3794,100,18.63333,32,100,0,6,100,9000.0,23995.7,8611.89,2.78635,0.000629264,0.974054,0,629.6797704,13826.4,3999.44,3.45708,0.00024561,0.445422,0,274.5637962,7565.4,3982.89,1.89948,0.000130322,0.384165,6,-359.5727528,2692.05,1046.56,2.57228,0.000342134,0.420399
35.212713,1,AUTO,ARMED,5,AVAILABLE,UNAVAILABLE,UNAVAILABLE,23,1,ACTIVE,2,A_N2-A3.NC,A_N2-A3.NC,2059083.502,190601.037,5699.3,3829.3794,100,18.63333,32,100,0,5,100,9000.0,23995.7,8611.89,2.78635,0.000629264,0.974054,0,631.6030899,13826.4,3999.44,3.45708,0.00024561,0.445422,0,274.5637962,7565.4,3982.89,1.89948,0.000130322,0.384165,6,-359.5728215,2692.05,1046.56,2.57228,0.000342134,0.420399
35.366599,1,AUTO,ARMED,5,AVAILABLE,UNAVAILABLE,UNAVAILABLE,23,1,ACTIVE,2,A_N2-A3.NC,A_N2-A3.NC,2059083.502,190601.037,5699.3,3829.3794,100,18.63333,33,100,0,5,100,9000.0,23995.7,8611.89,2.78635,0.000629264,0.974054,0,637.358685,13826.4,3999.44,3.45708,0.00024561,0.445422,0,274.5638033,7565.4,3982.89,1.89948,0.000130322,0.384165,6,-359.57281,2692.05,1046.56,2.57228,0.000342134,0.420399
35.508927,1,AUTO,ARMED,5,AVAILABLE,UNAVAILABLE,UNAVAILABLE,23,1,ACTIVE,2,A_N2-A3.NC,A_N2-A3.NC,2059083.502,190601.037,5699.3,3829.3794,100,18.63333,33,100,0,6,100,9000.0,23995.7,8611.89,2.78635,0.000629264,0.974054,0,639.2771748,13826.4,3999.44,3.45708,0.00024561,0.445422,0,274.5637962,7565.4,3982.89,1.89948,0.000130322,0.384165,6,-359.57281,2692.05,1046.56,2.57228,0.000342134,0.420399
35.661195,1,AUTO,ARMED,5,AVAILABLE,UNAVAILABLE,UNAVAILABLE,23,1,ACTIVE,2,A_N2-A3.NC,A_N2-A3.NC,2059083.502,190601.037,5699.3,3829.3794,100,18.63333,33,100,0,6,100,9000.0,23995.7,8611.89,2.78635,0.000629264,0.974054,1,643.1096555,13826.4,3999.44,3.45708,0.00024561,0.445422,0,274.5638033,7565.4,3982.89,1.89948,0.000130322,0.384165,6,-359.5727986,2692.05,1046.56,2.57228,0.000342134,0.420399
35.80825,1,AUTO,ARMED,5,AVAILABLE,UNAVAILABLE,UNAVAILABLE,23,1,ACTIVE,2,A_N2-A3.NC,A_N2-A3.NC,2059083.502,190601.037,5699.3,3795.4194,100,18.63333,33,100,0,5,100,9000.0,23995.7,8611.89,2.78635,0.000629264,0.974054,0,645.032687,13826.4,3999.44,3.45708,0.00024561,0.445422,0,274.563789,7565.4,3982.89,1.89948,0.000130322,0.384165,6,-359.5728215,2692.05,1046.56,2.57228,0.000342134,0.420399
35.944931,1,AUTO,ARMED,5,AVAILABLE,UNAVAILABLE,UNAVAILABLE,23,1,ACTIVE,2,A_N2-A3.NC,A_N2-A3.NC,2059083.502,190601.037,5699.3,3795.4194,100,18.63333,33,100,0,5,100,9000.0,23131.9,577.022,40.0884,0.000354256,0.259046,0,645.9872757,14258.5,218.452,65.2706,0.000296444,0.14043,0,274.5637962,7469.34,1234.79,6.04908,0.000138915,0.134247,6,-359.5727642,2619.94,624.399,4.19594,0.00030487,0.255889
36.099104,1,AUTO,ARMED,5,AVAILABLE,UNAVAILABLE,UNAVAILABLE,23,1,ACTIVE,2,A_N2-A3.NC,A_N2-A3.NC,2059083.502,190601.037,5699.3,3795.4194,100,18.63333,33,100,0,5,100,9000.0,23131.9,577.022,40.0884,0.000354256,0.259046,1,649.8202143,14258.5,218.452,65.2706,0.000296444,0.14043,0,274.5638319,7469.34,1234.79,6.04908,0.000138915,0.134247,6,-359.5728215,2619.94,624.399,4.19594,0.00030487,0.255889
36.245778,1,AUTO,ARMED,5,AVAILABLE,UNAVAILABLE,UNAVAILABLE,23,1,ACTIVE,2,A_N2-A3.NC,A_N2-A3.NC,2059083.502,190601.037,5699.3,3795.4194,100,18.63333,33,100,0,5,100,9000.0,23131.9,577.022,40.0884,0.000354256,0.259046,0,651.743117,14258.5,218.452,65.2706,0.000296444,0.14043,0,274.5638462,7469.34,1234.79,6.04908,0.000138915,0.134247,6,-359.5727871,2619.94,624.399,4.19594,0.00030487,0.255889
36.391825,1,AUTO,ARMED,5,AVAILABLE,UNAVAILABLE,UNAVAILABLE,23,1,ACTIVE,2,A_N2-A3.NC,A_N2-A3.NC,2059083.502,190601.037,5699.3,3795.4194,100,18.63333,34,100,0,3,100,9000.0,23131.9,577.022,40.0884,0.000354256,0.259046,0,655.5754904,14258.5,218.452,65.2706,0.000296444,0.14043,0,274.5638105,7469.34,1234.79,6.04908,0.000138915,0.134247,6,-359.57281,2619.94,624.399,4.19594,0.00030487,0.255889
36.532375,1,AUTO,ARMED,5,AVAILABLE,UNAVAILABLE,UNAVAILABLE,24,1,ACTIVE,2,A_N2-A3.NC,A_N2-A3.NC,2059083.502,190601.037,5699.3,3795.4194,100,9.316667,34,100,0,3,100,9000.0,23131.9,577.022,40.0884,0.000354256,0.259046,0,656.2349919,14258.5,218.452,65.2706,0.000296444,0.14043,0,274.5638033,7469.34,1234.79,6.04908,0.000138915,0.134247,6,-359.5727757,2619.94,624.399,4.19594,0.00030487,0.255889
36.682534,1,AUTO,ARMED,5,AVAILABLE,UNAVAILABLE,UNAVAILABLE,24,1,ACTIVE,2,A_N2-A3.NC,A_N2-A3.NC,2059083.502,190601.037,5699.3,3795.4194,100,0.0,34,100,0,3,100,9000.0,23131.9,577.022,40.0884,0.000354256,0.259046,0,656.2368729,14258.5,218.452,65.2706,0.000296444,0.14043,0,274.5638033,7469.34,1234.79,6.04908,0.000138915,0.134247,6,-359.57281,2619.94,624.399,4.19594,0.00030487,0.255889
36.825378,1,AUTO,ARMED,5,AVAILABLE,UNAVAILABLE,UNAVAILABLE,24,1,ACTIVE,2,A_N2-A3.NC,A_N2-A3.NC,2059083.502,190601.037,5699.3,3795.4194,100,0.0,34,100,0,3,100,9000.0,23131.9,577.022,40.0884,0.000354256,0.259046,0,656.2371661,14258.5,218.452,65.2706,0.000296444,0.14043,0,274.563789,7469.34,1234.79,6.04908,0.000138915,0.134247,6,-359.57281,2619.94,624.399,4.19594,0.00030487,0.255889
36.981315,1,AUTO,ARMED,5,AVAILABLE,UNAVAILABLE,UNAVAILABLE,24,1,ACTIVE,2,A_N2-A3.NC,A_N2-A3.NC,2059083.502,190601.037,5699.3,3452.8667,100,0.0,34,100,0,3,100,9000.0,4031.28,589.997,6.83271,0.000332977,0.274391,0,656.2371304,3672.63,109.398,33.5713,0.000196438,0.115826,0,274.5637962,720.513,133.613,5.39254,0.000110839,0.0690024,6,-359.57281,1995.0,526.772,3.78722,0.000260134,0.221525
37.142672,1,AUTO,ARMED,5,AVAILABLE,UNAVAILABLE,UNAVAILABLE,24,1,ACTIVE,2,A_N2-A3.NC,A_N2-A3.NC,2059083.502,190601.037,5699.3,3452.8667,100,0.0,34,100,0,3,100,9000.0,4031.28,589.997,6.83271,0.000332977,0.274391,0,656.2371161,3672.63,109.398,33.5713,0.000196438,0.115826,0,274.5638033,720.513,133.613,5.39254,0.000110839,0.0690024,6,-359.5727757,1995.0,526.772,3.78722,0.000260134,0.221525
37.293698,1,AUTO,ARMED,5,AVAILABLE,UNAVAILABLE,UNAVAILABLE,24,1,ACTIVE,2,A_N2-A3.NC,A_N2-A3.NC,2059083.502,190601.037,5699.3,3452.8667,100,0.0,34,100,0,3,100,9000.0,4031.28,589.997,6.83271,0.000332977,0.274391,0,656.2371089,3672.63,109.398,33.5713,0.000196438,0.115826,0,274.5637962,720.513,133.613,5.39254,0.000110839,0.0690024,6,-359.57281,1995.0,526.772,3.78722,0.000260134,0.221525
37.428863,1,AUTO,ARMED,5,AVAILABLE,UNAVAILABLE,UNAVAILABLE,24,1,ACTIVE,2,A_N2-A3.NC,A_N2-A3.NC,2059083.502,190601.037,5699.3,3452.8667,100,0.0,35,100,0,3,100,9000.0,4031.28,589.997,6.83271,0.000332977,0.274391,0,656.2371089,3672.63,109.398,33.5713,0.000196438,0.115826,0,274.5638033,720.513,133.613,5.39254,0.000110839,0.0690024,6,-359.5727871,1995.0,526.772,3.78722,0.000260134,0.221525
37.571873,1,AUTO,ARMED,5,AVAILABLE,UNAVAILABLE,UNAVAILABLE,26,1,ACTIVE,2,A_N2-A3.NC,A_N2-A3.NC,2059083.502,190601.037,5699.3,3452.8667,100,4.533333,35,100,0,3,100,9000.0,4031.28,589.997,6.83271,0.000332977,0.274391,0,656.2371018,3672.63,109.398,33.5713,0.000196438,0.115826,0,274.6705273,720.513,133.613,5.39254,0.000110839,0.0690024,6,-359.57281,1995.0,526.772,3.78722,0.000260134,0.221525
37.717813,1,AUTO,ARMED,5,AVAILABLE,UNAVAILABLE,UNAVAILABLE,26,1,ACTIVE,2,A_N2-A3.NC,A_N2-A3.NC,2059083.502,190601.037,5699.3,3452.8667,100,13.93333,35,100,0,3,100,9000.0,4031.28,589.997,6.83271,0.000332977,0.274391,1,655.3295795,3672.63,109.398,33.5713,0.000196438,0.115826,0,274.881186,720.513,133.613,5.39254,0.000110839,0.0690024,6,-359.57281,1995.0,526.772,3.78722,0.000260134,0.221525
37.879648,1,AUTO,ARMED,5,AVAILABLE,UNAVAILABLE,UNAVAILABLE,26,1,ACTIVE,2,A_N2-A3.NC,A_N2-A3.NC,2059083.502,190601.037,5699.3,3452.8667,100,18.63333,35,100,0,4,100,9000.0,4031.28,589.997,6.83271,0.000332977,0.274391,0,650.5356,3672.63,109.398,33.5713,0.000196438,0.115826,0,274.8812289,720.513,133.613,5.39254,0.000110839,0.0690024,6,-359.57281,1995.0,526.772,3.78722,0.000260134,0.221525
38.036192,1,AUTO,ARMED,5,AVAILABLE,UNAVAILABLE,UNAVAILABLE,26,1,ACTIVE,2,A_N2-A3.NC,A_N2-A3.NC,2059083.502,190601.037,5699.3,3786.1941,100,18.63333,35,100,0,4,100,9000.0,5734.98,1057.26,5.42438,0.000691025,0.630141,0,648.617064,6961.2,471.5,14.7639,0.00025132,0.215267,0,274.8812503,2689.92,881.626,3.05109,0.000153379,0.154503,6,-359.5727986,2307.47,704.34,3.27607,0.000327281,0.358317
38.192425,1,AUTO,ARMED,5,AVAILABLE,UNAVAILABLE,UNAVAILABLE,26,1,ACTIVE,2,A_N2-A3.NC,A_N2-A3.NC,2059083.502,190601.037,5699.3,3786.1941,100,18.63333,35,100,0,4,100,9000.0,5734.98,1057.26,5.42438,0.000691025,0.630141,0,646.7031842,6961.2,471.5,14.7639,0.00025132,0.215267,0,274.8813004,2689.92,881.626,3.05109,0.000153379,0.154503,6,-359.5727757,2307.47,704.34,3.27607,0.000327281,0.358317
38.334407,1,AUTO,ARMED,5,AVAILABLE,UNAVAILABLE,UNAVAILABLE,26,1,ACTIVE,2,A_N2-A3.NC,A_N2-A3.NC,2059083.502,190601.037,5699.3,3786.1941,100,18.63333,35,100,0,6,100,9000.0,5734.98,1057.26,5.42438,0.000691025,0.630141,0,642.8614348,6961.2,471.5,14.7639,0.00025132,0.215267,0,274.8813147,2689.92,881.626,3.05109,0.000153379,0.154503,6,-359.5727757,2307.47,704.34,3.27607,0.000327281,0.358317
38.471877,1,AUTO,ARMED,5,AVAILABLE,UNAVAILABLE,UNAVAILABLE,26,1,ACTIVE,2,A_N2-A3.NC,A_N2-A3.NC,2059083.502,190601.037,5699.3,3786.1941,100,18.63333,36,100,0,6,100,9000.0,5734.98,1057.26,5.42438,0.000691025,0.630141,0,639.0290691,6961.2,471.5,14.7639,0.00025132,0.215267,0,274.8813076,2689.92,881.626,3.05109,0.000153379,0.154503,6,-359.5728329,2307.47,704.34,3.27607,0.000327281,0.358317
38.609352,1,AUTO,ARMED,5,AVAILABLE,UNAVAILABLE,UNAVAILABLE,26,1,ACTIVE,2,A_N2-A3.NC,A_N2-A3.NC,2059083.502,190601.037,5699.3,3786.1941,100,18.63333,36,100,0,5,100,9000.0,5734.98,1057.26,5.42438,0.000691025,0.630141,0,637.1058413,6961.2,471.5,14.7639,0.00025132,0.215267,0,274.8813076,2689.92,881.626,3.05109,0.000153379,0.154503,6,-359.5727642,2307.47,704.34,3.27607,0.000327281,0.358317
38.754619,1,AUTO,ARMED,5,AVAILABLE,UNAVAILABLE,UNAVAILABLE,26,1,ACTIVE,2,A_N2-A3.NC,A_N2-A3.NC,2059083.502,190601.037,5699.3,3786.1941,100,18.63333,36,100,0,5,100,9000.0,5734.98,1057.26,5.42438,0.000691025,0.630141,0,635.1917255,6961.2,471.5,14.7639,0.00025132,0.215267,0,274.8813076,2689.92,881.626,3.05109,0.000153379,0.154503,6,-359.57281,2307.47,704.34,3.27607,0.000327281,0.358317
38.888868,1,AUTO,ARMED,5,AVAILABLE,UNAVAILABLE,UNAVAILABLE,26,1,ACTIVE,2,A_N2-A3.NC,A_N2-A3.NC,2059083.502,190601.037,5699.3,3786.1941,100,18.63333,36,100,0,5,100,9000.0,5734.98,1057.26,5.42438,0.000691025,0.630141,0,633.273298,6961.2,471.5,14.7639,0.00025132,0.215267,0,274.8813076,2689.92,881.626,3.05109,0.000153379,0.154503,6,-359.5727986,2307.47,704.34,3.27607,0.000327281,0.358317
39.034834,1,AUTO,ARMED,5,AVAILABLE,UNAVAILABLE,UNAVAILABLE,26,1,ACTIVE,2,A_N2-A3.NC,A_N2-A3.NC,2059083.502,190601.037,5699.3,3738.501,100,18.63333,36,100,0,5,100,9000.0,5471.03,1040.95,5.2558,0.000688225,0.628911,0,631.3501391,6505.12,482.903,13.4709,0.000249318,0.213556,0,274.8813004,2569.84,851.73,3.0172,0.000146782,0.14524,6,-359.5727757,2475.72,676.443,3.65991,0.000411203,0.346618
39.199708,1,AUTO,ARMED,5,AVAILABLE,UNAVAILABLE,UNAVAILABLE,26,1,ACTIVE,2,A_N2-A3.NC,A_N2-A3.NC,2059083.502,190601.037,5699.3,3738.501,100,18.63333,36,100,0,5,100,9000.0,5471.03,1040.95,5.2558,0.000688225,0.628911,0,625.5943947,6505.12,482.903,13.4709,0.000249318,0.213556,0,274.8813076,2569.84,851.73,3.0172,0.000146782,0.14524,6,-359.5727871,2475.72,676.443,3.65991,0.000411203,0.346618
39.350402,1,AUTO,ARMED,5,AVAILABLE,UNAVAILABLE,UNAVAILABLE,26,1,ACTIVE,2,A_N2-A3.NC,A_N2-A3.NC,2059083.502,190601.037,5699.3,3738.501,100,18.63333,36,100,0,5,100,9000.0,5471.03,1040.95,5.2558,0.000688225,0.628911,0,623.6758776,6505.12,482.903,13.4709,0.000249318,0.213556,0,274.8813076,2569.84,851.73,3.0172,0.000146782,0.14524,6,-359.57281,2475.72,676.443,3.65991,0.000411203,0.346618
39.487465,1,AUTO,ARMED,5,AVAILABLE,UNAVAILABLE,UNAVAILABLE,26,1,ACTIVE,2,A_N2-A3.NC,A_N2-A3.NC,2059083.502,190601.037,5699.3,3738.501,100,18.63333,37,100,0,5,100,9000.0,5471.03,1040.95,5.2558,0.000688225,0.628911,0,619.8435426,6505.12,482.903,13.4709,0.000249318,0.213556,0,274.8813004,2569.84,851.73,3.0172,0.000146782,0.14524,6,-359.5727528,2475.72,676.443,3.65991,0.000411203,0.346618
39.627509,1,AUTO,ARMED,5,AVAILABLE,UNAVAILABLE,UNAVAILABLE,26,1,ACTIVE,2,A_N2-A3.NC,A_N2-A3.NC,2059083.502,190601.037,5699.3,3738.501,100,18.63333,37,100,0,5,100,9000.0,5471.03,1040.95,5.2558,0.000688225,0.628911,0,617.9202549,6505.12,482.903,13.4709,0.000249318,0.213556,0,274.8812861,2569.84,851.73,3.0172,0.000146782,0.14524,6,-359.5728329,2475.72,676.443,3.65991,0.000411203,0.346618
39.768621,1,AUTO,ARMED,5,AVAILABLE,UNAVAILABLE,UNAVAILABLE,26,1,ACTIVE,2,A_N2-A3.NC,A_N2-A3.NC,2059083.502,190601.037,5699.3,3738.501,100,18.63333,37,100,0,5,100,9000.0,5471.03,1040.95,5.2558,0.000688225,0.628911,0,616.001702,6505.12,482.903,13.4709,0.000249318,0.213556,0,274.8813004,2569.84,851.73,3.0172,0.000146782,0.14524,6,-359.5727986,2475.72,676.443,3.65991,0.000411203,0.346618
39.905945,1,AUTO,ARMED,5,AVAILABLE,UNAVAILABLE,UNAVAILABLE,26,1,ACTIVE,2,A_N2-A3.NC,A_N2-A3.NC,2059083.502,190601.037,5699.3,3738.501,100,18.63333,37,100,0,5,100,9000.0,5471.03,1040.95,5.2558,0.000688225,0.628911,0,615.0471069,6505.12,482.903,13.4709,0.000249318,0.213556,0,274.8813004,2569.84,851.73,3.0172,0.000146782,0.14524,6,-359.5727986,2475.72,676.443,3.65991,0.000411203,0.346618
40.055871,1,AUTO,ARMED,5,AVAILABLE,UNAVAILABLE,UNAVAILABLE,26,1,ACTIVE,2,A_N2-A3.NC,A_N2-A3.NC,2059083.502,190601.037,5699.3,3738.501,100,18.63333,37,100,0,5,100,9000.0,5471.03,1040.95,5.2558,0.000688225,0.628911,0,611.205488,6505.12,482.903,13.4709,0.000249318,0.213556,0,274.8812933,2569.84,851.73,3.0172,0.000146782,0.14524,6,-359.5728215,2475.72,676.443,3.65991,0.000411203,0.346618
40.192516,1,AUTO,ARMED,5,AVAILABLE,UNAVAILABLE,UNAVAILABLE,26,1,ACTIVE,2,A_N2-A3.NC,A_N2-A3.NC,2059083.502,190601.037,5699.3,3719.4714,100,18.63333,37,100,0,5,100,9000.0,6046.93,1091.06,5.54225,0.000714762,0.634571,0,609.2869749,6937.19,423.734,16.3716,0.000252857,0.235616,0,274.8813076,2689.92,809.281,3.32384,0.000113831,0.125787,6,-359.5727642,2331.5,792.676,2.9413,0.000384023,0.372757
40.340229,1,AUTO,ARMED,5,AVAILABLE,UNAVAILABLE,UNAVAILABLE,26,1,ACTIVE,2,A_N2-A3.NC,A_N2-A3.NC,2059083.502,190601.037,5699.3,3719.4714,100,18.63333,37,100,0,5,100,9000.0,6046.93,1091.06,5.54225,0.000714762,0.634571,0,605.4496645,6937.19,423.734,16.3716,0.000252857,0.235616,0,274.8813004,2689.92,809.281,3.32384,0.000113831,0.125787,6,-359.5728215,2331.5,792.676,2.9413,0.000384023,0.372757
40.490922,1,AUTO,ARMED,5,AVAILABLE,UNAVAILABLE,UNAVAILABLE,26,1,ACTIVE,2,A_N2-A3.NC,A_N2-A3.NC,2059083.502,190601.037,5699.3,3719.4714,100,18.63333,38,100,0,5,100,9000.0,6046.93,1091.06,5.54225,0.000714762,0.634571,0,603.5266641,6937.19,423.734,16.3716,0.000252857,0.235616,0,274.8813076,2689.92,809.281,3.32384,0.000113831,0.125787,6,-359.5727757,2331.5,792.676,2.9413,0.000384023,0.372757
40.631906,1,AUTO,ARMED,5,AVAILABLE,UNAVAILABLE,UNAVAILABLE,26,1,ACTIVE,2,A_N2-A3.NC,A_N2-A3.NC,2059083.502,190601.037,5699.3,3719.4714,100,18.63333,38,100,0,5,100,9000.0,6046.93,1091.06,5.54225,0.000714762,0.634571,0,601.6173538,6937.19,423.734,16.3716,0.000252857,0.235616,0,274.8813004,2689.92,809.281,3.32384,0.000113831,0.125787,6,-359.5728215,2331.5,792.676,2.9413,0.000384023,0.372757
40.780304,1,AUTO,ARMED,5,AVAILABLE,UNAVAILABLE,UNAVAILABLE,26,1,ACTIVE,2,A_N2-A3.NC,A_N2-A3.NC,2059083.502,190601.037,5699.3,3719.4714,100,18.63333,38,100,0,5,100,9000.0,6046.93,1091.06,5.54225,0.000714762,0.634571,0,597.7756017,6937.19,423.734,16.3716,0.000252857,0.235616,0,274.8813076,2689.92,809.281,3.32384,0.000113831,0.125787,6,-359.5727871,2331.5,792.676,2.9413,0.000384023,0.372757
40.919424,1,AUTO,ARMED,5,AVAILABLE,UNAVAILABLE,UNAVAILABLE,26,1,ACTIVE,2,A_N2-A3.NC,A_N2-A3.NC,2059083.502,190601.037,5699.3,3719.4714,100,18.63333,38,100,0,5,100,9000.0,6046.93,1091.06,5.54225,0.000714762,0.634571,0,593.9338853,6937.19,423.734,16.3716,0.000252857,0.235616,0,274.8812861,2689.92,809.281,3.32384,0.000113831,0.125787,6,-359.5727986,2331.5,792.676,2.9413,0.000384023,0.372757
41.064124,1,AUTO,ARMED,5,AVAILABLE,UNAVAILABLE,UNAVAILABLE,26,1,ACTIVE,2,A_N2-A3.NC,A_N2-A3.NC,2059083.502,190601.037,5699.3,3719.4714,100,18.63333,38,100,0,5,100,9000.0,6046.93,1091.06,5.54225,0.000714762,0.634571,0,592.0200761,6937.19,423.734,16.3716,0.000252857,0.235616,0,274.8813076,2689.92,809.281,3.32384,0.000113831,0.125787,6,-359.57281,2331.5,792.676,2.9413,0.000384023,0.372757
41.211613,1,AUTO,ARMED,5,AVAILABLE,UNAVAILABLE,UNAVAILABLE,26,1,ACTIVE,2,A_N2-A3.NC,A_N2-A3.NC,2059083.502,190601.037,5699.3,3719.4714,100,18.63333,38,100,0,5,100,9000.0,5399.04,1042.45,5.17918,0.000681053,0.622689,0,588.187279,6961.2,391.107,17.7987,0.000225908,0.199551,0,274.8813076,2593.86,849.543,3.05324,0.000151436,0.14274,6,-359.5727986,2499.76,794.862,3.1449,0.000370792,0.375768
41.351372,1,AUTO,ARMED,5,AVAILABLE,UNAVAILABLE,UNAVAILABLE,26,1,ACTIVE,2,A_N2-A3.NC,A_N2-A3.NC,2059083.502,190601.037,5699.3,3736.1719,100,18.63333,38,100,0,5,100,9000.0,5399.04,1042.45,5.17918,0.000681053,0.622689,0,586.2644002,6961.2,391.107,17.7987,0.000225908,0.199551,0,274.8813076,2593.86,849.543,3.05324,0.000151436,0.14274,6,-359.5727757,2499.76,794.862,3.1449,0.000370792,0.375768
41.505249,1,AUTO,ARMED,5,AVAILABLE,UNAVAILABLE,UNAVAILABLE,26,1,ACTIVE,2,A_N2-A3.NC,A_N2-A3.NC,2059083.502,190601.037,5699.3,3736.1719,100,18.63333,39,100,0,5,100,9000.0,5399.04,1042.45,5.17918,0.000681053,0.622689,0,582.4318798,6961.2,391.107,17.7987,0.000225908,0.199551,0,274.8813004,2593.86,849.543,3.05324,0.000151436,0.14274,6,-359.5727871,2499.76,794.862,3.1449,0.000370792,0.375768
41.65418,1,AUTO,ARMED,5,AVAILABLE,UNAVAILABLE,UNAVAILABLE,26,1,ACTIVE,2,A_N2-A3.NC,A_N2-A3.NC,2059083.502,190601.037,5699.3,3736.1719,100,18.63333,39,100,0,5,100,9000.0,5399.04,1042.45,5.17918,0.000681053,0.622689,0,580.5085275,6961.2,391.107,17.7987,0.000225908,0.199551,0,274.8813004,2593.86,849.543,3.05324,0.000151436,0.14274,6,-359.5727871,2499.76,794.862,3.1449,0.000370792,0.375768
41.807781,1,AUTO,ARMED,5,AVAILABLE,UNAVAILABLE,UNAVAILABLE,26,1,ACTIVE,2,A_N2-A3.NC,A_N2-A3.NC,2059083.502,190601.037,5699.3,3736.1719,100,18.63333,39,100,0,5,100,9000.0,5399.04,1042.45,5.17918,0.000681053,0.622689,0,579.5494442,6961.2,391.107,17.7987,0.000225908,0.199551,0,274.8812933,2593.86,849.543,3.05324,0.000151436,0.14274,6,-359.5727986,2499.76,794.862,3.1449,0.000370792,0.375768
41.94686,1,AUTO,ARMED,5,AVAILABLE,UNAVAILABLE,UNAVAILABLE,26,1,ACTIVE,2,A_N2-A3.NC,A_N2-A3.NC,2059083.502,190601.037,5699.3,3736.1719,100,18.63333,39,100,0,5,100,9000.0,5399.04,1042.45,5.17918,0.000681053,0.622689,0,577.630827,6961.2,391.107,17.7987,0.000225908,0.199551,0,274.8812933,2593.86,849.543,3.05324,0.000151436,0.14274,6,-359.57281,2499.76,794.862,3.1449,0.000370792,0.375768
42.085729,1,AUTO,ARMED,5,AVAILABLE,UNAVAILABLE,UNAVAILABLE,26,1,ACTIVE,2,A_N2-A3.NC,A_N2-A3.NC,2059083.502,190601.037,5699.3,3736.1719,100,18.63333,39,100,0,5,100,9000.0,5399.04,1042.45,5.17918,0.000681053,0.622689,0,571.8750969,6961.2,391.107,17.7987,0.000225908,0.199551,0,274.8813004,2593.86,849.543,3.05324,0.000151436,0.14274,6,-359.57281,2499.76,794.862,3.1449,0.000370792,0.375768
42.226798,1,AUTO,ARMED,5,AVAILABLE,UNAVAILABLE,UNAVAILABLE,26,1,ACTIVE,2,A_N2-A3.NC,A_N2-A3.NC,2059083.502,190601.037,5699.3,3736.1719,100,18.63333,39,100,0,5,100,9000.0,5279.06,1027.02,5.14017,0.00070636,0.629307,0,569.95668,6793.17,443.45,15.3189,0.000302656,0.234079,0,274.8812933,2425.73,839.123,2.89079,0.000147772,0.146685,6,-359.5727757,2235.36,752.789,2.96944,0.000318183,0.358792
42.365512,1,AUTO,ARMED,5,AVAILABLE,UNAVAILABLE,UNAVAILABLE,26,1,ACTIVE,2,A_N2-A3.NC,A_N2-A3.NC,2059083.502,190601.037,5699.3,3731.3838,100,18.63333,39,100,0,5,100,9000.0,5279.06,1027.02,5.14017,0.00070636,0.629307,0,568.0382415,6793.17,443.45,15.3189,0.000302656,0.234079,0,274.8813004,2425.73,839.123,2.89079,0.000147772,0.146685,6,-359.5728329,2235.36,752.789,2.96944,0.000318183,0.358792
42.517503,1,AUTO,ARMED,5,AVAILABLE,UNAVAILABLE,UNAVAILABLE,26,1,ACTIVE,2,A_N2-A3.NC,A_N2-A3.NC,2059083.502,190601.037,5699.3,3731.3838,100,18.63333,40,100,0,5,100,9000.0,5279.06,1027.02,5.14017,0.00070636,0.629307,0,564.200864,6793.17,443.45,15.3189,0.000302656,0.234079,0,274.8813076,2425.73,839.123,2.89079,0.000147772,0.146685,6,-359.5727871,2235.36,752.789,2.96944,0.000318183,0.358792
42.670495,1,AUTO,ARMED,5,AVAILABLE,UNAVAILABLE,UNAVAILABLE,26,1,ACTIVE,2,A_N2-A3.NC,A_N2-A3.NC,2059083.502,190601.037,5699.3,3731.3838,100,18.63333,40,100,0,5,100,9000.0,5279.06,1027.02,5.14017,0.00070636,0.629307,0,560.3638156,6793.17,443.45,15.3189,0.000302656,0.234079,0,274.8812933,2425.73,839.123,2.89079,0.000147772,0.146685,6,-359.5727986,2235.36,752.789,2.96944,0.000318183,0.358792
42.826861,1,AUTO,ARMED,5,AVAILABLE,UNAVAILABLE,UNAVAILABLE,26,1,ACTIVE,2,A_N2-A3.NC,A_N2-A3.NC,2059083.502,190601.037,5699.3,3731.3838,100,18.63333,40,100,0,5,100,9000.0,5279.06,1027.02,5.14017,0.00070636,0.629307,0,558.4455413,6793.17,443.45,15.3189,0.000302656,0.234079,0,274.8813004,2425.73,839.123,2.89079,0.000147772,0.146685,6,-359.5727757,2235.36,752.789,2.96944,0.000318183,0.358792
42.962893,1,AUTO,ARMED,5,AVAILABLE,UNAVAILABLE,UNAVAILABLE,26,1,ACTIVE,2,A_N2-A3.NC,A_N2-A3.NC,2059083.502,190601.037,5699.3,3731.3838,100,18.63333,40,100,0,5,100,9000.0,5279.06,1027.02,5.14017,0.00070636,0.629307,0,556.5314878,6793.17,443.45,15.3189,0.000302656,0.234079,0,274.8813004,2425.73,839.123,2.89079,0.000147772,0.146685,6,-359.5728215,2235.36,752.789,2.96944,0.000318183,0.358792
43.102342,1,AUTO,ARMED,5,AVAILABLE,UNAVAILABLE,UNAVAILABLE,26,1,ACTIVE,2,A_N2-A3.NC,A_N2-A3.NC,2059083.502,190601.037,5699.3,3731.3838,100,18.63333,40,100,0,5,100,9000.0,5279.06,1027.02,5.14017,0.00070636,0.629307,0,552.6897769,6793.17,443.45,15.3189,0.000302656,0.234079,0,274.8813004,2425.73,839.123,2.89079,0.000147772,0.146685,6,-359.5727757,2235.36,752.789,2.96944,0.000318183,0.358792
43.241417,1,AUTO,ARMED,5,AVAILABLE,UNAVAILABLE,UNAVAILABLE,26,1,ACTIVE,2,A_N2-A3.NC,A_N2-A3.NC,2059083.502,190601.037,5699.3,3731.3838,100,18.63333,40,100,0,5,100,9000.0,5279.06,1027.02,5.14017,0.00070636,0.629307,0,550.7711173,6793.17,443.45,15.3189,0.000302656,0.234079,0,274.8812933,2425.73,839.123,2.89079,0.000147772,0.146685,6,-359.5728329,2235.36,752.789,2.96944,0.000318183,0.358792
43.381922,1,AUTO,ARMED,5,AVAILABLE,UNAVAILABLE,UNAVAILABLE,26,1,ACTIVE,2,A_N2-A3.NC,A_N2-A3.NC,2059083.502,190601.037,5699.3,3592.0828,100,18.63333,40,100,0,5,100,9000.0,6694.81,597.962,11.196,0.0004614,0.30409,0,548.8480016,6745.16,432.303,15.6029,0.000269772,0.216726,0,274.8813004,4106.93,1479.41,2.77606,0.000106621,0.175086,6,-359.5727528,2499.76,664.847,3.7599,0.000281712,0.257792
43.523918,1,AUTO,ARMED,5,AVAILABLE,UNAVAILABLE,UNAVAILABLE,26,1,ACTIVE,2,A_N2-A3.NC,A_N2-A3.NC,2059083.502,190601.037,5699.3,3592.0828,100,18.63333,41,100,0,5,100,9000.0,6694.81,597.962,11.196,0.0004614,0.30409,0,545.015453,6745.16,432.303,15.6029,0.000269772,0.216726,0,274.8813076,4106.93,1479.41,2.77606,0.000106621,0.175086,6,-359.57281,2499.76,664.847,3.7599,0.000281712,0.257792
43.662053,1,AUTO,ARMED,5,AVAILABLE,UNAVAILABLE,UNAVAILABLE,26,1,ACTIVE,2,A_N2-A3.NC,A_N2-A3.NC,2059083.502,190601.037,5699.3,3592.0828,100,18.63333,41,100,0,5,100,9000.0,6694.81,597.962,11.196,0.0004614,0.30409,0,543.1017357,6745.16,432.303,15.6029,0.000269772,0.216726,0,274.8813791,4106.93,1479.41,2.77606,0.000106621,0.175086,6,-359.5727757,2499.76,664.847,3.7599,0.000281712,0.257792
43.797458,1,AUTO,ARMED,5,AVAILABLE,UNAVAILABLE,UNAVAILABLE,26,1,ACTIVE,2,A_N2-A3.NC,A_N2-A3.NC,2059083.502,190601.037,5699.3,3592.0828,100,18.63333,41,100,0,5,100,9000.0,6694.81,597.962,11.196,0.0004614,0.30409,0,542.133215,6745.16,432.303,15.6029,0.000269772,0.216726,0,274.8813576,4106.93,1479.41,2.77606,0.000106621,0.175086,6,-359.5727757,2499.76,664.847,3.7599,0.000281712,0.257792
43.987426,1,AUTO,ARMED,5,AVAILABLE,UNAVAILABLE,UNAVAILABLE,26,1,ACTIVE,2,A_N2-A3.NC,A_N2-A3.NC,2059083.502,190601.037,5699.3,3592.0828,100,18.63333,41,100,0,3,100,9000.0,6694.81,597.962,11.196,0.0004614,0.30409,0,536.8650047,6745.16,432.303,15.6029,0.000269772,0.216726,0,274.8813076,4106.93,1479.41,2.77606,0.000106621,0.175086,6,-359.5727871,2499.76,664.847,3.7599,0.000281712,0.257792
44.174418,1,AUTO,ARMED,5,AVAILABLE,UNAVAILABLE,UNAVAILABLE,27,1,ACTIVE,2,A_N2-A3.NC,A_N2-A3.NC,2059083.502,190601.037,5699.3,3592.0828,100,12.41667,41,100,0,3,100,9000.0,6694.81,597.962,11.196,0.0004614,0.30409,0,536.8574088,6745.16,432.303,15.6029,0.000269772,0.216726,0,274.8812933,4106.93,1479.41,2.77606,0.000106621,0.175086,6,-359.5728215,2499.76,664.847,3.7599,0.000281712,0.257792
44.337811,1,AUTO,ARMED,5,AVAILABLE,UNAVAILABLE,UNAVAILABLE,27,1,ACTIVE,2,A_N2-A3.NC,A_N2-A3.NC,2059083.502,190601.037,5699.3,3592.0828,100,0.0,41,100,0,3,100,9000.0,3983.29,593.13,6.71571,0.000356006,0.286483,0,536.8570226,6577.13,109.692,59.96,0.000203667,0.112395,0,274.8813004,672.482,142.314,4.72534,0.00011521,0.0734529,6,-359.5727871,1995.0,737.206,2.70616,0.000249265,0.27117
44.475732,1,AUTO,ARMED,5,AVAILABLE,UNAVAILABLE,UNAVAILABLE,27,1,ACTIVE,2,A_N2-A3.NC,A_N2-A3.NC,2059083.502,190601.037,5699.3,3436.3359,100,0.0,42,100,0,3,100,9000.0,3983.29,593.13,6.71571,0.000356006,0.286483,0,536.8570512,6577.13,109.692,59.96,0.000203667,0.112395,0,274.8813004,672.482,142.314,4.72534,0.00011521,0.0734529,6,-359.5728215,1995.0,737.206,2.70616,0.000249265,0.27117
44.616914,1,AUTO,ARMED,5,AVAILABLE,UNAVAILABLE,UNAVAILABLE,27,1,ACTIVE,2,A_N2-A3.NC,A_N2-A3.NC,2059083.502,190601.037,5699.3,3436.3359,100,0.0,42,100,0,3,100,9000.0,3983.29,593.13,6.71571,0.000356006,0.286483,0,536.8570798,6577.13,109.692,59.96,0.000203667,0.112395,0,274.8813004,672.482,142.314,4.72534,0.00011521,0.0734529,6,-359.5727871,1995.0,737.206,2.70616,0.000249265,0.27117
44.79021,1,AUTO,ARMED,5,AVAILABLE,UNAVAILABLE,UNAVAILABLE,27,1,ACTIVE,2,A_N2-A3.NC,A_N2-A3.NC,2059083.502,190601.037,5699.3,3436.3359,100,0.0,42,100,0,3,100,9000.0,3983.29,593.13,6.71571,0.000356006,0.286483,0,536.857087,6577.13,109.692,59.96,0.000203667,0.112395,0,274.8812933,672.482,142.314,4.72534,0.00011521,0.0734529,6,-359.5728329,1995.0,737.206,2.70616,0.000249265,0.27117
44.981295,1,AUTO,ARMED,5,AVAILABLE,UNAVAILABLE,UNAVAILABLE,27,1,ACTIVE,2,A_N2-A3.NC,A_N2-A3.NC,2059083.502,190601.037,5699.3,3436.3359,100,0.0,42,100,0,3,100,9000.0,3983.29,593.13,6.71571,0.000356006,0.286483,0,536.8570941,6577.13,109.692,59.96,0.000203667,0.112395,0,274.8813004,672.482,142.314,4.72534,0.00011521,0.0734529,6,-359.5728329,1995.0,737.206,2.70616,0.000249265,0.27117
45.179105,1,AUTO,ARMED,5,AVAILABLE,UNAVAILABLE,UNAVAILABLE,31,1,ACTIVE,2,A_N2-A3.NC,A_N2-A3.NC,2059083.502,190601.037,5699.3,3436.3359,100,0.0,42,100,0,3,100,9000.0,3983.29,593.13,6.71571,0.000356006,0.286483,0,536.8571013,6577.13,109.692,59.96,0.000203667,0.112395,0,275.1988476,672.482,142.314,4.72534,0.00011521,0.0734529,6,-359.5727986,1995.0,737.206,2.70616,0.000249265,0.27117
45.321079,1,AUTO,ARMED,5,AVAILABLE,UNAVAILABLE,UNAVAILABLE,31,1,ACTIVE,2,A_N2-A3.NC,A_N2-A3.NC,2059083.502,190601.037,5699.3,3436.3359,100,0.0,42,100,0,4,100,9000.0,3983.29,593.13,6.71571,0.000356006,0.286483,0,536.8570941,6577.13,109.692,59.96,0.000203667,0.112395,0,275.1988047,672.482,142.314,4.72534,0.00011521,0.0734529,6,-359.57281,1995.0,737.206,2.70616,0.000249265,0.27117
45.464603,1,AUTO,ARMED,5,AVAILABLE,UNAVAILABLE,UNAVAILABLE,31,1,ACTIVE,2,A_N2-A3.NC,A_N2-A3.NC,2059083.502,190601.037,5699.3,3436.3359,100,0.0,43,100,0,4,100,9000.0,3791.33,574.987,6.59377,0.000318699,0.254181,0,536.8571013,912.157,104.928,8.69317,0.000159408,0.108442,0,275.1988047,768.55,128.811,5.96649,0.000117191,0.0721163,6,-359.5727871,1922.89,738.651,2.60325,0.000243974,0.275183
45.615893,1,AUTO,ARMED,5,AVAILABLE,UNAVAILABLE,UNAVAILABLE,31,1,ACTIVE,2,A_N2-A3.NC,A_N2-A3.NC,2059083.502,190601.037,5699.3,3436.3359,100,0.0,43,100,0,4,100,9000.0,3791.33,574.987,6.59377,0.000318699,0.254181,0,536.8571013,912.157,104.928,8.69317,0.000159408,0.108442,0,275.1987975,768.55,128.811,5.96649,0.000117191,0.0721163,6,-359.5727871,1922.89,738.651,2.60325,0.000243974,0.275183
45.760762,1,AUTO,ARMED,5,AVAILABLE,UNAVAILABLE,UNAVAILABLE,31,1,ACTIVE,2,A_N2-A3.NC,A_N2-A3.NC,2059083.502,190601.037,5699.3,3435.1389,100,0.0,43,100,0,4,100,9000.0,3791.33,574.987,6.59377,0.000318699,0.254181,0,536.8571013,912.157,104.928,8.69317,0.000159408,0.108442,0,275.1987975,768.55,128.811,5.96649,0.000117191,0.0721163,6,-359.57281,1922.89,738.651,2.60325,0.000243974,0.275183
45.904571,1,AUTO,ARMED,5,AVAILABLE,UNAVAILABLE,UNAVAILABLE,31,1,ACTIVE,2,A_N2-A3.NC,A_N2-A3.NC,2059083.502,190601.037,5699.3,3435.1389,100,0.0,43,100,0,4,100,9000.0,3791.33,574.987,6.59377,0.000318699,0.254181,0,536.8571013,912.157,104.928,8.69317,0.000159408,0.108442,0,275.1988118,768.55,128.811,5.96649,0.000117191,0.0721163,6,-359.5727871,1922.89,738.651,2.60325,0.000243974,0.275183
46.041155,1,AUTO,ARMED,5,AVAILABLE,UNAVAILABLE,UNAVAILABLE,31,1,ACTIVE,2,A_N2-A3.NC,A_N2-A3.NC,2059083.502,190601.037,5699.3,3435.1389,100,0.0,43,100,0,4,100,9000.0,3791.33,574.987,6.59377,0.000318699,0.254181,0,536.8571013,912.157,104.928,8.69317,0.000159408,0.108442,0,275.1987975,768.55,128.811,5.96649,0.000117191,0.0721163,6,-359.5728215,1922.89,738.651,2.60325,0.000243974,0.275183
46.182064,1,AUTO,ARMED,5,AVAILABLE,UNAVAILABLE,UNAVAILABLE,32,1,ACTIVE,2,A_N2-A3.NC,A_N2-A3.NC,2059083.502,190601.037,5699.3,3435.1389,100,0.0,43,100,0,4,100,9000.0,3791.33,574.987,6.59377,0.000318699,0.254181,1,537.8059219,912.157,104.928,8.69317,0.000159408,0.108442,0,275.1987975,768.55,128.811,5.96649,0.000117191,0.0721163,6,-359.57281,1922.89,738.651,2.60325,0.000243974,0.275183
46.323887,1,AUTO,ARMED,5,AVAILABLE,UNAVAILABLE,UNAVAILABLE,32,1,ACTIVE,2,A_N2-A3.NC,A_N2-A3.NC,2059083.502,190601.037,5699.3,3435.1389,100,20.31667,43,100,0,4,100,9000.0,3791.33,574.987,6.59377,0.000318699,0.254181,1,539.8907265,912.157,104.928,8.69317,0.000159408,0.108442,0,275.1988047,768.55,128.811,5.96649,0.000117191,0.0721163,6,-359.57281,1922.89,738.651,2.60325,0.000243974,0.275183
46.473862,1,AUTO,ARMED,5,AVAILABLE,UNAVAILABLE,UNAVAILABLE,32,1,ACTIVE,2,A_N2-A3.NC,A_N2-A3.NC,2059083.502,190601.037,5699.3,3435.1389,100,20.31667,44,100,0,4,100,9000.0,6598.83,8643.22,0.763469,0.000676734,0.995691,0,541.9833272,9121.57,3564.88,2.55873,0.00026088,0.370319,0,275.1987975,2930.09,3989.76,0.734403,0.00011626,0.380837,6,-359.5727871,1778.67,1067.63,1.666,0.000387394,0.444056
46.61688,1,AUTO,ARMED,5,AVAILABLE,UNAVAILABLE,UNAVAILABLE,32,1,ACTIVE,2,A_N2-A3.NC,A_N2-A3.NC,2059083.502,190601.037,5699.3,3435.1389,100,20.31667,44,100,0,4,100,9000.0,6598.83,8643.22,0.763469,0.000676734,0.995691,0,544.0811706,9121.57,3564.88,2.55873,0.00026088,0.370319,0,275.1987117,2930.09,3989.76,0.734403,0.00011626,0.380837,6,-359.5728329,1778.67,1067.63,1.666,0.000387394,0.444056
46.758532,1,AUTO,ARMED,5,AVAILABLE,UNAVAILABLE,UNAVAILABLE,32,1,ACTIVE,2,A_N2-A3.NC,A_N2-A3.NC,2059083.502,190601.037,5699.3,3916.3213,100,20.31667,44,100,0,6,100,9000.0,6598.83,8643.22,0.763469,0.000676734,0.995691,1,548.2623095,9121.57,3564.88,2.55873,0.00026088,0.370319,0,275.1987832,2930.09,3989.76,0.734403,0.00011626,0.380837,6,-359.5727528,1778.67,1067.63,1.666,0.000387394,0.444056
46.925049,1,AUTO,ARMED,5,AVAILABLE,UNAVAILABLE,UNAVAILABLE,32,1,ACTIVE,2,A_N2-A3.NC,A_N2-A3.NC,2059083.502,190601.037,5699.3,3916.3213,100,20.31667,44,100,0,7,100,9000.0,6598.83,8643.22,0.763469,0.000676734,0.995691,1,550.3604605,9121.57,3564.88,2.55873,0.00026088,0.370319,0,275.1988047,2930.09,3989.76,0.734403,0.00011626,0.380837,6,-359.5728443,1778.67,1067.63,1.666,0.000387394,0.444056
47.070755,1,AUTO,ARMED,5,AVAILABLE,UNAVAILABLE,UNAVAILABLE,32,1,ACTIVE,2,A_N2-A3.NC,A_N2-A3.NC,2059083.502,190601.037,5699.3,3916.3213,100,20.31667,44,100,0,6,100,9000.0,6598.83,8643.22,0.763469,0.000676734,0.995691,1,556.639407,9121.57,3564.88,2.55873,0.00026088,0.370319,0,275.1988047,2930.09,3989.76,0.734403,0.00011626,0.380837,6,-359.57281,1778.67,1067.63,1.666,0.000387394,0.444056
47.22185,1,AUTO,ARMED,5,AVAILABLE,UNAVAILABLE,UNAVAILABLE,32,1,ACTIVE,2,A_N2-A3.NC,A_N2-A3.NC,2059083.502,190601.037,5699.3,3916.3213,100,20.31667,44,100,0,6,100,9000.0,6598.83,8643.22,0.763469,0.000676734,0.995691,0,558.7270797,9121.57,3564.88,2.55873,0.00026088,0.370319,0,275.1987975,2930.09,3989.76,0.734403,0.00011626,0.380837,6,-359.5727757,1778.67,1067.63,1.666,0.000387394,0.444056
47.358863,1,AUTO,ARMED,5,AVAILABLE,UNAVAILABLE,UNAVAILABLE,32,1,ACTIVE,2,A_N2-A3.NC,A_N2-A3.NC,2059083.502,190601.037,5699.3,3916.3213,100,20.31667,44,100,0,6,100,9000.0,6598.83,8643.22,0.763469,0.000676734,0.995691,0,560.8199975,9121.57,3564.88,2.55873,0.00026088,0.370319,0,275.1987975,2930.09,3989.76,0.734403,0.00011626,0.380837,6,-359.5727757,1778.67,1067.63,1.666,0.000387394,0.444056
47.505322,1,AUTO,ARMED,5,AVAILABLE,UNAVAILABLE,UNAVAILABLE,32,1,ACTIVE,2,A_N2-A3.NC,A_N2-A3.NC,2059083.502,190601.037,5699.3,3916.3213,100,20.31667,45,100,0,5,100,9000.0,23443.8,8800.74,2.66384,0.000626605,0.994333,0,562.9081237,14138.4,3676.57,3.84554,0.000244432,0.38058,0,275.1987975,7757.54,3886.6,1.99597,0.000147655,0.375343,6,-359.5728215,2836.26,1055.48,2.68718,0.000554984,0.440098
47.653413,1,AUTO,ARMED,5,AVAILABLE,UNAVAILABLE,UNAVAILABLE,32,1,ACTIVE,2,A_N2-A3.NC,A_N2-A3.NC,2059083.502,190601.037,5699.3,3916.3213,100,20.31667,45,100,0,5,100,9000.0,23443.8,8800.74,2.66384,0.000626605,0.994333,0,566.0523329,14138.4,3676.57,3.84554,0.000244432,0.38058,0,275.1988047,7757.54,3886.6,1.99597,0.000147655,0.375343,6,-359.5727528,2836.26,1055.48,2.68718,0.000554984,0.440098
47.797787,1,AUTO,ARMED,5,AVAILABLE,UNAVAILABLE,UNAVAILABLE,32,1,ACTIVE,2,A_N2-A3.NC,A_N2-A3.NC,2059083.502,190601.037,5699.3,3916.3213,100,20.31667,45,100,0,6,100,9000.0,23443.8,8800.74,2.66384,0.000626605,0.994333,0,568.1454301,14138.4,3676.57,3.84554,0.000244432,0.38058,0,275.1988047,7757.54,3886.6,1.99597,0.000147655,0.375343,6,-359.5728329,2836.26,1055.48,2.68718,0.000554984,0.440098
47.948415,1,AUTO,ARMED,5,AVAILABLE,UNAVAILABLE,UNAVAILABLE,32,1,ACTIVE,2,A_N2-A3.NC,A_N2-A3.NC,2059083.502,190601.037,5699.3,3850.7959,100,20.31667,45,100,0,6,100,9000.0,23443.8,8800.74,2.66384,0.000626605,0.994333,1,570.2331343,14138.4,3676.57,3.84554,0.000244432,0.38058,0,275.1987975,7757.54,3886.6,1.99597,0.000147655,0.375343,6,-359.57281,2836.26,1055.48,2.68718,0.000554984,0.440098
48.084769,1,AUTO,ARMED,5,AVAILABLE,UNAVAILABLE,UNAVAILABLE,32,1,ACTIVE,2,A_N2-A3.NC,A_N2-A3.NC,2059083.502,190601.037,5699.3,3850.7959,100,20.31667,45,100,0,6,100,9000.0,23443.8,8800.74,2.66384,0.000626605,0.994333,0,576.5121185,14138.4,3676.57,3.84554,0.000244432,0.38058,0,275.1987975,7757.54,3886.6,1.99597,0.000147655,0.375343,6,-359.57281,2836.26,1055.48,2.68718,0.000554984,0.440098
48.227861,1,AUTO,ARMED,5,AVAILABLE,UNAVAILABLE,UNAVAILABLE,32,1,ACTIVE,2,A_N2-A3.NC,A_N2-A3.NC,2059083.502,190601.037,5699.3,3850.7959,100,20.31667,45,100,0,5,100,9000.0,23443.8,8800.74,2.66384,0.000626605,0.994333,0,578.6103941,14138.4,3676.57,3.84554,0.000244432,0.38058,0,275.1988047,7757.54,3886.6,1.99597,0.000147655,0.375343,6,-359.5727642,2836.26,1055.48,2.68718,0.000554984,0.440098
48.368783,1,AUTO,ARMED,5,AVAILABLE,UNAVAILABLE,UNAVAILABLE,32,1,ACTIVE,2,A_N2-A3.NC,A_N2-A3.NC,2059083.502,190601.037,5699.3,3850.7959,100,20.31667,45,100,0,6,100,9000.0,23443.8,8800.74,2.66384,0.000626605,0.994333,0,580.703098,14138.4,3676.57,3.84554,0.000244432,0.38058,0,275.1988047,7757.54,3886.6,1.99597,0.000147655,0.375343,6,-359.5728215,2836.26,1055.48,2.68718,0.000554984,0.440098
48.504842,1,AUTO,ARMED,5,AVAILABLE,UNAVAILABLE,UNAVAILABLE,32,1,ACTIVE,2,A_N2-A3.NC,A_N2-A3.NC,2059083.502,190601.037,5699.3,3850.7959,100,20.31667,46,100,0,5,100,9000.0,23443.8,8800.74,2.66384,0.000626605,0.994333,0,582.7910454,14138.4,3676.57,3.84554,0.000244432,0.38058,0,275.1988047,7757.54,3886.6,1.99597,0.000147655,0.375343,6,-359.5728215,2836.26,1055.48,2.68718,0.000554984,0.440098
48.647084,1,AUTO,ARMED,5,AVAILABLE,UNAVAILABLE,UNAVAILABLE,32,1,ACTIVE,2,A_N2-A3.NC,A_N2-A3.NC,2059083.502,190601.037,5699.3,3850.7959,100,20.31667,46,100,0,5,100,9000.0,23707.8,8636.34,2.74512,0.000618233,0.975662,0,586.9819947,13826.4,3706.27,3.73054,0.000258708,0.416708,0,275.1987975,7541.39,3904.35,1.93154,0.000146828,0.373107,6,-359.5728329,2740.12,1048.07,2.61444,0.000465847,0.44054
48.78912,1,AUTO,ARMED,5,AVAILABLE,UNAVAILABLE,UNAVAILABLE,32,1,ACTIVE,2,A_N2-A3.NC,A_N2-A3.NC,2059083.502,190601.037,5699.3,3850.7959,100,20.31667,46,100,0,6,100,9000.0,23707.8,8636.34,2.74512,0.000618233,0.975662,0,589.075064,13826.4,3706.27,3.73054,0.000258708,0.416708,0,275.1987975,7541.39,3904.35,1.93154,0.000146828,0.373107,6,-359.5727871,2740.12,1048.07,2.61444,0.000465847,0.44054
48.932833,1,AUTO,ARMED,5,AVAILABLE,UNAVAILABLE,UNAVAILABLE,32,1,ACTIVE,2,A_N2-A3.NC,A_N2-A3.NC,2059083.502,190601.037,5699.3,3852.1948,100,20.31667,46,100,0,6,100,9000.0,23707.8,8636.34,2.74512,0.000618233,0.975662,1,591.162962,13826.4,3706.27,3.73054,0.000258708,0.416708,0,275.1987975,7541.39,3904.35,1.93154,0.000146828,0.373107,6,-359.5727642,2740.12,1048.07,2.61444,0.000465847,0.44054
49.095078,1,AUTO,ARMED,5,AVAILABLE,UNAVAILABLE,UNAVAILABLE,32,1,ACTIVE,2,A_N2-A3.NC,A_N2-A3.NC,2059083.502,190601.037,5699.3,3852.1948,100,20.31667,46,100,0,5,100,9000.0,23707.8,8636.34,2.74512,0.000618233,0.975662,1,597.4468904,13826.4,3706.27,3.73054,0.000258708,0.416708,0,275.1987975,7541.39,3904.35,1.93154,0.000146828,0.373107,6,-359.5727871,2740.12,1048.07,2.61444,0.000465847,0.44054
49.231702,1,AUTO,ARMED,5,AVAILABLE,UNAVAILABLE,UNAVAILABLE,32,1,ACTIVE,2,A_N2-A3.NC,A_N2-A3.NC,2059083.502,190601.037,5699.3,3852.1948,100,20.31667,46,100,0,6,100,9000.0,23707.8,8636.34,2.74512,0.000618233,0.975662,1,599.5449092,13826.4,3706.27,3.73054,0.000258708,0.416708,0,275.1987975,7541.39,3904.35,1.93154,0.000146828,0.373107,6,-359.5728329,2740.12,1048.07,2.61444,0.000465847,0.44054
49.372611,1,AUTO,ARMED,5,AVAILABLE,UNAVAILABLE,UNAVAILABLE,32,1,ACTIVE,2,A_N2-A3.NC,A_N2-A3.NC,2059083.502,190601.037,5699.3,3852.1948,100,20.31667,46,100,0,5,100,9000.0,23707.8,8636.34,2.74512,0.000618233,0.975662,1,601.6327858,13826.4,3706.27,3.73054,0.000258708,0.416708,0,275.1987975,7541.39,3904.35,1.93154,0.000146828,0.373107,6,-359.5727871,2740.12,1048.07,2.61444,0.000465847,0.44054
49.511449,1,AUTO,ARMED,5,AVAILABLE,UNAVAILABLE,UNAVAILABLE,32,1,ACTIVE,2,A_N2-A3.NC,A_N2-A3.NC,2059083.502,190601.037,5699.3,3852.1948,100,20.31667,47,100,0,5,100,9000.0,23707.8,8636.34,2.74512,0.000618233,0.975662,0,603.7257835,13826.4,3706.27,3.73054,0.000258708,0.416708,0,275.1988047,7541.39,3904.35,1.93154,0.000146828,0.373107,6,-359.5727871,2740.12,1048.07,2.61444,0.000465847,0.44054
49.646862,1,AUTO,ARMED,5,AVAILABLE,UNAVAILABLE,UNAVAILABLE,32,1,ACTIVE,2,A_N2-A3.NC,A_N2-A3.NC,2059083.502,190601.037,5699.3,3852.1948,100,20.31667,47,100,0,6,100,9000.0,22676.0,8675.1,2.61392,0.000645666,0.980692,0,606.8653195,13850.4,4171.88,3.31994,0.000271063,0.471995,0,275.1987975,7565.4,3885.79,1.94694,0.000118289,0.372955,6,-359.5727986,2668.01,1047.23,2.54768,0.00054513,0.43828
49.79378,1,AUTO,ARMED,5,AVAILABLE,UNAVAILABLE,UNAVAILABLE,32,1,ACTIVE,2,A_N2-A3.NC,A_N2-A3.NC,2059083.502,190601.037,5699.3,3852.1948,100,20.31667,47,100,0,6,100,9000.0,22676.0,8675.1,2.61392,0.000645666,0.980692,0,611.050995,13850.4,4171.88,3.31994,0.000271063,0.471995,0,275.1987975,7565.4,3885.79,1.94694,0.000118289,0.372955,6,-359.57281,2668.01,1047.23,2.54768,0.00054513,0.43828
49.93056,1,AUTO,ARMED,5,AVAILABLE,UNAVAILABLE,UNAVAILABLE,32,1,ACTIVE,2,A_N2-A3.NC,A_N2-A3.NC,2059083.502,190601.037,5699.3,3852.1948,100,20.31667,47,100,0,6,100,9000.0,22676.0,8675.1,2.61392,0.000645666,0.980692,0,613.1492137,13850.4,4171.88,3.31994,0.000271063,0.471995,0,275.1987975,7565.4,3885.79,1.94694,0.000118289,0.372955,6,-359.57281,2668.01,1047.23,2.54768,0.00054513,0.43828
50.074585,1,AUTO,ARMED,5,AVAILABLE,UNAVAILABLE,UNAVAILABLE,32,1,ACTIVE,2,A_N2-A3.NC,A_N2-A3.NC,2059083.502,190601.037,5699.3,3852.1753,100,20.31667,47,100,0,6,100,9000.0,22676.0,8675.1,2.61392,0.000645666,0.980692,1,615.2370542,13850.4,4171.88,3.31994,0.000271063,0.471995,0,275.1988047,7565.4,3885.79,1.94694,0.000118289,0.372955,6,-359.5727871,2668.01,1047.23,2.54768,0.00054513,0.43828
50.215055,1,AUTO,ARMED,5,AVAILABLE,UNAVAILABLE,UNAVAILABLE,32,1,ACTIVE,2,A_N2-A3.NC,A_N2-A3.NC,2059083.502,190601.037,5699.3,3852.1753,100,20.31667,47,100,0,6,100,9000.0,22676.0,8675.1,2.61392,0.000645666,0.980692,1,617.3299729,13850.4,4171.88,3.31994,0.000271063,0.471995,0,275.1987975,7565.4,3885.79,1.94694,0.000118289,0.372955,6,-359.5728215,2668.01,1047.23,2.54768,0.00054513,0.43828
50.358496,1,AUTO,ARMED,5,AVAILABLE,UNAVAILABLE,UNAVAILABLE,32,1,ACTIVE,2,A_N2-A3.NC,A_N2-A3.NC,2059083.502,190601.037,5699.3,3852.1753,100,20.31667,47,100,0,6,100,9000.0,22676.0,8675.1,2.61392,0.000645666,0.980692,0,619.4280199,13850.4,4171.88,3.31994,0.000271063,0.471995,0,275.1987975,7565.4,3885.79,1.94694,0.000118289,0.372955,6,-359.5727871,2668.01,1047.23,2.54768,0.00054513,0.43828
50.508041,1,AUTO,ARMED,5,AVAILABLE,UNAVAILABLE,UNAVAILABLE,32,1,ACTIVE,2,A_N2-A3.NC,A_N2-A3.NC,2059083.502,190601.037,5699.3,3852.1753,100,20.31667,48,100,0,6,100,9000.0,22676.0,8675.1,2.61392,0.000645666,0.980692,0,625.6967483,13850.4,4171.88,3.31994,0.000271063,0.471995,0,275.1987903,7565.4,3885.79,1.94694,0.000118289,0.372955,6,-359.5727871,2668.01,1047.23,2.54768,0.00054513,0.43828
50.646383,1,AUTO,ARMED,5,AVAILABLE,UNAVAILABLE,UNAVAILABLE,32,1,ACTIVE,2,A_N2-A3.NC,A_N2-A3.NC,2059083.502,190601.037,5699.3,3852.1753,100,20.31667,48,100,0,6,100,9000.0,22676.0,8675.1,2.61392,0.000645666,0.980692,0,627.7947667,13850.4,4171.88,3.31994,0.000271063,0.471995,0,275.1987975,7565.4,3885.79,1.94694,0.000118289,0.372955,6,-359.5727871,2668.01,1047.23,2.54768,0.00054513,0.43828
50.794878,1,AUTO,ARMED,5,AVAILABLE,UNAVAILABLE,UNAVAILABLE,32,1,ACTIVE,2,A_N2-A3.NC,A_N2-A3.NC,2059083.502,190601.037,5699.3,3852.1753,100,20.31667,48,100,0,6,100,9000.0,23179.9,8547.88,2.71177,0.000619522,0.96148,0,629.892964,14714.5,4139.0,3.55509,0.000244842,0.461835,0,275.1988047,7421.3,3901.03,1.9024,0.000126569,0.377894,6,-359.5728215,2692.05,1066.01,2.52535,0.000386828,0.450442
50.939857,1,AUTO,ARMED,5,AVAILABLE,UNAVAILABLE,UNAVAILABLE,32,1,ACTIVE,2,A_N2-A3.NC,A_N2-A3.NC,2059083.502,190601.037,5699.3,3852.1753,100,20.31667,48,100,0,6,100,9000.0,23179.9,8547.88,2.71177,0.000619522,0.96148,0,631.9756976,14714.5,4139.0,3.55509,0.000244842,0.461835,0,275.1987903,7421.3,3901.03,1.9024,0.000126569,0.377894,6,-359.5727757,2692.05,1066.01,2.52535,0.000386828,0.450442
51.078872,1,AUTO,ARMED,5,AVAILABLE,UNAVAILABLE,UNAVAILABLE,32,1,ACTIVE,2,A_N2-A3.NC,A_N2-A3.NC,2059083.502,190601.037,5699.3,3856.4756,100,20.31667,48,100,0,6,100,9000.0,23179.9,8547.88,2.71177,0.000619522,0.96148,1,636.1665487,14714.5,4139.0,3.55509,0.000244842,0.461835,0,275.1987975,7421.3,3901.03,1.9024,0.000126569,0.377894,6,-359.5728215,2692.05,1066.01,2.52535,0.000386828,0.450442
51.227849,1,AUTO,ARMED,5,AVAILABLE,UNAVAILABLE,UNAVAILABLE,32,1,ACTIVE,2,A_N2-A3.NC,A_N2-A3.NC,2059083.502,190601.037,5699.3,3856.4756,100,20.31667,48,100,0,6,100,9000.0,23179.9,8547.88,2.71177,0.000619522,0.96148,1,640.3475584,14714.5,4139.0,3.55509,0.000244842,0.461835,0,275.1987975,7421.3,3901.03,1.9024,0.000126569,0.377894,6,-359.5727871,2692.05,1066.01,2.52535,0.000386828,0.450442
51.366673,1,AUTO,ARMED,5,AVAILABLE,UNAVAILABLE,UNAVAILABLE,32,1,ACTIVE,2,A_N2-A3.NC,A_N2-A3.NC,2059083.502,190601.037,5699.3,3856.4756,100,20.31667,48,100,0,6,100,9000.0,23179.9,8547.88,2.71177,0.000619522,0.96148,1,642.4455409,14714.5,4139.0,3.55509,0.000244842,0.461835,0,275.1987975,7421.3,3901.03,1.9024,0.000126569,0.377894,6,-359.5728329,2692.05,1066.01,2.52535,0.000386828,0.450442
51.559371,1,AUTO,ARMED,5,AVAILABLE,UNAVAILABLE,UNAVAILABLE,32,1,ACTIVE,2,A_N2-A3.NC,A_N2-A3.NC,2059083.502,190601.037,5699.3,3856.4756,100,20.31667,49,100,0,6,100,9000.0,23179.9,8547.88,2.71177,0.000619522,0.96148,0,644.538288,14714.5,4139.0,3.55509,0.000244842,0.461835,0,275.1988047,7421.3,3901.03,1.9024,0.000126569,0.377894,6,-359.5727757,2692.05,1066.01,2.52535,0.000386828,0.450442
51.726863,1,AUTO,ARMED,5,AVAILABLE,UNAVAILABLE,UNAVAILABLE,32,1,ACTIVE,2,A_N2-A3.NC,A_N2-A3.NC,2059083.502,190601.037,5699.3,3856.4756,100,20.31667,49,100,0,6,100,9000.0,23011.9,576.823,39.8942,0.000423454,0.256777,1,649.7713358,15986.8,112.472,142.14,0.000197078,0.115933,0,275.198819,7613.44,143.02,53.2334,0.000132557,0.0756066,6,-359.5727986,2668.01,472.912,5.64166,0.000243148,0.204913
51.877263,1,AUTO,ARMED,5,AVAILABLE,UNAVAILABLE,UNAVAILABLE,32,1,ACTIVE,2,A_N2-A3.NC,A_N2-A3.NC,2059083.502,190601.037,5699.3,3856.4756,100,20.31667,49,100,0,5,100,9000.0,23011.9,576.823,39.8942,0.000423454,0.256777,0,651.8638898,15986.8,112.472,142.14,0.000197078,0.115933,0,275.1988476,7613.44,143.02,53.2334,0.000132557,0.0756066,6,-359.5727871,2668.01,472.912,5.64166,0.000243148,0.204913
52.01893,1,AUTO,ARMED,5,AVAILABLE,UNAVAILABLE,UNAVAILABLE,32,1,ACTIVE,2,A_N2-A3.NC,A_N2-A3.NC,2059083.502,190601.037,5699.3,3856.4756,100,20.31667,49,100,0,4,100,9000.0,23011.9,576.823,39.8942,0.000423454,0.256777,0,653.9517805,15986.8,112.472,142.14,0.000197078,0.115933,0,275.1988333,7613.44,143.02,53.2334,0.000132557,0.0756066,6,-359.57281,2668.01,472.912,5.64166,0.000243148,0.204913
52.163453,1,AUTO,ARMED,5,AVAILABLE,UNAVAILABLE,UNAVAILABLE,32,1,ACTIVE,2,A_N2-A3.NC,A_N2-A3.NC,2059083.502,190601.037,5699.3,3415.7842,100,7.7,49,100,0,3,100,9000.0,23011.9,576.823,39.8942,0.000423454,0.256777,0,656.2353709,15986.8,112.472,142.14,0.000197078,0.115933,0,275.1988118,7613.44,143.02,53.2334,0.000132557,0.0756066,6,-359.5727871,2668.01,472.912,5.64166,0.000243148,0.204913
52.30107,1,AUTO,ARMED,5,AVAILABLE,UNAVAILABLE,UNAVAILABLE,33,1,ACTIVE,2,A_N2-A3.NC,A_N2-A3.NC,2059083.502,190601.037,5699.3,3415.7842,100,0.0,49,100,0,3,100,9000.0,23011.9,576.823,39.8942,0.000423454,0.256777,0,656.237066,15986.8,112.472,142.14,0.000197078,0.115933,0,275.1987975,7613.44,143.02,53.2334,0.000132557,0.0756066,6,-359.5728215,2668.01,472.912,5.64166,0.000243148,0.204913
52.450589,1,AUTO,ARMED,5,AVAILABLE,UNAVAILABLE,UNAVAILABLE,33,1,ACTIVE,2,A_N2-A3.NC,A_N2-A3.NC,2059083.502,190601.037,5699.3,3415.7842,100,0.0,50,100,0,3,100,9000.0,23011.9,576.823,39.8942,0.000423454,0.256777,0,656.2371518,15986.8,112.472,142.14,0.000197078,0.115933,0,275.1988047,7613.44,143.02,53.2334,0.000132557,0.0756066,6,-359.5727986,2668.01,472.912,5.64166,0.000243148,0.204913
52.586861,1,AUTO,ARMED,5,AVAILABLE,UNAVAILABLE,UNAVAILABLE,33,1,ACTIVE,2,A_N2-A3.NC,A_N2-A3.NC,2059083.502,190601.037,5699.3,3415.7842,100,0.0,50,100,0,3,100,9000.0,23011.9,576.823,39.8942,0.000423454,0.256777,0,656.2371304,15986.8,112.472,142.14,0.000197078,0.115933,0,275.1987903,7613.44,143.02,53.2334,0.000132557,0.0756066,6,-359.57281,2668.01,472.912,5.64166,0.000243148,0.204913
52.732026,1,AUTO,ARMED,5,AVAILABLE,UNAVAILABLE,UNAVAILABLE,33,1,ACTIVE,2,A_N2-A3.NC,A_N2-A3.NC,2059083.502,190601.037,5699.3,3415.7842,100,0.0,50,100,0,3,100,9000.0,23011.9,576.823,39.8942,0.000423454,0.256777,0,656.2371232,15986.8,112.472,142.14,0.000197078,0.115933,0,275.1988047,7613.44,143.02,53.2334,0.000132557,0.0756066,6,-359.5727871,2668.01,472.912,5.64166,0.000243148,0.204913
52.867885,1,AUTO,ARMED,5,AVAILABLE,UNAVAILABLE,UNAVAILABLE,33,1,ACTIVE,2,A_N2-A3.NC,A_N2-A3.NC,2059083.502,190601.037,5699.3,3415.7842,100,0.0,50,100,0,3,100,9000.0,3887.31,587.332,6.61859,0.000440166,0.256603,0,656.2371089,3720.64,108.477,34.2989,0.000228318,0.116922,0,275.1987975,648.465,135.631,4.7811,0.00010476,0.0754795,6,-359.5727986,1922.89,608.904,3.15795,0.00020634,0.249579
53.00496,1,AUTO,ARMED,5,AVAILABLE,UNAVAILABLE,UNAVAILABLE,33,1,ACTIVE,2,A_N2-A3.NC,A_N2-A3.NC,2059083.502,190601.037,5699.3,3415.7842,100,0.0,50,100,0,4,100,9000.0,3887.31,587.332,6.61859,0.000440166,0.256603,0,656.2371089,3720.64,108.477,34.2989,0.000228318,0.116922,0,275.1988047,648.465,135.631,4.7811,0.00010476,0.0754795,6,-359.5727871,1922.89,608.904,3.15795,0.00020634,0.249579
53.145267,1,AUTO,ARMED,5,AVAILABLE,UNAVAILABLE,UNAVAILABLE,33,1,ACTIVE,2,A_N2-A3.NC,A_N2-A3.NC,2059083.502,190601.037,5699.3,3415.7842,100,0.0,50,100,0,4,100,9000.0,3887.31,587.332,6.61859,0.000440166,0.256603,0,656.236071,3720.64,108.477,34.2989,0.000228318,0.116922,0,275.4721946,648.465,135.631,4.7811,0.00010476,0.0754795,6,-359.5728215,1922.89,608.904,3.15795,0.00020634,0.249579
53.297903,1,AUTO,ARMED,5,AVAILABLE,UNAVAILABLE,UNAVAILABLE,35,1,ACTIVE,2,A_N2-A3.NC,A_N2-A3.NC,2059083.502,190601.037,5699.3,3677.002,100,14.15,50,100,0,4,100,9000.0,3887.31,587.332,6.61859,0.000440166,0.256603,1,654.794233,3720.64,108.477,34.2989,0.000228318,0.116922,0,275.5162302,648.465,135.631,4.7811,0.00010476,0.0754795,6,-359.5727871,1922.89,608.904,3.15795,0.00020634,0.249579
53.445303,1,AUTO,ARMED,5,AVAILABLE,UNAVAILABLE,UNAVAILABLE,35,1,ACTIVE,2,A_N2-A3.NC,A_N2-A3.NC,2059083.502,190601.037,5699.3,3677.002,100,20.31667,50,100,0,3,100,9000.0,3887.31,587.332,6.61859,0.000440166,0.256603,1,652.6984213,3720.64,108.477,34.2989,0.000228318,0.116922,0,275.5163017,648.465,135.631,4.7811,0.00010476,0.0754795,6,-359.5727986,1922.89,608.904,3.15795,0.00020634,0.249579
53.588086,1,AUTO,ARMED,5,AVAILABLE,UNAVAILABLE,UNAVAILABLE,35,1,ACTIVE,2,A_N2-A3.NC,A_N2-A3.NC,2059083.502,190601.037,5699.3,3677.002,100,20.31667,51,100,0,3,100,9000.0,3887.31,587.332,6.61859,0.000440166,0.256603,0,649.5590307,3720.64,108.477,34.2989,0.000228318,0.116922,0,275.5161945,648.465,135.631,4.7811,0.00010476,0.0754795,6,-359.57281,1922.89,608.904,3.15795,0.00020634,0.249579
53.727485,1,AUTO,ARMED,5,AVAILABLE,UNAVAILABLE,UNAVAILABLE,35,1,ACTIVE,2,A_N2-A3.NC,A_N2-A3.NC,2059083.502,190601.037,5699.3,3677.002,100,20.31667,51,100,0,5,100,9000.0,3887.31,587.332,6.61859,0.000440166,0.256603,0,645.3733292,3720.64,108.477,34.2989,0.000228318,0.116922,0,275.5162946,648.465,135.631,4.7811,0.00010476,0.0754795,6,-359.5728215,1922.89,608.904,3.15795,0.00020634,0.249579
53.879608,1,AUTO,ARMED,5,AVAILABLE,UNAVAILABLE,UNAVAILABLE,35,1,ACTIVE,2,A_N2-A3.NC,A_N2-A3.NC,2059083.502,190601.037,5699.3,3677.002,100,20.31667,51,100,0,5,100,9000.0,5207.08,1102.15,4.72447,0.000672797,0.62004,0,643.2804999,7273.25,543.315,13.3868,0.000276692,0.228663,0,275.5163089,2641.89,908.073,2.90934,0.000133732,0.151068,6,-359.5727986,2283.43,789.816,2.89109,0.000336247,0.386191
54.019854,1,AUTO,ARMED,5,AVAILABLE,UNAVAILABLE,UNAVAILABLE,35,1,ACTIVE,2,A_N2-A3.NC,A_N2-A3.NC,2059083.502,190601.037,5699.3,3677.002,100,20.31667,51,100,0,5,100,9000.0,5207.08,1102.15,4.72447,0.000672797,0.62004,0,641.1923911,7273.25,543.315,13.3868,0.000276692,0.228663,0,275.5163089,2641.89,908.073,2.90934,0.000133732,0.151068,6,-359.5727642,2283.43,789.816,2.89109,0.000336247,0.386191
54.169855,1,AUTO,ARMED,5,AVAILABLE,UNAVAILABLE,UNAVAILABLE,35,1,ACTIVE,2,A_N2-A3.NC,A_N2-A3.NC,2059083.502,190601.037,5699.3,3677.002,100,20.31667,51,100,0,5,100,9000.0,5207.08,1102.15,4.72447,0.000672797,0.62004,0,637.0015185,7273.25,543.315,13.3868,0.000276692,0.228663,0,275.5163089,2641.89,908.073,2.90934,0.000133732,0.151068,6,-359.5727757,2283.43,789.816,2.89109,0.000336247,0.386191
54.309335,1,AUTO,ARMED,5,AVAILABLE,UNAVAILABLE,UNAVAILABLE,35,1,ACTIVE,2,A_N2-A3.NC,A_N2-A3.NC,2059083.502,190601.037,5699.3,3717.4026,100,20.31667,51,100,0,5,100,9000.0,5207.08,1102.15,4.72447,0.000672797,0.62004,0,634.9134723,7273.25,543.315,13.3868,0.000276692,0.228663,0,275.5163089,2641.89,908.073,2.90934,0.000133732,0.151068,6,-359.5727986,2283.43,789.816,2.89109,0.000336247,0.386191
54.446861,1,AUTO,ARMED,5,AVAILABLE,UNAVAILABLE,UNAVAILABLE,35,1,ACTIVE,2,A_N2-A3.NC,A_N2-A3.NC,2059083.502,190601.037,5699.3,3717.4026,100,20.31667,52,100,0,5,100,9000.0,5207.08,1102.15,4.72447,0.000672797,0.62004,0,632.8206083,7273.25,543.315,13.3868,0.000276692,0.228663,0,275.5163089,2641.89,908.073,2.90934,0.000133732,0.151068,6,-359.5728215,2283.43,789.816,2.89109,0.000336247,0.386191
54.584135,1,AUTO,ARMED,5,AVAILABLE,UNAVAILABLE,UNAVAILABLE,35,1,ACTIVE,2,A_N2-A3.NC,A_N2-A3.NC,2059083.502,190601.037,5699.3,3717.4026,100,20.31667,52,100,0,5,100,9000.0,5207.08,1102.15,4.72447,0.000672797,0.62004,0,628.6295088,7273.25,543.315,13.3868,0.000276692,0.228663,0,275.5163089,2641.89,908.073,2.90934,0.000133732,0.151068,6,-359.5727986,2283.43,789.816,2.89109,0.000336247,0.386191
54.730374,1,AUTO,ARMED,5,AVAILABLE,UNAVAILABLE,UNAVAILABLE,35,1,ACTIVE,2,A_N2-A3.NC,A_N2-A3.NC,2059083.502,190601.037,5699.3,3717.4026,100,20.31667,52,100,0,5,100,9000.0,5207.08,1102.15,4.72447,0.000672797,0.62004,0,626.5417874,7273.25,543.315,13.3868,0.000276692,0.228663,0,275.5163017,2641.89,908.073,2.90934,0.000133732,0.151068,6,-359.57281,2283.43,789.816,2.89109,0.000336247,0.386191
54.867215,1,AUTO,ARMED,5,AVAILABLE,UNAVAILABLE,UNAVAILABLE,35,1,ACTIVE,2,A_N2-A3.NC,A_N2-A3.NC,2059083.502,190601.037,5699.3,3717.4026,100,20.31667,52,100,0,5,100,9000.0,5207.08,1102.15,4.72447,0.000672797,0.62004,0,624.4435949,7273.25,543.315,13.3868,0.000276692,0.228663,0,275.5163017,2641.89,908.073,2.90934,0.000133732,0.151068,6,-359.5727871,2283.43,789.816,2.89109,0.000336247,0.386191
55.019852,1,AUTO,ARMED,5,AVAILABLE,UNAVAILABLE,UNAVAILABLE,35,1,ACTIVE,2,A_N2-A3.NC,A_N2-A3.NC,2059083.502,190601.037,5699.3,3717.4026,100,20.31667,52,100,0,5,100,9000.0,5375.05,1161.17,4.62899,0.000676955,0.630589,0,620.2628807,6937.2,468.697,14.801,0.000277565,0.247255,0,275.5162946,2473.77,858.133,2.88273,0.000182521,0.147492,6,-359.5728215,2163.25,619.265,3.49325,0.000318942,0.336599
55.16665,1,AUTO,ARMED,5,AVAILABLE,UNAVAILABLE,UNAVAILABLE,35,1,ACTIVE,2,A_N2-A3.NC,A_N2-A3.NC,2059083.502,190601.037,5699.3,3717.4026,100,20.31667,52,100,0,5,100,9000.0,5375.05,1161.17,4.62899,0.000676955,0.630589,0,618.1647668,6937.2,468.697,14.801,0.000277565,0.247255,0,275.5163017,2473.77,858.133,2.88273,0.000182521,0.147492,6,-359.5727757,2163.25,619.265,3.49325,0.000318942,0.336599
55.325021,1,AUTO,ARMED,5,AVAILABLE,UNAVAILABLE,UNAVAILABLE,35,1,ACTIVE,2,A_N2-A3.NC,A_N2-A3.NC,2059083.502,190601.037,5699.3,3717.4026,100,20.31667,52,100,0,5,100,9000.0,5375.05,1161.17,4.62899,0.000676955,0.630589,0,611.8910599,6937.2,468.697,14.801,0.000277565,0.247255,0,275.5163089,2473.77,858.133,2.88273,0.000182521,0.147492,6,-359.5727642,2163.25,619.265,3.49325,0.000318942,0.336599
55.464604,1,AUTO,ARMED,5,AVAILABLE,UNAVAILABLE,UNAVAILABLE,35,1,ACTIVE,2,A_N2-A3.NC,A_N2-A3.NC,2059083.502,190601.037,5699.3,3728.4949,100,20.31667,53,100,0,5,100,9000.0,5375.05,1161.17,4.62899,0.000676955,0.630589,0,609.7929461,6937.2,468.697,14.801,0.000277565,0.247255,0,275.5163017,2473.77,858.133,2.88273,0.000182521,0.147492,6,-359.57281,2163.25,619.265,3.49325,0.000318942,0.336599
55.609679,1,AUTO,ARMED,5,AVAILABLE,UNAVAILABLE,UNAVAILABLE,35,1,ACTIVE,2,A_N2-A3.NC,A_N2-A3.NC,2059083.502,190601.037,5699.3,3728.4949,100,20.31667,53,100,0,5,100,9000.0,5375.05,1161.17,4.62899,0.000676955,0.630589,0,608.7515357,6937.2,468.697,14.801,0.000277565,0.247255,0,275.5163017,2473.77,858.133,2.88273,0.000182521,0.147492,6,-359.57281,2163.25,619.265,3.49325,0.000318942,0.336599
55.754127,1,AUTO,ARMED,5,AVAILABLE,UNAVAILABLE,UNAVAILABLE,35,1,ACTIVE,2,A_N2-A3.NC,A_N2-A3.NC,2059083.502,190601.037,5699.3,3728.4949,100,20.31667,53,100,0,5,100,9000.0,5375.05,1161.17,4.62899,0.000676955,0.630589,0,604.5706342,6937.2,468.697,14.801,0.000277565,0.247255,0,275.5163017,2473.77,858.133,2.88273,0.000182521,0.147492,6,-359.5727757,2163.25,619.265,3.49325,0.000318942,0.336599
55.914819,1,AUTO,ARMED,5,AVAILABLE,UNAVAILABLE,UNAVAILABLE,35,1,ACTIVE,2,A_N2-A3.NC,A_N2-A3.NC,2059083.502,190601.037,5699.3,3728.4949,100,20.31667,53,100,0,5,100,9000.0,5375.05,1161.17,4.62899,0.000676955,0.630589,0,602.4725945,6937.2,468.697,14.801,0.000277565,0.247255,0,275.5163017,2473.77,858.133,2.88273,0.000182521,0.147492,6,-359.5728443,2163.25,619.265,3.49325,0.000318942,0.336599
56.068861,1,AUTO,ARMED,5,AVAILABLE,UNAVAILABLE,UNAVAILABLE,35,1,ACTIVE,2,A_N2-A3.NC,A_N2-A3.NC,2059083.502,190601.037,5699.3,3728.4949,100,20.31667,53,100,0,5,100,9000.0,5567.01,1178.19,4.72505,0.000689007,0.630032,0,600.3796045,7225.25,421.877,17.1264,0.00026844,0.24583,0,275.5163017,2497.78,891.939,2.80039,0.000121788,0.139567,6,-359.5727757,2235.36,750.084,2.98015,0.000369327,0.38136
56.208858,1,AUTO,ARMED,5,AVAILABLE,UNAVAILABLE,UNAVAILABLE,35,1,ACTIVE,2,A_N2-A3.NC,A_N2-A3.NC,2059083.502,190601.037,5699.3,3728.4949,100,20.31667,53,100,0,5,100,9000.0,5567.01,1178.19,4.72505,0.000689007,0.630032,0,594.1006276,7225.25,421.877,17.1264,0.00026844,0.24583,0,275.5162946,2497.78,891.939,2.80039,0.000121788,0.139567,6,-359.5727871,2235.36,750.084,2.98015,0.000369327,0.38136
56.344737,1,AUTO,ARMED,5,AVAILABLE,UNAVAILABLE,UNAVAILABLE,35,1,ACTIVE,2,A_N2-A3.NC,A_N2-A3.NC,2059083.502,190601.037,5699.3,3728.4949,100,20.31667,54,100,0,5,100,9000.0,5567.01,1178.19,4.72505,0.000689007,0.630032,0,592.0079881,7225.25,421.877,17.1264,0.00026844,0.24583,0,275.5163089,2497.78,891.939,2.80039,0.000121788,0.139567,6,-359.57281,2235.36,750.084,2.98015,0.000369327,0.38136
56.483176,1,AUTO,ARMED,5,AVAILABLE,UNAVAILABLE,UNAVAILABLE,35,1,ACTIVE,2,A_N2-A3.NC,A_N2-A3.NC,2059083.502,190601.037,5699.3,3741.9229,100,20.31667,54,100,0,5,100,9000.0,5567.01,1178.19,4.72505,0.000689007,0.630032,0,589.9096766,7225.25,421.877,17.1264,0.00026844,0.24583,0,275.5162946,2497.78,891.939,2.80039,0.000121788,0.139567,6,-359.57281,2235.36,750.084,2.98015,0.000369327,0.38136
56.622904,1,AUTO,ARMED,5,AVAILABLE,UNAVAILABLE,UNAVAILABLE,35,1,ACTIVE,2,A_N2-A3.NC,A_N2-A3.NC,2059083.502,190601.037,5699.3,3741.9229,100,20.31667,54,100,0,5,100,9000.0,5567.01,1178.19,4.72505,0.000689007,0.630032,0,587.8220011,7225.25,421.877,17.1264,0.00026844,0.24583,0,275.5163017,2497.78,891.939,2.80039,0.000121788,0.139567,6,-359.5727986,2235.36,750.084,2.98015,0.000369327,0.38136
56.765604,1,AUTO,ARMED,5,AVAILABLE,UNAVAILABLE,UNAVAILABLE,35,1,ACTIVE,2,A_N2-A3.NC,A_N2-A3.NC,2059083.502,190601.037,5699.3,3741.9229,100,20.31667,54,100,0,5,100,9000.0,5567.01,1178.19,4.72505,0.000689007,0.630032,0,585.729004,7225.25,421.877,17.1264,0.00026844,0.24583,0,275.5163089,2497.78,891.939,2.80039,0.000121788,0.139567,6,-359.5727871,2235.36,750.084,2.98015,0.000369327,0.38136
56.911117,1,AUTO,ARMED,5,AVAILABLE,UNAVAILABLE,UNAVAILABLE,35,1,ACTIVE,2,A_N2-A3.NC,A_N2-A3.NC,2059083.502,190601.037,5699.3,3741.9229,100,20.31667,54,100,0,5,100,9000.0,5567.01,1178.19,4.72505,0.000689007,0.630032,0,583.6408888,7225.25,421.877,17.1264,0.00026844,0.24583,0,275.5162946,2497.78,891.939,2.80039,0.000121788,0.139567,6,-359.5728215,2235.36,750.084,2.98015,0.000369327,0.38136
57.052876,1,AUTO,ARMED,5,AVAILABLE,UNAVAILABLE,UNAVAILABLE,35,1,ACTIVE,2,A_N2-A3.NC,A_N2-A3.NC,2059083.502,190601.037,5699.3,3741.9229,100,20.31667,54,100,0,5,100,9000.0,5399.04,1109.0,4.86839,0.000718529,0.645929,0,577.3571189,6817.17,418.466,16.2909,0.000229724,0.209632,0,275.5163017,2497.78,797.656,3.1314,0.000145066,0.141592,6,-359.5728215,2211.32,732.647,3.01826,0.00032255,0.365229
57.201495,1,AUTO,ARMED,5,AVAILABLE,UNAVAILABLE,UNAVAILABLE,35,1,ACTIVE,2,A_N2-A3.NC,A_N2-A3.NC,2059083.502,190601.037,5699.3,3741.9229,100,20.31667,54,100,0,5,100,9000.0,5399.04,1109.0,4.86839,0.000718529,0.645929,0,575.2591649,6817.17,418.466,16.2909,0.000229724,0.209632,0,275.5163017,2497.78,797.656,3.1314,0.000145066,0.141592,6,-359.5727757,2211.32,732.647,3.01826,0.00032255,0.365229
57.343936,1,AUTO,ARMED,5,AVAILABLE,UNAVAILABLE,UNAVAILABLE,35,1,ACTIVE,2,A_N2-A3.NC,A_N2-A3.NC,2059083.502,190601.037,5699.3,3741.9229,100,20.31667,54,100,0,5,100,9000.0,5399.04,1109.0,4.86839,0.000718529,0.645929,0,571.0833341,6817.17,418.466,16.2909,0.000229724,0.209632,0,275.5162946,2497.78,797.656,3.1314,0.000145066,0.141592,6,-359.5727986,2211.32,732.647,3.01826,0.00032255,0.365229
57.488516,1,AUTO,ARMED,5,AVAILABLE,UNAVAILABLE,UNAVAILABLE,35,1,ACTIVE,2,A_N2-A3.NC,A_N2-A3.NC,2059083.502,190601.037,5699.3,3741.9229,100,20.31667,55,100,0,5,100,9000.0,5399.04,1109.0,4.86839,0.000718529,0.645929,0,570.0366816,6817.17,418.466,16.2909,0.000229724,0.209632,0,275.5163089,2497.78,797.656,3.1314,0.000145066,0.141592,6,-359.5727986,2211.32,732.647,3.01826,0.00032255,0.365229
57.636462,1,AUTO,ARMED,5,AVAILABLE,UNAVAILABLE,UNAVAILABLE,35,1,ACTIVE,2,A_N2-A3.NC,A_N2-A3.NC,2059083.502,190601.037,5699.3,3731.7217,100,20.31667,55,100,0,5,100,9000.0,5399.04,1109.0,4.86839,0.000718529,0.645929,0,567.9388492,6817.17,418.466,16.2909,0.000229724,0.209632,0,275.5163017,2497.78,797.656,3.1314,0.000145066,0.141592,6,-359.5727871,2211.32,732.647,3.01826,0.00032255,0.365229
57.780576,1,AUTO,ARMED,5,AVAILABLE,UNAVAILABLE,UNAVAILABLE,35,1,ACTIVE,2,A_N2-A3.NC,A_N2-A3.NC,2059083.502,190601.037,5699.3,3731.7217,100,20.31667,55,100,0,5,100,9000.0,5399.04,1109.0,4.86839,0.000718529,0.645929,0,565.8408308,6817.17,418.466,16.2909,0.000229724,0.209632,0,275.5163017,2497.78,797.656,3.1314,0.000145066,0.141592,6,-359.5728329,2211.32,732.647,3.01826,0.00032255,0.365229
57.918894,1,AUTO,ARMED,5,AVAILABLE,UNAVAILABLE,UNAVAILABLE,35,1,ACTIVE,2,A_N2-A3.NC,A_N2-A3.NC,2059083.502,190601.037,5699.3,3731.7217,100,20.31667,55,100,0,5,100,9000.0,5399.04,1109.0,4.86839,0.000718529,0.645929,0,561.659843,6817.17,418.466,16.2909,0.000229724,0.209632,0,275.5162946,2497.78,797.656,3.1314,0.000145066,0.141592,6,-359.5727986,2211.32,732.647,3.01826,0.00032255,0.365229
58.060587,1,AUTO,ARMED,5,AVAILABLE,UNAVAILABLE,UNAVAILABLE,35,1,ACTIVE,2,A_N2-A3.NC,A_N2-A3.NC,2059083.502,190601.037,5699.3,3731.7217,100,20.31667,55,100,0,5,100,9000.0,5423.04,1072.68,5.0556,0.000715451,0.633705,0,557.479152,7057.22,460.527,15.3242,0.000252412,0.212216,0,275.5163017,2473.77,849.202,2.91305,0.000119059,0.141687,6,-359.5727871,2235.36,897.528,2.49057,0.00035899,0.414968
58.213446,1,AUTO,ARMED,5,AVAILABLE,UNAVAILABLE,UNAVAILABLE,35,1,ACTIVE,2,A_N2-A3.NC,A_N2-A3.NC,2059083.502,190601.037,5699.3,3731.7217,100,20.31667,55,100,0,5,100,9000.0,5423.04,1072.68,5.0556,0.000715451,0.633705,0,555.3757731,7057.22,460.527,15.3242,0.000252412,0.212216,0,275.5163089,2473.77,849.202,2.91305,0.000119059,0.141687,6,-359.57281,2235.36,897.528,2.49057,0.00035899,0.414968
58.361871,1,AUTO,ARMED,5,AVAILABLE,UNAVAILABLE,UNAVAILABLE,35,1,ACTIVE,2,A_N2-A3.NC,A_N2-A3.NC,2059083.502,190601.037,5699.3,3731.7217,100,20.31667,56,100,0,5,100,9000.0,5423.04,1072.68,5.0556,0.000715451,0.633705,0,553.2881654,7057.22,460.527,15.3242,0.000252412,0.212216,0,275.5162946,2473.77,849.202,2.91305,0.000119059,0.141687,6,-359.5728215,2235.36,897.528,2.49057,0.00035899,0.414968
58.501604,1,AUTO,ARMED,5,AVAILABLE,UNAVAILABLE,UNAVAILABLE,35,1,ACTIVE,2,A_N2-A3.NC,A_N2-A3.NC,2059083.502,190601.037,5699.3,3731.7217,100,20.31667,56,100,0,5,100,9000.0,5423.04,1072.68,5.0556,0.000715451,0.633705,0,551.1952219,7057.22,460.527,15.3242,0.000252412,0.212216,0,275.5163089,2473.77,849.202,2.91305,0.000119059,0.141687,6,-359.5727871,2235.36,897.528,2.49057,0.00035899,0.414968
58.637889,1,AUTO,ARMED,5,AVAILABLE,UNAVAILABLE,UNAVAILABLE,35,1,ACTIVE,2,A_N2-A3.NC,A_N2-A3.NC,2059083.502,190601.037,5699.3,3385.1748,100,20.31667,56,100,0,5,100,9000.0,5423.04,1072.68,5.0556,0.000715451,0.633705,0,544.9109915,7057.22,460.527,15.3242,0.000252412,0.212216,0,275.5163089,2473.77,849.202,2.91305,0.000119059,0.141687,6,-359.5728215,2235.36,897.528,2.49057,0.00035899,0.414968
58.782237,1,AUTO,ARMED,5,AVAILABLE,UNAVAILABLE,UNAVAILABLE,35,1,ACTIVE,2,A_N2-A3.NC,A_N2-A3.NC,2059083.502,190601.037,5699.3,3385.1748,100,20.31667,56,100,0,5,100,9000.0,5423.04,1072.68,5.0556,0.000715451,0.633705,0,542.8286122,7057.22,460.527,15.3242,0.000252412,0.212216,0,275.5163947,2473.77,849.202,2.91305,0.000119059,0.141687,6,-359.5727986,2235.36,897.528,2.49057,0.00035899,0.414968
58.928216,1,AUTO,ARMED,5,AVAILABLE,UNAVAILABLE,UNAVAILABLE,35,1,ACTIVE,2,A_N2-A3.NC,A_N2-A3.NC,2059083.502,190601.037,5699.3,3385.1748,100,20.31667,56,100,0,4,100,9000.0,5423.04,1072.68,5.0556,0.000715451,0.633705,0,540.7305261,7057.22,460.527,15.3242,0.000252412,0.212216,0,275.5163375,2473.77,849.202,2.91305,0.000119059,0.141687,6,-359.5727986,2235.36,897.528,2.49057,0.00035899,0.414968
59.068364,1,AUTO,ARMED,5,AVAILABLE,UNAVAILABLE,UNAVAILABLE,35,1,ACTIVE,2,A_N2-A3.NC,A_N2-A3.NC,2059083.502,190601.037,5699.3,3385.1748,100,10.21667,56,100,0,4,100,9000.0,5423.04,1072.68,5.0556,0.000715451,0.633705,0,538.6371678,7057.22,460.527,15.3242,0.000252412,0.212216,0,275.516316,2473.77,849.202,2.91305,0.000119059,0.141687,6,-359.5727757,2235.36,897.528,2.49057,0.00035899,0.414968
59.213906,1,AUTO,ARMED,5,AVAILABLE,UNAVAILABLE,UNAVAILABLE,35,1,ACTIVE,2,A_N2-A3.NC,A_N2-A3.NC,2059083.502,190601.037,5699.3,3385.1748,100,0.0,56,100,0,3,100,9000.0,3719.34,590.293,6.30084,0.000323917,0.266192,0,536.8576377,6553.13,119.019,55.0595,0.000182461,0.119723,0,275.5163017,888.635,142.254,6.24682,0.000110578,0.067468,6,-359.5727986,1946.93,709.424,2.74438,0.000353383,0.269499
59.350405,1,AUTO,ARMED,5,AVAILABLE,UNAVAILABLE,UNAVAILABLE,36,1,ACTIVE,2,A_N2-A3.NC,A_N2-A3.NC,2059083.502,190601.037,5699.3,3385.1748,100,0.0,57,100,0,3,100,9000.0,3719.34,590.293,6.30084,0.000323917,0.266192,0,536.8570226,6553.13,119.019,55.0595,0.000182461,0.119723,0,275.5163017,888.635,142.254,6.24682,0.000110578,0.067468,6,-359.57281,1946.93,709.424,2.74438,0.000353383,0.269499
59.491267,1,AUTO,ARMED,5,AVAILABLE,UNAVAILABLE,UNAVAILABLE,36,1,ACTIVE,2,A_N2-A3.NC,A_N2-A3.NC,2059083.502,190601.037,5699.3,3385.1748,100,0.0,57,100,0,3,100,9000.0,3719.34,590.293,6.30084,0.000323917,0.266192,0,536.8570297,6553.13,119.019,55.0595,0.000182461,0.119723,0,275.5162946,888.635,142.254,6.24682,0.000110578,0.067468,6,-359.5728215,1946.93,709.424,2.74438,0.000353383,0.269499
59.634626,1,AUTO,ARMED,5,AVAILABLE,UNAVAILABLE,UNAVAILABLE,36,1,ACTIVE,2,A_N2-A3.NC,A_N2-A3.NC,2059083.502,190601.037,5699.3,3385.1748,100,0.0,57,100,0,3,100,9000.0,3719.34,590.293,6.30084,0.000323917,0.266192,0,536.8570583,6553.13,119.019,55.0595,0.000182461,0.119723,0,275.5162946,888.635,142.254,6.24682,0.000110578,0.067468,6,-359.5727757,1946.93,709.424,2.74438,0.000353383,0.269499
59.768729,1,AUTO,ARMED,5,AVAILABLE,UNAVAILABLE,UNAVAILABLE,36,1,ACTIVE,2,A_N2-A3.NC,A_N2-A3.NC,2059083.502,190601.037,5699.3,3428.7373,100,0.0,57,100,0,3,100,9000.0,3719.34,590.293,6.30084,0.000323917,0.266192,0,536.8570655,6553.13,119.019,55.0595,0.000182461,0.119723,0,275.5163017,888.635,142.254,6.24682,0.000110578,0.067468,6,-359.5727986,1946.93,709.424,2.74438,0.000353383,0.269499
59.907279,1,AUTO,ARMED,5,AVAILABLE,UNAVAILABLE,UNAVAILABLE,36,1,ACTIVE,2,A_N2-A3.NC,A_N2-A3.NC,2059083.502,190601.037,5699.3,3428.7373,100,0.0,57,100,0,3,100,9000.0,3719.34,590.293,6.30084,0.000323917,0.266192,0,536.8570798,6553.13,119.019,55.0595,0.000182461,0.119723,0,275.5163017,888.635,142.254,6.24682,0.000110578,0.067468,6,-359.5727871,1946.93,709.424,2.74438,0.000353383,0.269499
60.048056,1,AUTO,ARMED,5,AVAILABLE,UNAVAILABLE,UNAVAILABLE,36,1,ACTIVE,2,A_N2-A3.NC,A_N2-A3.NC,2059083.502,190601.037,5699.3,3428.7373,100,0.0,57,100,0,4,100,9000.0,3719.34,590.293,6.30084,0.000323917,0.266192,0,536.8570941,6553.13,119.019,55.0595,0.000182461,0.119723,0,275.5163017,888.635,142.254,6.24682,0.000110578,0.067468,6,-359.5727986,1946.93,709.424,2.74438,0.000353383,0.269499
60.187023,1,AUTO,ARMED,5,AVAILABLE,UNAVAILABLE,UNAVAILABLE,36,1,ACTIVE,2,A_N2-A3.NC,A_N2-A3.NC,2059083.502,190601.037,5699.3,3428.7373,100,0.0,57,100,0,4,100,9000.0,3839.32,594.187,6.46147,0.000338752,0.269217,0,536.8570941,1008.17,113.601,8.87466,0.000204585,0.120504,0,275.598122,984.702,114.035,8.63509,0.00014164,0.0744919,6,-359.5727871,1946.93,622.591,3.12714,0.000363021,0.241002
60.337778,1,AUTO,ARMED,5,AVAILABLE,UNAVAILABLE,UNAVAILABLE,40,1,ACTIVE,2,A_N2-A3.NC,A_N2-A3.NC,2059083.502,190601.037,5699.3,3428.7373,100,0.0,58,100,0,3,100,9000.0,3839.32,594.187,6.46147,0.000338752,0.269217,0,536.8571013,1008.17,113.601,8.87466,0.000204585,0.120504,0,275.8339061,984.702,114.035,8.63509,0.00014164,0.0744919,6,-359.5727986,1946.93,622.591,3.12714,0.000363021,0.241002
60.47787,1,AUTO,ARMED,5,AVAILABLE,UNAVAILABLE,UNAVAILABLE,40,1,ACTIVE,2,A_N2-A3.NC,A_N2-A3.NC,2059083.502,190601.037,5699.3,3428.7373,100,0.0,58,100,0,3,100,9000.0,3839.32,594.187,6.46147,0.000338752,0.269217,0,536.8571013,1008.17,113.601,8.87466,0.000204585,0.120504,0,275.8337917,984.702,114.035,8.63509,0.00014164,0.0744919,6,-359.5727757,1946.93,622.591,3.12714,0.000363021,0.241002
60.618275,1,AUTO,ARMED,5,AVAILABLE,UNAVAILABLE,UNAVAILABLE,40,1,ACTIVE,2,A_N2-A3.NC,A_N2-A3.NC,2059083.502,190601.037,5699.3,3428.7373,100,0.0,58,100,0,3,100,9000.0,3839.32,594.187,6.46147,0.000338752,0.269217,0,536.8571013,1008.17,113.601,8.87466,0.000204585,0.120504,0,275.833806,984.702,114.035,8.63509,0.00014164,0.0744919,6,-359.5727871,1946.93,622.591,3.12714,0.000363021,0.241002
60.784838,1,AUTO,ARMED,5,AVAILABLE,UNAVAILABLE,UNAVAILABLE,40,1,ACTIVE,2,A_N2-A3.NC,A_N2-A3.NC,2059083.502,190601.037,5699.4,3441.0657,100,0.0,58,100,0,3,100,9000.0,3839.32,594.187,6.46147,0.000338752,0.269217,0,536.8571013,1008.17,113.601,8.87466,0.000204585,0.120504,0,275.833806,984.702,114.035,8.63509,0.00014164,0.0744919,6,-359.57281,1946.93,622.591,3.12714,0.000363021,0.241002
60.92387,1,AUTO,ARMED,5,AVAILABLE,UNAVAILABLE,UNAVAILABLE,40,1,ACTIVE,2,A_N2-A3.NC,A_N2-A3.NC,2059083.502,190601.037,5699.4,3441.0657,100,0.0,58,100,0,3,100,9000.0,3839.32,594.187,6.46147,0.000338752,0.269217,0,536.8571013,1008.17,113.601,8.87466,0.000204585,0.120504,0,275.8337917,984.702,114.035,8.63509,0.00014164,0.0744919,6,-359.57281,1946.93,622.591,3.12714,0.000363021,0.241002
61.065327,1,AUTO,ARMED,5,AVAILABLE,UNAVAILABLE,UNAVAILABLE,40,1,ACTIVE,2,A_N2-A3.NC,A_N2-A3.NC,2059083.502,190601.037,5699.4,3441.0657,100,0.0,58,100,0,3,100,9000.0,3839.32,594.187,6.46147,0.000338752,0.269217,0,536.8571013,1008.17,113.601,8.87466,0.000204585,0.120504,0,275.833806,984.702,114.035,8.63509,0.00014164,0.0744919,6,-359.5727871,1946.93,622.591,3.12714,0.000363021,0.241002
61.205863,1,AUTO,ARMED,5,AVAILABLE,UNAVAILABLE,UNAVAILABLE,40,1,ACTIVE,2,A_N2-A3.NC,A_N2-A3.NC,2059083.502,190601.037,5699.4,3441.0657,100,0.0,58,100,0,3,100,9000.0,8566.48,619.434,13.8295,0.000334789,0.263658,0,536.8571013,9529.64,3443.23,2.76765,0.000293223,0.376234,0,275.833806,3722.66,4163.88,0.894036,0.000148131,0.400153,6,-359.57281,2764.15,1073.87,2.57401,0.000400274,0.455345
61.37191,1,AUTO,ARMED,5,AVAILABLE,UNAVAILABLE,UNAVAILABLE,41,1,ACTIVE,2,A_N2-A3.NC,A_N2-A3.NC,2059083.502,190601.037,5699.4,3441.0657,100,22.01667,59,100,0,3,100,9000.0,8566.48,619.434,13.8295,0.000334789,0.263658,2,539.8524823,9529.64,3443.23,2.76765,0.000293223,0.376234,0,275.8337988,3722.66,4163.88,0.894036,0.000148131,0.400153,6,-359.5727871,2764.15,1073.87,2.57401,0.000400274,0.455345
61.510215,1,AUTO,ARMED,5,AVAILABLE,UNAVAILABLE,UNAVAILABLE,41,1,ACTIVE,2,A_N2-A3.NC,A_N2-A3.NC,2059083.502,190601.037,5699.4,3441.0657,100,22.01667,59,100,0,3,100,9000.0,8566.48,619.434,13.8295,0.000334789,0.263658,0,540.9858817,9529.64,3443.23,2.76765,0.000293223,0.376234,0,275.8338131,3722.66,4163.88,0.894036,0.000148131,0.400153,6,-359.5727871,2764.15,1073.87,2.57401,0.000400274,0.455345
61.659055,1,AUTO,ARMED,5,AVAILABLE,UNAVAILABLE,UNAVAILABLE,41,1,ACTIVE,2,A_N2-A3.NC,A_N2-A3.NC,2059083.502,190601.037,5699.4,3441.0657,100,22.01667,59,100,0,3,100,9000.0,8566.48,619.434,13.8295,0.000334789,0.263658,0,543.2470586,9529.64,3443.23,2.76765,0.000293223,0.376234,0,275.8337488,3722.66,4163.88,0.894036,0.000148131,0.400153,6,-359.5728329,2764.15,1073.87,2.57401,0.000400274,0.455345
61.800795,1,AUTO,ARMED,5,AVAILABLE,UNAVAILABLE,UNAVAILABLE,41,1,ACTIVE,2,A_N2-A3.NC,A_N2-A3.NC,2059083.502,190601.037,5699.4,3441.0657,100,22.01667,59,100,0,5,100,9000.0,8566.48,619.434,13.8295,0.000334789,0.263658,1,545.5204519,9529.64,3443.23,2.76765,0.000293223,0.376234,0,275.8337345,3722.66,4163.88,0.894036,0.000148131,0.400153,6,-359.5727757,2764.15,1073.87,2.57401,0.000400274,0.455345
61.945564,1,AUTO,ARMED,5,AVAILABLE,UNAVAILABLE,UNAVAILABLE,41,1,ACTIVE,2,A_N2-A3.NC,A_N2-A3.NC,2059083.502,190601.037,5699.4,3937.1919,100,22.01667,59,100,0,6,100,9000.0,8566.48,619.434,13.8295,0.000334789,0.263658,0,552.3169929,9529.64,3443.23,2.76765,0.000293223,0.376234,0,275.8337988,3722.66,4163.88,0.894036,0.000148131,0.400153,6,-359.57281,2764.15,1073.87,2.57401,0.000400274,0.455345
62.08205,1,AUTO,ARMED,5,AVAILABLE,UNAVAILABLE,UNAVAILABLE,41,1,ACTIVE,2,A_N2-A3.NC,A_N2-A3.NC,2059083.502,190601.037,5699.4,3937.1919,100,22.01667,59,100,0,6,100,9000.0,8566.48,619.434,13.8295,0.000334789,0.263658,1,554.5897711,9529.64,3443.23,2.76765,0.000293223,0.376234,0,275.833806,3722.66,4163.88,0.894036,0.000148131,0.400153,6,-359.5727871,2764.15,1073.87,2.57401,0.000400274,0.455345
62.218367,1,AUTO,ARMED,5,AVAILABLE,UNAVAILABLE,UNAVAILABLE,41,1,ACTIVE,2,A_N2-A3.NC,A_N2-A3.NC,2059083.502,190601.037,5699.4,3937.1919,100,22.01667,59,100,0,6,100,9000.0,8566.48,619.434,13.8295,0.000334789,0.263658,1,556.8574496,9529.64,3443.23,2.76765,0.000293223,0.376234,0,275.8337917,3722.66,4163.88,0.894036,0.000148131,0.400153,6,-359.5728329,2764.15,1073.87,2.57401,0.000400274,0.455345
62.358858,1,AUTO,ARMED,5,AVAILABLE,UNAVAILABLE,UNAVAILABLE,41,1,ACTIVE,2,A_N2-A3.NC,A_N2-A3.NC,2059083.502,190601.037,5699.4,3937.1919,100,22.01667,0,100,0,5,100,9000.0,21980.1,8593.67,2.55771,0.000658679,0.975069,1,559.119044,14066.4,3514.07,4.00288,0.000260864,0.39234,0,275.8337917,7541.39,3923.91,1.92191,0.000151857,0.375983,6,-359.5727871,2668.01,1066.25,2.50224,0.000519648,0.45319
62.501207,1,AUTO,ARMED,5,AVAILABLE,UNAVAILABLE,UNAVAILABLE,41,1,ACTIVE,2,A_N2-A3.NC,A_N2-A3.NC,2059083.502,190601.037,5699.4,3937.1919,100,22.01667,0,100,0,6,100,9000.0,21980.1,8593.67,2.55771,0.000658679,0.975069,1,563.6595954,14066.4,3514.07,4.00288,0.000260864,0.39234,0,275.8338131,7541.39,3923.91,1.92191,0.000151857,0.375983,6,-359.5728329,2668.01,1066.25,2.50224,0.000519648,0.45319
62.67185,1,AUTO,ARMED,5,AVAILABLE,UNAVAILABLE,UNAVAILABLE,41,1,ACTIVE,2,A_N2-A3.NC,A_N2-A3.NC,2059083.502,190601.037,5699.4,3937.1919,100,22.01667,0,100,0,5,100,9000.0,21980.1,8593.67,2.55771,0.000658679,0.975069,1,565.9211772,14066.4,3514.07,4.00288,0.000260864,0.39234,0,275.8337917,7541.39,3923.91,1.92191,0.000151857,0.375983,6,-359.5727757,2668.01,1066.25,2.50224,0.000519648,0.45319
62.827487,1,AUTO,ARMED,5,AVAILABLE,UNAVAILABLE,UNAVAILABLE,41,1,ACTIVE,2,A_N2-A3.NC,A_N2-A3.NC,2059083.502,190601.037,5699.4,3937.1919,100,22.01667,0,100,0,5,100,9000.0,21980.1,8593.67,2.55771,0.000658679,0.975069,0,572.7235465,14066.4,3514.07,4.00288,0.000260864,0.39234,0,275.8337988,7541.39,3923.91,1.92191,0.000151857,0.375983,6,-359.5727757,2668.01,1066.25,2.50224,0.000519648,0.45319
62.970359,1,AUTO,ARMED,5,AVAILABLE,UNAVAILABLE,UNAVAILABLE,41,1,ACTIVE,2,A_N2-A3.NC,A_N2-A3.NC,2059083.502,190601.037,5699.4,3888.4058,100,22.01667,0,100,0,5,100,9000.0,21980.1,8593.67,2.55771,0.000658679,0.975069,0,574.990879,14066.4,3514.07,4.00288,0.000260864,0.39234,0,275.833806,7541.39,3923.91,1.92191,0.000151857,0.375983,6,-359.57281,2668.01,1066.25,2.50224,0.000519648,0.45319
63.117426,1,AUTO,ARMED,5,AVAILABLE,UNAVAILABLE,UNAVAILABLE,41,1,ACTIVE,2,A_N2-A3.NC,A_N2-A3.NC,2059083.502,190601.037,5699.4,3888.4058,100,22.01667,0,100,0,5,100,9000.0,21980.1,8593.67,2.55771,0.000658679,0.975069,0,577.2636044,14066.4,3514.07,4.00288,0.000260864,0.39234,0,275.8337988,7541.39,3923.91,1.92191,0.000151857,0.375983,6,-359.57281,2668.01,1066.25,2.50224,0.000519648,0.45319
63.255411,1,AUTO,ARMED,5,AVAILABLE,UNAVAILABLE,UNAVAILABLE,41,1,ACTIVE,2,A_N2-A3.NC,A_N2-A3.NC,2059083.502,190601.037,5699.4,3888.4058,100,22.01667,0,100,0,6,100,9000.0,21980.1,8593.67,2.55771,0.000658679,0.975069,0,579.5311801,14066.4,3514.07,4.00288,0.000260864,0.39234,0,275.8337917,7541.39,3923.91,1.92191,0.000151857,0.375983,6,-359.5727757,2668.01,1066.25,2.50224,0.000519648,0.45319
63.416905,1,AUTO,ARMED,5,AVAILABLE,UNAVAILABLE,UNAVAILABLE,41,1,ACTIVE,2,A_N2-A3.NC,A_N2-A3.NC,2059083.502,190601.037,5699.4,3888.4058,100,22.01667,1,100,0,6,100,9000.0,23611.8,8573.54,2.75403,0.000613154,0.952139,0,581.7929836,14042.4,3565.0,3.93896,0.000298606,0.399432,0,275.8337988,7565.4,3911.54,1.93412,0.000118421,0.377127,6,-359.5727757,2740.12,1046.2,2.61912,0.000520368,0.446614
63.567981,1,AUTO,ARMED,5,AVAILABLE,UNAVAILABLE,UNAVAILABLE,41,1,ACTIVE,2,A_N2-A3.NC,A_N2-A3.NC,2059083.502,190601.037,5699.4,3888.4058,100,22.01667,1,100,0,6,100,9000.0,23611.8,8573.54,2.75403,0.000613154,0.952139,0,585.1994008,14042.4,3565.0,3.93896,0.000298606,0.399432,0,275.8337988,7565.4,3911.54,1.93412,0.000118421,0.377127,6,-359.5727757,2740.12,1046.2,2.61912,0.000520368,0.446614
63.721232,1,AUTO,ARMED,5,AVAILABLE,UNAVAILABLE,UNAVAILABLE,41,1,ACTIVE,2,A_N2-A3.NC,A_N2-A3.NC,2059083.502,190601.037,5699.4,3888.4058,100,22.01667,1,100,0,5,100,9000.0,23611.8,8573.54,2.75403,0.000613154,0.952139,0,592.0071062,14042.4,3565.0,3.93896,0.000298606,0.399432,0,275.8337988,7565.4,3911.54,1.93412,0.000118421,0.377127,6,-359.5727871,2740.12,1046.2,2.61912,0.000520368,0.446614
63.868107,1,AUTO,ARMED,5,AVAILABLE,UNAVAILABLE,UNAVAILABLE,41,1,ACTIVE,2,A_N2-A3.NC,A_N2-A3.NC,2059083.502,190601.037,5699.4,3888.4058,100,22.01667,1,100,0,5,100,9000.0,23611.8,8573.54,2.75403,0.000613154,0.952139,1,594.2688526,14042.4,3565.0,3.93896,0.000298606,0.399432,0,275.8337988,7565.4,3911.54,1.93412,0.000118421,0.377127,6,-359.5727757,2740.12,1046.2,2.61912,0.000520368,0.446614
64.018678,1,AUTO,ARMED,5,AVAILABLE,UNAVAILABLE,UNAVAILABLE,41,1,ACTIVE,2,A_N2-A3.NC,A_N2-A3.NC,2059083.502,190601.037,5699.4,3887.9761,100,22.01667,1,100,0,6,100,9000.0,23611.8,8573.54,2.75403,0.000613154,0.952139,1,596.5363926,14042.4,3565.0,3.93896,0.000298606,0.399432,0,275.8337988,7565.4,3911.54,1.93412,0.000118421,0.377127,6,-359.5728329,2740.12,1046.2,2.61912,0.000520368,0.446614
64.166733,1,AUTO,ARMED,5,AVAILABLE,UNAVAILABLE,UNAVAILABLE,41,1,ACTIVE,2,A_N2-A3.NC,A_N2-A3.NC,2059083.502,190601.037,5699.4,3887.9761,100,22.01667,1,100,0,6,100,9000.0,23611.8,8573.54,2.75403,0.000613154,0.952139,1,598.8091825,14042.4,3565.0,3.93896,0.000298606,0.399432,0,275.8337917,7565.4,3911.54,1.93412,0.000118421,0.377127,6,-359.5727757,2740.12,1046.2,2.61912,0.000520368,0.446614
64.305057,1,AUTO,ARMED,5,AVAILABLE,UNAVAILABLE,UNAVAILABLE,41,1,ACTIVE,2,A_N2-A3.NC,A_N2-A3.NC,2059083.502,190601.037,5699.4,3887.9761,100,22.01667,1,100,0,6,100,9000.0,23611.8,8573.54,2.75403,0.000613154,0.952139,1,601.0711007,14042.4,3565.0,3.93896,0.000298606,0.399432,0,275.8338131,7565.4,3911.54,1.93412,0.000118421,0.377127,6,-359.5727871,2740.12,1046.2,2.61912,0.000520368,0.446614
64.451484,1,AUTO,ARMED,5,AVAILABLE,UNAVAILABLE,UNAVAILABLE,41,1,ACTIVE,2,A_N2-A3.NC,A_N2-A3.NC,2059083.502,190601.037,5699.4,3887.9761,100,22.01667,2,100,0,6,100,9000.0,23827.8,8678.7,2.74555,0.000663799,0.973253,1,607.8787917,14642.5,4095.35,3.5754,0.000295495,0.469521,0,275.833806,7397.28,3854.77,1.91899,0.000136216,0.370984,6,-359.57281,2595.9,1058.41,2.45264,0.000353154,0.445379
64.625404,1,AUTO,ARMED,5,AVAILABLE,UNAVAILABLE,UNAVAILABLE,41,1,ACTIVE,2,A_N2-A3.NC,A_N2-A3.NC,2059083.502,190601.037,5699.4,3887.9761,100,22.01667,2,100,0,6,100,9000.0,23827.8,8678.7,2.74555,0.000663799,0.973253,1,610.1405505,14642.5,4095.35,3.5754,0.000295495,0.469521,0,275.8337917,7397.28,3854.77,1.91899,0.000136216,0.370984,6,-359.5727871,2595.9,1058.41,2.45264,0.000353154,0.445379
64.763283,1,AUTO,ARMED,5,AVAILABLE,UNAVAILABLE,UNAVAILABLE,41,1,ACTIVE,2,A_N2-A3.NC,A_N2-A3.NC,2059083.502,190601.037,5699.4,3887.9761,100,22.01667,2,100,0,6,100,9000.0,23827.8,8678.7,2.74555,0.000663799,0.973253,1,614.6808642,14642.5,4095.35,3.5754,0.000295495,0.469521,0,275.833806,7397.28,3854.77,1.91899,0.000136216,0.370984,6,-359.57281,2595.9,1058.41,2.45264,0.000353154,0.445379
64.908613,1,AUTO,ARMED,5,AVAILABLE,UNAVAILABLE,UNAVAILABLE,41,1,ACTIVE,2,A_N2-A3.NC,A_N2-A3.NC,2059083.502,190601.037,5699.4,3887.9761,100,22.01667,2,100,0,6,100,9000.0,23827.8,8678.7,2.74555,0.000663799,0.973253,1,616.9536602,14642.5,4095.35,3.5754,0.000295495,0.469521,0,275.8337988,7397.28,3854.77,1.91899,0.000136216,0.370984,6,-359.57281,2595.9,1058.41,2.45264,0.000353154,0.445379
65.057783,1,AUTO,ARMED,5,AVAILABLE,UNAVAILABLE,UNAVAILABLE,41,1,ACTIVE,2,A_N2-A3.NC,A_N2-A3.NC,2059083.502,190601.037,5699.4,3887.9761,100,22.01667,2,100,0,6,100,9000.0,23827.8,8678.7,2.74555,0.000663799,0.973253,0,621.4829233,14642.5,4095.35,3.5754,0.000295495,0.469521,0,275.8337988,7397.28,3854.77,1.91899,0.000136216,0.370984,6,-359.57281,2595.9,1058.41,2.45264,0.000353154,0.445379
65.231839,1,AUTO,ARMED,5,AVAILABLE,UNAVAILABLE,UNAVAILABLE,41,1,ACTIVE,2,A_N2-A3.NC,A_N2-A3.NC,2059083.502,190601.037,5699.4,3893.708,100,22.01667,2,100,0,6,100,9000.0,23827.8,8678.7,2.74555,0.000663799,0.973253,0,623.7503121,14642.5,4095.35,3.5754,0.000295495,0.469521,0,275.8337917,7397.28,3854.77,1.91899,0.000136216,0.370984,6,-359.57281,2595.9,1058.41,2.45264,0.000353154,0.445379
65.38356,1,AUTO,ARMED,5,AVAILABLE,UNAVAILABLE,UNAVAILABLE,41,1,ACTIVE,2,A_N2-A3.NC,A_N2-A3.NC,2059083.502,190601.037,5699.4,3893.708,100,22.01667,2,100,0,6,100,9000.0,23827.8,8678.7,2.74555,0.000663799,0.973253,0,626.0123866,14642.5,4095.35,3.5754,0.000295495,0.469521,0,275.833806,7397.28,3854.77,1.91899,0.000136216,0.370984,6,-359.5727528,2595.9,1058.41,2.45264,0.000353154,0.445379
65.531787,1,AUTO,ARMED,5,AVAILABLE,UNAVAILABLE,UNAVAILABLE,41,1,ACTIVE,2,A_N2-A3.NC,A_N2-A3.NC,2059083.502,190601.037,5699.4,3893.708,100,22.01667,3,100,0,6,100,9000.0,23131.9,8525.15,2.71337,0.000655424,0.960203,0,629.4132338,16034.8,4175.15,3.84053,0.000284777,0.476289,0,275.8337988,7373.27,3858.86,1.91074,0.000123634,0.373083,6,-359.5728215,2836.26,1080.9,2.62398,0.000391899,0.461739
65.675561,1,AUTO,ARMED,5,AVAILABLE,UNAVAILABLE,UNAVAILABLE,41,1,ACTIVE,2,A_N2-A3.NC,A_N2-A3.NC,2059083.502,190601.037,5699.4,3893.708,100,22.01667,3,100,0,6,100,9000.0,23131.9,8525.15,2.71337,0.000655424,0.960203,0,631.6807227,16034.8,4175.15,3.84053,0.000284777,0.476289,0,275.8337988,7373.27,3858.86,1.91074,0.000123634,0.373083,6,-359.5727871,2836.26,1080.9,2.62398,0.000391899,0.461739
65.816739,1,AUTO,ARMED,5,AVAILABLE,UNAVAILABLE,UNAVAILABLE,41,1,ACTIVE,2,A_N2-A3.NC,A_N2-A3.NC,2059083.502,190601.037,5699.4,3893.708,100,22.01667,3,100,0,6,100,9000.0,23131.9,8525.15,2.71337,0.000655424,0.960203,0,636.2207985,16034.8,4175.15,3.84053,0.000284777,0.476289,0,275.8337988,7373.27,3858.86,1.91074,0.000123634,0.373083,6,-359.5728215,2836.26,1080.9,2.62398,0.000391899,0.461739
65.95887,1,AUTO,ARMED,5,AVAILABLE,UNAVAILABLE,UNAVAILABLE,41,1,ACTIVE,2,A_N2-A3.NC,A_N2-A3.NC,2059083.502,190601.037,5699.4,3893.708,100,22.01667,3,100,0,5,100,9000.0,23131.9,8525.15,2.71337,0.000655424,0.960203,0,638.4827534,16034.8,4175.15,3.84053,0.000284777,0.476289,0,275.8337917,7373.27,3858.86,1.91074,0.000123634,0.373083,6,-359.5727757,2836.26,1080.9,2.62398,0.000391899,0.461739
66.099911,1,AUTO,ARMED,5,AVAILABLE,UNAVAILABLE,UNAVAILABLE,41,1,ACTIVE,2,A_N2-A3.NC,A_N2-A3.NC,2059083.502,190601.037,5699.4,3893.708,100,22.01667,3,100,0,5,100,9000.0,23131.9,8525.15,2.71337,0.000655424,0.960203,0,643.0119773,16034.8,4175.15,3.84053,0.000284777,0.476289,0,275.833806,7373.27,3858.86,1.91074,0.000123634,0.373083,6,-359.5728443,2836.26,1080.9,2.62398,0.000391899,0.461739
66.245269,1,AUTO,ARMED,5,AVAILABLE,UNAVAILABLE,UNAVAILABLE,41,1,ACTIVE,2,A_N2-A3.NC,A_N2-A3.NC,2059083.502,190601.037,5699.4,3741.1941,100,22.01667,3,100,0,5,100,9000.0,23131.9,8525.15,2.71337,0.000655424,0.960203,0,645.2847321,16034.8,4175.15,3.84053,0.000284777,0.476289,0,275.833806,7373.27,3858.86,1.91074,0.000123634,0.373083,6,-359.5727528,2836.26,1080.9,2.62398,0.000391899,0.461739
66.410784,1,AUTO,ARMED,5,AVAILABLE,UNAVAILABLE,UNAVAILABLE,41,1,ACTIVE,2,A_N2-A3.NC,A_N2-A3.NC,2059083.502,190601.037,5699.4,3741.1941,100,22.01667,4,100,0,6,100,9000.0,23131.9,8525.15,2.71337,0.000655424,0.960203,1,649.8145711,16034.8,4175.15,3.84053,0.000284777,0.476289,0,275.8338346,7373.27,3858.86,1.91074,0.000123634,0.373083,6,-359.57281,2836.26,1080.9,2.62398,0.000391899,0.461739
66.569773,1,AUTO,ARMED,5,AVAILABLE,UNAVAILABLE,UNAVAILABLE,41,1,ACTIVE,2,A_N2-A3.NC,A_N2-A3.NC,2059083.502,190601.037,5699.4,3741.1941,100,22.01667,4,100,0,4,100,9000.0,23227.9,588.453,39.4728,0.000325044,0.263511,1,652.0923897,18531.2,209.194,88.5838,0.000185259,0.128877,0,275.833856,7373.27,128.904,57.1997,9.89506e-05,0.0645935,6,-359.5727871,2668.01,632.303,4.21951,0.00024184,0.247558
66.707156,1,AUTO,ARMED,5,AVAILABLE,UNAVAILABLE,UNAVAILABLE,41,1,ACTIVE,2,A_N2-A3.NC,A_N2-A3.NC,2059083.502,190601.037,5699.4,3741.1941,100,22.01667,4,100,0,2,100,9000.0,23227.9,588.453,39.4728,0.000325044,0.263511,0,656.2191496,18531.2,209.194,88.5838,0.000185259,0.128877,0,275.833806,7373.27,128.904,57.1997,9.89506e-05,0.0645935,6,-359.5727986,2668.01,632.303,4.21951,0.00024184,0.247558
66.844163,1,AUTO,ARMED,5,AVAILABLE,UNAVAILABLE,UNAVAILABLE,41,1,ACTIVE,2,A_N2-A3.NC,A_N2-A3.NC,2059083.502,190601.037,5699.4,3741.1941,100,12.31667,4,100,0,2,100,9000.0,23227.9,588.453,39.4728,0.000325044,0.263511,1,656.2361076,18531.2,209.194,88.5838,0.000185259,0.128877,0,275.833806,7373.27,128.904,57.1997,9.89506e-05,0.0645935,6,-359.5727871,2668.01,632.303,4.21951,0.00024184,0.247558
66.990816,1,AUTO,ARMED,5,AVAILABLE,UNAVAILABLE,UNAVAILABLE,42,1,ACTIVE,2,A_N2-A3.NC,A_N2-A3.NC,2059083.502,190601.037,5699.4,3741.1941,100,0.0,4,100,0,3,100,9000.0,23227.9,588.453,39.4728,0.000325044,0.263511,0,656.2371733,18531.2,209.194,88.5838,0.000185259,0.128877,0,275.8337988,7373.27,128.904,57.1997,9.89506e-05,0.0645935,6,-359.5727871,2668.01,632.303,4.21951,0.00024184,0.247558
67.128433,1,AUTO,ARMED,5,AVAILABLE,UNAVAILABLE,UNAVAILABLE,42,1,ACTIVE,2,A_N2-A3.NC,A_N2-A3.NC,2059083.502,190601.037,5699.4,3741.1941,100,0.0,4,100,0,3,100,9000.0,23227.9,588.453,39.4728,0.000325044,0.263511,0,656.237159,18531.2,209.194,88.5838,0.000185259,0.128877,0,275.8337988,7373.27,128.904,57.1997,9.89506e-05,0.0645935,6,-359.5727871,2668.01,632.303,4.21951,0.00024184,0.247558
67.273559,1,AUTO,ARMED,5,AVAILABLE,UNAVAILABLE,UNAVAILABLE,42,1,ACTIVE,2,A_N2-A3.NC,A_N2-A3.NC,2059083.502,190601.037,5699.4,3741.1941,100,0.0,4,100,0,3,100,9000.0,23227.9,588.453,39.4728,0.000325044,0.263511,0,656.2371375,18531.2,209.194,88.5838,0.000185259,0.128877,0,275.833806,7373.27,128.904,57.1997,9.89506e-05,0.0645935,6,-359.57281,2668.01,632.303,4.21951,0.00024184,0.247558
67.413193,1,AUTO,ARMED,5,AVAILABLE,UNAVAILABLE,UNAVAILABLE,42,1,ACTIVE,2,A_N2-A3.NC,A_N2-A3.NC,2059083.502,190601.037,5699.4,3434.4104,100,0.0,4,100,0,3,100,9000.0,23227.9,588.453,39.4728,0.000325044,0.263511,0,656.2371304,18531.2,209.194,88.5838,0.000185259,0.128877,0,275.8337988,7373.27,128.904,57.1997,9.89506e-05,0.0645935,6,-359.57281,2668.01,632.303,4.21951,0.00024184,0.247558
67.552856,1,AUTO,ARMED,5,AVAILABLE,UNAVAILABLE,UNAVAILABLE,42,1,ACTIVE,2,A_N2-A3.NC,A_N2-A3.NC,2059083.502,190601.037,5699.4,3434.4104,100,0.0,5,100,0,3,100,9000.0,5351.05,584.071,9.16164,0.000332046,0.253393,0,656.2371089,6841.18,189.725,36.0584,0.000222805,0.115927,0,275.8337988,2353.68,138.921,16.9426,0.000123035,0.0761052,6,-359.57281,1802.71,600.9,3.00002,0.000304024,0.267968
67.716849,1,AUTO,ARMED,5,AVAILABLE,UNAVAILABLE,UNAVAILABLE,42,1,ACTIVE,2,A_N2-A3.NC,A_N2-A3.NC,2059083.502,190601.037,5699.4,3434.4104,100,0.0,5,100,0,3,100,9000.0,5351.05,584.071,9.16164,0.000332046,0.253393,0,656.2371089,6841.18,189.725,36.0584,0.000222805,0.115927,0,275.8337988,2353.68,138.921,16.9426,0.000123035,0.0761052,6,-359.57281,1802.71,600.9,3.00002,0.000304024,0.267968
67.862972,1,AUTO,ARMED,5,AVAILABLE,UNAVAILABLE,UNAVAILABLE,44,1,ACTIVE,2,A_N2-A3.NC,A_N2-A3.NC,2059083.502,190601.037,5699.4,3434.4104,100,17.5,5,100,0,3,100,9000.0,5351.05,584.071,9.16164,0.000332046,0.253393,0,655.286809,6841.18,189.725,36.0584,0.000222805,0.115927,0,276.1512172,2353.68,138.921,16.9426,0.000123035,0.0761052,6,-359.57281,1802.71,600.9,3.00002,0.000304024,0.267968
68.039783,1,AUTO,ARMED,5,AVAILABLE,UNAVAILABLE,UNAVAILABLE,44,1,ACTIVE,2,A_N2-A3.NC,A_N2-A3.NC,2059083.502,190601.037,5699.4,3434.4104,100,19.76667,5,100,0,3,100,9000.0,5351.05,584.071,9.16164,0.000332046,0.253393,0,653.0220466,6841.18,189.725,36.0584,0.000222805,0.115927,0,276.1512816,2353.68,138.921,16.9426,0.000123035,0.0761052,6,-359.5727871,1802.71,600.9,3.00002,0.000304024,0.267968
68.176971,1,AUTO,ARMED,5,AVAILABLE,UNAVAILABLE,UNAVAILABLE,44,1,ACTIVE,2,A_N2-A3.NC,A_N2-A3.NC,2059083.502,190601.037,5699.4,3434.4104,100,19.76667,5,100,0,3,100,9000.0,5351.05,584.071,9.16164,0.000332046,0.253393,0,650.7602595,6841.18,189.725,36.0584,0.000222805,0.115927,0,276.151253,2353.68,138.921,16.9426,0.000123035,0.0761052,6,-359.57281,1802.71,600.9,3.00002,0.000304024,0.267968
68.33033,1,AUTO,ARMED,5,AVAILABLE,UNAVAILABLE,UNAVAILABLE,44,1,ACTIVE,2,A_N2-A3.NC,A_N2-A3.NC,2059083.502,190601.037,5699.4,3434.4104,100,22.01667,5,100,0,3,100,9000.0,5351.05,584.071,9.16164,0.000332046,0.253393,0,648.4930367,6841.18,189.725,36.0584,0.000222805,0.115927,0,276.1512244,2353.68,138.921,16.9426,0.000123035,0.0761052,6,-359.57281,1802.71,600.9,3.00002,0.000304024,0.267968
68.474606,1,AUTO,ARMED,5,AVAILABLE,UNAVAILABLE,UNAVAILABLE,44,1,ACTIVE,2,A_N2-A3.NC,A_N2-A3.NC,2059083.502,190601.037,5699.4,3786.5327,100,22.01667,6,100,0,6,100,9000.0,5351.05,584.071,9.16164,0.000332046,0.253393,0,643.9529552,6841.18,189.725,36.0584,0.000222805,0.115927,0,276.1513102,2353.68,138.921,16.9426,0.000123035,0.0761052,6,-359.5727986,1802.71,600.9,3.00002,0.000304024,0.267968
68.637615,1,AUTO,ARMED,5,AVAILABLE,UNAVAILABLE,UNAVAILABLE,44,1,ACTIVE,2,A_N2-A3.NC,A_N2-A3.NC,2059083.502,190601.037,5699.4,3786.5327,100,22.01667,6,100,0,6,100,9000.0,5255.07,1454.91,3.61196,0.000709828,0.652733,0,639.4181734,7201.24,541.281,13.3041,0.000233093,0.22212,0,276.1513174,2617.87,863.892,3.03032,0.000131872,0.151177,6,-359.5727986,2571.86,854.741,3.00893,0.000362577,0.406598
68.7954,1,AUTO,ARMED,5,AVAILABLE,UNAVAILABLE,UNAVAILABLE,44,1,ACTIVE,2,A_N2-A3.NC,A_N2-A3.NC,2059083.502,190601.037,5699.4,3786.5327,100,22.01667,6,100,0,6,100,9000.0,5255.07,1454.91,3.61196,0.000709828,0.652733,0,639.4181734,7201.24,541.281,13.3041,0.000233093,0.22212,0,276.1513174,2617.87,863.892,3.03032,0.000131872,0.151177,6,-359.5727986,2571.86,854.741,3.00893,0.000362577,0.406598
68.976866,1,AUTO,ARMED,5,AVAILABLE,UNAVAILABLE,UNAVAILABLE,44,1,ACTIVE,2,A_N2-A3.NC,A_N2-A3.NC,2059083.502,190601.037,5699.4,3786.5327,100,22.01667,6,100,0,5,100,9000.0,5255.07,1454.91,3.61196,0.000709828,0.652733,0,630.3486027,7201.24,541.281,13.3041,0.000233093,0.22212,0,276.1513031,2617.87,863.892,3.03032,0.000131872,0.151177,6,-359.5728215,2571.86,854.741,3.00893,0.000362577,0.406598
69.117355,1,AUTO,ARMED,5,AVAILABLE,UNAVAILABLE,UNAVAILABLE,44,1,ACTIVE,2,A_N2-A3.NC,A_N2-A3.NC,2059083.502,190601.037,5699.4,3786.5327,100,22.01667,6,100,0,5,100,9000.0,5255.07,1454.91,3.61196,0.000709828,0.652733,0,628.0811557,7201.24,541.281,13.3041,0.000233093,0.22212,0,276.1513031,2617.87,863.892,3.03032,0.000131872,0.151177,6,-359.5727986,2571.86,854.741,3.00893,0.000362577,0.406598
69.25641,1,AUTO,ARMED,5,AVAILABLE,UNAVAILABLE,UNAVAILABLE,44,1,ACTIVE,2,A_N2-A3.NC,A_N2-A3.NC,2059083.502,190601.037,5699.4,3786.5327,100,22.01667,6,100,0,5,100,9000.0,5255.07,1454.91,3.61196,0.000709828,0.652733,0,625.8084947,7201.24,541.281,13.3041,0.000233093,0.22212,0,276.1513031,2617.87,863.892,3.03032,0.000131872,0.151177,6,-359.5727871,2571.86,854.741,3.00893,0.000362577,0.406598
69.402141,1,AUTO,ARMED,5,AVAILABLE,UNAVAILABLE,UNAVAILABLE,44,1,ACTIVE,2,A_N2-A3.NC,A_N2-A3.NC,2059083.502,190601.037,5699.4,3786.5327,100,22.01667,6,100,0,5,100,9000.0,5255.07,1454.91,3.61196,0.000709828,0.652733,0,624.6745244,7201.24,541.281,13.3041,0.000233093,0.22212,0,276.1513102,2617.87,863.892,3.03032,0.000131872,0.151177,6,-359.5727986,2571.86,854.741,3.00893,0.000362577,0.406598
69.549249,1,AUTO,ARMED,5,AVAILABLE,UNAVAILABLE,UNAVAILABLE,44,1,ACTIVE,2,A_N2-A3.NC,A_N2-A3.NC,2059083.502,190601.037,5699.4,3773.2803,100,22.01667,7,100,0,5,100,9000.0,5255.07,1454.91,3.61196,0.000709828,0.652733,0,617.8779413,7201.24,541.281,13.3041,0.000233093,0.22212,0,276.1513031,2617.87,863.892,3.03032,0.000131872,0.151177,6,-359.57281,2571.86,854.741,3.00893,0.000362577,0.406598
69.691698,1,AUTO,ARMED,5,AVAILABLE,UNAVAILABLE,UNAVAILABLE,44,1,ACTIVE,2,A_N2-A3.NC,A_N2-A3.NC,2059083.502,190601.037,5699.4,3773.2803,100,22.01667,7,100,0,5,100,9000.0,5015.11,1142.85,4.38825,0.000717651,0.647445,0,615.6107876,7729.33,434.367,17.7945,0.000228462,0.207398,0,276.1513031,2401.72,856.192,2.80512,0.000123858,0.149519,6,-359.5728215,2211.32,699.304,3.16217,0.000360972,0.361
69.848173,1,AUTO,ARMED,5,AVAILABLE,UNAVAILABLE,UNAVAILABLE,44,1,ACTIVE,2,A_N2-A3.NC,A_N2-A3.NC,2059083.502,190601.037,5699.4,3773.2803,100,22.01667,7,100,0,5,100,9000.0,5015.11,1142.85,4.38825,0.000717651,0.647445,0,613.3432548,7729.33,434.367,17.7945,0.000228462,0.207398,0,276.1513031,2401.72,856.192,2.80512,0.000123858,0.149519,6,-359.5727642,2211.32,699.304,3.16217,0.000360972,0.361
69.986905,1,AUTO,ARMED,5,AVAILABLE,UNAVAILABLE,UNAVAILABLE,44,1,ACTIVE,2,A_N2-A3.NC,A_N2-A3.NC,2059083.502,190601.037,5699.4,3773.2803,100,22.01667,7,100,0,5,100,9000.0,5015.11,1142.85,4.38825,0.000717651,0.647445,0,608.8085494,7729.33,434.367,17.7945,0.000228462,0.207398,0,276.1513031,2401.72,856.192,2.80512,0.000123858,0.149519,6,-359.5727986,2211.32,699.304,3.16217,0.000360972,0.361
70.125589,1,AUTO,ARMED,5,AVAILABLE,UNAVAILABLE,UNAVAILABLE,44,1,ACTIVE,2,A_N2-A3.NC,A_N2-A3.NC,2059083.502,190601.037,5699.4,3773.2803,100,22.01667,7,100,0,5,100,9000.0,5015.11,1142.85,4.38825,0.000717651,0.647445,0,606.5410709,7729.33,434.367,17.7945,0.000228462,0.207398,0,276.1513031,2401.72,856.192,2.80512,0.000123858,0.149519,6,-359.5727871,2211.32,699.304,3.16217,0.000360972,0.361
70.284348,1,AUTO,ARMED,5,AVAILABLE,UNAVAILABLE,UNAVAILABLE,44,1,ACTIVE,2,A_N2-A3.NC,A_N2-A3.NC,2059083.502,190601.037,5699.4,3773.2803,100,22.01667,7,100,0,5,100,9000.0,5015.11,1142.85,4.38825,0.000717651,0.647445,0,604.2792787,7729.33,434.367,17.7945,0.000228462,0.207398,0,276.1513031,2401.72,856.192,2.80512,0.000123858,0.149519,6,-359.5727986,2211.32,699.304,3.16217,0.000360972,0.361
70.437224,1,AUTO,ARMED,5,AVAILABLE,UNAVAILABLE,UNAVAILABLE,44,1,ACTIVE,2,A_N2-A3.NC,A_N2-A3.NC,2059083.502,190601.037,5699.4,3773.2803,100,22.01667,7,100,0,5,100,9000.0,5015.11,1142.85,4.38825,0.000717651,0.647445,0,599.7391862,7729.33,434.367,17.7945,0.000228462,0.207398,0,276.1513031,2401.72,856.192,2.80512,0.000123858,0.149519,6,-359.5727871,2211.32,699.304,3.16217,0.000360972,0.361
70.592979,1,AUTO,ARMED,5,AVAILABLE,UNAVAILABLE,UNAVAILABLE,44,1,ACTIVE,2,A_N2-A3.NC,A_N2-A3.NC,2059083.502,190601.037,5699.4,3758.0176,100,22.01667,8,100,0,5,100,9000.0,5015.11,1142.85,4.38825,0.000717651,0.647445,0,597.4770364,7729.33,434.367,17.7945,0.000228462,0.207398,0,276.1512959,2401.72,856.192,2.80512,0.000123858,0.149519,6,-359.57281,2211.32,699.304,3.16217,0.000360972,0.361
70.728752,1,AUTO,ARMED,5,AVAILABLE,UNAVAILABLE,UNAVAILABLE,44,1,ACTIVE,2,A_N2-A3.NC,A_N2-A3.NC,2059083.502,190601.037,5699.4,3758.0176,100,22.01667,8,100,0,5,100,9000.0,5207.08,1131.64,4.60136,0.000715315,0.652216,0,592.9371155,7009.21,406.542,17.241,0.000323853,0.232713,0,276.1513031,2593.85,713.149,3.63718,0.000128306,0.131588,6,-359.5727642,2115.18,819.805,2.5801,0.000391881,0.399328
70.889955,1,AUTO,ARMED,5,AVAILABLE,UNAVAILABLE,UNAVAILABLE,44,1,ACTIVE,2,A_N2-A3.NC,A_N2-A3.NC,2059083.502,190601.037,5699.4,3758.0176,100,22.01667,8,100,0,5,100,9000.0,5207.08,1131.64,4.60136,0.000715315,0.652216,0,588.4076088,7009.21,406.542,17.241,0.000323853,0.232713,0,276.1512959,2593.85,713.149,3.63718,0.000128306,0.131588,6,-359.5727871,2115.18,819.805,2.5801,0.000391881,0.399328
71.03285,1,AUTO,ARMED,5,AVAILABLE,UNAVAILABLE,UNAVAILABLE,44,1,ACTIVE,2,A_N2-A3.NC,A_N2-A3.NC,2059083.502,190601.037,5699.4,3758.0176,100,22.01667,8,100,0,5,100,9000.0,5207.08,1131.64,4.60136,0.000715315,0.652216,0,586.1347945,7009.21,406.542,17.241,0.000323853,0.232713,0,276.1512959,2593.85,713.149,3.63718,0.000128306,0.131588,6,-359.5727986,2115.18,819.805,2.5801,0.000391881,0.399328
71.174371,1,AUTO,ARMED,5,AVAILABLE,UNAVAILABLE,UNAVAILABLE,44,1,ACTIVE,2,A_N2-A3.NC,A_N2-A3.NC,2059083.502,190601.037,5699.4,3758.0176,100,22.01667,8,100,0,5,100,9000.0,5207.08,1131.64,4.60136,0.000715315,0.652216,0,583.8674041,7009.21,406.542,17.241,0.000323853,0.232713,0,276.1513031,2593.85,713.149,3.63718,0.000128306,0.131588,6,-359.5728329,2115.18,819.805,2.5801,0.000391881,0.399328
71.334898,1,AUTO,ARMED,5,AVAILABLE,UNAVAILABLE,UNAVAILABLE,44,1,ACTIVE,2,A_N2-A3.NC,A_N2-A3.NC,2059083.502,190601.037,5699.4,3758.0176,100,22.01667,8,100,0,5,100,9000.0,5207.08,1131.64,4.60136,0.000715315,0.652216,0,580.4717918,7009.21,406.542,17.241,0.000323853,0.232713,0,276.1513031,2593.85,713.149,3.63718,0.000128306,0.131588,6,-359.5727642,2115.18,819.805,2.5801,0.000391881,0.399328
71.488733,1,AUTO,ARMED,5,AVAILABLE,UNAVAILABLE,UNAVAILABLE,44,1,ACTIVE,2,A_N2-A3.NC,A_N2-A3.NC,2059083.502,190601.037,5699.4,3758.0176,100,22.01667,9,100,0,5,100,9000.0,5207.08,1131.64,4.60136,0.000715315,0.652216,0,578.198814,7009.21,406.542,17.241,0.000323853,0.232713,0,276.1512959,2593.85,713.149,3.63718,0.000128306,0.131588,6,-359.5728215,2115.18,819.805,2.5801,0.000391881,0.399328
71.638585,1,AUTO,ARMED,5,AVAILABLE,UNAVAILABLE,UNAVAILABLE,44,1,ACTIVE,2,A_N2-A3.NC,A_N2-A3.NC,2059443.982,190601.037,5699.4,3760.1128,100,22.01667,9,100,0,5,100,9000.0,5207.08,1131.64,4.60136,0.000715315,0.652216,0,573.6696454,7009.21,406.542,17.241,0.000323853,0.232713,0,276.1512959,2593.85,713.149,3.63718,0.000128306,0.131588,6,-359.5727757,2115.18,819.805,2.5801,0.000391881,0.399328
71.792391,1,AUTO,ARMED,5,AVAILABLE,UNAVAILABLE,UNAVAILABLE,44,1,ACTIVE,2,A_N2-A3.NC,A_N2-A3.NC,2059443.982,190601.037,5699.4,3760.1128,100,22.01667,9,100,0,5,100,9000.0,5183.08,1160.57,4.46598,0.000711527,0.658148,0,569.124083,7489.29,477.818,15.6739,0.000233059,0.200335,0,276.1512959,2377.7,848.146,2.80341,0.000137179,0.152615,6,-359.5727986,2283.43,702.204,3.2518,0.000327852,0.362548
71.956364,1,AUTO,ARMED,5,AVAILABLE,UNAVAILABLE,UNAVAILABLE,44,1,ACTIVE,2,A_N2-A3.NC,A_N2-A3.NC,2059443.982,190601.037,5699.4,3760.1128,100,22.01667,9,100,0,5,100,9000.0,5183.08,1160.57,4.46598,0.000711527,0.658148,0,566.8676491,7489.29,477.818,15.6739,0.000233059,0.200335,0,276.1513031,2377.7,848.146,2.80341,0.000137179,0.152615,6,-359.5727986,2283.43,702.204,3.2518,0.000327852,0.362548
72.112497,1,AUTO,ARMED,5,AVAILABLE,UNAVAILABLE,UNAVAILABLE,44,1,ACTIVE,2,A_N2-A3.NC,A_N2-A3.NC,2059443.982,190601.037,5699.4,3760.1128,100,22.01667,9,100,0,5,100,9000.0,5183.08,1160.57,4.46598,0.000711527,0.658148,0,562.3272724,7489.29,477.818,15.6739,0.000233059,0.200335,0,276.1512959,2377.7,848.146,2.80341,0.000137179,0.152615,6,-359.5727986,2283.43,702.204,3.2518,0.000327852,0.362548
72.24886,1,AUTO,ARMED,5,AVAILABLE,UNAVAILABLE,UNAVAILABLE,44,1,ACTIVE,2,A_N2-A3.NC,A_N2-A3.NC,2059443.982,190601.037,5699.4,3760.1128,100,22.01667,9,100,0,5,100,9000.0,5183.08,1160.57,4.46598,0.000711527,0.658148,0,560.0600666,7489.29,477.818,15.6739,0.000233059,0.200335,0,276.1513102,2377.7,848.146,2.80341,0.000137179,0.152615,6,-359.5727757,2283.43,702.204,3.2518,0.000327852,0.362548
72.389607,1,AUTO,ARMED,5,AVAILABLE,UNAVAILABLE,UNAVAILABLE,44,1,ACTIVE,2,A_N2-A3.NC,A_N2-A3.NC,2059443.982,190601.037,5699.4,3760.1128,100,22.01667,9,100,0,5,100,9000.0,5183.08,1160.57,4.46598,0.000711527,0.658148,0,557.7872868,7489.29,477.818,15.6739,0.000233059,0.200335,0,276.1512959,2377.7,848.146,2.80341,0.000137179,0.152615,6,-359.57281,2283.43,702.204,3.2518,0.000327852,0.362548
72.53203,1,AUTO,ARMED,5,AVAILABLE,UNAVAILABLE,UNAVAILABLE,44,1,ACTIVE,2,A_N2-A3.NC,A_N2-A3.NC,2059443.982,190601.037,5699.4,3760.1128,100,22.01667,10,100,0,6,100,9000.0,5183.08,1160.57,4.46598,0.000711527,0.658148,0,553.2580464,7489.29,477.818,15.6739,0.000233059,0.200335,0,276.1513031,2377.7,848.146,2.80341,0.000137179,0.152615,6,-359.5727757,2283.43,702.204,3.2518,0.000327852,0.362548
72.668523,1,AUTO,ARMED,5,AVAILABLE,UNAVAILABLE,UNAVAILABLE,44,1,ACTIVE,2,A_N2-A3.NC,A_N2-A3.NC,2059443.982,190601.037,5699.4,3760.1128,100,22.01667,10,100,0,6,100,9000.0,5183.08,1160.57,4.46598,0.000711527,0.658148,0,550.9960404,7489.29,477.818,15.6739,0.000233059,0.200335,0,276.1512959,2377.7,848.146,2.80341,0.000137179,0.152615,6,-359.5728329,2283.43,702.204,3.2518,0.000327852,0.362548
72.81,1,AUTO,ARMED,5,AVAILABLE,UNAVAILABLE,UNAVAILABLE,44,1,ACTIVE,2,A_N2-A3.NC,A_N2-A3.NC,2059443.982,190601.037,5699.4,3677.2432,100,22.01667,10,100,0,5,100,9000.0,5183.08,1160.57,4.46598,0.000711527,0.658148,0,546.4502707,7489.29,477.818,15.6739,0.000233059,0.200335,0,276.1513031,2377.7,848.146,2.80341,0.000137179,0.152615,6,-359.5727986,2283.43,702.204,3.2518,0.000327852,0.362548
72.947377,1,AUTO,ARMED,5,AVAILABLE,UNAVAILABLE,UNAVAILABLE,44,1,ACTIVE,2,A_N2-A3.NC,A_N2-A3.NC,2059443.982,190601.037,5699.4,3677.2432,100,22.01667,10,100,0,5,100,9000.0,6190.9,564.297,10.971,0.000305316,0.233367,0,544.194001,7225.24,119.396,60.5149,0.00017757,0.113285,0,276.1513174,4203.0,163.35,25.73,0.000123326,0.0813484,6,-359.5728215,2163.25,603.108,3.58684,0.00031631,0.24313
73.084598,1,AUTO,ARMED,5,AVAILABLE,UNAVAILABLE,UNAVAILABLE,44,1,ACTIVE,2,A_N2-A3.NC,A_N2-A3.NC,2059443.982,190601.037,5699.4,3677.2432,100,22.01667,10,100,0,5,100,9000.0,6190.9,564.297,10.971,0.000305316,0.233367,0,541.9211448,7225.24,119.396,60.5149,0.00017757,0.113285,0,276.1513817,4203.0,163.35,25.73,0.000123326,0.0813484,6,-359.5727871,2163.25,603.108,3.58684,0.00031631,0.24313
73.22103,1,AUTO,ARMED,5,AVAILABLE,UNAVAILABLE,UNAVAILABLE,44,1,ACTIVE,2,A_N2-A3.NC,A_N2-A3.NC,2059443.982,190601.037,5699.4,3677.2432,100,22.01667,10,100,0,4,100,9000.0,6190.9,564.297,10.971,0.000305316,0.233367,0,539.6535671,7225.24,119.396,60.5149,0.00017757,0.113285,0,276.1513388,4203.0,163.35,25.73,0.000123326,0.0813484,6,-359.5727871,2163.25,603.108,3.58684,0.00031631,0.24313
73.362965,1,AUTO,ARMED,5,AVAILABLE,UNAVAILABLE,UNAVAILABLE,45,1,ACTIVE,2,A_N2-A3.NC,A_N2-A3.NC,2059443.982,190601.037,5699.4,3677.2432,100,11.0,11,100,0,3,100,9000.0,6190.9,564.297,10.971,0.000305316,0.233367,0,536.8673865,7225.24,119.396,60.5149,0.00017757,0.113285,0,276.1513102,4203.0,163.35,25.73,0.000123326,0.0813484,6,-359.5727986,2163.25,603.108,3.58684,0.00031631,0.24313
73.503258,1,AUTO,ARMED,5,AVAILABLE,UNAVAILABLE,UNAVAILABLE,45,1,ACTIVE,2,A_N2-A3.NC,A_N2-A3.NC,2059443.982,190601.037,5699.4,3677.2432,100,0.0,11,100,0,3,100,9000.0,6190.9,564.297,10.971,0.000305316,0.233367,0,536.8570226,7225.24,119.396,60.5149,0.00017757,0.113285,0,276.1512959,4203.0,163.35,25.73,0.000123326,0.0813484,6,-359.5728215,2163.25,603.108,3.58684,0.00031631,0.24313
73.644712,1,AUTO,ARMED,5,AVAILABLE,UNAVAILABLE,UNAVAILABLE,45,1,ACTIVE,2,A_N2-A3.NC,A_N2-A3.NC,2059443.982,190601.037,5699.4,3677.2432,100,0.0,11,100,0,3,100,9000.0,6190.9,564.297,10.971,0.000305316,0.233367,0,536.8570226,7225.24,119.396,60.5149,0.00017757,0.113285,0,276.1512959,4203.0,163.35,25.73,0.000123326,0.0813484,6,-359.5727986,2163.25,603.108,3.58684,0.00031631,0.24313
73.793909,1,AUTO,ARMED,5,AVAILABLE,UNAVAILABLE,UNAVAILABLE,45,1,ACTIVE,2,A_N2-A3.NC,A_N2-A3.NC,2059443.982,190601.037,5699.4,3431.4829,100,0.0,11,100,0,3,100,9000.0,3743.34,580.334,6.45032,0.000334181,0.267751,0,536.8570369,936.16,110.681,8.45818,0.000183805,0.119198,0,276.1513031,768.548,124.742,6.1611,0.000105783,0.0700219,6,-359.5727986,1850.78,583.401,3.1724,0.000231721,0.234652
73.975449,1,AUTO,ARMED,5,AVAILABLE,UNAVAILABLE,UNAVAILABLE,45,1,ACTIVE,2,A_N2-A3.NC,A_N2-A3.NC,2059443.982,190601.037,5699.4,3431.4829,100,0.0,11,100,0,3,100,9000.0,3743.34,580.334,6.45032,0.000334181,0.267751,0,536.8570726,936.16,110.681,8.45818,0.000183805,0.119198,0,276.1512959,768.548,124.742,6.1611,0.000105783,0.0700219,6,-359.5727986,1850.78,583.401,3.1724,0.000231721,0.234652
74.154915,1,AUTO,ARMED,5,AVAILABLE,UNAVAILABLE,UNAVAILABLE,45,1,ACTIVE,2,A_N2-A3.NC,A_N2-A3.NC,2059443.982,190601.037,5699.4,3431.4829,100,0.0,11,100,0,3,100,9000.0,3743.34,580.334,6.45032,0.000334181,0.267751,0,536.857087,936.16,110.681,8.45818,0.000183805,0.119198,0,276.1512959,768.548,124.742,6.1611,0.000105783,0.0700219,6,-359.5728215,1850.78,583.401,3.1724,0.000231721,0.234652
74.31065,1,AUTO,ARMED,5,AVAILABLE,UNAVAILABLE,UNAVAILABLE,45,1,ACTIVE,2,A_N2-A3.NC,A_N2-A3.NC,2059443.982,190601.037,5699.4,3431.4829,100,0.0,11,100,0,3,100,9000.0,3743.34,580.334,6.45032,0.000334181,0.267751,0,536.857087,936.16,110.681,8.45818,0.000183805,0.119198,0,276.1512959,768.548,124.742,6.1611,0.000105783,0.0700219,6,-359.5727986,1850.78,583.401,3.1724,0.000231721,0.234652
74.467413,1,AUTO,ARMED,5,AVAILABLE,UNAVAILABLE,UNAVAILABLE,48,1,ACTIVE,2,A_N2-A3.NC,A_N2-A3.NC,2059443.982,190601.037,5699.4,3431.4829,100,0.0,12,100,0,3,100,9034.779614,3743.34,580.334,6.45032,0.000334181,0.267751,0,536.8570941,936.16,110.681,8.45818,0.000183805,0.119198,0,276.1512959,768.548,124.742,6.1611,0.000105783,0.0700219,6,-359.5727986,1850.78,583.401,3.1724,0.000231721,0.234652
74.630732,1,AUTO,ARMED,5,AVAILABLE,UNAVAILABLE,UNAVAILABLE,48,1,ACTIVE,2,A_N2-A3.NC,A_N2-A3.NC,2059443.982,190601.037,5699.4,3431.4829,100,0.0,12,100,0,38,100,9376.666667,3743.34,580.334,6.45032,0.000334181,0.267751,0,536.8570941,936.16,110.681,8.45818,0.000183805,0.119198,0,276.1513031,768.548,124.742,6.1611,0.000105783,0.0700219,6,-359.5727871,1850.78,583.401,3.1724,0.000231721,0.234652
74.776695,1,AUTO,ARMED,5,AVAILABLE,UNAVAILABLE,UNAVAILABLE,48,1,ACTIVE,2,A_N2-A3.NC,A_N2-A3.NC,2059443.982,190601.037,5699.4,10814.3203,100,0.0,12,100,0,56,100,9718.333333,3743.34,580.334,6.45032,0.000334181,0.267751,0,536.8570941,936.16,110.681,8.45818,0.000183805,0.119198,0,276.1512959,768.548,124.742,6.1611,0.000105783,0.0700219,6,-359.5727986,1850.78,583.401,3.1724,0.000231721,0.234652
74.95766,1,AUTO,ARMED,5,AVAILABLE,UNAVAILABLE,UNAVAILABLE,48,1,ACTIVE,2,A_N2-A3.NC,A_N2-A3.NC,2059443.982,190601.037,5699.4,10814.3203,100,0.0,12,100,0,56,100,10000.0,4127.27,651.974,6.33042,0.000505154,0.399213,0,536.8571013,912.157,116.267,7.84536,0.000193153,0.105693,0,276.1513031,672.483,130.485,5.15372,0.000152682,0.105333,6,-359.57281,2547.83,954.541,2.66917,0.000236844,0.314654
75.129929,1,AUTO,ARMED,5,AVAILABLE,UNAVAILABLE,UNAVAILABLE,48,1,ACTIVE,2,A_N2-A3.NC,A_N2-A3.NC,2059443.982,190601.037,5699.4,10814.3203,100,0.0,12,100,0,53,100,10000.0,4127.27,651.974,6.33042,0.000505154,0.399213,0,536.8570941,912.157,116.267,7.84536,0.000193153,0.105693,0,276.1512959,672.483,130.485,5.15372,0.000152682,0.105333,6,-359.5727986,2547.83,954.541,2.66917,0.000236844,0.314654
75.271902,1,AUTO,ARMED,5,AVAILABLE,UNAVAILABLE,UNAVAILABLE,48,1,ACTIVE,2,A_N2-A3.NC,A_N2-A3.NC,2059443.982,190601.037,5699.4,10814.3203,100,0.0,12,100,0,55,100,10000.0,4127.27,651.974,6.33042,0.000505154,0.399213,0,536.8570941,912.157,116.267,7.84536,0.000193153,0.105693,0,276.1512959,672.483,130.485,5.15372,0.000152682,0.105333,6,-359.5727986,2547.83,954.541,2.66917,0.000236844,0.314654
75.420115,1,AUTO,ARMED,5,AVAILABLE,UNAVAILABLE,UNAVAILABLE,48,1,ACTIVE,2,A_N2-A3.NC,A_N2-A3.NC,2059443.982,190601.037,5699.4,10814.3203,100,0.0,12,100,0,51,100,10000.0,4127.27,651.974,6.33042,0.000505154,0.399213,0,536.8571013,912.157,116.267,7.84536,0.000193153,0.105693,0,276.1512959,672.483,130.485,5.15372,0.000152682,0.105333,6,-359.5727871,2547.83,954.541,2.66917,0.000236844,0.314654
75.598594,1,AUTO,ARMED,5,AVAILABLE,UNAVAILABLE,UNAVAILABLE,49,1,ACTIVE,2,A_N2-A3.NC,A_N2-A3.NC,2059443.982,190601.037,5699.4,10814.3203,100,0.0,13,100,0,19,100,10000.0,4127.27,651.974,6.33042,0.000505154,0.399213,0,536.8570941,912.157,116.267,7.84536,0.000193153,0.105693,0,276.4688145,672.483,130.485,5.15372,0.000152682,0.105333,6,-359.5727986,2547.83,954.541,2.66917,0.000236844,0.314654
75.748369,1,AUTO,ARMED,5,AVAILABLE,UNAVAILABLE,UNAVAILABLE,49,1,ACTIVE,2,A_N2-A3.NC,A_N2-A3.NC,2059443.982,190601.037,5699.4,10814.3203,100,0.0,13,100,0,5,100,10000.0,4127.27,651.974,6.33042,0.000505154,0.399213,0,536.8570941,912.157,116.267,7.84536,0.000193153,0.105693,0,276.4688002,672.483,130.485,5.15372,0.000152682,0.105333,6,-359.5727986,2547.83,954.541,2.66917,0.000236844,0.314654
75.886305,1,AUTO,ARMED,5,AVAILABLE,UNAVAILABLE,UNAVAILABLE,49,1,ACTIVE,2,A_N2-A3.NC,A_N2-A3.NC,2059443.982,190601.037,5699.4,3973.8647,100,0.0,13,100,0,18,100,10000.0,4127.27,651.974,6.33042,0.000505154,0.399213,0,536.8571013,912.157,116.267,7.84536,0.000193153,0.105693,0,276.4688002,672.483,130.485,5.15372,0.000152682,0.105333,6,-359.5727986,2547.83,954.541,2.66917,0.000236844,0.314654
76.039897,1,AUTO,ARMED,5,AVAILABLE,UNAVAILABLE,UNAVAILABLE,49,1,ACTIVE,2,A_N2-A3.NC,A_N2-A3.NC,2059443.982,190601.037,5699.4,3973.8647,100,0.0,13,100,0,11,100,10000.0,4415.22,636.486,6.93687,0.000478878,0.406604,0,536.8571013,984.168,280.818,3.50465,0.000144388,0.0902752,0,276.4688073,720.514,113.445,6.35122,0.000125593,0.096857,6,-359.57281,1995.0,799.206,2.49623,0.000253108,0.30943
76.193038,1,AUTO,ARMED,5,AVAILABLE,UNAVAILABLE,UNAVAILABLE,49,1,ACTIVE,2,A_N2-A3.NC,A_N2-A3.NC,2059443.982,190601.037,5699.4,3973.8647,100,0.0,13,100,0,3,100,10000.0,4415.22,636.486,6.93687,0.000478878,0.406604,0,536.8571013,984.168,280.818,3.50465,0.000144388,0.0902752,0,276.4688002,720.514,113.445,6.35122,0.000125593,0.096857,6,-359.5727986,1995.0,799.206,2.49623,0.000253108,0.30943
76.333504,1,AUTO,ARMED,5,AVAILABLE,UNAVAILABLE,UNAVAILABLE,49,1,ACTIVE,2,A_N2-A3.NC,A_N2-A3.NC,2059443.982,190601.037,5699.4,3973.8647,100,0.0,13,100,0,0,100,10000.0,4415.22,636.486,6.93687,0.000478878,0.406604,0,536.8570941,984.168,280.818,3.50465,0.000144388,0.0902752,0,276.4688073,720.514,113.445,6.35122,0.000125593,0.096857,6,-359.5727986,1995.0,799.206,2.49623,0.000253108,0.30943
76.475946,1,AUTO,ARMED,5,AVAILABLE,UNAVAILABLE,UNAVAILABLE,49,1,ACTIVE,2,A_N2-A3.NC,A_N2-A3.NC,2059443.982,190601.037,5699.4,3973.8647,100,0.0,14,100,0,7,100,10000.0,4415.22,636.486,6.93687,0.000478878,0.406604,0,536.8533366,984.168,280.818,3.50465,0.000144388,0.0902752,0,276.4688002,720.514,113.445,6.35122,0.000125593,0.096857,6,-359.5727986,1995.0,799.206,2.49623,0.000253108,0.30943
76.653925,1,AUTO,ARMED,5,AVAILABLE,UNAVAILABLE,UNAVAILABLE,50,1,ACTIVE,2,A_N2-A3.NC,A_N2-A3.NC,2059443.982,190601.037,5699.4,3973.8647,100,16.93333,14,100,0,7,100,10000.0,4415.22,636.486,6.93687,0.000478878,0.406604,0,539.8153897,984.168,280.818,3.50465,0.000144388,0.0902752,0,276.468793,720.514,113.445,6.35122,0.000125593,0.096857,6,-359.5727986,1995.0,799.206,2.49623,0.000253108,0.30943
76.799533,1,AUTO,ARMED,5,AVAILABLE,UNAVAILABLE,UNAVAILABLE,50,1,ACTIVE,2,A_N2-A3.NC,A_N2-A3.NC,2059443.982,190601.037,5699.4,3973.8647,100,16.93333,14,100,0,4,100,10000.0,4415.22,636.486,6.93687,0.000478878,0.406604,0,541.555217,984.168,280.818,3.50465,0.000144388,0.0902752,0,276.4688002,720.514,113.445,6.35122,0.000125593,0.096857,6,-359.57281,1995.0,799.206,2.49623,0.000253108,0.30943
76.94115,1,AUTO,ARMED,5,AVAILABLE,UNAVAILABLE,UNAVAILABLE,50,1,ACTIVE,2,A_N2-A3.NC,A_N2-A3.NC,2059443.982,190601.037,5699.4,3973.8647,100,16.93333,14,100,0,3,100,10000.0,4415.22,636.486,6.93687,0.000478878,0.406604,0,545.0475888,984.168,280.818,3.50465,0.000144388,0.0902752,0,276.4687572,720.514,113.445,6.35122,0.000125593,0.096857,6,-359.5727986,1995.0,799.206,2.49623,0.000253108,0.30943
77.080476,1,AUTO,ARMED,5,AVAILABLE,UNAVAILABLE,UNAVAILABLE,50,1,ACTIVE,2,A_N2-A3.NC,A_N2-A3.NC,2059443.982,190601.037,5699.4,4037.8682,100,16.93333,14,100,0,5,100,10000.0,19724.5,6152.78,3.20579,0.000622818,0.795437,0,546.7875521,10033.7,1375.52,7.29448,0.000200745,0.276359,0,276.4687787,5115.66,1618.37,3.161,0.000178135,0.216915,6,-359.5728215,3220.84,1045.77,3.07987,0.000334686,0.491248
77.230923,1,AUTO,ARMED,5,AVAILABLE,UNAVAILABLE,UNAVAILABLE,50,1,ACTIVE,2,A_N2-A3.NC,A_N2-A3.NC,2059443.982,190601.037,5699.4,4037.8682,100,16.93333,14,100,0,6,100,10000.0,19724.5,6152.78,3.20579,0.000622818,0.795437,0,548.5317567,10033.7,1375.52,7.29448,0.000200745,0.276359,0,276.468793,5115.66,1618.37,3.161,0.000178135,0.216915,6,-359.57281,3220.84,1045.77,3.07987,0.000334686,0.491248
77.373943,1,AUTO,ARMED,5,AVAILABLE,UNAVAILABLE,UNAVAILABLE,50,1,ACTIVE,2,A_N2-A3.NC,A_N2-A3.NC,2059443.982,190601.037,5699.4,4037.8682,100,16.93333,14,100,0,6,100,10000.0,19724.5,6152.78,3.20579,0.000622818,0.795437,0,551.1478527,10033.7,1375.52,7.29448,0.000200745,0.276359,0,276.4688002,5115.66,1618.37,3.161,0.000178135,0.216915,6,-359.5727986,3220.84,1045.77,3.07987,0.000334686,0.491248
77.523179,1,AUTO,ARMED,5,AVAILABLE,UNAVAILABLE,UNAVAILABLE,50,1,ACTIVE,2,A_N2-A3.NC,A_N2-A3.NC,2059443.982,190601.037,5699.4,4037.8682,100,16.93333,15,100,0,5,100,10000.0,19724.5,6152.78,3.20579,0.000622818,0.795437,0,554.6318418,10033.7,1375.52,7.29448,0.000200745,0.276359,0,276.4688002,5115.66,1618.37,3.161,0.000178135,0.216915,6,-359.5727986,3220.84,1045.77,3.07987,0.000334686,0.491248
77.690713,1,AUTO,ARMED,5,AVAILABLE,UNAVAILABLE,UNAVAILABLE,50,1,ACTIVE,2,A_N2-A3.NC,A_N2-A3.NC,2059443.982,190601.037,5699.4,4037.8682,100,16.93333,15,100,0,5,100,10000.0,19724.5,6152.78,3.20579,0.000622818,0.795437,0,556.3804095,10033.7,1375.52,7.29448,0.000200745,0.276359,0,276.4688073,5115.66,1618.37,3.161,0.000178135,0.216915,6,-359.5727757,3220.84,1045.77,3.07987,0.000334686,0.491248
77.84592,1,AUTO,ARMED,5,AVAILABLE,UNAVAILABLE,UNAVAILABLE,50,1,ACTIVE,2,A_N2-A3.NC,A_N2-A3.NC,2059443.982,190601.037,5699.4,4037.8682,100,16.93333,15,100,0,6,100,10000.0,19724.5,6152.78,3.20579,0.000622818,0.795437,0,558.1244139,10033.7,1375.52,7.29448,0.000200745,0.276359,0,276.4688002,5115.66,1618.37,3.161,0.000178135,0.216915,6,-359.57281,3220.84,1045.77,3.07987,0.000334686,0.491248
77.986524,1,AUTO,ARMED,5,AVAILABLE,UNAVAILABLE,UNAVAILABLE,50,1,ACTIVE,2,A_N2-A3.NC,A_N2-A3.NC,2059443.982,190601.037,5699.4,4037.8682,100,16.93333,15,100,0,5,100,10000.0,19724.5,6152.78,3.20579,0.000622818,0.795437,0,561.6125675,10033.7,1375.52,7.29448,0.000200745,0.276359,0,276.4688002,5115.66,1618.37,3.161,0.000178135,0.216915,6,-359.5727871,3220.84,1045.77,3.07987,0.000334686,0.491248
78.136941,1,AUTO,ARMED,5,AVAILABLE,UNAVAILABLE,UNAVAILABLE,50,1,ACTIVE,2,A_N2-A3.NC,A_N2-A3.NC,2059443.982,190601.037,5699.4,3961.1072,100,16.93333,15,100,0,5,100,10000.0,18332.7,6195.48,2.95904,0.000655124,0.804558,0,565.100834,10993.9,1281.29,8.58034,0.000215394,0.282565,0,276.4688002,5259.76,1653.61,3.18077,0.000138336,0.214979,6,-359.5728329,2980.48,1123.56,2.65271,0.000372303,0.500812
78.278106,1,AUTO,ARMED,5,AVAILABLE,UNAVAILABLE,UNAVAILABLE,50,1,ACTIVE,2,A_N2-A3.NC,A_N2-A3.NC,2059443.982,190601.037,5699.4,3961.1072,100,16.93333,15,100,0,5,100,10000.0,18332.7,6195.48,2.95904,0.000655124,0.804558,0,566.8494018,10993.9,1281.29,8.58034,0.000215394,0.282565,0,276.4688073,5259.76,1653.61,3.18077,0.000138336,0.214979,6,-359.5727986,2980.48,1123.56,2.65271,0.000372303,0.500812
78.43364,1,AUTO,ARMED,5,AVAILABLE,UNAVAILABLE,UNAVAILABLE,50,1,ACTIVE,2,A_N2-A3.NC,A_N2-A3.NC,2059443.982,190601.037,5699.4,3961.1072,100,16.93333,15,100,0,5,100,10000.0,18332.7,6195.48,2.95904,0.000655124,0.804558,0,568.5891935,10993.9,1281.29,8.58034,0.000215394,0.282565,0,276.4688002,5259.76,1653.61,3.18077,0.000138336,0.214979,6,-359.5727757,2980.48,1123.56,2.65271,0.000372303,0.500812
78.568052,1,AUTO,ARMED,5,AVAILABLE,UNAVAILABLE,UNAVAILABLE,50,1,ACTIVE,2,A_N2-A3.NC,A_N2-A3.NC,2059443.982,190601.037,5699.4,3961.1072,100,16.93333,16,100,0,6,100,10000.0,18332.7,6195.48,2.95904,0.000655124,0.804558,0,572.0731327,10993.9,1281.29,8.58034,0.000215394,0.282565,0,276.4688073,5259.76,1653.61,3.18077,0.000138336,0.214979,6,-359.5727986,2980.48,1123.56,2.65271,0.000372303,0.500812
78.706055,1,AUTO,ARMED,5,AVAILABLE,UNAVAILABLE,UNAVAILABLE,50,1,ACTIVE,2,A_N2-A3.NC,A_N2-A3.NC,2059443.982,190601.037,5699.4,3961.1072,100,16.93333,16,100,0,6,100,10000.0,18332.7,6195.48,2.95904,0.000655124,0.804558,0,573.8216004,10993.9,1281.29,8.58034,0.000215394,0.282565,0,276.4688002,5259.76,1653.61,3.18077,0.000138336,0.214979,6,-359.5727986,2980.48,1123.56,2.65271,0.000372303,0.500812
78.89711,1,AUTO,ARMED,5,AVAILABLE,UNAVAILABLE,UNAVAILABLE,50,1,ACTIVE,2,A_N2-A3.NC,A_N2-A3.NC,2059443.982,190601.037,5699.4,3961.1072,100,16.93333,16,100,0,6,100,10000.0,18332.7,6195.48,2.95904,0.000655124,0.804558,1,579.0539286,10993.9,1281.29,8.58034,0.000215394,0.282565,0,276.4688002,5259.76,1653.61,3.18077,0.000138336,0.214979,6,-359.5727871,2980.48,1123.56,2.65271,0.000372303,0.500812
79.034845,1,AUTO,ARMED,5,AVAILABLE,UNAVAILABLE,UNAVAILABLE,50,1,ACTIVE,2,A_N2-A3.NC,A_N2-A3.NC,2059443.982,190601.037,5699.4,3961.1072,100,16.93333,16,100,0,6,100,10000.0,18332.7,6195.48,2.95904,0.000655124,0.804558,0,580.7979546,10993.9,1281.29,8.58034,0.000215394,0.282565,0,276.468793,5259.76,1653.61,3.18077,0.000138336,0.214979,6,-359.5727642,2980.48,1123.56,2.65271,0.000372303,0.500812
79.176875,1,AUTO,ARMED,5,AVAILABLE,UNAVAILABLE,UNAVAILABLE,50,1,ACTIVE,2,A_N2-A3.NC,A_N2-A3.NC,2059443.982,190601.037,5699.4,3961.1072,100,16.93333,16,100,0,6,100,10000.0,18212.8,5977.8,3.04674,0.000649492,0.792322,0,581.6702894,10489.8,1221.95,8.58448,0.000234895,0.301615,0,276.4688002,4971.55,1755.45,2.83207,0.000137214,0.220105,6,-359.5727871,3052.59,1071.74,2.84826,0.000356617,0.509189
79.316125,1,AUTO,ARMED,5,AVAILABLE,UNAVAILABLE,UNAVAILABLE,50,1,ACTIVE,2,A_N2-A3.NC,A_N2-A3.NC,2059443.982,190601.037,5699.4,3943.9775,100,16.93333,16,100,0,6,100,10000.0,18212.8,5977.8,3.04674,0.000649492,0.792322,0,585.1583455,10489.8,1221.95,8.58448,0.000234895,0.301615,0,276.4688002,4971.55,1755.45,2.83207,0.000137214,0.220105,6,-359.5727986,3052.59,1071.74,2.84826,0.000356617,0.509189
79.459753,1,AUTO,ARMED,5,AVAILABLE,UNAVAILABLE,UNAVAILABLE,50,1,ACTIVE,2,A_N2-A3.NC,A_N2-A3.NC,2059443.982,190601.037,5699.4,3943.9775,100,16.93333,17,100,0,6,100,10000.0,18212.8,5977.8,3.04674,0.000649492,0.792322,1,586.902502,10489.8,1221.95,8.58448,0.000234895,0.301615,0,276.4688002,4971.55,1755.45,2.83207,0.000137214,0.220105,6,-359.5727757,3052.59,1071.74,2.84826,0.000356617,0.509189
79.61205,1,AUTO,ARMED,5,AVAILABLE,UNAVAILABLE,UNAVAILABLE,50,1,ACTIVE,2,A_N2-A3.NC,A_N2-A3.NC,2059443.982,190601.037,5699.4,3943.9775,100,16.93333,17,100,0,6,100,10000.0,18212.8,5977.8,3.04674,0.000649492,0.792322,1,588.6424742,10489.8,1221.95,8.58448,0.000234895,0.301615,0,276.4688002,4971.55,1755.45,2.83207,0.000137214,0.220105,6,-359.57281,3052.59,1071.74,2.84826,0.000356617,0.509189
79.75048,1,AUTO,ARMED,5,AVAILABLE,UNAVAILABLE,UNAVAILABLE,50,1,ACTIVE,2,A_N2-A3.NC,A_N2-A3.NC,2059443.982,190601.037,5699.4,3943.9775,100,16.93333,17,100,0,6,100,10000.0,18212.8,5977.8,3.04674,0.000649492,0.792322,0,592.1350142,10489.8,1221.95,8.58448,0.000234895,0.301615,0,276.4688002,4971.55,1755.45,2.83207,0.000137214,0.220105,6,-359.5727871,3052.59,1071.74,2.84826,0.000356617,0.509189
79.8994,1,AUTO,ARMED,5,AVAILABLE,UNAVAILABLE,UNAVAILABLE,50,1,ACTIVE,2,A_N2-A3.NC,A_N2-A3.NC,2059443.982,190601.037,5699.4,3943.9775,100,16.93333,17,100,0,6,100,10000.0,18212.8,5977.8,3.04674,0.000649492,0.792322,0,593.8789775,10489.8,1221.95,8.58448,0.000234895,0.301615,0,276.4688002,4971.55,1755.45,2.83207,0.000137214,0.220105,6,-359.5727871,3052.59,1071.74,2.84826,0.000356617,0.509189
80.036477,1,AUTO,ARMED,5,AVAILABLE,UNAVAILABLE,UNAVAILABLE,50,1,ACTIVE,2,A_N2-A3.NC,A_N2-A3.NC,2059443.982,190601.037,5699.4,3943.9775,100,16.93333,17,100,0,6,100,10000.0,18212.8,5977.8,3.04674,0.000649492,0.792322,0,595.6187924,10489.8,1221.95,8.58448,0.000234895,0.301615,0,276.4688002,4971.55,1755.45,2.83207,0.000137214,0.220105,6,-359.5728215,3052.59,1071.74,2.84826,0.000356617,0.509189
80.179394,1,AUTO,ARMED,5,AVAILABLE,UNAVAILABLE,UNAVAILABLE,50,1,ACTIVE,2,A_N2-A3.NC,A_N2-A3.NC,2059443.982,190601.037,5699.4,3943.9775,100,16.93333,17,100,0,6,100,10000.0,18212.8,5977.8,3.04674,0.000649492,0.792322,0,597.3673404,10489.8,1221.95,8.58448,0.000234895,0.301615,0,276.4688002,4971.55,1755.45,2.83207,0.000137214,0.220105,6,-359.5727642,3052.59,1071.74,2.84826,0.000356617,0.509189
80.319787,1,AUTO,ARMED,5,AVAILABLE,UNAVAILABLE,UNAVAILABLE,50,1,ACTIVE,2,A_N2-A3.NC,A_N2-A3.NC,2059443.982,190601.037,5699.4,3953.7622,100,16.93333,17,100,0,6,100,10000.0,18572.7,6087.32,3.05105,0.000655246,0.795065,0,600.8513904,10321.8,1236.15,8.34996,0.000287241,0.312548,0,276.4688002,5163.69,1783.96,2.89451,0.000129443,0.225735,6,-359.57281,3004.52,1122.88,2.67573,0.000343093,0.517713
80.461392,1,AUTO,ARMED,5,AVAILABLE,UNAVAILABLE,UNAVAILABLE,50,1,ACTIVE,2,A_N2-A3.NC,A_N2-A3.NC,2059443.982,190601.037,5699.4,3953.7622,100,16.93333,18,100,0,6,100,10000.0,18572.7,6087.32,3.05105,0.000655246,0.795065,0,602.5997025,10321.8,1236.15,8.34996,0.000287241,0.312548,0,276.468793,5163.69,1783.96,2.89451,0.000129443,0.225735,6,-359.57281,3004.52,1122.88,2.67573,0.000343093,0.517713
80.618148,1,AUTO,ARMED,5,AVAILABLE,UNAVAILABLE,UNAVAILABLE,50,1,ACTIVE,2,A_N2-A3.NC,A_N2-A3.NC,2059443.982,190601.037,5699.4,3953.7622,100,16.93333,18,100,0,6,100,10000.0,18572.7,6087.32,3.05105,0.000655246,0.795065,0,607.8322648,10321.8,1236.15,8.34996,0.000287241,0.312548,0,276.4688002,5163.69,1783.96,2.89451,0.000129443,0.225735,6,-359.5728215,3004.52,1122.88,2.67573,0.000343093,0.517713
80.762774,1,AUTO,ARMED,5,AVAILABLE,UNAVAILABLE,UNAVAILABLE,50,1,ACTIVE,2,A_N2-A3.NC,A_N2-A3.NC,2059443.982,190601.037,5699.4,3953.7622,100,16.93333,18,100,0,6,100,10000.0,18572.7,6087.32,3.05105,0.000655246,0.795065,0,609.5762853,10321.8,1236.15,8.34996,0.000287241,0.312548,0,276.4688002,5163.69,1783.96,2.89451,0.000129443,0.225735,6,-359.57281,3004.52,1122.88,2.67573,0.000343093,0.517713
80.901232,1,AUTO,ARMED,5,AVAILABLE,UNAVAILABLE,UNAVAILABLE,50,1,ACTIVE,2,A_N2-A3.NC,A_N2-A3.NC,2059443.982,190601.037,5699.4,3953.7622,100,16.93333,18,100,0,5,100,10000.0,18572.7,6087.32,3.05105,0.000655246,0.795065,0,611.3160439,10321.8,1236.15,8.34996,0.000287241,0.312548,0,276.4688002,5163.69,1783.96,2.89451,0.000129443,0.225735,6,-359.5727757,3004.52,1122.88,2.67573,0.000343093,0.517713
81.040755,1,AUTO,ARMED,5,AVAILABLE,UNAVAILABLE,UNAVAILABLE,50,1,ACTIVE,2,A_N2-A3.NC,A_N2-A3.NC,2059443.982,190601.037,5699.4,3953.7622,100,16.93333,18,100,0,6,100,10000.0,18572.7,6087.32,3.05105,0.000655246,0.795065,1,613.9367789,10321.8,1236.15,8.34996,0.000287241,0.312548,0,276.4688002,5163.69,1783.96,2.89451,0.000129443,0.225735,6,-359.5728329,3004.52,1122.88,2.67573,0.000343093,0.517713
81.176641,1,AUTO,ARMED,5,AVAILABLE,UNAVAILABLE,UNAVAILABLE,50,1,ACTIVE,2,A_N2-A3.NC,A_N2-A3.NC,2059443.982,190601.037,5699.4,3953.7622,100,16.93333,18,100,0,5,100,10000.0,18572.7,6087.32,3.05105,0.000655246,0.795065,1,615.6807717,10321.8,1236.15,8.34996,0.000287241,0.312548,0,276.4688002,5163.69,1783.96,2.89451,0.000129443,0.225735,6,-359.57281,3004.52,1122.88,2.67573,0.000343093,0.517713
81.323575,1,AUTO,ARMED,5,AVAILABLE,UNAVAILABLE,UNAVAILABLE,50,1,ACTIVE,2,A_N2-A3.NC,A_N2-A3.NC,2059443.982,190601.037,5699.4,3953.7622,100,16.93333,18,100,0,5,100,10000.0,18116.8,5925.71,3.05732,0.000637191,0.783,0,617.4206304,11161.9,1188.28,9.39332,0.000265742,0.320021,0,276.4688002,5259.76,1780.73,2.95371,0.000140258,0.229548,6,-359.5727757,3052.59,1046.53,2.91687,0.000328776,0.492397
81.460749,1,AUTO,ARMED,5,AVAILABLE,UNAVAILABLE,UNAVAILABLE,50,1,ACTIVE,2,A_N2-A3.NC,A_N2-A3.NC,2059443.982,190601.037,5699.4,3948.6938,100,16.93333,19,100,0,5,100,10000.0,18116.8,5925.71,3.05732,0.000637191,0.783,0,620.9131865,11161.9,1188.28,9.39332,0.000265742,0.320021,0,276.4688002,5259.76,1780.73,2.95371,0.000140258,0.229548,6,-359.5728215,3052.59,1046.53,2.91687,0.000328776,0.492397
81.599154,1,AUTO,ARMED,5,AVAILABLE,UNAVAILABLE,UNAVAILABLE,50,1,ACTIVE,2,A_N2-A3.NC,A_N2-A3.NC,2059443.982,190601.037,5699.4,3948.6938,100,16.93333,19,100,0,5,100,10000.0,18116.8,5925.71,3.05732,0.000637191,0.783,0,622.6573009,11161.9,1188.28,9.39332,0.000265742,0.320021,0,276.4688002,5259.76,1780.73,2.95371,0.000140258,0.229548,6,-359.5727986,3052.59,1046.53,2.91687,0.000328776,0.492397
81.742109,1,AUTO,ARMED,5,AVAILABLE,UNAVAILABLE,UNAVAILABLE,50,1,ACTIVE,2,A_N2-A3.NC,A_N2-A3.NC,2059443.982,190601.037,5699.4,3948.6938,100,16.93333,19,100,0,6,100,10000.0,18116.8,5925.71,3.05732,0.000637191,0.783,1,626.1457586,11161.9,1188.28,9.39332,0.000265742,0.320021,0,276.4688002,5259.76,1780.73,2.95371,0.000140258,0.229548,6,-359.5728215,3052.59,1046.53,2.91687,0.000328776,0.492397
81.881497,1,AUTO,ARMED,5,AVAILABLE,UNAVAILABLE,UNAVAILABLE,50,1,ACTIVE,2,A_N2-A3.NC,A_N2-A3.NC,2059443.982,190601.037,5699.4,3948.6938,100,16.93333,19,100,0,6,100,10000.0,18116.8,5925.71,3.05732,0.000637191,0.783,0,627.8897515,11161.9,1188.28,9.39332,0.000265742,0.320021,0,276.4688002,5259.76,1780.73,2.95371,0.000140258,0.229548,6,-359.5727986,3052.59,1046.53,2.91687,0.000328776,0.492397
82.021882,1,AUTO,ARMED,5,AVAILABLE,UNAVAILABLE,UNAVAILABLE,50,1,ACTIVE,2,A_N2-A3.NC,A_N2-A3.NC,2059443.982,190601.037,5699.4,3948.6938,100,16.93333,19,100,0,6,100,10000.0,18116.8,5925.71,3.05732,0.000637191,0.783,0,629.6297103,11161.9,1188.28,9.39332,0.000265742,0.320021,0,276.4688002,5259.76,1780.73,2.95371,0.000140258,0.229548,6,-359.5727757,3052.59,1046.53,2.91687,0.000328776,0.492397
82.166913,1,AUTO,ARMED,5,AVAILABLE,UNAVAILABLE,UNAVAILABLE,50,1,ACTIVE,2,A_N2-A3.NC,A_N2-A3.NC,2059443.982,190601.037,5699.4,3948.6938,100,16.93333,19,100,0,6,100,10000.0,18116.8,5925.71,3.05732,0.000637191,0.783,0,631.3781162,11161.9,1188.28,9.39332,0.000265742,0.320021,0,276.4688002,5259.76,1780.73,2.95371,0.000140258,0.229548,6,-359.5727871,3052.59,1046.53,2.91687,0.000328776,0.492397
82.323343,1,AUTO,ARMED,5,AVAILABLE,UNAVAILABLE,UNAVAILABLE,50,1,ACTIVE,2,A_N2-A3.NC,A_N2-A3.NC,2059443.982,190601.037,5699.4,3948.6938,100,16.93333,19,100,0,5,100,10000.0,19532.5,5937.51,3.28968,0.000635727,0.778046,0,634.8619606,9841.7,1078.14,9.12841,0.000265666,0.287924,0,276.4688073,5427.88,1710.39,3.17348,0.000152555,0.220515,6,-359.5727871,3004.52,1087.47,2.76285,0.000384024,0.507812
82.476705,1,AUTO,ARMED,5,AVAILABLE,UNAVAILABLE,UNAVAILABLE,50,1,ACTIVE,2,A_N2-A3.NC,A_N2-A3.NC,2059443.982,190601.037,5699.4,3965.4138,100,16.93333,20,100,0,5,100,10000.0,19532.5,5937.51,3.28968,0.000635727,0.778046,0,638.3546066,9841.7,1078.14,9.12841,0.000265666,0.287924,0,276.4688073,5427.88,1710.39,3.17348,0.000152555,0.220515,6,-359.57281,3004.52,1087.47,2.76285,0.000384024,0.507812
82.655239,1,AUTO,ARMED,5,AVAILABLE,UNAVAILABLE,UNAVAILABLE,50,1,ACTIVE,2,A_N2-A3.NC,A_N2-A3.NC,2059443.982,190601.037,5699.4,3965.4138,100,16.93333,20,100,0,6,100,10000.0,19532.5,5937.51,3.28968,0.000635727,0.778046,0,640.0943975,9841.7,1078.14,9.12841,0.000265666,0.287924,0,276.4688002,5427.88,1710.39,3.17348,0.000152555,0.220515,6,-359.57281,3004.52,1087.47,2.76285,0.000384024,0.507812
82.794608,1,AUTO,ARMED,5,AVAILABLE,UNAVAILABLE,UNAVAILABLE,50,1,ACTIVE,2,A_N2-A3.NC,A_N2-A3.NC,2059443.982,190601.037,5699.4,3965.4138,100,16.93333,20,100,0,6,100,10000.0,19532.5,5937.51,3.28968,0.000635727,0.778046,0,645.3310143,9841.7,1078.14,9.12841,0.000265666,0.287924,0,276.4688002,5427.88,1710.39,3.17348,0.000152555,0.220515,6,-359.5728215,3004.52,1087.47,2.76285,0.000384024,0.507812
82.936516,1,AUTO,ARMED,5,AVAILABLE,UNAVAILABLE,UNAVAILABLE,50,1,ACTIVE,2,A_N2-A3.NC,A_N2-A3.NC,2059443.982,190601.037,5699.4,3965.4138,100,16.93333,20,100,0,6,100,10000.0,19532.5,5937.51,3.28968,0.000635727,0.778046,0,647.0709125,9841.7,1078.14,9.12841,0.000265666,0.287924,0,276.4688002,5427.88,1710.39,3.17348,0.000152555,0.220515,6,-359.5727986,3004.52,1087.47,2.76285,0.000384024,0.507812
83.076285,1,AUTO,ARMED,5,AVAILABLE,UNAVAILABLE,UNAVAILABLE,50,1,ACTIVE,2,A_N2-A3.NC,A_N2-A3.NC,2059443.982,190601.037,5699.4,3965.4138,100,16.93333,20,100,0,6,100,10000.0,19532.5,5937.51,3.28968,0.000635727,0.778046,0,647.9430359,9841.7,1078.14,9.12841,0.000265666,0.287924,0,276.4688002,5427.88,1710.39,3.17348,0.000152555,0.220515,6,-359.5727757,3004.52,1087.47,2.76285,0.000384024,0.507812
83.213868,1,AUTO,ARMED,5,AVAILABLE,UNAVAILABLE,UNAVAILABLE,50,1,ACTIVE,2,A_N2-A3.NC,A_N2-A3.NC,2059443.982,190601.037,5699.4,3965.4138,100,16.93333,20,100,0,6,100,10000.0,19532.5,5937.51,3.28968,0.000635727,0.778046,0,649.6916097,9841.7,1078.14,9.12841,0.000265666,0.287924,0,276.4688002,5427.88,1710.39,3.17348,0.000152555,0.220515,6,-359.5727986,3004.52,1087.47,2.76285,0.000384024,0.507812
83.356706,1,AUTO,ARMED,5,AVAILABLE,UNAVAILABLE,UNAVAILABLE,50,1,ACTIVE,2,A_N2-A3.NC,A_N2-A3.NC,2059443.982,190601.037,5699.4,3965.4138,100,16.93333,20,100,0,6,100,10000.0,19532.5,5937.51,3.28968,0.000635727,0.778046,0,651.435506,9841.7,1078.14,9.12841,0.000265666,0.287924,0,276.4688359,5427.88,1710.39,3.17348,0.000152555,0.220515,6,-359.5727986,3004.52,1087.47,2.76285,0.000384024,0.507812
83.495895,1,AUTO,ARMED,5,AVAILABLE,UNAVAILABLE,UNAVAILABLE,50,1,ACTIVE,2,A_N2-A3.NC,A_N2-A3.NC,2059443.982,190601.037,5699.4,3965.4138,100,16.93333,21,100,0,4,100,10000.0,4703.16,629.232,7.47445,0.000489567,0.404165,0,654.9237134,8017.38,107.846,74.341,0.000117722,0.0733042,0,276.4688145,2954.11,98.7149,29.9257,0.000143152,0.0844562,6,-359.5727871,1874.82,672.536,2.78769,0.000442673,0.275246
83.632028,1,AUTO,ARMED,5,AVAILABLE,UNAVAILABLE,UNAVAILABLE,51,1,ACTIVE,2,A_N2-A3.NC,A_N2-A3.NC,2059443.982,190601.037,5699.4,3559.5349,100,0.0,21,100,0,4,100,10000.0,4703.16,629.232,7.47445,0.000489567,0.404165,0,656.2363007,8017.38,107.846,74.341,0.000117722,0.0733042,0,276.4688002,2954.11,98.7149,29.9257,0.000143152,0.0844562,6,-359.5727986,1874.82,672.536,2.78769,0.000442673,0.275246
83.769376,1,AUTO,ARMED,5,AVAILABLE,UNAVAILABLE,UNAVAILABLE,51,1,ACTIVE,2,A_N2-A3.NC,A_N2-A3.NC,2059443.982,190601.037,5699.4,3559.5349,100,0.0,21,100,0,4,100,10000.0,4703.16,629.232,7.47445,0.000489567,0.404165,0,656.2370946,8017.38,107.846,74.341,0.000117722,0.0733042,0,276.4688002,2954.11,98.7149,29.9257,0.000143152,0.0844562,6,-359.5727986,1874.82,672.536,2.78769,0.000442673,0.275246
83.910862,1,AUTO,ARMED,5,AVAILABLE,UNAVAILABLE,UNAVAILABLE,51,1,ACTIVE,2,A_N2-A3.NC,A_N2-A3.NC,2059443.982,190601.037,5699.4,3559.5349,100,0.0,21,100,0,4,100,10000.0,4703.16,629.232,7.47445,0.000489567,0.404165,0,656.2371661,8017.38,107.846,74.341,0.000117722,0.0733042,0,276.4688073,2954.11,98.7149,29.9257,0.000143152,0.0844562,6,-359.5727986,1874.82,672.536,2.78769,0.000442673,0.275246
84.063439,1,AUTO,ARMED,5,AVAILABLE,UNAVAILABLE,UNAVAILABLE,51,1,ACTIVE,2,A_N2-A3.NC,A_N2-A3.NC,2059443.982,190601.037,5699.4,3559.5349,100,0.0,21,100,0,4,100,10000.0,4703.16,629.232,7.47445,0.000489567,0.404165,0,656.2371232,8017.38,107.846,74.341,0.000117722,0.0733042,0,276.4688002,2954.11,98.7149,29.9257,0.000143152,0.0844562,6,-359.5727986,1874.82,672.536,2.78769,0.000442673,0.275246
84.202537,1,AUTO,ARMED,5,AVAILABLE,UNAVAILABLE,UNAVAILABLE,51,1,ACTIVE,2,A_N2-A3.NC,A_N2-A3.NC,2059443.982,190601.037,5699.4,3559.5349,100,0.0,21,100,0,5,100,10000.0,4703.16,629.232,7.47445,0.000489567,0.404165,0,656.2371232,8017.38,107.846,74.341,0.000117722,0.0733042,0,276.4688002,2954.11,98.7149,29.9257,0.000143152,0.0844562,6,-359.5727871,1874.82,672.536,2.78769,0.000442673,0.275246
84.340635,1,AUTO,ARMED,5,AVAILABLE,UNAVAILABLE,UNAVAILABLE,51,1,ACTIVE,2,A_N2-A3.NC,A_N2-A3.NC,2059443.982,190601.037,5699.4,3559.5349,100,0.0,21,100,0,4,100,10000.0,4703.16,629.232,7.47445,0.000489567,0.404165,0,656.2371089,8017.38,107.846,74.341,0.000117722,0.0733042,0,276.4688002,2954.11,98.7149,29.9257,0.000143152,0.0844562,6,-359.5727986,1874.82,672.536,2.78769,0.000442673,0.275246
84.480103,1,AUTO,ARMED,5,AVAILABLE,UNAVAILABLE,UNAVAILABLE,51,1,ACTIVE,2,A_N2-A3.NC,A_N2-A3.NC,2059443.982,190601.037,5699.4,3559.5349,100,0.0,22,100,0,4,100,10000.0,4007.29,630.217,6.35859,0.000462376,0.40739,0,656.2371089,3696.64,105.987,34.8782,0.000115842,0.069093,0,276.4688002,648.462,219.496,2.95432,0.000132255,0.095437,6,-359.5727871,1995.0,664.689,3.0014,0.000243212,0.264949
84.619494,1,AUTO,ARMED,5,AVAILABLE,UNAVAILABLE,UNAVAILABLE,51,1,ACTIVE,2,A_N2-A3.NC,A_N2-A3.NC,2059443.982,190601.037,5699.4,3559.5349,100,0.0,22,100,0,4,100,10000.0,4007.29,630.217,6.35859,0.000462376,0.40739,0,656.2371018,3696.64,105.987,34.8782,0.000115842,0.069093,0,276.4735772,648.462,219.496,2.95432,0.000132255,0.095437,6,-359.5727986,1995.0,664.689,3.0014,0.000243212,0.264949
84.756605,1,AUTO,ARMED,5,AVAILABLE,UNAVAILABLE,UNAVAILABLE,52,1,ACTIVE,2,A_N2-A3.NC,A_N2-A3.NC,2059443.982,190601.037,5699.4,3601.8479,100,16.93333,22,100,0,4,100,10000.0,4007.29,630.217,6.35859,0.000462376,0.40739,0,656.2370946,3696.64,105.987,34.8782,0.000115842,0.069093,0,273.6293337,648.462,219.496,2.95432,0.000132255,0.095437,6,-359.5727986,1995.0,664.689,3.0014,0.000243212,0.264949
84.894469,1,AUTO,ARMED,5,AVAILABLE,UNAVAILABLE,UNAVAILABLE,52,1,ACTIVE,2,A_N2-A3.NC,A_N2-A3.NC,2059443.982,190601.037,5699.4,3601.8479,100,16.93333,22,100,0,4,100,10000.0,4007.29,630.217,6.35859,0.000462376,0.40739,0,656.2371018,3696.64,105.987,34.8782,0.000115842,0.069093,0,271.8807157,648.462,219.496,2.95432,0.000132255,0.095437,6,-359.5727986,1995.0,664.689,3.0014,0.000243212,0.264949
85.039827,1,AUTO,ARMED,5,AVAILABLE,UNAVAILABLE,UNAVAILABLE,52,1,ACTIVE,2,A_N2-A3.NC,A_N2-A3.NC,2059443.982,190601.037,5699.4,3601.8479,100,16.93333,22,100,0,4,100,10000.0,4007.29,630.217,6.35859,0.000462376,0.40739,0,656.2371161,3696.64,105.987,34.8782,0.000115842,0.069093,0,270.1408446,648.462,219.496,2.95432,0.000132255,0.095437,6,-359.5727986,1995.0,664.689,3.0014,0.000243212,0.264949
85.188528,1,AUTO,ARMED,5,AVAILABLE,UNAVAILABLE,UNAVAILABLE,52,1,ACTIVE,2,A_N2-A3.NC,A_N2-A3.NC,2059443.982,190601.037,5699.4,3601.8479,100,16.93333,22,100,0,4,100,10000.0,4007.29,630.217,6.35859,0.000462376,0.40739,0,656.2370946,3696.64,105.987,34.8782,0.000115842,0.069093,0,267.5205495,648.462,219.496,2.95432,0.000132255,0.095437,6,-359.5727986,1995.0,664.689,3.0014,0.000243212,0.264949
85.326585,1,AUTO,ARMED,5,AVAILABLE,UNAVAILABLE,UNAVAILABLE,52,1,ACTIVE,2,A_N2-A3.NC,A_N2-A3.NC,2059443.982,190601.037,5699.4,3601.8479,100,16.93333,22,100,0,4,100,10000.0,4007.29,630.217,6.35859,0.000462376,0.40739,0,656.2370946,3696.64,105.987,34.8782,0.000115842,0.069093,0,265.7764157,648.462,219.496,2.95432,0.000132255,0.095437,6,-359.5727986,1995.0,664.689,3.0014,0.000243212,0.264949
85.469413,1,AUTO,ARMED,5,AVAILABLE,UNAVAILABLE,UNAVAILABLE,52,1,ACTIVE,2,A_N2-A3.NC,A_N2-A3.NC,2059443.982,190601.037,5699.4,3601.8479,100,16.93333,23,100,0,4,100,10000.0,4007.29,630.217,6.35859,0.000462376,0.40739,0,656.2371018,3696.64,105.987,34.8782,0.000115842,0.069093,0,264.0363872,648.462,219.496,2.95432,0.000132255,0.095437,6,-359.5727986,1995.0,664.689,3.0014,0.000243212,0.264949
85.619643,1,AUTO,ARMED,5,AVAILABLE,UNAVAILABLE,UNAVAILABLE,52,1,ACTIVE,2,A_N2-A3.NC,A_N2-A3.NC,2059443.982,190601.037,5699.4,3601.8479,100,16.93333,23,100,0,4,100,10000.0,3959.3,617.707,6.40967,0.000493913,0.402267,0,656.2371018,3648.63,100.162,36.4273,0.000124972,0.07796,0,260.5439502,1224.88,165.285,7.41071,0.000152094,0.0920048,6,-359.5727871,1850.78,649.052,2.85151,0.000264996,0.2596
85.765744,1,AUTO,ARMED,5,AVAILABLE,UNAVAILABLE,UNAVAILABLE,52,1,ACTIVE,2,A_N2-A3.NC,A_N2-A3.NC,2059443.982,190601.037,5699.4,3599.4019,100,16.93333,23,100,0,4,100,10000.0,3959.3,617.707,6.40967,0.000493913,0.402267,0,656.2371018,3648.63,100.162,36.4273,0.000124972,0.07796,0,257.0598737,1224.88,165.285,7.41071,0.000152094,0.0920048,6,-359.57281,1850.78,649.052,2.85151,0.000264996,0.2596
85.907999,1,AUTO,ARMED,5,AVAILABLE,UNAVAILABLE,UNAVAILABLE,52,1,ACTIVE,2,A_N2-A3.NC,A_N2-A3.NC,2059443.982,190601.037,5699.4,3599.4019,100,16.93333,23,100,0,4,100,10000.0,3959.3,617.707,6.40967,0.000493913,0.402267,0,656.2370946,3648.63,100.162,36.4273,0.000124972,0.07796,0,255.3114131,1224.88,165.285,7.41071,0.000152094,0.0920048,6,-359.5727986,1850.78,649.052,2.85151,0.000264996,0.2596
86.053511,1,AUTO,ARMED,5,AVAILABLE,UNAVAILABLE,UNAVAILABLE,52,1,ACTIVE,2,A_N2-A3.NC,A_N2-A3.NC,2059443.982,190601.037,5699.4,3599.4019,100,16.93333,23,100,0,4,100,10000.0,3959.3,617.707,6.40967,0.000493913,0.402267,0,656.2371018,3648.63,100.162,36.4273,0.000124972,0.07796,0,251.827345,1224.88,165.285,7.41071,0.000152094,0.0920048,6,-359.5727986,1850.78,649.052,2.85151,0.000264996,0.2596
86.227981,1,AUTO,ARMED,5,AVAILABLE,UNAVAILABLE,UNAVAILABLE,52,1,ACTIVE,2,A_N2-A3.NC,A_N2-A3.NC,2059443.982,190601.037,5699.4,3599.4019,100,16.93333,23,100,0,4,100,10000.0,3959.3,617.707,6.40967,0.000493913,0.402267,0,656.2371089,3648.63,100.162,36.4273,0.000124972,0.07796,0,250.0790043,1224.88,165.285,7.41071,0.000152094,0.0920048,6,-359.57281,1850.78,649.052,2.85151,0.000264996,0.2596
86.373075,1,AUTO,ARMED,5,AVAILABLE,UNAVAILABLE,UNAVAILABLE,52,1,ACTIVE,2,A_N2-A3.NC,A_N2-A3.NC,2059443.982,190601.037,5699.4,3599.4019,100,16.93333,23,100,0,4,100,10000.0,3959.3,617.707,6.40967,0.000493913,0.402267,0,656.2370946,3648.63,100.162,36.4273,0.000124972,0.07796,0,248.3390896,1224.88,165.285,7.41071,0.000152094,0.0920048,6,-359.5727986,1850.78,649.052,2.85151,0.000264996,0.2596
86.524362,1,AUTO,ARMED,5,AVAILABLE,UNAVAILABLE,UNAVAILABLE,52,1,ACTIVE,2,A_N2-A3.NC,A_N2-A3.NC,2059443.982,190601.037,5699.4,3599.4019,100,16.93333,24,100,0,4,100,10000.0,4151.26,635.162,6.53575,0.000472599,0.395118,0,656.2371089,3672.63,109.071,33.6719,0.000177881,0.0810666,0,244.8549541,1176.84,150.5,7.81953,0.000141073,0.0950058,6,-359.57281,1970.96,648.346,3.03998,0.00022939,0.255702
86.733938,1,AUTO,ARMED,5,AVAILABLE,UNAVAILABLE,UNAVAILABLE,52,1,ACTIVE,2,A_N2-A3.NC,A_N2-A3.NC,2059443.982,190601.037,5699.4,3575.5781,100,16.93333,24,100,0,4,100,10000.0,4151.26,635.162,6.53575,0.000472599,0.395118,0,656.2370946,3672.63,109.071,33.6719,0.000177881,0.0810666,0,241.3624427,1176.84,150.5,7.81953,0.000141073,0.0950058,6,-359.5727986,1970.96,648.346,3.03998,0.00022939,0.255702
86.96595,1,AUTO,ARMED,5,AVAILABLE,UNAVAILABLE,UNAVAILABLE,52,1,ACTIVE,2,A_N2-A3.NC,A_N2-A3.NC,2059443.982,190601.037,5699.4,3575.5781,100,16.93333,24,100,0,4,100,10000.0,4151.26,635.162,6.53575,0.000472599,0.395118,0,656.2370946,3672.63,109.071,33.6719,0.000177881,0.0810666,0,237.8742302,1176.84,150.5,7.81953,0.000141073,0.0950058,6,-359.5727986,1970.96,648.346,3.03998,0.00022939,0.255702
87.10927,1,AUTO,ARMED,5,AVAILABLE,UNAVAILABLE,UNAVAILABLE,52,1,ACTIVE,2,A_N2-A3.NC,A_N2-A3.NC,2059443.982,190601.037,5699.4,3575.5781,100,16.93333,24,100,0,4,100,10000.0,4151.26,635.162,6.53575,0.000472599,0.395118,0,656.2370875,3672.63,109.071,33.6719,0.000177881,0.0810666,0,235.2621335,1176.84,150.5,7.81953,0.000141073,0.0950058,6,-359.5727871,1970.96,648.346,3.03998,0.00022939,0.255702
87.250501,1,AUTO,ARMED,5,AVAILABLE,UNAVAILABLE,UNAVAILABLE,52,1,ACTIVE,2,A_N2-A3.NC,A_N2-A3.NC,2059443.982,190601.037,5699.4,3575.5781,100,16.1,24,100,0,4,100,10000.0,4151.26,635.162,6.53575,0.000472599,0.395118,0,655.8289001,3672.63,109.071,33.6719,0.000177881,0.0810666,1,232.7270574,1176.84,150.5,7.81953,0.000141073,0.0950058,6,-359.5727986,1970.96,648.346,3.03998,0.00022939,0.255702
87.39322,1,AUTO,ARMED,5,AVAILABLE,UNAVAILABLE,UNAVAILABLE,53,1,ACTIVE,2,A_N2-A3.NC,A_N2-A3.NC,2059443.982,190601.037,5699.4,3575.5781,100,16.38333,25,100,0,4,100,10000.0,4151.26,635.162,6.53575,0.000472599,0.395118,0,654.0985258,3672.63,109.071,33.6719,0.000177881,0.0810666,1,232.7245754,1176.84,150.5,7.81953,0.000141073,0.0950058,6,-359.5727986,1970.96,648.346,3.03998,0.00022939,0.255702
87.559859,1,AUTO,ARMED,5,AVAILABLE,UNAVAILABLE,UNAVAILABLE,53,1,ACTIVE,2,A_N2-A3.NC,A_N2-A3.NC,2059443.982,190601.037,5699.4,3575.5781,100,16.93333,25,100,0,4,100,10000.0,4151.26,635.162,6.53575,0.000472599,0.395118,0,650.6062071,3672.63,109.071,33.6719,0.000177881,0.0810666,0,232.7243465,1176.84,150.5,7.81953,0.000141073,0.0950058,6,-359.57281,1970.96,648.346,3.03998,0.00022939,0.255702
87.713504,1,AUTO,ARMED,5,AVAILABLE,UNAVAILABLE,UNAVAILABLE,53,1,ACTIVE,2,A_N2-A3.NC,A_N2-A3.NC,2059443.982,190601.037,5699.4,3575.5781,100,16.93333,25,100,0,4,100,10000.0,4079.28,639.909,6.37478,0.000449124,0.395947,0,648.86617,6001.03,247.141,24.2818,0.000133824,0.0715199,0,232.7243679,1200.86,199.245,6.02705,0.000141092,0.0981106,6,-359.5727986,1995.0,712.545,2.79982,0.00033386,0.276933
87.856747,1,AUTO,ARMED,5,AVAILABLE,UNAVAILABLE,UNAVAILABLE,53,1,ACTIVE,2,A_N2-A3.NC,A_N2-A3.NC,2059443.982,190601.037,5699.4,3592.5903,100,16.93333,25,100,0,4,100,10000.0,4079.28,639.909,6.37478,0.000449124,0.395947,0,647.1219418,6001.03,247.141,24.2818,0.000133824,0.0715199,0,232.7243823,1200.86,199.245,6.02705,0.000141092,0.0981106,6,-359.5727986,1995.0,712.545,2.79982,0.00033386,0.276933
87.99999,1,AUTO,ARMED,5,AVAILABLE,UNAVAILABLE,UNAVAILABLE,53,1,ACTIVE,2,A_N2-A3.NC,A_N2-A3.NC,2059443.982,190601.037,5699.4,3592.5903,100,16.93333,25,100,0,4,100,10000.0,4079.28,639.909,6.37478,0.000449124,0.395947,0,645.3778995,6001.03,247.141,24.2818,0.000133824,0.0715199,0,232.7243823,1200.86,199.245,6.02705,0.000141092,0.0981106,6,-359.5727986,1995.0,712.545,2.79982,0.00033386,0.276933
88.137721,1,AUTO,ARMED,5,AVAILABLE,UNAVAILABLE,UNAVAILABLE,53,1,ACTIVE,2,A_N2-A3.NC,A_N2-A3.NC,2059443.982,190601.037,5699.4,3592.5903,100,16.93333,25,100,0,3,100,10000.0,4079.28,639.909,6.37478,0.000449124,0.395947,0,640.1451575,6001.03,247.141,24.2818,0.000133824,0.0715199,0,232.7243894,1200.86,199.245,6.02705,0.000141092,0.0981106,6,-359.5727986,1995.0,712.545,2.79982,0.00033386,0.276933
88.281829,1,AUTO,ARMED,5,AVAILABLE,UNAVAILABLE,UNAVAILABLE,53,1,ACTIVE,2,A_N2-A3.NC,A_N2-A3.NC,2059443.982,190601.037,5699.4,3592.5903,100,16.93333,25,100,0,4,100,10000.0,4079.28,639.909,6.37478,0.000449124,0.395947,0,638.3968096,6001.03,247.141,24.2818,0.000133824,0.0715199,0,232.7243894,1200.86,199.245,6.02705,0.000141092,0.0981106,6,-359.57281,1995.0,712.545,2.79982,0.00033386,0.276933
88.424217,1,AUTO,ARMED,5,AVAILABLE,UNAVAILABLE,UNAVAILABLE,53,1,ACTIVE,2,A_N2-A3.NC,A_N2-A3.NC,2059443.982,190601.037,5699.4,3592.5903,100,16.93333,25,100,0,4,100,10000.0,4079.28,639.909,6.37478,0.000449124,0.395947,0,636.6567153,6001.03,247.141,24.2818,0.000133824,0.0715199,0,232.7243894,1200.86,199.245,6.02705,0.000141092,0.0981106,6,-359.5727986,1995.0,712.545,2.79982,0.00033386,0.276933
88.580583,1,AUTO,ARMED,5,AVAILABLE,UNAVAILABLE,UNAVAILABLE,53,1,ACTIVE,2,A_N2-A3.NC,A_N2-A3.NC,2059443.982,190601.037,5699.4,3592.5903,100,16.93333,26,100,0,4,100,10000.0,4079.28,639.909,6.37478,0.000449124,0.395947,0,633.1639807,6001.03,247.141,24.2818,0.000133824,0.0715199,0,232.7243966,1200.86,199.245,6.02705,0.000141092,0.0981106,6,-359.5727871,1995.0,712.545,2.79982,0.00033386,0.276933
88.752717,1,AUTO,ARMED,5,AVAILABLE,UNAVAILABLE,UNAVAILABLE,53,1,ACTIVE,2,A_N2-A3.NC,A_N2-A3.NC,2059443.982,190601.037,5699.4,3592.5903,100,16.93333,26,100,0,4,100,10000.0,4343.23,652.709,6.65416,0.00053732,0.42528,0,631.4241378,6769.17,174.359,38.8232,0.000160838,0.0735612,0,232.7243894,624.446,121.095,5.15666,0.000123431,0.0871283,6,-359.5727871,2019.03,701.07,2.87993,0.000300824,0.274307
88.924118,1,AUTO,ARMED,5,AVAILABLE,UNAVAILABLE,UNAVAILABLE,53,1,ACTIVE,2,A_N2-A3.NC,A_N2-A3.NC,2059443.982,190601.037,5699.4,3576.9634,100,16.93333,26,100,0,4,100,10000.0,4343.23,652.709,6.65416,0.00053732,0.42528,0,627.9399459,6769.17,174.359,38.8232,0.000160838,0.0735612,0,232.7243894,624.446,121.095,5.15666,0.000123431,0.0871283,6,-359.5727986,2019.03,701.07,2.87993,0.000300824,0.274307
89.088858,1,AUTO,ARMED,5,AVAILABLE,UNAVAILABLE,UNAVAILABLE,53,1,ACTIVE,2,A_N2-A3.NC,A_N2-A3.NC,2059443.982,190601.037,5699.4,3576.9634,100,16.93333,26,100,0,4,100,10000.0,4343.23,652.709,6.65416,0.00053732,0.42528,0,627.0636695,6769.17,174.359,38.8232,0.000160838,0.0735612,0,232.7243823,624.446,121.095,5.15666,0.000123431,0.0871283,6,-359.5727986,2019.03,701.07,2.87993,0.000300824,0.274307
89.230882,1,AUTO,ARMED,5,AVAILABLE,UNAVAILABLE,UNAVAILABLE,53,1,ACTIVE,2,A_N2-A3.NC,A_N2-A3.NC,2059443.982,190601.037,5699.4,3576.9634,100,16.93333,26,100,0,4,100,10000.0,4343.23,652.709,6.65416,0.00053732,0.42528,0,621.8350499,6769.17,174.359,38.8232,0.000160838,0.0735612,0,232.7243894,624.446,121.095,5.15666,0.000123431,0.0871283,6,-359.5727986,2019.03,701.07,2.87993,0.000300824,0.274307
89.375822,1,AUTO,ARMED,5,AVAILABLE,UNAVAILABLE,UNAVAILABLE,53,1,ACTIVE,2,A_N2-A3.NC,A_N2-A3.NC,2059443.982,190601.037,5699.4,3576.9634,100,16.93333,27,100,0,4,100,10000.0,4343.23,652.709,6.65416,0.00053732,0.42528,0,620.0909513,6769.17,174.359,38.8232,0.000160838,0.0735612,0,232.7243894,624.446,121.095,5.15666,0.000123431,0.0871283,6,-359.5727986,2019.03,701.07,2.87993,0.000300824,0.274307
89.525139,1,AUTO,ARMED,5,AVAILABLE,UNAVAILABLE,UNAVAILABLE,53,1,ACTIVE,2,A_N2-A3.NC,A_N2-A3.NC,2059443.982,190601.037,5699.4,3576.9634,100,16.93333,27,100,0,4,100,10000.0,4343.23,652.709,6.65416,0.00053732,0.42528,0,618.3467525,6769.17,174.359,38.8232,0.000160838,0.0735612,0,232.7243966,624.446,121.095,5.15666,0.000123431,0.0871283,6,-359.5727986,2019.03,701.07,2.87993,0.000300824,0.274307
89.666768,1,AUTO,ARMED,5,AVAILABLE,UNAVAILABLE,UNAVAILABLE,53,1,ACTIVE,2,A_N2-A3.NC,A_N2-A3.NC,2059443.982,190601.037,5699.4,3576.9634,100,16.93333,27,100,0,4,100,10000.0,4343.23,652.709,6.65416,0.00053732,0.42528,0,614.8583049,6769.17,174.359,38.8232,0.000160838,0.0735612,0,232.7243894,624.446,121.095,5.15666,0.000123431,0.0871283,6,-359.5727986,2019.03,701.07,2.87993,0.000300824,0.274307
89.83696,1,AUTO,ARMED,5,AVAILABLE,UNAVAILABLE,UNAVAILABLE,53,1,ACTIVE,2,A_N2-A3.NC,A_N2-A3.NC,2059443.982,190601.037,5699.4,3576.9634,100,16.93333,27,100,0,4,100,10000.0,4175.26,666.125,6.26798,0.00047607,0.424493,0,613.1140418,6481.12,224.292,28.8959,0.000120932,0.089206,0,232.7243966,600.43,116.944,5.13434,0.000120252,0.0860113,6,-359.57281,1898.85,634.402,2.99313,0.000297006,0.256453
89.994326,1,AUTO,ARMED,5,AVAILABLE,UNAVAILABLE,UNAVAILABLE,53,1,ACTIVE,2,A_N2-A3.NC,A_N2-A3.NC,2059443.982,190601.037,5699.4,3576.9634,100,16.93333,27,100,0,4,100,10000.0,4175.26,666.125,6.26798,0.00047607,0.424493,0,611.3741345,6481.12,224.292,28.8959,0.000120932,0.089206,0,232.7243894,600.43,116.944,5.13434,0.000120252,0.0860113,6,-359.5727986,1898.85,634.402,2.99313,0.000297006,0.256453
90.143018,1,AUTO,ARMED,5,AVAILABLE,UNAVAILABLE,UNAVAILABLE,53,1,ACTIVE,2,A_N2-A3.NC,A_N2-A3.NC,2059443.982,190601.037,5699.4,3611.6455,100,16.93333,27,100,0,4,100,10000.0,4175.26,666.125,6.26798,0.00047607,0.424493,0,607.8815106,6481.12,224.292,28.8959,0.000120932,0.089206,0,232.7243966,600.43,116.944,5.13434,0.000120252,0.0860113,6,-359.57281,1898.85,634.402,2.99313,0.000297006,0.256453
90.286752,1,AUTO,ARMED,5,AVAILABLE,UNAVAILABLE,UNAVAILABLE,53,1,ACTIVE,2,A_N2-A3.NC,A_N2-A3.NC,2059443.982,190601.037,5699.4,3611.6455,100,16.93333,27,100,0,4,100,10000.0,4175.26,666.125,6.26798,0.00047607,0.424493,0,604.3974331,6481.12,224.292,28.8959,0.000120932,0.089206,0,232.7243894,600.43,116.944,5.13434,0.000120252,0.0860113,6,-359.5727986,1898.85,634.402,2.99313,0.000297006,0.256453
90.440054,1,AUTO,ARMED,5,AVAILABLE,UNAVAILABLE,UNAVAILABLE,53,1,ACTIVE,2,A_N2-A3.NC,A_N2-A3.NC,2059443.982,190601.037,5699.4,3611.6455,100,16.93333,28,100,0,4,100,10000.0,4175.26,666.125,6.26798,0.00047607,0.424493,0,602.6448085,6481.12,224.292,28.8959,0.000120932,0.089206,0,232.7243966,600.43,116.944,5.13434,0.000120252,0.0860113,6,-359.5727986,1898.85,634.402,2.99313,0.000297006,0.256453
90.580333,1,AUTO,ARMED,5,AVAILABLE,UNAVAILABLE,UNAVAILABLE,53,1,ACTIVE,2,A_N2-A3.NC,A_N2-A3.NC,2059443.982,190601.037,5699.4,3611.6455,100,16.93333,28,100,0,4,100,10000.0,4175.26,666.125,6.26798,0.00047607,0.424493,0,600.9047511,6481.12,224.292,28.8959,0.000120932,0.089206,0,232.7243894,600.43,116.944,5.13434,0.000120252,0.0860113,6,-359.57281,1898.85,634.402,2.99313,0.000297006,0.256453
90.729856,1,AUTO,ARMED,5,AVAILABLE,UNAVAILABLE,UNAVAILABLE,53,1,ACTIVE,2,A_N2-A3.NC,A_N2-A3.NC,2059443.982,190601.037,5699.4,3611.6455,100,16.93333,28,100,0,4,100,10000.0,4175.26,666.125,6.26798,0.00047607,0.424493,0,597.4121334,6481.12,224.292,28.8959,0.000120932,0.089206,0,232.7243894,600.43,116.944,5.13434,0.000120252,0.0860113,6,-359.5727986,1898.85,634.402,2.99313,0.000297006,0.256453
90.872753,1,AUTO,ARMED,5,AVAILABLE,UNAVAILABLE,UNAVAILABLE,53,1,ACTIVE,2,A_N2-A3.NC,A_N2-A3.NC,2059443.982,190601.037,5699.4,3611.6455,100,16.93333,28,100,0,4,100,10000.0,4367.23,649.874,6.72012,0.000474802,0.41966,0,594.8001696,6241.08,212.244,29.4052,0.000156906,0.103808,0,232.7243894,696.496,119.019,5.85197,0.000122788,0.0865945,6,-359.5727986,1970.96,805.65,2.44642,0.000204704,0.293776
91.030245,1,AUTO,ARMED,5,AVAILABLE,UNAVAILABLE,UNAVAILABLE,53,1,ACTIVE,2,A_N2-A3.NC,A_N2-A3.NC,2059443.982,190601.037,5699.4,3611.6455,100,16.93333,28,100,0,4,100,10000.0,4367.23,649.874,6.72012,0.000474802,0.41966,0,593.0560137,6241.08,212.244,29.4052,0.000156906,0.103808,0,232.7243894,696.496,119.019,5.85197,0.000122788,0.0865945,6,-359.5727986,1970.96,805.65,2.44642,0.000204704,0.293776
91.168172,1,AUTO,ARMED,5,AVAILABLE,UNAVAILABLE,UNAVAILABLE,53,1,ACTIVE,2,A_N2-A3.NC,A_N2-A3.NC,2059443.982,190601.037,5699.4,3593.7549,100,16.93333,28,100,0,4,100,10000.0,4367.23,649.874,6.72012,0.000474802,0.41966,0,591.3074232,6241.08,212.244,29.4052,0.000156906,0.103808,0,232.7243894,696.496,119.019,5.85197,0.000122788,0.0865945,6,-359.5727986,1970.96,805.65,2.44642,0.000204704,0.293776
91.304056,1,AUTO,ARMED,5,AVAILABLE,UNAVAILABLE,UNAVAILABLE,53,1,ACTIVE,2,A_N2-A3.NC,A_N2-A3.NC,2059443.982,190601.037,5699.4,3593.7549,100,16.93333,28,100,0,4,100,10000.0,4367.23,649.874,6.72012,0.000474802,0.41966,0,587.8232456,6241.08,212.244,29.4052,0.000156906,0.103808,0,232.7243894,696.496,119.019,5.85197,0.000122788,0.0865945,6,-359.5727986,1970.96,805.65,2.44642,0.000204704,0.293776
91.448271,1,AUTO,ARMED,5,AVAILABLE,UNAVAILABLE,UNAVAILABLE,53,1,ACTIVE,2,A_N2-A3.NC,A_N2-A3.NC,2059443.982,190601.037,5699.4,3593.7549,100,16.93333,29,100,0,4,100,10000.0,4367.23,649.874,6.72012,0.000474802,0.41966,0,584.3347622,6241.08,212.244,29.4052,0.000156906,0.103808,0,232.7243894,696.496,119.019,5.85197,0.000122788,0.0865945,6,-359.5727986,1970.96,805.65,2.44642,0.000204704,0.293776
91.587076,1,AUTO,ARMED,5,AVAILABLE,UNAVAILABLE,UNAVAILABLE,53,1,ACTIVE,2,A_N2-A3.NC,A_N2-A3.NC,2059443.982,190601.037,5699.4,3593.7549,100,16.93333,29,100,0,4,100,10000.0,4367.23,649.874,6.72012,0.000474802,0.41966,0,582.5906815,6241.08,212.244,29.4052,0.000156906,0.103808,0,232.7243823,696.496,119.019,5.85197,0.000122788,0.0865945,6,-359.5727986,1970.96,805.65,2.44642,0.000204704,0.293776
91.730096,1,AUTO,ARMED,5,AVAILABLE,UNAVAILABLE,UNAVAILABLE,53,1,ACTIVE,2,A_N2-A3.NC,A_N2-A3.NC,2059443.982,190601.037,5699.4,3593.7549,100,16.93333,29,100,0,4,100,10000.0,4367.23,649.874,6.72012,0.000474802,0.41966,0,580.84216,6241.08,212.244,29.4052,0.000156906,0.103808,0,232.7243966,696.496,119.019,5.85197,0.000122788,0.0865945,6,-359.5727986,1970.96,805.65,2.44642,0.000204704,0.293776
91.879003,1,AUTO,ARMED,5,AVAILABLE,UNAVAILABLE,UNAVAILABLE,53,1,ACTIVE,2,A_N2-A3.NC,A_N2-A3.NC,2059443.982,190601.037,5699.4,3593.7549,100,16.93333,29,100,0,4,100,10000.0,4247.25,644.957,6.58532,0.000473886,0.412627,0,579.1020284,6217.07,233.005,26.6821,0.000192142,0.0960587,0,232.7243966,672.48,135.094,4.97787,0.000119294,0.0911735,6,-359.5727986,2091.14,796.498,2.62542,0.000228516,0.27872
92.025608,1,AUTO,ARMED,5,AVAILABLE,UNAVAILABLE,UNAVAILABLE,53,1,ACTIVE,2,A_N2-A3.NC,A_N2-A3.NC,2059443.982,190601.037,5699.4,3593.7549,100,16.93333,29,100,0,4,100,10000.0,4247.25,644.957,6.58532,0.000473886,0.412627,0,577.3579629,6217.07,233.005,26.6821,0.000192142,0.0960587,0,232.7243894,672.48,135.094,4.97787,0.000119294,0.0911735,6,-359.57281,2091.14,796.498,2.62542,0.000228516,0.27872
92.185298,1,AUTO,ARMED,5,AVAILABLE,UNAVAILABLE,UNAVAILABLE,53,1,ACTIVE,2,A_N2-A3.NC,A_N2-A3.NC,2059443.982,190601.037,5699.4,3589.1099,100,16.93333,29,100,0,4,100,10000.0,4247.25,644.957,6.58532,0.000473886,0.412627,0,572.1254017,6217.07,233.005,26.6821,0.000192142,0.0960587,0,232.7243894,672.48,135.094,4.97787,0.000119294,0.0911735,6,-359.5727986,2091.14,796.498,2.62542,0.000228516,0.27872
92.365093,1,AUTO,ARMED,5,AVAILABLE,UNAVAILABLE,UNAVAILABLE,53,1,ACTIVE,2,A_N2-A3.NC,A_N2-A3.NC,2059443.982,190601.037,5699.4,3589.1099,100,16.93333,30,100,0,4,100,10000.0,4247.25,644.957,6.58532,0.000473886,0.412627,0,568.6325643,6217.07,233.005,26.6821,0.000192142,0.0960587,0,232.7243966,672.48,135.094,4.97787,0.000119294,0.0911735,6,-359.5727871,2091.14,796.498,2.62542,0.000228516,0.27872
92.509432,1,AUTO,ARMED,5,AVAILABLE,UNAVAILABLE,UNAVAILABLE,53,1,ACTIVE,2,A_N2-A3.NC,A_N2-A3.NC,2059443.982,190601.037,5699.4,3589.1099,100,16.93333,30,100,0,4,100,10000.0,4247.25,644.957,6.58532,0.000473886,0.412627,0,566.8927332,6217.07,233.005,26.6821,0.000192142,0.0960587,0,232.7243894,672.48,135.094,4.97787,0.000119294,0.0911735,6,-359.5727986,2091.14,796.498,2.62542,0.000228516,0.27872
92.702651,1,AUTO,ARMED,5,AVAILABLE,UNAVAILABLE,UNAVAILABLE,53,1,ACTIVE,2,A_N2-A3.NC,A_N2-A3.NC,2059443.982,190601.037,5699.4,3589.1099,100,16.93333,30,100,0,4,100,10000.0,4247.25,644.957,6.58532,0.000473886,0.412627,0,563.3999674,6217.07,233.005,26.6821,0.000192142,0.0960587,0,232.7243894,672.48,135.094,4.97787,0.000119294,0.0911735,6,-359.5727986,2091.14,796.498,2.62542,0.000228516,0.27872
92.847026,1,AUTO,ARMED,5,AVAILABLE,UNAVAILABLE,UNAVAILABLE,53,1,ACTIVE,2,A_N2-A3.NC,A_N2-A3.NC,2059443.982,190601.037,5699.4,3589.1099,100,16.93333,30,100,0,4,100,10000.0,4247.25,644.957,6.58532,0.000473886,0.412627,0,562.5278309,6217.07,233.005,26.6821,0.000192142,0.0960587,0,232.7243894,672.48,135.094,4.97787,0.000119294,0.0911735,6,-359.5727986,2091.14,796.498,2.62542,0.000228516,0.27872
92.995765,1,AUTO,ARMED,5,AVAILABLE,UNAVAILABLE,UNAVAILABLE,53,1,ACTIVE,2,A_N2-A3.NC,A_N2-A3.NC,2059443.982,190601.037,5699.4,3589.1099,100,16.93333,30,100,0,4,100,10000.0,4199.26,648.086,6.47948,0.000458841,0.416865,0,559.0439343,6601.14,196.405,33.6098,9.73325e-05,0.0844189,0,232.7243894,672.48,127.161,5.28841,0.000147128,0.0923395,6,-359.57281,2355.54,754.475,3.12209,0.000225922,0.286237
93.136746,1,AUTO,ARMED,5,AVAILABLE,UNAVAILABLE,UNAVAILABLE,53,1,ACTIVE,2,A_N2-A3.NC,A_N2-A3.NC,2059443.982,190601.037,5699.4,3589.1099,100,16.93333,30,100,0,3,100,10000.0,4199.26,648.086,6.47948,0.000458841,0.416865,0,557.295291,6601.14,196.405,33.6098,9.73325e-05,0.0844189,0,232.7243966,672.48,127.161,5.28841,0.000147128,0.0923395,6,-359.5727986,2355.54,754.475,3.12209,0.000225922,0.286237
93.280417,1,AUTO,ARMED,5,AVAILABLE,UNAVAILABLE,UNAVAILABLE,53,1,ACTIVE,2,A_N2-A3.NC,A_N2-A3.NC,2059443.982,190601.037,5699.4,3597.4565,100,16.93333,30,100,0,4,100,10000.0,4199.26,648.086,6.47948,0.000458841,0.416865,0,553.8110812,6601.14,196.405,33.6098,9.73325e-05,0.0844189,0,232.7243894,672.48,127.161,5.28841,0.000147128,0.0923395,6,-359.5727986,2355.54,754.475,3.12209,0.000225922,0.286237
93.423728,1,AUTO,ARMED,5,AVAILABLE,UNAVAILABLE,UNAVAILABLE,53,1,ACTIVE,2,A_N2-A3.NC,A_N2-A3.NC,2059443.982,190601.037,5699.4,3597.4565,100,16.93333,30,100,0,4,100,10000.0,4199.26,648.086,6.47948,0.000458841,0.416865,0,553.8110812,6601.14,196.405,33.6098,9.73325e-05,0.0844189,0,232.7243894,672.48,127.161,5.28841,0.000147128,0.0923395,6,-359.5727986,2355.54,754.475,3.12209,0.000225922,0.286237
93.570515,1,AUTO,ARMED,5,AVAILABLE,UNAVAILABLE,UNAVAILABLE,53,1,ACTIVE,2,A_N2-A3.NC,A_N2-A3.NC,2059443.982,190601.037,5699.4,3597.4565,100,16.93333,31,100,0,4,100,10000.0,4199.26,648.086,6.47948,0.000458841,0.416865,0,548.5784543,6601.14,196.405,33.6098,9.73325e-05,0.0844189,0,232.7243894,672.48,127.161,5.28841,0.000147128,0.0923395,6,-359.5727871,2355.54,754.475,3.12209,0.000225922,0.286237
93.727558,1,AUTO,ARMED,5,AVAILABLE,UNAVAILABLE,UNAVAILABLE,53,1,ACTIVE,2,A_N2-A3.NC,A_N2-A3.NC,2059443.982,190601.037,5699.4,3597.4565,100,16.93333,31,100,0,3,100,10000.0,4199.26,648.086,6.47948,0.000458841,0.416865,0,546.8341929,6601.14,196.405,33.6098,9.73325e-05,0.0844189,0,232.7243966,672.48,127.161,5.28841,0.000147128,0.0923395,6,-359.57281,2355.54,754.475,3.12209,0.000225922,0.286237
93.876055,1,AUTO,ARMED,5,AVAILABLE,UNAVAILABLE,UNAVAILABLE,53,1,ACTIVE,2,A_N2-A3.NC,A_N2-A3.NC,2059443.982,190601.037,5699.4,3597.4565,100,16.93333,31,100,0,3,100,10000.0,4199.26,648.086,6.47948,0.000458841,0.416865,0,545.0859047,6601.14,196.405,33.6098,9.73325e-05,0.0844189,0,232.7243894,672.48,127.161,5.28841,0.000147128,0.0923395,6,-359.57281,2355.54,754.475,3.12209,0.000225922,0.286237
94.036565,1,AUTO,ARMED,5,AVAILABLE,UNAVAILABLE,UNAVAILABLE,53,1,ACTIVE,2,A_N2-A3.NC,A_N2-A3.NC,2059443.982,190601.037,5699.4,3597.4565,100,16.93333,31,100,0,3,100,10000.0,4295.24,649.564,6.6125,0.00047767,0.40709,0,539.8532492,6553.13,263.191,24.8988,0.000148155,0.0996452,0,232.7243966,600.43,112.361,5.34376,0.000150335,0.0942672,6,-359.57281,1778.67,742.028,2.39704,0.000297796,0.282794
94.190987,1,AUTO,ARMED,5,AVAILABLE,UNAVAILABLE,UNAVAILABLE,53,1,ACTIVE,2,A_N2-A3.NC,A_N2-A3.NC,2059443.982,190601.037,5699.4,3597.4565,100,16.93333,31,100,0,4,100,10000.0,4295.24,649.564,6.6125,0.00047767,0.40709,0,538.1089092,6553.13,263.191,24.8988,0.000148155,0.0996452,0,232.7243966,600.43,112.361,5.34376,0.000150335,0.0942672,6,-359.5727986,1778.67,742.028,2.39704,0.000297796,0.282794
94.336624,1,AUTO,ARMED,5,AVAILABLE,UNAVAILABLE,UNAVAILABLE,53,1,ACTIVE,2,A_N2-A3.NC,A_N2-A3.NC,2059443.982,190601.037,5699.4,3567.114,100,16.93333,31,100,0,3,100,10000.0,4295.24,649.564,6.6125,0.00047767,0.40709,0,536.8615072,6553.13,263.191,24.8988,0.000148155,0.0996452,0,232.7243966,600.43,112.361,5.34376,0.000150335,0.0942672,6,-359.5727871,1778.67,742.028,2.39704,0.000297796,0.282794
94.476467,1,AUTO,ARMED,5,AVAILABLE,UNAVAILABLE,UNAVAILABLE,53,1,ACTIVE,2,A_N2-A3.NC,A_N2-A3.NC,2059443.982,190601.037,5699.4,3567.114,100,8.466667,32,100,0,3,100,10000.0,4295.24,649.564,6.6125,0.00047767,0.40709,0,536.8573659,6553.13,263.191,24.8988,0.000148155,0.0996452,0,232.7243966,600.43,112.361,5.34376,0.000150335,0.0942672,6,-359.5727986,1778.67,742.028,2.39704,0.000297796,0.282794
94.619128,1,AUTO,ARMED,5,AVAILABLE,UNAVAILABLE,UNAVAILABLE,54,1,ACTIVE,2,A_N2-A3.NC,A_N2-A3.NC,2059443.982,190601.037,5699.4,3567.114,100,0.0,32,100,0,3,100,10000.0,4295.24,649.564,6.6125,0.00047767,0.40709,0,536.8570154,6553.13,263.191,24.8988,0.000148155,0.0996452,0,232.7243966,600.43,112.361,5.34376,0.000150335,0.0942672,6,-359.5727986,1778.67,742.028,2.39704,0.000297796,0.282794
94.793872,1,AUTO,ARMED,5,AVAILABLE,UNAVAILABLE,UNAVAILABLE,54,1,ACTIVE,2,A_N2-A3.NC,A_N2-A3.NC,2059443.982,190601.037,5699.4,3567.114,100,0.0,32,100,0,4,100,10000.0,4295.24,649.564,6.6125,0.00047767,0.40709,0,536.857044,6553.13,263.191,24.8988,0.000148155,0.0996452,0,232.7243966,600.43,112.361,5.34376,0.000150335,0.0942672,6,-359.5727986,1778.67,742.028,2.39704,0.000297796,0.282794
94.934829,1,AUTO,ARMED,5,AVAILABLE,UNAVAILABLE,UNAVAILABLE,54,1,ACTIVE,2,A_N2-A3.NC,A_N2-A3.NC,2059443.982,190601.037,5699.4,3567.114,100,0.0,32,100,0,4,100,10000.0,4295.24,649.564,6.6125,0.00047767,0.40709,0,536.8570726,6553.13,263.191,24.8988,0.000148155,0.0996452,0,232.7243966,600.43,112.361,5.34376,0.000150335,0.0942672,6,-359.5727986,1778.67,742.028,2.39704,0.000297796,0.282794
95.077054,1,AUTO,ARMED,5,AVAILABLE,UNAVAILABLE,UNAVAILABLE,54,1,ACTIVE,2,A_N2-A3.NC,A_N2-A3.NC,2059443.982,190601.037,5699.4,3567.114,100,0.0,32,100,0,4,100,10000.0,4103.27,657.446,6.24123,0.000477808,0.426036,0,536.857087,1008.17,117.497,8.58039,0.000270479,0.0940761,0,232.7243966,1080.77,200.957,5.37812,0.000126052,0.095624,6,-359.5727986,2211.32,851.517,2.59692,0.000273496,0.309429
95.225243,1,AUTO,ARMED,5,AVAILABLE,UNAVAILABLE,UNAVAILABLE,54,1,ACTIVE,2,A_N2-A3.NC,A_N2-A3.NC,2059443.982,190601.037,5699.4,3567.114,100,0.0,32,100,0,4,100,10000.0,4103.27,657.446,6.24123,0.000477808,0.426036,0,536.8570941,1008.17,117.497,8.58039,0.000270479,0.0940761,0,232.7244037,1080.77,200.957,5.37812,0.000126052,0.095624,6,-359.5727986,2211.32,851.517,2.59692,0.000273496,0.309429
95.371771,1,AUTO,ARMED,5,AVAILABLE,UNAVAILABLE,UNAVAILABLE,54,1,ACTIVE,2,A_N2-A3.NC,A_N2-A3.NC,2059443.982,190601.037,5699.4,3567.114,100,0.0,33,100,0,4,100,10000.0,4103.27,657.446,6.24123,0.000477808,0.426036,0,536.8570941,1008.17,117.497,8.58039,0.000270479,0.0940761,0,233.0208857,1080.77,200.957,5.37812,0.000126052,0.095624,6,-359.5727986,2211.32,851.517,2.59692,0.000273496,0.309429
95.510386,1,AUTO,ARMED,5,AVAILABLE,UNAVAILABLE,UNAVAILABLE,57,1,ACTIVE,2,A_N2-A3.NC,A_N2-A3.NC,2059443.982,190601.037,5699.4,3586.9692,100,18.63333,33,100,0,5,100,10000.0,4103.27,657.446,6.24123,0.000477808,0.426036,0,536.8571013,1008.17,117.497,8.58039,0.000270479,0.0940761,0,234.9335433,1080.77,200.957,5.37812,0.000126052,0.095624,6,-359.57281,2211.32,851.517,2.59692,0.000273496,0.309429
95.675702,1,AUTO,ARMED,5,AVAILABLE,UNAVAILABLE,UNAVAILABLE,57,1,ACTIVE,2,A_N2-A3.NC,A_N2-A3.NC,2059443.982,190601.037,5699.4,3586.9692,100,18.63333,33,100,0,4,100,10000.0,4103.27,657.446,6.24123,0.000477808,0.426036,0,536.8571013,1008.17,117.497,8.58039,0.000270479,0.0940761,0,236.8473167,1080.77,200.957,5.37812,0.000126052,0.095624,6,-359.5727986,2211.32,851.517,2.59692,0.000273496,0.309429
95.828568,1,AUTO,ARMED,5,AVAILABLE,UNAVAILABLE,UNAVAILABLE,57,1,ACTIVE,2,A_N2-A3.NC,A_N2-A3.NC,2059443.982,190601.037,5699.4,3586.9692,100,18.63333,33,100,0,4,100,10000.0,4103.27,657.446,6.24123,0.000477808,0.426036,0,536.857087,1008.17,117.497,8.58039,0.000270479,0.0940761,0,238.7655675,1080.77,200.957,5.37812,0.000126052,0.095624,6,-359.5727986,2211.32,851.517,2.59692,0.000273496,0.309429
95.976439,1,AUTO,ARMED,5,AVAILABLE,UNAVAILABLE,UNAVAILABLE,57,1,ACTIVE,2,A_N2-A3.NC,A_N2-A3.NC,2059443.982,190601.037,5699.4,3586.9692,100,18.63333,33,100,0,4,100,10000.0,4103.27,657.446,6.24123,0.000477808,0.426036,0,536.8570941,1008.17,117.497,8.58039,0.000270479,0.0940761,0,244.5211355,1080.77,200.957,5.37812,0.000126052,0.095624,6,-359.5727986,2211.32,851.517,2.59692,0.000273496,0.309429
96.116114,1,AUTO,ARMED,5,AVAILABLE,UNAVAILABLE,UNAVAILABLE,57,1,ACTIVE,2,A_N2-A3.NC,A_N2-A3.NC,2059443.982,190601.037,5699.4,3586.9692,100,18.63333,33,100,0,4,100,10000.0,4223.25,658.763,6.41088,0.000484421,0.418809,0,536.8571013,1032.18,103.036,10.0177,0.000145511,0.0882904,0,246.4350591,1152.83,104.72,11.0087,0.000116492,0.0836112,6,-359.5727986,2139.21,783.422,2.7306,0.00023348,0.290836
96.262347,1,AUTO,ARMED,5,AVAILABLE,UNAVAILABLE,UNAVAILABLE,57,1,ACTIVE,2,A_N2-A3.NC,A_N2-A3.NC,2059443.982,190601.037,5699.4,3586.9692,100,18.63333,33,100,0,4,100,10000.0,4223.25,658.763,6.41088,0.000484421,0.418809,0,536.8571013,1032.18,103.036,10.0177,0.000145511,0.0882904,0,248.3582238,1152.83,104.72,11.0087,0.000116492,0.0836112,6,-359.57281,2139.21,783.422,2.7306,0.00023348,0.290836
96.408275,1,AUTO,ARMED,5,AVAILABLE,UNAVAILABLE,UNAVAILABLE,57,1,ACTIVE,2,A_N2-A3.NC,A_N2-A3.NC,2059443.982,190601.037,5699.4,3586.9692,100,18.63333,34,100,0,5,100,10000.0,4223.25,658.763,6.41088,0.000484421,0.418809,0,536.8571013,1032.18,103.036,10.0177,0.000145511,0.0882904,0,250.2766034,1152.83,104.72,11.0087,0.000116492,0.0836112,6,-359.57281,2139.21,783.422,2.7306,0.00023348,0.290836
96.551245,1,AUTO,ARMED,5,AVAILABLE,UNAVAILABLE,UNAVAILABLE,57,1,ACTIVE,2,A_N2-A3.NC,A_N2-A3.NC,2059443.982,190601.037,5699.4,2205.0239,100,11.25,34,100,0,5,100,10000.0,4223.25,658.763,6.41088,0.000484421,0.418809,0,536.8571013,1032.18,103.036,10.0177,0.000145511,0.0882904,0,253.4199991,1152.83,104.72,11.0087,0.000116492,0.0836112,6,-359.5727986,2139.21,783.422,2.7306,0.00023348,0.290836
96.696732,1,AUTO,ARMED,5,AVAILABLE,UNAVAILABLE,UNAVAILABLE,57,1,PROGRAM_STOPPED,2,A_N2-A3.NC,A_N2-A3.NC,2059443.982,190601.037,5699.4,2205.0239,100,7.5,34,100,0,4,100,10000.0,4223.25,658.763,6.41088,0.000484421,0.418809,0,536.8571013,1032.18,103.036,10.0177,0.000145511,0.0882904,0,253.4233465,1152.83,104.72,11.0087,0.000116492,0.0836112,6,-359.5727986,2139.21,783.422,2.7306,0.00023348,0.290836
96.839576,1,MANUAL,ARMED,1,AVAILABLE,UNAVAILABLE,UNAVAILABLE,57,1,PROGRAM_STOPPED,2,A_N2-A3.NC,A_N2-A3.NC,2059443.982,190601.037,5699.4,2205.0239,100,0.0,34,100,0,29,100,9952.877061,4223.25,658.763,6.41088,0.000484421,0.418809,0,536.8571013,1032.18,103.036,10.0177,0.000145511,0.0882904,0,253.4233393,1152.83,104.72,11.0087,0.000116492,0.0836112,6,-359.5727871,2139.21,783.422,2.7306,0.00023348,0.290836
97.019922,1,MANUAL,ARMED,1,AVAILABLE,UNAVAILABLE,UNAVAILABLE,57,1,PROGRAM_STOPPED,2,A_N2-A3.NC,A_N2-A3.NC,2059443.982,190601.037,5699.4,2205.0239,100,0.0,34,100,0,40,100,9495.218923,4223.25,658.763,6.41088,0.000484421,0.418809,0,536.8570941,1032.18,103.036,10.0177,0.000145511,0.0882904,0,253.4232964,1152.83,104.72,11.0087,0.000116492,0.0836112,6,-359.5727986,2139.21,783.422,2.7306,0.00023348,0.290836
97.158899,1,MANUAL,ARMED,1,AVAILABLE,UNAVAILABLE,UNAVAILABLE,57,1,PROGRAM_STOPPED,2,A_N2-A3.NC,A_N2-A3.NC,2059443.982,190601.037,5699.4,2205.0239,100,0.0,34,100,0,44,100,9191.804116,4223.25,658.763,6.41088,0.000484421,0.418809,0,536.8570941,1032.18,103.036,10.0177,0.000145511,0.0882904,0,253.4232964,1152.83,104.72,11.0087,0.000116492,0.0836112,6,-359.5727986,2139.21,783.422,2.7306,0.00023348,0.290836
97.305799,1,MANUAL,ARMED,1,AVAILABLE,UNAVAILABLE,UNAVAILABLE,57,1,PROGRAM_STOPPED,2,A_N2-A3.NC,A_N2-A3.NC,2059443.982,190601.037,5699.4,2205.0239,100,0.0,34,100,0,40,100,8875.261682,4079.28,583.129,6.9955,0.000148804,0.100479,0,536.8571013,984.169,143.445,6.86095,0.000216593,0.157015,0,253.4232821,816.583,166.332,4.90936,6.83946e-05,0.0539643,6,-359.5727871,2499.76,820.591,3.04629,0.000182846,0.285271
97.448844,1,MANUAL,ARMED,1,AVAILABLE,UNAVAILABLE,UNAVAILABLE,57,1,PROGRAM_STOPPED,2,A_N2-A3.NC,A_N2-A3.NC,2059443.982,190601.037,5699.4,2205.0239,100,0.0,34,100,0,29,100,8585.954072,4079.28,583.129,6.9955,0.000148804,0.100479,0,536.8570941,984.169,143.445,6.86095,0.000216593,0.157015,0,253.4232821,816.583,166.332,4.90936,6.83946e-05,0.0539643,6,-359.5727986,2499.76,820.591,3.04629,0.000182846,0.285271
97.590978,1,MANUAL,ARMED,1,AVAILABLE,UNAVAILABLE,UNAVAILABLE,57,1,PROGRAM_STOPPED,2,A_N2-A3.NC,A_N2-A3.NC,2059443.982,190601.037,5699.4,2009.3835,100,0.0,34,100,0,18,100,8126.472985,4079.28,583.129,6.9955,0.000148804,0.100479,0,536.8571013,984.169,143.445,6.86095,0.000216593,0.157015,0,253.4232821,816.583,166.332,4.90936,6.83946e-05,0.0539643,6,-359.5727986,2499.76,820.591,3.04629,0.000182846,0.285271
97.741928,1,MANUAL,ARMED,1,AVAILABLE,UNAVAILABLE,UNAVAILABLE,57,1,PROGRAM_STOPPED,2,A_N2-A3.NC,A_N2-A3.NC,2059443.982,190601.037,5699.4,2009.3835,100,0.0,34,100,0,19,100,7701.713519,4079.28,583.129,6.9955,0.000148804,0.100479,0,536.8571013,984.169,143.445,6.86095,0.000216593,0.157015,0,253.4232892,816.583,166.332,4.90936,6.83946e-05,0.0539643,6,-359.5727986,2499.76,820.591,3.04629,0.000182846,0.285271
97.888152,1,MANUAL,ARMED,1,AVAILABLE,UNAVAILABLE,UNAVAILABLE,57,1,PROGRAM_STOPPED,2,A_N2-A3.NC,A_N2-A3.NC,2059443.982,190601.037,5699.4,2009.3835,100,0.0,34,100,0,20,100,7467.537236,4079.28,583.129,6.9955,0.000148804,0.100479,0,536.8571013,984.169,143.445,6.86095,0.000216593,0.157015,0,253.4232892,816.583,166.332,4.90936,6.83946e-05,0.0539643,6,-359.5727986,2499.76,820.591,3.04629,0.000182846,0.285271
98.031273,1,MANUAL,ARMED,1,AVAILABLE,UNAVAILABLE,UNAVAILABLE,57,1,PROGRAM_STOPPED,2,A_N2-A3.NC,A_N2-A3.NC,2059443.982,190601.037,5699.4,2009.3835,100,0.0,34,100,0,18,100,7003.269143,3935.3,535.843,7.34413,0.000150575,0.093768,0,536.8570941,888.152,62.1752,14.2847,9.89719e-05,0.0500759,0,253.4232821,720.513,97.9537,7.35565,0.000111064,0.0628103,6,-359.5727986,2499.76,545.971,4.57856,0.000284432,0.206345
98.182693,1,MANUAL,ARMED,1,AVAILABLE,UNAVAILABLE,UNAVAILABLE,57,1,PROGRAM_STOPPED,2,A_N2-A3.NC,A_N2-A3.NC,2059443.982,190601.037,5699.4,2009.3835,100,0.0,34,100,0,19,100,6774.508111,3935.3,535.843,7.34413,0.000150575,0.093768,0,536.8570941,888.152,62.1752,14.2847,9.89719e-05,0.0500759,0,253.4232821,720.513,97.9537,7.35565,0.000111064,0.0628103,6,-359.5727986,2499.76,545.971,4.57856,0.000284432,0.206345
98.330021,1,MANUAL,ARMED,1,AVAILABLE,UNAVAILABLE,UNAVAILABLE,57,1,PROGRAM_STOPPED,2,A_N2-A3.NC,A_N2-A3.NC,2059443.982,190601.037,5699.4,2012.0184,100,0.0,34,100,0,17,100,6536.386526,3935.3,535.843,7.34413,0.000150575,0.093768,0,536.8571013,888.152,62.1752,14.2847,9.89719e-05,0.0500759,0,253.4232821,720.513,97.9537,7.35565,0.000111064,0.0628103,6,-359.5727986,2499.76,545.971,4.57856,0.000284432,0.206345
98.467199,1,MANUAL,ARMED,1,AVAILABLE,UNAVAILABLE,UNAVAILABLE,57,1,PROGRAM_STOPPED,2,A_N2-A3.NC,A_N2-A3.NC,2059443.982,190601.037,5699.4,2012.0184,100,0.0,34,100,0,19,100,6072.525487,3935.3,535.843,7.34413,0.000150575,0.093768,0,536.8571013,888.152,62.1752,14.2847,9.89719e-05,0.0500759,0,253.4232821,720.513,97.9537,7.35565,0.000111064,0.0628103,6,-359.5727986,2499.76,545.971,4.57856,0.000284432,0.206345
98.915732,1,MANUAL,ARMED,1,AVAILABLE,UNAVAILABLE,UNAVAILABLE,57,1,PROGRAM_STOPPED,2,A_N2-A3.NC,A_N2-A3.NC,2059443.982,190601.037,5699.4,2012.0184,100,0.0,34,100,0,17,100,4897.192739,3935.3,535.843,7.34413,0.000150575,0.093768,0,536.8571013,888.152,62.1752,14.2847,9.89719e-05,0.0500759,0,253.4232892,720.513,97.9537,7.35565,0.000111064,0.0628103,6,-359.5727986,2499.76,545.971,4.57856,0.000284432,0.206345
99.072438,1,MANUAL,ARMED,1,AVAILABLE,UNAVAILABLE,UNAVAILABLE,57,1,PROGRAM_STOPPED,2,A_N2-A3.NC,A_N2-A3.NC,2059443.982,190601.037,5699.4,2012.0184,100,0.0,34,100,0,15,100,4781.968175,3935.3,535.843,7.34413,0.000150575,0.093768,0,536.8571013,888.152,62.1752,14.2847,9.89719e-05,0.0500759,0,253.4232821,720.513,97.9537,7.35565,0.000111064,0.0628103,6,-359.5727986,2499.76,545.971,4.57856,0.000284432,0.206345
99.267381,1,MANUAL,ARMED,1,AVAILABLE,UNAVAILABLE,UNAVAILABLE,57,1,PROGRAM_STOPPED,2,A_N2-A3.NC,A_N2-A3.NC,2059443.982,190601.037,5699.4,2012.0184,100,0.0,34,100,0,16,100,4312.40228,3767.33,535.49,7.03529,9.30044e-05,0.0562105,0,536.8571013,840.144,44.0344,19.0793,6.5754e-05,0.0178101,0,253.4232821,624.445,73.2827,8.52104,4.09318e-05,0.018115,6,-359.5727986,1297.95,417.574,3.10831,0.000114457,0.128084
99.441357,1,MANUAL,ARMED,1,AVAILABLE,UNAVAILABLE,UNAVAILABLE,57,1,PROGRAM_STOPPED,2,A_N2-A3.NC,A_N2-A3.NC,2059443.982,190601.037,5699.4,2012.0184,100,0.0,34,100,0,18,100,4077.360781,3767.33,535.49,7.03529,9.30044e-05,0.0562105,0,536.8571013,840.144,44.0344,19.0793,6.5754e-05,0.0178101,0,253.4232821,624.445,73.2827,8.52104,4.09318e-05,0.018115,6,-359.5727986,1297.95,417.574,3.10831,0.000114457,0.128084
99.585351,1,MANUAL,ARMED,1,AVAILABLE,UNAVAILABLE,UNAVAILABLE,57,1,PROGRAM_STOPPED,2,A_N2-A3.NC,A_N2-A3.NC,2059443.982,190601.037,5699.4,2012.0184,100,0.0,34,100,0,19,100,3610.610183,3767.33,535.49,7.03529,9.30044e-05,0.0562105,0,536.8570941,840.144,44.0344,19.0793,6.5754e-05,0.0178101,0,253.4232821,624.445,73.2827,8.52104,4.09318e-05,0.018115,6,-359.5727986,1297.95,417.574,3.10831,0.000114457,0.128084
99.73297,1,MANUAL,ARMED,1,AVAILABLE,UNAVAILABLE,UNAVAILABLE,57,1,PROGRAM_STOPPED,2,A_N2-A3.NC,A_N2-A3.NC,2059443.982,190601.037,5699.4,2006.8335,100,0.0,34,100,0,20,100,3380.568258,3767.33,535.49,7.03529,9.30044e-05,0.0562105,0,536.8570941,840.144,44.0344,19.0793,6.5754e-05,0.0178101,0,253.4232821,624.445,73.2827,8.52104,4.09318e-05,0.018115,6,-359.5727986,1297.95,417.574,3.10831,0.000114457,0.128084
99.878054,1,MANUAL,ARMED,1,AVAILABLE,UNAVAILABLE,UNAVAILABLE,57,1,PROGRAM_STOPPED,2,A_N2-A3.NC,A_N2-A3.NC,2059443.982,190601.037,5699.4,2006.8335,100,0.0,34,100,0,23,100,3150.809804,3767.33,535.49,7.03529,9.30044e-05,0.0562105,0,536.8571013,840.144,44.0344,19.0793,6.5754e-05,0.0178101,0,253.4232821,624.445,73.2827,8.52104,4.09318e-05,0.018115,6,-359.57281,1297.95,417.574,3.10831,0.000114457,0.128084
100.021869,1,MANUAL,ARMED,1,AVAILABLE,UNAVAILABLE,UNAVAILABLE,57,1,PROGRAM_STOPPED,2,A_N2-A3.NC,A_N2-A3.NC,2059443.982,190601.037,5699.4,2006.8335,100,0.0,34,100,0,40,100,2485.495081,3767.33,535.49,7.03529,9.30044e-05,0.0562105,0,536.8571013,840.144,44.0344,19.0793,6.5754e-05,0.0178101,0,253.4232821,624.445,73.2827,8.52104,4.09318e-05,0.018115,6,-359.5727986,1297.95,417.574,3.10831,0.000114457,0.128084
100.175318,1,MANUAL,ARMED,1,AVAILABLE,UNAVAILABLE,UNAVAILABLE,57,1,PROGRAM_STOPPED,2,A_N2-A3.NC,A_N2-A3.NC,2059443.982,190601.037,5699.4,2006.8335,100,0.0,34,100,0,44,100,2235.623801,3767.33,535.49,7.03529,9.30044e-05,0.0562105,0,536.8571013,840.144,44.0344,19.0793,6.5754e-05,0.0178101,0,253.4232821,624.445,73.2827,8.52104,4.09318e-05,0.018115,6,-359.5727986,1297.95,417.574,3.10831,0.000114457,0.128084
100.313922,1,MANUAL,ARMED,1,AVAILABLE,UNAVAILABLE,UNAVAILABLE,57,1,PROGRAM_STOPPED,2,A_N2-A3.NC,A_N2-A3.NC,2059443.982,190601.037,5699.4,2006.8335,100,0.0,34,100,0,34,100,1970.580811,3767.33,535.49,7.03529,9.30044e-05,0.0562105,0,536.8571013,840.144,44.0344,19.0793,6.5754e-05,0.0178101,0,253.4232821,624.445,73.2827,8.52104,4.09318e-05,0.018115,6,-359.5727986,1297.95,417.574,3.10831,0.000114457,0.128084
100.475936,1,MANUAL,ARMED,1,AVAILABLE,UNAVAILABLE,UNAVAILABLE,57,1,PROGRAM_STOPPED,2,A_N2-A3.NC,A_N2-A3.NC,2059443.982,190601.037,5699.4,2006.8335,100,0.0,34,100,0,21,100,1485.331724,3743.33,508.244,7.36522,4.04497e-05,0.0376059,0,536.8571013,960.164,38.5672,24.8959,3.27079e-05,0.0119731,0,253.4232821,648.46,66.2849,9.78292,4.58264e-05,0.0147798,6,-359.5727986,2187.29,465.961,4.69415,7.05099e-05,0.140286
100.612676,1,MANUAL,ARMED,1,AVAILABLE,UNAVAILABLE,UNAVAILABLE,57,1,PROGRAM_STOPPED,2,A_N2-A3.NC,A_N2-A3.NC,2059443.982,190601.037,5699.4,2006.8335,100,0.0,34,100,0,20,100,1260.493163,3743.33,508.244,7.36522,4.04497e-05,0.0376059,0,536.8571013,960.164,38.5672,24.8959,3.27079e-05,0.0119731,0,253.4232821,648.46,66.2849,9.78292,4.58264e-05,0.0147798,6,-359.5727986,2187.29,465.961,4.69415,7.05099e-05,0.140286
100.755278,1,MANUAL,ARMED,1,AVAILABLE,UNAVAILABLE,UNAVAILABLE,57,1,PROGRAM_STOPPED,2,A_N2-A3.NC,A_N2-A3.NC,2059443.982,190601.037,5699.4,2006.8335,100,0.0,34,100,0,19,100,1033.402146,3743.33,508.244,7.36522,4.04497e-05,0.0376059,0,536.8571013,960.164,38.5672,24.8959,3.27079e-05,0.0119731,0,253.4232821,648.46,66.2849,9.78292,4.58264e-05,0.0147798,6,-359.5727986,2187.29,465.961,4.69415,7.05099e-05,0.140286
100.89646,1,MANUAL,ARMED,1,AVAILABLE,UNAVAILABLE,UNAVAILABLE,57,1,PROGRAM_STOPPED,2,A_N2-A3.NC,A_N2-A3.NC,2059443.982,190601.037,5699.4,2001.6223,100,0.0,34,100,0,20,100,569.4821332,3743.33,508.244,7.36522,4.04497e-05,0.0376059,0,536.8571013,960.164,38.5672,24.8959,3.27079e-05,0.0119731,0,253.4232821,648.46,66.2849,9.78292,4.58264e-05,0.0147798,6,-359.5727986,2187.29,465.961,4.69415,7.05099e-05,0.140286
101.038419,1,MANUAL,ARMED,1,AVAILABLE,UNAVAILABLE,UNAVAILABLE,57,1,PROGRAM_STOPPED,2,A_N2-A3.NC,A_N2-A3.NC,2059443.982,190601.037,5699.4,2001.6223,100,0.0,34,100,0,21,100,222.3774598,3743.33,508.244,7.36522,4.04497e-05,0.0376059,0,536.8570941,960.164,38.5672,24.8959,3.27079e-05,0.0119731,0,253.4232821,648.46,66.2849,9.78292,4.58264e-05,0.0147798,6,-359.5727986,2187.29,465.961,4.69415,7.05099e-05,0.140286
101.188619,1,MANUAL,ARMED,1,AVAILABLE,UNAVAILABLE,UNAVAILABLE,57,1,PROGRAM_STOPPED,2,A_N2-A3.NC,A_N2-A3.NC,2059443.982,190601.037,5699.4,2001.6223,100,0.0,34,100,0,21,100,0.0,3743.33,508.244,7.36522,4.04497e-05,0.0376059,0,536.8571013,960.164,38.5672,24.8959,3.27079e-05,0.0119731,0,253.4232821,648.46,66.2849,9.78292,4.58264e-05,0.0147798,6,-359.5727986,2187.29,465.961,4.69415,7.05099e-05,0.140286
101.331444,1,MANUAL,ARMED,1,AVAILABLE,UNAVAILABLE,UNAVAILABLE,57,1,PROGRAM_STOPPED,2,A_N2-A3.NC,A_N2-A3.NC,2059443.982,190601.037,5699.4,2001.6223,100,0.0,34,100,0,8,100,-37.8811401,3743.33,508.244,7.36522,4.04497e-05,0.0376059,0,536.8571013,960.164,38.5672,24.8959,3.27079e-05,0.0119731,0,253.4232821,648.46,66.2849,9.78292,4.58264e-05,0.0147798,6,-359.5727986,2187.29,465.961,4.69415,7.05099e-05,0.140286
101.472859,1,MANUAL,ARMED,1,AVAILABLE,UNAVAILABLE,UNAVAILABLE,57,1,PROGRAM_STOPPED,2,A_N2-A3.NC,A_N2-A3.NC,2059443.982,190601.037,5699.4,2001.6223,100,0.0,34,100,0,3,100,0.0,3311.41,509.327,6.50154,2.44873e-05,0.023435,0,536.8571013,888.15,37.9336,23.4133,4.86899e-05,0.0157206,0,253.4232821,696.496,52.0496,13.3814,2.79492e-05,0.00942342,6,-359.5727986,769.158,31.9573,24.0683,4.06527e-05,0.0107497
101.627119,1,MANUAL,ARMED,1,AVAILABLE,UNAVAILABLE,UNAVAILABLE,57,1,PROGRAM_STOPPED,2,A_N2-A3.NC,A_N2-A3.NC,2059443.982,190601.037,5699.4,2001.6223,100,0.0,34,100,0,0,100,0.0,3311.41,509.327,6.50154,2.44873e-05,0.023435,0,536.8570941,888.15,37.9336,23.4133,4.86899e-05,0.0157206,0,253.4232892,696.496,52.0496,13.3814,2.79492e-05,0.00942342,6,-359.5727986,769.158,31.9573,24.0683,4.06527e-05,0.0107497
101.774678,1,MANUAL,ARMED,1,AVAILABLE,UNAVAILABLE,UNAVAILABLE,57,1,PROGRAM_STOPPED,2,A_N2-A3.NC,A_N2-A3.NC,2059443.982,190601.037,5699.4,2001.6223,100,0.0,34,100,0,0,100,0.0,3311.41,509.327,6.50154,2.44873e-05,0.023435,0,536.8570941,888.15,37.9336,23.4133,4.86899e-05,0.0157206,0,253.4232821,696.496,52.0496,13.3814,2.79492e-05,0.00942342,6,-359.5727986,769.158,31.9573,24.0683,4.06527e-05,0.0107497
101.912616,1,MANUAL,ARMED,1,AVAILABLE,UNAVAILABLE,UNAVAILABLE,57,1,PROGRAM_STOPPED,2,A_N2-A3.NC,A_N2-A3.NC,2059443.982,190601.037,5699.4,2016.4553,100,0.0,34,100,0,0,100,0.0,3311.41,509.327,6.50154,2.44873e-05,0.023435,0,536.8571013,888.15,37.9336,23.4133,4.86899e-05,0.0157206,0,253.4232821,696.496,52.0496,13.3814,2.79492e-05,0.00942342,6,-359.5727986,769.158,31.9573,24.0683,4.06527e-05,0.0107497
102.050592,1,MANUAL,ARMED,1,AVAILABLE,UNAVAILABLE,UNAVAILABLE,57,1,PROGRAM_STOPPED,2,A_N2-A3.NC,A_N2-A3.NC,2059443.982,190601.037,5699.4,2016.4553,100,0.0,34,100,0,0,100,0.0,3311.41,509.327,6.50154,2.44873e-05,0.023435,0,536.8571013,888.15,37.9336,23.4133,4.86899e-05,0.0157206,0,253.4232821,696.496,52.0496,13.3814,2.79492e-05,0.00942342,6,-359.5727986,769.158,31.9573,24.0683,4.06527e-05,0.0107497
102.192175,1,MANUAL,ARMED,1,AVAILABLE,UNAVAILABLE,UNAVAILABLE,57,1,PROGRAM_STOPPED,2,A_N2-A3.NC,A_N2-A3.NC,2059443.982,190601.037,5699.4,2016.4553,100,0.0,34,100,0,0,100,0.0,3311.41,509.327,6.50154,2.44873e-05,0.023435,0,536.8571013,888.15,37.9336,23.4133,4.86899e-05,0.0157206,0,253.4232821,696.496,52.0496,13.3814,2.79492e-05,0.00942342,6,-359.5727986,769.158,31.9573,24.0683,4.06527e-05,0.0107497
102.353383,1,MANUAL,ARMED,1,AVAILABLE,UNAVAILABLE,UNAVAILABLE,57,1,PROGRAM_STOPPED,2,A_N2-A3.NC,A_N2-A3.NC,2059443.982,190601.037,5699.4,2016.4553,100,0.0,34,100,0,0,100,0.0,3311.41,509.327,6.50154,2.44873e-05,0.023435,0,536.8570941,888.15,37.9336,23.4133,4.86899e-05,0.0157206,0,253.4232821,696.496,52.0496,13.3814,2.79492e-05,0.00942342,6,-359.5727986,769.158,31.9573,24.0683,4.06527e-05,0.0107497
102.49614,1,MANUAL,ARMED,1,AVAILABLE,UNAVAILABLE,UNAVAILABLE,57,1,PROGRAM_STOPPED,2,A_N2-A3.NC,A_N2-A3.NC,2059443.982,190601.037,5699.4,2016.4553,100,0.0,34,100,0,0,100,0.0,3239.42,505.424,6.40931,5.88516e-05,0.0296962,0,536.8571013,744.127,38.2651,19.4466,6.46864e-05,0.0161888,0,253.4232821,504.359,53.0613,9.50521,1.39682e-05,0.00664365,6,-359.5727986,192.288,31.502,6.10399,9.27041e-05,0.0206438
102.64249,1,MANUAL,ARMED,1,AVAILABLE,UNAVAILABLE,UNAVAILABLE,57,1,PROGRAM_STOPPED,2,A_N2-A3.NC,A_N2-A3.NC,2059443.982,190601.037,5699.4,2016.4553,100,0.0,34,100,0,0,100,0.0,3239.42,505.424,6.40931,5.88516e-05,0.0296962,0,536.8571013,744.127,38.2651,19.4466,6.46864e-05,0.0161888,0,253.4232821,504.359,53.0613,9.50521,1.39682e-05,0.00664365,6,-359.5727986,192.288,31.502,6.10399,9.27041e-05,0.0206438
102.807867,1,MANUAL,ARMED,1,AVAILABLE,UNAVAILABLE,UNAVAILABLE,57,1,PROGRAM_STOPPED,2,A_N2-A3.NC,A_N2-A3.NC,2059443.982,190601.037,5699.4,2016.4553,100,0.0,34,100,0,0,100,0.0,3239.42,505.424,6.40931,5.88516e-05,0.0296962,0,536.8571013,744.127,38.2651,19.4466,6.46864e-05,0.0161888,0,253.4232821,504.359,53.0613,9.50521,1.39682e-05,0.00664365,6,-359.5727986,192.288,31.502,6.10399,9.27041e-05,0.0206438
102.946927,1,MANUAL,ARMED,1,AVAILABLE,UNAVAILABLE,UNAVAILABLE,57,1,PROGRAM_STOPPED,2,A_N2-A3.NC,A_N2-A3.NC,2059443.982,190601.037,5699.4,2016.4553,100,0.0,34,100,0,0,100,0.0,3239.42,505.424,6.40931,5.88516e-05,0.0296962,0,536.8571013,744.127,38.2651,19.4466,6.46864e-05,0.0161888,0,253.4232821,504.359,53.0613,9.50521,1.39682e-05,0.00664365,6,-359.5727986,192.288,31.502,6.10399,9.27041e-05,0.0206438
103.084447,1,MANUAL,ARMED,1,AVAILABLE,UNAVAILABLE,UNAVAILABLE,57,1,PROGRAM_STOPPED,2,A_N2-A3.NC,A_N2-A3.NC,2059443.982,190601.037,5699.4,2037.573,100,0.0,34,100,0,0,100,0.0,3239.42,505.424,6.40931,5.88516e-05,0.0296962,0,536.8571013,744.127,38.2651,19.4466,6.46864e-05,0.0161888,0,253.4232892,504.359,53.0613,9.50521,1.39682e-05,0.00664365,6,-359.5727986,192.288,31.502,6.10399,9.27041e-05,0.0206438
103.225793,1,MANUAL,ARMED,1,AVAILABLE,UNAVAILABLE,UNAVAILABLE,57,1,PROGRAM_STOPPED,2,A_N2-A3.NC,A_N2-A3.NC,2059443.982,190601.037,5699.4,2037.573,100,0.0,34,100,0,0,100,0.0,3239.42,505.424,6.40931,5.88516e-05,0.0296962,0,536.8571013,744.127,38.2651,19.4466,6.46864e-05,0.0161888,0,253.4232821,504.359,53.0613,9.50521,1.39682e-05,0.00664365,6,-359.5727986,192.288,31.502,6.10399,9.27041e-05,0.0206438
103.368442,1,MANUAL,ARMED,1,AVAILABLE,UNAVAILABLE,UNAVAILABLE,57,1,PROGRAM_STOPPED,2,A_N2-A3.NC,A_N2-A3.NC,2059443.982,190601.037,5699.4,2037.573,100,0.0,34,100,0,0,100,0.0,3239.42,505.424,6.40931,5.88516e-05,0.0296962,0,536.8571013,744.127,38.2651,19.4466,6.46864e-05,0.0161888,0,253.4232821,504.359,53.0613,9.50521,1.39682e-05,0.00664365,6,-359.5727986,192.288,31.502,6.10399,9.27041e-05,0.0206438
103.506763,1,MANUAL,ARMED,1,AVAILABLE,UNAVAILABLE,UNAVAILABLE,57,1,PROGRAM_STOPPED,2,A_N2-A3.NC,A_N2-A3.NC,2059443.982,190601.037,5699.4,2037.573,100,0.0,34,100,0,0,100,0.0,3239.42,505.424,6.40931,5.88516e-05,0.0296962,0,536.8571013,744.127,38.2651,19.4466,6.46864e-05,0.0161888,0,253.4232821,504.359,53.0613,9.50521,1.39682e-05,0.00664365,6,-359.5727986,192.288,31.502,6.10399,9.27041e-05,0.0206438
103.654338,1,MANUAL,ARMED,1,AVAILABLE,UNAVAILABLE,UNAVAILABLE,57,1,PROGRAM_STOPPED,2,A_N2-A3.NC,A_N2-A3.NC,2059443.982,190601.037,5699.4,2037.573,100,0.0,34,100,0,0,100,0.0,3215.43,497.977,6.45698,4.00167e-05,0.0240539,0,536.8571013,768.131,35.8713,21.4135,2.53044e-05,0.0099347,0,253.4232892,504.359,55.0901,9.15517,3.33745e-05,0.00875097,6,-359.5727986,240.36,28.9078,8.31471,5.71861e-05,0.0110668
103.793783,1,MANUAL,ARMED,1,AVAILABLE,UNAVAILABLE,UNAVAILABLE,57,1,PROGRAM_STOPPED,2,A_N2-A3.NC,A_N2-A3.NC,2059443.982,190601.037,5699.4,2037.573,100,0.0,34,100,0,0,100,0.0,3215.43,497.977,6.45698,4.00167e-05,0.0240539,0,536.8571013,768.131,35.8713,21.4135,2.53044e-05,0.0099347,0,253.4232821,504.359,55.0901,9.15517,3.33745e-05,0.00875097,6,-359.5727986,240.36,28.9078,8.31471,5.71861e-05,0.0110668
103.952043,1,MANUAL,ARMED,1,AVAILABLE,UNAVAILABLE,UNAVAILABLE,57,1,PROGRAM_STOPPED,2,A_N2-A3.NC,A_N2-A3.NC,2059443.982,190601.037,5699.4,2037.573,100,0.0,34,100,0,0,100,0.0,3215.43,497.977,6.45698,4.00167e-05,0.0240539,0,536.8571013,768.131,35.8713,21.4135,2.53044e-05,0.0099347,0,253.4232821,504.359,55.0901,9.15517,3.33745e-05,0.00875097,6,-359.5727986,240.36,28.9078,8.31471,5.71861e-05,0.0110668
104.09141,1,MANUAL,ARMED,1,AVAILABLE,UNAVAILABLE,UNAVAILABLE,57,1,PROGRAM_STOPPED,2,A_N2-A3.NC,A_N2-A3.NC,2059443.982,190601.037,5699.4,2040.5657,100,0.0,34,100,0,0,100,0.0,3215.43,497.977,6.45698,4.00167e-05,0.0240539,0,536.8570941,768.131,35.8713,21.4135,2.53044e-05,0.0099347,0,253.4232821,504.359,55.0901,9.15517,3.33745e-05,0.00875097,6,-359.5727986,240.36,28.9078,8.31471,5.71861e-05,0.0110668
104.228821,1,MANUAL,ARMED,1,AVAILABLE,UNAVAILABLE,UNAVAILABLE,57,1,PROGRAM_STOPPED,2,A_N2-A3.NC,A_N2-A3.NC,2059443.982,190601.037,5699.4,2040.5657,100,0.0,34,100,0,0,100,0.0,3215.43,497.977,6.45698,4.00167e-05,0.0240539,0,536.8571013,768.131,35.8713,21.4135,2.53044e-05,0.0099347,0,253.4232821,504.359,55.0901,9.15517,3.33745e-05,0.00875097,6,-359.5727986,240.36,28.9078,8.31471,5.71861e-05,0.0110668
104.378038,1,MANUAL,ARMED,1,AVAILABLE,UNAVAILABLE,UNAVAILABLE,57,1,PROGRAM_STOPPED,2,A_N2-A3.NC,A_N2-A3.NC,2059443.982,190601.037,5699.4,2040.5657,100,0.0,34,100,0,0,100,0.0,3215.43,497.977,6.45698,4.00167e-05,0.0240539,0,536.8570941,768.131,35.8713,21.4135,2.53044e-05,0.0099347,0,253.4232821,504.359,55.0901,9.15517,3.33745e-05,0.00875097,6,-359.5727986,240.36,28.9078,8.31471,5.71861e-05,0.0110668
104.515819,1,MANUAL,ARMED,1,AVAILABLE,UNAVAILABLE,UNAVAILABLE,57,1,PROGRAM_STOPPED,2,A_N2-A3.NC,A_N2-A3.NC,2059443.982,190601.037,5699.4,2040.5657,100,0.0,34,100,0,0,100,0.0,3215.43,497.977,6.45698,4.00167e-05,0.0240539,0,536.8571013,768.131,35.8713,21.4135,2.53044e-05,0.0099347,0,253.4232821,504.359,55.0901,9.15517,3.33745e-05,0.00875097,6,-359.5727986,240.36,28.9078,8.31471,5.71861e-05,0.0110668
104.6568,1,MANUAL,ARMED,1,AVAILABLE,UNAVAILABLE,UNAVAILABLE,57,1,PROGRAM_STOPPED,2,A_N2-A3.NC,A_N2-A3.NC,2059443.982,190601.037,5699.4,2040.5657,100,0.0,34,100,0,0,100,0.0,3263.42,500.168,6.52465,5.37216e-05,0.0253095,0,536.8571013,768.132,37.1288,20.6883,4.0499e-05,0.0116786,0,253.4232821,528.375,50.2135,10.5226,1.43704e-05,0.00713017,6,-359.5727986,216.322,28.5778,7.56958,2.12572e-05,0.00802077
104.797711,1,MANUAL,ARMED,1,AVAILABLE,UNAVAILABLE,UNAVAILABLE,57,1,PROGRAM_STOPPED,2,A_N2-A3.NC,A_N2-A3.NC,2059443.982,190601.037,5699.4,2040.5657,100,0.0,34,100,0,0,100,0.0,3263.42,500.168,6.52465,5.37216e-05,0.0253095,0,536.8571013,768.132,37.1288,20.6883,4.0499e-05,0.0116786,0,253.4232821,528.375,50.2135,10.5226,1.43704e-05,0.00713017,6,-359.5727986,216.322,28.5778,7.56958,2.12572e-05,0.00802077
104.938031,1,MANUAL,ARMED,1,AVAILABLE,UNAVAILABLE,UNAVAILABLE,57,1,PROGRAM_STOPPED,2,A_N2-A3.NC,A_N2-A3.NC,2059443.982,190601.037,5699.4,2040.5657,100,0.0,34,100,0,0,100,0.0,3263.42,500.168,6.52465,5.37216e-05,0.0253095,0,536.8570941,768.132,37.1288,20.6883,4.0499e-05,0.0116786,0,253.4232821,528.375,50.2135,10.5226,1.43704e-05,0.00713017,6,-359.5727986,216.322,28.5778,7.56958,2.12572e-05,0.00802077
105.099964,1,MANUAL,ARMED,1,AVAILABLE,UNAVAILABLE,UNAVAILABLE,57,1,PROGRAM_STOPPED,2,A_N2-A3.NC,A_N2-A3.NC,2059443.982,190601.037,5699.4,2040.5657,100,0.0,34,100,0,0,100,0.0,3263.42,500.168,6.52465,5.37216e-05,0.0253095,0,536.8570941,768.132,37.1288,20.6883,4.0499e-05,0.0116786,0,253.4232821,528.375,50.2135,10.5226,1.43704e-05,0.00713017,6,-359.5727986,216.322,28.5778,7.56958,2.12572e-05,0.00802077
105.251898,1,MANUAL,ARMED,1,AVAILABLE,UNAVAILABLE,UNAVAILABLE,57,1,PROGRAM_STOPPED,2,A_N2-A3.NC,A_N2-A3.NC,2059443.982,190601.037,5699.4,2039.863,100,0.0,34,100,0,0,100,0.0,3263.42,500.168,6.52465,5.37216e-05,0.0253095,0,536.8571013,768.132,37.1288,20.6883,4.0499e-05,0.0116786,0,253.4232821,528.375,50.2135,10.5226,1.43704e-05,0.00713017,6,-359.5727986,216.322,28.5778,7.56958,2.12572e-05,0.00802077
105.400243,1,MANUAL,ARMED,1,AVAILABLE,UNAVAILABLE,UNAVAILABLE,57,1,PROGRAM_STOPPED,2,A_N2-A3.NC,A_N2-A3.NC,2059443.982,190601.037,5699.4,2039.863,100,0.0,34,100,0,0,100,0.0,3263.42,500.168,6.52465,5.37216e-05,0.0253095,0,536.8571013,768.132,37.1288,20.6883,4.0499e-05,0.0116786,0,253.4232892,528.375,50.2135,10.5226,1.43704e-05,0.00713017,6,-359.5727986,216.322,28.5778,7.56958,2.12572e-05,0.00802077
105.538863,1,MANUAL,ARMED,1,AVAILABLE,UNAVAILABLE,UNAVAILABLE,57,1,PROGRAM_STOPPED,2,A_N2-A3.NC,A_N2-A3.NC,2059443.982,190601.037,5699.4,2039.863,100,0.0,34,100,0,0,100,0.0,3263.42,500.168,6.52465,5.37216e-05,0.0253095,0,536.8571013,768.132,37.1288,20.6883,4.0499e-05,0.0116786,0,253.4232892,528.375,50.2135,10.5226,1.43704e-05,0.00713017,6,-359.5727986,216.322,28.5778,7.56958,2.12572e-05,0.00802077
105.681498,1,MANUAL,ARMED,1,AVAILABLE,UNAVAILABLE,UNAVAILABLE,57,1,PROGRAM_STOPPED,2,A_N2-A3.NC,A_N2-A3.NC,2059443.982,190601.037,5699.4,2039.863,100,0.0,34,100,0,0,100,0.0,3287.42,518.088,6.34529,4.29188e-05,0.0252015,0,536.8571013,792.136,34.5944,22.8978,1.85875e-05,0.00785759,0,253.4232821,504.359,51.5686,9.78035,2.05719e-05,0.00950604,6,-359.5727986,192.287,27.7779,6.9223,3.10244e-05,0.00801953
105.830845,1,MANUAL,ARMED,1,AVAILABLE,UNAVAILABLE,UNAVAILABLE,57,1,PROGRAM_STOPPED,2,A_N2-A3.NC,A_N2-A3.NC,2059443.982,190601.037,5699.4,2039.863,100,0.0,34,100,0,0,100,0.0,3287.42,518.088,6.34529,4.29188e-05,0.0252015,0,536.8571013,792.136,34.5944,22.8978,1.85875e-05,0.00785759,0,253.4232821,504.359,51.5686,9.78035,2.05719e-05,0.00950604,6,-359.5727986,192.287,27.7779,6.9223,3.10244e-05,0.00801953
105.970805,1,MANUAL,ARMED,1,AVAILABLE,UNAVAILABLE,UNAVAILABLE,57,1,PROGRAM_STOPPED,2,A_N2-A3.NC,A_N2-A3.NC,2059443.982,190601.037,5699.4,2039.863,100,0.0,34,100,0,0,100,0.0,3287.42,518.088,6.34529,4.29188e-05,0.0252015,0,536.8571013,792.136,34.5944,22.8978,1.85875e-05,0.00785759,0,253.4232821,504.359,51.5686,9.78035,2.05719e-05,0.00950604,6,-359.5727986,192.287,27.7779,6.9223,3.10244e-05,0.00801953
106.117216,1,MANUAL,ARMED,1,AVAILABLE,UNAVAILABLE,UNAVAILABLE,57,1,PROGRAM_STOPPED,2,A_N2-A3.NC,A_N2-A3.NC,2059443.982,190601.037,5699.4,2039.863,100,0.0,34,100,0,0,100,0.0,3287.42,518.088,6.34529,4.29188e-05,0.0252015,0,536.8571013,792.136,34.5944,22.8978,1.85875e-05,0.00785759,0,253.4232821,504.359,51.5686,9.78035,2.05719e-05,0.00950604,6,-359.5727986,192.287,27.7779,6.9223,3.10244e-05,0.00801953
106.266993,1,MANUAL,ARMED,1,AVAILABLE,UNAVAILABLE,UNAVAILABLE,57,1,PROGRAM_STOPPED,2,A_N2-A3.NC,A_N2-A3.NC,2059443.982,190601.037,5699.4,2035.6146,100,0.0,34,100,0,0,100,0.0,3287.42,518.088,6.34529,4.29188e-05,0.0252015,0,536.8570941,792.136,34.5944,22.8978,1.85875e-05,0.00785759,0,253.4232821,504.359,51.5686,9.78035,2.05719e-05,0.00950604,6,-359.5727986,192.287,27.7779,6.9223,3.10244e-05,0.00801953
106.425786,1,MANUAL,ARMED,1,AVAILABLE,UNAVAILABLE,UNAVAILABLE,57,1,PROGRAM_STOPPED,2,A_N2-A3.NC,A_N2-A3.NC,2059443.982,190601.037,5699.4,2035.6146,100,0.0,34,100,0,0,100,0.0,3287.42,518.088,6.34529,4.29188e-05,0.0252015,0,536.8571013,792.136,34.5944,22.8978,1.85875e-05,0.00785759,0,253.4232821,504.359,51.5686,9.78035,2.05719e-05,0.00950604,6,-359.5727986,192.287,27.7779,6.9223,3.10244e-05,0.00801953
106.563767,1,MANUAL,ARMED,1,AVAILABLE,UNAVAILABLE,UNAVAILABLE,57,1,PROGRAM_STOPPED,2,A_N2-A3.NC,A_N2-A3.NC,2059443.982,190601.037,5699.4,2035.6146,100,0.0,34,100,0,0,100,0.0,3287.42,518.088,6.34529,4.29188e-05,0.0252015,0,536.8571013,792.136,34.5944,22.8978,1.85875e-05,0.00785759,0,253.4232821,504.359,51.5686,9.78035,2.05719e-05,0.00950604,6,-359.57281,192.287,27.7779,6.9223,3.10244e-05,0.00801953
106.705724,1,MANUAL,ARMED,1,AVAILABLE,UNAVAILABLE,UNAVAILABLE,57,1,PROGRAM_STOPPED,2,A_N2-A3.NC,A_N2-A3.NC,2059443.982,190601.037,5699.4,2035.6146,100,0.0,34,100,0,0,100,0.0,3263.42,498.972,6.54029,4.47015e-05,0.0252375,0,536.8571013,816.139,34.4863,23.6656,3.13078e-05,0.00975406,0,253.4232821,480.341,50.3893,9.5326,5.1648e-05,0.0135148,6,-359.5727986,216.322,29.448,7.3459,4.3576e-05,0.00980462
106.847261,1,MANUAL,ARMED,1,AVAILABLE,UNAVAILABLE,UNAVAILABLE,57,1,PROGRAM_STOPPED,2,A_N2-A3.NC,A_N2-A3.NC,2059443.982,190601.037,5699.4,2035.6146,100,0.0,34,100,0,0,100,0.0,3263.42,498.972,6.54029,4.47015e-05,0.0252375,0,536.8571013,816.139,34.4863,23.6656,3.13078e-05,0.00975406,0,253.4232821,480.341,50.3893,9.5326,5.1648e-05,0.0135148,6,-359.5727986,216.322,29.448,7.3459,4.3576e-05,0.00980462
107.009131,1,MANUAL,ARMED,1,AVAILABLE,UNAVAILABLE,UNAVAILABLE,57,1,PROGRAM_STOPPED,2,A_N2-A3.NC,A_N2-A3.NC,2059443.982,190601.037,5699.4,2035.6146,100,0.0,34,100,0,0,100,0.0,3263.42,498.972,6.54029,4.47015e-05,0.0252375,0,536.8571013,816.139,34.4863,23.6656,3.13078e-05,0.00975406,0,253.4232821,480.341,50.3893,9.5326,5.1648e-05,0.0135148,6,-359.5727986,216.322,29.448,7.3459,4.3576e-05,0.00980462
107.25862,1,MANUAL,ARMED,1,AVAILABLE,UNAVAILABLE,UNAVAILABLE,57,1,PROGRAM_STOPPED,2,A_N2-A3.NC,A_N2-A3.NC,2059443.982,190601.037,5699.4,2035.6146,100,0.0,34,100,0,0,100,0.0,3263.42,498.972,6.54029,4.47015e-05,0.0252375,0,536.8571013,816.139,34.4863,23.6656,3.13078e-05,0.00975406,0,253.4232821,480.341,50.3893,9.5326,5.1648e-05,0.0135148,6,-359.5727986,216.322,29.448,7.3459,4.3576e-05,0.00980462
107.426285,1,MANUAL,ARMED,1,AVAILABLE,UNAVAILABLE,UNAVAILABLE,57,1,PROGRAM_STOPPED,2,A_N2-A3.NC,A_N2-A3.NC,2059443.982,190601.037,5699.4,2043.5192,100,0.0,34,100,0,0,100,0.0,3263.42,498.972,6.54029,4.47015e-05,0.0252375,0,536.8571013,816.139,34.4863,23.6656,3.13078e-05,0.00975406,0,253.4232821,480.341,50.3893,9.5326,5.1648e-05,0.0135148,6,-359.5727986,216.322,29.448,7.3459,4.3576e-05,0.00980462
107.56786,1,MANUAL,ARMED,1,AVAILABLE,UNAVAILABLE,UNAVAILABLE,57,1,PROGRAM_STOPPED,2,A_N2-A3.NC,A_N2-A3.NC,2059443.982,190601.037,5699.4,2043.5192,100,0.0,34,100,0,0,100,0.0,3263.42,498.972,6.54029,4.47015e-05,0.0252375,0,536.8571013,816.139,34.4863,23.6656,3.13078e-05,0.00975406,0,253.4232892,480.341,50.3893,9.5326,5.1648e-05,0.0135148,6,-359.5727986,216.322,29.448,7.3459,4.3576e-05,0.00980462
107.705824,1,MANUAL,ARMED,1,AVAILABLE,UNAVAILABLE,UNAVAILABLE,57,1,PROGRAM_STOPPED,2,A_N2-A3.NC,A_N2-A3.NC,2059443.982,190601.037,5699.4,2043.5192,100,0.0,34,100,0,0,100,0.0,3311.41,498.237,6.64625,3.85719e-05,0.0234156,0,536.8571013,768.131,34.495,22.2679,2.81411e-05,0.00872987,0,253.4232821,528.376,50.3192,10.5005,1.25151e-05,0.00582626,6,-359.5727986,168.253,26.7789,6.28304,1.94781e-05,0.00709193
107.863869,1,MANUAL,ARMED,1,AVAILABLE,UNAVAILABLE,UNAVAILABLE,57,1,PROGRAM_STOPPED,2,A_N2-A3.NC,A_N2-A3.NC,2059443.982,190601.037,5699.4,2043.5192,100,0.0,34,100,0,0,100,0.0,3311.41,498.237,6.64625,3.85719e-05,0.0234156,0,536.8571013,768.131,34.495,22.2679,2.81411e-05,0.00872987,0,253.4232821,528.376,50.3192,10.5005,1.25151e-05,0.00582626,6,-359.5727986,168.253,26.7789,6.28304,1.94781e-05,0.00709193
108.051718,1,MANUAL,ARMED,1,AVAILABLE,UNAVAILABLE,UNAVAILABLE,57,1,PROGRAM_STOPPED,2,A_N2-A3.NC,A_N2-A3.NC,2059443.982,190601.037,5699.4,2043.5192,100,0.0,34,100,0,0,100,0.0,3311.41,498.237,6.64625,3.85719e-05,0.0234156,0,536.8571013,768.131,34.495,22.2679,2.81411e-05,0.00872987,0,253.4232821,528.376,50.3192,10.5005,1.25151e-05,0.00582626,6,-359.5727986,168.253,26.7789,6.28304,1.94781e-05,0.00709193
108.207372,1,MANUAL,ARMED,1,AVAILABLE,UNAVAILABLE,UNAVAILABLE,57,1,PROGRAM_STOPPED,2,A_N2-A3.NC,A_N2-A3.NC,2059443.982,190601.037,5699.4,2043.5192,100,0.0,34,100,0,0,100,0.0,3311.41,498.237,6.64625,3.85719e-05,0.0234156,0,536.8571013,768.131,34.495,22.2679,2.81411e-05,0.00872987,0,253.4232821,528.376,50.3192,10.5005,1.25151e-05,0.00582626,6,-359.5727986,168.253,26.7789,6.28304,1.94781e-05,0.00709193
108.354983,1,MANUAL,ARMED,1,AVAILABLE,UNAVAILABLE,UNAVAILABLE,57,1,PROGRAM_STOPPED,2,A_N2-A3.NC,A_N2-A3.NC,2059443.982,190601.037,5699.4,2043.5192,100,0.0,34,100,0,0,100,0.0,3311.41,498.237,6.64625,3.85719e-05,0.0234156,0,536.8571013,768.131,34.495,22.2679,2.81411e-05,0.00872987,0,253.4232821,528.376,50.3192,10.5005,1.25151e-05,0.00582626,6,-359.5727986,168.253,26.7789,6.28304,1.94781e-05,0.00709193
108.500819,1,MANUAL,ARMED,1,AVAILABLE,UNAVAILABLE,UNAVAILABLE,57,1,PROGRAM_STOPPED,2,A_N2-A3.NC,A_N2-A3.NC,2059443.982,190601.037,5699.4,2038.3018,100,0.0,34,100,0,0,100,0.0,3311.41,498.237,6.64625,3.85719e-05,0.0234156,0,536.8571013,768.131,34.495,22.2679,2.81411e-05,0.00872987,0,253.4232821,528.376,50.3192,10.5005,1.25151e-05,0.00582626,6,-359.5727986,168.253,26.7789,6.28304,1.94781e-05,0.00709193
108.655597,1,MANUAL,ARMED,1,AVAILABLE,UNAVAILABLE,UNAVAILABLE,57,1,PROGRAM_STOPPED,2,A_N2-A3.NC,A_N2-A3.NC,2059443.982,190601.037,5699.4,2038.3018,100,0.0,34,100,0,0,100,0.0,3311.41,498.237,6.64625,3.85719e-05,0.0234156,0,536.8571013,768.131,34.495,22.2679,2.81411e-05,0.00872987,0,253.4232892,528.376,50.3192,10.5005,1.25151e-05,0.00582626,6,-359.5727986,168.253,26.7789,6.28304,1.94781e-05,0.00709193
108.803857,1,MANUAL,ARMED,1,AVAILABLE,UNAVAILABLE,UNAVAILABLE,57,1,PROGRAM_STOPPED,2,A_N2-A3.NC,A_N2-A3.NC,2059443.982,190601.037,5699.4,2038.3018,100,0.0,34,100,0,0,100,0.0,3311.41,498.237,6.64625,3.85719e-05,0.0234156,0,536.8570941,768.131,34.495,22.2679,2.81411e-05,0.00872987,0,253.4232821,528.376,50.3192,10.5005,1.25151e-05,0.00582626,6,-359.5727986,168.253,26.7789,6.28304,1.94781e-05,0.00709193
108.945893,1,MANUAL,ARMED,1,AVAILABLE,UNAVAILABLE,UNAVAILABLE,57,1,PROGRAM_STOPPED,2,A_N2-A3.NC,A_N2-A3.NC,2059443.982,190601.037,5699.4,2038.3018,100,0.0,34,100,0,0,100,0.0,3239.42,498.293,6.50103,3.14523e-05,0.0235242,0,536.8571013,744.127,33.1247,22.4644,2.98111e-05,0.00852783,0,253.4232821,504.357,52.7109,9.56836,2.49734e-05,0.00888667,6,-359.57281,216.324,33.6003,6.43816,8.44206e-05,0.0180351
109.085411,1,MANUAL,ARMED,1,AVAILABLE,UNAVAILABLE,UNAVAILABLE,57,1,PROGRAM_STOPPED,2,A_N2-A3.NC,A_N2-A3.NC,2059443.982,190601.037,5699.4,2038.3018,100,0.0,34,100,0,0,100,0.0,3239.42,498.293,6.50103,3.14523e-05,0.0235242,0,536.8571013,744.127,33.1247,22.4644,2.98111e-05,0.00852783,0,253.4232821,504.357,52.7109,9.56836,2.49734e-05,0.00888667,6,-359.5727986,216.324,33.6003,6.43816,8.44206e-05,0.0180351
109.226566,1,MANUAL,ARMED,1,AVAILABLE,UNAVAILABLE,UNAVAILABLE,57,1,PROGRAM_STOPPED,2,A_N2-A3.NC,A_N2-A3.NC,2059443.982,190601.037,5699.4,2038.3018,100,0.0,34,100,0,0,100,0.0,3239.42,498.293,6.50103,3.14523e-05,0.0235242,0,536.8571013,744.127,33.1247,22.4644,2.98111e-05,0.00852783,0,253.4232821,504.357,52.7109,9.56836,2.49734e-05,0.00888667,6,-359.5727986,216.324,33.6003,6.43816,8.44206e-05,0.0180351
109.367364,1,MANUAL,ARMED,1,AVAILABLE,UNAVAILABLE,UNAVAILABLE,57,1,PROGRAM_STOPPED,2,A_N2-A3.NC,A_N2-A3.NC,2059443.982,190601.037,5699.4,2038.3018,100,0.0,34,100,0,0,100,0.0,3239.42,498.293,6.50103,3.14523e-05,0.0235242,0,536.8571013,744.127,33.1247,22.4644,2.98111e-05,0.00852783,0,253.4232821,504.357,52.7109,9.56836,2.49734e-05,0.00888667,6,-359.5727986,216.324,33.6003,6.43816,8.44206e-05,0.0180351
109.509675,1,MANUAL,ARMED,1,AVAILABLE,UNAVAILABLE,UNAVAILABLE,57,1,PROGRAM_STOPPED,2,A_N2-A3.NC,A_N2-A3.NC,2059443.982,190601.037,5699.4,2039.7068,100,0.0,34,100,0,0,100,0.0,3239.42,498.293,6.50103,3.14523e-05,0.0235242,0,536.8571013,744.127,33.1247,22.4644,2.98111e-05,0.00852783,0,253.4232821,504.357,52.7109,9.56836,2.49734e-05,0.00888667,6,-359.5727986,216.324,33.6003,6.43816,8.44206e-05,0.0180351
109.680157,1,MANUAL,ARMED,1,AVAILABLE,UNAVAILABLE,UNAVAILABLE,57,1,PROGRAM_STOPPED,2,A_N2-A3.NC,A_N2-A3.NC,2059443.982,190601.037,5699.4,2039.7068,100,0.0,34,100,0,0,100,0.0,3239.42,498.293,6.50103,3.14523e-05,0.0235242,0,536.8571013,744.127,33.1247,22.4644,2.98111e-05,0.00852783,0,253.4232821,504.357,52.7109,9.56836,2.49734e-05,0.00888667,6,-359.5727986,216.324,33.6003,6.43816,8.44206e-05,0.0180351
109.837843,1,MANUAL,ARMED,1,AVAILABLE,UNAVAILABLE,UNAVAILABLE,57,1,PROGRAM_STOPPED,2,A_N2-A3.NC,A_N2-A3.NC,2059443.982,190601.037,5699.4,2039.7068,100,0.0,34,100,0,0,100,0.0,3239.42,498.293,6.50103,3.14523e-05,0.0235242,0,536.8571013,744.127,33.1247,22.4644,2.98111e-05,0.00852783,0,253.4232821,504.357,52.7109,9.56836,2.49734e-05,0.00888667,6,-359.5727986,216.324,33.6003,6.43816,8.44206e-05,0.0180351
109.986616,1,MANUAL,ARMED,1,AVAILABLE,UNAVAILABLE,UNAVAILABLE,57,1,PROGRAM_STOPPED,2,A_N2-A3.NC,A_N2-A3.NC,2059443.982,190601.037,5699.4,2039.7068,100,0.0,34,100,0,0,100,0.0,3311.41,498.045,6.64882,3.84739e-05,0.0233438,0,536.8571013,744.129,32.877,22.6337,3.36915e-05,0.00937761,0,253.4232821,480.342,49.8764,9.63065,4.68672e-05,0.01073,6,-359.5727986,192.287,32.0302,6.0033,8.81448e-06,0.00791135
110.128487,1,MANUAL,ARMED,1,AVAILABLE,UNAVAILABLE,UNAVAILABLE,57,1,PROGRAM_STOPPED,2,A_N2-A3.NC,A_N2-A3.NC,2059443.982,190601.037,5699.4,2039.7068,100,0.0,34,100,0,0,100,0.0,3311.41,498.045,6.64882,3.84739e-05,0.0233438,0,536.8571013,744.129,32.877,22.6337,3.36915e-05,0.00937761,0,253.4232821,480.342,49.8764,9.63065,4.68672e-05,0.01073,6,-359.5727986,192.287,32.0302,6.0033,8.81448e-06,0.00791135
110.266402,1,MANUAL,ARMED,1,AVAILABLE,UNAVAILABLE,UNAVAILABLE,57,1,PROGRAM_STOPPED,2,A_N2-A3.NC,A_N2-A3.NC,2059443.982,190601.037,5699.4,2039.7068,100,0.0,34,100,0,0,100,0.0,3311.41,498.045,6.64882,3.84739e-05,0.0233438,0,536.8571013,744.129,32.877,22.6337,3.36915e-05,0.00937761,0,253.4232892,480.342,49.8764,9.63065,4.68672e-05,0.01073,6,-359.5727986,192.287,32.0302,6.0033,8.81448e-06,0.00791135
110.41204,1,MANUAL,ARMED,1,AVAILABLE,UNAVAILABLE,UNAVAILABLE,57,1,PROGRAM_STOPPED,2,A_N2-A3.NC,A_N2-A3.NC,2059443.982,190601.037,5699.4,2039.7068,100,0.0,34,100,0,0,100,0.0,3311.41,498.045,6.64882,3.84739e-05,0.0233438,0,536.8571013,744.129,32.877,22.6337,3.36915e-05,0.00937761,0,253.4232821,480.342,49.8764,9.63065,4.68672e-05,0.01073,6,-359.5727986,192.287,32.0302,6.0033,8.81448e-06,0.00791135
110.551877,1,MANUAL,ARMED,1,AVAILABLE,UNAVAILABLE,UNAVAILABLE,57,1,PROGRAM_STOPPED,2,A_N2-A3.NC,A_N2-A3.NC,2059443.982,190601.037,5699.4,2039.7068,100,0.0,34,100,0,0,100,0.0,3311.41,498.045,6.64882,3.84739e-05,0.0233438,0,536.8571013,744.129,32.877,22.6337,3.36915e-05,0.00937761,0,253.4232821,480.342,49.8764,9.63065,4.68672e-05,0.01073,6,-359.5727986,192.287,32.0302,6.0033,8.81448e-06,0.00791135
110.691195,1,MANUAL,ARMED,1,AVAILABLE,UNAVAILABLE,UNAVAILABLE,57,1,PROGRAM_STOPPED,2,A_N2-A3.NC,A_N2-A3.NC,2059443.982,190601.037,5699.4,2041.4502,100,0.0,34,100,0,0,100,0.0,3311.41,498.045,6.64882,3.84739e-05,0.0233438,0,536.8571013,744.129,32.877,22.6337,3.36915e-05,0.00937761,0,253.4232821,480.342,49.8764,9.63065,4.68672e-05,0.01073,6,-359.5727986,192.287,32.0302,6.0033,8.81448e-06,0.00791135
110.845707,1,MANUAL,ARMED,1,AVAILABLE,UNAVAILABLE,UNAVAILABLE,57,1,PROGRAM_STOPPED,2,A_N2-A3.NC,A_N2-A3.NC,2059443.982,190601.037,5699.4,2041.4502,100,0.0,34,100,0,0,100,0.0,3311.41,498.045,6.64882,3.84739e-05,0.0233438,0,536.8570941,744.129,32.877,22.6337,3.36915e-05,0.00937761,0,253.4232821,480.342,49.8764,9.63065,4.68672e-05,0.01073,6,-359.5727986,192.287,32.0302,6.0033,8.81448e-06,0.00791135
111.005653,1,MANUAL,ARMED,1,AVAILABLE,UNAVAILABLE,UNAVAILABLE,57,1,PROGRAM_STOPPED,2,A_N2-A3.NC,A_N2-A3.NC,2059443.982,190601.037,5699.4,2041.4502,100,0.0,34,100,0,0,100,0.0,3263.42,496.118,6.57791,4.5879e-05,0.0228151,0,536.8571013,792.136,34.5569,22.9227,8.59154e-05,0.021003,0,253.4232821,456.323,49.9158,9.14185,3.47494e-05,0.0084237,6,-359.5727986,216.324,34.058,6.35164,1.58501e-05,0.0102423
111.149069,1,MANUAL,ARMED,1,AVAILABLE,UNAVAILABLE,UNAVAILABLE,57,1,PROGRAM_STOPPED,2,A_N2-A3.NC,A_N2-A3.NC,2059443.982,190601.037,5699.4,2041.4502,100,0.0,34,100,0,0,100,0.0,3263.42,496.118,6.57791,4.5879e-05,0.0228151,0,536.8571013,792.136,34.5569,22.9227,8.59154e-05,0.021003,0,253.4232892,456.323,49.9158,9.14185,3.47494e-05,0.0084237,6,-359.5727986,216.324,34.058,6.35164,1.58501e-05,0.0102423
111.287184,1,MANUAL,ARMED,1,AVAILABLE,UNAVAILABLE,UNAVAILABLE,57,1,PROGRAM_STOPPED,2,A_N2-A3.NC,A_N2-A3.NC,2059443.982,190601.037,5699.4,2041.4502,100,0.0,34,100,0,0,100,0.0,3263.42,496.118,6.57791,4.5879e-05,0.0228151,0,536.8571013,792.136,34.5569,22.9227,8.59154e-05,0.021003,0,253.4232821,456.323,49.9158,9.14185,3.47494e-05,0.0084237,6,-359.5727986,216.324,34.058,6.35164,1.58501e-05,0.0102423
111.431351,1,MANUAL,ARMED,1,AVAILABLE,UNAVAILABLE,UNAVAILABLE,57,1,PROGRAM_STOPPED,2,A_N2-A3.NC,A_N2-A3.NC,2059443.982,190601.037,5699.4,2041.4502,100,0.0,34,100,0,0,100,0.0,3263.42,496.118,6.57791,4.5879e-05,0.0228151,0,536.8571013,792.136,34.5569,22.9227,8.59154e-05,0.021003,0,253.4232821,456.323,49.9158,9.14185,3.47494e-05,0.0084237,6,-359.5727986,216.324,34.058,6.35164,1.58501e-05,0.0102423
111.572904,1,MANUAL,ARMED,1,AVAILABLE,UNAVAILABLE,UNAVAILABLE,57,1,PROGRAM_STOPPED,2,A_N2-A3.NC,A_N2-A3.NC,2059443.982,190601.037,5699.4,2041.4502,100,0.0,34,100,0,0,100,0.0,3263.42,496.118,6.57791,4.5879e-05,0.0228151,0,536.8571013,792.136,34.5569,22.9227,8.59154e-05,0.021003,0,253.4232821,456.323,49.9158,9.14185,3.47494e-05,0.0084237,6,-359.5727986,216.324,34.058,6.35164,1.58501e-05,0.0102423
111.715979,1,MANUAL,ARMED,1,AVAILABLE,UNAVAILABLE,UNAVAILABLE,57,1,PROGRAM_STOPPED,2,A_N2-A3.NC,A_N2-A3.NC,2059443.982,190601.037,5699.4,2033.3116,100,0.0,34,100,0,0,100,0.0,3263.42,496.118,6.57791,4.5879e-05,0.0228151,0,536.8570941,792.136,34.5569,22.9227,8.59154e-05,0.021003,0,253.4232892,456.323,49.9158,9.14185,3.47494e-05,0.0084237,6,-359.5727986,216.324,34.058,6.35164,1.58501e-05,0.0102423
111.855766,1,MANUAL,ARMED,1,AVAILABLE,UNAVAILABLE,UNAVAILABLE,57,1,PROGRAM_STOPPED,2,A_N2-A3.NC,A_N2-A3.NC,2059443.982,190601.037,5699.4,2033.3116,100,0.0,34,100,0,0,100,0.0,3263.42,496.118,6.57791,4.5879e-05,0.0228151,0,536.8571013,792.136,34.5569,22.9227,8.59154e-05,0.021003,0,253.4232821,456.323,49.9158,9.14185,3.47494e-05,0.0084237,6,-359.5727986,216.324,34.058,6.35164,1.58501e-05,0.0102423
112.019275,1,MANUAL,ARMED,1,AVAILABLE,UNAVAILABLE,UNAVAILABLE,57,1,PROGRAM_STOPPED,2,A_N2-A3.NC,A_N2-A3.NC,2059443.982,190601.037,5699.4,2033.3116,100,0.0,34,100,0,0,100,0.0,3287.42,499.227,6.58502,3.23127e-05,0.0231942,0,536.8571013,720.124,32.6277,22.0709,9.62367e-05,0.0180963,0,253.4232821,480.341,52.3205,9.18074,1.90984e-05,0.00852776,6,-359.5727986,216.329,31.174,6.9394,2.85476e-05,0.0108565
112.171404,1,MANUAL,ARMED,1,AVAILABLE,UNAVAILABLE,UNAVAILABLE,57,1,PROGRAM_STOPPED,2,A_N2-A3.NC,A_N2-A3.NC,2059443.982,190601.037,5699.4,2033.3116,100,0.0,34,100,0,0,100,0.0,3287.42,499.227,6.58502,3.23127e-05,0.0231942,0,536.8571013,720.124,32.6277,22.0709,9.62367e-05,0.0180963,0,253.4232821,480.341,52.3205,9.18074,1.90984e-05,0.00852776,6,-359.5727986,216.329,31.174,6.9394,2.85476e-05,0.0108565
112.310067,1,MANUAL,ARMED,1,AVAILABLE,UNAVAILABLE,UNAVAILABLE,57,1,PROGRAM_STOPPED,2,A_N2-A3.NC,A_N2-A3.NC,2059443.982,190601.037,5699.4,2033.3116,100,0.0,34,100,0,0,100,0.0,3287.42,499.227,6.58502,3.23127e-05,0.0231942,0,536.8570941,720.124,32.6277,22.0709,9.62367e-05,0.0180963,0,253.4232821,480.341,52.3205,9.18074,1.90984e-05,0.00852776,6,-359.5727986,216.329,31.174,6.9394,2.85476e-05,0.0108565
112.456576,1,MANUAL,ARMED,1,AVAILABLE,UNAVAILABLE,UNAVAILABLE,57,1,PROGRAM_STOPPED,2,A_N2-A3.NC,A_N2-A3.NC,2059443.982,190601.037,5699.4,2033.3116,100,0.0,34,100,0,0,100,0.0,3287.42,499.227,6.58502,3.23127e-05,0.0231942,0,536.8571013,720.124,32.6277,22.0709,9.62367e-05,0.0180963,0,253.4232821,480.341,52.3205,9.18074,1.90984e-05,0.00852776,6,-359.57281,216.329,31.174,6.9394,2.85476e-05,0.0108565
112.60686,1,MANUAL,ARMED,2,AVAILABLE,UNAVAILABLE,UNAVAILABLE,57,1,PROGRAM_STOPPED,2,A_N2-A3.NC,A_N2-A3.NC,2059443.982,190601.037,5699.4,2033.3116,100,0.0,34,100,0,0,100,0.0,3287.42,499.227,6.58502,3.23127e-05,0.0231942,0,536.8571013,720.124,32.6277,22.0709,9.62367e-05,0.0180963,0,253.4232821,480.341,52.3205,9.18074,1.90984e-05,0.00852776,6,-359.57281,216.329,31.174,6.9394,2.85476e-05,0.0108565
112.746977,1,MANUAL,ARMED,2,AVAILABLE,UNAVAILABLE,UNAVAILABLE,57,1,PROGRAM_STOPPED,2,A_N2-A3.NC,A_N2-A3.NC,2059443.982,190601.037,5699.4,2037.8005,100,0.0,34,100,0,0,100,0.0,3287.42,499.227,6.58502,3.23127e-05,0.0231942,0,536.8571013,720.124,32.6277,22.0709,9.62367e-05,0.0180963,0,253.4232821,480.341,52.3205,9.18074,1.90984e-05,0.00852776,6,-359.5727986,216.329,31.174,6.9394,2.85476e-05,0.0108565
112.888302,1,MANUAL,ARMED,2,AVAILABLE,UNAVAILABLE,UNAVAILABLE,57,1,PROGRAM_STOPPED,2,A_N2-A3.NC,A_N2-A3.NC,2059443.982,190601.037,5699.4,2037.8005,100,0.0,34,100,0,0,100,0.0,3287.42,499.227,6.58502,3.23127e-05,0.0231942,0,536.8571013,720.124,32.6277,22.0709,9.62367e-05,0.0180963,0,253.4232821,480.341,52.3205,9.18074,1.90984e-05,0.00852776,6,-359.5727986,216.329,31.174,6.9394,2.85476e-05,0.0108565
113.076467,1,MANUAL,ARMED,2,AVAILABLE,UNAVAILABLE,UNAVAILABLE,57,1,PROGRAM_STOPPED,2,A_N2-A3.NC,A_N2-A3.NC,2059443.982,190601.037,5699.4,2037.8005,100,0.0,34,100,0,0,100,0.0,3311.41,499.769,6.62588,4.67416e-05,0.0243292,0,536.8571013,744.129,34.8838,21.3316,9.50784e-05,0.0184951,0,253.4232821,456.326,52.2603,8.73179,2.50588e-05,0.00858851,6,-359.5727986,192.287,29.2493,6.57407,1.64196e-05,0.00819205
113.221472,1,MANUAL,ARMED,2,AVAILABLE,UNAVAILABLE,UNAVAILABLE,57,1,PROGRAM_STOPPED,2,A_N2-A3.NC,A_N2-A3.NC,2059443.982,190601.037,5699.4,2037.8005,100,0.0,34,100,0,0,100,0.0,3311.41,499.769,6.62588,4.67416e-05,0.0243292,0,536.8571013,744.129,34.8838,21.3316,9.50784e-05,0.0184951,0,253.4232821,456.326,52.2603,8.73179,2.50588e-05,0.00858851,6,-359.57281,192.287,29.2493,6.57407,1.64196e-05,0.00819205
113.365242,1,MANUAL,ARMED,2,AVAILABLE,UNAVAILABLE,UNAVAILABLE,57,1,PROGRAM_STOPPED,2,A_N2-A3.NC,A_N2-A3.NC,2059443.982,190601.037,5699.4,2037.8005,100,0.0,34,100,0,0,100,0.0,3311.41,499.769,6.62588,4.67416e-05,0.0243292,0,536.8571013,744.129,34.8838,21.3316,9.50784e-05,0.0184951,0,253.4232821,456.326,52.2603,8.73179,2.50588e-05,0.00858851,6,-359.5727986,192.287,29.2493,6.57407,1.64196e-05,0.00819205
113.504285,1,MANUAL,ARMED,2,AVAILABLE,UNAVAILABLE,UNAVAILABLE,57,1,PROGRAM_STOPPED,2,A_N2-A3.NC,A_N2-A3.NC,2059443.982,190601.037,5699.4,2037.8005,100,0.0,34,100,0,0,100,0.0,3311.41,499.769,6.62588,4.67416e-05,0.0243292,0,536.8571013,744.129,34.8838,21.3316,9.50784e-05,0.0184951,0,253.4232821,456.326,52.2603,8.73179,2.50588e-05,0.00858851,6,-359.5727986,192.287,29.2493,6.57407,1.64196e-05,0.00819205
113.643464,1,MANUAL,ARMED,2,AVAILABLE,UNAVAILABLE,UNAVAILABLE,57,1,PROGRAM_STOPPED,2,A_N2-A3.NC,A_N2-A3.NC,2059443.982,190601.037,5699.4,2037.8005,100,0.0,34,100,0,0,100,0.0,3311.41,499.769,6.62588,4.67416e-05,0.0243292,0,536.8571013,744.129,34.8838,21.3316,9.50784e-05,0.0184951,0,253.4232821,456.326,52.2603,8.73179,2.50588e-05,0.00858851,6,-359.5727986,192.287,29.2493,6.57407,1.64196e-05,0.00819205
113.786442,1,MANUAL,ARMED,2,AVAILABLE,UNAVAILABLE,UNAVAILABLE,57,1,PROGRAM_STOPPED,2,A_N2-A3.NC,A_N2-A3.NC,2059443.982,190601.037,5699.4,2037.8005,100,0.0,34,100,0,0,100,0.0,3311.41,499.769,6.62588,4.67416e-05,0.0243292,0,536.8571013,744.129,34.8838,21.3316,9.50784e-05,0.0184951,0,253.4232821,456.326,52.2603,8.73179,2.50588e-05,0.00858851,6,-359.5727986,192.287,29.2493,6.57407,1.64196e-05,0.00819205
113.921618,1,MANUAL,ARMED,2,AVAILABLE,UNAVAILABLE,UNAVAILABLE,57,1,PROGRAM_STOPPED,2,A_N2-A3.NC,A_N2-A3.NC,2059443.982,190601.037,5699.4,2039.2905,100,0.0,34,100,0,0,100,0.0,3311.41,499.769,6.62588,4.67416e-05,0.0243292,0,536.8571013,744.129,34.8838,21.3316,9.50784e-05,0.0184951,0,253.4232821,456.326,52.2603,8.73179,2.50588e-05,0.00858851,6,-359.5727986,192.287,29.2493,6.57407,1.64196e-05,0.00819205
114.069633,1,MANUAL,ARMED,2,AVAILABLE,UNAVAILABLE,UNAVAILABLE,57,1,PROGRAM_STOPPED,2,A_N2-A3.NC,A_N2-A3.NC,2059443.982,190601.037,5699.4,2039.2905,100,0.0,34,100,0,0,100,0.0,3287.42,494.051,6.65401,5.94361e-05,0.0278165,0,536.8571013,744.128,34.4597,21.5942,9.00728e-05,0.0172725,0,253.4232821,456.324,48.7325,9.36385,2.02214e-05,0.00906302,6,-359.5727986,192.287,29.8278,6.44657,2.34856e-05,0.00833402
114.215551,1,MANUAL,ARMED,2,AVAILABLE,UNAVAILABLE,UNAVAILABLE,57,1,PROGRAM_STOPPED,2,A_N2-A3.NC,A_N2-A3.NC,2059443.982,190601.037,5699.4,2039.2905,100,0.0,34,100,0,0,100,0.0,3287.42,494.051,6.65401,5.94361e-05,0.0278165,0,536.8570941,744.128,34.4597,21.5942,9.00728e-05,0.0172725,0,253.4232821,456.324,48.7325,9.36385,2.02214e-05,0.00906302,6,-359.5727986,192.287,29.8278,6.44657,2.34856e-05,0.00833402
114.352471,1,MANUAL,ARMED,2,AVAILABLE,UNAVAILABLE,UNAVAILABLE,57,1,PROGRAM_STOPPED,2,A_N2-A3.NC,A_N2-A3.NC,2059443.982,190601.037,5699.4,2039.2905,100,0.0,34,100,0,0,100,0.0,3287.42,494.051,6.65401,5.94361e-05,0.0278165,0,536.8571013,744.128,34.4597,21.5942,9.00728e-05,0.0172725,0,253.4232821,456.324,48.7325,9.36385,2.02214e-05,0.00906302,6,-359.5727986,192.287,29.8278,6.44657,2.34856e-05,0.00833402
114.516871,1,MANUAL,ARMED,2,AVAILABLE,UNAVAILABLE,UNAVAILABLE,57,1,PROGRAM_STOPPED,2,A_N2-A3.NC,A_N2-A3.NC,2059443.982,190601.037,5699.4,2039.2905,100,0.0,34,100,0,0,100,0.0,3287.42,494.051,6.65401,5.94361e-05,0.0278165,0,536.8571013,744.128,34.4597,21.5942,9.00728e-05,0.0172725,0,253.4232821,456.324,48.7325,9.36385,2.02214e-05,0.00906302,6,-359.5727986,192.287,29.8278,6.44657,2.34856e-05,0.00833402
114.66099,1,MANUAL,ARMED,2,AVAILABLE,UNAVAILABLE,UNAVAILABLE,57,1,PROGRAM_STOPPED,2,A_N2-A3.NC,A_N2-A3.NC,2059443.982,190601.037,5699.4,2039.2905,100,0.0,34,100,0,0,100,0.0,3287.42,494.051,6.65401,5.94361e-05,0.0278165,0,536.8571013,744.128,34.4597,21.5942,9.00728e-05,0.0172725,0,253.4232821,456.324,48.7325,9.36385,2.02214e-05,0.00906302,6,-359.5727986,192.287,29.8278,6.44657,2.34856e-05,0.00833402
114.80442,1,MANUAL,ARMED,2,AVAILABLE,UNAVAILABLE,UNAVAILABLE,57,1,PROGRAM_STOPPED,2,A_N2-A3.NC,A_N2-A3.NC,2059443.982,190601.037,5699.4,2039.2905,100,0.0,34,100,0,0,100,0.0,3287.42,494.051,6.65401,5.94361e-05,0.0278165,0,536.8571013,744.128,34.4597,21.5942,9.00728e-05,0.0172725,0,253.4232821,456.324,48.7325,9.36385,2.02214e-05,0.00906302,6,-359.5727986,192.287,29.8278,6.44657,2.34856e-05,0.00833402
114.946213,1,MANUAL,ARMED,2,AVAILABLE,UNAVAILABLE,UNAVAILABLE,57,1,PROGRAM_STOPPED,2,A_N2-A3.NC,A_N2-A3.NC,2059443.982,190601.037,5699.4,2039.2905,100,0.0,34,100,0,0,100,0.0,3287.42,494.051,6.65401,5.94361e-05,0.0278165,0,536.8571084,744.128,34.4597,21.5942,9.00728e-05,0.0172725,0,253.4232821,456.324,48.7325,9.36385,2.02214e-05,0.00906302,6,-359.5727986,192.287,29.8278,6.44657,2.34856e-05,0.00833402
115.087293,1,MANUAL,ARMED,2,AVAILABLE,UNAVAILABLE,UNAVAILABLE,57,1,PROGRAM_STOPPED,2,A_N2-A3.NC,A_N2-A3.NC,2059443.982,190601.037,5699.4,2041.1965,100,0.0,34,100,0,0,100,0.0,3287.42,494.051,6.65401,5.94361e-05,0.0278165,0,536.8571013,744.128,34.4597,21.5942,9.00728e-05,0.0172725,0,253.4232821,456.324,48.7325,9.36385,2.02214e-05,0.00906302,6,-359.5727986,192.287,29.8278,6.44657,2.34856e-05,0.00833402
115.22674,1,MANUAL,ARMED,2,AVAILABLE,UNAVAILABLE,UNAVAILABLE,57,1,PROGRAM_STOPPED,2,A_N2-A3.NC,A_N2-A3.NC,2059443.982,190601.037,5699.4,2041.1965,100,0.0,34,100,0,0,100,0.0,3335.41,496.642,6.71592,1.89086e-05,0.0216978,0,536.8570941,792.131,32.0583,24.7091,3.20118e-05,0.00973082,0,253.4232892,456.322,51.9264,8.78786,3.73667e-05,0.0092519,6,-359.5727986,192.287,30.7454,6.25417,5.57411e-05,0.0134404
115.370448,1,MANUAL,ARMED,2,AVAILABLE,UNAVAILABLE,UNAVAILABLE,57,1,PROGRAM_STOPPED,2,A_N2-A3.NC,A_N2-A3.NC,2059443.982,190601.037,5699.4,2041.1965,100,0.0,34,100,0,0,100,0.0,3335.41,496.642,6.71592,1.89086e-05,0.0216978,0,536.8571013,792.131,32.0583,24.7091,3.20118e-05,0.00973082,0,253.4232821,456.322,51.9264,8.78786,3.73667e-05,0.0092519,6,-359.5727986,192.287,30.7454,6.25417,5.57411e-05,0.0134404
115.513794,1,MANUAL,ARMED,2,AVAILABLE,UNAVAILABLE,UNAVAILABLE,57,1,PROGRAM_STOPPED,2,A_N2-A3.NC,A_N2-A3.NC,2059443.982,190601.037,5699.4,2041.1965,100,0.0,34,100,0,0,100,0.0,3335.41,496.642,6.71592,1.89086e-05,0.0216978,0,536.8571013,792.131,32.0583,24.7091,3.20118e-05,0.00973082,0,253.4232821,456.322,51.9264,8.78786,3.73667e-05,0.0092519,6,-359.5727986,192.287,30.7454,6.25417,5.57411e-05,0.0134404
115.657328,1,MANUAL,ARMED,2,AVAILABLE,UNAVAILABLE,UNAVAILABLE,57,1,PROGRAM_STOPPED,2,A_N2-A3.NC,A_N2-A3.NC,2059443.982,190601.037,5699.4,2041.1965,100,0.0,34,100,0,0,100,0.0,3335.41,496.642,6.71592,1.89086e-05,0.0216978,0,536.8571013,792.131,32.0583,24.7091,3.20118e-05,0.00973082,0,253.4232821,456.322,51.9264,8.78786,3.73667e-05,0.0092519,6,-359.5727986,192.287,30.7454,6.25417,5.57411e-05,0.0134404
115.793115,1,MANUAL,ARMED,2,AVAILABLE,UNAVAILABLE,UNAVAILABLE,57,1,PROGRAM_STOPPED,2,A_N2-A3.NC,A_N2-A3.NC,2059443.982,190601.037,5699.4,2041.1965,100,0.0,34,100,0,0,100,0.0,3335.41,496.642,6.71592,1.89086e-05,0.0216978,0,536.8571013,792.131,32.0583,24.7091,3.20118e-05,0.00973082,0,253.4232821,456.322,51.9264,8.78786,3.73667e-05,0.0092519,6,-359.5727986,192.287,30.7454,6.25417,5.57411e-05,0.0134404
115.934716,1,MANUAL,ARMED,2,AVAILABLE,UNAVAILABLE,UNAVAILABLE,57,1,PROGRAM_STOPPED,2,A_N2-A3.NC,A_N2-A3.NC,2059443.982,190601.037,5699.4,2041.1965,100,0.0,34,100,0,0,100,0.0,3335.41,496.642,6.71592,1.89086e-05,0.0216978,0,536.8570941,792.131,32.0583,24.7091,3.20118e-05,0.00973082,0,253.4232821,456.322,51.9264,8.78786,3.73667e-05,0.0092519,6,-359.5727986,192.287,30.7454,6.25417,5.57411e-05,0.0134404
116.079356,1,MANUAL,ARMED,2,AVAILABLE,UNAVAILABLE,UNAVAILABLE,57,1,PROGRAM_STOPPED,2,A_N2-A3.NC,A_N2-A3.NC,2059443.982,190601.037,5699.4,2041.535,100,0.0,34,100,0,0,100,0.0,3335.41,496.642,6.71592,1.89086e-05,0.0216978,0,536.8571013,792.131,32.0583,24.7091,3.20118e-05,0.00973082,0,253.4232821,456.322,51.9264,8.78786,3.73667e-05,0.0092519,6,-359.5727986,192.287,30.7454,6.25417,5.57411e-05,0.0134404
116.223121,1,MANUAL,ARMED,2,AVAILABLE,UNAVAILABLE,UNAVAILABLE,57,1,PROGRAM_STOPPED,2,A_N2-A3.NC,A_N2-A3.NC,2059443.982,190601.037,5699.4,2041.535,100,0.0,34,100,0,0,100,0.0,3287.42,498.494,6.5947,3.12668e-05,0.0228562,0,536.8571013,720.124,31.987,22.513,6.6695e-05,0.0147341,0,253.4232821,408.292,53.7089,7.60194,5.39786e-05,0.0118376,6,-359.5727986,192.288,27.9169,6.88787,5.17796e-05,0.0117477
116.364874,1,MANUAL,ARMED,2,AVAILABLE,UNAVAILABLE,UNAVAILABLE,57,1,PROGRAM_STOPPED,2,A_N2-A3.NC,A_N2-A3.NC,2059443.982,190601.037,5699.4,2041.535,100,0.0,34,100,0,0,100,0.0,3287.42,498.494,6.5947,3.12668e-05,0.0228562,0,536.8570941,720.124,31.987,22.513,6.6695e-05,0.0147341,0,253.4232821,408.292,53.7089,7.60194,5.39786e-05,0.0118376,6,-359.5727986,192.288,27.9169,6.88787,5.17796e-05,0.0117477
116.500953,1,MANUAL,ARMED,2,AVAILABLE,UNAVAILABLE,UNAVAILABLE,57,1,PROGRAM_STOPPED,2,A_N2-A3.NC,A_N2-A3.NC,2059443.982,190601.037,5699.4,2041.535,100,0.0,34,100,0,0,100,0.0,3287.42,498.494,6.5947,3.12668e-05,0.0228562,0,536.8571013,720.124,31.987,22.513,6.6695e-05,0.0147341,0,253.4232821,408.292,53.7089,7.60194,5.39786e-05,0.0118376,6,-359.57281,192.288,27.9169,6.88787,5.17796e-05,0.0117477
116.639741,1,MANUAL,ARMED,2,AVAILABLE,UNAVAILABLE,UNAVAILABLE,57,1,PROGRAM_STOPPED,2,A_N2-A3.NC,A_N2-A3.NC,2059443.982,190601.037,5699.4,2041.535,100,0.0,34,100,0,0,100,0.0,3287.42,498.494,6.5947,3.12668e-05,0.0228562,0,536.8571013,720.124,31.987,22.513,6.6695e-05,0.0147341,0,253.4232821,408.292,53.7089,7.60194,5.39786e-05,0.0118376,6,-359.5727986,192.288,27.9169,6.88787,5.17796e-05,0.0117477
116.777343,1,MANUAL,ARMED,2,AVAILABLE,UNAVAILABLE,UNAVAILABLE,57,1,PROGRAM_STOPPED,2,A_N2-A3.NC,A_N2-A3.NC,2059443.982,190601.037,5699.4,2041.535,100,0.0,34,100,0,0,100,0.0,3287.42,498.494,6.5947,3.12668e-05,0.0228562,0,536.8571013,720.124,31.987,22.513,6.6695e-05,0.0147341,0,253.4232892,408.292,53.7089,7.60194,5.39786e-05,0.0118376,6,-359.5727986,192.288,27.9169,6.88787,5.17796e-05,0.0117477
116.914983,1,MANUAL,ARMED,2,AVAILABLE,UNAVAILABLE,UNAVAILABLE,57,1,PROGRAM_STOPPED,2,A_N2-A3.NC,A_N2-A3.NC,2059443.982,190601.037,5699.4,2041.535,100,0.0,34,100,0,0,100,0.0,3287.42,498.494,6.5947,3.12668e-05,0.0228562,0,536.8571013,720.124,31.987,22.513,6.6695e-05,0.0147341,0,253.4232821,408.292,53.7089,7.60194,5.39786e-05,0.0118376,6,-359.5727986,192.288,27.9169,6.88787,5.17796e-05,0.0117477
117.066018,1,MANUAL,ARMED,2,AVAILABLE,UNAVAILABLE,UNAVAILABLE,57,1,PROGRAM_STOPPED,2,A_N2-A3.NC,A_N2-A3.NC,2059443.982,190601.037,5699.4,2041.535,100,0.0,34,100,0,0,100,0.0,3287.42,498.494,6.5947,3.12668e-05,0.0228562,0,536.8571013,720.124,31.987,22.513,6.6695e-05,0.0147341,0,253.4232821,408.292,53.7089,7.60194,5.39786e-05,0.0118376,6,-359.5727986,192.288,27.9169,6.88787,5.17796e-05,0.0117477
117.205378,1,MANUAL,ARMED,2,AVAILABLE,UNAVAILABLE,UNAVAILABLE,57,1,PROGRAM_STOPPED,2,A_N2-A3.NC,A_N2-A3.NC,2059443.982,190601.037,5699.4,2036.6101,100,0.0,34,100,0,0,100,0.0,3287.42,498.494,6.5947,3.12668e-05,0.0228562,0,536.8570941,720.124,31.987,22.513,6.6695e-05,0.0147341,0,253.4232821,408.292,53.7089,7.60194,5.39786e-05,0.0118376,6,-359.5727986,192.288,27.9169,6.88787,5.17796e-05,0.0117477
117.349406,1,MANUAL,ARMED,2,AVAILABLE,UNAVAILABLE,UNAVAILABLE,57,1,PROGRAM_STOPPED,2,A_N2-A3.NC,A_N2-A3.NC,2059443.982,190601.037,5699.4,2036.6101,100,0.0,34,100,0,0,100,0.0,3335.41,498.678,6.6885,5.41541e-05,0.026871,0,536.8570941,792.134,33.4458,23.6841,5.35347e-05,0.0136306,0,253.4232821,456.326,48.8046,9.35006,2.62624e-05,0.00812546,6,-359.5727986,216.323,30.1421,7.17677,3.71046e-05,0.0122527
117.509312,1,MANUAL,ARMED,2,AVAILABLE,UNAVAILABLE,UNAVAILABLE,57,1,PROGRAM_STOPPED,2,A_N2-A3.NC,A_N2-A3.NC,2059443.982,190601.037,5699.4,2036.6101,100,0.0,34,100,0,0,100,0.0,3335.41,498.678,6.6885,5.41541e-05,0.026871,0,536.8571013,792.134,33.4458,23.6841,5.35347e-05,0.0136306,0,253.4232821,456.326,48.8046,9.35006,2.62624e-05,0.00812546,6,-359.5727986,216.323,30.1421,7.17677,3.71046e-05,0.0122527
117.652656,1,MANUAL,ARMED,2,AVAILABLE,UNAVAILABLE,UNAVAILABLE,57,1,PROGRAM_STOPPED,2,A_N2-A3.NC,A_N2-A3.NC,2059443.982,190601.037,5699.4,2036.6101,100,0.0,34,100,0,0,100,0.0,3335.41,498.678,6.6885,5.41541e-05,0.026871,0,536.8571013,792.134,33.4458,23.6841,5.35347e-05,0.0136306,0,253.4232749,456.326,48.8046,9.35006,2.62624e-05,0.00812546,6,-359.5727986,216.323,30.1421,7.17677,3.71046e-05,0.0122527
117.793451,1,MANUAL,ARMED,2,AVAILABLE,UNAVAILABLE,UNAVAILABLE,57,1,PROGRAM_STOPPED,2,A_N2-A3.NC,A_N2-A3.NC,2059443.982,190601.037,5699.4,2036.6101,100,0.0,34,100,0,0,100,0.0,3335.41,498.678,6.6885,5.41541e-05,0.026871,0,536.8571013,792.134,33.4458,23.6841,5.35347e-05,0.0136306,0,253.4232821,456.326,48.8046,9.35006,2.62624e-05,0.00812546,6,-359.5727986,216.323,30.1421,7.17677,3.71046e-05,0.0122527
117.929335,1,MANUAL,ARMED,2,AVAILABLE,UNAVAILABLE,UNAVAILABLE,57,1,PROGRAM_STOPPED,2,A_N2-A3.NC,A_N2-A3.NC,2059443.982,190601.037,5699.4,2036.6101,100,0.0,34,100,0,0,100,0.0,3335.41,498.678,6.6885,5.41541e-05,0.026871,0,536.8571013,792.134,33.4458,23.6841,5.35347e-05,0.0136306,0,253.4232821,456.326,48.8046,9.35006,2.62624e-05,0.00812546,6,-359.5727986,216.323,30.1421,7.17677,3.71046e-05,0.0122527
118.071183,1,MANUAL,ARMED,2,AVAILABLE,UNAVAILABLE,UNAVAILABLE,57,1,PROGRAM_STOPPED,2,A_N2-A3.NC,A_N2-A3.NC,2059443.982,190601.037,5699.4,2036.6101,100,0.0,34,100,0,0,100,0.0,3335.41,498.678,6.6885,5.41541e-05,0.026871,0,536.8571013,792.134,33.4458,23.6841,5.35347e-05,0.0136306,0,253.4232821,456.326,48.8046,9.35006,2.62624e-05,0.00812546,6,-359.5727986,216.323,30.1421,7.17677,3.71046e-05,0.0122527
118.212306,1,MANUAL,ARMED,2,AVAILABLE,UNAVAILABLE,UNAVAILABLE,57,1,PROGRAM_STOPPED,2,A_N2-A3.NC,A_N2-A3.NC,2059443.982,190601.037,5699.4,2036.6101,100,0.0,34,100,0,0,100,0.0,3335.41,498.678,6.6885,5.41541e-05,0.026871,0,536.8571013,792.134,33.4458,23.6841,5.35347e-05,0.0136306,0,253.4232821,456.326,48.8046,9.35006,2.62624e-05,0.00812546,6,-359.5727986,216.323,30.1421,7.17677,3.71046e-05,0.0122527
118.349446,1,MANUAL,ARMED,2,AVAILABLE,UNAVAILABLE,UNAVAILABLE,57,1,PROGRAM_STOPPED,2,A_N2-A3.NC,A_N2-A3.NC,2059443.982,190601.037,5699.4,2033.4548,100,0.0,34,100,0,0,100,0.0,3287.41,498.461,6.59512,9.93428e-05,0.0279362,0,536.8571084,744.126,32.1821,23.1224,8.09174e-05,0.0191397,0,253.4232821,456.323,49.767,9.16919,3.67532e-05,0.00917089,6,-359.5727986,192.289,27.206,7.06789,5.70246e-05,0.0128124
118.496054,1,MANUAL,ARMED,2,AVAILABLE,UNAVAILABLE,UNAVAILABLE,57,1,PROGRAM_STOPPED,2,A_N2-A3.NC,A_N2-A3.NC,2059443.982,190601.037,5699.4,2033.4548,100,0.0,34,100,0,0,100,0.0,3287.41,498.461,6.59512,9.93428e-05,0.0279362,0,536.8571013,744.126,32.1821,23.1224,8.09174e-05,0.0191397,0,253.4232821,456.323,49.767,9.16919,3.67532e-05,0.00917089,6,-359.57281,192.289,27.206,7.06789,5.70246e-05,0.0128124
118.633956,1,MANUAL,ARMED,2,AVAILABLE,UNAVAILABLE,UNAVAILABLE,57,1,PROGRAM_STOPPED,2,A_N2-A3.NC,A_N2-A3.NC,2059443.982,190601.037,5699.4,2033.4548,100,0.0,34,100,0,0,100,0.0,3287.41,498.461,6.59512,9.93428e-05,0.0279362,0,536.8571013,744.126,32.1821,23.1224,8.09174e-05,0.0191397,0,253.4232892,456.323,49.767,9.16919,3.67532e-05,0.00917089,6,-359.5727986,192.289,27.206,7.06789,5.70246e-05,0.0128124
118.778423,1,MANUAL,ARMED,2,AVAILABLE,UNAVAILABLE,UNAVAILABLE,57,1,PROGRAM_STOPPED,2,A_N2-A3.NC,A_N2-A3.NC,2059443.982,190601.037,5699.4,2033.4548,100,0.0,34,100,0,0,100,0.0,3287.41,498.461,6.59512,9.93428e-05,0.0279362,0,536.8571013,744.126,32.1821,23.1224,8.09174e-05,0.0191397,0,253.4232821,456.323,49.767,9.16919,3.67532e-05,0.00917089,6,-359.57281,192.289,27.206,7.06789,5.70246e-05,0.0128124
118.922069,1,MANUAL,ARMED,2,AVAILABLE,UNAVAILABLE,UNAVAILABLE,57,1,PROGRAM_STOPPED,2,A_N2-A3.NC,A_N2-A3.NC,2059443.982,190601.037,5699.4,2033.4548,100,0.0,34,100,0,0,100,0.0,3287.41,498.461,6.59512,9.93428e-05,0.0279362,0,536.8571013,744.126,32.1821,23.1224,8.09174e-05,0.0191397,0,253.4232821,456.323,49.767,9.16919,3.67532e-05,0.00917089,6,-359.5727986,192.289,27.206,7.06789,5.70246e-05,0.0128124
119.059282,1,MANUAL,ARMED,2,AVAILABLE,UNAVAILABLE,UNAVAILABLE,57,1,PROGRAM_STOPPED,2,A_N2-A3.NC,A_N2-A3.NC,2059443.982,190601.037,5699.4,2033.4548,100,0.0,34,100,0,0,100,0.0,3287.41,498.461,6.59512,9.93428e-05,0.0279362,0,536.8571013,744.126,32.1821,23.1224,8.09174e-05,0.0191397,0,253.4232892,456.323,49.767,9.16919,3.67532e-05,0.00917089,6,-359.5727986,192.289,27.206,7.06789,5.70246e-05,0.0128124
119.199053,1,MANUAL,ARMED,2,AVAILABLE,UNAVAILABLE,UNAVAILABLE,57,1,PROGRAM_STOPPED,2,A_N2-A3.NC,A_N2-A3.NC,2059443.982,190601.037,5699.4,2033.4548,100,0.0,34,100,0,0,100,0.0,3287.41,498.461,6.59512,9.93428e-05,0.0279362,0,536.8571013,744.126,32.1821,23.1224,8.09174e-05,0.0191397,0,253.4232821,456.323,49.767,9.16919,3.67532e-05,0.00917089,6,-359.5727986,192.289,27.206,7.06789,5.70246e-05,0.0128124
119.339805,1,MANUAL,ARMED,2,AVAILABLE,UNAVAILABLE,UNAVAILABLE,57,1,PROGRAM_STOPPED,2,A_N2-A3.NC,A_N2-A3.NC,2059443.982,190601.037,5699.4,2039.0563,100,0.0,34,100,0,0,100,0.0,3311.41,500.579,6.61516,5.44191e-05,0.0256352,0,536.8571013,768.131,31.6494,24.27,4.71524e-05,0.0108007,0,253.4232821,456.323,52.3556,8.71584,2.17908e-05,0.0081514,6,-359.57281,216.324,33.9285,6.37588,2.51104e-05,0.0117966
119.475415,1,MANUAL,ARMED,2,AVAILABLE,UNAVAILABLE,UNAVAILABLE,57,1,PROGRAM_STOPPED,2,A_N2-A3.NC,A_N2-A3.NC,2059443.982,190601.037,5699.4,2039.0563,100,0.0,34,100,0,0,100,0.0,3311.41,500.579,6.61516,5.44191e-05,0.0256352,0,536.8571013,768.131,31.6494,24.27,4.71524e-05,0.0108007,0,253.4232892,456.323,52.3556,8.71584,2.17908e-05,0.0081514,6,-359.5727986,216.324,33.9285,6.37588,2.51104e-05,0.0117966
119.619695,1,MANUAL,ARMED,2,AVAILABLE,UNAVAILABLE,UNAVAILABLE,57,1,PROGRAM_STOPPED,2,A_N2-A3.NC,A_N2-A3.NC,2059443.982,190601.037,5699.4,2039.0563,100,0.0,34,100,0,0,100,0.0,3311.41,500.579,6.61516,5.44191e-05,0.0256352,0,536.8570941,768.131,31.6494,24.27,4.71524e-05,0.0108007,0,253.4232892,456.323,52.3556,8.71584,2.17908e-05,0.0081514,6,-359.5727986,216.324,33.9285,6.37588,2.51104e-05,0.0117966
119.760275,1,MANUAL,ARMED,2,AVAILABLE,UNAVAILABLE,UNAVAILABLE,57,1,PROGRAM_STOPPED,2,A_N2-A3.NC,A_N2-A3.NC,2059443.982,190601.037,5699.4,2039.0563,100,0.0,34,100,0,0,100,0.0,3311.41,500.579,6.61516,5.44191e-05,0.0256352,0,536.8571013,768.131,31.6494,24.27,4.71524e-05,0.0108007,0,253.4232821,456.323,52.3556,8.71584,2.17908e-05,0.0081514,6,-359.5727986,216.324,33.9285,6.37588,2.51104e-05,0.0117966
119.93375,1,MANUAL,ARMED,2,AVAILABLE,UNAVAILABLE,UNAVAILABLE,57,1,PROGRAM_STOPPED,2,A_N2-A3.NC,A_N2-A3.NC,2059443.982,190601.037,5699.4,2039.0563,100,0.0,34,100,0,0,100,0.0,3311.41,500.579,6.61516,5.44191e-05,0.0256352,0,536.8571013,768.131,31.6494,24.27,4.71524e-05,0.0108007,0,253.4232821,456.323,52.3556,8.71584,2.17908e-05,0.0081514,6,-359.5727986,216.324,33.9285,6.37588,2.51104e-05,0.0117966
120.0742,1,MANUAL,ARMED,2,AVAILABLE,UNAVAILABLE,UNAVAILABLE,57,1,PROGRAM_STOPPED,2,A_N2-A3.NC,A_N2-A3.NC,2059443.982,190601.037,5699.4,2039.0563,100,0.0,34,100,0,0,100,0.0,3311.41,500.579,6.61516,5.44191e-05,0.0256352,0,536.8571013,768.131,31.6494,24.27,4.71524e-05,0.0108007,0,253.4232821,456.323,52.3556,8.71584,2.17908e-05,0.0081514,6,-359.5727986,216.324,33.9285,6.37588,2.51104e-05,0.0117966
120.22008,1,MANUAL,ARMED,2,AVAILABLE,UNAVAILABLE,UNAVAILABLE,57,1,PROGRAM_STOPPED,2,A_N2-A3.NC,A_N2-A3.NC,2059443.982,190601.037,5699.4,2039.0563,100,0.0,34,100,0,0,100,0.0,3311.41,500.579,6.61516,5.44191e-05,0.0256352,0,536.8571013,768.131,31.6494,24.27,4.71524e-05,0.0108007,0,253.4232821,456.323,52.3556,8.71584,2.17908e-05,0.0081514,6,-359.5727986,216.324,33.9285,6.37588,2.51104e-05,0.0117966
120.397539,1,MANUAL,ARMED,2,AVAILABLE,UNAVAILABLE,UNAVAILABLE,57,1,PROGRAM_STOPPED,2,A_N2-A3.NC,A_N2-A3.NC,2059443.982,190601.037,5699.4,2039.0563,100,0.0,34,100,0,0,100,0.0,3311.41,500.579,6.61516,5.44191e-05,0.0256352,0,536.8571013,768.131,31.6494,24.27,4.71524e-05,0.0108007,0,253.4232821,456.323,52.3556,8.71584,2.17908e-05,0.0081514,6,-359.5727986,216.324,33.9285,6.37588,2.51104e-05,0.0117966
120.540438,1,MANUAL,ARMED,2,AVAILABLE,UNAVAILABLE,UNAVAILABLE,57,1,PROGRAM_STOPPED,2,A_N2-A3.NC,A_N2-A3.NC,2059443.982,190601.037,5699.4,2041.6196,100,0.0,34,100,0,0,100,0.0,3311.41,503.026,6.58298,8.39046e-05,0.0286594,0,536.8570941,720.123,33.0335,21.7998,5.24468e-05,0.0198617,0,253.4232821,432.307,53.3491,8.10336,1.32435e-05,0.00650338,6,-359.5727986,216.325,30.6378,7.06072,4.88759e-05,0.0166483
120.679379,1,MANUAL,ARMED,2,AVAILABLE,UNAVAILABLE,UNAVAILABLE,57,1,PROGRAM_STOPPED,2,A_N2-A3.NC,A_N2-A3.NC,2059443.982,190601.037,5699.4,2041.6196,100,0.0,34,100,0,0,100,0.0,3311.41,503.026,6.58298,8.39046e-05,0.0286594,0,536.8570941,720.123,33.0335,21.7998,5.24468e-05,0.0198617,0,253.4232821,432.307,53.3491,8.10336,1.32435e-05,0.00650338,6,-359.5727986,216.325,30.6378,7.06072,4.88759e-05,0.0166483
120.819207,1,MANUAL,ARMED,2,AVAILABLE,UNAVAILABLE,UNAVAILABLE,57,1,PROGRAM_STOPPED,2,A_N2-A3.NC,A_N2-A3.NC,2059443.982,190601.037,5699.4,2041.6196,100,0.0,34,100,0,0,100,0.0,3311.41,503.026,6.58298,8.39046e-05,0.0286594,0,536.8571013,720.123,33.0335,21.7998,5.24468e-05,0.0198617,0,253.4232821,432.307,53.3491,8.10336,1.32435e-05,0.00650338,6,-359.5727986,216.325,30.6378,7.06072,4.88759e-05,0.0166483
120.958813,1,MANUAL,ARMED,2,AVAILABLE,UNAVAILABLE,UNAVAILABLE,57,1,PROGRAM_STOPPED,2,A_N2-A3.NC,A_N2-A3.NC,2059443.982,190601.037,5699.4,2041.6196,100,0.0,34,100,0,0,100,0.0,3311.41,503.026,6.58298,8.39046e-05,0.0286594,0,536.8571013,720.123,33.0335,21.7998,5.24468e-05,0.0198617,0,253.4232821,432.307,53.3491,8.10336,1.32435e-05,0.00650338,6,-359.5727986,216.325,30.6378,7.06072,4.88759e-05,0.0166483
121.100968,1,MANUAL,ARMED,2,AVAILABLE,UNAVAILABLE,UNAVAILABLE,57,1,PROGRAM_STOPPED,2,A_N2-A3.NC,A_N2-A3.NC,2059443.982,190601.037,5699.4,2041.6196,100,0.0,34,100,0,0,100,0.0,3311.41,503.026,6.58298,8.39046e-05,0.0286594,0,536.8571013,720.123,33.0335,21.7998,5.24468e-05,0.0198617,0,253.4232821,432.307,53.3491,8.10336,1.32435e-05,0.00650338,6,-359.5727986,216.325,30.6378,7.06072,4.88759e-05,0.0166483
121.245202,1,MANUAL,ARMED,2,AVAILABLE,UNAVAILABLE,UNAVAILABLE,57,1,PROGRAM_STOPPED,2,A_N2-A3.NC,A_N2-A3.NC,2059443.982,190601.037,5699.4,2041.6196,100,0.0,34,100,0,0,100,0.0,3311.41,503.026,6.58298,8.39046e-05,0.0286594,0,536.8570941,720.123,33.0335,21.7998,5.24468e-05,0.0198617,0,253.4232821,432.307,53.3491,8.10336,1.32435e-05,0.00650338,6,-359.5727986,216.325,30.6378,7.06072,4.88759e-05,0.0166483
121.386205,1,MANUAL,ARMED,2,AVAILABLE,UNAVAILABLE,UNAVAILABLE,57,1,PROGRAM_STOPPED,2,A_N2-A3.NC,A_N2-A3.NC,2059443.982,190601.037,5699.4,2041.6196,100,0.0,34,100,0,0,100,0.0,3311.41,503.026,6.58298,8.39046e-05,0.0286594,0,536.8571013,720.123,33.0335,21.7998,5.24468e-05,0.0198617,0,253.4232821,432.307,53.3491,8.10336,1.32435e-05,0.00650338,6,-359.5727986,216.325,30.6378,7.06072,4.88759e-05,0.0166483
121.523002,1,MANUAL,ARMED,2,AVAILABLE,UNAVAILABLE,UNAVAILABLE,57,1,PROGRAM_STOPPED,2,A_N2-A3.NC,A_N2-A3.NC,2059443.982,190601.037,5699.4,2043.0311,100,0.0,34,100,0,0,100,0.0,3311.41,499.183,6.63366,0.000516996,0.103406,0,536.8571013,864.15,58.6512,14.7337,0.000294296,0.0791524,0,253.4232749,456.325,53.0976,8.59408,0.000113404,0.0263906,6,-359.5727986,216.324,39.9706,5.41208,0.000292583,0.0556982
121.671902,1,MANUAL,ARMED,2,AVAILABLE,UNAVAILABLE,UNAVAILABLE,57,1,PROGRAM_STOPPED,2,A_N2-A3.NC,A_N2-A3.NC,2059443.982,190601.037,5699.4,2043.0311,100,0.0,34,100,0,0,100,0.0,3311.41,499.183,6.63366,0.000516996,0.103406,0,536.8571013,864.15,58.6512,14.7337,0.000294296,0.0791524,0,253.4232892,456.325,53.0976,8.59408,0.000113404,0.0263906,6,-359.5727986,216.324,39.9706,5.41208,0.000292583,0.0556982
121.811374,1,MANUAL,ARMED,2,AVAILABLE,UNAVAILABLE,UNAVAILABLE,57,1,PROGRAM_STOPPED,2,A_N2-A3.NC,A_N2-A3.NC,2059443.982,190601.037,5699.4,2043.0311,100,0.0,34,100,0,0,100,0.0,3311.41,499.183,6.63366,0.000516996,0.103406,0,536.8571013,864.15,58.6512,14.7337,0.000294296,0.0791524,0,253.4232821,456.325,53.0976,8.59408,0.000113404,0.0263906,6,-359.5727986,216.324,39.9706,5.41208,0.000292583,0.0556982
121.957937,1,MANUAL,ARMED,2,AVAILABLE,UNAVAILABLE,UNAVAILABLE,57,1,PROGRAM_STOPPED,2,A_N2-A3.NC,A_N2-A3.NC,2059443.982,190601.037,5699.4,2043.0311,100,0.0,34,100,0,0,100,0.0,3311.41,499.183,6.63366,0.000516996,0.103406,0,536.8571013,864.15,58.6512,14.7337,0.000294296,0.0791524,0,253.4232821,456.325,53.0976,8.59408,0.000113404,0.0263906,6,-359.5727986,216.324,39.9706,5.41208,0.000292583,0.0556982
122.099311,1,MANUAL,ARMED,2,AVAILABLE,UNAVAILABLE,UNAVAILABLE,57,1,PROGRAM_STOPPED,2,A_N2-A3.NC,A_N2-A3.NC,2059443.982,190601.037,5699.4,2043.0311,100,0.0,34,100,0,0,100,0.0,3311.41,499.183,6.63366,0.000516996,0.103406,0,536.8571013,864.15,58.6512,14.7337,0.000294296,0.0791524,0,253.4232821,456.325,53.0976,8.59408,0.000113404,0.0263906,6,-359.5727986,216.324,39.9706,5.41208,0.000292583,0.0556982
122.237721,1,MANUAL,ARMED,2,AVAILABLE,UNAVAILABLE,UNAVAILABLE,57,1,PROGRAM_STOPPED,2,A_N2-A3.NC,A_N2-A3.NC,2059443.982,190601.037,5699.4,2043.0311,100,0.0,34,100,0,0,100,0.0,3311.41,499.183,6.63366,0.000516996,0.103406,0,536.8571013,864.15,58.6512,14.7337,0.000294296,0.0791524,0,253.4232892,456.325,53.0976,8.59408,0.000113404,0.0263906,6,-359.5727986,216.324,39.9706,5.41208,0.000292583,0.0556982
122.389156,1,MANUAL,ARMED,2,AVAILABLE,UNAVAILABLE,UNAVAILABLE,57,1,PROGRAM_STOPPED,2,A_N2-A3.NC,A_N2-A3.NC,2059443.982,190601.037,5699.4,2043.0311,100,0.0,34,100,0,0,100,0.0,3311.41,499.183,6.63366,0.000516996,0.103406,0,536.8571013,864.15,58.6512,14.7337,0.000294296,0.0791524,0,253.4232821,456.325,53.0976,8.59408,0.000113404,0.0263906,6,-359.57281,216.324,39.9706,5.41208,0.000292583,0.0556982
122.527905,1,MANUAL,ARMED,2,AVAILABLE,UNAVAILABLE,UNAVAILABLE,57,1,PROGRAM_STOPPED,2,A_N2-A3.NC,A_N2-A3.NC,2059443.982,190601.037,5699.4,2043.0311,100,0.0,34,100,0,0,100,0.0,3335.41,500.035,6.67035,0.000221034,0.0529889,0,536.8571013,840.143,32.9904,25.4663,0.000102888,0.0189667,0,253.4232749,456.325,53.4207,8.5421,2.97014e-05,0.0071955,6,-359.5727986,216.326,33.2171,6.51249,0.000280115,0.056505
122.670835,1,MANUAL,ARMED,2,AVAILABLE,UNAVAILABLE,UNAVAILABLE,57,1,PROGRAM_STOPPED,2,A_N2-A3.NC,A_N2-A3.NC,2059443.982,190601.037,5699.4,2041.8276,100,0.0,34,100,0,0,100,0.0,3335.41,500.035,6.67035,0.000221034,0.0529889,0,536.8571013,840.143,32.9904,25.4663,0.000102888,0.0189667,0,253.4232749,456.325,53.4207,8.5421,2.97014e-05,0.0071955,6,-359.5727986,216.326,33.2171,6.51249,0.000280115,0.056505
122.81165,1,MANUAL,ARMED,2,AVAILABLE,UNAVAILABLE,UNAVAILABLE,57,1,PROGRAM_STOPPED,2,A_N2-A3.NC,A_N2-A3.NC,2059443.982,190601.037,5699.4,2041.8276,100,0.0,34,100,0,0,100,0.0,3335.41,500.035,6.67035,0.000221034,0.0529889,0,536.8571013,840.143,32.9904,25.4663,0.000102888,0.0189667,0,253.4232821,456.325,53.4207,8.5421,2.97014e-05,0.0071955,6,-359.5727986,216.326,33.2171,6.51249,0.000280115,0.056505
122.949136,1,MANUAL,ARMED,2,AVAILABLE,UNAVAILABLE,UNAVAILABLE,57,1,PROGRAM_STOPPED,2,A_N2-A3.NC,A_N2-A3.NC,2059443.982,190601.037,5699.4,2041.8276,100,0.0,34,100,0,0,100,0.0,3335.41,500.035,6.67035,0.000221034,0.0529889,0,536.8571013,840.143,32.9904,25.4663,0.000102888,0.0189667,0,253.4232821,456.325,53.4207,8.5421,2.97014e-05,0.0071955,6,-359.5727986,216.326,33.2171,6.51249,0.000280115,0.056505
123.092733,1,MANUAL,ARMED,2,AVAILABLE,UNAVAILABLE,UNAVAILABLE,57,1,PROGRAM_STOPPED,2,A_N2-A3.NC,A_N2-A3.NC,2059443.982,190601.037,5699.4,2041.8276,100,0.0,34,100,0,0,100,0.0,3335.41,500.035,6.67035,0.000221034,0.0529889,0,536.8571013,840.143,32.9904,25.4663,0.000102888,0.0189667,0,253.4232821,456.325,53.4207,8.5421,2.97014e-05,0.0071955,6,-359.57281,216.326,33.2171,6.51249,0.000280115,0.056505
123.237947,1,MANUAL,ARMED,2,AVAILABLE,UNAVAILABLE,UNAVAILABLE,57,1,PROGRAM_STOPPED,2,A_N2-A3.NC,A_N2-A3.NC,2059443.982,190601.037,5699.4,2041.8276,100,0.0,34,100,0,0,100,0.0,3335.41,500.035,6.67035,0.000221034,0.0529889,0,536.8571013,840.143,32.9904,25.4663,0.000102888,0.0189667,0,253.4232821,456.325,53.4207,8.5421,2.97014e-05,0.0071955,6,-359.5727986,216.326,33.2171,6.51249,0.000280115,0.056505
123.714981,1,MANUAL,ARMED,2,AVAILABLE,UNAVAILABLE,UNAVAILABLE,57,1,PROGRAM_STOPPED,2,A_N2-A3.NC,A_N2-A3.NC,2059443.982,190601.037,5699.4,2037.9047,100,0.0,34,100,0,0,100,0.0,3311.41,502.135,6.59466,5.93253e-05,0.0252861,0,536.8571013,816.14,35.2115,23.1782,6.01304e-05,0.0161052,0,253.4232821,408.29,53.3408,7.65437,2.61263e-05,0.00957396,6,-359.5727986,192.29,30.8593,6.23118,6.19464e-05,0.0192461
123.857319,1,MANUAL,ARMED,2,AVAILABLE,UNAVAILABLE,UNAVAILABLE,57,1,PROGRAM_STOPPED,2,A_N2-A3.NC,A_N2-A3.NC,2059443.982,190601.037,5699.4,2037.9047,100,0.0,34,100,0,0,100,0.0,3311.41,502.135,6.59466,5.93253e-05,0.0252861,0,536.8571013,816.14,35.2115,23.1782,6.01304e-05,0.0161052,0,253.4232821,408.29,53.3408,7.65437,2.61263e-05,0.00957396,6,-359.5727986,192.29,30.8593,6.23118,6.19464e-05,0.0192461
123.999693,1,MANUAL,ARMED,2,AVAILABLE,UNAVAILABLE,UNAVAILABLE,57,1,PROGRAM_STOPPED,2,A_N2-A3.NC,A_N2-A3.NC,2059443.982,190601.037,5699.4,2037.9047,100,0.0,34,100,0,0,100,0.0,3311.41,502.135,6.59466,5.93253e-05,0.0252861,0,536.8571013,816.14,35.2115,23.1782,6.01304e-05,0.0161052,0,253.4232821,408.29,53.3408,7.65437,2.61263e-05,0.00957396,6,-359.5727986,192.29,30.8593,6.23118,6.19464e-05,0.0192461
124.144149,1,MANUAL,ARMED,2,AVAILABLE,UNAVAILABLE,UNAVAILABLE,57,1,PROGRAM_STOPPED,2,A_N2-A3.NC,A_N2-A3.NC,2059443.982,190601.037,5699.4,2037.9047,100,0.0,34,100,0,0,100,0.0,3311.41,502.135,6.59466,5.93253e-05,0.0252861,0,536.8571013,816.14,35.2115,23.1782,6.01304e-05,0.0161052,0,253.4232749,408.29,53.3408,7.65437,2.61263e-05,0.00957396,6,-359.5727986,192.29,30.8593,6.23118,6.19464e-05,0.0192461
124.288361,1,MANUAL,ARMED,2,AVAILABLE,UNAVAILABLE,UNAVAILABLE,57,1,PROGRAM_STOPPED,2,A_N2-A3.NC,A_N2-A3.NC,2059443.982,190601.037,5699.4,2037.9047,100,0.0,34,100,0,0,100,0.0,3311.41,502.135,6.59466,5.93253e-05,0.0252861,0,536.8571013,816.14,35.2115,23.1782,6.01304e-05,0.0161052,0,253.4232821,408.29,53.3408,7.65437,2.61263e-05,0.00957396,6,-359.57281,192.29,30.8593,6.23118,6.19464e-05,0.0192461
124.437091,1,MANUAL,ARMED,2,AVAILABLE,UNAVAILABLE,UNAVAILABLE,57,1,PROGRAM_STOPPED,2,A_N2-A3.NC,A_N2-A3.NC,2059443.982,190601.037,5699.4,2037.9047,100,0.0,34,100,0,0,100,0.0,3311.41,502.135,6.59466,5.93253e-05,0.0252861,0,536.8570941,816.14,35.2115,23.1782,6.01304e-05,0.0161052,0,253.4232821,408.29,53.3408,7.65437,2.61263e-05,0.00957396,6,-359.5727986,192.29,30.8593,6.23118,6.19464e-05,0.0192461
124.575871,1,MANUAL,ARMED,2,AVAILABLE,UNAVAILABLE,UNAVAILABLE,57,1,PROGRAM_STOPPED,2,A_N2-A3.NC,A_N2-A3.NC,2059443.982,190601.037,5699.4,2037.9047,100,0.0,34,100,0,0,100,0.0,3311.41,502.135,6.59466,5.93253e-05,0.0252861,0,536.8571013,816.14,35.2115,23.1782,6.01304e-05,0.0161052,0,253.4232821,408.29,53.3408,7.65437,2.61263e-05,0.00957396,6,-359.5727986,192.29,30.8593,6.23118,6.19464e-05,0.0192461
124.723161,1,MANUAL,ARMED,2,AVAILABLE,UNAVAILABLE,UNAVAILABLE,57,1,PROGRAM_STOPPED,2,A_N2-A3.NC,A_N2-A3.NC,2059443.982,190601.037,5699.4,2037.9047,100,0.0,34,100,0,0,100,0.0,3383.4,500.972,6.75367,4.86122e-05,0.0259799,0,536.8571013,792.136,35.1232,22.5531,6.67141e-05,0.0157259,0,253.4232821,432.311,53.8613,8.02638,2.81999e-05,0.00780738,6,-359.5727986,192.288,35.4691,5.42128,6.57953e-05,0.0159047
124.867559,1,MANUAL,ARMED,2,AVAILABLE,UNAVAILABLE,UNAVAILABLE,57,1,PROGRAM_STOPPED,2,A_N2-A3.NC,A_N2-A3.NC,2059443.982,190601.037,5699.4,2041.5024,100,0.0,34,100,0,0,100,0.0,3383.4,500.972,6.75367,4.86122e-05,0.0259799,0,536.8571013,792.136,35.1232,22.5531,6.67141e-05,0.0157259,0,253.4232821,432.311,53.8613,8.02638,2.81999e-05,0.00780738,6,-359.5727986,192.288,35.4691,5.42128,6.57953e-05,0.0159047
125.006683,1,MANUAL,ARMED,2,AVAILABLE,UNAVAILABLE,UNAVAILABLE,57,1,PROGRAM_STOPPED,2,A_N2-A3.NC,A_N2-A3.NC,2059443.982,190601.037,5699.4,2041.5024,100,0.0,34,100,0,0,100,0.0,3383.4,500.972,6.75367,4.86122e-05,0.0259799,0,536.8571013,792.136,35.1232,22.5531,6.67141e-05,0.0157259,0,253.4232821,432.311,53.8613,8.02638,2.81999e-05,0.00780738,6,-359.57281,192.288,35.4691,5.42128,6.57953e-05,0.0159047
125.151728,1,MANUAL,ARMED,2,AVAILABLE,UNAVAILABLE,UNAVAILABLE,57,1,PROGRAM_STOPPED,2,A_N2-A3.NC,A_N2-A3.NC,2059443.982,190601.037,5699.4,2041.5024,100,0.0,34,100,0,0,100,0.0,3383.4,500.972,6.75367,4.86122e-05,0.0259799,0,536.8571013,792.136,35.1232,22.5531,6.67141e-05,0.0157259,0,253.4232821,432.311,53.8613,8.02638,2.81999e-05,0.00780738,6,-359.5727986,192.288,35.4691,5.42128,6.57953e-05,0.0159047
125.292005,1,MANUAL,ARMED,2,AVAILABLE,UNAVAILABLE,UNAVAILABLE,57,1,PROGRAM_STOPPED,2,A_N2-A3.NC,A_N2-A3.NC,2059443.982,190601.037,5699.4,2041.5024,100,0.0,34,100,0,0,100,0.0,3383.4,500.972,6.75367,4.86122e-05,0.0259799,0,536.8571013,792.136,35.1232,22.5531,6.67141e-05,0.0157259,0,253.4232821,432.311,53.8613,8.02638,2.81999e-05,0.00780738,6,-359.5727986,192.288,35.4691,5.42128,6.57953e-05,0.0159047
125.434475,1,MANUAL,ARMED,2,AVAILABLE,UNAVAILABLE,UNAVAILABLE,57,1,PROGRAM_STOPPED,2,A_N2-A3.NC,A_N2-A3.NC,2059443.982,190601.037,5699.4,2041.5024,100,0.0,34,100,0,0,100,0.0,3383.4,500.972,6.75367,4.86122e-05,0.0259799,0,536.8571013,792.136,35.1232,22.5531,6.67141e-05,0.0157259,0,253.4232821,432.311,53.8613,8.02638,2.81999e-05,0.00780738,6,-359.57281,192.288,35.4691,5.42128,6.57953e-05,0.0159047
125.57668,1,MANUAL,ARMED,2,AVAILABLE,UNAVAILABLE,UNAVAILABLE,57,1,PROGRAM_STOPPED,2,A_N2-A3.NC,A_N2-A3.NC,2059443.982,190601.037,5699.4,2041.5024,100,0.0,34,100,0,0,100,0.0,3383.4,500.972,6.75367,4.86122e-05,0.0259799,0,536.8571013,792.136,35.1232,22.5531,6.67141e-05,0.0157259,0,253.4232821,432.311,53.8613,8.02638,2.81999e-05,0.00780738,6,-359.57281,192.288,35.4691,5.42128,6.57953e-05,0.0159047
125.713412,1,MANUAL,ARMED,2,AVAILABLE,UNAVAILABLE,UNAVAILABLE,57,1,PROGRAM_STOPPED,2,A_N2-A3.NC,A_N2-A3.NC,2059443.982,190601.037,5699.4,2041.5024,100,0.0,34,100,0,0,100,0.0,3335.41,497.442,6.70512,7.57132e-05,0.0266455,0,536.8571013,840.145,41.7201,20.1377,5.29057e-05,0.016226,0,253.4232821,456.323,54.5092,8.37149,3.6803e-05,0.0108517,6,-359.5727986,216.323,32.8749,6.58019,8.96072e-05,0.0199089
125.853264,1,MANUAL,ARMED,2,AVAILABLE,UNAVAILABLE,UNAVAILABLE,57,1,PROGRAM_STOPPED,2,A_N2-A3.NC,A_N2-A3.NC,2059443.982,190601.037,5699.4,2043.467,100,0.0,34,100,0,0,100,0.0,3335.41,497.442,6.70512,7.57132e-05,0.0266455,0,536.8571013,840.145,41.7201,20.1377,5.29057e-05,0.016226,0,253.4232821,456.323,54.5092,8.37149,3.6803e-05,0.0108517,6,-359.5727986,216.323,32.8749,6.58019,8.96072e-05,0.0199089
125.992931,1,MANUAL,ARMED,2,AVAILABLE,UNAVAILABLE,UNAVAILABLE,57,1,PROGRAM_STOPPED,2,A_N2-A3.NC,A_N2-A3.NC,2059443.982,190601.037,5699.4,2043.467,100,0.0,34,100,0,0,100,0.0,3335.41,497.442,6.70512,7.57132e-05,0.0266455,0,536.8571013,840.145,41.7201,20.1377,5.29057e-05,0.016226,0,253.4232892,456.323,54.5092,8.37149,3.6803e-05,0.0108517,6,-359.5727986,216.323,32.8749,6.58019,8.96072e-05,0.0199089
126.128977,1,MANUAL,ARMED,2,AVAILABLE,UNAVAILABLE,UNAVAILABLE,57,1,PROGRAM_STOPPED,2,A_N2-A3.NC,A_N2-A3.NC,2059443.982,190601.037,5699.4,2043.467,100,0.0,34,100,0,0,100,0.0,3335.41,497.442,6.70512,7.57132e-05,0.0266455,0,536.8571013,840.145,41.7201,20.1377,5.29057e-05,0.016226,0,253.4232892,456.323,54.5092,8.37149,3.6803e-05,0.0108517,6,-359.5727986,216.323,32.8749,6.58019,8.96072e-05,0.0199089
126.276684,1,MANUAL,ARMED,2,AVAILABLE,UNAVAILABLE,UNAVAILABLE,57,1,PROGRAM_STOPPED,2,A_N2-A3.NC,A_N2-A3.NC,2059443.982,190601.037,5699.4,2043.467,100,0.0,34,100,0,0,100,0.0,3335.41,497.442,6.70512,7.57132e-05,0.0266455,0,536.8571013,840.145,41.7201,20.1377,5.29057e-05,0.016226,0,253.4232821,456.323,54.5092,8.37149,3.6803e-05,0.0108517,6,-359.5727986,216.323,32.8749,6.58019,8.96072e-05,0.0199089
126.413369,1,MANUAL,ARMED,2,AVAILABLE,UNAVAILABLE,UNAVAILABLE,57,1,PROGRAM_STOPPED,2,A_N2-A3.NC,A_N2-A3.NC,2059443.982,190601.037,5699.4,2043.467,100,0.0,34,100,0,0,100,0.0,3335.41,497.442,6.70512,7.57132e-05,0.0266455,0,536.8571013,840.145,41.7201,20.1377,5.29057e-05,0.016226,0,253.4232821,456.323,54.5092,8.37149,3.6803e-05,0.0108517,6,-359.5727986,216.323,32.8749,6.58019,8.96072e-05,0.0199089
126.554568,1,MANUAL,ARMED,2,AVAILABLE,UNAVAILABLE,UNAVAILABLE,57,1,PROGRAM_STOPPED,2,A_N2-A3.NC,A_N2-A3.NC,2059443.982,190601.037,5699.4,2043.467,100,0.0,34,100,0,0,100,0.0,3335.41,497.442,6.70512,7.57132e-05,0.0266455,0,536.8571013,840.145,41.7201,20.1377,5.29057e-05,0.016226,0,253.4232821,456.323,54.5092,8.37149,3.6803e-05,0.0108517,6,-359.57281,216.323,32.8749,6.58019,8.96072e-05,0.0199089
126.697871,1,MANUAL,ARMED,2,AVAILABLE,UNAVAILABLE,UNAVAILABLE,57,1,PROGRAM_STOPPED,2,A_N2-A3.NC,A_N2-A3.NC,2059443.982,190601.037,5699.4,2043.467,100,0.0,34,100,0,0,100,0.0,3335.41,497.442,6.70512,7.57132e-05,0.0266455,0,536.8571013,840.145,41.7201,20.1377,5.29057e-05,0.016226,0,253.4232892,456.323,54.5092,8.37149,3.6803e-05,0.0108517,6,-359.57281,216.323,32.8749,6.58019,8.96072e-05,0.0199089
126.835913,1,MANUAL,ARMED,2,AVAILABLE,UNAVAILABLE,UNAVAILABLE,57,1,PROGRAM_STOPPED,2,A_N2-A3.NC,A_N2-A3.NC,2059443.982,190601.037,5699.4,2043.467,100,0.0,34,100,0,0,100,0.0,3311.41,495.932,6.67715,0.000147278,0.0340884,0,536.8571013,864.147,44.5506,19.397,3.36033e-05,0.0109811,0,253.4232821,456.323,51.1112,8.92804,1.10522e-05,0.0059792,6,-359.5727986,240.356,34.1061,7.0473,9.35285e-05,0.0217334
126.993254,1,MANUAL,ARMED,2,AVAILABLE,UNAVAILABLE,UNAVAILABLE,57,1,PROGRAM_STOPPED,2,A_N2-A3.NC,A_N2-A3.NC,2059443.982,190601.037,5699.4,2041.3007,100,0.0,34,100,0,0,100,0.0,3311.41,495.932,6.67715,0.000147278,0.0340884,0,536.8570941,864.147,44.5506,19.397,3.36033e-05,0.0109811,0,253.4232821,456.323,51.1112,8.92804,1.10522e-05,0.0059792,6,-359.5727986,240.356,34.1061,7.0473,9.35285e-05,0.0217334
127.13186,1,MANUAL,ARMED,2,AVAILABLE,UNAVAILABLE,UNAVAILABLE,57,1,PROGRAM_STOPPED,2,A_N2-A3.NC,A_N2-A3.NC,2059443.982,190601.037,5699.4,2041.3007,100,0.0,34,100,0,0,100,0.0,3311.41,495.932,6.67715,0.000147278,0.0340884,0,536.8571013,864.147,44.5506,19.397,3.36033e-05,0.0109811,0,253.4232821,456.323,51.1112,8.92804,1.10522e-05,0.0059792,6,-359.5727986,240.356,34.1061,7.0473,9.35285e-05,0.0217334
127.274934,1,MANUAL,ARMED,2,AVAILABLE,UNAVAILABLE,UNAVAILABLE,57,1,PROGRAM_STOPPED,2,A_N2-A3.NC,A_N2-A3.NC,2059443.982,190601.037,5699.4,2041.3007,100,0.0,34,100,0,0,100,0.0,3311.41,495.932,6.67715,0.000147278,0.0340884,0,536.8571013,864.147,44.5506,19.397,3.36033e-05,0.0109811,0,253.4232821,456.323,51.1112,8.92804,1.10522e-05,0.0059792,6,-359.5727871,240.356,34.1061,7.0473,9.35285e-05,0.0217334
127.41483,1,MANUAL,ARMED,2,AVAILABLE,UNAVAILABLE,UNAVAILABLE,57,1,PROGRAM_STOPPED,2,A_N2-A3.NC,A_N2-A3.NC,2059443.982,190601.037,5699.4,2041.3007,100,0.0,34,100,0,0,100,0.0,3311.41,495.932,6.67715,0.000147278,0.0340884,0,536.8570941,864.147,44.5506,19.397,3.36033e-05,0.0109811,0,253.4232821,456.323,51.1112,8.92804,1.10522e-05,0.0059792,6,-359.5727986,240.356,34.1061,7.0473,9.35285e-05,0.0217334
127.552989,1,MANUAL,ARMED,2,AVAILABLE,UNAVAILABLE,UNAVAILABLE,57,1,PROGRAM_STOPPED,2,A_N2-A3.NC,A_N2-A3.NC,2059443.982,190601.037,5699.4,2041.3007,100,0.0,34,100,0,0,100,0.0,3311.41,495.932,6.67715,0.000147278,0.0340884,0,536.8571013,864.147,44.5506,19.397,3.36033e-05,0.0109811,0,253.4232821,456.323,51.1112,8.92804,1.10522e-05,0.0059792,6,-359.5727986,240.356,34.1061,7.0473,9.35285e-05,0.0217334
127.698007,1,MANUAL,ARMED,2,AVAILABLE,UNAVAILABLE,UNAVAILABLE,57,1,PROGRAM_STOPPED,2,A_N2-A3.NC,A_N2-A3.NC,2059443.982,190601.037,5699.4,2041.3007,100,0.0,34,100,0,0,100,0.0,3311.41,495.932,6.67715,0.000147278,0.0340884,0,536.8571013,864.147,44.5506,19.397,3.36033e-05,0.0109811,0,253.4232821,456.323,51.1112,8.92804,1.10522e-05,0.0059792,6,-359.5727986,240.356,34.1061,7.0473,9.35285e-05,0.0217334
127.864011,1,MANUAL,ARMED,2,AVAILABLE,UNAVAILABLE,UNAVAILABLE,57,1,PROGRAM_STOPPED,2,A_N2-A3.NC,A_N2-A3.NC,2059443.982,190601.037,5699.4,2041.3007,100,0.0,34,100,0,0,100,0.0,3311.41,495.138,6.68785,5.49914e-05,0.026103,0,536.8571013,864.147,50.9316,16.9668,4.76557e-05,0.0125558,0,253.4232821,432.311,52.5024,8.23412,1.68986e-05,0.00937816,6,-359.57281,192.289,29.0053,6.62944,6.23703e-05,0.0131901
128.034467,1,MANUAL,ARMED,2,AVAILABLE,UNAVAILABLE,UNAVAILABLE,57,1,PROGRAM_STOPPED,2,A_N2-A3.NC,A_N2-A3.NC,2059443.982,190601.037,5699.4,2042.4652,100,0.0,34,100,0,0,100,0.0,3311.41,495.138,6.68785,5.49914e-05,0.026103,0,536.8570941,864.147,50.9316,16.9668,4.76557e-05,0.0125558,0,253.4232821,432.311,52.5024,8.23412,1.68986e-05,0.00937816,6,-359.5727986,192.289,29.0053,6.62944,6.23703e-05,0.0131901
128.183463,1,MANUAL,ARMED,2,AVAILABLE,UNAVAILABLE,UNAVAILABLE,57,1,PROGRAM_STOPPED,2,A_N2-A3.NC,A_N2-A3.NC,2059443.982,190601.037,5699.4,2042.4652,100,0.0,34,100,0,0,100,0.0,3311.41,495.138,6.68785,5.49914e-05,0.026103,0,536.8570941,864.147,50.9316,16.9668,4.76557e-05,0.0125558,0,253.4232821,432.311,52.5024,8.23412,1.68986e-05,0.00937816,6,-359.5727986,192.289,29.0053,6.62944,6.23703e-05,0.0131901
128.335743,1,MANUAL,ARMED,2,AVAILABLE,UNAVAILABLE,UNAVAILABLE,57,1,PROGRAM_STOPPED,2,A_N2-A3.NC,A_N2-A3.NC,2059443.982,190601.037,5699.4,2042.4652,100,0.0,34,100,0,0,100,0.0,3311.41,495.138,6.68785,5.49914e-05,0.026103,0,536.8571013,864.147,50.9316,16.9668,4.76557e-05,0.0125558,0,253.4232892,432.311,52.5024,8.23412,1.68986e-05,0.00937816,6,-359.5727986,192.289,29.0053,6.62944,6.23703e-05,0.0131901
128.472775,1,MANUAL,ARMED,2,AVAILABLE,UNAVAILABLE,UNAVAILABLE,57,1,PROGRAM_STOPPED,2,A_N2-A3.NC,A_N2-A3.NC,2059443.982,190601.037,5699.4,2042.4652,100,0.0,34,100,0,0,100,0.0,3311.41,495.138,6.68785,5.49914e-05,0.026103,0,536.8571013,864.147,50.9316,16.9668,4.76557e-05,0.0125558,0,253.4232892,432.311,52.5024,8.23412,1.68986e-05,0.00937816,6,-359.5727986,192.289,29.0053,6.62944,6.23703e-05,0.0131901
128.613153,1,MANUAL,ARMED,2,AVAILABLE,UNAVAILABLE,UNAVAILABLE,57,1,PROGRAM_STOPPED,2,A_N2-A3.NC,A_N2-A3.NC,2059443.982,190601.037,5699.4,2042.4652,100,0.0,34,100,0,0,100,0.0,3311.41,495.138,6.68785,5.49914e-05,0.026103,0,536.8570941,864.147,50.9316,16.9668,4.76557e-05,0.0125558,0,253.4232892,432.311,52.5024,8.23412,1.68986e-05,0.00937816,6,-359.5727986,192.289,29.0053,6.62944,6.23703e-05,0.0131901
128.775857,1,MANUAL,ARMED,2,AVAILABLE,UNAVAILABLE,UNAVAILABLE,57,1,PROGRAM_STOPPED,2,A_N2-A3.NC,A_N2-A3.NC,2059443.982,190601.037,5699.4,2042.4652,100,0.0,34,100,0,0,100,0.0,3335.41,495.632,6.72961,5.26088e-05,0.0264369,0,536.8571013,816.14,32.1935,25.3511,3.08834e-05,0.00919739,0,253.4232821,432.307,53.3127,8.10889,2.08793e-05,0.00825789,6,-359.5727986,216.325,30.381,7.1204,6.72108e-05,0.0153971
128.947718,1,MANUAL,ARMED,2,AVAILABLE,UNAVAILABLE,UNAVAILABLE,57,1,PROGRAM_STOPPED,2,A_N2-A3.NC,A_N2-A3.NC,2059443.982,190601.037,5699.4,2042.4652,100,0.0,34,100,0,0,100,0.0,3335.41,495.632,6.72961,5.26088e-05,0.0264369,0,536.8571013,816.14,32.1935,25.3511,3.08834e-05,0.00919739,0,253.4232821,432.307,53.3127,8.10889,2.08793e-05,0.00825789,6,-359.5727986,216.325,30.381,7.1204,6.72108e-05,0.0153971
129.088846,1,MANUAL,ARMED,2,AVAILABLE,UNAVAILABLE,UNAVAILABLE,57,1,PROGRAM_STOPPED,2,A_N2-A3.NC,A_N2-A3.NC,2059443.982,190601.037,5699.4,2037.8527,100,0.0,34,100,0,0,100,0.0,3335.41,495.632,6.72961,5.26088e-05,0.0264369,0,536.8571013,816.14,32.1935,25.3511,3.08834e-05,0.00919739,0,253.4232821,432.307,53.3127,8.10889,2.08793e-05,0.00825789,6,-359.5727986,216.325,30.381,7.1204,6.72108e-05,0.0153971
129.278708,1,MANUAL,ARMED,2,AVAILABLE,UNAVAILABLE,UNAVAILABLE,57,1,PROGRAM_STOPPED,2,A_N2-A3.NC,A_N2-A3.NC,2059443.982,190601.037,5699.4,2037.8527,100,0.0,34,100,0,0,100,0.0,3335.41,495.632,6.72961,5.26088e-05,0.0264369,0,536.8571013,816.14,32.1935,25.3511,3.08834e-05,0.00919739,0,253.4232821,432.307,53.3127,8.10889,2.08793e-05,0.00825789,6,-359.5727986,216.325,30.381,7.1204,6.72108e-05,0.0153971
129.450091,1,MANUAL,ARMED,2,AVAILABLE,UNAVAILABLE,UNAVAILABLE,57,1,PROGRAM_STOPPED,2,A_N2-A3.NC,A_N2-A3.NC,2059443.982,190601.037,5699.4,2037.8527,100,0.0,34,100,0,0,100,0.0,3335.41,495.632,6.72961,5.26088e-05,0.0264369,0,536.8570941,816.14,32.1935,25.3511,3.08834e-05,0.00919739,0,253.4232821,432.307,53.3127,8.10889,2.08793e-05,0.00825789,6,-359.5727986,216.325,30.381,7.1204,6.72108e-05,0.0153971
129.623977,1,MANUAL,ARMED,2,AVAILABLE,UNAVAILABLE,UNAVAILABLE,57,1,PROGRAM_STOPPED,2,A_N2-A3.NC,A_N2-A3.NC,2059443.982,190601.037,5699.4,2037.8527,100,0.0,34,100,0,0,100,0.0,3311.41,496.168,6.67397,3.91443e-05,0.0240088,0,536.8571013,816.139,33.3869,24.4449,3.78803e-05,0.00945967,0,253.4232821,432.308,52.7758,8.19141,2.24394e-05,0.00786306,6,-359.5727986,240.36,35.0258,6.86237,3.00771e-05,0.0127333
129.7878,1,MANUAL,ARMED,2,AVAILABLE,UNAVAILABLE,UNAVAILABLE,57,1,PROGRAM_STOPPED,2,A_N2-A3.NC,A_N2-A3.NC,2059443.982,190601.037,5699.4,2037.8527,100,0.0,34,100,0,0,100,0.0,3311.41,496.168,6.67397,3.91443e-05,0.0240088,0,536.8571013,816.139,33.3869,24.4449,3.78803e-05,0.00945967,0,253.4232821,432.308,52.7758,8.19141,2.24394e-05,0.00786306,6,-359.5727986,240.36,35.0258,6.86237,3.00771e-05,0.0127333
130.0887,1,MANUAL,ARMED,2,AVAILABLE,UNAVAILABLE,UNAVAILABLE,57,1,PROGRAM_STOPPED,2,A_N2-A3.NC,A_N2-A3.NC,2059443.982,190601.037,5699.4,2043.7013,100,0.0,34,100,0,0,100,0.0,3311.41,496.168,6.67397,3.91443e-05,0.0240088,0,536.8570941,816.139,33.3869,24.4449,3.78803e-05,0.00945967,0,253.4232821,432.308,52.7758,8.19141,2.24394e-05,0.00786306,6,-359.5727986,240.36,35.0258,6.86237,3.00771e-05,0.0127333
130.268865,1,MANUAL,ARMED,2,AVAILABLE,UNAVAILABLE,UNAVAILABLE,57,1,PROGRAM_STOPPED,2,A_N2-A3.NC,A_N2-A3.NC,2059443.982,190601.037,5699.4,2043.7013,100,0.0,34,100,0,0,100,0.0,3311.41,496.168,6.67397,3.91443e-05,0.0240088,0,536.8571013,816.139,33.3869,24.4449,3.78803e-05,0.00945967,0,253.4232821,432.308,52.7758,8.19141,2.24394e-05,0.00786306,6,-359.5727986,240.36,35.0258,6.86237,3.00771e-05,0.0127333
130.478924,1,MANUAL,ARMED,2,AVAILABLE,UNAVAILABLE,UNAVAILABLE,57,1,PROGRAM_STOPPED,2,A_N2-A3.NC,A_N2-A3.NC,2059443.982,190601.037,5699.4,2043.7013,100,0.0,34,100,0,0,100,0.0,3311.41,496.168,6.67397,3.91443e-05,0.0240088,0,536.8571013,816.139,33.3869,24.4449,3.78803e-05,0.00945967,0,253.4232821,432.308,52.7758,8.19141,2.24394e-05,0.00786306,6,-359.5727986,240.36,35.0258,6.86237,3.00771e-05,0.0127333
130.618818,1,MANUAL,ARMED,2,AVAILABLE,UNAVAILABLE,UNAVAILABLE,57,1,PROGRAM_STOPPED,2,A_N2-A3.NC,A_N2-A3.NC,2059443.982,190601.037,5699.4,2043.7013,100,0.0,34,100,0,0,100,0.0,3311.41,496.168,6.67397,3.91443e-05,0.0240088,0,536.8570941,816.139,33.3869,24.4449,3.78803e-05,0.00945967,0,253.4232821,432.308,52.7758,8.19141,2.24394e-05,0.00786306,6,-359.5727986,240.36,35.0258,6.86237,3.00771e-05,0.0127333
130.764627,1,MANUAL,ARMED,2,AVAILABLE,UNAVAILABLE,UNAVAILABLE,57,1,PROGRAM_STOPPED,2,A_N2-A3.NC,A_N2-A3.NC,2059443.982,190601.037,5699.4,2043.7013,100,0.0,34,100,0,0,100,0.0,3311.41,496.168,6.67397,3.91443e-05,0.0240088,0,536.8571013,816.139,33.3869,24.4449,3.78803e-05,0.00945967,0,253.4232821,432.308,52.7758,8.19141,2.24394e-05,0.00786306,6,-359.5727986,240.36,35.0258,6.86237,3.00771e-05,0.0127333
130.921296,1,MANUAL,ARMED,2,AVAILABLE,UNAVAILABLE,UNAVAILABLE,57,1,PROGRAM_STOPPED,2,A_N2-A3.NC,A_N2-A3.NC,2059443.982,190601.037,5699.4,2043.7013,100,0.0,34,100,0,0,100,0.0,3311.41,515.332,6.42578,0.000190748,0.108143,0,536.8571013,792.137,47.1901,16.7861,4.92882e-05,0.0289957,0,253.4232821,408.291,71.3821,5.7198,4.08974e-05,0.0186464,6,-359.5727986,192.289,31.2137,6.1604,5.30236e-05,0.0119742
131.068979,1,MANUAL,ARMED,2,AVAILABLE,UNAVAILABLE,UNAVAILABLE,57,1,PROGRAM_STOPPED,2,A_N2-A3.NC,A_N2-A3.NC,2059443.982,190601.037,5699.4,2043.7013,100,0.0,34,100,0,0,100,0.0,3311.41,515.332,6.42578,0.000190748,0.108143,0,536.8571013,792.137,47.1901,16.7861,4.92882e-05,0.0289957,0,253.4232821,408.291,71.3821,5.7198,4.08974e-05,0.0186464,6,-359.57281,192.289,31.2137,6.1604,5.30236e-05,0.0119742
131.223903,1,MANUAL,ARMED,2,AVAILABLE,UNAVAILABLE,UNAVAILABLE,57,1,PROGRAM_STOPPED,2,A_N2-A3.NC,A_N2-A3.NC,2059443.982,190601.037,5699.4,2041.4374,100,0.0,34,100,0,0,100,0.0,3311.41,515.332,6.42578,0.000190748,0.108143,0,536.8571013,792.137,47.1901,16.7861,4.92882e-05,0.0289957,0,253.4232821,408.291,71.3821,5.7198,4.08974e-05,0.0186464,6,-359.57281,192.289,31.2137,6.1604,5.30236e-05,0.0119742
131.402575,1,MANUAL,ARMED,2,AVAILABLE,UNAVAILABLE,UNAVAILABLE,57,1,PROGRAM_STOPPED,2,A_N2-A3.NC,A_N2-A3.NC,2059443.982,190601.037,5699.4,2041.4374,100,0.0,34,100,0,0,100,0.0,3311.41,515.332,6.42578,0.000190748,0.108143,0,536.8571013,792.137,47.1901,16.7861,4.92882e-05,0.0289957,0,253.4232821,408.291,71.3821,5.7198,4.08974e-05,0.0186464,6,-359.5727986,192.289,31.2137,6.1604,5.30236e-05,0.0119742
131.542803,1,MANUAL,ARMED,2,AVAILABLE,UNAVAILABLE,UNAVAILABLE,57,1,PROGRAM_STOPPED,2,A_N2-A3.NC,A_N2-A3.NC,2059443.982,190601.037,5699.4,2041.4374,100,0.0,34,100,0,0,100,0.0,3311.41,515.332,6.42578,0.000190748,0.108143,0,536.8570941,792.137,47.1901,16.7861,4.92882e-05,0.0289957,0,253.4232821,408.291,71.3821,5.7198,4.08974e-05,0.0186464,6,-359.57281,192.289,31.2137,6.1604,5.30236e-05,0.0119742
131.687162,1,MANUAL,ARMED,2,AVAILABLE,UNAVAILABLE,UNAVAILABLE,57,1,PROGRAM_STOPPED,2,A_N2-A3.NC,A_N2-A3.NC,2059443.982,190601.037,5699.4,2041.4374,100,0.0,34,100,0,0,100,0.0,3311.41,515.332,6.42578,0.000190748,0.108143,0,536.8571013,792.137,47.1901,16.7861,4.92882e-05,0.0289957,0,253.4232821,408.291,71.3821,5.7198,4.08974e-05,0.0186464,6,-359.5727986,192.289,31.2137,6.1604,5.30236e-05,0.0119742
131.832867,1,MANUAL,ARMED,2,AVAILABLE,UNAVAILABLE,UNAVAILABLE,57,1,PROGRAM_STOPPED,2,A_N2-A3.NC,A_N2-A3.NC,2059443.982,190601.037,5699.4,2041.4374,100,0.0,34,100,0,0,100,0.0,3311.41,515.332,6.42578,0.000190748,0.108143,0,536.8571013,792.137,47.1901,16.7861,4.92882e-05,0.0289957,0,253.4232821,408.291,71.3821,5.7198,4.08974e-05,0.0186464,6,-359.57281,192.289,31.2137,6.1604,5.30236e-05,0.0119742
131.971585,1,MANUAL,ARMED,2,AVAILABLE,UNAVAILABLE,UNAVAILABLE,57,1,PROGRAM_STOPPED,2,A_N2-A3.NC,A_N2-A3.NC,2059443.982,190601.037,5699.4,2041.4374,100,0.0,34,100,0,0,100,0.0,3287.42,497.434,6.60876,0.000147939,0.0328845,0,536.8571013,792.133,33.4082,23.7107,4.38322e-05,0.0102629,0,253.4232821,384.275,50.594,7.59527,2.68707e-05,0.00851569,6,-359.5727986,192.286,30.4255,6.3199,2.54799e-05,0.00884428
132.121121,1,MANUAL,ARMED,2,AVAILABLE,UNAVAILABLE,UNAVAILABLE,57,1,PROGRAM_STOPPED,2,A_N2-A3.NC,A_N2-A3.NC,2059443.982,190601.037,5699.4,2041.4374,100,0.0,34,100,0,0,100,0.0,3287.42,497.434,6.60876,0.000147939,0.0328845,0,536.8571013,792.133,33.4082,23.7107,4.38322e-05,0.0102629,0,253.4232821,384.275,50.594,7.59527,2.68707e-05,0.00851569,6,-359.5727986,192.286,30.4255,6.3199,2.54799e-05,0.00884428
132.262651,1,MANUAL,ARMED,2,AVAILABLE,UNAVAILABLE,UNAVAILABLE,57,1,PROGRAM_STOPPED,2,A_N2-A3.NC,A_N2-A3.NC,2059443.982,190601.037,5699.4,2041.4374,100,0.0,34,100,0,0,100,0.0,3287.42,497.434,6.60876,0.000147939,0.0328845,0,536.8571013,792.133,33.4082,23.7107,4.38322e-05,0.0102629,0,253.4232821,384.275,50.594,7.59527,2.68707e-05,0.00851569,6,-359.5727986,192.286,30.4255,6.3199,2.54799e-05,0.00884428
132.410052,1,MANUAL,ARMED,2,AVAILABLE,UNAVAILABLE,UNAVAILABLE,57,1,PROGRAM_STOPPED,2,A_N2-A3.NC,A_N2-A3.NC,2059443.982,190601.037,5699.4,2039.3944,100,0.0,34,100,0,0,100,0.0,3287.42,497.434,6.60876,0.000147939,0.0328845,0,536.8571013,792.133,33.4082,23.7107,4.38322e-05,0.0102629,0,253.4232821,384.275,50.594,7.59527,2.68707e-05,0.00851569,6,-359.5727986,192.286,30.4255,6.3199,2.54799e-05,0.00884428
132.606643,1,MANUAL,ARMED,2,AVAILABLE,UNAVAILABLE,UNAVAILABLE,57,1,PROGRAM_STOPPED,2,A_N2-A3.NC,A_N2-A3.NC,2059443.982,190601.037,5699.4,2039.3944,100,0.0,34,100,0,0,100,0.0,3287.42,497.434,6.60876,0.000147939,0.0328845,0,536.8571013,792.133,33.4082,23.7107,4.38322e-05,0.0102629,0,253.4232821,384.275,50.594,7.59527,2.68707e-05,0.00851569,6,-359.5727986,192.286,30.4255,6.3199,2.54799e-05,0.00884428
132.76233,1,MANUAL,ARMED,2,AVAILABLE,UNAVAILABLE,UNAVAILABLE,57,1,PROGRAM_STOPPED,2,A_N2-A3.NC,A_N2-A3.NC,2059443.982,190601.037,5699.4,2039.3944,100,0.0,34,100,0,0,100,0.0,3287.42,497.434,6.60876,0.000147939,0.0328845,0,536.8571013,792.133,33.4082,23.7107,4.38322e-05,0.0102629,0,253.4232892,384.275,50.594,7.59527,2.68707e-05,0.00851569,6,-359.5727986,192.286,30.4255,6.3199,2.54799e-05,0.00884428
132.908406,1,MANUAL,ARMED,2,AVAILABLE,UNAVAILABLE,UNAVAILABLE,57,1,PROGRAM_STOPPED,2,A_N2-A3.NC,A_N2-A3.NC,2059443.982,190601.037,5699.4,2039.3944,100,0.0,34,100,0,0,100,0.0,3287.42,497.434,6.60876,0.000147939,0.0328845,0,536.8571013,792.133,33.4082,23.7107,4.38322e-05,0.0102629,0,253.4232821,384.275,50.594,7.59527,2.68707e-05,0.00851569,6,-359.5727986,192.286,30.4255,6.3199,2.54799e-05,0.00884428
133.05502,1,MANUAL,ARMED,2,AVAILABLE,UNAVAILABLE,UNAVAILABLE,57,1,PROGRAM_STOPPED,2,A_N2-A3.NC,A_N2-A3.NC,2059443.982,190601.037,5699.4,2039.3944,100,0.0,34,100,0,0,100,0.0,3287.42,497.434,6.60876,0.000147939,0.0328845,0,536.8571013,792.133,33.4082,23.7107,4.38322e-05,0.0102629,0,253.4232821,384.275,50.594,7.59527,2.68707e-05,0.00851569,6,-359.5727986,192.286,30.4255,6.3199,2.54799e-05,0.00884428
133.192535,1,MANUAL,ARMED,2,AVAILABLE,UNAVAILABLE,UNAVAILABLE,57,1,PROGRAM_STOPPED,2,A_N2-A3.NC,A_N2-A3.NC,2059443.982,190601.037,5699.4,2039.3944,100,0.0,34,100,0,0,100,0.0,3311.41,500.132,6.62107,0.000126101,0.030283,0,536.8571013,816.14,32.786,24.8929,4.35427e-05,0.0091731,0,253.4232821,360.256,53.2543,6.76482,2.3044e-05,0.0071186,6,-359.57281,192.286,29.2471,6.57453,6.80294e-05,0.0134415
133.329627,1,MANUAL,ARMED,2,AVAILABLE,UNAVAILABLE,UNAVAILABLE,57,1,PROGRAM_STOPPED,2,A_N2-A3.NC,A_N2-A3.NC,2059443.982,190601.037,5699.4,2039.3944,100,0.0,34,100,0,0,100,0.0,3311.41,500.132,6.62107,0.000126101,0.030283,0,536.8570941,816.14,32.786,24.8929,4.35427e-05,0.0091731,0,253.4232821,360.256,53.2543,6.76482,2.3044e-05,0.0071186,6,-359.5727986,192.286,29.2471,6.57453,6.80294e-05,0.0134415
133.477941,1,MANUAL,ARMED,2,AVAILABLE,UNAVAILABLE,UNAVAILABLE,57,1,PROGRAM_STOPPED,2,A_N2-A3.NC,A_N2-A3.NC,2059443.982,190601.037,5699.4,2037.0135,100,0.0,34,100,0,0,100,0.0,3311.41,500.132,6.62107,0.000126101,0.030283,0,536.8571013,816.14,32.786,24.8929,4.35427e-05,0.0091731,0,253.4232892,360.256,53.2543,6.76482,2.3044e-05,0.0071186,6,-359.57281,192.286,29.2471,6.57453,6.80294e-05,0.0134415
133.616007,1,MANUAL,ARMED,2,AVAILABLE,UNAVAILABLE,UNAVAILABLE,57,1,PROGRAM_STOPPED,2,A_N2-A3.NC,A_N2-A3.NC,2059443.982,190601.037,5699.4,2037.0135,100,0.0,34,100,0,0,100,0.0,3311.41,500.132,6.62107,0.000126101,0.030283,0,536.8571013,816.14,32.786,24.8929,4.35427e-05,0.0091731,0,253.4232821,360.256,53.2543,6.76482,2.3044e-05,0.0071186,6,-359.5727986,192.286,29.2471,6.57453,6.80294e-05,0.0134415
133.798373,1,MANUAL,ARMED,2,AVAILABLE,UNAVAILABLE,UNAVAILABLE,57,1,PROGRAM_STOPPED,2,A_N2-A3.NC,A_N2-A3.NC,2059443.982,190601.037,5699.4,2037.0135,100,0.0,34,100,0,0,100,0.0,3311.41,500.132,6.62107,0.000126101,0.030283,0,536.8571013,816.14,32.786,24.8929,4.35427e-05,0.0091731,0,253.4232892,360.256,53.2543,6.76482,2.3044e-05,0.0071186,6,-359.5727986,192.286,29.2471,6.57453,6.80294e-05,0.0134415
133.943469,1,MANUAL,ARMED,2,AVAILABLE,UNAVAILABLE,UNAVAILABLE,57,1,PROGRAM_STOPPED,2,A_N2-A3.NC,A_N2-A3.NC,2059443.982,190601.037,5699.4,2037.0135,100,0.0,34,100,0,0,100,0.0,3311.41,500.132,6.62107,0.000126101,0.030283,0,536.8570941,816.14,32.786,24.8929,4.35427e-05,0.0091731,0,253.4232892,360.256,53.2543,6.76482,2.3044e-05,0.0071186,6,-359.5727986,192.286,29.2471,6.57453,6.80294e-05,0.0134415
134.085772,1,MANUAL,ARMED,2,AVAILABLE,UNAVAILABLE,UNAVAILABLE,57,1,PROGRAM_STOPPED,2,A_N2-A3.NC,A_N2-A3.NC,2059443.982,190601.037,5699.4,2037.0135,100,0.0,34,100,0,0,100,0.0,3311.41,500.132,6.62107,0.000126101,0.030283,0,536.8571013,816.14,32.786,24.8929,4.35427e-05,0.0091731,0,253.4232821,360.256,53.2543,6.76482,2.3044e-05,0.0071186,6,-359.5727986,192.286,29.2471,6.57453,6.80294e-05,0.0134415
134.223676,1,MANUAL,ARMED,2,AVAILABLE,UNAVAILABLE,UNAVAILABLE,57,1,PROGRAM_STOPPED,2,A_N2-A3.NC,A_N2-A3.NC,2059443.982,190601.037,5699.4,2037.0135,100,0.0,34,100,0,0,100,0.0,3311.41,500.132,6.62107,0.000126101,0.030283,0,536.8570941,816.14,32.786,24.8929,4.35427e-05,0.0091731,0,253.4232892,360.256,53.2543,6.76482,2.3044e-05,0.0071186,6,-359.5727986,192.286,29.2471,6.57453,6.80294e-05,0.0134415
134.370473,1,MANUAL,ARMED,2,AVAILABLE,UNAVAILABLE,UNAVAILABLE,57,1,PROGRAM_STOPPED,2,A_N2-A3.NC,A_N2-A3.NC,2059443.982,190601.037,5699.4,2037.0135,100,0.0,34,100,0,0,100,0.0,3311.41,500.132,6.62107,0.000126101,0.030283,0,536.8571013,816.14,32.786,24.8929,4.35427e-05,0.0091731,0,253.4232821,360.256,53.2543,6.76482,2.3044e-05,0.0071186,6,-359.57281,192.286,29.2471,6.57453,6.80294e-05,0.0134415
