time,COR_Status,Controller_Mode,EStop_State,Machine_Mode,avail,dev_asset_chg,dev_asset_rem,Block_Number,Current_Tool,Execution,Part_Count,Program_Name_Editing,Program_Name_Running,A_Axis_Load,A_Position,C_Axis_Load,C_Position,Machine_Time,Spindle_Time,energy,watt,Feed_Override,Feed_Rate,Program_Runtime_Seconds,Rapid_Override,Rapid_Speed,S_Axis_Load,Spindle_Override,Spindle_Speed,smapeak,smarms,smcrest,smtemp,smvrms,X_Axis_Load,X_Position,xmapeak,xmarms,xmcrest,xmtemp,xmvrms,Y_Axis_Load,Y_Position,ymapeak,ymarms,ymcrest,ymtemp,ymvrms,Z_Axis_Load,Z_Position,zmapeak,zmarms,zmcrest,zmtemp,zmvrms
0.0,1,AUTO,ARMED,5,AVAILABLE,UNAVAILABLE,UNAVAILABLE,45,4,ACTIVE,710,D_P1-A5.NC,D_P1-A5.NC,6,0.000167898,20,0.0005,1609633.146,468592,184.4,3267.4148,100,29.63333,35,100,0,1,100,3700.0,8200,2000,4.1,24.2,0.3,10,373.9863065,2300,900,2.6,22.6,0.5,4,221.8173401,2500,700,3.7,25.9,0.3,32,-296.1354088,2100,600,3.4,27.8,0.3
0.155334,1,AUTO,ARMED,5,AVAILABLE,UNAVAILABLE,UNAVAILABLE,45,4,ACTIVE,710,D_P1-A5.NC,D_P1-A5.NC,6,0.000167898,20,0.0005,1609633.146,468592,184.4,3267.4148,100,29.63333,36,100,0,1,100,3700.0,8200,2000,4.1,24.2,0.3,10,370.9337726,2300,900,2.6,22.6,0.5,4,221.8173401,2500,700,3.7,25.9,0.3,32,-296.1353974,2100,600,3.4,27.8,0.3
0.313156,1,AUTO,ARMED,5,AVAILABLE,UNAVAILABLE,UNAVAILABLE,45,4,ACTIVE,710,D_P1-A5.NC,D_P1-A5.NC,6,0.000167898,20,0.0005,1609633.146,468592,184.4,3267.4148,100,29.63333,36,100,0,2,100,3700.0,8200,2000,4.1,24.2,0.3,7,369.4079005,2300,900,2.6,22.6,0.5,4,221.8173401,2500,700,3.7,25.9,0.3,32,-296.1353974,2100,600,3.4,27.8,0.3
0.461754,1,AUTO,ARMED,5,AVAILABLE,UNAVAILABLE,UNAVAILABLE,45,4,ACTIVE,710,D_P1-A5.NC,D_P1-A5.NC,6,0.002168391,20,0.001,1609633.146,468592,184.4,3267.4148,100,29.63333,36,100,0,2,100,3700.0,8200,2000,4.1,24.2,0.3,7,363.2958976,2300,900,2.6,22.6,0.5,4,221.8171684,2500,700,3.7,25.9,0.3,32,-296.1353745,2100,600,3.4,27.8,0.3
0.605399,1,AUTO,ARMED,5,AVAILABLE,UNAVAILABLE,UNAVAILABLE,45,4,ACTIVE,710,D_P1-A5.NC,D_P1-A5.NC,6,-0.000832349,20,0.0005,1609633.146,468592,184.4,3267.4148,100,29.63333,36,100,0,3,100,3700.0,8200,2000,4.1,24.2,0.3,1,360.2435354,2300,900,2.6,22.6,0.5,8,221.817054,2500,700,3.7,25.9,0.3,33,-296.1353974,2100,600,3.4,27.8,0.3
0.7436,1,AUTO,ARMED,5,AVAILABLE,UNAVAILABLE,UNAVAILABLE,45,4,ACTIVE,710,D_P1-A5.NC,D_P1-A5.NC,6,0.001168144,20,0.0005,1609633.146,468592,184.4,2098.8374,100,29.63333,36,100,0,3,100,3700.0,8200,2000,4.1,24.2,0.3,1,357.1765475,2300,900,2.6,22.6,0.5,8,221.8174202,2500,700,3.7,25.9,0.3,33,-296.1354317,2100,600,3.4,27.8,0.3
0.883617,1,AUTO,ARMED,5,AVAILABLE,UNAVAILABLE,UNAVAILABLE,45,4,ACTIVE,710,D_P1-A5.NC,D_P1-A5.NC,6,0.000668021,20,0.0005,1609633.146,468592,184.4,2098.8374,100,29.63333,36,100,0,2,100,3700.0,8200,2000,4.1,24.2,0.3,2,348.0126232,2300,900,2.6,22.6,0.5,8,221.8174774,2500,700,3.7,25.9,0.3,33,-296.1353859,2100,600,3.4,27.8,0.3
1.033459,1,AUTO,ARMED,5,AVAILABLE,UNAVAILABLE,UNAVAILABLE,45,4,ACTIVE,710,D_P1-A5.NC,D_P1-A5.NC,6,-0.000332225,20,0.0005,1609633.146,468592,184.4,2098.8374,100,29.63333,36,100,0,2,100,3700.0,5800,1000,5.9,24.2,0.2,2,344.9605977,400,100,5.4,22.6,0.0,8,221.8173515,1400,500,3.0,25.9,0.1,33,-296.1354546,400,100,3.3,27.8,0.1
1.179673,1,AUTO,ARMED,5,AVAILABLE,UNAVAILABLE,UNAVAILABLE,45,4,ACTIVE,710,D_P1-A5.NC,D_P1-A5.NC,6,0.001668267,20,0.001,1609633.146,468592,184.4,2098.8374,100,29.63333,37,100,0,4,100,3700.0,5800,1000,5.9,24.2,0.2,1,341.9078398,400,100,5.4,22.6,0.0,8,221.8172714,1400,500,3.0,25.9,0.1,33,-296.1353974,400,100,3.3,27.8,0.1
1.327128,1,AUTO,ARMED,5,AVAILABLE,UNAVAILABLE,UNAVAILABLE,45,4,ACTIVE,710,D_P1-A5.NC,D_P1-A5.NC,6,-0.000332225,20,0.0005,1609633.146,468592,184.4,2098.8374,100,29.63333,37,100,0,4,100,3700.0,5800,1000,5.9,24.2,0.2,1,338.8485246,400,100,5.4,22.6,0.0,8,221.8173973,1400,500,3.0,25.9,0.1,33,-296.1353631,400,100,3.3,27.8,0.1
1.465804,1,AUTO,ARMED,5,AVAILABLE,UNAVAILABLE,UNAVAILABLE,45,4,ACTIVE,710,D_P1-A5.NC,D_P1-A5.NC,6,0.002168391,20,0.001,1609633.146,468592,184.4,2098.8374,100,29.63333,37,100,0,2,100,3700.0,5800,1000,5.9,24.2,0.2,3,335.796316,400,100,5.4,22.6,0.0,7,221.8174202,1400,500,3.0,25.9,0.1,33,-296.1354088,400,100,3.3,27.8,0.1
1.616112,1,AUTO,ARMED,5,AVAILABLE,UNAVAILABLE,UNAVAILABLE,45,4,ACTIVE,710,D_P1-A5.NC,D_P1-A5.NC,6,0.000167898,20,0.0005,1609633.146,468592,184.4,2098.8374,100,29.63333,37,100,0,2,100,3700.0,5800,1000,5.9,24.2,0.2,10,326.6319494,400,100,5.4,22.6,0.0,3,221.8174888,1400,500,3.0,25.9,0.1,32,-296.1353859,400,100,3.3,27.8,0.1
1.76623,1,AUTO,ARMED,5,AVAILABLE,UNAVAILABLE,UNAVAILABLE,45,4,ACTIVE,710,D_P1-A5.NC,D_P1-A5.NC,6,0.000167898,20,0.0005,1609633.146,468592,184.4,1973.5371,100,29.63333,37,100,0,0,100,3700.0,5800,1000,5.9,24.2,0.2,11,323.5872349,400,100,5.4,22.6,0.0,1,221.8173286,1400,500,3.0,25.9,0.1,32,-296.1354088,400,100,3.3,27.8,0.1
1.914528,1,AUTO,ARMED,5,AVAILABLE,UNAVAILABLE,UNAVAILABLE,45,4,ACTIVE,710,D_P1-A5.NC,D_P1-A5.NC,6,0.000167898,20,0.0005,1609633.146,468592,184.4,1973.5371,100,29.63333,37,100,0,1,100,3700.0,5800,1000,5.9,24.2,0.2,0,320.5348754,400,100,5.4,22.6,0.0,1,221.8173057,1400,500,3.0,25.9,0.1,32,-296.1353974,400,100,3.3,27.8,0.1
2.057962,1,AUTO,ARMED,5,AVAILABLE,UNAVAILABLE,UNAVAILABLE,45,4,ACTIVE,710,D_P1-A5.NC,D_P1-A5.NC,6,0.000167898,20,0.0005,1609633.146,468592,184.4,1973.5371,100,19.88333,38,100,0,1,100,3700.0,5800,1000,5.9,24.2,0.2,0,318.6038823,400,100,5.4,22.6,0.0,1,221.8172828,1400,500,3.0,25.9,0.1,32,-296.1354088,400,100,3.3,27.8,0.1
2.206079,1,AUTO,ARMED,5,AVAILABLE,UNAVAILABLE,UNAVAILABLE,46,4,ACTIVE,710,D_P1-A5.NC,D_P1-A5.NC,6,0.000167898,20,0.0005,1609633.146,468592,184.4,1973.5371,100,0.0,38,100,0,0,100,3700.0,5800,1000,5.9,24.2,0.2,6,318.603848,400,100,5.4,22.6,0.0,1,221.8173057,1400,500,3.0,25.9,0.1,32,-296.1353974,400,100,3.3,27.8,0.1
2.358792,1,AUTO,ARMED,5,AVAILABLE,UNAVAILABLE,UNAVAILABLE,46,4,ACTIVE,710,D_P1-A5.NC,D_P1-A5.NC,6,0.000167898,20,0.0005,1609633.146,468592,184.4,1973.5371,100,0.0,38,100,0,0,100,3700.0,6400,1600,3.9,24.2,0.2,6,318.6038709,200,0,4.0,22.6,0.0,1,221.8172943,2700,500,5.3,25.9,0.1,32,-296.1354088,400,100,3.5,27.8,0.1
2.507275,1,AUTO,ARMED,5,AVAILABLE,UNAVAILABLE,UNAVAILABLE,46,4,ACTIVE,710,D_P1-A5.NC,D_P1-A5.NC,6,0.000167898,20,0.0005,1609633.146,468592,184.4,1973.5371,100,0.0,38,100,0,0,100,3700.0,6400,1600,3.9,24.2,0.2,5,318.6038938,200,0,4.0,22.6,0.0,1,221.8172943,2700,500,5.3,25.9,0.1,32,-296.1353974,400,100,3.5,27.8,0.1
2.682152,1,AUTO,ARMED,5,AVAILABLE,UNAVAILABLE,UNAVAILABLE,46,4,ACTIVE,710,D_P1-A5.NC,D_P1-A5.NC,6,0.000167898,20,0.0005,1609633.146,468592,184.4,1973.5371,100,0.0,38,100,0,1,100,3700.0,6400,1600,3.9,24.2,0.2,5,318.6038938,200,0,4.0,22.6,0.0,1,221.8172828,2700,500,5.3,25.9,0.1,32,-296.1354088,400,100,3.5,27.8,0.1
2.829424,1,AUTO,ARMED,5,AVAILABLE,UNAVAILABLE,UNAVAILABLE,46,4,ACTIVE,710,D_P1-A5.NC,D_P1-A5.NC,6,0.000167898,20,0.0005,1609633.146,468592,184.4,2105.7139,100,0.0,38,100,0,1,100,3700.0,6400,1600,3.9,24.2,0.2,5,318.6038938,200,0,4.0,22.6,0.0,1,221.8173057,2700,500,5.3,25.9,0.1,32,-296.1353974,400,100,3.5,27.8,0.1
2.990536,1,AUTO,ARMED,5,AVAILABLE,UNAVAILABLE,UNAVAILABLE,46,4,ACTIVE,710,D_P1-A5.NC,D_P1-A5.NC,6,0.000167898,20,0.0005,1609633.146,468592,184.4,2105.7139,100,0.0,38,100,0,1,100,3700.0,6400,1600,3.9,24.2,0.2,5,318.6038938,200,0,4.0,22.6,0.0,1,221.8173172,2700,500,5.3,25.9,0.1,32,-296.1353974,400,100,3.5,27.8,0.1
3.138689,1,AUTO,ARMED,5,AVAILABLE,UNAVAILABLE,UNAVAILABLE,49,4,ACTIVE,710,D_P1-A5.NC,D_P1-A5.NC,6,0.000167898,20,0.0005,1609633.146,468592,184.4,2105.7139,100,0.0,39,100,0,1,100,3700.0,6400,1600,3.9,24.2,0.2,5,318.6039052,200,0,4.0,22.6,0.0,1,221.8173057,2700,500,5.3,25.9,0.1,32,-296.1353974,400,100,3.5,27.8,0.1
3.285259,1,AUTO,ARMED,5,AVAILABLE,UNAVAILABLE,UNAVAILABLE,49,4,ACTIVE,710,D_P1-A5.NC,D_P1-A5.NC,6,0.000167898,20,0.0005,1609633.146,468592,184.4,2105.7139,100,0.0,39,100,0,21,100,3835.426831,6400,1600,3.9,24.2,0.2,5,318.6038938,200,0,4.0,22.6,0.0,1,221.8172943,2700,500,5.3,25.9,0.1,32,-296.1353974,400,100,3.5,27.8,0.1
3.432102,1,AUTO,ARMED,5,AVAILABLE,UNAVAILABLE,UNAVAILABLE,49,4,ACTIVE,710,D_P1-A5.NC,D_P1-A5.NC,6,0.000167898,20,0.0005,1609633.146,468592,184.4,2105.7139,100,0.0,39,100,0,0,100,4200.0,6400,1600,3.9,24.2,0.2,5,318.6038938,200,0,4.0,22.6,0.0,0,223.0853615,2700,500,5.3,25.9,0.1,32,-296.1354088,400,100,3.5,27.8,0.1
3.594601,1,AUTO,ARMED,5,AVAILABLE,UNAVAILABLE,UNAVAILABLE,50,4,ACTIVE,710,D_P1-A5.NC,D_P1-A5.NC,6,0.000167898,20,0.0005,1609633.146,468592,184.4,2105.7139,100,0.0,39,100,0,0,100,4200.0,6400,1600,3.9,24.2,0.2,5,318.6039052,200,0,4.0,22.6,0.0,0,223.087078,2700,500,5.3,25.9,0.1,32,-296.1353974,400,100,3.5,27.8,0.1
3.749771,1,AUTO,ARMED,5,AVAILABLE,UNAVAILABLE,UNAVAILABLE,50,4,ACTIVE,710,D_P1-A5.NC,D_P1-A5.NC,6,0.000167898,20,0.0005,1609633.146,468592,184.4,2105.7139,100,0.0,39,100,0,0,100,4200.0,6400,1600,3.9,24.2,0.2,5,318.6039052,200,0,4.0,22.6,0.0,4,223.0873641,2700,500,5.3,25.9,0.1,32,-296.1353974,400,100,3.5,27.8,0.1
3.893254,1,AUTO,ARMED,5,AVAILABLE,UNAVAILABLE,UNAVAILABLE,50,4,ACTIVE,710,D_P1-A5.NC,D_P1-A5.NC,6,0.000167898,20,0.0005,1609633.146,468592,184.4,2105.7139,100,0.0,39,100,0,0,100,4200.0,2600,600,4.3,24.2,0.2,5,318.6039052,1700,600,3.0,22.6,0.3,4,223.0873412,3000,700,4.1,25.9,0.2,32,-296.1353974,1200,200,5.3,27.8,0.2
4.046684,1,AUTO,ARMED,5,AVAILABLE,UNAVAILABLE,UNAVAILABLE,50,4,ACTIVE,710,D_P1-A5.NC,D_P1-A5.NC,6,0.000167898,20,0.0005,1609633.146,468592,184.4,3097.8235,100,0.0,39,100,0,0,100,4200.0,2600,600,4.3,24.2,0.2,5,318.6038938,1700,600,3.0,22.6,0.3,4,223.0873069,3000,700,4.1,25.9,0.2,32,-296.1353974,1200,200,5.3,27.8,0.2
4.193199,1,AUTO,ARMED,5,AVAILABLE,UNAVAILABLE,UNAVAILABLE,50,4,ACTIVE,710,D_P1-A5.NC,D_P1-A5.NC,6,0.000167898,20,0.0005,1609633.146,468592,184.4,3097.8235,100,0.0,40,100,0,0,100,4200.0,2600,600,4.3,24.2,0.2,5,318.6039052,1700,600,3.0,22.6,0.3,4,223.0873183,3000,700,4.1,25.9,0.2,32,-296.1354088,1200,200,5.3,27.8,0.2
4.334709,1,AUTO,ARMED,5,AVAILABLE,UNAVAILABLE,UNAVAILABLE,50,4,ACTIVE,710,D_P1-A5.NC,D_P1-A5.NC,6,0.000167898,20,0.0005,1609633.146,468592,184.4,3097.8235,100,0.0,40,100,0,1,100,4200.0,2600,600,4.3,24.2,0.2,5,318.6038938,1700,600,3.0,22.6,0.3,3,223.0873069,3000,700,4.1,25.9,0.2,32,-296.1353974,1200,200,5.3,27.8,0.2
4.491539,1,AUTO,ARMED,5,AVAILABLE,UNAVAILABLE,UNAVAILABLE,50,4,ACTIVE,710,D_P1-A5.NC,D_P1-A5.NC,6,0.000167898,20,0.0005,1609633.146,468592,184.4,3097.8235,100,0.0,40,100,0,1,100,4200.0,2600,600,4.3,24.2,0.2,5,318.602241,1700,600,3.0,22.6,0.3,3,223.0873069,3000,700,4.1,25.9,0.2,32,-296.1353974,1200,200,5.3,27.8,0.2
4.635913,1,AUTO,ARMED,5,AVAILABLE,UNAVAILABLE,UNAVAILABLE,51,4,ACTIVE,710,D_P1-A5.NC,D_P1-A5.NC,6,0.000167898,20,0.0005,1609633.146,468592,184.4,3097.8235,100,0.0,40,100,0,0,100,4200.0,2600,600,4.3,24.2,0.2,8,320.4591268,1700,600,3.0,22.6,0.3,3,223.0872954,3000,700,4.1,25.9,0.2,32,-296.1353974,1200,200,5.3,27.8,0.2
4.796161,1,AUTO,ARMED,5,AVAILABLE,UNAVAILABLE,UNAVAILABLE,51,4,ACTIVE,710,D_P1-A5.NC,D_P1-A5.NC,6,0.000167898,20,0.0005,1609633.146,468592,184.4,3097.8235,100,23.28333,40,100,0,2,100,4200.0,2600,600,4.3,24.2,0.2,9,325.2664619,1700,600,3.0,22.6,0.3,3,223.0872954,3000,700,4.1,25.9,0.2,32,-296.1353974,1200,200,5.3,27.8,0.2
4.944897,1,AUTO,ARMED,5,AVAILABLE,UNAVAILABLE,UNAVAILABLE,51,4,ACTIVE,710,D_P1-A5.NC,D_P1-A5.NC,6,0.000167898,20,0.0005,1609633.146,468592,184.4,3097.8235,100,23.28333,40,100,0,2,100,4200.0,2600,600,4.3,24.2,0.2,9,327.6644186,1700,600,3.0,22.6,0.3,3,223.0873069,3000,700,4.1,25.9,0.2,32,-296.1354088,1200,200,5.3,27.8,0.2
5.081663,1,AUTO,ARMED,5,AVAILABLE,UNAVAILABLE,UNAVAILABLE,51,4,ACTIVE,710,D_P1-A5.NC,D_P1-A5.NC,6,0.000167898,20,0.0005,1609633.146,468592,184.4,3314.679,100,23.28333,40,100,0,3,100,4200.0,2600,600,4.3,24.2,0.2,16,332.4664524,1700,600,3.0,22.6,0.3,3,223.0872726,3000,700,4.1,25.9,0.2,32,-296.1354088,1200,200,5.3,27.8,0.2
5.226593,1,AUTO,ARMED,5,AVAILABLE,UNAVAILABLE,UNAVAILABLE,51,4,ACTIVE,710,D_P1-A5.NC,D_P1-A5.NC,6,0.000167898,20,0.0005,1609633.146,468592,184.4,3314.679,100,23.28333,41,100,0,4,100,4200.0,2600,600,4.3,24.2,0.2,19,334.8590222,1700,600,3.0,22.6,0.3,3,223.0872726,3000,700,4.1,25.9,0.2,33,-296.1354317,1200,200,5.3,27.8,0.2
5.382509,1,AUTO,ARMED,5,AVAILABLE,UNAVAILABLE,UNAVAILABLE,51,4,ACTIVE,710,D_P1-A5.NC,D_P1-A5.NC,6,0.000167898,20,0.0005,1609633.146,468592,184.4,3314.679,100,23.28333,41,100,0,3,100,4200.0,2600,600,4.3,24.2,0.2,20,339.6668896,1700,600,3.0,22.6,0.3,3,223.0873298,3000,700,4.1,25.9,0.2,33,-296.1354088,1200,200,5.3,27.8,0.2
5.542649,1,AUTO,ARMED,5,AVAILABLE,UNAVAILABLE,UNAVAILABLE,51,4,ACTIVE,710,D_P1-A5.NC,D_P1-A5.NC,6,0.000167898,20,0.0005,1609633.146,468592,184.4,3314.679,100,23.28333,41,100,0,3,100,4200.0,2600,600,4.3,24.2,0.2,20,342.0653187,1700,600,3.0,22.6,0.3,3,223.087284,3000,700,4.1,25.9,0.2,33,-296.1353745,1200,200,5.3,27.8,0.2
5.70417,1,AUTO,ARMED,5,AVAILABLE,UNAVAILABLE,UNAVAILABLE,51,4,ACTIVE,710,D_P1-A5.NC,D_P1-A5.NC,6,0.000167898,20,0.0005,1609633.146,468592,184.4,3314.679,100,23.28333,41,100,0,3,100,4200.0,7900,1800,4.4,24.2,0.2,18,349.2655385,300,100,3.5,22.6,0.0,3,223.0873298,1600,500,2.9,25.9,0.1,33,-296.1353974,1500,300,4.2,27.8,0.2
5.849274,1,AUTO,ARMED,5,AVAILABLE,UNAVAILABLE,UNAVAILABLE,51,4,ACTIVE,710,D_P1-A5.NC,D_P1-A5.NC,6,-0.000332225,20,0.0005,1609633.146,468592,184.4,3314.679,100,23.28333,41,100,0,3,100,4200.0,7900,1800,4.4,24.2,0.2,18,350.464816,300,100,3.5,22.6,0.0,3,223.0872954,1600,500,2.9,25.9,0.1,33,-296.1353974,1500,300,4.2,27.8,0.2
6.000316,1,AUTO,ARMED,5,AVAILABLE,UNAVAILABLE,UNAVAILABLE,51,4,ACTIVE,710,D_P1-A5.NC,D_P1-A5.NC,6,0.000167898,20,0.0005,1609633.146,468592,184.4,3314.679,100,23.28333,41,100,0,3,100,4200.0,7900,1800,4.4,24.2,0.2,18,352.8627988,300,100,3.5,22.6,0.0,3,223.0872954,1600,500,2.9,25.9,0.1,33,-296.1354203,1500,300,4.2,27.8,0.2
6.143643,1,AUTO,ARMED,5,AVAILABLE,UNAVAILABLE,UNAVAILABLE,51,4,ACTIVE,710,D_P1-A5.NC,D_P1-A5.NC,6,0.000167898,20,0.0005,1609633.146,468592,184.4,2070.9734,100,23.28333,42,100,0,4,100,4200.0,7900,1800,4.4,24.2,0.2,21,355.2726148,300,100,3.5,22.6,0.0,3,223.0873183,1600,500,2.9,25.9,0.1,32,-296.1353974,1500,300,4.2,27.8,0.2
6.288216,1,AUTO,ARMED,5,AVAILABLE,UNAVAILABLE,UNAVAILABLE,51,4,ACTIVE,710,D_P1-A5.NC,D_P1-A5.NC,6,0.000167898,20,0.0005,1609633.146,468592,184.4,2070.9734,100,23.28333,42,100,0,4,100,4200.0,7900,1800,4.4,24.2,0.2,18,360.0633618,300,100,3.5,22.6,0.0,3,223.0872954,1600,500,2.9,25.9,0.1,33,-296.1353745,1500,300,4.2,27.8,0.2
6.434435,1,AUTO,ARMED,5,AVAILABLE,UNAVAILABLE,UNAVAILABLE,51,4,ACTIVE,710,D_P1-A5.NC,D_P1-A5.NC,6,0.000167898,20,0.0005,1609633.146,468592,184.4,2070.9734,100,23.28333,42,100,0,4,100,4200.0,7900,1800,4.4,24.2,0.2,18,362.4736979,300,100,3.5,22.6,0.0,3,223.0872726,1600,500,2.9,25.9,0.1,33,-296.1353859,1500,300,4.2,27.8,0.2
6.578628,1,AUTO,ARMED,5,AVAILABLE,UNAVAILABLE,UNAVAILABLE,51,4,ACTIVE,710,D_P1-A5.NC,D_P1-A5.NC,6,0.000167898,20,0.0005,1609633.146,468592,184.4,2070.9734,100,23.28333,42,100,0,0,100,4200.0,7900,1800,4.4,24.2,0.2,12,364.8719377,300,100,3.5,22.6,0.0,3,223.0872954,1600,500,2.9,25.9,0.1,32,-296.1353516,1500,300,4.2,27.8,0.2
6.734098,1,AUTO,ARMED,5,AVAILABLE,UNAVAILABLE,UNAVAILABLE,51,4,ACTIVE,710,D_P1-A5.NC,D_P1-A5.NC,6,0.000167898,20,0.0005,1609633.146,468592,184.4,2070.9734,100,23.28333,42,100,0,0,100,4200.0,7900,1800,4.4,24.2,0.2,10,372.0717383,300,100,3.5,22.6,0.0,3,223.0873069,1600,500,2.9,25.9,0.1,32,-296.1353974,1500,300,4.2,27.8,0.2
6.870965,1,AUTO,ARMED,5,AVAILABLE,UNAVAILABLE,UNAVAILABLE,51,4,ACTIVE,710,D_P1-A5.NC,D_P1-A5.NC,6,0.000167898,20,0.0005,1609633.146,468592,184.4,2070.9734,100,23.28333,42,100,0,0,100,4200.0,7900,1800,4.4,24.2,0.2,9,374.4640272,300,100,3.5,22.6,0.0,3,223.0873069,1600,500,2.9,25.9,0.1,32,-296.1354088,1500,300,4.2,27.8,0.2
7.015827,1,AUTO,ARMED,5,AVAILABLE,UNAVAILABLE,UNAVAILABLE,51,4,ACTIVE,710,D_P1-A5.NC,D_P1-A5.NC,6,0.000167898,20,0.0005,1609633.146,468592,184.4,2070.9734,100,23.28333,42,100,0,0,100,4200.0,7900,1800,4.4,24.2,0.2,9,376.8739284,300,100,3.5,22.6,0.0,3,223.0873069,1600,500,2.9,25.9,0.1,32,-296.1353974,1500,300,4.2,27.8,0.2
7.15959,1,AUTO,ARMED,5,AVAILABLE,UNAVAILABLE,UNAVAILABLE,51,4,ACTIVE,710,D_P1-A5.NC,D_P1-A5.NC,6,0.000167898,20,0.0005,1609633.146,468592,184.4,2029.9807,100,23.28333,43,100,0,0,100,4200.0,7900,1800,4.4,24.2,0.2,10,379.2663432,300,100,3.5,22.6,0.0,3,223.0873069,1600,500,2.9,25.9,0.1,32,-296.1353974,1500,300,4.2,27.8,0.2
7.321697,1,AUTO,ARMED,5,AVAILABLE,UNAVAILABLE,UNAVAILABLE,52,4,ACTIVE,710,D_P1-A5.NC,D_P1-A5.NC,6,0.000167898,20,0.0005,1609633.146,468592,184.4,2029.9807,100,0.5833333,43,100,0,0,100,4200.0,2500,600,4.1,24.2,0.2,17,383.6275387,300,100,3.5,22.6,0.0,3,223.0872954,1400,500,2.7,25.9,0.1,32,-296.1354088,400,100,3.4,27.8,0.1
7.466332,1,AUTO,ARMED,5,AVAILABLE,UNAVAILABLE,UNAVAILABLE,52,4,ACTIVE,710,D_P1-A5.NC,D_P1-A5.NC,6,0.000167898,20,0.0005,1609633.146,468592,184.4,2029.9807,100,0.0,43,100,0,0,100,4200.0,2500,600,4.1,24.2,0.2,7,383.6279736,300,100,3.5,22.6,0.0,3,223.0873069,1400,500,2.7,25.9,0.1,32,-296.1353974,400,100,3.4,27.8,0.1
7.608243,1,AUTO,ARMED,5,AVAILABLE,UNAVAILABLE,UNAVAILABLE,52,4,ACTIVE,710,D_P1-A5.NC,D_P1-A5.NC,6,0.000167898,20,0.0005,1609633.146,468592,184.4,2029.9807,100,0.0,43,100,0,0,100,4200.0,2500,600,4.1,24.2,0.2,7,383.6279393,300,100,3.5,22.6,0.0,3,223.0873069,1400,500,2.7,25.9,0.1,32,-296.1354088,400,100,3.4,27.8,0.1
7.762262,1,AUTO,ARMED,5,AVAILABLE,UNAVAILABLE,UNAVAILABLE,52,4,ACTIVE,710,D_P1-A5.NC,D_P1-A5.NC,6,0.000167898,20,0.0005,1609633.146,468592,184.4,2029.9807,100,0.0,43,100,0,1,100,4200.0,2500,600,4.1,24.2,0.2,6,383.6279049,300,100,3.5,22.6,0.0,3,223.0872954,1400,500,2.7,25.9,0.1,32,-296.1354088,400,100,3.4,27.8,0.1
7.902874,1,AUTO,ARMED,5,AVAILABLE,UNAVAILABLE,UNAVAILABLE,52,4,ACTIVE,710,D_P1-A5.NC,D_P1-A5.NC,6,0.000167898,20,0.0005,1609633.146,468592,184.4,2029.9807,100,0.0,43,100,0,1,100,4200.0,2500,600,4.1,24.2,0.2,6,383.6279049,300,100,3.5,22.6,0.0,3,223.0872954,1400,500,2.7,25.9,0.1,32,-296.1353974,400,100,3.4,27.8,0.1
8.046657,1,AUTO,ARMED,5,AVAILABLE,UNAVAILABLE,UNAVAILABLE,52,4,ACTIVE,710,D_P1-A5.NC,D_P1-A5.NC,6,0.000167898,20,0.0005,1609633.146,468592,184.4,2029.9807,100,0.0,43,100,0,0,100,4200.0,2500,600,4.1,24.2,0.2,6,383.6279049,300,100,3.5,22.6,0.0,3,223.0872954,1400,500,2.7,25.9,0.1,32,-296.1353974,400,100,3.4,27.8,0.1
8.186568,1,AUTO,ARMED,5,AVAILABLE,UNAVAILABLE,UNAVAILABLE,52,4,ACTIVE,710,D_P1-A5.NC,D_P1-A5.NC,6,0.000167898,20,0.0005,1609633.146,468592,184.4,2029.9807,100,0.0,44,100,0,1,100,4200.0,2500,600,4.1,24.2,0.2,6,383.6278935,300,100,3.5,22.6,0.0,3,223.0872954,1400,500,2.7,25.9,0.1,32,-296.1353974,400,100,3.4,27.8,0.1
8.338935,1,AUTO,ARMED,5,AVAILABLE,UNAVAILABLE,UNAVAILABLE,53,4,ACTIVE,710,D_P1-A5.NC,D_P1-A5.NC,6,0.000167898,20,0.0005,1609633.146,468592,184.4,3083.1011,100,0.0,44,100,0,1,100,4200.0,2500,600,4.1,24.2,0.2,6,383.6278935,300,100,3.5,22.6,0.0,3,223.0873069,1400,500,2.7,25.9,0.1,32,-296.1353974,400,100,3.4,27.8,0.1
8.497437,1,AUTO,ARMED,5,AVAILABLE,UNAVAILABLE,UNAVAILABLE,54,4,ACTIVE,710,D_P1-A5.NC,D_P1-A5.NC,6,0.000167898,20,0.0005,1609633.146,468592,184.4,3083.1011,100,16.8,44,100,0,0,100,4200.0,2500,600,4.1,24.2,0.2,6,383.6279049,300,100,3.5,22.6,0.0,9,223.4062691,1400,500,2.7,25.9,0.1,32,-296.1353974,400,100,3.4,27.8,0.1
8.644607,1,AUTO,ARMED,5,AVAILABLE,UNAVAILABLE,UNAVAILABLE,54,4,ACTIVE,710,D_P1-A5.NC,D_P1-A5.NC,6,0.000167898,20,0.0005,1609633.146,468592,184.4,3083.1011,100,18.96667,44,100,0,0,100,4200.0,2500,600,4.1,24.2,0.2,9,377.8063656,300,100,3.5,22.6,0.0,5,224.3573881,1400,500,2.7,25.9,0.1,32,-296.1353974,400,100,3.4,27.8,0.1
8.79275,1,AUTO,ARMED,5,AVAILABLE,UNAVAILABLE,UNAVAILABLE,54,4,ACTIVE,710,D_P1-A5.NC,D_P1-A5.NC,6,0.000167898,20,0.0005,1609633.146,468592,184.4,3083.1011,100,23.28333,44,100,0,1,100,4200.0,5200,1600,3.3,24.2,0.2,8,375.4139535,1400,600,2.6,22.6,0.3,4,224.3573538,3300,1100,3.1,25.9,0.4,32,-296.1353974,1200,400,3.4,27.8,0.2
8.93461,1,AUTO,ARMED,5,AVAILABLE,UNAVAILABLE,UNAVAILABLE,54,4,ACTIVE,710,D_P1-A5.NC,D_P1-A5.NC,6,0.000167898,20,0.0005,1609633.146,468592,184.4,3083.1011,100,23.28333,44,100,0,1,100,4200.0,5200,1600,3.3,24.2,0.2,8,373.0158422,1400,600,2.6,22.6,0.3,4,224.3573309,3300,1100,3.1,25.9,0.4,32,-296.1353974,1200,400,3.4,27.8,0.2
9.081466,1,AUTO,ARMED,5,AVAILABLE,UNAVAILABLE,UNAVAILABLE,54,4,ACTIVE,710,D_P1-A5.NC,D_P1-A5.NC,6,0.000167898,20,0.0005,1609633.146,468592,184.4,3083.1011,100,23.28333,44,100,0,2,100,4200.0,5200,1600,3.3,24.2,0.2,10,370.6175592,1400,600,2.6,22.6,0.3,4,224.357308,3300,1100,3.1,25.9,0.4,32,-296.1353974,1200,400,3.4,27.8,0.2
9.221564,1,AUTO,ARMED,5,AVAILABLE,UNAVAILABLE,UNAVAILABLE,54,4,ACTIVE,710,D_P1-A5.NC,D_P1-A5.NC,6,0.001668267,20,0.0005,1609633.146,468592,184.4,3083.1011,100,23.28333,45,100,0,1,100,4200.0,5200,1600,3.3,24.2,0.2,4,363.417343,1400,600,2.6,22.6,0.3,6,224.3572165,3300,1100,3.1,25.9,0.4,32,-296.1354088,1200,400,3.4,27.8,0.2
9.357932,1,AUTO,ARMED,5,AVAILABLE,UNAVAILABLE,UNAVAILABLE,54,4,ACTIVE,710,D_P1-A5.NC,D_P1-A5.NC,6,0.001668267,20,0.0005,1609633.146,468592,184.4,3131.0291,100,23.28333,45,100,0,1,100,4200.0,5200,1600,3.3,24.2,0.2,5,361.0074556,1400,600,2.6,22.6,0.3,7,224.357205,3300,1100,3.1,25.9,0.4,33,-296.1353745,1200,400,3.4,27.8,0.2
9.505871,1,AUTO,ARMED,5,AVAILABLE,UNAVAILABLE,UNAVAILABLE,54,4,ACTIVE,710,D_P1-A5.NC,D_P1-A5.NC,6,0.001668267,20,0.001,1609633.146,468592,184.4,3131.0291,100,23.28333,45,100,0,1,100,4200.0,5200,1600,3.3,24.2,0.2,5,358.6148719,1400,600,2.6,22.6,0.3,7,224.3572737,3300,1100,3.1,25.9,0.4,33,-296.1353974,1200,400,3.4,27.8,0.2
9.650105,1,AUTO,ARMED,5,AVAILABLE,UNAVAILABLE,UNAVAILABLE,54,4,ACTIVE,710,D_P1-A5.NC,D_P1-A5.NC,6,0.000668021,20,0.0005,1609633.146,468592,184.4,3131.0291,100,23.28333,45,100,0,1,100,4200.0,5200,1600,3.3,24.2,0.2,5,356.2167377,1400,600,2.6,22.6,0.3,7,224.3573309,3300,1100,3.1,25.9,0.4,33,-296.1353859,1200,400,3.4,27.8,0.2
9.791824,1,AUTO,ARMED,5,AVAILABLE,UNAVAILABLE,UNAVAILABLE,54,4,ACTIVE,710,D_P1-A5.NC,D_P1-A5.NC,6,0.001168144,20,0.0005,1609633.146,468592,184.4,3131.0291,100,23.28333,45,100,0,1,100,4200.0,5200,1600,3.3,24.2,0.2,4,352.6077471,1400,600,2.6,22.6,0.3,7,224.3572966,3300,1100,3.1,25.9,0.4,32,-296.1354317,1200,400,3.4,27.8,0.2
9.939615,1,AUTO,ARMED,5,AVAILABLE,UNAVAILABLE,UNAVAILABLE,54,4,ACTIVE,710,D_P1-A5.NC,D_P1-A5.NC,6,0.001668267,20,0.001,1609633.146,468592,184.4,3131.0291,100,23.28333,45,100,0,1,100,4200.0,5200,1600,3.3,24.2,0.2,2,350.2097369,1400,600,2.6,22.6,0.3,7,224.3573424,3300,1100,3.1,25.9,0.4,32,-296.1353859,1200,400,3.4,27.8,0.2
10.093252,1,AUTO,ARMED,5,AVAILABLE,UNAVAILABLE,UNAVAILABLE,54,4,ACTIVE,710,D_P1-A5.NC,D_P1-A5.NC,6,0.001168144,20,0.0005,1609633.146,468592,184.4,3131.0291,100,23.28333,45,100,0,4,100,4200.0,5200,1600,3.3,24.2,0.2,3,345.4074795,1400,600,2.6,22.6,0.3,7,224.3572737,3300,1100,3.1,25.9,0.4,33,-296.1353631,1200,400,3.4,27.8,0.2
10.234084,1,AUTO,ARMED,5,AVAILABLE,UNAVAILABLE,UNAVAILABLE,54,4,ACTIVE,710,D_P1-A5.NC,D_P1-A5.NC,6,-0.000332225,20,0.0005,1609633.146,468592,184.4,3131.0291,100,23.28333,46,100,0,4,100,4200.0,5200,1600,3.3,24.2,0.2,3,343.0092977,1400,600,2.6,22.6,0.3,7,224.3572279,3300,1100,3.1,25.9,0.4,33,-296.1354088,1200,400,3.4,27.8,0.2
10.377832,1,AUTO,ARMED,5,AVAILABLE,UNAVAILABLE,UNAVAILABLE,54,4,ACTIVE,710,D_P1-A5.NC,D_P1-A5.NC,6,-0.000832349,20,0.0005,1609633.146,468592,184.4,2063.1013,100,23.28333,46,100,0,3,100,4200.0,5200,1600,3.3,24.2,0.2,2,340.6111387,1400,600,2.6,22.6,0.3,7,224.3573424,3300,1100,3.1,25.9,0.4,32,-296.1354317,1200,400,3.4,27.8,0.2
10.527159,1,AUTO,ARMED,5,AVAILABLE,UNAVAILABLE,UNAVAILABLE,54,4,ACTIVE,710,D_P1-A5.NC,D_P1-A5.NC,6,0.000167898,20,0.0005,1609633.146,468592,184.4,2063.1013,100,23.28333,46,100,0,4,100,4200.0,5200,1600,3.3,24.2,0.2,3,335.8091789,1400,600,2.6,22.6,0.3,7,224.357308,3300,1100,3.1,25.9,0.4,33,-296.1354203,1200,400,3.4,27.8,0.2
10.680556,1,AUTO,ARMED,5,AVAILABLE,UNAVAILABLE,UNAVAILABLE,54,4,ACTIVE,710,D_P1-A5.NC,D_P1-A5.NC,6,0.000167898,20,0.0005,1609633.146,468592,184.4,2063.1013,100,23.28333,46,100,0,0,100,4200.0,2700,600,4.4,24.2,0.1,8,331.0071733,200,0,4.5,22.6,0.0,4,224.3576399,2800,1400,1.9,25.9,0.1,32,-296.1353745,400,100,3.3,27.8,0.1
10.837992,1,AUTO,ARMED,5,AVAILABLE,UNAVAILABLE,UNAVAILABLE,54,4,ACTIVE,710,D_P1-A5.NC,D_P1-A5.NC,6,0.000167898,20,0.0005,1609633.146,468592,184.4,2063.1013,100,23.28333,46,100,0,0,100,4200.0,2700,600,4.4,24.2,0.1,8,328.6086408,200,0,4.5,22.6,0.0,4,224.3574682,2800,1400,1.9,25.9,0.1,32,-296.1353859,400,100,3.3,27.8,0.1
10.989493,1,AUTO,ARMED,5,AVAILABLE,UNAVAILABLE,UNAVAILABLE,54,4,ACTIVE,710,D_P1-A5.NC,D_P1-A5.NC,6,0.000167898,20,0.0005,1609633.146,468592,184.4,2063.1013,100,23.28333,46,100,0,0,100,4200.0,2700,600,4.4,24.2,0.1,9,323.806468,200,0,4.5,22.6,0.0,2,224.3573309,2800,1400,1.9,25.9,0.1,32,-296.1353974,400,100,3.3,27.8,0.1
11.135898,1,AUTO,ARMED,5,AVAILABLE,UNAVAILABLE,UNAVAILABLE,54,4,ACTIVE,710,D_P1-A5.NC,D_P1-A5.NC,6,0.000167898,20,0.0005,1609633.146,468592,184.4,2063.1013,100,23.28333,47,100,0,0,100,4200.0,2700,600,4.4,24.2,0.1,10,321.4082484,200,0,4.5,22.6,0.0,2,224.357308,2800,1400,1.9,25.9,0.1,32,-296.1353974,400,100,3.3,27.8,0.1
11.28548,1,AUTO,ARMED,5,AVAILABLE,UNAVAILABLE,UNAVAILABLE,54,4,ACTIVE,710,D_P1-A5.NC,D_P1-A5.NC,6,0.000167898,20,0.0005,1609633.146,468592,184.4,2063.1013,100,11.83333,47,100,0,0,100,4200.0,2700,600,4.4,24.2,0.1,10,318.6046949,200,0,4.5,22.6,0.0,2,224.3572966,2800,1400,1.9,25.9,0.1,32,-296.1353974,400,100,3.3,27.8,0.1
11.433393,1,AUTO,ARMED,5,AVAILABLE,UNAVAILABLE,UNAVAILABLE,55,4,ACTIVE,710,D_P1-A5.NC,D_P1-A5.NC,6,0.000167898,20,0.0005,1609633.146,468592,184.4,2063.1013,100,0.0,47,100,0,0,100,4200.0,2700,600,4.4,24.2,0.1,7,318.6038137,200,0,4.5,22.6,0.0,2,224.3572966,2800,1400,1.9,25.9,0.1,32,-296.1354088,400,100,3.3,27.8,0.1
11.587575,1,AUTO,ARMED,5,AVAILABLE,UNAVAILABLE,UNAVAILABLE,55,4,ACTIVE,710,D_P1-A5.NC,D_P1-A5.NC,6,0.000167898,20,0.0005,1609633.146,468592,184.4,2049.6865,100,0.0,47,100,0,3,100,4200.0,2700,600,4.4,24.2,0.1,6,318.6038709,200,0,4.5,22.6,0.0,2,224.3572966,2800,1400,1.9,25.9,0.1,32,-296.1353974,400,100,3.3,27.8,0.1
11.737736,1,AUTO,ARMED,5,AVAILABLE,UNAVAILABLE,UNAVAILABLE,55,4,ACTIVE,710,D_P1-A5.NC,D_P1-A5.NC,6,0.000167898,20,0.0005,1609633.146,468592,184.4,2049.6865,100,0.0,47,100,0,3,100,4200.0,2700,600,4.4,24.2,0.1,6,318.6038938,200,0,4.5,22.6,0.0,2,224.3572966,2800,1400,1.9,25.9,0.1,32,-296.1354088,400,100,3.3,27.8,0.1
11.88479,1,AUTO,ARMED,5,AVAILABLE,UNAVAILABLE,UNAVAILABLE,55,4,ACTIVE,710,D_P1-A5.NC,D_P1-A5.NC,6,0.000167898,20,0.0005,1609633.146,468592,184.4,2049.6865,100,0.0,47,100,0,3,100,4200.0,2700,600,4.4,24.2,0.1,6,318.6038823,200,0,4.5,22.6,0.0,2,224.3572966,2800,1400,1.9,25.9,0.1,32,-296.1353974,400,100,3.3,27.8,0.1
12.032172,1,AUTO,ARMED,5,AVAILABLE,UNAVAILABLE,UNAVAILABLE,55,4,ACTIVE,710,D_P1-A5.NC,D_P1-A5.NC,6,0.000167898,20,0.0005,1609633.146,468592,184.4,2049.6865,100,0.0,47,100,0,2,100,4200.0,2700,600,4.4,24.2,0.1,5,318.6038938,200,0,4.5,22.6,0.0,2,224.3572966,2800,1400,1.9,25.9,0.1,32,-296.1353974,400,100,3.3,27.8,0.1
12.180338,1,AUTO,ARMED,5,AVAILABLE,UNAVAILABLE,UNAVAILABLE,55,4,ACTIVE,710,D_P1-A5.NC,D_P1-A5.NC,6,0.000167898,20,0.0005,1609633.146,468592,184.4,2049.6865,100,0.0,48,100,0,1,100,4200.0,2700,600,4.4,24.2,0.1,5,318.6038938,200,0,4.5,22.6,0.0,2,224.3572966,2800,1400,1.9,25.9,0.1,32,-296.1353974,400,100,3.3,27.8,0.1
12.333665,1,AUTO,ARMED,5,AVAILABLE,UNAVAILABLE,UNAVAILABLE,55,4,ACTIVE,710,D_P1-A5.NC,D_P1-A5.NC,6,0.000167898,20,0.0005,1609633.146,468592,184.4,2049.6865,100,0.0,48,100,0,1,100,4200.0,2400,600,3.9,24.2,0.1,5,318.6038938,300,100,4.4,22.6,0.1,2,224.3573538,2400,1200,2.1,25.9,0.1,32,-296.1354088,400,100,3.4,27.7,0.1
12.484965,1,AUTO,ARMED,5,AVAILABLE,UNAVAILABLE,UNAVAILABLE,59,4,ACTIVE,710,D_P1-A5.NC,D_P1-A5.NC,6,0.000167898,20,0.0005,1609633.146,468592,184.4,2049.6865,100,0.06666667,48,100,0,0,100,4200.0,2400,600,3.9,24.2,0.1,5,318.6038938,300,100,4.4,22.6,0.1,13,225.6259589,2400,1200,2.1,25.9,0.1,32,-296.1353974,400,100,3.4,27.7,0.1
12.628753,1,AUTO,ARMED,5,AVAILABLE,UNAVAILABLE,UNAVAILABLE,59,4,ACTIVE,710,D_P1-A5.NC,D_P1-A5.NC,6,0.000167898,20,0.0005,1609633.146,468592,184.4,2053.2256,100,0.0,48,100,0,1,100,4200.0,2400,600,3.9,24.2,0.1,6,318.6038938,300,100,4.4,22.6,0.1,5,225.6273664,2400,1200,2.1,25.9,0.1,32,-296.1354088,400,100,3.4,27.7,0.1
12.772456,1,AUTO,ARMED,5,AVAILABLE,UNAVAILABLE,UNAVAILABLE,59,4,ACTIVE,710,D_P1-A5.NC,D_P1-A5.NC,6,0.000167898,20,0.0005,1609633.146,468592,184.4,2053.2256,100,0.0,48,100,0,1,100,4200.0,2400,600,3.9,24.2,0.1,5,318.6039052,300,100,4.4,22.6,0.1,4,225.6273435,2400,1200,2.1,25.9,0.1,32,-296.1353974,400,100,3.4,27.7,0.1
12.91738,1,AUTO,ARMED,5,AVAILABLE,UNAVAILABLE,UNAVAILABLE,59,4,ACTIVE,710,D_P1-A5.NC,D_P1-A5.NC,6,0.000167898,20,0.0005,1609633.146,468592,184.4,2053.2256,100,0.0,48,100,0,1,100,4200.0,2400,600,3.9,24.2,0.1,5,318.6038938,300,100,4.4,22.6,0.1,4,225.6273206,2400,1200,2.1,25.9,0.1,32,-296.1353974,400,100,3.4,27.7,0.1
13.083115,1,AUTO,ARMED,5,AVAILABLE,UNAVAILABLE,UNAVAILABLE,59,4,ACTIVE,710,D_P1-A5.NC,D_P1-A5.NC,6,0.000167898,20,0.0005,1609633.146,468592,184.4,2053.2256,100,0.0,49,100,0,0,100,4200.0,2400,600,3.9,24.2,0.1,5,318.6039052,300,100,4.4,22.6,0.1,4,225.6273092,2400,1200,2.1,25.9,0.1,32,-296.1353974,400,100,3.4,27.7,0.1
13.232971,1,AUTO,ARMED,5,AVAILABLE,UNAVAILABLE,UNAVAILABLE,59,4,ACTIVE,710,D_P1-A5.NC,D_P1-A5.NC,6,0.000167898,20,0.0005,1609633.146,468592,184.4,2053.2256,100,0.0,49,100,0,0,100,4200.0,2400,600,3.9,24.2,0.1,5,318.6038938,300,100,4.4,22.6,0.1,4,225.6272977,2400,1200,2.1,25.9,0.1,32,-296.1354088,400,100,3.4,27.7,0.1
13.38065,1,AUTO,ARMED,5,AVAILABLE,UNAVAILABLE,UNAVAILABLE,59,4,ACTIVE,710,D_P1-A5.NC,D_P1-A5.NC,6,0.000167898,20,0.0005,1609633.146,468592,184.4,2053.2256,100,0.0,49,100,0,0,100,4200.0,2400,600,3.9,24.2,0.1,5,318.6038938,300,100,4.4,22.6,0.1,4,225.6273092,2400,1200,2.1,25.9,0.1,32,-296.1353974,400,100,3.4,27.7,0.1
13.524054,1,AUTO,ARMED,5,AVAILABLE,UNAVAILABLE,UNAVAILABLE,60,4,ACTIVE,710,D_P1-A5.NC,D_P1-A5.NC,6,0.000167898,20,0.0005,1609633.146,468592,184.4,2053.2256,100,25.4,49,100,0,1,100,4200.0,2400,600,3.9,24.2,0.1,32,322.2215386,300,100,4.4,22.6,0.1,4,225.6273092,2400,1200,2.1,25.9,0.1,32,-296.1353974,400,100,3.4,27.7,0.1
13.670677,1,AUTO,ARMED,5,AVAILABLE,UNAVAILABLE,UNAVAILABLE,60,4,ACTIVE,710,D_P1-A5.NC,D_P1-A5.NC,6,0.000167898,20,0.0005,1609633.146,468592,184.4,3357.6948,100,25.4,49,100,0,0,100,4200.0,2400,600,3.9,24.2,0.1,10,324.8375809,300,100,4.4,22.6,0.1,4,225.6272977,2400,1200,2.1,25.9,0.1,32,-296.1354088,400,100,3.4,27.7,0.1
13.816827,1,AUTO,ARMED,5,AVAILABLE,UNAVAILABLE,UNAVAILABLE,60,4,ACTIVE,710,D_P1-A5.NC,D_P1-A5.NC,6,0.000167898,20,0.0005,1609633.146,468592,184.4,3357.6948,100,25.4,49,100,0,0,100,4200.0,7600,1800,4.2,24.2,0.2,10,327.466544,1600,700,2.5,22.6,0.3,4,225.6272977,3600,1300,2.7,25.9,0.3,32,-296.1353974,1500,500,3.3,27.7,0.3
13.956167,1,AUTO,ARMED,5,AVAILABLE,UNAVAILABLE,UNAVAILABLE,60,4,ACTIVE,710,D_P1-A5.NC,D_P1-A5.NC,6,0.000167898,20,0.0005,1609633.146,468592,184.4,3357.6948,100,25.4,49,100,0,0,100,4200.0,7600,1800,4.2,24.2,0.2,16,330.0755021,1600,700,2.5,22.6,0.3,4,225.6273435,3600,1300,2.7,25.9,0.3,32,-296.1354432,1500,500,3.3,27.7,0.3
14.106439,1,AUTO,ARMED,5,AVAILABLE,UNAVAILABLE,UNAVAILABLE,60,4,ACTIVE,710,D_P1-A5.NC,D_P1-A5.NC,6,0.000167898,20,0.0005,1609633.146,468592,184.4,3357.6948,100,25.4,50,100,0,2,100,4200.0,7600,1800,4.2,24.2,0.2,21,335.3213955,1600,700,2.5,22.6,0.3,4,225.6273435,3600,1300,2.7,25.9,0.3,32,-296.1354317,1500,500,3.3,27.7,0.3
14.2616,1,AUTO,ARMED,5,AVAILABLE,UNAVAILABLE,UNAVAILABLE,60,4,ACTIVE,710,D_P1-A5.NC,D_P1-A5.NC,6,0.000167898,20,0.0005,1609633.146,468592,184.4,3357.6948,100,25.4,50,100,0,2,100,4200.0,7600,1800,4.2,24.2,0.2,21,337.9378792,1600,700,2.5,22.6,0.3,4,225.6273092,3600,1300,2.7,25.9,0.3,32,-296.1354088,1500,500,3.3,27.7,0.3
14.427857,1,AUTO,ARMED,5,AVAILABLE,UNAVAILABLE,UNAVAILABLE,60,4,ACTIVE,710,D_P1-A5.NC,D_P1-A5.NC,6,0.000167898,20,0.0005,1609633.146,468592,184.4,3357.6948,100,25.4,50,100,0,2,100,4200.0,7600,1800,4.2,24.2,0.2,19,345.7922972,1600,700,2.5,22.6,0.3,4,225.6272863,3600,1300,2.7,25.9,0.3,33,-296.1354203,1500,500,3.3,27.7,0.3
14.574272,1,AUTO,ARMED,5,AVAILABLE,UNAVAILABLE,UNAVAILABLE,60,4,ACTIVE,710,D_P1-A5.NC,D_P1-A5.NC,6,0.000167898,20,0.0005,1609633.146,468592,184.4,3357.6948,100,25.4,50,100,0,2,100,4200.0,7600,1800,4.2,24.2,0.2,20,348.408758,1600,700,2.5,22.6,0.3,4,225.6273321,3600,1300,2.7,25.9,0.3,33,-296.1353974,1500,500,3.3,27.7,0.3
14.739679,1,AUTO,ARMED,5,AVAILABLE,UNAVAILABLE,UNAVAILABLE,60,4,ACTIVE,710,D_P1-A5.NC,D_P1-A5.NC,6,0.000167898,20,0.0005,1609633.146,468592,184.4,3357.6948,100,25.4,50,100,0,2,100,4200.0,7600,1800,4.2,24.2,0.2,19,351.0251731,1600,700,2.5,22.6,0.3,4,225.6273092,3600,1300,2.7,25.9,0.3,33,-296.1353859,1500,500,3.3,27.7,0.3
14.883231,1,AUTO,ARMED,5,AVAILABLE,UNAVAILABLE,UNAVAILABLE,60,4,ACTIVE,710,D_P1-A5.NC,D_P1-A5.NC,6,0.000167898,20,0.0005,1609633.146,468592,184.4,2042.9858,100,25.4,50,100,0,2,100,4200.0,7600,1800,4.2,24.2,0.2,19,356.2636779,1600,700,2.5,22.6,0.3,4,225.6272863,3600,1300,2.7,25.9,0.3,33,-296.1354088,1500,500,3.3,27.7,0.3
15.025657,1,AUTO,ARMED,5,AVAILABLE,UNAVAILABLE,UNAVAILABLE,60,4,ACTIVE,710,D_P1-A5.NC,D_P1-A5.NC,6,0.000167898,20,0.0005,1609633.146,468592,184.4,2042.9858,100,25.4,50,100,0,2,100,4200.0,7600,1800,4.2,24.2,0.2,21,358.8794224,1600,700,2.5,22.6,0.3,4,225.6273206,3600,1300,2.7,25.9,0.3,33,-296.1354203,1500,500,3.3,27.7,0.3
15.167079,1,AUTO,ARMED,5,AVAILABLE,UNAVAILABLE,UNAVAILABLE,60,4,ACTIVE,710,D_P1-A5.NC,D_P1-A5.NC,6,0.000167898,20,0.0005,1609633.146,468592,184.4,2042.9858,100,25.4,51,100,0,2,100,4200.0,7600,1800,4.2,24.2,0.2,21,361.5023881,1600,700,2.5,22.6,0.3,4,225.6272977,3600,1300,2.7,25.9,0.3,33,-296.1354088,1500,500,3.3,27.7,0.3
15.311412,1,AUTO,ARMED,5,AVAILABLE,UNAVAILABLE,UNAVAILABLE,60,4,ACTIVE,710,D_P1-A5.NC,D_P1-A5.NC,6,0.000167898,20,0.0005,1609633.146,468592,184.4,2042.9858,100,25.4,51,100,0,1,100,4200.0,7600,1800,4.2,24.2,0.2,22,366.7349873,1600,700,2.5,22.6,0.3,4,225.6273092,3600,1300,2.7,25.9,0.3,33,-296.1353631,1500,500,3.3,27.7,0.3
15.463601,1,AUTO,ARMED,5,AVAILABLE,UNAVAILABLE,UNAVAILABLE,60,4,ACTIVE,710,D_P1-A5.NC,D_P1-A5.NC,6,0.000167898,20,0.0005,1609633.146,468592,184.4,2042.9858,100,25.4,51,100,0,1,100,4200.0,2500,600,4.1,24.2,0.1,9,369.3574494,300,100,3.0,22.6,0.0,4,225.6272977,2400,1200,2.1,25.9,0.1,32,-296.1353859,400,100,3.3,27.7,0.2
15.605129,1,AUTO,ARMED,5,AVAILABLE,UNAVAILABLE,UNAVAILABLE,60,4,ACTIVE,710,D_P1-A5.NC,D_P1-A5.NC,6,0.000167898,20,0.0005,1609633.146,468592,184.4,2046.5834,100,25.4,51,100,0,0,100,4200.0,2500,600,4.1,24.2,0.1,10,373.28177,300,100,3.0,22.6,0.0,4,225.6273092,2400,1200,2.1,25.9,0.1,32,-296.1353859,400,100,3.3,27.7,0.2
15.76165,1,AUTO,ARMED,5,AVAILABLE,UNAVAILABLE,UNAVAILABLE,60,4,ACTIVE,710,D_P1-A5.NC,D_P1-A5.NC,6,0.000167898,20,0.0005,1609633.146,468592,184.4,2046.5834,100,25.4,51,100,0,0,100,4200.0,2500,600,4.1,24.2,0.1,10,375.8978007,300,100,3.0,22.6,0.0,4,225.6273092,2400,1200,2.1,25.9,0.1,32,-296.1353974,400,100,3.3,27.7,0.2
15.904669,1,AUTO,ARMED,5,AVAILABLE,UNAVAILABLE,UNAVAILABLE,60,4,ACTIVE,710,D_P1-A5.NC,D_P1-A5.NC,6,0.000167898,20,0.0005,1609633.146,468592,184.4,2046.5834,100,25.4,51,100,0,1,100,4200.0,2500,600,4.1,24.2,0.1,9,381.1368174,300,100,3.0,22.6,0.0,4,225.6273092,2400,1200,2.1,25.9,0.1,32,-296.1353974,400,100,3.3,27.7,0.2
16.05661,1,AUTO,ARMED,5,AVAILABLE,UNAVAILABLE,UNAVAILABLE,61,4,ACTIVE,710,D_P1-A5.NC,D_P1-A5.NC,6,0.000167898,20,0.0005,1609633.146,468592,184.4,2046.5834,100,0.0,52,100,0,0,100,4200.0,2500,600,4.1,24.2,0.1,8,383.6272869,300,100,3.0,22.6,0.0,4,225.6272977,2400,1200,2.1,25.9,0.1,32,-296.1353974,400,100,3.3,27.7,0.2
16.198709,1,AUTO,ARMED,5,AVAILABLE,UNAVAILABLE,UNAVAILABLE,61,4,ACTIVE,710,D_P1-A5.NC,D_P1-A5.NC,6,0.000167898,20,0.0005,1609633.146,468592,184.4,2046.5834,100,0.0,52,100,0,0,100,4200.0,2500,600,4.1,24.2,0.1,7,383.627985,300,100,3.0,22.6,0.0,4,225.6273092,2400,1200,2.1,25.9,0.1,32,-296.1354088,400,100,3.3,27.7,0.2
16.342329,1,AUTO,ARMED,5,AVAILABLE,UNAVAILABLE,UNAVAILABLE,61,4,ACTIVE,710,D_P1-A5.NC,D_P1-A5.NC,6,0.000167898,20,0.0005,1609633.146,468592,184.4,2046.5834,100,0.0,52,100,0,0,100,4200.0,2500,600,4.1,24.2,0.1,7,383.6279393,300,100,3.0,22.6,0.0,4,225.6273092,2400,1200,2.1,25.9,0.1,32,-296.1353974,400,100,3.3,27.7,0.2
16.486217,1,AUTO,ARMED,5,AVAILABLE,UNAVAILABLE,UNAVAILABLE,61,4,ACTIVE,710,D_P1-A5.NC,D_P1-A5.NC,6,0.000167898,20,0.0005,1609633.146,468592,184.4,2046.5834,100,0.0,52,100,0,0,100,4200.0,2500,600,4.1,24.2,0.1,6,383.6279164,300,100,3.0,22.6,0.0,4,225.6272977,2400,1200,2.1,25.9,0.1,32,-296.1353974,400,100,3.3,27.7,0.2
16.93356,1,AUTO,ARMED,5,AVAILABLE,UNAVAILABLE,UNAVAILABLE,61,4,ACTIVE,710,D_P1-A5.NC,D_P1-A5.NC,6,0.000167898,20,0.0005,1609633.146,468592,184.4,2046.5834,100,0.0,52,100,0,0,100,4200.0,2500,600,4.1,24.2,0.1,6,383.6279049,300,100,3.0,22.6,0.0,4,225.6272977,2400,1200,2.1,25.9,0.1,32,-296.1354088,400,100,3.3,27.7,0.2
17.078949,1,AUTO,ARMED,5,AVAILABLE,UNAVAILABLE,UNAVAILABLE,61,4,ACTIVE,710,D_P1-A5.NC,D_P1-A5.NC,6,0.000167898,20,0.0005,1609633.146,468592,184.4,2912.3911,100,0.0,53,100,0,0,100,4200.0,2500,600,4.1,24.2,0.1,6,383.6194399,300,100,3.0,22.6,0.0,4,226.6980004,2400,1200,2.1,25.9,0.1,32,-296.1354088,400,100,3.3,27.7,0.2
17.235187,1,AUTO,ARMED,5,AVAILABLE,UNAVAILABLE,UNAVAILABLE,62,4,ACTIVE,710,D_P1-A5.NC,D_P1-A5.NC,6,0.000167898,20,0.0005,1609633.146,468592,184.4,2912.3911,100,0.0,53,100,0,0,100,4200.0,2500,600,4.1,24.2,0.1,6,381.6059649,300,100,3.0,22.6,0.0,4,226.896658,2400,1200,2.1,25.9,0.1,32,-296.1353974,400,100,3.3,27.7,0.2
17.383591,1,AUTO,ARMED,5,AVAILABLE,UNAVAILABLE,UNAVAILABLE,63,4,ACTIVE,710,D_P1-A5.NC,D_P1-A5.NC,6,0.000167898,20,0.0005,1609633.146,468592,184.4,2912.3911,100,25.4,53,100,0,0,100,4200.0,5500,1500,3.7,24.2,0.2,10,378.9908013,1600,600,2.6,22.6,0.3,5,226.8974019,2700,800,3.6,25.9,0.4,32,-296.1354088,1300,400,3.5,27.7,0.2
17.522526,1,AUTO,ARMED,5,AVAILABLE,UNAVAILABLE,UNAVAILABLE,63,4,ACTIVE,710,D_P1-A5.NC,D_P1-A5.NC,6,0.000167898,20,0.0005,1609633.146,468592,184.4,2912.3911,100,25.4,53,100,0,1,100,4200.0,5500,1500,3.7,24.2,0.2,10,375.0537601,1600,600,2.6,22.6,0.3,4,226.8973561,2700,800,3.6,25.9,0.4,32,-296.1353974,1300,400,3.5,27.7,0.2
17.668918,1,AUTO,ARMED,5,AVAILABLE,UNAVAILABLE,UNAVAILABLE,63,4,ACTIVE,710,D_P1-A5.NC,D_P1-A5.NC,6,0.000167898,20,0.0005,1609633.146,468592,184.4,2912.3911,100,25.4,53,100,0,1,100,4200.0,5500,1500,3.7,24.2,0.2,10,372.4437259,1600,600,2.6,22.6,0.3,4,226.8973332,2700,800,3.6,25.9,0.4,32,-296.1354088,1300,400,3.5,27.7,0.2
17.817802,1,AUTO,ARMED,5,AVAILABLE,UNAVAILABLE,UNAVAILABLE,63,4,ACTIVE,710,D_P1-A5.NC,D_P1-A5.NC,6,0.001668267,20,0.0005,1609633.146,468592,184.4,2912.3911,100,25.4,53,100,0,0,100,4200.0,5500,1500,3.7,24.2,0.2,9,369.8276149,1600,600,2.6,22.6,0.3,4,226.8968984,2700,800,3.6,25.9,0.4,32,-296.1354317,1300,400,3.5,27.7,0.2
17.957902,1,AUTO,ARMED,5,AVAILABLE,UNAVAILABLE,UNAVAILABLE,63,4,ACTIVE,710,D_P1-A5.NC,D_P1-A5.NC,6,0.001168144,20,0.0005,1609633.146,468592,184.4,2912.3911,100,25.4,53,100,0,3,100,4200.0,5500,1500,3.7,24.2,0.2,2,364.5888583,1600,600,2.6,22.6,0.3,6,226.8971043,2700,800,3.6,25.9,0.4,32,-296.1354203,1300,400,3.5,27.7,0.2
18.108219,1,AUTO,ARMED,5,AVAILABLE,UNAVAILABLE,UNAVAILABLE,63,4,ACTIVE,710,D_P1-A5.NC,D_P1-A5.NC,6,-0.001332472,20,0.0005,1609633.146,468592,184.4,3156.5247,100,25.4,54,100,0,3,100,4200.0,5500,1500,3.7,24.2,0.2,2,359.350136,1600,600,2.6,22.6,0.3,7,226.8972531,2700,800,3.6,25.9,0.4,32,-296.1354088,1300,400,3.5,27.7,0.2
18.25034,1,AUTO,ARMED,5,AVAILABLE,UNAVAILABLE,UNAVAILABLE,63,4,ACTIVE,710,D_P1-A5.NC,D_P1-A5.NC,6,-0.000832349,20,0.0005,1609633.146,468592,184.4,3156.5247,100,25.4,54,100,0,3,100,4200.0,5500,1500,3.7,24.2,0.2,2,356.7338075,1600,600,2.6,22.6,0.3,7,226.8972302,2700,800,3.6,25.9,0.4,32,-296.1354088,1300,400,3.5,27.7,0.2
18.397031,1,AUTO,ARMED,5,AVAILABLE,UNAVAILABLE,UNAVAILABLE,63,4,ACTIVE,710,D_P1-A5.NC,D_P1-A5.NC,6,0.002168391,20,0.001,1609633.146,468592,184.4,3156.5247,100,25.4,54,100,0,3,100,4200.0,5500,1500,3.7,24.2,0.2,2,351.5078914,1600,600,2.6,22.6,0.3,8,226.8973218,2700,800,3.6,25.9,0.4,33,-296.1353859,1300,400,3.5,27.7,0.2
18.544768,1,AUTO,ARMED,5,AVAILABLE,UNAVAILABLE,UNAVAILABLE,63,4,ACTIVE,710,D_P1-A5.NC,D_P1-A5.NC,6,0.002168391,20,0.001,1609633.146,468592,184.4,3156.5247,100,25.4,54,100,0,3,100,4200.0,5500,1500,3.7,24.2,0.2,2,348.8792764,1600,600,2.6,22.6,0.3,8,226.8973332,2700,800,3.6,25.9,0.4,33,-296.1353745,1300,400,3.5,27.7,0.2
18.687069,1,AUTO,ARMED,5,AVAILABLE,UNAVAILABLE,UNAVAILABLE,63,4,ACTIVE,710,D_P1-A5.NC,D_P1-A5.NC,6,-0.000332225,20,0.0005,1609633.146,468592,184.4,3156.5247,100,25.4,54,100,0,2,100,4200.0,5500,1500,3.7,24.2,0.2,1,343.653002,1600,600,2.6,22.6,0.3,8,226.8972531,2700,800,3.6,25.9,0.4,32,-296.1353974,1300,400,3.5,27.7,0.2
18.844605,1,AUTO,ARMED,5,AVAILABLE,UNAVAILABLE,UNAVAILABLE,63,4,ACTIVE,710,D_P1-A5.NC,D_P1-A5.NC,6,-0.000832349,20,0.0005,1609633.146,468592,184.4,3156.5247,100,25.4,54,100,0,0,100,4200.0,3100,600,5.0,24.2,0.1,2,341.030418,200,0,4.1,22.6,0.0,8,226.8973447,1600,700,2.4,25.9,0.1,32,-296.1354317,400,100,3.1,27.7,0.1
18.991467,1,AUTO,ARMED,5,AVAILABLE,UNAVAILABLE,UNAVAILABLE,63,4,ACTIVE,710,D_P1-A5.NC,D_P1-A5.NC,6,-0.000832349,20,0.0005,1609633.146,468592,184.4,3156.5247,100,25.4,54,100,0,0,100,4200.0,3100,600,5.0,24.2,0.1,2,338.4142424,200,0,4.1,22.6,0.0,8,226.8973447,1600,700,2.4,25.9,0.1,32,-296.1354203,400,100,3.1,27.7,0.1
19.140728,1,AUTO,ARMED,5,AVAILABLE,UNAVAILABLE,UNAVAILABLE,63,4,ACTIVE,710,D_P1-A5.NC,D_P1-A5.NC,6,0.000167898,20,0.0005,1609633.146,468592,184.4,2049.2769,100,25.4,55,100,0,2,100,4200.0,3100,600,5.0,24.2,0.1,3,335.79825,200,0,4.1,22.6,0.0,8,226.8972874,1600,700,2.4,25.9,0.1,33,-296.1354203,400,100,3.1,27.7,0.1
19.306959,1,AUTO,ARMED,5,AVAILABLE,UNAVAILABLE,UNAVAILABLE,63,4,ACTIVE,710,D_P1-A5.NC,D_P1-A5.NC,6,0.000167898,20,0.0005,1609633.146,468592,184.4,2049.2769,100,25.4,55,100,0,0,100,4200.0,3100,600,5.0,24.2,0.1,7,329.2447097,200,0,4.1,22.6,0.0,5,226.8975506,1600,700,2.4,25.9,0.1,32,-296.1353859,400,100,3.1,27.7,0.1
19.450647,1,AUTO,ARMED,5,AVAILABLE,UNAVAILABLE,UNAVAILABLE,63,4,ACTIVE,710,D_P1-A5.NC,D_P1-A5.NC,6,0.000167898,20,0.0005,1609633.146,468592,184.4,2049.2769,100,25.4,55,100,0,2,100,4200.0,3100,600,5.0,24.2,0.1,9,326.6347876,200,0,4.1,22.6,0.0,3,226.8974248,1600,700,2.4,25.9,0.1,32,-296.1353974,400,100,3.1,27.7,0.1
19.59689,1,AUTO,ARMED,5,AVAILABLE,UNAVAILABLE,UNAVAILABLE,63,4,ACTIVE,710,D_P1-A5.NC,D_P1-A5.NC,6,0.000167898,20,0.0005,1609633.146,468592,184.4,2049.2769,100,25.4,55,100,0,2,100,4200.0,3100,600,5.0,24.2,0.1,9,321.3964033,200,0,4.1,22.6,0.0,2,226.8973218,1600,700,2.4,25.9,0.1,32,-296.1354088,400,100,3.1,27.7,0.1
19.75278,1,AUTO,ARMED,5,AVAILABLE,UNAVAILABLE,UNAVAILABLE,63,4,ACTIVE,710,D_P1-A5.NC,D_P1-A5.NC,6,0.000167898,20,0.0005,1609633.146,468592,184.4,2049.2769,100,12.71667,55,100,0,2,100,4200.0,3100,600,5.0,24.2,0.1,9,318.874559,200,0,4.1,22.6,0.0,2,226.8973103,1600,700,2.4,25.9,0.1,32,-296.1353859,400,100,3.1,27.7,0.1
19.898602,1,AUTO,ARMED,5,AVAILABLE,UNAVAILABLE,UNAVAILABLE,63,4,ACTIVE,710,D_P1-A5.NC,D_P1-A5.NC,6,0.000167898,20,0.0005,1609633.146,468592,184.4,2049.2769,100,12.71667,55,100,0,1,100,4200.0,3100,600,5.0,24.2,0.1,7,318.6044202,200,0,4.1,22.6,0.0,2,226.8972989,1600,700,2.4,25.9,0.1,32,-296.1353974,400,100,3.1,27.7,0.1
20.065205,1,AUTO,ARMED,5,AVAILABLE,UNAVAILABLE,UNAVAILABLE,64,4,ACTIVE,710,D_P1-A5.NC,D_P1-A5.NC,6,0.000167898,20,0.0005,1609633.146,468592,184.4,2049.2769,100,0.0,56,100,0,3,100,4200.0,3100,600,5.0,24.2,0.1,6,318.6038709,200,0,4.1,22.6,0.0,2,226.8972989,1600,700,2.4,25.9,0.1,32,-296.1353974,400,100,3.1,27.7,0.1
20.231637,1,AUTO,ARMED,5,AVAILABLE,UNAVAILABLE,UNAVAILABLE,64,4,ACTIVE,710,D_P1-A5.NC,D_P1-A5.NC,6,0.000167898,20,0.0005,1609633.146,468592,184.4,2045.2562,100,0.0,56,100,0,3,100,4200.0,3100,600,5.0,24.2,0.1,6,318.6038823,200,0,4.1,22.6,0.0,2,226.8972989,1600,700,2.4,25.9,0.1,32,-296.1353974,400,100,3.1,27.7,0.1
20.381599,1,AUTO,ARMED,5,AVAILABLE,UNAVAILABLE,UNAVAILABLE,64,4,ACTIVE,710,D_P1-A5.NC,D_P1-A5.NC,6,0.000167898,20,0.0005,1609633.146,468592,184.4,2045.2562,100,0.0,56,100,0,2,100,4200.0,3100,600,5.0,24.2,0.1,5,318.6038938,200,0,4.1,22.6,0.0,2,226.8972989,1600,700,2.4,25.9,0.1,32,-296.1354088,400,100,3.1,27.7,0.1
20.529795,1,AUTO,ARMED,5,AVAILABLE,UNAVAILABLE,UNAVAILABLE,64,4,ACTIVE,710,D_P1-A5.NC,D_P1-A5.NC,6,0.000167898,20,0.0005,1609633.146,468592,184.4,2045.2562,100,0.0,56,100,0,1,100,4200.0,3100,600,5.0,24.2,0.1,5,318.6038938,200,0,4.1,22.6,0.0,2,226.8972989,1600,700,2.4,25.9,0.1,32,-296.1353974,400,100,3.1,27.7,0.1
20.679196,1,AUTO,ARMED,5,AVAILABLE,UNAVAILABLE,UNAVAILABLE,64,4,ACTIVE,710,D_P1-A5.NC,D_P1-A5.NC,6,0.000167898,20,0.0005,1609633.146,468592,184.4,2045.2562,100,0.0,56,100,0,1,100,4200.0,2600,600,4.2,24.2,0.2,5,318.6039052,300,100,5.9,22.6,0.1,2,226.8972874,900,300,3.8,25.9,0.1,32,-296.1354088,400,100,3.3,27.7,0.1
20.831404,1,AUTO,ARMED,5,AVAILABLE,UNAVAILABLE,UNAVAILABLE,64,4,ACTIVE,710,D_P1-A5.NC,D_P1-A5.NC,6,0.000167898,20,0.0005,1609633.146,468592,184.4,2045.2562,100,0.0,56,100,0,1,100,4200.0,2600,600,4.2,24.2,0.2,5,318.6039052,300,100,5.9,22.6,0.1,2,226.8972989,900,300,3.8,25.9,0.1,32,-296.1353974,400,100,3.3,27.7,0.1
20.988207,1,AUTO,ARMED,5,AVAILABLE,UNAVAILABLE,UNAVAILABLE,68,4,ACTIVE,710,D_P1-A5.NC,D_P1-A5.NC,6,0.000167898,20,0.0005,1609633.146,468592,184.4,2045.2562,100,0.0,56,100,0,0,100,4200.0,2600,600,4.2,24.2,0.2,5,318.6038938,300,100,5.9,22.6,0.1,15,228.1658009,900,300,3.8,25.9,0.1,32,-296.1353974,400,100,3.3,27.7,0.1
21.146649,1,AUTO,ARMED,5,AVAILABLE,UNAVAILABLE,UNAVAILABLE,68,4,ACTIVE,710,D_P1-A5.NC,D_P1-A5.NC,6,0.000167898,20,0.0005,1609633.146,468592,184.4,2045.2562,100,0.0,57,100,0,1,100,4200.0,2600,600,4.2,24.2,0.2,5,318.6038938,300,100,5.9,22.6,0.1,4,228.1673572,900,300,3.8,25.9,0.1,32,-296.1353974,400,100,3.3,27.7,0.1
21.303503,1,AUTO,ARMED,5,AVAILABLE,UNAVAILABLE,UNAVAILABLE,68,4,ACTIVE,710,D_P1-A5.NC,D_P1-A5.NC,6,0.000167898,20,0.0005,1609633.146,468592,184.4,3087.0112,100,0.0,57,100,0,1,100,4200.0,2600,600,4.2,24.2,0.2,5,318.6039052,300,100,5.9,22.6,0.1,4,228.1673687,900,300,3.8,25.9,0.1,32,-296.1353974,400,100,3.3,27.7,0.1
21.44928,1,AUTO,ARMED,5,AVAILABLE,UNAVAILABLE,UNAVAILABLE,68,4,ACTIVE,710,D_P1-A5.NC,D_P1-A5.NC,6,0.000167898,20,0.0005,1609633.146,468592,184.4,3087.0112,100,0.0,57,100,0,0,100,4200.0,2600,600,4.2,24.2,0.2,5,318.6039052,300,100,5.9,22.6,0.1,4,228.1673229,900,300,3.8,25.9,0.1,32,-296.1354088,400,100,3.3,27.7,0.1
21.591901,1,AUTO,ARMED,5,AVAILABLE,UNAVAILABLE,UNAVAILABLE,68,4,ACTIVE,710,D_P1-A5.NC,D_P1-A5.NC,6,0.000167898,20,0.0005,1609633.146,468592,184.4,3087.0112,100,0.0,57,100,0,1,100,4200.0,2600,600,4.2,24.2,0.2,5,318.6038938,300,100,5.9,22.6,0.1,3,228.1673115,900,300,3.8,25.9,0.1,32,-296.1353974,400,100,3.3,27.7,0.1
21.734344,1,AUTO,ARMED,5,AVAILABLE,UNAVAILABLE,UNAVAILABLE,68,4,ACTIVE,710,D_P1-A5.NC,D_P1-A5.NC,6,0.000167898,20,0.0005,1609633.146,468592,184.4,3087.0112,100,0.0,57,100,0,2,100,4200.0,2600,600,4.2,24.2,0.2,5,318.6039052,300,100,5.9,22.6,0.1,3,228.1673115,900,300,3.8,25.9,0.1,32,-296.1353974,400,100,3.3,27.7,0.1
21.87799,1,AUTO,ARMED,5,AVAILABLE,UNAVAILABLE,UNAVAILABLE,68,4,ACTIVE,710,D_P1-A5.NC,D_P1-A5.NC,6,0.000167898,20,0.0005,1609633.146,468592,184.4,3087.0112,100,0.0,57,100,0,2,100,4200.0,2600,600,4.2,24.2,0.2,5,318.6038938,300,100,5.9,22.6,0.1,3,228.1673115,900,300,3.8,25.9,0.1,32,-296.1353974,400,100,3.3,27.7,0.1
22.026017,1,AUTO,ARMED,5,AVAILABLE,UNAVAILABLE,UNAVAILABLE,69,4,ACTIVE,710,D_P1-A5.NC,D_P1-A5.NC,6,0.000167898,20,0.0005,1609633.146,468592,184.4,3087.0112,100,0.0,57,100,0,1,100,4200.0,2600,600,4.2,24.2,0.2,32,321.3350511,300,100,5.9,22.6,0.1,3,228.1673,900,300,3.8,25.9,0.1,32,-296.1353974,400,100,3.3,27.7,0.1
22.174081,1,AUTO,ARMED,5,AVAILABLE,UNAVAILABLE,UNAVAILABLE,69,4,ACTIVE,710,D_P1-A5.NC,D_P1-A5.NC,6,0.000167898,20,0.0005,1609633.146,468592,184.4,3087.0112,100,27.51667,58,100,0,0,100,4200.0,8400,1900,4.4,24.2,0.3,32,327.0169714,1700,700,2.2,22.6,0.4,3,228.1673,2500,800,3.3,25.9,0.4,32,-296.1353974,1700,500,3.3,27.7,0.3
22.32293,1,AUTO,ARMED,5,AVAILABLE,UNAVAILABLE,UNAVAILABLE,69,4,ACTIVE,710,D_P1-A5.NC,D_P1-A5.NC,6,0.000167898,20,0.0005,1609633.146,468592,184.4,3087.0112,100,27.51667,58,100,0,0,100,4200.0,8400,1900,4.4,24.2,0.3,9,329.8500235,1700,700,2.2,22.6,0.4,3,228.1673115,2500,800,3.3,25.9,0.4,32,-296.135466,1700,500,3.3,27.7,0.3
22.483138,1,AUTO,ARMED,5,AVAILABLE,UNAVAILABLE,UNAVAILABLE,69,4,ACTIVE,710,D_P1-A5.NC,D_P1-A5.NC,6,-0.000332225,20,0.0005,1609633.146,468592,184.4,3473.2886,100,27.51667,58,100,0,2,100,4200.0,8400,1900,4.4,24.2,0.3,18,332.6851135,1700,700,2.2,22.6,0.4,3,228.1672886,2500,800,3.3,25.9,0.4,32,-296.1354317,1700,500,3.3,27.7,0.3
22.642956,1,AUTO,ARMED,5,AVAILABLE,UNAVAILABLE,UNAVAILABLE,69,4,ACTIVE,710,D_P1-A5.NC,D_P1-A5.NC,6,0.000167898,20,0.0005,1609633.146,468592,184.4,3473.2886,100,27.51667,58,100,0,2,100,4200.0,8400,1900,4.4,24.2,0.3,22,338.3604158,1700,700,2.2,22.6,0.4,3,228.1673344,2500,800,3.3,25.9,0.4,33,-296.1353974,1700,500,3.3,27.7,0.3
22.787078,1,AUTO,ARMED,5,AVAILABLE,UNAVAILABLE,UNAVAILABLE,69,4,ACTIVE,710,D_P1-A5.NC,D_P1-A5.NC,6,0.000167898,20,0.0005,1609633.146,468592,184.4,3473.2886,100,27.51667,58,100,0,2,100,4200.0,8400,1900,4.4,24.2,0.3,22,341.1949427,1700,700,2.2,22.6,0.4,3,228.1673115,2500,800,3.3,25.9,0.4,33,-296.1353974,1700,500,3.3,27.7,0.3
22.935478,1,AUTO,ARMED,5,AVAILABLE,UNAVAILABLE,UNAVAILABLE,69,4,ACTIVE,710,D_P1-A5.NC,D_P1-A5.NC,6,0.000167898,20,0.0005,1609633.146,468592,184.4,3473.2886,100,27.51667,58,100,0,2,100,4200.0,8400,1900,4.4,24.2,0.3,23,346.8700161,1700,700,2.2,22.6,0.4,3,228.1672771,2500,800,3.3,25.9,0.4,33,-296.1354088,1700,500,3.3,27.7,0.3
23.09312,1,AUTO,ARMED,5,AVAILABLE,UNAVAILABLE,UNAVAILABLE,69,4,ACTIVE,710,D_P1-A5.NC,D_P1-A5.NC,6,0.000167898,20,0.0005,1609633.146,468592,184.4,3473.2886,100,27.51667,59,100,0,2,100,4200.0,8400,1900,4.4,24.2,0.3,23,351.1149058,1700,700,2.2,22.6,0.4,3,228.1673,2500,800,3.3,25.9,0.4,33,-296.1353859,1700,500,3.3,27.7,0.3
23.251422,1,AUTO,ARMED,5,AVAILABLE,UNAVAILABLE,UNAVAILABLE,69,4,ACTIVE,710,D_P1-A5.NC,D_P1-A5.NC,6,0.000167898,20,0.0005,1609633.146,468592,184.4,3473.2886,100,27.51667,59,100,0,1,100,4200.0,8400,1900,4.4,24.2,0.3,22,353.9555553,1700,700,2.2,22.6,0.4,3,228.1672886,2500,800,3.3,25.9,0.4,33,-296.1354088,1700,500,3.3,27.7,0.3
23.393154,1,AUTO,ARMED,5,AVAILABLE,UNAVAILABLE,UNAVAILABLE,69,4,ACTIVE,710,D_P1-A5.NC,D_P1-A5.NC,6,0.000167898,20,0.0005,1609633.146,468592,184.4,3473.2886,100,27.51667,59,100,0,1,100,4200.0,8400,1900,4.4,24.2,0.3,22,356.7896672,1700,700,2.2,22.6,0.4,3,228.1673115,2500,800,3.3,25.9,0.4,33,-296.1354203,1700,500,3.3,27.7,0.3
23.540962,1,AUTO,ARMED,5,AVAILABLE,UNAVAILABLE,UNAVAILABLE,69,4,ACTIVE,710,D_P1-A5.NC,D_P1-A5.NC,6,0.000167898,20,0.0005,1609633.146,468592,184.4,2040.6177,100,27.51667,59,100,0,0,100,4200.0,8400,1900,4.4,24.2,0.3,20,362.4724963,1700,700,2.2,22.6,0.4,3,228.1672657,2500,800,3.3,25.9,0.4,33,-296.1353745,1700,500,3.3,27.7,0.3
23.694793,1,AUTO,ARMED,5,AVAILABLE,UNAVAILABLE,UNAVAILABLE,69,4,ACTIVE,710,D_P1-A5.NC,D_P1-A5.NC,6,0.000167898,20,0.0005,1609633.146,468592,184.4,2040.6177,100,27.51667,59,100,0,1,100,4200.0,8400,1900,4.4,24.2,0.3,10,368.1405169,1700,700,2.2,22.6,0.4,3,228.1673115,2500,800,3.3,25.9,0.4,32,-296.1353745,1700,500,3.3,27.7,0.3
23.857052,1,AUTO,ARMED,5,AVAILABLE,UNAVAILABLE,UNAVAILABLE,69,4,ACTIVE,710,D_P1-A5.NC,D_P1-A5.NC,6,0.000167898,20,0.0005,1609633.146,468592,184.4,2040.6177,100,27.51667,59,100,0,1,100,4200.0,8400,1900,4.4,24.2,0.3,10,370.9884374,1700,700,2.2,22.6,0.4,3,228.1673,2500,800,3.3,25.9,0.4,32,-296.1353859,1700,500,3.3,27.7,0.3
24.001674,1,AUTO,ARMED,5,AVAILABLE,UNAVAILABLE,UNAVAILABLE,69,4,ACTIVE,710,D_P1-A5.NC,D_P1-A5.NC,6,0.000167898,20,0.0005,1609633.146,468592,184.4,2040.6177,100,27.51667,59,100,0,0,100,4200.0,2800,600,4.4,24.2,0.2,10,373.8158159,300,100,3.4,22.6,0.0,3,228.1673115,900,200,3.6,25.9,0.1,32,-296.1353974,400,100,3.5,27.7,0.2
24.15157,1,AUTO,ARMED,5,AVAILABLE,UNAVAILABLE,UNAVAILABLE,69,4,ACTIVE,710,D_P1-A5.NC,D_P1-A5.NC,6,0.000167898,20,0.0005,1609633.146,468592,184.4,2040.6177,100,27.51667,0,100,0,1,100,4200.0,2800,600,4.4,24.2,0.2,10,379.4842714,300,100,3.4,22.6,0.0,3,228.1673,900,200,3.6,25.9,0.1,32,-296.1353974,400,100,3.5,27.7,0.2
24.302005,1,AUTO,ARMED,5,AVAILABLE,UNAVAILABLE,UNAVAILABLE,69,4,ACTIVE,710,D_P1-A5.NC,D_P1-A5.NC,6,0.000167898,20,0.0005,1609633.146,468592,184.4,2040.6177,100,27.51667,0,100,0,1,100,4200.0,2800,600,4.4,24.2,0.2,10,383.6246546,300,100,3.4,22.6,0.0,3,228.1673,900,200,3.6,25.9,0.1,32,-296.1353974,400,100,3.5,27.7,0.2
24.44436,1,AUTO,ARMED,5,AVAILABLE,UNAVAILABLE,UNAVAILABLE,70,4,ACTIVE,710,D_P1-A5.NC,D_P1-A5.NC,6,0.000167898,20,0.0005,1609633.146,468592,184.4,2040.6177,100,18.35,0,100,0,0,100,4200.0,2800,600,4.4,24.2,0.2,8,383.6279278,300,100,3.4,22.6,0.0,3,228.1673,900,200,3.6,25.9,0.1,32,-296.1353974,400,100,3.5,27.7,0.2
24.587231,1,AUTO,ARMED,5,AVAILABLE,UNAVAILABLE,UNAVAILABLE,70,4,ACTIVE,710,D_P1-A5.NC,D_P1-A5.NC,6,0.000167898,20,0.0005,1609633.146,468592,184.4,2050.7341,100,0.0,0,100,0,1,100,4200.0,2800,600,4.4,24.2,0.2,7,383.6279393,300,100,3.4,22.6,0.0,3,228.1672886,900,200,3.6,25.9,0.1,32,-296.1353859,400,100,3.5,27.7,0.2
24.730571,1,AUTO,ARMED,5,AVAILABLE,UNAVAILABLE,UNAVAILABLE,70,4,ACTIVE,710,D_P1-A5.NC,D_P1-A5.NC,6,0.000167898,20,0.0005,1609633.146,468592,184.4,2050.7341,100,0.0,0,100,0,0,100,4200.0,2800,600,4.4,24.2,0.2,6,383.6279164,300,100,3.4,22.6,0.0,3,228.1673,900,200,3.6,25.9,0.1,32,-296.1353974,400,100,3.5,27.7,0.2
24.88889,1,AUTO,ARMED,5,AVAILABLE,UNAVAILABLE,UNAVAILABLE,70,4,ACTIVE,710,D_P1-A5.NC,D_P1-A5.NC,6,0.000167898,20,0.0005,1609633.146,468592,184.4,2050.7341,100,0.0,0,100,0,0,100,4200.0,2800,600,4.4,24.2,0.2,6,383.6279049,300,100,3.4,22.6,0.0,3,228.1673,900,200,3.6,25.9,0.1,32,-296.1353974,400,100,3.5,27.7,0.2
25.031694,1,AUTO,ARMED,5,AVAILABLE,UNAVAILABLE,UNAVAILABLE,70,4,ACTIVE,710,D_P1-A5.NC,D_P1-A5.NC,6,0.000167898,20,0.0005,1609633.146,468592,184.4,2050.7341,100,0.0,0,100,0,0,100,4200.0,2800,600,4.4,24.2,0.2,6,383.6279049,300,100,3.4,22.6,0.0,3,228.1673,900,200,3.6,25.9,0.1,32,-296.1353974,400,100,3.5,27.7,0.2
25.190804,1,AUTO,ARMED,5,AVAILABLE,UNAVAILABLE,UNAVAILABLE,70,4,ACTIVE,710,D_P1-A5.NC,D_P1-A5.NC,6,0.000167898,20,0.0005,1609633.146,468592,184.4,2050.7341,100,0.0,1,100,0,1,100,4200.0,2800,600,4.4,24.2,0.2,6,383.6278935,300,100,3.4,22.6,0.0,3,228.1673,900,200,3.6,25.9,0.1,32,-296.1353974,400,100,3.5,27.7,0.2
25.331119,1,AUTO,ARMED,5,AVAILABLE,UNAVAILABLE,UNAVAILABLE,70,4,ACTIVE,710,D_P1-A5.NC,D_P1-A5.NC,6,0.000167898,20,0.0005,1609633.146,468592,184.4,2050.7341,100,0.0,1,100,0,0,100,4200.0,2800,600,4.4,24.2,0.2,6,383.6279049,300,100,3.4,22.6,0.0,3,228.1673,900,200,3.6,25.9,0.1,32,-296.1353859,400,100,3.5,27.7,0.2
25.482579,1,AUTO,ARMED,5,AVAILABLE,UNAVAILABLE,UNAVAILABLE,71,4,ACTIVE,710,D_P1-A5.NC,D_P1-A5.NC,6,0.000167898,20,0.0005,1609633.146,468592,184.4,2050.7341,100,0.0,1,100,0,0,100,4200.0,2800,600,4.4,24.2,0.2,6,383.6238004,300,100,3.4,22.6,0.0,3,229.19726,900,200,3.6,25.9,0.1,32,-296.1353974,400,100,3.5,27.7,0.2
25.624406,1,AUTO,ARMED,5,AVAILABLE,UNAVAILABLE,UNAVAILABLE,72,4,ACTIVE,710,D_P1-A5.NC,D_P1-A5.NC,6,0.000167898,20,0.0005,1609633.146,468592,184.4,2050.7341,100,26.53333,1,100,0,1,100,4200.0,2800,600,4.4,24.2,0.2,10,378.704377,300,100,3.4,22.6,0.0,5,229.437412,900,200,3.6,25.9,0.1,32,-296.1353974,400,100,3.5,27.7,0.2
25.76437,1,AUTO,ARMED,5,AVAILABLE,UNAVAILABLE,UNAVAILABLE,72,4,ACTIVE,710,D_P1-A5.NC,D_P1-A5.NC,6,0.000167898,20,0.0005,1609633.146,468592,184.4,3301.8364,100,27.51667,1,100,0,1,100,4200.0,2800,600,4.4,24.2,0.2,10,375.8700946,300,100,3.4,22.6,0.0,5,229.4373776,900,200,3.6,25.9,0.1,32,-296.1353859,400,100,3.5,27.7,0.2
25.910638,1,AUTO,ARMED,5,AVAILABLE,UNAVAILABLE,UNAVAILABLE,72,4,ACTIVE,710,D_P1-A5.NC,D_P1-A5.NC,6,0.000167898,20,0.0005,1609633.146,468592,184.4,3301.8364,100,27.51667,1,100,0,1,100,4200.0,5600,1500,3.7,24.2,0.2,9,373.0293463,1600,600,2.5,22.6,0.3,5,229.4373433,2700,800,3.4,25.9,0.4,32,-296.1353974,1200,400,3.2,27.7,0.2
26.061541,1,AUTO,ARMED,5,AVAILABLE,UNAVAILABLE,UNAVAILABLE,72,4,ACTIVE,710,D_P1-A5.NC,D_P1-A5.NC,6,-0.001332472,20,0.0005,1609633.146,468592,184.4,3301.8364,100,27.51667,1,100,0,0,100,4200.0,5600,1500,3.7,24.2,0.2,9,367.3597515,1600,600,2.5,22.6,0.3,4,229.4368512,2700,800,3.4,25.9,0.4,32,-296.135466,1200,400,3.2,27.7,0.2
26.213651,1,AUTO,ARMED,5,AVAILABLE,UNAVAILABLE,UNAVAILABLE,72,4,ACTIVE,710,D_P1-A5.NC,D_P1-A5.NC,6,0.000167898,20,0.0005,1609633.146,468592,184.4,3301.8364,100,27.51667,2,100,0,0,100,4200.0,5600,1500,3.7,24.2,0.2,9,364.5264647,1600,600,2.5,22.6,0.3,4,229.4370343,2700,800,3.4,25.9,0.4,32,-296.1354432,1200,400,3.2,27.7,0.2
26.35484,1,AUTO,ARMED,5,AVAILABLE,UNAVAILABLE,UNAVAILABLE,72,4,ACTIVE,710,D_P1-A5.NC,D_P1-A5.NC,6,0.002168391,20,0.001,1609633.146,468592,184.4,3301.8364,100,27.51667,2,100,0,3,100,4200.0,5600,1500,3.7,24.2,0.2,2,358.8509648,1600,600,2.5,22.6,0.3,8,229.4372861,2700,800,3.4,25.9,0.4,32,-296.1354088,1200,400,3.2,27.7,0.2
26.501296,1,AUTO,ARMED,5,AVAILABLE,UNAVAILABLE,UNAVAILABLE,72,4,ACTIVE,710,D_P1-A5.NC,D_P1-A5.NC,6,0.001668267,20,0.0005,1609633.146,468592,184.4,3301.8364,100,27.51667,2,100,0,3,100,4200.0,5600,1500,3.7,24.2,0.2,2,356.016957,1600,600,2.5,22.6,0.3,8,229.4373319,2700,800,3.4,25.9,0.4,33,-296.1353859,1200,400,3.2,27.7,0.2
26.657906,1,AUTO,ARMED,5,AVAILABLE,UNAVAILABLE,UNAVAILABLE,72,4,ACTIVE,710,D_P1-A5.NC,D_P1-A5.NC,6,0.000167898,20,0.0005,1609633.146,468592,184.4,3301.8364,100,27.51667,2,100,0,4,100,4200.0,5600,1500,3.7,24.2,0.2,5,350.3347265,1600,600,2.5,22.6,0.3,8,229.4372632,2700,800,3.4,25.9,0.4,32,-296.1353859,1200,400,3.2,27.7,0.2
26.811,1,AUTO,ARMED,5,AVAILABLE,UNAVAILABLE,UNAVAILABLE,72,4,ACTIVE,710,D_P1-A5.NC,D_P1-A5.NC,6,0.002168391,20,0.001,1609633.146,468592,184.4,2059.4126,100,27.51667,2,100,0,3,100,4200.0,5600,1500,3.7,24.2,0.2,4,346.0835471,1600,600,2.5,22.6,0.3,8,229.4373547,2700,800,3.4,25.9,0.4,32,-296.1353859,1200,400,3.2,27.7,0.2
26.954296,1,AUTO,ARMED,5,AVAILABLE,UNAVAILABLE,UNAVAILABLE,72,4,ACTIVE,710,D_P1-A5.NC,D_P1-A5.NC,6,0.001668267,20,0.001,1609633.146,468592,184.4,2059.4126,100,27.51667,2,100,0,3,100,4200.0,5600,1500,3.7,24.2,0.2,4,343.2422141,1600,600,2.5,22.6,0.3,8,229.4372517,2700,800,3.4,25.9,0.4,32,-296.1353516,1200,400,3.2,27.7,0.2
27.099514,1,AUTO,ARMED,5,AVAILABLE,UNAVAILABLE,UNAVAILABLE,72,4,ACTIVE,710,D_P1-A5.NC,D_P1-A5.NC,6,0.001168144,20,0.0005,1609633.146,468592,184.4,2059.4126,100,27.51667,2,100,0,3,100,4200.0,5600,1500,3.7,24.2,0.2,4,340.4079877,1600,600,2.5,22.6,0.3,8,229.4372746,2700,800,3.4,25.9,0.4,33,-296.1353859,1200,400,3.2,27.7,0.2
27.257719,1,AUTO,ARMED,5,AVAILABLE,UNAVAILABLE,UNAVAILABLE,72,4,ACTIVE,710,D_P1-A5.NC,D_P1-A5.NC,6,-0.000832349,20,0.0005,1609633.146,468592,184.4,2059.4126,100,27.51667,3,100,0,4,100,4200.0,5600,1500,3.7,24.2,0.2,2,334.7327601,1600,600,2.5,22.6,0.3,8,229.4373547,2700,800,3.4,25.9,0.4,32,-296.1354088,1200,400,3.2,27.7,0.2
27.405492,1,AUTO,ARMED,5,AVAILABLE,UNAVAILABLE,UNAVAILABLE,72,4,ACTIVE,710,D_P1-A5.NC,D_P1-A5.NC,6,0.000167898,20,0.0005,1609633.146,468592,184.4,2059.4126,100,27.51667,3,100,0,4,100,4200.0,5600,1500,3.7,24.2,0.2,2,331.899289,1600,600,2.5,22.6,0.3,8,229.4378354,2700,800,3.4,25.9,0.4,32,-296.1353516,1200,400,3.2,27.7,0.2
27.549645,1,AUTO,ARMED,5,AVAILABLE,UNAVAILABLE,UNAVAILABLE,72,4,ACTIVE,710,D_P1-A5.NC,D_P1-A5.NC,6,0.000167898,20,0.0005,1609633.146,468592,184.4,2059.4126,100,27.51667,3,100,0,4,100,4200.0,2500,600,4.1,24.2,0.1,2,329.0711521,200,0,4.1,22.6,0.0,8,229.4375951,800,200,3.5,25.9,0.1,32,-296.1353745,400,100,3.4,27.6,0.1
27.693577,1,AUTO,ARMED,5,AVAILABLE,UNAVAILABLE,UNAVAILABLE,72,4,ACTIVE,710,D_P1-A5.NC,D_P1-A5.NC,6,0.000167898,20,0.0005,1609633.146,468592,184.4,2059.4126,100,27.51667,3,100,0,1,100,4200.0,2500,600,4.1,24.2,0.1,9,323.3956978,200,0,4.1,22.6,0.0,2,229.4373433,800,200,3.5,25.9,0.1,32,-296.1353974,400,100,3.4,27.6,0.1
27.845515,1,AUTO,ARMED,5,AVAILABLE,UNAVAILABLE,UNAVAILABLE,72,4,ACTIVE,710,D_P1-A5.NC,D_P1-A5.NC,6,0.000167898,20,0.0005,1609633.146,468592,184.4,2010.5872,100,25.66667,3,100,0,1,100,4200.0,2500,600,4.1,24.2,0.1,9,318.6113671,200,0,4.1,22.6,0.0,2,229.4372975,800,200,3.5,25.9,0.1,32,-296.1353974,400,100,3.4,27.6,0.1
27.995241,1,AUTO,ARMED,5,AVAILABLE,UNAVAILABLE,UNAVAILABLE,73,4,ACTIVE,710,D_P1-A5.NC,D_P1-A5.NC,6,0.000167898,20,0.0005,1609633.146,468592,184.4,2010.5872,100,11.91667,3,100,0,1,100,4200.0,2500,600,4.1,24.2,0.1,7,318.6039281,200,0,4.1,22.6,0.0,2,229.4372975,800,200,3.5,25.9,0.1,32,-296.1353974,400,100,3.4,27.6,0.1
28.13883,1,AUTO,ARMED,5,AVAILABLE,UNAVAILABLE,UNAVAILABLE,73,4,ACTIVE,710,D_P1-A5.NC,D_P1-A5.NC,6,0.000167898,20,0.0005,1609633.146,468592,184.4,2010.5872,100,0.0,4,100,0,3,100,4200.0,2500,600,4.1,24.2,0.1,6,318.6038251,200,0,4.1,22.6,0.0,2,229.437309,800,200,3.5,25.9,0.1,32,-296.1353974,400,100,3.4,27.6,0.1
28.284654,1,AUTO,ARMED,5,AVAILABLE,UNAVAILABLE,UNAVAILABLE,73,4,ACTIVE,710,D_P1-A5.NC,D_P1-A5.NC,6,0.000167898,20,0.0005,1609633.146,468592,184.4,2010.5872,100,0.0,4,100,0,3,100,4200.0,2500,600,4.1,24.2,0.1,6,318.6038823,200,0,4.1,22.6,0.0,2,229.4372975,800,200,3.5,25.9,0.1,32,-296.1354088,400,100,3.4,27.6,0.1
28.424728,1,AUTO,ARMED,5,AVAILABLE,UNAVAILABLE,UNAVAILABLE,73,4,ACTIVE,710,D_P1-A5.NC,D_P1-A5.NC,6,0.000167898,20,0.0005,1609633.146,468592,184.4,2010.5872,100,0.0,4,100,0,2,100,4200.0,2500,600,4.1,24.2,0.1,5,318.6038823,200,0,4.1,22.6,0.0,2,229.4372975,800,200,3.5,25.9,0.1,32,-296.1353974,400,100,3.4,27.6,0.1
28.577326,1,AUTO,ARMED,5,AVAILABLE,UNAVAILABLE,UNAVAILABLE,73,4,ACTIVE,710,D_P1-A5.NC,D_P1-A5.NC,6,0.000167898,20,0.0005,1609633.146,468592,184.4,2010.5872,100,0.0,4,100,0,1,100,4200.0,2500,600,4.1,24.2,0.1,5,318.6038938,200,0,4.1,22.6,0.0,2,229.4372975,800,200,3.5,25.9,0.1,32,-296.1354088,400,100,3.4,27.6,0.1
28.746014,1,AUTO,ARMED,5,AVAILABLE,UNAVAILABLE,UNAVAILABLE,73,4,ACTIVE,710,D_P1-A5.NC,D_P1-A5.NC,6,0.000167898,20,0.0005,1609633.146,468592,184.4,2010.5872,100,0.0,4,100,0,2,100,4200.0,2500,600,4.1,24.2,0.1,5,318.6038938,200,0,4.1,22.6,0.0,2,229.4372975,800,200,3.5,25.9,0.1,32,-296.1353974,400,100,3.4,27.6,0.1
28.891591,1,AUTO,ARMED,5,AVAILABLE,UNAVAILABLE,UNAVAILABLE,73,4,ACTIVE,710,D_P1-A5.NC,D_P1-A5.NC,6,0.000167898,20,0.0005,1609633.146,468592,184.4,2015.3754,100,0.0,4,100,0,2,100,4200.0,2600,600,4.3,24.2,0.1,5,318.6038938,400,100,4.2,22.6,0.1,2,229.437309,1100,300,3.1,25.9,0.1,32,-296.1353974,400,100,3.6,27.6,0.1
29.033673,1,AUTO,ARMED,5,AVAILABLE,UNAVAILABLE,UNAVAILABLE,76,4,ACTIVE,710,D_P1-A5.NC,D_P1-A5.NC,6,0.000167898,20,0.0005,1609633.146,468592,184.4,2015.3754,100,0.0,4,100,0,0,100,4200.0,2600,600,4.3,24.2,0.1,5,318.6038938,400,100,4.2,22.6,0.1,8,230.7054854,1100,300,3.1,25.9,0.1,32,-296.1353974,400,100,3.6,27.6,0.1
29.180947,1,AUTO,ARMED,5,AVAILABLE,UNAVAILABLE,UNAVAILABLE,77,4,ACTIVE,710,D_P1-A5.NC,D_P1-A5.NC,6,0.000167898,20,0.0005,1609633.146,468592,184.4,2015.3754,100,0.0,5,100,0,0,100,4200.0,2600,600,4.3,24.2,0.1,5,318.6038938,400,100,4.2,22.6,0.1,8,230.7071447,1100,300,3.1,25.9,0.1,32,-296.1353974,400,100,3.6,27.6,0.1
29.354884,1,AUTO,ARMED,5,AVAILABLE,UNAVAILABLE,UNAVAILABLE,77,4,ACTIVE,710,D_P1-A5.NC,D_P1-A5.NC,6,0.000167898,20,0.0005,1609633.146,468592,184.4,2015.3754,100,0.0,5,100,0,1,100,4200.0,2600,600,4.3,24.2,0.1,5,318.6038938,400,100,4.2,22.6,0.1,5,230.7073736,1100,300,3.1,25.9,0.1,32,-296.1353974,400,100,3.6,27.6,0.1
29.528893,1,AUTO,ARMED,5,AVAILABLE,UNAVAILABLE,UNAVAILABLE,77,4,ACTIVE,710,D_P1-A5.NC,D_P1-A5.NC,6,0.000167898,20,0.0005,1609633.146,468592,184.4,2015.3754,100,0.0,5,100,0,2,100,4200.0,2600,600,4.3,24.2,0.1,5,318.6038938,400,100,4.2,22.6,0.1,4,230.7073164,1100,300,3.1,25.9,0.1,32,-296.1353974,400,100,3.6,27.6,0.1
29.69529,1,AUTO,ARMED,5,AVAILABLE,UNAVAILABLE,UNAVAILABLE,77,4,ACTIVE,710,D_P1-A5.NC,D_P1-A5.NC,6,0.000167898,20,0.0005,1609633.146,468592,184.4,2015.3754,100,0.0,5,100,0,0,100,4200.0,2600,600,4.3,24.2,0.1,5,318.6039052,400,100,4.2,22.6,0.1,4,230.7073164,1100,300,3.1,25.9,0.1,32,-296.1354088,400,100,3.6,27.6,0.1
29.837935,1,AUTO,ARMED,5,AVAILABLE,UNAVAILABLE,UNAVAILABLE,77,4,ACTIVE,710,D_P1-A5.NC,D_P1-A5.NC,6,0.000167898,20,0.0005,1609633.146,468592,184.4,2015.3754,100,0.0,5,100,0,0,100,4200.0,2600,600,4.3,24.2,0.1,5,318.6039052,400,100,4.2,22.6,0.1,4,230.707305,1100,300,3.1,25.9,0.1,32,-296.1353974,400,100,3.6,27.6,0.1
29.986002,1,AUTO,ARMED,5,AVAILABLE,UNAVAILABLE,UNAVAILABLE,77,4,ACTIVE,710,D_P1-A5.NC,D_P1-A5.NC,6,0.000167898,20,0.0005,1609633.146,468592,184.4,3617.0195,100,0.0,5,100,0,0,100,4200.0,2600,600,4.3,24.2,0.1,5,318.6038938,400,100,4.2,22.6,0.1,4,230.707305,1100,300,3.1,25.9,0.1,32,-296.1353974,400,100,3.6,27.6,0.1
30.131497,1,AUTO,ARMED,5,AVAILABLE,UNAVAILABLE,UNAVAILABLE,78,4,ACTIVE,710,D_P1-A5.NC,D_P1-A5.NC,6,0.000167898,20,0.0005,1609633.146,468592,184.4,3617.0195,100,0.0,5,100,0,0,100,4200.0,2600,600,4.3,24.2,0.1,5,319.5672948,400,100,4.2,22.6,0.1,3,230.707305,1100,300,3.1,25.9,0.1,32,-296.1353974,400,100,3.6,27.6,0.1
30.285904,1,AUTO,ARMED,5,AVAILABLE,UNAVAILABLE,UNAVAILABLE,78,4,ACTIVE,710,D_P1-A5.NC,D_P1-A5.NC,6,0.000167898,20,0.0005,1609633.146,468592,184.4,3617.0195,100,29.63333,6,100,0,2,100,4200.0,2600,600,4.3,24.2,0.1,10,328.732873,400,100,4.2,22.6,0.1,4,230.7073507,1100,300,3.1,25.9,0.1,32,-296.1354432,400,100,3.6,27.6,0.1
30.436293,1,AUTO,ARMED,5,AVAILABLE,UNAVAILABLE,UNAVAILABLE,78,4,ACTIVE,710,D_P1-A5.NC,D_P1-A5.NC,6,0.000167898,20,0.0005,1609633.146,468592,184.4,3617.0195,100,29.63333,6,100,0,2,100,4200.0,2600,600,4.3,24.2,0.1,18,331.7787003,400,100,4.2,22.6,0.1,3,230.707305,1100,300,3.1,25.9,0.1,32,-296.1354317,400,100,3.6,27.6,0.1
30.58461,1,AUTO,ARMED,5,AVAILABLE,UNAVAILABLE,UNAVAILABLE,78,4,ACTIVE,710,D_P1-A5.NC,D_P1-A5.NC,6,0.000167898,20,0.0005,1609633.146,468592,184.4,3617.0195,100,29.63333,6,100,0,2,100,4200.0,9000,2000,4.4,24.2,0.3,18,334.8459187,1700,500,3.6,22.6,0.2,3,230.7072706,2800,700,4.1,25.9,0.3,32,-296.1354317,1700,500,3.7,27.6,0.3
30.73052,1,AUTO,ARMED,5,AVAILABLE,UNAVAILABLE,UNAVAILABLE,78,4,ACTIVE,710,D_P1-A5.NC,D_P1-A5.NC,6,0.000167898,20,0.0005,1609633.146,468592,184.4,3617.0195,100,29.63333,6,100,0,2,100,4200.0,9000,2000,4.4,24.2,0.3,23,336.3723011,1700,500,3.6,22.6,0.2,3,230.7072821,2800,700,4.1,25.9,0.3,33,-296.1353974,1700,500,3.7,27.6,0.3
30.884192,1,AUTO,ARMED,5,AVAILABLE,UNAVAILABLE,UNAVAILABLE,78,4,ACTIVE,710,D_P1-A5.NC,D_P1-A5.NC,6,0.000167898,20,0.0005,1609633.146,468592,184.4,3617.0195,100,29.63333,6,100,0,3,100,4200.0,9000,2000,4.4,24.2,0.3,23,342.4766058,1700,500,3.6,22.6,0.2,3,230.7072821,2800,700,4.1,25.9,0.3,33,-296.1354088,1700,500,3.7,27.6,0.3
31.027739,1,AUTO,ARMED,5,AVAILABLE,UNAVAILABLE,UNAVAILABLE,78,4,ACTIVE,710,D_P1-A5.NC,D_P1-A5.NC,6,0.000167898,20,0.0005,1609633.146,468592,184.4,2107.4053,100,29.63333,6,100,0,3,100,4200.0,9000,2000,4.4,24.2,0.3,23,348.5887155,1700,500,3.6,22.6,0.2,3,230.7073164,2800,700,4.1,25.9,0.3,33,-296.1353974,1700,500,3.7,27.6,0.3
31.16794,1,AUTO,ARMED,5,AVAILABLE,UNAVAILABLE,UNAVAILABLE,78,4,ACTIVE,710,D_P1-A5.NC,D_P1-A5.NC,6,0.000167898,20,0.0005,1609633.146,468592,184.4,2107.4053,100,29.63333,7,100,0,3,100,4200.0,9000,2000,4.4,24.2,0.3,22,351.6332862,1700,500,3.6,22.6,0.2,3,230.707305,2800,700,4.1,25.9,0.3,33,-296.1353745,1700,500,3.7,27.6,0.3
31.324605,1,AUTO,ARMED,5,AVAILABLE,UNAVAILABLE,UNAVAILABLE,78,4,ACTIVE,710,D_P1-A5.NC,D_P1-A5.NC,6,0.000167898,20,0.0005,1609633.146,468592,184.4,2107.4053,100,29.63333,7,100,0,3,100,4200.0,9000,2000,4.4,24.2,0.3,22,354.7007335,1700,500,3.6,22.6,0.2,3,230.7072706,2800,700,4.1,25.9,0.3,33,-296.1354088,1700,500,3.7,27.6,0.3
31.476478,1,AUTO,ARMED,5,AVAILABLE,UNAVAILABLE,UNAVAILABLE,78,4,ACTIVE,710,D_P1-A5.NC,D_P1-A5.NC,6,0.000167898,20,0.0005,1609633.146,468592,184.4,2107.4053,100,29.63333,7,100,0,2,100,4200.0,9000,2000,4.4,24.2,0.3,22,360.7976435,1700,500,3.6,22.6,0.2,3,230.7073164,2800,700,4.1,25.9,0.3,33,-296.1353974,1700,500,3.7,27.6,0.3
31.649167,1,AUTO,ARMED,5,AVAILABLE,UNAVAILABLE,UNAVAILABLE,78,4,ACTIVE,710,D_P1-A5.NC,D_P1-A5.NC,6,0.000167898,20,0.0005,1609633.146,468592,184.4,2107.4053,100,29.63333,7,100,0,3,100,4200.0,9000,2000,4.4,24.2,0.3,22,366.909474,1700,500,3.6,22.6,0.2,3,230.7073164,2800,700,4.1,25.9,0.3,33,-296.1353516,1700,500,3.7,27.6,0.3
31.795554,1,AUTO,ARMED,5,AVAILABLE,UNAVAILABLE,UNAVAILABLE,78,4,ACTIVE,710,D_P1-A5.NC,D_P1-A5.NC,6,0.000167898,20,0.0005,1609633.146,468592,184.4,2107.4053,100,29.63333,7,100,0,0,100,4200.0,9000,2000,4.4,24.2,0.3,10,369.9614754,1700,500,3.6,22.6,0.2,3,230.707305,2800,700,4.1,25.9,0.3,32,-296.1353859,1700,500,3.7,27.6,0.3
31.957793,1,AUTO,ARMED,5,AVAILABLE,UNAVAILABLE,UNAVAILABLE,78,4,ACTIVE,710,D_P1-A5.NC,D_P1-A5.NC,6,0.000167898,20,0.0005,1609633.146,468592,184.4,2107.4053,100,29.63333,7,100,0,0,100,4200.0,2400,600,4.0,24.2,0.2,10,376.0735233,300,100,3.4,22.6,0.0,3,230.7072935,1000,300,3.0,25.9,0.1,32,-296.1353974,400,100,3.6,27.6,0.1
32.115905,1,AUTO,ARMED,5,AVAILABLE,UNAVAILABLE,UNAVAILABLE,78,4,ACTIVE,710,D_P1-A5.NC,D_P1-A5.NC,6,0.000167898,20,0.0005,1609633.146,468592,184.4,2004.6996,100,29.63333,7,100,0,0,100,4200.0,2400,600,4.0,24.2,0.2,10,379.1256278,300,100,3.4,22.6,0.0,3,230.707305,1000,300,3.0,25.9,0.1,32,-296.1353974,400,100,3.6,27.6,0.1
32.262812,1,AUTO,ARMED,5,AVAILABLE,UNAVAILABLE,UNAVAILABLE,78,4,ACTIVE,710,D_P1-A5.NC,D_P1-A5.NC,6,0.000167898,20,0.0005,1609633.146,468592,184.4,2004.6996,100,23.91667,8,100,0,0,100,4200.0,2400,600,4.0,24.2,0.2,10,383.6243112,300,100,3.4,22.6,0.0,3,230.7072935,1000,300,3.0,25.9,0.1,32,-296.1353974,400,100,3.6,27.6,0.1
32.411107,1,AUTO,ARMED,5,AVAILABLE,UNAVAILABLE,UNAVAILABLE,79,4,ACTIVE,710,D_P1-A5.NC,D_P1-A5.NC,6,0.000167898,20,0.0005,1609633.146,468592,184.4,2004.6996,100,0.0,8,100,0,0,100,4200.0,2400,600,4.0,24.2,0.2,7,383.6279621,300,100,3.4,22.6,0.0,3,230.707305,1000,300,3.0,25.9,0.1,32,-296.1354088,400,100,3.6,27.6,0.1
32.55446,1,AUTO,ARMED,5,AVAILABLE,UNAVAILABLE,UNAVAILABLE,79,4,ACTIVE,710,D_P1-A5.NC,D_P1-A5.NC,6,0.000167898,20,0.0005,1609633.146,468592,184.4,2004.6996,100,0.0,8,100,0,0,100,4200.0,2400,600,4.0,24.2,0.2,7,383.6279507,300,100,3.4,22.6,0.0,3,230.707305,1000,300,3.0,25.9,0.1,32,-296.1353974,400,100,3.6,27.6,0.1
32.69755,1,AUTO,ARMED,5,AVAILABLE,UNAVAILABLE,UNAVAILABLE,79,4,ACTIVE,710,D_P1-A5.NC,D_P1-A5.NC,6,0.000167898,20,0.0005,1609633.146,468592,184.4,2004.6996,100,0.0,8,100,0,1,100,4200.0,2400,600,4.0,24.2,0.2,6,383.6279164,300,100,3.4,22.6,0.0,3,230.707305,1000,300,3.0,25.9,0.1,32,-296.1354088,400,100,3.6,27.6,0.1
32.860743,1,AUTO,ARMED,5,AVAILABLE,UNAVAILABLE,UNAVAILABLE,79,4,ACTIVE,710,D_P1-A5.NC,D_P1-A5.NC,6,0.000167898,20,0.0005,1609633.146,468592,184.4,2004.6996,100,0.0,8,100,0,1,100,4200.0,2400,600,4.0,24.2,0.2,6,383.6279049,300,100,3.4,22.6,0.0,3,230.7072935,1000,300,3.0,25.9,0.1,32,-296.1353974,400,100,3.6,27.6,0.1
33.007651,1,AUTO,ARMED,5,AVAILABLE,UNAVAILABLE,UNAVAILABLE,79,4,ACTIVE,710,D_P1-A5.NC,D_P1-A5.NC,6,0.000167898,20,0.0005,1609633.146,468592,184.4,2004.6996,100,0.0,8,100,0,1,100,4200.0,2400,600,4.0,24.2,0.2,6,383.6279049,300,100,3.4,22.6,0.0,3,230.7072935,1000,300,3.0,25.9,0.1,32,-296.1353974,400,100,3.6,27.6,0.1
33.168139,1,AUTO,ARMED,5,AVAILABLE,UNAVAILABLE,UNAVAILABLE,79,4,ACTIVE,710,D_P1-A5.NC,D_P1-A5.NC,6,0.000167898,20,0.0005,1609633.146,468592,184.4,2004.6996,100,0.0,9,100,0,0,100,4200.0,2400,600,4.0,24.2,0.2,6,383.6278935,300,100,3.4,22.6,0.0,3,230.707305,1000,300,3.0,25.9,0.1,32,-296.1353974,400,100,3.6,27.6,0.1
33.313285,1,AUTO,ARMED,5,AVAILABLE,UNAVAILABLE,UNAVAILABLE,79,4,ACTIVE,710,D_P1-A5.NC,D_P1-A5.NC,6,0.000167898,20,0.0005,1609633.146,468592,184.4,3197.8813,100,0.0,9,100,0,0,100,4200.0,2400,600,4.0,24.2,0.2,6,383.6279049,300,100,3.4,22.6,0.0,3,230.7072935,1000,300,3.0,25.9,0.1,32,-296.1353974,400,100,3.6,27.6,0.1
33.468136,1,AUTO,ARMED,5,AVAILABLE,UNAVAILABLE,UNAVAILABLE,80,4,ACTIVE,710,D_P1-A5.NC,D_P1-A5.NC,6,0.000167898,20,0.0005,1609633.146,468592,184.4,3197.8813,100,0.0,9,100,0,1,100,4200.0,2400,600,4.0,24.2,0.2,25,381.5039338,300,100,3.4,22.6,0.0,1,231.9764541,1000,300,3.0,25.9,0.1,32,-296.1353974,400,100,3.6,27.6,0.1
33.616721,1,AUTO,ARMED,5,AVAILABLE,UNAVAILABLE,UNAVAILABLE,81,4,ACTIVE,710,D_P1-A5.NC,D_P1-A5.NC,6,0.000167898,20,0.0005,1609633.146,468592,184.4,3197.8813,100,29.63333,9,100,0,1,100,4200.0,2400,600,4.0,24.2,0.2,25,378.4531549,300,100,3.4,22.6,0.0,1,231.9774039,1000,300,3.0,25.9,0.1,32,-296.1353974,400,100,3.6,27.6,0.1
33.757371,1,AUTO,ARMED,5,AVAILABLE,UNAVAILABLE,UNAVAILABLE,81,4,ACTIVE,710,D_P1-A5.NC,D_P1-A5.NC,6,0.000167898,20,0.0005,1609633.146,468592,184.4,3197.8813,100,29.63333,9,100,0,0,100,4200.0,5700,1700,3.3,24.2,0.2,9,372.3413122,1800,600,2.8,22.6,0.3,4,231.9773467,3400,1100,3.1,25.9,0.4,32,-296.1353974,1300,400,3.5,27.6,0.2
33.906547,1,AUTO,ARMED,5,AVAILABLE,UNAVAILABLE,UNAVAILABLE,81,4,ACTIVE,710,D_P1-A5.NC,D_P1-A5.NC,6,0.000167898,20,0.0005,1609633.146,468592,184.4,3197.8813,100,29.63333,9,100,0,0,100,4200.0,5700,1700,3.3,24.2,0.2,10,369.289362,1800,600,2.8,22.6,0.3,4,231.9773124,3400,1100,3.1,25.9,0.4,32,-296.1353974,1300,400,3.5,27.6,0.2
34.054203,1,AUTO,ARMED,5,AVAILABLE,UNAVAILABLE,UNAVAILABLE,81,4,ACTIVE,710,D_P1-A5.NC,D_P1-A5.NC,6,0.002168391,20,0.001,1609633.146,468592,184.4,3197.8813,100,29.63333,10,100,0,1,100,4200.0,5700,1700,3.3,24.2,0.2,4,363.1773705,1800,600,2.8,22.6,0.3,7,231.9771751,3400,1100,3.1,25.9,0.4,32,-296.1354088,1300,400,3.5,27.6,0.2
34.201258,1,AUTO,ARMED,5,AVAILABLE,UNAVAILABLE,UNAVAILABLE,81,4,ACTIVE,710,D_P1-A5.NC,D_P1-A5.NC,6,0.002168391,20,0.001,1609633.146,468592,184.4,3197.8813,100,29.63333,10,100,0,1,100,4200.0,5700,1700,3.3,24.2,0.2,4,360.1179587,1800,600,2.8,22.6,0.3,7,231.9773353,3400,1100,3.1,25.9,0.4,32,-296.1353859,1300,400,3.5,27.6,0.2
34.351399,1,AUTO,ARMED,5,AVAILABLE,UNAVAILABLE,UNAVAILABLE,81,4,ACTIVE,710,D_P1-A5.NC,D_P1-A5.NC,6,0.002168391,20,0.001,1609633.146,468592,184.4,2359.5869,100,29.63333,10,100,0,2,100,4200.0,5700,1700,3.3,24.2,0.2,2,357.0581349,1800,600,2.8,22.6,0.3,7,231.9772552,3400,1100,3.1,25.9,0.4,33,-296.1353631,1300,400,3.5,27.6,0.2
34.505613,1,AUTO,ARMED,5,AVAILABLE,UNAVAILABLE,UNAVAILABLE,81,4,ACTIVE,710,D_P1-A5.NC,D_P1-A5.NC,6,0.001668267,20,0.0005,1609633.146,468592,184.4,2359.5869,100,29.63333,10,100,0,2,100,4200.0,5700,1700,3.3,24.2,0.2,2,352.4873694,1800,600,2.8,22.6,0.3,7,231.9773238,3400,1100,3.1,25.9,0.4,33,-296.1353859,1300,400,3.5,27.6,0.2
34.652593,1,AUTO,ARMED,5,AVAILABLE,UNAVAILABLE,UNAVAILABLE,81,4,ACTIVE,710,D_P1-A5.NC,D_P1-A5.NC,6,0.002168391,20,0.001,1609633.146,468592,184.4,2359.5869,100,29.63333,10,100,0,3,100,4200.0,5700,1700,3.3,24.2,0.2,2,349.4347374,1800,600,2.8,22.6,0.3,7,231.9772552,3400,1100,3.1,25.9,0.4,33,-296.1353631,1300,400,3.5,27.6,0.2
34.820806,1,AUTO,ARMED,5,AVAILABLE,UNAVAILABLE,UNAVAILABLE,81,4,ACTIVE,710,D_P1-A5.NC,D_P1-A5.NC,6,-0.000332225,20,0.001,1609633.146,468592,184.4,2359.5869,100,29.63333,10,100,0,3,100,4200.0,5700,1700,3.3,24.2,0.2,1,340.2708905,1800,600,2.8,22.6,0.3,8,231.9773467,3400,1100,3.1,25.9,0.4,33,-296.1353974,1300,400,3.5,27.6,0.2
34.964633,1,AUTO,ARMED,5,AVAILABLE,UNAVAILABLE,UNAVAILABLE,81,4,ACTIVE,710,D_P1-A5.NC,D_P1-A5.NC,6,-0.000832349,20,0.0005,1609633.146,468592,184.4,2359.5869,100,29.63333,10,100,0,4,100,4200.0,5700,1700,3.3,24.2,0.2,3,337.2112549,1800,600,2.8,22.6,0.3,8,231.9772666,3400,1100,3.1,25.9,0.4,33,-296.1354203,1300,400,3.5,27.6,0.2
35.120475,1,AUTO,ARMED,5,AVAILABLE,UNAVAILABLE,UNAVAILABLE,81,4,ACTIVE,710,D_P1-A5.NC,D_P1-A5.NC,6,-0.000332225,20,0.0005,1609633.146,468592,184.4,2359.5869,100,29.63333,10,100,0,4,100,4200.0,5700,1700,3.3,24.2,0.2,3,334.1593667,1800,600,2.8,22.6,0.3,8,231.9774955,3400,1100,3.1,25.9,0.4,33,-296.1353631,1300,400,3.5,27.6,0.2
35.26059,1,AUTO,ARMED,5,AVAILABLE,UNAVAILABLE,UNAVAILABLE,81,4,ACTIVE,710,D_P1-A5.NC,D_P1-A5.NC,6,0.000167898,20,0.0005,1609633.146,468592,184.4,2359.5869,100,29.63333,11,100,0,3,100,4200.0,5700,1700,3.3,24.2,0.2,6,331.1072382,1800,600,2.8,22.6,0.3,6,231.9778503,3400,1100,3.1,25.9,0.4,33,-296.1353402,1300,400,3.5,27.6,0.2
35.404968,1,AUTO,ARMED,5,AVAILABLE,UNAVAILABLE,UNAVAILABLE,81,4,ACTIVE,710,D_P1-A5.NC,D_P1-A5.NC,6,0.000167898,20,0.0005,1609633.146,468592,184.4,2061.4358,100,29.63333,11,100,0,3,100,4200.0,5700,1700,3.3,24.2,0.2,11,328.0544809,1800,600,2.8,22.6,0.3,6,231.9775756,3400,1100,3.1,25.9,0.4,33,-296.1353745,1300,400,3.5,27.6,0.2
35.559576,1,AUTO,ARMED,5,AVAILABLE,UNAVAILABLE,UNAVAILABLE,81,4,ACTIVE,710,D_P1-A5.NC,D_P1-A5.NC,6,0.000167898,20,0.0005,1609633.146,468592,184.4,2061.4358,100,29.63333,11,100,0,1,100,4200.0,2500,600,4.1,24.2,0.1,10,318.9825504,200,0,4.1,22.6,0.0,1,231.9773124,1800,800,2.3,25.9,0.1,32,-296.1353974,400,100,3.6,27.6,0.1
35.703613,1,AUTO,ARMED,5,AVAILABLE,UNAVAILABLE,UNAVAILABLE,81,4,ACTIVE,710,D_P1-A5.NC,D_P1-A5.NC,6,0.000167898,20,0.0005,1609633.146,468592,184.4,2061.4358,100,14.9,11,100,0,1,100,4200.0,2500,600,4.1,24.2,0.1,10,318.6046148,200,0,4.1,22.6,0.0,1,231.9773009,1800,800,2.3,25.9,0.1,32,-296.1353974,400,100,3.6,27.6,0.1
35.846765,1,AUTO,ARMED,5,AVAILABLE,UNAVAILABLE,UNAVAILABLE,82,4,ACTIVE,710,D_P1-A5.NC,D_P1-A5.NC,6,0.000167898,20,0.0005,1609633.146,468592,184.4,2061.4358,100,0.0,11,100,0,1,100,4200.0,2500,600,4.1,24.2,0.1,7,318.6038137,200,0,4.1,22.6,0.0,1,231.9772895,1800,800,2.3,25.9,0.1,32,-296.1353974,400,100,3.6,27.6,0.1
36.002758,1,AUTO,ARMED,5,AVAILABLE,UNAVAILABLE,UNAVAILABLE,82,4,ACTIVE,710,D_P1-A5.NC,D_P1-A5.NC,6,0.000167898,20,0.0005,1609633.146,468592,184.4,2061.4358,100,0.0,11,100,0,3,100,4200.0,2500,600,4.1,24.2,0.1,6,318.6038594,200,0,4.1,22.6,0.0,1,231.9773009,1800,800,2.3,25.9,0.1,32,-296.1353974,400,100,3.6,27.6,0.1
36.154092,1,AUTO,ARMED,5,AVAILABLE,UNAVAILABLE,UNAVAILABLE,82,4,ACTIVE,710,D_P1-A5.NC,D_P1-A5.NC,6,0.000167898,20,0.0005,1609633.146,468592,184.4,2061.4358,100,0.0,12,100,0,3,100,4200.0,2500,600,4.1,24.2,0.1,6,318.6038823,200,0,4.1,22.6,0.0,1,231.9772895,1800,800,2.3,25.9,0.1,32,-296.1353974,400,100,3.6,27.6,0.1
36.295517,1,AUTO,ARMED,5,AVAILABLE,UNAVAILABLE,UNAVAILABLE,82,4,ACTIVE,710,D_P1-A5.NC,D_P1-A5.NC,6,0.000167898,20,0.0005,1609633.146,468592,184.4,2061.4358,100,0.0,12,100,0,1,100,4200.0,2500,600,4.1,24.2,0.1,5,318.6038823,200,0,4.1,22.6,0.0,1,231.9773009,1800,800,2.3,25.9,0.1,32,-296.1354088,400,100,3.6,27.6,0.1
36.446649,1,AUTO,ARMED,5,AVAILABLE,UNAVAILABLE,UNAVAILABLE,82,4,ACTIVE,710,D_P1-A5.NC,D_P1-A5.NC,6,0.000167898,20,0.0005,1609633.146,468592,184.4,2061.4358,100,0.0,12,100,0,1,100,4200.0,2500,600,4.1,24.2,0.1,5,318.6038938,200,0,4.1,22.6,0.0,1,231.9773009,1800,800,2.3,25.9,0.1,32,-296.1353974,400,100,3.6,27.6,0.1
36.60065,1,AUTO,ARMED,5,AVAILABLE,UNAVAILABLE,UNAVAILABLE,82,4,ACTIVE,710,D_P1-A5.NC,D_P1-A5.NC,6,0.000167898,20,0.0005,1609633.146,468592,184.4,2142.8616,100,0.0,12,100,0,1,100,4200.0,2500,600,4.1,24.2,0.1,5,318.6038938,200,0,4.1,22.6,0.0,1,231.9772895,1800,800,2.3,25.9,0.1,32,-296.1354088,400,100,3.6,27.6,0.1
36.7636,1,AUTO,ARMED,5,AVAILABLE,UNAVAILABLE,UNAVAILABLE,85,4,ACTIVE,710,D_P1-A5.NC,D_P1-A5.NC,6,0.000167898,20,0.0005,1609633.146,468592,184.4,2142.8616,100,0.0,12,100,0,2,100,4200.0,2500,600,4.1,24.2,0.1,5,318.6038938,200,0,4.1,22.6,0.0,1,231.9773009,1800,800,2.3,25.9,0.1,32,-296.1353974,400,100,3.6,27.6,0.1
36.90165,1,AUTO,ARMED,5,AVAILABLE,UNAVAILABLE,UNAVAILABLE,85,4,ACTIVE,710,D_P1-A5.NC,D_P1-A5.NC,6,0.000167898,20,0.0005,1609633.146,468592,184.4,2142.8616,100,0.0,12,100,0,15,100,4351.138716,3600,700,5.0,24.2,0.2,5,318.6039052,300,100,4.3,22.6,0.1,1,231.9773009,1500,600,2.6,25.9,0.1,32,-296.1353974,400,100,3.3,27.6,0.1
37.0639,1,AUTO,ARMED,5,AVAILABLE,UNAVAILABLE,UNAVAILABLE,85,4,ACTIVE,710,D_P1-A5.NC,D_P1-A5.NC,6,0.000167898,20,0.0005,1609633.146,468592,184.4,2142.8616,100,0.0,12,100,0,15,100,4700.0,3600,700,5.0,24.2,0.2,5,318.6039052,300,100,4.3,22.6,0.1,1,232.3297756,1500,600,2.6,25.9,0.1,32,-296.1354088,400,100,3.3,27.6,0.1
37.211404,1,AUTO,ARMED,5,AVAILABLE,UNAVAILABLE,UNAVAILABLE,86,4,ACTIVE,710,D_P1-A5.NC,D_P1-A5.NC,6,0.000167898,20,0.0005,1609633.146,468592,184.4,2142.8616,100,0.0,13,100,0,1,100,4700.0,3600,700,5.0,24.2,0.2,5,318.6039052,300,100,4.3,22.6,0.1,4,233.2453286,1500,600,2.6,25.9,0.1,32,-296.1354088,400,100,3.3,27.6,0.1
37.357025,1,AUTO,ARMED,5,AVAILABLE,UNAVAILABLE,UNAVAILABLE,86,4,ACTIVE,710,D_P1-A5.NC,D_P1-A5.NC,6,0.000167898,20,0.0005,1609633.146,468592,184.4,2142.8616,100,0.0,13,100,0,1,100,4700.0,3600,700,5.0,24.2,0.2,5,318.6039052,300,100,4.3,22.6,0.1,4,233.2473427,1500,600,2.6,25.9,0.1,32,-296.1353974,400,100,3.3,27.6,0.1
37.506952,1,AUTO,ARMED,5,AVAILABLE,UNAVAILABLE,UNAVAILABLE,86,4,ACTIVE,710,D_P1-A5.NC,D_P1-A5.NC,6,0.000167898,20,0.0005,1609633.146,468592,184.4,2142.8616,100,0.0,13,100,0,2,100,4700.0,3600,700,5.0,24.2,0.2,5,318.6038938,300,100,4.3,22.6,0.1,4,233.2473313,1500,600,2.6,25.9,0.1,32,-296.1353974,400,100,3.3,27.6,0.1
37.645947,1,AUTO,ARMED,5,AVAILABLE,UNAVAILABLE,UNAVAILABLE,86,4,ACTIVE,710,D_P1-A5.NC,D_P1-A5.NC,6,0.000167898,20,0.0005,1609633.146,468592,184.4,2140.1487,100,0.0,13,100,0,2,100,4700.0,3600,700,5.0,24.2,0.2,5,318.6038938,300,100,4.3,22.6,0.1,4,233.2473084,1500,600,2.6,25.9,0.1,32,-296.1353974,400,100,3.3,27.6,0.1
37.79461,1,AUTO,ARMED,5,AVAILABLE,UNAVAILABLE,UNAVAILABLE,86,4,ACTIVE,710,D_P1-A5.NC,D_P1-A5.NC,6,0.000167898,20,0.0005,1609633.146,468592,184.4,2140.1487,100,0.0,13,100,0,0,100,4700.0,3600,700,5.0,24.2,0.2,5,318.6039052,300,100,4.3,22.6,0.1,4,233.2473084,1500,600,2.6,25.9,0.1,32,-296.1353974,400,100,3.3,27.6,0.1
37.947729,1,AUTO,ARMED,5,AVAILABLE,UNAVAILABLE,UNAVAILABLE,86,4,ACTIVE,710,D_P1-A5.NC,D_P1-A5.NC,6,0.000167898,20,0.0005,1609633.146,468592,184.4,2140.1487,100,0.0,13,100,0,4,100,4700.0,3600,700,5.0,24.2,0.2,5,318.6038938,300,100,4.3,22.6,0.1,3,233.2473084,1500,600,2.6,25.9,0.1,32,-296.1354088,400,100,3.3,27.6,0.1
38.092753,1,AUTO,ARMED,5,AVAILABLE,UNAVAILABLE,UNAVAILABLE,87,4,ACTIVE,710,D_P1-A5.NC,D_P1-A5.NC,6,0.000167898,20,0.0005,1609633.146,468592,184.4,2140.1487,100,0.0,14,100,0,1,100,4700.0,3600,700,5.0,24.2,0.2,22,319.2742709,300,100,4.3,22.6,0.1,3,233.2473084,1500,600,2.6,25.9,0.1,32,-296.1353974,400,100,3.3,27.6,0.1
38.232489,1,AUTO,ARMED,5,AVAILABLE,UNAVAILABLE,UNAVAILABLE,87,4,ACTIVE,710,D_P1-A5.NC,D_P1-A5.NC,6,0.000167898,20,0.0005,1609633.146,468592,184.4,2140.1487,100,23.28333,14,100,0,1,100,4700.0,3600,700,5.0,24.2,0.2,22,322.8682305,300,100,4.3,22.6,0.1,3,233.2472969,1500,600,2.6,25.9,0.1,32,-296.1353974,400,100,3.3,27.6,0.1
38.373602,1,AUTO,ARMED,5,AVAILABLE,UNAVAILABLE,UNAVAILABLE,87,4,ACTIVE,710,D_P1-A5.NC,D_P1-A5.NC,6,0.000167898,20,0.0005,1609633.146,468592,184.4,2140.1487,100,23.28333,14,100,0,0,100,4700.0,3600,700,5.0,24.2,0.2,10,325.2722299,300,100,4.3,22.6,0.1,3,233.2473084,1500,600,2.6,25.9,0.1,32,-296.1353974,400,100,3.3,27.6,0.1
38.521714,1,AUTO,ARMED,5,AVAILABLE,UNAVAILABLE,UNAVAILABLE,87,4,ACTIVE,710,D_P1-A5.NC,D_P1-A5.NC,6,0.000167898,20,0.0005,1609633.146,468592,184.4,2140.1487,100,23.28333,14,100,0,0,100,4700.0,3600,700,5.0,24.2,0.2,10,327.6702553,300,100,4.3,22.6,0.1,3,233.2472969,1500,600,2.6,25.9,0.1,32,-296.1353974,400,100,3.3,27.6,0.1
38.669982,1,AUTO,ARMED,5,AVAILABLE,UNAVAILABLE,UNAVAILABLE,87,4,ACTIVE,710,D_P1-A5.NC,D_P1-A5.NC,6,0.000167898,20,0.0005,1609633.146,468592,184.4,2140.1487,100,23.28333,14,100,0,3,100,4700.0,6700,2000,3.5,24.2,0.3,10,332.4723575,2000,600,3.1,22.6,0.3,3,233.2472855,3000,1000,3.0,25.9,0.3,32,-296.1354317,1800,600,2.9,27.6,0.5
38.822634,1,AUTO,ARMED,5,AVAILABLE,UNAVAILABLE,UNAVAILABLE,87,4,ACTIVE,710,D_P1-A5.NC,D_P1-A5.NC,6,0.000167898,20,0.0005,1609633.146,468592,184.4,3368.4421,100,23.28333,14,100,0,0,100,4700.0,6700,2000,3.5,24.2,0.3,19,334.8706379,2000,600,3.1,22.6,0.3,3,233.2472855,3000,1000,3.0,25.9,0.3,32,-296.1354203,1800,600,2.9,27.6,0.5
38.982572,1,AUTO,ARMED,5,AVAILABLE,UNAVAILABLE,UNAVAILABLE,87,4,ACTIVE,710,D_P1-A5.NC,D_P1-A5.NC,6,0.000167898,20,0.0005,1609633.146,468592,184.4,3368.4421,100,23.28333,14,100,0,0,100,4700.0,6700,2000,3.5,24.2,0.3,19,337.2687237,2000,600,3.1,22.6,0.3,3,233.2472969,3000,1000,3.0,25.9,0.3,32,-296.1354203,1800,600,2.9,27.6,0.5
39.12159,1,AUTO,ARMED,5,AVAILABLE,UNAVAILABLE,UNAVAILABLE,87,4,ACTIVE,710,D_P1-A5.NC,D_P1-A5.NC,6,0.000167898,20,0.0005,1609633.146,468592,184.4,3368.4421,100,23.28333,14,100,0,2,100,4700.0,6700,2000,3.5,24.2,0.3,19,342.0710178,2000,600,3.1,22.6,0.3,3,233.2473084,3000,1000,3.0,25.9,0.3,32,-296.1354203,1800,600,2.9,27.6,0.5
39.259986,1,AUTO,ARMED,5,AVAILABLE,UNAVAILABLE,UNAVAILABLE,87,4,ACTIVE,710,D_P1-A5.NC,D_P1-A5.NC,6,0.000167898,20,0.0005,1609633.146,468592,184.4,3368.4421,100,23.28333,15,100,0,5,100,4700.0,6700,2000,3.5,24.2,0.3,18,344.4692181,2000,600,3.1,22.6,0.3,3,233.2473313,3000,1000,3.0,25.9,0.3,32,-296.1354088,1800,600,2.9,27.6,0.5
39.408897,1,AUTO,ARMED,5,AVAILABLE,UNAVAILABLE,UNAVAILABLE,87,4,ACTIVE,710,D_P1-A5.NC,D_P1-A5.NC,6,0.000167898,20,0.0005,1609633.146,468592,184.4,3368.4421,100,23.28333,15,100,0,0,100,4700.0,6700,2000,3.5,24.2,0.3,21,351.6754231,2000,600,3.1,22.6,0.3,3,233.2472855,3000,1000,3.0,25.9,0.3,32,-296.1353859,1800,600,2.9,27.6,0.5
39.55024,1,AUTO,ARMED,5,AVAILABLE,UNAVAILABLE,UNAVAILABLE,87,4,ACTIVE,710,D_P1-A5.NC,D_P1-A5.NC,6,0.000167898,20,0.0005,1609633.146,468592,184.4,3368.4421,100,23.28333,15,100,0,0,100,4700.0,6700,2000,3.5,24.2,0.3,19,354.06797,2000,600,3.1,22.6,0.3,3,233.2472855,3000,1000,3.0,25.9,0.3,33,-296.1353859,1800,600,2.9,27.6,0.5
39.71649,1,AUTO,ARMED,5,AVAILABLE,UNAVAILABLE,UNAVAILABLE,87,4,ACTIVE,710,D_P1-A5.NC,D_P1-A5.NC,6,0.000167898,20,0.0005,1609633.146,468592,184.4,3368.4421,100,23.28333,15,100,0,0,100,4700.0,6700,2000,3.5,24.2,0.3,19,356.4776693,2000,600,3.1,22.6,0.3,3,233.247274,3000,1000,3.0,25.9,0.3,33,-296.1354088,1800,600,2.9,27.6,0.5
39.863257,1,AUTO,ARMED,5,AVAILABLE,UNAVAILABLE,UNAVAILABLE,87,4,ACTIVE,710,D_P1-A5.NC,D_P1-A5.NC,6,0.000167898,20,0.0005,1609633.146,468592,184.4,2136.7332,100,23.28333,15,100,0,7,100,4700.0,6700,2000,3.5,24.2,0.3,20,361.2738857,2000,600,3.1,22.6,0.3,3,233.2472855,3000,1000,3.0,25.9,0.3,33,-296.1353631,1800,600,2.9,27.6,0.5
40.005637,1,AUTO,ARMED,5,AVAILABLE,UNAVAILABLE,UNAVAILABLE,87,4,ACTIVE,710,D_P1-A5.NC,D_P1-A5.NC,6,0.000167898,20,0.0005,1609633.146,468592,184.4,2136.7332,100,23.28333,15,100,0,1,100,4700.0,6700,2000,3.5,24.2,0.3,16,363.6789232,2000,600,3.1,22.6,0.3,4,233.247274,3000,1000,3.0,25.9,0.3,32,-296.1353745,1800,600,2.9,27.6,0.5
40.147567,1,AUTO,ARMED,5,AVAILABLE,UNAVAILABLE,UNAVAILABLE,87,4,ACTIVE,710,D_P1-A5.NC,D_P1-A5.NC,6,0.000167898,20,0.0005,1609633.146,468592,184.4,2136.7332,100,23.28333,16,100,0,1,100,4700.0,6700,2000,3.5,24.2,0.3,16,366.076442,2000,600,3.1,22.6,0.3,4,233.2473198,3000,1000,3.0,25.9,0.3,32,-296.1353631,1800,600,2.9,27.6,0.5
40.299109,1,AUTO,ARMED,5,AVAILABLE,UNAVAILABLE,UNAVAILABLE,87,4,ACTIVE,710,D_P1-A5.NC,D_P1-A5.NC,6,0.000167898,20,0.0005,1609633.146,468592,184.4,2136.7332,100,23.28333,16,100,0,1,100,4700.0,6700,2000,3.5,24.2,0.3,16,367.2754074,2000,600,3.1,22.6,0.3,4,233.2473198,3000,1000,3.0,25.9,0.3,32,-296.1353745,1800,600,2.9,27.6,0.5
40.447841,1,AUTO,ARMED,5,AVAILABLE,UNAVAILABLE,UNAVAILABLE,87,4,ACTIVE,710,D_P1-A5.NC,D_P1-A5.NC,6,0.000167898,20,0.0005,1609633.146,468592,184.4,2136.7332,100,23.28333,16,100,0,3,100,4700.0,3500,700,5.2,24.2,0.2,10,374.4815022,300,100,3.0,22.6,0.0,3,233.2472969,1500,600,2.6,25.9,0.1,32,-296.1353974,400,100,3.4,27.6,0.2
40.608889,1,AUTO,ARMED,5,AVAILABLE,UNAVAILABLE,UNAVAILABLE,87,4,ACTIVE,710,D_P1-A5.NC,D_P1-A5.NC,6,0.000167898,20,0.0005,1609633.146,468592,184.4,2136.7332,100,23.28333,16,100,0,3,100,4700.0,3500,700,5.2,24.2,0.2,10,376.8797649,300,100,3.0,22.6,0.0,3,233.2472969,1500,600,2.6,25.9,0.1,32,-296.1354088,400,100,3.4,27.6,0.2
40.756421,1,AUTO,ARMED,5,AVAILABLE,UNAVAILABLE,UNAVAILABLE,87,4,ACTIVE,710,D_P1-A5.NC,D_P1-A5.NC,6,0.000167898,20,0.0005,1609633.146,468592,184.4,2136.7332,100,23.28333,16,100,0,2,100,4700.0,3500,700,5.2,24.2,0.2,9,381.6818468,300,100,3.0,22.6,0.0,3,233.2472969,1500,600,2.6,25.9,0.1,32,-296.1353974,400,100,3.4,27.6,0.2
40.908552,1,AUTO,ARMED,5,AVAILABLE,UNAVAILABLE,UNAVAILABLE,87,4,ACTIVE,710,D_P1-A5.NC,D_P1-A5.NC,6,0.000167898,20,0.0005,1609633.146,468592,184.4,2109.0515,100,23.28333,16,100,0,0,100,4700.0,3500,700,5.2,24.2,0.2,10,383.6254328,300,100,3.0,22.6,0.0,3,233.2472969,1500,600,2.6,25.9,0.1,32,-296.1353974,400,100,3.4,27.6,0.2
41.057386,1,AUTO,ARMED,5,AVAILABLE,UNAVAILABLE,UNAVAILABLE,88,4,ACTIVE,710,D_P1-A5.NC,D_P1-A5.NC,6,0.000167898,20,0.0005,1609633.146,468592,184.4,2109.0515,100,15.51667,16,100,0,0,100,4700.0,3500,700,5.2,24.2,0.2,10,383.6279736,300,100,3.0,22.6,0.0,3,233.2472969,1500,600,2.6,25.9,0.1,32,-296.1353974,400,100,3.4,27.6,0.2
41.198922,1,AUTO,ARMED,5,AVAILABLE,UNAVAILABLE,UNAVAILABLE,88,4,ACTIVE,710,D_P1-A5.NC,D_P1-A5.NC,6,0.000167898,20,0.0005,1609633.146,468592,184.4,2109.0515,100,0.0,17,100,0,2,100,4700.0,3500,700,5.2,24.2,0.2,7,383.6279393,300,100,3.0,22.6,0.0,3,233.2472969,1500,600,2.6,25.9,0.1,32,-296.1353974,400,100,3.4,27.6,0.2
41.358488,1,AUTO,ARMED,5,AVAILABLE,UNAVAILABLE,UNAVAILABLE,88,4,ACTIVE,710,D_P1-A5.NC,D_P1-A5.NC,6,0.000167898,20,0.0005,1609633.146,468592,184.4,2109.0515,100,0.0,17,100,0,0,100,4700.0,3500,700,5.2,24.2,0.2,6,383.6279278,300,100,3.0,22.6,0.0,3,233.2472969,1500,600,2.6,25.9,0.1,32,-296.1353974,400,100,3.4,27.6,0.2
41.506936,1,AUTO,ARMED,5,AVAILABLE,UNAVAILABLE,UNAVAILABLE,88,4,ACTIVE,710,D_P1-A5.NC,D_P1-A5.NC,6,0.000167898,20,0.0005,1609633.146,468592,184.4,2109.0515,100,0.0,17,100,0,1,100,4700.0,3500,700,5.2,24.2,0.2,6,383.6278935,300,100,3.0,22.6,0.0,3,233.2472969,1500,600,2.6,25.9,0.1,32,-296.1353859,400,100,3.4,27.6,0.2
41.655078,1,AUTO,ARMED,5,AVAILABLE,UNAVAILABLE,UNAVAILABLE,88,4,ACTIVE,710,D_P1-A5.NC,D_P1-A5.NC,6,0.000167898,20,0.0005,1609633.146,468592,184.4,2109.0515,100,0.0,17,100,0,1,100,4700.0,3500,700,5.2,24.2,0.2,6,383.6278935,300,100,3.0,22.6,0.0,3,233.2472969,1500,600,2.6,25.9,0.1,32,-296.1353974,400,100,3.4,27.6,0.2
41.811762,1,AUTO,ARMED,5,AVAILABLE,UNAVAILABLE,UNAVAILABLE,88,4,ACTIVE,710,D_P1-A5.NC,D_P1-A5.NC,6,0.000167898,20,0.0005,1609633.146,468592,184.4,2109.0515,100,0.0,17,100,0,0,100,4700.0,3500,700,5.2,24.2,0.2,6,383.6278935,300,100,3.0,22.6,0.0,3,233.2473084,1500,600,2.6,25.9,0.1,32,-296.1353974,400,100,3.4,27.6,0.2
41.974041,1,AUTO,ARMED,5,AVAILABLE,UNAVAILABLE,UNAVAILABLE,89,4,ACTIVE,710,D_P1-A5.NC,D_P1-A5.NC,6,0.000167898,20,0.0005,1609633.146,468592,184.4,3168.8013,100,0.0,17,100,0,3,100,4700.0,3500,700,5.2,24.2,0.2,6,383.5463072,300,100,3.0,22.6,0.0,3,234.4760946,1500,600,2.6,25.9,0.1,32,-296.1354088,400,100,3.4,27.6,0.2
42.12165,1,AUTO,ARMED,5,AVAILABLE,UNAVAILABLE,UNAVAILABLE,90,4,ACTIVE,710,D_P1-A5.NC,D_P1-A5.NC,6,0.000167898,20,0.0005,1609633.146,468592,184.4,3168.8013,100,23.28333,17,100,0,3,100,4700.0,5600,1200,4.8,24.2,0.3,6,382.5878785,4900,1300,3.7,22.6,0.6,3,234.5146722,6100,1300,4.7,25.9,0.6,32,-296.1353974,1200,300,3.9,27.5,0.2
42.263604,1,AUTO,ARMED,5,AVAILABLE,UNAVAILABLE,UNAVAILABLE,90,4,ACTIVE,710,D_P1-A5.NC,D_P1-A5.NC,6,0.000167898,20,0.0005,1609633.146,468592,184.4,3168.8013,100,23.28333,18,100,0,2,100,4700.0,5600,1200,4.8,24.2,0.3,9,380.1987205,4900,1300,3.7,22.6,0.6,5,234.5173845,6100,1300,4.7,25.9,0.6,32,-296.1353974,1200,300,3.9,27.5,0.2
42.408069,1,AUTO,ARMED,5,AVAILABLE,UNAVAILABLE,UNAVAILABLE,90,4,ACTIVE,710,D_P1-A5.NC,D_P1-A5.NC,6,0.000167898,20,0.0005,1609633.146,468592,184.4,3168.8013,100,23.28333,18,100,0,1,100,4700.0,5600,1200,4.8,24.2,0.3,9,375.3907104,4900,1300,3.7,22.6,0.6,4,234.5173501,6100,1300,4.7,25.9,0.6,32,-296.1353974,1200,300,3.9,27.5,0.2
42.576588,1,AUTO,ARMED,5,AVAILABLE,UNAVAILABLE,UNAVAILABLE,90,4,ACTIVE,710,D_P1-A5.NC,D_P1-A5.NC,6,0.000167898,20,0.0005,1609633.146,468592,184.4,3168.8013,100,23.28333,18,100,0,3,100,4700.0,5600,1200,4.8,24.2,0.3,9,370.5942818,4900,1300,3.7,22.6,0.6,4,234.5173044,6100,1300,4.7,25.9,0.6,32,-296.1353974,1200,300,3.9,27.5,0.2
42.718663,1,AUTO,ARMED,5,AVAILABLE,UNAVAILABLE,UNAVAILABLE,90,4,ACTIVE,710,D_P1-A5.NC,D_P1-A5.NC,6,-0.000332225,20,0.0005,1609633.146,468592,184.4,3168.8013,100,23.28333,18,100,0,3,100,4700.0,5600,1200,4.8,24.2,0.3,9,368.1897389,4900,1300,3.7,22.6,0.6,4,234.5171441,6100,1300,4.7,25.9,0.6,32,-296.1354203,1200,300,3.9,27.5,0.2
42.871605,1,AUTO,ARMED,5,AVAILABLE,UNAVAILABLE,UNAVAILABLE,90,4,ACTIVE,710,D_P1-A5.NC,D_P1-A5.NC,6,0.000167898,20,0.0005,1609633.146,468592,184.4,3168.8013,100,23.28333,18,100,0,1,100,4700.0,5600,1200,4.8,24.2,0.3,5,365.791742,4900,1300,3.7,22.6,0.6,5,234.5170526,6100,1300,4.7,25.9,0.6,32,-296.1354317,1200,300,3.9,27.5,0.2
43.018713,1,AUTO,ARMED,5,AVAILABLE,UNAVAILABLE,UNAVAILABLE,90,4,ACTIVE,710,D_P1-A5.NC,D_P1-A5.NC,6,0.000167898,20,0.0005,1609633.146,468592,184.4,3094.7854,100,23.28333,18,100,0,3,100,4700.0,5600,1200,4.8,24.2,0.3,4,361.0017221,4900,1300,3.7,22.6,0.6,6,234.5172929,6100,1300,4.7,25.9,0.6,32,-296.1354203,1200,300,3.9,27.5,0.2
43.158634,1,AUTO,ARMED,5,AVAILABLE,UNAVAILABLE,UNAVAILABLE,90,4,ACTIVE,710,D_P1-A5.NC,D_P1-A5.NC,6,0.002168391,20,0.0005,1609633.146,468592,184.4,3094.7854,100,23.28333,19,100,0,3,100,4700.0,5600,1200,4.8,24.2,0.3,4,356.1937578,4900,1300,3.7,22.6,0.6,6,234.5173616,6100,1300,4.7,25.9,0.6,32,-296.1353859,1200,300,3.9,27.5,0.2
43.310884,1,AUTO,ARMED,5,AVAILABLE,UNAVAILABLE,UNAVAILABLE,90,4,ACTIVE,710,D_P1-A5.NC,D_P1-A5.NC,6,0.003168637,20,0.0015,1609633.146,468592,184.4,3094.7854,100,23.28333,19,100,0,5,100,4700.0,5600,1200,4.8,24.2,0.3,5,353.794965,4900,1300,3.7,22.6,0.6,7,234.5174074,6100,1300,4.7,25.9,0.6,32,-296.1353287,1200,300,3.9,27.5,0.2
43.451442,1,AUTO,ARMED,5,AVAILABLE,UNAVAILABLE,UNAVAILABLE,90,4,ACTIVE,710,D_P1-A5.NC,D_P1-A5.NC,6,-0.004832841,20,0.0,1609633.146,468592,184.4,3094.7854,100,23.28333,19,100,0,0,100,4700.0,5600,1200,4.8,24.2,0.3,3,351.3913473,4900,1300,3.7,22.6,0.6,6,234.5172014,6100,1300,4.7,25.9,0.6,32,-296.1354775,1200,300,3.9,27.5,0.2
43.602191,1,AUTO,ARMED,5,AVAILABLE,UNAVAILABLE,UNAVAILABLE,90,4,ACTIVE,710,D_P1-A5.NC,D_P1-A5.NC,6,-0.004332964,20,0.0005,1609633.146,468592,184.4,3094.7854,100,23.28333,19,100,0,0,100,4700.0,19700,2500,7.8,24.2,0.5,3,348.993978,400,100,4.0,22.6,0.0,6,234.5177507,1500,400,3.3,25.9,0.1,32,-296.1352944,500,100,3.8,27.5,0.1
43.758611,1,AUTO,ARMED,5,AVAILABLE,UNAVAILABLE,UNAVAILABLE,90,4,ACTIVE,710,D_P1-A5.NC,D_P1-A5.NC,6,0.005669253,20,0.0015,1609633.146,468592,184.4,3094.7854,100,23.28333,19,100,0,0,100,4700.0,19700,2500,7.8,24.2,0.5,7,344.1902215,400,100,4.0,22.6,0.0,3,234.5169496,1500,400,3.3,25.9,0.1,32,-296.1353516,500,100,3.8,27.5,0.1
43.902678,1,AUTO,ARMED,5,AVAILABLE,UNAVAILABLE,UNAVAILABLE,90,4,ACTIVE,710,D_P1-A5.NC,D_P1-A5.NC,6,-0.004332964,20,0.0005,1609633.146,468592,184.4,3094.7854,100,23.28333,19,100,0,8,100,4700.0,19700,2500,7.8,24.2,0.5,7,341.7921083,400,100,4.0,22.6,0.0,5,234.5169153,1500,400,3.3,25.9,0.1,33,-296.1354432,500,100,3.8,27.5,0.1
44.060454,1,AUTO,ARMED,5,AVAILABLE,UNAVAILABLE,UNAVAILABLE,90,4,ACTIVE,710,D_P1-A5.NC,D_P1-A5.NC,6,0.001168144,20,0.0005,1609633.146,468592,184.4,2079.0012,100,23.28333,20,100,0,2,100,4700.0,19700,2500,7.8,24.2,0.5,5,338.1948526,400,100,4.0,22.6,0.0,7,234.5169839,1500,400,3.3,25.9,0.1,33,-296.1353631,500,100,3.8,27.5,0.1
44.232296,1,AUTO,ARMED,5,AVAILABLE,UNAVAILABLE,UNAVAILABLE,90,4,ACTIVE,710,D_P1-A5.NC,D_P1-A5.NC,6,0.000167898,20,0.0005,1609633.146,468592,184.4,2079.0012,100,23.28333,20,100,0,2,100,4700.0,19700,2500,7.8,24.2,0.5,5,333.3938884,400,100,4.0,22.6,0.0,7,234.5177049,1500,400,3.3,25.9,0.1,33,-296.1353287,500,100,3.8,27.5,0.1
44.37371,1,AUTO,ARMED,5,AVAILABLE,UNAVAILABLE,UNAVAILABLE,90,4,ACTIVE,710,D_P1-A5.NC,D_P1-A5.NC,6,0.000167898,20,0.0005,1609633.146,468592,184.4,2079.0012,100,23.28333,20,100,0,1,100,4700.0,19700,2500,7.8,24.2,0.5,7,328.5912449,400,100,4.0,22.6,0.0,4,234.5174188,1500,400,3.3,25.9,0.1,32,-296.1353859,500,100,3.8,27.5,0.1
44.521531,1,AUTO,ARMED,5,AVAILABLE,UNAVAILABLE,UNAVAILABLE,90,4,ACTIVE,710,D_P1-A5.NC,D_P1-A5.NC,6,0.000668021,20,0.0005,1609633.146,468592,184.4,2079.0012,100,23.28333,20,100,0,4,100,4700.0,19700,2500,7.8,24.2,0.5,10,326.1929796,400,100,4.0,22.6,0.0,2,234.5173387,1500,400,3.3,25.9,0.1,32,-296.1353974,500,100,3.8,27.5,0.1
44.663607,1,AUTO,ARMED,5,AVAILABLE,UNAVAILABLE,UNAVAILABLE,90,4,ACTIVE,710,D_P1-A5.NC,D_P1-A5.NC,6,0.000668021,20,0.0005,1609633.146,468592,184.4,2079.0012,100,23.28333,20,100,0,4,100,4700.0,19700,2500,7.8,24.2,0.5,10,323.7948173,400,100,4.0,22.6,0.0,2,234.5173272,1500,400,3.3,25.9,0.1,32,-296.1353974,500,100,3.8,27.5,0.1
44.808025,1,AUTO,ARMED,5,AVAILABLE,UNAVAILABLE,UNAVAILABLE,90,4,ACTIVE,710,D_P1-A5.NC,D_P1-A5.NC,6,0.000668021,20,0.0005,1609633.146,468592,184.4,2079.0012,100,21.36667,20,100,0,1,100,4700.0,3300,700,4.8,24.2,0.2,9,319.0215193,200,0,4.5,22.6,0.0,1,234.5173044,3300,400,8.5,25.9,0.1,32,-296.1353859,400,100,3.2,27.5,0.1
44.974762,1,AUTO,ARMED,5,AVAILABLE,UNAVAILABLE,UNAVAILABLE,91,4,ACTIVE,710,D_P1-A5.NC,D_P1-A5.NC,6,0.000668021,20,0.0005,1609633.146,468592,184.4,2122.1018,100,0.0,20,100,0,0,100,4700.0,3300,700,4.8,24.2,0.2,3,318.6046606,200,0,4.5,22.6,0.0,1,234.5173044,3300,400,8.5,25.9,0.1,31,-296.1353974,400,100,3.2,27.5,0.1
45.145072,1,AUTO,ARMED,5,AVAILABLE,UNAVAILABLE,UNAVAILABLE,91,4,ACTIVE,710,D_P1-A5.NC,D_P1-A5.NC,6,0.000668021,20,0.0005,1609633.146,468592,184.4,2122.1018,100,0.0,21,100,0,4,100,4700.0,3300,700,4.8,24.2,0.2,6,318.6038709,200,0,4.5,22.6,0.0,1,234.5173044,3300,400,8.5,25.9,0.1,31,-296.1353859,400,100,3.2,27.5,0.1
45.296248,1,AUTO,ARMED,5,AVAILABLE,UNAVAILABLE,UNAVAILABLE,91,4,ACTIVE,710,D_P1-A5.NC,D_P1-A5.NC,6,0.000668021,20,0.0005,1609633.146,468592,184.4,2122.1018,100,0.0,21,100,0,0,100,4700.0,3300,700,4.8,24.2,0.2,6,318.6038823,200,0,4.5,22.6,0.0,2,234.5172929,3300,400,8.5,25.9,0.1,31,-296.1353974,400,100,3.2,27.5,0.1
45.47894,1,AUTO,ARMED,5,AVAILABLE,UNAVAILABLE,UNAVAILABLE,91,4,ACTIVE,710,D_P1-A5.NC,D_P1-A5.NC,6,0.000668021,20,0.0005,1609633.146,468592,184.4,2122.1018,100,0.0,21,100,0,0,100,4700.0,3300,700,4.8,24.2,0.2,6,318.6038938,200,0,4.5,22.6,0.0,1,234.5172815,3300,400,8.5,25.9,0.1,32,-296.1353859,400,100,3.2,27.5,0.1
45.65697,1,AUTO,ARMED,5,AVAILABLE,UNAVAILABLE,UNAVAILABLE,91,4,ACTIVE,710,D_P1-A5.NC,D_P1-A5.NC,6,0.000668021,20,0.0005,1609633.146,468592,184.4,2122.1018,100,0.0,21,100,0,0,100,4700.0,3300,700,4.8,24.2,0.2,6,318.6038938,200,0,4.5,22.6,0.0,1,234.5173044,3300,400,8.5,25.9,0.1,32,-296.1353974,400,100,3.2,27.5,0.1
45.910227,1,AUTO,ARMED,5,AVAILABLE,UNAVAILABLE,UNAVAILABLE,94,4,ACTIVE,710,D_P1-A5.NC,D_P1-A5.NC,6,0.000668021,20,0.0005,1609633.146,468592,184.4,2122.1018,100,0.0,21,100,0,0,100,4700.0,3300,700,4.8,24.2,0.2,5,318.6039052,200,0,4.5,22.6,0.0,1,234.5173959,3300,400,8.5,25.9,0.1,31,-296.1354088,400,100,3.2,27.5,0.1
46.158787,1,AUTO,ARMED,5,AVAILABLE,UNAVAILABLE,UNAVAILABLE,95,4,ACTIVE,710,D_P1-A5.NC,D_P1-A5.NC,6,0.000668021,20,0.0005,1609633.146,468592,184.4,2122.1018,100,0.0,22,100,0,2,100,4700.0,3300,700,4.8,24.2,0.2,6,318.6038938,200,0,4.5,22.6,0.0,5,235.7873576,3300,400,8.5,25.9,0.1,32,-296.1354088,400,100,3.2,27.5,0.1
46.321078,1,AUTO,ARMED,5,AVAILABLE,UNAVAILABLE,UNAVAILABLE,95,4,ACTIVE,710,D_P1-A5.NC,D_P1-A5.NC,6,0.000668021,20,0.0005,1609633.146,468592,184.4,2120.8916,100,0.0,22,100,0,2,100,4700.0,3300,700,4.8,24.2,0.2,6,318.6039052,200,0,4.5,22.6,0.0,5,235.787369,3300,400,8.5,25.9,0.1,32,-296.1353974,400,100,3.2,27.5,0.1
46.482571,1,AUTO,ARMED,5,AVAILABLE,UNAVAILABLE,UNAVAILABLE,95,4,ACTIVE,710,D_P1-A5.NC,D_P1-A5.NC,6,0.000668021,20,0.0005,1609633.146,468592,184.4,2120.8916,100,0.0,22,100,0,0,100,4700.0,3300,700,4.8,24.2,0.2,6,318.6039052,200,0,4.5,22.6,0.0,4,235.7873461,3300,400,8.5,25.9,0.1,32,-296.1353974,400,100,3.2,27.5,0.1
46.630726,1,AUTO,ARMED,5,AVAILABLE,UNAVAILABLE,UNAVAILABLE,95,4,ACTIVE,710,D_P1-A5.NC,D_P1-A5.NC,6,0.000668021,20,0.0005,1609633.146,468592,184.4,2120.8916,100,0.0,22,100,0,3,100,4700.0,3300,700,4.8,24.2,0.2,5,318.6039052,200,0,4.5,22.6,0.0,4,235.7873118,3300,400,8.5,25.9,0.1,31,-296.1353974,400,100,3.2,27.5,0.1
46.7971,1,AUTO,ARMED,5,AVAILABLE,UNAVAILABLE,UNAVAILABLE,95,4,ACTIVE,710,D_P1-A5.NC,D_P1-A5.NC,6,0.000668021,20,0.0005,1609633.146,468592,184.4,2120.8916,100,0.0,22,100,0,3,100,4700.0,6300,1400,4.5,24.2,0.3,5,318.6038938,2100,800,2.7,22.7,0.4,4,235.7873118,2500,800,3.0,25.9,0.3,31,-296.1353859,1800,700,2.7,27.5,0.6
46.994584,1,AUTO,ARMED,5,AVAILABLE,UNAVAILABLE,UNAVAILABLE,95,4,ACTIVE,710,D_P1-A5.NC,D_P1-A5.NC,6,0.000668021,20,0.0005,1609633.146,468592,184.4,2120.8916,100,0.0,22,100,0,1,100,4700.0,6300,1400,4.5,24.2,0.3,5,318.6039052,2100,800,2.7,22.7,0.4,4,235.7873003,2500,800,3.0,25.9,0.3,31,-296.1353859,1800,700,2.7,27.5,0.6
47.137223,1,AUTO,ARMED,5,AVAILABLE,UNAVAILABLE,UNAVAILABLE,95,4,ACTIVE,710,D_P1-A5.NC,D_P1-A5.NC,6,0.000668021,20,0.0005,1609633.146,468592,184.4,2120.8916,100,0.0,22,100,0,1,100,4700.0,6300,1400,4.5,24.2,0.3,5,320.9263467,2100,800,2.7,22.7,0.4,4,235.7873118,2500,800,3.0,25.9,0.3,31,-296.1353974,1800,700,2.7,27.5,0.6
47.297577,1,AUTO,ARMED,5,AVAILABLE,UNAVAILABLE,UNAVAILABLE,96,4,ACTIVE,710,D_P1-A5.NC,D_P1-A5.NC,6,0.000668021,20,0.0005,1609633.146,468592,184.4,3432.3545,100,25.4,23,100,0,0,100,4700.0,6300,1400,4.5,24.2,0.3,9,326.1647601,2100,800,2.7,22.7,0.4,4,235.7873003,2500,800,3.0,25.9,0.3,32,-296.1353974,1800,700,2.7,27.5,0.6
47.444637,1,AUTO,ARMED,5,AVAILABLE,UNAVAILABLE,UNAVAILABLE,96,4,ACTIVE,710,D_P1-A5.NC,D_P1-A5.NC,6,0.000668021,20,0.0005,1609633.146,468592,184.4,3432.3545,100,25.4,23,100,0,0,100,4700.0,6300,1400,4.5,24.2,0.3,11,328.7862842,2100,800,2.7,22.7,0.4,3,235.7873118,2500,800,3.0,25.9,0.3,32,-296.1354432,1800,700,2.7,27.5,0.6
47.598243,1,AUTO,ARMED,5,AVAILABLE,UNAVAILABLE,UNAVAILABLE,96,4,ACTIVE,710,D_P1-A5.NC,D_P1-A5.NC,6,0.000668021,20,0.0005,1609633.146,468592,184.4,3432.3545,100,25.4,23,100,0,1,100,4700.0,6300,1400,4.5,24.2,0.3,20,334.0196824,2100,800,2.7,22.7,0.4,3,235.7872546,2500,800,3.0,25.9,0.3,32,-296.1354088,1800,700,2.7,27.5,0.6
47.765567,1,AUTO,ARMED,5,AVAILABLE,UNAVAILABLE,UNAVAILABLE,96,4,ACTIVE,710,D_P1-A5.NC,D_P1-A5.NC,6,0.000668021,20,0.0005,1609633.146,468592,184.4,3432.3545,100,25.4,23,100,0,1,100,4700.0,6300,1400,4.5,24.2,0.3,20,336.6424489,2100,800,2.7,22.7,0.4,3,235.7872775,2500,800,3.0,25.9,0.3,32,-296.1354088,1800,700,2.7,27.5,0.6
47.928151,1,AUTO,ARMED,5,AVAILABLE,UNAVAILABLE,UNAVAILABLE,96,4,ACTIVE,710,D_P1-A5.NC,D_P1-A5.NC,6,0.000668021,20,0.0005,1609633.146,468592,184.4,3432.3545,100,25.4,23,100,0,3,100,4700.0,6300,1400,4.5,24.2,0.3,19,340.5663792,2100,800,2.7,22.7,0.4,4,235.7872775,2500,800,3.0,25.9,0.3,33,-296.1353745,1800,700,2.7,27.5,0.6
48.107624,1,AUTO,ARMED,5,AVAILABLE,UNAVAILABLE,UNAVAILABLE,96,4,ACTIVE,710,D_P1-A5.NC,D_P1-A5.NC,6,0.000668021,20,0.0005,1609633.146,468592,184.4,3432.3545,100,25.4,23,100,0,3,100,4700.0,6300,1400,4.5,24.2,0.3,19,343.1825883,2100,800,2.7,22.7,0.4,4,235.7873003,2500,800,3.0,25.9,0.3,33,-296.1353859,1800,700,2.7,27.5,0.6
48.315814,1,AUTO,ARMED,5,AVAILABLE,UNAVAILABLE,UNAVAILABLE,96,4,ACTIVE,710,D_P1-A5.NC,D_P1-A5.NC,6,0.000668021,20,0.0005,1609633.146,468592,184.4,3432.3545,100,25.4,24,100,0,1,100,4700.0,6300,1400,4.5,24.2,0.3,20,348.4214151,2100,800,2.7,22.7,0.4,4,235.7872889,2500,800,3.0,25.9,0.3,32,-296.1354088,1800,700,2.7,27.5,0.6
48.458468,1,AUTO,ARMED,5,AVAILABLE,UNAVAILABLE,UNAVAILABLE,96,4,ACTIVE,710,D_P1-A5.NC,D_P1-A5.NC,6,0.000668021,20,0.0005,1609633.146,468592,184.4,2127.9766,100,25.4,24,100,0,3,100,4700.0,6300,1400,4.5,24.2,0.3,20,353.6666392,2100,800,2.7,22.7,0.4,4,235.7873232,2500,800,3.0,25.9,0.3,32,-296.1354432,1800,700,2.7,27.5,0.6
48.639108,1,AUTO,ARMED,5,AVAILABLE,UNAVAILABLE,UNAVAILABLE,96,4,ACTIVE,710,D_P1-A5.NC,D_P1-A5.NC,6,0.000668021,20,0.0005,1609633.146,468592,184.4,2127.9766,100,25.4,24,100,0,6,100,4700.0,3900,800,5.1,24.2,0.1,20,358.8989459,300,100,3.8,22.7,0.1,4,235.7873347,900,300,3.1,25.9,0.1,33,-296.1353745,400,100,3.2,27.5,0.1
48.798968,1,AUTO,ARMED,5,AVAILABLE,UNAVAILABLE,UNAVAILABLE,96,4,ACTIVE,710,D_P1-A5.NC,D_P1-A5.NC,6,0.000668021,20,0.0005,1609633.146,468592,184.4,2127.9766,100,25.4,24,100,0,0,100,4700.0,3900,800,5.1,24.2,0.1,18,364.1388234,300,100,3.8,22.7,0.1,4,235.7872889,900,300,3.1,25.9,0.1,33,-296.1353516,400,100,3.2,27.5,0.1
48.943346,1,AUTO,ARMED,5,AVAILABLE,UNAVAILABLE,UNAVAILABLE,96,4,ACTIVE,710,D_P1-A5.NC,D_P1-A5.NC,6,0.000668021,20,0.0005,1609633.146,468592,184.4,2127.9766,100,25.4,24,100,0,0,100,4700.0,3900,800,5.1,24.2,0.1,10,366.7539729,300,100,3.8,22.7,0.1,4,235.7873232,900,300,3.1,25.9,0.1,32,-296.1353745,400,100,3.2,27.5,0.1
49.100687,1,AUTO,ARMED,5,AVAILABLE,UNAVAILABLE,UNAVAILABLE,96,4,ACTIVE,710,D_P1-A5.NC,D_P1-A5.NC,6,0.000668021,20,0.0005,1609633.146,468592,184.4,2127.9766,100,25.4,24,100,0,0,100,4700.0,3900,800,5.1,24.2,0.1,10,369.3701637,300,100,3.8,22.7,0.1,4,235.7873118,900,300,3.1,25.9,0.1,32,-296.1353859,400,100,3.2,27.5,0.1
49.254061,1,AUTO,ARMED,5,AVAILABLE,UNAVAILABLE,UNAVAILABLE,96,4,ACTIVE,710,D_P1-A5.NC,D_P1-A5.NC,6,0.000668021,20,0.0005,1609633.146,468592,184.4,2127.9766,100,25.4,25,100,0,5,100,4700.0,3900,800,5.1,24.2,0.1,10,374.6087595,300,100,3.8,22.7,0.1,3,235.7873003,900,300,3.1,25.9,0.1,32,-296.1353974,400,100,3.2,27.5,0.1
49.397811,1,AUTO,ARMED,5,AVAILABLE,UNAVAILABLE,UNAVAILABLE,96,4,ACTIVE,710,D_P1-A5.NC,D_P1-A5.NC,6,0.000668021,20,0.0005,1609633.146,468592,184.4,2127.9766,100,25.4,25,100,0,0,100,4700.0,3900,800,5.1,24.2,0.1,10,379.8477215,300,100,3.8,22.7,0.1,3,235.7873003,900,300,3.1,25.9,0.1,32,-296.1353859,400,100,3.2,27.5,0.1
49.585491,1,AUTO,ARMED,5,AVAILABLE,UNAVAILABLE,UNAVAILABLE,97,4,ACTIVE,710,D_P1-A5.NC,D_P1-A5.NC,6,0.000668021,20,0.0005,1609633.146,468592,184.4,2124.0535,100,11.2,25,100,0,1,100,4700.0,3900,800,5.1,24.2,0.1,10,383.5717447,300,100,3.8,22.7,0.1,3,235.7873003,900,300,3.1,25.9,0.1,32,-296.1353974,400,100,3.2,27.5,0.1
49.730468,1,AUTO,ARMED,5,AVAILABLE,UNAVAILABLE,UNAVAILABLE,97,4,ACTIVE,710,D_P1-A5.NC,D_P1-A5.NC,6,0.000668021,20,0.0005,1609633.146,468592,184.4,2124.0535,100,0.0,25,100,0,1,100,4700.0,3900,800,5.1,24.2,0.1,10,383.6272754,300,100,3.8,22.7,0.1,3,235.7873003,900,300,3.1,25.9,0.1,32,-296.1353859,400,100,3.2,27.5,0.1
49.874593,1,AUTO,ARMED,5,AVAILABLE,UNAVAILABLE,UNAVAILABLE,97,4,ACTIVE,710,D_P1-A5.NC,D_P1-A5.NC,6,0.000668021,20,0.0005,1609633.146,468592,184.4,2124.0535,100,0.0,25,100,0,0,100,4700.0,3900,800,5.1,24.2,0.1,8,383.6279736,300,100,3.8,22.7,0.1,3,235.7873003,900,300,3.1,25.9,0.1,32,-296.1353974,400,100,3.2,27.5,0.1
50.025176,1,AUTO,ARMED,5,AVAILABLE,UNAVAILABLE,UNAVAILABLE,97,4,ACTIVE,710,D_P1-A5.NC,D_P1-A5.NC,6,0.000668021,20,0.0005,1609633.146,468592,184.4,2124.0535,100,0.0,25,100,0,0,100,4700.0,3900,800,5.1,24.2,0.1,6,383.6279278,300,100,3.8,22.7,0.1,3,235.7873003,900,300,3.1,25.9,0.1,32,-296.1354088,400,100,3.2,27.5,0.1
50.193601,1,AUTO,ARMED,5,AVAILABLE,UNAVAILABLE,UNAVAILABLE,97,4,ACTIVE,710,D_P1-A5.NC,D_P1-A5.NC,6,0.000668021,20,0.0005,1609633.146,468592,184.4,2124.0535,100,0.0,26,100,0,0,100,4700.0,3400,700,4.9,24.2,0.2,6,383.6279164,2000,500,3.7,22.7,0.2,3,235.7873003,1600,300,4.7,25.9,0.1,32,-296.1353974,400,100,3.3,27.5,0.1
50.33757,1,AUTO,ARMED,5,AVAILABLE,UNAVAILABLE,UNAVAILABLE,97,4,ACTIVE,710,D_P1-A5.NC,D_P1-A5.NC,6,0.000668021,20,0.0005,1609633.146,468592,184.4,2124.0535,100,0.0,26,100,0,0,100,4700.0,3400,700,4.9,24.2,0.2,6,383.6279164,2000,500,3.7,22.7,0.2,3,235.7873003,1600,300,4.7,25.9,0.1,32,-296.1354088,400,100,3.3,27.5,0.1
50.488384,1,AUTO,ARMED,5,AVAILABLE,UNAVAILABLE,UNAVAILABLE,97,4,ACTIVE,710,D_P1-A5.NC,D_P1-A5.NC,6,0.000668021,20,0.0005,1609633.146,468592,184.4,2124.0535,100,0.0,26,100,0,0,100,4700.0,3400,700,4.9,24.2,0.2,6,383.6278935,2000,500,3.7,22.7,0.2,3,235.7873003,1600,300,4.7,25.9,0.1,32,-296.1353974,400,100,3.3,27.5,0.1
50.647394,1,AUTO,ARMED,5,AVAILABLE,UNAVAILABLE,UNAVAILABLE,98,4,ACTIVE,710,D_P1-A5.NC,D_P1-A5.NC,6,0.000668021,20,0.0005,1609633.146,468592,184.4,3299.4751,100,0.0,26,100,0,3,100,4700.0,3400,700,4.9,24.2,0.2,6,383.6184328,2000,500,3.7,22.7,0.2,3,236.8657813,1600,300,4.7,25.9,0.1,32,-296.1354088,400,100,3.3,27.5,0.1
50.821209,1,AUTO,ARMED,5,AVAILABLE,UNAVAILABLE,UNAVAILABLE,99,4,ACTIVE,710,D_P1-A5.NC,D_P1-A5.NC,6,0.000668021,20,0.0005,1609633.146,468592,184.4,3299.4751,100,23.96667,26,100,0,2,100,4700.0,3400,700,4.9,24.2,0.2,9,381.5868977,2000,500,3.7,22.7,0.2,5,237.0566555,1600,300,4.7,25.9,0.1,32,-296.1353974,400,100,3.3,27.5,0.1
50.986596,1,AUTO,ARMED,5,AVAILABLE,UNAVAILABLE,UNAVAILABLE,99,4,ACTIVE,710,D_P1-A5.NC,D_P1-A5.NC,6,0.000668021,20,0.0005,1609633.146,468592,184.4,3299.4751,100,24.68333,26,100,0,2,100,4700.0,3400,700,4.9,24.2,0.2,9,378.9718727,2000,500,3.7,22.7,0.2,5,237.0574108,1600,300,4.7,25.9,0.1,32,-296.1354088,400,100,3.3,27.5,0.1
51.131579,1,AUTO,ARMED,5,AVAILABLE,UNAVAILABLE,UNAVAILABLE,99,4,ACTIVE,710,D_P1-A5.NC,D_P1-A5.NC,6,0.000668021,20,0.0005,1609633.146,468592,184.4,3299.4751,100,25.4,27,100,0,0,100,4700.0,3400,700,4.9,24.2,0.2,9,376.35559,2000,500,3.7,22.7,0.2,4,237.0573764,1600,300,4.7,25.9,0.1,32,-296.1353974,400,100,3.3,27.5,0.1
51.27828,1,AUTO,ARMED,5,AVAILABLE,UNAVAILABLE,UNAVAILABLE,99,4,ACTIVE,710,D_P1-A5.NC,D_P1-A5.NC,6,0.000668021,20,0.0005,1609633.146,468592,184.4,3299.4751,100,25.4,27,100,0,3,100,4700.0,3400,700,4.9,24.2,0.2,10,368.493421,2000,500,3.7,22.7,0.2,4,237.0571476,1600,300,4.7,25.9,0.1,32,-296.1354432,400,100,3.3,27.5,0.1
51.424604,1,AUTO,ARMED,5,AVAILABLE,UNAVAILABLE,UNAVAILABLE,99,4,ACTIVE,710,D_P1-A5.NC,D_P1-A5.NC,6,0.000668021,20,0.0005,1609633.146,468592,184.4,3299.4751,100,25.4,27,100,0,0,100,4700.0,3400,700,4.9,24.2,0.2,4,365.8714276,2000,500,3.7,22.7,0.2,5,237.0570331,1600,300,4.7,25.9,0.1,32,-296.1354203,400,100,3.3,27.5,0.1
51.576225,1,AUTO,ARMED,5,AVAILABLE,UNAVAILABLE,UNAVAILABLE,99,4,ACTIVE,710,D_P1-A5.NC,D_P1-A5.NC,6,0.001168144,20,0.0005,1609633.146,468592,184.4,3299.4751,100,25.4,27,100,0,0,100,4700.0,3400,700,4.9,24.2,0.2,4,363.2619771,2000,500,3.7,22.7,0.2,5,237.0572277,1600,300,4.7,25.9,0.1,32,-296.1353859,400,100,3.3,27.5,0.1
51.722589,1,AUTO,ARMED,5,AVAILABLE,UNAVAILABLE,UNAVAILABLE,99,4,ACTIVE,710,D_P1-A5.NC,D_P1-A5.NC,6,0.000668021,20,0.0005,1609633.146,468592,184.4,3299.4751,100,25.4,27,100,0,2,100,4700.0,25600,6400,4.0,24.2,1.3,4,359.3373299,6100,900,6.8,22.7,0.5,7,237.0572162,7600,1400,5.6,25.9,0.6,32,-296.1353974,7600,1200,6.2,27.5,0.4
51.874093,1,AUTO,ARMED,5,AVAILABLE,UNAVAILABLE,UNAVAILABLE,99,4,ACTIVE,710,D_P1-A5.NC,D_P1-A5.NC,6,0.002668514,20,0.001,1609633.146,468592,184.4,2363.8804,100,25.4,27,100,0,2,100,4700.0,25600,6400,4.0,24.2,1.3,4,356.7087906,6100,900,6.8,22.7,0.5,7,237.057468,7600,1400,5.6,25.9,0.6,32,-296.1353287,7600,1200,6.2,27.5,0.4
52.026735,1,AUTO,ARMED,5,AVAILABLE,UNAVAILABLE,UNAVAILABLE,99,4,ACTIVE,710,D_P1-A5.NC,D_P1-A5.NC,6,-0.000332225,20,0.0005,1609633.146,468592,184.4,2363.8804,100,25.48333,27,100,0,0,100,4700.0,25600,6400,4.0,24.2,1.3,6,354.0924018,6100,900,6.8,22.7,0.5,8,237.0573192,7600,1400,5.6,25.9,0.6,33,-296.1354203,7600,1200,6.2,27.5,0.4
52.16805,1,AUTO,ARMED,5,AVAILABLE,UNAVAILABLE,UNAVAILABLE,99,4,ACTIVE,710,D_P1-A5.NC,D_P1-A5.NC,6,0.00366876,20,0.001,1609633.146,468592,184.4,2363.8804,100,25.48333,28,100,0,0,100,4700.0,25600,6400,4.0,24.2,1.3,6,348.8589178,6100,900,6.8,22.7,0.5,8,237.0570675,7600,1400,5.6,25.9,0.6,33,-296.1354432,7600,1200,6.2,27.5,0.4
52.320236,1,AUTO,ARMED,5,AVAILABLE,UNAVAILABLE,UNAVAILABLE,99,4,ACTIVE,710,D_P1-A5.NC,D_P1-A5.NC,6,0.00516913,20,0.0015,1609633.146,468592,184.4,2363.8804,100,25.4,28,100,0,3,100,4700.0,25600,6400,4.0,24.2,1.3,0,343.6270245,6100,900,6.8,22.7,0.5,7,237.0573421,7600,1400,5.6,25.9,0.6,32,-296.1353287,7600,1200,6.2,27.5,0.4
52.46682,1,AUTO,ARMED,5,AVAILABLE,UNAVAILABLE,UNAVAILABLE,99,4,ACTIVE,710,D_P1-A5.NC,D_P1-A5.NC,6,0.003168637,20,0.0005,1609633.146,468592,184.4,2363.8804,100,25.4,28,100,0,3,100,4700.0,25600,6400,4.0,24.2,1.3,0,341.0117645,6100,900,6.8,22.7,0.5,7,237.0574909,7600,1400,5.6,25.9,0.6,32,-296.1355118,7600,1200,6.2,27.5,0.4
52.632425,1,AUTO,ARMED,5,AVAILABLE,UNAVAILABLE,UNAVAILABLE,99,4,ACTIVE,710,D_P1-A5.NC,D_P1-A5.NC,6,0.006669499,20,0.0015,1609633.146,468592,184.4,2363.8804,100,25.4,28,100,0,5,100,4700.0,25600,6400,4.0,24.2,1.3,3,335.7670999,6100,900,6.8,22.7,0.5,6,237.057468,7600,1400,5.6,25.9,0.6,34,-296.1354203,7600,1200,6.2,27.5,0.4
52.771922,1,AUTO,ARMED,5,AVAILABLE,UNAVAILABLE,UNAVAILABLE,99,4,ACTIVE,710,D_P1-A5.NC,D_P1-A5.NC,6,0.000668021,20,0.0005,1609633.146,468592,184.4,2363.8804,100,25.4,28,100,0,0,100,4700.0,25600,6400,4.0,24.2,1.3,3,330.5274591,6100,900,6.8,22.7,0.5,5,237.0575595,7600,1400,5.6,25.9,0.6,32,-296.1353631,7600,1200,6.2,27.5,0.4
52.910872,1,AUTO,ARMED,5,AVAILABLE,UNAVAILABLE,UNAVAILABLE,99,4,ACTIVE,710,D_P1-A5.NC,D_P1-A5.NC,6,0.000668021,20,0.0005,1609633.146,468592,184.4,2363.8804,100,25.4,28,100,0,0,100,4700.0,25600,6400,4.0,24.2,1.3,9,327.9176148,6100,900,6.8,22.7,0.5,2,237.0574222,7600,1400,5.6,25.9,0.6,31,-296.1353859,7600,1200,6.2,27.5,0.4
53.076908,1,AUTO,ARMED,5,AVAILABLE,UNAVAILABLE,UNAVAILABLE,99,4,ACTIVE,710,D_P1-A5.NC,D_P1-A5.NC,6,0.000668021,20,0.0005,1609633.146,468592,184.4,2363.8804,100,25.4,28,100,0,0,100,4700.0,25600,6400,4.0,24.2,1.3,9,325.3012837,6100,900,6.8,22.7,0.5,2,237.0573536,7600,1400,5.6,25.9,0.6,31,-296.1354088,7600,1200,6.2,27.5,0.4
53.239505,1,AUTO,ARMED,5,AVAILABLE,UNAVAILABLE,UNAVAILABLE,99,4,ACTIVE,710,D_P1-A5.NC,D_P1-A5.NC,6,0.000668021,20,0.0005,1609633.146,468592,184.4,2106.0195,100,25.4,29,100,0,3,100,4700.0,25600,6400,4.0,24.2,1.3,9,322.6725925,6100,900,6.8,22.7,0.5,1,237.0573078,7600,1400,5.6,25.9,0.6,31,-296.1353974,7600,1200,6.2,27.5,0.4
53.38035,1,AUTO,ARMED,5,AVAILABLE,UNAVAILABLE,UNAVAILABLE,99,4,ACTIVE,710,D_P1-A5.NC,D_P1-A5.NC,6,0.000668021,20,0.0005,1609633.146,468592,184.4,2106.0195,100,12.71667,29,100,0,2,100,4700.0,25600,6400,4.0,24.2,1.3,2,318.6038709,6100,900,6.8,22.7,0.5,1,237.0572963,7600,1400,5.6,25.9,0.6,31,-296.1353974,7600,1200,6.2,27.5,0.4
53.530179,1,AUTO,ARMED,5,AVAILABLE,UNAVAILABLE,UNAVAILABLE,100,4,ACTIVE,710,D_P1-A5.NC,D_P1-A5.NC,6,0.000668021,20,0.0005,1609633.146,468592,184.4,2106.0195,100,0.0,29,100,0,2,100,4700.0,3400,700,4.9,24.2,0.1,2,318.6038137,200,0,3.8,22.7,0.0,1,237.0572849,1900,400,4.6,25.9,0.1,31,-296.1353974,400,100,3.6,27.5,0.1
53.678444,1,AUTO,ARMED,5,AVAILABLE,UNAVAILABLE,UNAVAILABLE,100,4,ACTIVE,710,D_P1-A5.NC,D_P1-A5.NC,6,0.000668021,20,0.0005,1609633.146,468592,184.4,2106.0195,100,0.0,29,100,0,1,100,4700.0,3400,700,4.9,24.2,0.1,6,318.6038366,200,0,3.8,22.7,0.0,1,237.0572963,1900,400,4.6,25.9,0.1,31,-296.1353974,400,100,3.6,27.5,0.1
53.827662,1,AUTO,ARMED,5,AVAILABLE,UNAVAILABLE,UNAVAILABLE,100,4,ACTIVE,710,D_P1-A5.NC,D_P1-A5.NC,6,0.000668021,20,0.0005,1609633.146,468592,184.4,2106.0195,100,0.0,29,100,0,1,100,4700.0,3400,700,4.9,24.2,0.1,6,318.6038938,200,0,3.8,22.7,0.0,1,237.0573078,1900,400,4.6,25.9,0.1,31,-296.1354088,400,100,3.6,27.5,0.1
53.975249,1,AUTO,ARMED,5,AVAILABLE,UNAVAILABLE,UNAVAILABLE,100,4,ACTIVE,710,D_P1-A5.NC,D_P1-A5.NC,6,0.000668021,20,0.0005,1609633.146,468592,184.4,2103.3328,100,0.0,29,100,0,1,100,4700.0,3400,700,4.9,24.2,0.1,6,318.6038938,200,0,3.8,22.7,0.0,1,237.0572849,1900,400,4.6,25.9,0.1,31,-296.1353974,400,100,3.6,27.5,0.1
54.1291,1,AUTO,ARMED,5,AVAILABLE,UNAVAILABLE,UNAVAILABLE,100,4,ACTIVE,710,D_P1-A5.NC,D_P1-A5.NC,6,0.000668021,20,0.0005,1609633.146,468592,184.4,2103.3328,100,0.0,29,100,0,0,100,4700.0,3400,700,4.9,24.2,0.1,6,318.6038938,200,0,3.8,22.7,0.0,1,237.0573078,1900,400,4.6,25.9,0.1,31,-296.1353974,400,100,3.6,27.5,0.1
54.271372,1,AUTO,ARMED,5,AVAILABLE,UNAVAILABLE,UNAVAILABLE,100,4,ACTIVE,710,D_P1-A5.NC,D_P1-A5.NC,6,0.000668021,20,0.0005,1609633.146,468592,184.4,2103.3328,100,0.0,30,100,0,2,100,4700.0,3400,700,4.9,24.2,0.1,6,318.6039052,200,0,3.8,22.7,0.0,1,237.0573078,1900,400,4.6,25.9,0.1,31,-296.1353974,400,100,3.6,27.5,0.1
54.417616,1,AUTO,ARMED,5,AVAILABLE,UNAVAILABLE,UNAVAILABLE,100,4,ACTIVE,710,D_P1-A5.NC,D_P1-A5.NC,6,0.000668021,20,0.0005,1609633.146,468592,184.4,2103.3328,100,0.0,30,100,0,2,100,4700.0,3400,700,4.9,24.2,0.1,6,318.6039052,200,0,3.8,22.7,0.0,1,237.9184331,1900,400,4.6,25.9,0.1,31,-296.1354088,400,100,3.6,27.5,0.1
54.574281,1,AUTO,ARMED,5,AVAILABLE,UNAVAILABLE,UNAVAILABLE,103,4,ACTIVE,710,D_P1-A5.NC,D_P1-A5.NC,6,0.000668021,20,0.0005,1609633.146,468592,184.4,2103.3328,100,0.0,30,100,0,0,100,4700.0,3400,700,4.9,24.2,0.1,6,318.6038938,200,0,3.8,22.7,0.0,27,238.3258046,1900,400,4.6,25.9,0.1,31,-296.1353859,400,100,3.6,27.5,0.1
54.746604,1,AUTO,ARMED,5,AVAILABLE,UNAVAILABLE,UNAVAILABLE,104,4,ACTIVE,710,D_P1-A5.NC,D_P1-A5.NC,6,0.000668021,20,0.0005,1609633.146,468592,184.4,2103.3328,100,0.0,30,100,0,3,100,4700.0,3400,700,4.9,24.2,0.1,6,318.6038938,200,0,3.8,22.7,0.0,5,238.3273839,1900,400,4.6,25.9,0.1,32,-296.1353859,400,100,3.6,27.5,0.1
54.88833,1,AUTO,ARMED,5,AVAILABLE,UNAVAILABLE,UNAVAILABLE,104,4,ACTIVE,710,D_P1-A5.NC,D_P1-A5.NC,6,0.000668021,20,0.0005,1609633.146,468592,184.4,2103.3328,100,0.0,30,100,0,3,100,4700.0,3400,700,4.9,24.2,0.1,5,318.6038938,200,0,3.8,22.7,0.0,4,238.3273495,1900,400,4.6,25.9,0.1,32,-296.1353974,400,100,3.6,27.5,0.1
55.0311,1,AUTO,ARMED,5,AVAILABLE,UNAVAILABLE,UNAVAILABLE,104,4,ACTIVE,710,D_P1-A5.NC,D_P1-A5.NC,6,0.000668021,20,0.0005,1609633.146,468592,184.4,3002.0139,100,0.0,30,100,0,3,100,4700.0,7400,1100,6.6,24.2,0.2,5,318.6038938,2200,900,2.6,22.7,0.4,4,238.3273267,2800,800,3.7,25.9,0.3,32,-296.1354088,1800,500,4.0,27.5,0.4
55.177379,1,AUTO,ARMED,5,AVAILABLE,UNAVAILABLE,UNAVAILABLE,104,4,ACTIVE,710,D_P1-A5.NC,D_P1-A5.NC,6,0.000668021,20,0.0005,1609633.146,468592,184.4,3002.0139,100,0.0,31,100,0,1,100,4700.0,7400,1100,6.6,24.2,0.2,5,318.6039052,2200,900,2.6,22.7,0.4,3,238.3273152,2800,800,3.7,25.9,0.3,31,-296.1353974,1800,500,4.0,27.5,0.4
55.323746,1,AUTO,ARMED,5,AVAILABLE,UNAVAILABLE,UNAVAILABLE,104,4,ACTIVE,710,D_P1-A5.NC,D_P1-A5.NC,6,0.000668021,20,0.0005,1609633.146,468592,184.4,3002.0139,100,0.0,31,100,0,5,100,4700.0,7400,1100,6.6,24.2,0.2,5,318.6038938,2200,900,2.6,22.7,0.4,4,238.3273152,2800,800,3.7,25.9,0.3,31,-296.1353974,1800,500,4.0,27.5,0.4
55.468999,1,AUTO,ARMED,5,AVAILABLE,UNAVAILABLE,UNAVAILABLE,104,4,ACTIVE,710,D_P1-A5.NC,D_P1-A5.NC,6,0.000668021,20,0.0005,1609633.146,468592,184.4,3002.0139,100,0.0,31,100,0,0,100,4700.0,7400,1100,6.6,24.2,0.2,5,318.6039052,2200,900,2.6,22.7,0.4,3,238.3273038,2800,800,3.7,25.9,0.3,31,-296.1354203,1800,500,4.0,27.5,0.4
55.614205,1,AUTO,ARMED,5,AVAILABLE,UNAVAILABLE,UNAVAILABLE,105,4,ACTIVE,710,D_P1-A5.NC,D_P1-A5.NC,6,0.000668021,20,0.0005,1609633.146,468592,184.4,3002.0139,100,27.51667,31,100,0,0,100,4700.0,7400,1100,6.6,24.2,0.2,5,321.3694303,2200,900,2.6,22.7,0.4,3,238.3273038,2800,800,3.7,25.9,0.3,31,-296.1353974,1800,500,4.0,27.5,0.4
55.766414,1,AUTO,ARMED,5,AVAILABLE,UNAVAILABLE,UNAVAILABLE,105,4,ACTIVE,710,D_P1-A5.NC,D_P1-A5.NC,6,0.000668021,20,0.0005,1609633.146,468592,184.4,3002.0139,100,27.51667,31,100,0,0,100,4700.0,7400,1100,6.6,24.2,0.2,11,324.2033063,2200,900,2.6,22.7,0.4,3,238.3273038,2800,800,3.7,25.9,0.3,32,-296.1353974,1800,500,4.0,27.5,0.4
55.923577,1,AUTO,ARMED,5,AVAILABLE,UNAVAILABLE,UNAVAILABLE,105,4,ACTIVE,710,D_P1-A5.NC,D_P1-A5.NC,6,0.000668021,20,0.0005,1609633.146,468592,184.4,3002.0139,100,27.51667,31,100,0,0,100,4700.0,7400,1100,6.6,24.2,0.2,11,327.0513277,2200,900,2.6,22.7,0.4,3,238.3272923,2800,800,3.7,25.9,0.3,32,-296.1353974,1800,500,4.0,27.5,0.4
56.077015,1,AUTO,ARMED,5,AVAILABLE,UNAVAILABLE,UNAVAILABLE,105,4,ACTIVE,710,D_P1-A5.NC,D_P1-A5.NC,6,0.000668021,20,0.0005,1609633.146,468592,184.4,3170.688,100,27.51667,31,100,0,0,100,4700.0,7400,1100,6.6,24.2,0.2,15,332.7194227,2200,900,2.6,22.7,0.4,3,238.3272694,2800,800,3.7,25.9,0.3,31,-296.1354317,1800,500,4.0,27.5,0.4
56.220425,1,AUTO,ARMED,5,AVAILABLE,UNAVAILABLE,UNAVAILABLE,105,4,ACTIVE,710,D_P1-A5.NC,D_P1-A5.NC,6,0.000668021,20,0.0005,1609633.146,468592,184.4,3170.688,100,27.51667,32,100,0,1,100,4700.0,7400,1100,6.6,24.2,0.2,20,338.3947479,2200,900,2.6,22.7,0.4,4,238.3272923,2800,800,3.7,25.9,0.3,33,-296.1354203,1800,500,4.0,27.5,0.4
56.371346,1,AUTO,ARMED,5,AVAILABLE,UNAVAILABLE,UNAVAILABLE,105,4,ACTIVE,710,D_P1-A5.NC,D_P1-A5.NC,6,0.000668021,20,0.0005,1609633.146,468592,184.4,3170.688,100,27.51667,32,100,0,3,100,4700.0,7400,1100,6.6,24.2,0.2,19,341.2223741,2200,900,2.6,22.7,0.4,3,238.3272809,2800,800,3.7,25.9,0.3,33,-296.1353974,1800,500,4.0,27.5,0.4
56.525241,1,AUTO,ARMED,5,AVAILABLE,UNAVAILABLE,UNAVAILABLE,105,4,ACTIVE,710,D_P1-A5.NC,D_P1-A5.NC,6,0.000668021,20,0.0005,1609633.146,468592,184.4,3170.688,100,27.51667,32,100,0,1,100,4700.0,7400,1100,6.6,24.2,0.2,20,346.8975734,2200,900,2.6,22.7,0.4,3,238.3273267,2800,800,3.7,25.9,0.3,33,-296.1353974,1800,500,4.0,27.5,0.4
56.720178,1,AUTO,ARMED,5,AVAILABLE,UNAVAILABLE,UNAVAILABLE,105,4,ACTIVE,710,D_P1-A5.NC,D_P1-A5.NC,6,0.000668021,20,0.0005,1609633.146,468592,184.4,3170.688,100,27.51667,32,100,0,1,100,4700.0,6800,1200,5.9,24.2,0.2,20,349.7320316,300,100,3.9,22.7,0.1,3,238.3273267,1200,400,2.8,25.9,0.1,33,-296.1353745,400,100,3.6,27.4,0.1
56.897367,1,AUTO,ARMED,5,AVAILABLE,UNAVAILABLE,UNAVAILABLE,105,4,ACTIVE,710,D_P1-A5.NC,D_P1-A5.NC,6,0.000668021,20,0.0005,1609633.146,468592,184.4,3170.688,100,27.51667,32,100,0,3,100,4700.0,6800,1200,5.9,24.2,0.2,17,355.4070364,300,100,3.9,22.7,0.1,3,238.3273038,1200,400,2.8,25.9,0.1,33,-296.1353974,400,100,3.6,27.4,0.1
57.065048,1,AUTO,ARMED,5,AVAILABLE,UNAVAILABLE,UNAVAILABLE,105,4,ACTIVE,710,D_P1-A5.NC,D_P1-A5.NC,6,0.000668021,20,0.0005,1609633.146,468592,184.4,3170.688,100,27.51667,32,100,0,1,100,4700.0,6800,1200,5.9,24.2,0.2,20,361.0756641,300,100,3.9,22.7,0.1,4,238.3272694,1200,400,2.8,25.9,0.1,32,-296.1353974,400,100,3.6,27.4,0.1
57.269064,1,AUTO,ARMED,5,AVAILABLE,UNAVAILABLE,UNAVAILABLE,105,4,ACTIVE,710,D_P1-A5.NC,D_P1-A5.NC,6,0.000668021,20,0.0005,1609633.146,468592,184.4,2139.1013,100,27.51667,33,100,0,1,100,4700.0,6800,1200,5.9,24.2,0.2,15,366.7510661,300,100,3.9,22.7,0.1,4,238.3273152,1200,400,2.8,25.9,0.1,32,-296.1353631,400,100,3.6,27.4,0.1
57.414336,1,AUTO,ARMED,5,AVAILABLE,UNAVAILABLE,UNAVAILABLE,105,4,ACTIVE,710,D_P1-A5.NC,D_P1-A5.NC,6,0.000668021,20,0.0005,1609633.146,468592,184.4,2139.1013,100,27.51667,33,100,0,1,100,4700.0,6800,1200,5.9,24.2,0.2,15,368.1680054,300,100,3.9,22.7,0.1,4,238.3273152,1200,400,2.8,25.9,0.1,32,-296.1353859,400,100,3.6,27.4,0.1
57.558779,1,AUTO,ARMED,5,AVAILABLE,UNAVAILABLE,UNAVAILABLE,105,4,ACTIVE,710,D_P1-A5.NC,D_P1-A5.NC,6,0.000668021,20,0.0005,1609633.146,468592,184.4,2139.1013,100,27.51667,33,100,0,2,100,4700.0,6800,1200,5.9,24.2,0.2,10,373.8434074,300,100,3.9,22.7,0.1,3,238.3273038,1200,400,2.8,25.9,0.1,32,-296.1353974,400,100,3.6,27.4,0.1
57.70963,1,AUTO,ARMED,5,AVAILABLE,UNAVAILABLE,UNAVAILABLE,105,4,ACTIVE,710,D_P1-A5.NC,D_P1-A5.NC,6,0.000668021,20,0.0005,1609633.146,468592,184.4,2139.1013,100,27.51667,33,100,0,0,100,4700.0,6800,1200,5.9,24.2,0.2,9,376.6775493,300,100,3.9,22.7,0.1,3,238.3273038,1200,400,2.8,25.9,0.1,32,-296.1353859,400,100,3.6,27.4,0.1
57.894635,1,AUTO,ARMED,5,AVAILABLE,UNAVAILABLE,UNAVAILABLE,105,4,ACTIVE,710,D_P1-A5.NC,D_P1-A5.NC,6,0.000668021,20,0.0005,1609633.146,468592,184.4,2139.1013,100,27.51667,33,100,0,4,100,4700.0,6800,1200,5.9,24.2,0.2,9,382.3529306,300,100,3.9,22.7,0.1,3,238.3273038,1200,400,2.8,25.9,0.1,32,-296.1354088,400,100,3.6,27.4,0.1
58.047243,1,AUTO,ARMED,5,AVAILABLE,UNAVAILABLE,UNAVAILABLE,105,4,ACTIVE,710,D_P1-A5.NC,D_P1-A5.NC,6,0.000668021,20,0.0005,1609633.146,468592,184.4,2139.1013,100,13.76667,33,100,0,0,100,4700.0,6800,1200,5.9,24.2,0.2,8,383.6279278,300,100,3.9,22.7,0.1,3,238.3273038,1200,400,2.8,25.9,0.1,32,-296.1353974,400,100,3.6,27.4,0.1
58.19467,1,AUTO,ARMED,5,AVAILABLE,UNAVAILABLE,UNAVAILABLE,106,4,ACTIVE,710,D_P1-A5.NC,D_P1-A5.NC,6,0.000668021,20,0.0005,1609633.146,468592,184.4,2139.1013,100,0.0,34,100,0,0,100,4700.0,6800,1200,5.9,24.2,0.2,8,383.6279621,300,100,3.9,22.7,0.1,3,238.3272923,1200,400,2.8,25.9,0.1,32,-296.1354088,400,100,3.6,27.4,0.1
58.360581,1,AUTO,ARMED,5,AVAILABLE,UNAVAILABLE,UNAVAILABLE,106,4,ACTIVE,710,D_P1-A5.NC,D_P1-A5.NC,6,0.000668021,20,0.0005,1609633.146,468592,184.4,2137.6113,100,0.0,34,100,0,1,100,4700.0,6800,1200,5.9,24.2,0.2,7,383.6279393,300,100,3.9,22.7,0.1,3,238.3273152,1200,400,2.8,25.9,0.1,32,-296.1353974,400,100,3.6,27.4,0.1
58.50253,1,AUTO,ARMED,5,AVAILABLE,UNAVAILABLE,UNAVAILABLE,106,4,ACTIVE,710,D_P1-A5.NC,D_P1-A5.NC,6,0.000668021,20,0.0005,1609633.146,468592,184.4,2137.6113,100,0.0,34,100,0,0,100,4700.0,3300,700,4.8,24.2,0.2,6,383.6279049,2500,700,3.3,22.7,0.3,3,238.3273038,3900,800,4.7,25.9,0.2,32,-296.1353974,400,100,3.6,27.4,0.1
58.655138,1,AUTO,ARMED,5,AVAILABLE,UNAVAILABLE,UNAVAILABLE,106,4,ACTIVE,710,D_P1-A5.NC,D_P1-A5.NC,6,0.000668021,20,0.0005,1609633.146,468592,184.4,2137.6113,100,0.0,34,100,0,2,100,4700.0,3300,700,4.8,24.2,0.2,6,383.6278935,2500,700,3.3,22.7,0.3,3,238.3273038,3900,800,4.7,25.9,0.2,32,-296.1353974,400,100,3.6,27.4,0.1
58.797094,1,AUTO,ARMED,5,AVAILABLE,UNAVAILABLE,UNAVAILABLE,106,4,ACTIVE,710,D_P1-A5.NC,D_P1-A5.NC,6,0.000668021,20,0.0005,1609633.146,468592,184.4,2137.6113,100,0.0,34,100,0,2,100,4700.0,3300,700,4.8,24.2,0.2,6,383.6278935,2500,700,3.3,22.7,0.3,3,238.3273038,3900,800,4.7,25.9,0.2,32,-296.1353859,400,100,3.6,27.4,0.1
58.9377,1,AUTO,ARMED,5,AVAILABLE,UNAVAILABLE,UNAVAILABLE,106,4,ACTIVE,710,D_P1-A5.NC,D_P1-A5.NC,6,0.000668021,20,0.0005,1609633.146,468592,184.4,2137.6113,100,0.0,34,100,0,1,100,4700.0,3300,700,4.8,24.2,0.2,6,383.6278935,2500,700,3.3,22.7,0.3,3,238.4253558,3900,800,4.7,25.9,0.2,32,-296.1353859,400,100,3.6,27.4,0.1
59.099349,1,AUTO,ARMED,5,AVAILABLE,UNAVAILABLE,UNAVAILABLE,108,4,ACTIVE,710,D_P1-A5.NC,D_P1-A5.NC,6,0.000668021,20,0.0005,1609633.146,468592,184.4,2137.6113,100,0.0,34,100,0,1,100,4700.0,3300,700,4.8,24.2,0.2,6,382.9209932,2500,700,3.3,22.7,0.3,3,239.5939009,3900,800,4.7,25.9,0.2,32,-296.1353974,400,100,3.6,27.4,0.1
59.241652,1,AUTO,ARMED,5,AVAILABLE,UNAVAILABLE,UNAVAILABLE,108,4,ACTIVE,710,D_P1-A5.NC,D_P1-A5.NC,6,0.000668021,20,0.0005,1609633.146,468592,184.4,2137.6113,100,27.51667,35,100,0,0,100,4700.0,3300,700,4.8,24.2,0.2,18,380.1078195,2500,700,3.3,22.7,0.3,4,239.5973341,3900,800,4.7,25.9,0.2,32,-296.1353974,400,100,3.6,27.4,0.1
59.386158,1,AUTO,ARMED,5,AVAILABLE,UNAVAILABLE,UNAVAILABLE,108,4,ACTIVE,710,D_P1-A5.NC,D_P1-A5.NC,6,0.000668021,20,0.0005,1609633.146,468592,184.4,-6457.2617,100,27.51667,35,100,0,4,100,4700.0,3300,700,4.8,24.2,0.2,10,375.84256,2500,700,3.3,22.7,0.3,5,239.5973799,3900,800,4.7,25.9,0.2,32,-296.1354088,400,100,3.6,27.4,0.1
59.536474,1,AUTO,ARMED,5,AVAILABLE,UNAVAILABLE,UNAVAILABLE,108,4,ACTIVE,710,D_P1-A5.NC,D_P1-A5.NC,6,0.000668021,20,0.0005,1609633.146,468592,184.4,-6457.2617,100,27.51667,35,100,0,4,100,4700.0,3300,700,4.8,24.2,0.2,10,373.0087239,2500,700,3.3,22.7,0.3,5,239.5973341,3900,800,4.7,25.9,0.2,32,-296.1354088,400,100,3.6,27.4,0.1
59.685431,1,AUTO,ARMED,5,AVAILABLE,UNAVAILABLE,UNAVAILABLE,108,4,ACTIVE,710,D_P1-A5.NC,D_P1-A5.NC,6,0.001168144,20,0.0005,1609633.146,468592,184.4,-6457.2617,100,27.51667,35,100,0,0,100,4700.0,3300,700,4.8,24.2,0.2,9,367.332297,2500,700,3.3,22.7,0.3,4,239.5969107,3900,800,4.7,25.9,0.2,32,-296.1354317,400,100,3.6,27.4,0.1
59.852212,1,AUTO,ARMED,5,AVAILABLE,UNAVAILABLE,UNAVAILABLE,108,4,ACTIVE,710,D_P1-A5.NC,D_P1-A5.NC,6,0.001168144,20,0.001,1609633.146,468592,184.4,-6457.2617,100,27.51667,35,100,0,2,100,4700.0,9000,3000,3.0,24.2,0.1,3,364.4990217,200,0,4.1,22.7,0.0,7,239.5970137,500,100,6.0,25.9,0.0,32,-296.1353974,500,100,6.2,27.4,0.1
60.04257,0,MANUAL,TRIGGERED,1,AVAILABLE,UNAVAILABLE,UNAVAILABLE,108,4,PROGRAM_STOPPED,710,D_P1-A5.NC,D_P1-A5.NC,6,-0.000332225,20,0.0005,1609633.146,468592,184.4,-6457.2617,100,27.51667,35,100,0,17,100,4700.0,9000,3000,3.0,24.2,0.1,48,359.4831399,200,0,4.1,22.7,0.0,8,239.5979978,500,100,6.0,25.9,0.0,32,-296.1353287,500,100,6.2,27.4,0.1
60.186714,0,MANUAL,TRIGGERED,1,AVAILABLE,UNAVAILABLE,UNAVAILABLE,108,4,PROGRAM_STOPPED,710,D_P1-A5.NC,D_P1-A5.NC,6,0.000668021,20,0.0005,1609633.146,468592,184.4,-6457.2617,100,18.35,35,100,0,19,100,4193.889252,9000,3000,3.0,24.2,0.1,48,359.4811258,200,0,4.1,22.7,0.0,8,239.5925276,500,100,6.0,25.9,0.0,32,-296.1352715,500,100,6.2,27.4,0.1
60.328839,0,MANUAL,TRIGGERED,1,AVAILABLE,UNAVAILABLE,UNAVAILABLE,108,4,PROGRAM_STOPPED,710,D_P1-A5.NC,D_P1-A5.NC,6,0.000668021,20,0.0005,1609633.146,468592,184.4,-6457.2617,100,0.0,35,100,0,23,100,3580.923452,9000,3000,3.0,24.2,0.1,48,359.4811944,200,0,4.1,22.7,0.0,8,239.5925963,500,100,6.0,25.9,0.0,32,-296.1363242,500,100,6.2,27.4,0.1
60.485093,0,MANUAL,TRIGGERED,1,AVAILABLE,UNAVAILABLE,UNAVAILABLE,108,4,PROGRAM_STOPPED,710,D_P1-A5.NC,D_P1-A5.NC,6,0.000668021,20,0.0005,1609633.146,468592,184.4,387.0125,100,0.0,35,100,0,23,100,3230.795214,9000,3000,3.0,24.2,0.1,48,359.4811372,200,0,4.1,22.7,0.0,8,239.5925619,500,100,6.0,25.9,0.0,32,-296.1363242,500,100,6.2,27.4,0.1
60.649197,0,MANUAL,TRIGGERED,1,AVAILABLE,UNAVAILABLE,UNAVAILABLE,108,4,PROGRAM_STOPPED,710,D_P1-A5.NC,D_P1-A5.NC,6,0.000668021,20,0.0005,1609633.146,468592,184.4,387.0125,100,0.0,35,100,0,29,100,2839.954838,9000,3000,3.0,24.2,0.1,48,359.4811486,200,0,4.1,22.7,0.0,8,239.5924933,500,100,6.0,25.9,0.0,32,-296.1363242,500,100,6.2,27.4,0.1
60.812665,0,MANUAL,TRIGGERED,1,AVAILABLE,UNAVAILABLE,UNAVAILABLE,108,4,PROGRAM_STOPPED,710,D_P1-A5.NC,D_P1-A5.NC,6,0.000668021,20,0.0005,1609633.146,468592,184.4,387.0125,100,0.0,35,100,0,42,100,1269.78651,9000,3000,3.0,24.2,0.1,48,359.4811601,200,0,4.1,22.7,0.0,8,239.5925047,500,100,6.0,25.9,0.0,32,-296.1363242,500,100,6.2,27.4,0.1
60.954719,0,MANUAL,TRIGGERED,1,AVAILABLE,UNAVAILABLE,UNAVAILABLE,108,4,PROGRAM_STOPPED,710,D_P1-A5.NC,D_P1-A5.NC,6,0.000668021,20,0.0005,1609633.146,468592,184.4,387.0125,100,0.0,35,100,0,42,100,585.0039734,9000,3000,3.0,24.2,0.1,48,359.4811601,200,0,4.1,22.7,0.0,8,239.5925047,500,100,6.0,25.9,0.0,32,-296.1363357,500,100,6.2,27.4,0.1
61.109217,0,MANUAL,TRIGGERED,1,AVAILABLE,UNAVAILABLE,UNAVAILABLE,108,4,PROGRAM_STOPPED,710,D_P1-A5.NC,D_P1-A5.NC,6,0.000668021,20,0.0005,1609633.146,468592,184.4,387.0125,100,0.0,35,100,0,42,100,0.0,9000,3000,3.0,24.2,0.1,48,359.4811601,200,0,4.1,22.7,0.0,8,239.5925047,500,100,6.0,25.9,0.0,32,-296.1363357,500,100,6.2,27.4,0.1
61.254012,0,MANUAL,TRIGGERED,1,AVAILABLE,UNAVAILABLE,UNAVAILABLE,108,4,PROGRAM_STOPPED,710,D_P1-A5.NC,D_P1-A5.NC,6,0.000668021,20,0.0005,1609633.146,468592,184.4,391.3062,100,0.0,35,100,0,42,100,0.0,200,100,3.5,24.2,0.0,48,359.4811486,200,0,4.0,22.7,0.0,8,239.5925047,200,0,3.7,25.9,0.0,32,-296.1363357,200,0,4.4,27.4,0.0
61.40461,0,MANUAL,TRIGGERED,1,AVAILABLE,UNAVAILABLE,UNAVAILABLE,108,4,PROGRAM_STOPPED,710,D_P1-A5.NC,D_P1-A5.NC,6,0.000668021,20,0.0005,1609633.146,468592,184.4,391.3062,100,0.0,35,100,0,0,100,0.0,200,100,3.5,24.2,0.0,48,359.4811601,200,0,4.0,22.7,0.0,8,239.5924933,200,0,3.7,25.9,0.0,32,-296.1363357,200,0,4.4,27.4,0.0
61.547729,0,MANUAL,TRIGGERED,1,AVAILABLE,UNAVAILABLE,UNAVAILABLE,108,4,PROGRAM_STOPPED,710,D_P1-A5.NC,D_P1-A5.NC,6,0.000668021,20,0.0005,1609633.146,468592,184.4,391.3062,100,0.0,35,100,0,0,100,0.0,200,100,3.5,24.2,0.0,48,359.4811601,200,0,4.0,22.7,0.0,8,239.5924933,200,0,3.7,25.9,0.0,32,-296.1363357,200,0,4.4,27.4,0.0
61.69747,0,MANUAL,TRIGGERED,1,AVAILABLE,UNAVAILABLE,UNAVAILABLE,108,4,PROGRAM_STOPPED,710,D_P1-A5.NC,D_P1-A5.NC,6,0.000668021,20,0.0005,1609633.146,468592,184.4,391.3062,100,0.0,35,100,0,0,100,0.0,200,100,3.5,24.2,0.0,48,359.4811601,200,0,4.0,22.7,0.0,8,239.5924933,200,0,3.7,25.9,0.0,32,-296.1363242,200,0,4.4,27.4,0.0
62.209229,0,MANUAL,TRIGGERED,1,AVAILABLE,UNAVAILABLE,UNAVAILABLE,108,4,PROGRAM_STOPPED,710,D_P1-A5.NC,D_P1-A5.NC,6,0.000668021,20,0.0005,1609633.146,468592,184.4,391.3062,100,0.0,35,100,0,0,100,0.0,200,100,3.5,24.2,0.0,48,359.4811601,200,0,4.0,22.7,0.0,8,239.5924818,200,0,3.7,25.9,0.0,32,-296.1363242,200,0,4.4,27.4,0.0
62.359421,0,MANUAL,TRIGGERED,1,AVAILABLE,UNAVAILABLE,UNAVAILABLE,108,4,PROGRAM_STOPPED,710,D_P1-A5.NC,D_P1-A5.NC,6,0.000668021,20,0.0005,1609633.146,468592,184.4,391.3062,100,0.0,35,100,0,0,100,0.0,200,100,3.5,24.2,0.0,48,359.4811601,200,0,4.0,22.7,0.0,8,239.5924818,200,0,3.7,25.9,0.0,32,-296.1363357,200,0,4.4,27.4,0.0
62.505057,0,MANUAL,TRIGGERED,1,AVAILABLE,UNAVAILABLE,UNAVAILABLE,108,4,PROGRAM_STOPPED,710,D_P1-A5.NC,D_P1-A5.NC,6,0.000668021,20,0.0005,1609633.146,468592,184.4,391.3062,100,0.0,35,100,0,0,100,0.0,200,100,3.5,24.2,0.0,48,359.4811601,200,0,4.0,22.7,0.0,8,239.5924818,200,0,3.7,25.9,0.0,32,-296.1363357,200,0,4.4,27.4,0.0
62.68351,0,MANUAL,TRIGGERED,1,AVAILABLE,UNAVAILABLE,UNAVAILABLE,108,4,PROGRAM_STOPPED,710,D_P1-A5.NC,D_P1-A5.NC,6,0.000668021,20,0.0005,1609633.146,468592,184.4,392.0674,100,0.0,35,100,0,0,100,0.0,200,100,3.5,24.2,0.0,48,359.4811601,200,0,4.0,22.7,0.0,8,239.5924818,200,0,3.7,25.9,0.0,32,-296.1363242,200,0,4.4,27.4,0.0
62.844139,0,MANUAL,TRIGGERED,1,AVAILABLE,UNAVAILABLE,UNAVAILABLE,108,4,PROGRAM_STOPPED,710,D_P1-A5.NC,D_P1-A5.NC,6,0.000668021,20,0.0005,1609633.146,468592,184.4,392.0674,100,0.0,35,100,0,0,100,0.0,200,100,3.5,24.2,0.0,48,359.4811601,200,0,4.0,22.7,0.0,8,239.5924818,200,0,3.7,25.9,0.0,32,-296.1363357,200,0,4.4,27.4,0.0
63.001732,0,MANUAL,TRIGGERED,1,AVAILABLE,UNAVAILABLE,UNAVAILABLE,108,4,PROGRAM_STOPPED,710,D_P1-A5.NC,D_P1-A5.NC,6,0.000668021,20,0.0005,1609633.146,468592,184.4,392.0674,100,0.0,35,100,0,0,100,0.0,200,100,3.5,24.2,0.0,48,359.4811601,200,0,4.0,22.7,0.0,8,239.5924818,200,0,3.7,25.9,0.0,32,-296.1363357,200,0,4.4,27.4,0.0
63.153982,0,MANUAL,TRIGGERED,1,AVAILABLE,UNAVAILABLE,UNAVAILABLE,108,4,PROGRAM_STOPPED,710,D_P1-A5.NC,D_P1-A5.NC,6,0.000668021,20,0.0005,1609633.146,468592,184.4,392.0674,100,0.0,35,100,0,0,100,0.0,200,100,3.5,24.2,0.0,48,359.4811601,200,0,4.0,22.7,0.0,8,239.5924818,200,0,3.7,25.9,0.0,32,-296.1363357,200,0,4.4,27.4,0.0
63.312779,0,MANUAL,TRIGGERED,1,AVAILABLE,UNAVAILABLE,UNAVAILABLE,108,4,PROGRAM_STOPPED,710,D_P1-A5.NC,D_P1-A5.NC,6,0.000668021,20,0.0005,1609633.146,468592,184.4,392.0674,100,0.0,35,100,0,0,100,0.0,300,100,3.7,24.2,0.0,48,359.4811601,200,0,4.3,22.7,0.0,8,239.5924818,200,0,3.6,25.9,0.0,32,-296.1363357,200,0,4.0,27.4,0.0
63.469186,0,MANUAL,TRIGGERED,1,AVAILABLE,UNAVAILABLE,UNAVAILABLE,108,4,PROGRAM_STOPPED,710,D_P1-A5.NC,D_P1-A5.NC,6,0.000668021,20,0.0005,1609633.146,468592,184.4,392.0674,100,0.0,35,100,0,0,100,0.0,300,100,3.7,24.2,0.0,48,359.4811601,200,0,4.3,22.7,0.0,8,239.5924818,200,0,3.6,25.9,0.0,32,-296.1363357,200,0,4.0,27.4,0.0
63.623623,0,MANUAL,TRIGGERED,1,AVAILABLE,UNAVAILABLE,UNAVAILABLE,108,4,PROGRAM_STOPPED,710,D_P1-A5.NC,D_P1-A5.NC,6,0.000668021,20,0.0005,1609633.146,468592,184.4,392.0674,100,0.0,35,100,0,0,100,0.0,300,100,3.7,24.2,0.0,48,359.4811486,200,0,4.3,22.7,0.0,8,239.5924818,200,0,3.6,25.9,0.0,32,-296.1363357,200,0,4.0,27.4,0.0
63.77635,0,MANUAL,TRIGGERED,1,AVAILABLE,UNAVAILABLE,UNAVAILABLE,108,4,PROGRAM_STOPPED,710,D_P1-A5.NC,D_P1-A5.NC,6,0.000668021,20,0.0005,1609633.146,468592,184.4,391.8267,100,0.0,35,100,0,0,100,0.0,300,100,3.7,24.2,0.0,48,359.4811486,200,0,4.3,22.7,0.0,8,239.5924818,200,0,3.6,25.9,0.0,32,-296.1363357,200,0,4.0,27.4,0.0
63.92065,0,MANUAL,TRIGGERED,1,AVAILABLE,UNAVAILABLE,UNAVAILABLE,108,4,PROGRAM_STOPPED,710,D_P1-A5.NC,D_P1-A5.NC,6,0.000668021,20,0.0005,1609633.146,468592,184.4,391.8267,100,0.0,35,100,0,0,100,0.0,300,100,3.7,24.2,0.0,48,359.4811601,200,0,4.3,22.7,0.0,8,239.5924818,200,0,3.6,25.9,0.0,32,-296.1363357,200,0,4.0,27.4,0.0
64.067551,0,MANUAL,TRIGGERED,1,AVAILABLE,UNAVAILABLE,UNAVAILABLE,108,4,PROGRAM_STOPPED,710,D_P1-A5.NC,D_P1-A5.NC,6,0.000668021,20,0.0005,1609633.146,468592,184.4,391.8267,100,0.0,35,100,0,0,100,0.0,300,100,3.7,24.2,0.0,48,359.4811601,200,0,4.3,22.7,0.0,8,239.5924818,200,0,3.6,25.9,0.0,32,-296.1363357,200,0,4.0,27.4,0.0
64.231734,0,MANUAL,TRIGGERED,1,AVAILABLE,UNAVAILABLE,UNAVAILABLE,108,4,PROGRAM_STOPPED,710,D_P1-A5.NC,D_P1-A5.NC,6,0.000668021,20,0.0005,1609633.146,468592,184.4,391.8267,100,0.0,35,100,0,0,100,0.0,300,100,3.7,24.2,0.0,48,359.4811601,200,0,4.3,22.7,0.0,8,239.5924818,200,0,3.6,25.9,0.0,32,-296.1363242,200,0,4.0,27.4,0.0
64.372291,0,MANUAL,TRIGGERED,1,AVAILABLE,UNAVAILABLE,UNAVAILABLE,108,4,PROGRAM_STOPPED,710,D_P1-A5.NC,D_P1-A5.NC,6,0.000668021,20,0.0005,1609633.146,468592,184.4,391.8267,100,0.0,35,100,0,0,100,0.0,300,100,3.7,24.2,0.0,48,359.4811601,200,0,4.3,22.7,0.0,8,239.5924818,200,0,3.6,25.9,0.0,32,-296.1363357,200,0,4.0,27.4,0.0
64.521104,0,MANUAL,TRIGGERED,1,AVAILABLE,UNAVAILABLE,UNAVAILABLE,108,4,PROGRAM_STOPPED,710,D_P1-A5.NC,D_P1-A5.NC,6,0.000668021,20,0.0005,1609633.146,468592,184.4,391.8267,100,0.0,35,100,0,0,100,0.0,300,100,3.7,24.2,0.0,48,359.4811486,200,0,4.3,22.7,0.0,8,239.5924818,200,0,3.6,25.9,0.0,32,-296.1363357,200,0,4.0,27.4,0.0
64.665605,0,MANUAL,TRIGGERED,1,AVAILABLE,UNAVAILABLE,UNAVAILABLE,108,4,PROGRAM_STOPPED,710,D_P1-A5.NC,D_P1-A5.NC,6,0.000668021,20,0.0005,1609633.146,468592,184.4,391.8267,100,0.0,35,100,0,0,100,0.0,300,100,3.7,24.2,0.0,48,359.4811601,200,0,4.3,22.7,0.0,8,239.5924818,200,0,3.6,25.9,0.0,32,-296.1363357,200,0,4.0,27.4,0.0
64.817043,0,MANUAL,TRIGGERED,1,AVAILABLE,UNAVAILABLE,UNAVAILABLE,108,4,PROGRAM_STOPPED,710,D_P1-A5.NC,D_P1-A5.NC,6,0.000668021,20,0.0005,1609633.146,468592,184.4,391.8267,100,0.0,35,100,0,0,100,0.0,300,100,3.7,24.2,0.0,48,359.4811486,200,0,4.3,22.7,0.0,8,239.5924818,200,0,3.6,25.9,0.0,32,-296.1363357,200,0,4.0,27.4,0.0
64.959449,0,MANUAL,TRIGGERED,1,AVAILABLE,UNAVAILABLE,UNAVAILABLE,108,4,PROGRAM_STOPPED,710,D_P1-A5.NC,D_P1-A5.NC,6,0.000668021,20,0.0005,1609633.146,468592,184.4,392.3276,100,0.0,35,100,0,0,100,0.0,300,100,3.7,24.2,0.0,48,359.4811486,100,0,3.6,22.7,0.0,8,239.5924704,200,0,4.1,25.9,0.0,32,-296.1363357,200,0,3.9,27.4,0.0
65.111853,0,MANUAL,TRIGGERED,1,AVAILABLE,UNAVAILABLE,UNAVAILABLE,108,4,PROGRAM_STOPPED,710,D_P1-A5.NC,D_P1-A5.NC,6,0.000668021,20,0.0005,1609633.146,468592,184.4,392.3276,100,0.0,35,100,0,0,100,0.0,300,100,3.7,24.2,0.0,48,359.4811601,100,0,3.6,22.7,0.0,8,239.5924818,200,0,4.1,25.9,0.0,32,-296.1363357,200,0,3.9,27.4,0.0
65.264617,0,MANUAL,TRIGGERED,1,AVAILABLE,UNAVAILABLE,UNAVAILABLE,108,4,PROGRAM_STOPPED,710,D_P1-A5.NC,D_P1-A5.NC,6,0.000668021,20,0.0005,1609633.146,468592,184.4,392.3276,100,0.0,35,100,0,0,100,0.0,300,100,3.7,24.2,0.0,48,359.4811601,100,0,3.6,22.7,0.0,8,239.5924818,200,0,4.1,25.9,0.0,32,-296.1363357,200,0,3.9,27.4,0.0
65.41937,0,MANUAL,TRIGGERED,1,AVAILABLE,UNAVAILABLE,UNAVAILABLE,108,4,PROGRAM_STOPPED,710,D_P1-A5.NC,D_P1-A5.NC,6,0.000668021,20,0.0005,1609633.146,468592,184.4,392.3276,100,0.0,35,100,0,0,100,0.0,300,100,3.7,24.2,0.0,48,359.4811601,100,0,3.6,22.7,0.0,8,239.5924704,200,0,4.1,25.9,0.0,32,-296.1363242,200,0,3.9,27.4,0.0
65.569365,0,MANUAL,TRIGGERED,1,AVAILABLE,UNAVAILABLE,UNAVAILABLE,108,4,PROGRAM_STOPPED,710,D_P1-A5.NC,D_P1-A5.NC,6,0.000668021,20,0.0005,1609633.146,468592,184.4,392.3276,100,0.0,35,100,0,0,100,0.0,300,100,3.7,24.2,0.0,48,359.4811601,100,0,3.6,22.7,0.0,8,239.5924704,200,0,4.1,25.9,0.0,32,-296.1363357,200,0,3.9,27.4,0.0
65.721406,0,MANUAL,TRIGGERED,1,AVAILABLE,UNAVAILABLE,UNAVAILABLE,108,4,PROGRAM_STOPPED,710,D_P1-A5.NC,D_P1-A5.NC,6,0.000668021,20,0.0005,1609633.146,468592,184.4,392.3276,100,0.0,35,100,0,0,100,0.0,300,100,3.7,24.2,0.0,48,359.4811601,100,0,3.6,22.7,0.0,8,239.5924818,200,0,4.1,25.9,0.0,32,-296.1363357,200,0,3.9,27.4,0.0
65.865586,0,MANUAL,TRIGGERED,1,AVAILABLE,UNAVAILABLE,UNAVAILABLE,108,4,PROGRAM_STOPPED,710,D_P1-A5.NC,D_P1-A5.NC,6,0.000668021,20,0.0005,1609633.146,468592,184.4,392.3276,100,0.0,35,100,0,0,100,0.0,300,100,3.7,24.2,0.0,48,359.4811601,100,0,3.6,22.7,0.0,8,239.5924704,200,0,4.1,25.9,0.0,32,-296.1363357,200,0,3.9,27.4,0.0
66.01865,0,MANUAL,TRIGGERED,1,AVAILABLE,UNAVAILABLE,UNAVAILABLE,108,4,PROGRAM_STOPPED,710,D_P1-A5.NC,D_P1-A5.NC,6,0.000668021,20,0.0005,1609633.146,468592,184.4,391.4298,100,0.0,35,100,0,0,100,0.0,300,100,3.7,24.2,0.0,48,359.4811601,100,0,3.6,22.7,0.0,8,239.5924818,200,0,4.1,25.9,0.0,32,-296.1363471,200,0,3.9,27.4,0.0
66.165747,0,MANUAL,TRIGGERED,1,AVAILABLE,UNAVAILABLE,UNAVAILABLE,108,4,PROGRAM_STOPPED,710,D_P1-A5.NC,D_P1-A5.NC,6,0.000668021,20,0.0005,1609633.146,468592,184.4,391.4298,100,0.0,35,100,0,0,100,0.0,300,100,3.7,24.2,0.0,48,359.4811486,100,0,3.6,22.7,0.0,8,239.5924704,200,0,4.1,25.9,0.0,32,-296.1363357,200,0,3.9,27.4,0.0
66.311704,0,MANUAL,TRIGGERED,1,AVAILABLE,UNAVAILABLE,UNAVAILABLE,108,4,PROGRAM_STOPPED,710,D_P1-A5.NC,D_P1-A5.NC,6,0.000668021,20,0.0005,1609633.146,468592,184.4,391.4298,100,0.0,35,100,0,0,100,0.0,300,100,3.7,24.2,0.0,48,359.4811486,100,0,3.6,22.7,0.0,8,239.5924704,200,0,4.1,25.9,0.0,32,-296.1363357,200,0,3.9,27.4,0.0
66.481526,0,MANUAL,TRIGGERED,1,AVAILABLE,UNAVAILABLE,UNAVAILABLE,108,4,PROGRAM_STOPPED,710,D_P1-A5.NC,D_P1-A5.NC,6,0.000668021,20,0.0005,1609633.146,468592,184.4,391.4298,100,0.0,35,100,0,0,100,0.0,300,100,3.7,24.2,0.0,48,359.4811601,100,0,3.6,22.7,0.0,8,239.5924818,200,0,4.1,25.9,0.0,32,-296.1363357,200,0,3.9,27.4,0.0
66.632423,0,MANUAL,TRIGGERED,1,AVAILABLE,UNAVAILABLE,UNAVAILABLE,108,4,PROGRAM_STOPPED,710,D_P1-A5.NC,D_P1-A5.NC,6,0.000668021,20,0.0005,1609633.146,468592,184.4,391.4298,100,0.0,35,100,0,0,100,0.0,300,100,3.7,24.2,0.0,48,359.4811601,100,0,3.6,22.7,0.0,8,239.5924704,200,0,4.1,25.9,0.0,32,-296.1363357,200,0,3.9,27.4,0.0
66.779689,0,MANUAL,TRIGGERED,1,AVAILABLE,UNAVAILABLE,UNAVAILABLE,108,4,PROGRAM_STOPPED,710,D_P1-A5.NC,D_P1-A5.NC,6,0.000668021,20,0.0005,1609633.146,468592,184.4,391.4298,100,0.0,35,100,0,0,100,0.0,300,100,3.5,24.2,0.0,48,359.4811486,200,0,4.0,22.7,0.0,8,239.5924704,200,0,3.9,25.9,0.0,32,-296.1363357,200,0,4.5,27.4,0.0
66.934671,0,MANUAL,TRIGGERED,1,AVAILABLE,UNAVAILABLE,UNAVAILABLE,108,4,PROGRAM_STOPPED,710,D_P1-A5.NC,D_P1-A5.NC,6,0.000668021,20,0.0005,1609633.146,468592,184.4,391.4298,100,0.0,35,100,0,0,100,0.0,300,100,3.5,24.2,0.0,48,359.4811601,200,0,4.0,22.7,0.0,8,239.5924704,200,0,3.9,25.9,0.0,32,-296.1363357,200,0,4.5,27.4,0.0
67.07836,0,MANUAL,TRIGGERED,1,AVAILABLE,UNAVAILABLE,UNAVAILABLE,108,4,PROGRAM_STOPPED,710,D_P1-A5.NC,D_P1-A5.NC,6,0.000668021,20,0.0005,1609633.146,468592,184.4,390.0506,100,0.0,35,100,0,0,100,0.0,300,100,3.5,24.2,0.0,48,359.4811601,200,0,4.0,22.7,0.0,8,239.5924704,200,0,3.9,25.9,0.0,32,-296.1363357,200,0,4.5,27.4,0.0
67.230441,0,MANUAL,TRIGGERED,1,AVAILABLE,UNAVAILABLE,UNAVAILABLE,108,4,PROGRAM_STOPPED,710,D_P1-A5.NC,D_P1-A5.NC,6,0.000668021,20,0.0005,1609633.146,468592,184.4,390.0506,100,0.0,35,100,0,0,100,0.0,300,100,3.5,24.2,0.0,48,359.4811486,200,0,4.0,22.7,0.0,8,239.5924704,200,0,3.9,25.9,0.0,32,-296.1363357,200,0,4.5,27.4,0.0
67.380577,0,MANUAL,TRIGGERED,1,AVAILABLE,UNAVAILABLE,UNAVAILABLE,108,4,PROGRAM_STOPPED,710,D_P1-A5.NC,D_P1-A5.NC,6,0.000668021,20,0.0005,1609633.146,468592,184.4,390.0506,100,0.0,35,100,0,0,100,0.0,300,100,3.5,24.2,0.0,48,359.4811601,200,0,4.0,22.7,0.0,8,239.5924704,200,0,3.9,25.9,0.0,32,-296.1363357,200,0,4.5,27.4,0.0
67.524544,0,MANUAL,TRIGGERED,1,AVAILABLE,UNAVAILABLE,UNAVAILABLE,108,4,PROGRAM_STOPPED,710,D_P1-A5.NC,D_P1-A5.NC,6,0.000668021,20,0.0005,1609633.146,468592,184.4,390.0506,100,0.0,35,100,0,0,100,0.0,300,100,3.5,24.2,0.0,48,359.4811601,200,0,4.0,22.7,0.0,8,239.5924818,200,0,3.9,25.9,0.0,32,-296.1363357,200,0,4.5,27.4,0.0
67.667467,0,MANUAL,TRIGGERED,1,AVAILABLE,UNAVAILABLE,UNAVAILABLE,108,4,PROGRAM_STOPPED,710,D_P1-A5.NC,D_P1-A5.NC,6,0.000668021,20,0.0005,1609633.146,468592,184.4,390.0506,100,0.0,35,100,0,0,100,0.0,300,100,3.5,24.2,0.0,48,359.4811601,200,0,4.0,22.7,0.0,8,239.5924704,200,0,3.9,25.9,0.0,32,-296.1363357,200,0,4.5,27.4,0.0
67.813272,0,MANUAL,TRIGGERED,1,AVAILABLE,UNAVAILABLE,UNAVAILABLE,108,4,PROGRAM_STOPPED,710,D_P1-A5.NC,D_P1-A5.NC,6,0.000668021,20,0.0005,1609633.146,468592,184.4,390.0506,100,0.0,35,100,0,0,100,0.0,300,100,3.5,24.2,0.0,48,359.4811601,200,0,4.0,22.7,0.0,8,239.5924704,200,0,3.9,25.9,0.0,32,-296.1363357,200,0,4.5,27.4,0.0
67.955599,0,MANUAL,TRIGGERED,1,AVAILABLE,UNAVAILABLE,UNAVAILABLE,108,4,PROGRAM_STOPPED,710,D_P1-A5.NC,D_P1-A5.NC,6,0.000668021,20,0.0005,1609633.146,468592,184.4,390.0506,100,0.0,35,100,0,0,100,0.0,300,100,3.5,24.2,0.0,48,359.4811601,200,0,4.0,22.7,0.0,8,239.5924704,200,0,3.9,25.9,0.0,32,-296.1363471,200,0,4.5,27.4,0.0
68.120792,0,MANUAL,TRIGGERED,1,AVAILABLE,UNAVAILABLE,UNAVAILABLE,108,4,PROGRAM_STOPPED,710,D_P1-A5.NC,D_P1-A5.NC,6,0.000668021,20,0.0005,1609633.146,468592,184.4,390.0506,100,0.0,35,100,0,0,100,0.0,300,100,3.5,24.2,0.0,48,359.4811601,200,0,4.0,22.7,0.0,8,239.5924704,200,0,3.9,25.9,0.0,32,-296.1363471,200,0,4.5,27.4,0.0
68.269398,0,MANUAL,TRIGGERED,1,AVAILABLE,UNAVAILABLE,UNAVAILABLE,108,4,PROGRAM_STOPPED,710,D_P1-A5.NC,D_P1-A5.NC,6,0.000668021,20,0.0005,1609633.146,468592,184.4,335.4286,100,0.0,35,100,0,0,100,0.0,300,100,3.5,24.2,0.0,48,359.4811601,200,0,4.0,22.7,0.0,8,239.5924704,200,0,3.9,25.9,0.0,32,-296.1363357,200,0,4.5,27.4,0.0
68.415519,0,MANUAL,TRIGGERED,1,AVAILABLE,UNAVAILABLE,UNAVAILABLE,108,4,PROGRAM_STOPPED,710,D_P1-A5.NC,D_P1-A5.NC,6,0.000668021,20,0.0005,1609633.146,468592,184.4,335.4286,100,0.0,35,100,0,0,100,0.0,200,0,4.0,24.2,0.0,48,359.4811486,200,0,3.9,22.7,0.0,8,239.5924589,100,0,3.4,25.9,0.0,32,-296.1363357,200,0,4.3,27.4,0.0
68.567298,0,MANUAL,TRIGGERED,1,AVAILABLE,UNAVAILABLE,UNAVAILABLE,108,4,PROGRAM_STOPPED,710,D_P1-A5.NC,D_P1-A5.NC,6,0.000668021,20,0.0005,1609633.146,468592,184.4,335.4286,100,0.0,35,100,0,0,100,0.0,200,0,4.0,24.2,0.0,48,359.4811486,200,0,3.9,22.7,0.0,8,239.5924704,100,0,3.4,25.9,0.0,32,-296.1363357,200,0,4.3,27.4,0.0
68.709102,0,MANUAL,TRIGGERED,1,AVAILABLE,UNAVAILABLE,UNAVAILABLE,108,4,PROGRAM_STOPPED,710,D_P1-A5.NC,D_P1-A5.NC,6,0.000668021,20,0.0005,1609633.146,468592,184.4,335.4286,100,0.0,35,100,0,0,100,0.0,200,0,4.0,24.2,0.0,48,359.4811486,200,0,3.9,22.7,0.0,8,239.5924704,100,0,3.4,25.9,0.0,32,-296.1363357,200,0,4.3,27.4,0.0
68.852602,0,MANUAL,TRIGGERED,1,AVAILABLE,UNAVAILABLE,UNAVAILABLE,108,4,PROGRAM_STOPPED,710,D_P1-A5.NC,D_P1-A5.NC,6,0.000668021,20,0.0005,1609633.146,468592,184.4,335.4286,100,0.0,35,100,0,0,100,0.0,200,0,4.0,24.2,0.0,48,359.4811486,200,0,3.9,22.7,0.0,8,239.5924589,100,0,3.4,25.9,0.0,32,-296.1363357,200,0,4.3,27.4,0.0
69.007215,0,MANUAL,TRIGGERED,1,AVAILABLE,UNAVAILABLE,UNAVAILABLE,108,4,PROGRAM_STOPPED,710,D_P1-A5.NC,D_P1-A5.NC,6,0.000668021,20,0.0005,1609633.146,468592,184.4,335.4286,100,0.0,35,100,0,0,100,0.0,200,0,4.0,24.2,0.0,48,359.4811486,200,0,3.9,22.7,0.0,8,239.5924589,100,0,3.4,25.9,0.0,32,-296.1363357,200,0,4.3,27.4,0.0
69.15112,0,MANUAL,TRIGGERED,1,AVAILABLE,UNAVAILABLE,UNAVAILABLE,108,4,PROGRAM_STOPPED,710,D_P1-A5.NC,D_P1-A5.NC,6,0.000668021,20,0.0005,1609633.146,468592,184.4,335.4286,100,0.0,35,100,0,0,100,0.0,200,0,4.0,24.2,0.0,48,359.4811601,200,0,3.9,22.7,0.0,8,239.5924704,100,0,3.4,25.9,0.0,32,-296.1363357,200,0,4.3,27.4,0.0
69.298233,0,MANUAL,TRIGGERED,1,AVAILABLE,UNAVAILABLE,UNAVAILABLE,108,4,PROGRAM_STOPPED,710,D_P1-A5.NC,D_P1-A5.NC,6,0.000668021,20,0.0005,1609633.146,468592,184.4,335.897,100,0.0,35,100,0,0,100,0.0,200,0,4.0,24.2,0.0,48,359.4811486,200,0,3.9,22.7,0.0,8,239.5924704,100,0,3.4,25.9,0.0,32,-296.1363357,200,0,4.3,27.4,0.0
69.440649,0,MANUAL,TRIGGERED,1,AVAILABLE,UNAVAILABLE,UNAVAILABLE,108,4,PROGRAM_STOPPED,710,D_P1-A5.NC,D_P1-A5.NC,6,0.000668021,20,0.0005,1609633.146,468592,184.4,335.897,100,0.0,35,100,0,0,100,0.0,200,0,4.0,24.2,0.0,48,359.4811601,200,0,3.9,22.7,0.0,8,239.5924589,100,0,3.4,25.9,0.0,32,-296.1363357,200,0,4.3,27.4,0.0
69.585788,0,MANUAL,TRIGGERED,1,AVAILABLE,UNAVAILABLE,UNAVAILABLE,108,4,PROGRAM_STOPPED,710,D_P1-A5.NC,D_P1-A5.NC,6,0.000668021,20,0.0005,1609633.146,468592,184.4,335.897,100,0.0,35,100,0,0,100,0.0,200,0,4.0,24.2,0.0,48,359.4811601,200,0,3.9,22.7,0.0,8,239.5924704,100,0,3.4,25.9,0.0,32,-296.1363471,200,0,4.3,27.4,0.0
69.735085,0,MANUAL,TRIGGERED,1,AVAILABLE,UNAVAILABLE,UNAVAILABLE,108,4,PROGRAM_STOPPED,710,D_P1-A5.NC,D_P1-A5.NC,6,0.000668021,20,0.0005,1609633.146,468592,184.4,335.897,100,0.0,35,100,0,0,100,0.0,200,0,4.0,24.2,0.0,48,359.4811601,200,0,3.9,22.7,0.0,8,239.5924704,100,0,3.4,25.9,0.0,32,-296.1363357,200,0,4.3,27.4,0.0
69.880744,0,MANUAL,TRIGGERED,1,AVAILABLE,UNAVAILABLE,UNAVAILABLE,108,4,PROGRAM_STOPPED,710,D_P1-A5.NC,D_P1-A5.NC,6,0.000668021,20,0.0005,1609633.146,468592,184.4,335.897,100,0.0,35,100,0,0,100,0.0,200,0,4.0,24.2,0.0,48,359.4811486,200,0,3.9,22.7,0.0,8,239.5924704,100,0,3.4,25.9,0.0,32,-296.1363357,200,0,4.3,27.4,0.0
70.052659,0,MANUAL,TRIGGERED,1,AVAILABLE,UNAVAILABLE,UNAVAILABLE,108,4,PROGRAM_STOPPED,710,D_P1-A5.NC,D_P1-A5.NC,6,0.000668021,20,0.0005,1609633.146,468592,184.4,335.897,100,0.0,35,100,0,0,100,0.0,200,0,4.2,24.2,0.0,48,359.4811601,200,0,3.9,22.7,0.0,8,239.5924704,200,0,3.7,25.9,0.0,32,-296.1363471,200,0,4.4,27.4,0.0
70.198554,0,MANUAL,TRIGGERED,1,AVAILABLE,UNAVAILABLE,UNAVAILABLE,108,4,PROGRAM_STOPPED,710,D_P1-A5.NC,D_P1-A5.NC,6,0.000668021,20,0.0005,1609633.146,468592,184.4,335.897,100,0.0,35,100,0,0,100,0.0,200,0,4.2,24.2,0.0,48,359.4811486,200,0,3.9,22.7,0.0,8,239.5924704,200,0,3.7,25.9,0.0,32,-296.1363471,200,0,4.4,27.4,0.0
70.34065,0,MANUAL,TRIGGERED,1,AVAILABLE,UNAVAILABLE,UNAVAILABLE,108,4,PROGRAM_STOPPED,710,D_P1-A5.NC,D_P1-A5.NC,6,0.000668021,20,0.0005,1609633.146,468592,184.4,335.6107,100,0.0,35,100,0,0,100,0.0,200,0,4.2,24.2,0.0,48,359.4811486,200,0,3.9,22.7,0.0,8,239.5924589,200,0,3.7,25.9,0.0,32,-296.1363357,200,0,4.4,27.4,0.0
70.482602,0,MANUAL,TRIGGERED,1,AVAILABLE,UNAVAILABLE,UNAVAILABLE,108,4,PROGRAM_STOPPED,710,D_P1-A5.NC,D_P1-A5.NC,6,0.000668021,20,0.0005,1609633.146,468592,184.4,335.6107,100,0.0,35,100,0,0,100,0.0,200,0,4.2,24.2,0.0,48,359.4811601,200,0,3.9,22.7,0.0,8,239.5924704,200,0,3.7,25.9,0.0,32,-296.1363357,200,0,4.4,27.4,0.0
70.630537,0,MANUAL,TRIGGERED,1,AVAILABLE,UNAVAILABLE,UNAVAILABLE,108,4,PROGRAM_STOPPED,710,D_P1-A5.NC,D_P1-A5.NC,6,0.000668021,20,0.0005,1609633.146,468592,184.4,335.6107,100,0.0,35,100,0,0,100,0.0,200,0,4.2,24.2,0.0,48,359.4811601,200,0,3.9,22.7,0.0,8,239.5924589,200,0,3.7,25.9,0.0,32,-296.1363471,200,0,4.4,27.4,0.0
70.769017,0,MANUAL,TRIGGERED,1,AVAILABLE,UNAVAILABLE,UNAVAILABLE,108,4,PROGRAM_STOPPED,710,D_P1-A5.NC,D_P1-A5.NC,6,0.000668021,20,0.0005,1609633.146,468592,184.4,335.6107,100,0.0,35,100,0,0,100,0.0,200,0,4.2,24.2,0.0,48,359.4811601,200,0,3.9,22.7,0.0,8,239.5924704,200,0,3.7,25.9,0.0,32,-296.1363357,200,0,4.4,27.4,0.0
70.928618,0,MANUAL,TRIGGERED,1,AVAILABLE,UNAVAILABLE,UNAVAILABLE,108,4,PROGRAM_STOPPED,710,D_P1-A5.NC,D_P1-A5.NC,6,0.000668021,20,0.0005,1609633.146,468592,184.4,335.6107,100,0.0,35,100,0,0,100,0.0,200,0,4.2,24.2,0.0,48,359.4811601,200,0,3.9,22.7,0.0,8,239.5924704,200,0,3.7,25.9,0.0,32,-296.1363357,200,0,4.4,27.4,0.0
71.085266,0,MANUAL,TRIGGERED,1,AVAILABLE,UNAVAILABLE,UNAVAILABLE,108,4,PROGRAM_STOPPED,710,D_P1-A5.NC,D_P1-A5.NC,6,0.000668021,20,0.0005,1609633.146,468592,184.4,335.6107,100,0.0,35,100,0,0,100,0.0,200,0,4.2,24.2,0.0,48,359.4811601,200,0,3.9,22.7,0.0,8,239.5924704,200,0,3.7,25.9,0.0,32,-296.1363471,200,0,4.4,27.4,0.0
71.232329,0,MANUAL,TRIGGERED,1,AVAILABLE,UNAVAILABLE,UNAVAILABLE,108,4,PROGRAM_STOPPED,710,D_P1-A5.NC,D_P1-A5.NC,6,0.000668021,20,0.0005,1609633.146,468592,184.4,335.6107,100,0.0,35,100,0,0,100,0.0,200,0,4.2,24.2,0.0,48,359.4811601,200,0,3.9,22.7,0.0,8,239.5924589,200,0,3.7,25.9,0.0,32,-296.1363357,200,0,4.4,27.4,0.0
71.38176,0,MANUAL,TRIGGERED,1,AVAILABLE,UNAVAILABLE,UNAVAILABLE,108,4,PROGRAM_STOPPED,710,D_P1-A5.NC,D_P1-A5.NC,6,0.000668021,20,0.0005,1609633.146,468592,184.4,336.3003,100,0.0,35,100,0,0,100,0.0,200,0,4.2,24.2,0.0,48,359.4811601,200,0,3.9,22.7,0.0,8,239.5924704,200,0,3.7,25.9,0.0,32,-296.1363471,200,0,4.4,27.4,0.0
71.529557,0,MANUAL,TRIGGERED,1,AVAILABLE,UNAVAILABLE,UNAVAILABLE,108,4,PROGRAM_STOPPED,710,D_P1-A5.NC,D_P1-A5.NC,6,0.000668021,20,0.0005,1609633.146,468592,184.4,336.3003,100,0.0,35,100,0,0,100,0.0,200,0,4.2,24.2,0.0,48,359.4811486,200,0,3.9,22.7,0.0,8,239.5924704,200,0,3.7,25.9,0.0,32,-296.1363357,200,0,4.4,27.4,0.0
71.673584,0,MANUAL,TRIGGERED,1,AVAILABLE,UNAVAILABLE,UNAVAILABLE,108,4,PROGRAM_STOPPED,710,D_P1-A5.NC,D_P1-A5.NC,6,0.000668021,20,0.0005,1609633.146,468592,184.4,336.3003,100,0.0,35,100,0,0,100,0.0,200,0,4.2,24.2,0.0,48,359.4811601,200,0,3.9,22.7,0.0,8,239.5924704,200,0,3.7,25.9,0.0,32,-296.1363357,200,0,4.4,27.4,0.0
71.813909,0,MANUAL,TRIGGERED,1,AVAILABLE,UNAVAILABLE,UNAVAILABLE,108,4,PROGRAM_STOPPED,710,D_P1-A5.NC,D_P1-A5.NC,6,0.000668021,20,0.0005,1609633.146,468592,184.4,336.3003,100,0.0,35,100,0,0,100,0.0,200,0,3.8,24.2,0.0,48,359.4811486,200,0,4.6,22.7,0.0,8,239.5924589,200,0,4.2,25.9,0.1,32,-296.1363357,200,0,4.0,27.3,0.0
71.96276,0,MANUAL,TRIGGERED,1,AVAILABLE,UNAVAILABLE,UNAVAILABLE,108,4,PROGRAM_STOPPED,710,D_P1-A5.NC,D_P1-A5.NC,6,0.000668021,20,0.0005,1609633.146,468592,184.4,336.3003,100,0.0,35,100,0,0,100,0.0,200,0,3.8,24.2,0.0,48,359.4811486,200,0,4.6,22.7,0.0,8,239.5924589,200,0,4.2,25.9,0.1,32,-296.1363357,200,0,4.0,27.3,0.0
72.104606,0,MANUAL,TRIGGERED,1,AVAILABLE,UNAVAILABLE,UNAVAILABLE,108,4,PROGRAM_STOPPED,710,D_P1-A5.NC,D_P1-A5.NC,6,0.000668021,20,0.0005,1609633.146,468592,184.4,336.3003,100,0.0,35,100,0,0,100,0.0,200,0,3.8,24.2,0.0,48,359.4811486,200,0,4.6,22.7,0.0,8,239.5924589,200,0,4.2,25.9,0.1,32,-296.1363471,200,0,4.0,27.3,0.0
72.247591,0,MANUAL,TRIGGERED,1,AVAILABLE,UNAVAILABLE,UNAVAILABLE,108,4,PROGRAM_STOPPED,710,D_P1-A5.NC,D_P1-A5.NC,6,0.000668021,20,0.0005,1609633.146,468592,184.4,336.3003,100,0.0,35,100,0,0,100,0.0,200,0,3.8,24.2,0.0,48,359.4811601,200,0,4.6,22.7,0.0,8,239.5924589,200,0,4.2,25.9,0.1,32,-296.1363471,200,0,4.0,27.3,0.0
72.397474,0,MANUAL,TRIGGERED,1,AVAILABLE,UNAVAILABLE,UNAVAILABLE,108,4,PROGRAM_STOPPED,710,D_P1-A5.NC,D_P1-A5.NC,6,0.000668021,20,0.0005,1609633.146,468592,184.4,336.3003,100,0.0,35,100,0,0,100,0.0,200,0,3.8,24.2,0.0,48,359.4811601,200,0,4.6,22.7,0.0,8,239.5924589,200,0,4.2,25.9,0.1,32,-296.1363357,200,0,4.0,27.3,0.0
72.543868,0,MANUAL,TRIGGERED,1,AVAILABLE,UNAVAILABLE,UNAVAILABLE,108,4,PROGRAM_STOPPED,710,D_P1-A5.NC,D_P1-A5.NC,6,0.000668021,20,0.0005,1609633.146,468592,184.4,335.9165,100,0.0,35,100,0,0,100,0.0,200,0,3.8,24.2,0.0,48,359.4811601,200,0,4.6,22.7,0.0,8,239.5924589,200,0,4.2,25.9,0.1,32,-296.1363357,200,0,4.0,27.3,0.0
72.693132,0,MANUAL,TRIGGERED,1,AVAILABLE,UNAVAILABLE,UNAVAILABLE,108,4,PROGRAM_STOPPED,710,D_P1-A5.NC,D_P1-A5.NC,6,0.000668021,20,0.0005,1609633.146,468592,184.4,335.9165,100,0.0,35,100,0,0,100,0.0,200,0,3.8,24.2,0.0,48,359.4811601,200,0,4.6,22.7,0.0,8,239.5924704,200,0,4.2,25.9,0.1,32,-296.1363471,200,0,4.0,27.3,0.0
72.835285,0,MANUAL,TRIGGERED,1,AVAILABLE,UNAVAILABLE,UNAVAILABLE,108,4,PROGRAM_STOPPED,710,D_P1-A5.NC,D_P1-A5.NC,6,0.000668021,20,0.0005,1609633.146,468592,184.4,335.9165,100,0.0,35,100,0,0,100,0.0,200,0,3.8,24.2,0.0,48,359.4811486,200,0,4.6,22.7,0.0,8,239.5924589,200,0,4.2,25.9,0.1,32,-296.1363357,200,0,4.0,27.3,0.0
72.977457,0,MANUAL,TRIGGERED,1,AVAILABLE,UNAVAILABLE,UNAVAILABLE,108,4,PROGRAM_STOPPED,710,D_P1-A5.NC,D_P1-A5.NC,6,0.000668021,20,0.0005,1609633.146,468592,184.4,335.9165,100,0.0,35,100,0,0,100,0.0,200,0,3.8,24.2,0.0,48,359.4811601,200,0,4.6,22.7,0.0,8,239.5924589,200,0,4.2,25.9,0.1,32,-296.1363357,200,0,4.0,27.3,0.0
73.122433,0,MANUAL,TRIGGERED,1,AVAILABLE,UNAVAILABLE,UNAVAILABLE,108,4,PROGRAM_STOPPED,710,D_P1-A5.NC,D_P1-A5.NC,6,0.000668021,20,0.0005,1609633.146,468592,184.4,335.9165,100,0.0,35,100,0,0,100,0.0,200,0,3.8,24.2,0.0,48,359.4811601,200,0,4.6,22.7,0.0,8,239.5924704,200,0,4.2,25.9,0.1,32,-296.1363357,200,0,4.0,27.3,0.0
73.26968,0,MANUAL,TRIGGERED,1,AVAILABLE,UNAVAILABLE,UNAVAILABLE,108,4,PROGRAM_STOPPED,710,D_P1-A5.NC,D_P1-A5.NC,6,0.000668021,20,0.0005,1609633.146,468592,184.4,335.9165,100,0.0,35,100,0,0,100,0.0,200,0,3.8,24.2,0.0,48,359.4811486,200,0,4.6,22.7,0.0,8,239.5924589,200,0,4.2,25.9,0.1,32,-296.1363357,200,0,4.0,27.3,0.0
73.436605,0,MANUAL,TRIGGERED,1,AVAILABLE,UNAVAILABLE,UNAVAILABLE,108,4,PROGRAM_STOPPED,710,D_P1-A5.NC,D_P1-A5.NC,6,0.000668021,20,0.0005,1609633.146,468592,184.4,335.9165,100,0.0,35,100,0,0,100,0.0,200,0,3.8,24.2,0.0,48,359.4811486,200,0,4.6,22.7,0.0,8,239.5924704,200,0,4.2,25.9,0.1,32,-296.1363471,200,0,4.0,27.3,0.0
73.583227,0,MANUAL,TRIGGERED,1,AVAILABLE,UNAVAILABLE,UNAVAILABLE,108,4,PROGRAM_STOPPED,710,D_P1-A5.NC,D_P1-A5.NC,6,0.000668021,20,0.0005,1609633.146,468592,184.4,335.2464,100,0.0,35,100,0,0,100,0.0,200,0,4.4,24.2,0.0,48,359.4811601,200,0,4.0,22.7,0.0,8,239.5924589,200,0,3.5,25.9,0.0,32,-296.1363357,200,0,3.8,27.3,0.0
73.725918,0,MANUAL,TRIGGERED,1,AVAILABLE,UNAVAILABLE,UNAVAILABLE,108,4,PROGRAM_STOPPED,710,D_P1-A5.NC,D_P1-A5.NC,6,0.000668021,20,0.0005,1609633.146,468592,184.4,335.2464,100,0.0,35,100,0,0,100,0.0,200,0,4.4,24.2,0.0,48,359.4811601,200,0,4.0,22.7,0.0,8,239.5924704,200,0,3.5,25.9,0.0,32,-296.1363357,200,0,3.8,27.3,0.0
73.865226,0,MANUAL,TRIGGERED,1,AVAILABLE,UNAVAILABLE,UNAVAILABLE,108,4,PROGRAM_STOPPED,710,D_P1-A5.NC,D_P1-A5.NC,6,0.000668021,20,0.0005,1609633.146,468592,184.4,335.2464,100,0.0,35,100,0,0,100,0.0,200,0,4.4,24.2,0.0,48,359.4811486,200,0,4.0,22.7,0.0,8,239.5924589,200,0,3.5,25.9,0.0,32,-296.1363471,200,0,3.8,27.3,0.0
74.011058,0,MANUAL,TRIGGERED,1,AVAILABLE,UNAVAILABLE,UNAVAILABLE,108,4,PROGRAM_STOPPED,710,D_P1-A5.NC,D_P1-A5.NC,6,0.000668021,20,0.0005,1609633.146,468592,184.4,335.2464,100,0.0,35,100,0,0,100,0.0,200,0,4.4,24.2,0.0,48,359.4811601,200,0,4.0,22.7,0.0,8,239.5924704,200,0,3.5,25.9,0.0,32,-296.1363357,200,0,3.8,27.3,0.0
74.1546,0,MANUAL,TRIGGERED,1,AVAILABLE,UNAVAILABLE,UNAVAILABLE,108,4,PROGRAM_STOPPED,710,D_P1-A5.NC,D_P1-A5.NC,6,0.000668021,20,0.0005,1609633.146,468592,184.4,335.2464,100,0.0,35,100,0,0,100,0.0,200,0,4.4,24.2,0.0,48,359.4811601,200,0,4.0,22.7,0.0,8,239.5924704,200,0,3.5,25.9,0.0,32,-296.1363357,200,0,3.8,27.3,0.0
74.298207,0,MANUAL,TRIGGERED,1,AVAILABLE,UNAVAILABLE,UNAVAILABLE,108,4,PROGRAM_STOPPED,710,D_P1-A5.NC,D_P1-A5.NC,6,0.000668021,20,0.0005,1609633.146,468592,184.4,335.2464,100,0.0,35,100,0,0,100,0.0,200,0,4.4,24.2,0.0,48,359.4811601,200,0,4.0,22.7,0.0,8,239.5924704,200,0,3.5,25.9,0.0,32,-296.1363471,200,0,3.8,27.3,0.0
74.452773,0,MANUAL,TRIGGERED,1,AVAILABLE,UNAVAILABLE,UNAVAILABLE,108,4,PROGRAM_STOPPED,710,D_P1-A5.NC,D_P1-A5.NC,6,0.000668021,20,0.0005,1609633.146,468592,184.4,335.2464,100,0.0,35,100,0,0,100,0.0,200,0,4.4,24.2,0.0,48,359.4811601,200,0,4.0,22.7,0.0,8,239.5924589,200,0,3.5,25.9,0.0,32,-296.1363471,200,0,3.8,27.3,0.0
74.614383,0,MANUAL,TRIGGERED,1,AVAILABLE,UNAVAILABLE,UNAVAILABLE,108,4,PROGRAM_STOPPED,710,D_P1-A5.NC,D_P1-A5.NC,6,0.000668021,20,0.0005,1609633.146,468592,184.4,335.2464,100,0.0,35,100,0,0,100,0.0,200,0,4.4,24.2,0.0,48,359.4811486,200,0,4.0,22.7,0.0,8,239.5924589,200,0,3.5,25.9,0.0,32,-296.1363357,200,0,3.8,27.3,0.0
74.769028,0,MANUAL,TRIGGERED,1,AVAILABLE,UNAVAILABLE,UNAVAILABLE,108,4,PROGRAM_STOPPED,710,D_P1-A5.NC,D_P1-A5.NC,6,0.000668021,20,0.0005,1609633.146,468592,184.4,336.1572,100,0.0,35,100,0,0,100,0.0,200,0,4.4,24.2,0.0,48,359.4811601,200,0,4.0,22.7,0.0,8,239.5924589,200,0,3.5,25.9,0.0,32,-296.1363471,200,0,3.8,27.3,0.0
74.919931,0,MANUAL,TRIGGERED,1,AVAILABLE,UNAVAILABLE,UNAVAILABLE,108,4,PROGRAM_STOPPED,710,D_P1-A5.NC,D_P1-A5.NC,6,0.000668021,20,0.0005,1609633.146,468592,184.4,336.1572,100,0.0,35,100,0,0,100,0.0,200,0,4.4,24.2,0.0,48,359.4811601,200,0,4.0,22.7,0.0,8,239.5924589,200,0,3.5,25.9,0.0,32,-296.1363357,200,0,3.8,27.3,0.0
75.06659,0,MANUAL,TRIGGERED,1,AVAILABLE,UNAVAILABLE,UNAVAILABLE,108,4,PROGRAM_STOPPED,710,D_P1-A5.NC,D_P1-A5.NC,6,0.000668021,20,0.0005,1609633.146,468592,184.4,336.1572,100,0.0,35,100,0,0,100,0.0,200,0,3.9,24.2,0.0,48,359.4811601,200,0,4.0,22.7,0.0,8,239.5924589,200,0,4.1,25.9,0.0,32,-296.1363357,200,0,4.0,27.3,0.0
75.213654,0,MANUAL,TRIGGERED,1,AVAILABLE,UNAVAILABLE,UNAVAILABLE,108,4,PROGRAM_STOPPED,710,D_P1-A5.NC,D_P1-A5.NC,6,0.000668021,20,0.0005,1609633.146,468592,184.4,336.1572,100,0.0,35,100,0,0,100,0.0,200,0,3.9,24.2,0.0,48,359.4811486,200,0,4.0,22.7,0.0,8,239.5924589,200,0,4.1,25.9,0.0,32,-296.1363471,200,0,4.0,27.3,0.0
75.357319,0,MANUAL,TRIGGERED,1,AVAILABLE,UNAVAILABLE,UNAVAILABLE,108,4,PROGRAM_STOPPED,710,D_P1-A5.NC,D_P1-A5.NC,6,0.000668021,20,0.0005,1609633.146,468592,184.4,336.1572,100,0.0,35,100,0,0,100,0.0,200,0,3.9,24.2,0.0,48,359.4811486,200,0,4.0,22.7,0.0,8,239.5924704,200,0,4.1,25.9,0.0,32,-296.1363357,200,0,4.0,27.3,0.0
75.505594,0,MANUAL,TRIGGERED,1,AVAILABLE,UNAVAILABLE,UNAVAILABLE,108,4,PROGRAM_STOPPED,710,D_P1-A5.NC,D_P1-A5.NC,6,0.000668021,20,0.0005,1609633.146,468592,184.4,336.1572,100,0.0,35,100,0,0,100,0.0,200,0,3.9,24.2,0.0,48,359.4811486,200,0,4.0,22.7,0.0,8,239.5924589,200,0,4.1,25.9,0.0,32,-296.1363357,200,0,4.0,27.3,0.0
75.649533,0,MANUAL,TRIGGERED,1,AVAILABLE,UNAVAILABLE,UNAVAILABLE,108,4,PROGRAM_STOPPED,710,D_P1-A5.NC,D_P1-A5.NC,6,0.000668021,20,0.0005,1609633.146,468592,184.4,336.1572,100,0.0,35,100,0,0,100,0.0,200,0,3.9,24.2,0.0,48,359.4811601,200,0,4.0,22.7,0.0,8,239.5924589,200,0,4.1,25.9,0.0,32,-296.1363471,200,0,4.0,27.3,0.0
75.786233,0,MANUAL,TRIGGERED,1,AVAILABLE,UNAVAILABLE,UNAVAILABLE,108,4,PROGRAM_STOPPED,710,D_P1-A5.NC,D_P1-A5.NC,6,0.000668021,20,0.0005,1609633.146,468592,184.4,335.7669,100,0.0,35,100,0,0,100,0.0,200,0,3.9,24.2,0.0,48,359.4811601,200,0,4.0,22.7,0.0,8,239.5924589,200,0,4.1,25.9,0.0,32,-296.1363471,200,0,4.0,27.3,0.0
75.923101,0,MANUAL,TRIGGERED,1,AVAILABLE,UNAVAILABLE,UNAVAILABLE,108,4,PROGRAM_STOPPED,710,D_P1-A5.NC,D_P1-A5.NC,6,0.000668021,20,0.0005,1609633.146,468592,184.4,335.7669,100,0.0,35,100,0,0,100,0.0,200,0,3.9,24.2,0.0,48,359.4811601,200,0,4.0,22.7,0.0,8,239.5924589,200,0,4.1,25.9,0.0,32,-296.1363471,200,0,4.0,27.3,0.0
76.098092,0,MANUAL,TRIGGERED,1,AVAILABLE,UNAVAILABLE,UNAVAILABLE,108,4,PROGRAM_STOPPED,710,D_P1-A5.NC,D_P1-A5.NC,6,0.000668021,20,0.0005,1609633.146,468592,184.4,335.7669,100,0.0,35,100,0,0,100,0.0,200,0,3.9,24.2,0.0,48,359.4811486,200,0,4.0,22.7,0.0,8,239.5924704,200,0,4.1,25.9,0.0,32,-296.1363471,200,0,4.0,27.3,0.0
76.247497,0,MANUAL,TRIGGERED,1,AVAILABLE,UNAVAILABLE,UNAVAILABLE,108,4,PROGRAM_STOPPED,710,D_P1-A5.NC,D_P1-A5.NC,6,0.000668021,20,0.0005,1609633.146,468592,184.4,335.7669,100,0.0,35,100,0,0,100,0.0,200,0,3.9,24.2,0.0,48,359.4811486,200,0,4.0,22.7,0.0,8,239.5924589,200,0,4.1,25.9,0.0,32,-296.1363471,200,0,4.0,27.3,0.0
76.393602,0,MANUAL,TRIGGERED,1,AVAILABLE,UNAVAILABLE,UNAVAILABLE,108,4,PROGRAM_STOPPED,710,D_P1-A5.NC,D_P1-A5.NC,6,0.000668021,20,0.0005,1609633.146,468592,184.4,335.7669,100,0.0,35,100,0,0,100,0.0,200,0,3.9,24.2,0.0,48,359.4811486,200,0,4.0,22.7,0.0,8,239.5924589,200,0,4.1,25.9,0.0,32,-296.1363471,200,0,4.0,27.3,0.0
76.539792,0,MANUAL,TRIGGERED,1,AVAILABLE,UNAVAILABLE,UNAVAILABLE,108,4,PROGRAM_STOPPED,710,D_P1-A5.NC,D_P1-A5.NC,6,0.000668021,20,0.0005,1609633.146,468592,184.4,335.7669,100,0.0,35,100,0,0,100,0.0,200,0,3.9,24.2,0.0,48,359.4811486,200,0,4.0,22.7,0.0,8,239.5924589,200,0,4.1,25.9,0.0,32,-296.1363471,200,0,4.0,27.3,0.0
76.686189,0,MANUAL,TRIGGERED,1,AVAILABLE,UNAVAILABLE,UNAVAILABLE,108,4,PROGRAM_STOPPED,710,D_P1-A5.NC,D_P1-A5.NC,6,0.000668021,20,0.0005,1609633.146,468592,184.4,335.7669,100,0.0,35,100,0,0,100,0.0,200,0,4.7,24.2,0.0,48,359.4811601,200,0,4.2,22.7,0.0,8,239.5924589,200,0,3.7,25.9,0.1,32,-296.1363357,200,0,5.2,27.3,0.0
76.847564,0,MANUAL,TRIGGERED,1,AVAILABLE,UNAVAILABLE,UNAVAILABLE,108,4,PROGRAM_STOPPED,710,D_P1-A5.NC,D_P1-A5.NC,6,0.000668021,20,0.0005,1609633.146,468592,184.4,336.5801,100,0.0,35,100,0,0,100,0.0,200,0,4.7,24.2,0.0,48,359.4811601,200,0,4.2,22.7,0.0,8,239.5924589,200,0,3.7,25.9,0.1,32,-296.1363471,200,0,5.2,27.3,0.0
76.989488,0,MANUAL,TRIGGERED,1,AVAILABLE,UNAVAILABLE,UNAVAILABLE,108,4,PROGRAM_STOPPED,710,D_P1-A5.NC,D_P1-A5.NC,6,0.000668021,20,0.0005,1609633.146,468592,184.4,336.5801,100,0.0,35,100,0,0,100,0.0,200,0,4.7,24.2,0.0,48,359.4811601,200,0,4.2,22.7,0.0,8,239.5924589,200,0,3.7,25.9,0.1,32,-296.1363357,200,0,5.2,27.3,0.0
77.131676,0,MANUAL,TRIGGERED,1,AVAILABLE,UNAVAILABLE,UNAVAILABLE,108,4,PROGRAM_STOPPED,710,D_P1-A5.NC,D_P1-A5.NC,6,0.000668021,20,0.0005,1609633.146,468592,184.4,336.5801,100,0.0,35,100,0,0,100,0.0,200,0,4.7,24.2,0.0,48,359.4811486,200,0,4.2,22.7,0.0,8,239.5924589,200,0,3.7,25.9,0.1,32,-296.1363357,200,0,5.2,27.3,0.0
77.279628,0,MANUAL,TRIGGERED,1,AVAILABLE,UNAVAILABLE,UNAVAILABLE,108,4,PROGRAM_STOPPED,710,D_P1-A5.NC,D_P1-A5.NC,6,0.000668021,20,0.0005,1609633.146,468592,184.4,336.5801,100,0.0,35,100,0,0,100,0.0,200,0,4.7,24.2,0.0,48,359.4811486,200,0,4.2,22.7,0.0,8,239.5924589,200,0,3.7,25.9,0.1,32,-296.1363471,200,0,5.2,27.3,0.0
77.418974,0,MANUAL,TRIGGERED,1,AVAILABLE,UNAVAILABLE,UNAVAILABLE,108,4,PROGRAM_STOPPED,710,D_P1-A5.NC,D_P1-A5.NC,6,0.000668021,20,0.0005,1609633.146,468592,184.4,336.5801,100,0.0,35,100,0,0,100,0.0,200,0,4.7,24.2,0.0,48,359.4811601,200,0,4.2,22.7,0.0,8,239.5924589,200,0,3.7,25.9,0.1,32,-296.1363471,200,0,5.2,27.3,0.0
77.617818,0,MANUAL,TRIGGERED,1,AVAILABLE,UNAVAILABLE,UNAVAILABLE,108,4,PROGRAM_STOPPED,710,D_P1-A5.NC,D_P1-A5.NC,6,0.000668021,20,0.0005,1609633.146,468592,184.4,336.5801,100,0.0,35,100,0,0,100,0.0,200,0,4.7,24.2,0.0,48,359.4811601,200,0,4.2,22.7,0.0,8,239.5924589,200,0,3.7,25.9,0.1,32,-296.1363471,200,0,5.2,27.3,0.0
77.761352,0,MANUAL,TRIGGERED,1,AVAILABLE,UNAVAILABLE,UNAVAILABLE,108,4,PROGRAM_STOPPED,710,D_P1-A5.NC,D_P1-A5.NC,6,0.000668021,20,0.0005,1609633.146,468592,184.4,336.5801,100,0.0,35,100,0,0,100,0.0,200,0,4.7,24.2,0.0,48,359.4811486,200,0,4.2,22.7,0.0,8,239.5924589,200,0,3.7,25.9,0.1,32,-296.1363471,200,0,5.2,27.3,0.0
77.907285,0,MANUAL,TRIGGERED,1,AVAILABLE,UNAVAILABLE,UNAVAILABLE,108,4,PROGRAM_STOPPED,710,D_P1-A5.NC,D_P1-A5.NC,6,0.000668021,20,0.0005,1609633.146,468592,184.4,336.6321,100,0.0,35,100,0,0,100,0.0,200,0,4.7,24.2,0.0,48,359.4811486,200,0,4.2,22.7,0.0,8,239.5924589,200,0,3.7,25.9,0.1,32,-296.1363471,200,0,5.2,27.3,0.0
78.054182,0,MANUAL,TRIGGERED,1,AVAILABLE,UNAVAILABLE,UNAVAILABLE,108,4,PROGRAM_STOPPED,710,D_P1-A5.NC,D_P1-A5.NC,6,0.000668021,20,0.0005,1609633.146,468592,184.4,336.6321,100,0.0,35,100,0,0,100,0.0,200,0,4.7,24.2,0.0,48,359.4811486,200,0,4.2,22.7,0.0,8,239.5924589,200,0,3.7,25.9,0.1,32,-296.1363357,200,0,5.2,27.3,0.0
78.226359,0,MANUAL,TRIGGERED,1,AVAILABLE,UNAVAILABLE,UNAVAILABLE,108,4,PROGRAM_STOPPED,710,D_P1-A5.NC,D_P1-A5.NC,6,0.000668021,20,0.0005,1609633.146,468592,184.4,336.6321,100,0.0,35,100,0,0,100,0.0,200,0,4.7,24.2,0.0,48,359.4811486,200,0,4.2,22.7,0.0,8,239.5924589,200,0,3.7,25.9,0.1,32,-296.1363357,200,0,5.2,27.3,0.0
78.367384,0,MANUAL,TRIGGERED,1,AVAILABLE,UNAVAILABLE,UNAVAILABLE,108,4,PROGRAM_STOPPED,710,D_P1-A5.NC,D_P1-A5.NC,6,0.000668021,20,0.0005,1609633.146,468592,184.4,336.6321,100,0.0,35,100,0,0,100,0.0,200,0,4.7,24.2,0.0,48,359.4811486,200,0,4.2,22.7,0.0,8,239.5924589,200,0,3.7,25.9,0.1,32,-296.1363357,200,0,5.2,27.3,0.0
78.508046,0,MANUAL,TRIGGERED,1,AVAILABLE,UNAVAILABLE,UNAVAILABLE,108,4,PROGRAM_STOPPED,710,D_P1-A5.NC,D_P1-A5.NC,6,0.000668021,20,0.0005,1609633.146,468592,184.4,336.6321,100,0.0,35,100,0,0,100,0.0,200,0,4.7,24.2,0.0,48,359.4811601,200,0,4.2,22.7,0.0,8,239.5924589,200,0,3.7,25.9,0.1,32,-296.1363357,200,0,5.2,27.3,0.0
78.65766,0,MANUAL,TRIGGERED,1,AVAILABLE,UNAVAILABLE,UNAVAILABLE,108,4,PROGRAM_STOPPED,710,D_P1-A5.NC,D_P1-A5.NC,6,0.000668021,20,0.0005,1609633.146,468592,184.4,336.6321,100,0.0,35,100,0,0,100,0.0,200,0,4.8,24.2,0.0,48,359.4811601,200,0,3.7,22.7,0.0,8,239.5924589,200,0,4.1,25.9,0.0,32,-296.1363357,200,0,4.1,27.3,0.0
78.80572,0,MANUAL,TRIGGERED,1,AVAILABLE,UNAVAILABLE,UNAVAILABLE,108,4,PROGRAM_STOPPED,710,D_P1-A5.NC,D_P1-A5.NC,6,0.000668021,20,0.0005,1609633.146,468592,184.4,336.6321,100,0.0,35,100,0,0,100,0.0,200,0,4.8,24.2,0.0,48,359.4811601,200,0,3.7,22.7,0.0,8,239.5924589,200,0,4.1,25.9,0.0,32,-296.1363471,200,0,4.1,27.3,0.0
78.951647,0,MANUAL,TRIGGERED,1,AVAILABLE,UNAVAILABLE,UNAVAILABLE,108,4,PROGRAM_STOPPED,710,D_P1-A5.NC,D_P1-A5.NC,6,0.000668021,20,0.0005,1609633.146,468592,184.4,336.6321,100,0.0,35,100,0,0,100,0.0,200,0,4.8,24.2,0.0,48,359.4811601,200,0,3.7,22.7,0.0,8,239.5924589,200,0,4.1,25.9,0.0,32,-296.1363471,200,0,4.1,27.3,0.0
79.093544,0,MANUAL,TRIGGERED,1,AVAILABLE,UNAVAILABLE,UNAVAILABLE,108,4,PROGRAM_STOPPED,710,D_P1-A5.NC,D_P1-A5.NC,6,0.000668021,20,0.0005,1609633.146,468592,184.4,335.8644,100,0.0,35,100,0,0,100,0.0,200,0,4.8,24.2,0.0,48,359.4811486,200,0,3.7,22.7,0.0,8,239.5924589,200,0,4.1,25.9,0.0,32,-296.1363471,200,0,4.1,27.3,0.0
79.242261,0,MANUAL,TRIGGERED,1,AVAILABLE,UNAVAILABLE,UNAVAILABLE,108,4,PROGRAM_STOPPED,710,D_P1-A5.NC,D_P1-A5.NC,6,0.000668021,20,0.0005,1609633.146,468592,184.4,335.8644,100,0.0,35,100,0,0,100,0.0,200,0,4.8,24.2,0.0,48,359.4811601,200,0,3.7,22.7,0.0,8,239.5924589,200,0,4.1,25.9,0.0,32,-296.1363357,200,0,4.1,27.3,0.0
79.389798,0,MANUAL,TRIGGERED,1,AVAILABLE,UNAVAILABLE,UNAVAILABLE,108,4,PROGRAM_STOPPED,710,D_P1-A5.NC,D_P1-A5.NC,6,0.000668021,20,0.0005,1609633.146,468592,184.4,335.8644,100,0.0,35,100,0,0,100,0.0,200,0,4.8,24.2,0.0,48,359.4811486,200,0,3.7,22.7,0.0,8,239.5924589,200,0,4.1,25.9,0.0,32,-296.1363471,200,0,4.1,27.3,0.0
79.535473,0,MANUAL,TRIGGERED,1,AVAILABLE,UNAVAILABLE,UNAVAILABLE,108,4,PROGRAM_STOPPED,710,D_P1-A5.NC,D_P1-A5.NC,6,0.000668021,20,0.0005,1609633.146,468592,184.4,335.8644,100,0.0,35,100,0,0,100,0.0,200,0,4.8,24.2,0.0,48,359.4811486,200,0,3.7,22.7,0.0,8,239.5924589,200,0,4.1,25.9,0.0,32,-296.1363471,200,0,4.1,27.3,0.0
79.678519,0,MANUAL,TRIGGERED,1,AVAILABLE,UNAVAILABLE,UNAVAILABLE,108,4,PROGRAM_STOPPED,710,D_P1-A5.NC,D_P1-A5.NC,6,0.000668021,20,0.0005,1609633.146,468592,184.4,335.8644,100,0.0,35,100,0,0,100,0.0,200,0,4.8,24.2,0.0,48,359.4811601,200,0,3.7,22.7,0.0,8,239.5924589,200,0,4.1,25.9,0.0,32,-296.1363471,200,0,4.1,27.3,0.0
79.825863,0,MANUAL,TRIGGERED,1,AVAILABLE,UNAVAILABLE,UNAVAILABLE,108,4,PROGRAM_STOPPED,710,D_P1-A5.NC,D_P1-A5.NC,6,0.000668021,20,0.0005,1609633.146,468592,184.4,335.8644,100,0.0,35,100,0,0,100,0.0,200,0,4.8,24.2,0.0,48,359.4811486,200,0,3.7,22.7,0.0,8,239.5924589,200,0,4.1,25.9,0.0,32,-296.1363471,200,0,4.1,27.3,0.0
79.972307,0,MANUAL,TRIGGERED,1,AVAILABLE,UNAVAILABLE,UNAVAILABLE,108,4,PROGRAM_STOPPED,710,D_P1-A5.NC,D_P1-A5.NC,6,0.000668021,20,0.0005,1609633.146,468592,184.4,335.8644,100,0.0,35,100,0,0,100,0.0,200,0,4.8,24.2,0.0,48,359.4811601,200,0,3.7,22.7,0.0,8,239.5924589,200,0,4.1,25.9,0.0,32,-296.1363357,200,0,4.1,27.3,0.0
80.113796,0,MANUAL,TRIGGERED,1,AVAILABLE,UNAVAILABLE,UNAVAILABLE,108,4,PROGRAM_STOPPED,710,D_P1-A5.NC,D_P1-A5.NC,6,0.000668021,20,0.0005,1609633.146,468592,184.4,336.6907,100,0.0,35,100,0,0,100,0.0,200,0,4.8,24.2,0.0,48,359.4811601,200,0,3.7,22.7,0.0,8,239.5924589,200,0,4.1,25.9,0.0,32,-296.1363357,200,0,4.1,27.3,0.0
80.273608,0,MANUAL,TRIGGERED,1,AVAILABLE,UNAVAILABLE,UNAVAILABLE,108,4,PROGRAM_STOPPED,710,D_P1-A5.NC,D_P1-A5.NC,6,0.000668021,20,0.0005,1609633.146,468592,184.4,336.6907,100,0.0,35,100,0,0,100,0.0,200,0,4.8,24.2,0.0,48,359.4811601,200,0,3.7,22.7,0.0,8,239.5924589,200,0,4.1,25.9,0.0,32,-296.1363471,200,0,4.1,27.3,0.0
80.427904,0,MANUAL,TRIGGERED,1,AVAILABLE,UNAVAILABLE,UNAVAILABLE,108,4,PROGRAM_STOPPED,710,D_P1-A5.NC,D_P1-A5.NC,6,0.000668021,20,0.0005,1609633.146,468592,184.4,336.6907,100,0.0,35,100,0,0,100,0.0,200,0,4.8,24.2,0.0,48,359.4811486,200,0,3.7,22.7,0.0,8,239.5924589,200,0,4.1,25.9,0.0,32,-296.1363471,200,0,4.1,27.3,0.0
80.599992,0,MANUAL,TRIGGERED,1,AVAILABLE,UNAVAILABLE,UNAVAILABLE,108,4,PROGRAM_STOPPED,710,D_P1-A5.NC,D_P1-A5.NC,6,0.000668021,20,0.0005,1609633.146,468592,184.4,336.6907,100,0.0,35,100,0,0,100,0.0,200,0,3.9,24.2,0.0,48,359.4811601,200,0,3.9,22.7,0.0,8,239.5924589,200,0,3.7,25.9,0.0,32,-296.1363471,200,0,4.2,27.3,0.0
80.740089,0,MANUAL,TRIGGERED,1,AVAILABLE,UNAVAILABLE,UNAVAILABLE,108,4,PROGRAM_STOPPED,710,D_P1-A5.NC,D_P1-A5.NC,6,0.000668021,20,0.0005,1609633.146,468592,184.4,336.6907,100,0.0,35,100,0,0,100,0.0,200,0,3.9,24.2,0.0,48,359.4811486,200,0,3.9,22.7,0.0,8,239.5924589,200,0,3.7,25.9,0.0,32,-296.1363471,200,0,4.2,27.3,0.0
80.891633,0,MANUAL,TRIGGERED,1,AVAILABLE,UNAVAILABLE,UNAVAILABLE,108,4,PROGRAM_STOPPED,710,D_P1-A5.NC,D_P1-A5.NC,6,0.000668021,20,0.0005,1609633.146,468592,184.4,336.6907,100,0.0,35,100,0,0,100,0.0,200,0,3.9,24.2,0.0,48,359.4811486,200,0,3.9,22.7,0.0,8,239.5924589,200,0,3.7,25.9,0.0,32,-296.1363471,200,0,4.2,27.3,0.0
81.038302,0,MANUAL,TRIGGERED,1,AVAILABLE,UNAVAILABLE,UNAVAILABLE,108,4,PROGRAM_STOPPED,710,D_P1-A5.NC,D_P1-A5.NC,6,0.000668021,20,0.0005,1609633.146,468592,184.4,336.6907,100,0.0,35,100,0,0,100,0.0,200,0,3.9,24.2,0.0,48,359.4811486,200,0,3.9,22.7,0.0,8,239.5924589,200,0,3.7,25.9,0.0,32,-296.1363471,200,0,4.2,27.3,0.0
81.191218,0,MANUAL,TRIGGERED,1,AVAILABLE,UNAVAILABLE,UNAVAILABLE,108,4,PROGRAM_STOPPED,710,D_P1-A5.NC,D_P1-A5.NC,6,0.000668021,20,0.0005,1609633.146,468592,184.4,336.4695,100,0.0,35,100,0,0,100,0.0,200,0,3.9,24.2,0.0,48,359.4811601,200,0,3.9,22.7,0.0,8,239.5924589,200,0,3.7,25.9,0.0,32,-296.1363471,200,0,4.2,27.3,0.0
81.340481,0,MANUAL,TRIGGERED,1,AVAILABLE,UNAVAILABLE,UNAVAILABLE,108,4,PROGRAM_STOPPED,710,D_P1-A5.NC,D_P1-A5.NC,6,0.000668021,20,0.0005,1609633.146,468592,184.4,336.4695,100,0.0,35,100,0,0,100,0.0,200,0,3.9,24.2,0.0,48,359.4811601,200,0,3.9,22.7,0.0,8,239.5924589,200,0,3.7,25.9,0.0,32,-296.1363471,200,0,4.2,27.3,0.0
81.485422,0,MANUAL,TRIGGERED,1,AVAILABLE,UNAVAILABLE,UNAVAILABLE,108,4,PROGRAM_STOPPED,710,D_P1-A5.NC,D_P1-A5.NC,6,0.000668021,20,0.0005,1609633.146,468592,184.4,336.4695,100,0.0,35,100,0,0,100,0.0,200,0,3.9,24.2,0.0,48,359.4811601,200,0,3.9,22.7,0.0,8,239.5924589,200,0,3.7,25.9,0.0,32,-296.1363357,200,0,4.2,27.3,0.0
81.639565,0,MANUAL,TRIGGERED,1,AVAILABLE,UNAVAILABLE,UNAVAILABLE,108,4,PROGRAM_STOPPED,710,D_P1-A5.NC,D_P1-A5.NC,6,0.000668021,20,0.0005,1609633.146,468592,184.4,336.4695,100,0.0,35,100,0,0,100,0.0,200,0,3.9,24.2,0.0,48,359.4811486,200,0,3.9,22.7,0.0,8,239.5924589,200,0,3.7,25.9,0.0,32,-296.1363357,200,0,4.2,27.3,0.0
81.799485,0,MANUAL,TRIGGERED,1,AVAILABLE,UNAVAILABLE,UNAVAILABLE,108,4,PROGRAM_STOPPED,710,D_P1-A5.NC,D_P1-A5.NC,6,0.000668021,20,0.0005,1609633.146,468592,184.4,336.4695,100,0.0,35,100,0,0,100,0.0,200,0,3.9,24.2,0.0,48,359.4811486,200,0,3.9,22.7,0.0,8,239.5924589,200,0,3.7,25.9,0.0,32,-296.1363471,200,0,4.2,27.3,0.0
81.950219,0,MANUAL,TRIGGERED,1,AVAILABLE,UNAVAILABLE,UNAVAILABLE,108,4,PROGRAM_STOPPED,710,D_P1-A5.NC,D_P1-A5.NC,6,0.000668021,20,0.0005,1609633.146,468592,184.4,336.4695,100,0.0,35,100,0,0,100,0.0,200,0,3.9,24.2,0.0,48,359.4811601,200,0,3.9,22.7,0.0,8,239.5924589,200,0,3.7,25.9,0.0,32,-296.1363357,200,0,4.2,27.3,0.0
82.099934,0,MANUAL,TRIGGERED,1,AVAILABLE,UNAVAILABLE,UNAVAILABLE,108,4,PROGRAM_STOPPED,710,D_P1-A5.NC,D_P1-A5.NC,6,0.000668021,20,0.0005,1609633.146,468592,184.4,336.4695,100,0.0,35,100,0,0,100,0.0,200,0,4.3,24.2,0.0,48,359.4811486,200,0,3.9,22.7,0.0,8,239.5924589,200,0,4.1,25.9,0.0,32,-296.1363471,200,0,4.3,27.3,0.0
82.255849,0,MANUAL,TRIGGERED,1,AVAILABLE,UNAVAILABLE,UNAVAILABLE,108,4,PROGRAM_STOPPED,710,D_P1-A5.NC,D_P1-A5.NC,6,0.000668021,20,0.0005,1609633.146,468592,184.4,336.4174,100,0.0,35,100,0,0,100,0.0,200,0,4.3,24.2,0.0,48,359.4811486,200,0,3.9,22.7,0.0,8,239.5924589,200,0,4.1,25.9,0.0,32,-296.1363471,200,0,4.3,27.3,0.0
82.413289,0,MANUAL,TRIGGERED,1,AVAILABLE,UNAVAILABLE,UNAVAILABLE,108,4,PROGRAM_STOPPED,710,D_P1-A5.NC,D_P1-A5.NC,6,0.000668021,20,0.0005,1609633.146,468592,184.4,336.4174,100,0.0,35,100,0,0,100,0.0,200,0,4.3,24.2,0.0,48,359.4811601,200,0,3.9,22.7,0.0,8,239.5924589,200,0,4.1,25.9,0.0,32,-296.1363357,200,0,4.3,27.3,0.0
82.549756,0,MANUAL,TRIGGERED,1,AVAILABLE,UNAVAILABLE,UNAVAILABLE,108,4,PROGRAM_STOPPED,710,D_P1-A5.NC,D_P1-A5.NC,6,0.000668021,20,0.0005,1609633.146,468592,184.4,336.4174,100,0.0,35,100,0,0,100,0.0,200,0,4.3,24.2,0.0,48,359.4811486,200,0,3.9,22.7,0.0,8,239.5924589,200,0,4.1,25.9,0.0,32,-296.1363471,200,0,4.3,27.3,0.0
82.689432,0,MANUAL,TRIGGERED,1,AVAILABLE,UNAVAILABLE,UNAVAILABLE,108,4,PROGRAM_STOPPED,710,D_P1-A5.NC,D_P1-A5.NC,6,0.000668021,20,0.0005,1609633.146,468592,184.4,336.4174,100,0.0,35,100,0,0,100,0.0,200,0,4.3,24.2,0.0,48,359.4811486,200,0,3.9,22.7,0.0,8,239.5924589,200,0,4.1,25.9,0.0,32,-296.1363357,200,0,4.3,27.3,0.0
82.830505,0,MANUAL,TRIGGERED,1,AVAILABLE,UNAVAILABLE,UNAVAILABLE,108,4,PROGRAM_STOPPED,710,D_P1-A5.NC,D_P1-A5.NC,6,0.000668021,20,0.0005,1609633.146,468592,184.4,336.4174,100,0.0,35,100,0,0,100,0.0,200,0,4.3,24.2,0.0,48,359.4811601,200,0,3.9,22.7,0.0,8,239.5924589,200,0,4.1,25.9,0.0,32,-296.1363357,200,0,4.3,27.3,0.0
82.969063,0,MANUAL,TRIGGERED,1,AVAILABLE,UNAVAILABLE,UNAVAILABLE,108,4,PROGRAM_STOPPED,710,D_P1-A5.NC,D_P1-A5.NC,6,0.000668021,20,0.0005,1609633.146,468592,184.4,336.4174,100,0.0,35,100,0,0,100,0.0,200,0,4.3,24.2,0.0,48,359.4811601,200,0,3.9,22.7,0.0,8,239.5924589,200,0,4.1,25.9,0.0,32,-296.1363471,200,0,4.3,27.3,0.0
83.111264,0,MANUAL,TRIGGERED,1,AVAILABLE,UNAVAILABLE,UNAVAILABLE,108,4,PROGRAM_STOPPED,710,D_P1-A5.NC,D_P1-A5.NC,6,0.000668021,20,0.0005,1609633.146,468592,184.4,336.4174,100,0.0,35,100,0,0,100,0.0,200,0,4.3,24.2,0.0,48,359.4811601,200,0,3.9,22.7,0.0,8,239.5924589,200,0,4.1,25.9,0.0,32,-296.1363471,200,0,4.3,27.3,0.0
83.276805,0,MANUAL,TRIGGERED,1,AVAILABLE,UNAVAILABLE,UNAVAILABLE,108,4,PROGRAM_STOPPED,710,D_P1-A5.NC,D_P1-A5.NC,6,0.000668021,20,0.0005,1609633.146,468592,184.4,336.4174,100,0.0,35,100,0,0,100,0.0,200,0,4.3,24.2,0.0,48,359.4811486,200,0,3.9,22.7,0.0,8,239.5924589,200,0,4.1,25.9,0.0,32,-296.1363471,200,0,4.3,27.3,0.0
83.417231,0,MANUAL,TRIGGERED,1,AVAILABLE,UNAVAILABLE,UNAVAILABLE,108,4,PROGRAM_STOPPED,710,D_P1-A5.NC,D_P1-A5.NC,6,0.000668021,20,0.0005,1609633.146,468592,184.4,336.2028,100,0.0,35,100,0,0,100,0.0,200,0,4.3,24.2,0.0,48,359.4811486,200,0,3.9,22.7,0.0,8,239.5924589,200,0,4.1,25.9,0.0,32,-296.1363471,200,0,4.3,27.3,0.0
83.558885,0,MANUAL,TRIGGERED,1,AVAILABLE,UNAVAILABLE,UNAVAILABLE,108,4,PROGRAM_STOPPED,710,D_P1-A5.NC,D_P1-A5.NC,6,0.000668021,20,0.0005,1609633.146,468592,184.4,336.2028,100,0.0,35,100,0,0,100,0.0,200,0,4.3,24.2,0.0,48,359.4811486,200,0,3.9,22.7,0.0,8,239.5924589,200,0,4.1,25.9,0.0,32,-296.1363471,200,0,4.3,27.3,0.0
83.715571,0,MANUAL,TRIGGERED,1,AVAILABLE,UNAVAILABLE,UNAVAILABLE,108,4,PROGRAM_STOPPED,710,D_P1-A5.NC,D_P1-A5.NC,6,0.000668021,20,0.0005,1609633.146,468592,184.4,336.2028,100,0.0,35,100,0,0,100,0.0,200,0,3.9,24.2,0.0,48,359.4811601,200,0,4.3,22.7,0.0,8,239.5924589,200,0,4.1,25.9,0.0,32,-296.1363471,200,0,4.1,27.3,0.0
83.857773,0,MANUAL,TRIGGERED,1,AVAILABLE,UNAVAILABLE,UNAVAILABLE,108,4,PROGRAM_STOPPED,710,D_P1-A5.NC,D_P1-A5.NC,6,0.000668021,20,0.0005,1609633.146,468592,184.4,336.2028,100,0.0,35,100,0,0,100,0.0,200,0,3.9,24.2,0.0,48,359.4811486,200,0,4.3,22.7,0.0,8,239.5924589,200,0,4.1,25.9,0.0,32,-296.1363471,200,0,4.1,27.3,0.0
84.025888,0,MANUAL,TRIGGERED,1,AVAILABLE,UNAVAILABLE,UNAVAILABLE,108,4,PROGRAM_STOPPED,710,D_P1-A5.NC,D_P1-A5.NC,6,0.000668021,20,0.0005,1609633.146,468592,184.4,336.2028,100,0.0,35,100,0,0,100,0.0,200,0,3.9,24.2,0.0,48,359.4811486,200,0,4.3,22.7,0.0,8,239.5924589,200,0,4.1,25.9,0.0,32,-296.1363471,200,0,4.1,27.3,0.0
84.172774,0,MANUAL,TRIGGERED,1,AVAILABLE,UNAVAILABLE,UNAVAILABLE,108,4,PROGRAM_STOPPED,710,D_P1-A5.NC,D_P1-A5.NC,6,0.000668021,20,0.0005,1609633.146,468592,184.4,336.2028,100,0.0,35,100,0,0,100,0.0,200,0,3.9,24.2,0.0,48,359.4811601,200,0,4.3,22.7,0.0,8,239.5924589,200,0,4.1,25.9,0.0,32,-296.1363357,200,0,4.1,27.3,0.0
84.313243,0,MANUAL,TRIGGERED,1,AVAILABLE,UNAVAILABLE,UNAVAILABLE,108,4,PROGRAM_STOPPED,710,D_P1-A5.NC,D_P1-A5.NC,6,0.000668021,20,0.0005,1609633.146,468592,184.4,336.2028,100,0.0,35,100,0,0,100,0.0,200,0,3.9,24.2,0.0,48,359.4811486,200,0,4.3,22.7,0.0,8,239.5924589,200,0,4.1,25.9,0.0,32,-296.1363471,200,0,4.1,27.3,0.0
84.460087,0,MANUAL,TRIGGERED,1,AVAILABLE,UNAVAILABLE,UNAVAILABLE,108,4,PROGRAM_STOPPED,710,D_P1-A5.NC,D_P1-A5.NC,6,0.000668021,20,0.0005,1609633.146,468592,184.4,335.8254,100,0.0,35,100,0,0,100,0.0,200,0,3.9,24.2,0.0,48,359.4811486,200,0,4.3,22.7,0.0,8,239.5924589,200,0,4.1,25.9,0.0,32,-296.1363471,200,0,4.1,27.3,0.0
84.600592,0,MANUAL,TRIGGERED,1,AVAILABLE,UNAVAILABLE,UNAVAILABLE,108,4,PROGRAM_STOPPED,710,D_P1-A5.NC,D_P1-A5.NC,6,0.000668021,20,0.0005,1609633.146,468592,184.4,335.8254,100,0.0,35,100,0,0,100,0.0,200,0,3.9,24.2,0.0,48,359.4811601,200,0,4.3,22.7,0.0,8,239.5924589,200,0,4.1,25.9,0.0,32,-296.1363471,200,0,4.1,27.3,0.0
84.743548,0,MANUAL,TRIGGERED,1,AVAILABLE,UNAVAILABLE,UNAVAILABLE,108,4,PROGRAM_STOPPED,710,D_P1-A5.NC,D_P1-A5.NC,6,0.000668021,20,0.0005,1609633.146,468592,184.4,335.8254,100,0.0,35,100,0,0,100,0.0,200,0,3.9,24.2,0.0,48,359.4811601,200,0,4.3,22.7,0.0,8,239.5924589,200,0,4.1,25.9,0.0,32,-296.1363471,200,0,4.1,27.3,0.0
84.890195,0,MANUAL,TRIGGERED,1,AVAILABLE,UNAVAILABLE,UNAVAILABLE,108,4,PROGRAM_STOPPED,710,D_P1-A5.NC,D_P1-A5.NC,6,0.000668021,20,0.0005,1609633.146,468592,184.4,335.8254,100,0.0,35,100,0,0,100,0.0,200,0,3.9,24.2,0.0,48,359.4811486,200,0,4.3,22.7,0.0,8,239.5924475,200,0,4.1,25.9,0.0,32,-296.1363471,200,0,4.1,27.3,0.0
85.044978,0,MANUAL,TRIGGERED,1,AVAILABLE,UNAVAILABLE,UNAVAILABLE,108,4,PROGRAM_STOPPED,710,D_P1-A5.NC,D_P1-A5.NC,6,0.000668021,20,0.0005,1609633.146,468592,184.4,335.8254,100,0.0,35,100,0,0,100,0.0,200,0,3.9,24.2,0.0,48,359.4811601,200,0,4.3,22.7,0.0,8,239.5924589,200,0,4.1,25.9,0.0,32,-296.1363471,200,0,4.1,27.3,0.0
85.194585,0,MANUAL,TRIGGERED,1,AVAILABLE,UNAVAILABLE,UNAVAILABLE,108,4,PROGRAM_STOPPED,710,D_P1-A5.NC,D_P1-A5.NC,6,0.000668021,20,0.0005,1609633.146,468592,184.4,335.8254,100,0.0,35,100,0,0,100,0.0,200,0,3.9,24.2,0.0,48,359.4811486,200,0,4.3,22.7,0.0,8,239.5924589,200,0,4.1,25.9,0.0,32,-296.1363471,200,0,4.1,27.3,0.0
85.333482,0,MANUAL,TRIGGERED,1,AVAILABLE,UNAVAILABLE,UNAVAILABLE,108,4,PROGRAM_STOPPED,710,D_P1-A5.NC,D_P1-A5.NC,6,0.000668021,20,0.0005,1609633.146,468592,184.4,335.8254,100,0.0,35,100,0,0,100,0.0,200,0,4.4,24.2,0.0,48,359.4811486,200,0,4.2,22.7,0.0,8,239.5924589,200,0,3.9,25.9,0.0,32,-296.1363471,200,0,4.3,27.2,0.0
85.477065,0,MANUAL,TRIGGERED,1,AVAILABLE,UNAVAILABLE,UNAVAILABLE,108,4,PROGRAM_STOPPED,710,D_P1-A5.NC,D_P1-A5.NC,6,0.000668021,20,0.0005,1609633.146,468592,184.4,335.91,100,0.0,35,100,0,0,100,0.0,200,0,4.4,24.2,0.0,48,359.4811601,200,0,4.2,22.7,0.0,8,239.5924589,200,0,3.9,25.9,0.0,32,-296.1363471,200,0,4.3,27.2,0.0
85.618373,0,MANUAL,TRIGGERED,1,AVAILABLE,UNAVAILABLE,UNAVAILABLE,108,4,PROGRAM_STOPPED,710,D_P1-A5.NC,D_P1-A5.NC,6,0.000668021,20,0.0005,1609633.146,468592,184.4,335.91,100,0.0,35,100,0,0,100,0.0,200,0,4.4,24.2,0.0,48,359.4811601,200,0,4.2,22.7,0.0,8,239.5924589,200,0,3.9,25.9,0.0,32,-296.1363471,200,0,4.3,27.2,0.0
85.759761,0,MANUAL,TRIGGERED,1,AVAILABLE,UNAVAILABLE,UNAVAILABLE,108,4,PROGRAM_STOPPED,710,D_P1-A5.NC,D_P1-A5.NC,6,0.000668021,20,0.0005,1609633.146,468592,184.4,335.91,100,0.0,35,100,0,0,100,0.0,200,0,4.4,24.2,0.0,48,359.4811601,200,0,4.2,22.7,0.0,8,239.5924589,200,0,3.9,25.9,0.0,32,-296.1363471,200,0,4.3,27.2,0.0
85.900776,1,MANUAL,ARMED,1,AVAILABLE,UNAVAILABLE,UNAVAILABLE,108,4,PROGRAM_STOPPED,710,D_P1-A5.NC,D_P1-A5.NC,6,0.000668021,20,0.0005,1609633.146,468592,184.4,335.91,100,0.0,35,100,0,0,100,0.0,200,0,4.4,24.2,0.0,48,359.4811486,200,0,4.2,22.7,0.0,8,239.5924589,200,0,3.9,25.9,0.0,32,-296.1363471,200,0,4.3,27.2,0.0
86.044201,1,MANUAL,ARMED,1,AVAILABLE,UNAVAILABLE,UNAVAILABLE,108,4,PROGRAM_STOPPED,710,D_P1-A5.NC,D_P1-A5.NC,6,0.000668021,20,0.0005,1609633.146,468592,184.4,335.91,100,0.0,35,100,0,0,100,0.0,200,0,4.4,24.2,0.0,48,359.4811486,200,0,4.2,22.7,0.0,8,239.5924589,200,0,3.9,25.9,0.0,32,-296.1363471,200,0,4.3,27.2,0.0
86.200621,1,MANUAL,ARMED,1,AVAILABLE,UNAVAILABLE,UNAVAILABLE,108,4,PROGRAM_STOPPED,710,D_P1-A5.NC,D_P1-A5.NC,6,0.000668021,20,0.0005,1609633.146,468592,184.4,335.91,100,0.0,35,100,0,0,100,0.0,200,0,4.4,24.2,0.0,48,359.4811486,200,0,4.2,22.7,0.0,8,239.5924589,200,0,3.9,25.9,0.0,32,-296.1363471,200,0,4.3,27.2,0.0
86.342623,1,MANUAL,ARMED,1,AVAILABLE,UNAVAILABLE,UNAVAILABLE,108,4,PROGRAM_STOPPED,710,D_P1-A5.NC,D_P1-A5.NC,6,0.000668021,20,0.0005,1609633.146,468592,184.4,335.91,100,0.0,35,100,0,0,100,0.0,200,0,4.4,24.2,0.0,48,359.4811601,200,0,4.2,22.7,0.0,8,239.5924475,200,0,3.9,25.9,0.0,32,-296.1363357,200,0,4.3,27.2,0.0
86.488216,1,MANUAL,ARMED,1,AVAILABLE,UNAVAILABLE,UNAVAILABLE,108,4,PROGRAM_STOPPED,710,D_P1-A5.NC,D_P1-A5.NC,6,0.000668021,20,0.0005,1609633.146,468592,184.4,335.91,100,0.0,35,100,0,0,100,0.0,200,0,4.4,24.2,0.0,48,359.4811486,200,0,4.2,22.7,0.0,8,239.5924589,200,0,3.9,25.9,0.0,32,-296.1363471,200,0,4.3,27.2,0.0
86.630655,1,MANUAL,ARMED,1,AVAILABLE,UNAVAILABLE,UNAVAILABLE,108,4,PROGRAM_STOPPED,710,D_P1-A5.NC,D_P1-A5.NC,6,0.000668021,20,0.0005,1609633.146,468592,184.4,1061.3176,100,0.0,35,100,0,0,100,0.0,200,100,4.4,24.2,0.0,48,359.4811601,200,0,3.9,22.7,0.0,8,239.5924589,200,0,3.9,25.9,0.0,32,-296.1363471,200,0,4.5,27.2,0.0
86.821318,1,MANUAL,ARMED,1,AVAILABLE,UNAVAILABLE,UNAVAILABLE,108,4,PROGRAM_STOPPED,710,D_P1-A5.NC,D_P1-A5.NC,6,0.000668021,20,0.0005,1609633.146,468592,184.4,1061.3176,100,0.0,35,100,0,0,100,0.0,200,100,4.4,24.2,0.0,48,359.4811601,200,0,3.9,22.7,0.0,8,239.5924589,200,0,3.9,25.9,0.0,32,-296.1363471,200,0,4.5,27.2,0.0
86.970616,1,MANUAL,ARMED,1,AVAILABLE,UNAVAILABLE,UNAVAILABLE,108,4,PROGRAM_STOPPED,710,D_P1-A5.NC,D_P1-A5.NC,6,0.000668021,20,0.0005,1609633.146,468592,184.4,1061.3176,100,0.0,35,100,0,0,100,0.0,200,100,4.4,24.2,0.0,48,359.4811601,200,0,3.9,22.7,0.0,8,239.5924589,200,0,3.9,25.9,0.0,32,-296.1363471,200,0,4.5,27.2,0.0
87.122931,1,MANUAL,ARMED,1,AVAILABLE,UNAVAILABLE,UNAVAILABLE,108,4,PROGRAM_STOPPED,710,D_P1-A5.NC,D_P1-A5.NC,6,0.000668021,20,0.0005,1609633.146,468592,184.4,1061.3176,100,0.0,35,100,0,0,100,0.0,200,100,4.4,24.2,0.0,48,359.4811601,200,0,3.9,22.7,0.0,8,239.5924589,200,0,3.9,25.9,0.0,32,-296.1363357,200,0,4.5,27.2,0.0
87.263446,1,MANUAL,ARMED,1,AVAILABLE,UNAVAILABLE,UNAVAILABLE,108,4,PROGRAM_STOPPED,710,D_P1-A5.NC,D_P1-A5.NC,6,0.000668021,20,0.0005,1609633.146,468592,184.4,1061.3176,100,0.0,35,100,0,0,100,0.0,200,100,4.4,24.2,0.0,48,359.4811601,200,0,3.9,22.7,0.0,8,239.5924475,200,0,3.9,25.9,0.0,32,-296.1363471,200,0,4.5,27.2,0.0
87.402538,1,MANUAL,ARMED,1,AVAILABLE,UNAVAILABLE,UNAVAILABLE,108,4,PROGRAM_STOPPED,710,D_P1-A5.NC,D_P1-A5.NC,6,0.000668021,20,0.0005,1609633.146,468592,184.4,1061.3176,100,0.0,35,100,0,0,100,0.0,200,100,4.4,24.2,0.0,48,359.4811601,200,0,3.9,22.7,0.0,8,239.5924475,200,0,3.9,25.9,0.0,32,-296.1363357,200,0,4.5,27.2,0.0
87.550831,1,MANUAL,ARMED,1,AVAILABLE,UNAVAILABLE,UNAVAILABLE,108,4,PROGRAM_STOPPED,710,D_P1-A5.NC,D_P1-A5.NC,6,0.000668021,20,0.0005,1609633.146,468592,184.4,1061.3176,100,0.0,35,100,0,0,100,0.0,200,100,4.4,24.2,0.0,48,359.4811601,200,0,3.9,22.7,0.0,8,239.5924589,200,0,3.9,25.9,0.0,32,-296.1363471,200,0,4.5,27.2,0.0
87.698719,1,MANUAL,ARMED,1,AVAILABLE,UNAVAILABLE,UNAVAILABLE,108,4,PROGRAM_STOPPED,710,D_P1-A5.NC,D_P1-A5.NC,6,0.000668021,20,0.0005,1609633.146,468592,184.4,971.0377,100,0.0,35,100,0,0,100,0.0,200,100,4.4,24.2,0.0,48,359.4811486,200,0,3.9,22.7,0.0,8,239.5924589,200,0,3.9,25.9,0.0,32,-296.1363471,200,0,4.5,27.2,0.0
87.84624,1,MANUAL,ARMED,1,AVAILABLE,UNAVAILABLE,UNAVAILABLE,108,4,PROGRAM_STOPPED,710,D_P1-A5.NC,D_P1-A5.NC,6,0.000668021,20,0.0005,1609633.146,468592,184.4,971.0377,100,0.0,35,100,0,0,100,0.0,200,100,4.4,24.2,0.0,48,359.4811601,200,0,3.9,22.7,0.0,8,239.5924589,200,0,3.9,25.9,0.0,32,-296.1363471,200,0,4.5,27.2,0.0
87.987713,1,MANUAL,ARMED,1,AVAILABLE,UNAVAILABLE,UNAVAILABLE,108,4,PROGRAM_STOPPED,710,D_P1-A5.NC,D_P1-A5.NC,6,0.000668021,20,0.0005,1609633.146,468592,184.4,971.0377,100,0.0,35,100,0,0,100,0.0,200,100,4.4,24.2,0.0,48,359.4811601,200,0,3.9,22.7,0.0,8,239.5924589,200,0,3.9,25.9,0.0,32,-296.1363357,200,0,4.5,27.2,0.0
88.129147,1,MANUAL,ARMED,1,AVAILABLE,UNAVAILABLE,UNAVAILABLE,108,4,PROGRAM_STOPPED,710,D_P1-A5.NC,D_P1-A5.NC,6,0.000668021,20,0.0005,1609633.146,468592,184.4,971.0377,100,0.0,35,100,0,0,100,0.0,200,100,4.4,24.2,0.0,48,359.4811486,200,0,3.9,22.7,0.0,8,239.5924475,200,0,3.9,25.9,0.0,32,-296.1363471,200,0,4.5,27.2,0.0
88.266955,1,MANUAL,ARMED,1,AVAILABLE,UNAVAILABLE,UNAVAILABLE,108,4,PROGRAM_STOPPED,710,D_P1-A5.NC,D_P1-A5.NC,6,0.000668021,20,0.0005,1609633.146,468592,184.4,971.0377,100,0.0,35,100,0,0,100,0.0,300,100,3.9,24.2,0.0,48,359.4811486,200,0,4.3,22.7,0.0,8,239.5924589,200,0,3.9,25.9,0.0,32,-296.1363471,200,0,4.0,27.2,0.0
88.404988,1,MANUAL,ARMED,1,AVAILABLE,UNAVAILABLE,UNAVAILABLE,108,4,PROGRAM_STOPPED,710,D_P1-A5.NC,D_P1-A5.NC,6,0.000668021,20,0.0005,1609633.146,468592,184.4,971.0377,100,0.0,35,100,0,0,100,0.0,300,100,3.9,24.2,0.0,48,359.4811601,200,0,4.3,22.7,0.0,8,239.5924475,200,0,3.9,25.9,0.0,32,-296.1363471,200,0,4.0,27.2,0.0
88.558234,1,MANUAL,ARMED,1,AVAILABLE,UNAVAILABLE,UNAVAILABLE,108,4,PROGRAM_STOPPED,710,D_P1-A5.NC,D_P1-A5.NC,6,0.000668021,20,0.0005,1609633.146,468592,184.4,971.0377,100,0.0,35,100,0,0,100,0.0,300,100,3.9,24.2,0.0,48,359.4811601,200,0,4.3,22.7,0.0,8,239.5924589,200,0,3.9,25.9,0.0,32,-296.1363471,200,0,4.0,27.2,0.0
88.707566,1,MANUAL,ARMED,1,AVAILABLE,UNAVAILABLE,UNAVAILABLE,108,4,PROGRAM_STOPPED,710,D_P1-A5.NC,D_P1-A5.NC,6,0.000668021,20,0.0005,1609633.146,468592,184.4,971.0377,100,0.0,35,100,0,0,100,0.0,300,100,3.9,24.2,0.0,48,359.4811601,200,0,4.3,22.7,0.0,8,239.5924589,200,0,3.9,25.9,0.0,32,-296.1363471,200,0,4.0,27.2,0.0
88.855913,1,MANUAL,ARMED,1,AVAILABLE,UNAVAILABLE,UNAVAILABLE,108,4,PROGRAM_STOPPED,710,D_P1-A5.NC,D_P1-A5.NC,6,0.000668021,20,0.0005,1609633.146,468592,184.4,988.974,100,0.0,35,100,0,0,100,0.0,300,100,3.9,24.2,0.0,48,359.4811486,200,0,4.3,22.7,0.0,8,239.5924589,200,0,3.9,25.9,0.0,32,-296.1363471,200,0,4.0,27.2,0.0
88.996113,1,MANUAL,ARMED,1,AVAILABLE,UNAVAILABLE,UNAVAILABLE,108,4,PROGRAM_STOPPED,710,D_P1-A5.NC,D_P1-A5.NC,6,0.000668021,20,0.0005,1609633.146,468592,184.4,988.974,100,0.0,35,100,0,0,100,0.0,300,100,3.9,24.2,0.0,48,359.4811601,200,0,4.3,22.7,0.0,8,239.5924589,200,0,3.9,25.9,0.0,32,-296.1363471,200,0,4.0,27.2,0.0
89.144612,1,MANUAL,ARMED,1,AVAILABLE,UNAVAILABLE,UNAVAILABLE,108,4,PROGRAM_STOPPED,710,D_P1-A5.NC,D_P1-A5.NC,6,0.000668021,20,0.0005,1609633.146,468592,184.4,988.974,100,0.0,35,100,0,0,100,0.0,300,100,3.9,24.2,0.0,48,359.4811601,200,0,4.3,22.7,0.0,8,239.5924589,200,0,3.9,25.9,0.0,32,-296.1363471,200,0,4.0,27.2,0.0
89.289225,1,MANUAL,ARMED,1,AVAILABLE,UNAVAILABLE,UNAVAILABLE,108,4,PROGRAM_STOPPED,710,D_P1-A5.NC,D_P1-A5.NC,6,0.000668021,20,0.0005,1609633.146,468592,184.4,988.974,100,0.0,35,100,0,0,100,0.0,300,100,3.9,24.2,0.0,48,359.4811601,200,0,4.3,22.7,0.0,8,239.5924475,200,0,3.9,25.9,0.0,32,-296.1363471,200,0,4.0,27.2,0.0
89.443942,1,MANUAL,ARMED,1,AVAILABLE,UNAVAILABLE,UNAVAILABLE,108,4,PROGRAM_STOPPED,710,D_P1-A5.NC,D_P1-A5.NC,6,0.000668021,20,0.0005,1609633.146,468592,184.4,988.974,100,0.0,35,100,0,0,100,0.0,300,100,3.9,24.2,0.0,48,359.4811486,200,0,4.3,22.7,0.0,8,239.5924475,200,0,3.9,25.9,0.0,32,-296.1363471,200,0,4.0,27.2,0.0
89.599728,1,MANUAL,ARMED,1,AVAILABLE,UNAVAILABLE,UNAVAILABLE,108,4,PROGRAM_STOPPED,710,D_P1-A5.NC,D_P1-A5.NC,6,0.000668021,20,0.0005,1609633.146,468592,184.4,988.974,100,0.0,35,100,0,0,100,0.0,200,100,3.9,24.2,0.0,48,359.4811601,200,0,4.4,22.7,0.0,8,239.5924589,200,0,4.2,25.9,0.1,32,-296.1363471,200,0,4.4,27.2,0.0
89.749061,1,MANUAL,ARMED,1,AVAILABLE,UNAVAILABLE,UNAVAILABLE,108,4,PROGRAM_STOPPED,710,D_P1-A5.NC,D_P1-A5.NC,6,0.000668021,20,0.0005,1609633.146,468592,184.4,988.974,100,0.0,35,100,0,0,100,0.0,200,100,3.9,24.2,0.0,48,359.4811486,200,0,4.4,22.7,0.0,8,239.5924589,200,0,4.2,25.9,0.1,32,-296.1363471,200,0,4.4,27.2,0.0
89.914421,1,MANUAL,ARMED,1,AVAILABLE,UNAVAILABLE,UNAVAILABLE,108,4,PROGRAM_STOPPED,710,D_P1-A5.NC,D_P1-A5.NC,6,0.000668021,20,0.0005,1609633.146,468592,184.4,1067.5306,100,0.0,35,100,0,0,100,0.0,200,100,3.9,24.2,0.0,48,359.4811486,200,0,4.4,22.7,0.0,8,239.5924589,200,0,4.2,25.9,0.1,32,-296.1363471,200,0,4.4,27.2,0.0
90.057008,1,MANUAL,ARMED,1,AVAILABLE,UNAVAILABLE,UNAVAILABLE,108,4,PROGRAM_STOPPED,710,D_P1-A5.NC,D_P1-A5.NC,6,0.000668021,20,0.0005,1609633.146,468592,184.4,1067.5306,100,0.0,35,100,0,0,100,0.0,200,100,3.9,24.2,0.0,48,359.4811601,200,0,4.4,22.7,0.0,8,239.5924589,200,0,4.2,25.9,0.1,32,-296.1363471,200,0,4.4,27.2,0.0
90.204864,1,MANUAL,ARMED,1,AVAILABLE,UNAVAILABLE,UNAVAILABLE,108,4,PROGRAM_STOPPED,710,D_P1-A5.NC,D_P1-A5.NC,6,0.000668021,20,0.0005,1609633.146,468592,184.4,1067.5306,100,0.0,35,100,0,0,100,0.0,200,100,3.9,24.2,0.0,48,359.4811486,200,0,4.4,22.7,0.0,8,239.5924475,200,0,4.2,25.9,0.1,32,-296.1363357,200,0,4.4,27.2,0.0
90.366821,1,MANUAL,ARMED,2,AVAILABLE,UNAVAILABLE,UNAVAILABLE,108,4,PROGRAM_STOPPED,710,D_P1-A5.NC,D_P1-A5.NC,6,0.000668021,20,0.0005,1609633.146,468592,184.4,1067.5306,100,0.0,35,100,0,0,100,0.0,200,100,3.9,24.2,0.0,48,359.4811486,200,0,4.4,22.7,0.0,8,239.5924589,200,0,4.2,25.9,0.1,32,-296.1363471,200,0,4.4,27.2,0.0
90.521085,1,MANUAL,ARMED,2,AVAILABLE,UNAVAILABLE,UNAVAILABLE,108,4,PROGRAM_STOPPED,710,D_P1-A5.NC,D_P1-A5.NC,6,0.000668021,20,0.0005,1609633.146,468592,184.4,1067.5306,100,0.0,35,100,0,0,100,0.0,200,100,3.9,24.2,0.0,48,359.4811601,200,0,4.4,22.7,0.0,8,239.5924475,200,0,4.2,25.9,0.1,32,-296.1363471,200,0,4.4,27.2,0.0
90.681991,1,MANUAL,ARMED,2,AVAILABLE,UNAVAILABLE,UNAVAILABLE,108,4,PROGRAM_STOPPED,710,D_P1-A5.NC,D_P1-A5.NC,6,0.000668021,20,0.0005,1609633.146,468592,184.4,1067.5306,100,0.0,35,100,0,0,100,0.0,200,100,3.9,24.2,0.0,48,359.4811486,200,0,4.4,22.7,0.0,8,239.5924589,200,0,4.2,25.9,0.1,32,-296.1363471,200,0,4.4,27.2,0.0
90.82769,1,MANUAL,ARMED,2,AVAILABLE,UNAVAILABLE,UNAVAILABLE,108,4,PROGRAM_STOPPED,710,D_P1-A5.NC,D_P1-A5.NC,6,0.000668021,20,0.0005,1609633.146,468592,184.4,1067.5306,100,0.0,35,100,0,0,100,0.0,200,100,3.9,24.2,0.0,48,359.4811486,200,0,4.4,22.7,0.0,8,239.5924589,200,0,4.2,25.9,0.1,32,-296.1363471,200,0,4.4,27.2,0.0
90.971983,1,MANUAL,ARMED,2,AVAILABLE,UNAVAILABLE,UNAVAILABLE,108,4,PROGRAM_STOPPED,710,D_P1-A5.NC,D_P1-A5.NC,6,0.000668021,20,0.0005,1609633.146,468592,184.4,1070.25,100,0.0,35,100,0,0,100,0.0,200,100,4.2,24.2,0.0,48,359.4811486,200,0,4.0,22.7,0.0,8,239.5924475,200,0,3.7,25.9,0.1,32,-296.1363471,200,0,3.9,27.2,0.0
91.115702,1,MANUAL,ARMED,2,AVAILABLE,UNAVAILABLE,UNAVAILABLE,108,4,PROGRAM_STOPPED,710,D_P1-A5.NC,D_P1-A5.NC,6,0.000668021,20,0.0005,1609633.146,468592,184.4,1070.25,100,0.0,35,100,0,0,100,0.0,200,100,4.2,24.2,0.0,48,359.4811486,200,0,4.0,22.7,0.0,8,239.5924589,200,0,3.7,25.9,0.1,32,-296.1363471,200,0,3.9,27.2,0.0
91.262668,1,MANUAL,ARMED,2,AVAILABLE,UNAVAILABLE,UNAVAILABLE,108,4,PROGRAM_STOPPED,710,D_P1-A5.NC,D_P1-A5.NC,6,0.000668021,20,0.0005,1609633.146,468592,184.4,1070.25,100,0.0,35,100,0,0,100,0.0,200,100,4.2,24.2,0.0,48,359.4811601,200,0,4.0,22.7,0.0,8,239.5924589,200,0,3.7,25.9,0.1,32,-296.1363471,200,0,3.9,27.2,0.0
91.404927,1,MANUAL,ARMED,2,AVAILABLE,UNAVAILABLE,UNAVAILABLE,108,4,PROGRAM_STOPPED,710,D_P1-A5.NC,D_P1-A5.NC,6,0.000668021,20,0.0005,1609633.146,468592,184.4,1070.25,100,0.0,35,100,0,0,100,0.0,200,100,4.2,24.2,0.0,48,359.4811486,200,0,4.0,22.7,0.0,8,239.5924475,200,0,3.7,25.9,0.1,32,-296.1363471,200,0,3.9,27.2,0.0
91.546871,1,MANUAL,ARMED,2,AVAILABLE,UNAVAILABLE,UNAVAILABLE,108,4,PROGRAM_STOPPED,710,D_P1-A5.NC,D_P1-A5.NC,6,0.000668021,20,0.0005,1609633.146,468592,184.4,1070.25,100,0.0,35,100,0,0,100,0.0,200,100,4.2,24.2,0.0,48,359.4811486,200,0,4.0,22.7,0.0,8,239.5924475,200,0,3.7,25.9,0.1,32,-296.1363471,200,0,3.9,27.2,0.0
91.702552,1,MANUAL,ARMED,2,AVAILABLE,UNAVAILABLE,UNAVAILABLE,108,4,PROGRAM_STOPPED,710,D_P1-A5.NC,D_P1-A5.NC,6,0.000668021,20,0.0005,1609633.146,468592,184.4,1070.25,100,0.0,35,100,0,0,100,0.0,200,100,4.2,24.2,0.0,48,359.4811486,200,0,4.0,22.7,0.0,8,239.5924475,200,0,3.7,25.9,0.1,32,-296.1363357,200,0,3.9,27.2,0.0
91.848334,1,MANUAL,ARMED,2,AVAILABLE,UNAVAILABLE,UNAVAILABLE,108,4,PROGRAM_STOPPED,710,D_P1-A5.NC,D_P1-A5.NC,6,0.000668021,20,0.0005,1609633.146,468592,184.4,1070.25,100,0.0,35,100,0,0,100,0.0,200,100,4.2,24.2,0.0,48,359.4811372,200,0,4.0,22.7,0.0,8,239.5924475,200,0,3.7,25.9,0.1,32,-296.1363471,200,0,3.9,27.2,0.0
91.991105,1,MANUAL,ARMED,2,AVAILABLE,UNAVAILABLE,UNAVAILABLE,108,4,PROGRAM_STOPPED,710,D_P1-A5.NC,D_P1-A5.NC,6,0.000668021,20,0.0005,1609633.146,468592,184.4,1013.7087,100,0.0,35,100,0,0,100,0.0,200,100,4.2,24.2,0.0,48,359.4811486,200,0,4.0,22.7,0.0,8,239.5924589,200,0,3.7,25.9,0.1,32,-296.1363471,200,0,3.9,27.2,0.0
92.139757,1,MANUAL,ARMED,2,AVAILABLE,UNAVAILABLE,UNAVAILABLE,108,4,PROGRAM_STOPPED,710,D_P1-A5.NC,D_P1-A5.NC,6,0.000668021,20,0.0005,1609633.146,468592,184.4,1013.7087,100,0.0,35,100,0,0,100,0.0,200,100,4.2,24.2,0.0,48,359.4811486,200,0,4.0,22.7,0.0,8,239.5924475,200,0,3.7,25.9,0.1,32,-296.1363471,200,0,3.9,27.2,0.0
92.278801,1,MANUAL,ARMED,2,AVAILABLE,UNAVAILABLE,UNAVAILABLE,108,4,PROGRAM_STOPPED,710,D_P1-A5.NC,D_P1-A5.NC,6,0.000668021,20,0.0005,1609633.146,468592,184.4,1013.7087,100,0.0,35,100,0,0,100,0.0,200,100,4.2,24.2,0.0,48,359.4811486,200,0,4.0,22.7,0.0,8,239.5924589,200,0,3.7,25.9,0.1,32,-296.1363471,200,0,3.9,27.2,0.0
92.420682,1,MANUAL,ARMED,2,AVAILABLE,UNAVAILABLE,UNAVAILABLE,108,4,PROGRAM_STOPPED,710,D_P1-A5.NC,D_P1-A5.NC,6,0.000668021,20,0.0005,1609633.146,468592,184.4,1013.7087,100,0.0,35,100,0,0,100,0.0,200,100,4.2,24.2,0.0,48,359.4811486,200,0,4.0,22.7,0.0,8,239.5924589,200,0,3.7,25.9,0.1,32,-296.1363471,200,0,3.9,27.2,0.0
92.57188,1,MANUAL,ARMED,2,AVAILABLE,UNAVAILABLE,UNAVAILABLE,108,4,PROGRAM_STOPPED,710,D_P1-A5.NC,D_P1-A5.NC,6,0.000668021,20,0.0005,1609633.146,468592,184.4,1013.7087,100,0.0,35,100,0,0,100,0.0,200,100,4.1,24.2,0.0,48,359.4811486,200,0,4.4,22.7,0.0,8,239.5924589,200,0,4.2,25.9,0.0,32,-296.1363471,200,0,4.4,27.2,0.0
92.725866,1,MANUAL,ARMED,2,AVAILABLE,UNAVAILABLE,UNAVAILABLE,108,4,PROGRAM_STOPPED,710,D_P1-A5.NC,D_P1-A5.NC,6,0.000668021,20,0.0005,1609633.146,468592,184.4,1013.7087,100,0.0,35,100,0,0,100,0.0,200,100,4.1,24.2,0.0,48,359.4811486,200,0,4.4,22.7,0.0,8,239.5924589,200,0,4.2,25.9,0.0,32,-296.1363471,200,0,4.4,27.2,0.0
92.887731,1,MANUAL,ARMED,2,AVAILABLE,UNAVAILABLE,UNAVAILABLE,108,4,PROGRAM_STOPPED,710,D_P1-A5.NC,D_P1-A5.NC,6,0.000668021,20,0.0005,1609633.146,468592,184.4,1013.7087,100,0.0,35,100,0,0,100,0.0,200,100,4.1,24.2,0.0,48,359.4811486,200,0,4.4,22.7,0.0,8,239.5924589,200,0,4.2,25.9,0.0,32,-296.1363471,200,0,4.4,27.2,0.0
93.043839,1,MANUAL,ARMED,2,AVAILABLE,UNAVAILABLE,UNAVAILABLE,108,4,PROGRAM_STOPPED,710,D_P1-A5.NC,D_P1-A5.NC,6,0.000668021,20,0.0005,1609633.146,468592,184.4,1013.7087,100,0.0,35,100,0,0,100,0.0,200,100,4.1,24.2,0.0,48,359.4811486,200,0,4.4,22.7,0.0,8,239.5924475,200,0,4.2,25.9,0.0,32,-296.1363471,200,0,4.4,27.2,0.0
93.193574,1,MANUAL,ARMED,2,AVAILABLE,UNAVAILABLE,UNAVAILABLE,108,4,PROGRAM_STOPPED,710,D_P1-A5.NC,D_P1-A5.NC,6,0.000668021,20,0.0005,1609633.146,468592,184.4,1169.8721,100,0.0,35,100,0,0,100,0.0,200,100,4.1,24.2,0.0,48,359.4811486,200,0,4.4,22.7,0.0,8,239.5924589,200,0,4.2,25.9,0.0,32,-296.1363471,200,0,4.4,27.2,0.0
93.333177,1,MANUAL,ARMED,2,AVAILABLE,UNAVAILABLE,UNAVAILABLE,108,4,PROGRAM_STOPPED,710,D_P1-A5.NC,D_P1-A5.NC,6,0.000668021,20,0.0005,1609633.146,468592,184.4,1169.8721,100,0.0,35,100,0,0,100,0.0,200,100,4.1,24.2,0.0,48,359.4811486,200,0,4.4,22.7,0.0,8,239.5924475,200,0,4.2,25.9,0.0,32,-296.1363471,200,0,4.4,27.2,0.0
93.484384,1,MANUAL,ARMED,2,AVAILABLE,UNAVAILABLE,UNAVAILABLE,108,4,PROGRAM_STOPPED,710,D_P1-A5.NC,D_P1-A5.NC,6,0.000668021,20,0.0005,1609633.146,468592,184.4,1169.8721,100,0.0,35,100,0,0,100,0.0,200,100,4.1,24.2,0.0,48,359.4811486,200,0,4.4,22.7,0.0,8,239.5924589,200,0,4.2,25.9,0.0,32,-296.1363471,200,0,4.4,27.2,0.0
93.631657,1,MANUAL,ARMED,2,AVAILABLE,UNAVAILABLE,UNAVAILABLE,108,4,PROGRAM_STOPPED,710,D_P1-A5.NC,D_P1-A5.NC,6,0.000668021,20,0.0005,1609633.146,468592,184.4,1169.8721,100,0.0,35,100,0,0,100,0.0,200,100,4.1,24.2,0.0,48,359.4811486,200,0,4.4,22.7,0.0,8,239.5924475,200,0,4.2,25.9,0.0,32,-296.1363471,200,0,4.4,27.2,0.0
93.784655,1,MANUAL,ARMED,2,AVAILABLE,UNAVAILABLE,UNAVAILABLE,108,4,PROGRAM_STOPPED,710,D_P1-A5.NC,D_P1-A5.NC,6,0.000668021,20,0.0005,1609633.146,468592,184.4,1169.8721,100,0.0,35,100,0,0,100,0.0,200,100,4.1,24.2,0.0,48,359.4811486,200,0,4.4,22.7,0.0,8,239.5924589,200,0,4.2,25.9,0.0,32,-296.1363471,200,0,4.4,27.2,0.0
93.933222,1,MANUAL,ARMED,2,AVAILABLE,UNAVAILABLE,UNAVAILABLE,108,4,PROGRAM_STOPPED,710,D_P1-A5.NC,D_P1-A5.NC,6,0.000668021,20,0.0005,1609633.146,468592,184.4,1169.8721,100,0.0,35,100,0,0,100,0.0,300,100,3.6,24.2,0.0,48,359.4811601,200,0,4.1,22.7,0.0,8,239.5924475,1000,600,1.7,25.9,0.1,32,-296.1363471,400,100,3.5,27.2,0.0
94.084441,1,MANUAL,ARMED,2,AVAILABLE,UNAVAILABLE,UNAVAILABLE,108,4,PROGRAM_STOPPED,710,D_P1-A5.NC,D_P1-A5.NC,6,0.000668021,20,0.0005,1609633.146,468592,184.4,1169.8721,100,0.0,35,100,0,0,100,0.0,300,100,3.6,24.2,0.0,48,359.4811486,200,0,4.1,22.7,0.0,8,239.5924475,1000,600,1.7,25.9,0.1,32,-296.1363471,400,100,3.5,27.2,0.0
94.232627,1,MANUAL,ARMED,2,AVAILABLE,UNAVAILABLE,UNAVAILABLE,108,4,PROGRAM_STOPPED,710,D_P1-A5.NC,D_P1-A5.NC,6,0.000668021,20,0.0005,1609633.146,468592,184.4,1155.8589,100,0.0,35,100,0,0,100,0.0,300,100,3.6,24.2,0.0,48,359.4771089,200,0,4.1,22.7,0.0,8,239.5970938,1000,600,1.7,25.9,0.1,32,-296.1365417,400,100,3.5,27.2,0.0
94.376754,1,MANUAL,ARMED,2,AVAILABLE,UNAVAILABLE,UNAVAILABLE,108,4,PROGRAM_STOPPED,710,D_P1-A5.NC,D_P1-A5.NC,6,0.000668021,20,0.0005,1609633.146,468592,184.4,1155.8589,100,0.0,35,100,0,0,100,0.0,300,100,3.6,24.2,0.0,4,359.4770745,200,0,4.1,22.7,0.0,6,239.5973684,1000,600,1.7,25.9,0.1,35,-296.135569,400,100,3.5,27.2,0.0
94.524614,1,MANUAL,ARMED,2,AVAILABLE,UNAVAILABLE,UNAVAILABLE,108,4,PROGRAM_STOPPED,710,D_P1-A5.NC,D_P1-A5.NC,6,0.000668021,20,0.0005,1609633.146,468592,184.4,1155.8589,100,0.0,35,100,0,0,100,0.0,300,100,3.6,24.2,0.0,4,359.477086,200,0,4.1,22.7,0.0,6,239.597357,1000,600,1.7,25.9,0.1,35,-296.1352944,400,100,3.5,27.2,0.0
94.662395,1,MANUAL,ARMED,2,AVAILABLE,UNAVAILABLE,UNAVAILABLE,108,4,PROGRAM_STOPPED,710,D_P1-A5.NC,D_P1-A5.NC,6,0.000668021,20,0.0005,1609633.146,468592,184.4,1155.8589,100,0.0,35,100,0,0,100,0.0,300,100,3.6,24.2,0.0,4,359.4771203,200,0,4.1,22.7,0.0,5,239.5973226,1000,600,1.7,25.9,0.1,35,-296.1353859,400,100,3.5,27.2,0.0
94.811016,1,MANUAL,ARMED,2,AVAILABLE,UNAVAILABLE,UNAVAILABLE,108,4,PROGRAM_STOPPED,710,D_P1-A5.NC,D_P1-A5.NC,6,0.000668021,20,0.0005,1609633.146,468592,184.4,1155.8589,100,0.0,35,100,0,0,100,0.0,300,100,3.6,24.2,0.0,3,359.4771203,200,0,4.1,22.7,0.0,5,239.5973226,1000,600,1.7,25.9,0.1,34,-296.1353859,400,100,3.5,27.2,0.0
94.966635,1,MANUAL,ARMED,2,AVAILABLE,UNAVAILABLE,UNAVAILABLE,108,4,PROGRAM_STOPPED,710,D_P1-A5.NC,D_P1-A5.NC,6,0.000668021,20,0.0005,1609633.146,468592,184.4,1155.8589,100,0.0,35,100,0,0,100,0.0,300,100,3.6,24.2,0.0,3,359.4771317,200,0,4.1,22.7,0.0,5,239.5973112,1000,600,1.7,25.9,0.1,34,-296.1353974,400,100,3.5,27.2,0.0
95.110653,1,MANUAL,ARMED,2,AVAILABLE,UNAVAILABLE,UNAVAILABLE,108,4,PROGRAM_STOPPED,710,D_P1-A5.NC,D_P1-A5.NC,6,0.000668021,20,0.0005,1609633.146,468592,184.4,1155.8589,100,0.0,35,100,0,0,100,0.0,300,100,3.6,24.2,0.0,3,359.4771203,200,0,4.1,22.7,0.0,5,239.5973112,1000,600,1.7,25.9,0.1,34,-296.1353974,400,100,3.5,27.2,0.0
95.252181,1,MANUAL,ARMED,2,AVAILABLE,UNAVAILABLE,UNAVAILABLE,108,4,PROGRAM_STOPPED,710,D_P1-A5.NC,D_P1-A5.NC,6,0.000668021,20,0.0005,1609633.146,468592,184.4,1167.0876,100,0.0,35,100,0,0,100,0.0,300,100,3.6,24.2,0.0,3,359.4771203,200,0,4.1,22.7,0.0,5,239.5972998,1000,600,1.7,25.9,0.1,34,-296.1353974,400,100,3.5,27.2,0.0
95.397823,1,MANUAL,ARMED,2,AVAILABLE,UNAVAILABLE,UNAVAILABLE,108,4,PROGRAM_STOPPED,710,D_P1-A5.NC,D_P1-A5.NC,6,0.000668021,20,0.0005,1609633.146,468592,184.4,1167.0876,100,0.0,35,100,0,0,100,0.0,300,100,3.6,24.2,0.0,3,359.4771317,200,0,4.1,22.7,0.0,5,239.5972998,1000,600,1.7,25.9,0.1,34,-296.1353974,400,100,3.5,27.2,0.0
95.545212,1,MANUAL,ARMED,2,AVAILABLE,UNAVAILABLE,UNAVAILABLE,108,4,PROGRAM_STOPPED,710,D_P1-A5.NC,D_P1-A5.NC,6,0.000668021,20,0.0005,1609633.146,468592,184.4,1167.0876,100,0.0,35,100,0,0,100,0.0,300,100,3.8,24.2,0.0,3,359.4771317,200,0,4.2,22.7,0.0,5,239.5973112,1000,600,1.7,25.9,0.0,34,-296.1353974,300,100,2.9,27.2,0.0
95.696064,1,MANUAL,ARMED,2,AVAILABLE,UNAVAILABLE,UNAVAILABLE,108,4,PROGRAM_STOPPED,710,D_P1-A5.NC,D_P1-A5.NC,6,0.000668021,20,0.0005,1609633.146,468592,184.4,1167.0876,100,0.0,35,100,0,0,100,0.0,300,100,3.8,24.2,0.0,3,359.4771317,200,0,4.2,22.7,0.0,5,239.5972998,1000,600,1.7,25.9,0.0,34,-296.1353974,300,100,2.9,27.2,0.0
95.847137,1,MANUAL,ARMED,2,AVAILABLE,UNAVAILABLE,UNAVAILABLE,108,4,PROGRAM_STOPPED,710,D_P1-A5.NC,D_P1-A5.NC,6,0.000668021,20,0.0005,1609633.146,468592,184.4,1167.0876,100,0.0,35,100,0,0,100,0.0,300,100,3.8,24.2,0.0,3,359.4771317,200,0,4.2,22.7,0.0,4,239.5973112,1000,600,1.7,25.9,0.0,34,-296.1353974,300,100,2.9,27.2,0.0
95.985778,1,MANUAL,ARMED,2,AVAILABLE,UNAVAILABLE,UNAVAILABLE,108,4,PROGRAM_STOPPED,710,D_P1-A5.NC,D_P1-A5.NC,6,0.000668021,20,0.0005,1609633.146,468592,184.4,1167.0876,100,0.0,35,100,0,0,100,0.0,300,100,3.8,24.2,0.0,3,359.4771317,200,0,4.2,22.7,0.0,4,239.5972998,1000,600,1.7,25.9,0.0,34,-296.1353974,300,100,2.9,27.2,0.0
96.135613,1,MANUAL,ARMED,2,AVAILABLE,UNAVAILABLE,UNAVAILABLE,108,4,PROGRAM_STOPPED,710,D_P1-A5.NC,D_P1-A5.NC,6,0.000668021,20,0.0005,1609633.146,468592,184.4,1167.0876,100,0.0,35,100,0,0,100,0.0,300,100,3.8,24.2,0.0,3,359.4771317,200,0,4.2,22.7,0.0,5,239.5972998,1000,600,1.7,25.9,0.0,34,-296.1353974,300,100,2.9,27.2,0.0
96.290917,1,MANUAL,ARMED,2,AVAILABLE,UNAVAILABLE,UNAVAILABLE,108,4,PROGRAM_STOPPED,710,D_P1-A5.NC,D_P1-A5.NC,6,0.000668021,20,0.0005,1609633.146,468592,184.4,1167.0876,100,0.0,35,100,0,0,100,0.0,300,100,3.8,24.2,0.0,3,359.4771317,200,0,4.2,22.7,0.0,4,239.5972998,1000,600,1.7,25.9,0.0,34,-296.1353974,300,100,2.9,27.2,0.0
96.443647,1,MANUAL,ARMED,2,AVAILABLE,UNAVAILABLE,UNAVAILABLE,108,4,PROGRAM_STOPPED,710,D_P1-A5.NC,D_P1-A5.NC,6,0.000668021,20,0.0005,1609633.146,468592,184.4,1486.1089,100,0.0,35,100,0,0,100,0.0,300,100,3.8,24.2,0.0,3,359.4771317,200,0,4.2,22.7,0.0,5,239.5972998,1000,600,1.7,25.9,0.0,34,-296.1353859,300,100,2.9,27.2,0.0
96.588184,1,MANUAL,ARMED,2,AVAILABLE,UNAVAILABLE,UNAVAILABLE,108,4,PROGRAM_STOPPED,710,D_P1-A5.NC,D_P1-A5.NC,6,0.000668021,20,0.0005,1609633.146,468592,184.4,1486.1089,100,0.0,35,100,0,0,100,0.0,300,100,3.8,24.2,0.0,3,359.4771203,200,0,4.2,22.7,0.0,5,239.5973112,1000,600,1.7,25.9,0.0,34,-296.1353974,300,100,2.9,27.2,0.0
96.732773,1,MANUAL,ARMED,2,AVAILABLE,UNAVAILABLE,UNAVAILABLE,108,4,PROGRAM_STOPPED,710,D_P1-A5.NC,D_P1-A5.NC,6,0.000668021,20,0.0005,1609633.146,468592,184.4,1486.1089,100,0.0,35,100,0,0,100,0.0,300,100,3.8,24.2,0.0,3,359.4771317,200,0,4.2,22.7,0.0,5,239.5972998,1000,600,1.7,25.9,0.0,34,-296.1353974,300,100,2.9,27.2,0.0
96.873143,1,MANUAL,ARMED,2,AVAILABLE,UNAVAILABLE,UNAVAILABLE,108,4,PROGRAM_STOPPED,710,D_P1-A5.NC,D_P1-A5.NC,6,0.000668021,20,0.0005,1609633.146,468592,184.4,1486.1089,100,0.0,35,100,0,0,100,0.0,600,100,6.7,24.2,0.0,3,359.4771203,200,0,3.8,22.7,0.0,4,239.5973112,1000,600,1.7,25.9,0.0,48,-295.2616666,8800,3000,3.0,27.2,0.2
97.031012,1,MANUAL,ARMED,2,AVAILABLE,UNAVAILABLE,UNAVAILABLE,108,4,PROGRAM_STOPPED,710,D_P1-A5.NC,D_P1-A5.NC,6,0.000668021,20,0.0005,1609633.146,468592,184.4,1486.1089,100,36.36667,35,100,0,0,100,0.0,600,100,6.7,24.2,0.0,3,359.4771203,200,0,3.8,22.7,0.0,4,239.5973112,1000,600,1.7,25.9,0.0,48,-291.5198376,8800,3000,3.0,27.2,0.2
97.173672,1,MANUAL,ARMED,2,AVAILABLE,UNAVAILABLE,UNAVAILABLE,108,4,PROGRAM_STOPPED,710,D_P1-A5.NC,D_P1-A5.NC,6,0.000668021,20,0.0005,1609633.146,468592,184.4,1486.1089,100,61.38333,35,100,0,0,100,0.0,600,100,6.7,24.2,0.0,3,359.4771317,200,0,3.8,22.7,0.0,5,239.5973112,1000,600,1.7,25.9,0.0,45,-282.2322744,8800,3000,3.0,27.2,0.2
97.311445,1,MANUAL,ARMED,2,AVAILABLE,UNAVAILABLE,UNAVAILABLE,108,4,PROGRAM_STOPPED,710,D_P1-A5.NC,D_P1-A5.NC,6,0.000668021,20,0.0005,1609633.146,468592,184.4,1486.1089,100,61.38333,35,100,0,0,100,0.0,600,100,6.7,24.2,0.0,3,359.4771203,200,0,3.8,22.7,0.0,5,239.5973341,1000,600,1.7,25.9,0.0,45,-275.9093705,8800,3000,3.0,27.2,0.2
97.448367,1,MANUAL,ARMED,2,AVAILABLE,UNAVAILABLE,UNAVAILABLE,108,4,PROGRAM_STOPPED,710,D_P1-A5.NC,D_P1-A5.NC,6,0.000668021,20,0.0005,1609633.146,468592,184.4,1462.4607,100,61.38333,35,100,0,0,100,0.0,600,100,6.7,24.2,0.0,3,359.4771203,200,0,3.8,22.7,0.0,4,239.5973112,1000,600,1.7,25.9,0.0,44,-263.2492562,8800,3000,3.0,27.2,0.2
97.597274,1,MANUAL,ARMED,2,AVAILABLE,UNAVAILABLE,UNAVAILABLE,108,4,PROGRAM_STOPPED,710,D_P1-A5.NC,D_P1-A5.NC,6,0.000668021,20,0.0005,1609633.146,468592,184.4,1462.4607,100,61.38333,35,100,0,0,100,0.0,600,100,6.7,24.2,0.0,3,359.4771203,200,0,3.8,22.7,0.0,4,239.5973112,1000,600,1.7,25.9,0.0,45,-256.926946,8800,3000,3.0,27.2,0.2
97.744631,1,MANUAL,ARMED,2,AVAILABLE,UNAVAILABLE,UNAVAILABLE,108,4,PROGRAM_STOPPED,710,D_P1-A5.NC,D_P1-A5.NC,6,0.000668021,20,0.0005,1609633.146,468592,184.4,1462.4607,100,61.38333,35,100,0,0,100,0.0,600,100,6.7,24.2,0.0,3,359.4771317,200,0,3.8,22.7,0.0,4,239.5972998,1000,600,1.7,25.9,0.0,45,-250.6043121,8800,3000,3.0,27.2,0.2
97.888403,1,MANUAL,ARMED,2,AVAILABLE,UNAVAILABLE,UNAVAILABLE,108,4,PROGRAM_STOPPED,710,D_P1-A5.NC,D_P1-A5.NC,6,0.000668021,20,0.0005,1609633.146,468592,184.4,1462.4607,100,61.38333,35,100,0,0,100,0.0,600,100,6.7,24.2,0.0,3,359.4771317,200,0,3.8,22.7,0.0,4,239.5972998,1000,600,1.7,25.9,0.0,45,-237.9287832,8800,3000,3.0,27.2,0.2
98.03966,1,MANUAL,ARMED,2,AVAILABLE,UNAVAILABLE,UNAVAILABLE,108,4,PROGRAM_STOPPED,710,D_P1-A5.NC,D_P1-A5.NC,6,0.000668021,20,0.0005,1609633.146,468592,184.4,1462.4607,100,61.38333,35,100,0,0,100,0.0,600,100,6.7,24.2,0.0,3,359.4771203,200,0,3.8,22.7,0.0,4,239.5973112,1000,600,1.7,25.9,0.0,43,-231.6062844,8800,3000,3.0,27.2,0.2
98.191502,1,MANUAL,ARMED,2,AVAILABLE,UNAVAILABLE,UNAVAILABLE,108,4,PROGRAM_STOPPED,710,D_P1-A5.NC,D_P1-A5.NC,6,0.000668021,20,0.0005,1609633.146,468592,184.4,1462.4607,100,61.38333,35,100,0,0,100,0.0,600,100,6.7,24.2,0.0,3,359.4771317,200,0,3.8,22.7,0.0,4,239.5972998,1000,600,1.7,25.9,0.0,43,-225.2527113,8800,3000,3.0,27.2,0.2
98.329588,1,MANUAL,ARMED,2,AVAILABLE,UNAVAILABLE,UNAVAILABLE,108,4,PROGRAM_STOPPED,710,D_P1-A5.NC,D_P1-A5.NC,6,0.000668021,20,0.0005,1609633.146,468592,184.4,1462.4607,100,61.38333,35,100,0,0,100,0.0,600,100,6.1,24.2,0.0,3,359.4771203,200,0,4.2,22.7,0.0,4,239.5973112,1100,600,1.7,25.9,0.1,44,-206.2700907,9100,3000,3.1,27.2,0.2
98.472173,1,MANUAL,ARMED,2,AVAILABLE,UNAVAILABLE,UNAVAILABLE,108,4,PROGRAM_STOPPED,710,D_P1-A5.NC,D_P1-A5.NC,6,0.000668021,20,0.0005,1609633.146,468592,184.4,1439.4692,100,61.38333,35,100,0,0,100,0.0,600,100,6.1,24.2,0.0,3,359.4771317,200,0,4.2,22.7,0.0,4,239.5972998,1100,600,1.7,25.9,0.1,44,-199.947517,9100,3000,3.1,27.2,0.2
98.637926,1,MANUAL,ARMED,2,AVAILABLE,UNAVAILABLE,UNAVAILABLE,108,4,PROGRAM_STOPPED,710,D_P1-A5.NC,D_P1-A5.NC,6,0.000668021,20,0.0005,1609633.146,468592,184.4,1439.4692,100,61.38333,35,100,0,0,100,0.0,600,100,6.1,24.2,0.0,3,359.4771203,200,0,4.2,22.7,0.0,4,239.5972998,1100,600,1.7,25.9,0.1,44,-193.6251054,9100,3000,3.1,27.2,0.2
98.789095,1,MANUAL,ARMED,2,AVAILABLE,UNAVAILABLE,UNAVAILABLE,108,4,PROGRAM_STOPPED,710,D_P1-A5.NC,D_P1-A5.NC,6,0.000668021,20,0.0005,1609633.146,468592,184.4,1439.4692,100,61.38333,35,100,0,0,100,0.0,600,100,6.1,24.2,0.0,3,359.4771317,200,0,4.2,22.7,0.0,4,239.5973112,1100,600,1.7,25.9,0.1,45,-187.2720319,9100,3000,3.1,27.2,0.2
98.941727,1,MANUAL,ARMED,2,AVAILABLE,UNAVAILABLE,UNAVAILABLE,108,4,PROGRAM_STOPPED,710,D_P1-A5.NC,D_P1-A5.NC,6,0.000668021,20,0.0005,1609633.146,468592,184.4,1439.4692,100,61.38333,35,100,0,0,100,0.0,600,100,6.1,24.2,0.0,3,359.4771317,200,0,4.2,22.7,0.0,4,239.5972998,1100,600,1.7,25.9,0.1,45,-171.4657947,9100,3000,3.1,27.2,0.2
99.086243,1,MANUAL,ARMED,2,AVAILABLE,UNAVAILABLE,UNAVAILABLE,108,4,PROGRAM_STOPPED,710,D_P1-A5.NC,D_P1-A5.NC,6,0.000668021,20,0.0005,1609633.146,468592,184.4,1439.4692,100,61.38333,35,100,0,0,100,0.0,600,100,6.1,24.2,0.0,3,359.4771317,200,0,4.2,22.7,0.0,4,239.5972998,1100,600,1.7,25.9,0.1,45,-165.1123306,9100,3000,3.1,27.2,0.2
99.229131,1,MANUAL,ARMED,2,AVAILABLE,UNAVAILABLE,UNAVAILABLE,108,4,PROGRAM_STOPPED,710,D_P1-A5.NC,D_P1-A5.NC,6,0.000668021,20,0.0005,1609633.146,468592,184.4,1439.4692,100,61.38333,35,100,0,0,100,0.0,600,100,6.1,24.2,0.0,3,359.4771203,200,0,4.2,22.7,0.0,4,239.5972998,1100,600,1.7,25.9,0.1,45,-158.7901342,9100,3000,3.1,27.2,0.2
99.367354,1,MANUAL,ARMED,2,AVAILABLE,UNAVAILABLE,UNAVAILABLE,108,4,PROGRAM_STOPPED,710,D_P1-A5.NC,D_P1-A5.NC,6,0.000668021,20,0.0005,1609633.146,468592,184.4,1439.4692,100,61.38333,35,100,0,0,100,0.0,600,100,6.1,24.2,0.0,3,359.4771317,200,0,4.2,22.7,0.0,4,239.5972998,1100,600,1.7,25.9,0.1,45,-146.1296579,9100,3000,3.1,27.2,0.2
99.514616,1,MANUAL,ARMED,2,AVAILABLE,UNAVAILABLE,UNAVAILABLE,108,4,PROGRAM_STOPPED,710,D_P1-A5.NC,D_P1-A5.NC,6,0.000668021,20,0.0005,1609633.146,468592,184.4,1439.4692,100,61.38333,35,100,0,0,100,0.0,600,100,6.1,24.2,0.0,3,359.4771317,200,0,4.2,22.7,0.0,4,239.5972998,1100,600,1.7,25.9,0.1,45,-139.8072658,9100,3000,3.1,27.2,0.2
99.669471,1,MANUAL,ARMED,2,AVAILABLE,UNAVAILABLE,UNAVAILABLE,108,4,PROGRAM_STOPPED,710,D_P1-A5.NC,D_P1-A5.NC,6,0.000668021,20,0.0005,1609633.146,468592,184.4,1115.4323,100,61.38333,35,100,0,0,100,0.0,600,100,6.1,24.2,0.0,3,359.4771317,200,0,4.2,22.7,0.0,4,239.5972998,1100,600,1.7,25.9,0.1,45,-133.4850682,9100,3000,3.1,27.2,0.2
99.815655,1,MANUAL,ARMED,2,AVAILABLE,UNAVAILABLE,UNAVAILABLE,108,4,PROGRAM_STOPPED,710,D_P1-A5.NC,D_P1-A5.NC,6,0.000668021,20,0.0005,1609633.146,468592,184.4,1115.4323,100,61.38333,35,100,0,0,100,0.0,300,100,3.6,24.2,0.0,3,359.4771317,200,0,4.0,22.7,0.0,4,239.5973112,1100,600,1.7,25.9,0.1,45,-120.8091309,1300,700,1.8,27.2,0.0
99.957373,1,MANUAL,ARMED,2,AVAILABLE,UNAVAILABLE,UNAVAILABLE,108,4,PROGRAM_STOPPED,710,D_P1-A5.NC,D_P1-A5.NC,6,0.000668021,20,0.0005,1609633.146,468592,184.4,1115.4323,100,50.41667,35,100,0,0,100,0.0,300,100,3.6,24.2,0.0,3,359.4771203,200,0,4.0,22.7,0.0,4,239.5973112,1100,600,1.7,25.9,0.1,38,-115.3659636,1300,700,1.8,27.2,0.0
100.101363,1,MANUAL,ARMED,2,AVAILABLE,UNAVAILABLE,UNAVAILABLE,108,4,PROGRAM_STOPPED,710,D_P1-A5.NC,D_P1-A5.NC,6,0.000668021,20,0.0005,1609633.146,468592,184.4,1115.4323,100,19.88333,35,100,0,0,100,0.0,300,100,3.6,24.2,0.0,3,359.4771317,200,0,4.0,22.7,0.0,4,239.5973112,1100,600,1.7,25.9,0.1,38,-112.7924388,1300,700,1.8,27.2,0.0
100.242598,1,MANUAL,ARMED,2,AVAILABLE,UNAVAILABLE,UNAVAILABLE,108,4,PROGRAM_STOPPED,710,D_P1-A5.NC,D_P1-A5.NC,6,0.000668021,20,0.0005,1609633.146,468592,184.4,1115.4323,100,0.0,35,100,0,0,100,0.0,300,100,3.6,24.2,0.0,3,359.4771317,200,0,4.0,22.7,0.0,4,239.5972998,1100,600,1.7,25.9,0.1,37,-112.5684939,1300,700,1.8,27.2,0.0
100.385944,1,MANUAL,ARMED,2,AVAILABLE,UNAVAILABLE,UNAVAILABLE,108,4,PROGRAM_STOPPED,710,D_P1-A5.NC,D_P1-A5.NC,6,0.000668021,20,0.0005,1609633.146,468592,184.4,1115.4323,100,0.0,35,100,0,0,100,0.0,300,100,3.6,24.2,0.0,3,359.4771317,200,0,4.0,22.7,0.0,4,239.5972998,1100,600,1.7,25.9,0.1,37,-112.5685282,1300,700,1.8,27.2,0.0
100.533102,1,MANUAL,ARMED,2,AVAILABLE,UNAVAILABLE,UNAVAILABLE,108,4,PROGRAM_STOPPED,710,D_P1-A5.NC,D_P1-A5.NC,6,0.000668021,20,0.0005,1609633.146,468592,184.4,1115.4323,100,0.0,35,100,0,0,100,0.0,300,100,3.6,24.2,0.0,3,359.4771203,200,0,4.0,22.7,0.0,4,239.5972998,1100,600,1.7,25.9,0.1,36,-112.5685396,1300,700,1.8,27.2,0.0
100.684543,1,MANUAL,ARMED,2,AVAILABLE,UNAVAILABLE,UNAVAILABLE,108,4,PROGRAM_STOPPED,710,D_P1-A5.NC,D_P1-A5.NC,6,0.000668021,20,0.0005,1609633.146,468592,184.4,1150.0297,100,0.0,35,100,0,0,100,0.0,300,100,3.6,24.2,0.0,3,359.4771317,200,0,4.0,22.7,0.0,4,239.5972998,1100,600,1.7,25.9,0.1,36,-112.5685396,1300,700,1.8,27.2,0.0
100.838964,1,MANUAL,ARMED,2,AVAILABLE,UNAVAILABLE,UNAVAILABLE,108,4,PROGRAM_STOPPED,710,D_P1-A5.NC,D_P1-A5.NC,6,0.000668021,20,0.0005,1609633.146,468592,184.4,1150.0297,100,0.0,35,100,0,0,100,0.0,300,100,3.6,24.2,0.0,3,359.4771317,200,0,4.0,22.7,0.0,4,239.5972998,1100,600,1.7,25.9,0.1,36,-112.5685511,1300,700,1.8,27.2,0.0
100.989019,1,MANUAL,ARMED,2,AVAILABLE,UNAVAILABLE,UNAVAILABLE,108,4,PROGRAM_STOPPED,710,D_P1-A5.NC,D_P1-A5.NC,6,0.000668021,20,0.0005,1609633.146,468592,184.4,1150.0297,100,0.0,35,100,0,0,100,0.0,300,100,3.6,24.2,0.0,3,359.4771317,200,0,4.0,22.7,0.0,4,239.5972998,1100,600,1.7,25.9,0.1,36,-112.5685396,1300,700,1.8,27.2,0.0
101.133215,1,MANUAL,ARMED,2,AVAILABLE,UNAVAILABLE,UNAVAILABLE,108,4,PROGRAM_STOPPED,710,D_P1-A5.NC,D_P1-A5.NC,6,0.000668021,20,0.0005,1609633.146,468592,184.4,1150.0297,100,0.0,35,100,0,0,100,0.0,300,100,3.6,24.2,0.0,3,359.4771317,200,0,4.0,22.7,0.0,4,239.5972998,1100,600,1.7,25.9,0.1,36,-112.5685396,1300,700,1.8,27.2,0.0
101.283737,1,MANUAL,ARMED,2,AVAILABLE,UNAVAILABLE,UNAVAILABLE,108,4,PROGRAM_STOPPED,710,D_P1-A5.NC,D_P1-A5.NC,6,0.000668021,20,0.0005,1609633.146,468592,184.4,1150.0297,100,0.0,35,100,0,0,100,0.0,300,100,3.3,24.2,0.1,3,359.4771317,200,0,3.9,22.7,0.0,4,239.5972998,1000,600,1.7,25.9,0.0,36,-112.5685396,1300,700,1.8,27.2,0.1
101.428722,1,MANUAL,ARMED,2,AVAILABLE,UNAVAILABLE,UNAVAILABLE,108,4,PROGRAM_STOPPED,710,D_P1-A5.NC,D_P1-A5.NC,6,0.000668021,20,0.0005,1609633.146,468592,184.4,1150.0297,100,0.0,35,100,0,0,100,0.0,300,100,3.3,24.2,0.1,3,359.4771203,200,0,3.9,22.7,0.0,4,239.5973112,1000,600,1.7,25.9,0.0,36,-112.5685282,1300,700,1.8,27.2,0.1
101.571702,1,MANUAL,ARMED,2,AVAILABLE,UNAVAILABLE,UNAVAILABLE,108,4,PROGRAM_STOPPED,710,D_P1-A5.NC,D_P1-A5.NC,6,0.000668021,20,0.0005,1609633.146,468592,184.4,1150.0297,100,0.0,35,100,0,0,100,0.0,300,100,3.3,24.2,0.1,3,359.4771317,200,0,3.9,22.7,0.0,4,239.5973112,1000,600,1.7,25.9,0.0,36,-112.5685396,1300,700,1.8,27.2,0.1
101.711019,1,MANUAL,ARMED,2,AVAILABLE,UNAVAILABLE,UNAVAILABLE,108,4,PROGRAM_STOPPED,710,D_P1-A5.NC,D_P1-A5.NC,6,0.000668021,20,0.0005,1609633.146,468592,184.4,1150.0297,100,0.0,35,100,0,0,100,0.0,300,100,3.3,24.2,0.1,3,359.4771203,200,0,3.9,22.7,0.0,4,239.5972998,1000,600,1.7,25.9,0.0,36,-112.5685396,1300,700,1.8,27.2,0.1
101.857571,1,MANUAL,ARMED,2,AVAILABLE,UNAVAILABLE,UNAVAILABLE,108,4,PROGRAM_STOPPED,710,D_P1-A5.NC,D_P1-A5.NC,6,0.000668021,20,0.0005,1609633.146,468592,184.4,1169.4948,100,0.0,35,100,0,0,100,0.0,300,100,3.3,24.2,0.1,3,359.4771317,200,0,3.9,22.7,0.0,4,239.5972998,1000,600,1.7,25.9,0.0,36,-112.5685396,1300,700,1.8,27.2,0.1
102.005978,1,MANUAL,ARMED,2,AVAILABLE,UNAVAILABLE,UNAVAILABLE,108,4,PROGRAM_STOPPED,710,D_P1-A5.NC,D_P1-A5.NC,6,0.000668021,20,0.0005,1609633.146,468592,184.4,1169.4948,100,0.0,35,100,0,0,100,0.0,300,100,3.3,24.2,0.1,3,359.4771317,200,0,3.9,22.7,0.0,4,239.5972998,1000,600,1.7,25.9,0.0,36,-112.5685396,1300,700,1.8,27.2,0.1
102.156639,1,MANUAL,ARMED,2,AVAILABLE,UNAVAILABLE,UNAVAILABLE,108,4,PROGRAM_STOPPED,710,D_P1-A5.NC,D_P1-A5.NC,6,0.000668021,20,0.0005,1609633.146,468592,184.4,1169.4948,100,0.0,35,100,0,0,100,0.0,300,100,3.3,24.2,0.1,3,359.4771317,200,0,3.9,22.7,0.0,4,239.5973112,1000,600,1.7,25.9,0.0,36,-112.5685396,1300,700,1.8,27.2,0.1
102.306198,1,MANUAL,ARMED,2,AVAILABLE,UNAVAILABLE,UNAVAILABLE,108,4,PROGRAM_STOPPED,710,D_P1-A5.NC,D_P1-A5.NC,6,0.000668021,20,0.0005,1609633.146,468592,184.4,1169.4948,100,0.0,35,100,0,0,100,0.0,300,100,3.3,24.2,0.1,3,359.4771317,200,0,3.9,22.7,0.0,4,239.5972998,1000,600,1.7,25.9,0.0,36,-112.5685396,1300,700,1.8,27.2,0.1
102.446171,1,MANUAL,ARMED,2,AVAILABLE,UNAVAILABLE,UNAVAILABLE,108,4,PROGRAM_STOPPED,710,D_P1-A5.NC,D_P1-A5.NC,6,0.000668021,20,0.0005,1609633.146,468592,184.4,1169.4948,100,0.0,35,100,0,0,100,0.0,300,100,3.3,24.2,0.1,3,359.4771203,200,0,3.9,22.7,0.0,4,239.5973112,1000,600,1.7,25.9,0.0,36,-112.5685511,1300,700,1.8,27.2,0.1
102.591748,1,MANUAL,ARMED,2,AVAILABLE,UNAVAILABLE,UNAVAILABLE,108,4,PROGRAM_STOPPED,710,D_P1-A5.NC,D_P1-A5.NC,6,0.000668021,20,0.0005,1609633.146,468592,184.4,1169.4948,100,0.0,35,100,0,0,100,0.0,300,100,3.6,24.2,0.0,3,359.4771203,200,0,4.0,22.7,0.0,4,239.5972998,1000,600,1.7,25.9,0.0,36,-112.5685396,1400,700,1.9,27.2,0.0
102.73035,1,MANUAL,ARMED,2,AVAILABLE,UNAVAILABLE,UNAVAILABLE,108,4,PROGRAM_STOPPED,710,D_P1-A5.NC,D_P1-A5.NC,6,0.000668021,20,0.0005,1609633.146,468592,184.4,1169.4948,100,0.0,35,100,0,0,100,0.0,300,100,3.6,24.2,0.0,3,359.4771317,200,0,4.0,22.7,0.0,4,239.5972998,1000,600,1.7,25.9,0.0,36,-112.5685511,1400,700,1.9,27.2,0.0
102.877143,1,MANUAL,ARMED,2,AVAILABLE,UNAVAILABLE,UNAVAILABLE,108,4,PROGRAM_STOPPED,710,D_P1-A5.NC,D_P1-A5.NC,6,0.000668021,20,0.0005,1609633.146,468592,184.4,1164.4464,100,0.0,35,100,0,0,100,0.0,300,100,3.6,24.2,0.0,3,359.4771317,200,0,4.0,22.7,0.0,4,239.5972998,1000,600,1.7,25.9,0.0,36,-112.5685396,1400,700,1.9,27.2,0.0
103.02142,1,MANUAL,ARMED,2,AVAILABLE,UNAVAILABLE,UNAVAILABLE,108,4,PROGRAM_STOPPED,710,D_P1-A5.NC,D_P1-A5.NC,6,0.000668021,20,0.0005,1609633.146,468592,184.4,1164.4464,100,0.0,35,100,0,0,100,0.0,300,100,3.6,24.2,0.0,3,359.4771317,200,0,4.0,22.7,0.0,4,239.5972998,1000,600,1.7,25.9,0.0,36,-112.5685396,1400,700,1.9,27.2,0.0
103.161682,1,MANUAL,ARMED,2,AVAILABLE,UNAVAILABLE,UNAVAILABLE,108,4,PROGRAM_STOPPED,710,D_P1-A5.NC,D_P1-A5.NC,6,0.000668021,20,0.0005,1609633.146,468592,184.4,1164.4464,100,0.0,35,100,0,0,100,0.0,300,100,3.6,24.2,0.0,3,359.4771317,200,0,4.0,22.7,0.0,4,239.5973112,1000,600,1.7,25.9,0.0,36,-112.5685396,1400,700,1.9,27.2,0.0
103.317289,1,MANUAL,ARMED,2,AVAILABLE,UNAVAILABLE,UNAVAILABLE,108,4,PROGRAM_STOPPED,710,D_P1-A5.NC,D_P1-A5.NC,6,0.000668021,20,0.0005,1609633.146,468592,184.4,1164.4464,100,0.0,35,100,0,0,100,0.0,300,100,3.6,24.2,0.0,3,359.4771317,200,0,4.0,22.7,0.0,4,239.5972998,1000,600,1.7,25.9,0.0,36,-112.5685396,1400,700,1.9,27.2,0.0
103.468329,1,MANUAL,ARMED,2,AVAILABLE,UNAVAILABLE,UNAVAILABLE,108,4,PROGRAM_STOPPED,710,D_P1-A5.NC,D_P1-A5.NC,6,0.000668021,20,0.0005,1609633.146,468592,184.4,1164.4464,100,0.0,35,100,0,0,100,0.0,300,100,3.6,24.2,0.0,3,359.4771317,200,0,4.0,22.7,0.0,4,239.5972998,1000,600,1.7,25.9,0.0,36,-112.5685396,1400,700,1.9,27.2,0.0
103.627591,1,MANUAL,ARMED,2,AVAILABLE,UNAVAILABLE,UNAVAILABLE,108,4,PROGRAM_STOPPED,710,D_P1-A5.NC,D_P1-A5.NC,6,0.000668021,20,0.0005,1609633.146,468592,184.4,1164.4464,100,0.0,35,100,0,0,100,0.0,300,100,3.6,24.2,0.0,3,359.4771317,200,0,4.0,22.7,0.0,4,239.5972998,1000,600,1.7,25.9,0.0,36,-112.5685396,1400,700,1.9,27.2,0.0
103.770658,1,MANUAL,ARMED,2,AVAILABLE,UNAVAILABLE,UNAVAILABLE,108,4,PROGRAM_STOPPED,710,D_P1-A5.NC,D_P1-A5.NC,6,0.000668021,20,0.0005,1609633.146,468592,184.4,1164.4464,100,0.0,35,100,0,0,100,0.0,300,100,3.6,24.2,0.0,3,359.4771317,200,0,4.0,22.7,0.0,4,239.5972998,1000,600,1.7,25.9,0.0,36,-112.5685396,1400,700,1.9,27.2,0.0
103.913881,1,MANUAL,ARMED,2,AVAILABLE,UNAVAILABLE,UNAVAILABLE,108,4,PROGRAM_STOPPED,710,D_P1-A5.NC,D_P1-A5.NC,6,0.000668021,20,0.0005,1609633.146,468592,184.4,1164.4464,100,0.0,35,100,0,0,100,0.0,300,100,3.6,24.2,0.0,3,359.4771203,200,0,4.0,22.7,0.0,4,239.5973112,1000,600,1.7,25.9,0.0,36,-112.5685396,1400,700,1.9,27.2,0.0
104.055739,1,MANUAL,ARMED,2,AVAILABLE,UNAVAILABLE,UNAVAILABLE,108,4,PROGRAM_STOPPED,710,D_P1-A5.NC,D_P1-A5.NC,6,0.000668021,20,0.0005,1609633.146,468592,184.4,1121.4825,100,0.0,35,100,0,0,100,0.0,300,100,3.3,24.2,0.0,3,359.4771317,200,0,3.9,22.7,0.0,4,239.5973112,1000,600,1.7,25.9,0.1,36,-112.5685396,1300,700,1.8,27.2,0.0
104.202824,1,MANUAL,ARMED,2,AVAILABLE,UNAVAILABLE,UNAVAILABLE,108,4,PROGRAM_STOPPED,710,D_P1-A5.NC,D_P1-A5.NC,6,0.000668021,20,0.0005,1609633.146,468592,184.4,1121.4825,100,0.0,35,100,0,0,100,0.0,300,100,3.3,24.2,0.0,3,359.4771203,200,0,3.9,22.7,0.0,4,239.5972998,1000,600,1.7,25.9,0.1,36,-112.5685396,1300,700,1.8,27.2,0.0
104.347458,1,MANUAL,ARMED,2,AVAILABLE,UNAVAILABLE,UNAVAILABLE,108,4,PROGRAM_STOPPED,710,D_P1-A5.NC,D_P1-A5.NC,6,0.000668021,20,0.0005,1609633.146,468592,184.4,1121.4825,100,0.0,35,100,0,0,100,0.0,300,100,3.3,24.2,0.0,3,359.4771317,200,0,3.9,22.7,0.0,4,239.5972998,1000,600,1.7,25.9,0.1,36,-112.5685396,1300,700,1.8,27.2,0.0
104.493038,1,MANUAL,ARMED,2,AVAILABLE,UNAVAILABLE,UNAVAILABLE,108,4,PROGRAM_STOPPED,710,D_P1-A5.NC,D_P1-A5.NC,6,0.000668021,20,0.0005,1609633.146,468592,184.4,1121.4825,100,0.0,35,100,0,0,100,0.0,300,100,3.3,24.2,0.0,3,359.4771317,200,0,3.9,22.7,0.0,4,239.5972998,1000,600,1.7,25.9,0.1,36,-112.5685396,1300,700,1.8,27.2,0.0
104.642661,1,MANUAL,ARMED,2,AVAILABLE,UNAVAILABLE,UNAVAILABLE,108,4,PROGRAM_STOPPED,710,D_P1-A5.NC,D_P1-A5.NC,6,0.000668021,20,0.0005,1609633.146,468592,184.4,1121.4825,100,0.0,35,100,0,0,100,0.0,300,100,3.3,24.2,0.0,3,359.4771317,200,0,3.9,22.7,0.0,4,239.5972998,1000,600,1.7,25.9,0.1,36,-112.5685396,1300,700,1.8,27.2,0.0
104.779119,1,MANUAL,ARMED,2,AVAILABLE,UNAVAILABLE,UNAVAILABLE,108,4,PROGRAM_STOPPED,710,D_P1-A5.NC,D_P1-A5.NC,6,0.000668021,20,0.0005,1609633.146,468592,184.4,1121.4825,100,0.0,35,100,0,0,100,0.0,300,100,3.3,24.2,0.0,3,359.4771317,200,0,3.9,22.7,0.0,4,239.5972998,1000,600,1.7,25.9,0.1,36,-112.5685511,1300,700,1.8,27.2,0.0
104.924619,1,MANUAL,ARMED,2,AVAILABLE,UNAVAILABLE,UNAVAILABLE,108,4,PROGRAM_STOPPED,710,D_P1-A5.NC,D_P1-A5.NC,6,0.000668021,20,0.0005,1609633.146,468592,184.4,1121.4825,100,0.0,35,100,0,0,100,0.0,300,100,3.3,24.2,0.0,3,359.4771317,200,0,3.9,22.7,0.0,4,239.5972998,1000,600,1.7,25.9,0.1,36,-112.5685396,1300,700,1.8,27.2,0.0
105.087725,1,MANUAL,ARMED,2,AVAILABLE,UNAVAILABLE,UNAVAILABLE,108,4,PROGRAM_STOPPED,710,D_P1-A5.NC,D_P1-A5.NC,6,0.000668021,20,0.0005,1609633.146,468592,184.4,1145.4105,100,0.0,35,100,0,0,100,0.0,300,100,3.3,24.2,0.0,3,359.4771317,200,0,3.9,22.7,0.0,4,239.5973112,1000,600,1.7,25.9,0.1,36,-112.5685282,1300,700,1.8,27.2,0.0
105.267373,1,MANUAL,ARMED,2,AVAILABLE,UNAVAILABLE,UNAVAILABLE,108,4,PROGRAM_STOPPED,710,D_P1-A5.NC,D_P1-A5.NC,6,0.000668021,20,0.0005,1609633.146,468592,184.4,1145.4105,100,0.0,35,100,0,0,100,0.0,300,100,3.3,24.2,0.0,3,359.4771317,200,0,3.9,22.7,0.0,4,239.5972998,1000,600,1.7,25.9,0.1,36,-112.5685396,1300,700,1.8,27.2,0.0
105.428525,1,MANUAL,ARMED,2,AVAILABLE,UNAVAILABLE,UNAVAILABLE,108,4,PROGRAM_STOPPED,710,D_P1-A5.NC,D_P1-A5.NC,6,0.000668021,20,0.0005,1609633.146,468592,184.4,1145.4105,100,0.0,35,100,0,0,100,0.0,300,100,3.3,24.2,0.0,3,359.4771203,200,0,3.9,22.7,0.0,4,239.5972998,1000,600,1.7,25.9,0.1,36,-112.5685396,1300,700,1.8,27.2,0.0
105.578016,1,MANUAL,ARMED,2,AVAILABLE,UNAVAILABLE,UNAVAILABLE,108,4,PROGRAM_STOPPED,710,D_P1-A5.NC,D_P1-A5.NC,6,0.000668021,20,0.0005,1609633.146,468592,184.4,1145.4105,100,0.0,35,100,0,0,100,0.0,300,100,3.5,24.2,0.0,3,359.4771317,200,0,4.1,22.7,0.0,4,239.5972998,1000,600,1.7,25.9,0.0,36,-112.5685396,1400,700,1.9,27.1,0.0
105.714648,1,MANUAL,ARMED,2,AVAILABLE,UNAVAILABLE,UNAVAILABLE,108,4,PROGRAM_STOPPED,710,D_P1-A5.NC,D_P1-A5.NC,6,0.000668021,20,0.0005,1609633.146,468592,184.4,1145.4105,100,0.0,35,100,0,0,100,0.0,300,100,3.5,24.2,0.0,3,359.4771317,200,0,4.1,22.7,0.0,4,239.5973112,1000,600,1.7,25.9,0.0,36,-112.5685511,1400,700,1.9,27.1,0.0
105.871571,1,MANUAL,ARMED,2,AVAILABLE,UNAVAILABLE,UNAVAILABLE,108,4,PROGRAM_STOPPED,710,D_P1-A5.NC,D_P1-A5.NC,6,0.000668021,20,0.0005,1609633.146,468592,184.4,1145.4105,100,0.0,35,100,0,0,100,0.0,300,100,3.5,24.2,0.0,3,359.4771317,200,0,4.1,22.7,0.0,4,239.5973112,1000,600,1.7,25.9,0.0,36,-112.5685396,1400,700,1.9,27.1,0.0
106.010763,1,MANUAL,ARMED,2,AVAILABLE,UNAVAILABLE,UNAVAILABLE,108,4,PROGRAM_STOPPED,710,D_P1-A5.NC,D_P1-A5.NC,6,0.000668021,20,0.0005,1609633.146,468592,184.4,1155.0586,100,0.0,35,100,0,0,100,0.0,300,100,3.5,24.2,0.0,3,359.4771317,200,0,4.1,22.7,0.0,4,239.5972998,1000,600,1.7,25.9,0.0,36,-112.5685396,1400,700,1.9,27.1,0.0
106.162975,1,MANUAL,ARMED,2,AVAILABLE,UNAVAILABLE,UNAVAILABLE,108,4,PROGRAM_STOPPED,710,D_P1-A5.NC,D_P1-A5.NC,6,0.000668021,20,0.0005,1609633.146,468592,184.4,1155.0586,100,0.0,35,100,0,0,100,0.0,300,100,3.5,24.2,0.0,3,359.4771317,200,0,4.1,22.7,0.0,4,239.5972998,1000,600,1.7,25.9,0.0,36,-112.5685396,1400,700,1.9,27.1,0.0
106.337229,1,MANUAL,ARMED,2,AVAILABLE,UNAVAILABLE,UNAVAILABLE,108,4,PROGRAM_STOPPED,710,D_P1-A5.NC,D_P1-A5.NC,6,0.000668021,20,0.0005,1609633.146,468592,184.4,1155.0586,100,0.0,35,100,0,0,100,0.0,300,100,3.5,24.2,0.0,3,359.4771317,200,0,4.1,22.7,0.0,4,239.5972998,1000,600,1.7,25.9,0.0,36,-112.5685396,1400,700,1.9,27.1,0.0
106.495294,1,MANUAL,ARMED,2,AVAILABLE,UNAVAILABLE,UNAVAILABLE,108,4,PROGRAM_STOPPED,710,D_P1-A5.NC,D_P1-A5.NC,6,0.000668021,20,0.0005,1609633.146,468592,184.4,1155.0586,100,0.0,35,100,0,0,100,0.0,300,100,3.5,24.2,0.0,3,359.4771203,200,0,4.1,22.7,0.0,4,239.5973112,1000,600,1.7,25.9,0.0,36,-112.5685396,1400,700,1.9,27.1,0.0
106.637124,1,MANUAL,ARMED,2,AVAILABLE,UNAVAILABLE,UNAVAILABLE,108,4,PROGRAM_STOPPED,710,D_P1-A5.NC,D_P1-A5.NC,6,0.000668021,20,0.0005,1609633.146,468592,184.4,1155.0586,100,0.0,35,100,0,0,100,0.0,300,100,3.5,24.2,0.0,3,359.4771317,200,0,4.1,22.7,0.0,4,239.5972998,1000,600,1.7,25.9,0.0,36,-112.5685396,1400,700,1.9,27.1,0.0
106.788516,1,MANUAL,ARMED,2,AVAILABLE,UNAVAILABLE,UNAVAILABLE,108,4,PROGRAM_STOPPED,710,D_P1-A5.NC,D_P1-A5.NC,6,0.000668021,20,0.0005,1609633.146,468592,184.4,1155.0586,100,0.0,35,100,0,0,100,0.0,200,100,3.3,24.2,0.0,3,359.4771317,200,0,4.1,22.7,0.0,4,239.5972998,1000,600,1.7,25.9,0.0,36,-112.5685396,1300,700,1.8,27.1,0.0
106.93483,1,MANUAL,ARMED,2,AVAILABLE,UNAVAILABLE,UNAVAILABLE,108,4,PROGRAM_STOPPED,710,D_P1-A5.NC,D_P1-A5.NC,6,0.000668021,20,0.0005,1609633.146,468592,184.4,1155.0586,100,0.0,35,100,0,0,100,0.0,200,100,3.3,24.2,0.0,3,359.4771317,200,0,4.1,22.7,0.0,4,239.5972998,1000,600,1.7,25.9,0.0,36,-112.5685396,1300,700,1.8,27.1,0.0
107.095583,1,MANUAL,ARMED,2,AVAILABLE,UNAVAILABLE,UNAVAILABLE,108,4,PROGRAM_STOPPED,710,D_P1-A5.NC,D_P1-A5.NC,6,0.000668021,20,0.0005,1609633.146,468592,184.4,1169.9763,100,0.0,35,100,0,0,100,0.0,200,100,3.3,24.2,0.0,3,359.4771317,200,0,4.1,22.7,0.0,4,239.5972998,1000,600,1.7,25.9,0.0,36,-112.5685396,1300,700,1.8,27.1,0.0
107.26673,1,MANUAL,ARMED,2,AVAILABLE,UNAVAILABLE,UNAVAILABLE,108,4,PROGRAM_STOPPED,710,D_P1-A5.NC,D_P1-A5.NC,6,0.000668021,20,0.0005,1609633.146,468592,184.4,1169.9763,100,0.0,35,100,0,0,100,0.0,200,100,3.3,24.2,0.0,3,359.4771203,200,0,4.1,22.7,0.0,4,239.5973112,1000,600,1.7,25.9,0.0,36,-112.5685396,1300,700,1.8,27.1,0.0
107.433284,1,MANUAL,ARMED,2,AVAILABLE,UNAVAILABLE,UNAVAILABLE,108,4,PROGRAM_STOPPED,710,D_P1-A5.NC,D_P1-A5.NC,6,0.000668021,20,0.0005,1609633.146,468592,184.4,1169.9763,100,0.0,35,100,0,0,100,0.0,200,100,3.3,24.2,0.0,3,359.4771203,200,0,4.1,22.7,0.0,4,239.5973112,1000,600,1.7,25.9,0.0,36,-112.5685396,1300,700,1.8,27.1,0.0
107.606262,1,MANUAL,ARMED,2,AVAILABLE,UNAVAILABLE,UNAVAILABLE,108,4,PROGRAM_STOPPED,710,D_P1-A5.NC,D_P1-A5.NC,6,0.000668021,20,0.0005,1609633.146,468592,184.4,1169.9763,100,0.0,35,100,0,0,100,0.0,200,100,3.3,24.2,0.0,3,359.4771317,200,0,4.1,22.7,0.0,4,239.5973112,1000,600,1.7,25.9,0.0,36,-112.5685396,1300,700,1.8,27.1,0.0
107.775677,1,MANUAL,ARMED,2,AVAILABLE,UNAVAILABLE,UNAVAILABLE,108,4,PROGRAM_STOPPED,710,D_P1-A5.NC,D_P1-A5.NC,6,0.000668021,20,0.0005,1609633.146,468592,184.4,1169.9763,100,0.0,35,100,0,0,100,0.0,200,100,3.3,24.2,0.0,3,359.4771317,200,0,4.1,22.7,0.0,4,239.5972998,1000,600,1.7,25.9,0.0,36,-112.5685396,1300,700,1.8,27.1,0.0
107.932351,1,MANUAL,ARMED,2,AVAILABLE,UNAVAILABLE,UNAVAILABLE,108,4,PROGRAM_STOPPED,710,D_P1-A5.NC,D_P1-A5.NC,6,0.000668021,20,0.0005,1609633.146,468592,184.4,1141.5591,100,0.0,35,100,0,0,100,0.0,300,100,3.5,24.2,0.0,3,359.4771317,200,0,3.9,22.7,0.0,4,239.5972998,1000,600,1.6,25.9,0.0,36,-112.5685396,1300,700,1.9,27.1,0.0
108.101586,1,MANUAL,ARMED,2,AVAILABLE,UNAVAILABLE,UNAVAILABLE,108,4,PROGRAM_STOPPED,710,D_P1-A5.NC,D_P1-A5.NC,6,0.000668021,20,0.0005,1609633.146,468592,184.4,1141.5591,100,0.0,35,100,0,0,100,0.0,300,100,3.5,24.2,0.0,3,359.4771317,200,0,3.9,22.7,0.0,4,239.5972998,1000,600,1.6,25.9,0.0,36,-112.5685396,1300,700,1.9,27.1,0.0
108.301993,1,MANUAL,ARMED,2,AVAILABLE,UNAVAILABLE,UNAVAILABLE,108,4,PROGRAM_STOPPED,710,D_P1-A5.NC,D_P1-A5.NC,6,0.000668021,20,0.0005,1609633.146,468592,184.4,1141.5591,100,0.0,35,100,0,0,100,0.0,300,100,3.5,24.2,0.0,3,359.4771203,200,0,3.9,22.7,0.0,4,239.5972998,1000,600,1.6,25.9,0.0,36,-112.5685396,1300,700,1.9,27.1,0.0
108.462197,1,MANUAL,ARMED,2,AVAILABLE,UNAVAILABLE,UNAVAILABLE,108,4,PROGRAM_STOPPED,710,D_P1-A5.NC,D_P1-A5.NC,6,0.000668021,20,0.0005,1609633.146,468592,184.4,1141.5591,100,0.0,35,100,0,0,100,0.0,300,100,3.5,24.2,0.0,3,359.4771317,200,0,3.9,22.7,0.0,4,239.5973112,1000,600,1.6,25.9,0.0,36,-112.5685396,1300,700,1.9,27.1,0.0
108.638307,1,MANUAL,ARMED,2,AVAILABLE,UNAVAILABLE,UNAVAILABLE,108,4,PROGRAM_STOPPED,710,D_P1-A5.NC,D_P1-A5.NC,6,0.000668021,20,0.0005,1609633.146,468592,184.4,1141.5591,100,0.0,35,100,0,0,100,0.0,300,100,3.5,24.2,0.0,3,359.4771317,200,0,3.9,22.7,0.0,4,239.5973112,1000,600,1.6,25.9,0.0,36,-112.5685396,1300,700,1.9,27.1,0.0
108.834609,1,MANUAL,ARMED,2,AVAILABLE,UNAVAILABLE,UNAVAILABLE,108,4,PROGRAM_STOPPED,710,D_P1-A5.NC,D_P1-A5.NC,6,0.000668021,20,0.0005,1609633.146,468592,184.4,1141.5591,100,0.0,35,100,0,0,100,0.0,300,100,3.5,24.2,0.0,3,359.4771317,200,0,3.9,22.7,0.0,4,239.5972998,1000,600,1.6,25.9,0.0,36,-112.5685511,1300,700,1.9,27.1,0.0
109.040684,1,MANUAL,ARMED,2,AVAILABLE,UNAVAILABLE,UNAVAILABLE,108,4,PROGRAM_STOPPED,710,D_P1-A5.NC,D_P1-A5.NC,6,0.000668021,20,0.0005,1609633.146,468592,184.4,1121.8728,100,0.0,35,100,0,0,100,0.0,300,100,3.5,24.2,0.0,3,359.4771317,200,0,3.9,22.7,0.0,4,239.5973112,1000,600,1.6,25.9,0.0,36,-112.5685511,1300,700,1.9,27.1,0.0
109.259778,1,MANUAL,ARMED,2,AVAILABLE,UNAVAILABLE,UNAVAILABLE,108,4,PROGRAM_STOPPED,710,D_P1-A5.NC,D_P1-A5.NC,6,0.000668021,20,0.0005,1609633.146,468592,184.4,1121.8728,100,0.0,35,100,0,0,100,0.0,300,100,3.5,24.2,0.0,3,359.4771317,200,0,3.9,22.7,0.0,4,239.5973112,1000,600,1.6,25.9,0.0,36,-112.5685396,1300,700,1.9,27.1,0.0
109.430164,1,MANUAL,ARMED,2,AVAILABLE,UNAVAILABLE,UNAVAILABLE,108,4,PROGRAM_STOPPED,710,D_P1-A5.NC,D_P1-A5.NC,6,0.000668021,20,0.0005,1609633.146,468592,184.4,1121.8728,100,0.0,35,100,0,0,100,0.0,300,100,3.5,24.2,0.0,3,359.4771317,200,0,3.9,22.7,0.0,4,239.5973112,1000,600,1.6,25.9,0.0,36,-112.5685511,1300,700,1.9,27.1,0.0
109.592847,1,MANUAL,ARMED,2,AVAILABLE,UNAVAILABLE,UNAVAILABLE,108,4,PROGRAM_STOPPED,710,D_P1-A5.NC,D_P1-A5.NC,6,0.000668021,20,0.0005,1609633.146,468592,184.4,1121.8728,100,0.0,35,100,0,0,100,0.0,300,100,3.5,24.2,0.0,3,359.4771203,200,0,3.8,22.7,0.0,4,239.5972998,1000,600,1.7,25.9,0.0,36,-112.5685396,1300,700,1.8,27.1,0.0
109.852488,1,MANUAL,ARMED,2,AVAILABLE,UNAVAILABLE,UNAVAILABLE,108,4,PROGRAM_STOPPED,710,D_P1-A5.NC,D_P1-A5.NC,6,0.000668021,20,0.0005,1609633.146,468592,184.4,1121.8728,100,0.0,35,100,0,0,100,0.0,300,100,3.5,24.2,0.0,3,359.4771317,200,0,3.8,22.7,0.0,4,239.5972998,1000,600,1.7,25.9,0.0,36,-112.5685396,1300,700,1.8,27.1,0.0
110.048053,1,MANUAL,ARMED,2,AVAILABLE,UNAVAILABLE,UNAVAILABLE,108,4,PROGRAM_STOPPED,710,D_P1-A5.NC,D_P1-A5.NC,6,0.000668021,20,0.0005,1609633.146,468592,184.4,1121.8728,100,0.0,35,100,0,0,100,0.0,300,100,3.5,24.2,0.0,3,359.4771317,200,0,3.8,22.7,0.0,4,239.5972998,1000,600,1.7,25.9,0.0,36,-112.5685396,1300,700,1.8,27.1,0.0
110.264706,1,MANUAL,ARMED,2,AVAILABLE,UNAVAILABLE,UNAVAILABLE,108,4,PROGRAM_STOPPED,710,D_P1-A5.NC,D_P1-A5.NC,6,0.000668021,20,0.0005,1609633.146,468592,184.4,1121.8728,100,0.0,35,100,0,0,100,0.0,300,100,3.5,24.2,0.0,3,359.4771317,200,0,3.8,22.7,0.0,4,239.5972998,1000,600,1.7,25.9,0.0,36,-112.5685396,1300,700,1.8,27.1,0.0
110.426192,1,MANUAL,ARMED,2,AVAILABLE,UNAVAILABLE,UNAVAILABLE,108,4,PROGRAM_STOPPED,710,D_P1-A5.NC,D_P1-A5.NC,6,0.000668021,20,0.0005,1609633.146,468592,184.4,1171.349,100,0.0,35,100,0,0,100,0.0,300,100,3.5,24.2,0.0,3,359.4771203,200,0,3.8,22.7,0.0,4,239.5972998,1000,600,1.7,25.9,0.0,36,-112.5685396,1300,700,1.8,27.1,0.0
110.604129,1,MANUAL,ARMED,2,AVAILABLE,UNAVAILABLE,UNAVAILABLE,108,4,PROGRAM_STOPPED,710,D_P1-A5.NC,D_P1-A5.NC,6,0.000668021,20,0.0005,1609633.146,468592,184.4,1171.349,100,0.0,35,100,0,0,100,0.0,300,100,3.5,24.2,0.0,3,359.4771317,200,0,3.8,22.7,0.0,4,239.5972998,1000,600,1.7,25.9,0.0,36,-112.5685396,1300,700,1.8,27.1,0.0
110.748652,1,MANUAL,ARMED,2,AVAILABLE,UNAVAILABLE,UNAVAILABLE,108,4,PROGRAM_STOPPED,710,D_P1-A5.NC,D_P1-A5.NC,6,0.000668021,20,0.0005,1609633.146,468592,184.4,1171.349,100,0.0,35,100,0,0,100,0.0,300,100,3.5,24.2,0.0,3,359.4771317,200,0,3.8,22.7,0.0,4,239.5973112,1000,600,1.7,25.9,0.0,36,-112.5685396,1300,700,1.8,27.1,0.0
110.893934,1,MANUAL,ARMED,2,AVAILABLE,UNAVAILABLE,UNAVAILABLE,108,4,PROGRAM_STOPPED,710,D_P1-A5.NC,D_P1-A5.NC,6,0.000668021,20,0.0005,1609633.146,468592,184.4,1171.349,100,0.0,35,100,0,0,100,0.0,300,100,3.5,24.2,0.0,3,359.4771203,200,0,3.8,22.7,0.0,4,239.5973112,1000,600,1.7,25.9,0.0,36,-112.5685511,1300,700,1.8,27.1,0.0
111.033425,1,MANUAL,ARMED,2,AVAILABLE,UNAVAILABLE,UNAVAILABLE,108,4,PROGRAM_STOPPED,710,D_P1-A5.NC,D_P1-A5.NC,6,0.000668021,20,0.0005,1609633.146,468592,184.4,1171.349,100,0.0,35,100,0,0,100,0.0,300,100,3.5,24.2,0.0,3,359.4771203,200,0,3.8,22.7,0.0,4,239.5972998,1000,600,1.7,25.9,0.0,36,-112.5685396,1300,700,1.8,27.1,0.0
111.182297,1,MANUAL,ARMED,2,AVAILABLE,UNAVAILABLE,UNAVAILABLE,108,4,PROGRAM_STOPPED,710,D_P1-A5.NC,D_P1-A5.NC,6,0.000668021,20,0.0005,1609633.146,468592,184.4,1171.349,100,0.0,35,100,0,0,100,0.0,300,100,3.5,24.2,0.0,3,359.4771317,200,0,3.8,22.7,0.0,4,239.5973112,1000,600,1.7,25.9,0.0,36,-112.5685396,1300,700,1.8,27.1,0.0
111.323842,1,MANUAL,ARMED,2,AVAILABLE,UNAVAILABLE,UNAVAILABLE,108,4,PROGRAM_STOPPED,710,D_P1-A5.NC,D_P1-A5.NC,6,0.000668021,20,0.0005,1609633.146,468592,184.4,1171.349,100,0.0,35,100,0,0,100,0.0,300,100,3.4,24.2,0.0,3,359.4771203,200,0,4.0,22.7,0.0,4,239.5973112,1000,600,1.7,25.9,0.0,36,-112.5685396,1300,700,1.8,27.1,0.0
111.467562,1,MANUAL,ARMED,2,AVAILABLE,UNAVAILABLE,UNAVAILABLE,108,4,PROGRAM_STOPPED,710,D_P1-A5.NC,D_P1-A5.NC,6,0.000668021,20,0.0005,1609633.146,468592,184.4,1171.349,100,0.0,35,100,0,0,100,0.0,300,100,3.4,24.2,0.0,3,359.4771317,200,0,4.0,22.7,0.0,4,239.5972998,1000,600,1.7,25.9,0.0,36,-112.5685511,1300,700,1.8,27.1,0.0
111.612363,1,MANUAL,ARMED,2,AVAILABLE,UNAVAILABLE,UNAVAILABLE,108,4,PROGRAM_STOPPED,710,D_P1-A5.NC,D_P1-A5.NC,6,0.000668021,20,0.0005,1609633.146,468592,184.4,1143.9402,100,0.0,35,100,0,0,100,0.0,300,100,3.4,24.2,0.0,3,359.4771317,200,0,4.0,22.7,0.0,4,239.5972998,1000,600,1.7,25.9,0.0,36,-112.5685511,1300,700,1.8,27.1,0.0
111.753427,1,MANUAL,ARMED,2,AVAILABLE,UNAVAILABLE,UNAVAILABLE,108,4,PROGRAM_STOPPED,710,D_P1-A5.NC,D_P1-A5.NC,6,0.000668021,20,0.0005,1609633.146,468592,184.4,1143.9402,100,0.0,35,100,0,0,100,0.0,300,100,3.4,24.2,0.0,3,359.4771203,200,0,4.0,22.7,0.0,4,239.5972998,1000,600,1.7,25.9,0.0,36,-112.5685396,1300,700,1.8,27.1,0.0
111.910749,1,MANUAL,ARMED,2,AVAILABLE,UNAVAILABLE,UNAVAILABLE,108,4,PROGRAM_STOPPED,710,D_P1-A5.NC,D_P1-A5.NC,6,0.000668021,20,0.0005,1609633.146,468592,184.4,1143.9402,100,0.0,35,100,0,0,100,0.0,300,100,3.4,24.2,0.0,3,359.4771317,200,0,4.0,22.7,0.0,4,239.5972998,1000,600,1.7,25.9,0.0,36,-112.5685396,1300,700,1.8,27.1,0.0
112.050665,1,MANUAL,ARMED,2,AVAILABLE,UNAVAILABLE,UNAVAILABLE,108,4,PROGRAM_STOPPED,710,D_P1-A5.NC,D_P1-A5.NC,6,0.000668021,20,0.0005,1609633.146,468592,184.4,1143.9402,100,0.0,35,100,0,0,100,0.0,300,100,3.4,24.2,0.0,3,359.4771317,200,0,4.0,22.7,0.0,4,239.5972998,1000,600,1.7,25.9,0.0,36,-112.5685396,1300,700,1.8,27.1,0.0
112.195754,1,MANUAL,ARMED,2,AVAILABLE,UNAVAILABLE,UNAVAILABLE,108,4,PROGRAM_STOPPED,710,D_P1-A5.NC,D_P1-A5.NC,6,0.000668021,20,0.0005,1609633.146,468592,184.4,1143.9402,100,0.0,35,100,0,0,100,0.0,300,100,3.4,24.2,0.0,3,359.4771317,200,0,4.0,22.7,0.0,4,239.5972998,1000,600,1.7,25.9,0.0,36,-112.5685282,1300,700,1.8,27.1,0.0
112.341383,1,MANUAL,ARMED,2,AVAILABLE,UNAVAILABLE,UNAVAILABLE,108,4,PROGRAM_STOPPED,710,D_P1-A5.NC,D_P1-A5.NC,6,0.000668021,20,0.0005,1609633.146,468592,184.4,1143.9402,100,0.0,35,100,0,0,100,0.0,300,100,3.4,24.2,0.0,3,359.4771203,200,0,4.0,22.7,0.0,4,239.5972998,1000,600,1.7,25.9,0.0,36,-112.5685396,1300,700,1.8,27.1,0.0
112.483369,1,MANUAL,ARMED,2,AVAILABLE,UNAVAILABLE,UNAVAILABLE,108,4,PROGRAM_STOPPED,710,D_P1-A5.NC,D_P1-A5.NC,6,0.000668021,20,0.0005,1609633.146,468592,184.4,1143.9402,100,0.0,35,100,0,0,100,0.0,300,100,3.4,24.2,0.0,3,359.4771203,200,0,4.0,22.7,0.0,4,239.5972998,1000,600,1.7,25.9,0.0,36,-112.5685396,1300,700,1.8,27.1,0.0
112.636983,1,MANUAL,ARMED,2,AVAILABLE,UNAVAILABLE,UNAVAILABLE,108,4,PROGRAM_STOPPED,710,D_P1-A5.NC,D_P1-A5.NC,6,0.000668021,20,0.0005,1609633.146,468592,184.4,1149.7369,100,0.0,35,100,0,0,100,0.0,300,100,3.4,24.2,0.0,3,359.4771203,200,0,4.0,22.7,0.0,4,239.5973112,1000,600,1.7,25.9,0.0,36,-112.5685396,1300,700,1.8,27.1,0.0
112.781486,1,MANUAL,ARMED,2,AVAILABLE,UNAVAILABLE,UNAVAILABLE,108,4,PROGRAM_STOPPED,710,D_P1-A5.NC,D_P1-A5.NC,6,0.000668021,20,0.0005,1609633.146,468592,184.4,1149.7369,100,0.0,35,100,0,0,100,0.0,300,100,3.4,24.2,0.0,3,359.4771317,200,0,4.0,22.7,0.0,4,239.5972998,1000,600,1.7,25.9,0.0,36,-112.5685396,1300,700,1.8,27.1,0.0
112.926645,1,MANUAL,ARMED,2,AVAILABLE,UNAVAILABLE,UNAVAILABLE,108,4,PROGRAM_STOPPED,710,D_P1-A5.NC,D_P1-A5.NC,6,0.000668021,20,0.0005,1609633.146,468592,184.4,1149.7369,100,0.0,35,100,0,0,100,0.0,300,100,3.8,24.2,0.0,3,359.4771317,200,0,4.2,22.7,0.0,4,239.5972998,1000,600,1.7,25.9,0.1,36,-112.5685396,1300,700,1.9,27.1,0.0
113.070653,1,MANUAL,ARMED,2,AVAILABLE,UNAVAILABLE,UNAVAILABLE,108,4,PROGRAM_STOPPED,710,D_P1-A5.NC,D_P1-A5.NC,6,0.000668021,20,0.0005,1609633.146,468592,184.4,1149.7369,100,0.0,35,100,0,0,100,0.0,300,100,3.8,24.2,0.0,3,359.4771317,200,0,4.2,22.7,0.0,4,239.5972998,1000,600,1.7,25.9,0.1,36,-112.5685396,1300,700,1.9,27.1,0.0
113.216472,1,MANUAL,ARMED,2,AVAILABLE,UNAVAILABLE,UNAVAILABLE,108,4,PROGRAM_STOPPED,710,D_P1-A5.NC,D_P1-A5.NC,6,0.000668021,20,0.0005,1609633.146,468592,184.4,1149.7369,100,0.0,35,100,0,0,100,0.0,300,100,3.8,24.2,0.0,3,359.4771317,200,0,4.2,22.7,0.0,4,239.5973112,1000,600,1.7,25.9,0.1,36,-112.5685396,1300,700,1.9,27.1,0.0
113.364968,1,MANUAL,ARMED,2,AVAILABLE,UNAVAILABLE,UNAVAILABLE,108,4,PROGRAM_STOPPED,710,D_P1-A5.NC,D_P1-A5.NC,6,0.000668021,20,0.0005,1609633.146,468592,184.4,1149.7369,100,0.0,35,100,0,0,100,0.0,300,100,3.8,24.2,0.0,3,359.4771317,200,0,4.2,22.7,0.0,4,239.5972998,1000,600,1.7,25.9,0.1,36,-112.5685396,1300,700,1.9,27.1,0.0
113.526602,1,MANUAL,ARMED,2,AVAILABLE,UNAVAILABLE,UNAVAILABLE,108,4,PROGRAM_STOPPED,710,D_P1-A5.NC,D_P1-A5.NC,6,0.000668021,20,0.0005,1609633.146,468592,184.4,1149.7369,100,0.0,35,100,0,0,100,0.0,300,100,3.8,24.2,0.0,3,359.4771317,200,0,4.2,22.7,0.0,4,239.5973112,1000,600,1.7,25.9,0.1,36,-112.5685511,1300,700,1.9,27.1,0.0
113.680591,1,MANUAL,ARMED,2,AVAILABLE,UNAVAILABLE,UNAVAILABLE,108,4,PROGRAM_STOPPED,710,D_P1-A5.NC,D_P1-A5.NC,6,0.000668021,20,0.0005,1609633.146,468592,184.4,1162.8069,100,0.0,35,100,0,0,100,0.0,300,100,3.8,24.2,0.0,3,359.4771203,200,0,4.2,22.7,0.0,4,239.5972998,1000,600,1.7,25.9,0.1,36,-112.5685396,1300,700,1.9,27.1,0.0
113.835991,1,MANUAL,ARMED,2,AVAILABLE,UNAVAILABLE,UNAVAILABLE,108,4,PROGRAM_STOPPED,710,D_P1-A5.NC,D_P1-A5.NC,6,0.000668021,20,0.0005,1609633.146,468592,184.4,1162.8069,100,0.0,35,100,0,0,100,0.0,300,100,3.8,24.2,0.0,3,359.4771317,200,0,4.2,22.7,0.0,4,239.5972998,1000,600,1.7,25.9,0.1,36,-112.5685511,1300,700,1.9,27.1,0.0
113.97915,1,MANUAL,ARMED,2,AVAILABLE,UNAVAILABLE,UNAVAILABLE,108,4,PROGRAM_STOPPED,710,D_P1-A5.NC,D_P1-A5.NC,6,0.000668021,20,0.0005,1609633.146,468592,184.4,1162.8069,100,0.0,35,100,0,0,100,0.0,300,100,3.8,24.2,0.0,3,359.4771317,200,0,4.2,22.7,0.0,4,239.5972998,1000,600,1.7,25.9,0.1,36,-112.5685396,1300,700,1.9,27.1,0.0
114.128126,1,MANUAL,ARMED,2,AVAILABLE,UNAVAILABLE,UNAVAILABLE,108,4,PROGRAM_STOPPED,710,D_P1-A5.NC,D_P1-A5.NC,6,0.000668021,20,0.0005,1609633.146,468592,184.4,1162.8069,100,0.0,35,100,0,0,100,0.0,300,100,3.8,24.2,0.0,3,359.4771317,200,0,4.2,22.7,0.0,4,239.5972998,1000,600,1.7,25.9,0.1,36,-112.5685396,1300,700,1.9,27.1,0.0
114.273665,1,MANUAL,ARMED,2,AVAILABLE,UNAVAILABLE,UNAVAILABLE,108,4,PROGRAM_STOPPED,710,D_P1-A5.NC,D_P1-A5.NC,6,0.000668021,20,0.0005,1609633.146,468592,184.4,1162.8069,100,0.0,35,100,0,0,100,0.0,300,100,3.8,24.2,0.0,3,359.4771317,200,0,4.2,22.7,0.0,4,239.5972998,1000,600,1.7,25.9,0.1,36,-112.5685396,1300,700,1.9,27.1,0.0
114.417839,1,MANUAL,ARMED,2,AVAILABLE,UNAVAILABLE,UNAVAILABLE,108,4,PROGRAM_STOPPED,710,D_P1-A5.NC,D_P1-A5.NC,6,0.000668021,20,0.0005,1609633.146,468592,184.4,1162.8069,100,0.0,35,100,0,0,100,0.0,300,100,3.9,24.3,0.0,3,359.4771203,200,0,3.9,22.7,0.0,4,239.5973112,1000,600,1.7,25.9,0.1,36,-112.5685511,1300,700,1.8,27.1,0.0
114.576651,1,MANUAL,ARMED,2,AVAILABLE,UNAVAILABLE,UNAVAILABLE,108,4,PROGRAM_STOPPED,710,D_P1-A5.NC,D_P1-A5.NC,6,0.000668021,20,0.0005,1609633.146,468592,184.4,1162.8069,100,0.0,35,100,0,0,100,0.0,300,100,3.9,24.3,0.0,3,359.4771317,200,0,3.9,22.7,0.0,4,239.5972998,1000,600,1.7,25.9,0.1,36,-112.5685511,1300,700,1.8,27.1,0.0
114.717165,1,MANUAL,ARMED,2,AVAILABLE,UNAVAILABLE,UNAVAILABLE,108,4,PROGRAM_STOPPED,710,D_P1-A5.NC,D_P1-A5.NC,6,0.000668021,20,0.0005,1609633.146,468592,184.4,1162.8069,100,0.0,35,100,0,0,100,0.0,300,100,3.9,24.3,0.0,3,359.4771203,200,0,3.9,22.7,0.0,4,239.5972998,1000,600,1.7,25.9,0.1,36,-112.5685511,1300,700,1.8,27.1,0.0
114.868892,1,MANUAL,ARMED,2,AVAILABLE,UNAVAILABLE,UNAVAILABLE,108,4,PROGRAM_STOPPED,710,D_P1-A5.NC,D_P1-A5.NC,6,0.000668021,20,0.0005,1609633.146,468592,184.4,1132.321,100,0.0,35,100,0,0,100,0.0,300,100,3.9,24.3,0.0,3,359.4771317,200,0,3.9,22.7,0.0,4,239.5972998,1000,600,1.7,25.9,0.1,36,-112.5685396,1300,700,1.8,27.1,0.0
115.014604,1,MANUAL,ARMED,2,AVAILABLE,UNAVAILABLE,UNAVAILABLE,108,4,PROGRAM_STOPPED,710,D_P1-A5.NC,D_P1-A5.NC,6,0.000668021,20,0.0005,1609633.146,468592,184.4,1132.321,100,0.0,35,100,0,0,100,0.0,300,100,3.9,24.3,0.0,3,359.4771317,200,0,3.9,22.7,0.0,4,239.5972998,1000,600,1.7,25.9,0.1,36,-112.5685396,1300,700,1.8,27.1,0.0
115.175588,1,MANUAL,ARMED,2,AVAILABLE,UNAVAILABLE,UNAVAILABLE,108,4,PROGRAM_STOPPED,710,D_P1-A5.NC,D_P1-A5.NC,6,0.000668021,20,0.0005,1609633.146,468592,184.4,1132.321,100,0.0,35,100,0,0,100,0.0,300,100,3.9,24.3,0.0,3,359.4771317,200,0,3.9,22.7,0.0,4,239.5973112,1000,600,1.7,25.9,0.1,36,-112.5685396,1300,700,1.8,27.1,0.0
115.324151,1,MANUAL,ARMED,2,AVAILABLE,UNAVAILABLE,UNAVAILABLE,108,4,PROGRAM_STOPPED,710,D_P1-A5.NC,D_P1-A5.NC,6,0.000668021,20,0.0005,1609633.146,468592,184.4,1132.321,100,0.0,35,100,0,0,100,0.0,300,100,3.9,24.3,0.0,3,359.4771317,200,0,3.9,22.7,0.0,4,239.5973112,1000,600,1.7,25.9,0.1,36,-112.5685396,1300,700,1.8,27.1,0.0
115.471155,1,MANUAL,ARMED,2,AVAILABLE,UNAVAILABLE,UNAVAILABLE,108,4,PROGRAM_STOPPED,710,D_P1-A5.NC,D_P1-A5.NC,6,0.000668021,20,0.0005,1609633.146,468592,184.4,1132.321,100,0.0,35,100,0,0,100,0.0,300,100,3.9,24.3,0.0,3,359.4771317,200,0,3.9,22.7,0.0,4,239.5972998,1000,600,1.7,25.9,0.1,36,-112.5685396,1300,700,1.8,27.1,0.0
115.626569,1,MANUAL,ARMED,2,AVAILABLE,UNAVAILABLE,UNAVAILABLE,108,4,PROGRAM_STOPPED,710,D_P1-A5.NC,D_P1-A5.NC,6,0.000668021,20,0.0005,1609633.146,468592,184.4,1132.321,100,0.0,35,100,0,0,100,0.0,300,100,3.9,24.3,0.0,3,359.4771317,200,0,3.9,22.7,0.0,4,239.5973112,1000,600,1.7,25.9,0.1,36,-112.5685396,1300,700,1.8,27.1,0.0
115.769451,1,MANUAL,ARMED,2,AVAILABLE,UNAVAILABLE,UNAVAILABLE,108,4,PROGRAM_STOPPED,710,D_P1-A5.NC,D_P1-A5.NC,6,0.000668021,20,0.0005,1609633.146,468592,184.4,1132.321,100,0.0,35,100,0,0,100,0.0,300,100,3.9,24.3,0.0,3,359.4771317,200,0,3.9,22.7,0.0,4,239.5973112,1000,600,1.7,25.9,0.1,36,-112.5685396,1300,700,1.8,27.1,0.0
115.914617,1,MANUAL,ARMED,2,AVAILABLE,UNAVAILABLE,UNAVAILABLE,108,4,PROGRAM_STOPPED,710,D_P1-A5.NC,D_P1-A5.NC,6,0.000668021,20,0.0005,1609633.146,468592,184.4,1172.3704,100,0.0,35,100,0,0,100,0.0,300,100,3.9,24.3,0.0,3,359.4771317,200,0,3.9,22.7,0.0,4,239.5972998,1000,600,1.7,25.9,0.1,36,-112.5685396,1300,700,1.8,27.1,0.0
116.055237,1,MANUAL,ARMED,2,AVAILABLE,UNAVAILABLE,UNAVAILABLE,108,4,PROGRAM_STOPPED,710,D_P1-A5.NC,D_P1-A5.NC,6,0.000668021,20,0.0005,1609633.146,468592,184.4,1172.3704,100,0.0,35,100,0,0,100,0.0,300,100,3.4,24.3,0.0,3,359.4771203,200,0,4.5,22.7,0.0,4,239.5973112,1000,600,1.7,25.9,0.1,36,-112.5685396,1300,700,1.8,27.1,0.0
116.207089,1,MANUAL,ARMED,2,AVAILABLE,UNAVAILABLE,UNAVAILABLE,108,4,PROGRAM_STOPPED,710,D_P1-A5.NC,D_P1-A5.NC,6,0.000668021,20,0.0005,1609633.146,468592,184.4,1172.3704,100,0.0,35,100,0,0,100,0.0,300,100,3.4,24.3,0.0,3,359.4771203,200,0,4.5,22.7,0.0,4,239.5973112,1000,600,1.7,25.9,0.1,36,-112.5685511,1300,700,1.8,27.1,0.0
116.352488,1,MANUAL,ARMED,2,AVAILABLE,UNAVAILABLE,UNAVAILABLE,108,4,PROGRAM_STOPPED,710,D_P1-A5.NC,D_P1-A5.NC,6,0.000668021,20,0.0005,1609633.146,468592,184.4,1172.3704,100,0.0,35,100,0,0,100,0.0,300,100,3.4,24.3,0.0,3,359.4771317,200,0,4.5,22.7,0.0,4,239.5972998,1000,600,1.7,25.9,0.1,36,-112.5685396,1300,700,1.8,27.1,0.0
116.502459,1,MANUAL,ARMED,2,AVAILABLE,UNAVAILABLE,UNAVAILABLE,108,4,PROGRAM_STOPPED,710,D_P1-A5.NC,D_P1-A5.NC,6,0.000668021,20,0.0005,1609633.146,468592,184.4,1172.3704,100,0.0,35,100,0,0,100,0.0,300,100,3.4,24.3,0.0,3,359.4771203,200,0,4.5,22.7,0.0,4,239.5972998,1000,600,1.7,25.9,0.1,36,-112.5685396,1300,700,1.8,27.1,0.0
116.658459,1,MANUAL,ARMED,2,AVAILABLE,UNAVAILABLE,UNAVAILABLE,108,4,PROGRAM_STOPPED,710,D_P1-A5.NC,D_P1-A5.NC,6,0.000668021,20,0.0005,1609633.146,468592,184.4,1172.3704,100,0.0,35,100,0,0,100,0.0,300,100,3.4,24.3,0.0,3,359.4771317,200,0,4.5,22.7,0.0,4,239.5972998,1000,600,1.7,25.9,0.1,36,-112.5685396,1300,700,1.8,27.1,0.0
116.800384,1,MANUAL,ARMED,2,AVAILABLE,UNAVAILABLE,UNAVAILABLE,108,4,PROGRAM_STOPPED,710,D_P1-A5.NC,D_P1-A5.NC,6,0.000668021,20,0.0005,1609633.146,468592,184.4,1172.3704,100,0.0,35,100,0,0,100,0.0,300,100,3.4,24.3,0.0,3,359.4771203,200,0,4.5,22.7,0.0,4,239.5972998,1000,600,1.7,25.9,0.1,36,-112.5685396,1300,700,1.8,27.1,0.0
116.954003,1,MANUAL,ARMED,2,AVAILABLE,UNAVAILABLE,UNAVAILABLE,108,4,PROGRAM_STOPPED,710,D_P1-A5.NC,D_P1-A5.NC,6,0.000668021,20,0.0005,1609633.146,468592,184.4,1172.3444,100,0.0,35,100,0,0,100,0.0,300,100,3.4,24.3,0.0,3,359.4771317,200,0,4.5,22.7,0.0,4,239.5972998,1000,600,1.7,25.9,0.1,36,-112.5685396,1300,700,1.8,27.1,0.0
117.107366,1,MANUAL,ARMED,2,AVAILABLE,UNAVAILABLE,UNAVAILABLE,108,4,PROGRAM_STOPPED,710,D_P1-A5.NC,D_P1-A5.NC,6,0.000668021,20,0.0005,1609633.146,468592,184.4,1172.3444,100,0.0,35,100,0,0,100,0.0,300,100,3.4,24.3,0.0,3,359.4771317,200,0,4.5,22.7,0.0,4,239.5972998,1000,600,1.7,25.9,0.1,36,-112.5685396,1300,700,1.8,27.1,0.0
117.256447,1,MANUAL,ARMED,2,AVAILABLE,UNAVAILABLE,UNAVAILABLE,108,4,PROGRAM_STOPPED,710,D_P1-A5.NC,D_P1-A5.NC,6,0.000668021,20,0.0005,1609633.146,468592,184.4,1172.3444,100,0.0,35,100,0,0,100,0.0,300,100,3.4,24.3,0.0,3,359.4771203,200,0,4.5,22.7,0.0,4,239.5972998,1000,600,1.7,25.9,0.1,36,-112.5685511,1300,700,1.8,27.1,0.0
117.401926,1,MANUAL,ARMED,2,AVAILABLE,UNAVAILABLE,UNAVAILABLE,108,4,PROGRAM_STOPPED,710,D_P1-A5.NC,D_P1-A5.NC,6,0.000668021,20,0.0005,1609633.146,468592,184.4,1172.3444,100,0.0,35,100,0,0,100,0.0,300,100,3.4,24.3,0.0,3,359.4771317,200,0,4.5,22.7,0.0,4,239.5972998,1000,600,1.7,25.9,0.1,36,-112.5685396,1300,700,1.8,27.1,0.0
117.550659,1,MANUAL,ARMED,2,AVAILABLE,UNAVAILABLE,UNAVAILABLE,108,4,PROGRAM_STOPPED,710,D_P1-A5.NC,D_P1-A5.NC,6,0.000668021,20,0.0005,1609633.146,468592,184.4,1172.3444,100,0.0,35,100,0,0,100,0.0,300,100,3.4,24.3,0.0,3,359.4771317,200,0,4.5,22.7,0.0,4,239.5972998,1000,600,1.7,25.9,0.1,36,-112.5685396,1300,700,1.8,27.1,0.0
117.697917,1,MANUAL,ARMED,2,AVAILABLE,UNAVAILABLE,UNAVAILABLE,108,4,PROGRAM_STOPPED,710,D_P1-A5.NC,D_P1-A5.NC,6,0.000668021,20,0.0005,1609633.146,468592,184.4,1172.3444,100,0.0,35,100,0,0,100,0.0,300,100,3.3,24.3,0.0,3,359.4771203,200,0,3.9,22.7,0.0,4,239.5973112,1000,600,1.7,25.9,0.1,36,-112.5685396,1300,700,1.9,27.1,0.0
117.849018,1,MANUAL,ARMED,2,AVAILABLE,UNAVAILABLE,UNAVAILABLE,108,4,PROGRAM_STOPPED,710,D_P1-A5.NC,D_P1-A5.NC,6,0.000668021,20,0.0005,1609633.146,468592,184.4,1172.3444,100,0.0,35,100,0,0,100,0.0,300,100,3.3,24.3,0.0,3,359.4771317,200,0,3.9,22.7,0.0,4,239.5972998,1000,600,1.7,25.9,0.1,36,-112.5685511,1300,700,1.9,27.1,0.0
117.987789,1,MANUAL,ARMED,2,AVAILABLE,UNAVAILABLE,UNAVAILABLE,108,4,PROGRAM_STOPPED,710,D_P1-A5.NC,D_P1-A5.NC,6,0.000668021,20,0.0005,1609633.146,468592,184.4,1172.3444,100,0.0,35,100,0,0,100,0.0,300,100,3.3,24.3,0.0,3,359.4771317,200,0,3.9,22.7,0.0,4,239.5972998,1000,600,1.7,25.9,0.1,36,-112.5685511,1300,700,1.9,27.1,0.0
118.145408,1,MANUAL,ARMED,2,AVAILABLE,UNAVAILABLE,UNAVAILABLE,108,4,PROGRAM_STOPPED,710,D_P1-A5.NC,D_P1-A5.NC,6,0.000668021,20,0.0005,1609633.146,468592,184.4,1145.7034,100,0.0,35,100,0,0,100,0.0,300,100,3.3,24.3,0.0,3,359.4771317,200,0,3.9,22.7,0.0,4,239.5972998,1000,600,1.7,25.9,0.1,36,-112.5685396,1300,700,1.9,27.1,0.0
118.287659,1,MANUAL,ARMED,2,AVAILABLE,UNAVAILABLE,UNAVAILABLE,108,4,PROGRAM_STOPPED,710,D_P1-A5.NC,D_P1-A5.NC,6,0.000668021,20,0.0005,1609633.146,468592,184.4,1145.7034,100,0.0,35,100,0,0,100,0.0,300,100,3.3,24.3,0.0,3,359.4771203,200,0,3.9,22.7,0.0,4,239.5972998,1000,600,1.7,25.9,0.1,36,-112.5685511,1300,700,1.9,27.1,0.0
118.429047,1,MANUAL,ARMED,2,AVAILABLE,UNAVAILABLE,UNAVAILABLE,108,4,PROGRAM_STOPPED,710,D_P1-A5.NC,D_P1-A5.NC,6,0.000668021,20,0.0005,1609633.146,468592,184.4,1145.7034,100,0.0,35,100,0,0,100,0.0,300,100,3.3,24.3,0.0,3,359.4771317,200,0,3.9,22.7,0.0,4,239.5972998,1000,600,1.7,25.9,0.1,36,-112.5685396,1300,700,1.9,27.1,0.0
118.575239,1,MANUAL,ARMED,2,AVAILABLE,UNAVAILABLE,UNAVAILABLE,108,4,PROGRAM_STOPPED,710,D_P1-A5.NC,D_P1-A5.NC,6,0.000668021,20,0.0005,1609633.146,468592,184.4,1145.7034,100,0.0,35,100,0,0,100,0.0,300,100,3.3,24.3,0.0,3,359.4771317,200,0,3.9,22.7,0.0,4,239.5972998,1000,600,1.7,25.9,0.1,36,-112.5685396,1300,700,1.9,27.1,0.0
118.718846,1,MANUAL,ARMED,2,AVAILABLE,UNAVAILABLE,UNAVAILABLE,108,4,PROGRAM_STOPPED,710,D_P1-A5.NC,D_P1-A5.NC,6,0.000668021,20,0.0005,1609633.146,468592,184.4,1145.7034,100,0.0,35,100,0,0,100,0.0,300,100,3.3,24.3,0.0,3,359.4771317,200,0,3.9,22.7,0.0,4,239.5972998,1000,600,1.7,25.9,0.1,36,-112.5685511,1300,700,1.9,27.1,0.0
118.865769,1,MANUAL,ARMED,2,AVAILABLE,UNAVAILABLE,UNAVAILABLE,108,4,PROGRAM_STOPPED,710,D_P1-A5.NC,D_P1-A5.NC,6,0.000668021,20,0.0005,1609633.146,468592,184.4,1145.7034,100,0.0,35,100,0,0,100,0.0,300,100,3.3,24.3,0.0,3,359.4771317,200,0,3.9,22.7,0.0,4,239.5972998,1000,600,1.7,25.9,0.1,36,-112.5685396,1300,700,1.9,27.1,0.0
119.014793,1,MANUAL,ARMED,2,AVAILABLE,UNAVAILABLE,UNAVAILABLE,108,4,PROGRAM_STOPPED,710,D_P1-A5.NC,D_P1-A5.NC,6,0.000668021,20,0.0005,1609633.146,468592,184.4,1145.7034,100,0.0,35,100,0,0,100,0.0,300,100,3.3,24.3,0.0,3,359.4771317,200,0,3.9,22.7,0.0,4,239.5972998,1000,600,1.7,25.9,0.1,36,-112.5685511,1300,700,1.9,27.1,0.0
119.187536,1,MANUAL,ARMED,2,AVAILABLE,UNAVAILABLE,UNAVAILABLE,108,4,PROGRAM_STOPPED,710,D_P1-A5.NC,D_P1-A5.NC,6,0.000668021,20,0.0005,1609633.146,468592,184.4,1136.2766,100,0.0,35,100,0,0,100,0.0,300,100,3.3,24.3,0.0,3,359.4771317,200,0,3.9,22.7,0.0,4,239.5973112,1000,600,1.7,25.9,0.1,36,-112.5685396,1300,700,1.9,27.1,0.0
119.329464,1,MANUAL,ARMED,2,AVAILABLE,UNAVAILABLE,UNAVAILABLE,108,4,PROGRAM_STOPPED,710,D_P1-A5.NC,D_P1-A5.NC,6,0.000668021,20,0.0005,1609633.146,468592,184.4,1136.2766,100,0.0,35,100,0,0,100,0.0,300,100,3.5,24.3,0.0,3,359.4771317,200,0,4.3,22.7,0.0,4,239.5972998,1000,600,1.6,25.9,0.0,36,-112.5685396,1300,700,1.9,27.1,0.0
119.479354,1,MANUAL,ARMED,2,AVAILABLE,UNAVAILABLE,UNAVAILABLE,108,4,PROGRAM_STOPPED,710,D_P1-A5.NC,D_P1-A5.NC,6,0.000668021,20,0.0005,1609633.146,468592,184.4,1136.2766,100,0.0,35,100,0,0,100,0.0,300,100,3.5,24.3,0.0,3,359.4771317,200,0,4.3,22.7,0.0,4,239.5972998,1000,600,1.6,25.9,0.0,36,-112.5685396,1300,700,1.9,27.1,0.0
119.624996,1,MANUAL,ARMED,2,AVAILABLE,UNAVAILABLE,UNAVAILABLE,108,4,PROGRAM_STOPPED,710,D_P1-A5.NC,D_P1-A5.NC,6,0.000668021,20,0.0005,1609633.146,468592,184.4,1136.2766,100,0.0,35,100,0,0,100,0.0,300,100,3.5,24.3,0.0,3,359.4771203,200,0,4.3,22.7,0.0,4,239.5972998,1000,600,1.6,25.9,0.0,36,-112.5685396,1300,700,1.9,27.1,0.0
119.7696,1,MANUAL,ARMED,2,AVAILABLE,UNAVAILABLE,UNAVAILABLE,108,4,PROGRAM_STOPPED,710,D_P1-A5.NC,D_P1-A5.NC,6,0.000668021,20,0.0005,1609633.146,468592,184.4,1136.2766,100,0.0,35,100,0,0,100,0.0,300,100,3.5,24.3,0.0,3,359.4771203,200,0,4.3,22.7,0.0,4,239.5973112,1000,600,1.6,25.9,0.0,36,-112.5685511,1300,700,1.9,27.1,0.0
119.9136,1,MANUAL,ARMED,2,AVAILABLE,UNAVAILABLE,UNAVAILABLE,108,4,PROGRAM_STOPPED,710,D_P1-A5.NC,D_P1-A5.NC,6,0.000668021,20,0.0005,1609633.146,468592,184.4,1136.2766,100,0.0,35,100,0,0,100,0.0,300,100,3.5,24.3,0.0,3,359.4771317,200,0,4.3,22.7,0.0,4,239.5972998,1000,600,1.6,25.9,0.0,36,-112.5685396,1300,700,1.9,27.1,0.0
120.053917,1,MANUAL,ARMED,2,AVAILABLE,UNAVAILABLE,UNAVAILABLE,108,4,PROGRAM_STOPPED,710,D_P1-A5.NC,D_P1-A5.NC,6,0.000668021,20,0.0005,1609633.146,468592,184.4,1136.2766,100,0.0,35,100,0,0,100,0.0,300,100,3.5,24.3,0.0,3,359.4771317,200,0,4.3,22.7,0.0,4,239.5972998,1000,600,1.6,25.9,0.0,36,-112.5685396,1300,700,1.9,27.1,0.0
120.208447,1,MANUAL,ARMED,2,AVAILABLE,UNAVAILABLE,UNAVAILABLE,108,4,PROGRAM_STOPPED,710,D_P1-A5.NC,D_P1-A5.NC,6,0.000668021,20,0.0005,1609633.146,468592,184.4,1139.048,100,0.0,35,100,0,0,100,0.0,300,100,3.5,24.3,0.0,3,359.4771317,200,0,4.3,22.7,0.0,4,239.5972998,1000,600,1.6,25.9,0.0,36,-112.5685396,1300,700,1.9,27.1,0.0
120.351431,1,MANUAL,ARMED,2,AVAILABLE,UNAVAILABLE,UNAVAILABLE,108,4,PROGRAM_STOPPED,710,D_P1-A5.NC,D_P1-A5.NC,6,0.000668021,20,0.0005,1609633.146,468592,184.4,1139.048,100,0.0,35,100,0,0,100,0.0,300,100,3.5,24.3,0.0,3,359.4771317,200,0,4.3,22.7,0.0,4,239.5973112,1000,600,1.6,25.9,0.0,36,-112.5685396,1300,700,1.9,27.1,0.0
120.499621,1,MANUAL,ARMED,2,AVAILABLE,UNAVAILABLE,UNAVAILABLE,108,4,PROGRAM_STOPPED,710,D_P1-A5.NC,D_P1-A5.NC,6,0.000668021,20,0.0005,1609633.146,468592,184.4,1139.048,100,0.0,35,100,0,0,100,0.0,300,100,3.5,24.3,0.0,3,359.4771317,200,0,4.3,22.7,0.0,4,239.5972998,1000,600,1.6,25.9,0.0,36,-112.5685396,1300,700,1.9,27.1,0.0
120.642692,1,MANUAL,ARMED,2,AVAILABLE,UNAVAILABLE,UNAVAILABLE,108,4,PROGRAM_STOPPED,710,D_P1-A5.NC,D_P1-A5.NC,6,0.000668021,20,0.0005,1609633.146,468592,184.4,1139.048,100,0.0,35,100,0,0,100,0.0,300,100,3.5,24.3,0.0,3,359.4771317,200,0,4.3,22.7,0.0,4,239.5972998,1000,600,1.6,25.9,0.0,36,-112.5685396,1300,700,1.9,27.1,0.0
120.788113,1,MANUAL,ARMED,2,AVAILABLE,UNAVAILABLE,UNAVAILABLE,108,4,PROGRAM_STOPPED,710,D_P1-A5.NC,D_P1-A5.NC,6,0.000668021,20,0.0005,1609633.146,468592,184.4,1139.048,100,0.0,35,100,0,0,100,0.0,300,100,3.5,24.3,0.0,3,359.4771317,200,0,4.3,22.7,0.0,4,239.5972998,1000,600,1.6,25.9,0.0,36,-112.5685511,1300,700,1.9,27.1,0.0
120.941667,1,MANUAL,ARMED,2,AVAILABLE,UNAVAILABLE,UNAVAILABLE,108,4,PROGRAM_STOPPED,710,D_P1-A5.NC,D_P1-A5.NC,6,0.000668021,20,0.0005,1609633.146,468592,184.4,1139.048,100,0.0,35,100,0,0,100,0.0,300,100,3.5,24.3,0.0,3,359.4771203,200,0,4.3,22.7,0.0,4,239.5972998,1000,600,1.6,25.9,0.0,36,-112.5685396,1300,700,1.9,27.1,0.0
121.081168,1,MANUAL,ARMED,2,AVAILABLE,UNAVAILABLE,UNAVAILABLE,108,4,PROGRAM_STOPPED,710,D_P1-A5.NC,D_P1-A5.NC,6,0.000668021,20,0.0005,1609633.146,468592,184.4,1139.048,100,0.0,35,100,0,0,100,0.0,300,100,3.6,24.3,0.0,3,359.4771317,200,0,3.9,22.7,0.0,4,239.5973112,1000,600,1.7,25.9,0.0,36,-112.5685511,1300,700,1.9,27.1,0.0
121.231557,1,MANUAL,ARMED,2,AVAILABLE,UNAVAILABLE,UNAVAILABLE,108,4,PROGRAM_STOPPED,710,D_P1-A5.NC,D_P1-A5.NC,6,0.000668021,20,0.0005,1609633.146,468592,184.4,1139.048,100,0.0,35,100,0,0,100,0.0,300,100,3.6,24.3,0.0,3,359.4771203,200,0,3.9,22.7,0.0,4,239.5973112,1000,600,1.7,25.9,0.0,36,-112.5685396,1300,700,1.9,27.1,0.0
121.383098,1,MANUAL,ARMED,2,AVAILABLE,UNAVAILABLE,UNAVAILABLE,108,4,PROGRAM_STOPPED,710,D_P1-A5.NC,D_P1-A5.NC,6,0.000668021,20,0.0005,1609633.146,468592,184.4,1159.424,100,0.0,35,100,0,0,100,0.0,300,100,3.6,24.3,0.0,3,359.4771317,200,0,3.9,22.7,0.0,4,239.5972998,1000,600,1.7,25.9,0.0,36,-112.5685396,1300,700,1.9,27.1,0.0
121.528882,1,MANUAL,ARMED,2,AVAILABLE,UNAVAILABLE,UNAVAILABLE,108,4,PROGRAM_STOPPED,710,D_P1-A5.NC,D_P1-A5.NC,6,0.000668021,20,0.0005,1609633.146,468592,184.4,1159.424,100,0.0,35,100,0,0,100,0.0,300,100,3.6,24.3,0.0,3,359.4771317,200,0,3.9,22.7,0.0,4,239.5972998,1000,600,1.7,25.9,0.0,36,-112.5685396,1300,700,1.9,27.1,0.0
121.671238,1,MANUAL,ARMED,2,AVAILABLE,UNAVAILABLE,UNAVAILABLE,108,4,PROGRAM_STOPPED,710,D_P1-A5.NC,D_P1-A5.NC,6,0.000668021,20,0.0005,1609633.146,468592,184.4,1159.424,100,0.0,35,100,0,0,100,0.0,300,100,3.6,24.3,0.0,3,359.4771203,200,0,3.9,22.7,0.0,4,239.5973112,1000,600,1.7,25.9,0.0,36,-112.5685396,1300,700,1.9,27.1,0.0
121.82096,1,MANUAL,ARMED,2,AVAILABLE,UNAVAILABLE,UNAVAILABLE,108,4,PROGRAM_STOPPED,710,D_P1-A5.NC,D_P1-A5.NC,6,0.000668021,20,0.0005,1609633.146,468592,184.4,1159.424,100,0.0,35,100,0,0,100,0.0,300,100,3.6,24.3,0.0,3,359.4771317,200,0,3.9,22.7,0.0,4,239.5972998,1000,600,1.7,25.9,0.0,36,-112.5685396,1300,700,1.9,27.1,0.0
121.969708,1,MANUAL,ARMED,2,AVAILABLE,UNAVAILABLE,UNAVAILABLE,108,4,PROGRAM_STOPPED,710,D_P1-A5.NC,D_P1-A5.NC,6,0.000668021,20,0.0005,1609633.146,468592,184.4,1159.424,100,0.0,35,100,0,0,100,0.0,300,100,3.6,24.3,0.0,3,359.4771317,200,0,3.9,22.7,0.0,4,239.5973112,1000,600,1.7,25.9,0.0,36,-112.5685396,1300,700,1.9,27.1,0.0
122.115478,1,MANUAL,ARMED,2,AVAILABLE,UNAVAILABLE,UNAVAILABLE,108,4,PROGRAM_STOPPED,710,D_P1-A5.NC,D_P1-A5.NC,6,0.000668021,20,0.0005,1609633.146,468592,184.4,1159.424,100,0.0,35,100,0,0,100,0.0,300,100,3.6,24.3,0.0,3,359.4771317,200,0,3.9,22.7,0.0,4,239.5973112,1000,600,1.7,25.9,0.0,36,-112.5685396,1300,700,1.9,27.1,0.0
122.262082,1,MANUAL,ARMED,2,AVAILABLE,UNAVAILABLE,UNAVAILABLE,108,4,PROGRAM_STOPPED,710,D_P1-A5.NC,D_P1-A5.NC,6,0.000668021,20,0.0005,1609633.146,468592,184.4,1159.424,100,0.0,35,100,0,0,100,0.0,300,100,3.6,24.3,0.0,3,359.4771317,200,0,3.9,22.7,0.0,4,239.5972998,1000,600,1.7,25.9,0.0,36,-112.5685396,1300,700,1.9,27.1,0.0
122.404458,1,MANUAL,ARMED,2,AVAILABLE,UNAVAILABLE,UNAVAILABLE,108,4,PROGRAM_STOPPED,710,D_P1-A5.NC,D_P1-A5.NC,6,0.000668021,20,0.0005,1609633.146,468592,184.4,1176.0591,100,0.0,35,100,0,0,100,0.0,300,100,3.6,24.3,0.0,3,359.4771317,200,0,3.9,22.7,0.0,4,239.5972998,1000,600,1.7,25.9,0.0,36,-112.5685396,1300,700,1.9,27.1,0.0
122.552505,1,MANUAL,ARMED,2,AVAILABLE,UNAVAILABLE,UNAVAILABLE,108,4,PROGRAM_STOPPED,710,D_P1-A5.NC,D_P1-A5.NC,6,0.000668021,20,0.0005,1609633.146,468592,184.4,1176.0591,100,0.0,35,100,0,0,100,0.0,300,100,3.6,24.3,0.0,3,359.4771317,200,0,3.9,22.7,0.0,4,239.5973112,1000,600,1.7,25.9,0.0,36,-112.5685396,1300,700,1.9,27.1,0.0
122.701734,1,MANUAL,ARMED,2,AVAILABLE,UNAVAILABLE,UNAVAILABLE,108,4,PROGRAM_STOPPED,710,D_P1-A5.NC,D_P1-A5.NC,6,0.000668021,20,0.0005,1609633.146,468592,184.4,1176.0591,100,0.0,35,100,0,0,100,0.0,300,100,3.2,24.3,0.0,3,359.4771317,200,0,4.0,22.7,0.0,4,239.5972998,1000,600,1.7,25.9,0.0,36,-112.5685396,1300,700,1.8,27.1,0.0
122.846607,1,MANUAL,ARMED,2,AVAILABLE,UNAVAILABLE,UNAVAILABLE,108,4,PROGRAM_STOPPED,710,D_P1-A5.NC,D_P1-A5.NC,6,0.000668021,20,0.0005,1609633.146,468592,184.4,1176.0591,100,0.0,35,100,0,0,100,0.0,300,100,3.2,24.3,0.0,3,359.4771317,200,0,4.0,22.7,0.0,4,239.5973112,1000,600,1.7,25.9,0.0,36,-112.5685396,1300,700,1.8,27.1,0.0
123.002287,1,MANUAL,ARMED,2,AVAILABLE,UNAVAILABLE,UNAVAILABLE,108,4,PROGRAM_STOPPED,710,D_P1-A5.NC,D_P1-A5.NC,6,0.000668021,20,0.0005,1609633.146,468592,184.4,1176.0591,100,0.0,35,100,0,0,100,0.0,300,100,3.2,24.3,0.0,3,359.4771317,200,0,4.0,22.7,0.0,4,239.5972998,1000,600,1.7,25.9,0.0,36,-112.5685396,1300,700,1.8,27.1,0.0
123.148557,1,MANUAL,ARMED,2,AVAILABLE,UNAVAILABLE,UNAVAILABLE,108,4,PROGRAM_STOPPED,710,D_P1-A5.NC,D_P1-A5.NC,6,0.000668021,20,0.0005,1609633.146,468592,184.4,1176.0591,100,0.0,35,100,0,0,100,0.0,300,100,3.2,24.3,0.0,3,359.4771317,200,0,4.0,22.7,0.0,4,239.5972998,1000,600,1.7,25.9,0.0,36,-112.5685396,1300,700,1.8,27.1,0.0
123.296887,1,MANUAL,ARMED,2,AVAILABLE,UNAVAILABLE,UNAVAILABLE,108,4,PROGRAM_STOPPED,710,D_P1-A5.NC,D_P1-A5.NC,6,0.000668021,20,0.0005,1609633.146,468592,184.4,1176.0591,100,0.0,35,100,0,0,100,0.0,300,100,3.2,24.3,0.0,3,359.4771317,200,0,4.0,22.7,0.0,4,239.5972998,1000,600,1.7,25.9,0.0,36,-112.5685396,1300,700,1.8,27.1,0.0
123.452901,1,MANUAL,ARMED,2,AVAILABLE,UNAVAILABLE,UNAVAILABLE,108,4,PROGRAM_STOPPED,710,D_P1-A5.NC,D_P1-A5.NC,6,0.000668021,20,0.0005,1609633.146,468592,184.4,1160.2175,100,0.0,35,100,0,0,100,0.0,300,100,3.2,24.3,0.0,3,359.4771317,200,0,4.0,22.7,0.0,4,239.5973112,1000,600,1.7,25.9,0.0,36,-112.5685396,1300,700,1.8,27.1,0.0
123.599228,1,MANUAL,ARMED,2,AVAILABLE,UNAVAILABLE,UNAVAILABLE,108,4,PROGRAM_STOPPED,710,D_P1-A5.NC,D_P1-A5.NC,6,0.000668021,20,0.0005,1609633.146,468592,184.4,1160.2175,100,0.0,35,100,0,0,100,0.0,300,100,3.2,24.3,0.0,3,359.4771203,200,0,4.0,22.7,0.0,4,239.5972998,1000,600,1.7,25.9,0.0,36,-112.5685396,1300,700,1.8,27.1,0.0
123.742496,1,MANUAL,ARMED,2,AVAILABLE,UNAVAILABLE,UNAVAILABLE,108,4,PROGRAM_STOPPED,710,D_P1-A5.NC,D_P1-A5.NC,6,0.000668021,20,0.0005,1609633.146,468592,184.4,1160.2175,100,0.0,35,100,0,0,100,0.0,300,100,3.2,24.3,0.0,3,359.4771203,200,0,4.0,22.7,0.0,4,239.5972998,1000,600,1.7,25.9,0.0,36,-112.5685396,1300,700,1.8,27.1,0.0
123.890968,1,MANUAL,ARMED,2,AVAILABLE,UNAVAILABLE,UNAVAILABLE,108,4,PROGRAM_STOPPED,710,D_P1-A5.NC,D_P1-A5.NC,6,0.000668021,20,0.0005,1609633.146,468592,184.4,1160.2175,100,0.0,35,100,0,0,100,0.0,300,100,3.2,24.3,0.0,3,359.4771317,200,0,4.0,22.7,0.0,4,239.5972998,1000,600,1.7,25.9,0.0,36,-112.5685396,1300,700,1.8,27.1,0.0
124.041102,1,MANUAL,ARMED,2,AVAILABLE,UNAVAILABLE,UNAVAILABLE,108,4,PROGRAM_STOPPED,710,D_P1-A5.NC,D_P1-A5.NC,6,0.000668021,20,0.0005,1609633.146,468592,184.4,1160.2175,100,0.0,35,100,0,0,100,0.0,300,100,3.2,24.3,0.0,3,359.4771203,200,0,4.0,22.7,0.0,4,239.5972998,1000,600,1.7,25.9,0.0,36,-112.5685396,1300,700,1.8,27.1,0.0
124.181599,1,MANUAL,ARMED,2,AVAILABLE,UNAVAILABLE,UNAVAILABLE,108,4,PROGRAM_STOPPED,710,D_P1-A5.NC,D_P1-A5.NC,6,0.000668021,20,0.0005,1609633.146,468592,184.4,1160.2175,100,0.0,35,100,0,0,100,0.0,300,100,3.4,24.3,0.0,3,359.4771317,200,0,4.0,22.7,0.0,4,239.5972998,1000,600,1.7,25.9,0.0,36,-112.5685396,1400,700,1.9,27.1,0.0
124.323851,1,MANUAL,ARMED,2,AVAILABLE,UNAVAILABLE,UNAVAILABLE,108,4,PROGRAM_STOPPED,710,D_P1-A5.NC,D_P1-A5.NC,6,0.000668021,20,0.0005,1609633.146,468592,184.4,1160.2175,100,0.0,35,100,0,0,100,0.0,300,100,3.4,24.3,0.0,3,359.4771317,200,0,4.0,22.7,0.0,4,239.5973112,1000,600,1.7,25.9,0.0,36,-112.5685396,1400,700,1.9,27.1,0.0
124.474304,1,MANUAL,ARMED,2,AVAILABLE,UNAVAILABLE,UNAVAILABLE,108,4,PROGRAM_STOPPED,710,D_P1-A5.NC,D_P1-A5.NC,6,0.000668021,20,0.0005,1609633.146,468592,184.4,1160.2175,100,0.0,35,100,0,0,100,0.0,300,100,3.4,24.3,0.0,3,359.4771317,200,0,4.0,22.7,0.0,4,239.5972998,1000,600,1.7,25.9,0.0,36,-112.5685396,1400,700,1.9,27.1,0.0
124.629274,1,MANUAL,ARMED,2,AVAILABLE,UNAVAILABLE,UNAVAILABLE,108,4,PROGRAM_STOPPED,710,D_P1-A5.NC,D_P1-A5.NC,6,0.000668021,20,0.0005,1609633.146,468592,184.4,1180.1317,100,0.0,35,100,0,0,100,0.0,300,100,3.4,24.3,0.0,3,359.4771317,200,0,4.0,22.7,0.0,4,239.5972998,1000,600,1.7,25.9,0.0,36,-112.5685396,1400,700,1.9,27.1,0.0
124.776994,1,MANUAL,ARMED,2,AVAILABLE,UNAVAILABLE,UNAVAILABLE,108,4,PROGRAM_STOPPED,710,D_P1-A5.NC,D_P1-A5.NC,6,0.000668021,20,0.0005,1609633.146,468592,184.4,1180.1317,100,0.0,35,100,0,0,100,0.0,300,100,3.4,24.3,0.0,3,359.4771317,200,0,4.0,22.7,0.0,4,239.5972998,1000,600,1.7,25.9,0.0,36,-112.5685396,1400,700,1.9,27.1,0.0
124.923686,1,MANUAL,ARMED,2,AVAILABLE,UNAVAILABLE,UNAVAILABLE,108,4,PROGRAM_STOPPED,710,D_P1-A5.NC,D_P1-A5.NC,6,0.000668021,20,0.0005,1609633.146,468592,184.4,1180.1317,100,0.0,35,100,0,0,100,0.0,300,100,3.4,24.3,0.0,3,359.4771317,200,0,4.0,22.7,0.0,4,239.5972998,1000,600,1.7,25.9,0.0,36,-112.5685396,1400,700,1.9,27.1,0.0
125.072284,1,MANUAL,ARMED,2,AVAILABLE,UNAVAILABLE,UNAVAILABLE,108,4,PROGRAM_STOPPED,710,D_P1-A5.NC,D_P1-A5.NC,6,0.000668021,20,0.0005,1609633.146,468592,184.4,1180.1317,100,0.0,35,100,0,0,100,0.0,300,100,3.4,24.3,0.0,3,359.4771317,200,0,4.0,22.7,0.0,4,239.5972998,1000,600,1.7,25.9,0.0,36,-112.5685396,1400,700,1.9,27.1,0.0
125.22761,1,MANUAL,ARMED,2,AVAILABLE,UNAVAILABLE,UNAVAILABLE,108,4,PROGRAM_STOPPED,710,D_P1-A5.NC,D_P1-A5.NC,6,0.000668021,20,0.0005,1609633.146,468592,184.4,1180.1317,100,0.0,35,100,0,0,100,0.0,300,100,3.4,24.3,0.0,3,359.4771317,200,0,4.0,22.7,0.0,4,239.5972998,1000,600,1.7,25.9,0.0,36,-112.5685511,1400,700,1.9,27.1,0.0
125.371023,1,MANUAL,ARMED,2,AVAILABLE,UNAVAILABLE,UNAVAILABLE,108,4,PROGRAM_STOPPED,710,D_P1-A5.NC,D_P1-A5.NC,6,0.000668021,20,0.0005,1609633.146,468592,184.4,1180.1317,100,0.0,35,100,0,0,100,0.0,300,100,3.4,24.3,0.0,3,359.4771317,200,0,4.0,22.7,0.0,4,239.5972998,1000,600,1.7,25.9,0.0,36,-112.5685396,1400,700,1.9,27.1,0.0
125.527185,1,MANUAL,ARMED,2,AVAILABLE,UNAVAILABLE,UNAVAILABLE,108,4,PROGRAM_STOPPED,710,D_P1-A5.NC,D_P1-A5.NC,6,0.000668021,20,0.0005,1609633.146,468592,184.4,1180.1317,100,0.0,35,100,0,0,100,0.0,300,100,3.4,24.3,0.0,3,359.4771317,200,0,4.0,22.7,0.0,4,239.5973112,1000,600,1.7,25.9,0.0,36,-112.5685396,1400,700,1.9,27.1,0.0
125.671265,1,MANUAL,ARMED,2,AVAILABLE,UNAVAILABLE,UNAVAILABLE,108,4,PROGRAM_STOPPED,710,D_P1-A5.NC,D_P1-A5.NC,6,0.000668021,20,0.0005,1609633.146,468592,184.4,1164.9147,100,0.0,35,100,0,0,100,0.0,300,100,3.6,24.3,0.0,3,359.4771317,200,0,4.4,22.7,0.0,4,239.5972998,1000,600,1.7,25.9,0.0,36,-112.5685396,1300,700,1.9,27.1,0.0
125.831321,1,MANUAL,ARMED,2,AVAILABLE,UNAVAILABLE,UNAVAILABLE,108,4,PROGRAM_STOPPED,710,D_P1-A5.NC,D_P1-A5.NC,6,0.000668021,20,0.0005,1609633.146,468592,184.4,1164.9147,100,0.0,35,100,0,0,100,0.0,300,100,3.6,24.3,0.0,3,359.4771317,200,0,4.4,22.7,0.0,4,239.5972998,1000,600,1.7,25.9,0.0,36,-112.5685396,1300,700,1.9,27.1,0.0
125.981144,1,MANUAL,ARMED,2,AVAILABLE,UNAVAILABLE,UNAVAILABLE,108,4,PROGRAM_STOPPED,710,D_P1-A5.NC,D_P1-A5.NC,6,0.000668021,20,0.0005,1609633.146,468592,184.4,1164.9147,100,0.0,35,100,0,0,100,0.0,300,100,3.6,24.3,0.0,3,359.4771317,200,0,4.4,22.7,0.0,4,239.5972998,1000,600,1.7,25.9,0.0,36,-112.5685396,1300,700,1.9,27.1,0.0
126.126113,1,MANUAL,ARMED,2,AVAILABLE,UNAVAILABLE,UNAVAILABLE,108,4,PROGRAM_STOPPED,710,D_P1-A5.NC,D_P1-A5.NC,6,0.000668021,20,0.0005,1609633.146,468592,184.4,1164.9147,100,0.0,35,100,0,0,100,0.0,300,100,3.6,24.3,0.0,3,359.4771203,200,0,4.4,22.7,0.0,4,239.5972998,1000,600,1.7,25.9,0.0,36,-112.5685396,1300,700,1.9,27.1,0.0
126.293719,1,MANUAL,ARMED,2,AVAILABLE,UNAVAILABLE,UNAVAILABLE,108,4,PROGRAM_STOPPED,710,D_P1-A5.NC,D_P1-A5.NC,6,0.000668021,20,0.0005,1609633.146,468592,184.4,1164.9147,100,0.0,35,100,0,0,100,0.0,300,100,3.6,24.3,0.0,3,359.4771317,200,0,4.4,22.7,0.0,4,239.5972998,1000,600,1.7,25.9,0.0,36,-112.5685396,1300,700,1.9,27.1,0.0
126.441652,1,MANUAL,ARMED,2,AVAILABLE,UNAVAILABLE,UNAVAILABLE,108,4,PROGRAM_STOPPED,710,D_P1-A5.NC,D_P1-A5.NC,6,0.000668021,20,0.0005,1609633.146,468592,184.4,1164.9147,100,0.0,35,100,0,0,100,0.0,300,100,3.6,24.3,0.0,3,359.4771317,200,0,4.4,22.7,0.0,4,239.5972998,1000,600,1.7,25.9,0.0,36,-112.5685396,1300,700,1.9,27.1,0.0
126.585439,1,MANUAL,ARMED,2,AVAILABLE,UNAVAILABLE,UNAVAILABLE,108,4,PROGRAM_STOPPED,710,D_P1-A5.NC,D_P1-A5.NC,6,0.000668021,20,0.0005,1609633.146,468592,184.4,1164.9147,100,0.0,35,100,0,0,100,0.0,300,100,3.6,24.3,0.0,3,359.4771317,200,0,4.4,22.7,0.0,4,239.5972998,1000,600,1.7,25.9,0.0,36,-112.5685396,1300,700,1.9,27.1,0.0
126.728438,1,MANUAL,ARMED,2,AVAILABLE,UNAVAILABLE,UNAVAILABLE,108,4,PROGRAM_STOPPED,710,D_P1-A5.NC,D_P1-A5.NC,6,0.000668021,20,0.0005,1609633.146,468592,184.4,1164.9147,100,0.0,35,100,0,0,100,0.0,300,100,3.6,24.3,0.0,3,359.4771317,200,0,4.4,22.7,0.0,4,239.5973112,1000,600,1.7,25.9,0.0,36,-112.5685396,1300,700,1.9,27.1,0.0
126.872044,1,MANUAL,ARMED,2,AVAILABLE,UNAVAILABLE,UNAVAILABLE,108,4,PROGRAM_STOPPED,710,D_P1-A5.NC,D_P1-A5.NC,6,0.000668021,20,0.0005,1609633.146,468592,184.4,1164.9147,100,0.0,35,100,0,0,100,0.0,300,100,3.6,24.3,0.0,3,359.4771317,200,0,4.4,22.7,0.0,4,239.5972998,1000,600,1.7,25.9,0.0,36,-112.5685511,1300,700,1.9,27.1,0.0
127.014505,1,MANUAL,ARMED,2,AVAILABLE,UNAVAILABLE,UNAVAILABLE,108,4,PROGRAM_STOPPED,710,D_P1-A5.NC,D_P1-A5.NC,6,0.000668021,20,0.0005,1609633.146,468592,184.4,1164.9147,100,0.0,35,100,0,0,100,0.0,300,100,3.6,24.3,0.0,3,359.4771203,200,0,4.4,22.7,0.0,4,239.5973112,1000,600,1.7,25.9,0.0,36,-112.5685396,1300,700,1.9,27.1,0.0
